# Blender 3.6.0
# www.blender.org
mtllib Com3d_BbAI_sarama_N000out.mtl
o Com3d_BbAI_sarama_N000out
v 3.710970 3.368620 -4.088052
v 3.710970 3.711193 -4.088052
v 3.710970 3.368620 -4.430624
v 3.825161 3.711193 -5.115767
v 3.825161 3.368619 -5.115767
v -3.711416 3.711193 -5.115767
v -3.597226 3.711193 -4.088052
v -3.711416 3.368619 -5.115767
v -3.597226 3.368620 -4.088052
v -3.597226 3.368620 -4.430624
v -2.912082 3.711193 -5.686720
v -3.711416 3.711193 -5.115767
v -2.912082 3.368619 -5.686720
v -3.711416 3.368619 -5.115767
v -2.912082 3.368619 -5.001576
v -2.569510 1.541571 -4.430624
v -3.597226 3.368620 -4.430624
v -3.939797 1.541571 -3.288718
v -4.396559 3.368620 -3.745480
v -2.112748 3.368619 -5.344150
v -0.970843 3.368619 -5.686720
v -2.912082 3.368619 -5.001576
v -0.856652 1.541571 -5.001576
v -2.569510 1.541571 -4.430624
v 2.911637 3.368619 -5.001576
v 2.569065 1.541571 -4.430624
v 2.112303 3.368619 -5.344150
v 0.856206 1.541571 -5.001576
v 0.970397 3.368619 -5.686720
v 3.710970 3.368620 -4.430624
v 4.396113 3.368620 -3.745480
v 2.911637 3.368619 -5.001576
v 3.939351 1.541571 -3.288718
v 2.569065 1.541571 -4.430624
v -3.711416 3.368620 4.133667
v -3.711416 3.711193 4.133667
v -3.711416 3.368620 4.362050
v -3.825607 3.711194 5.047193
v -3.825607 3.368620 5.047193
v 3.710970 3.711194 5.047193
v 3.596780 3.711193 4.133667
v 3.710970 3.368620 5.047193
v 3.596780 3.368620 4.133667
v 3.596780 3.368620 4.476240
v 2.911637 3.711194 5.618145
v 3.710970 3.711194 5.047193
v 2.911637 3.368620 5.618145
v 3.710970 3.368620 5.047193
v 2.911637 3.368620 5.047193
v 2.569065 1.541571 4.362050
v 3.596780 3.368620 4.476240
v 3.939351 1.541571 3.220144
v 4.396113 3.368620 3.676906
v 2.112303 3.368620 5.275574
v 0.970397 3.368620 5.732337
v 2.911637 3.368620 5.047193
v 0.856206 1.541571 5.047193
v 2.569065 1.541571 4.362050
v -2.912082 3.368620 5.047193
v -2.569510 1.541571 4.362050
v -2.112748 3.368620 5.275574
v -0.856652 1.541571 5.047193
v -0.970843 3.368620 5.732337
v -3.711416 3.368620 4.362050
v -4.396559 3.368620 3.676906
v -2.912082 3.368620 5.047193
v -3.939797 1.541571 3.220144
v -2.569510 1.541571 4.362050
v -6.566180 7.707862 3.562716
v -7.022943 7.707862 2.535000
v -6.451990 7.707862 3.676906
v -7.251324 7.593671 2.420810
v -6.794561 7.593671 3.676906
v -6.566180 7.707861 -3.631290
v -6.451990 7.707861 -3.745481
v -7.022943 7.707862 -2.603575
v -6.680371 7.593670 -3.745481
v -7.251324 7.593671 -2.489384
v -3.597226 6.223385 2.991763
v -3.597226 6.223385 2.877572
v -5.081703 7.707862 2.877572
v -5.081703 7.593671 2.649190
v -5.081703 7.707862 2.763381
v -5.081703 7.707862 -2.717766
v -5.538465 7.707862 -2.032623
v -4.967512 7.707862 -2.946146
v -5.424275 7.593671 -1.918432
v -4.967512 7.593671 -2.717766
v 6.565734 7.707861 -3.631290
v 7.022497 7.707862 -2.489384
v 6.451544 7.707861 -3.745481
v 7.250878 7.593671 -2.375195
v 6.794116 7.593670 -3.745481
v 6.565734 7.707862 3.562716
v 6.451544 7.707862 3.791096
v 7.022497 7.707862 2.535000
v 6.679925 7.593671 3.791096
v 7.250878 7.593671 2.420810
v 3.596780 6.223385 -2.946146
v 3.596780 6.223385 -2.831956
v 5.081257 7.707862 -2.831956
v 5.081257 7.593671 -2.717766
v 5.081257 7.707862 -2.831956
v 5.081257 7.707862 2.763381
v 5.538020 7.707862 2.078238
v 4.967066 7.707862 2.877572
v 5.423829 7.593671 1.964047
v 4.967066 7.593671 2.763381
v -13.417614 2.683477 -2.717765
v -13.417614 2.226715 -2.717765
v -13.645995 2.683477 -1.233288
v -13.189233 0.856428 -3.174528
v -13.645995 0.856428 -1.233288
v -13.645995 2.455096 -0.205573
v -13.645995 3.026049 -0.205573
v -13.760185 0.856428 0.479570
v -13.645995 2.683477 -1.233288
v -9.649325 3.026050 9.614815
v -10.562849 3.254431 8.472910
v -9.649325 0.856429 9.614815
v -10.562849 2.683478 8.472910
v -10.791230 0.856429 7.787766
v -8.621610 2.797669 10.414149
v -8.621610 3.482812 10.414149
v -8.050657 0.856429 10.756721
v -9.649325 3.026050 9.614815
v -9.649325 0.856429 9.614815
v 1.084587 3.825384 13.611485
v -0.057318 4.053765 13.497294
v 1.084587 0.970620 13.611485
v -0.057318 3.368621 13.497294
v -0.856652 0.856429 13.497294
v 2.569065 3.597002 13.383104
v 2.569065 4.396337 13.383104
v 3.140018 0.856429 13.154723
v 1.084587 3.825384 13.611485
v 1.084587 0.970620 13.611485
v -8.164848 0.856429 10.870911
v -8.964182 2.569287 11.099292
v -8.050657 0.856429 10.756721
v -8.964182 2.797669 10.756721
v -8.621610 2.797669 10.414149
v 3.254208 0.856429 13.497294
v 2.797446 3.368621 14.182438
v 3.140018 0.856429 13.154723
v 2.683255 3.597002 14.068247
v 2.569065 3.597002 13.383104
v -10.677040 4.738908 7.901957
v -10.562849 4.853098 7.673575
v -10.562849 3.254431 8.472910
v -10.677040 5.424051 7.559384
v -11.019612 4.967289 8.016148
v -13.760185 0.742238 0.479570
v -14.559520 2.226715 -0.091382
v -13.760185 0.856428 0.479570
v -14.331139 2.455096 -0.319764
v -13.645995 2.455096 -0.205573
v -13.303424 4.167955 -3.060337
v -13.075043 4.282146 -3.060337
v -13.417614 2.683477 -2.717765
v -13.303424 4.738907 -3.402910
v -13.874376 4.396336 -3.402909
v -0.742462 6.109195 13.497294
v -0.856652 6.223386 13.268913
v -0.057318 4.053765 13.497294
v -0.856652 7.022719 13.040531
v -0.628271 6.565958 13.611484
v 12.046882 4.167955 9.158052
v 12.161072 4.053764 9.272243
v 7.479259 0.513858 6.874242
v 10.904975 0.856429 9.500625
v 10.448213 0.513858 9.272243
v -8.735801 4.053763 -9.797580
v -6.908752 4.053763 -7.513770
v -9.078372 3.711192 -10.140151
v -6.908752 0.513856 -7.513769
v -8.735801 0.513856 -9.797580
v -9.078372 0.970618 -10.140151
v -9.078372 2.112523 -10.254342
v -9.078372 2.569285 -10.254342
v 10.904975 8.050434 9.500624
v 12.161072 5.309861 9.272243
v 10.334023 8.393006 9.272242
v 12.046882 5.081481 9.158052
v 7.479259 8.393006 6.874241
v -13.189233 0.856428 -3.174528
v -13.417614 2.226715 -2.717765
v -13.874376 0.856428 -3.402909
v -14.331139 2.226715 -3.060337
v -14.445329 2.112524 -3.174528
v -10.791230 0.856429 7.787766
v -10.562849 2.683478 8.472910
v -11.019612 0.856429 8.016148
v -11.019612 2.683478 8.929671
v -11.247993 2.340906 8.929671
v -0.856652 0.856429 13.497294
v -0.057318 3.368621 13.497294
v -0.742462 0.856429 13.611485
v -0.057318 3.368621 14.068247
v -0.171509 3.140240 14.410819
v -14.559520 3.368620 -0.091382
v -13.760185 4.738908 0.479570
v -14.331139 3.026049 -0.319764
v -13.189233 4.967289 0.822142
v -13.531804 4.510527 0.479570
v -8.964182 3.711194 11.099292
v -8.164848 5.424052 10.870911
v -8.964182 3.482812 10.756721
v -7.708086 5.766624 10.528339
v -7.822276 5.309861 10.528339
v 2.683255 4.624718 14.182438
v 3.254208 7.365291 13.611484
v 2.683255 4.396337 14.068247
v 3.140018 7.707863 13.040531
v 3.140018 7.022719 12.926341
v 13.188787 2.683477 2.763381
v 13.188787 2.226715 2.763381
v 13.417169 2.683477 1.278904
v 13.074596 0.856428 3.220144
v 13.417169 0.856428 1.278904
v 13.645549 2.455096 0.251189
v 13.645549 3.026049 0.251189
v 13.759740 0.856428 -0.548145
v 13.417169 2.683477 1.278904
v 9.648879 3.026048 -9.569199
v 10.562404 3.254429 -8.541484
v 9.648879 0.856427 -9.569199
v 10.562404 2.683476 -8.541484
v 10.790785 0.856427 -7.856340
v 8.621164 2.797667 -10.368532
v 8.621164 3.482810 -10.368532
v 8.050212 0.856427 -10.711105
v 9.648879 3.026048 -9.569199
v 9.648879 0.856427 -9.569199
v -1.085033 3.825382 -13.565868
v 0.056872 4.053763 -13.565868
v -1.085033 0.970618 -13.565868
v 0.056872 3.368619 -13.565868
v 0.856206 0.856427 -13.451678
v -2.569510 3.597000 -13.337487
v -2.569510 4.396335 -13.337487
v -3.140463 0.856427 -13.223297
v -1.085033 3.825382 -13.565868
v -1.085033 0.970618 -13.565868
v 8.164402 0.856427 -10.825295
v 8.963736 2.569285 -11.053677
v 8.050212 0.856427 -10.711105
v 8.963736 2.797667 -10.825295
v 8.621164 2.797667 -10.368532
v -3.254654 0.856427 -13.451678
v -2.797892 3.368619 -14.251012
v -3.140463 0.856427 -13.223297
v -2.683701 3.597000 -14.022631
v -2.569510 3.597000 -13.337487
v 10.676594 4.738907 -7.856340
v 10.562404 4.853097 -7.742150
v 10.562404 3.254429 -8.541484
v 10.676594 5.424050 -7.513770
v 11.019167 4.967288 -8.084722
v 13.759740 0.742238 -0.548145
v 14.559073 2.226715 0.136999
v 13.759740 0.856428 -0.548145
v 14.330692 2.455096 0.251189
v 13.645549 2.455096 0.251189
v 13.074596 4.167955 3.105953
v 12.846215 4.282146 3.105953
v 13.188787 2.683477 2.763381
v 13.074596 4.738908 3.448524
v 13.645549 4.396337 3.448525
v 0.742016 6.109193 -13.451678
v 0.856206 6.223384 -13.223297
v 0.056872 4.053763 -13.565868
v 0.856206 7.022717 -13.109108
v 0.627825 6.565956 -13.565869
v -12.047327 4.167954 -9.112436
v -12.161518 4.053763 -9.226627
v -7.479705 0.513856 -6.828626
v -10.905422 0.856427 -9.455009
v -10.448659 0.513856 -9.226627
v 8.735354 4.053765 9.843196
v 6.908306 4.053764 7.445195
v 9.077927 3.711194 10.185768
v 6.908306 0.513858 7.559385
v 8.735354 0.513858 9.843196
v 9.077927 0.970620 10.185768
v 9.077927 2.112525 10.185768
v 9.077927 2.569287 10.185768
v -10.905422 8.050432 -9.569200
v -12.161518 5.309860 -9.226627
v -10.334468 8.393004 -9.340818
v -12.047327 5.081480 -9.112436
v -7.479705 8.393004 -6.828627
v 13.074596 0.856428 3.220144
v 13.188787 2.226715 2.763381
v 13.645549 0.856428 3.334334
v 14.102311 2.226715 3.105953
v 14.216502 2.112524 3.220144
v 10.790785 0.856427 -7.856340
v 10.562404 2.683476 -8.541484
v 11.019167 0.856427 -7.970531
v 11.019167 2.683476 -8.884055
v 11.247548 2.340904 -8.998246
v 0.856206 0.856427 -13.451678
v 0.056872 3.368619 -13.565868
v 0.742016 0.856427 -13.565868
v 0.056872 3.368619 -14.022631
v 0.171063 3.140238 -14.365203
v 14.559073 3.368620 0.136999
v 13.759740 4.738908 -0.433954
v 14.330692 3.026049 0.251189
v 13.188787 4.967289 -0.776526
v 13.302978 4.510527 -0.548145
v 8.963736 3.711192 -11.053677
v 8.164402 5.424050 -10.825295
v 8.963736 3.482810 -10.825295
v 7.707640 5.766622 -10.482723
v 7.821830 5.309859 -10.596913
v -2.683701 4.624716 -14.251012
v -3.254654 7.365289 -13.565869
v -2.683701 4.396335 -14.022631
v -3.140463 7.707861 -12.994917
v -3.140463 7.022717 -12.994917
v 1.541350 3.711193 -1.461669
v 1.541350 3.368620 -1.461669
v 0.056872 3.711193 -2.603575
v 0.056872 3.368620 -2.603575
v 0.056872 3.711193 -2.603575
v 0.056872 3.368620 -2.603575
v 2.112303 3.711193 -5.229959
v 2.112303 3.368619 -5.344150
v 3.710970 3.711193 -4.088052
v 3.710970 3.368620 -4.088052
v 1.541350 3.711193 -1.461669
v 1.541350 3.368620 -1.461669
v 3.025827 3.368619 -5.686720
v 3.025827 3.711193 -5.686720
v 2.112303 3.368619 -5.344150
v 2.112303 3.711193 -5.229959
v 3.825161 3.368619 -5.115767
v 3.825161 3.711193 -5.115767
v 3.025827 3.368619 -5.686720
v 3.025827 3.711193 -5.686720
v 3.825161 3.711193 -5.115767
v 7.821830 3.711193 -6.600245
v 3.025827 3.711193 -5.686720
v 5.081257 3.711192 -8.884055
v -2.569510 1.541571 0.022808
v -2.341129 1.541571 -0.890716
v -1.884367 -0.057096 0.022808
v -1.770177 -0.057096 -0.662335
v 3.025827 3.711193 -5.686720
v 5.081257 3.711192 -8.884055
v 2.112303 3.711193 -5.229959
v 1.769731 3.711192 -10.025961
v -5.081703 1.541571 0.022808
v -4.739131 1.541571 -1.690050
v -2.569510 1.541571 0.022808
v -2.341129 1.541571 -0.890716
v -2.341129 1.541571 -0.890716
v -1.998558 1.541571 -1.690050
v -1.770177 -0.057096 -0.662335
v -1.427605 -0.057096 -1.233288
v -10.220278 3.368620 0.022808
v -9.649325 3.368620 -3.517099
v -5.766846 3.368620 0.022808
v -5.424275 3.368620 -2.032622
v -1.541795 3.711193 -1.461669
v -1.541795 3.368620 -1.461669
v -3.597226 3.711193 -4.088052
v -3.597226 3.368620 -4.088052
v 0.056872 3.711193 -2.603575
v 0.056872 3.368620 -2.603575
v -1.541795 3.711193 -1.461669
v -1.541795 3.368620 -1.461669
v -5.766846 3.368620 0.022808
v -5.424275 3.368620 -2.032622
v -5.081703 1.541571 0.022808
v -4.739131 1.541571 -1.690050
v -4.739131 1.541571 -1.690050
v -3.939797 1.541571 -3.288718
v -2.341129 1.541571 -0.890716
v -1.998558 1.541571 -1.690050
v -1.998558 1.541571 -1.690050
v -1.313414 1.541571 -2.146812
v -1.427605 -0.057096 -1.233288
v -0.970843 -0.057096 -1.690050
v -9.649325 3.368620 -3.517099
v -7.822276 3.368619 -6.600245
v -5.424275 3.368620 -2.032622
v -4.396559 3.368620 -3.745480
v 0.056872 3.711193 -2.603575
v -1.998558 3.711193 -5.229959
v 0.056872 3.368620 -2.603575
v -2.112748 3.368619 -5.344150
v -5.424275 3.368620 -2.032622
v -4.396559 3.368620 -3.745480
v -4.739131 1.541571 -1.690050
v -3.939797 1.541571 -3.288718
v -3.939797 1.541571 -3.288718
v -2.569510 1.541571 -4.430624
v -1.998558 1.541571 -1.690050
v -1.313414 1.541571 -2.146812
v -1.313414 1.541571 -2.146812
v -0.399890 1.541571 -2.489384
v -0.970843 -0.057096 -1.690050
v -0.285699 -0.057096 -1.918431
v 2.340683 1.541571 -0.890716
v 2.569065 1.541571 0.022808
v 1.769731 -0.057096 -0.662335
v 1.883921 -0.057096 0.022808
v -3.597226 3.368620 -4.430624
v -7.822276 3.368619 -6.600245
v -3.711416 3.368619 -5.115767
v -2.112748 3.368619 -5.344150
v -1.998558 3.711193 -5.229959
v -2.912082 3.368619 -5.686720
v -2.912082 3.711193 -5.686720
v -2.569510 1.541571 -4.430624
v -0.856652 1.541571 -5.001576
v -1.313414 1.541571 -2.146812
v -0.399890 1.541571 -2.489384
v -0.399890 1.541571 -2.489384
v 0.399444 1.541571 -2.489384
v -0.285699 -0.057096 -1.918431
v 0.285253 -0.057096 -1.918431
v 1.998112 1.541571 -1.690050
v 2.340683 1.541571 -0.890716
v 1.427159 -0.057096 -1.233288
v 1.769731 -0.057096 -0.662335
v 4.738685 1.541571 -1.690050
v 5.081257 1.541571 0.022808
v 2.340683 1.541571 -0.890716
v 2.569065 1.541571 0.022808
v -0.856652 1.541571 -5.001576
v 0.856206 1.541571 -5.001576
v -0.399890 1.541571 -2.489384
v 0.399444 1.541571 -2.489384
v 0.399444 1.541571 -2.489384
v 1.312968 1.541571 -2.146812
v 0.285253 -0.057096 -1.918431
v 0.970397 -0.057096 -1.690050
v 1.312968 1.541571 -2.146812
v 1.998112 1.541571 -1.690050
v 0.970397 -0.057096 -1.690050
v 1.427159 -0.057096 -1.233288
v 3.939351 1.541571 -3.288718
v 4.738685 1.541571 -1.690050
v 1.998112 1.541571 -1.690050
v 2.340683 1.541571 -0.890716
v 5.423829 3.368620 -2.032622
v 5.766401 3.368620 0.022808
v 4.738685 1.541571 -1.690050
v 5.081257 1.541571 0.022808
v 9.648879 3.368620 -3.517099
v 10.219832 3.368620 0.022808
v 5.423829 3.368620 -2.032622
v 5.766401 3.368620 0.022808
v -1.770177 3.368619 -10.025961
v 1.769731 3.368619 -10.025961
v -0.970843 3.368619 -5.686720
v 0.970397 3.368619 -5.686720
v -0.970843 3.368619 -5.686720
v 0.970397 3.368619 -5.686720
v -0.856652 1.541571 -5.001576
v 0.856206 1.541571 -5.001576
v 0.856206 1.541571 -5.001576
v 2.569065 1.541571 -4.430624
v 0.399444 1.541571 -2.489384
v 1.312968 1.541571 -2.146812
v 2.569065 1.541571 -4.430624
v 3.939351 1.541571 -3.288718
v 1.312968 1.541571 -2.146812
v 1.998112 1.541571 -1.690050
v 4.396113 3.368620 -3.745480
v 5.423829 3.368620 -2.032622
v 3.939351 1.541571 -3.288718
v 4.738685 1.541571 -1.690050
v 7.821830 3.368619 -6.600245
v 9.648879 3.368620 -3.517099
v 4.396113 3.368620 -3.745480
v 5.423829 3.368620 -2.032622
v -7.822276 3.711193 -6.486054
v -3.711416 3.711193 -5.115767
v -5.081703 3.711192 -8.884055
v -2.912082 3.711193 -5.686720
v -3.597226 3.711193 -4.088052
v -0.057318 3.711193 0.022808
v -1.541795 3.711193 -1.461669
v -2.912082 3.711193 -5.686720
v -1.998558 3.711193 -5.229959
v -5.081703 3.711192 -8.884055
v -1.770177 3.711192 -10.025961
v 3.710970 3.711193 -4.088052
v 1.541350 3.711193 -1.461669
v -2.912082 3.368619 -5.686720
v -5.081703 3.368619 -8.884055
v 7.821830 3.368619 -6.600245
v 3.825161 3.368619 -5.115767
v 5.081257 3.368619 -8.884055
v 3.025827 3.368619 -5.686720
v 3.025827 3.368619 -5.686720
v 2.112303 3.368619 -5.344150
v 5.081257 3.368619 -8.884055
v 1.769731 3.368619 -10.025961
v -2.112748 3.368619 -5.344150
v -2.912082 3.368619 -5.686720
v -1.770177 3.368619 -10.025961
v -5.081703 3.368619 -8.884055
v -1.541795 3.711193 1.507285
v -1.541795 3.368620 1.507285
v -0.057318 3.711193 2.649191
v -0.057318 3.368620 2.649191
v -0.057318 3.711193 2.649191
v -0.057318 3.368620 2.649191
v -2.112748 3.711194 5.275574
v -2.112748 3.368620 5.275574
v -3.711416 3.711193 4.133667
v -3.711416 3.368620 4.133667
v -1.541795 3.711193 1.507285
v -1.541795 3.368620 1.507285
v -3.026273 3.368620 5.618145
v -3.026273 3.711194 5.618145
v -2.112748 3.368620 5.275574
v -2.112748 3.711194 5.275574
v -3.825607 3.368620 5.047193
v -3.825607 3.711194 5.047193
v -3.026273 3.368620 5.618145
v -3.026273 3.711194 5.618145
v -3.825607 3.711194 5.047193
v -7.822276 3.711194 6.531670
v -3.026273 3.711194 5.618145
v -5.081703 3.711194 8.815481
v 2.569065 1.541571 0.022808
v 2.340683 1.541571 0.822142
v 1.883921 -0.057096 0.022808
v 1.769731 -0.057096 0.593761
v -3.026273 3.711194 5.618145
v -5.081703 3.711194 8.815481
v -2.112748 3.711194 5.275574
v -1.770177 3.711194 10.071577
v 5.081257 1.541571 0.022808
v 4.738685 1.541571 1.735667
v 2.569065 1.541571 0.022808
v 2.340683 1.541571 0.822142
v 2.340683 1.541571 0.822142
v 1.998112 1.541571 1.621476
v 1.769731 -0.057096 0.593761
v 1.427159 -0.057096 1.164714
v 10.219832 3.368620 0.022808
v 9.648879 3.368620 3.448525
v 5.766401 3.368620 0.022808
v 5.423829 3.368620 1.964048
v 1.541350 3.711193 1.507285
v 1.541350 3.368620 1.507285
v 3.596780 3.711193 4.133667
v 3.596780 3.368620 4.133667
v -0.057318 3.711193 2.649191
v -0.057318 3.368620 2.649191
v 1.541350 3.711193 1.507285
v 1.541350 3.368620 1.507285
v 5.766401 3.368620 0.022808
v 5.423829 3.368620 1.964048
v 5.081257 1.541571 0.022808
v 4.738685 1.541571 1.735667
v 4.738685 1.541571 1.735667
v 3.939351 1.541571 3.220144
v 2.340683 1.541571 0.822142
v 1.998112 1.541571 1.621476
v 1.998112 1.541571 1.621476
v 1.312968 1.541571 2.192429
v 1.427159 -0.057096 1.164714
v 0.970397 -0.057096 1.621476
v 9.648879 3.368620 3.448525
v 7.821830 3.368620 6.531670
v 5.423829 3.368620 1.964048
v 4.396113 3.368620 3.676906
v -0.057318 3.711193 2.649191
v 1.998112 3.711194 5.275574
v -0.057318 3.368620 2.649191
v 2.112303 3.368620 5.275574
v 5.423829 3.368620 1.964048
v 4.396113 3.368620 3.676906
v 4.738685 1.541571 1.735667
v 3.939351 1.541571 3.220144
v 3.939351 1.541571 3.220144
v 2.569065 1.541571 4.362050
v 1.998112 1.541571 1.621476
v 1.312968 1.541571 2.192429
v 1.312968 1.541571 2.192429
v 0.399444 1.541571 2.535000
v 0.970397 -0.057096 1.621476
v 0.285253 -0.057096 1.849857
v -2.341129 1.541571 0.822142
v -2.569510 1.541571 0.022808
v -1.770177 -0.057096 0.593761
v -1.884367 -0.057096 0.022808
v 3.596780 3.368620 4.476240
v 7.821830 3.368620 6.531670
v 3.710970 3.368620 5.047193
v 2.112303 3.368620 5.275574
v 1.998112 3.711194 5.275574
v 2.911637 3.368620 5.618145
v 2.911637 3.711194 5.618145
v 2.569065 1.541571 4.362050
v 0.856206 1.541571 5.047193
v 1.312968 1.541571 2.192429
v 0.399444 1.541571 2.535000
v 0.399444 1.541571 2.535000
v -0.399890 1.541571 2.535000
v 0.285253 -0.057096 1.849857
v -0.285699 -0.057096 1.849857
v -1.998558 1.541571 1.621476
v -2.341129 1.541571 0.822142
v -1.427605 -0.057096 1.164714
v -1.770177 -0.057096 0.593761
v -4.739131 1.541571 1.735667
v -5.081703 1.541571 0.022808
v -2.341129 1.541571 0.822142
v -2.569510 1.541571 0.022808
v 0.856206 1.541571 5.047193
v -0.856652 1.541571 5.047193
v 0.399444 1.541571 2.535000
v -0.399890 1.541571 2.535000
v -0.399890 1.541571 2.535000
v -1.313414 1.541571 2.192429
v -0.285699 -0.057096 1.849857
v -0.970843 -0.057096 1.621476
v -1.313414 1.541571 2.192429
v -1.998558 1.541571 1.621476
v -0.970843 -0.057096 1.621476
v -1.427605 -0.057096 1.164714
v -3.939797 1.541571 3.220144
v -4.739131 1.541571 1.735667
v -1.998558 1.541571 1.621476
v -2.341129 1.541571 0.822142
v -5.424275 3.368620 1.964048
v -5.766846 3.368620 0.022808
v -4.739131 1.541571 1.735667
v -5.081703 1.541571 0.022808
v -9.649325 3.368620 3.448525
v -10.220278 3.368620 0.022808
v -5.424275 3.368620 1.964048
v -5.766846 3.368620 0.022808
v 1.769731 3.368621 10.071577
v -1.770177 3.368621 10.071577
v 0.970397 3.368620 5.732337
v -0.970843 3.368620 5.732337
v 0.970397 3.368620 5.732337
v -0.970843 3.368620 5.732337
v 0.856206 1.541571 5.047193
v -0.856652 1.541571 5.047193
v -0.856652 1.541571 5.047193
v -2.569510 1.541571 4.362050
v -0.399890 1.541571 2.535000
v -1.313414 1.541571 2.192429
v -2.569510 1.541571 4.362050
v -3.939797 1.541571 3.220144
v -1.313414 1.541571 2.192429
v -1.998558 1.541571 1.621476
v -4.396559 3.368620 3.676906
v -5.424275 3.368620 1.964048
v -3.939797 1.541571 3.220144
v -4.739131 1.541571 1.735667
v -7.822276 3.368620 6.531670
v -9.649325 3.368620 3.448525
v -4.396559 3.368620 3.676906
v -5.424275 3.368620 1.964048
v 7.821830 3.711194 6.531670
v 3.710970 3.711194 5.047193
v 5.081257 3.711194 8.815481
v 2.911637 3.711194 5.618145
v 3.596780 3.711193 4.133667
v 1.541350 3.711193 1.507285
v 2.911637 3.711194 5.618145
v 1.998112 3.711194 5.275574
v 5.081257 3.711194 8.815481
v 1.769731 3.711194 10.071577
v -3.711416 3.711193 4.133667
v -1.541795 3.711193 1.507285
v 2.911637 3.368620 5.618145
v 5.081257 3.368621 8.815481
v -7.822276 3.368620 6.531670
v -3.825607 3.368620 5.047193
v -5.081703 3.368621 8.815481
v -3.026273 3.368620 5.618145
v -3.026273 3.368620 5.618145
v -2.112748 3.368620 5.275574
v -5.081703 3.368621 8.815481
v -1.770177 3.368621 10.071577
v 2.112303 3.368620 5.275574
v 2.911637 3.368620 5.618145
v 1.769731 3.368621 10.071577
v 5.081257 3.368621 8.815481
v -1.655986 5.081481 4.476240
v -0.057318 5.081481 4.704620
v -1.655986 7.022718 4.476240
v -0.057318 7.022718 4.704620
v 1.655540 5.195671 4.362050
v 2.911637 5.195671 3.562716
v 1.655540 6.908528 4.362050
v 2.911637 6.908528 3.562716
v 4.053542 5.081480 2.420810
v 4.624495 5.081480 0.822142
v 4.053542 7.022718 2.420810
v 4.624495 7.022718 0.822141
v 4.624495 5.081480 -0.776526
v 4.167733 5.081480 -2.375195
v 4.624495 7.022718 -0.776527
v 4.167733 7.022718 -2.375195
v 3.025827 5.195670 -3.517099
v 1.769731 5.195670 -4.316433
v 3.025827 6.908527 -3.517099
v 1.769731 6.908527 -4.316433
v 0.056872 5.081480 -4.773195
v -1.541795 5.081480 -4.430624
v 0.056872 7.022717 -4.773195
v -1.541795 7.022717 -4.430624
v -2.912082 5.195670 -3.631290
v -3.939797 5.195670 -2.489384
v -2.912082 6.908527 -3.631290
v -3.939797 6.908528 -2.489384
v -4.624940 5.081480 -0.890716
v -4.624940 5.081480 0.822142
v -4.624940 7.022718 -0.890717
v -4.624940 7.022718 0.822141
v -3.939797 5.195670 2.420810
v -3.026273 5.195671 3.562716
v -3.939797 6.908528 2.420810
v -3.026273 6.908528 3.562716
v -1.770177 5.195671 4.247859
v -1.770177 6.908528 4.247859
v -3.026273 5.195671 3.562716
v -3.026273 6.908528 3.562716
v -0.057318 7.022718 4.704620
v 1.541350 7.022718 4.476240
v 1.541350 5.081481 4.476240
v 2.911637 6.908528 3.562716
v 2.911637 5.195671 3.562716
v 3.939351 6.908528 2.420810
v 3.939351 5.195670 2.420810
v 4.624495 7.022718 0.822141
v 4.624495 5.081480 -0.776526
v 3.939351 6.908528 -2.375195
v 3.939351 5.195670 -2.375195
v 3.025827 6.908527 -3.517099
v 3.025827 5.195670 -3.517099
v 1.655540 7.022717 -4.430624
v 1.655540 5.081480 -4.430624
v 0.056872 5.081480 -4.773195
v -1.655986 6.908527 -4.316433
v -1.655986 5.195670 -4.316433
v -2.912082 6.908527 -3.631290
v -2.912082 5.195670 -3.631290
v -4.053988 7.022718 -2.375195
v -4.053988 5.081480 -2.375195
v -4.624940 5.081480 -0.890716
v -4.624940 7.022718 0.822141
v -4.168178 7.022718 2.306618
v -4.168178 5.081480 2.306618
v 2.226493 8.393005 0.593760
v 1.998112 8.735577 0.593760
v 1.655540 8.393005 1.621475
v 1.427159 8.735577 1.507284
v 1.655540 8.393005 -1.690051
v 1.427159 8.735577 -1.461670
v 2.226493 8.393005 -0.548146
v 1.998112 8.735577 -0.548146
v 1.084587 8.621387 -2.489385
v 1.541350 8.621387 -2.146813
v 1.084587 8.393005 -2.603576
v 1.427159 8.393005 -2.603576
v -0.514080 8.735577 -2.032623
v 0.513635 8.735577 -2.032623
v -0.628271 8.393005 -2.261004
v 0.627825 8.393005 -2.261004
v -1.998558 8.735577 -0.548146
v -1.427605 8.735577 -1.461670
v -2.226939 8.393005 -0.548146
v -1.655986 8.393005 -1.690051
v -1.427605 8.735577 1.507284
v -1.998558 8.735577 0.593760
v -1.655986 8.393005 1.621475
v -2.226939 8.393005 0.593760
v -1.085033 8.393005 2.649190
v -1.085033 8.621387 2.420809
v -1.427605 8.393005 2.534999
v -1.541795 8.621387 2.192428
v 0.627825 8.393005 2.192428
v 0.513635 8.735577 1.964047
v -0.628271 8.393005 2.192428
v -0.514080 8.735577 1.964047
v 1.998112 8.735577 0.593760
v 1.655540 8.849768 0.479569
v 1.427159 8.735577 1.507284
v 1.198778 8.849768 1.164713
v -1.541795 8.849768 -0.433955
v -1.199224 8.849768 -1.119099
v -1.998558 8.735577 -0.548146
v -1.427605 8.735577 -1.461670
v 1.998112 8.735577 0.593760
v 1.998112 8.735577 -0.548146
v 1.655540 8.393005 0.479569
v 1.655540 8.393005 -0.433955
v 1.998112 8.735577 -0.548146
v 1.427159 8.735577 -1.461670
v 1.655540 8.393005 -0.433955
v 1.198778 8.393005 -1.233289
v 1.198778 8.393005 -1.233289
v 0.399444 8.393005 -1.690051
v 0.513635 8.735577 -2.032623
v 0.399444 8.393005 -1.690051
v 0.513635 8.735577 -2.032623
v -0.399890 8.393005 -1.690051
v -0.514080 8.735577 -2.032623
v -0.399890 8.393005 -1.690051
v -0.514080 8.735577 -2.032623
v -1.199224 8.393005 -1.233289
v -1.427605 8.735577 -1.461670
v -1.655986 8.393005 -0.433955
v -1.998558 8.735577 -0.548146
v -1.655986 8.393005 0.479569
v -1.998558 8.735577 0.593760
v -1.655986 8.393005 0.479569
v -1.998558 8.735577 0.593760
v -1.199224 8.393005 1.164713
v -1.427605 8.735577 1.507284
v -1.427605 8.735577 1.507284
v -0.514080 8.735577 1.964047
v -0.399890 8.393005 1.621475
v -0.514080 8.735577 1.964047
v 0.513635 8.735577 1.964047
v -0.399890 8.393005 1.621475
v 0.399444 8.393005 1.621475
v 0.513635 8.735577 1.964047
v 1.427159 8.735577 1.507284
v 0.399444 8.393005 1.621475
v 1.198778 8.393005 1.164713
v 1.198778 8.849768 1.164713
v 0.970397 8.735577 1.050522
v 1.312968 8.735577 0.365379
v 1.312968 8.735577 0.365379
v 1.655540 8.849768 0.479569
v 1.655540 8.393005 0.479569
v 1.998112 8.735577 0.593760
v -1.427605 8.735577 -1.461670
v -1.199224 8.849768 -1.119099
v -1.199224 8.393005 -1.233289
v -0.970843 8.735577 -1.004908
v -0.970843 8.735577 -1.004908
v -1.313414 8.735577 -0.319765
v -1.541795 8.849768 -0.433955
v -1.313414 8.735577 -0.319765
v -1.541795 8.849768 -0.433955
v -1.655986 8.393005 -0.433955
v -1.998558 8.735577 -0.548146
v 1.427159 8.735577 1.507284
v 1.198778 8.849768 1.164713
v 1.198778 8.393005 1.164713
v 0.970397 8.735577 1.050522
v 1.655540 8.393005 -0.433955
v 1.312968 8.735577 -0.319765
v 1.655540 8.393005 0.479569
v 1.312968 8.735577 0.365379
v 1.198778 8.393005 -1.233289
v 0.970397 8.735577 -1.004908
v 0.399444 8.735577 -1.347480
v 0.399444 8.393005 -1.690051
v -0.399890 8.393005 -1.690051
v -0.399890 8.735577 -1.347480
v -1.313414 8.735577 0.365379
v -1.313414 8.735577 -0.319765
v -1.655986 8.393005 0.479569
v -1.655986 8.393005 -0.433955
v -1.199224 8.393005 1.164713
v -0.970843 8.735577 1.050522
v -0.399890 8.393005 1.621475
v -0.399890 8.735577 1.393094
v 0.399444 8.735577 1.393094
v 0.399444 8.393005 1.621475
v 0.970397 8.735577 1.050522
v 1.198778 8.393005 1.164713
v 0.742016 8.963958 0.251188
v 0.513635 8.963958 0.479569
v 0.742016 8.963958 -0.205574
v 0.513635 8.963958 -0.548146
v 0.171063 8.963958 -0.776527
v -0.171509 8.963958 -0.776527
v -0.514080 8.963958 -0.548146
v -0.970843 8.735577 -1.004908
v -0.742462 8.963958 -0.205574
v -0.742462 8.963958 0.251188
v -0.514080 8.963958 0.479569
v -0.171509 8.963958 0.707950
v 0.171063 8.963958 0.707950
v 1.769731 8.393005 -2.261004
v 1.541350 8.621387 -2.146813
v 1.655540 8.393005 -1.690051
v 1.427159 8.735577 -1.461670
v 1.427159 8.735577 -1.461670
v 1.541350 8.621387 -2.146813
v 0.513635 8.735577 -2.032623
v 1.084587 8.621387 -2.489385
v 0.513635 8.735577 -2.032623
v 1.084587 8.621387 -2.489385
v 0.627825 8.393005 -2.261004
v 1.084587 8.393005 -2.603576
v -1.770177 8.393005 2.306618
v -1.541795 8.621387 2.192428
v -1.655986 8.393005 1.621475
v -1.427605 8.735577 1.507284
v -1.541795 8.621387 2.192428
v -1.085033 8.621387 2.420809
v -1.427605 8.735577 1.507284
v -0.514080 8.735577 1.964047
v -0.514080 8.735577 1.964047
v -1.085033 8.621387 2.420809
v -0.628271 8.393005 2.192428
v -1.085033 8.393005 2.649190
v 1.541350 8.621387 2.192428
v 1.084587 8.621387 2.420809
v 1.769731 8.393005 2.306618
v 1.427159 8.393005 2.534999
v -1.770177 8.393005 -2.261004
v -1.541795 8.621387 -2.146813
v -1.427605 8.393005 -2.603576
v -1.085033 8.621387 -2.489385
v 1.084587 8.393005 2.649190
v 1.084587 8.621387 2.420809
v 0.627825 8.393005 2.192428
v 0.513635 8.735577 1.964047
v 0.513635 8.735577 1.964047
v 1.084587 8.621387 2.420809
v 1.427159 8.735577 1.507284
v 1.541350 8.621387 2.192428
v 1.427159 8.735577 1.507284
v 1.541350 8.621387 2.192428
v 1.655540 8.393005 1.621475
v 1.769731 8.393005 2.306618
v -1.085033 8.393005 -2.603576
v -1.085033 8.621387 -2.489385
v -0.628271 8.393005 -2.261004
v -0.514080 8.735577 -2.032623
v -1.085033 8.621387 -2.489385
v -1.541795 8.621387 -2.146813
v -0.514080 8.735577 -2.032623
v -1.427605 8.735577 -1.461670
v -1.427605 8.735577 -1.461670
v -1.541795 8.621387 -2.146813
v -1.655986 8.393005 -1.690051
v -1.770177 8.393005 -2.261004
v 2.683255 8.621387 -0.319765
v 2.683255 8.621387 0.251188
v 2.911637 8.393005 -0.319765
v 2.911637 8.393005 0.022807
v -2.912082 8.393005 0.365379
v -2.683701 8.621387 0.251188
v -2.912082 8.393005 0.022807
v -2.683701 8.621387 -0.319765
v 2.911637 8.393005 0.365379
v 2.683255 8.621387 0.251188
v 2.226493 8.393005 0.593760
v 1.998112 8.735577 0.593760
v 1.998112 8.735577 0.593760
v 2.683255 8.621387 0.251188
v 1.998112 8.735577 -0.548146
v 2.683255 8.621387 -0.319765
v 1.998112 8.735577 -0.548146
v 2.683255 8.621387 -0.319765
v 2.226493 8.393005 -0.548146
v 2.911637 8.393005 -0.319765
v -2.912082 8.393005 -0.319765
v -2.683701 8.621387 -0.319765
v -2.226939 8.393005 -0.548146
v -1.998558 8.735577 -0.548146
v -2.683701 8.621387 -0.319765
v -2.683701 8.621387 0.251188
v -1.998558 8.735577 -0.548146
v -1.998558 8.735577 0.593760
v -1.998558 8.735577 0.593760
v -2.683701 8.621387 0.251188
v -2.226939 8.393005 0.593760
v -2.912082 8.393005 0.365379
v 3.939351 6.908528 -2.375195
v 3.025827 6.908527 -3.517099
v 2.683255 6.908528 -1.690050
v 2.112303 6.908528 -2.375195
v 1.769731 6.908527 -4.316433
v 1.198778 6.908528 -2.946146
v -1.655986 6.908527 -4.316433
v -2.912082 6.908527 -3.631290
v -1.199224 6.908528 -2.946146
v -1.998558 6.908528 -2.489384
v -3.939797 6.908528 -2.489384
v -2.683701 6.908528 -1.804241
v -3.939797 6.908528 2.420810
v -3.026273 6.908528 3.562716
v -2.683701 6.908528 1.621476
v -2.112748 6.908528 2.420810
v -1.770177 6.908528 4.247859
v -1.199224 6.908528 2.877572
v 1.655540 6.908528 4.362050
v 2.911637 6.908528 3.562716
v 1.198778 6.908528 2.991763
v 1.998112 6.908528 2.535000
v 3.939351 6.908528 2.420810
v 2.683255 6.908528 1.735667
v 3.025827 5.081480 -3.631290
v 1.655540 5.081480 -4.430624
v 3.025827 5.195670 -3.517099
v 1.769731 5.195670 -4.316433
v 1.655540 5.081480 -4.430624
v 1.655540 7.022717 -4.430624
v 1.769731 5.195670 -4.316433
v 1.769731 6.908527 -4.316433
v 4.167733 7.022718 -2.375195
v 4.167733 5.081480 -2.375195
v 3.939351 6.908528 -2.375195
v 3.939351 5.195670 -2.375195
v 4.167733 5.081480 -2.375195
v 3.025827 5.081480 -3.631290
v 3.939351 5.195670 -2.375195
v 3.025827 5.195670 -3.517099
v 1.998112 7.022718 -2.375195
v 2.683255 7.022718 -1.575861
v 2.112303 6.908528 -2.375195
v 2.683255 6.908528 -1.690050
v 2.683255 7.022718 -1.575861
v 4.167733 7.022718 -2.375195
v 2.683255 6.908528 -1.690050
v 3.939351 6.908528 -2.375195
v 1.655540 7.022717 -4.430624
v 1.084587 7.022718 -2.946146
v 1.769731 6.908527 -4.316433
v 1.198778 6.908528 -2.946146
v 1.998112 7.022718 -2.375195
v 2.112303 6.908528 -2.375195
v -3.026273 5.081480 -3.631290
v -4.053988 5.081480 -2.375195
v -2.912082 5.195670 -3.631290
v -3.939797 5.195670 -2.489384
v -4.053988 5.081480 -2.375195
v -4.053988 7.022718 -2.375195
v -3.939797 5.195670 -2.489384
v -3.939797 6.908528 -2.489384
v -1.541795 7.022717 -4.430624
v -1.541795 5.081480 -4.430624
v -1.655986 6.908527 -4.316433
v -1.655986 5.195670 -4.316433
v -1.541795 5.081480 -4.430624
v -3.026273 5.081480 -3.631290
v -1.655986 5.195670 -4.316433
v -2.912082 5.195670 -3.631290
v -1.998558 7.022718 -2.375195
v -1.085033 7.022718 -2.946146
v -1.998558 6.908528 -2.489384
v -1.199224 6.908528 -2.946146
v -1.541795 7.022717 -4.430624
v -1.655986 6.908527 -4.316433
v -4.053988 7.022718 -2.375195
v -2.683701 7.022718 -1.575861
v -3.939797 6.908528 -2.489384
v -2.683701 6.908528 -1.804241
v -4.168178 5.081480 2.306618
v -3.026273 5.081481 3.562716
v -3.939797 5.195670 2.420810
v -3.026273 5.195671 3.562716
v -4.168178 7.022718 2.306618
v -4.168178 5.081480 2.306618
v -3.939797 6.908528 2.420810
v -3.939797 5.195670 2.420810
v -1.655986 5.081481 4.476240
v -1.655986 7.022718 4.476240
v -1.770177 5.195671 4.247859
v -1.770177 6.908528 4.247859
v -3.026273 5.081481 3.562716
v -1.655986 5.081481 4.476240
v -3.026273 5.195671 3.562716
v -1.770177 5.195671 4.247859
v -1.998558 7.022718 2.420810
v -2.683701 7.022718 1.507285
v -2.112748 6.908528 2.420810
v -2.683701 6.908528 1.621476
v -2.683701 7.022718 1.507285
v -4.168178 7.022718 2.306618
v -2.683701 6.908528 1.621476
v -3.939797 6.908528 2.420810
v -1.655986 7.022718 4.476240
v -1.085033 7.022718 2.991763
v -1.770177 6.908528 4.247859
v -1.199224 6.908528 2.877572
v -1.998558 7.022718 2.420810
v -2.112748 6.908528 2.420810
v 1.541350 5.081481 4.476240
v 3.025827 5.081481 3.676906
v 1.655540 5.195671 4.362050
v 2.911637 5.195671 3.562716
v 1.541350 7.022718 4.476240
v 1.541350 5.081481 4.476240
v 1.655540 6.908528 4.362050
v 1.655540 5.195671 4.362050
v 3.025827 5.081481 3.676906
v 4.053542 5.081480 2.420810
v 2.911637 5.195671 3.562716
v 3.939351 5.195670 2.420810
v 4.053542 5.081480 2.420810
v 4.053542 7.022718 2.420810
v 3.939351 5.195670 2.420810
v 3.939351 6.908528 2.420810
v 1.998112 7.022718 2.420810
v 1.084587 7.022718 2.991763
v 1.998112 6.908528 2.535000
v 1.198778 6.908528 2.991763
v 1.541350 7.022718 4.476240
v 1.655540 6.908528 4.362050
v 4.053542 7.022718 2.420810
v 2.683255 7.022718 1.621476
v 3.939351 6.908528 2.420810
v 2.683255 6.908528 1.735667
v -9.877707 4.167955 -0.091382
v -9.306753 4.167955 3.334334
v -9.877707 6.337575 -0.091382
v -9.306753 6.337575 3.334333
v -9.306753 4.167955 3.334334
v -7.593895 4.167955 6.303288
v -9.306753 6.337575 3.334333
v -7.593895 5.652432 6.303288
v -7.593895 4.167955 6.303288
v -4.967512 4.167955 8.472910
v -7.593895 5.652432 6.303288
v -4.967512 5.652432 8.472910
v -4.967512 5.652432 8.472910
v -4.967512 4.167955 8.472910
v -3.026273 5.652432 8.358719
v -3.026273 4.167955 8.358719
v 1.769731 4.167954 -9.683390
v -1.655986 4.167954 -9.683390
v 1.769731 5.652431 -9.683390
v -1.655986 5.652431 -9.683390
v -1.655986 5.652431 -9.683390
v -3.026273 5.652431 -8.313103
v -3.026273 4.167954 -8.313103
v -4.853322 4.167954 -8.541484
v -7.479705 4.167954 -6.371863
v -4.853322 5.652431 -8.541484
v -7.479705 5.652431 -6.371863
v -7.479705 4.167954 -6.371863
v -9.192563 4.167954 -3.402909
v -7.479705 5.652431 -6.371863
v -9.192563 6.337574 -3.402910
v -9.192563 4.167954 -3.402909
v -9.877707 4.167955 -0.091382
v -9.192563 6.337574 -3.402910
v -9.877707 6.337575 -0.091382
v -5.081703 7.707862 2.763381
v -5.538465 7.707862 1.964047
v -6.566180 7.707862 3.562716
v -7.022943 7.707862 2.535000
v -4.967512 7.707862 -2.946146
v -4.967512 6.337574 -4.202242
v -6.451990 7.707861 -3.745481
v -6.223608 6.337574 -5.229959
v -5.995227 4.167955 2.192429
v -6.451990 4.167955 0.022808
v -5.995227 5.652432 2.192429
v -6.451990 5.652432 0.022808
v -2.797892 4.167954 -6.143483
v -1.770177 4.167954 -6.600245
v -2.797892 5.538240 -6.143483
v -1.770177 5.538240 -6.600245
v -5.995227 4.167955 -2.261003
v -4.967512 4.167954 -4.202242
v -5.995227 5.652432 -2.261003
v -4.967512 5.652431 -4.202242
v -6.451990 4.167955 0.022808
v -5.995227 4.167955 -2.261003
v -6.451990 5.652432 0.022808
v -5.995227 5.652432 -2.261003
v -5.766846 7.593671 0.022807
v -5.424275 7.593671 1.964047
v -4.624940 6.223385 0.022808
v -4.396559 6.223385 1.507285
v -5.081703 7.593671 2.649190
v -3.597226 6.223385 2.877572
v -4.967512 6.337575 4.133667
v -4.967512 5.652432 4.133667
v -3.597226 6.223385 2.991763
v -3.597226 5.766623 2.991763
v -4.967512 5.652431 -4.202242
v -4.967512 6.337574 -4.202242
v -3.597226 5.766623 -3.060338
v -3.597226 6.223385 -3.060338
v -5.424275 7.593671 -1.918432
v -4.396559 6.223385 -1.575861
v -9.763515 6.337575 -0.091382
v -9.192563 6.337575 3.105953
v -7.593895 7.593671 0.022807
v -7.251324 7.593671 2.420810
v -7.479705 7.707862 0.022807
v -5.881037 7.707862 0.022807
v -6.794561 7.593671 3.676906
v -7.593895 6.337575 5.960718
v -6.223608 6.337575 5.161383
v -4.967512 6.337575 4.133667
v -6.451990 7.707862 3.676906
v -5.081703 7.707862 2.877572
v -7.479705 6.337574 -6.029293
v -9.192563 6.337574 -3.288718
v -6.680371 7.593670 -3.745481
v -7.251324 7.593671 -2.489384
v -7.022943 7.707862 -2.603575
v -5.538465 7.707862 -2.032623
v -6.566180 7.707861 -3.631290
v -5.081703 7.707862 -2.717766
v -3.597226 6.223385 -2.831956
v -4.967512 7.593671 -2.717766
v -3.026273 4.167954 -8.313103
v -4.853322 4.167954 -8.541484
v -3.026273 5.652431 -8.313103
v -4.853322 5.652431 -8.541484
v -9.877707 6.337575 -0.091382
v -9.306753 6.337575 3.334333
v -9.763515 6.337575 -0.091382
v -9.192563 6.337575 3.105953
v -7.022943 7.707862 2.535000
v -7.479705 7.707862 0.022807
v -7.251324 7.593671 2.420810
v -7.593895 7.593671 0.022807
v -9.306753 6.337575 3.334333
v -7.593895 6.337575 6.303288
v -9.192563 6.337575 3.105953
v -7.593895 6.337575 5.960718
v -7.593895 6.337575 6.303288
v -6.451990 7.707862 3.676906
v -7.593895 6.337575 5.960718
v -6.794561 7.593671 3.676906
v -7.479705 6.337574 -6.371863
v -9.192563 6.337574 -3.402910
v -7.479705 6.337574 -6.029293
v -9.192563 6.337574 -3.288718
v -6.451990 7.707861 -3.745481
v -7.479705 6.337574 -6.371863
v -6.680371 7.593670 -3.745481
v -7.479705 6.337574 -6.029293
v -9.192563 6.337574 -3.402910
v -9.877707 6.337575 -0.091382
v -9.192563 6.337574 -3.288718
v -9.763515 6.337575 -0.091382
v -7.479705 7.707862 0.022807
v -7.022943 7.707862 -2.603575
v -7.593895 7.593671 0.022807
v -7.251324 7.593671 -2.489384
v -5.081703 7.707862 2.877572
v -6.566180 7.707862 3.562716
v -5.081703 7.707862 2.763381
v -6.451990 7.707861 -3.745481
v -5.081703 7.707862 -2.717766
v -6.566180 7.707861 -3.631290
v -5.881037 7.707862 0.022807
v -5.538465 7.707862 1.964047
v -5.766846 7.593671 0.022807
v -5.424275 7.593671 1.964047
v -5.538465 7.707862 -2.032623
v -5.881037 7.707862 0.022807
v -5.424275 7.593671 -1.918432
v -5.766846 7.593671 0.022807
v -3.597226 6.223385 -3.060338
v -4.967512 7.707862 -2.946146
v -3.597226 6.223385 -2.831956
v -4.967512 7.593671 -2.717766
v 3.025827 5.652431 -8.313103
v 3.025827 4.167954 -8.313103
v 1.769731 4.167954 -9.683390
v 9.877260 4.167955 0.022808
v 9.306308 4.167954 -3.288718
v 9.877260 6.337575 0.022808
v 9.306308 6.337574 -3.288718
v 9.306308 4.167954 -3.288718
v 7.593450 4.167954 -6.257673
v 9.306308 6.337574 -3.288718
v 7.593450 5.652431 -6.257673
v 7.593450 4.167954 -6.257673
v 4.967066 4.167954 -8.541484
v 7.593450 5.652431 -6.257673
v 4.967066 5.652431 -8.541484
v 4.967066 5.652431 -8.541484
v 4.967066 4.167954 -8.541484
v 3.025827 5.652431 -8.313103
v 3.025827 4.167954 -8.313103
v -1.770177 4.167956 9.729006
v 1.655540 4.167956 9.729006
v -1.770177 5.652433 9.729006
v 1.655540 5.652433 9.729006
v 1.655540 5.652433 9.729006
v 3.025827 5.652432 8.358719
v 3.025827 4.167955 8.358719
v 4.852876 4.167955 8.587100
v 7.479259 4.167955 6.303288
v 4.852876 5.652432 8.587100
v 7.479259 5.652432 6.303288
v 7.479259 4.167955 6.303288
v 9.192117 4.167955 3.448525
v 7.479259 5.652432 6.303288
v 9.192117 6.337575 3.448524
v 9.192117 4.167955 3.448525
v 9.877260 4.167955 0.022808
v 9.192117 6.337575 3.448524
v 9.877260 6.337575 0.022808
v 5.081257 7.707862 -2.831956
v 5.538020 7.707862 -2.032623
v 6.565734 7.707861 -3.631290
v 7.022497 7.707862 -2.489384
v 4.967066 7.707862 2.877572
v 4.967066 6.337575 4.133667
v 6.451544 7.707862 3.791096
v 6.223163 6.337575 5.275574
v 5.994781 4.167955 -2.146812
v 6.451544 4.167955 0.022808
v 5.994781 5.652432 -2.146812
v 6.451544 5.652432 0.022808
v 6.451544 4.167955 0.022808
v 5.994781 4.167955 2.192429
v 6.451544 5.652432 0.022808
v 5.994781 5.652432 2.192429
v 5.766401 7.593671 0.022807
v 5.423829 7.593671 -1.918432
v 4.624495 6.223385 0.022808
v 4.396113 6.223385 -1.461669
v 5.081257 7.593671 -2.717766
v 3.596780 6.223385 -2.831956
v 4.967066 6.337574 -4.088052
v 4.967066 5.652431 -4.088052
v 3.596780 6.223385 -2.946146
v 3.596780 5.766623 -2.946146
v 4.967066 5.652432 4.133667
v 4.967066 6.337575 4.133667
v 3.596780 5.766623 2.991763
v 3.596780 6.223385 2.991763
v 4.396113 6.223385 1.507285
v 5.423829 7.593671 1.964047
v 9.763070 6.337575 0.022808
v 9.192117 6.337574 -3.174528
v 7.593450 7.593671 0.022807
v 7.250878 7.593671 -2.375195
v 7.479259 7.707862 0.022807
v 5.880591 7.707862 0.022807
v 6.794116 7.593670 -3.745481
v 7.593450 6.337574 -6.029293
v 6.223163 6.337574 -5.229959
v 4.967066 6.337574 -4.088052
v 6.451544 7.707861 -3.745481
v 5.081257 7.707862 -2.831956
v 7.479259 6.337575 6.074907
v 9.192117 6.337575 3.220144
v 6.679925 7.593671 3.791096
v 7.250878 7.593671 2.420810
v 7.022497 7.707862 2.535000
v 5.538020 7.707862 2.078238
v 6.565734 7.707862 3.562716
v 5.081257 7.707862 2.763381
v 3.596780 6.223385 2.877572
v 4.967066 7.593671 2.763381
v 3.025827 4.167955 8.358719
v 4.852876 4.167955 8.587100
v 3.025827 5.652432 8.358719
v 4.852876 5.652432 8.587100
v 9.877260 6.337575 0.022808
v 9.306308 6.337574 -3.288718
v 9.763070 6.337575 0.022808
v 9.192117 6.337574 -3.174528
v 7.022497 7.707862 -2.489384
v 7.479259 7.707862 0.022807
v 7.250878 7.593671 -2.375195
v 7.593450 7.593671 0.022807
v 9.306308 6.337574 -3.288718
v 7.593450 6.337574 -6.257673
v 9.192117 6.337574 -3.174528
v 7.593450 6.337574 -6.029293
v 7.593450 6.337574 -6.257673
v 6.451544 7.707861 -3.745481
v 7.593450 6.337574 -6.029293
v 6.794116 7.593670 -3.745481
v 7.479259 6.337575 6.303288
v 9.192117 6.337575 3.448524
v 7.479259 6.337575 6.074907
v 9.192117 6.337575 3.220144
v 6.451544 7.707862 3.791096
v 7.479259 6.337575 6.303288
v 6.679925 7.593671 3.791096
v 7.479259 6.337575 6.074907
v 9.192117 6.337575 3.448524
v 9.877260 6.337575 0.022808
v 9.192117 6.337575 3.220144
v 9.763070 6.337575 0.022808
v 7.479259 7.707862 0.022807
v 7.022497 7.707862 2.535000
v 7.593450 7.593671 0.022807
v 7.250878 7.593671 2.420810
v 5.081257 7.707862 -2.831956
v 6.565734 7.707861 -3.631290
v 5.081257 7.707862 -2.831956
v 6.451544 7.707862 3.791096
v 5.081257 7.707862 2.763381
v 6.565734 7.707862 3.562716
v 5.880591 7.707862 0.022807
v 5.538020 7.707862 -2.032623
v 5.766401 7.593671 0.022807
v 5.423829 7.593671 -1.918432
v 5.538020 7.707862 2.078238
v 5.880591 7.707862 0.022807
v 5.423829 7.593671 1.964047
v 5.766401 7.593671 0.022807
v 3.596780 6.223385 2.991763
v 4.967066 7.707862 2.877572
v 3.596780 6.223385 2.877572
v 4.967066 7.593671 2.763381
v -3.026273 5.652432 8.358719
v -3.026273 4.167955 8.358719
v -1.770177 4.167956 9.729006
v 4.967066 4.167954 -4.088052
v 4.967066 5.652431 -4.088052
v -4.967512 4.167955 4.133667
v -4.967512 5.652432 4.133667
v 4.967066 4.167955 4.133667
v 4.967066 5.652432 4.133667
v 7.593450 5.652431 -6.257673
v 6.223163 6.337574 -5.229959
v -6.223608 6.337574 -5.229959
v -7.479705 5.652431 -6.371863
v -6.223608 6.337575 5.161383
v -7.593895 5.652432 6.303288
v 6.223163 6.337575 5.275574
v 7.479259 5.652432 6.303288
v 2.797446 5.538241 6.189097
v 3.025827 5.652432 8.358719
v 4.967066 5.652432 4.133667
v 7.479259 5.652432 6.303288
v -1.770177 5.538241 6.531670
v -3.026273 5.652432 8.358719
v 1.769731 5.538241 6.531670
v 3.025827 5.652432 8.358719
v -3.026273 5.652432 8.358719
v -2.912082 5.538241 6.189097
v -7.593895 5.652432 6.303288
v -4.967512 5.652432 4.133667
v 1.769731 5.538240 -6.600245
v 3.025827 5.652431 -8.313103
v -1.770177 5.538240 -6.600245
v -3.026273 5.652431 -8.313103
v -2.797892 5.538240 -6.143483
v -3.026273 5.652431 -8.313103
v -4.967512 5.652431 -4.202242
v -7.479705 5.652431 -6.371863
v 3.025827 5.652431 -8.313103
v 2.911637 5.538240 -6.143483
v 7.593450 5.652431 -6.257673
v 4.967066 5.652431 -4.088052
v -2.912082 5.538241 6.189097
v -1.770177 5.538241 6.531670
v -2.912082 4.167955 6.189097
v -1.884367 4.167955 6.645861
v 1.769731 5.538241 6.531670
v 2.797446 5.538241 6.189097
v 1.769731 4.167955 6.645861
v 2.911637 4.167955 6.189097
v 2.797446 5.538241 6.189097
v 4.967066 5.652432 4.133667
v 2.911637 4.167955 6.189097
v 4.967066 4.167955 4.133667
v -1.770177 5.538241 6.531670
v 1.769731 5.538241 6.531670
v -1.884367 4.167955 6.645861
v 1.769731 4.167955 6.645861
v -4.967512 5.652432 4.133667
v -2.912082 5.538241 6.189097
v -4.967512 4.167955 4.133667
v -2.912082 4.167955 6.189097
v 2.911637 5.538240 -6.143483
v 1.769731 5.538240 -6.600245
v 2.911637 4.167954 -6.143483
v 1.769731 4.167954 -6.600245
v 1.769731 5.538240 -6.600245
v -1.770177 5.538240 -6.600245
v 1.769731 4.167954 -6.600245
v -1.770177 4.167954 -6.600245
v -2.797892 5.538240 -6.143483
v -4.967512 5.652431 -4.202242
v -2.797892 4.167954 -6.143483
v -4.967512 4.167954 -4.202242
v 4.967066 5.652431 -4.088052
v 2.911637 5.538240 -6.143483
v 4.967066 4.167954 -4.088052
v 2.911637 4.167954 -6.143483
v -3.026273 5.652431 -8.313103
v -1.655986 5.652431 -9.683390
v 1.769731 5.652431 -9.683390
v 3.025827 5.652432 8.358719
v 1.655540 5.652433 9.729006
v -1.770177 5.652433 9.729006
v -8.164848 7.251100 -0.776527
v -7.137133 7.479481 -3.060338
v -8.164848 7.365290 -0.776527
v -7.137133 7.593670 -3.174528
v -8.164848 7.365290 -0.776527
v -7.137133 7.593670 -3.174528
v -9.192563 6.680147 -1.119098
v -8.964182 6.565957 -3.060338
v -9.192563 6.680147 -1.119098
v -8.964182 6.565957 -3.060338
v -9.078372 6.565957 -1.119098
v -8.849991 6.451766 -2.946146
v -7.137133 7.479481 -3.060338
v -7.137133 7.136909 -4.316433
v -7.137133 7.593670 -3.174528
v -7.137133 7.251100 -4.316433
v -7.137133 7.251100 -4.316433
v -8.164848 6.680147 -4.202242
v -8.964182 6.565957 -3.060338
v -8.164848 6.680147 -4.202242
v -8.849991 6.451766 -2.946146
v -8.164848 6.565957 -4.088052
v -8.164848 7.251100 0.707950
v -8.164848 7.365290 0.593760
v -7.137133 7.593671 2.991763
v -7.137133 7.593671 2.991763
v -8.164848 7.365290 0.593760
v -9.192563 6.680147 1.050523
v -7.137133 7.593671 2.991763
v -8.964182 6.565957 2.877572
v -9.192563 6.680147 1.050523
v -9.078372 6.680147 1.050523
v -8.964182 6.565957 2.877572
v -8.849991 6.451766 2.877572
v -7.137133 7.593671 2.991763
v -7.137133 7.593671 2.991763
v -7.137133 7.251101 4.133667
v -7.022943 7.365291 4.247859
v -7.022943 7.365291 4.247859
v -8.164848 6.680148 4.019477
v -8.964182 6.565957 2.877572
v -8.849991 6.451766 2.877572
v -8.164848 6.680148 4.019477
v -8.164848 6.680148 4.019477
v -8.164848 7.136909 0.936332
v -7.593895 7.479481 0.022807
v -8.279038 7.365290 0.936332
v -7.708086 7.593671 0.022807
v -7.593895 7.479481 0.022807
v -8.164848 7.136909 -1.004908
v -7.708086 7.593671 0.022807
v -8.279038 7.365290 -1.004908
v -9.078372 6.680147 -1.004907
v -9.535134 6.451766 -0.091382
v -9.306753 6.794338 -0.890717
v -9.649325 6.451766 -0.091382
v -9.535134 6.451766 -0.091382
v -9.078372 6.680147 0.936333
v -9.649325 6.451766 -0.091382
v -9.306753 6.680147 0.936333
v -7.936467 7.251100 0.822141
v -8.050657 7.593671 0.822141
v -7.708086 7.365290 1.050522
v -7.936467 7.707862 1.050522
v -8.279038 7.479481 0.936332
v -9.306753 6.794338 0.936332
v -8.164848 7.479481 1.050522
v -9.192563 6.794338 1.050523
v -9.649325 6.565957 1.050523
v -9.420944 6.451766 1.050523
v -9.649325 6.680147 1.278903
v -9.420944 6.565957 1.278903
v -9.420944 6.565957 -1.119098
v -9.649325 6.680147 -1.119098
v -9.420944 6.565957 -1.347479
v -9.649325 6.680147 -1.347479
v -9.306753 6.794338 -0.890717
v -8.279038 7.479481 -1.004908
v -9.192563 6.794338 -1.119098
v -8.164848 7.593671 -1.119099
v -8.050657 7.593671 -0.890717
v -7.936467 7.365290 -0.890717
v -7.822276 7.707862 -1.119099
v -7.708086 7.479481 -1.119099
v -8.164848 7.136909 0.936332
v -8.279038 7.365290 0.936332
v -7.936467 7.251100 0.822141
v -8.050657 7.593671 0.822141
v -8.164848 7.479481 1.050522
v -8.050657 7.593671 0.822141
v -7.936467 7.707862 1.050522
v -8.050657 7.593671 1.393094
v -7.936467 7.251100 1.393094
v -7.936467 7.707862 1.278903
v -7.822276 7.365290 1.278903
v -9.306753 6.680147 0.936333
v -9.078372 6.680147 0.936333
v -9.649325 6.565957 1.050523
v -9.420944 6.451766 1.050523
v -9.078372 6.565957 1.050523
v -8.964182 6.680147 1.050523
v -9.420944 6.565957 1.278903
v -9.649325 6.680147 1.278903
v -9.192563 6.794338 1.050523
v -9.649325 6.680147 1.278903
v -9.649325 6.565957 1.050523
v -9.078372 6.680147 -1.004907
v -9.306753 6.794338 -0.890717
v -9.420944 6.565957 -1.119098
v -9.649325 6.680147 -1.119098
v -9.192563 6.794338 -1.119098
v -9.649325 6.680147 -1.119098
v -9.649325 6.680147 -1.347479
v -9.078372 6.680147 -1.119098
v -8.964182 6.680147 -1.233289
v -9.649325 6.680147 -1.347479
v -9.420944 6.565957 -1.347479
v -8.279038 7.365290 -1.004908
v -8.164848 7.136909 -1.004908
v -8.050657 7.593671 -0.890717
v -7.936467 7.365290 -0.890717
v -7.822276 7.251100 -1.347480
v -8.050657 7.593671 -1.347480
v -7.708086 7.365290 -1.347480
v -7.936467 7.822052 -1.347480
v -8.164848 7.593671 -1.119099
v -7.822276 7.707862 -1.119099
v -8.050657 7.593671 -0.890717
v -8.050657 7.365290 1.164713
v -8.050657 7.136909 1.050522
v -8.050657 7.593671 1.393094
v -7.936467 7.251100 1.393094
v -7.708086 7.365290 1.050522
v -7.936467 7.707862 1.050522
v -7.822276 7.365290 1.278903
v -7.936467 7.707862 1.278903
v -7.936467 7.707862 1.050522
v -7.936467 7.707862 1.278903
v -8.050657 7.593671 1.393094
v -8.050657 7.251100 -1.119099
v -8.050657 7.365290 -1.119099
v -7.822276 7.251100 -1.347480
v -8.050657 7.593671 -1.347480
v -7.822276 7.707862 -1.119099
v -8.050657 7.593671 -1.347480
v -7.936467 7.822052 -1.347480
v -7.822276 7.707862 -1.119099
v -7.708086 7.479481 -1.119099
v -7.936467 7.822052 -1.347480
v -7.708086 7.365290 -1.347480
v -8.279038 7.365290 0.936332
v -9.306753 6.680147 0.936333
v -8.279038 7.479481 0.936332
v -9.306753 6.794338 0.936332
v -8.964182 6.680147 1.050523
v -8.050657 7.365290 1.164713
v -9.192563 6.794338 1.050523
v -8.164848 7.479481 1.050522
v -9.306753 6.794338 -0.890717
v -8.279038 7.365290 -1.004908
v -9.306753 6.794338 -0.890717
v -8.279038 7.479481 -1.004908
v -8.050657 7.365290 -1.119099
v -9.078372 6.680147 -1.119098
v -8.164848 7.593671 -1.119099
v -9.192563 6.794338 -1.119098
v 8.164402 7.251100 0.822141
v 7.136687 7.479481 3.105953
v 8.164402 7.365290 0.707950
v 7.136687 7.593671 3.105953
v 8.164402 7.365290 0.707950
v 7.136687 7.593671 3.105953
v 9.192117 6.680147 1.164714
v 8.963736 6.565957 2.991763
v 9.192117 6.680147 1.164714
v 8.963736 6.565957 2.991763
v 9.077927 6.565957 1.164714
v 8.849545 6.451766 2.991763
v 7.136687 7.479481 3.105953
v 7.136687 7.136909 4.247859
v 7.136687 7.593671 3.105953
v 7.136687 7.251101 4.362050
v 7.136687 7.251101 4.362050
v 8.164402 6.680148 4.133667
v 8.963736 6.565957 2.991763
v 8.164402 6.680148 4.133667
v 8.849545 6.451766 2.991763
v 8.164402 6.565958 4.133667
v 8.164402 7.251100 -0.662336
v 8.164402 7.365290 -0.662336
v 7.136687 7.593671 -2.946146
v 7.136687 7.593671 -3.060338
v 8.164402 7.365290 -0.662336
v 9.192117 6.680147 -1.004907
v 7.136687 7.593671 -3.060338
v 8.963736 6.565957 -2.946146
v 9.192117 6.680147 -1.004907
v 9.077927 6.680147 -1.004907
v 8.963736 6.565957 -2.946146
v 8.849545 6.451766 -2.831956
v 7.136687 7.593671 -2.946146
v 7.136687 7.593671 -3.060338
v 7.136687 7.251100 -4.202242
v 7.022497 7.365290 -4.202242
v 7.022497 7.365290 -4.202242
v 8.164402 6.680147 -4.088052
v 8.963736 6.565957 -2.946146
v 8.849545 6.451766 -2.831956
v 8.164402 6.680147 -4.088052
v 8.164402 6.680147 -3.973861
v 8.164402 7.136909 -0.890717
v 7.593450 7.479481 0.022807
v 8.278593 7.365290 -0.890717
v 7.707640 7.593671 0.022807
v 7.593450 7.479481 0.022807
v 8.164402 7.136909 0.936332
v 7.707640 7.593671 0.022807
v 8.278593 7.365290 0.936332
v 9.077927 6.680147 0.936333
v 9.534689 6.451766 0.022808
v 9.306308 6.794338 0.936332
v 9.648879 6.451766 0.022808
v 9.534689 6.451766 0.022808
v 9.077927 6.680147 -0.890716
v 9.648879 6.451766 0.022808
v 9.306308 6.680147 -0.890716
v 7.936021 7.251100 -0.776527
v 8.050212 7.593671 -0.776527
v 7.707640 7.365290 -1.004908
v 7.936021 7.707862 -1.004908
v 8.278593 7.479481 -0.890717
v 9.306308 6.794338 -0.890717
v 8.164402 7.479481 -1.119099
v 9.192117 6.794338 -1.119098
v 9.648879 6.565957 -1.119098
v 9.420498 6.451766 -1.119098
v 9.648879 6.680147 -1.233289
v 9.420498 6.565957 -1.347479
v 9.420498 6.565957 1.164714
v 9.648879 6.680147 1.164714
v 9.420498 6.565957 1.393095
v 9.648879 6.680147 1.278903
v 9.306308 6.794338 0.936332
v 8.278593 7.479481 0.936332
v 9.192117 6.794338 1.050523
v 8.164402 7.593671 1.164713
v 8.050212 7.593671 0.936332
v 7.936021 7.365290 0.936332
v 7.821830 7.707862 1.050522
v 7.707640 7.479481 1.050522
v 8.164402 7.136909 -0.890717
v 8.278593 7.365290 -0.890717
v 7.936021 7.251100 -0.776527
v 8.050212 7.593671 -0.776527
v 8.164402 7.479481 -1.119099
v 8.050212 7.593671 -0.776527
v 7.936021 7.707862 -1.004908
v 8.050212 7.593671 -1.347480
v 7.936021 7.251100 -1.347480
v 7.936021 7.707862 -1.233289
v 7.821830 7.365290 -1.233289
v 9.306308 6.680147 -0.890716
v 9.077927 6.680147 -0.890716
v 9.648879 6.565957 -1.119098
v 9.420498 6.451766 -1.119098
v 9.077927 6.565957 -1.004907
v 8.963736 6.680147 -1.119098
v 9.420498 6.565957 -1.347479
v 9.648879 6.680147 -1.233289
v 9.192117 6.794338 -1.119098
v 9.648879 6.680147 -1.233289
v 9.648879 6.565957 -1.119098
v 9.077927 6.680147 0.936333
v 9.306308 6.794338 0.936332
v 9.420498 6.565957 1.164714
v 9.648879 6.680147 1.164714
v 9.192117 6.794338 1.050523
v 9.648879 6.680147 1.164714
v 9.648879 6.680147 1.278903
v 9.077927 6.680147 1.164714
v 8.963736 6.680147 1.164714
v 9.648879 6.680147 1.278903
v 9.420498 6.565957 1.393095
v 8.278593 7.365290 0.936332
v 8.164402 7.136909 0.936332
v 8.050212 7.593671 0.936332
v 7.936021 7.365290 0.936332
v 7.821830 7.251100 1.393094
v 8.050212 7.593671 1.393094
v 7.707640 7.365290 1.393094
v 7.936021 7.822052 1.393094
v 8.164402 7.593671 1.164713
v 7.821830 7.707862 1.050522
v 8.050212 7.593671 0.936332
v 8.050212 7.365290 -1.119099
v 8.050212 7.136909 -1.119099
v 8.050212 7.593671 -1.347480
v 7.936021 7.251100 -1.347480
v 7.707640 7.365290 -1.004908
v 7.936021 7.707862 -1.004908
v 7.821830 7.365290 -1.233289
v 7.936021 7.707862 -1.233289
v 7.936021 7.707862 -1.004908
v 7.936021 7.707862 -1.233289
v 8.050212 7.593671 -1.347480
v 8.050212 7.251100 1.164713
v 8.050212 7.365290 1.164713
v 7.821830 7.251100 1.393094
v 8.050212 7.593671 1.393094
v 7.821830 7.707862 1.050522
v 8.050212 7.593671 1.393094
v 7.936021 7.822052 1.393094
v 7.821830 7.707862 1.050522
v 7.707640 7.479481 1.050522
v 7.936021 7.822052 1.393094
v 7.707640 7.365290 1.393094
v 8.278593 7.365290 -0.890717
v 9.306308 6.680147 -0.890716
v 8.278593 7.479481 -0.890717
v 9.306308 6.794338 -0.890717
v 8.963736 6.680147 -1.119098
v 8.050212 7.365290 -1.119099
v 9.192117 6.794338 -1.119098
v 8.164402 7.479481 -1.119099
v 9.306308 6.794338 0.936332
v 8.278593 7.365290 0.936332
v 9.306308 6.794338 0.936332
v 8.278593 7.479481 0.936332
v 8.050212 7.365290 1.164713
v 9.077927 6.680147 1.164714
v 8.164402 7.593671 1.164713
v 9.192117 6.794338 1.050523
v 3.254208 0.856429 13.497294
v 5.652210 0.856429 12.697961
v 2.797446 3.368621 14.182438
v 6.108972 3.711194 13.268913
v 8.849545 3.825384 11.670246
v 6.108972 3.711194 13.268913
v 8.392783 0.856429 11.213484
v 5.652210 0.856429 12.697961
v 12.161072 4.053764 9.272243
v 8.849545 3.825384 11.670246
v 10.904975 0.856429 9.500625
v 8.392783 0.856429 11.213484
v -6.908752 4.053763 -7.513770
v -8.050657 4.396336 -6.029293
v -6.908752 0.513856 -7.513769
v -8.050657 0.513857 -6.029292
v -8.050657 4.396336 -6.029293
v -8.964182 4.624717 -4.544815
v -8.050657 0.513857 -6.029292
v -8.964182 0.513857 -4.544814
v -8.964182 4.624717 -4.544815
v -9.763515 4.282146 -2.261003
v -8.964182 0.513857 -4.544814
v -9.763515 0.856428 -2.261003
v -9.763515 0.856428 -2.261003
v -9.763515 4.282146 -2.261003
v -9.991897 0.856428 -0.776526
v -9.991897 4.396336 -0.776526
v -9.991897 4.396336 -0.776526
v -9.991897 4.510527 0.822142
v -9.991897 0.856428 -0.776526
v -9.991897 0.856428 0.822142
v -9.763515 4.967289 0.822142
v -9.649325 5.195670 1.849857
v -9.763515 0.513857 0.822142
v -9.649325 0.513857 1.849857
v -9.649325 5.195670 1.849857
v -8.964182 5.309861 4.019477
v -9.649325 0.513857 1.849857
v -8.964182 0.513857 4.019478
v -8.964182 5.309861 4.019477
v -8.164848 4.853098 5.846527
v -8.964182 0.513857 4.019478
v -8.164848 0.856428 5.846527
v -8.164848 4.853098 5.846527
v -7.022943 5.081481 7.216814
v -8.164848 0.856428 5.846527
v -7.022943 0.856429 7.216814
v -7.022943 5.081481 7.216814
v -5.881037 5.309861 8.130338
v -7.022943 0.856429 7.216814
v -5.881037 0.856429 8.130338
v -5.881037 5.309861 8.130338
v -4.510750 6.109194 8.929671
v -5.881037 0.856429 8.130338
v -4.510750 0.513858 8.929671
v -2.912082 6.451767 9.614814
v -0.856652 6.223386 9.957387
v -2.912082 0.513858 9.614815
v -0.856652 0.856429 9.957387
v -0.856652 6.223386 9.957387
v 0.513635 6.680148 9.843195
v -0.856652 0.856429 9.957387
v 0.513635 0.970620 9.843196
v 0.513635 6.680148 9.843195
v 2.226493 7.022719 9.729005
v 0.513635 0.970620 9.843196
v 2.226493 0.970620 9.729006
v 2.226493 7.022719 9.729005
v 3.939351 8.164625 9.272242
v 2.226493 0.970620 9.729006
v 3.939351 0.513858 9.272243
v 3.939351 8.164625 9.272242
v 5.538020 8.393006 8.358718
v 3.939351 0.513858 9.272243
v 5.538020 0.513858 8.358719
v 5.538020 8.393006 8.358718
v 7.479259 8.393006 6.874241
v 5.538020 0.513858 8.358719
v 7.479259 0.513858 6.874242
v -8.735801 4.053763 -9.797580
v -10.562849 4.396336 -8.541484
v -6.908752 4.053763 -7.513770
v -8.050657 4.396336 -6.029293
v -10.562849 4.396336 -8.541484
v -12.161518 4.624717 -6.371863
v -8.050657 4.396336 -6.029293
v -8.964182 4.624717 -4.544815
v -12.161518 4.624717 -6.371863
v -13.303424 4.738907 -3.402910
v -8.964182 4.624717 -4.544815
v -9.763515 4.738908 -2.261003
v -13.075043 4.282146 -3.060337
v -13.417614 4.396336 -1.233288
v -9.763515 4.282146 -2.261003
v -9.991897 4.396336 -0.776526
v -13.417614 4.396336 -1.233288
v -13.531804 4.510527 0.479570
v -9.991897 4.396336 -0.776526
v -9.991897 4.510527 0.822142
v -13.189233 4.967289 0.822142
v -12.846662 5.195670 2.535000
v -9.763515 4.967289 0.822142
v -9.649325 5.195670 1.849857
v -12.846662 5.195670 2.535000
v -11.818946 5.309861 5.389763
v -9.649325 5.195670 1.849857
v -8.964182 5.309861 4.019477
v -11.818946 5.309861 5.389763
v -10.677040 5.424051 7.559384
v -8.964182 5.309861 4.019477
v -8.164848 5.424051 5.846527
v -10.562849 4.853098 7.673575
v -9.535134 5.081481 9.500625
v -8.164848 4.853098 5.846527
v -7.022943 5.081481 7.216814
v -9.535134 5.081481 9.500625
v -7.822276 5.309861 10.528339
v -7.022943 5.081481 7.216814
v -5.881037 5.309861 8.130338
v -7.708086 5.766624 10.528339
v -6.109418 6.109195 11.441865
v -5.881037 5.766623 8.130338
v -4.510750 6.109194 8.929671
v -6.109418 6.109195 11.441865
v -3.254654 6.451767 12.583769
v -4.510750 6.109194 8.929671
v -2.912082 6.451767 9.614814
v -3.254654 6.451767 12.583769
v -0.856652 7.022719 13.040531
v -2.912082 6.451767 9.614814
v -0.856652 7.022719 9.957386
v -0.856652 6.223386 13.268913
v 0.970397 6.680148 13.383103
v -0.856652 6.223386 9.957387
v 0.513635 6.680148 9.843195
v 0.970397 6.680148 13.383103
v 3.140018 7.022719 12.926341
v 0.513635 6.680148 9.843195
v 2.226493 7.022719 9.729005
v 3.140018 7.707863 13.040531
v 5.423829 8.164625 12.241198
v 2.226493 7.707863 9.729005
v 3.939351 8.164625 9.272242
v 5.423829 8.164625 12.241198
v 8.050212 8.393006 10.870910
v 3.939351 8.164625 9.272242
v 5.538020 8.393006 8.358718
v 8.050212 8.393006 10.870910
v 10.334023 8.393006 9.272242
v 5.538020 8.393006 8.358718
v 7.479259 8.393006 6.874241
v -6.908752 0.513856 -7.513769
v -8.050657 0.513857 -6.029292
v -8.735801 0.513856 -9.797580
v -10.562849 0.513856 -8.541484
v -8.050657 0.513857 -6.029292
v -8.964182 0.513857 -4.544814
v -10.562849 0.513856 -8.541484
v -12.161518 0.513857 -6.371863
v -8.964182 0.513857 -4.544814
v -9.763515 0.513857 -2.261003
v -12.161518 0.513857 -6.371863
v -13.303424 0.513857 -3.402909
v -9.991897 0.856428 -0.776526
v -9.991897 0.856428 0.822142
v -13.645995 0.856428 -1.233288
v -13.760185 0.856428 0.479570
v -9.763515 0.513857 0.822142
v -9.649325 0.513857 1.849857
v -13.189233 0.513857 0.822142
v -12.846662 0.513857 2.535000
v -9.649325 0.513857 1.849857
v -8.964182 0.513857 4.019478
v -12.846662 0.513857 2.535000
v -11.818946 0.513857 5.503955
v -8.964182 0.513857 4.019478
v -8.164848 0.513857 5.846527
v -11.818946 0.513857 5.503955
v -10.677040 0.513858 7.559385
v -8.164848 0.856428 5.846527
v -7.022943 0.856429 7.216814
v -10.791230 0.856429 7.787766
v -9.649325 0.856429 9.614815
v -7.022943 0.856429 7.216814
v -5.881037 0.856429 8.130338
v -9.649325 0.856429 9.614815
v -8.050657 0.856429 10.756721
v -5.881037 0.513858 8.130338
v -4.510750 0.513858 8.929671
v -7.822276 0.513858 10.528339
v -6.109418 0.513858 11.556055
v -4.510750 0.513858 8.929671
v -2.912082 0.513858 9.614815
v -6.109418 0.513858 11.556055
v -3.254654 0.513858 12.583770
v -2.912082 0.513858 9.614815
v -0.856652 0.513858 9.957387
v -3.254654 0.513858 12.583770
v -0.856652 0.513858 13.040532
v -0.856652 0.856429 9.957387
v 0.513635 0.970620 9.843196
v -0.856652 0.856429 13.497294
v 1.084587 0.970620 13.611485
v 0.513635 0.970620 9.843196
v 2.226493 0.970620 9.729006
v 1.084587 0.970620 13.611485
v 3.140018 0.856429 13.154723
v 2.226493 0.513858 9.729006
v 3.939351 0.513858 9.272243
v 3.140018 0.513858 13.040532
v 5.423829 0.513858 12.241199
v 3.939351 0.513858 9.272243
v 5.538020 0.513858 8.358719
v 5.423829 0.513858 12.241199
v 8.050212 0.513858 10.756721
v 5.538020 0.513858 8.358719
v 7.479259 0.513858 6.874242
v 8.050212 0.513858 10.756721
v 10.448213 0.513858 9.272243
v -9.991897 0.856428 0.822142
v -9.991897 4.510527 0.822142
v -9.763515 0.513857 0.822142
v -9.763515 4.967289 0.822142
v -9.991897 4.510527 0.822142
v -13.531804 4.510527 0.479570
v -9.763515 4.967289 0.822142
v -13.189233 4.967289 0.822142
v -13.760185 0.856428 0.479570
v -9.991897 0.856428 0.822142
v -13.189233 0.513857 0.822142
v -9.763515 0.513857 0.822142
v -8.164848 0.856428 5.846527
v -10.791230 0.856429 7.787766
v -8.164848 0.513857 5.846527
v -10.677040 0.513858 7.559385
v -5.881037 5.309861 8.130338
v -7.822276 5.309861 10.528339
v -5.881037 5.766623 8.130338
v -7.708086 5.766624 10.528339
v -8.050657 0.856429 10.756721
v -5.881037 0.856429 8.130338
v -7.822276 0.513858 10.528339
v -5.881037 0.513858 8.130338
v -0.856652 0.856429 9.957387
v -0.856652 0.856429 13.497294
v -0.856652 0.513858 9.957387
v -0.856652 0.513858 13.040532
v 2.226493 7.022719 9.729005
v 3.140018 7.022719 12.926341
v 2.226493 7.707863 9.729005
v 3.140018 7.707863 13.040531
v 3.140018 0.856429 13.154723
v 2.226493 0.970620 9.729006
v 3.140018 0.513858 13.040532
v 2.226493 0.513858 9.729006
v -13.645995 2.683477 -1.233288
v -13.645995 3.026049 -0.205573
v -13.645995 4.282146 -1.233288
v -13.645995 4.396336 0.365380
v -10.562849 3.254431 8.472910
v -9.649325 3.026050 9.614815
v -10.677040 4.738908 7.901957
v -9.649325 4.967290 9.614815
v -9.649325 3.026050 9.614815
v -8.621610 3.482812 10.414149
v -9.649325 4.967290 9.614815
v -8.050657 5.081481 10.756721
v -0.057318 4.053765 13.497294
v 1.084587 3.825384 13.611485
v -0.742462 6.109195 13.497294
v 1.084587 6.451767 13.611484
v 1.084587 3.825384 13.611485
v 2.569065 4.396337 13.383104
v 1.084587 6.451767 13.611484
v 3.140018 6.794339 13.154722
v -12.275708 0.856428 5.618145
v -11.019612 0.856429 8.016148
v -12.960852 2.226716 5.846527
v -11.247993 2.340906 8.929671
v -3.368845 0.856429 13.040532
v -0.742462 0.856429 13.611485
v -3.483035 2.911859 13.839866
v -0.171509 3.140240 14.410819
v -2.912082 0.513858 9.614815
v -4.510750 0.513858 8.929671
v -2.912082 6.451767 9.614814
v -4.510750 6.109194 8.929671
v -13.645995 4.282146 -1.233288
v -13.303424 4.167955 -3.060337
v -13.645995 2.683477 -1.233288
v -13.417614 2.683477 -2.717765
v -13.303424 4.738908 2.649190
v -13.760185 4.738908 0.479570
v -13.988566 3.482811 2.877572
v -14.559520 3.368620 -0.091382
v -12.275708 4.853098 5.618145
v -13.303424 4.738908 2.649190
v -12.960852 3.482811 5.846527
v -13.988566 3.482811 2.877572
v -6.337799 5.766624 11.898626
v -8.164848 5.424052 10.870911
v -6.451990 3.939575 12.697961
v -8.964182 3.711194 11.099292
v 8.392783 8.050434 11.213483
v 5.652210 7.822053 12.812150
v 8.849545 5.081481 11.670246
v 6.108972 4.853099 13.268913
v 10.904975 8.050434 9.500624
v 8.392783 8.050434 11.213483
v 12.161072 5.309861 9.272243
v 8.849545 5.081481 11.670246
v -11.247993 3.597002 8.929671
v -11.019612 3.254431 8.929671
v -3.368845 6.109195 13.040532
v -6.337799 5.766624 11.898626
v -3.483035 4.167956 13.839866
v -6.451990 3.939575 12.697961
v -3.483035 4.167956 13.839866
v -0.171509 4.396337 14.410819
v -3.368845 6.109195 13.040532
v -0.628271 6.565958 13.611484
v -9.078372 0.970618 -10.140151
v -10.905422 0.970618 -8.884055
v -9.306753 1.998333 -10.482723
v -11.133803 1.998333 -9.112436
v -10.905422 0.970618 -8.884055
v -12.618280 0.970619 -6.600245
v -11.133803 1.998333 -9.112436
v -12.846662 2.112524 -6.942816
v -12.618280 0.970619 -6.600245
v -13.874376 0.856428 -3.402909
v -12.846662 2.112524 -6.942816
v -14.445329 2.112524 -3.174528
v -13.988566 2.226715 2.877572
v -14.559520 2.226715 -0.091382
v -13.303424 0.856428 2.649191
v -13.760185 0.742238 0.479570
v -12.960852 2.226716 5.846527
v -13.988566 2.226715 2.877572
v -12.275708 0.856428 5.618145
v -13.303424 0.856428 2.649191
v -6.451990 2.683478 12.697961
v -8.964182 2.569287 11.099292
v -6.337799 0.856429 11.898626
v -8.164848 0.856429 10.870911
v -3.483035 2.911859 13.839866
v -6.451990 2.683478 12.697961
v -3.368845 0.856429 13.040532
v -6.337799 0.856429 11.898626
v -9.306753 2.683476 -10.482723
v -11.133803 2.797667 -9.112436
v -9.078372 3.711192 -10.140151
v -10.905422 3.939573 -8.884055
v -11.133803 2.797667 -9.112436
v -12.846662 2.911858 -6.942816
v -10.905422 3.939573 -8.884055
v -12.618280 4.167954 -6.600245
v -12.846662 2.911858 -6.942816
v -14.445329 2.911858 -3.174528
v -12.618280 4.167954 -6.600245
v -13.874376 4.396336 -3.402909
v 2.683255 4.624718 14.182438
v 6.108972 4.853099 13.268913
v 3.254208 7.365291 13.611484
v 5.652210 7.822053 12.812150
v -14.445329 2.911858 -3.174528
v -14.331139 2.683477 -3.060337
v -0.171509 4.396337 14.410819
v -0.057318 4.053765 14.068247
v -12.960852 3.482811 5.846527
v -11.247993 3.597002 8.929671
v -12.275708 4.853098 5.618145
v -11.019612 4.967289 8.016148
v -10.905422 2.226714 -8.884055
v -10.905422 2.683476 -8.884055
v -9.078372 2.112523 -10.254342
v -9.078372 2.569285 -10.254342
v -12.504089 2.683476 -6.714435
v -10.905422 2.683476 -8.884055
v -12.504089 2.226715 -6.714435
v -10.905422 2.226714 -8.884055
v -13.417614 2.683477 -2.717765
v -12.504089 2.683476 -6.714435
v -13.417614 2.226715 -2.717765
v -12.504089 2.226715 -6.714435
v 5.766401 4.738909 12.583770
v 2.569065 4.396337 13.383104
v 5.766401 3.939575 12.583770
v 2.569065 3.597002 13.383104
v -13.303424 3.140239 2.649191
v -13.645995 3.026049 -0.205573
v -13.303424 2.569286 2.649191
v -13.645995 2.455096 -0.205573
v -12.275708 3.140239 5.503955
v -13.303424 3.140239 2.649191
v -12.275708 2.569287 5.503955
v -13.303424 2.569286 2.649191
v -10.562849 3.254431 8.472910
v -12.275708 3.140239 5.503955
v -10.562849 2.683478 8.472910
v -6.109418 3.597002 12.012817
v -8.621610 3.482812 10.414149
v -6.109418 3.026050 12.012817
v -8.621610 2.797669 10.414149
v -3.368845 3.825384 13.154723
v -6.109418 3.597002 12.012817
v -3.368845 3.254431 13.154723
v -6.109418 3.026050 12.012817
v -0.057318 3.368621 13.497294
v -0.057318 4.053765 13.497294
v -3.368845 3.254431 13.154723
v -3.368845 3.825384 13.154723
v 8.392783 4.853099 11.213484
v 5.766401 4.738909 12.583770
v 8.392783 4.167956 11.213484
v 5.766401 3.939575 12.583770
v 10.676594 5.081481 9.614815
v 8.392783 4.853099 11.213484
v 10.676594 4.167956 9.614815
v 8.392783 4.167956 11.213484
v -12.732471 2.683476 -6.828626
v -11.019612 2.683476 -9.112436
v -12.504089 2.683476 -6.714435
v -10.905422 2.683476 -8.884055
v -14.331139 2.683477 -3.060337
v -12.732471 2.683476 -6.828626
v -13.417614 2.683477 -2.717765
v -12.504089 2.683476 -6.714435
v -9.192563 2.112523 -10.368532
v -11.019612 2.226714 -9.112436
v -9.078372 2.112523 -10.254342
v -10.905422 2.226714 -8.884055
v -11.019612 2.226714 -9.112436
v -12.732471 2.226715 -6.828626
v -10.905422 2.226714 -8.884055
v -12.504089 2.226715 -6.714435
v -12.732471 2.226715 -6.828626
v -14.331139 2.226715 -3.060337
v -12.504089 2.226715 -6.714435
v -13.417614 2.226715 -2.717765
v -11.019612 2.683476 -9.112436
v -9.192563 2.569285 -10.368532
v -10.905422 2.683476 -8.884055
v -9.078372 2.569285 -10.254342
v -11.019612 3.254431 8.929671
v -12.732471 3.140239 5.618145
v -10.562849 3.254431 8.472910
v -12.275708 3.140239 5.503955
v -14.331139 2.455096 -0.319764
v -13.760185 2.569286 2.763381
v -13.645995 2.455096 -0.205573
v -13.303424 2.569286 2.649191
v -13.760185 2.569286 2.763381
v -12.732471 2.569287 5.618145
v -13.303424 2.569286 2.649191
v -12.275708 2.569287 5.503955
v -12.732471 2.569287 5.618145
v -11.019612 2.683478 8.929671
v -12.275708 2.569287 5.503955
v -10.562849 2.683478 8.472910
v -13.760185 3.140239 2.763381
v -14.331139 3.026049 -0.319764
v -13.303424 3.140239 2.649191
v -13.645995 3.026049 -0.205573
v -12.732471 3.140239 5.618145
v -13.760185 3.140239 2.763381
v -12.275708 3.140239 5.503955
v -13.303424 3.140239 2.649191
v -3.483035 3.825384 13.497294
v -6.337799 3.597002 12.355389
v -3.368845 3.825384 13.154723
v -6.109418 3.597002 12.012817
v -0.057318 4.053765 14.068247
v -3.483035 3.825384 13.497294
v -0.057318 4.053765 13.497294
v -3.368845 3.825384 13.154723
v -8.964182 2.797669 10.756721
v -6.337799 3.026050 12.355389
v -8.621610 2.797669 10.414149
v -6.109418 3.026050 12.012817
v -6.337799 3.026050 12.355389
v -3.483035 3.254431 13.497294
v -6.109418 3.026050 12.012817
v -3.368845 3.254431 13.154723
v -3.483035 3.254431 13.497294
v -0.057318 3.368621 14.068247
v -3.368845 3.254431 13.154723
v -0.057318 3.368621 13.497294
v -6.337799 3.597002 12.355389
v -8.964182 3.482812 10.756721
v -6.109418 3.597002 12.012817
v -8.621610 3.482812 10.414149
v 5.994781 4.738909 13.040532
v 2.683255 4.396337 14.068247
v 5.766401 4.738909 12.583770
v 2.569065 4.396337 13.383104
v 2.683255 3.597002 14.068247
v 5.994781 3.939575 13.040532
v 2.569065 3.597002 13.383104
v 5.766401 3.939575 12.583770
v 5.994781 3.939575 13.040532
v 8.735354 4.053765 11.556055
v 5.766401 3.939575 12.583770
v 8.392783 4.167956 11.213484
v 8.735354 4.053765 11.556055
v 12.046882 4.167955 9.158052
v 8.392783 4.167956 11.213484
v 10.676594 4.167956 9.614815
v 8.735354 4.853099 11.556055
v 5.994781 4.738909 13.040532
v 8.392783 4.853099 11.213484
v 5.766401 4.738909 12.583770
v 12.046882 5.081481 9.158052
v 8.735354 4.853099 11.556055
v 10.676594 5.081481 9.614815
v 8.392783 4.853099 11.213484
v -9.078372 3.711192 -10.140151
v -9.078372 2.569285 -10.254342
v -9.306753 2.683476 -10.482723
v -9.192563 2.569285 -10.368532
v -8.735801 4.053763 -9.797580
v -9.078372 3.711192 -10.140151
v -10.562849 4.396336 -8.541484
v -10.905422 3.939573 -8.884055
v -10.562849 4.396336 -8.541484
v -10.905422 3.939573 -8.884055
v -12.161518 4.624717 -6.371863
v -12.618280 4.167954 -6.600245
v -12.161518 4.624717 -6.371863
v -12.618280 4.167954 -6.600245
v -13.303424 4.738907 -3.402910
v -13.874376 4.396336 -3.402909
v -12.846662 5.195670 2.535000
v -13.303424 4.738908 2.649190
v -11.818946 5.309861 5.389763
v -12.275708 4.853098 5.618145
v -13.303424 4.738908 2.649190
v -12.846662 5.195670 2.535000
v -13.760185 4.738908 0.479570
v -13.189233 4.967289 0.822142
v -11.818946 5.309861 5.389763
v -12.275708 4.853098 5.618145
v -10.677040 5.424051 7.559384
v -11.019612 4.967289 8.016148
v -6.109418 6.109195 11.441865
v -6.337799 5.766624 11.898626
v -3.254654 6.451767 12.583769
v -3.368845 6.109195 13.040532
v -6.337799 5.766624 11.898626
v -6.109418 6.109195 11.441865
v -8.164848 5.424052 10.870911
v -7.708086 5.766624 10.528339
v 5.423829 8.164625 12.241198
v 5.652210 7.822053 12.812150
v 8.050212 8.393006 10.870910
v 8.392783 8.050434 11.213483
v 5.652210 7.822053 12.812150
v 5.423829 8.164625 12.241198
v 3.254208 7.365291 13.611484
v 3.140018 7.707863 13.040531
v 8.050212 8.393006 10.870910
v 8.392783 8.050434 11.213483
v 10.334023 8.393006 9.272242
v 10.904975 8.050434 9.500624
v -3.254654 6.451767 12.583769
v -3.368845 6.109195 13.040532
v -0.856652 7.022719 13.040531
v -0.628271 6.565958 13.611484
v -9.078372 0.970618 -10.140151
v -8.735801 0.513856 -9.797580
v -10.905422 0.970618 -8.884055
v -10.562849 0.513856 -8.541484
v -10.905422 0.970618 -8.884055
v -10.562849 0.513856 -8.541484
v -12.618280 0.970619 -6.600245
v -12.161518 0.513857 -6.371863
v -12.618280 0.970619 -6.600245
v -12.161518 0.513857 -6.371863
v -13.874376 0.856428 -3.402909
v -13.303424 0.513857 -3.402909
v -12.846662 0.513857 2.535000
v -13.303424 0.856428 2.649191
v -13.189233 0.513857 0.822142
v -13.760185 0.742238 0.479570
v -13.303424 0.856428 2.649191
v -12.846662 0.513857 2.535000
v -12.275708 0.856428 5.618145
v -11.818946 0.513857 5.503955
v -12.275708 0.856428 5.618145
v -11.818946 0.513857 5.503955
v -11.019612 0.856429 8.016148
v -10.677040 0.513858 7.559385
v -6.109418 0.513858 11.556055
v -6.337799 0.856429 11.898626
v -7.822276 0.513858 10.528339
v -8.164848 0.856429 10.870911
v -6.337799 0.856429 11.898626
v -6.109418 0.513858 11.556055
v -3.368845 0.856429 13.040532
v -3.254654 0.513858 12.583770
v 5.423829 0.513858 12.241199
v 5.652210 0.856429 12.697961
v 3.140018 0.513858 13.040532
v 3.254208 0.856429 13.497294
v 5.652210 0.856429 12.697961
v 5.423829 0.513858 12.241199
v 8.392783 0.856429 11.213484
v 8.050212 0.513858 10.756721
v 8.392783 0.856429 11.213484
v 8.050212 0.513858 10.756721
v 10.904975 0.856429 9.500625
v 10.448213 0.513858 9.272243
v -3.368845 0.856429 13.040532
v -3.254654 0.513858 12.583770
v -0.742462 0.856429 13.611485
v -0.856652 0.513858 13.040532
v -9.763515 0.856428 -2.261003
v -13.189233 0.856428 -3.174528
v -9.763515 0.513857 -2.261003
v -13.303424 0.513857 -3.402909
v -9.763515 0.856428 -2.261003
v -9.991897 0.856428 -0.776526
v -13.189233 0.856428 -3.174528
v -13.645995 0.856428 -1.233288
v -13.075043 4.282146 -3.060337
v -9.763515 4.282146 -2.261003
v -13.303424 4.738907 -3.402910
v -9.763515 4.738908 -2.261003
v -10.562849 4.853098 7.673575
v -8.164848 4.853098 5.846527
v -10.677040 5.424051 7.559384
v -8.164848 5.424051 5.846527
v -0.856652 6.223386 13.268913
v -0.856652 6.223386 9.957387
v -0.856652 7.022719 13.040531
v -0.856652 7.022719 9.957386
v -13.075043 4.282146 -3.060337
v -13.303424 4.167955 -3.060337
v -13.417614 4.396336 -1.233288
v -13.645995 4.282146 -1.233288
v -13.417614 4.396336 -1.233288
v -13.645995 4.282146 -1.233288
v -13.531804 4.510527 0.479570
v -13.645995 4.396336 0.365380
v -10.562849 4.853098 7.673575
v -10.677040 4.738908 7.901957
v -9.535134 5.081481 9.500625
v -9.649325 4.967290 9.614815
v -9.535134 5.081481 9.500625
v -9.649325 4.967290 9.614815
v -7.822276 5.309861 10.528339
v -8.050657 5.081481 10.756721
v -0.856652 6.223386 13.268913
v -0.742462 6.109195 13.497294
v 0.970397 6.680148 13.383103
v 1.084587 6.451767 13.611484
v 0.970397 6.680148 13.383103
v 1.084587 6.451767 13.611484
v 3.140018 7.022719 12.926341
v 3.140018 6.794339 13.154722
v -9.306753 1.998333 -10.482723
v -9.192563 2.112523 -10.368532
v -9.078372 0.970618 -10.140151
v -9.078372 2.112523 -10.254342
v -9.192563 2.112523 -10.368532
v -9.306753 1.998333 -10.482723
v -11.019612 2.226714 -9.112436
v -11.133803 1.998333 -9.112436
v -11.019612 2.226714 -9.112436
v -11.133803 1.998333 -9.112436
v -12.732471 2.226715 -6.828626
v -12.846662 2.112524 -6.942816
v -12.732471 2.226715 -6.828626
v -12.846662 2.112524 -6.942816
v -14.331139 2.226715 -3.060337
v -14.445329 2.112524 -3.174528
v -9.306753 2.683476 -10.482723
v -9.192563 2.569285 -10.368532
v -11.133803 2.797667 -9.112436
v -11.019612 2.683476 -9.112436
v -11.133803 2.797667 -9.112436
v -11.019612 2.683476 -9.112436
v -12.846662 2.911858 -6.942816
v -12.732471 2.683476 -6.828626
v -12.846662 2.911858 -6.942816
v -12.732471 2.683476 -6.828626
v -14.445329 2.911858 -3.174528
v -14.331139 2.683477 -3.060337
v -13.645995 4.396336 0.365380
v -13.645995 3.026049 -0.205573
v -14.331139 2.455096 -0.319764
v -14.559520 2.226715 -0.091382
v -13.760185 2.569286 2.763381
v -13.988566 2.226715 2.877572
v -13.760185 2.569286 2.763381
v -13.988566 2.226715 2.877572
v -12.732471 2.569287 5.618145
v -12.960852 2.226716 5.846527
v -12.960852 2.226716 5.846527
v -11.019612 2.683478 8.929671
v -11.247993 2.340906 8.929671
v -13.988566 3.482811 2.877572
v -13.760185 3.140239 2.763381
v -12.960852 3.482811 5.846527
v -12.732471 3.140239 5.618145
v -13.760185 3.140239 2.763381
v -13.988566 3.482811 2.877572
v -14.331139 3.026049 -0.319764
v -14.559520 3.368620 -0.091382
v -12.960852 3.482811 5.846527
v -11.247993 3.597002 8.929671
v -11.019612 3.254431 8.929671
v -8.050657 5.081481 10.756721
v -8.621610 3.482812 10.414149
v -3.483035 3.825384 13.497294
v -3.483035 4.167956 13.839866
v -6.337799 3.597002 12.355389
v -6.451990 3.939575 12.697961
v -3.483035 4.167956 13.839866
v -0.171509 4.396337 14.410819
v -0.057318 4.053765 14.068247
v -6.337799 3.597002 12.355389
v -6.451990 3.939575 12.697961
v -8.964182 3.482812 10.756721
v -8.964182 3.711194 11.099292
v -6.337799 3.026050 12.355389
v -6.451990 2.683478 12.697961
v -3.483035 3.254431 13.497294
v -3.483035 2.911859 13.839866
v -6.451990 2.683478 12.697961
v -6.337799 3.026050 12.355389
v -8.964182 2.569287 11.099292
v -8.964182 2.797669 10.756721
v -3.483035 2.911859 13.839866
v -0.057318 3.368621 14.068247
v -0.171509 3.140240 14.410819
v 12.046882 4.167955 9.158052
v 12.046882 5.081481 9.158052
v 10.676594 4.167956 9.614815
v 10.676594 5.081481 9.614815
v 3.140018 6.794339 13.154722
v 2.569065 4.396337 13.383104
v 12.046882 5.081481 9.158052
v 12.046882 4.167955 9.158052
v 7.479259 8.393006 6.874241
v 7.479259 0.513858 6.874242
v 5.994781 3.939575 13.040532
v 6.108972 3.711194 13.268913
v 8.735354 4.053765 11.556055
v 8.849545 3.825384 11.670246
v 6.108972 3.711194 13.268913
v 5.994781 3.939575 13.040532
v 2.797446 3.368621 14.182438
v 2.683255 3.597002 14.068247
v 8.735354 4.053765 11.556055
v 8.849545 3.825384 11.670246
v 12.046882 4.167955 9.158052
v 12.161072 4.053764 9.272243
v 2.683255 4.624718 14.182438
v 2.683255 4.396337 14.068247
v 6.108972 4.853099 13.268913
v 5.994781 4.738909 13.040532
v 6.108972 4.853099 13.268913
v 5.994781 4.738909 13.040532
v 8.849545 5.081481 11.670246
v 8.735354 4.853099 11.556055
v 8.849545 5.081481 11.670246
v 8.735354 4.853099 11.556055
v 12.161072 5.309861 9.272243
v 12.046882 5.081481 9.158052
v -3.254654 0.856427 -13.451678
v -5.652656 0.856427 -12.652345
v -2.797892 3.368619 -14.251012
v -6.109418 3.711192 -13.223297
v -8.849991 3.825382 -11.738820
v -6.109418 3.711192 -13.223297
v -8.393229 0.856427 -11.167868
v -5.652656 0.856427 -12.652345
v -12.161518 4.053763 -9.226627
v -8.849991 3.825382 -11.738820
v -10.905422 0.856427 -9.455009
v -8.393229 0.856427 -11.167868
v 6.908306 4.053764 7.445195
v 8.050212 4.396337 6.074907
v 6.908306 0.513858 7.559385
v 8.050212 0.513857 6.074908
v 8.050212 4.396337 6.074907
v 8.963736 4.624718 4.590429
v 8.050212 0.513857 6.074908
v 8.963736 0.513857 4.590430
v 8.963736 4.624718 4.590429
v 9.648879 4.282146 2.306619
v 8.963736 0.513857 4.590430
v 9.648879 0.856428 2.306619
v 9.648879 0.856428 2.306619
v 9.648879 4.282146 2.306619
v 9.877260 0.856428 0.822142
v 9.877260 4.396336 0.822142
v 9.877260 4.396336 0.822142
v 9.877260 4.510527 -0.776526
v 9.877260 0.856428 0.822142
v 9.877260 0.856428 -0.776526
v 9.763070 4.967289 -0.890716
v 9.648879 5.195670 -2.146812
v 9.763070 0.513857 -0.890716
v 9.648879 0.513857 -2.146812
v 9.648879 5.195670 -2.146812
v 9.192117 5.309860 -4.088052
v 9.648879 0.513857 -2.146812
v 9.192117 0.513857 -4.088052
v 9.192117 5.309860 -4.088052
v 8.050212 4.853097 -5.915102
v 9.192117 0.513857 -4.088052
v 8.050212 0.856428 -5.915101
v 8.050212 4.853097 -5.915102
v 7.022497 5.081480 -7.057007
v 8.050212 0.856428 -5.915101
v 7.022497 0.856427 -7.057007
v 7.022497 5.081480 -7.057007
v 5.880591 5.309860 -8.198912
v 7.022497 0.856427 -7.057007
v 5.880591 0.856427 -8.198912
v 5.880591 5.309860 -8.198912
v 4.510304 6.109193 -8.998246
v 5.880591 0.856427 -8.198912
v 4.510304 0.513856 -8.998246
v 2.911637 6.451766 -9.455010
v 0.856206 6.223384 -9.797580
v 2.911637 0.513856 -9.455009
v 0.856206 0.856427 -9.797580
v 0.856206 6.223384 -9.797580
v -0.628271 6.680146 -9.797581
v 0.856206 0.856427 -9.797580
v -0.628271 0.970618 -9.797580
v -0.628271 6.680146 -9.797581
v -2.226939 7.022717 -9.569200
v -0.628271 0.970618 -9.797580
v -2.226939 0.970618 -9.569199
v -2.226939 7.022717 -9.569200
v -3.939797 8.164623 -8.998247
v -2.226939 0.970618 -9.569199
v -3.939797 0.513856 -8.998246
v -3.939797 8.164623 -8.998247
v -5.538465 8.393004 -8.427294
v -3.939797 0.513856 -8.998246
v -5.538465 0.513856 -8.427293
v -5.538465 8.393004 -8.427294
v -7.479705 8.393004 -6.828627
v -5.538465 0.513856 -8.427293
v -7.479705 0.513856 -6.828626
v 8.735354 4.053765 9.843196
v 10.562404 4.396337 8.472910
v 6.908306 4.053764 7.445195
v 8.050212 4.396337 6.074907
v 10.562404 4.396337 8.472910
v 12.161072 4.624718 6.303288
v 8.050212 4.396337 6.074907
v 8.963736 4.624718 4.590429
v 12.161072 4.624718 6.303288
v 13.074596 4.738908 3.448524
v 8.963736 4.624718 4.590429
v 9.648879 4.738908 2.306618
v 12.846215 4.282146 3.105953
v 13.302978 4.396336 1.164714
v 9.648879 4.282146 2.306619
v 9.877260 4.396336 0.822142
v 13.302978 4.396336 1.164714
v 13.302978 4.510527 -0.548145
v 9.877260 4.396336 0.822142
v 9.877260 4.510527 -0.776526
v 13.188787 4.967289 -0.776526
v 12.846215 5.195670 -2.603575
v 9.763070 4.967289 -0.890716
v 9.648879 5.195670 -2.146812
v 12.846215 5.195670 -2.603575
v 11.818501 5.309860 -5.458340
v 9.648879 5.195670 -2.146812
v 9.192117 5.309860 -4.088052
v 11.818501 5.309860 -5.458340
v 10.676594 5.424050 -7.513770
v 9.192117 5.309860 -4.088052
v 8.050212 5.424050 -5.915102
v 10.562404 4.853097 -7.742150
v 9.534689 5.081480 -9.455009
v 8.050212 4.853097 -5.915102
v 7.022497 5.081480 -7.057007
v 9.534689 5.081480 -9.455009
v 7.821830 5.309859 -10.596913
v 7.022497 5.081480 -7.057007
v 5.880591 5.309860 -8.198912
v 7.707640 5.766622 -10.482723
v 6.108972 6.109193 -11.510439
v 5.880591 5.766623 -8.198912
v 4.510304 6.109193 -8.998246
v 6.108972 6.109193 -11.510439
v 3.254208 6.451765 -12.538155
v 4.510304 6.109193 -8.998246
v 2.911637 6.451766 -9.455010
v 3.254208 6.451765 -12.538155
v 0.856206 7.022717 -13.109108
v 2.911637 6.451766 -9.455010
v 0.856206 7.022717 -9.797581
v 0.856206 6.223384 -13.223297
v -0.970843 6.680146 -13.337488
v 0.856206 6.223384 -9.797580
v -0.628271 6.680146 -9.797581
v -0.970843 6.680146 -13.337488
v -3.140463 7.022717 -12.994917
v -0.628271 6.680146 -9.797581
v -2.226939 7.022717 -9.569200
v -3.140463 7.707861 -12.994917
v -5.424275 8.164623 -12.309772
v -2.226939 7.707861 -9.683391
v -3.939797 8.164623 -8.998247
v -5.424275 8.164623 -12.309772
v -8.050657 8.393004 -10.825296
v -3.939797 8.164623 -8.998247
v -5.538465 8.393004 -8.427294
v -8.050657 8.393004 -10.825296
v -10.334468 8.393004 -9.340818
v -5.538465 8.393004 -8.427294
v -7.479705 8.393004 -6.828627
v 6.908306 0.513858 7.559385
v 8.050212 0.513857 6.074908
v 8.735354 0.513858 9.843196
v 10.562404 0.513858 8.472910
v 8.050212 0.513857 6.074908
v 8.963736 0.513857 4.590430
v 10.562404 0.513858 8.472910
v 12.161072 0.513857 6.417480
v 8.963736 0.513857 4.590430
v 9.648879 0.513857 2.306619
v 12.161072 0.513857 6.417480
v 13.188787 0.513857 3.448525
v 9.877260 0.856428 0.822142
v 9.877260 0.856428 -0.776526
v 13.417169 0.856428 1.278904
v 13.759740 0.856428 -0.548145
v 9.763070 0.513857 -0.890716
v 9.648879 0.513857 -2.146812
v 13.188787 0.513857 -0.776526
v 12.846215 0.513857 -2.603575
v 9.648879 0.513857 -2.146812
v 9.192117 0.513857 -4.088052
v 12.846215 0.513857 -2.603575
v 11.818501 0.513857 -5.458339
v 9.192117 0.513857 -4.088052
v 8.050212 0.513857 -5.915101
v 11.818501 0.513857 -5.458339
v 10.676594 0.513856 -7.627959
v 8.050212 0.856428 -5.915101
v 7.022497 0.856427 -7.057007
v 10.790785 0.856427 -7.856340
v 9.648879 0.856427 -9.569199
v 7.022497 0.856427 -7.057007
v 5.880591 0.856427 -8.198912
v 9.648879 0.856427 -9.569199
v 8.050212 0.856427 -10.711105
v 5.880591 0.513856 -8.198912
v 4.510304 0.513856 -8.998246
v 7.821830 0.513856 -10.482723
v 6.108972 0.513856 -11.510439
v 4.510304 0.513856 -8.998246
v 2.911637 0.513856 -9.455009
v 6.108972 0.513856 -11.510439
v 3.254208 0.513856 -12.538154
v 2.911637 0.513856 -9.455009
v 0.856206 0.513856 -9.797580
v 3.254208 0.513856 -12.538154
v 0.856206 0.513856 -13.109107
v 0.856206 0.856427 -9.797580
v -0.628271 0.970618 -9.797580
v 0.856206 0.856427 -13.451678
v -1.085033 0.970618 -13.565868
v -0.628271 0.970618 -9.797580
v -2.226939 0.970618 -9.569199
v -1.085033 0.970618 -13.565868
v -3.140463 0.856427 -13.223297
v -2.226939 0.513856 -9.683390
v -3.939797 0.513856 -8.998246
v -3.140463 0.513856 -12.994916
v -5.424275 0.513856 -12.195582
v -3.939797 0.513856 -8.998246
v -5.538465 0.513856 -8.427293
v -5.424275 0.513856 -12.195582
v -8.050657 0.513856 -10.825295
v -5.538465 0.513856 -8.427293
v -7.479705 0.513856 -6.828626
v -8.050657 0.513856 -10.825295
v -10.448659 0.513856 -9.226627
v 9.877260 0.856428 -0.776526
v 9.877260 4.510527 -0.776526
v 9.763070 0.513857 -0.890716
v 9.763070 4.967289 -0.890716
v 9.877260 4.510527 -0.776526
v 13.302978 4.510527 -0.548145
v 9.763070 4.967289 -0.890716
v 13.188787 4.967289 -0.776526
v 13.759740 0.856428 -0.548145
v 9.877260 0.856428 -0.776526
v 13.188787 0.513857 -0.776526
v 9.763070 0.513857 -0.890716
v 8.050212 0.856428 -5.915101
v 10.790785 0.856427 -7.856340
v 8.050212 0.513857 -5.915101
v 10.676594 0.513856 -7.627959
v 5.880591 5.309860 -8.198912
v 7.821830 5.309859 -10.596913
v 5.880591 5.766623 -8.198912
v 7.707640 5.766622 -10.482723
v 8.050212 0.856427 -10.711105
v 5.880591 0.856427 -8.198912
v 7.821830 0.513856 -10.482723
v 5.880591 0.513856 -8.198912
v 0.856206 0.856427 -9.797580
v 0.856206 0.856427 -13.451678
v 0.856206 0.513856 -9.797580
v 0.856206 0.513856 -13.109107
v -2.226939 7.022717 -9.569200
v -3.140463 7.022717 -12.994917
v -2.226939 7.707861 -9.683391
v -3.140463 7.707861 -12.994917
v -3.140463 0.856427 -13.223297
v -2.226939 0.970618 -9.569199
v -3.140463 0.513856 -12.994916
v -2.226939 0.513856 -9.683390
v 13.417169 2.683477 1.278904
v 13.645549 3.026049 0.251189
v 13.417169 4.282146 1.278904
v 13.531359 4.396336 -0.319764
v 10.562404 3.254429 -8.541484
v 9.648879 3.026048 -9.569199
v 10.676594 4.738907 -7.856340
v 9.648879 4.967288 -9.569199
v 9.648879 3.026048 -9.569199
v 8.621164 3.482810 -10.368532
v 9.648879 4.967288 -9.569199
v 8.050212 5.081479 -10.711105
v 0.056872 4.053763 -13.565868
v -1.085033 3.825382 -13.565868
v 0.742016 6.109193 -13.451678
v -1.085033 6.451765 -13.565869
v -1.085033 3.825382 -13.565868
v -2.569510 4.396335 -13.337487
v -1.085033 6.451765 -13.565869
v -3.140463 6.794337 -13.223298
v 12.275263 0.856428 -5.686720
v 11.019167 0.856427 -7.970531
v 12.960406 2.226715 -5.800910
v 11.247548 2.340904 -8.998246
v 3.368399 0.856427 -13.109107
v 0.742016 0.856427 -13.565868
v 3.482589 2.911857 -13.794250
v 0.171063 3.140238 -14.365203
v 2.911637 0.513856 -9.455009
v 4.510304 0.513856 -8.998246
v 2.911637 6.451766 -9.455010
v 4.510304 6.109193 -8.998246
v 13.417169 4.282146 1.278904
v 13.074596 4.167955 3.105953
v 13.417169 2.683477 1.278904
v 13.188787 2.683477 2.763381
v 13.302978 4.738908 -2.717766
v 13.759740 4.738908 -0.433954
v 13.988121 3.482811 -2.831956
v 14.559073 3.368620 0.136999
v 12.275263 4.853097 -5.686720
v 13.302978 4.738908 -2.717766
v 12.960406 3.482810 -5.800910
v 13.988121 3.482811 -2.831956
v 6.337353 5.766622 -11.967201
v 8.164402 5.424050 -10.825295
v 6.451544 3.939573 -12.652345
v 8.963736 3.711192 -11.053677
v -8.393229 8.050432 -11.282059
v -5.652656 7.822051 -12.766536
v -8.849991 5.081479 -11.738820
v -6.109418 4.853097 -13.223297
v -10.905422 8.050432 -9.569200
v -8.393229 8.050432 -11.282059
v -12.161518 5.309860 -9.226627
v -8.849991 5.081479 -11.738820
v 11.247548 3.597000 -8.998246
v 11.019167 3.254429 -8.884055
v 3.368399 6.109193 -13.109107
v 6.337353 5.766622 -11.967201
v 3.482589 4.167954 -13.794250
v 6.451544 3.939573 -12.652345
v 3.482589 4.167954 -13.794250
v 0.171063 4.396335 -14.365203
v 3.368399 6.109193 -13.109107
v 0.627825 6.565956 -13.565869
v 9.077927 0.970620 10.185768
v 10.904975 0.970620 8.815481
v 9.306308 1.998335 10.528339
v 11.133357 1.998335 9.158052
v 10.904975 0.970620 8.815481
v 12.617834 0.970619 6.645861
v 11.133357 1.998335 9.158052
v 12.846215 2.112525 6.874242
v 12.617834 0.970619 6.645861
v 13.645549 0.856428 3.334334
v 12.846215 2.112525 6.874242
v 14.216502 2.112524 3.220144
v 13.988121 2.226715 -2.831956
v 14.559073 2.226715 0.136999
v 13.302978 0.856428 -2.717765
v 13.759740 0.742238 -0.548145
v 12.960406 2.226715 -5.800910
v 13.988121 2.226715 -2.831956
v 12.275263 0.856428 -5.686720
v 13.302978 0.856428 -2.717765
v 6.451544 2.683476 -12.652345
v 8.963736 2.569285 -11.053677
v 6.337353 0.856427 -11.967201
v 8.164402 0.856427 -10.825295
v 3.482589 2.911857 -13.794250
v 6.451544 2.683476 -12.652345
v 3.368399 0.856427 -13.109107
v 6.337353 0.856427 -11.967201
v 9.306308 2.683478 10.528339
v 11.133357 2.797669 9.158052
v 9.077927 3.711194 10.185768
v 10.904975 3.939575 8.815481
v 11.133357 2.797669 9.158052
v 12.846215 2.911859 6.874242
v 10.904975 3.939575 8.815481
v 12.617834 4.167955 6.645861
v 12.846215 2.911859 6.874242
v 14.216502 2.911858 3.220144
v 12.617834 4.167955 6.645861
v 13.645549 4.396337 3.448525
v -2.683701 4.624716 -14.251012
v -6.109418 4.853097 -13.223297
v -3.254654 7.365289 -13.565869
v -5.652656 7.822051 -12.766536
v 14.216502 2.911858 3.220144
v 14.102311 2.683477 3.105953
v 0.171063 4.396335 -14.365203
v 0.056872 4.053763 -14.022631
v 12.960406 3.482810 -5.800910
v 11.247548 3.597000 -8.998246
v 12.275263 4.853097 -5.686720
v 11.019167 4.967288 -8.084722
v 10.904975 2.226716 8.929671
v 10.904975 2.683478 8.929671
v 9.077927 2.112525 10.185768
v 9.077927 2.569287 10.185768
v 12.503644 2.683477 6.760051
v 10.904975 2.683478 8.929671
v 12.503644 2.226716 6.760051
v 10.904975 2.226716 8.929671
v 13.188787 2.683477 2.763381
v 12.503644 2.683477 6.760051
v 13.188787 2.226715 2.763381
v 12.503644 2.226716 6.760051
v -5.766846 4.738907 -12.538154
v -2.569510 4.396335 -13.337487
v -5.766846 3.939573 -12.538154
v -2.569510 3.597000 -13.337487
v 13.302978 3.140239 -2.717765
v 13.645549 3.026049 0.251189
v 13.302978 2.569286 -2.717765
v 13.645549 2.455096 0.251189
v 12.275263 3.140239 -5.458339
v 13.302978 3.140239 -2.717765
v 12.275263 2.569286 -5.458339
v 13.302978 2.569286 -2.717765
v 10.562404 2.683476 -8.541484
v 12.275263 3.140239 -5.458339
v 10.562404 3.254429 -8.541484
v 6.108972 3.597000 -12.081391
v 8.621164 3.482810 -10.368532
v 6.108972 3.026048 -12.081391
v 8.621164 2.797667 -10.368532
v 3.368399 3.825382 -13.109107
v 6.108972 3.597000 -12.081391
v 3.368399 3.254429 -13.109107
v 6.108972 3.026048 -12.081391
v 0.056872 3.368619 -13.565868
v 0.056872 4.053763 -13.565868
v 3.368399 3.254429 -13.109107
v 3.368399 3.825382 -13.109107
v -8.393229 4.853097 -11.167868
v -5.766846 4.738907 -12.538154
v -8.393229 4.167954 -11.167868
v -5.766846 3.939573 -12.538154
v -10.677040 5.081479 -9.683390
v -8.393229 4.853097 -11.167868
v -10.677040 4.167954 -9.683390
v -8.393229 4.167954 -11.167868
v 12.732025 2.683477 6.874242
v 11.019167 2.683478 9.043862
v 12.503644 2.683477 6.760051
v 10.904975 2.683478 8.929671
v 14.102311 2.683477 3.105953
v 12.732025 2.683477 6.874242
v 13.188787 2.683477 2.763381
v 12.503644 2.683477 6.760051
v 9.192117 2.112525 10.414149
v 11.019167 2.226716 9.043862
v 9.077927 2.112525 10.185768
v 10.904975 2.226716 8.929671
v 11.019167 2.226716 9.043862
v 12.732025 2.226716 6.874242
v 10.904975 2.226716 8.929671
v 12.503644 2.226716 6.760051
v 12.732025 2.226716 6.874242
v 14.102311 2.226715 3.105953
v 12.503644 2.226716 6.760051
v 13.188787 2.226715 2.763381
v 11.019167 2.683478 9.043862
v 9.192117 2.569287 10.414149
v 10.904975 2.683478 8.929671
v 9.077927 2.569287 10.185768
v 11.019167 3.254429 -8.884055
v 12.732025 3.140239 -5.686720
v 10.562404 3.254429 -8.541484
v 12.275263 3.140239 -5.458339
v 14.330692 2.455096 0.251189
v 13.759740 2.569286 -2.831956
v 13.645549 2.455096 0.251189
v 13.302978 2.569286 -2.717765
v 13.759740 2.569286 -2.831956
v 12.732025 2.569286 -5.686720
v 13.302978 2.569286 -2.717765
v 12.275263 2.569286 -5.458339
v 12.732025 2.569286 -5.686720
v 11.019167 2.683476 -8.884055
v 12.275263 2.569286 -5.458339
v 10.562404 2.683476 -8.541484
v 13.759740 3.140239 -2.831956
v 14.330692 3.026049 0.251189
v 13.302978 3.140239 -2.717765
v 13.645549 3.026049 0.251189
v 12.732025 3.140239 -5.686720
v 13.759740 3.140239 -2.831956
v 12.275263 3.140239 -5.458339
v 13.302978 3.140239 -2.717765
v 3.482589 3.825382 -13.565868
v 6.337353 3.597000 -12.423964
v 3.368399 3.825382 -13.109107
v 6.108972 3.597000 -12.081391
v 0.056872 4.053763 -14.022631
v 3.482589 3.825382 -13.565868
v 0.056872 4.053763 -13.565868
v 3.368399 3.825382 -13.109107
v 8.963736 2.797667 -10.825295
v 6.337353 3.026048 -12.423964
v 8.621164 2.797667 -10.368532
v 6.108972 3.026048 -12.081391
v 6.337353 3.026048 -12.423964
v 3.482589 3.254429 -13.565868
v 6.108972 3.026048 -12.081391
v 3.368399 3.254429 -13.109107
v 3.482589 3.254429 -13.565868
v 0.056872 3.368619 -14.022631
v 3.368399 3.254429 -13.109107
v 0.056872 3.368619 -13.565868
v 6.337353 3.597000 -12.423964
v 8.963736 3.482810 -10.825295
v 6.108972 3.597000 -12.081391
v 8.621164 3.482810 -10.368532
v -5.995227 4.738907 -12.994916
v -2.683701 4.396335 -14.022631
v -5.766846 4.738907 -12.538154
v -2.569510 4.396335 -13.337487
v -2.683701 3.597000 -14.022631
v -5.995227 3.939573 -12.994916
v -2.569510 3.597000 -13.337487
v -5.766846 3.939573 -12.538154
v -5.995227 3.939573 -12.994916
v -8.735801 4.053763 -11.510439
v -5.766846 3.939573 -12.538154
v -8.393229 4.167954 -11.167868
v -8.735801 4.053763 -11.510439
v -12.047327 4.167954 -9.112436
v -8.393229 4.167954 -11.167868
v -10.677040 4.167954 -9.683390
v -8.735801 4.853097 -11.510439
v -5.995227 4.738907 -12.994916
v -8.393229 4.853097 -11.167868
v -5.766846 4.738907 -12.538154
v -12.047327 5.081480 -9.112436
v -8.735801 4.853097 -11.510439
v -10.677040 5.081479 -9.683390
v -8.393229 4.853097 -11.167868
v 9.077927 3.711194 10.185768
v 9.077927 2.569287 10.185768
v 9.306308 2.683478 10.528339
v 9.192117 2.569287 10.414149
v 8.735354 4.053765 9.843196
v 9.077927 3.711194 10.185768
v 10.562404 4.396337 8.472910
v 10.904975 3.939575 8.815481
v 10.562404 4.396337 8.472910
v 10.904975 3.939575 8.815481
v 12.161072 4.624718 6.303288
v 12.617834 4.167955 6.645861
v 12.161072 4.624718 6.303288
v 12.617834 4.167955 6.645861
v 13.074596 4.738908 3.448524
v 13.645549 4.396337 3.448525
v 12.846215 5.195670 -2.603575
v 13.302978 4.738908 -2.717766
v 11.818501 5.309860 -5.458340
v 12.275263 4.853097 -5.686720
v 13.302978 4.738908 -2.717766
v 12.846215 5.195670 -2.603575
v 13.759740 4.738908 -0.433954
v 13.188787 4.967289 -0.776526
v 11.818501 5.309860 -5.458340
v 12.275263 4.853097 -5.686720
v 10.676594 5.424050 -7.513770
v 11.019167 4.967288 -8.084722
v 6.108972 6.109193 -11.510439
v 6.337353 5.766622 -11.967201
v 3.254208 6.451765 -12.538155
v 3.368399 6.109193 -13.109107
v 6.337353 5.766622 -11.967201
v 6.108972 6.109193 -11.510439
v 8.164402 5.424050 -10.825295
v 7.707640 5.766622 -10.482723
v -5.424275 8.164623 -12.309772
v -5.652656 7.822051 -12.766536
v -8.050657 8.393004 -10.825296
v -8.393229 8.050432 -11.282059
v -5.652656 7.822051 -12.766536
v -5.424275 8.164623 -12.309772
v -3.254654 7.365289 -13.565869
v -3.140463 7.707861 -12.994917
v -8.050657 8.393004 -10.825296
v -8.393229 8.050432 -11.282059
v -10.334468 8.393004 -9.340818
v -10.905422 8.050432 -9.569200
v 3.254208 6.451765 -12.538155
v 3.368399 6.109193 -13.109107
v 0.856206 7.022717 -13.109108
v 0.627825 6.565956 -13.565869
v 9.077927 0.970620 10.185768
v 8.735354 0.513858 9.843196
v 10.904975 0.970620 8.815481
v 10.562404 0.513858 8.472910
v 10.904975 0.970620 8.815481
v 10.562404 0.513858 8.472910
v 12.617834 0.970619 6.645861
v 12.161072 0.513857 6.417480
v 12.617834 0.970619 6.645861
v 12.161072 0.513857 6.417480
v 13.645549 0.856428 3.334334
v 13.188787 0.513857 3.448525
v 12.846215 0.513857 -2.603575
v 13.302978 0.856428 -2.717765
v 13.188787 0.513857 -0.776526
v 13.759740 0.742238 -0.548145
v 13.302978 0.856428 -2.717765
v 12.846215 0.513857 -2.603575
v 12.275263 0.856428 -5.686720
v 11.818501 0.513857 -5.458339
v 12.275263 0.856428 -5.686720
v 11.818501 0.513857 -5.458339
v 11.019167 0.856427 -7.970531
v 10.676594 0.513856 -7.627959
v 6.108972 0.513856 -11.510439
v 6.337353 0.856427 -11.967201
v 7.821830 0.513856 -10.482723
v 8.164402 0.856427 -10.825295
v 6.337353 0.856427 -11.967201
v 6.108972 0.513856 -11.510439
v 3.368399 0.856427 -13.109107
v 3.254208 0.513856 -12.538154
v -5.424275 0.513856 -12.195582
v -5.652656 0.856427 -12.652345
v -3.140463 0.513856 -12.994916
v -3.254654 0.856427 -13.451678
v -5.652656 0.856427 -12.652345
v -5.424275 0.513856 -12.195582
v -8.393229 0.856427 -11.167868
v -8.050657 0.513856 -10.825295
v -8.393229 0.856427 -11.167868
v -8.050657 0.513856 -10.825295
v -10.905422 0.856427 -9.455009
v -10.448659 0.513856 -9.226627
v 3.368399 0.856427 -13.109107
v 3.254208 0.513856 -12.538154
v 0.742016 0.856427 -13.565868
v 0.856206 0.513856 -13.109107
v 9.648879 0.856428 2.306619
v 13.074596 0.856428 3.220144
v 9.648879 0.513857 2.306619
v 13.188787 0.513857 3.448525
v 9.648879 0.856428 2.306619
v 9.877260 0.856428 0.822142
v 13.074596 0.856428 3.220144
v 13.417169 0.856428 1.278904
v 12.846215 4.282146 3.105953
v 9.648879 4.282146 2.306619
v 13.074596 4.738908 3.448524
v 9.648879 4.738908 2.306618
v 10.562404 4.853097 -7.742150
v 8.050212 4.853097 -5.915102
v 10.676594 5.424050 -7.513770
v 8.050212 5.424050 -5.915102
v 0.856206 6.223384 -13.223297
v 0.856206 6.223384 -9.797580
v 0.856206 7.022717 -13.109108
v 0.856206 7.022717 -9.797581
v 12.846215 4.282146 3.105953
v 13.074596 4.167955 3.105953
v 13.302978 4.396336 1.164714
v 13.417169 4.282146 1.278904
v 13.302978 4.396336 1.164714
v 13.417169 4.282146 1.278904
v 13.302978 4.510527 -0.548145
v 13.531359 4.396336 -0.319764
v 10.562404 4.853097 -7.742150
v 10.676594 4.738907 -7.856340
v 9.534689 5.081480 -9.455009
v 9.648879 4.967288 -9.569199
v 9.534689 5.081480 -9.455009
v 9.648879 4.967288 -9.569199
v 7.821830 5.309859 -10.596913
v 8.050212 5.081479 -10.711105
v 0.856206 6.223384 -13.223297
v 0.742016 6.109193 -13.451678
v -0.970843 6.680146 -13.337488
v -1.085033 6.451765 -13.565869
v -0.970843 6.680146 -13.337488
v -1.085033 6.451765 -13.565869
v -3.140463 7.022717 -12.994917
v -3.140463 6.794337 -13.223298
v 9.306308 1.998335 10.528339
v 9.192117 2.112525 10.414149
v 9.077927 0.970620 10.185768
v 9.077927 2.112525 10.185768
v 9.192117 2.112525 10.414149
v 9.306308 1.998335 10.528339
v 11.019167 2.226716 9.043862
v 11.133357 1.998335 9.158052
v 11.019167 2.226716 9.043862
v 11.133357 1.998335 9.158052
v 12.732025 2.226716 6.874242
v 12.846215 2.112525 6.874242
v 12.732025 2.226716 6.874242
v 12.846215 2.112525 6.874242
v 14.102311 2.226715 3.105953
v 14.216502 2.112524 3.220144
v 9.306308 2.683478 10.528339
v 9.192117 2.569287 10.414149
v 11.133357 2.797669 9.158052
v 11.019167 2.683478 9.043862
v 11.133357 2.797669 9.158052
v 11.019167 2.683478 9.043862
v 12.846215 2.911859 6.874242
v 12.732025 2.683477 6.874242
v 12.846215 2.911859 6.874242
v 12.732025 2.683477 6.874242
v 14.216502 2.911858 3.220144
v 14.102311 2.683477 3.105953
v 13.531359 4.396336 -0.319764
v 13.645549 3.026049 0.251189
v 14.330692 2.455096 0.251189
v 14.559073 2.226715 0.136999
v 13.759740 2.569286 -2.831956
v 13.988121 2.226715 -2.831956
v 13.759740 2.569286 -2.831956
v 13.988121 2.226715 -2.831956
v 12.732025 2.569286 -5.686720
v 12.960406 2.226715 -5.800910
v 12.960406 2.226715 -5.800910
v 11.019167 2.683476 -8.884055
v 11.247548 2.340904 -8.998246
v 13.988121 3.482811 -2.831956
v 13.759740 3.140239 -2.831956
v 12.960406 3.482810 -5.800910
v 12.732025 3.140239 -5.686720
v 13.759740 3.140239 -2.831956
v 13.988121 3.482811 -2.831956
v 14.330692 3.026049 0.251189
v 14.559073 3.368620 0.136999
v 12.960406 3.482810 -5.800910
v 11.247548 3.597000 -8.998246
v 11.019167 3.254429 -8.884055
v 8.050212 5.081479 -10.711105
v 8.621164 3.482810 -10.368532
v 3.482589 3.825382 -13.565868
v 3.482589 4.167954 -13.794250
v 6.337353 3.597000 -12.423964
v 6.451544 3.939573 -12.652345
v 3.482589 4.167954 -13.794250
v 0.171063 4.396335 -14.365203
v 0.056872 4.053763 -14.022631
v 6.337353 3.597000 -12.423964
v 6.451544 3.939573 -12.652345
v 8.963736 3.482810 -10.825295
v 8.963736 3.711192 -11.053677
v 6.337353 3.026048 -12.423964
v 6.451544 2.683476 -12.652345
v 3.482589 3.254429 -13.565868
v 3.482589 2.911857 -13.794250
v 6.451544 2.683476 -12.652345
v 6.337353 3.026048 -12.423964
v 8.963736 2.569285 -11.053677
v 8.963736 2.797667 -10.825295
v 3.482589 2.911857 -13.794250
v 0.056872 3.368619 -14.022631
v 0.171063 3.140238 -14.365203
v -12.047327 4.167954 -9.112436
v -12.047327 5.081480 -9.112436
v -10.677040 4.167954 -9.683390
v -10.677040 5.081479 -9.683390
v -3.140463 6.794337 -13.223298
v -2.569510 4.396335 -13.337487
v -12.047327 5.081480 -9.112436
v -12.047327 4.167954 -9.112436
v -7.479705 8.393004 -6.828627
v -7.479705 0.513856 -6.828626
v -5.995227 3.939573 -12.994916
v -6.109418 3.711192 -13.223297
v -8.735801 4.053763 -11.510439
v -8.849991 3.825382 -11.738820
v -6.109418 3.711192 -13.223297
v -5.995227 3.939573 -12.994916
v -2.797892 3.368619 -14.251012
v -2.683701 3.597000 -14.022631
v -8.735801 4.053763 -11.510439
v -8.849991 3.825382 -11.738820
v -12.047327 4.167954 -9.112436
v -12.161518 4.053763 -9.226627
v -2.683701 4.624716 -14.251012
v -2.683701 4.396335 -14.022631
v -6.109418 4.853097 -13.223297
v -5.995227 4.738907 -12.994916
v -6.109418 4.853097 -13.223297
v -5.995227 4.738907 -12.994916
v -8.849991 5.081479 -11.738820
v -8.735801 4.853097 -11.510439
v -8.849991 5.081479 -11.738820
v -8.735801 4.853097 -11.510439
v -12.161518 5.309860 -9.226627
v -12.047327 5.081480 -9.112436
v 6.794116 7.365290 -5.344150
v 4.281923 7.365290 -5.001576
v 5.423829 7.365290 -4.773195
v 4.738685 7.365290 -4.659006
v 4.967066 7.365290 -5.915102
v 6.794116 7.365290 -5.344150
v 5.309638 7.251100 -6.029293
v 6.679925 7.251100 -5.686720
v 5.309638 7.251100 -6.029293
v 6.679925 7.251100 -5.686720
v 5.766401 7.365290 -6.143483
v 6.794116 7.365290 -5.800910
v 5.652210 6.337574 -6.600245
v 6.451544 7.136909 -6.257673
v 5.994781 6.337574 -6.714436
v 6.679925 6.794338 -6.600245
v 5.994781 6.337574 -6.714436
v 6.679925 6.794338 -6.600245
v 6.565734 6.337574 -7.171197
v 6.794116 6.109193 -7.742150
v 3.482589 5.652431 -4.773195
v 4.053542 5.652431 -4.202242
v 3.710970 6.794338 -4.887386
v 4.281923 6.794338 -4.430624
v 5.195447 5.652431 -4.316433
v 5.309638 6.794338 -4.430624
v 7.365068 5.652431 -5.344150
v 7.250878 6.794338 -5.344150
v 4.624495 5.652431 -6.143483
v 3.482589 5.652431 -4.773195
v 4.738685 6.794338 -6.143483
v 3.710970 6.794338 -4.887386
v 7.365068 5.652431 -5.344150
v 7.479259 5.652431 -5.572529
v 7.250878 6.794338 -5.344150
v 7.250878 6.794338 -5.686720
v 4.967066 5.652431 -6.257673
v 4.624495 5.652431 -6.143483
v 5.081257 6.794338 -6.257673
v 4.738685 6.794338 -6.143483
v 7.479259 5.652431 -5.572529
v 7.821830 5.652431 -5.800910
v 7.250878 6.794338 -5.686720
v 7.593450 6.794338 -5.800910
v 7.821830 5.652431 -5.800910
v 7.365068 5.652431 -6.029293
v 7.593450 6.794338 -5.800910
v 7.136687 6.337574 -6.029293
v 5.652210 5.652431 -6.714436
v 5.195447 5.652431 -6.600245
v 5.652210 6.337574 -6.600245
v 5.195447 6.794338 -6.486054
v 5.195447 5.652431 -6.600245
v 4.967066 5.652431 -6.257673
v 5.195447 6.794338 -6.486054
v 5.081257 6.794338 -6.257673
v 7.365068 5.652431 -6.029293
v 7.479259 5.652431 -6.600245
v 7.136687 6.337574 -6.029293
v 7.250878 6.337574 -6.486054
v 5.994781 5.652431 -6.942816
v 5.652210 5.652431 -6.714436
v 5.652210 6.337574 -6.600245
v 7.250878 6.337574 -6.486054
v 6.794116 5.652431 -8.198912
v 7.479259 5.652431 -6.600245
v 6.794116 5.652431 -8.198912
v 6.337353 5.652431 -7.399579
v 6.794116 6.109193 -7.742150
v 6.565734 6.337574 -7.171197
v 6.337353 5.652431 -7.399579
v 5.994781 5.652431 -6.942816
v 5.994781 6.337574 -6.714436
v 3.710970 6.794338 -4.887386
v 4.281923 6.794338 -4.430624
v 4.281923 7.365290 -5.001576
v 4.738685 7.365290 -4.659006
v 4.281923 6.794338 -4.430624
v 5.309638 6.794338 -4.430624
v 4.738685 7.365290 -4.659006
v 5.423829 7.365290 -4.773195
v 5.309638 6.794338 -4.430624
v 7.250878 6.794338 -5.344150
v 5.423829 7.365290 -4.773195
v 6.794116 7.365290 -5.344150
v 4.967066 7.365290 -5.915102
v 7.250878 6.794338 -5.686720
v 6.679925 7.251100 -5.686720
v 5.309638 7.251100 -6.029293
v 5.081257 6.794338 -6.257673
v 7.593450 6.794338 -5.800910
v 7.022497 7.365290 -5.686720
v 7.136687 6.337574 -6.029293
v 7.022497 7.365290 -5.686720
v 6.794116 7.365290 -5.800910
v 5.652210 6.337574 -6.600245
v 5.195447 6.794338 -6.486054
v 5.766401 7.365290 -6.143483
v 5.423829 7.365290 -6.143483
v 5.081257 6.794338 -6.257673
v 5.309638 7.251100 -6.029293
v 6.451544 7.136909 -6.257673
v 7.136687 6.337574 -6.029293
v 6.794116 7.365290 -5.800910
v 6.679925 6.794338 -6.600245
v 7.136687 6.337574 -6.029293
v 5.081257 7.365290 -6.714436
v 3.368399 7.365290 -5.572529
v 4.396113 7.365290 -5.686720
v 3.939351 7.365290 -5.458340
v 3.368399 7.365290 -6.486054
v 5.081257 7.365290 -6.714436
v 3.596780 7.251100 -6.714436
v 4.967066 7.251100 -6.942816
v 3.596780 7.251100 -6.714436
v 4.967066 7.251100 -6.942816
v 3.710970 7.365290 -6.942816
v 4.852876 7.365290 -7.057007
v 3.596780 6.337574 -7.171197
v 4.396113 7.022717 -7.285388
v 3.939351 6.337574 -7.513770
v 4.510304 6.794338 -7.627959
v 3.939351 6.337574 -7.513770
v 4.510304 6.794338 -7.627959
v 4.281923 6.337574 -8.084723
v 4.624495 5.995004 -8.655674
v 2.911637 5.652431 -5.001576
v 3.710970 5.652431 -4.773195
v 3.025827 6.794338 -5.229959
v 3.825161 6.794338 -5.001576
v 3.710970 5.652431 -4.773195
v 4.624495 5.652431 -5.229959
v 3.825161 6.794338 -5.001576
v 4.510304 6.794338 -5.458340
v 4.624495 5.652431 -5.229959
v 5.652210 5.652431 -6.942816
v 4.510304 6.794338 -5.458340
v 5.538020 6.794338 -6.828627
v 2.797446 5.652431 -6.486054
v 2.911637 5.652431 -5.001576
v 3.025827 6.794338 -6.486054
v 3.025827 6.794338 -5.229959
v 5.652210 5.652431 -6.942816
v 5.538020 5.652431 -7.171197
v 5.538020 6.794338 -6.828627
v 5.423829 6.794338 -7.171197
v 3.025827 5.652431 -6.828627
v 2.797446 5.652431 -6.486054
v 3.140018 6.794338 -6.828627
v 3.025827 6.794338 -6.486054
v 5.538020 5.652431 -7.171197
v 5.652210 5.652431 -7.399579
v 5.423829 6.794338 -7.171197
v 5.423829 6.794338 -7.399579
v 5.652210 5.652431 -7.399579
v 5.309638 5.652431 -7.513770
v 5.423829 6.794338 -7.399579
v 5.195447 6.337574 -7.399579
v 3.482589 5.652431 -7.285388
v 3.025827 5.652431 -7.057007
v 3.596780 6.337574 -7.171197
v 3.140018 6.794338 -7.057007
v 3.025827 5.652431 -7.057007
v 3.025827 5.652431 -6.828627
v 3.140018 6.794338 -7.057007
v 3.140018 6.794338 -6.828627
v 5.309638 5.652431 -7.513770
v 5.309638 5.652431 -7.970531
v 5.195447 6.337574 -7.399579
v 5.195447 6.337574 -7.856340
v 3.939351 5.652431 -7.627959
v 3.482589 5.652431 -7.285388
v 3.596780 6.337574 -7.171197
v 5.309638 5.652431 -7.970531
v 4.624495 5.652431 -8.769865
v 5.195447 6.337574 -7.856340
v 4.624495 5.652431 -8.769865
v 4.396113 5.652431 -8.198912
v 4.624495 5.995004 -8.655674
v 4.281923 6.337574 -8.084723
v 4.396113 5.652431 -8.198912
v 3.939351 5.652431 -7.627959
v 3.939351 6.337574 -7.513770
v 3.025827 6.794338 -5.229959
v 3.825161 6.794338 -5.001576
v 3.368399 7.365290 -5.572529
v 3.939351 7.365290 -5.458340
v 3.825161 6.794338 -5.001576
v 4.510304 6.794338 -5.458340
v 3.939351 7.365290 -5.458340
v 4.396113 7.365290 -5.686720
v 4.510304 6.794338 -5.458340
v 5.538020 6.794338 -6.828627
v 4.396113 7.365290 -5.686720
v 5.081257 7.365290 -6.714436
v 3.368399 7.365290 -6.486054
v 5.423829 6.794338 -7.171197
v 4.967066 7.251100 -6.942816
v 3.140018 6.794338 -6.828627
v 3.596780 7.251100 -6.714436
v 5.423829 6.794338 -7.399579
v 5.081257 7.365290 -7.057007
v 5.195447 6.337574 -7.399579
v 5.081257 7.365290 -7.057007
v 4.852876 7.365290 -7.057007
v 3.596780 6.337574 -7.171197
v 3.140018 6.794338 -7.057007
v 3.710970 7.365290 -6.942816
v 3.482589 7.365290 -6.828627
v 3.140018 6.794338 -6.828627
v 3.596780 7.251100 -6.714436
v 4.396113 7.022717 -7.285388
v 4.852876 7.365290 -7.057007
v 5.195447 6.337574 -7.399579
v 4.510304 6.794338 -7.627959
v 5.195447 6.337574 -7.399579
v 3.025827 7.022717 -7.285388
v 2.226493 7.022717 -6.029293
v 2.911637 7.022717 -6.371863
v 2.683255 7.022717 -6.029293
v 1.769731 7.022717 -6.714436
v 3.025827 7.022717 -7.285388
v 1.883921 6.908527 -6.942816
v 2.797446 6.908527 -7.399579
v 1.883921 6.908527 -6.942816
v 2.797446 6.908527 -7.399579
v 1.883921 7.022717 -7.171197
v 2.683255 7.022717 -7.513770
v 1.655540 6.223384 -7.285388
v 2.226493 6.794338 -7.627959
v 1.769731 6.223384 -7.742150
v 2.226493 6.565957 -8.084723
v 1.769731 6.223384 -7.742150
v 2.226493 6.565957 -8.084723
v 1.769731 6.223384 -8.313103
v 1.883921 5.995004 -8.769865
v 2.112303 5.652431 -5.458340
v 2.797446 5.652431 -5.572529
v 2.112303 6.565957 -5.686720
v 2.683255 6.565957 -5.686720
v 3.254208 5.652431 -6.143483
v 3.140018 6.565957 -6.257673
v 3.368399 5.652431 -7.627959
v 3.254208 6.565957 -7.513770
v 1.427159 5.652431 -6.600245
v 2.112303 5.652431 -5.458340
v 1.541350 6.565957 -6.714436
v 2.112303 6.565957 -5.686720
v 3.368399 5.652431 -7.627959
v 3.140018 5.652431 -7.742150
v 3.254208 6.565957 -7.513770
v 3.025827 6.565957 -7.627959
v 1.427159 5.652431 -6.942816
v 1.427159 5.652431 -6.600245
v 1.541350 6.565957 -6.942816
v 1.541350 6.565957 -6.714436
v 3.140018 5.652431 -7.742150
v 3.140018 5.652431 -7.970531
v 3.025827 6.565957 -7.627959
v 3.025827 6.565957 -7.856340
v 3.140018 5.652431 -7.970531
v 2.911637 5.652431 -7.970531
v 3.025827 6.565957 -7.856340
v 2.797446 6.223384 -7.856340
v 1.655540 5.652431 -7.399579
v 1.312968 5.652431 -7.057007
v 1.655540 6.223384 -7.285388
v 1.427159 6.565957 -7.057007
v 1.312968 5.652431 -7.057007
v 1.427159 5.652431 -6.942816
v 1.427159 6.565957 -7.057007
v 1.541350 6.565957 -6.942816
v 2.911637 5.652431 -7.970531
v 2.569065 5.652431 -8.427293
v 2.797446 6.223384 -7.856340
v 2.569065 6.223384 -8.313103
v 1.769731 5.652431 -7.856340
v 1.655540 5.652431 -7.399579
v 1.655540 6.223384 -7.285388
v 2.569065 5.652431 -8.427293
v 1.655540 5.652431 -8.884055
v 2.569065 6.223384 -8.313103
v 1.655540 5.652431 -8.884055
v 1.769731 5.652431 -8.427293
v 1.883921 5.995004 -8.769865
v 1.769731 6.223384 -8.313103
v 1.769731 5.652431 -8.427293
v 1.769731 5.652431 -7.856340
v 1.769731 6.223384 -7.742150
v 2.112303 6.565957 -5.686720
v 2.683255 6.565957 -5.686720
v 2.226493 7.022717 -6.029293
v 2.683255 7.022717 -6.029293
v 2.683255 6.565957 -5.686720
v 3.140018 6.565957 -6.257673
v 2.683255 7.022717 -6.029293
v 2.911637 7.022717 -6.371863
v 3.140018 6.565957 -6.257673
v 3.254208 6.565957 -7.513770
v 2.911637 7.022717 -6.371863
v 3.025827 7.022717 -7.285388
v 1.769731 7.022717 -6.714436
v 3.025827 6.565957 -7.627959
v 2.797446 6.908527 -7.399579
v 1.883921 6.908527 -6.942816
v 1.541350 6.565957 -6.942816
v 3.025827 6.565957 -7.856340
v 2.911637 7.022717 -7.513770
v 2.797446 6.223384 -7.856340
v 2.911637 7.022717 -7.513770
v 2.683255 7.022717 -7.513770
v 1.655540 6.223384 -7.285388
v 1.427159 6.565957 -7.057007
v 1.883921 7.022717 -7.171197
v 1.769731 7.022717 -7.057007
v 1.541350 6.565957 -6.942816
v 1.883921 6.908527 -6.942816
v 2.226493 6.794338 -7.627959
v 2.797446 6.223384 -7.856340
v 2.683255 7.022717 -7.513770
v 2.226493 6.565957 -8.084723
v 2.797446 6.223384 -7.856340
v -6.794561 7.365290 -5.344150
v -5.424275 7.365290 -4.773195
v -4.396559 7.365290 -5.001576
v -4.739131 7.365290 -4.659006
v -5.081703 7.365290 -5.915102
v -5.310084 7.251100 -6.029293
v -6.794561 7.365290 -5.344150
v -6.794561 7.251100 -5.686720
v -5.310084 7.251100 -6.029293
v -5.766846 7.365290 -6.143483
v -6.794561 7.251100 -5.686720
v -6.908752 7.365290 -5.800910
v -5.652656 6.337574 -6.600245
v -6.109418 6.337574 -6.714436
v -6.451990 7.136909 -6.257673
v -6.680371 6.794338 -6.600245
v -6.109418 6.337574 -6.714436
v -6.566180 6.337574 -7.171197
v -6.680371 6.794338 -6.600245
v -6.794561 6.109193 -7.742150
v -3.483035 5.652431 -4.773195
v -3.825607 6.794338 -4.887386
v -4.168178 5.652431 -4.202242
v -4.282369 6.794338 -4.430624
v -5.310084 5.652431 -4.316433
v -5.310084 6.794338 -4.430624
v -7.479705 5.652431 -5.344150
v -7.251324 6.794338 -5.344150
v -4.624940 5.652431 -6.143483
v -4.739131 6.794338 -6.143483
v -3.483035 5.652431 -4.773195
v -3.825607 6.794338 -4.887386
v -7.479705 5.652431 -5.344150
v -7.251324 6.794338 -5.344150
v -7.479705 5.652431 -5.572529
v -7.365514 6.794338 -5.686720
v -4.967512 5.652431 -6.257673
v -5.081703 6.794338 -6.257673
v -4.624940 5.652431 -6.143483
v -4.739131 6.794338 -6.143483
v -7.479705 5.652431 -5.572529
v -7.365514 6.794338 -5.686720
v -7.822276 5.652431 -5.800910
v -7.593895 6.794338 -5.800910
v -7.822276 5.652431 -5.800910
v -7.593895 6.794338 -5.800910
v -7.365514 5.652431 -6.029293
v -7.251324 6.337574 -6.029293
v -5.652656 5.652431 -6.714436
v -5.652656 6.337574 -6.600245
v -5.195893 5.652431 -6.600245
v -5.310084 6.794338 -6.486054
v -5.195893 5.652431 -6.600245
v -5.310084 6.794338 -6.486054
v -4.967512 5.652431 -6.257673
v -5.081703 6.794338 -6.257673
v -7.365514 5.652431 -6.029293
v -7.251324 6.337574 -6.029293
v -7.479705 5.652431 -6.600245
v -7.251324 6.337574 -6.486054
v -5.995227 5.652431 -6.942816
v -5.652656 5.652431 -6.714436
v -5.652656 6.337574 -6.600245
v -7.479705 5.652431 -6.600245
v -7.251324 6.337574 -6.486054
v -6.794561 5.652431 -8.198912
v -6.794561 5.652431 -8.198912
v -6.794561 6.109193 -7.742150
v -6.337799 5.652431 -7.399579
v -6.566180 6.337574 -7.171197
v -6.337799 5.652431 -7.399579
v -5.995227 5.652431 -6.942816
v -6.109418 6.337574 -6.714436
v -3.825607 6.794338 -4.887386
v -4.396559 7.365290 -5.001576
v -4.282369 6.794338 -4.430624
v -4.739131 7.365290 -4.659006
v -4.282369 6.794338 -4.430624
v -4.739131 7.365290 -4.659006
v -5.310084 6.794338 -4.430624
v -5.424275 7.365290 -4.773195
v -5.310084 6.794338 -4.430624
v -5.424275 7.365290 -4.773195
v -7.251324 6.794338 -5.344150
v -6.794561 7.365290 -5.344150
v -5.081703 7.365290 -5.915102
v -7.365514 6.794338 -5.686720
v -6.794561 7.251100 -5.686720
v -5.081703 6.794338 -6.257673
v -5.310084 7.251100 -6.029293
v -7.593895 6.794338 -5.800910
v -7.022943 7.365290 -5.686720
v -7.022943 7.365290 -5.686720
v -7.251324 6.337574 -6.029293
v -6.908752 7.365290 -5.800910
v -5.652656 6.337574 -6.600245
v -5.766846 7.365290 -6.143483
v -5.310084 6.794338 -6.486054
v -5.424275 7.365290 -6.143483
v -5.081703 6.794338 -6.257673
v -5.310084 7.251100 -6.029293
v -6.451990 7.136909 -6.257673
v -6.908752 7.365290 -5.800910
v -7.251324 6.337574 -6.029293
v -6.680371 6.794338 -6.600245
v -7.251324 6.337574 -6.029293
v -5.195893 7.365290 -6.714436
v -4.510750 7.365290 -5.686720
v -3.368845 7.365290 -5.572529
v -3.939797 7.365290 -5.458340
v -3.368845 7.365290 -6.486054
v -3.597226 7.251100 -6.714436
v -5.195893 7.365290 -6.714436
v -4.967512 7.251100 -6.942816
v -3.597226 7.251100 -6.714436
v -3.825607 7.365290 -6.942816
v -4.967512 7.251100 -6.942816
v -4.967512 7.365290 -7.057007
v -3.597226 6.337574 -7.171197
v -3.939797 6.337574 -7.513770
v -4.396559 7.022717 -7.285388
v -4.624940 6.794338 -7.627959
v -3.939797 6.337574 -7.513770
v -4.282369 6.337574 -8.084723
v -4.624940 6.794338 -7.627959
v -4.739131 5.995004 -8.655674
v -2.912082 5.652431 -5.001576
v -3.026273 6.794338 -5.229959
v -3.825607 5.652431 -4.773195
v -3.825607 6.794338 -5.001576
v -3.825607 5.652431 -4.773195
v -3.825607 6.794338 -5.001576
v -4.624940 5.652431 -5.229959
v -4.624940 6.794338 -5.458340
v -4.624940 5.652431 -5.229959
v -4.624940 6.794338 -5.458340
v -5.766846 5.652431 -6.942816
v -5.538465 6.794338 -6.828627
v -2.912082 5.652431 -6.486054
v -3.026273 6.794338 -6.486054
v -2.912082 5.652431 -5.001576
v -3.026273 6.794338 -5.229959
v -5.766846 5.652431 -6.942816
v -5.538465 6.794338 -6.828627
v -5.538465 5.652431 -7.171197
v -5.424275 6.794338 -7.171197
v -3.140463 5.652431 -6.828627
v -3.140463 6.794338 -6.828627
v -2.912082 5.652431 -6.486054
v -3.026273 6.794338 -6.486054
v -5.538465 5.652431 -7.171197
v -5.424275 6.794338 -7.171197
v -5.652656 5.652431 -7.399579
v -5.538465 6.794338 -7.399579
v -5.652656 5.652431 -7.399579
v -5.538465 6.794338 -7.399579
v -5.424275 5.652431 -7.513770
v -5.195893 6.337574 -7.399579
v -3.597226 5.652431 -7.285388
v -3.597226 6.337574 -7.171197
v -3.026273 5.652431 -7.057007
v -3.140463 6.794338 -7.057007
v -3.026273 5.652431 -7.057007
v -3.140463 6.794338 -7.057007
v -3.140463 5.652431 -6.828627
v -3.140463 6.794338 -6.828627
v -5.424275 5.652431 -7.513770
v -5.195893 6.337574 -7.399579
v -5.310084 5.652431 -7.970531
v -5.195893 6.337574 -7.856340
v -3.939797 5.652431 -7.627959
v -3.597226 5.652431 -7.285388
v -3.597226 6.337574 -7.171197
v -4.624940 5.652431 -8.769865
v -5.195893 6.337574 -7.856340
v -5.310084 5.652431 -7.970531
v -4.624940 5.652431 -8.769865
v -4.739131 5.995004 -8.655674
v -4.396559 5.652431 -8.198912
v -4.282369 6.337574 -8.084723
v -4.396559 5.652431 -8.198912
v -3.939797 5.652431 -7.627959
v -3.939797 6.337574 -7.513770
v -3.026273 6.794338 -5.229959
v -3.368845 7.365290 -5.572529
v -3.825607 6.794338 -5.001576
v -3.939797 7.365290 -5.458340
v -3.825607 6.794338 -5.001576
v -3.939797 7.365290 -5.458340
v -4.624940 6.794338 -5.458340
v -4.510750 7.365290 -5.686720
v -4.624940 6.794338 -5.458340
v -4.510750 7.365290 -5.686720
v -5.538465 6.794338 -6.828627
v -5.195893 7.365290 -6.714436
v -3.368845 7.365290 -6.486054
v -5.424275 6.794338 -7.171197
v -4.967512 7.251100 -6.942816
v -3.140463 6.794338 -6.828627
v -3.597226 7.251100 -6.714436
v -5.538465 6.794338 -7.399579
v -5.081703 7.365290 -7.057007
v -5.081703 7.365290 -7.057007
v -5.195893 6.337574 -7.399579
v -4.967512 7.365290 -7.057007
v -3.597226 6.337574 -7.171197
v -3.825607 7.365290 -6.942816
v -3.140463 6.794338 -7.057007
v -3.483035 7.365290 -6.828627
v -3.140463 6.794338 -6.828627
v -3.597226 7.251100 -6.714436
v -5.195893 6.337574 -7.399579
v -4.967512 7.365290 -7.057007
v -4.396559 7.022717 -7.285388
v -4.624940 6.794338 -7.627959
v -5.195893 6.337574 -7.399579
v -3.026273 7.022717 -7.285388
v -2.912082 7.022717 -6.371863
v -2.226939 7.022717 -6.029293
v -2.683701 7.022717 -6.029293
v -1.884367 7.022717 -6.714436
v -1.884367 6.908527 -6.942816
v -3.026273 7.022717 -7.285388
v -2.797892 6.908527 -7.399579
v -1.884367 6.908527 -6.942816
v -1.884367 7.022717 -7.171197
v -2.797892 6.908527 -7.399579
v -2.683701 7.022717 -7.513770
v -1.655986 6.223384 -7.285388
v -1.884367 6.223384 -7.742150
v -2.226939 6.794338 -7.627959
v -2.226939 6.565957 -8.084723
v -1.884367 6.223384 -7.742150
v -1.884367 6.223384 -8.313103
v -2.226939 6.565957 -8.084723
v -1.884367 5.995004 -8.769865
v -2.112748 5.652431 -5.458340
v -2.112748 6.565957 -5.686720
v -2.797892 5.652431 -5.572529
v -2.797892 6.565957 -5.686720
v -3.254654 5.652431 -6.143483
v -3.140463 6.565957 -6.257673
v -3.368845 5.652431 -7.627959
v -3.254654 6.565957 -7.513770
v -1.427605 5.652431 -6.600245
v -1.541795 6.565957 -6.714436
v -2.112748 5.652431 -5.458340
v -2.112748 6.565957 -5.686720
v -3.368845 5.652431 -7.627959
v -3.254654 6.565957 -7.513770
v -3.140463 5.652431 -7.742150
v -3.140463 6.565957 -7.627959
v -1.541795 5.652431 -6.942816
v -1.541795 6.565957 -6.942816
v -1.427605 5.652431 -6.600245
v -1.541795 6.565957 -6.714436
v -3.140463 5.652431 -7.742150
v -3.140463 6.565957 -7.627959
v -3.140463 5.652431 -7.970531
v -3.026273 6.565957 -7.856340
v -3.140463 5.652431 -7.970531
v -3.026273 6.565957 -7.856340
v -2.912082 5.652431 -7.970531
v -2.797892 6.223384 -7.856340
v -1.655986 5.652431 -7.399579
v -1.655986 6.223384 -7.285388
v -1.313414 5.652431 -7.057007
v -1.427605 6.565957 -7.057007
v -1.313414 5.652431 -7.057007
v -1.427605 6.565957 -7.057007
v -1.541795 5.652431 -6.942816
v -1.541795 6.565957 -6.942816
v -2.912082 5.652431 -7.970531
v -2.797892 6.223384 -7.856340
v -2.683701 5.652431 -8.427293
v -2.569510 6.223384 -8.313103
v -1.770177 5.652431 -7.856340
v -1.655986 5.652431 -7.399579
v -1.655986 6.223384 -7.285388
v -2.683701 5.652431 -8.427293
v -2.569510 6.223384 -8.313103
v -1.770177 5.652431 -8.884055
v -1.770177 5.652431 -8.884055
v -1.884367 5.995004 -8.769865
v -1.770177 5.652431 -8.427293
v -1.884367 6.223384 -8.313103
v -1.770177 5.652431 -8.427293
v -1.770177 5.652431 -7.856340
v -1.884367 6.223384 -7.742150
v -2.112748 6.565957 -5.686720
v -2.226939 7.022717 -6.029293
v -2.797892 6.565957 -5.686720
v -2.683701 7.022717 -6.029293
v -2.797892 6.565957 -5.686720
v -2.683701 7.022717 -6.029293
v -3.140463 6.565957 -6.257673
v -2.912082 7.022717 -6.371863
v -3.140463 6.565957 -6.257673
v -2.912082 7.022717 -6.371863
v -3.254654 6.565957 -7.513770
v -3.026273 7.022717 -7.285388
v -1.884367 7.022717 -6.714436
v -3.140463 6.565957 -7.627959
v -2.797892 6.908527 -7.399579
v -1.541795 6.565957 -6.942816
v -1.884367 6.908527 -6.942816
v -3.026273 6.565957 -7.856340
v -2.912082 7.022717 -7.513770
v -2.912082 7.022717 -7.513770
v -2.797892 6.223384 -7.856340
v -2.683701 7.022717 -7.513770
v -1.655986 6.223384 -7.285388
v -1.884367 7.022717 -7.171197
v -1.427605 6.565957 -7.057007
v -1.770177 7.022717 -7.057007
v -1.541795 6.565957 -6.942816
v -1.884367 6.908527 -6.942816
v -2.797892 6.223384 -7.856340
v -2.683701 7.022717 -7.513770
v -2.226939 6.794338 -7.627959
v -2.226939 6.565957 -8.084723
v -2.797892 6.223384 -7.856340
v 0.856206 6.337574 -8.084723
v -0.057318 5.424050 -8.655674
v 0.627825 7.251100 -7.856340
v -0.057318 7.936243 -7.627959
v 0.856206 6.337574 -8.084723
v 0.627825 7.251100 -7.856340
v 1.198778 5.995004 -7.970531
v 0.970397 7.479481 -7.513770
v 0.627825 7.251100 -7.856340
v -0.057318 7.936243 -7.627959
v -0.057318 8.393004 -7.171197
v 1.198778 5.995004 -7.970531
v 0.970397 7.479481 -7.513770
v 1.655540 5.538240 -8.084722
v 1.312968 7.822052 -7.399579
v 0.970397 7.479481 -7.513770
v -0.057318 8.393004 -7.171197
v 1.312968 7.822052 -7.399579
v -0.057318 8.849767 -6.600245
v 1.655540 5.538240 -8.084722
v 1.312968 7.822052 -7.399579
v 1.655540 5.309860 -6.600245
v 1.312968 7.707861 -6.942816
v 1.655540 5.309860 -6.600245
v 1.312968 7.707861 -6.942816
v -0.057318 5.309860 -6.600245
v -0.057318 8.849767 -6.600245
v -0.628271 7.251100 -7.856340
v -0.856652 6.337574 -8.084723
v -0.856652 6.337574 -8.084723
v -1.199224 5.995004 -7.970531
v -0.628271 7.251100 -7.856340
v -0.970843 7.479481 -7.513770
v -0.628271 7.251100 -7.856340
v -0.970843 7.479481 -7.513770
v -0.057318 7.936243 -7.627959
v -0.057318 8.393004 -7.171197
v -1.199224 5.995004 -7.970531
v -1.655986 5.538240 -8.084722
v -0.970843 7.479481 -7.513770
v -1.313414 7.822052 -7.399579
v -0.970843 7.479481 -7.513770
v -1.313414 7.822052 -7.399579
v -0.057318 8.393004 -7.171197
v -1.655986 5.538240 -8.084722
v -1.655986 5.309860 -6.600245
v -1.313414 7.822052 -7.399579
v -1.313414 7.707861 -6.942816
v -1.655986 5.309860 -6.600245
v -0.057318 5.309860 -6.600245
v -1.313414 7.707861 -6.942816
v -6.794561 7.365291 5.389763
v -4.282369 7.365291 5.047193
v -5.424275 7.365291 4.704620
v -4.739131 7.365291 4.704620
v -4.967512 7.365291 5.960718
v -6.794561 7.365291 5.389763
v -5.310084 7.251101 5.960718
v -6.680371 7.251101 5.618145
v -5.310084 7.251101 5.960718
v -6.680371 7.251101 5.618145
v -5.766846 7.365291 6.189097
v -6.794561 7.365291 5.846527
v -5.652656 6.337575 6.645861
v -6.451990 7.136909 6.303288
v -5.995227 6.337575 6.645861
v -6.680371 6.794339 6.645861
v -5.995227 6.337575 6.645861
v -6.680371 6.794339 6.645861
v -6.566180 6.337575 7.216814
v -6.794561 6.109194 7.673575
v -3.483035 5.652432 4.704620
v -4.053988 5.652432 4.247859
v -3.711416 6.794339 4.818810
v -4.282369 6.794339 4.362050
v -5.195893 5.652432 4.247859
v -5.310084 6.794339 4.476240
v -7.365514 5.652432 5.275574
v -7.251324 6.794339 5.389763
v -4.624940 5.652432 6.074907
v -3.483035 5.652432 4.704620
v -4.739131 6.794339 6.074907
v -3.711416 6.794339 4.818810
v -7.365514 5.652432 5.275574
v -7.479705 5.652432 5.618145
v -7.251324 6.794339 5.389763
v -7.251324 6.794339 5.618145
v -4.967512 5.652432 6.303288
v -4.624940 5.652432 6.074907
v -5.081703 6.794339 6.303288
v -4.739131 6.794339 6.074907
v -7.479705 5.652432 5.618145
v -7.822276 5.652432 5.846527
v -7.251324 6.794339 5.618145
v -7.593895 6.794339 5.846527
v -7.822276 5.652432 5.846527
v -7.365514 5.652432 5.960718
v -7.593895 6.794339 5.846527
v -7.137133 6.337575 5.960718
v -5.652656 5.652432 6.645861
v -5.195893 5.652432 6.531670
v -5.652656 6.337575 6.645861
v -5.195893 6.794339 6.531670
v -5.195893 5.652432 6.531670
v -4.967512 5.652432 6.303288
v -5.195893 6.794339 6.531670
v -5.081703 6.794339 6.303288
v -7.365514 5.652432 5.960718
v -7.479705 5.652432 6.531670
v -7.137133 6.337575 5.960718
v -7.251324 6.337575 6.531670
v -5.995227 5.652432 6.874241
v -5.652656 5.652432 6.645861
v -5.652656 6.337575 6.645861
v -7.251324 6.337575 6.531670
v -6.794561 5.652432 8.130338
v -7.479705 5.652432 6.531670
v -6.794561 5.652432 8.130338
v -6.337799 5.652432 7.331004
v -6.794561 6.109194 7.673575
v -6.566180 6.337575 7.216814
v -6.337799 5.652432 7.331004
v -5.995227 5.652432 6.874241
v -5.995227 6.337575 6.645861
v -3.711416 6.794339 4.818810
v -4.282369 6.794339 4.362050
v -4.282369 7.365291 5.047193
v -4.739131 7.365291 4.704620
v -4.282369 6.794339 4.362050
v -5.310084 6.794339 4.476240
v -4.739131 7.365291 4.704620
v -5.424275 7.365291 4.704620
v -5.310084 6.794339 4.476240
v -7.251324 6.794339 5.389763
v -5.424275 7.365291 4.704620
v -6.794561 7.365291 5.389763
v -4.967512 7.365291 5.960718
v -7.251324 6.794339 5.618145
v -6.680371 7.251101 5.618145
v -5.310084 7.251101 5.960718
v -5.081703 6.794339 6.303288
v -7.593895 6.794339 5.846527
v -7.022943 7.365291 5.732337
v -7.137133 6.337575 5.960718
v -7.022943 7.365291 5.732337
v -6.794561 7.365291 5.846527
v -5.652656 6.337575 6.645861
v -5.195893 6.794339 6.531670
v -5.766846 7.365291 6.189097
v -5.424275 7.365291 6.189097
v -5.081703 6.794339 6.303288
v -5.310084 7.251101 5.960718
v -6.451990 7.136909 6.303288
v -6.794561 7.365291 5.846527
v -7.137133 6.337575 5.960718
v -6.680371 6.794339 6.645861
v -7.137133 6.337575 5.960718
v -5.081703 7.365291 6.760050
v -3.368845 7.365291 5.503954
v -4.396559 7.365291 5.732337
v -3.939797 7.365291 5.389763
v -3.368845 7.365291 6.531670
v -5.081703 7.365291 6.760050
v -3.597226 7.251101 6.645861
v -4.967512 7.251101 6.874241
v -3.597226 7.251101 6.645861
v -4.967512 7.251101 6.874241
v -3.711416 7.365291 6.988431
v -4.853322 7.365291 7.102623
v -3.597226 6.337575 7.216814
v -4.396559 7.022718 7.331004
v -3.939797 6.337575 7.445195
v -4.510750 6.794339 7.673575
v -3.939797 6.337575 7.445195
v -4.510750 6.794339 7.673575
v -4.282369 6.337575 8.016147
v -4.624940 5.995005 8.701290
v -2.912082 5.652432 4.933002
v -3.711416 5.652432 4.818810
v -3.026273 6.794339 5.161383
v -3.825607 6.794339 5.047193
v -3.711416 5.652432 4.818810
v -4.624940 5.652432 5.275574
v -3.825607 6.794339 5.047193
v -4.510750 6.794339 5.389763
v -4.624940 5.652432 5.275574
v -5.652656 5.652432 6.874241
v -4.510750 6.794339 5.389763
v -5.538465 6.794339 6.874241
v -2.797892 5.652432 6.531670
v -2.912082 5.652432 4.933002
v -3.026273 6.794339 6.531670
v -3.026273 6.794339 5.161383
v -5.652656 5.652432 6.874241
v -5.538465 5.652432 7.216814
v -5.538465 6.794339 6.874241
v -5.424275 6.794339 7.102623
v -3.026273 5.652432 6.760050
v -2.797892 5.652432 6.531670
v -3.140463 6.794339 6.760050
v -3.026273 6.794339 6.531670
v -5.538465 5.652432 7.216814
v -5.652656 5.652432 7.445195
v -5.424275 6.794339 7.102623
v -5.424275 6.794339 7.331004
v -5.652656 5.652432 7.445195
v -5.310084 5.652432 7.445195
v -5.424275 6.794339 7.331004
v -5.195893 6.337575 7.445195
v -3.483035 5.652432 7.216814
v -3.026273 5.652432 7.102623
v -3.597226 6.337575 7.216814
v -3.140463 6.794339 7.102623
v -3.026273 5.652432 7.102623
v -3.026273 5.652432 6.760050
v -3.140463 6.794339 7.102623
v -3.140463 6.794339 6.760050
v -5.310084 5.652432 7.445195
v -5.310084 5.652432 8.016148
v -5.195893 6.337575 7.445195
v -5.195893 6.337575 7.787766
v -3.939797 5.652432 7.559384
v -3.483035 5.652432 7.216814
v -3.597226 6.337575 7.216814
v -5.195893 6.337575 7.787766
v -4.624940 5.652432 8.815481
v -5.310084 5.652432 8.016148
v -4.624940 5.652432 8.815481
v -4.396559 5.652432 8.244529
v -4.624940 5.995005 8.701290
v -4.282369 6.337575 8.016147
v -4.396559 5.652432 8.244529
v -3.939797 5.652432 7.559384
v -3.939797 6.337575 7.445195
v -3.026273 6.794339 5.161383
v -3.825607 6.794339 5.047193
v -3.368845 7.365291 5.503954
v -3.939797 7.365291 5.389763
v -3.825607 6.794339 5.047193
v -4.510750 6.794339 5.389763
v -3.939797 7.365291 5.389763
v -4.396559 7.365291 5.732337
v -4.510750 6.794339 5.389763
v -5.538465 6.794339 6.874241
v -4.396559 7.365291 5.732337
v -5.081703 7.365291 6.760050
v -3.368845 7.365291 6.531670
v -5.424275 6.794339 7.102623
v -4.967512 7.251101 6.874241
v -3.597226 7.251101 6.645861
v -3.140463 6.794339 6.760050
v -5.424275 6.794339 7.331004
v -5.081703 7.365291 7.102623
v -5.195893 6.337575 7.445195
v -5.081703 7.365291 7.102623
v -4.853322 7.365291 7.102623
v -3.597226 6.337575 7.216814
v -3.140463 6.794339 7.102623
v -3.711416 7.365291 6.988431
v -3.483035 7.365291 6.874241
v -3.140463 6.794339 6.760050
v -3.597226 7.251101 6.645861
v -4.396559 7.022718 7.331004
v -4.853322 7.365291 7.102623
v -5.195893 6.337575 7.445195
v -4.510750 6.794339 7.673575
v -5.195893 6.337575 7.445195
v -3.026273 7.022718 7.331004
v -2.226939 7.022718 6.074907
v -2.912082 7.022718 6.417480
v -2.683701 7.022718 6.074907
v -1.770177 7.022718 6.760050
v -3.026273 7.022718 7.331004
v -1.884367 6.908528 6.874241
v -2.797892 6.908528 7.445195
v -1.884367 6.908528 6.874241
v -2.797892 6.908528 7.445195
v -1.884367 7.022718 7.216814
v -2.683701 7.022718 7.559384
v -1.655986 6.223385 7.331004
v -2.226939 6.794339 7.559384
v -1.770177 6.223385 7.787766
v -2.226939 6.565958 8.016147
v -1.770177 6.223385 7.787766
v -2.226939 6.565958 8.016147
v -1.770177 6.223385 8.244529
v -1.884367 5.995005 8.815481
v -2.112748 5.652432 5.503954
v -2.797892 5.652432 5.503954
v -2.112748 6.565958 5.732337
v -2.683701 6.565958 5.732337
v -3.254654 5.652432 6.074907
v -3.140463 6.565958 6.189097
v -3.368845 5.652432 7.559384
v -3.254654 6.565958 7.559384
v -1.427605 5.652432 6.645861
v -2.112748 5.652432 5.503954
v -1.541795 6.565958 6.645861
v -2.112748 6.565958 5.732337
v -3.368845 5.652432 7.559384
v -3.140463 5.652432 7.787766
v -3.254654 6.565958 7.559384
v -3.026273 6.565958 7.673575
v -1.427605 5.652432 6.874241
v -1.427605 5.652432 6.645861
v -1.541795 6.565958 6.874241
v -1.541795 6.565958 6.645861
v -3.140463 5.652432 7.787766
v -3.140463 5.652432 8.016148
v -3.026273 6.565958 7.673575
v -3.026273 6.565958 7.901957
v -3.140463 5.652432 8.016148
v -2.912082 5.652432 7.901957
v -3.026273 6.565958 7.901957
v -2.797892 6.223385 7.787766
v -1.655986 5.652432 7.331004
v -1.313414 5.652432 7.102623
v -1.655986 6.223385 7.331004
v -1.427605 6.565958 7.102623
v -1.313414 5.652432 7.102623
v -1.427605 5.652432 6.874241
v -1.427605 6.565958 7.102623
v -1.541795 6.565958 6.874241
v -2.912082 5.652432 7.901957
v -2.569510 5.652432 8.472910
v -2.797892 6.223385 7.787766
v -2.569510 6.223385 8.358719
v -1.770177 5.652432 7.901957
v -1.655986 5.652432 7.331004
v -1.655986 6.223385 7.331004
v -2.569510 6.223385 8.358719
v -1.655986 5.652432 8.929671
v -2.569510 5.652432 8.472910
v -1.655986 5.652432 8.929671
v -1.770177 5.652432 8.472910
v -1.884367 5.995005 8.815481
v -1.770177 6.223385 8.244529
v -1.770177 5.652432 8.472910
v -1.770177 5.652432 7.901957
v -1.770177 6.223385 7.787766
v -2.112748 6.565958 5.732337
v -2.683701 6.565958 5.732337
v -2.226939 7.022718 6.074907
v -2.683701 7.022718 6.074907
v -2.683701 6.565958 5.732337
v -3.140463 6.565958 6.189097
v -2.683701 7.022718 6.074907
v -2.912082 7.022718 6.417480
v -3.140463 6.565958 6.189097
v -3.254654 6.565958 7.559384
v -2.912082 7.022718 6.417480
v -3.026273 7.022718 7.331004
v -1.770177 7.022718 6.760050
v -3.026273 6.565958 7.673575
v -2.797892 6.908528 7.445195
v -1.884367 6.908528 6.874241
v -1.541795 6.565958 6.874241
v -3.026273 6.565958 7.901957
v -2.912082 7.022718 7.559384
v -2.797892 6.223385 7.787766
v -2.912082 7.022718 7.559384
v -2.683701 7.022718 7.559384
v -1.655986 6.223385 7.331004
v -1.427605 6.565958 7.102623
v -1.884367 7.022718 7.216814
v -1.770177 7.022718 6.988431
v -1.541795 6.565958 6.874241
v -1.884367 6.908528 6.874241
v -2.226939 6.794339 7.559384
v -2.797892 6.223385 7.787766
v -2.683701 7.022718 7.559384
v -2.226939 6.565958 8.016147
v -2.797892 6.223385 7.787766
v 6.794116 7.365291 5.389763
v 5.423829 7.365291 4.704620
v 4.396113 7.365291 5.047193
v 4.738685 7.365291 4.704620
v 5.081257 7.365291 5.960718
v 5.309638 7.251101 5.960718
v 6.794116 7.365291 5.389763
v 6.794116 7.251101 5.618145
v 5.309638 7.251101 5.960718
v 5.766401 7.365291 6.189097
v 6.794116 7.251101 5.618145
v 6.908306 7.365291 5.846527
v 5.652210 6.337575 6.645861
v 6.108972 6.337575 6.645861
v 6.451544 7.136909 6.303288
v 6.679925 6.794339 6.645861
v 6.108972 6.337575 6.645861
v 6.565734 6.337575 7.216814
v 6.679925 6.794339 6.645861
v 6.794116 6.109194 7.673575
v 3.482589 5.652432 4.704620
v 3.825161 6.794339 4.818810
v 4.167733 5.652432 4.247859
v 4.281923 6.794339 4.362050
v 5.309638 5.652432 4.247859
v 5.309638 6.794339 4.476240
v 7.479259 5.652432 5.275574
v 7.250878 6.794339 5.389763
v 4.624495 5.652432 6.074907
v 4.738685 6.794339 6.074907
v 3.482589 5.652432 4.704620
v 3.825161 6.794339 4.818810
v 7.479259 5.652432 5.275574
v 7.250878 6.794339 5.389763
v 7.479259 5.652432 5.618145
v 7.365068 6.794339 5.618145
v 4.967066 5.652432 6.303288
v 5.081257 6.794339 6.303288
v 4.624495 5.652432 6.074907
v 4.738685 6.794339 6.074907
v 7.479259 5.652432 5.618145
v 7.365068 6.794339 5.618145
v 7.821830 5.652432 5.846527
v 7.593450 6.794339 5.846527
v 7.821830 5.652432 5.846527
v 7.593450 6.794339 5.846527
v 7.365068 5.652432 5.960718
v 7.250878 6.337575 5.960718
v 5.652210 5.652432 6.645861
v 5.652210 6.337575 6.645861
v 5.195447 5.652432 6.531670
v 5.309638 6.794339 6.531670
v 5.195447 5.652432 6.531670
v 5.309638 6.794339 6.531670
v 4.967066 5.652432 6.303288
v 5.081257 6.794339 6.303288
v 7.365068 5.652432 5.960718
v 7.250878 6.337575 5.960718
v 7.479259 5.652432 6.531670
v 7.250878 6.337575 6.531670
v 5.994781 5.652432 6.874241
v 5.652210 5.652432 6.645861
v 5.652210 6.337575 6.645861
v 7.479259 5.652432 6.531670
v 7.250878 6.337575 6.531670
v 6.794116 5.652432 8.130338
v 6.794116 5.652432 8.130338
v 6.794116 6.109194 7.673575
v 6.337353 5.652432 7.331004
v 6.565734 6.337575 7.216814
v 6.337353 5.652432 7.331004
v 5.994781 5.652432 6.874241
v 6.108972 6.337575 6.645861
v 3.825161 6.794339 4.818810
v 4.396113 7.365291 5.047193
v 4.281923 6.794339 4.362050
v 4.738685 7.365291 4.704620
v 4.281923 6.794339 4.362050
v 4.738685 7.365291 4.704620
v 5.309638 6.794339 4.476240
v 5.423829 7.365291 4.704620
v 5.309638 6.794339 4.476240
v 5.423829 7.365291 4.704620
v 7.250878 6.794339 5.389763
v 6.794116 7.365291 5.389763
v 5.081257 7.365291 5.960718
v 7.365068 6.794339 5.618145
v 6.794116 7.251101 5.618145
v 5.081257 6.794339 6.303288
v 5.309638 7.251101 5.960718
v 7.593450 6.794339 5.846527
v 7.022497 7.365291 5.732337
v 7.022497 7.365291 5.732337
v 7.250878 6.337575 5.960718
v 6.908306 7.365291 5.846527
v 5.652210 6.337575 6.645861
v 5.766401 7.365291 6.189097
v 5.309638 6.794339 6.531670
v 5.423829 7.365291 6.189097
v 5.081257 6.794339 6.303288
v 5.309638 7.251101 5.960718
v 6.451544 7.136909 6.303288
v 7.250878 6.337575 5.960718
v 6.908306 7.365291 5.846527
v 6.679925 6.794339 6.645861
v 7.250878 6.337575 5.960718
v 5.195447 7.365291 6.760050
v 4.510304 7.365291 5.732337
v 3.368399 7.365291 5.503954
v 3.939351 7.365291 5.389763
v 3.368399 7.365291 6.531670
v 3.596780 7.251101 6.645861
v 5.195447 7.365291 6.760050
v 4.967066 7.251101 6.874241
v 3.596780 7.251101 6.645861
v 3.825161 7.365291 6.988431
v 4.967066 7.251101 6.874241
v 4.967066 7.365291 7.102623
v 3.596780 6.337575 7.216814
v 3.939351 6.337575 7.445195
v 4.396113 7.022718 7.331004
v 4.624495 6.794339 7.673575
v 3.939351 6.337575 7.445195
v 4.281923 6.337575 8.016147
v 4.624495 6.794339 7.673575
v 4.738685 5.995005 8.701290
v 2.911637 5.652432 4.933002
v 3.025827 6.794339 5.161383
v 3.825161 5.652432 4.818810
v 3.825161 6.794339 5.047193
v 3.825161 5.652432 4.818810
v 3.825161 6.794339 5.047193
v 4.624495 5.652432 5.275574
v 4.624495 6.794339 5.389763
v 4.624495 5.652432 5.275574
v 4.624495 6.794339 5.389763
v 5.766401 5.652432 6.874241
v 5.538020 6.794339 6.874241
v 2.911637 5.652432 6.531670
v 3.025827 6.794339 6.531670
v 2.911637 5.652432 4.933002
v 3.025827 6.794339 5.161383
v 5.766401 5.652432 6.874241
v 5.538020 6.794339 6.874241
v 5.538020 5.652432 7.216814
v 5.423829 6.794339 7.102623
v 3.140018 5.652432 6.760050
v 3.140018 6.794339 6.760050
v 2.911637 5.652432 6.531670
v 3.025827 6.794339 6.531670
v 5.538020 5.652432 7.216814
v 5.423829 6.794339 7.102623
v 5.652210 5.652432 7.445195
v 5.538020 6.794339 7.331004
v 5.652210 5.652432 7.445195
v 5.538020 6.794339 7.331004
v 5.423829 5.652432 7.445195
v 5.195447 6.337575 7.445195
v 3.596780 5.652432 7.216814
v 3.596780 6.337575 7.216814
v 3.025827 5.652432 7.102623
v 3.140018 6.794339 7.102623
v 3.025827 5.652432 7.102623
v 3.140018 6.794339 7.102623
v 3.140018 5.652432 6.760050
v 3.140018 6.794339 6.760050
v 5.423829 5.652432 7.445195
v 5.195447 6.337575 7.445195
v 5.309638 5.652432 8.016148
v 5.195447 6.337575 7.787766
v 3.939351 5.652432 7.559384
v 3.596780 5.652432 7.216814
v 3.596780 6.337575 7.216814
v 5.309638 5.652432 8.016148
v 5.195447 6.337575 7.787766
v 4.624495 5.652432 8.815481
v 4.624495 5.652432 8.815481
v 4.738685 5.995005 8.701290
v 4.396113 5.652432 8.244529
v 4.281923 6.337575 8.016147
v 4.396113 5.652432 8.244529
v 3.939351 5.652432 7.559384
v 3.939351 6.337575 7.445195
v 3.025827 6.794339 5.161383
v 3.368399 7.365291 5.503954
v 3.825161 6.794339 5.047193
v 3.939351 7.365291 5.389763
v 3.825161 6.794339 5.047193
v 3.939351 7.365291 5.389763
v 4.624495 6.794339 5.389763
v 4.510304 7.365291 5.732337
v 4.624495 6.794339 5.389763
v 4.510304 7.365291 5.732337
v 5.538020 6.794339 6.874241
v 5.195447 7.365291 6.760050
v 3.368399 7.365291 6.531670
v 5.423829 6.794339 7.102623
v 4.967066 7.251101 6.874241
v 3.140018 6.794339 6.760050
v 3.596780 7.251101 6.645861
v 5.538020 6.794339 7.331004
v 5.081257 7.365291 7.102623
v 5.081257 7.365291 7.102623
v 5.195447 6.337575 7.445195
v 4.967066 7.365291 7.102623
v 3.596780 6.337575 7.216814
v 3.825161 7.365291 6.988431
v 3.140018 6.794339 7.102623
v 3.482589 7.365291 6.874241
v 3.140018 6.794339 6.760050
v 3.596780 7.251101 6.645861
v 5.195447 6.337575 7.445195
v 4.967066 7.365291 7.102623
v 4.396113 7.022718 7.331004
v 4.624495 6.794339 7.673575
v 5.195447 6.337575 7.445195
v 3.025827 7.022718 7.331004
v 2.911637 7.022718 6.417480
v 2.226493 7.022718 6.074907
v 2.683255 7.022718 6.074907
v 1.883921 7.022718 6.760050
v 1.883921 6.908528 6.874241
v 3.025827 7.022718 7.331004
v 2.797446 6.908528 7.445195
v 1.883921 6.908528 6.874241
v 1.883921 7.022718 7.216814
v 2.797446 6.908528 7.445195
v 2.683255 7.022718 7.559384
v 1.655540 6.223385 7.331004
v 1.883921 6.223385 7.787766
v 2.226493 6.794339 7.559384
v 2.226493 6.565958 8.016147
v 1.883921 6.223385 7.787766
v 1.883921 6.223385 8.244529
v 2.226493 6.565958 8.016147
v 1.883921 5.995005 8.815481
v 2.112303 5.652432 5.503954
v 2.112303 6.565958 5.732337
v 2.797446 5.652432 5.503954
v 2.797446 6.565958 5.732337
v 3.254208 5.652432 6.074907
v 3.140018 6.565958 6.189097
v 3.368399 5.652432 7.559384
v 3.254208 6.565958 7.559384
v 1.427159 5.652432 6.645861
v 1.541350 6.565958 6.645861
v 2.112303 5.652432 5.503954
v 2.112303 6.565958 5.732337
v 3.368399 5.652432 7.559384
v 3.254208 6.565958 7.559384
v 3.140018 5.652432 7.787766
v 3.140018 6.565958 7.673575
v 1.541350 5.652432 6.874241
v 1.541350 6.565958 6.874241
v 1.427159 5.652432 6.645861
v 1.541350 6.565958 6.645861
v 3.140018 5.652432 7.787766
v 3.140018 6.565958 7.673575
v 3.140018 5.652432 8.016148
v 3.025827 6.565958 7.901957
v 3.140018 5.652432 8.016148
v 3.025827 6.565958 7.901957
v 2.911637 5.652432 7.901957
v 2.797446 6.223385 7.787766
v 1.655540 5.652432 7.331004
v 1.655540 6.223385 7.331004
v 1.312968 5.652432 7.102623
v 1.427159 6.565958 7.102623
v 1.312968 5.652432 7.102623
v 1.427159 6.565958 7.102623
v 1.541350 5.652432 6.874241
v 1.541350 6.565958 6.874241
v 2.911637 5.652432 7.901957
v 2.797446 6.223385 7.787766
v 2.683255 5.652432 8.472910
v 2.569065 6.223385 8.358719
v 1.769731 5.652432 7.901957
v 1.655540 5.652432 7.331004
v 1.655540 6.223385 7.331004
v 1.769731 5.652432 8.929671
v 2.569065 6.223385 8.358719
v 2.683255 5.652432 8.472910
v 1.769731 5.652432 8.929671
v 1.883921 5.995005 8.815481
v 1.769731 5.652432 8.472910
v 1.883921 6.223385 8.244529
v 1.769731 5.652432 8.472910
v 1.769731 5.652432 7.901957
v 1.883921 6.223385 7.787766
v 2.112303 6.565958 5.732337
v 2.226493 7.022718 6.074907
v 2.797446 6.565958 5.732337
v 2.683255 7.022718 6.074907
v 2.797446 6.565958 5.732337
v 2.683255 7.022718 6.074907
v 3.140018 6.565958 6.189097
v 2.911637 7.022718 6.417480
v 3.140018 6.565958 6.189097
v 2.911637 7.022718 6.417480
v 3.254208 6.565958 7.559384
v 3.025827 7.022718 7.331004
v 1.883921 7.022718 6.760050
v 3.140018 6.565958 7.673575
v 2.797446 6.908528 7.445195
v 1.883921 6.908528 6.874241
v 1.541350 6.565958 6.874241
v 3.025827 6.565958 7.901957
v 2.911637 7.022718 7.559384
v 2.911637 7.022718 7.559384
v 2.797446 6.223385 7.787766
v 2.683255 7.022718 7.559384
v 1.655540 6.223385 7.331004
v 1.883921 7.022718 7.216814
v 1.427159 6.565958 7.102623
v 1.769731 7.022718 6.988431
v 1.541350 6.565958 6.874241
v 1.883921 6.908528 6.874241
v 2.797446 6.223385 7.787766
v 2.683255 7.022718 7.559384
v 2.226493 6.794339 7.559384
v 2.226493 6.565958 8.016147
v 2.797446 6.223385 7.787766
v -0.856652 6.337575 8.130337
v 0.056872 5.424051 8.701290
v -0.628271 7.251101 7.901957
v 0.056872 7.936244 7.673575
v -0.856652 6.337575 8.130337
v -0.628271 7.251101 7.901957
v -1.199224 5.995005 8.016148
v -0.970843 7.479482 7.445195
v -0.628271 7.251101 7.901957
v 0.056872 7.936244 7.673575
v 0.056872 8.393006 7.216814
v -1.199224 5.995005 8.016148
v -0.970843 7.479482 7.445195
v -1.655986 5.538241 8.130338
v -1.313414 7.822052 7.331004
v -0.970843 7.479482 7.445195
v 0.056872 8.393006 7.216814
v -1.313414 7.822052 7.331004
v 0.056872 8.849769 6.645861
v -1.655986 5.538241 8.130338
v -1.313414 7.822052 7.331004
v -1.655986 5.309861 6.645861
v -1.313414 7.707862 6.988431
v -1.655986 5.309861 6.645861
v -1.313414 7.707862 6.988431
v 0.056872 5.309861 6.645861
v 0.056872 8.849769 6.645861
v 0.856206 6.337575 8.130337
v 0.627825 7.251101 7.901957
v 0.856206 6.337575 8.130337
v 1.198778 5.995005 8.016148
v 0.627825 7.251101 7.901957
v 0.970397 7.479482 7.445195
v 0.627825 7.251101 7.901957
v 0.970397 7.479482 7.445195
v 0.056872 7.936244 7.673575
v 0.056872 8.393006 7.216814
v 1.198778 5.995005 8.016148
v 1.655540 5.538241 8.130338
v 0.970397 7.479482 7.445195
v 1.312968 7.822052 7.331004
v 0.970397 7.479482 7.445195
v 1.312968 7.822052 7.331004
v 0.056872 8.393006 7.216814
v 1.655540 5.538241 8.130338
v 1.655540 5.309861 6.645861
v 1.312968 7.822052 7.331004
v 1.312968 7.707862 6.988431
v 1.655540 5.309861 6.645861
v 0.056872 5.309861 6.645861
v 1.312968 7.707862 6.988431
v 1.541350 3.368620 -1.461669
v 2.911637 3.368619 -5.001576
v 0.056872 3.368620 -2.603575
v 2.112303 3.368619 -5.344150
v 3.710970 3.368620 -4.088052
v 3.710970 3.368620 -4.430624
v 9.648879 3.711193 -3.517099
v 10.219832 3.711193 0.022808
v 7.821830 3.711193 -6.600245
v 9.648879 3.711193 -3.517099
v -1.770177 -0.057096 -0.662335
v -0.057318 -0.057096 0.022808
v -1.884367 -0.057096 0.022808
v -1.427605 -0.057096 -1.233288
v -1.770177 -0.057096 -0.662335
v -10.220278 3.711193 0.022808
v -9.649325 3.711193 -3.517099
v 1.541350 3.711193 -1.461669
v 0.056872 3.711193 -2.603575
v -0.057318 3.711193 0.022808
v -0.970843 -0.057096 -1.690050
v -1.427605 -0.057096 -1.233288
v 0.056872 3.711193 -2.603575
v -1.541795 3.711193 -1.461669
v 0.056872 3.711193 -2.603575
v 1.769731 3.711192 -10.025961
v -1.770177 3.711192 -10.025961
v -1.541795 3.368620 -1.461669
v -2.912082 3.368619 -5.001576
v -3.597226 3.368620 -4.088052
v -0.285699 -0.057096 -1.918431
v -0.970843 -0.057096 -1.690050
v 1.883921 -0.057096 0.022808
v 1.769731 -0.057096 -0.662335
v 0.056872 3.711193 -2.603575
v -2.112748 3.368619 -5.344150
v -3.597226 3.368620 -4.430624
v 0.285253 -0.057096 -1.918431
v -0.285699 -0.057096 -1.918431
v 1.769731 -0.057096 -0.662335
v 1.427159 -0.057096 -1.233288
v 0.970397 -0.057096 -1.690050
v 0.285253 -0.057096 -1.918431
v 1.427159 -0.057096 -1.233288
v 0.970397 -0.057096 -1.690050
v -0.970843 3.368619 -5.686720
v 0.970397 3.368619 -5.686720
v 3.710970 3.368620 -4.430624
v 4.396113 3.368620 -3.745480
v -9.649325 3.711193 -3.517099
v -7.822276 3.711193 -6.486054
v 0.056872 3.711193 -2.603575
v -4.396559 3.368620 -3.745480
v -1.541795 3.368620 1.507285
v -2.912082 3.368620 5.047193
v -0.057318 3.368620 2.649191
v -2.112748 3.368620 5.275574
v -3.711416 3.368620 4.133667
v -3.711416 3.368620 4.362050
v -9.649325 3.711193 3.448525
v -10.220278 3.711193 0.022808
v -7.822276 3.711194 6.531670
v -9.649325 3.711193 3.448525
v 1.769731 -0.057096 0.593761
v 1.883921 -0.057096 0.022808
v 1.427159 -0.057096 1.164714
v 1.769731 -0.057096 0.593761
v 10.219832 3.711193 0.022808
v 9.648879 3.711193 3.448525
v -1.541795 3.711193 1.507285
v -0.057318 3.711193 2.649191
v 0.970397 -0.057096 1.621476
v 1.427159 -0.057096 1.164714
v -0.057318 3.711193 2.649191
v 1.541350 3.711193 1.507285
v -0.057318 3.711193 2.649191
v -1.770177 3.711194 10.071577
v 1.769731 3.711194 10.071577
v 1.541350 3.368620 1.507285
v 2.911637 3.368620 5.047193
v 3.596780 3.368620 4.133667
v 0.285253 -0.057096 1.849857
v 0.970397 -0.057096 1.621476
v -1.884367 -0.057096 0.022808
v -1.770177 -0.057096 0.593761
v -0.057318 3.711193 2.649191
v 2.112303 3.368620 5.275574
v 3.596780 3.368620 4.476240
v -0.285699 -0.057096 1.849857
v 0.285253 -0.057096 1.849857
v -1.770177 -0.057096 0.593761
v -1.427605 -0.057096 1.164714
v -0.970843 -0.057096 1.621476
v -0.285699 -0.057096 1.849857
v -1.427605 -0.057096 1.164714
v -0.970843 -0.057096 1.621476
v 0.970397 3.368620 5.732337
v -0.970843 3.368620 5.732337
v -3.711416 3.368620 4.362050
v -4.396559 3.368620 3.676906
v 9.648879 3.711193 3.448525
v 7.821830 3.711194 6.531670
v -0.057318 3.711193 2.649191
v 4.396113 3.368620 3.676906
v 4.624495 7.022718 -0.776527
v -0.057318 7.022718 0.022807
v 4.624495 7.022718 0.822141
v 2.683255 7.022718 -1.575861
v 4.624495 7.022718 -0.776527
v 1.998112 7.022718 -2.375195
v -0.057318 7.022718 0.022807
v 2.683255 7.022718 -1.575861
v 1.084587 7.022718 -2.946146
v 1.998112 7.022718 -2.375195
v 0.056872 7.022717 -4.773195
v 1.084587 7.022718 -2.946146
v -1.085033 7.022718 -2.946146
v 0.056872 7.022717 -4.773195
v -1.998558 7.022718 -2.375195
v -1.085033 7.022718 -2.946146
v -2.683701 7.022718 -1.575861
v -1.998558 7.022718 -2.375195
v -4.624940 7.022718 -0.890717
v -2.683701 7.022718 -1.575861
v -4.624940 7.022718 0.822141
v -4.624940 7.022718 -0.890717
v -2.683701 7.022718 1.507285
v -4.624940 7.022718 0.822141
v -1.998558 7.022718 2.420810
v -2.683701 7.022718 1.507285
v -1.085033 7.022718 2.991763
v -1.998558 7.022718 2.420810
v -0.057318 7.022718 4.704620
v -1.085033 7.022718 2.991763
v 1.084587 7.022718 2.991763
v -0.057318 7.022718 4.704620
v 1.998112 7.022718 2.420810
v 1.084587 7.022718 2.991763
v 2.683255 7.022718 1.621476
v 1.998112 7.022718 2.420810
v 4.624495 7.022718 0.822141
v 2.683255 7.022718 1.621476
v 3.025827 6.794338 -1.804241
v 3.025827 8.393005 1.735666
v 3.025827 6.794338 1.735667
v 3.025827 8.393005 -1.804242
v 3.025827 6.794338 -1.804241
v -3.026273 8.393005 1.735666
v -3.026273 6.794338 -1.804241
v -3.026273 6.794338 1.735667
v -3.026273 8.393005 -1.804242
v -3.026273 6.794338 -1.804241
v -0.057318 8.393005 3.562715
v -0.399890 7.136909 3.334333
v -0.057318 6.794339 3.562716
v -0.399890 7.936244 3.334333
v -0.399890 7.136909 3.334333
v -0.399890 7.936244 3.334333
v -0.057318 8.393005 3.562715
v -2.683701 7.936243 1.964047
v -3.026273 8.393005 1.735666
v -2.683701 7.936243 1.964047
v -2.683701 7.136909 1.964047
v -2.683701 7.936243 1.964047
v -0.399890 7.136909 3.334333
v -2.683701 7.136909 1.964047
v -3.026273 6.794338 1.735667
v -0.285699 7.136909 -3.402910
v 0.056872 8.393005 -3.517100
v 0.056872 6.794338 -3.517099
v -0.285699 7.936243 -3.402910
v -0.285699 7.136909 -3.402910
v 0.056872 8.393005 -3.517100
v -0.285699 7.936243 -3.402910
v -2.683701 7.936243 -2.032623
v -3.026273 8.393005 -1.804242
v -2.683701 7.936243 -2.032623
v -2.683701 7.936243 -2.032623
v -2.683701 7.136909 -2.032623
v -2.683701 7.136909 -2.032623
v 0.056872 6.794338 -3.517099
v -0.285699 7.136909 -3.402910
v 0.399444 7.136909 -3.402910
v 0.399444 7.936243 -3.402910
v 0.399444 7.136909 -3.402910
v 0.399444 7.936243 -3.402910
v 2.683255 7.936243 -2.032623
v 3.025827 8.393005 -1.804242
v 2.683255 7.936243 -2.032623
v 2.683255 7.136909 -2.032623
v 2.683255 7.936243 -2.032623
v 0.399444 7.136909 -3.402910
v 2.683255 7.136909 -2.032623
v 0.056872 6.794338 -3.517099
v 0.285253 7.136909 3.334333
v 0.285253 7.936244 3.334333
v 0.285253 7.136909 3.334333
v 0.285253 7.936244 3.334333
v 2.683255 7.936243 2.078237
v 3.025827 8.393005 1.735666
v 2.683255 7.936243 2.078237
v 2.683255 7.936243 2.078237
v 2.683255 7.136909 2.078238
v 3.025827 6.794338 1.735667
v 2.683255 7.136909 2.078238
v 2.683255 7.136909 2.078238
v 0.285253 7.136909 3.334333
v 3.025827 8.393005 1.735666
v 3.025827 8.393005 -1.804242
v -0.057318 8.393005 3.562715
v 3.025827 8.393005 -1.804242
v 0.056872 8.393005 -3.517100
v 0.056872 8.393005 -3.517100
v -3.026273 8.393005 1.735666
v -3.026273 8.393005 -1.804242
v -3.026273 8.393005 1.735666
v -2.569510 7.136909 -0.433955
v -2.569510 7.822052 -0.433955
v -0.399890 7.136909 -0.433955
v -2.569510 7.822052 -0.433955
v -0.399890 7.822052 -0.433955
v 2.569065 7.822052 -0.433955
v 2.569065 7.136909 -0.433955
v 0.399444 7.136909 -0.433955
v 0.399444 7.822052 -0.433955
v 2.569065 7.822052 -0.433955
v 2.569065 7.822052 -0.433955
v 2.683255 7.936243 -2.032623
v 2.569065 7.136909 -0.433955
v 2.683255 7.936243 -2.032623
v 2.683255 7.136909 -2.032623
v 2.683255 7.136909 -2.032623
v 0.399444 7.136909 -3.402910
v 0.399444 7.136909 -0.433955
v 2.569065 7.136909 -0.433955
v 2.683255 7.136909 -2.032623
v 2.683255 7.936243 -2.032623
v 2.569065 7.822052 -0.433955
v 0.399444 7.822052 -0.433955
v 0.399444 7.936243 -3.402910
v 2.683255 7.936243 -2.032623
v -0.399890 7.822052 -0.433955
v -0.285699 7.936243 -3.402910
v -0.399890 7.136909 -0.433955
v -0.285699 7.936243 -3.402910
v -0.285699 7.136909 -3.402910
v -2.683701 7.936243 -2.032623
v -2.569510 7.822052 -0.433955
v -2.569510 7.136909 -0.433955
v -2.683701 7.136909 -2.032623
v -2.683701 7.936243 -2.032623
v -2.569510 7.136909 -0.433955
v -2.683701 7.936243 -2.032623
v -0.285699 7.936243 -3.402910
v -0.399890 7.822052 -0.433955
v -2.569510 7.822052 -0.433955
v -2.683701 7.936243 -2.032623
v -2.683701 7.136909 -2.032623
v -2.569510 7.136909 -0.433955
v -0.399890 7.136909 -0.433955
v -0.285699 7.136909 -3.402910
v -2.683701 7.136909 -2.032623
v 0.399444 7.936243 -3.402910
v 0.399444 7.822052 -0.433955
v 0.399444 7.136909 -0.433955
v 0.399444 7.136909 -3.402910
v 0.399444 7.936243 -3.402910
v -2.569510 7.822052 0.365379
v -2.569510 7.136909 0.365379
v -0.399890 7.136909 0.479569
v -0.399890 7.822052 0.479569
v -2.569510 7.822052 0.365379
v 2.569065 7.136909 0.479569
v 2.569065 7.822052 0.479569
v 0.399444 7.136909 0.479569
v 2.569065 7.822052 0.479569
v 0.399444 7.822052 0.479569
v -2.569510 7.136909 0.365379
v -2.683701 7.136909 1.964047
v -0.399890 7.136909 0.479569
v -2.683701 7.136909 1.964047
v -0.399890 7.136909 3.334333
v -0.399890 7.936244 3.334333
v -0.399890 7.822052 0.479569
v -0.399890 7.136909 0.479569
v -0.399890 7.136909 3.334333
v -0.399890 7.936244 3.334333
v -0.399890 7.936244 3.334333
v -2.683701 7.936243 1.964047
v -0.399890 7.822052 0.479569
v -2.683701 7.936243 1.964047
v -2.569510 7.822052 0.365379
v -2.569510 7.822052 0.365379
v -2.683701 7.936243 1.964047
v -2.569510 7.136909 0.365379
v -2.683701 7.936243 1.964047
v -2.683701 7.136909 1.964047
v -2.569510 7.136909 0.365379
v 0.399444 7.822052 0.479569
v 0.285253 7.936244 3.334333
v 0.399444 7.136909 0.479569
v 0.285253 7.936244 3.334333
v 0.285253 7.136909 3.334333
v 2.569065 7.822052 0.479569
v 2.683255 7.936243 2.078237
v 0.399444 7.822052 0.479569
v 2.683255 7.936243 2.078237
v 0.285253 7.936244 3.334333
v 2.683255 7.936243 2.078237
v 2.569065 7.822052 0.479569
v 2.569065 7.136909 0.479569
v 2.683255 7.136909 2.078238
v 2.683255 7.936243 2.078237
v 0.285253 7.136909 3.334333
v 2.683255 7.136909 2.078238
v 0.399444 7.136909 0.479569
v 2.683255 7.136909 2.078238
v 2.569065 7.136909 0.479569
v 1.427159 8.393005 -2.603576
v 1.769731 8.393005 -2.261004
v -1.541795 8.621387 2.192428
v -1.770177 8.393005 2.306618
v -1.427605 8.393005 2.534999
v -1.199224 8.393005 -1.233289
v -0.057318 9.078149 0.022807
v 1.427159 8.393005 2.534999
v 1.084587 8.393005 2.649190
v -1.085033 8.621387 -2.489385
v -1.085033 8.393005 -2.603576
v -1.427605 8.393005 -2.603576
v 2.911637 8.393005 0.022807
v 2.911637 8.393005 0.365379
v -2.683701 8.621387 -0.319765
v -2.912082 8.393005 -0.319765
v -2.912082 8.393005 0.022807
v 4.624495 7.022718 -0.776527
v 4.167733 7.022718 -2.375195
v 2.683255 7.022718 -1.575861
v 1.655540 7.022717 -4.430624
v 0.056872 7.022717 -4.773195
v 1.084587 7.022718 -2.946146
v 0.056872 7.022717 -4.773195
v -1.541795 7.022717 -4.430624
v -1.085033 7.022718 -2.946146
v -4.053988 7.022718 -2.375195
v -4.624940 7.022718 -0.890717
v -2.683701 7.022718 -1.575861
v -4.624940 7.022718 0.822141
v -4.168178 7.022718 2.306618
v -2.683701 7.022718 1.507285
v -1.655986 7.022718 4.476240
v -0.057318 7.022718 4.704620
v -1.085033 7.022718 2.991763
v -0.057318 7.022718 4.704620
v 1.541350 7.022718 4.476240
v 1.084587 7.022718 2.991763
v 4.053542 7.022718 2.420810
v 4.624495 7.022718 0.822141
v 2.683255 7.022718 1.621476
v -7.479705 5.652431 -6.371863
v -9.192563 6.337574 -3.402910
v -7.479705 6.337574 -6.371863
v -3.597226 6.223385 -3.060338
v -7.593895 6.337575 6.303288
v 3.025827 5.652431 -8.313103
v -1.770177 5.538240 -6.600245
v -3.597226 6.223385 2.991763
v -9.306753 6.337575 3.334333
v -7.593895 5.652432 6.303288
v -7.593895 6.337575 6.303288
v -7.479705 6.337574 -6.371863
v -5.538465 7.707862 1.964047
v -5.081703 7.707862 2.763381
v -5.424275 7.593671 1.964047
v -1.770177 5.538241 6.531670
v -3.026273 5.652432 8.358719
v 7.479259 5.652432 6.303288
v 9.192117 6.337575 3.448524
v 7.479259 6.337575 6.303288
v 3.596780 6.223385 2.991763
v 7.593450 6.337574 -6.257673
v 1.769731 5.538241 6.531670
v 3.596780 6.223385 -2.946146
v 9.306308 6.337574 -3.288718
v 7.593450 5.652431 -6.257673
v 7.593450 6.337574 -6.257673
v 7.479259 6.337575 6.303288
v 5.538020 7.707862 -2.032623
v 5.081257 7.707862 -2.831956
v 5.423829 7.593671 -1.918432
v 7.593450 6.337574 -6.257673
v -7.479705 6.337574 -6.371863
v -7.593895 6.337575 6.303288
v 7.479259 6.337575 6.303288
v -7.479705 5.652431 -6.371863
v -4.853322 5.652431 -8.541484
v 7.593450 5.652431 -6.257673
v 4.967066 5.652431 -8.541484
v 7.479259 5.652432 6.303288
v 4.852876 5.652432 8.587100
v -7.593895 5.652432 6.303288
v -4.967512 5.652432 8.472910
v -9.306753 6.680147 0.936333
v -8.279038 7.365290 0.936332
v -8.735801 7.136909 0.022807
v -7.708086 7.593671 0.022807
v -8.279038 7.365290 -1.004908
v -9.306753 6.794338 -0.890717
v -9.649325 6.451766 -0.091382
v -8.050657 7.593671 0.822141
v -8.279038 7.365290 0.936332
v -8.279038 7.479481 0.936332
v -9.306753 6.680147 0.936333
v -9.649325 6.565957 1.050523
v -9.306753 6.794338 0.936332
v -9.649325 6.680147 1.278903
v -8.964182 6.680147 1.050523
v -9.192563 6.794338 1.050523
v -8.050657 7.365290 1.164713
v -8.050657 7.593671 1.393094
v -8.164848 7.479481 1.050522
v -9.078372 6.680147 -1.119098
v -9.649325 6.680147 -1.347479
v -9.192563 6.794338 -1.119098
v -9.649325 6.680147 -1.119098
v -9.306753 6.794338 -0.890717
v -9.306753 6.794338 -0.890717
v -8.279038 7.365290 -1.004908
v -8.050657 7.593671 -0.890717
v -8.279038 7.479481 -1.004908
v -8.050657 7.593671 -1.347480
v -8.050657 7.365290 -1.119099
v -8.164848 7.593671 -1.119099
v 9.306308 6.680147 -0.890716
v 8.278593 7.365290 -0.890717
v 8.735354 7.136909 0.022807
v 7.707640 7.593671 0.022807
v 8.278593 7.365290 0.936332
v 9.306308 6.794338 0.936332
v 9.648879 6.451766 0.022808
v 8.050212 7.593671 -0.776527
v 8.278593 7.365290 -0.890717
v 8.278593 7.479481 -0.890717
v 9.306308 6.680147 -0.890716
v 9.648879 6.565957 -1.119098
v 9.306308 6.794338 -0.890717
v 9.648879 6.680147 -1.233289
v 8.963736 6.680147 -1.119098
v 9.192117 6.794338 -1.119098
v 8.050212 7.365290 -1.119099
v 8.050212 7.593671 -1.347480
v 8.164402 7.479481 -1.119099
v 9.077927 6.680147 1.164714
v 9.648879 6.680147 1.278903
v 9.192117 6.794338 1.050523
v 9.648879 6.680147 1.164714
v 9.306308 6.794338 0.936332
v 9.306308 6.794338 0.936332
v 8.278593 7.365290 0.936332
v 8.050212 7.593671 0.936332
v 8.278593 7.479481 0.936332
v 8.050212 7.593671 1.393094
v 8.050212 7.365290 1.164713
v 8.164402 7.593671 1.164713
v -8.964182 0.513857 -4.544814
v -9.763515 0.856428 -2.261003
v -9.763515 0.513857 -2.261003
v -8.164848 4.853098 5.846527
v -8.964182 5.309861 4.019477
v -8.164848 5.424051 5.846527
v -8.964182 0.513857 4.019478
v -8.164848 0.856428 5.846527
v -8.164848 0.513857 5.846527
v -4.510750 6.109194 8.929671
v -5.881037 5.309861 8.130338
v -5.881037 5.766623 8.130338
v -0.856652 6.223386 9.957387
v -2.912082 6.451767 9.614814
v -0.856652 7.022719 9.957386
v -5.881037 0.856429 8.130338
v -5.881037 0.513858 8.130338
v -0.856652 0.856429 9.957387
v -0.856652 0.513858 9.957387
v 2.226493 7.022719 9.729005
v 2.226493 7.707863 9.729005
v 2.226493 0.970620 9.729006
v 3.939351 0.513858 9.272243
v 2.226493 0.513858 9.729006
v -13.874376 0.856428 -3.402909
v -13.303424 0.513857 -3.402909
v -13.189233 0.856428 -3.174528
v -13.760185 0.742238 0.479570
v -13.760185 0.856428 0.479570
v -13.189233 0.513857 0.822142
v -8.164848 0.856429 10.870911
v -8.050657 0.856429 10.756721
v -7.822276 0.513858 10.528339
v 3.254208 0.856429 13.497294
v 3.140018 0.856429 13.154723
v 3.140018 0.513858 13.040532
v -11.019612 0.856429 8.016148
v -10.677040 0.513858 7.559385
v -10.791230 0.856429 7.787766
v -0.742462 0.856429 13.611485
v -0.856652 0.513858 13.040532
v -0.856652 0.856429 13.497294
v -9.763515 4.282146 -2.261003
v -9.763515 4.738908 -2.261003
v 8.963736 0.513857 4.590430
v 9.648879 0.856428 2.306619
v 9.648879 0.513857 2.306619
v 8.050212 4.853097 -5.915102
v 9.192117 5.309860 -4.088052
v 8.050212 5.424050 -5.915102
v 9.192117 0.513857 -4.088052
v 8.050212 0.856428 -5.915101
v 8.050212 0.513857 -5.915101
v 4.510304 6.109193 -8.998246
v 5.880591 5.309860 -8.198912
v 5.880591 5.766623 -8.198912
v 0.856206 6.223384 -9.797580
v 2.911637 6.451766 -9.455010
v 0.856206 7.022717 -9.797581
v 5.880591 0.856427 -8.198912
v 5.880591 0.513856 -8.198912
v 0.856206 0.856427 -9.797580
v 0.856206 0.513856 -9.797580
v -2.226939 7.022717 -9.569200
v -2.226939 7.707861 -9.683391
v -2.226939 0.970618 -9.569199
v -3.939797 0.513856 -8.998246
v -2.226939 0.513856 -9.683390
v 13.645549 0.856428 3.334334
v 13.188787 0.513857 3.448525
v 13.074596 0.856428 3.220144
v 13.759740 0.742238 -0.548145
v 13.759740 0.856428 -0.548145
v 13.188787 0.513857 -0.776526
v 8.164402 0.856427 -10.825295
v 8.050212 0.856427 -10.711105
v 7.821830 0.513856 -10.482723
v -3.254654 0.856427 -13.451678
v -3.140463 0.856427 -13.223297
v -3.140463 0.513856 -12.994916
v 11.019167 0.856427 -7.970531
v 10.676594 0.513856 -7.627959
v 10.790785 0.856427 -7.856340
v 0.742016 0.856427 -13.565868
v 0.856206 0.513856 -13.109107
v 0.856206 0.856427 -13.451678
v 9.648879 4.282146 2.306619
v 9.648879 4.738908 2.306618
v 4.281923 7.365290 -5.001576
v 6.794116 7.365290 -5.344150
v 6.679925 7.251100 -5.686720
v 5.309638 7.251100 -6.029293
v 5.766401 7.365290 -6.143483
v 5.423829 7.365290 -6.143483
v 6.794116 6.109193 -7.742150
v 3.368399 7.365290 -5.572529
v 5.081257 7.365290 -6.714436
v 4.967066 7.251100 -6.942816
v 3.596780 7.251100 -6.714436
v 3.710970 7.365290 -6.942816
v 3.482589 7.365290 -6.828627
v 4.624495 5.995004 -8.655674
v 2.226493 7.022717 -6.029293
v 3.025827 7.022717 -7.285388
v 2.797446 6.908527 -7.399579
v 1.883921 6.908527 -6.942816
v 1.883921 7.022717 -7.171197
v 1.769731 7.022717 -7.057007
v 1.883921 5.995004 -8.769865
v -4.396559 7.365290 -5.001576
v -6.794561 7.365290 -5.344150
v -6.794561 7.251100 -5.686720
v -5.310084 7.251100 -6.029293
v -5.424275 7.365290 -6.143483
v -5.766846 7.365290 -6.143483
v -6.794561 6.109193 -7.742150
v -3.368845 7.365290 -5.572529
v -5.195893 7.365290 -6.714436
v -4.967512 7.251100 -6.942816
v -3.597226 7.251100 -6.714436
v -3.483035 7.365290 -6.828627
v -3.825607 7.365290 -6.942816
v -4.739131 5.995004 -8.655674
v -2.226939 7.022717 -6.029293
v -3.026273 7.022717 -7.285388
v -2.797892 6.908527 -7.399579
v -1.884367 6.908527 -6.942816
v -1.770177 7.022717 -7.057007
v -1.884367 7.022717 -7.171197
v -1.884367 5.995004 -8.769865
v -0.057318 5.424050 -8.655674
v 0.856206 6.337574 -8.084723
v 0.742016 5.424050 -8.427293
v 1.198778 5.424050 -8.084722
v 1.198778 5.995004 -7.970531
v 1.655540 5.538240 -8.084722
v 0.742016 5.424050 -8.427293
v 0.856206 6.337574 -8.084723
v 1.198778 5.995004 -7.970531
v 0.742016 5.424050 -8.427293
v 1.198778 5.995004 -7.970531
v 1.198778 5.424050 -8.084722
v 1.312968 7.822052 -7.399579
v -0.057318 8.849767 -6.600245
v 1.312968 7.707861 -6.942816
v -0.057318 5.424050 -8.655674
v -0.742462 5.424050 -8.427293
v -0.856652 6.337574 -8.084723
v -1.199224 5.424050 -8.084722
v -1.199224 5.995004 -7.970531
v -0.742462 5.424050 -8.427293
v -1.199224 5.995004 -7.970531
v -0.856652 6.337574 -8.084723
v -0.742462 5.424050 -8.427293
v -1.199224 5.424050 -8.084722
v -1.199224 5.995004 -7.970531
v -1.313414 7.822052 -7.399579
v -1.313414 7.707861 -6.942816
v -0.057318 8.849767 -6.600245
v -4.282369 7.365291 5.047193
v -6.794561 7.365291 5.389763
v -6.680371 7.251101 5.618145
v -5.310084 7.251101 5.960718
v -5.766846 7.365291 6.189097
v -5.424275 7.365291 6.189097
v -6.794561 6.109194 7.673575
v -3.368845 7.365291 5.503954
v -5.081703 7.365291 6.760050
v -4.967512 7.251101 6.874241
v -3.597226 7.251101 6.645861
v -3.711416 7.365291 6.988431
v -3.483035 7.365291 6.874241
v -4.624940 5.995005 8.701290
v -2.226939 7.022718 6.074907
v -3.026273 7.022718 7.331004
v -2.797892 6.908528 7.445195
v -1.884367 6.908528 6.874241
v -1.884367 7.022718 7.216814
v -1.770177 7.022718 6.988431
v -1.884367 5.995005 8.815481
v 4.396113 7.365291 5.047193
v 6.794116 7.365291 5.389763
v 6.794116 7.251101 5.618145
v 5.309638 7.251101 5.960718
v 5.423829 7.365291 6.189097
v 5.766401 7.365291 6.189097
v 6.794116 6.109194 7.673575
v 3.368399 7.365291 5.503954
v 5.195447 7.365291 6.760050
v 4.967066 7.251101 6.874241
v 3.596780 7.251101 6.645861
v 3.482589 7.365291 6.874241
v 3.825161 7.365291 6.988431
v 4.738685 5.995005 8.701290
v 2.226493 7.022718 6.074907
v 3.025827 7.022718 7.331004
v 2.797446 6.908528 7.445195
v 1.883921 6.908528 6.874241
v 1.769731 7.022718 6.988431
v 1.883921 7.022718 7.216814
v 1.883921 5.995005 8.815481
v 0.056872 5.424051 8.701290
v -0.856652 6.337575 8.130337
v -0.742462 5.424051 8.472910
v -1.199224 5.424051 8.130338
v -1.199224 5.995005 8.016148
v -1.655986 5.538241 8.130338
v -0.742462 5.424051 8.472910
v -0.856652 6.337575 8.130337
v -1.199224 5.995005 8.016148
v -0.742462 5.424051 8.472910
v -1.199224 5.995005 8.016148
v -1.199224 5.424051 8.130338
v -1.313414 7.822052 7.331004
v 0.056872 8.849769 6.645861
v -1.313414 7.707862 6.988431
v 0.056872 5.424051 8.701290
v 0.742016 5.424051 8.472910
v 0.856206 6.337575 8.130337
v 1.198778 5.424051 8.130338
v 1.198778 5.995005 8.016148
v 0.742016 5.424051 8.472910
v 1.198778 5.995005 8.016148
v 0.856206 6.337575 8.130337
v 0.742016 5.424051 8.472910
v 1.198778 5.424051 8.130338
v 1.198778 5.995005 8.016148
v 1.312968 7.822052 7.331004
v 1.312968 7.707862 6.988431
v 0.056872 8.849769 6.645861
vn -0.9922 -0.0000 -0.1250
vn 0.9922 -0.0000 -0.1250
vn 0.9921 -0.0000 -0.1251
vn 0.6025 -0.0000 0.7981
vn -0.4623 -0.3840 -0.7993
vn -0.5942 -0.3753 -0.7114
vn -0.7093 -0.3820 -0.5924
vn -0.7093 -0.3819 -0.5924
vn -0.3210 -0.3759 -0.8693
vn -0.1633 -0.3811 -0.9100
vn 0.4623 -0.3840 -0.7993
vn 0.3211 -0.3759 -0.8693
vn 0.1645 -0.3838 -0.9086
vn 0.5942 -0.3753 -0.7114
vn 0.7093 -0.3819 -0.5924
vn 0.4622 -0.3840 -0.7993
vn 0.7093 -0.3820 -0.5924
vn 0.9922 -0.0000 0.1250
vn -0.9922 -0.0000 0.1248
vn -0.9922 -0.0000 0.1249
vn -0.9922 -0.0000 0.1250
vn -0.9921 -0.0000 0.1251
vn -0.6025 -0.0000 -0.7981
vn 0.4623 -0.3840 0.7993
vn 0.5942 -0.3753 0.7114
vn 0.7093 -0.3819 0.5924
vn 0.7093 -0.3820 0.5924
vn 0.3211 -0.3760 0.8692
vn 0.1633 -0.3811 0.9100
vn 0.4623 -0.3839 0.7993
vn -0.4623 -0.3840 0.7993
vn -0.3211 -0.3759 0.8693
vn -0.1645 -0.3838 0.9086
vn -0.5941 -0.3753 0.7114
vn -0.7093 -0.3819 0.5925
vn -0.4624 -0.3840 0.7992
vn -0.7093 -0.3819 0.5924
vn -0.1017 0.9945 0.0235
vn -0.1793 0.9823 0.0546
vn -0.2110 0.9694 0.1250
vn -0.1793 0.9823 0.0545
vn -0.2111 0.9694 0.1251
vn -0.3054 0.9319 0.1958
vn -0.0863 0.9958 -0.0314
vn -0.1959 0.9715 -0.1332
vn -0.1718 0.9836 -0.0547
vn -0.2961 0.9351 -0.1948
vn -0.1718 0.9836 -0.0546
vn -0.1717 0.9836 -0.0547
vn -0.1717 0.9836 -0.0546
vn 0.6896 0.7053 -0.1645
vn 0.3681 0.9242 -0.1018
vn 0.5916 0.7861 -0.1790
vn 0.3681 0.9242 -0.1017
vn 0.5915 0.7861 -0.1791
vn 0.3604 0.9244 -0.1253
vn 0.0939 0.9941 0.0548
vn 0.2270 0.9707 0.0783
vn 0.3209 0.9471 -0.0000
vn 0.4750 0.8800 -0.0000
vn 0.1017 0.9945 -0.0235
vn 0.1793 0.9823 -0.0546
vn 0.2110 0.9694 -0.1251
vn 0.2111 0.9694 -0.1251
vn 0.3054 0.9319 -0.1958
vn 0.0863 0.9958 0.0314
vn 0.1959 0.9715 0.1332
vn 0.1718 0.9836 0.0547
vn 0.2961 0.9351 0.1948
vn 0.1717 0.9836 0.0546
vn 0.1718 0.9836 0.0546
vn -0.6896 0.7053 0.1645
vn -0.3681 0.9242 0.1018
vn -0.5915 0.7861 0.1790
vn -0.6896 0.7052 0.1646
vn -0.5915 0.7862 0.1790
vn -0.0000 -0.0000 1.0000
vn -0.0939 0.9941 -0.0548
vn -0.2270 0.9707 -0.0783
vn -0.3209 0.9471 -0.0000
vn -0.4750 0.8800 -0.0000
vn -0.9837 -0.0000 -0.1796
vn -0.9833 -0.0312 -0.1795
vn -0.9963 -0.0000 -0.0856
vn -0.9963 -0.0078 -0.0856
vn -0.9996 0.0234 0.0156
vn -0.9998 -0.0078 0.0157
vn -0.9998 -0.0078 0.0156
vn -0.7110 -0.0000 0.7032
vn -0.8332 0.0078 0.5529
vn -0.7106 -0.0313 0.7029
vn -0.8299 -0.0470 0.5559
vn -0.7106 -0.0312 0.7029
vn -0.7107 -0.0312 0.7028
vn -0.5708 -0.0156 0.8209
vn -0.5708 -0.0000 0.8211
vn -0.5708 -0.0156 0.8210
vn -0.5708 -0.0157 0.8210
vn 0.0551 -0.0000 0.9985
vn -0.0551 -0.0000 0.9985
vn 0.0550 -0.0079 0.9985
vn -0.0550 -0.0079 0.9985
vn -0.0550 -0.0000 0.9985
vn 0.1644 -0.0078 0.9864
vn 0.1644 -0.0000 0.9864
vn 0.0550 -0.0000 0.9985
vn -0.6941 -0.2808 -0.6629
vn -0.9729 -0.1712 0.1557
vn -0.9576 -0.2258 0.1790
vn -0.9730 -0.1334 0.1883
vn -0.9576 -0.2258 0.1791
vn 0.6338 0.3365 0.6965
vn 0.6081 0.2417 0.7562
vn 0.6338 0.3365 0.6964
vn 0.0156 -0.4283 -0.9035
vn 0.0156 -0.4284 -0.9035
vn -0.5619 0.7023 0.4370
vn -0.3514 0.3124 0.8826
vn -0.3514 0.3124 0.8825
vn -0.5619 0.7024 0.4370
vn -0.3515 0.3124 0.8825
vn 0.9558 0.1959 -0.2194
vn 0.9558 0.1958 -0.2193
vn 0.9558 0.1959 -0.2193
vn 0.5920 -0.2804 -0.7556
vn 0.7809 -0.0000 -0.6247
vn 0.7847 -0.0078 -0.6199
vn 0.7847 0.0078 -0.6199
vn 0.7847 -0.0079 -0.6199
vn 0.5939 0.3282 -0.7346
vn 0.5939 0.3282 -0.7345
vn -0.3368 -0.3211 0.8851
vn -0.3368 -0.3212 0.8851
vn 0.6026 -0.3443 0.7199
vn 0.6026 -0.3443 0.7200
vn 0.9274 0.2182 -0.3039
vn 0.9602 -0.2498 -0.1249
vn 0.8146 0.3289 -0.4778
vn 0.8146 0.3290 -0.4777
vn 0.0156 0.4284 -0.9035
vn 0.0156 0.4283 -0.9035
vn 0.0156 0.4284 -0.9034
vn -0.3278 0.7415 -0.5854
vn -0.6770 0.2490 -0.6926
vn -0.7061 0.6905 -0.1569
vn -0.9755 0.1951 0.1015
vn -0.6040 0.6432 0.4706
vn -0.9755 0.1951 0.1014
vn -0.6040 0.6432 0.4707
vn -0.6417 0.6182 0.4539
vn 0.9837 -0.0000 0.1796
vn 0.9833 -0.0312 0.1795
vn 0.9890 0.0078 0.1480
vn 0.9875 -0.0157 0.1568
vn 0.9901 -0.0000 0.1404
vn 0.9937 0.0235 0.1096
vn 0.9901 -0.0000 0.1403
vn 0.7110 -0.0000 -0.7032
vn 0.8332 0.0078 -0.5529
vn 0.7107 -0.0312 -0.7028
vn 0.8299 -0.0470 -0.5559
vn 0.5708 -0.0156 -0.8209
vn 0.5708 -0.0000 -0.8211
vn 0.5708 -0.0156 -0.8210
vn 0.5708 -0.0157 -0.8210
vn -0.0546 -0.0000 -0.9985
vn 0.0546 -0.0000 -0.9985
vn -0.0546 -0.0078 -0.9985
vn 0.0546 -0.0078 -0.9985
vn -0.1645 -0.0078 -0.9864
vn -0.1644 -0.0000 -0.9864
vn -0.1644 -0.0078 -0.9864
vn 0.6941 -0.2808 0.6629
vn 0.6941 -0.2807 0.6629
vn 0.9729 -0.1712 -0.1557
vn 0.9576 -0.2258 -0.1791
vn 0.9734 -0.1324 -0.1869
vn -0.6339 0.3365 -0.6964
vn -0.6032 0.2428 -0.7598
vn -0.6031 0.2428 -0.7598
vn -0.6338 0.3365 -0.6965
vn -0.0155 -0.4283 0.9035
vn -0.0156 -0.4284 0.9035
vn 0.5619 0.7023 -0.4370
vn 0.3514 0.3124 -0.8826
vn 0.3514 0.3124 -0.8825
vn 0.3515 0.3124 -0.8825
vn -0.9558 0.1958 0.2193
vn -0.9558 0.1959 0.2194
vn -0.9558 0.1958 0.2194
vn -0.5920 -0.2804 0.7556
vn -0.7809 -0.0000 0.6247
vn -0.7847 -0.0079 0.6199
vn -0.7847 -0.0078 0.6199
vn -0.7847 0.0078 0.6199
vn -0.7847 0.0079 0.6199
vn -0.5939 0.3282 0.7346
vn -0.5939 0.3282 0.7345
vn 0.3368 -0.3211 -0.8851
vn 0.3368 -0.3212 -0.8851
vn -0.6026 -0.3443 -0.7200
vn -0.9274 0.2182 0.3039
vn -0.9602 -0.2498 0.1249
vn -0.8146 0.3290 0.4778
vn -0.8146 0.3290 0.4777
vn -0.0156 0.4377 0.8990
vn -0.0156 0.4378 0.8990
vn 0.3293 0.7449 0.5802
vn 0.6770 0.2490 0.6926
vn 0.6770 0.2491 0.6926
vn 0.7062 0.6904 0.1569
vn 0.9755 0.1951 -0.1015
vn 0.6040 0.6432 -0.4706
vn 0.9755 0.1951 -0.1014
vn 0.6417 0.6182 -0.4539
vn 0.6025 -0.0000 -0.7981
vn 0.7843 0.0314 0.6196
vn -0.7877 -0.0000 -0.6161
vn 0.3902 -0.0000 0.9207
vn 0.3901 -0.0000 0.9208
vn -0.6025 -0.0000 0.7981
vn -0.0000 1.0000 -0.0000
vn -0.9179 -0.3609 -0.1648
vn -0.8737 -0.3666 -0.3198
vn -0.0000 -1.0000 -0.0000
vn -0.7102 -0.3668 -0.6009
vn 0.7875 -0.0000 -0.6163
vn 0.7877 -0.0000 -0.6160
vn -0.9235 -0.3835 -0.0000
vn -0.8688 -0.3835 -0.3131
vn -0.4683 -0.3668 -0.8039
vn -0.4682 -0.3668 -0.8039
vn -0.7835 0.0549 0.6190
vn -0.7835 0.0549 0.6189
vn -0.7094 -0.3820 -0.5924
vn -0.7094 -0.3819 -0.5924
vn -0.1643 -0.3677 -0.9153
vn 0.8737 -0.3666 -0.3198
vn 0.9301 -0.3673 -0.0000
vn -0.3901 -0.0000 0.9208
vn -0.3902 -0.0000 0.9207
vn 0.1643 -0.3677 -0.9153
vn 0.7102 -0.3668 -0.6009
vn 0.4683 -0.3668 -0.8039
vn 0.8688 -0.3835 -0.3131
vn 0.9235 -0.3835 -0.0000
vn -0.1634 -0.3811 -0.9100
vn -0.7843 0.0314 -0.6196
vn 0.7877 -0.0000 0.6161
vn -0.3902 -0.0000 -0.9207
vn 0.8737 -0.3666 0.3198
vn 0.7102 -0.3668 0.6009
vn -0.7877 -0.0000 0.6160
vn -0.7875 -0.0000 0.6163
vn 0.8688 -0.3835 0.3131
vn 0.4683 -0.3668 0.8038
vn 0.4683 -0.3668 0.8039
vn 0.7835 0.0549 -0.6190
vn 0.1643 -0.3677 0.9153
vn -0.8737 -0.3666 0.3198
vn -0.9179 -0.3609 0.1648
vn 0.3901 -0.0000 -0.9208
vn 0.3902 -0.0000 -0.9208
vn 0.3902 -0.0000 -0.9207
vn -0.1643 -0.3677 0.9153
vn -0.7102 -0.3668 0.6009
vn -0.4683 -0.3668 0.8039
vn -0.8688 -0.3835 0.3131
vn -0.7093 -0.3820 0.5924
vn -0.1796 -0.0000 0.9837
vn -0.0079 -0.0000 1.0000
vn 0.4936 -0.0000 0.8697
vn 0.6332 -0.0000 0.7740
vn 0.9363 -0.0000 0.3511
vn 0.9864 -0.0000 -0.1644
vn 0.9423 -0.0000 -0.3348
vn 0.6501 -0.0000 -0.7598
vn 0.5087 -0.0000 -0.8609
vn 0.0078 -0.0000 -1.0000
vn -0.6332 -0.0000 -0.7740
vn -0.7598 -0.0000 -0.6502
vn -0.9837 0.0001 -0.1796
vn -0.9864 -0.0000 0.1644
vn -0.7740 -0.0000 0.6332
vn -0.6501 -0.0000 0.7598
vn -0.5087 -0.0000 0.8609
vn -0.6502 -0.0000 0.7598
vn 0.7598 -0.0000 0.6502
vn 0.9837 0.0001 0.1796
vn 0.7740 -0.0000 -0.6332
vn 0.1796 -0.0000 -0.9837
vn -0.4936 -0.0000 -0.8697
vn -0.9363 -0.0000 -0.3511
vn -0.9423 -0.0000 0.3349
vn 0.7315 0.5370 0.4202
vn 0.5611 0.7636 0.3195
vn 0.7315 0.5369 -0.4202
vn 0.2271 0.8302 -0.5091
vn 0.3437 0.8046 -0.4843
vn -0.0000 0.5384 -0.8427
vn -0.5395 0.7818 -0.3127
vn -0.7315 0.5369 -0.4202
vn -0.5394 0.7818 -0.3127
vn -0.7315 0.5370 0.4202
vn -0.2271 0.8302 0.5091
vn -0.3437 0.8046 0.4843
vn -0.0000 0.5384 0.8427
vn 0.5610 0.7637 0.3195
vn -0.0862 0.9952 -0.0470
vn 0.1800 0.9784 0.1017
vn -0.6711 0.7413 -0.0000
vn -0.6399 0.7491 0.1717
vn -0.6399 0.7491 0.1716
vn -0.4683 0.7493 0.4683
vn -0.1716 0.7491 0.6399
vn -0.1717 0.7491 0.6399
vn 0.1717 0.7491 0.6399
vn 0.1716 0.7491 0.6398
vn -0.1716 0.7491 0.6398
vn 0.1717 0.7491 0.6398
vn 0.3348 0.7396 0.5839
vn 0.6711 0.7413 -0.0000
vn 0.6399 0.7491 -0.1716
vn 0.6399 0.7491 -0.1717
vn 0.6398 0.7491 -0.1717
vn 0.4683 0.7493 -0.4683
vn 0.1717 0.7491 -0.6399
vn 0.1717 0.7491 -0.6398
vn -0.1716 0.7491 -0.6398
vn 0.1716 0.7491 -0.6398
vn -0.1717 0.7491 -0.6399
vn -0.1717 0.7491 -0.6398
vn -0.3348 0.7396 -0.5839
vn -0.4904 0.8252 -0.2802
vn -0.4904 0.8252 -0.2803
vn 0.2571 0.0234 -0.9661
vn 0.7030 -0.0235 -0.7108
vn 0.7030 -0.0234 -0.7108
vn 0.5942 0.7271 0.3440
vn 0.1800 0.9784 0.1018
vn 0.5941 0.7271 0.3440
vn -0.2571 -0.0234 0.9661
vn -0.7108 0.0234 0.7030
vn -0.7108 0.0235 0.7030
vn 0.6239 0.7642 -0.1638
vn 0.5018 0.8546 -0.1333
vn 0.6585 0.7526 -0.0000
vn 0.4678 0.8810 0.0702
vn 0.4538 0.7668 -0.4539
vn 0.3681 0.8538 -0.3681
vn 0.6238 0.7642 -0.1638
vn 0.3682 0.8538 -0.3681
vn 0.1333 0.8546 -0.5018
vn 0.3681 0.8538 -0.3682
vn 0.1638 0.7642 -0.6239
vn 0.4539 0.7668 -0.4538
vn -0.2182 0.7636 -0.6077
vn -0.1333 0.8546 -0.5018
vn -0.5018 0.8546 0.1333
vn -0.4678 0.8810 -0.0701
vn -0.6238 0.7642 0.1637
vn -0.6585 0.7526 -0.0000
vn -0.4678 0.8810 -0.0702
vn -0.6238 0.7642 0.1638
vn -0.4538 0.7669 0.4539
vn -0.3681 0.8538 0.3681
vn -0.1638 0.7642 0.6239
vn -0.1333 0.8546 0.5018
vn -0.4538 0.7669 0.4538
vn -0.3681 0.8538 0.3682
vn -0.4538 0.7668 0.4539
vn -0.1333 0.8547 0.5018
vn -0.1637 0.7642 0.6238
vn 0.1333 0.8547 0.5018
vn 0.1637 0.7642 0.6238
vn -0.1638 0.7642 0.6238
vn 0.1638 0.7642 0.6238
vn 0.2957 0.8792 0.3735
vn 0.3289 0.7517 0.5716
vn 0.2957 0.8793 0.3735
vn 0.2585 0.9634 0.0705
vn 0.1881 0.9640 0.1881
vn 0.1333 0.8546 0.5018
vn 0.2585 0.9634 -0.0705
vn 0.5018 0.8547 -0.1333
vn 0.1881 0.9640 -0.1881
vn 0.0705 0.9634 -0.2585
vn 0.1333 0.8547 -0.5018
vn -0.0705 0.9634 -0.2585
vn -0.1881 0.9640 -0.1881
vn -0.3043 0.8504 -0.4291
vn -0.3043 0.8505 -0.4291
vn -0.2182 0.7636 -0.6078
vn -0.2585 0.9634 -0.0705
vn -0.5018 0.8547 0.1333
vn -0.2585 0.9634 0.0705
vn -0.1881 0.9640 0.1881
vn -0.3682 0.8538 0.3681
vn -0.0705 0.9634 0.2585
vn 0.0705 0.9634 0.2585
vn 0.8631 0.5021 0.0549
vn 0.1408 0.9618 -0.2346
vn -0.4781 0.5016 -0.7210
vn -0.8630 0.5021 -0.0549
vn -0.8631 0.5021 -0.0549
vn -0.1408 0.9618 0.2346
vn 0.4781 0.5016 0.7210
vn 0.3283 0.8286 0.4534
vn 0.2499 0.8044 0.5389
vn -0.3283 0.8286 -0.4534
vn -0.2499 0.8044 -0.5389
vn -0.4781 0.5016 0.7210
vn 0.1408 0.9618 0.2346
vn 0.8630 0.5022 -0.0549
vn 0.8630 0.5021 -0.0549
vn 0.4781 0.5016 -0.7210
vn -0.1408 0.9618 -0.2346
vn -0.8631 0.5021 0.0549
vn 0.5554 0.8292 -0.0626
vn 0.5928 0.8035 0.0546
vn -0.5554 0.8292 0.0626
vn -0.5928 0.8035 -0.0546
vn 0.3838 0.5013 0.7755
vn 0.2737 0.9618 -0.0000
vn 0.3838 0.5013 -0.7755
vn -0.3838 0.5013 -0.7755
vn -0.2737 0.9618 -0.0000
vn -0.3838 0.5013 0.7755
vn 0.4453 0.7265 -0.5234
vn 0.6909 0.4082 -0.5967
vn 0.6909 0.4083 -0.5967
vn 0.4452 0.7265 -0.5234
vn 0.8440 0.5080 -0.1719
vn 0.6909 0.4082 -0.5966
vn -0.0156 0.4689 -0.8831
vn 0.4624 0.3997 -0.7915
vn 0.4624 0.3996 -0.7915
vn 0.4623 0.3997 -0.7915
vn 0.5341 0.5656 -0.6284
vn 0.1879 0.7753 -0.6030
vn 0.5341 0.5655 -0.6284
vn 0.1880 0.7753 -0.6030
vn 0.5374 0.7867 -0.3038
vn 0.5375 0.7867 -0.3038
vn 0.8441 0.5079 -0.1719
vn 0.5375 0.7867 -0.3037
vn -0.4631 0.6828 -0.5651
vn -0.5072 0.3823 -0.7724
vn -0.5071 0.3823 -0.7724
vn -0.4630 0.6828 -0.5651
vn -0.0703 0.5315 -0.8442
vn -0.0703 0.5315 -0.8441
vn -0.0704 0.5315 -0.8441
vn -0.8739 0.4604 -0.1561
vn -0.6881 0.3675 -0.6256
vn -0.8739 0.4603 -0.1560
vn -0.6882 0.3675 -0.6256
vn -0.4994 0.6242 -0.6008
vn -0.5467 0.7967 -0.2577
vn -0.5467 0.7967 -0.2578
vn -0.8739 0.4604 -0.1560
vn -0.1952 0.8196 -0.5386
vn -0.1951 0.8197 -0.5386
vn -0.4624 0.3997 0.7915
vn -0.4453 0.7265 0.5234
vn -0.4452 0.7265 0.5234
vn 0.0156 0.4689 0.8831
vn 0.0157 0.4689 0.8831
vn -0.6909 0.4082 0.5967
vn -0.8440 0.5080 0.1719
vn -0.6909 0.4082 0.5966
vn -0.6909 0.4083 0.5967
vn -0.6909 0.4083 0.5966
vn -0.6329 0.5704 0.5235
vn -0.1880 0.7753 0.6030
vn -0.5374 0.7867 0.3038
vn -0.8440 0.5080 0.1720
vn -0.4233 0.5486 0.7210
vn -0.4232 0.5486 0.7210
vn 0.6881 0.3675 0.6256
vn 0.4630 0.6828 0.5651
vn 0.4631 0.6828 0.5651
vn 0.8739 0.4604 0.1561
vn 0.8739 0.4603 0.1560
vn 0.6882 0.3675 0.6256
vn 0.5071 0.3823 0.7724
vn 0.5072 0.3823 0.7724
vn 0.0703 0.5315 0.8441
vn 0.0704 0.5315 0.8441
vn 0.4994 0.6242 0.6008
vn 0.5467 0.7967 0.2578
vn 0.5467 0.7967 0.2577
vn 0.8739 0.4604 0.1560
vn 0.1952 0.8196 0.5387
vn 0.0704 0.5315 0.8442
vn 0.1951 0.8196 0.5386
vn -1.0000 -0.0000 -0.0000
vn -0.9414 -0.0000 0.3374
vn -0.9207 -0.0000 0.3902
vn -0.9414 -0.0000 0.3373
vn -0.7670 -0.0000 0.6417
vn -0.9208 -0.0000 0.3902
vn -0.8047 -0.0000 0.5937
vn -0.7669 -0.0000 0.6417
vn -0.2974 -0.0000 0.9548
vn 0.1018 -0.0000 0.9948
vn 0.3967 -0.0000 -0.9179
vn -0.3901 -0.0000 -0.9208
vn -0.7187 -0.0000 -0.6953
vn -0.3901 0.0001 -0.9208
vn -0.2881 -0.0000 -0.9576
vn -0.7631 -0.0000 -0.6463
vn -0.7981 -0.0001 -0.6025
vn -0.9389 -0.0000 -0.3443
vn -0.7981 -0.0000 -0.6025
vn -0.9167 -0.0000 -0.3996
vn -0.9389 -0.0000 -0.3442
vn 0.4935 0.6189 -0.6111
vn 0.4531 0.6719 -0.5859
vn 0.4531 0.6718 -0.5859
vn 0.9414 -0.0000 -0.3373
vn 1.0000 -0.0000 -0.0000
vn 0.5384 -0.0000 0.8427
vn 0.1796 -0.0000 0.9837
vn 0.9389 -0.0000 0.3442
vn 0.7809 0.6247 -0.0000
vn 0.7263 0.6404 -0.2499
vn 0.6792 0.6401 -0.3591
vn 0.6417 -0.0000 0.7669
vn 0.6418 -0.0000 0.7669
vn 0.6463 -0.0000 -0.7631
vn 0.7326 0.6235 0.2728
vn 0.7327 0.6235 0.2728
vn -0.5328 0.8462 -0.0000
vn -0.5171 0.8384 0.1724
vn -0.4994 0.8272 0.2575
vn 0.4469 0.6742 0.5880
vn 0.4852 0.6183 0.6183
vn -0.4994 0.8272 -0.2575
vn -0.5164 0.8372 -0.1799
vn -0.5164 0.8372 -0.1800
vn 0.6791 0.6167 0.3981
vn 0.1096 -0.0000 -0.9940
vn -0.2880 -0.0000 -0.9576
vn -0.2582 0.9623 0.0860
vn -0.2582 0.9623 0.0861
vn -0.1796 0.9837 -0.0000
vn -0.3039 0.9274 0.2182
vn -0.3039 0.9274 -0.2182
vn -0.2582 0.9623 -0.0860
vn -0.2582 0.9623 -0.0861
vn -0.1018 0.9945 0.0235
vn 0.3603 0.9244 -0.1253
vn -0.0862 0.9958 -0.0314
vn 0.2664 0.9639 -0.0000
vn 0.2491 0.9653 -0.0779
vn 0.3281 0.9374 -0.1172
vn 0.2491 0.9653 -0.0778
vn 0.2270 0.9707 0.0782
vn 0.7100 0.6944 -0.1170
vn 0.7100 0.6944 -0.1171
vn 0.7264 -0.0000 -0.6873
vn 0.9208 -0.0000 -0.3901
vn 0.7669 -0.0000 -0.6417
vn 0.9208 -0.0000 -0.3902
vn 0.8047 -0.0000 -0.5937
vn 0.7670 -0.0000 -0.6417
vn 0.2974 -0.0000 -0.9548
vn -0.1018 -0.0000 -0.9948
vn -0.3967 -0.0000 0.9179
vn 0.7187 -0.0000 0.6953
vn 0.2881 -0.0000 0.9576
vn 0.7631 -0.0000 0.6463
vn 0.7981 -0.0000 0.6025
vn 0.9389 -0.0000 0.3443
vn 0.9167 -0.0000 0.3996
vn -0.4936 0.6189 0.6110
vn -0.4531 0.6718 0.5859
vn -0.4531 0.6719 0.5859
vn -0.4935 0.6189 0.6111
vn -0.7809 0.6247 -0.0000
vn -0.7263 0.6404 0.2499
vn -0.6792 0.6401 0.3591
vn -0.6417 -0.0000 -0.7669
vn -0.6463 -0.0000 0.7631
vn -0.7327 0.6235 -0.2728
vn 0.5328 0.8462 -0.0000
vn 0.5171 0.8384 -0.1724
vn 0.4994 0.8272 -0.2575
vn -0.4469 0.6742 -0.5880
vn -0.4852 0.6183 -0.6183
vn 0.4994 0.8272 0.2575
vn 0.5164 0.8372 0.1800
vn -0.6791 0.6167 -0.3981
vn -0.1096 -0.0000 0.9940
vn 0.2880 -0.0000 0.9576
vn 0.2880 -0.0001 0.9576
vn 0.2582 0.9623 -0.0861
vn 0.2582 0.9623 -0.0860
vn 0.1796 0.9837 -0.0000
vn 0.3039 0.9274 -0.2182
vn 0.3039 0.9274 0.2182
vn 0.2582 0.9623 0.0861
vn 0.2582 0.9623 0.0860
vn 0.1717 0.9836 0.0547
vn 0.1018 0.9945 -0.0235
vn -0.3604 0.9243 0.1253
vn 0.1019 0.9945 -0.0236
vn 0.0862 0.9958 0.0314
vn -0.2664 0.9639 -0.0000
vn -0.2491 0.9653 0.0778
vn -0.3281 0.9374 0.1172
vn -0.2665 0.9638 -0.0000
vn -0.2491 0.9653 0.0779
vn -0.2270 0.9707 -0.0782
vn -0.7100 0.6944 0.1171
vn -0.7100 0.6944 0.1170
vn -0.7264 -0.0000 0.6873
vn -0.7943 -0.0000 0.6075
vn 0.7981 -0.0078 -0.6025
vn -0.7943 -0.0078 -0.6074
vn -0.0157 0.9994 -0.0315
vn -0.0079 0.9997 -0.0236
vn -0.0236 0.9997 -0.0079
vn -0.0079 0.9999 -0.0079
vn -0.0000 0.9985 -0.0551
vn -0.0000 0.9995 -0.0315
vn -0.0079 0.9985 -0.0550
vn -0.0078 0.9985 -0.0551
vn 0.0157 0.9998 -0.0157
vn 0.0157 0.9994 -0.0315
vn 0.0079 0.9999 -0.0079
vn 0.0236 0.9997 -0.0079
vn -0.0079 0.9985 0.0550
vn -0.0079 0.9997 0.0236
vn 0.0079 0.9985 0.0550
vn 0.0079 0.9997 0.0236
vn 0.0157 0.9994 0.0315
vn 0.0078 0.9997 0.0236
vn 0.0236 0.9997 0.0079
vn 0.0079 0.9999 0.0079
vn -0.0157 0.9994 0.0315
vn -0.0079 0.9999 0.0079
vn -0.0236 0.9997 0.0079
vn 0.5473 -0.0235 -0.8366
vn 0.1794 -0.0390 -0.9830
vn 0.5473 -0.0234 -0.8366
vn 0.1795 -0.0390 -0.9830
vn -0.1719 -0.0391 -0.9843
vn -0.5382 -0.0234 -0.8425
vn -0.5383 -0.0234 -0.8425
vn -0.1718 -0.0391 -0.9843
vn -0.5384 -0.0000 0.8427
vn -0.1720 -0.0000 0.9851
vn -0.7944 -0.0000 0.6075
vn 0.8831 0.2345 0.4064
vn 0.8831 0.2344 0.4064
vn -0.5082 0.8521 -0.1251
vn -0.5050 0.8391 -0.2020
vn -0.7447 -0.6663 -0.0392
vn 0.9757 0.2185 -0.0156
vn 0.9757 0.2186 -0.0156
vn -0.5006 0.8213 -0.2738
vn -0.5480 -0.7124 -0.4384
vn 0.8293 0.3912 -0.3990
vn 0.8293 0.3912 -0.3991
vn -0.0000 -0.0000 -1.0000
vn -0.5163 0.8448 0.1408
vn -0.5073 0.8429 0.1795
vn -0.3967 -0.9178 -0.0156
vn -0.3967 -0.9178 -0.0155
vn 0.9887 0.1480 -0.0233
vn 0.9887 0.1479 -0.0234
vn 0.9887 0.1479 -0.0233
vn -0.4925 0.8443 0.2111
vn -0.4289 -0.8111 0.3977
vn -0.4289 -0.8111 0.3978
vn -0.4290 -0.8110 0.3977
vn 0.7639 0.3897 0.5144
vn 0.7743 0.4067 -0.4849
vn -0.3583 -0.8335 -0.4206
vn -0.2504 -0.9078 0.3365
vn 0.7242 0.2959 -0.6229
vn -0.5761 0.8174 -0.0078
vn -0.4521 0.8886 0.0780
vn -0.6196 0.7843 -0.0314
vn -0.4521 0.8886 0.0779
vn -0.4605 -0.8819 0.1014
vn -0.4604 -0.8819 0.1014
vn -0.5407 -0.8306 -0.1332
vn -0.4531 0.8906 -0.0391
vn -0.5702 0.8202 0.0469
vn -0.4531 0.8906 -0.0390
vn -0.6190 0.7835 0.0548
vn 0.5617 0.2263 0.7958
vn -0.2901 -0.1254 -0.9487
vn -0.2901 -0.1255 -0.9487
vn -0.5934 0.7964 -0.1171
vn -0.6506 0.7525 -0.1019
vn 0.4211 0.1794 0.8891
vn -0.2661 -0.3835 -0.8844
vn 0.2964 0.4914 0.8190
vn -0.3507 0.9353 0.0468
vn -0.4520 0.8886 0.0779
vn -0.1484 -0.6795 0.7185
vn -0.3511 0.9362 -0.0156
vn 0.1804 0.6039 -0.7764
vn 0.1803 0.6039 -0.7764
vn -0.0940 -0.0470 0.9945
vn 0.2898 0.1332 -0.9478
vn 0.2898 0.1331 -0.9478
vn -0.6190 0.7835 0.0549
vn -0.6495 0.7513 0.1174
vn -0.5888 0.7929 0.1570
vn -0.6495 0.7512 0.1174
vn -0.8196 -0.3512 0.4527
vn -0.8196 -0.3513 0.4527
vn 0.8946 0.3812 0.2334
vn -0.7049 0.7049 -0.0783
vn -0.8210 -0.3362 -0.4614
vn -0.8210 -0.3362 -0.4613
vn -0.6495 0.7512 0.1173
vn -0.7015 0.7092 0.0701
vn 0.9074 0.3833 -0.1721
vn -0.0234 -0.0000 -0.9997
vn -0.0393 0.0079 0.9992
vn -0.0394 0.0078 0.9992
vn -0.0469 0.1171 0.9920
vn -0.0469 0.1172 0.9920
vn -0.0857 0.1169 -0.9894
vn -0.8831 0.2344 -0.4064
vn -0.8831 0.2345 -0.4064
vn -0.8831 0.2345 -0.4063
vn 0.5082 0.8521 0.1251
vn 0.5050 0.8391 0.2020
vn 0.5081 0.8521 0.1251
vn 0.7447 -0.6663 0.0392
vn -0.9757 0.2186 0.0156
vn 0.5006 0.8213 0.2737
vn 0.5006 0.8213 0.2738
vn 0.5480 -0.7124 0.4384
vn -0.8293 0.3912 0.3990
vn -0.8294 0.3912 0.3989
vn 0.5163 0.8448 -0.1408
vn 0.5073 0.8429 -0.1795
vn 0.5162 0.8448 -0.1408
vn 0.3967 -0.9178 0.0156
vn 0.3967 -0.9178 0.0155
vn -0.9887 0.1479 0.0234
vn -0.9887 0.1479 0.0233
vn 0.4925 0.8443 -0.2111
vn 0.4289 -0.8111 -0.3977
vn 0.4289 -0.8111 -0.3978
vn -0.7639 0.3897 -0.5144
vn -0.7743 0.4067 0.4849
vn 0.3583 -0.8335 0.4206
vn 0.3583 -0.8335 0.4207
vn 0.2504 -0.9078 -0.3365
vn -0.7242 0.2959 0.6229
vn 0.5761 0.8174 0.0078
vn 0.4521 0.8886 -0.0780
vn 0.6196 0.7843 0.0314
vn 0.4604 -0.8819 -0.1015
vn 0.4605 -0.8819 -0.1015
vn 0.4605 -0.8819 -0.1014
vn 0.5407 -0.8306 0.1332
vn 0.4531 0.8906 0.0391
vn 0.5702 0.8202 -0.0469
vn 0.6190 0.7835 -0.0548
vn -0.5617 0.2262 -0.7958
vn -0.5617 0.2263 -0.7958
vn 0.2901 -0.1254 0.9487
vn 0.2901 -0.1255 0.9487
vn 0.5933 0.7964 0.1171
vn 0.6506 0.7525 0.1019
vn 0.5934 0.7964 0.1171
vn -0.4211 0.1794 -0.8891
vn 0.2661 -0.3835 0.8844
vn -0.2964 0.4914 -0.8190
vn 0.4521 0.8886 -0.0779
vn 0.3507 0.9353 -0.0468
vn 0.3508 0.9353 -0.0468
vn 0.1484 -0.6795 -0.7185
vn 0.3511 0.9362 0.0156
vn -0.1804 0.6039 0.7764
vn 0.0940 -0.0470 -0.9945
vn -0.2898 0.1332 0.9478
vn -0.2898 0.1331 0.9478
vn 0.5702 0.8202 -0.0468
vn 0.6495 0.7513 -0.1174
vn 0.5888 0.7929 -0.1570
vn 0.6495 0.7512 -0.1174
vn 0.8196 -0.3513 -0.4527
vn 0.8196 -0.3512 -0.4527
vn -0.8946 0.3812 -0.2334
vn 0.7049 0.7049 0.0783
vn 0.8210 -0.3362 0.4614
vn 0.8210 -0.3362 0.4613
vn 0.6190 0.7835 -0.0549
vn 0.7015 0.7093 -0.0702
vn 0.7014 0.7093 -0.0702
vn 0.7015 0.7092 -0.0701
vn 0.6495 0.7512 -0.1173
vn -0.9074 0.3833 0.1721
vn 0.0236 -0.0000 0.9997
vn 0.0391 0.0078 -0.9992
vn 0.0468 0.1171 -0.9920
vn 0.0469 0.1171 -0.9920
vn 0.0469 0.1172 -0.9920
vn 0.0857 0.1169 0.9894
vn 0.3039 -0.2182 0.9274
vn 0.3919 -0.2194 0.8935
vn 0.3919 -0.2195 0.8935
vn 0.5248 -0.2193 0.8225
vn 0.5787 -0.2033 0.7898
vn 0.7809 -0.0000 0.6247
vn 0.8174 -0.0000 0.5761
vn 0.9166 0.0157 0.3995
vn 0.9136 -0.0234 0.4060
vn 0.9596 0.0156 0.2809
vn 0.9595 -0.0234 0.2808
vn 0.9975 -0.0000 0.0707
vn 0.9997 -0.0000 -0.0236
vn 0.9931 -0.0000 -0.1173
vn 0.9809 -0.0000 -0.1946
vn 0.9618 -0.0000 -0.2737
vn 0.9138 -0.0000 -0.4061
vn 0.8716 -0.0000 -0.4903
vn 0.7032 -0.0000 -0.7110
vn 0.5529 -0.0000 -0.8332
vn 0.4690 -0.0000 -0.8832
vn 0.4689 -0.0000 -0.8832
vn 0.2186 -0.0000 -0.9758
vn 0.0941 -0.0000 -0.9956
vn -0.0624 -0.0000 -0.9981
vn -0.2260 0.0234 -0.9739
vn -0.2259 -0.0311 -0.9737
vn -0.2259 0.0234 -0.9739
vn -0.3510 0.0234 -0.9361
vn -0.2259 -0.0312 -0.9737
vn -0.3441 -0.0313 -0.9384
vn -0.5529 -0.0000 -0.8333
vn -0.6247 -0.0000 -0.7809
vn 0.0937 0.9919 -0.0859
vn 0.0783 0.9939 -0.0783
vn 0.0782 0.9939 -0.0783
vn 0.0783 0.9939 -0.0782
vn 0.0393 0.9973 -0.0628
vn 0.0236 0.9982 -0.0550
vn 0.0079 0.9969 -0.0785
vn 0.0078 0.9969 -0.0785
vn -0.0078 0.9939 -0.1096
vn -0.0079 0.9975 -0.0707
vn -0.0078 0.9975 -0.0707
vn -0.0236 0.9989 -0.0393
vn -0.0236 0.9989 -0.0394
vn -0.0314 0.9980 -0.0550
vn -0.0858 0.9911 -0.1014
vn -0.0859 0.9919 -0.0937
vn -0.0860 0.9919 -0.0936
vn -0.0860 0.9926 -0.0860
vn -0.1558 0.9817 -0.1091
vn -0.1487 0.9858 -0.0782
vn -0.1486 0.9858 -0.0782
vn -0.1719 0.9846 -0.0313
vn -0.2036 0.9790 -0.0078
vn -0.2186 0.9757 0.0156
vn -0.2036 0.9788 0.0235
vn -0.2185 0.9757 0.0156
vn -0.1870 0.9816 0.0390
vn -0.1870 0.9816 0.0389
vn -0.1956 0.9781 0.0704
vn -0.1411 0.9875 0.0705
vn -0.1956 0.9782 0.0704
vn -0.0472 0.9984 0.0314
vn 0.0941 -0.9955 -0.0078
vn 0.0312 -0.9995 -0.0078
vn 0.0313 -0.9995 -0.0078
vn -0.0391 -0.9992 -0.0078
vn -0.0390 -0.9992 -0.0078
vn 0.0313 -0.0000 -0.9995
vn 0.0545 0.2568 -0.9649
vn 0.0544 0.2568 -0.9649
vn 0.0548 -0.2898 -0.9555
vn 0.0549 -0.2898 -0.9555
vn 0.5699 -0.2030 0.7963
vn 0.5920 -0.2804 0.7556
vn -0.7835 0.0548 -0.6190
vn -0.7835 0.0549 -0.6190
vn -0.6410 0.0469 -0.7661
vn -0.7827 -0.0704 -0.6184
vn 0.9996 0.0236 -0.0157
vn 0.7905 0.4774 -0.3835
vn -0.9663 0.0078 0.2572
vn -0.9639 -0.0627 0.2586
vn -0.9769 -0.0860 0.1954
vn -0.9770 -0.0860 0.1954
vn -0.9994 -0.0313 0.0156
vn -0.8356 0.0547 0.5466
vn -0.7182 0.0390 0.6947
vn -0.5709 -0.0000 0.8211
vn -0.7182 0.0390 0.6948
vn -0.5707 0.0235 0.8208
vn -0.0550 0.0079 0.9985
vn 0.0550 0.0079 0.9985
vn 0.1644 0.0078 0.9864
vn -0.8179 -0.4440 0.3661
vn -0.7952 -0.4288 0.4288
vn -0.8178 -0.4440 0.3661
vn -0.2420 -0.3278 0.9132
vn -0.1565 -0.3053 0.9393
vn -0.9833 0.0312 -0.1795
vn -0.8515 0.4765 0.2187
vn -0.8699 0.4702 0.1489
vn -0.8196 0.4527 0.3512
vn -0.8196 0.4527 0.3513
vn -0.4452 0.3593 0.8202
vn -0.5174 0.3606 0.7761
vn 0.5141 0.2025 0.8335
vn 0.3682 0.1959 0.9089
vn 0.5708 0.1955 0.7975
vn -0.2885 0.3353 0.8968
vn -0.2886 0.3353 0.8968
vn -0.1953 0.3125 0.9296
vn -0.5474 -0.3363 -0.7663
vn -0.6640 -0.3281 -0.6719
vn -0.5474 -0.3363 -0.7664
vn -0.6641 -0.3281 -0.6718
vn -0.8288 -0.3049 -0.4692
vn -0.8288 -0.3049 -0.4691
vn -0.8797 -0.3036 -0.3659
vn -0.8583 -0.4526 0.2419
vn -0.8736 -0.4524 0.1794
vn -0.8583 -0.4525 0.2419
vn -0.4072 -0.3446 0.8458
vn -0.4783 -0.3450 0.8076
vn -0.4073 -0.3446 0.8458
vn -0.5255 0.3295 -0.7844
vn -0.6479 0.3122 -0.6947
vn -0.5256 0.3295 -0.7844
vn -0.6479 0.3122 -0.6948
vn -0.6479 0.3123 -0.6948
vn -0.8283 0.2813 -0.4845
vn -0.8844 0.2661 -0.3835
vn 0.2730 0.1872 0.9436
vn 0.3683 0.1959 0.9089
vn -0.3516 0.3124 0.8825
vn -0.8031 0.4366 0.4054
vn -0.6953 -0.0000 -0.7187
vn -0.5849 -0.0000 -0.8111
vn -0.9066 -0.0000 -0.4220
vn -0.9758 -0.0000 -0.2186
vn 0.3511 -0.0000 0.9363
vn 0.2352 -0.0000 0.9720
vn 0.2351 -0.0000 0.9720
vn -0.9741 -0.0000 0.2260
vn -0.9956 -0.0000 0.0941
vn -0.9066 -0.0000 0.4220
vn -0.8664 -0.0000 0.4993
vn -0.4596 -0.0000 0.8881
vn -0.2572 -0.0000 0.9664
vn -0.1326 -0.0000 0.9912
vn -0.1327 -0.0000 0.9912
vn 0.5237 -0.0000 0.8519
vn 0.4689 -0.0000 0.8832
vn -0.0078 -0.9998 0.0156
vn -0.0234 -0.9995 0.0234
vn -0.0000 -1.0000 0.0078
vn 0.0236 0.9994 -0.0236
vn -0.0000 1.0000 -0.0079
vn -0.0312 -0.9992 0.0234
vn 0.0156 -0.9996 0.0234
vn 0.0078 -0.9998 0.0156
vn -0.0000 0.9999 -0.0157
vn -0.0000 0.9999 -0.0158
vn -0.0158 0.9998 -0.0157
vn -0.0157 0.9998 -0.0157
vn -0.0000 -0.9999 0.0156
vn -0.0000 -0.9997 0.0234
vn 0.0624 -0.9979 0.0156
vn 0.0624 -0.9976 0.0312
vn 0.0624 -0.9980 0.0078
vn -0.0628 0.9973 -0.0392
vn -0.0628 0.9975 -0.0314
vn -0.0628 0.9973 -0.0393
vn -0.0550 0.9985 -0.0079
vn -0.0550 0.9985 -0.0000
vn -0.0551 0.9985 -0.0000
vn 0.0547 -0.9980 0.0311
vn 0.0546 -0.9980 0.0312
vn 0.0623 -0.9976 0.0312
vn 0.0701 -0.9971 -0.0312
vn 0.0940 -0.9951 -0.0313
vn 0.0940 -0.9951 -0.0314
vn -0.0863 0.9960 0.0235
vn -0.0628 0.9973 0.0393
vn -0.0079 0.9969 0.0785
vn -0.0078 0.9969 0.0785
vn 0.0314 0.9951 0.0940
vn 0.0313 0.9951 0.0940
vn 0.0234 -0.9978 -0.0624
vn -0.0078 -0.9955 -0.0940
vn -0.0078 -0.9955 -0.0941
vn 0.7914 -0.0157 -0.6111
vn 0.7913 -0.0157 -0.6112
vn 0.7846 -0.0078 -0.6199
vn -0.2893 0.7742 -0.5630
vn -0.3763 0.7839 -0.4939
vn -0.4992 0.7956 -0.3432
vn -0.5367 0.8012 -0.2645
vn -0.5368 0.8012 -0.2645
vn -0.5871 0.7985 0.1331
vn -0.5768 0.7872 0.2182
vn -0.5783 0.8128 0.0704
vn -0.5783 0.8128 0.0703
vn -0.5632 0.7900 0.2425
vn -0.3658 0.7861 0.4981
vn -0.2898 0.7676 0.5717
vn -0.3658 0.7861 0.4982
vn -0.4131 0.7950 0.4443
vn -0.4131 0.7950 0.4442
vn 0.1480 0.7865 0.5996
vn 0.1479 0.7865 0.5996
vn 0.2972 0.7822 0.5475
vn 0.2972 0.7822 0.5476
vn 0.3516 0.7813 0.5157
vn -0.2898 0.7675 0.5718
vn -0.2572 0.7636 0.5922
vn -0.2571 0.7636 0.5922
vn -0.3599 -0.7823 -0.5085
vn -0.4300 -0.7896 -0.4378
vn -0.3598 -0.7823 -0.5085
vn -0.5152 -0.8041 -0.2967
vn -0.5152 -0.8041 -0.2966
vn -0.5385 -0.8117 -0.2263
vn -0.5836 -0.7938 0.1712
vn -0.5871 -0.7985 0.1331
vn -0.5837 -0.7937 0.1712
vn -0.5837 -0.7938 0.1712
vn -0.5632 -0.7900 0.2425
vn -0.5390 -0.7967 0.2734
vn -0.5631 -0.7900 0.2425
vn -0.2650 -0.7950 0.5456
vn -0.3134 -0.7913 0.5249
vn -0.1644 -0.7984 0.5792
vn 0.2498 -0.7885 0.5621
vn 0.1958 -0.7910 0.5796
vn 0.1958 -0.7911 0.5796
vn 0.3211 -0.7831 0.5325
vn 0.3211 -0.7831 0.5326
vn 0.3516 -0.7813 0.5157
vn -0.1169 -0.8028 0.5846
vn -0.1169 -0.8029 0.5846
vn -0.2662 -0.3445 0.9003
vn -0.2662 -0.3444 0.9003
vn -0.0078 -0.9999 0.0078
vn -0.2741 0.2663 0.9241
vn 0.5688 0.1402 0.8104
vn 0.5688 0.1403 0.8104
vn 0.9998 -0.0079 -0.0157
vn -0.5552 0.8210 -0.1329
vn -0.5618 0.7024 0.4370
vn -0.5834 0.7779 0.2334
vn -0.4933 0.7987 0.3445
vn -0.4933 0.7987 0.3446
vn -0.7062 0.6905 -0.1569
vn -0.7062 0.6904 -0.1569
vn -0.1875 0.7578 0.6250
vn -0.1093 0.7731 0.6248
vn -0.1093 0.7731 0.6247
vn 0.7914 0.0157 -0.6111
vn 0.7847 0.0079 -0.6199
vn -0.3986 0.6897 -0.6045
vn -0.3998 0.6898 -0.6036
vn -0.4837 0.7021 -0.5227
vn -0.5942 0.7194 -0.3597
vn -0.5943 0.7194 -0.3597
vn -0.5943 0.7193 -0.3597
vn -0.6152 0.7398 -0.2725
vn -0.4375 -0.6953 -0.5703
vn -0.5092 -0.7051 -0.4936
vn -0.5092 -0.7051 -0.4935
vn -0.6008 -0.7256 -0.3355
vn -0.6165 -0.7413 -0.2653
vn -0.3278 0.7414 -0.5855
vn -0.7139 0.6903 0.1177
vn -0.7176 0.6708 0.1872
vn -0.6869 0.6635 0.2966
vn -0.6579 0.6736 0.3368
vn -0.7105 -0.6714 0.2108
vn -0.6872 -0.6559 0.3123
vn -0.6872 -0.6559 0.3124
vn -0.7032 -0.6953 0.1485
vn -0.7032 -0.6954 0.1484
vn -0.6496 -0.6653 0.3679
vn -0.1485 -0.6954 0.7032
vn -0.2823 -0.6900 0.6665
vn -0.1484 -0.6954 0.7032
vn -0.0701 -0.7015 0.7092
vn -0.3434 -0.6946 0.6322
vn -0.3675 0.6882 0.6256
vn -0.2269 0.6964 0.6808
vn -0.2270 0.6964 0.6808
vn -0.3675 0.6881 0.6256
vn -0.4209 0.6937 0.5845
vn -0.1484 0.7109 0.6874
vn -0.1484 0.7109 0.6875
vn -0.2269 0.6965 0.6808
vn 0.3579 -0.0000 0.9338
vn 0.3579 -0.0000 0.9337
vn 0.4441 -0.0000 -0.8960
vn 0.2193 0.7205 0.6579
vn 0.3515 0.7108 0.6093
vn 0.1330 0.7277 0.6729
vn 0.3988 0.7115 0.5786
vn 0.3515 0.7108 0.6092
vn 0.2580 -0.7428 0.6177
vn 0.3127 -0.7348 0.6019
vn 0.3996 -0.7286 0.5563
vn 0.4308 -0.7285 0.5327
vn 0.4308 -0.7285 0.5326
vn -0.3039 -0.2182 -0.9274
vn -0.3919 -0.2195 -0.8935
vn -0.5248 -0.2193 -0.8225
vn -0.5787 -0.2033 -0.7898
vn -0.7809 -0.0000 -0.6247
vn -0.8174 -0.0000 -0.5761
vn -0.9300 0.0156 -0.3673
vn -0.9271 -0.0234 -0.3740
vn -0.9682 0.0156 -0.2499
vn -0.9682 -0.0156 -0.2499
vn -0.9682 -0.0156 -0.2498
vn -0.9682 0.0156 -0.2498
vn -0.9975 -0.0000 -0.0701
vn -0.9997 -0.0000 0.0234
vn -0.9948 -0.0000 0.1018
vn -0.9851 -0.0000 0.1720
vn -0.9720 -0.0000 0.2351
vn -0.8484 -0.0000 0.5293
vn -0.8211 -0.0000 0.5709
vn -0.8485 -0.0000 0.5293
vn -0.8211 -0.0000 0.5708
vn -0.7187 -0.0000 0.6953
vn -0.4441 -0.0000 0.8960
vn -0.2111 -0.0000 0.9775
vn 0.0629 -0.0000 0.9980
vn 0.2736 0.0234 0.9616
vn 0.2663 -0.0313 0.9634
vn 0.2736 0.0235 0.9616
vn 0.3604 0.0235 0.9325
vn 0.3510 -0.0312 0.9359
vn 0.3605 0.0235 0.9325
vn 0.4995 -0.0000 0.8663
vn 0.6247 -0.0000 0.7809
vn -0.0937 0.9919 0.0859
vn -0.0783 0.9939 0.0783
vn -0.0393 0.9967 0.0706
vn -0.0392 0.9967 0.0706
vn -0.0236 0.9982 0.0550
vn 0.0078 0.9948 0.1018
vn 0.0079 0.9980 0.0629
vn 0.0157 0.9991 0.0393
vn 0.0314 0.9980 0.0550
vn 0.0858 0.9911 0.1015
vn 0.0859 0.9919 0.0937
vn 0.0859 0.9911 0.1015
vn 0.0860 0.9932 0.0782
vn 0.1559 0.9817 0.1091
vn 0.1563 0.9846 0.0781
vn 0.1558 0.9817 0.1091
vn 0.1563 0.9846 0.0782
vn 0.1795 0.9833 0.0312
vn 0.2037 0.9790 0.0078
vn 0.2036 0.9790 0.0078
vn 0.2111 0.9773 -0.0156
vn 0.2036 0.9788 -0.0235
vn 0.1945 0.9804 -0.0311
vn 0.1956 0.9781 -0.0704
vn 0.1411 0.9875 -0.0705
vn 0.1410 0.9875 -0.0705
vn 0.0472 0.9984 -0.0314
vn -0.0941 -0.9955 0.0078
vn -0.0312 -0.9995 0.0078
vn 0.0391 -0.9992 0.0078
vn 0.0390 -0.9992 0.0078
vn -0.1871 -0.0000 0.9823
vn -0.0547 0.2733 0.9604
vn -0.0546 0.2733 0.9604
vn -0.0469 -0.2971 0.9537
vn -0.5557 -0.2035 -0.8061
vn -0.5869 -0.2817 -0.7591
vn 0.7835 0.0548 0.6190
vn 0.6410 0.0469 0.7661
vn 0.7827 -0.0704 0.6184
vn -0.7905 0.4774 0.3835
vn 0.9682 0.0078 -0.2499
vn 0.9668 -0.0546 -0.2495
vn 0.9769 -0.0860 -0.1954
vn 0.9770 -0.0860 -0.1954
vn 0.9890 0.0078 0.1479
vn 0.9937 0.0235 0.1095
vn 0.9904 0.0390 0.1326
vn 0.9954 0.0549 0.0784
vn 0.8356 0.0546 -0.5466
vn 0.7182 0.0390 -0.6947
vn 0.8356 0.0547 -0.5466
vn 0.5709 -0.0000 -0.8211
vn 0.7182 0.0390 -0.6948
vn 0.5707 0.0234 -0.8208
vn 0.0546 0.0078 -0.9985
vn -0.0546 0.0078 -0.9985
vn -0.1644 0.0078 -0.9864
vn 0.8178 -0.4440 -0.3661
vn 0.7952 -0.4288 -0.4288
vn 0.2420 -0.3278 -0.9132
vn 0.1566 -0.3053 -0.9393
vn 0.1565 -0.3053 -0.9393
vn 0.9833 0.0312 0.1795
vn 0.8515 0.4765 -0.2188
vn 0.8699 0.4702 -0.1489
vn 0.8515 0.4765 -0.2187
vn 0.8196 0.4527 -0.3512
vn 0.4452 0.3593 -0.8202
vn 0.5174 0.3606 -0.7761
vn -0.5141 0.2025 -0.8335
vn -0.3682 0.1959 -0.9089
vn -0.5708 0.1955 -0.7975
vn -0.6338 0.3365 -0.6964
vn 0.2885 0.3353 -0.8968
vn 0.2886 0.3353 -0.8968
vn 0.1953 0.3125 -0.9296
vn 0.5474 -0.3363 0.7663
vn 0.6640 -0.3281 0.6719
vn 0.8352 -0.3122 0.4527
vn 0.8973 -0.3043 0.3199
vn 0.8971 -0.3042 0.3204
vn 0.8583 -0.4526 -0.2419
vn 0.8736 -0.4524 -0.1794
vn 0.4072 -0.3446 -0.8458
vn 0.4783 -0.3450 -0.8076
vn 0.4073 -0.3446 -0.8458
vn 0.5255 0.3295 0.7844
vn 0.6479 0.3122 0.6948
vn 0.5256 0.3295 0.7844
vn 0.6479 0.3123 0.6948
vn 0.8369 0.2816 0.4693
vn 0.9041 0.2650 0.3351
vn -0.2730 0.1872 -0.9436
vn -0.3683 0.1959 -0.9089
vn 0.3516 0.3124 -0.8825
vn -0.9558 0.1959 0.2193
vn 0.8031 0.4366 -0.4055
vn 0.8031 0.4366 -0.4054
vn 0.6953 -0.0000 0.7187
vn 0.5849 -0.0000 0.8111
vn 0.6953 0.0001 0.7187
vn 0.9851 -0.0000 0.1720
vn 0.9851 -0.0000 0.1719
vn -0.3511 -0.0000 -0.9363
vn -0.2352 -0.0000 -0.9720
vn 0.9741 -0.0000 -0.2260
vn 0.9956 -0.0000 -0.0941
vn 0.9066 -0.0000 -0.4220
vn 0.8663 -0.0000 -0.4995
vn 0.4596 -0.0000 -0.8881
vn 0.5384 -0.0000 -0.8427
vn 0.2572 -0.0000 -0.9664
vn 0.1326 -0.0000 -0.9912
vn 0.1327 -0.0000 -0.9912
vn -0.5237 -0.0000 -0.8519
vn -0.4690 -0.0000 -0.8832
vn 0.0078 -0.9998 -0.0156
vn 0.0234 -0.9995 -0.0234
vn -0.0000 -1.0000 -0.0078
vn -0.0236 0.9994 0.0236
vn -0.0157 0.9998 0.0157
vn -0.0000 1.0000 0.0079
vn 0.0312 -0.9992 -0.0234
vn -0.0156 -0.9996 -0.0234
vn -0.0078 -0.9998 -0.0156
vn -0.0000 0.9995 0.0315
vn -0.0000 0.9999 0.0157
vn -0.0000 0.9999 0.0158
vn 0.0157 0.9998 0.0158
vn -0.0000 -0.9999 -0.0156
vn -0.0000 -0.9997 -0.0234
vn -0.0624 -0.9979 -0.0156
vn -0.0624 -0.9976 -0.0312
vn -0.0624 -0.9980 -0.0078
vn 0.0628 0.9973 0.0392
vn 0.0628 0.9975 0.0314
vn 0.0628 0.9973 0.0393
vn 0.0550 0.9985 0.0079
vn 0.0550 0.9985 -0.0000
vn 0.0551 0.9985 -0.0000
vn -0.0547 -0.9980 -0.0311
vn -0.0546 -0.9980 -0.0312
vn -0.0623 -0.9976 -0.0312
vn -0.0701 -0.9971 0.0312
vn -0.0940 -0.9951 0.0313
vn -0.0940 -0.9951 0.0314
vn 0.0863 0.9960 -0.0235
vn 0.0628 0.9973 -0.0393
vn -0.0314 0.9951 -0.0940
vn -0.0313 0.9951 -0.0940
vn -0.0234 -0.9978 0.0624
vn 0.0078 -0.9955 0.0941
vn 0.0079 -0.9955 0.0941
vn -0.7914 -0.0157 0.6111
vn -0.7914 -0.0157 0.6112
vn -0.7913 -0.0157 0.6112
vn -0.7846 -0.0078 0.6199
vn 0.2893 0.7742 0.5630
vn 0.3763 0.7839 0.4939
vn 0.2893 0.7741 0.5630
vn 0.5077 0.7967 0.3280
vn 0.5465 0.8041 0.2342
vn 0.5871 0.7985 -0.1331
vn 0.5768 0.7872 -0.2182
vn 0.5783 0.8128 -0.0704
vn 0.5783 0.8128 -0.0703
vn 0.5768 0.7872 -0.2183
vn 0.5632 0.7900 -0.2425
vn 0.3658 0.7861 -0.4982
vn 0.3658 0.7861 -0.4981
vn 0.2898 0.7675 -0.5718
vn 0.2898 0.7676 -0.5717
vn 0.4131 0.7950 -0.4443
vn -0.1480 0.7865 -0.5996
vn -0.2972 0.7822 -0.5475
vn -0.2972 0.7822 -0.5476
vn -0.2973 0.7822 -0.5475
vn -0.3516 0.7813 -0.5157
vn 0.2898 0.7675 -0.5717
vn 0.2571 0.7637 -0.5922
vn 0.3599 -0.7823 0.5085
vn 0.4300 -0.7896 0.4378
vn 0.5233 -0.8044 0.2812
vn 0.5484 -0.8148 0.1880
vn 0.5233 -0.8045 0.2812
vn 0.5836 -0.7938 -0.1712
vn 0.5871 -0.7985 -0.1331
vn 0.5837 -0.7938 -0.1712
vn 0.5632 -0.7900 -0.2425
vn 0.5631 -0.7900 -0.2425
vn 0.5837 -0.7937 -0.1712
vn 0.5390 -0.7967 -0.2734
vn 0.2650 -0.7950 -0.5456
vn 0.3134 -0.7913 -0.5249
vn 0.3134 -0.7913 -0.5250
vn 0.1644 -0.7984 -0.5792
vn -0.2498 -0.7885 -0.5621
vn -0.1958 -0.7910 -0.5796
vn -0.1958 -0.7911 -0.5796
vn -0.3211 -0.7831 -0.5325
vn -0.3516 -0.7813 -0.5157
vn -0.3211 -0.7831 -0.5326
vn 0.1169 -0.8029 -0.5846
vn 0.1169 -0.8028 -0.5846
vn 0.1644 -0.7984 -0.5793
vn 0.2734 -0.3437 -0.8984
vn 0.0078 -0.9999 -0.0078
vn 0.2741 0.2663 -0.9241
vn -0.5546 0.1406 -0.8201
vn -0.5546 0.1406 -0.8202
vn 0.5619 0.7024 -0.4370
vn 0.5552 0.8210 0.1329
vn 0.5834 0.7779 -0.2334
vn 0.4933 0.7987 -0.3446
vn 0.4933 0.7987 -0.3445
vn 0.7061 0.6905 0.1569
vn 0.1875 0.7578 -0.6250
vn 0.1093 0.7731 -0.6248
vn 0.1093 0.7731 -0.6247
vn -0.7914 0.0157 0.6112
vn -0.7914 0.0157 0.6111
vn 0.3998 0.6898 0.6036
vn 0.4836 0.7021 0.5227
vn 0.4837 0.7021 0.5227
vn 0.6026 0.7200 0.3443
vn 0.6333 0.7350 0.2424
vn 0.4375 -0.6953 0.5703
vn 0.5092 -0.7051 0.4935
vn 0.6073 -0.7241 0.3270
vn 0.5092 -0.7051 0.4936
vn 0.6345 -0.7363 0.2350
vn 0.7139 0.6903 -0.1177
vn 0.7176 0.6708 -0.1872
vn 0.6869 0.6635 -0.2966
vn 0.6579 0.6736 -0.3368
vn 0.7104 -0.6714 -0.2108
vn 0.6872 -0.6559 -0.3124
vn 0.7105 -0.6714 -0.2108
vn 0.7032 -0.6953 -0.1485
vn 0.7032 -0.6954 -0.1484
vn 0.7032 -0.6954 -0.1485
vn 0.6872 -0.6559 -0.3123
vn 0.6496 -0.6653 -0.3679
vn 0.7062 0.6905 0.1569
vn 0.1484 -0.6954 -0.7032
vn 0.1484 -0.6954 -0.7031
vn 0.2823 -0.6900 -0.6665
vn 0.1485 -0.6953 -0.7032
vn 0.1484 -0.6953 -0.7032
vn 0.0701 -0.7015 -0.7092
vn 0.1485 -0.6954 -0.7032
vn 0.3434 -0.6946 -0.6322
vn 0.3675 0.6882 -0.6256
vn 0.2269 0.6964 -0.6808
vn 0.3676 0.6882 -0.6256
vn 0.3675 0.6881 -0.6256
vn 0.4209 0.6936 -0.5846
vn 0.1484 0.7109 -0.6875
vn 0.2269 0.6965 -0.6808
vn -0.3580 -0.0000 -0.9337
vn -0.2193 0.7205 -0.6579
vn -0.3515 0.7108 -0.6093
vn -0.1330 0.7277 -0.6729
vn -0.3988 0.7115 -0.5786
vn -0.2580 -0.7428 -0.6177
vn -0.3127 -0.7348 -0.6019
vn -0.3996 -0.7286 -0.5563
vn -0.4308 -0.7285 -0.5327
vn -0.4308 -0.7285 -0.5326
vn 0.3112 0.9492 0.0467
vn -0.3511 0.9362 0.0156
vn 0.1798 0.6956 0.6956
vn -0.1717 0.8038 0.5696
vn -0.2101 0.8013 -0.5602
vn -0.0235 0.6748 -0.7376
vn 0.4605 0.8118 -0.3591
vn -0.0782 0.8528 0.5164
vn -0.0235 0.7450 0.6666
vn 0.1327 0.8818 -0.4526
vn 0.0940 0.9549 -0.2817
vn 0.1326 0.8818 -0.4526
vn -0.3213 0.3919 -0.8621
vn 0.2967 0.8040 -0.5153
vn -0.4447 0.4914 -0.7489
vn 0.2351 0.8229 -0.5172
vn -0.4446 0.4914 -0.7489
vn 0.2967 0.8041 -0.5153
vn -0.6156 0.5455 -0.5688
vn 0.1403 0.7874 -0.6003
vn 0.2351 0.8229 -0.5173
vn -0.9684 0.2343 0.0859
vn -0.3039 0.2182 0.9274
vn -0.8684 0.4928 0.0548
vn -0.2727 0.4052 0.8726
vn 0.2490 0.1478 0.9571
vn 0.2424 0.2738 0.9307
vn -0.2727 0.4051 0.8726
vn 0.2490 0.1479 0.9571
vn 0.7642 0.1638 0.6238
vn 0.2425 0.2737 0.9307
vn 0.7377 0.3924 0.5494
vn 0.7642 0.1638 0.6239
vn -0.6003 0.0858 -0.7952
vn -0.9684 0.2342 0.0859
vn -0.5462 0.3044 -0.7804
vn -0.5463 0.3044 -0.7804
vn 0.9589 0.1715 0.2261
vn 0.8899 0.4528 0.0547
vn -0.3761 0.0627 -0.9245
vn -0.6003 0.0857 -0.7952
vn -0.2971 0.2736 -0.9148
vn -0.5463 0.3043 -0.7804
vn 0.5563 0.1175 0.8227
vn 0.9685 0.2108 -0.1328
vn 0.4681 0.2106 0.8582
vn 0.8812 0.4600 -0.1092
vn 0.9684 0.2109 -0.1328
vn 0.3199 0.0780 -0.9442
vn 0.3438 0.2970 -0.8908
vn 0.8811 0.4601 -0.1092
vn 0.3200 0.0781 -0.9442
vn -0.1954 0.0860 -0.9770
vn -0.5486 0.0940 -0.8308
vn -0.0235 0.2901 -0.9567
vn -0.5095 0.2979 -0.8073
vn -0.5486 0.0941 -0.8308
vn -0.8217 0.0861 -0.5634
vn -0.8553 0.2746 -0.4394
vn -0.5094 0.2979 -0.8073
vn 0.9382 0.3284 0.1094
vn 0.9198 0.3664 -0.1403
vn 0.8453 0.5322 0.0470
vn 0.8232 0.5410 -0.1725
vn 0.9198 0.3663 -0.1403
vn -0.5521 0.2799 -0.7854
vn -0.3985 0.2188 -0.8907
vn 0.8232 0.5409 -0.1725
vn 0.0933 0.7079 -0.7001
vn 0.0934 0.7079 -0.7001
vn -0.7125 0.4071 -0.5716
vn -0.6156 0.5454 -0.5688
vn 0.1404 0.7873 -0.6003
vn -0.7125 0.4071 -0.5715
vn -0.4446 0.4915 -0.7489
vn -0.1716 0.8038 0.5696
vn -0.1717 0.8037 0.5697
vn 0.2425 0.2738 0.9307
vn 0.1797 0.6956 0.6956
vn 0.7377 0.3924 0.5493
vn -0.2100 0.8013 -0.5602
vn -0.8684 0.4929 0.0548
vn 0.8900 0.4528 0.0547
vn -0.5462 0.3043 -0.7804
vn -0.2971 0.2737 -0.9148
vn -0.0236 0.6748 -0.7376
vn -0.0235 0.7451 0.6666
vn 0.1876 0.9456 0.2657
vn -0.0236 0.7450 0.6666
vn 0.0939 0.9549 -0.2817
vn 0.3438 0.2969 -0.8908
vn -0.0235 0.2902 -0.9567
vn -0.3750 0.8670 -0.3281
vn -0.5095 0.2978 -0.8073
vn -0.3750 0.8671 -0.3281
vn -0.8434 0.4529 -0.2890
vn 0.2427 0.4618 -0.8532
vn 0.2426 0.4618 -0.8531
vn 0.0939 0.9549 -0.2818
vn 0.0940 0.9549 -0.2818
vn 0.2426 0.4618 -0.8532
vn 0.2966 0.8041 -0.5153
vn 0.2966 0.8041 -0.5152
vn 0.2960 0.9424 -0.1558
vn -0.3045 0.9212 0.2420
vn 0.4693 0.7274 0.5006
vn 0.0935 0.7946 0.5998
vn -0.4293 0.8353 -0.3435
vn 0.2959 0.9424 -0.1558
vn -0.3348 0.6930 -0.6385
vn 0.2277 0.7695 -0.5967
vn 0.1329 0.8601 0.4926
vn 0.2736 0.7503 0.6018
vn -0.0547 0.8596 -0.5080
vn -0.0234 0.9595 -0.2808
vn -0.0547 0.8596 -0.5079
vn -0.5221 0.2883 -0.8027
vn 0.0703 0.7895 -0.6097
vn -0.6319 0.3744 -0.6786
vn 0.0078 0.8210 -0.5708
vn -0.6319 0.3744 -0.6787
vn 0.0078 0.8210 -0.5709
vn -0.7823 0.3598 -0.5085
vn -0.0705 0.6895 -0.7208
vn -0.7823 0.3599 -0.5085
vn -0.7579 0.2110 0.6173
vn 0.1328 0.2109 0.9685
vn -0.6965 0.4540 0.5557
vn 0.1324 0.3895 0.9115
vn -0.6965 0.4539 0.5557
vn 0.1328 0.2108 0.9685
vn 0.6698 0.1636 0.7243
vn 0.1325 0.3895 0.9114
vn 0.6495 0.3052 0.6964
vn 0.1324 0.3895 0.9114
vn 0.9827 0.1794 0.0468
vn 0.9138 0.4061 0.0078
vn -0.9468 0.1018 -0.3052
vn -0.8805 0.3428 -0.3273
vn 0.9827 0.1793 0.0468
vn 0.8728 0.1636 -0.4598
vn 0.7315 0.4202 -0.5369
vn 0.8728 0.1637 -0.4598
vn -0.7895 0.0704 -0.6097
vn -0.9468 0.1017 -0.3052
vn -0.6929 0.3036 -0.6540
vn 0.9234 0.1330 0.3600
vn 0.8218 0.2035 -0.5322
vn 0.8501 0.2417 0.4679
vn 0.7636 0.4285 -0.4831
vn 0.0548 0.1017 -0.9933
vn 0.7635 0.4285 -0.4831
vn -0.0000 0.3115 -0.9502
vn 0.0547 0.1017 -0.9933
vn -0.3293 0.0784 -0.9410
vn -0.8412 0.1091 -0.5296
vn -0.2887 0.2341 -0.9284
vn -0.8057 0.3286 -0.4928
vn -0.2887 0.2340 -0.9284
vn -0.8412 0.1090 -0.5296
vn -0.9911 0.0858 0.1015
vn -0.9321 0.2820 0.2272
vn 0.9653 0.2569 -0.0467
vn 0.8984 0.2734 -0.3437
vn 0.8287 0.5473 -0.1173
vn 0.7414 0.5619 -0.3668
vn -0.7177 0.1170 -0.6865
vn -0.5316 0.1329 -0.8365
vn -0.6318 0.3744 -0.6787
vn -0.0858 0.3821 -0.9201
vn -0.0858 0.3820 -0.9202
vn -0.8591 0.1406 -0.4921
vn -0.0705 0.6895 -0.7209
vn -0.6318 0.3745 -0.6787
vn -0.3045 0.9213 0.2420
vn 0.0935 0.7946 0.5999
vn 0.0934 0.7946 0.5999
vn 0.6495 0.3052 0.6965
vn 0.9138 0.4062 0.0078
vn -0.4293 0.8353 -0.3434
vn -0.8805 0.3429 -0.3273
vn -0.4294 0.8353 -0.3435
vn 0.8501 0.2418 0.4679
vn 0.3372 0.9330 0.1255
vn 0.2735 0.7503 0.6018
vn 0.7635 0.4286 -0.4831
vn -0.0000 0.3116 -0.9502
vn 0.3372 0.9331 0.1255
vn 0.3371 0.9331 0.1254
vn -0.2886 0.2341 -0.9284
vn -0.4373 0.8981 -0.0469
vn -0.8218 0.4539 0.3444
vn -0.4374 0.8981 -0.0469
vn -0.1408 0.4144 -0.8992
vn -0.2886 0.2340 -0.9284
vn -0.1407 0.4144 -0.8991
vn 0.0078 0.8211 -0.5708
vn 0.0704 0.7895 -0.6097
vn 0.2346 0.9304 -0.2815
vn -0.2034 0.9074 0.3677
vn 0.6166 0.7492 0.2419
vn 0.2812 0.8045 0.5233
vn 0.6165 0.7492 0.2420
vn -0.5086 0.8529 -0.1174
vn -0.5252 0.7290 -0.4390
vn 0.0313 0.7594 -0.6498
vn 0.2346 0.9305 -0.2815
vn 0.2735 0.8754 0.3986
vn 0.4592 0.7784 0.4281
vn -0.2114 0.8613 -0.4620
vn -0.1091 0.9581 -0.2648
vn -0.8762 0.3911 -0.2816
vn -0.1330 0.9073 -0.3989
vn -0.8819 0.4292 -0.1951
vn -0.1794 0.8815 -0.4368
vn -0.1329 0.9073 -0.3989
vn -0.9207 0.3823 -0.0780
vn -0.3273 0.7169 -0.6156
vn -0.9207 0.3824 -0.0780
vn -0.4610 0.1875 0.8673
vn 0.4520 0.2182 0.8649
vn -0.4380 0.4145 0.7977
vn 0.4303 0.4068 0.8058
vn 0.4519 0.2182 0.8650
vn 0.9116 0.1870 0.3662
vn 0.8741 0.3356 0.3512
vn 0.9047 0.1716 -0.3899
vn 0.9047 0.1716 -0.3900
vn -0.9784 0.1018 0.1800
vn -0.4610 0.1875 0.8674
vn -0.9289 0.3513 0.1171
vn 0.6082 0.1482 -0.7798
vn 0.4699 0.3916 -0.7911
vn -0.9821 0.0779 -0.1715
vn -0.9784 0.1017 0.1800
vn -0.9046 0.3275 -0.2729
vn 0.9799 0.1411 -0.1411
vn 0.5492 0.1805 -0.8160
vn 0.9664 0.2572 -0.0000
vn 0.5175 0.3920 -0.7606
vn 0.5492 0.1805 -0.8159
vn 0.5492 0.1804 -0.8160
vn -0.2338 0.1091 -0.9662
vn 0.5175 0.3921 -0.7606
vn -0.2808 0.3198 -0.9049
vn -0.2337 0.1091 -0.9662
vn -0.6309 0.0857 -0.7711
vn -0.9831 0.1170 -0.1404
vn -0.5836 0.2568 -0.7704
vn -0.9296 0.3438 -0.1328
vn -0.9831 0.1170 -0.1405
vn -0.9831 0.1171 -0.1404
vn -0.8217 0.0861 0.5634
vn -0.9296 0.3437 -0.1328
vn -0.7321 0.2570 0.6308
vn 0.8649 0.2338 -0.4441
vn 0.6939 0.2417 -0.6783
vn 0.7417 0.5153 -0.4294
vn 0.5708 0.5317 -0.6256
vn -0.9809 0.1168 -0.1557
vn -0.9456 0.1328 -0.2970
vn -0.8762 0.3912 -0.2816
vn -0.4670 0.4048 -0.7861
vn 0.5709 0.5317 -0.6256
vn -0.9889 0.1479 -0.0156
vn -0.9207 0.3823 -0.0781
vn -0.9889 0.1480 -0.0156
vn 0.2812 0.8044 0.5233
vn 0.6165 0.7492 0.2419
vn 0.8293 0.3911 -0.3990
vn 0.4700 0.3916 -0.7911
vn 0.2345 0.9305 -0.2815
vn -0.5086 0.8530 -0.1174
vn -0.9046 0.3275 -0.2730
vn 0.4593 0.7783 0.4281
vn 0.3595 0.9299 -0.0781
vn -0.2808 0.3199 -0.9049
vn 0.3595 0.9299 -0.0782
vn -0.1090 0.9581 -0.2648
vn 0.3594 0.9299 -0.0781
vn -0.5836 0.2568 -0.7703
vn -0.4059 0.9054 0.1249
vn -0.7321 0.2570 0.6309
vn -0.4058 0.9054 0.1249
vn -0.6111 0.4153 0.6738
vn -0.4210 0.4365 -0.7951
vn -0.4210 0.4366 -0.7951
vn -0.4209 0.4365 -0.7951
vn 0.5708 0.5318 -0.6256
vn -0.3112 0.9492 0.0467
vn -0.1798 0.6956 0.6956
vn 0.1717 0.8038 0.5696
vn 0.2101 0.8013 -0.5602
vn 0.0235 0.6748 -0.7376
vn -0.4605 0.8118 -0.3591
vn 0.0236 0.6748 -0.7376
vn 0.0782 0.8528 0.5164
vn -0.1327 0.8818 -0.4526
vn 0.0235 0.7450 0.6666
vn -0.0939 0.9549 -0.2818
vn 0.3213 0.3919 -0.8621
vn 0.4446 0.4914 -0.7489
vn -0.2967 0.8041 -0.5152
vn -0.2351 0.8229 -0.5173
vn -0.2966 0.8041 -0.5152
vn 0.6156 0.5455 -0.5688
vn -0.1403 0.7874 -0.6003
vn 0.9684 0.2343 0.0859
vn 0.8684 0.4928 0.0548
vn 0.3039 0.2182 0.9274
vn 0.2727 0.4051 0.8726
vn 0.2727 0.4052 0.8726
vn -0.2490 0.1479 0.9571
vn -0.2424 0.2738 0.9307
vn -0.2425 0.2738 0.9307
vn -0.7642 0.1638 0.6238
vn -0.7377 0.3924 0.5494
vn -0.7642 0.1638 0.6239
vn -0.2424 0.2737 0.9307
vn 0.6003 0.0858 -0.7952
vn 0.5462 0.3044 -0.7804
vn 0.9684 0.2342 0.0859
vn 0.8684 0.4929 0.0548
vn 0.5462 0.3043 -0.7804
vn -0.9589 0.1715 0.2261
vn -0.8899 0.4528 0.0547
vn 0.3761 0.0627 -0.9245
vn 0.2971 0.2736 -0.9148
vn 0.6003 0.0857 -0.7952
vn 0.5463 0.3043 -0.7804
vn -0.5563 0.1175 0.8227
vn -0.4681 0.2106 0.8582
vn -0.9685 0.2108 -0.1328
vn -0.8812 0.4601 -0.1092
vn -0.4681 0.2107 0.8582
vn -0.9684 0.2109 -0.1328
vn -0.8812 0.4600 -0.1092
vn -0.3199 0.0780 -0.9442
vn -0.3438 0.2969 -0.8908
vn -0.3200 0.0780 -0.9442
vn -0.8811 0.4601 -0.1092
vn 0.1954 0.0860 -0.9770
vn 0.0235 0.2901 -0.9567
vn 0.5486 0.0940 -0.8308
vn 0.5095 0.2978 -0.8073
vn 0.0235 0.2902 -0.9567
vn 0.5486 0.0941 -0.8308
vn 0.5094 0.2978 -0.8073
vn 0.8217 0.0861 -0.5634
vn 0.8553 0.2746 -0.4394
vn -0.9382 0.3284 0.1095
vn -0.8453 0.5322 0.0470
vn -0.9198 0.3664 -0.1403
vn -0.8232 0.5409 -0.1725
vn 0.5521 0.2800 -0.7854
vn 0.3985 0.2188 -0.8907
vn -0.0934 0.7079 -0.7001
vn -0.0933 0.7079 -0.7001
vn -0.8232 0.5410 -0.1724
vn 0.7125 0.4071 -0.5716
vn 0.6156 0.5454 -0.5688
vn 0.7125 0.4071 -0.5715
vn -0.1404 0.7873 -0.6003
vn 0.5521 0.2799 -0.7854
vn 0.8684 0.4929 0.0547
vn 0.3510 0.9362 0.0156
vn 0.1716 0.8038 0.5696
vn -0.2425 0.2737 0.9307
vn 0.1717 0.8037 0.5697
vn -0.1797 0.6956 0.6956
vn -0.7377 0.3924 0.5493
vn 0.2100 0.8013 -0.5602
vn -0.8899 0.4528 0.0546
vn 0.2971 0.2737 -0.9148
vn 0.5463 0.3044 -0.7804
vn 0.2101 0.8013 -0.5601
vn 0.0236 0.7450 0.6666
vn -0.1875 0.9456 0.2657
vn -0.8811 0.4601 -0.1091
vn -0.1876 0.9456 0.2657
vn -0.3438 0.2970 -0.8908
vn -0.1875 0.9457 0.2657
vn 0.3750 0.8670 -0.3281
vn 0.5095 0.2979 -0.8073
vn 0.3749 0.8671 -0.3281
vn 0.8434 0.4529 -0.2890
vn -0.2427 0.4618 -0.8532
vn -0.2427 0.4618 -0.8531
vn -0.1326 0.8818 -0.4526
vn -0.2351 0.8229 -0.5172
vn -0.2966 0.8041 -0.5153
vn -0.8453 0.5322 0.0469
vn -0.8232 0.5410 -0.1725
vn -0.2960 0.9424 -0.1558
vn -0.4693 0.7274 0.5006
vn 0.3045 0.9212 0.2420
vn -0.0935 0.7946 0.5998
vn 0.4293 0.8353 -0.3435
vn 0.3348 0.6930 -0.6385
vn -0.2277 0.7695 -0.5967
vn -0.1329 0.8601 0.4926
vn 0.0547 0.8596 -0.5080
vn -0.2735 0.7503 0.6018
vn 0.0234 0.9595 -0.2808
vn 0.5221 0.2883 -0.8027
vn 0.6319 0.3744 -0.6786
vn -0.0703 0.7895 -0.6097
vn -0.0078 0.8210 -0.5708
vn 0.6319 0.3744 -0.6787
vn 0.6318 0.3744 -0.6786
vn 0.7823 0.3599 -0.5085
vn 0.0705 0.6895 -0.7209
vn 0.7823 0.3598 -0.5085
vn 0.7579 0.2110 0.6173
vn 0.6965 0.4540 0.5557
vn -0.1328 0.2109 0.9684
vn -0.1324 0.3895 0.9114
vn -0.1328 0.2109 0.9685
vn 0.6966 0.4539 0.5557
vn -0.6698 0.1635 0.7243
vn -0.6495 0.3052 0.6965
vn -0.6698 0.1636 0.7243
vn -0.1324 0.3895 0.9115
vn -0.6495 0.3052 0.6964
vn -0.9827 0.1794 0.0468
vn -0.9138 0.4061 0.0078
vn 0.9468 0.1017 -0.3052
vn 0.8805 0.3428 -0.3273
vn 0.6965 0.4539 0.5557
vn -0.8728 0.1637 -0.4598
vn -0.7315 0.4202 -0.5369
vn 0.7895 0.0703 -0.6097
vn 0.6929 0.3036 -0.6540
vn 0.8805 0.3429 -0.3273
vn -0.9234 0.1330 0.3600
vn -0.8501 0.2417 0.4679
vn -0.8218 0.2035 -0.5322
vn -0.7636 0.4285 -0.4831
vn -0.7635 0.4285 -0.4831
vn -0.0547 0.1017 -0.9933
vn -0.0548 0.1017 -0.9933
vn -0.7635 0.4286 -0.4831
vn 0.3293 0.0784 -0.9410
vn 0.2887 0.2341 -0.9284
vn 0.8412 0.1091 -0.5296
vn 0.8057 0.3286 -0.4928
vn 0.8412 0.1090 -0.5296
vn 0.2887 0.2340 -0.9284
vn 0.8057 0.3285 -0.4928
vn 0.9913 0.0834 0.1015
vn 0.9321 0.2820 0.2272
vn 0.9911 0.0859 0.1015
vn -0.9653 0.2569 -0.0467
vn -0.8287 0.5473 -0.1173
vn -0.8984 0.2734 -0.3437
vn -0.7414 0.5619 -0.3668
vn 0.7177 0.1170 -0.6865
vn 0.6318 0.3744 -0.6787
vn 0.5316 0.1329 -0.8365
vn 0.0705 0.6895 -0.7208
vn 0.0857 0.3821 -0.9201
vn -0.7414 0.5619 -0.3669
vn 0.0858 0.3821 -0.9201
vn 0.8591 0.1406 -0.4921
vn 0.6318 0.3745 -0.6787
vn 0.3045 0.9213 0.2420
vn -0.1325 0.3895 0.9114
vn -0.0935 0.7946 0.5999
vn 0.4293 0.8353 -0.3434
vn 0.4294 0.8353 -0.3435
vn -0.7315 0.4202 -0.5370
vn -0.2960 0.9424 -0.1557
vn -0.2736 0.7503 0.6018
vn -0.3371 0.9331 0.1254
vn -0.3371 0.9331 0.1255
vn 0.4374 0.8981 -0.0469
vn 0.4373 0.8981 -0.0469
vn 0.8218 0.4539 0.3444
vn 0.1407 0.4144 -0.8992
vn 0.1407 0.4144 -0.8991
vn 0.0547 0.8597 -0.5079
vn 0.2886 0.2340 -0.9284
vn -0.2346 0.9304 -0.2815
vn -0.6166 0.7492 0.2419
vn 0.2034 0.9074 0.3677
vn -0.2812 0.8045 0.5233
vn -0.6165 0.7492 0.2420
vn 0.5086 0.8529 -0.1174
vn 0.5252 0.7290 -0.4390
vn -0.2346 0.9305 -0.2815
vn -0.0313 0.7594 -0.6498
vn -0.2735 0.8754 0.3986
vn 0.2114 0.8613 -0.4620
vn -0.4592 0.7784 0.4281
vn 0.1091 0.9581 -0.2648
vn 0.8762 0.3912 -0.2816
vn 0.8819 0.4292 -0.1951
vn 0.1330 0.9073 -0.3989
vn 0.1794 0.8815 -0.4368
vn 0.9207 0.3823 -0.0780
vn 0.1794 0.8815 -0.4369
vn 0.3273 0.7169 -0.6156
vn 0.4610 0.1875 0.8673
vn 0.4380 0.4145 0.7977
vn -0.4520 0.2182 0.8649
vn -0.4303 0.4068 0.8058
vn -0.4520 0.2182 0.8650
vn -0.9116 0.1870 0.3662
vn -0.8741 0.3356 0.3512
vn -0.9047 0.1716 -0.3899
vn -0.8293 0.3912 -0.3990
vn -0.9047 0.1716 -0.3900
vn 0.9784 0.1018 0.1800
vn 0.9289 0.3513 0.1171
vn 0.4610 0.1875 0.8674
vn -0.6082 0.1482 -0.7798
vn -0.4699 0.3916 -0.7911
vn 0.9821 0.0779 -0.1715
vn 0.9046 0.3275 -0.2729
vn 0.9784 0.1017 0.1800
vn -0.9799 0.1411 -0.1411
vn -0.9664 0.2572 -0.0000
vn -0.5492 0.1805 -0.8160
vn -0.5175 0.3920 -0.7606
vn -0.5492 0.1804 -0.8160
vn -0.5175 0.3921 -0.7606
vn 0.2338 0.1091 -0.9662
vn 0.2808 0.3198 -0.9049
vn 0.2337 0.1091 -0.9662
vn 0.6309 0.0857 -0.7711
vn 0.5836 0.2568 -0.7704
vn 0.9831 0.1170 -0.1404
vn 0.9296 0.3438 -0.1328
vn 0.9831 0.1170 -0.1405
vn 0.9831 0.1171 -0.1404
vn 0.9296 0.3437 -0.1328
vn 0.8217 0.0861 0.5634
vn 0.7321 0.2570 0.6308
vn -0.8649 0.2338 -0.4441
vn -0.7417 0.5153 -0.4294
vn -0.6939 0.2417 -0.6783
vn -0.5709 0.5317 -0.6256
vn 0.9809 0.1168 -0.1557
vn 0.9456 0.1329 -0.2970
vn 0.8762 0.3911 -0.2816
vn -0.5709 0.5318 -0.6256
vn 0.4670 0.4048 -0.7862
vn 0.9889 0.1480 -0.0156
vn 0.2034 0.9075 0.3677
vn -0.2812 0.8044 0.5233
vn -0.4303 0.4069 0.8058
vn -0.2811 0.8044 0.5233
vn -0.6165 0.7492 0.2419
vn -0.8293 0.3911 -0.3990
vn 0.5086 0.8530 -0.1174
vn 0.5086 0.8530 -0.1173
vn 0.4379 0.4145 0.7977
vn -0.4700 0.3916 -0.7911
vn 0.9046 0.3275 -0.2730
vn -0.3595 0.9299 -0.0781
vn -0.3595 0.9299 -0.0782
vn 0.2808 0.3199 -0.9049
vn 0.1090 0.9581 -0.2649
vn -0.3594 0.9299 -0.0781
vn 0.5836 0.2568 -0.7703
vn 0.4059 0.9054 0.1249
vn 0.4058 0.9054 0.1249
vn 0.6111 0.4153 0.6738
vn 0.7321 0.2570 0.6309
vn 0.1090 0.9581 -0.2648
vn 0.4210 0.4366 -0.7951
vn 0.4209 0.4365 -0.7951
vn 0.4210 0.4365 -0.7951
vn -0.5708 0.5318 -0.6256
vn 0.2499 0.3202 -0.9138
vn -0.0000 0.3279 -0.9447
vn 0.1643 0.3677 -0.9153
vn -0.0000 0.3741 -0.9274
vn 0.5543 0.2889 -0.7806
vn 0.4763 0.4841 -0.7340
vn 0.5456 0.2650 -0.7950
vn -0.0000 0.6546 -0.7559
vn -0.0000 0.6546 -0.7560
vn -0.0000 0.2974 -0.9548
vn 0.0782 0.4768 -0.8755
vn 0.0782 0.4769 -0.8755
vn -0.0000 0.6417 -0.7669
vn 0.9887 0.1479 0.0234
vn 0.8737 0.4680 0.1326
vn 0.8737 0.4681 0.1326
vn 0.1324 0.0623 0.9892
vn -0.0000 0.0629 0.9980
vn -0.1643 0.3677 -0.9153
vn -0.2499 0.3202 -0.9138
vn -0.5543 0.2889 -0.7806
vn -0.5456 0.2650 -0.7950
vn -0.4763 0.4841 -0.7340
vn -0.0782 0.4768 -0.8755
vn -0.0782 0.4769 -0.8755
vn -0.8737 0.4680 0.1326
vn -0.8737 0.4681 0.1326
vn -0.1324 0.0623 0.9892
vn -0.3112 0.9492 -0.0467
vn 0.3511 0.9362 -0.0156
vn -0.1798 0.6956 -0.6956
vn 0.1717 0.8038 -0.5696
vn -0.1797 0.6956 -0.6956
vn 0.2100 0.8013 0.5601
vn 0.0235 0.6748 0.7376
vn -0.4605 0.8118 0.3591
vn 0.0782 0.8528 -0.5164
vn 0.0235 0.7450 -0.6666
vn -0.1327 0.8818 0.4526
vn -0.0939 0.9549 0.2818
vn 0.3213 0.3919 0.8621
vn -0.2967 0.8041 0.5152
vn 0.4446 0.4914 0.7488
vn -0.2351 0.8229 0.5173
vn 0.4446 0.4914 0.7489
vn 0.4447 0.4914 0.7489
vn 0.6156 0.5455 0.5688
vn -0.1403 0.7874 0.6003
vn 0.9684 0.2343 -0.0859
vn 0.3039 0.2182 -0.9274
vn 0.8684 0.4929 -0.0548
vn 0.2727 0.4052 -0.8726
vn 0.8684 0.4928 -0.0548
vn -0.2490 0.1478 -0.9571
vn -0.2425 0.2738 -0.9307
vn 0.2727 0.4051 -0.8726
vn -0.2490 0.1479 -0.9571
vn -0.2490 0.1478 -0.9572
vn -0.7642 0.1638 -0.6238
vn -0.7377 0.3924 -0.5494
vn -0.2425 0.2737 -0.9307
vn -0.7642 0.1637 -0.6238
vn 0.6003 0.0858 0.7952
vn 0.9684 0.2342 -0.0859
vn 0.5462 0.3044 0.7804
vn 0.5462 0.3043 0.7804
vn -0.7642 0.1637 -0.6239
vn -0.9589 0.1715 -0.2261
vn -0.8899 0.4528 -0.0546
vn 0.3761 0.0627 0.9245
vn 0.6003 0.0857 0.7952
vn 0.2971 0.2737 0.9148
vn -0.5563 0.1175 -0.8227
vn -0.9684 0.2109 0.1328
vn -0.4681 0.2106 -0.8582
vn -0.8812 0.4600 0.1092
vn -0.9685 0.2108 0.1328
vn -0.3199 0.0780 0.9442
vn -0.8811 0.4601 0.1092
vn -0.3438 0.2969 0.8908
vn 0.1954 0.0860 0.9769
vn 0.5486 0.0940 0.8308
vn 0.0235 0.2902 0.9567
vn 0.5094 0.2978 0.8073
vn 0.5486 0.0941 0.8308
vn 0.5095 0.2978 0.8073
vn 0.8553 0.2746 0.4394
vn 0.5094 0.2979 0.8073
vn -0.9382 0.3284 -0.1094
vn -0.9198 0.3664 0.1403
vn -0.8453 0.5322 -0.0470
vn -0.8232 0.5409 0.1725
vn 0.5521 0.2799 0.7854
vn 0.3985 0.2188 0.8907
vn 0.3213 0.3918 0.8621
vn -0.8232 0.5410 0.1725
vn -0.0934 0.7079 0.7001
vn -0.0933 0.7079 0.7001
vn 0.7125 0.4071 0.5716
vn 0.6156 0.5454 0.5688
vn 0.7125 0.4071 0.5715
vn 0.4446 0.4915 0.7489
vn 0.8684 0.4929 -0.0547
vn 0.1717 0.8037 -0.5697
vn 0.3510 0.9362 -0.0156
vn -0.2424 0.2737 -0.9307
vn -0.7377 0.3924 -0.5493
vn 0.2101 0.8013 0.5601
vn 0.5463 0.3044 0.7804
vn 0.8684 0.4928 -0.0547
vn -0.8900 0.4528 -0.0546
vn -0.4605 0.8118 0.3590
vn -0.8899 0.4528 -0.0547
vn 0.2100 0.8013 0.5602
vn 0.2971 0.2736 0.9148
vn 0.5463 0.3043 0.7804
vn -0.4681 0.2107 -0.8582
vn -0.1876 0.9456 -0.2657
vn -0.3438 0.2969 0.8909
vn 0.5095 0.2979 0.8073
vn -0.1326 0.8818 0.4526
vn 0.3750 0.8670 0.3281
vn 0.3750 0.8671 0.3281
vn 0.8434 0.4529 0.2889
vn -0.2427 0.4618 0.8531
vn 0.0235 0.2901 0.9567
vn -0.0940 0.9549 0.2818
vn -0.2426 0.4618 0.8532
vn -0.3438 0.2970 0.8908
vn -0.0939 0.9549 0.2817
vn -0.2351 0.8229 0.5172
vn -0.2966 0.8041 0.5153
vn -0.8453 0.5322 -0.0469
vn -0.2967 0.8041 0.5153
vn -0.2960 0.9424 0.1558
vn 0.3045 0.9212 -0.2420
vn -0.4693 0.7274 -0.5006
vn -0.0935 0.7946 -0.5999
vn 0.4293 0.8353 0.3435
vn 0.3348 0.6930 0.6385
vn -0.2277 0.7695 0.5967
vn -0.1329 0.8601 -0.4926
vn -0.2736 0.7503 -0.6018
vn 0.0547 0.8596 0.5080
vn 0.0234 0.9595 0.2808
vn 0.5221 0.2883 0.8027
vn -0.0703 0.7895 0.6097
vn 0.6318 0.3744 0.6787
vn -0.0078 0.8210 0.5708
vn 0.6319 0.3744 0.6786
vn 0.7823 0.3599 0.5085
vn 0.0705 0.6895 0.7209
vn -0.0078 0.8211 0.5708
vn 0.7579 0.2110 -0.6173
vn -0.1328 0.2109 -0.9685
vn 0.6965 0.4540 -0.5557
vn -0.1324 0.3895 -0.9114
vn 0.6966 0.4539 -0.5557
vn -0.6698 0.1636 -0.7243
vn -0.1325 0.3895 -0.9114
vn -0.6495 0.3052 -0.6964
vn -0.6698 0.1635 -0.7243
vn -0.9827 0.1794 -0.0468
vn -0.9138 0.4061 -0.0078
vn 0.9468 0.1017 0.3052
vn 0.7579 0.2109 -0.6173
vn 0.8805 0.3428 0.3273
vn 0.6965 0.4539 -0.5557
vn 0.8805 0.3429 0.3273
vn -0.8728 0.1637 0.4598
vn -0.7315 0.4202 0.5369
vn -0.8728 0.1636 0.4598
vn 0.7895 0.0700 0.6097
vn 0.6929 0.3036 0.6540
vn 0.9469 0.1017 0.3052
vn -0.9234 0.1330 -0.3600
vn -0.8218 0.2035 0.5322
vn -0.8501 0.2417 -0.4679
vn -0.7635 0.4285 0.4831
vn -0.8501 0.2418 -0.4679
vn -0.0548 0.1017 0.9933
vn -0.7635 0.4286 0.4831
vn -0.0000 0.3116 0.9502
vn -0.7636 0.4285 0.4831
vn -0.0547 0.1017 0.9933
vn 0.3293 0.0784 0.9410
vn 0.8412 0.1091 0.5296
vn 0.2887 0.2340 0.9284
vn 0.8057 0.3286 0.4928
vn 0.8412 0.1090 0.5296
vn 0.9911 0.0858 -0.1015
vn 0.8057 0.3285 0.4928
vn 0.9321 0.2820 -0.2272
vn -0.9653 0.2569 0.0467
vn -0.8984 0.2734 0.3437
vn -0.8287 0.5473 0.1173
vn -0.7414 0.5619 0.3668
vn 0.7177 0.1170 0.6865
vn 0.5316 0.1329 0.8365
vn 0.5221 0.2884 0.8027
vn 0.0705 0.6895 0.7208
vn 0.0858 0.3820 0.9202
vn 0.0858 0.3821 0.9201
vn 0.8591 0.1406 0.4921
vn 0.7823 0.3598 0.5085
vn 0.8591 0.1406 0.4920
vn 0.6318 0.3745 0.6787
vn -0.1324 0.3895 -0.9115
vn 0.3045 0.9213 -0.2420
vn -0.0934 0.7946 -0.5999
vn -0.6495 0.3052 -0.6965
vn -0.9138 0.4062 -0.0078
vn 0.4294 0.8353 0.3435
vn 0.4293 0.8353 0.3434
vn -0.2960 0.9424 0.1557
vn -0.7315 0.4203 0.5369
vn -0.3372 0.9331 -0.1254
vn -0.0000 0.3115 0.9502
vn -0.3371 0.9331 -0.1254
vn -0.3371 0.9331 -0.1255
vn 0.2886 0.2341 0.9284
vn 0.4373 0.8981 0.0469
vn 0.4373 0.8981 0.0468
vn 0.8218 0.4539 -0.3444
vn 0.1407 0.4144 0.8992
vn 0.2886 0.2340 0.9284
vn 0.1407 0.4144 0.8991
vn -0.0704 0.7895 0.6097
vn -0.2346 0.9304 0.2815
vn 0.2034 0.9074 -0.3677
vn -0.6166 0.7492 -0.2419
vn -0.2812 0.8045 -0.5233
vn -0.6165 0.7492 -0.2420
vn 0.5086 0.8529 0.1174
vn -0.2345 0.9305 0.2814
vn 0.5252 0.7290 0.4390
vn -0.0313 0.7594 0.6498
vn -0.2346 0.9305 0.2815
vn -0.2735 0.8754 -0.3986
vn -0.4592 0.7783 -0.4281
vn 0.2114 0.8613 0.4619
vn 0.1091 0.9581 0.2648
vn 0.2114 0.8613 0.4620
vn -0.4592 0.7784 -0.4281
vn 0.8762 0.3912 0.2816
vn 0.1330 0.9073 0.3989
vn 0.8819 0.4292 0.1951
vn 0.1794 0.8815 0.4368
vn 0.9207 0.3823 0.0780
vn 0.3273 0.7169 0.6156
vn 0.9207 0.3824 0.0780
vn 0.4610 0.1875 -0.8673
vn -0.4520 0.2182 -0.8649
vn 0.4380 0.4145 -0.7977
vn -0.4303 0.4068 -0.8058
vn -0.4519 0.2182 -0.8649
vn -0.9116 0.1870 -0.3662
vn -0.8741 0.3356 -0.3512
vn -0.9047 0.1716 0.3899
vn -0.9047 0.1716 0.3900
vn 0.9784 0.1018 -0.1800
vn 0.4610 0.1875 -0.8674
vn 0.9289 0.3512 -0.1171
vn 0.9289 0.3513 -0.1171
vn 0.4610 0.1876 -0.8673
vn -0.6082 0.1482 0.7798
vn -0.4699 0.3916 0.7911
vn 0.9821 0.0779 0.1715
vn 0.9784 0.1017 -0.1800
vn 0.9046 0.3275 0.2729
vn -0.9799 0.1411 0.1411
vn -0.5492 0.1805 0.8160
vn -0.5175 0.3920 0.7606
vn -0.5492 0.1805 0.8159
vn 0.2337 0.1091 0.9662
vn -0.5175 0.3921 0.7606
vn 0.2808 0.3199 0.9049
vn 0.6309 0.0857 0.7711
vn 0.9832 0.1170 0.1404
vn 0.5836 0.2568 0.7704
vn 0.9296 0.3438 0.1328
vn 0.9831 0.1170 0.1405
vn 0.9296 0.3437 0.1328
vn 0.7321 0.2570 -0.6308
vn -0.8649 0.2338 0.4442
vn -0.6939 0.2417 0.6783
vn -0.7417 0.5153 0.4294
vn -0.5709 0.5318 0.6256
vn 0.9809 0.1168 0.1557
vn 0.9456 0.1328 0.2970
vn 0.9456 0.1329 0.2970
vn -0.5708 0.5317 0.6256
vn 0.4670 0.4048 0.7861
vn -0.5709 0.5317 0.6256
vn 0.9889 0.1479 0.0156
vn 0.9889 0.1480 0.0156
vn -0.2812 0.8044 -0.5233
vn -0.6165 0.7492 -0.2419
vn -0.8293 0.3911 0.3990
vn 0.5086 0.8530 0.1174
vn -0.4700 0.3916 0.7911
vn -0.2345 0.9305 0.2815
vn 0.5087 0.8529 0.1174
vn 0.9046 0.3275 0.2730
vn -0.3595 0.9299 0.0781
vn 0.2808 0.3198 0.9049
vn -0.3595 0.9299 0.0782
vn -0.3594 0.9299 0.0781
vn 0.5836 0.2568 0.7703
vn 0.4058 0.9054 -0.1249
vn 0.6111 0.4153 -0.6738
vn 0.7321 0.2570 -0.6309
vn 0.4209 0.4366 0.7951
vn 0.4210 0.4366 0.7951
vn 0.1090 0.9581 0.2649
vn 0.1090 0.9581 0.2648
vn 0.4209 0.4365 0.7951
vn -0.5708 0.5318 0.6256
vn 0.3112 0.9492 -0.0467
vn 0.1798 0.6956 -0.6956
vn -0.1717 0.8038 -0.5696
vn -0.2100 0.8013 0.5601
vn -0.0235 0.6748 0.7376
vn 0.3111 0.9492 -0.0467
vn 0.4605 0.8118 0.3590
vn -0.0236 0.6748 0.7376
vn -0.0782 0.8528 -0.5164
vn 0.1327 0.8818 0.4526
vn -0.0236 0.7450 -0.6666
vn 0.0939 0.9549 0.2818
vn -0.0235 0.7450 -0.6666
vn -0.3213 0.3919 0.8621
vn -0.4446 0.4914 0.7488
vn 0.2966 0.8041 0.5152
vn 0.2351 0.8229 0.5173
vn -0.4447 0.4914 0.7489
vn -0.4446 0.4914 0.7489
vn -0.6156 0.5454 0.5688
vn 0.2351 0.8229 0.5172
vn 0.1403 0.7874 0.6003
vn -0.6156 0.5455 0.5688
vn -0.9684 0.2343 -0.0859
vn -0.8684 0.4928 -0.0548
vn -0.3039 0.2182 -0.9274
vn -0.2727 0.4052 -0.8726
vn 0.2490 0.1479 -0.9571
vn 0.2425 0.2738 -0.9307
vn -0.2727 0.4051 -0.8726
vn 0.2490 0.1479 -0.9572
vn 0.2425 0.2737 -0.9307
vn 0.7642 0.1638 -0.6239
vn 0.7377 0.3924 -0.5494
vn 0.7642 0.1638 -0.6238
vn -0.6003 0.0858 0.7952
vn -0.5462 0.3044 0.7804
vn -0.9684 0.2342 -0.0859
vn -0.8684 0.4929 -0.0548
vn -0.5462 0.3043 0.7804
vn 0.9589 0.1715 -0.2261
vn 0.8899 0.4528 -0.0546
vn -0.3761 0.0627 0.9245
vn -0.2971 0.2737 0.9148
vn -0.6003 0.0857 0.7952
vn 0.5563 0.1175 -0.8227
vn 0.4681 0.2106 -0.8582
vn 0.9685 0.2108 0.1328
vn 0.8811 0.4601 0.1092
vn 0.9684 0.2109 0.1328
vn 0.3199 0.0780 0.9442
vn 0.3438 0.2970 0.8908
vn 0.3200 0.0780 0.9442
vn -0.1954 0.0860 0.9769
vn -0.0235 0.2902 0.9567
vn -0.5486 0.0940 0.8308
vn -0.5095 0.2978 0.8073
vn -0.0235 0.2901 0.9567
vn -0.5486 0.0941 0.8308
vn -0.5094 0.2978 0.8073
vn -0.8553 0.2746 0.4394
vn 0.9382 0.3284 -0.1095
vn 0.8453 0.5322 -0.0470
vn 0.9198 0.3664 0.1403
vn 0.8232 0.5409 0.1725
vn -0.5521 0.2800 0.7854
vn -0.3985 0.2188 0.8907
vn -0.3213 0.3918 0.8621
vn 0.0934 0.7079 0.7001
vn 0.0933 0.7079 0.7001
vn -0.7125 0.4071 0.5716
vn -0.7125 0.4071 0.5715
vn -0.5521 0.2799 0.7854
vn -0.3510 0.9362 -0.0156
vn -0.1717 0.8037 -0.5697
vn 0.2424 0.2737 -0.9307
vn 0.1797 0.6956 -0.6956
vn 0.7377 0.3924 -0.5493
vn -0.8684 0.4929 -0.0547
vn -0.2101 0.8013 0.5601
vn -0.5463 0.3043 0.7804
vn 0.4605 0.8118 0.3591
vn -0.2971 0.2736 0.9148
vn 0.8812 0.4600 0.1091
vn 0.1876 0.9456 -0.2657
vn 0.1876 0.9456 -0.2658
vn 0.3438 0.2969 0.8908
vn 0.3438 0.2969 0.8909
vn 0.1875 0.9456 -0.2657
vn -0.3750 0.8670 0.3281
vn -0.5095 0.2979 0.8073
vn -0.3749 0.8671 0.3281
vn -0.8434 0.4529 0.2889
vn 0.2427 0.4618 0.8532
vn 0.1326 0.8818 0.4526
vn 0.3439 0.2969 0.8908
vn 0.0940 0.9549 0.2818
vn 0.2426 0.4618 0.8532
vn 0.2966 0.8041 0.5153
vn 0.8453 0.5322 -0.0469
vn 0.8232 0.5410 0.1725
vn 0.2960 0.9424 0.1558
vn 0.4693 0.7274 -0.5006
vn -0.3045 0.9212 -0.2420
vn 0.0935 0.7946 -0.5999
vn -0.3045 0.9213 -0.2420
vn -0.4293 0.8353 0.3435
vn -0.3348 0.6930 0.6385
vn 0.2959 0.9424 0.1558
vn 0.2277 0.7695 0.5967
vn 0.1329 0.8600 -0.4926
vn -0.0547 0.8596 0.5080
vn 0.2735 0.7503 -0.6018
vn -0.0234 0.9595 0.2808
vn -0.5221 0.2883 0.8027
vn -0.6318 0.3744 0.6787
vn 0.0703 0.7895 0.6097
vn 0.0078 0.8211 0.5708
vn -0.6319 0.3744 0.6787
vn -0.7823 0.3598 0.5085
vn -0.0705 0.6895 0.7208
vn 0.0078 0.8210 0.5708
vn -0.7579 0.2110 -0.6173
vn -0.6965 0.4539 -0.5557
vn 0.1328 0.2109 -0.9685
vn 0.1324 0.3895 -0.9115
vn -0.6965 0.4540 -0.5557
vn 0.1324 0.3895 -0.9114
vn 0.6698 0.1635 -0.7243
vn 0.6495 0.3052 -0.6964
vn 0.6698 0.1636 -0.7243
vn 0.9827 0.1794 -0.0468
vn 0.9138 0.4061 -0.0078
vn -0.9468 0.1017 0.3052
vn -0.8805 0.3429 0.3273
vn -0.7579 0.2109 -0.6173
vn 0.9827 0.1793 -0.0468
vn 0.8729 0.1633 0.4598
vn 0.7315 0.4202 0.5370
vn 0.8728 0.1637 0.4598
vn -0.7895 0.0704 0.6097
vn -0.6929 0.3036 0.6540
vn 0.9234 0.1331 -0.3600
vn 0.8501 0.2417 -0.4679
vn 0.8218 0.2035 0.5322
vn 0.7636 0.4285 0.4831
vn 0.0548 0.1017 0.9933
vn 0.0547 0.1017 0.9933
vn 0.7635 0.4285 0.4831
vn -0.3293 0.0784 0.9410
vn -0.2887 0.2341 0.9284
vn -0.8412 0.1090 0.5296
vn -0.8057 0.3286 0.4928
vn -0.2887 0.2340 0.9284
vn -0.8412 0.1091 0.5297
vn -0.9911 0.0858 -0.1014
vn -0.9321 0.2820 -0.2272
vn -0.9911 0.0859 -0.1015
vn -0.8057 0.3285 0.4928
vn 0.9653 0.2569 0.0467
vn 0.8287 0.5473 0.1173
vn 0.8984 0.2734 0.3437
vn 0.7414 0.5619 0.3668
vn -0.7177 0.1170 0.6865
vn -0.5316 0.1329 0.8365
vn -0.5221 0.2883 0.8026
vn -0.6319 0.3744 0.6786
vn -0.0858 0.3821 0.9201
vn -0.0857 0.3821 0.9201
vn -0.8591 0.1406 0.4921
vn -0.7823 0.3599 0.5085
vn -0.8591 0.1406 0.4920
vn -0.0705 0.6895 0.7209
vn -0.6318 0.3745 0.6787
vn -0.6966 0.4539 -0.5557
vn 0.0935 0.7946 -0.5998
vn -0.4293 0.8353 0.3434
vn 0.7315 0.4202 0.5369
vn 0.2736 0.7503 -0.6018
vn 0.7635 0.4286 0.4831
vn 0.3372 0.9331 -0.1254
vn 0.7635 0.4286 0.4830
vn 0.3372 0.9330 -0.1254
vn 0.3371 0.9331 -0.1255
vn -0.4374 0.8981 0.0468
vn -0.4373 0.8981 0.0468
vn -0.8218 0.4539 -0.3444
vn -0.4373 0.8981 0.0469
vn -0.1407 0.4144 0.8992
vn -0.1407 0.4144 0.8991
vn -0.0547 0.8597 0.5079
vn -0.2886 0.2340 0.9284
vn 0.0704 0.7895 0.6097
vn 0.2346 0.9304 0.2815
vn 0.6166 0.7492 -0.2419
vn -0.2034 0.9074 -0.3677
vn 0.2812 0.8045 -0.5233
vn 0.6165 0.7492 -0.2420
vn -0.5086 0.8530 0.1174
vn -0.5252 0.7290 0.4390
vn 0.0313 0.7594 0.6498
vn 0.2346 0.9305 0.2815
vn 0.2736 0.8754 -0.3986
vn -0.2114 0.8613 0.4619
vn 0.4592 0.7783 -0.4281
vn -0.1091 0.9581 0.2648
vn 0.4592 0.7784 -0.4281
vn -0.2114 0.8613 0.4620
vn -0.8762 0.3911 0.2816
vn -0.8819 0.4292 0.1951
vn -0.1330 0.9073 0.3989
vn -0.1794 0.8815 0.4368
vn -0.9207 0.3823 0.0780
vn -0.1795 0.8814 0.4369
vn -0.3273 0.7169 0.6156
vn -0.1794 0.8815 0.4369
vn -0.4610 0.1875 -0.8673
vn -0.4380 0.4145 -0.7977
vn 0.4520 0.2182 -0.8649
vn 0.4303 0.4069 -0.8058
vn 0.4303 0.4068 -0.8058
vn 0.9116 0.1870 -0.3662
vn 0.8741 0.3356 -0.3512
vn 0.9047 0.1716 0.3899
vn 0.8293 0.3912 0.3990
vn 0.9047 0.1716 0.3900
vn -0.9784 0.1018 -0.1800
vn -0.9289 0.3512 -0.1171
vn -0.4610 0.1875 -0.8674
vn -0.4610 0.1876 -0.8673
vn -0.9289 0.3513 -0.1171
vn 0.6082 0.1482 0.7798
vn 0.4699 0.3916 0.7911
vn -0.9821 0.0779 0.1715
vn -0.9046 0.3275 0.2730
vn -0.9784 0.1017 -0.1800
vn -0.9046 0.3275 0.2729
vn 0.9799 0.1411 0.1411
vn 0.5492 0.1805 0.8160
vn 0.5175 0.3920 0.7606
vn 0.5175 0.3921 0.7606
vn -0.2337 0.1091 0.9662
vn -0.2808 0.3199 0.9049
vn -0.6309 0.0857 0.7711
vn -0.5836 0.2568 0.7704
vn -0.9832 0.1170 0.1404
vn -0.9296 0.3438 0.1328
vn -0.9831 0.1170 0.1405
vn -0.9831 0.1171 0.1405
vn -0.8216 0.0866 -0.5634
vn -0.7321 0.2570 -0.6309
vn -0.9296 0.3437 0.1328
vn 0.8649 0.2338 0.4441
vn 0.7417 0.5153 0.4294
vn 0.6939 0.2417 0.6783
vn 0.5709 0.5318 0.6256
vn -0.9809 0.1168 0.1557
vn -0.9456 0.1328 0.2970
vn -0.8762 0.3912 0.2816
vn -0.9456 0.1329 0.2970
vn -0.4670 0.4048 0.7862
vn -0.9889 0.1480 0.0156
vn -0.9207 0.3824 0.0780
vn -0.2034 0.9075 -0.3677
vn 0.2812 0.8044 -0.5233
vn 0.6165 0.7492 -0.2419
vn 0.8293 0.3911 0.3990
vn 0.4700 0.3916 0.7911
vn -0.5087 0.8529 0.1173
vn 0.3594 0.9299 0.0781
vn 0.3595 0.9299 0.0782
vn -0.2808 0.3198 0.9049
vn -0.5836 0.2568 0.7703
vn -0.4058 0.9054 -0.1249
vn -0.7321 0.2570 -0.6308
vn -0.6111 0.4153 -0.6738
vn -0.1090 0.9581 0.2649
vn -0.4210 0.4366 0.7951
vn -0.4209 0.4365 0.7951
vn -0.1090 0.9581 0.2648
vn -0.4209 0.4366 0.7951
vn 0.5708 0.5318 0.6256
vn 0.5709 0.5317 0.6256
vn -0.2499 0.3202 0.9138
vn -0.0000 0.3279 0.9447
vn -0.1643 0.3677 0.9153
vn -0.0000 0.3741 0.9274
vn -0.5542 0.2888 0.7806
vn -0.4763 0.4841 0.7340
vn -0.5456 0.2650 0.7950
vn -0.0000 0.6547 0.7559
vn -0.0000 0.6546 0.7560
vn -0.0000 0.2974 0.9548
vn -0.0782 0.4768 0.8755
vn -0.0000 0.6417 0.7669
vn -0.9887 0.1479 -0.0234
vn -0.8737 0.4681 -0.1326
vn -0.1324 0.0623 -0.9892
vn -0.0000 0.0624 -0.9981
vn 0.2499 0.3202 0.9138
vn 0.1643 0.3677 0.9153
vn 0.5542 0.2888 0.7806
vn 0.5456 0.2650 0.7950
vn 0.4763 0.4841 0.7340
vn -0.0000 0.6546 0.7559
vn 0.0782 0.4768 0.8755
vn -0.0000 0.6417 0.7670
vn 0.0781 0.4769 0.8755
vn 0.8737 0.4681 -0.1326
vn 0.1324 0.0623 -0.9892
vn 0.8270 -0.0234 -0.5617
vn 0.8746 0.0234 0.4842
vn 0.7774 0.0314 -0.6282
vn 0.8746 0.0235 0.4842
vn -0.8797 0.0234 0.4749
vn -0.8208 -0.0234 -0.5707
vn -0.7260 -0.0312 0.6870
vn -0.8797 0.0233 0.4749
vn -0.7736 0.0312 -0.6329
vn -0.0079 0.0472 0.9989
vn -0.4469 -0.0392 0.8937
vn -0.0078 -0.0863 0.9962
vn -0.4593 0.0389 0.8874
vn -0.5380 0.0390 0.8421
vn -0.5221 -0.0779 0.8493
vn -0.4375 -0.0391 -0.8984
vn 0.0078 0.0468 -0.9989
vn 0.0078 -0.0856 -0.9963
vn -0.4531 0.0391 -0.8906
vn -0.4531 0.0390 -0.8906
vn -0.5324 0.0392 -0.8456
vn -0.7736 0.0313 -0.6329
vn -0.5324 0.0391 -0.8456
vn -0.8208 -0.0235 -0.5707
vn -0.5164 -0.0782 -0.8528
vn 0.4469 -0.0392 -0.8937
vn 0.4593 0.0389 -0.8874
vn 0.5380 0.0390 -0.8421
vn 0.5380 0.0390 -0.8420
vn 0.5255 -0.0784 -0.8471
vn 0.5255 -0.0784 -0.8472
vn 0.4375 -0.0391 0.8984
vn -0.0078 0.0472 0.9989
vn 0.4531 0.0391 0.8906
vn 0.5324 0.0391 0.8456
vn 0.8747 0.0234 0.4842
vn 0.5619 -0.0000 0.8272
vn 0.4936 -0.1175 0.8617
vn 0.4935 -0.1175 0.8617
vn -0.9992 -0.0000 -0.0390
vn -1.0000 -0.0000 -0.0078
vn 0.9995 -0.0000 -0.0315
vn 0.9995 0.0079 -0.0315
vn 0.0008 -1.0000 0.0079
vn 0.9992 -0.0000 0.0393
vn 0.9992 0.0079 0.0393
vn 1.0000 -0.0000 0.0079
vn -0.9995 -0.0000 0.0312
vn 0.4600 0.7641 -0.4522
vn -0.4600 0.7641 0.4522
vn -0.3289 0.7517 -0.5716
vn 0.2499 0.8045 0.5389
vn 0.1561 0.7652 0.6246
vn -0.2499 0.8045 -0.5389
vn -0.1562 0.7652 -0.6246
vn 0.6182 0.7669 0.1722
vn -0.6182 0.7669 -0.1722
vn -0.8664 -0.0000 -0.4993
vn 0.5482 0.5795 -0.6030
vn 0.4667 0.6845 0.5600
vn -0.0078 0.9985 0.0550
vn 0.5401 0.5792 0.6106
vn 0.4688 0.6875 -0.5547
vn 0.3603 0.9244 -0.1254
vn 0.3281 0.9373 -0.1171
vn 0.0157 0.9988 -0.0471
vn 0.0157 0.9998 -0.0158
vn 0.8663 -0.0000 0.4995
vn -0.5482 0.5795 0.6030
vn -0.4667 0.6845 -0.5600
vn -0.5401 0.5792 -0.6106
vn 0.8664 -0.0000 -0.4993
vn -0.4687 0.6875 0.5547
vn -0.3603 0.9244 0.1253
vn -0.3603 0.9244 0.1254
vn -0.5916 0.7861 0.1790
vn -0.5472 0.8364 0.0313
vn -0.4935 0.8695 0.0235
vn -0.5145 0.8575 -0.0000
vn -0.4596 0.8881 0.0078
vn -0.4935 0.8696 -0.0157
vn -0.5473 0.8366 -0.0235
vn -0.5473 0.8366 -0.0234
vn -0.5619 0.8272 -0.0000
vn -0.3605 -0.0235 -0.9325
vn -0.4449 0.1561 -0.8819
vn 0.2431 0.3764 0.8940
vn -0.8272 -0.3434 0.4448
vn 0.2030 0.5699 -0.7963
vn -0.5375 0.3037 0.7867
vn -0.5374 0.3037 0.7867
vn -0.1250 -0.0000 0.9922
vn -0.8068 -0.3681 -0.4621
vn -0.8068 -0.3682 -0.4621
vn 0.5472 0.8364 -0.0313
vn 0.4935 0.8695 -0.0235
vn 0.5145 0.8575 -0.0000
vn 0.4596 0.8881 -0.0078
vn 0.4935 0.8696 0.0157
vn 0.4936 0.8696 0.0157
vn 0.5473 0.8366 0.0235
vn 0.5619 0.8272 -0.0000
vn 0.3605 -0.0235 0.9325
vn 0.4448 0.1561 0.8819
vn 0.4449 0.1561 0.8819
vn -0.2431 0.3764 -0.8940
vn 0.8272 -0.3433 -0.4448
vn 0.8272 -0.3434 -0.4448
vn -0.2030 0.5699 0.7963
vn 0.5375 0.3038 -0.7867
vn 0.1250 -0.0000 -0.9922
vn 0.8068 -0.3681 0.4621
vn 0.9370 -0.0625 0.3436
vn 0.5145 -0.0000 -0.8575
vn 0.1403 -0.0000 -0.9901
vn -0.3132 0.0626 -0.9476
vn -0.2959 -0.1012 -0.9498
vn -0.2340 -0.5695 0.7880
vn 0.3833 -0.1721 -0.9074
vn -0.4691 0.1642 -0.8678
vn -0.9729 -0.1712 0.1556
vn 0.6093 -0.3515 0.7108
vn 0.7905 0.4775 -0.3835
vn 0.9403 0.0470 0.3370
vn -0.9555 -0.0548 -0.2898
vn -0.8484 -0.0000 0.5294
vn -0.5145 -0.0000 0.8575
vn 0.3509 -0.0312 0.9359
vn 0.3585 -0.0937 0.9288
vn 0.2340 -0.5695 -0.7880
vn 0.2341 -0.5695 -0.7880
vn -0.3833 -0.1721 0.9074
vn 0.4691 0.1642 0.8678
vn 0.9729 -0.1712 -0.1556
vn -0.6093 -0.3515 -0.7108
vn -0.5869 -0.2817 -0.7590
vn -0.9559 0.0470 -0.2899
vn -0.2101 0.8013 -0.5601
vn -0.3749 0.8670 -0.3281
vn 0.1403 0.7874 -0.6002
vn -0.3045 0.9212 0.2421
vn -0.0235 0.9595 -0.2808
vn -0.1090 0.9581 -0.2649
vn 0.5709 0.5318 -0.6256
vn 0.3749 0.8670 -0.3281
vn -0.1403 0.7874 -0.6002
vn -0.3372 0.9330 0.1255
vn 0.3282 0.2657 -0.9065
vn 0.5385 0.2263 -0.8117
vn 0.5542 0.2888 -0.7806
vn 0.5404 0.2114 -0.8144
vn 0.6403 0.7340 0.2264
vn -0.3282 0.2657 -0.9065
vn -0.5385 0.2263 -0.8117
vn -0.5543 0.2888 -0.7806
vn -0.5404 0.2114 -0.8144
vn -0.6403 0.7340 0.2264
vn -0.1875 0.9456 -0.2657
vn -0.0940 0.9549 0.2817
vn 0.3749 0.8671 0.3281
vn 0.4058 0.9054 -0.1248
vn -0.2100 0.8013 0.5602
vn -0.4294 0.8353 0.3435
vn 0.2735 0.8754 -0.3986
vn -0.4058 0.9054 -0.1248
vn -0.3282 0.2657 0.9065
vn -0.5385 0.2263 0.8117
vn -0.5543 0.2888 0.7806
vn -0.5404 0.2114 0.8144
vn -0.6403 0.7340 -0.2264
vn 0.3282 0.2657 0.9065
vn 0.5385 0.2263 0.8117
vn 0.5543 0.2888 0.7806
vn 0.5404 0.2114 0.8144
vn 0.6403 0.7340 -0.2264
vt 0.971179 0.473171
vt 0.971179 0.461666
vt 0.967343 0.461666
vt 0.967343 0.473171
vt 0.591403 0.737796
vt 0.595239 0.768477
vt 0.576059 0.737796
vt 0.553042 0.768477
vt 0.556878 0.737796
vt 0.572223 0.737796
vt 0.595239 0.737796
vt 0.556878 0.768477
vt 0.579895 0.737796
vt 0.986524 0.327436
vt 0.986524 0.346612
vt 0.951999 0.327436
vt 0.986524 0.358117
vt 0.951999 0.358117
vt 0.948163 0.484677
vt 0.982688 0.484677
vt 0.982688 0.453996
vt 0.948163 0.453996
vt 0.054346 0.910377
vt 0.081199 0.910377
vt 0.046674 0.937223
vt 0.085035 0.925718
vt 0.085035 0.948728
vt 0.050510 0.948728
vt 0.081199 0.948728
vt 0.046674 0.921883
vt 0.085035 0.937223
vt 0.085035 0.910377
vt 0.951999 0.542204
vt 0.955835 0.546039
vt 0.982688 0.519193
vt 0.967343 0.546039
vt 0.978852 0.546039
vt 0.085035 0.941058
vt 0.046674 0.948728
vt 0.085035 0.929553
vt 0.077363 0.910377
vt 0.085035 0.914212
vt 0.046674 0.910377
vt 0.085035 0.933388
vt 0.219299 0.944893
vt 0.215463 0.948728
vt 0.192446 0.910377
vt 0.184774 0.941058
vt 0.177102 0.937223
vt 0.177102 0.906542
vt 0.215463 0.918047
vt 0.173266 0.914212
vt 0.203955 0.918047
vt 0.200119 0.952564
vt 0.180938 0.941058
vt 0.211627 0.918047
vt 0.173266 0.910377
vt 0.215463 0.921883
vt 0.200119 0.944893
vt 0.085035 0.918047
vt 0.975016 0.519193
vt 0.948163 0.523028
vt 0.963507 0.534534
vt 0.948163 0.542204
vt 0.046674 0.918047
vt 0.050510 0.910377
vt 0.046674 0.925718
vt 0.046674 0.929553
vt 0.046674 0.941058
vt 0.975016 0.461666
vt 0.975016 0.473171
vt 0.978852 0.461666
vt 0.978852 0.473171
vt 0.982688 0.461666
vt 0.982688 0.473171
vt 0.986524 0.473171
vt 0.986524 0.461666
vt 0.157921 0.914212
vt 0.173266 0.941058
vt 0.150249 0.906542
vt 0.134905 0.906542
vt 0.951999 0.450161
vt 0.990360 0.450161
vt 0.990360 0.484677
vt 0.169430 0.925718
vt 0.161757 0.918047
vt 0.238480 0.756972
vt 0.269169 0.756972
vt 0.238480 0.791488
vt 0.269169 0.791488
vt 0.173266 0.906542
vt 0.134905 0.941058
vt 0.146413 0.941058
vt 0.161757 0.937223
vt 0.138741 0.906542
vt 0.165594 0.921883
vt 0.173266 0.925718
vt 0.161757 0.914212
vt 0.169430 0.910377
vt 0.150249 0.910377
vt 0.165594 0.910377
vt 0.173266 0.937223
vt 0.146413 0.933388
vt 0.134905 0.937223
vt 0.161757 0.933388
vt 0.157921 0.941058
vt 0.138741 0.937223
vt 0.951999 0.511523
vt 0.982688 0.511523
vt 0.951999 0.546039
vt 0.982688 0.546039
vt 0.123396 0.047471
vt 0.480156 0.047471
vt 0.123396 0.400304
vt 0.480156 0.400304
vt 0.127232 0.051306
vt 0.480156 0.051306
vt 0.127232 0.404139
vt 0.480156 0.404139
vt 0.951999 0.323601
vt 0.990360 0.323601
vt 0.990360 0.358117
vt 0.863768 0.987080
vt 0.875276 0.941058
vt 0.982688 0.990915
vt 0.975016 0.941058
vt 0.951999 0.841345
vt 0.898293 0.841345
vt 0.361236 0.404139
vt 0.982688 0.335106
vt 0.978852 0.338942
vt 0.978852 0.342777
vt 0.978852 0.335106
vt 0.978852 0.327436
vt 0.982688 0.338942
vt 0.971179 0.519193
vt 0.967343 0.519193
vt 0.982688 0.327436
vt 0.975016 0.342777
vt 0.975016 0.338942
vt 0.944327 0.722455
vt 0.982688 0.722455
vt 0.944327 0.756972
vt 0.982688 0.756972
vt 0.944327 0.511523
vt 0.944327 0.546039
vt 0.280677 0.446325
vt 0.058182 0.442490
vt 0.299858 0.012955
vt 0.012149 0.016790
vt 0.088871 0.615072
vt 0.023657 0.012955
vt 0.457139 0.615072
vt 0.472483 0.012955
vt 0.948163 0.515358
vt 0.986524 0.515358
vt 0.948163 0.549874
vt 0.986524 0.549874
vt 0.495500 0.016790
vt 0.460975 0.576720
vt 0.054346 0.572885
vt 0.246152 0.016790
vt 0.315202 0.572885
vt 0.975016 0.511523
vt 0.595239 0.016790
vt 0.012149 0.012955
vt 0.602912 0.615072
vt 0.092707 0.615072
vt 0.560714 0.016790
vt 0.537698 0.446325
vt 0.395761 0.615072
vt 0.691142 0.016790
vt 0.982688 0.526863
vt 0.925146 0.028296
vt 0.986524 0.028296
vt 0.925146 0.089658
vt 0.986524 0.089658
vt 0.951999 0.515358
vt 0.986524 0.546039
vt 0.940490 0.047471
vt 0.905965 0.668763
vt 0.710323 0.070482
vt 0.660453 0.542204
vt 0.836915 0.979410
vt 0.648945 0.772312
vt 0.180938 0.937223
vt 0.215463 0.944893
vt 0.207791 0.918047
vt 0.219299 0.948728
vt 0.955835 0.519193
vt 0.948163 0.519193
vt 0.948163 0.546039
vt 0.207791 0.948728
vt 0.046674 0.914212
vt 0.046674 0.944893
vt 0.085035 0.944893
vt 0.211627 0.921883
vt 0.215463 0.933388
vt 0.215463 0.925718
vt 0.215463 0.937223
vt 0.948163 0.480842
vt 0.978852 0.484677
vt 0.978852 0.480842
vt 0.982688 0.457831
vt 0.951999 0.484677
vt 0.951999 0.453996
vt 0.219299 0.941058
vt 0.211627 0.944893
vt 0.207791 0.944893
vt 0.203955 0.914212
vt 0.085035 0.921883
vt 0.951999 0.519193
vt 0.180938 0.925718
vt 0.978852 0.519193
vt 0.978852 0.538369
vt 0.955835 0.457831
vt 0.978852 0.457831
vt 0.975016 0.058977
vt 0.971179 0.058977
vt 0.975016 0.062812
vt 0.986524 0.078152
vt 0.944327 0.078152
vt 0.434122 0.473171
vt 0.434122 0.477007
vt 0.437958 0.480842
vt 0.437958 0.477007
vt 0.975016 0.051306
vt 0.975016 0.055141
vt 0.975016 0.047471
vt 0.944327 0.039801
vt 0.982688 0.035966
vt 0.971179 0.047471
vt 0.971179 0.051306
vt 0.971179 0.055141
vt 0.982688 0.039801
vt 0.951999 0.035966
vt 0.948163 0.074317
vt 0.971179 0.043636
vt 0.967343 0.047471
vt 0.967343 0.051306
vt 0.967343 0.043636
vt 0.955835 0.737796
vt 0.955835 0.733961
vt 0.955835 0.741631
vt 0.948163 0.323601
vt 0.986524 0.319766
vt 0.948163 0.361952
vt 0.948163 0.342777
vt 0.990360 0.342777
vt 0.990360 0.361952
vt 0.967343 0.319766
vt 0.967343 0.361952
vt 0.975016 0.741631
vt 0.971179 0.745466
vt 0.975016 0.745466
vt 0.986524 0.760807
vt 0.944327 0.760807
vt 0.975016 0.737796
vt 0.971179 0.741631
vt 0.975016 0.733961
vt 0.982688 0.718620
vt 0.971179 0.733961
vt 0.971179 0.737796
vt 0.951999 0.718620
vt 0.948163 0.760807
vt 0.971179 0.726290
vt 0.971179 0.730126
vt 0.967343 0.730126
vt 0.967343 0.733961
vt 0.898293 0.695609
vt 0.894457 0.691774
vt 0.894457 0.699445
vt 0.894457 0.695609
vt 0.242316 0.764642
vt 0.253824 0.787653
vt 0.261497 0.764642
vt 0.269169 0.783818
vt 0.230808 0.783818
vt 0.234644 0.787653
vt 0.142577 0.902707
vt 0.173266 0.902707
vt 0.990360 0.519193
vt 0.978852 0.507688
vt 0.990360 0.507688
vt 0.165594 0.914212
vt 0.249988 0.787653
vt 0.173266 0.918047
vt 0.169430 0.941058
vt 0.161757 0.906542
vt 0.944327 0.043636
vt 0.975016 0.043636
vt 0.975016 0.078152
vt 0.031329 0.941058
vt 0.188610 0.645753
vt 0.326711 0.941058
vt 0.944327 0.450161
vt 0.986524 0.450161
vt 0.986524 0.480842
vt 0.978852 0.511523
vt 0.978852 0.549874
vt 0.978852 0.450161
vt 0.925146 0.726290
vt 0.975016 0.753136
vt 0.944327 0.718620
vt 0.430286 0.016790
vt 0.085035 0.012955
vt 0.338219 0.967904
vt 0.418778 0.822169
vt 0.530025 0.964069
vt 0.641273 0.822169
vt 0.721831 0.964069
vt 0.184774 0.914212
vt 0.948163 0.741631
vt 0.975016 0.730126
vt 0.936654 0.745466
vt 0.944327 0.058977
vt 0.986524 0.055141
vt 0.948163 0.749301
vt 0.978852 0.756972
vt 0.963507 0.035966
vt 0.963507 0.078152
vt 0.886785 0.699445
vt 0.913638 0.691774
vt 0.875276 0.703280
vt 0.944327 0.741631
vt 0.986524 0.741631
vt 0.890621 0.707115
vt 0.917474 0.714785
vt 0.963507 0.722455
vt 0.963507 0.760807
s 0
usemtl diss_00.png.002
f 1/1/1 2/2/1 3/1/1
f 4/3/1 3/1/1 2/2/1
f 3/1/1 4/3/1 5/4/1
f 6/3/2 7/2/2 8/4/2
f 9/1/2 8/4/2 7/2/2
f 8/4/2 9/1/3 10/1/2
f 11/3/4 12/3/4 13/4/4
f 14/4/4 13/4/4 12/3/4
f 15/5/5 16/6/5 17/7/6
f 18/8/7 17/7/6 16/6/5
f 17/7/6 18/8/7 19/9/8
f 20/10/9 21/11/10 22/9/5
f 23/6/10 22/9/5 21/11/10
f 22/9/5 23/6/10 24/12/5
f 25/11/11 26/6/11 27/13/12
f 28/8/13 27/13/12 26/6/11
f 27/13/12 28/8/13 29/9/13
f 30/7/14 31/11/15 32/9/16
f 33/6/17 32/9/11 31/11/17
f 32/9/11 33/6/15 34/8/11
f 35/1/18 36/2/18 37/1/18
f 38/3/18 37/1/18 36/2/18
f 37/1/18 38/3/18 39/4/18
f 40/3/19 41/2/19 42/4/19
f 43/1/20 42/4/20 41/2/20
f 42/4/21 43/1/22 44/1/21
f 45/3/23 46/3/23 47/4/23
f 48/4/23 47/4/23 46/3/23
f 49/5/24 50/6/24 51/7/25
f 52/8/26 51/7/25 50/6/24
f 51/7/25 52/8/27 53/9/26
f 54/10/28 55/11/29 56/9/30
f 57/6/29 56/9/24 55/11/29
f 56/9/24 57/6/29 58/8/24
f 59/11/31 60/6/31 61/13/32
f 62/8/33 61/13/32 60/6/31
f 61/13/32 62/8/33 63/9/33
f 64/7/34 65/11/35 66/9/36
f 67/6/37 66/9/31 65/11/37
f 66/9/31 67/6/37 68/8/31
f 69/14/38 70/15/39 71/16/40
f 72/17/41 71/16/42 70/15/39
f 71/16/42 72/17/39 73/18/43
f 74/14/44 75/15/45 76/16/46
f 77/17/47 76/16/48 75/15/45
f 76/16/49 77/17/47 78/18/50
f 79/14/51 80/15/51 81/16/52
f 82/17/53 81/16/52 80/15/51
f 81/16/54 82/17/55 83/18/56
f 84/14/57 85/15/58 86/16/59
f 87/17/58 86/16/59 85/15/58
f 86/16/59 87/17/58 88/18/60
f 89/14/61 90/15/62 91/16/63
f 92/17/62 91/16/64 90/15/62
f 91/16/64 92/17/62 93/18/65
f 94/14/66 95/15/67 96/16/68
f 97/17/69 96/16/70 95/15/67
f 96/16/68 97/17/69 98/18/71
f 99/14/72 100/15/72 101/16/73
f 102/17/74 101/16/73 100/15/75
f 101/16/73 102/17/76 103/18/77
f 104/14/78 105/15/79 106/16/80
f 107/17/79 106/16/80 105/15/79
f 106/16/80 107/17/79 108/18/81
f 109/19/82 110/20/83 111/21/84
f 112/20/83 111/21/84 110/20/83
f 111/21/84 112/20/83 113/19/85
f 114/21/86 115/21/87 116/22/86
f 117/19/84 116/22/86 115/21/88
f 116/22/86 117/19/84 113/19/85
f 118/21/89 119/21/90 120/21/91
f 121/20/92 120/21/93 119/21/90
f 120/21/94 121/20/92 122/19/92
f 123/21/95 124/21/96 125/22/95
f 126/19/89 125/22/97 124/21/96
f 125/22/98 126/19/89 127/19/94
f 128/21/99 129/21/100 130/21/101
f 131/20/102 130/21/101 129/21/103
f 130/21/101 131/20/102 132/19/102
f 133/21/104 134/21/105 135/22/104
f 136/19/106 135/22/104 134/21/105
f 135/22/104 136/19/106 137/19/101
f 138/23/107 139/24/107 140/25/107
f 141/26/107 140/25/107 139/24/107
f 140/25/107 141/26/107 142/27/107
f 143/28/108 144/29/109 145/30/110
f 146/31/109 145/30/110 144/29/109
f 145/30/110 146/31/111 147/32/111
f 148/33/112 149/34/113 150/35/112
f 151/36/113 150/35/112 149/34/113
f 150/35/114 151/36/113 152/37/114
f 153/23/115 154/24/115 155/25/116
f 156/26/116 155/25/116 154/24/116
f 155/25/116 156/26/116 157/27/116
f 158/29/117 159/38/117 160/39/118
f 161/40/119 160/39/119 159/38/120
f 160/39/121 161/40/121 162/41/121
f 163/24/122 164/42/122 165/43/122
f 166/44/123 165/43/124 164/42/124
f 165/43/124 166/44/124 167/29/124
f 168/45/125 169/46/125 170/47/125
f 171/48/125 170/47/125 169/46/125
f 170/47/125 171/48/125 172/49/125
f 173/50/126 174/51/126 175/52/127
f 176/53/126 175/52/127 174/51/126
f 175/52/127 176/53/126 177/45/126
f 177/45/126 178/46/128 175/52/127
f 179/54/128 175/52/127 178/46/128
f 175/52/129 179/54/128 180/55/127
f 181/50/130 182/56/130 183/57/130
f 184/58/130 183/57/130 182/56/130
f 183/57/131 184/58/131 185/59/131
f 186/25/132 187/27/132 188/23/132
f 189/60/133 188/23/133 187/27/133
f 188/23/132 189/60/132 190/24/132
f 191/61/134 192/35/134 193/62/135
f 194/63/134 193/62/134 192/35/134
f 193/62/135 194/63/134 195/64/134
f 196/65/136 197/32/137 198/28/138
f 199/40/137 198/28/138 197/32/137
f 198/28/139 199/40/137 200/29/137
f 201/66/140 202/41/140 203/67/140
f 204/26/140 203/67/140 202/41/140
f 203/67/141 204/26/142 205/38/143
f 206/24/144 207/23/144 208/26/144
f 209/68/144 208/26/144 207/23/144
f 208/26/144 209/68/144 210/69/145
f 211/28/146 212/29/147 213/25/146
f 214/44/147 213/25/148 212/29/147
f 213/25/148 214/44/149 215/42/150
f 216/19/151 217/20/152 218/21/153
f 219/20/152 218/21/153 217/20/152
f 218/21/153 219/20/152 220/19/154
f 221/21/155 222/21/156 223/22/155
f 223/22/157 224/19/153 220/19/154
f 224/19/153 223/22/157 222/21/156
f 225/21/158 226/21/159 227/21/160
f 228/20/161 227/21/160 226/21/159
f 227/21/160 228/20/161 229/19/161
f 230/21/162 231/21/163 232/22/162
f 233/19/158 232/22/164 231/21/163
f 232/22/165 233/19/158 234/19/160
f 235/21/166 236/21/167 237/21/168
f 238/20/169 237/21/168 236/21/167
f 237/21/168 238/20/169 239/19/169
f 240/21/170 241/21/171 242/22/170
f 243/19/166 242/22/172 241/21/171
f 242/22/172 243/19/166 244/19/168
f 245/23/173 246/24/173 247/25/173
f 248/26/173 247/25/174 246/24/173
f 247/25/173 248/26/174 249/27/174
f 250/28/175 251/29/176 252/30/177
f 253/31/176 252/30/177 251/29/176
f 252/30/177 253/31/176 254/32/176
f 255/33/178 256/34/179 257/35/178
f 258/36/180 257/35/178 256/34/180
f 257/35/181 258/36/180 259/37/181
f 260/23/182 261/24/183 262/25/183
f 263/26/183 262/25/183 261/24/183
f 262/25/183 263/26/183 264/27/183
f 265/29/184 266/38/184 267/39/185
f 268/40/186 267/39/186 266/38/184
f 267/39/187 268/40/187 269/41/187
f 270/24/188 271/42/188 272/43/188
f 273/44/189 272/43/189 271/42/190
f 272/43/189 273/44/189 274/29/189
f 275/45/191 276/46/191 277/47/191
f 278/48/191 277/47/191 276/46/191
f 277/47/191 278/48/191 279/49/191
f 280/50/192 281/51/192 282/52/193
f 283/53/192 282/52/193 281/51/192
f 282/52/194 283/53/192 284/45/192
f 284/45/192 285/46/195 282/52/194
f 286/54/196 282/52/194 285/46/195
f 282/52/194 286/54/195 287/55/193
f 288/50/197 289/56/197 290/57/197
f 291/58/198 290/57/198 289/56/198
f 290/57/198 291/58/198 292/59/198
f 293/25/199 294/27/199 295/23/199
f 296/60/199 295/23/199 294/27/199
f 295/23/199 296/60/200 297/24/199
f 298/61/201 299/35/201 300/62/201
f 301/63/201 300/62/201 299/35/201
f 300/62/201 301/63/201 302/64/201
f 303/65/202 304/32/203 305/28/204
f 306/40/203 305/28/204 304/32/203
f 305/28/205 306/40/203 307/29/203
f 308/66/206 309/41/206 310/67/206
f 311/26/206 310/67/206 309/41/206
f 310/67/206 311/26/207 312/38/208
f 313/24/209 314/23/209 315/26/209
f 316/68/209 315/26/209 314/23/209
f 315/26/209 316/68/210 317/69/211
f 318/28/212 319/29/213 320/25/212
f 321/44/213 320/25/214 319/29/213
f 320/25/214 321/44/213 322/42/215
f 323/70/216 324/71/216 325/72/216
f 326/73/216 325/72/216 324/71/216
f 327/72/217 328/73/217 329/74/217
f 330/75/217 329/74/217 328/73/217
f 331/2/218 332/1/218 333/70/218
f 334/71/218 333/70/218 332/1/218
f 335/76/219 336/77/219 337/75/219
f 338/74/220 337/75/220 336/77/220
f 339/4/221 340/3/221 341/4/221
f 342/3/221 341/4/221 340/3/221
f 343/78/222 344/79/222 345/80/222
f 346/81/222 345/80/222 344/79/222
f 347/82/223 348/83/224 349/19/223
f 350/84/224 349/19/223 348/83/224
f 351/85/222 352/79/222 353/86/222
f 354/81/222 353/86/222 352/79/222
f 355/87/225 356/88/225 357/89/225
f 358/90/225 357/89/225 356/88/225
f 359/82/224 360/83/226 361/19/224
f 362/84/226 361/19/224 360/83/226
f 363/81/225 364/91/225 365/92/225
f 366/79/225 365/92/225 364/91/225
f 367/70/227 368/71/227 369/2/227
f 370/1/228 369/2/228 368/71/228
f 371/72/23 372/73/23 373/70/23
f 374/71/23 373/70/23 372/73/23
f 375/9/229 376/11/230 377/8/229
f 378/6/230 377/8/229 376/11/230
f 379/87/225 380/88/225 381/89/225
f 382/90/225 381/89/225 380/88/225
f 383/82/226 384/83/231 385/19/226
f 386/84/232 385/19/226 384/83/232
f 387/81/225 388/91/225 389/92/225
f 390/79/225 389/92/225 388/91/225
f 391/72/233 392/74/233 393/73/233
f 394/75/234 393/73/234 392/74/234
f 395/9/230 396/11/7 397/8/230
f 398/6/235 397/8/230 396/11/236
f 399/87/225 400/88/225 401/89/225
f 402/90/225 401/89/225 400/88/225
f 403/82/231 404/83/237 405/19/232
f 406/84/237 405/19/231 404/83/237
f 407/82/238 408/83/239 409/19/238
f 410/84/239 409/19/238 408/83/239
f 411/93/225 412/81/225 413/94/225
f 414/75/240 415/74/241 416/76/240
f 417/77/241 416/76/241 415/74/241
f 418/87/225 419/88/225 420/89/225
f 421/90/225 420/89/225 419/88/225
f 422/82/237 423/83/242 424/19/237
f 425/84/242 424/19/237 423/83/242
f 426/82/243 427/83/238 428/19/243
f 429/84/238 428/19/243 427/83/238
f 430/87/225 431/88/225 432/89/225
f 433/90/225 432/89/225 431/88/225
f 434/87/225 435/88/225 436/89/225
f 437/90/225 436/89/225 435/88/225
f 438/82/242 439/83/244 440/19/242
f 441/84/244 440/19/242 439/83/244
f 442/82/244 443/83/243 444/19/244
f 445/84/243 444/19/244 443/83/243
f 446/87/225 447/88/225 448/89/225
f 449/90/225 448/89/225 447/88/225
f 450/9/245 451/11/246 452/8/245
f 453/6/246 452/8/245 451/11/246
f 454/81/225 455/91/225 456/92/225
f 457/79/225 456/92/225 455/91/225
f 458/81/225 459/91/225 460/92/225
f 461/79/225 460/92/225 459/91/225
f 462/9/247 463/11/13 464/8/10
f 465/6/13 464/8/10 463/11/13
f 466/87/225 467/88/225 468/89/225
f 469/90/225 468/89/225 467/88/225
f 470/87/225 471/88/225 472/89/225
f 473/90/225 472/89/225 471/88/225
f 474/9/17 475/11/245 476/8/17
f 477/6/245 476/8/15 475/11/245
f 478/81/225 479/91/225 480/92/225
f 481/79/225 480/92/225 479/91/225
f 482/95/222 483/96/222 484/79/222
f 485/97/222 484/79/222 483/96/222
f 486/98/222 483/96/222 482/95/222
f 482/95/222 487/91/222 486/98/222
f 488/99/222 486/98/222 487/91/222
f 489/100/222 490/86/222 491/81/222
f 492/79/222 491/81/222 490/86/222
f 344/79/222 493/86/222 487/91/222
f 343/78/222 493/86/222 344/79/222
f 494/101/222 487/91/222 493/86/222
f 495/102/225 413/94/225 496/91/225
f 412/81/225 496/91/225 413/94/225
f 497/99/225 498/103/225 499/81/225
f 500/104/225 499/81/225 498/103/225
f 501/105/225 502/106/225 503/91/225
f 504/81/225 503/91/225 502/106/225
f 505/93/225 506/107/225 507/91/225
f 508/81/225 507/91/225 506/107/225
f 509/70/221 510/71/221 511/72/221
f 512/73/221 511/72/221 510/71/221
f 513/72/248 514/73/248 515/74/248
f 516/75/248 515/74/248 514/73/248
f 517/2/249 518/1/249 519/70/249
f 520/71/249 519/70/249 518/1/249
f 521/76/250 522/77/250 523/75/250
f 524/74/250 523/75/250 522/77/250
f 525/4/216 526/3/216 527/4/216
f 528/3/216 527/4/216 526/3/216
f 529/78/222 530/79/222 531/80/222
f 532/81/222 531/80/222 530/79/222
f 533/82/239 534/83/251 535/19/239
f 536/84/251 535/19/239 534/83/251
f 537/85/222 538/79/222 539/86/222
f 540/81/222 539/86/222 538/79/222
f 541/87/225 542/88/225 543/89/225
f 544/90/225 543/89/225 542/88/225
f 545/82/251 546/83/252 547/19/251
f 548/84/252 547/19/251 546/83/252
f 549/81/225 550/91/225 551/92/225
f 552/79/225 551/92/225 550/91/225
f 553/70/253 554/71/253 555/2/253
f 556/1/254 555/2/254 554/71/254
f 557/72/4 558/73/4 559/70/4
f 560/71/4 559/70/4 558/73/4
f 561/9/246 562/11/255 563/8/246
f 564/6/255 563/8/246 562/11/255
f 565/87/225 566/88/225 567/89/225
f 568/90/225 567/89/225 566/88/225
f 569/82/252 570/83/256 571/19/252
f 572/84/257 571/19/252 570/83/256
f 573/81/225 574/91/225 575/92/225
f 576/79/225 575/92/225 574/91/225
f 577/72/258 578/74/258 579/73/258
f 580/75/258 579/73/258 578/74/258
f 581/9/255 582/11/26 583/8/255
f 584/6/26 583/8/255 582/11/26
f 585/87/225 586/88/225 587/89/225
f 588/90/225 587/89/225 586/88/225
f 589/82/257 590/83/259 591/19/257
f 592/84/259 591/19/256 590/83/259
f 593/82/260 594/83/261 595/19/260
f 596/84/261 595/19/260 594/83/261
f 597/93/225 598/81/225 599/94/225
f 600/75/262 601/74/262 602/76/263
f 603/77/264 602/76/264 601/74/264
f 604/87/225 605/88/225 606/89/225
f 607/90/225 606/89/225 605/88/225
f 608/82/259 609/83/265 610/19/259
f 611/84/265 610/19/259 609/83/265
f 612/82/266 613/83/260 614/19/266
f 615/84/260 614/19/266 613/83/260
f 616/87/225 617/88/225 618/89/225
f 619/90/225 618/89/225 617/88/225
f 620/87/225 621/88/225 622/89/225
f 623/90/225 622/89/225 621/88/225
f 624/82/265 625/83/267 626/19/265
f 627/84/267 626/19/265 625/83/267
f 628/82/267 629/83/266 630/19/267
f 631/84/266 630/19/267 629/83/266
f 632/87/225 633/88/225 634/89/225
f 635/90/225 634/89/225 633/88/225
f 636/9/268 637/11/229 638/8/268
f 639/6/229 638/8/268 637/11/229
f 640/81/225 641/91/225 642/92/225
f 643/79/225 642/92/225 641/91/225
f 644/81/225 645/91/225 646/92/225
f 647/79/225 646/92/225 645/91/225
f 648/9/29 649/11/33 650/8/29
f 651/6/33 650/8/29 649/11/33
f 652/87/225 653/88/225 654/89/225
f 655/90/225 654/89/225 653/88/225
f 656/87/225 657/88/225 658/89/225
f 659/90/225 658/89/225 657/88/225
f 660/9/269 661/11/268 662/8/269
f 663/6/268 662/8/37 661/11/268
f 664/81/225 665/91/225 666/92/225
f 667/79/225 666/92/225 665/91/225
f 668/95/222 669/96/222 670/79/222
f 671/97/222 670/79/222 669/96/222
f 672/98/222 669/96/222 668/95/222
f 673/99/222 672/98/222 487/91/222
f 668/95/222 487/91/222 672/98/222
f 674/100/222 675/86/222 676/81/222
f 677/79/222 676/81/222 675/86/222
f 530/79/222 678/86/222 487/91/222
f 529/78/222 678/86/222 530/79/222
f 679/101/222 487/91/222 678/86/222
f 680/102/225 599/94/225 681/91/225
f 598/81/225 681/91/225 599/94/225
f 682/99/225 683/103/225 684/81/225
f 685/104/225 684/81/225 683/103/225
f 686/105/225 687/106/225 688/91/225
f 689/81/225 688/91/225 687/106/225
f 690/93/225 691/107/225 692/91/225
f 693/81/225 692/91/225 691/107/225
f 694/108/270 695/109/271 696/110/270
f 697/111/271 696/110/270 695/109/271
f 698/112/272 699/113/273 700/114/272
f 701/115/273 700/114/272 699/113/273
f 702/108/274 703/109/151 704/110/274
f 705/111/151 704/110/274 703/109/151
f 706/108/275 707/109/276 708/110/275
f 709/111/276 708/110/275 707/109/276
f 710/112/277 711/113/278 712/114/277
f 713/115/278 712/114/277 711/113/278
f 714/108/279 715/109/171 716/110/279
f 717/111/171 716/110/279 715/109/171
f 718/116/280 719/117/281 720/118/280
f 721/119/281 720/118/280 719/117/281
f 722/108/282 723/109/283 724/110/82
f 725/111/283 724/110/82 723/109/283
f 726/116/284 727/117/285 728/118/284
f 729/119/285 728/118/284 727/117/285
f 730/114/286 731/112/286 732/115/287
f 733/113/287 732/115/287 731/112/286
f 734/108/271 695/109/271 735/110/105
f 736/111/105 735/110/105 695/109/271
f 737/118/273 738/116/273 739/119/288
f 740/117/288 739/119/288 738/116/273
f 741/108/151 703/109/151 708/110/275
f 742/111/275 708/110/275 703/109/289
f 743/118/290 744/116/290 745/119/277
f 746/117/277 745/119/277 744/116/290
f 747/108/291 748/109/291 716/110/279
f 749/111/279 716/110/279 748/109/291
f 750/114/292 751/112/292 752/115/280
f 753/113/280 752/115/280 751/112/292
f 754/108/293 755/109/293 724/110/82
f 756/111/82 724/110/82 755/109/293
f 757/108/283 723/109/283 758/110/294
f 759/111/294 758/110/294 723/109/283
f 760/16/295 761/14/296 762/18/295
f 763/17/296 762/18/295 761/14/296
f 764/16/297 765/14/297 766/18/297
f 767/17/297 766/18/297 765/14/297
f 768/16/298 769/14/299 770/18/298
f 771/17/299 770/18/298 769/14/299
f 772/16/300 773/14/300 774/18/300
f 775/17/300 774/18/300 773/14/300
f 776/16/301 777/14/301 778/18/302
f 779/17/302 778/18/302 777/14/303
f 780/16/304 781/14/304 782/18/304
f 783/17/304 782/18/304 781/14/304
f 784/16/305 785/14/305 786/18/306
f 787/17/306 786/18/306 785/14/305
f 788/16/307 789/14/307 790/18/307
f 791/17/307 790/18/307 789/14/307
f 792/16/308 793/14/309 794/18/308
f 795/17/309 794/18/296 793/14/309
f 796/16/310 797/14/310 798/18/301
f 799/17/303 798/18/303 797/14/310
f 800/16/311 801/14/312 802/18/311
f 803/17/312 802/18/311 801/14/313
f 804/16/313 805/14/314 806/18/313
f 807/17/314 806/18/313 805/14/314
f 808/16/314 805/14/314 809/18/315
f 810/17/315 809/18/315 805/14/314
f 811/16/316 812/14/316 813/18/317
f 814/17/317 813/18/318 812/14/319
f 815/16/320 816/14/320 817/18/321
f 818/17/321 817/18/321 816/14/320
f 819/16/322 820/14/322 821/18/323
f 822/17/324 821/18/324 820/14/322
f 823/16/325 824/14/324 825/18/326
f 826/17/326 825/18/326 824/14/325
f 827/16/326 828/14/327 825/18/326
f 829/17/328 825/18/326 828/14/328
f 830/16/327 831/14/329 832/18/330
f 833/17/331 832/18/327 831/14/331
f 834/16/332 835/14/333 836/18/331
f 837/17/333 836/18/332 835/14/333
f 838/16/309 793/14/309 839/18/334
f 840/17/335 839/18/334 793/14/309
f 841/120/336 842/121/336 843/18/336
f 844/122/336 843/18/336 842/121/336
f 845/120/337 846/121/338 847/18/338
f 848/122/338 847/18/338 846/121/338
f 849/16/339 797/14/340 850/18/339
f 851/17/310 850/18/341 797/14/340
f 852/120/342 853/121/342 854/18/342
f 855/122/342 854/18/342 853/121/342
f 856/120/343 857/121/343 858/18/343
f 859/122/343 858/18/344 857/121/343
f 860/123/345 861/124/346 862/125/347
f 863/126/348 862/125/347 861/124/346
f 864/125/349 865/126/350 860/123/345
f 861/124/346 860/123/351 865/126/352
f 866/124/353 865/126/354 867/123/355
f 864/125/356 867/123/355 865/126/350
f 867/123/355 868/125/357 866/124/353
f 869/126/358 866/124/353 868/125/357
f 870/124/359 871/126/360 872/123/361
f 873/125/362 872/123/361 871/126/363
f 872/123/364 874/125/365 870/124/359
f 875/126/366 870/124/359 874/125/365
f 876/123/367 877/124/368 874/125/369
f 875/126/370 874/125/371 877/124/372
f 877/124/372 876/123/373 878/126/374
f 879/125/375 878/126/374 876/123/376
f 878/126/374 879/125/377 880/124/378
f 881/123/379 880/124/380 879/125/377
f 863/126/348 882/127/381 880/124/380
f 883/128/382 880/124/378 882/127/381
f 880/124/378 883/128/382 878/126/383
f 861/124/346 884/128/384 863/126/348
f 882/127/381 863/126/348 884/128/384
f 884/128/384 861/124/385 885/127/386
f 865/126/350 885/127/386 861/124/346
f 865/126/350 866/124/353 885/127/386
f 866/124/353 869/126/358 886/128/387
f 886/128/387 885/127/386 866/124/388
f 887/127/389 886/128/387 869/126/358
f 888/128/390 887/127/389 889/124/391
f 889/124/392 869/126/358 868/125/393
f 889/124/392 871/126/363 888/128/390
f 869/126/358 889/124/391 887/127/389
f 871/126/363 870/124/359 890/127/394
f 890/127/394 888/128/390 871/126/363
f 870/124/395 875/126/366 891/128/396
f 891/128/396 890/127/394 870/124/359
f 892/127/397 891/128/396 875/126/398
f 877/124/368 893/128/399 875/126/366
f 892/127/397 875/126/366 893/128/399
f 893/128/399 877/124/372 894/127/400
f 894/127/400 878/126/383 883/128/382
f 878/126/374 894/127/400 877/124/372
f 895/16/401 896/14/401 897/18/401
f 898/17/401 897/18/401 896/14/401
f 899/16/402 900/14/402 901/18/402
f 902/17/402 901/18/402 900/14/402
f 903/16/403 904/14/403 905/18/403
f 906/17/403 905/18/403 904/14/403
f 907/16/404 908/14/404 909/18/404
f 910/17/405 909/18/405 908/14/405
f 911/16/406 912/14/406 913/18/406
f 914/17/406 913/18/406 912/14/406
f 915/16/407 916/14/407 917/18/407
f 918/17/407 917/18/407 916/14/407
f 919/16/408 920/14/409 921/18/408
f 922/17/409 921/18/408 920/14/409
f 923/16/410 924/14/410 925/18/411
f 926/17/411 925/18/411 924/14/410
f 927/16/412 928/14/412 929/18/412
f 930/17/412 929/18/412 928/14/412
f 931/16/413 932/14/413 933/18/413
f 934/17/413 933/18/413 932/14/413
f 935/16/414 936/14/414 937/18/414
f 938/17/415 937/18/415 936/14/415
f 939/16/416 940/14/416 941/18/416
f 942/17/416 941/18/416 940/14/416
f 943/16/417 944/14/417 945/18/417
f 946/17/417 945/18/417 944/14/417
f 947/16/418 948/14/418 949/18/418
f 950/17/418 949/18/418 948/14/418
f 951/16/419 952/14/420 953/18/419
f 954/17/420 953/18/419 952/14/420
f 955/16/421 956/14/421 957/18/422
f 958/17/422 957/18/422 956/14/421
f 959/16/423 960/14/423 961/18/423
f 962/17/423 961/18/423 960/14/423
f 963/16/424 964/14/424 965/18/424
f 966/17/424 965/18/424 964/14/424
f 967/16/425 968/14/425 969/18/425
f 970/17/425 969/18/425 968/14/425
f 971/16/426 972/14/426 973/18/426
f 974/17/426 973/18/426 972/14/426
f 975/16/427 976/14/427 977/18/427
f 978/17/427 977/18/427 976/14/427
f 979/16/428 980/14/428 981/18/428
f 982/17/428 981/18/428 980/14/428
f 983/117/222 984/116/222 985/129/222
f 986/118/222 985/129/222 984/116/222
f 984/116/222 987/117/222 986/118/222
f 988/129/222 986/118/222 987/117/222
f 989/117/222 990/116/222 991/129/222
f 992/118/222 991/129/222 990/116/222
f 990/116/222 993/117/222 992/118/222
f 994/129/222 992/118/222 993/117/222
f 995/117/222 996/116/222 997/129/222
f 998/118/222 997/129/222 996/116/222
f 996/116/222 999/117/222 998/118/222
f 1000/129/222 998/118/222 999/117/222
f 1001/117/222 1002/116/222 1003/129/222
f 1004/118/222 1003/129/222 1002/116/222
f 1002/116/222 1005/117/222 1004/118/222
f 1006/129/222 1004/118/222 1005/117/222
f 1007/130/429 1008/130/430 1009/130/429
f 1010/130/431 1009/130/432 1008/130/431
f 1011/131/431 1012/132/433 1013/131/430
f 1014/132/433 1013/131/434 1012/132/433
f 1015/133/435 1016/134/436 1017/133/435
f 1018/134/436 1017/133/435 1016/134/436
f 1019/135/437 1020/131/429 1021/135/436
f 1022/131/429 1021/135/438 1020/131/429
f 1023/136/439 1024/137/440 1025/136/439
f 1026/137/440 1025/136/441 1024/137/440
f 1027/131/442 1028/131/435 1029/131/442
f 1030/131/435 1029/131/442 1028/131/435
f 1031/131/433 1032/131/443 1033/131/433
f 1034/131/444 1033/131/445 1032/131/444
f 1032/131/446 1035/135/439 1034/131/443
f 1036/135/439 1034/131/443 1035/135/441
f 1037/135/447 1038/131/448 1039/135/447
f 1040/131/449 1039/135/450 1038/131/449
f 1041/138/448 1042/130/451 1043/138/449
f 1044/130/452 1043/138/449 1042/130/453
f 1045/139/454 1046/140/455 1047/139/456
f 1048/140/457 1047/139/454 1046/140/457
f 1049/130/455 1050/130/450 1051/130/455
f 1052/130/447 1051/130/455 1050/130/447
f 1053/135/458 1054/131/459 1055/135/458
f 1056/131/460 1055/135/458 1054/131/460
f 1054/131/459 1057/131/461 1056/131/459
f 1058/131/454 1056/131/459 1057/131/454
f 1059/131/451 1060/131/462 1061/131/452
f 1055/135/458 1062/131/463 1053/135/458
f 1060/131/462 1053/135/458 1062/131/462
f 1062/131/462 1061/131/453 1060/131/462
f 1063/135/464 1064/131/465 1065/135/464
f 1066/131/466 1065/135/464 1064/131/465
f 1067/133/467 1068/134/464 1069/133/467
f 1070/134/464 1069/133/468 1068/134/464
f 1071/139/469 1072/140/470 1073/139/469
f 1074/140/470 1073/139/469 1072/140/470
f 1075/130/465 1076/130/471 1077/130/465
f 1078/130/472 1077/130/465 1076/130/473
f 1079/136/474 1080/137/475 1081/136/474
f 1082/137/475 1081/136/474 1080/137/475
f 1083/131/475 1084/131/467 1085/131/475
f 1086/131/467 1085/131/475 1084/131/468
f 1087/131/470 1088/131/476 1089/131/470
f 1090/131/476 1089/131/477 1088/131/476
f 1088/131/476 1091/135/478 1090/131/476
f 1092/135/479 1090/131/476 1091/135/479
f 1093/130/480 1094/130/481 1095/130/480
f 1096/130/482 1095/130/480 1094/130/482
f 1097/139/483 1098/140/480 1099/139/484
f 1100/140/485 1099/139/483 1098/140/485
f 1101/135/482 1102/131/486 1103/135/482
f 1104/131/487 1103/135/482 1102/131/487
f 1105/138/486 1106/130/488 1107/138/487
f 1108/130/489 1107/138/487 1106/130/489
f 1109/135/490 1110/131/491 1111/135/490
f 1112/131/491 1111/135/490 1110/131/491
f 1110/131/492 1113/131/493 1112/131/492
f 1114/131/483 1112/131/492 1113/131/483
f 1115/131/489 1116/131/494 1117/131/495
f 1116/131/496 1109/135/490 1118/131/496
f 1118/131/496 1117/131/489 1116/131/496
f 1111/135/490 1118/131/496 1109/135/490
f 1119/141/497 1120/142/498 1121/143/497
f 1122/144/499 1121/143/497 1120/142/498
f 1123/141/500 1124/142/501 1125/143/502
f 1126/144/503 1125/143/502 1124/142/501
f 1127/141/504 1128/142/505 1129/143/503
f 1130/144/505 1129/143/503 1128/142/505
f 1131/145/505 1132/109/505 1133/146/506
f 1134/111/506 1133/146/506 1132/109/505
f 1135/145/507 1136/109/250 1137/146/507
f 1138/111/250 1137/146/507 1136/109/250
f 1139/145/508 1136/109/508 1140/146/509
f 1141/111/509 1140/146/509 1136/109/510
f 1142/141/511 1143/142/512 1144/143/511
f 1145/144/513 1144/143/511 1143/142/512
f 1146/141/512 1147/142/514 1148/143/515
f 1149/144/516 1148/143/515 1147/142/514
f 1150/141/517 1151/142/497 1152/143/516
f 1153/144/497 1152/143/516 1151/142/497
f 1154/147/222 1155/148/222 1156/149/222
f 1157/150/222 1156/149/222 1155/148/222
f 1158/151/518 1159/152/518 1160/153/519
f 1161/154/520 1160/153/520 1159/152/518
f 1162/145/521 1163/109/522 1164/146/521
f 1165/111/522 1164/146/521 1163/109/522
f 1166/155/523 1167/156/524 1168/157/523
f 1169/158/524 1168/157/523 1167/156/524
f 1170/145/525 1171/109/249 1172/146/525
f 1173/111/249 1172/146/525 1171/109/249
f 1174/145/522 1175/109/525 1176/146/522
f 1177/111/525 1176/146/522 1175/109/525
f 1178/159/526 1179/150/527 1180/160/526
f 1181/161/527 1180/160/526 1179/150/527
f 1179/150/527 1182/162/528 1181/161/527
f 1183/163/528 1181/161/527 1182/162/528
f 1184/145/529 1185/164/529 1186/146/529
f 1187/111/530 1186/146/530 1185/164/530
f 1188/145/531 1189/109/531 1190/146/531
f 1191/111/531 1190/146/531 1189/109/531
f 1192/150/532 1178/159/526 1193/161/532
f 1180/160/526 1193/161/533 1178/159/526
f 1194/165/534 1195/166/535 1196/167/534
f 1197/168/535 1196/167/534 1195/166/535
f 1157/150/222 1155/148/222 1198/169/222
f 1199/170/222 1198/169/222 1155/148/222
f 1197/168/535 1195/166/535 1200/171/536
f 1201/172/536 1200/171/536 1195/166/535
f 1202/154/537 1203/152/538 1204/153/537
f 1205/151/538 1204/153/537 1203/152/538
f 1206/172/539 1207/166/540 1208/171/539
f 1196/167/534 1209/168/541 1194/165/534
f 1207/166/541 1194/165/534 1209/168/541
f 1209/168/541 1208/171/539 1207/166/541
f 1198/169/222 1199/170/222 1210/150/222
f 1211/148/222 1210/150/222 1199/170/222
f 1210/150/222 1211/148/222 1212/149/222
f 1213/147/222 1212/149/222 1211/148/222
f 1214/163/542 1215/162/542 1193/161/533
f 1192/150/532 1193/161/532 1215/162/542
f 1216/145/543 1217/109/544 1218/146/543
f 1219/111/544 1218/146/543 1217/109/544
f 1220/16/80 1221/14/545 1222/18/80
f 1223/17/546 1222/18/80 1221/14/546
f 1224/16/39 1225/14/547 1226/18/39
f 1227/17/547 1226/18/39 1225/14/547
f 1228/16/546 1229/14/548 1230/18/546
f 1231/17/548 1230/18/545 1229/14/548
f 1232/16/548 1233/14/42 1234/18/548
f 1235/17/43 1234/18/548 1233/14/42
f 1236/16/549 1237/14/550 1238/18/549
f 1239/17/551 1238/18/549 1237/14/550
f 1240/16/45 1241/14/549 1242/18/47
f 1243/17/549 1242/18/47 1241/14/549
f 1244/16/550 1245/14/80 1246/18/551
f 1247/17/80 1246/18/550 1245/14/80
f 1248/16/547 1249/14/50 1250/18/547
f 1251/17/50 1250/18/547 1249/14/50
f 71/16/42 1252/14/52 1253/18/552
f 1254/17/553 1253/18/552 1252/14/52
f 86/16/59 1255/14/45 1256/18/57
f 1257/17/554 1256/18/57 1255/14/45
f 1258/16/555 1259/14/556 1260/18/555
f 1261/17/557 1260/18/555 1259/14/558
f 1262/16/58 1263/14/555 1264/18/58
f 1265/17/555 1264/18/559 1263/14/555
f 1266/16/560 1267/14/59 1268/18/561
f 1269/17/60 1268/18/561 1267/14/59
f 1270/145/562 1271/109/562 1137/146/507
f 1272/111/507 1137/146/507 1271/109/562
f 1273/141/522 1274/142/521 1275/143/522
f 1276/144/563 1275/143/522 1274/142/521
f 1277/141/521 1278/142/564 1279/143/565
f 1280/144/566 1279/143/565 1278/142/567
f 1281/141/564 1282/142/568 1283/143/566
f 1284/144/568 1283/143/566 1282/142/568
f 1285/145/568 1286/109/568 1287/146/569
f 1288/111/569 1287/146/569 1286/109/568
f 1289/145/570 1290/109/219 1291/146/570
f 1292/111/219 1291/146/570 1290/109/219
f 1293/145/220 1290/109/220 1294/146/571
f 1295/111/571 1294/146/571 1290/109/220
f 1296/141/572 1297/142/573 1298/143/572
f 1299/144/574 1298/143/572 1297/142/573
f 1300/141/573 1301/142/575 1302/143/574
f 1303/144/576 1302/143/574 1301/142/575
f 1304/141/575 1305/142/522 1306/143/576
f 1307/144/522 1306/143/576 1305/142/522
f 1308/147/222 1309/148/222 1310/149/222
f 1311/150/222 1310/149/222 1309/148/222
f 1312/151/577 1313/152/577 1314/153/578
f 1315/154/579 1314/153/579 1313/152/580
f 1316/145/500 1317/109/497 1318/146/500
f 1319/111/497 1318/146/500 1317/109/497
f 1320/145/497 1321/109/514 1322/146/497
f 1323/111/514 1322/146/497 1321/109/514
f 1324/159/581 1325/150/582 1326/160/581
f 1327/161/582 1326/160/581 1325/150/582
f 1325/150/582 1328/162/583 1327/161/582
f 1329/163/583 1327/161/582 1328/162/583
f 1330/145/584 1331/109/584 1332/146/584
f 1333/111/584 1332/146/584 1331/109/584
f 1334/145/585 1335/109/585 1336/146/585
f 1337/111/585 1336/146/585 1335/109/585
f 1326/160/581 1338/161/586 1324/159/581
f 1339/150/586 1324/159/581 1338/161/586
f 1340/165/587 1341/166/588 1342/167/587
f 1343/168/588 1342/167/587 1341/166/588
f 1311/150/222 1309/148/222 1344/169/222
f 1345/170/222 1344/169/222 1309/148/222
f 1343/168/588 1341/166/588 1346/171/589
f 1347/172/589 1346/171/589 1341/166/588
f 1348/154/590 1349/152/591 1350/153/590
f 1351/151/591 1350/153/590 1349/152/591
f 1352/172/592 1353/166/593 1354/171/592
f 1342/167/587 1355/168/593 1340/165/587
f 1353/166/593 1340/165/587 1355/168/593
f 1355/168/593 1354/171/592 1353/166/593
f 1344/169/222 1345/170/222 1356/150/222
f 1357/148/222 1356/150/222 1345/170/222
f 1356/150/222 1357/148/222 1358/149/222
f 1359/147/222 1358/149/222 1357/148/222
f 1360/163/594 1361/162/594 1338/161/586
f 1339/150/586 1338/161/586 1361/162/594
f 1362/145/595 1363/109/596 1364/146/595
f 1365/111/597 1364/146/595 1363/109/596
f 1366/16/59 1367/14/598 1368/18/59
f 1369/17/599 1368/18/59 1367/14/599
f 1370/16/62 1371/14/600 1372/18/62
f 1373/17/600 1372/18/62 1371/14/600
f 1374/16/599 1375/14/601 1376/18/599
f 1377/17/601 1376/18/599 1375/14/601
f 1378/16/601 1379/14/64 1380/18/601
f 1381/17/65 1380/18/601 1379/14/64
f 1382/16/602 1383/14/603 1384/18/602
f 1385/17/604 1384/18/602 1383/14/604
f 1386/16/67 1387/14/602 1388/18/69
f 1389/17/602 1388/18/69 1387/14/602
f 1390/16/603 1391/14/59 1392/18/603
f 1393/17/59 1392/18/604 1391/14/59
f 1394/16/600 1395/14/71 1396/18/600
f 1397/17/70 1396/18/600 1395/14/605
f 91/16/64 1398/14/73 1399/18/606
f 1400/17/607 1399/18/608 1398/14/77
f 106/16/80 1401/14/67 1402/18/78
f 1403/17/609 1402/18/78 1401/14/67
f 1404/16/610 1405/14/611 1406/18/610
f 1407/17/612 1406/18/613 1405/14/614
f 1408/16/79 1409/14/610 1410/18/79
f 1411/17/610 1410/18/615 1409/14/610
f 1412/16/616 1413/14/80 1414/18/616
f 1415/17/81 1414/18/617 1413/14/80
f 1416/145/618 1417/109/618 1291/146/570
f 1418/111/570 1291/146/570 1417/109/618
f 1316/145/500 1318/146/500 1419/109/619
f 1420/173/619 1419/109/619 1318/146/500
f 1162/145/521 1164/146/521 1421/109/620
f 1422/173/620 1421/109/620 1164/146/521
f 1423/145/621 1424/146/621 1321/109/517
f 1323/111/517 1321/109/517 1424/146/621
f 1331/109/584 1330/145/584 1425/109/584
f 1426/145/584 1425/109/584 1330/145/584
f 1189/109/531 1188/145/531 1427/109/531
f 1428/145/531 1427/109/531 1188/145/531
f 1429/145/529 1430/109/529 1184/145/529
f 1185/164/529 1184/145/529 1430/109/529
f 1335/109/585 1334/145/585 1431/109/585
f 1432/145/585 1431/109/585 1334/145/585
f 1433/174/622 1434/175/623 1435/176/624
f 1436/177/625 1435/176/624 1434/175/623
f 1437/174/626 1438/175/627 1439/176/628
f 1440/177/623 1439/176/629 1438/175/627
f 1441/174/630 1442/175/631 1443/176/632
f 1444/177/633 1443/176/632 1442/175/631
f 1445/174/634 1446/175/635 1447/176/636
f 1448/177/637 1447/176/636 1446/175/635
f 1449/174/638 1450/175/639 1451/176/640
f 1452/177/641 1451/176/640 1450/175/637
f 1453/174/635 1454/175/642 1455/176/643
f 1456/177/644 1455/176/643 1454/175/642
f 1457/174/645 1458/175/646 1459/176/647
f 1460/177/648 1459/176/645 1458/175/648
f 1461/174/649 1462/175/650 1463/176/649
f 1464/177/651 1463/176/649 1462/175/651
f 1465/174/650 1466/175/621 1467/176/650
f 1468/177/621 1467/176/650 1466/175/621
f 1469/174/646 1470/175/652 1471/176/646
f 1472/177/649 1471/176/646 1470/175/649
f 1473/174/620 1474/175/645 1475/176/620
f 1476/177/645 1475/176/620 1474/175/645
f 1477/174/653 1478/175/654 1479/176/653
f 1480/177/654 1479/176/653 1478/175/654
f 1481/174/654 1482/175/524 1483/176/654
f 1484/177/524 1483/176/654 1482/175/524
f 1485/174/523 1486/175/249 1487/176/523
f 1488/177/249 1487/176/523 1486/175/249
f 1489/174/655 1490/175/653 1491/176/655
f 1492/177/653 1491/176/655 1490/175/653
f 1493/174/637 1446/175/635 1494/176/222
f 1495/177/222 1494/176/222 1446/175/635
f 1496/174/623 1438/175/627 1497/176/222
f 1498/177/222 1497/176/222 1438/175/627
f 1499/178/656 1500/110/656 1501/156/656
f 1502/179/657 1501/156/657 1500/110/657
f 1503/180/658 1504/181/659 1505/182/658
f 1506/183/659 1505/182/658 1504/181/659
f 1507/178/660 1508/110/660 1509/156/660
f 1510/179/660 1509/156/660 1508/110/660
f 1511/178/661 1512/110/661 1513/156/661
f 1514/179/662 1513/156/662 1512/110/662
f 1504/181/659 1515/184/663 1506/183/659
f 1516/185/663 1506/183/659 1515/184/663
f 1517/16/664 1518/18/664 1519/14/664
f 1520/17/664 1519/14/664 1518/18/664
f 1521/178/665 1522/156/665 1523/110/666
f 1524/179/667 1523/110/665 1522/156/665
f 1525/180/668 1526/182/668 1527/181/669
f 1528/183/669 1527/181/669 1526/182/668
f 1529/178/670 1530/156/671 1531/110/670
f 1532/179/671 1531/110/670 1530/156/671
f 1533/178/667 1534/156/672 1535/110/672
f 1536/179/673 1535/110/674 1534/156/674
f 1527/181/669 1528/183/669 1537/184/675
f 1538/185/675 1537/184/675 1528/183/669
f 1539/178/676 1540/156/676 1541/110/676
f 1542/179/77 1541/110/677 1540/156/678
f 1543/16/679 1544/14/679 1545/18/679
f 1546/17/679 1545/18/679 1544/14/679
f 1547/16/680 1548/14/680 1549/18/680
f 1550/17/680 1549/18/680 1548/14/680
f 1551/16/681 1552/14/681 1553/18/681
f 1554/17/681 1553/18/681 1552/14/681
f 1555/16/682 1556/14/682 1557/18/682
f 1558/17/682 1557/18/682 1556/14/682
f 1559/16/683 1560/14/683 1561/18/683
f 1562/17/683 1561/18/683 1560/14/683
f 1563/16/684 1564/14/685 1565/18/686
f 1566/17/687 1565/18/686 1564/14/687
f 1567/16/688 1568/14/688 1569/18/688
f 1570/17/688 1569/18/688 1568/14/689
f 1571/16/690 1572/14/690 1573/18/690
f 1574/17/690 1573/18/690 1572/14/690
f 1575/16/691 1576/14/692 1577/18/693
f 1578/17/694 1577/18/691 1576/14/692
f 1579/16/695 1580/14/695 1581/18/695
f 1582/17/695 1581/18/695 1580/14/695
f 1583/16/696 1584/14/696 1585/18/696
f 1586/17/697 1585/18/697 1584/14/697
f 1563/16/684 1587/14/686 1588/18/698
f 1589/17/699 1588/18/698 1587/14/686
f 1590/16/700 1591/14/700 1592/18/700
f 1593/17/700 1592/18/700 1591/14/700
f 1594/16/701 1595/14/701 1596/18/701
f 1597/17/701 1596/18/701 1595/14/701
f 1598/16/702 1599/14/702 1600/18/702
f 1601/17/702 1600/18/702 1599/14/702
f 1602/16/687 1564/14/685 1603/18/703
f 1604/17/703 1603/18/703 1564/14/704
f 1605/16/705 1606/14/705 1607/18/705
f 1608/17/705 1607/18/705 1606/14/705
f 1575/16/691 1609/14/691 1610/18/706
f 1611/17/706 1610/18/706 1609/14/691
f 1612/16/707 1613/14/707 1614/18/708
f 1615/17/707 1614/18/707 1613/14/707
f 1616/16/709 1617/14/709 1618/18/709
f 1619/17/709 1618/18/709 1617/14/709
f 1620/16/710 1621/14/710 1622/18/711
f 1623/17/711 1622/18/711 1621/14/711
f 1624/16/712 1576/14/692 1625/18/713
f 1626/17/714 1625/18/715 1576/14/692
f 1627/16/716 1628/14/717 1629/18/716
f 1630/17/716 1629/18/716 1628/14/716
f 1631/16/718 1632/14/718 1633/18/718
f 1634/17/718 1633/18/718 1632/14/718
f 1635/16/699 1587/14/686 1636/18/719
f 1637/17/719 1636/18/719 1587/14/686
f 1638/16/720 1639/14/720 1640/18/720
f 1641/17/721 1640/18/721 1639/14/721
f 1624/16/694 1642/14/722 1643/18/723
f 1644/17/723 1643/18/723 1642/14/715
f 1645/16/724 1646/14/724 1647/18/724
f 1648/17/724 1647/18/724 1646/14/724
f 1649/16/725 1650/14/725 1651/18/725
f 1652/17/725 1651/18/725 1650/14/725
f 1653/16/726 1654/14/726 1655/18/726
f 1656/17/726 1655/18/727 1654/14/727
f 1657/16/728 1658/14/729 1659/18/77
f 1660/17/728 1659/18/729 1658/14/729
f 1661/16/730 1662/14/730 1663/18/730
f 1664/17/730 1663/18/730 1662/14/730
f 1665/178/731 1666/110/732 1667/156/733
f 1668/179/732 1667/156/732 1666/110/732
f 1669/180/734 1670/181/735 1671/182/734
f 1672/183/735 1671/182/736 1670/181/735
f 1673/178/737 1674/110/737 1675/156/737
f 1676/179/737 1675/156/737 1674/110/737
f 1677/178/738 1678/110/738 1679/156/738
f 1680/179/738 1679/156/738 1678/110/738
f 1670/181/735 1681/184/739 1672/183/735
f 1682/185/740 1672/183/735 1681/184/740
f 1683/16/741 1684/18/741 1685/14/741
f 1686/17/741 1685/14/741 1684/18/741
f 1687/178/742 1688/156/742 1689/110/742
f 1690/179/743 1689/110/742 1688/156/742
f 1691/180/744 1692/182/744 1693/181/745
f 1694/183/745 1693/181/745 1692/182/746
f 1695/178/747 1696/156/747 1697/110/748
f 1698/179/747 1697/110/748 1696/156/747
f 1699/178/749 1700/156/749 1701/110/749
f 1702/179/750 1701/110/749 1700/156/750
f 1693/181/745 1694/183/745 1703/184/751
f 1704/185/751 1703/184/751 1694/183/745
f 1705/178/752 1706/156/752 1707/110/752
f 1708/179/753 1707/110/753 1706/156/752
f 1709/16/754 1710/14/754 1711/18/754
f 1712/17/754 1711/18/754 1710/14/754
f 1713/16/755 1714/14/755 1715/18/755
f 1716/17/755 1715/18/755 1714/14/755
f 1717/16/756 1718/14/756 1719/18/756
f 1720/17/756 1719/18/757 1718/14/756
f 1721/16/758 1722/14/758 1723/18/758
f 1724/17/758 1723/18/758 1722/14/758
f 1725/16/759 1726/14/759 1727/18/759
f 1728/17/759 1727/18/759 1726/14/759
f 1729/16/760 1730/14/761 1731/18/762
f 1732/17/761 1731/18/762 1730/14/761
f 1733/16/763 1734/14/764 1735/18/764
f 1736/17/763 1735/18/765 1734/14/765
f 1737/16/766 1738/14/766 1739/18/766
f 1740/17/766 1739/18/766 1738/14/766
f 1741/16/767 1742/14/768 1743/18/767
f 1744/17/769 1743/18/767 1742/14/768
f 1745/16/770 1746/14/771 1747/18/770
f 1748/17/771 1747/18/771 1746/14/771
f 1749/16/772 1750/14/772 1751/18/772
f 1752/17/773 1751/18/773 1750/14/773
f 1729/16/760 1753/14/762 1754/18/774
f 1755/17/775 1754/18/776 1753/14/762
f 1756/16/777 1757/14/777 1758/18/777
f 1759/17/777 1758/18/777 1757/14/777
f 1760/16/778 1761/14/778 1762/18/778
f 1763/17/778 1762/18/778 1761/14/778
f 1764/16/779 1765/14/779 1766/18/779
f 1767/17/779 1766/18/779 1765/14/779
f 1768/16/780 1730/14/780 1769/18/781
f 1770/17/781 1769/18/782 1730/14/780
f 1771/16/783 1772/14/783 1773/18/783
f 1774/17/783 1773/18/783 1772/14/783
f 1741/16/767 1775/14/767 1776/18/784
f 1777/17/784 1776/18/784 1775/14/767
f 1778/16/785 1779/14/785 1780/18/785
f 1781/17/785 1780/18/785 1779/14/785
f 1782/16/786 1783/14/786 1784/18/786
f 1785/17/786 1784/18/786 1783/14/786
f 1786/16/787 1787/14/787 1788/18/788
f 1789/17/788 1788/18/788 1787/14/788
f 1790/16/769 1742/14/789 1791/18/790
f 1792/17/791 1791/18/792 1742/14/768
f 1793/16/793 1794/14/794 1795/18/793
f 1796/17/794 1795/18/794 1794/14/794
f 1797/16/795 1798/14/795 1799/18/795
f 1800/17/795 1799/18/795 1798/14/795
f 1801/16/775 1753/14/762 1802/18/796
f 1803/17/796 1802/18/796 1753/14/762
f 1804/16/797 1805/14/797 1806/18/797
f 1807/17/798 1806/18/798 1805/14/798
f 1790/16/799 1808/14/792 1809/18/800
f 1810/17/801 1809/18/802 1808/14/803
f 1811/16/804 1812/14/804 1813/18/804
f 1814/17/804 1813/18/804 1812/14/804
f 1815/16/805 1816/14/805 1817/18/805
f 1818/17/805 1817/18/805 1816/14/805
f 1819/16/806 1820/14/806 1821/18/806
f 1822/17/806 1821/18/806 1820/14/806
f 1823/16/807 1824/14/807 1825/18/667
f 1826/17/808 1825/18/809 1824/14/808
f 1827/16/810 1828/14/810 1829/18/810
f 1830/17/810 1829/18/810 1828/14/810
f 1831/57/811 1832/58/812 1833/186/811
f 1834/45/813 1833/186/811 1832/58/812
f 1835/55/814 1836/91/812 1837/187/814
f 1838/188/813 1837/187/814 1836/91/813
f 1839/55/815 1840/91/814 1841/187/815
f 1842/188/814 1841/187/815 1840/91/814
f 1843/91/816 1844/51/817 1845/55/816
f 1846/189/817 1845/55/816 1844/51/817
f 1847/91/817 1848/51/818 1849/55/817
f 1850/189/819 1849/55/817 1848/51/818
f 1851/91/818 1852/56/820 1853/55/819
f 1854/46/821 1853/55/819 1852/56/820
f 1855/34/821 1856/190/820 1857/111/822
f 1858/35/822 1857/111/822 1856/190/820
f 1859/191/822 1860/35/823 1861/192/822
f 1862/111/823 1861/192/822 1860/35/823
f 1863/91/824 1864/51/825 1865/55/824
f 1866/189/825 1865/55/824 1864/51/825
f 1867/91/825 1868/51/826 1869/55/825
f 1870/189/826 1869/55/825 1868/51/826
f 1871/91/827 1872/51/828 1873/55/827
f 1874/189/828 1873/55/827 1872/51/828
f 1875/191/828 1876/35/829 1877/192/828
f 1878/111/829 1877/192/828 1876/35/829
f 1879/191/829 1880/35/830 1881/192/829
f 1882/111/830 1881/192/829 1880/35/830
f 1883/91/830 1884/51/831 1885/55/830
f 1886/189/832 1885/55/830 1884/51/832
f 1887/91/833 1888/51/834 1889/55/833
f 1890/189/834 1889/55/833 1888/51/834
f 1891/191/834 1892/35/835 1893/192/834
f 1894/111/835 1893/192/834 1892/35/835
f 1895/191/835 1896/35/836 1897/192/835
f 1898/111/837 1897/192/835 1896/35/836
f 1899/91/838 1900/51/839 1901/55/840
f 1902/189/841 1901/55/840 1900/51/839
f 1903/91/839 1904/51/842 1905/55/841
f 1906/189/842 1905/55/841 1904/51/842
f 1907/91/842 1908/188/843 1909/55/842
f 1910/193/843 1909/55/842 1908/188/843
f 1911/194/844 1912/42/845 1913/39/844
f 1914/27/846 1913/39/844 1912/42/847
f 1915/194/845 1916/42/848 1917/39/845
f 1918/27/848 1917/39/845 1916/42/848
f 1919/194/848 1920/42/849 1921/39/848
f 1922/27/849 1921/39/848 1920/42/849
f 1923/111/850 1924/35/850 1925/110/850
f 1926/111/850 1925/110/850 1924/35/850
f 1927/191/850 1928/35/850 1929/192/850
f 1930/111/851 1929/192/851 1928/35/851
f 1931/194/852 1932/42/853 1933/39/852
f 1934/27/854 1933/39/852 1932/42/853
f 1935/194/853 1936/42/855 1937/39/853
f 1938/27/856 1937/39/854 1936/42/856
f 1939/194/855 1940/42/857 1941/39/855
f 1942/27/857 1941/39/855 1940/42/857
f 1943/111/858 1944/35/859 1945/192/858
f 1946/111/860 1945/192/858 1944/35/860
f 1947/191/859 1948/35/861 1949/192/859
f 1950/111/861 1949/192/859 1948/35/861
f 1951/194/862 1952/42/863 1953/39/862
f 1954/27/863 1953/39/862 1952/42/864
f 1955/194/864 1956/42/865 1957/39/864
f 1958/27/865 1957/39/863 1956/42/865
f 1959/194/865 1960/42/866 1961/39/865
f 1962/27/866 1961/39/865 1960/42/866
f 1963/111/867 1964/35/868 1965/192/867
f 1966/111/868 1965/192/869 1964/35/868
f 1967/191/868 1968/35/870 1969/192/868
f 1970/111/871 1969/192/868 1968/35/871
f 1971/194/872 1972/42/873 1973/39/872
f 1974/27/873 1973/39/874 1972/42/873
f 1975/194/873 1976/42/875 1977/39/873
f 1978/27/875 1977/39/873 1976/42/875
f 1979/194/875 1980/42/222 1981/39/875
f 1982/27/222 1981/39/875 1980/42/222
f 1983/43/225 1984/32/225 1985/195/225
f 1986/196/225 1985/195/225 1984/32/225
f 1987/43/225 1988/32/225 1989/195/225
f 1990/196/225 1989/195/225 1988/32/225
f 1991/43/225 1992/32/225 1993/195/225
f 1994/196/225 1993/195/225 1992/32/225
f 1995/191/225 1996/35/225 1997/192/225
f 1998/111/225 1997/192/225 1996/35/225
f 1999/43/225 2000/32/225 2001/195/225
f 2002/196/225 2001/195/225 2000/32/225
f 2003/43/225 2004/32/225 2005/195/225
f 2006/196/225 2005/195/225 2004/32/225
f 2007/43/225 2008/32/225 2009/195/225
f 2010/196/225 2009/195/225 2008/32/225
f 2011/191/225 2012/35/225 2013/192/225
f 2014/111/225 2013/192/225 2012/35/225
f 2015/191/225 2016/35/225 2017/192/225
f 2018/111/225 2017/192/225 2016/35/225
f 2019/43/225 2020/32/225 2021/195/225
f 2022/196/225 2021/195/225 2020/32/225
f 2023/43/225 2024/32/225 2025/195/225
f 2026/196/225 2025/195/225 2024/32/225
f 2027/43/225 2028/32/225 2029/195/225
f 2030/196/225 2029/195/225 2028/32/225
f 2031/191/876 2032/35/877 2033/192/876
f 2034/111/878 2033/192/876 2032/35/878
f 2035/191/877 2036/35/879 2037/192/877
f 2038/111/880 2037/192/877 2036/35/880
f 2039/43/225 2040/32/225 2041/195/225
f 2042/196/225 2041/195/225 2040/32/225
f 2043/43/225 2044/32/225 2045/195/225
f 2046/196/225 2045/195/225 2044/32/225
f 2047/43/225 2048/32/225 2049/195/225
f 2050/196/225 2049/195/225 2048/32/225
f 2051/91/881 2052/51/881 2053/55/881
f 2054/189/881 2053/55/881 2052/51/881
f 2055/91/882 2056/197/882 2057/55/882
f 2058/198/882 2057/55/882 2056/197/883
f 2059/52/884 2060/51/885 2061/48/884
f 2062/189/884 2061/48/884 2060/51/884
f 2063/91/886 2064/199/887 2065/55/886
f 2066/187/887 2065/55/886 2064/199/887
f 2067/91/888 2068/197/888 2069/198/888
f 2070/198/889 2069/198/889 2068/197/889
f 2071/52/890 2072/51/891 2073/48/890
f 2074/189/891 2073/48/890 2072/51/891
f 2075/91/892 2076/199/136 2077/55/892
f 2078/187/893 2077/55/892 2076/199/136
f 2079/91/894 2080/197/894 2081/55/894
f 2082/200/894 2081/55/894 2080/197/894
f 2083/52/110 2084/51/895 2085/48/896
f 2086/189/895 2085/48/897 2084/51/895
f 2087/22/84 2088/19/88 2089/201/84
f 2090/202/898 2089/201/84 2088/19/88
f 2091/22/90 2092/20/89 2093/203/899
f 2094/204/900 2093/203/899 2092/20/89
f 2095/22/89 2096/19/901 2097/201/902
f 2098/202/903 2097/201/902 2096/19/96
f 2099/19/103 2100/20/106 2101/19/904
f 2102/204/905 2101/19/904 2100/20/99
f 2103/22/106 2104/19/105 2105/201/905
f 2106/202/906 2105/201/905 2104/19/105
f 2107/57/907 2108/58/908 2109/49/907
f 2110/45/908 2109/49/909 2108/58/908
f 2111/57/910 2112/58/911 2113/49/910
f 2114/45/911 2113/49/910 2112/58/911
f 2115/91/833 2116/51/831 2117/55/833
f 2118/189/831 2117/55/833 2116/51/831
f 2119/205/84 2120/206/912 2121/20/84
f 2122/21/82 2121/20/84 2120/206/912
f 2123/57/913 2124/58/914 2125/49/913
f 2126/45/914 2125/49/913 2124/58/914
f 2127/57/915 2128/199/913 2129/49/915
f 2130/207/913 2129/49/916 2128/199/913
f 2131/57/917 2132/58/918 2133/49/917
f 2134/45/918 2133/49/917 2132/58/918
f 2135/57/919 2136/58/920 2137/55/919
f 2138/45/920 2137/55/919 2136/58/920
f 2139/57/921 2140/58/919 2141/55/921
f 2142/45/919 2141/55/921 2140/58/919
f 152/37/114 2143/34/114 150/35/114
f 2144/63/114 150/35/114 2143/34/114
f 2145/57/922 2146/58/917 2147/49/922
f 2148/45/917 2147/49/923 2146/58/917
f 2149/48/923 2150/50/924 2151/208/923
f 2152/188/924 2151/208/922 2150/50/924
f 2153/52/925 2154/199/926 2155/49/925
f 2156/45/926 2155/49/927 2154/199/926
f 2157/52/928 2158/199/929 2159/49/928
f 2160/45/929 2159/49/928 2158/199/929
f 2161/52/930 2162/199/931 2163/49/930
f 2164/45/931 2163/49/930 2162/199/931
f 2165/48/932 2166/50/933 2167/208/932
f 2168/188/933 2167/208/934 2166/50/933
f 2169/48/909 2170/50/932 2171/208/909
f 2172/188/932 2171/208/909 2170/50/932
f 2173/48/935 2174/50/936 2175/187/935
f 2176/188/936 2175/187/937 2174/50/936
f 2177/48/910 2178/50/937 2179/187/910
f 2180/188/937 2179/187/910 2178/50/935
f 2181/48/938 2182/50/939 2183/209/940
f 2184/210/941 2183/209/938 2182/50/942
f 2185/48/942 2186/91/943 2187/208/942
f 2188/210/943 2187/208/942 2186/91/943
f 2189/55/943 2190/91/944 2191/208/943
f 2192/188/944 2191/208/943 2190/91/944
f 2193/55/945 2194/91/920 2195/187/945
f 2196/188/946 2195/187/945 2194/91/946
f 162/41/121 2197/66/121 160/39/947
f 2198/65/121 160/39/121 2197/66/121
f 167/29/123 2199/28/124 165/43/124
f 2200/68/124 165/43/122 2199/28/124
f 2201/48/916 2202/50/948 2203/208/916
f 2204/188/948 2203/208/915 2202/50/948
f 2205/35/949 2206/192/949 2207/191/950
f 2208/35/950 2207/191/950 2206/192/949
f 2209/22/951 2210/22/949 2211/22/951
f 2212/20/949 2211/22/951 2210/22/949
f 2213/19/952 2214/21/951 2215/22/952
f 2216/20/951 2215/22/952 2214/21/951
f 2217/19/953 2218/22/954 2219/19/953
f 2220/19/955 2219/19/953 2218/22/955
f 2221/22/956 2222/21/957 2223/19/956
f 2224/21/957 2223/19/956 2222/21/957
f 2225/19/958 2226/21/956 2227/22/958
f 2228/21/956 2227/22/958 2226/21/956
f 2229/19/959 2230/21/958 2231/22/959
f 2227/22/958 2231/22/959 2230/21/958
f 2232/19/960 2233/21/653 2234/22/960
f 2235/21/653 2234/22/960 2233/21/653
f 2236/22/961 2237/21/960 2238/22/961
f 2239/21/960 2238/22/961 2237/21/960
f 2240/19/962 2241/19/962 2242/19/961
f 2243/20/961 2242/19/961 2241/19/963
f 2244/22/964 2245/21/953 2246/22/964
f 2247/21/953 2246/22/964 2245/21/953
f 2248/19/965 2249/19/964 2250/22/965
f 2251/21/964 2250/22/965 2249/19/964
f 2252/68/966 2253/40/967 2254/39/966
f 2255/27/967 2254/39/966 2253/40/967
f 2256/65/968 2257/40/966 2258/39/968
f 2259/27/966 2258/39/968 2257/40/966
f 2260/68/969 2261/40/630 2262/39/969
f 2263/27/630 2262/39/969 2261/40/630
f 2264/68/630 2265/40/632 2266/39/630
f 2267/27/632 2266/39/630 2265/40/632
f 2268/68/632 2269/60/970 2270/39/632
f 2271/27/970 2270/39/632 2269/60/970
f 2272/68/967 2273/40/971 2274/39/967
f 2275/27/971 2274/39/967 2273/40/971
f 2276/67/972 2277/40/973 2278/39/972
f 2279/27/973 2278/39/972 2277/40/973
f 2280/67/627 2281/40/974 2282/39/627
f 2283/27/974 2282/39/627 2281/40/974
f 2284/68/975 2285/40/625 2286/39/975
f 2287/27/625 2286/39/974 2285/40/625
f 2288/68/625 2289/26/976 2290/39/625
f 2291/27/977 2290/39/625 2289/26/977
f 2292/68/978 2293/26/979 2294/39/978
f 2295/27/979 2294/39/978 2293/26/979
f 2296/68/973 2297/40/978 2298/39/973
f 2299/27/978 2298/39/973 2297/40/978
f 2300/68/980 2301/40/981 2302/39/980
f 2303/27/981 2302/39/980 2301/40/981
f 2304/67/982 2305/40/980 2306/39/982
f 2307/27/980 2306/39/982 2305/40/980
f 2308/67/983 2309/40/984 2310/39/983
f 2311/27/984 2310/39/985 2309/40/984
f 2312/68/984 2313/40/986 2314/39/984
f 2315/27/986 2314/39/984 2313/40/986
f 2316/68/986 2317/26/987 2318/39/986
f 2319/27/988 2318/39/986 2317/26/988
f 2320/68/981 2321/26/989 2322/39/981
f 2323/27/990 2322/39/991 2321/26/990
f 2324/30/992 2325/211/993 2326/39/992
f 2327/27/994 2326/39/992 2325/211/994
f 2328/30/995 2329/211/996 2330/39/995
f 2331/27/996 2330/39/995 2329/211/996
f 2332/30/996 2333/26/997 2334/39/996
f 2335/27/998 2334/39/996 2333/26/998
f 2336/67/998 2337/42/999 2338/39/998
f 2339/27/1000 2338/39/997 2337/42/1000
f 2340/67/1001 2341/211/992 2342/39/1001
f 2343/27/992 2342/39/1001 2341/211/992
f 2344/194/1002 2345/26/1001 2346/39/1002
f 2347/27/1001 2346/39/1003 2345/26/1001
f 2348/189/127 2349/189/127 2350/189/1004
f 2351/189/1005 2350/189/1005 2349/189/1006
f 2352/194/1007 2353/43/1007 2354/42/1008
f 2355/32/1008 2354/42/1008 2353/43/1007
f 2356/194/1008 2357/43/1008 2358/42/1009
f 2359/32/1009 2358/42/1009 2357/43/1008
f 2360/194/1009 2361/43/1009 2362/42/1010
f 2363/32/1011 2362/42/1011 2361/43/1009
f 2364/194/1012 2365/43/1012 2366/42/1013
f 2367/32/1013 2366/42/1013 2365/43/1012
f 2368/32/1012 2369/42/1012 2370/43/1014
f 2371/194/1015 2370/43/1015 2369/42/1012
f 2372/194/1013 2373/43/1013 2374/42/1016
f 2375/32/1016 2374/42/1016 2373/43/1013
f 2376/194/1017 2377/43/1017 2378/42/1018
f 2379/32/1018 2378/42/1018 2377/43/1019
f 2380/32/1019 2381/42/1019 2382/43/1020
f 2383/194/1021 2382/43/1021 2381/42/1019
f 2384/194/1022 2385/43/1023 2386/42/1024
f 2387/32/1024 2386/42/1024 2385/43/1023
f 2388/32/1022 2389/42/1022 2390/43/147
f 2391/194/149 2390/43/147 2389/42/1023
f 2392/194/1025 2393/43/1025 2394/42/1026
f 2395/32/1026 2394/42/1026 2393/43/1024
f 2396/194/1027 2397/43/1027 2398/42/1028
f 2399/32/1028 2398/42/1029 2397/43/1018
f 2400/39/1030 2401/195/1030 2402/27/1031
f 2403/196/1031 2402/27/1031 2401/195/1032
f 2404/39/1031 2405/195/1031 2406/27/1033
f 2407/196/1034 2406/27/1034 2405/195/1031
f 2408/39/1034 2409/195/1034 2410/27/1035
f 2411/196/1035 2410/27/1035 2409/195/1034
f 2412/196/1036 2413/27/1036 2414/195/1037
f 2415/39/1037 2414/195/1037 2413/27/1038
f 2416/39/1039 2417/195/1039 2418/27/1040
f 2419/196/1040 2418/27/1040 2417/195/1039
f 2420/39/1040 2421/195/1040 2422/27/1041
f 2423/196/1041 2422/27/1041 2421/195/1042
f 2424/196/1043 2425/27/1043 2426/195/1044
f 2427/39/1044 2426/195/1044 2425/27/1043
f 2428/39/1043 2429/195/1043 2430/27/1045
f 2431/196/1045 2430/27/1045 2429/195/1043
f 2432/56/1046 2433/58/1046 2434/91/1047
f 2435/57/1048 2434/91/1048 2433/58/1046
f 2436/188/1046 2437/51/1046 2438/187/1049
f 2439/45/1049 2438/187/1049 2437/51/1046
f 2440/188/1050 2441/51/1049 2442/187/1051
f 2443/45/1051 2442/187/1051 2441/51/1049
f 2444/39/1045 2445/195/1045 2446/27/1052
f 2447/196/1053 2446/27/1053 2445/195/1045
f 2448/52/1054 2449/51/1054 2450/55/1055
f 2451/187/1054 2450/55/1054 2449/51/1054
f 2452/212/1056 2453/35/225 2454/192/1056
f 2455/111/225 2454/192/1056 2453/35/225
f 2456/213/1057 2457/197/1057 2458/48/1057
f 2459/189/1057 2458/48/1057 2457/197/1057
f 2460/212/113 2461/35/1058 2462/212/113
f 2463/35/1059 2462/212/113 2461/35/1059
f 2464/212/1060 2465/35/1060 2466/212/1060
f 2467/35/1060 2466/212/1060 2465/35/1060
f 2468/111/120 2469/111/117 2470/35/1061
f 2471/35/1061 2470/35/1061 2469/111/1062
f 2472/191/1061 2473/191/1061 2474/35/143
f 2475/214/143 2474/35/143 2473/191/1061
f 2476/111/1063 2477/111/1063 2478/35/1064
f 2479/35/1065 2478/35/1065 2477/111/1063
f 2480/191/1064 2481/191/1064 2482/35/1066
f 2483/35/1067 2482/35/1067 2481/191/1065
f 2484/111/1068 2485/111/1068 2486/35/1069
f 2487/35/1070 2486/35/1070 2485/111/1068
f 2488/191/1069 2489/191/1069 2490/35/150
f 2491/35/150 2490/35/150 2489/191/1069
f 2492/212/1071 2493/137/1071 2494/215/1072
f 2495/35/128 2494/215/128 2493/137/1071
f 2496/55/1073 2497/49/1074 2498/45/1075
f 2499/45/1075 2498/45/1075 2497/49/1074
f 2500/55/1075 2501/49/1075 2502/45/1076
f 2503/45/1077 2502/45/1077 2501/49/1075
f 2504/55/1077 2505/49/1078 2506/45/1079
f 2507/45/1079 2506/45/1079 2505/49/1077
f 2508/48/1080 2509/55/1080 2510/50/1081
f 2511/91/1082 2510/50/1082 2509/55/1080
f 2512/48/1082 2513/55/1081 2514/91/1083
f 2515/91/1083 2514/91/1083 2513/55/1081
f 2516/55/1083 2517/55/1083 2518/91/1084
f 2519/91/1084 2518/91/1084 2517/55/1083
f 205/38/1085 2520/29/143 203/67/141
f 2521/39/140 203/67/140 2520/29/143
f 2522/91/1086 2523/50/1086 2524/55/1087
f 2525/48/1087 2524/55/1087 2523/50/1086
f 2526/91/1087 2527/50/1087 2528/55/1088
f 2529/48/1088 2528/55/1088 2527/50/1087
f 2528/55/1088 2530/49/1088 2531/45/1089
f 2532/45/1089 2531/45/1089 2530/49/1088
f 2533/207/1090 2534/45/1090 2535/49/1091
f 2536/55/1092 2535/49/1092 2534/45/1090
f 2537/55/1090 2538/49/1090 2539/45/1093
f 2540/45/1094 2539/45/1094 2538/49/1090
f 2541/48/1091 2536/55/1091 2542/50/1095
f 2543/91/1095 2542/50/1095 2536/55/1091
f 210/69/1066 2544/28/145 208/26/144
f 2545/27/144 208/26/144 2544/28/145
f 2546/55/1096 2547/49/1096 2548/45/1097
f 2549/45/1097 2548/45/1097 2547/49/1096
f 2550/48/1098 2546/55/1098 2551/50/1099
f 2552/91/1099 2551/50/1099 2546/55/1098
f 2553/55/1097 2554/49/1097 2555/45/1100
f 2556/45/1100 2555/45/1100 2554/49/1097
f 2557/91/1101 2558/50/1101 2559/55/1102
f 2560/48/1103 2559/55/1103 2558/50/1104
f 2561/48/1104 2562/55/1104 2563/50/1105
f 2564/91/1105 2563/50/1105 2562/55/1104
f 2559/55/1102 2565/49/1102 2566/45/1106
f 2567/45/1107 2566/45/1107 2565/49/1108
f 2568/216/1109 2569/217/1109 2570/19/965
f 2571/20/965 2570/19/965 2569/217/1110
f 215/42/150 2572/24/150 213/25/146
f 2573/43/148 213/25/148 2572/24/150
f 2574/50/1111 2575/188/1111 2576/55/1111
f 2577/193/1111 2576/55/1111 2575/188/1111
f 2578/91/1112 2579/91/1112 2580/55/1113
f 2581/55/1113 2580/55/1113 2579/91/1112
f 2582/45/1112 2583/189/1112 2584/186/1114
f 2585/55/1114 2584/186/1114 2583/189/1112
f 2586/91/1113 2587/91/1113 2588/55/1115
f 2589/55/1115 2588/55/1115 2587/91/1116
f 2590/55/1117 2591/55/1117 2592/91/1118
f 2593/91/1118 2592/91/1118 2591/55/1117
f 2594/45/1118 2595/189/1118 2596/55/1119
f 2597/55/1119 2596/55/1119 2595/189/1118
f 2598/45/1119 2599/45/1119 2600/55/1120
f 2601/55/1121 2600/55/1121 2599/45/1119
f 2602/57/1122 2603/58/1123 2604/186/1122
f 2605/45/1123 2604/186/1122 2603/58/1123
f 2606/55/1124 2607/91/1123 2608/187/1124
f 2609/188/1123 2608/187/1124 2607/91/1123
f 2610/55/1125 2611/91/1124 2612/187/1125
f 2613/188/1124 2612/187/1125 2611/91/1124
f 2614/91/1126 2615/51/1127 2616/55/1126
f 2617/189/1127 2616/55/1126 2615/51/1127
f 2618/91/1127 2619/51/1128 2620/55/1127
f 2621/189/1129 2620/55/1127 2619/51/1128
f 2622/91/1128 2623/56/1130 2624/55/1129
f 2625/46/1131 2624/55/1129 2623/56/1130
f 2626/34/1132 2627/190/1133 2628/111/1134
f 2629/35/1134 2628/111/1134 2627/190/1133
f 2630/191/1134 2631/35/1135 2632/192/1134
f 2633/111/1135 2632/192/1134 2631/35/1135
f 2634/91/1136 2635/51/1137 2636/55/1136
f 2637/189/1137 2636/55/1136 2635/51/1137
f 2638/91/1137 2639/51/1138 2640/55/1137
f 2641/189/1138 2640/55/1137 2639/51/1138
f 2642/91/1139 2643/51/1140 2644/55/1139
f 2645/189/1140 2644/55/1141 2643/51/1140
f 2646/191/1142 2647/35/1143 2648/192/1142
f 2649/111/1143 2648/192/1142 2647/35/1143
f 2650/191/1143 2651/35/96 2652/192/1143
f 2653/111/901 2652/192/1143 2651/35/901
f 2654/91/96 2655/51/1144 2656/55/96
f 2657/189/1144 2656/55/96 2655/51/1144
f 2658/91/1145 2659/51/595 2660/55/1145
f 2661/189/595 2660/55/1145 2659/51/595
f 2662/191/595 2663/35/1146 2664/192/595
f 2665/111/1146 2664/192/595 2663/35/1146
f 2666/191/1146 2667/35/1147 2668/192/1146
f 2669/111/1148 2668/192/1146 2667/35/1147
f 2670/91/1149 2671/51/1150 2672/55/1148
f 2673/189/1151 2672/55/1148 2671/51/1150
f 2674/91/1152 2675/51/1153 2676/55/1151
f 2677/189/1153 2676/55/1151 2675/51/1153
f 2678/91/1153 2679/188/1154 2680/55/1153
f 2681/193/1154 2680/55/1153 2679/188/1154
f 2682/194/1155 2683/42/1156 2684/39/1155
f 2685/27/1156 2684/39/1155 2683/42/1156
f 2686/194/1156 2687/42/1157 2688/39/1156
f 2689/27/1158 2688/39/1156 2687/42/1158
f 2690/194/1158 2691/42/1159 2692/39/1158
f 2693/27/1159 2692/39/1158 2691/42/1159
f 2694/111/997 2695/35/997 2696/110/997
f 2697/111/998 2696/110/998 2695/35/998
f 2698/191/998 2699/35/997 2700/192/997
f 2701/111/997 2700/192/997 2699/35/997
f 2702/194/1160 2703/42/1161 2704/39/1160
f 2705/27/1161 2704/39/1160 2703/42/1161
f 2706/194/1161 2707/42/1162 2708/39/1161
f 2709/27/1162 2708/39/1161 2707/42/1162
f 2710/194/1162 2711/42/1163 2712/39/1162
f 2713/27/1163 2712/39/1162 2711/42/1163
f 2714/111/1164 2715/35/1165 2716/192/1164
f 2717/111/1165 2716/192/1166 2715/35/1165
f 2718/191/1165 2719/35/1167 2720/192/1165
f 2721/111/1167 2720/192/1165 2719/35/1167
f 2722/194/1168 2723/42/1169 2724/39/1168
f 2725/27/1169 2724/39/1170 2723/42/1169
f 2726/194/1171 2727/42/1172 2728/39/1169
f 2729/27/1172 2728/39/1169 2727/42/1172
f 2730/194/1172 2731/42/1173 2732/39/1172
f 2733/27/1174 2732/39/1172 2731/42/1174
f 2734/111/1175 2735/35/1176 2736/192/1175
f 2737/111/1176 2736/192/1175 2735/35/1176
f 2738/191/1176 2739/35/1177 2740/192/1176
f 2741/111/1177 2740/192/1176 2739/35/1177
f 2742/194/1178 2743/42/1179 2744/39/1178
f 2745/27/1180 2744/39/1178 2743/42/1180
f 2746/194/1179 2747/42/1181 2748/39/1179
f 2749/27/1181 2748/39/1179 2747/42/1181
f 2750/194/1181 2751/42/222 2752/39/1181
f 2753/27/222 2752/39/1181 2751/42/222
f 2754/43/225 2755/32/225 2756/195/225
f 2757/196/225 2756/195/225 2755/32/225
f 2758/43/225 2759/32/225 2760/195/225
f 2761/196/225 2760/195/225 2759/32/225
f 2762/43/225 2763/32/225 2764/195/225
f 2765/196/225 2764/195/225 2763/32/225
f 2766/191/225 2767/35/225 2768/192/225
f 2769/111/225 2768/192/225 2767/35/225
f 2770/43/225 2771/32/225 2772/195/225
f 2773/196/225 2772/195/225 2771/32/225
f 2774/43/225 2775/32/225 2776/195/225
f 2777/196/225 2776/195/225 2775/32/225
f 2778/43/225 2779/32/225 2780/195/225
f 2781/196/225 2780/195/225 2779/32/225
f 2782/191/225 2783/35/225 2784/192/225
f 2785/111/225 2784/192/225 2783/35/225
f 2786/191/225 2787/35/225 2788/192/225
f 2789/111/225 2788/192/225 2787/35/225
f 2790/43/225 2791/32/225 2792/195/225
f 2793/196/225 2792/195/225 2791/32/225
f 2794/43/225 2795/32/225 2796/195/225
f 2797/196/225 2796/195/225 2795/32/225
f 2798/43/225 2799/32/225 2800/195/225
f 2801/196/225 2800/195/225 2799/32/225
f 2802/191/1182 2803/35/1183 2804/192/1182
f 2805/111/1183 2804/192/1182 2803/35/1183
f 2806/191/1183 2807/35/1184 2808/192/1183
f 2809/111/1185 2808/192/1183 2807/35/1185
f 2810/43/225 2811/32/225 2812/195/225
f 2813/196/225 2812/195/225 2811/32/225
f 2814/43/225 2815/32/225 2816/195/225
f 2817/196/225 2816/195/225 2815/32/225
f 2818/43/225 2819/32/225 2820/195/225
f 2821/196/225 2820/195/225 2819/32/225
f 2822/91/1186 2823/51/1186 2824/55/1186
f 2825/189/1186 2824/55/1186 2823/51/1186
f 2826/91/1187 2827/197/1187 2828/55/1187
f 2829/198/1187 2828/55/1188 2827/197/1187
f 2830/52/1189 2831/51/1189 2832/48/1189
f 2833/189/1189 2832/48/1189 2831/51/1189
f 2834/91/1190 2835/199/1191 2836/55/1190
f 2837/187/1191 2836/55/1190 2835/199/1191
f 2838/91/1192 2839/197/1192 2840/198/1192
f 2841/198/1192 2840/198/1192 2839/197/1192
f 2842/52/1193 2843/51/1194 2844/48/1193
f 2845/189/1194 2844/48/1193 2843/51/1194
f 2846/91/86 2847/199/202 2848/55/86
f 2849/187/1195 2848/55/86 2847/199/202
f 2850/91/1196 2851/197/1196 2852/55/1196
f 2853/200/1196 2852/55/1196 2851/197/1196
f 2854/52/177 2855/51/1197 2856/48/1198
f 2857/189/1197 2856/48/1199 2855/51/1197
f 2858/22/1200 2859/19/1201 2860/201/1202
f 2861/202/1203 2860/201/1202 2859/19/1201
f 2862/22/159 2863/20/158 2864/203/1204
f 2865/204/1205 2864/203/1206 2863/20/158
f 2866/22/158 2867/19/1207 2868/201/1208
f 2869/202/1209 2868/201/1208 2867/19/163
f 2870/19/167 2871/20/166 2872/19/1210
f 2873/204/1211 2872/19/1210 2871/20/166
f 2874/22/166 2875/19/171 2876/201/1211
f 2877/202/1212 2876/201/1211 2875/19/171
f 2878/57/1213 2879/58/1214 2880/49/1213
f 2881/45/1214 2880/49/1213 2879/58/1214
f 2882/57/1215 2883/58/1216 2884/49/1215
f 2885/45/1217 2884/49/1215 2883/58/1217
f 2886/91/1145 2887/51/1144 2888/55/1145
f 2889/189/1144 2888/55/1145 2887/51/1144
f 2890/205/1202 2891/206/1218 2892/20/1200
f 2893/21/151 2892/20/153 2891/206/1218
f 2894/57/1219 2895/58/1220 2896/49/1219
f 2897/45/1220 2896/49/1221 2895/58/1220
f 2898/57/1222 2899/199/1221 2900/49/1222
f 2901/207/1221 2900/49/1222 2899/199/1221
f 2902/57/1223 2903/58/1224 2904/49/1223
f 2905/45/1224 2904/49/1223 2903/58/1224
f 2906/57/1225 2907/58/1226 2908/55/1225
f 2909/45/1226 2908/55/1225 2907/58/1226
f 2910/57/1227 2911/58/1225 2912/55/1227
f 2913/45/1225 2912/55/1227 2911/58/1225
f 259/37/1228 2914/34/1228 257/35/1228
f 2915/63/1228 257/35/1228 2914/34/1228
f 2916/57/1229 2917/58/1223 2918/49/1229
f 2919/45/1223 2918/49/1229 2917/58/1223
f 2920/48/1230 2921/50/1231 2922/208/1230
f 2923/188/1231 2922/208/1229 2921/50/1231
f 2924/52/1232 2925/199/1233 2926/49/1232
f 2927/45/1233 2926/49/1232 2925/199/1233
f 2928/52/1233 2929/199/1234 2930/49/1233
f 2931/45/1234 2930/49/1233 2929/199/1234
f 2932/52/1234 2933/199/1235 2934/49/1234
f 2935/45/1235 2934/49/1234 2933/199/1236
f 2936/48/1237 2937/50/1238 2938/208/1237
f 2939/188/1238 2938/208/1237 2937/50/1238
f 2940/48/1213 2941/50/1237 2942/208/1213
f 2943/188/1237 2942/208/1213 2941/50/1237
f 2944/48/1239 2945/50/1240 2946/187/1239
f 2947/188/1240 2946/187/1241 2945/50/1240
f 2948/48/1215 2949/50/1239 2950/187/1215
f 2951/188/1241 2950/187/1215 2949/50/1241
f 2952/48/1242 2953/50/1243 2954/209/1244
f 2955/210/1245 2954/209/1244 2953/50/1243
f 2956/48/1243 2957/91/1246 2958/208/1245
f 2959/210/1246 2958/208/1245 2957/91/1246
f 2960/55/1246 2961/91/1247 2962/208/1246
f 2963/188/1247 2962/208/1246 2961/91/1247
f 2964/55/1248 2965/91/1249 2966/187/1248
f 2967/188/1249 2966/187/1248 2965/91/1249
f 269/41/187 2968/66/187 267/39/1250
f 2969/65/185 267/39/185 2968/66/185
f 274/29/190 2970/28/189 272/43/189
f 2971/68/1251 272/43/1251 2970/28/1251
f 2972/48/1222 2973/50/1252 2974/208/1222
f 2975/188/1253 2974/208/1222 2973/50/1253
f 2976/35/1254 2977/192/1254 2978/191/1255
f 2979/35/1255 2978/191/1255 2977/192/1254
f 2980/22/576 2981/22/1254 2982/22/576
f 2983/20/1256 2982/22/576 2981/22/1254
f 2984/19/1257 2985/21/576 2986/22/1257
f 2987/20/576 2986/22/1258 2985/21/576
f 2988/19/1259 2989/22/1260 2990/19/1259
f 2991/19/1260 2990/19/1259 2989/22/1260
f 2992/22/1261 2993/21/1262 2994/19/1261
f 2995/21/1262 2994/19/1261 2993/21/1262
f 2996/19/1263 2997/21/1261 2998/22/1263
f 2999/21/1261 2998/22/1263 2997/21/1261
f 2998/22/1263 3000/22/1264 3001/21/1263
f 3002/19/1264 3001/21/1263 3000/22/1264
f 3003/19/1265 3004/21/1266 3005/22/1265
f 3006/21/1266 3005/22/1265 3004/21/1266
f 3007/22/1267 3008/21/1265 3009/22/1267
f 3010/21/1265 3009/22/1267 3008/21/1265
f 3011/19/1268 3012/19/1268 3013/19/1267
f 3014/20/1267 3013/19/1267 3012/19/1269
f 3015/22/1270 3016/21/1259 3017/22/1270
f 3018/21/1259 3017/22/1270 3016/21/1259
f 3019/19/1271 3020/19/1270 3021/22/1271
f 3022/21/1270 3021/22/1271 3020/19/1270
f 3023/68/1272 3024/40/1273 3025/39/1272
f 3026/27/1273 3025/39/1272 3024/40/1273
f 3027/65/1274 3028/40/1272 3029/39/1274
f 3030/27/1272 3029/39/1274 3028/40/1272
f 3031/68/1275 3032/40/1276 3033/39/1275
f 3034/27/1276 3033/39/1275 3032/40/1276
f 3035/68/1276 3036/40/643 3037/39/1276
f 3038/27/643 3037/39/1276 3036/40/643
f 3039/68/643 3040/60/1277 3041/39/643
f 3042/27/1277 3041/39/643 3040/60/1277
f 3043/68/1273 3044/40/1278 3045/39/1273
f 3046/27/1278 3045/39/1273 3044/40/1278
f 3047/67/1279 3048/40/1280 3049/39/1279
f 3050/27/1280 3049/39/1279 3048/40/1280
f 3051/67/1281 3052/40/1282 3053/39/1281
f 3054/27/1283 3053/39/1281 3052/40/1283
f 3055/68/1283 3056/40/641 3057/39/1283
f 3058/27/641 3057/39/1282 3056/40/641
f 3059/68/641 3060/26/1284 3061/39/641
f 3062/27/1284 3061/39/641 3060/26/1284
f 3063/68/1285 3064/26/1286 3065/39/1285
f 3066/27/1286 3065/39/1285 3064/26/1286
f 3067/68/1280 3068/40/1285 3069/39/1280
f 3070/27/1285 3069/39/1280 3068/40/1285
f 3071/68/1287 3072/40/1288 3073/39/1287
f 3074/27/1288 3073/39/1287 3072/40/1288
f 3075/67/1289 3076/40/1287 3077/39/1289
f 3078/27/1287 3077/39/1289 3076/40/1287
f 3079/67/1290 3080/40/1291 3081/39/1290
f 3082/27/1291 3081/39/1292 3080/40/1291
f 3083/68/1291 3084/40/1293 3085/39/1291
f 3086/27/1293 3085/39/1291 3084/40/1293
f 3087/68/1293 3088/26/1294 3089/39/1293
f 3090/27/1295 3089/39/1293 3088/26/1295
f 3091/68/1288 3092/26/1296 3093/39/1288
f 3094/27/1297 3093/39/1298 3092/26/1297
f 3095/30/1299 3096/211/1300 3097/39/1299
f 3098/27/1301 3097/39/1299 3096/211/1301
f 3099/30/1302 3100/211/1303 3101/39/1302
f 3102/27/1303 3101/39/1302 3100/211/1303
f 3103/30/1303 3104/26/850 3105/39/1303
f 3106/27/851 3105/39/1303 3104/26/851
f 3107/67/851 3108/42/1304 3109/39/851
f 3110/27/1305 3109/39/850 3108/42/1305
f 3111/67/1306 3112/211/1299 3113/39/1306
f 3114/27/1299 3113/39/1306 3112/211/1299
f 3115/194/1307 3116/26/1306 3117/39/1307
f 3118/27/1306 3117/39/1308 3116/26/1306
f 3119/189/194 3120/189/194 3121/189/1309
f 3122/189/1310 3121/189/1311 3120/189/1312
f 3123/194/1313 3124/43/1313 3125/42/1314
f 3126/32/1314 3125/42/1314 3124/43/1315
f 3127/194/1314 3128/43/1314 3129/42/1316
f 3130/32/1316 3129/42/1316 3128/43/1314
f 3131/194/1316 3132/43/1316 3133/42/1317
f 3134/32/1317 3133/42/1317 3132/43/1316
f 3135/194/1318 3136/43/1318 3137/42/1319
f 3138/32/1319 3137/42/1319 3136/43/1318
f 3139/32/1318 3140/42/1318 3141/43/1320
f 3142/194/1321 3141/43/1321 3140/42/1318
f 3143/194/1322 3144/43/1322 3145/42/1323
f 3146/32/1323 3145/42/1323 3144/43/1319
f 3147/194/1324 3148/43/1325 3149/42/1326
f 3150/32/1327 3149/42/1327 3148/43/1325
f 3151/32/1325 3152/42/1325 3153/43/1328
f 3154/194/1328 3153/43/1328 3152/42/1324
f 3155/194/1329 3156/43/1329 3157/42/1330
f 3158/32/1331 3157/42/1332 3156/43/1329
f 3159/32/1329 3160/42/1329 3161/43/213
f 3162/194/213 3161/43/213 3160/42/1329
f 3163/194/1330 3164/43/1330 3165/42/1333
f 3166/32/1333 3165/42/1333 3164/43/1330
f 3167/194/1334 3168/43/1334 3169/42/1335
f 3170/32/1335 3169/42/1335 3168/43/1334
f 3171/39/1336 3172/195/1336 3173/27/1337
f 3174/196/1337 3173/27/1337 3172/195/1336
f 3175/39/1337 3176/195/1337 3177/27/1338
f 3178/196/1338 3177/27/1338 3176/195/1337
f 3179/39/1338 3180/195/1338 3181/27/1339
f 3182/196/1339 3181/27/1339 3180/195/1340
f 3183/196/1341 3184/27/1341 3185/195/1342
f 3186/39/1342 3185/195/1342 3184/27/1343
f 3187/39/1343 3188/195/1343 3189/27/1344
f 3190/196/1344 3189/27/1345 3188/195/1346
f 3191/39/1345 3192/195/1345 3193/27/1347
f 3194/196/1347 3193/27/1347 3192/195/1344
f 3195/196/1348 3196/27/1348 3197/195/1349
f 3198/39/1350 3197/195/1350 3196/27/1348
f 3199/39/1348 3200/195/1348 3201/27/1351
f 3202/196/1351 3201/27/1351 3200/195/1348
f 3203/56/1352 3204/58/1352 3205/91/1353
f 3206/57/1354 3205/91/1354 3204/58/1352
f 3207/188/1352 3208/51/1352 3209/187/1355
f 3210/45/1355 3209/187/1355 3208/51/1352
f 3211/188/1355 3212/51/1355 3213/187/1356
f 3214/45/1356 3213/187/1356 3212/51/1357
f 3215/39/1351 3216/195/1351 3217/27/1358
f 3218/196/1359 3217/27/1359 3216/195/1360
f 3219/52/1361 3220/51/1361 3221/55/1361
f 3222/187/1361 3221/55/1361 3220/51/1361
f 3223/212/1362 3224/35/225 3225/192/1362
f 3226/111/225 3225/192/1362 3224/35/225
f 3227/213/1363 3228/197/1363 3229/48/1363
f 3230/189/1363 3229/48/1363 3228/197/1363
f 3231/212/180 3232/35/1364 3233/212/180
f 3234/35/1365 3233/212/180 3232/35/1365
f 3235/212/88 3236/35/88 3237/212/88
f 3238/35/88 3237/212/88 3236/35/88
f 3239/111/184 3240/111/1366 3241/35/1367
f 3242/35/1367 3241/35/1367 3240/111/184
f 3243/191/1367 3244/191/1367 3245/35/208
f 3246/214/208 3245/35/208 3244/191/1367
f 3247/111/1368 3248/111/1368 3249/35/1369
f 3250/35/1369 3249/35/1369 3248/111/1368
f 3251/191/1370 3252/191/1370 3253/35/1371
f 3254/35/1371 3253/35/1371 3252/191/1370
f 3255/111/1372 3256/111/1372 3257/35/1373
f 3258/35/1374 3257/35/1374 3256/111/1372
f 3259/191/1373 3260/191/1373 3261/35/215
f 3262/35/215 3261/35/215 3260/191/1373
f 3263/212/1375 3264/137/1375 3265/215/196
f 3266/35/195 3265/215/195 3264/137/1376
f 3267/55/1377 3268/49/1377 3269/45/1378
f 3270/45/1379 3269/45/1378 3268/49/1377
f 3271/55/1379 3272/49/1379 3273/45/1380
f 3274/45/1380 3273/45/1380 3272/49/1379
f 3275/55/1380 3276/49/1380 3277/45/1381
f 3278/45/1381 3277/45/1381 3276/49/1380
f 3279/48/1382 3280/55/1382 3281/50/1383
f 3282/91/1383 3281/50/1383 3280/55/1382
f 3283/48/1383 3284/55/1383 3285/91/1384
f 3286/91/1384 3285/91/1384 3284/55/1385
f 3287/55/1384 3288/55/1384 3289/91/1386
f 3290/91/1386 3289/91/1386 3288/55/1384
f 312/38/208 3291/29/208 310/67/206
f 3292/39/206 310/67/206 3291/29/208
f 3293/91/1387 3294/50/1387 3295/55/1388
f 3296/48/1388 3295/55/1388 3294/50/1387
f 3297/91/1388 3298/50/1388 3299/55/1389
f 3300/48/1389 3299/55/1389 3298/50/1388
f 3299/55/1389 3301/49/1389 3302/45/1390
f 3303/45/1390 3302/45/1390 3301/49/1389
f 3304/207/1391 3305/45/1391 3306/49/1392
f 3307/55/1392 3306/49/1392 3305/45/1393
f 3308/55/1391 3309/49/1391 3310/45/1394
f 3311/45/1395 3310/45/1396 3309/49/1393
f 3312/48/1397 3307/55/1397 3313/50/1398
f 3314/91/1398 3313/50/1398 3307/55/1397
f 317/69/1399 3315/28/1371 315/26/210
f 3316/27/209 315/26/209 3315/28/211
f 3317/55/1400 3318/49/1401 3319/45/1402
f 3320/45/1402 3319/45/1402 3318/49/1403
f 3321/48/1403 3317/55/1404 3322/50/1405
f 3323/91/1405 3322/50/1405 3317/55/1406
f 3324/55/1402 3325/49/1402 3326/45/1407
f 3327/45/1407 3326/45/1407 3325/49/1402
f 3328/91/1408 3329/50/1408 3330/55/1409
f 3331/48/1409 3330/55/1409 3329/50/1410
f 3332/48/1411 3333/55/1411 3334/50/1412
f 3335/91/1412 3334/50/1412 3333/55/1408
f 3330/55/1409 3336/49/1409 3337/45/1413
f 3338/45/1413 3337/45/1413 3336/49/1414
f 3339/216/1415 3340/217/1415 3341/19/1271
f 3342/20/1271 3341/19/1271 3340/217/1415
f 322/42/215 3343/24/215 320/25/212
f 3344/43/214 320/25/214 3343/24/215
f 3345/50/1144 3346/188/1144 3347/55/1144
f 3348/193/1144 3347/55/1144 3346/188/1144
f 3349/91/1416 3350/91/1416 3351/55/1417
f 3352/55/1417 3351/55/1417 3350/91/1416
f 3353/45/1416 3354/189/1416 3355/186/1418
f 3356/55/1418 3355/186/1418 3354/189/1416
f 3357/91/1417 3358/91/1417 3359/55/1419
f 3360/55/1419 3359/55/1419 3358/91/1417
f 3361/55/1420 3362/55/1420 3363/91/1421
f 3364/91/1421 3363/91/1421 3362/55/1420
f 3365/45/1421 3366/189/1421 3367/55/1422
f 3368/55/1422 3367/55/1422 3366/189/1421
f 3369/45/1422 3370/45/1422 3371/55/1423
f 3372/55/1424 3371/55/1424 3370/45/1422
f 3373/218/1425 3374/219/1426 3375/220/1427
f 3376/220/1428 3375/220/1427 3374/219/1426
f 3377/221/1429 3378/222/1425 3379/222/1430
f 3380/221/1431 3379/222/1430 3378/222/1425
f 3381/221/1432 3382/222/1433 3383/221/1434
f 3384/222/1435 3383/221/1436 3382/222/1433
f 3385/223/1437 3386/224/1438 3387/225/1439
f 3388/226/1440 3387/225/1441 3386/224/1442
f 3389/223/1439 3390/224/1440 3391/225/1443
f 3392/226/1444 3391/225/1443 3390/224/1445
f 3393/227/1446 3394/228/1447 3395/219/1448
f 3396/220/1449 3395/219/1448 3394/228/1447
f 3394/228/1447 3397/228/1450 3396/220/1449
f 3398/218/1451 3396/220/1452 3397/228/1450
f 3397/228/1453 3399/229/1454 3398/218/1455
f 3400/228/1456 3398/218/1455 3399/229/1457
f 3401/230/1458 3402/231/1459 3403/230/1460
f 3404/231/1448 3403/230/1461 3402/231/1459
f 3405/230/1454 3406/231/1462 3407/230/1456
f 3408/231/1463 3407/230/1456 3406/231/1462
f 3409/230/1464 3410/231/1465 3411/230/1466
f 3412/231/1467 3411/230/1466 3410/231/1458
f 3413/230/1468 3414/231/1469 3415/230/1470
f 3416/221/1471 3415/230/1470 3414/231/1469
f 3417/230/1472 3418/231/1473 3419/230/1471
f 3420/230/1474 3419/230/1475 3418/231/1476
f 3421/230/1477 3422/231/1478 3423/231/1479
f 3424/221/1480 3423/231/1479 3422/231/1481
f 3425/230/1478 3426/231/1482 3427/230/1480
f 3428/231/1483 3427/230/1484 3426/231/1482
f 3429/223/1485 3430/224/1486 3431/225/1487
f 3432/226/1488 3431/225/1487 3430/224/1489
f 3433/223/1490 3434/224/1491 3387/225/1441
f 3435/226/1437 3387/225/1439 3434/224/1491
f 3392/226/1444 3436/225/1492 3437/224/1493
f 3438/223/1486 3437/224/1494 3436/225/1492
f 3439/223/1493 3440/224/1495 3441/225/1444
f 3442/226/1496 3441/225/1497 3440/224/1498
f 3443/223/1498 3444/224/1490 3391/225/1496
f 3445/226/1499 3391/225/1443 3444/224/1490
f 3446/230/1448 3447/231/1449 3448/222/1426
f 3449/221/1428 3448/222/1426 3447/231/1449
f 3450/230/1452 3451/231/1451 3452/222/1500
f 3453/221/1427 3452/222/1501 3451/231/1455
f 3454/230/1502 3455/231/1456 3456/222/1503
f 3457/221/1425 3456/222/1427 3455/231/1504
f 3448/222/1426 3458/222/1505 3446/230/1506
f 3403/230/1467 3446/230/1506 3458/222/1429
f 3407/230/1504 3459/230/1507 3378/222/1425
f 3460/222/1431 3378/222/1425 3459/230/1463
f 3458/222/1429 3461/221/1430 3403/230/1508
f 3462/231/1509 3403/230/1461 3461/221/1510
f 3415/230/1470 3463/231/1471 3382/222/1511
f 3464/221/1512 3382/222/1513 3463/231/1471
f 3419/230/1475 3465/231/1474 3466/222/1512
f 3467/221/1514 3466/222/1512 3465/231/1515
f 3468/232/1516 3469/233/1480 3470/234/1436
f 3471/234/1517 3470/234/1434 3469/233/1518
f 3469/233/1518 3472/233/1483 3471/234/1519
f 3473/234/1520 3471/234/1517 3472/233/1483
f 3474/227/1521 3468/232/1479 3470/234/1436
f 3475/227/1515 3474/227/1522 3476/228/1523
f 3470/234/1434 3476/228/1524 3474/227/1525
f 3477/223/1440 3386/224/1526 3436/225/1492
f 3478/226/1487 3436/225/1488 3386/224/1527
f 3479/233/1528 3480/219/1529 3481/234/1530
f 3482/219/1531 3481/234/1530 3480/219/1529
f 3483/221/1532 3484/222/1533 3485/222/1534
f 3486/221/1535 3485/222/1534 3484/222/1528
f 3487/221/1536 3488/222/1537 3489/221/1538
f 3490/222/1539 3489/221/1540 3488/222/1537
f 3491/223/1541 3492/224/1542 3493/225/1543
f 3494/226/1544 3493/225/1545 3492/224/1542
f 3495/223/1545 3496/224/1546 3497/225/1547
f 3498/226/1548 3497/225/1549 3496/224/1544
f 3499/233/1550 3500/227/1551 3501/234/1552
f 3502/219/1553 3501/234/1554 3500/227/1555
f 3503/235/1551 3504/236/1556 3505/221/1557
f 3506/237/1558 3505/221/1559 3504/236/1556
f 3507/227/1556 3508/238/1560 3509/234/1558
f 3510/232/1561 3509/234/1558 3508/238/1560
f 3511/230/1562 3512/231/1550 3513/230/1563
f 3514/231/1554 3513/230/1563 3512/231/1550
f 3515/230/1564 3516/231/1565 3517/230/1561
f 3518/231/1566 3517/230/1561 3516/231/1567
f 3519/230/1568 3520/231/1569 3521/230/1570
f 3522/231/1563 3521/230/1570 3520/231/1569
f 3523/230/1571 3524/231/1572 3525/230/1573
f 3526/221/1574 3525/230/1573 3524/231/1572
f 3527/230/1572 3528/231/1575 3529/230/1576
f 3530/230/1577 3529/230/1574 3528/231/1578
f 3531/230/1579 3532/231/1580 3533/231/1581
f 3534/221/1582 3533/231/1583 3532/231/1584
f 3535/230/1584 3536/231/1585 3537/230/1582
f 3538/231/1586 3537/230/1582 3536/231/1585
f 3539/223/1587 3540/224/1588 3541/225/1589
f 3542/226/1590 3541/225/1589 3540/224/1588
f 3543/223/1591 3544/224/1592 3493/225/1543
f 3545/226/1541 3493/225/1593 3544/224/1592
f 3546/223/1588 3547/224/1594 3548/225/1590
f 3498/226/1548 3548/225/1590 3547/224/1595
f 3549/223/1594 3550/224/1596 3551/225/1597
f 3552/226/1547 3551/225/1548 3550/224/1596
f 3553/223/1596 3554/224/1591 3497/225/1547
f 3555/226/1598 3497/225/1547 3554/224/1591
f 3556/230/1554 3557/231/1557 3558/222/1599
f 3559/221/1600 3558/222/1599 3557/231/1557
f 3560/230/1553 3561/231/1558 3562/222/1531
f 3563/221/1530 3562/222/1601 3561/231/1602
f 3564/230/1558 3565/231/1561 3566/222/1530
f 3567/221/1528 3566/222/1530 3565/231/1603
f 3558/222/1599 3568/222/1604 3556/230/1554
f 3513/230/1605 3556/230/1554 3568/222/1606
f 3517/230/1561 3569/230/1566 3484/222/1528
f 3570/222/1535 3484/222/1533 3569/230/1566
f 3571/231/1570 3513/230/1605 3572/221/1534
f 3568/222/1532 3572/221/1534 3513/230/1563
f 3525/230/1607 3573/231/1574 3488/222/1537
f 3574/221/1608 3488/222/1609 3573/231/1574
f 3529/230/1610 3575/231/1611 3576/222/1612
f 3577/221/1539 3576/222/1613 3575/231/1611
f 3578/232/1614 3579/232/1582 3580/233/1538
f 3581/233/1615 3580/233/1538 3579/232/1582
f 3579/232/1582 3582/233/1586 3581/233/1615
f 3583/233/1616 3581/233/1617 3582/233/1586
f 3584/232/1618 3578/232/1619 3580/233/1538
f 3580/233/1538 3585/233/1539 3584/232/1620
f 3586/232/1611 3584/232/1620 3585/233/1539
f 3587/223/1621 3492/224/1622 3548/225/1590
f 3588/226/1589 3548/225/1590 3492/224/1542
f 3589/232/1623 3590/234/1624 3591/233/1625
f 3592/234/1626 3591/233/1627 3590/234/1624
f 3593/221/1628 3594/222/1623 3595/222/1629
f 3596/221/1630 3595/222/1629 3594/222/1631
f 3597/221/1632 3598/222/1633 3599/221/1634
f 3600/222/1635 3599/221/1634 3598/222/1633
f 3601/223/1636 3602/224/1637 3603/225/1638
f 3604/226/1639 3603/225/1638 3602/224/1640
f 3605/223/1638 3606/224/1639 3607/225/1641
f 3608/226/1642 3607/225/1643 3606/224/1639
f 3609/232/1644 3610/232/1645 3611/233/1646
f 3612/233/1647 3611/233/1646 3610/232/1645
f 3610/232/1648 3613/232/1649 3612/233/1647
f 3614/233/1650 3612/233/1647 3613/232/1649
f 3613/232/1649 3615/238/1651 3614/233/1650
f 3616/232/665 3614/233/1650 3615/238/1652
f 3617/230/1653 3618/231/1654 3619/230/1655
f 3620/231/1646 3619/230/1655 3618/231/1654
f 3621/230/1651 3622/231/1656 3623/230/665
f 3624/231/1657 3623/230/665 3622/231/1656
f 3625/230/1658 3626/231/1659 3627/230/1660
f 3628/231/1655 3627/230/1660 3626/231/1653
f 3629/230/1661 3630/231/1662 3631/230/1663
f 3632/221/1664 3631/230/1663 3630/231/1665
f 3633/230/1666 3634/231/1667 3635/230/1668
f 3636/230/1669 3635/230/1668 3634/231/1670
f 3637/230/1671 3638/231/1672 3639/231/1673
f 3640/221/1674 3639/231/1673 3638/231/1675
f 3641/230/1676 3642/231/1677 3643/230/1678
f 3644/231/1679 3643/230/1674 3642/231/1677
f 3645/223/1680 3646/224/1681 3647/225/1682
f 3648/226/1683 3647/225/1682 3646/224/1681
f 3649/223/1684 3650/224/1685 3603/225/1638
f 3651/226/1686 3603/225/1638 3650/224/1685
f 3652/223/1681 3653/224/1687 3654/225/1688
f 3608/226/1642 3654/225/1683 3653/224/1687
f 3655/223/1687 3656/224/1689 3657/225/1642
f 3658/226/1690 3657/225/1642 3656/224/1689
f 3659/223/1691 3660/224/1684 3607/225/1641
f 3661/226/1638 3607/225/1641 3660/224/1684
f 3662/230/1646 3663/231/1647 3664/222/1624
f 3665/221/1626 3664/222/1624 3663/231/1647
f 3666/230/1647 3667/231/1650 3668/222/1692
f 3669/221/1693 3668/222/1692 3667/231/1650
f 3670/230/1650 3671/231/1694 3672/222/1627
f 3673/221/1631 3672/222/1627 3671/231/1694
f 3619/230/1655 3662/230/1646 3674/222/1628
f 3664/222/1624 3674/222/1628 3662/230/1646
f 3623/230/665 3675/230/1695 3594/222/1696
f 3676/222/1630 3594/222/1631 3675/230/1657
f 3674/222/1697 3677/221/1629 3619/230/1655
f 3678/231/1698 3619/230/1655 3677/221/1629
f 3631/230/1663 3679/231/1668 3598/222/1699
f 3680/221/1700 3598/222/1633 3679/231/1664
f 3635/230/1664 3681/231/1701 3682/222/1702
f 3683/221/1703 3682/222/1704 3681/231/1669
f 3684/239/1705 3685/239/1678 3686/240/1634
f 3687/240/1706 3686/240/1634 3685/239/1678
f 3685/239/1678 3688/239/1707 3687/240/1708
f 3689/240/1709 3687/240/1708 3688/239/1707
f 3690/239/1710 3684/239/1673 3686/240/1634
f 3691/241/1669 3690/239/1711 3692/239/1703
f 3686/240/1634 3692/239/1635 3690/239/1712
f 3693/223/1639 3602/224/1637 3654/225/1713
f 3694/226/1682 3654/225/1688 3602/224/1637
f 3695/218/1714 3696/220/1715 3697/219/784
f 3698/220/1716 3697/219/784 3696/220/1715
f 3699/221/1717 3700/222/1718 3701/222/1714
f 3702/221/1719 3701/222/1714 3700/222/1720
f 3703/221/1721 3704/221/1722 3705/222/1723
f 3706/222/1724 3705/222/1723 3704/221/1722
f 3707/223/1725 3708/225/1726 3709/224/1727
f 3710/226/1728 3709/224/1729 3708/225/1726
f 3711/223/1726 3712/225/1730 3713/224/1728
f 3714/226/1731 3713/224/1728 3712/225/1730
f 3715/227/1732 3716/219/1733 3717/228/1734
f 3718/220/1735 3717/228/1734 3716/219/1733
f 3717/228/1734 3718/220/1736 3719/228/1737
f 3720/218/1738 3719/228/1737 3718/220/1735
f 3719/228/1737 3720/218/1739 3721/229/1740
f 3722/228/1741 3721/229/1742 3720/218/1743
f 3723/230/1744 3724/230/1745 3725/231/1746
f 3726/231/1747 3725/231/1732 3724/230/1748
f 3727/230/1740 3728/230/1741 3729/231/1749
f 3730/231/1750 3729/231/1749 3728/230/1741
f 3731/230/1751 3732/230/1752 3733/231/1753
f 3734/231/1754 3733/231/1744 3732/230/1752
f 3735/230/1755 3736/230/1756 3737/231/1757
f 3738/221/1758 3737/231/1757 3736/230/1759
f 3739/230/1760 3740/230/1761 3741/231/1762
f 3742/230/1763 3741/231/1764 3740/230/1765
f 3743/230/1766 3744/231/1767 3745/231/1768
f 3746/221/1769 3745/231/1768 3744/231/1770
f 3747/230/1771 3748/230/1772 3749/231/1773
f 3750/231/1774 3749/231/1773 3748/230/1772
f 3751/223/1775 3752/225/1776 3753/224/1777
f 3754/226/1778 3753/224/1777 3752/225/1776
f 3755/223/1779 3708/225/1726 3756/224/1780
f 3757/226/1725 3756/224/1780 3708/225/1726
f 3758/223/1777 3759/225/1778 3760/224/1781
f 3714/226/1731 3760/224/1782 3759/225/1783
f 3761/223/1782 3762/225/1731 3763/224/1784
f 3764/226/1785 3763/224/1786 3762/225/1787
f 3765/223/1786 3712/225/1785 3766/224/1788
f 3767/226/1726 3766/224/1788 3712/225/1730
f 3768/230/1789 3769/222/784 3770/231/1735
f 3771/221/1716 3770/231/1735 3769/222/1790
f 3772/230/1735 3773/222/1791 3774/231/1738
f 3775/221/1715 3774/231/1792 3773/222/1793
f 3776/230/1739 3777/222/1794 3778/231/1741
f 3779/221/1714 3778/231/1795 3777/222/1715
f 3769/222/784 3768/230/1747 3780/222/1796
f 3724/230/1754 3780/222/1717 3768/230/1747
f 3728/230/1741 3701/222/1714 3781/230/1797
f 3782/222/1719 3781/230/1750 3701/222/1714
f 3783/231/1798 3784/221/1720 3724/230/1799
f 3780/222/1800 3724/230/1748 3784/221/1720
f 3736/230/1759 3705/222/1801 3785/231/1761
f 3786/221/1802 3785/231/1803 3705/222/1801
f 3740/230/1761 3787/222/1804 3788/231/1805
f 3789/221/1724 3788/231/1763 3787/222/1806
f 3790/232/1770 3791/234/1722 3792/233/1772
f 3793/234/1807 3792/233/1808 3791/234/1722
f 3792/233/1769 3793/234/1809 3794/233/1774
f 3795/234/1810 3794/233/1774 3793/234/1807
f 3791/234/1722 3796/227/1811 3797/228/1724
f 3798/227/1805 3797/228/1724 3796/227/1812
f 3796/227/1811 3791/234/1813 3790/232/1767
f 3799/223/1814 3759/225/1778 3709/224/1815
f 3800/226/1816 3709/224/1729 3759/225/1817
f 3801/233/1818 3802/234/1819 3803/219/1820
f 3804/219/1821 3803/219/1820 3802/234/1819
f 3805/221/1822 3806/222/1823 3807/222/1818
f 3808/221/1824 3807/222/1818 3806/222/1823
f 3809/221/1825 3810/221/1826 3811/222/1827
f 3812/222/1828 3811/222/1827 3810/221/1826
f 3813/223/1829 3814/225/1830 3815/224/1831
f 3816/226/1832 3815/224/1831 3814/225/1833
f 3817/223/1834 3818/225/1835 3819/224/1832
f 3820/226/1836 3819/224/1832 3818/225/1837
f 3821/233/1838 3822/234/1839 3823/227/1840
f 3824/219/1841 3823/227/1842 3822/234/1843
f 3825/235/1842 3826/221/1841 3827/236/1844
f 3828/237/1845 3827/236/1846 3826/221/1847
f 3829/227/1846 3830/234/1848 3831/238/1849
f 3832/232/1850 3831/238/1849 3830/234/1848
f 3833/230/1851 3834/230/1852 3835/231/1838
f 3836/231/1853 3835/231/1838 3834/230/1852
f 3837/230/1849 3838/230/1850 3839/231/1854
f 3840/231/1855 3839/231/1854 3838/230/1850
f 3841/230/1856 3842/230/1857 3843/231/1851
f 3844/231/1858 3843/231/1851 3842/230/1857
f 3845/230/1859 3846/230/1860 3847/231/1861
f 3848/221/1862 3847/231/1861 3846/230/1860
f 3849/230/1861 3850/230/1863 3851/231/1864
f 3852/230/1577 3851/231/1865 3850/230/1866
f 3853/230/1867 3854/231/1868 3855/231/1869
f 3856/221/1870 3855/231/1871 3854/231/1872
f 3857/230/1871 3858/230/1873 3859/231/1874
f 3860/231/1875 3859/231/1876 3858/230/1870
f 3861/223/1877 3862/225/1878 3863/224/1879
f 3864/226/1880 3863/224/1879 3862/225/1878
f 3865/223/1881 3814/225/1882 3866/224/1883
f 3867/226/1829 3866/224/1883 3814/225/1830
f 3820/226/1884 3868/224/1885 3869/225/1886
f 3870/223/1879 3869/225/1880 3868/224/1887
f 3871/223/1885 3872/225/1884 3873/224/1888
f 3874/226/1835 3873/224/1888 3872/225/1884
f 3875/223/1888 3818/225/1837 3876/224/1881
f 3877/226/1889 3876/224/1881 3818/225/1837
f 3878/230/1853 3879/222/1890 3880/231/1891
f 3881/221/1892 3880/231/1891 3879/222/1890
f 3882/230/1847 3883/222/1892 3884/231/1848
f 3885/221/1819 3884/231/1848 3883/222/1892
f 3886/230/1848 3887/222/1819 3888/231/1850
f 3889/221/1818 3888/231/1850 3887/222/1819
f 3879/222/1890 3878/230/1853 3890/222/1893
f 3834/230/1858 3890/222/1894 3878/230/1853
f 3838/230/1850 3807/222/1818 3891/230/1895
f 3892/222/1824 3891/230/1855 3807/222/1896
f 3893/231/1857 3894/221/1823 3834/230/1858
f 3890/222/1822 3834/230/1852 3894/221/1823
f 3846/230/1860 3811/222/1897 3895/231/1866
f 3896/221/1898 3895/231/1862 3811/222/1897
f 3850/230/1866 3897/222/1899 3898/231/1611
f 3899/221/1828 3898/231/1577 3897/222/1898
f 3900/232/1868 3901/233/1826 3902/232/1873
f 3903/233/1900 3902/232/1873 3901/233/1826
f 3902/232/1870 3903/233/1901 3904/233/1875
f 3905/233/1902 3904/233/1875 3903/233/1900
f 3906/232/1611 3907/233/1828 3908/232/1903
f 3908/232/1904 3901/233/1905 3900/232/1906
f 3901/233/1826 3908/232/1903 3907/233/1828
f 3909/223/1832 3869/225/1880 3815/224/1831
f 3910/226/1878 3815/224/1831 3869/225/1880
f 3911/232/1907 3912/233/1908 3913/234/1909
f 3914/234/1910 3913/234/1909 3912/233/1911
f 3915/221/1912 3916/222/1913 3917/222/1914
f 3918/221/1915 3917/222/1914 3916/222/1913
f 3919/221/1916 3920/221/1917 3921/222/1918
f 3922/222/1919 3921/222/1918 3920/221/1917
f 3923/223/1920 3924/225/1921 3925/224/1922
f 3926/226/1923 3925/224/1922 3924/225/1921
f 3927/223/1921 3928/225/1924 3929/224/1925
f 3930/226/1926 3929/224/1923 3928/225/1924
f 3931/232/1927 3932/233/1928 3933/232/1929
f 3934/233/1930 3933/232/1929 3932/233/1928
f 3933/232/1931 3934/233/1930 3935/232/1932
f 3936/233/1933 3935/232/1932 3934/233/1930
f 3935/232/1932 3936/233/1933 3937/238/1934
f 3938/232/1935 3937/238/1936 3936/233/1933
f 3939/230/1937 3940/230/1938 3941/231/1939
f 3942/231/1928 3941/231/1939 3940/230/1938
f 3943/230/1934 3944/230/1935 3945/231/1940
f 3946/231/1941 3945/231/1940 3944/230/1935
f 3947/230/1942 3948/230/1943 3949/231/1944
f 3950/231/1938 3949/231/1937 3948/230/1943
f 3951/230/1945 3952/230/1946 3953/231/1947
f 3954/221/1948 3953/231/1947 3952/230/1946
f 3955/230/1949 3956/230/1950 3957/231/1951
f 3958/230/1952 3957/231/1953 3956/230/1950
f 3959/230/1954 3960/231/1955 3961/231/1956
f 3962/221/1957 3961/231/1958 3960/231/1955
f 3963/230/1959 3964/230/1960 3965/231/1961
f 3966/231/1962 3965/231/1961 3964/230/1960
f 3967/223/1963 3968/225/1964 3969/224/1965
f 3970/226/1966 3969/224/1965 3968/225/1964
f 3971/223/1967 3924/225/1921 3972/224/1968
f 3973/226/1969 3972/224/1968 3924/225/1921
f 3974/223/1965 3975/225/1970 3976/224/1971
f 3930/226/1926 3976/224/1971 3975/225/1970
f 3977/223/1971 3978/225/1926 3979/224/1972
f 3980/226/1924 3979/224/1972 3978/225/1926
f 3981/223/1972 3928/225/1924 3982/224/1967
f 3983/226/1921 3982/224/1967 3928/225/1924
f 3984/230/1928 3985/222/1973 3986/231/1930
f 3987/221/1974 3986/231/1975 3985/222/1909
f 3988/230/1930 3989/222/1976 3990/231/1933
f 3991/221/1977 3990/231/1933 3989/222/1974
f 3992/230/1933 3993/222/1911 3994/231/1978
f 3995/221/1914 3994/231/1978 3993/222/1977
f 3985/222/1909 3984/230/1928 3996/222/1979
f 3940/230/1938 3996/222/1980 3984/230/1981
f 3944/230/1935 3917/222/1914 3997/230/1941
f 3998/222/1915 3997/230/1982 3917/222/1907
f 3999/231/1983 4000/221/1913 3940/230/1938
f 3996/222/1912 3940/230/1938 4000/221/1913
f 3952/230/1946 3921/222/1918 4001/231/1950
f 4002/221/1984 4001/231/1948 3921/222/1918
f 3956/230/1948 4003/222/1985 4004/231/1986
f 4005/221/1987 4004/231/1952 4003/222/1988
f 4006/239/1989 4007/240/1917 4008/239/1960
f 4009/240/1990 4008/239/1960 4007/240/1917
f 4008/239/1960 4009/240/1991 4010/239/1962
f 4011/240/1992 4010/239/1993 4009/240/1991
f 4012/241/1952 4013/239/1994 4014/239/1995
f 4007/240/1917 4014/239/1996 4013/239/1919
f 4014/239/1997 4007/240/1917 4006/239/1955
f 4015/223/1923 3975/225/1998 3925/224/1922
f 4016/226/1964 3925/224/1922 3975/225/1966
f 4017/242/1999 4018/243/2000 4019/242/2001
f 4020/244/2002 4019/242/2001 4018/243/2000
f 4021/245/2003 4022/246/2004 4023/247/2005
f 4024/247/2004 4023/247/2005 4022/246/2004
f 4025/245/2004 4026/248/2006 4024/247/2004
f 4027/249/2007 4024/247/2004 4026/248/2006
f 4028/230/2008 4029/231/2009 4030/222/2008
f 4031/221/2009 4030/222/2008 4029/231/2009
f 4032/230/2010 4033/231/2011 4034/222/2009
f 4035/221/2011 4034/222/2009 4033/231/2011
f 4036/230/2012 4037/231/2013 4038/222/2012
f 4039/221/2014 4038/222/2012 4037/231/2014
f 4040/230/2015 4041/231/2015 4042/222/2016
f 4043/221/2016 4042/222/2016 4041/231/2015
f 4020/244/2002 4018/243/2000 4044/242/2017
f 4045/242/2018 4044/242/2017 4018/243/2000
f 4046/245/2019 4047/250/2020 4048/247/2021
f 4049/250/2021 4048/247/2021 4047/250/2020
f 4050/245/2021 4051/246/2021 4052/251/2007
f 4053/252/2007 4052/251/2006 4051/246/2021
f 4054/230/2008 4055/231/2008 4056/222/2022
f 4057/221/2022 4056/222/2022 4055/231/2008
f 4058/230/2022 4059/231/2023 4060/222/2011
f 4035/221/2011 4060/222/2011 4059/231/2022
f 4061/230/749 4062/231/749 4063/222/2024
f 4064/221/2025 4063/222/2025 4062/231/749
f 4065/230/2026 4066/231/2016 4067/222/2026
f 4043/221/2016 4067/222/2026 4066/231/2016
f 4068/253/2027 4069/254/2028 4070/255/2029
f 4071/255/2030 4070/255/2031 4069/254/2028
f 4072/256/2032 4073/257/2027 4074/257/2033
f 4075/256/2034 4074/257/2033 4073/257/2027
f 4076/256/2035 4077/257/2036 4078/256/2037
f 4079/257/2038 4078/256/2037 4077/257/2036
f 4080/223/2039 4081/224/2040 4082/225/2041
f 4083/226/2042 4082/225/2043 4081/224/2040
f 4084/223/2044 4085/224/2042 4086/225/2045
f 4087/226/2046 4086/225/2045 4085/224/2042
f 4088/258/2047 4089/258/2048 4090/259/2049
f 4091/255/2050 4090/259/2051 4089/258/2048
f 4089/258/2048 4092/258/2052 4091/255/2050
f 4093/255/2053 4091/255/2054 4092/258/2055
f 4092/258/2056 4094/260/2057 4093/255/2053
f 4095/258/2058 4093/255/2059 4094/260/2060
f 4096/141/2061 4097/261/2062 4098/141/2063
f 4099/261/2051 4098/141/2064 4097/261/2062
f 4100/141/2065 4101/261/2066 4102/141/2058
f 4103/261/2067 4102/141/2058 4101/261/2066
f 4104/141/2068 4105/261/2069 4106/141/2070
f 4107/261/2064 4106/141/2070 4105/261/2069
f 4108/141/2071 4109/261/2072 4110/141/2073
f 4111/256/2074 4110/141/2073 4109/261/2075
f 4112/141/2075 4113/261/2076 4114/141/2077
f 4115/141/2078 4114/141/2077 4113/261/2076
f 4116/141/2079 4117/261/2080 4118/261/2081
f 4119/256/2082 4118/261/2081 4117/261/2080
f 4120/141/2083 4121/261/1961 4122/141/2084
f 4123/261/2085 4122/141/2086 4121/261/1961
f 4124/223/2087 4125/224/2088 4126/225/2089
f 4127/226/2090 4126/225/2089 4125/224/2088
f 4128/223/2091 4129/224/2092 4082/225/2043
f 4130/226/2093 4082/225/2043 4129/224/2092
f 4087/226/2046 4131/225/2094 4132/224/2095
f 4133/223/2088 4132/224/2095 4131/225/2090
f 4134/223/2096 4135/224/2097 4136/225/2046
f 4137/226/2098 4136/225/2046 4135/224/2099
f 4138/223/2099 4139/224/2091 4086/225/2098
f 4140/226/2100 4086/225/2098 4139/224/2091
f 4141/141/2101 4142/261/2050 4143/257/2028
f 4144/256/2102 4143/257/2103 4142/261/2054
f 4145/141/2054 4146/261/2059 4147/257/2102
f 4148/256/2029 4147/257/2102 4146/261/2104
f 4149/141/2059 4150/261/2105 4151/257/2031
f 4152/256/2027 4151/257/2029 4150/261/2058
f 4143/257/2028 4153/257/2106 4141/141/2049
f 4098/141/2107 4141/141/2108 4153/257/2106
f 4102/141/2105 4154/141/2109 4073/257/2027
f 4155/257/2110 4073/257/2027 4154/141/2111
f 4153/257/2112 4156/256/2033 4098/141/2107
f 4157/261/2113 4098/141/2114 4156/256/2033
f 4110/141/2115 4158/261/2077 4077/257/2036
f 4159/256/2116 4077/257/2036 4158/261/2074
f 4114/141/2077 4160/261/2117 4161/257/2116
f 4162/256/2038 4161/257/2116 4160/261/2078
f 4163/262/2081 4164/262/2118 4165/263/2119
f 4166/263/2120 4165/263/2037 4164/262/2084
f 4164/262/2084 4167/262/2085 4166/263/2121
f 4168/263/2122 4166/263/2120 4167/262/2085
f 4169/258/2123 4163/262/2124 4165/263/2119
f 4165/263/2037 4170/253/2125 4169/258/2126
f 4171/260/2127 4169/258/2123 4170/253/2128
f 4172/223/2129 4081/224/2130 4131/225/2090
f 4173/226/2131 4131/225/2094 4081/224/2132
f 4174/263/2133 4175/259/2134 4176/259/2135
f 4177/259/2136 4176/259/2135 4175/259/2134
f 4178/256/2137 4179/257/2133 4180/257/2138
f 4181/256/2139 4180/257/2138 4179/257/2133
f 4182/256/2140 4183/257/2141 4184/256/2142
f 4185/257/2143 4184/256/2142 4183/257/2141
f 4186/223/2144 4187/224/2145 4188/225/2146
f 4189/226/2147 4188/225/2146 4187/224/2145
f 4190/223/2148 4191/224/2147 4192/225/2149
f 4193/226/2150 4192/225/2149 4191/224/2151
f 4194/262/2152 4195/258/2153 4196/259/2154
f 4197/259/2155 4196/259/2156 4195/258/2153
f 4198/142/2153 4199/264/2157 4200/256/2158
f 4201/265/2159 4200/256/2155 4199/264/2157
f 4202/260/2160 4203/266/2161 4204/263/2159
f 4205/262/2162 4204/263/2159 4203/266/2161
f 4206/141/2163 4207/261/2164 4208/141/2165
f 4209/261/2166 4208/141/2167 4207/261/2164
f 4210/141/2161 4211/261/2168 4212/141/2162
f 4213/261/2169 4212/141/2162 4211/261/2170
f 4214/141/2171 4215/261/2163 4216/141/2172
f 4217/261/2167 4216/141/2172 4215/261/2173
f 4218/141/2174 4219/261/2175 4220/141/2176
f 4221/256/2177 4220/141/2178 4219/261/2175
f 4222/141/2175 4223/261/2179 4224/141/2180
f 4225/141/2181 4224/141/2182 4223/261/2183
f 4226/141/2184 4227/261/2185 4228/261/2186
f 4229/256/2187 4228/261/2186 4227/261/2188
f 4230/141/2188 4231/261/2189 4232/141/2190
f 4233/261/2191 4232/141/2187 4231/261/2189
f 4234/223/2192 4235/224/2193 4236/225/2194
f 4237/226/2195 4236/225/2194 4235/224/2193
f 4238/223/2196 4239/224/2197 4188/225/2148
f 4240/226/2198 4188/225/2148 4239/224/2197
f 4193/226/2199 4241/225/2195 4242/224/2200
f 4243/223/2193 4242/224/2201 4241/225/2195
f 4244/223/2201 4245/224/2202 4246/225/2150
f 4247/226/2203 4246/225/2150 4245/224/2204
f 4248/223/2202 4249/224/2196 4192/225/2203
f 4250/226/2205 4192/225/2203 4249/224/2196
f 4251/141/2156 4252/261/2206 4253/257/2207
f 4254/256/2136 4253/257/2207 4252/261/2206
f 4255/141/2158 4256/261/2159 4257/257/2208
f 4258/256/2135 4257/257/2136 4256/261/2159
f 4259/141/2209 4260/261/2162 4261/257/2135
f 4262/256/2133 4261/257/2135 4260/261/2210
f 4208/141/2167 4251/141/2156 4263/257/2211
f 4253/257/2207 4263/257/2212 4251/141/2154
f 4212/141/2162 4264/141/2169 4179/257/2213
f 4265/257/2139 4179/257/2133 4264/141/2214
f 4263/257/2137 4266/256/2138 4208/141/2167
f 4267/261/2172 4208/141/2167 4266/256/2138
f 4220/141/2178 4268/261/2182 4183/257/2141
f 4269/256/2215 4183/257/2141 4268/261/2180
f 4224/141/2182 4270/261/2216 4271/257/2217
f 4272/256/2143 4271/257/2218 4270/261/2181
f 4273/267/2219 4274/262/2187 4275/262/2142
f 4276/263/2220 4275/262/2142 4274/262/2187
f 4274/262/2187 4277/262/2191 4276/263/2221
f 4278/263/2222 4276/263/2220 4277/262/2191
f 4279/262/2223 4273/267/2224 4275/262/2142
f 4275/262/2142 4280/262/2143 4279/262/2225
f 4281/267/2216 4279/262/2225 4280/262/2143
f 4282/223/2151 4187/224/2226 4241/225/2195
f 4283/226/2194 4241/225/2195 4187/224/2145
f 4284/262/2227 4285/263/2228 4286/263/2229
f 4287/263/2230 4286/263/2231 4285/263/2228
f 4288/256/2232 4289/257/2233 4290/257/2234
f 4291/256/2235 4290/257/2234 4289/257/2236
f 4292/256/2237 4293/257/2238 4294/256/2239
f 4295/257/2240 4294/256/2241 4293/257/2242
f 4296/223/2243 4297/224/2244 4298/225/2245
f 4299/226/2246 4298/225/2245 4297/224/2244
f 4300/223/2245 4301/224/2246 4302/225/2247
f 4303/226/2248 4302/225/2249 4301/224/2246
f 4304/262/2250 4305/262/2251 4306/263/2252
f 4307/263/2253 4306/263/2252 4305/262/2251
f 4305/262/2254 4308/267/2255 4307/263/2253
f 4309/262/2256 4307/263/2253 4308/267/2255
f 4308/267/2255 4310/266/2257 4309/262/2256
f 4311/267/742 4309/262/2256 4310/266/2258
f 4312/141/2259 4313/261/2260 4314/141/2261
f 4315/261/2252 4314/141/2262 4313/261/2263
f 4316/141/2258 4317/261/2264 4318/141/742
f 4319/261/2265 4318/141/742 4317/261/2264
f 4320/141/2266 4321/261/2267 4322/141/2268
f 4323/261/2262 4322/141/2268 4321/261/2259
f 4324/141/2269 4325/261/2270 4326/141/1946
f 4327/256/2271 4326/141/1946 4325/261/2272
f 4328/141/2270 4329/261/2273 4330/141/2274
f 4331/141/2275 4330/141/2271 4329/261/2273
f 4332/141/2276 4333/261/2277 4334/261/2278
f 4335/256/2279 4334/261/2278 4333/261/2280
f 4336/141/2277 4337/261/1773 4338/141/2281
f 4339/261/2282 4338/141/2281 4337/261/1773
f 4340/223/2283 4341/224/2284 4342/225/2285
f 4343/226/2286 4342/225/2285 4341/224/2284
f 4344/223/2287 4345/224/2288 4298/225/2245
f 4346/226/2243 4298/225/2245 4345/224/2289
f 4303/226/2248 4347/225/2290 4348/224/2291
f 4349/223/2284 4348/224/2291 4347/225/2292
f 4350/223/2291 4351/224/2293 4352/225/2248
f 4353/226/2247 4352/225/2248 4351/224/2293
f 4354/223/2294 4355/224/2287 4302/225/2247
f 4356/226/2245 4302/225/2247 4355/224/2287
f 4357/141/2252 4358/261/2253 4359/257/2228
f 4360/256/2230 4359/257/2228 4358/261/2253
f 4361/141/2253 4362/261/2256 4363/257/2295
f 4364/256/2296 4363/257/2295 4362/261/2256
f 4365/141/2256 4366/261/742 4367/257/2296
f 4368/256/2236 4367/257/2296 4366/261/2297
f 4359/257/2228 4369/257/2232 4357/141/2252
f 4314/141/2262 4357/141/2252 4369/257/2298
f 4318/141/742 4370/141/2299 4289/257/2300
f 4371/257/2235 4289/257/2236 4370/141/2299
f 4369/257/2301 4372/256/2234 4314/141/2261
f 4373/261/2302 4314/141/2262 4372/256/2234
f 4326/141/1946 4374/261/2274 4293/257/2238
f 4375/256/2303 4293/257/2242 4374/261/2271
f 4330/141/2271 4376/261/2304 4377/257/2305
f 4378/256/2240 4377/257/2306 4376/261/2304
f 4379/268/2307 4380/269/2281 4381/269/2241
f 4382/269/2308 4381/269/2239 4380/269/2281
f 4380/269/2281 4383/269/2282 4382/269/2308
f 4384/269/2309 4382/269/2308 4383/269/2310
f 4385/268/2311 4379/268/2278 4381/269/2241
f 4386/268/2304 4385/268/2312 4387/269/2313
f 4381/269/2241 4387/269/2314 4385/268/2315
f 4388/223/2246 4297/224/2244 4347/225/2316
f 4389/226/2285 4347/225/2292 4297/224/2244
f 4390/253/2317 4391/255/2318 4392/254/706
f 4393/255/2319 4392/254/706 4391/255/2318
f 4394/256/2320 4395/257/2321 4396/257/2322
f 4397/256/2323 4396/257/2317 4395/257/2324
f 4398/256/2325 4399/256/2326 4400/257/2327
f 4401/257/2328 4400/257/2329 4399/256/2326
f 4402/223/2330 4403/225/2331 4404/224/2332
f 4405/226/2333 4404/224/2332 4403/225/2334
f 4406/223/2335 4407/225/2336 4408/224/2337
f 4409/226/2338 4408/224/2333 4407/225/2339
f 4410/258/2340 4411/259/2341 4412/258/2342
f 4413/255/2343 4412/258/2342 4411/259/2341
f 4412/258/2342 4413/255/2343 4414/258/2344
f 4415/255/2345 4414/258/2344 4413/255/2346
f 4414/258/2347 4415/255/2348 4416/260/2349
f 4417/258/2350 4416/260/2351 4415/255/2345
f 4418/141/2352 4419/141/2353 4420/261/2354
f 4421/261/2355 4420/261/2340 4419/141/2356
f 4422/141/2351 4423/141/2350 4424/261/2357
f 4425/261/2358 4424/261/2357 4423/141/2350
f 4426/141/2359 4427/141/2360 4428/261/2361
f 4429/261/2356 4428/261/2361 4427/141/2360
f 4430/141/2362 4431/141/2363 4432/261/2364
f 4433/256/2365 4432/261/2366 4431/141/2363
f 4434/141/2364 4435/141/2365 4436/261/2367
f 4437/141/2368 4436/261/2369 4435/141/2365
f 4438/141/2370 4439/261/2371 4440/261/2372
f 4441/256/2373 4440/261/2372 4439/261/2374
f 4442/141/2375 4443/141/2376 4444/261/1677
f 4445/261/2377 4444/261/1677 4443/141/2376
f 4446/223/2378 4447/225/2379 4448/224/2380
f 4449/226/2381 4448/224/2380 4447/225/2379
f 4450/223/2382 4403/225/2335 4451/224/2383
f 4452/226/2384 4451/224/2383 4403/225/2335
f 4453/223/2380 4454/225/2381 4455/224/2385
f 4409/226/2338 4455/224/2385 4454/225/2381
f 4456/223/2386 4457/225/2338 4458/224/2387
f 4459/226/2336 4458/224/2388 4457/225/2338
f 4460/223/2388 4407/225/2336 4461/224/2389
f 4462/226/2335 4461/224/2382 4407/225/2339
f 4463/141/2355 4464/257/706 4465/261/2346
f 4466/256/2319 4465/261/2343 4464/257/2390
f 4467/141/2346 4468/257/2391 4469/261/2348
f 4470/256/2318 4469/261/2392 4468/257/2391
f 4471/141/2348 4472/257/2393 4473/261/2394
f 4474/256/2317 4473/261/2350 4472/257/2393
f 4464/257/706 4463/141/2395 4475/257/2396
f 4419/141/2397 4475/257/2396 4463/141/2355
f 4423/141/2350 4396/257/2317 4476/141/2358
f 4477/257/2398 4476/141/2358 4396/257/2317
f 4478/261/2399 4479/256/2321 4419/141/2397
f 4475/257/2396 4419/141/2397 4479/256/2321
f 4431/141/2363 4400/257/2329 4480/261/2400
f 4481/256/2401 4480/261/2365 4400/257/2329
f 4435/141/2365 4482/257/2402 4483/261/2403
f 4484/256/2328 4483/261/2404 4482/257/2405
f 4485/262/2371 4486/263/2326 4487/262/2376
f 4488/263/2406 4487/262/2407 4486/263/2326
f 4487/262/2373 4488/263/2408 4489/262/2377
f 4490/263/2409 4489/262/2377 4488/263/2406
f 4491/258/2410 4486/263/2411 4485/262/2374
f 4492/260/2412 4493/253/2413 4491/258/2414
f 4486/263/2326 4491/258/2410 4493/253/2328
f 4494/223/2337 4454/225/2381 4404/224/2415
f 4495/226/2416 4404/224/2332 4454/225/2417
f 4496/263/2418 4497/259/2419 4498/259/2420
f 4499/259/2421 4498/259/2422 4497/259/2419
f 4500/256/2423 4501/257/2424 4502/257/2425
f 4503/256/2426 4502/257/2418 4501/257/2424
f 4504/256/2427 4505/256/2428 4506/257/2429
f 4507/257/2430 4506/257/2429 4505/256/2428
f 4508/223/2431 4509/225/2432 4510/224/2433
f 4511/226/2434 4510/224/2433 4509/225/2435
f 4512/223/2435 4513/225/2436 4514/224/2434
f 4515/226/2437 4514/224/2438 4513/225/2436
f 4516/262/2439 4517/259/2440 4518/258/2441
f 4519/259/2442 4518/258/2441 4517/259/2443
f 4520/142/2441 4521/256/2444 4522/264/2445
f 4523/265/2446 4522/264/2445 4521/256/2442
f 4524/260/2447 4525/263/2446 4526/266/2448
f 4527/262/2449 4526/266/2448 4525/263/2446
f 4528/141/2450 4529/141/2451 4530/261/2452
f 4531/261/2440 4530/261/2452 4529/141/2451
f 4532/141/2453 4533/141/2449 4534/261/2454
f 4535/261/2455 4534/261/2456 4533/141/2449
f 4536/141/2457 4537/141/2458 4538/261/2450
f 4539/261/2451 4538/261/2450 4537/141/2458
f 4540/141/2459 4541/141/2460 4542/261/2461
f 4543/256/2462 4542/261/2461 4541/141/2460
f 4544/141/2461 4545/141/2462 4546/261/2463
f 4547/141/2216 4546/261/2464 4545/141/2465
f 4548/141/2466 4549/261/2467 4550/261/2468
f 4551/256/2469 4550/261/2468 4549/261/2470
f 4552/141/2471 4553/141/2469 4554/261/2472
f 4555/261/2473 4554/261/2474 4553/141/2475
f 4556/223/2476 4557/225/2477 4558/224/2478
f 4559/226/2479 4558/224/2478 4557/225/2477
f 4560/223/2480 4509/225/2432 4561/224/2481
f 4562/226/2482 4561/224/2481 4509/225/2483
f 4563/223/2478 4564/225/2479 4565/224/2484
f 4515/226/2437 4565/224/2484 4564/225/2479
f 4566/223/2485 4567/225/2437 4568/224/2486
f 4569/226/2487 4568/224/2488 4567/225/2489
f 4570/223/2486 4513/225/2436 4571/224/2480
f 4572/226/2490 4571/224/2480 4513/225/2436
f 4573/141/2491 4574/257/2422 4575/261/2442
f 4576/256/2421 4575/261/2442 4574/257/2422
f 4577/141/2442 4578/257/2421 4579/261/2446
f 4580/256/2419 4579/261/2446 4578/257/2492
f 4581/141/2446 4582/257/2419 4583/261/2449
f 4584/256/2418 4583/261/2449 4582/257/2419
f 4574/257/2422 4573/141/2443 4585/257/2493
f 4529/141/2451 4585/257/2423 4573/141/2491
f 4533/141/2449 4502/257/2418 4586/141/2494
f 4587/257/2426 4586/141/2494 4502/257/2425
f 4588/261/2458 4589/256/2424 4529/141/2451
f 4585/257/2423 4529/141/2451 4589/256/2424
f 4541/141/2460 4506/257/2495 4590/261/2496
f 4591/256/2497 4590/261/2462 4506/257/2495
f 4545/141/2498 4592/257/2499 4593/261/2216
f 4594/256/2430 4593/261/2181 4592/257/2500
f 4595/267/2467 4596/262/2428 4597/262/2475
f 4598/263/2501 4597/262/2475 4596/262/2428
f 4597/262/2469 4598/263/2502 4599/262/2473
f 4600/263/2503 4599/262/2473 4598/263/2504
f 4601/267/2181 4602/262/2430 4603/262/2505
f 4603/262/2506 4596/262/2507 4595/267/2508
f 4596/262/2428 4603/262/2505 4602/262/2430
f 4604/223/2438 4564/225/2479 4510/224/2509
f 4605/226/2477 4510/224/2433 4564/225/2479
f 4606/262/2510 4607/263/2511 4608/263/2512
f 4609/263/2513 4608/263/2512 4607/263/2514
f 4610/256/2515 4611/257/2516 4612/257/2510
f 4613/256/2517 4612/257/2518 4611/257/2516
f 4614/256/2519 4615/256/2520 4616/257/2521
f 4617/257/2522 4616/257/2523 4615/256/2524
f 4618/223/2525 4619/225/2526 4620/224/2527
f 4621/226/2528 4620/224/2527 4619/225/2526
f 4622/223/2526 4623/225/2529 4624/224/2530
f 4625/226/2531 4624/224/2532 4623/225/2529
f 4626/262/2533 4627/263/2534 4628/262/2535
f 4629/263/2536 4628/262/2535 4627/263/2534
f 4628/262/2535 4629/263/2537 4630/267/2538
f 4631/262/2539 4630/267/2538 4629/263/2537
f 4630/267/2538 4631/262/2539 4632/266/2540
f 4633/267/2541 4632/266/2542 4631/262/2539
f 4634/141/2543 4635/141/2544 4636/261/2545
f 4637/261/2534 4636/261/2546 4635/141/2547
f 4638/141/2542 4639/141/2541 4640/261/2548
f 4641/261/2549 4640/261/2548 4639/141/2541
f 4642/141/2550 4643/141/2551 4644/261/2552
f 4645/261/2547 4644/261/2543 4643/141/2553
f 4646/141/2554 4647/141/1663 4648/261/2555
f 4649/256/2556 4648/261/2555 4647/141/1663
f 4650/141/2555 4651/141/2557 4652/261/2558
f 4653/141/2559 4652/261/2558 4651/141/2556
f 4654/141/2560 4655/261/2561 4656/261/2562
f 4657/256/2563 4656/261/2564 4655/261/2561
f 4658/141/2565 4659/141/2563 4660/261/2566
f 4661/261/2567 4660/261/1482 4659/141/2568
f 4662/223/2569 4663/225/2570 4664/224/2571
f 4665/226/2572 4664/224/2571 4663/225/2570
f 4666/223/2573 4619/225/2526 4667/224/2574
f 4668/226/2575 4667/224/2576 4619/225/2526
f 4625/226/2531 4669/224/2577 4670/225/2572
f 4671/223/2571 4670/225/2572 4669/224/2577
f 4672/223/2577 4673/225/2531 4674/224/2578
f 4675/226/2579 4674/224/2578 4673/225/2531
f 4676/223/2578 4623/225/2529 4677/224/2573
f 4678/226/2526 4677/224/2573 4623/225/2529
f 4679/141/2534 4680/257/2580 4681/261/2537
f 4682/256/2581 4681/261/2537 4680/257/2512
f 4683/141/2537 4684/257/2513 4685/261/2539
f 4686/256/2582 4685/261/2539 4684/257/2581
f 4687/141/2539 4688/257/2582 4689/261/2541
f 4690/256/2518 4689/261/2583 4688/257/2514
f 4680/257/2512 4679/141/2534 4691/257/2515
f 4635/141/2547 4691/257/2515 4679/141/2534
f 4639/141/2541 4612/257/2518 4692/141/2549
f 4693/257/2517 4692/141/2584 4612/257/2510
f 4691/257/2585 4635/141/2544 4694/256/2516
f 4695/261/2551 4694/256/2516 4635/141/2547
f 4647/141/1663 4616/257/2523 4696/261/2557
f 4697/256/2586 4696/261/2556 4616/257/2523
f 4651/141/2556 4698/257/2587 4699/261/2588
f 4700/256/2522 4699/261/2588 4698/257/2586
f 4701/268/2589 4702/269/2524 4703/269/2568
f 4704/269/2590 4703/269/2568 4702/269/2520
f 4703/269/2568 4704/269/2590 4705/269/2591
f 4706/269/2592 4705/269/2567 4704/269/2590
f 4707/268/2588 4708/269/2593 4709/268/2594
f 4702/269/2524 4709/268/2595 4708/269/2596
f 4709/268/2597 4702/269/2524 4701/268/2561
f 4710/223/2528 4670/225/2598 4620/224/2527
f 4711/226/2570 4620/224/2527 4670/225/2599
f 4712/270/2600 4713/271/2601 4714/270/2602
f 4715/272/2603 4714/270/2602 4713/271/2601
f 4716/245/2604 4717/246/2605 4718/247/2606
f 4719/247/2605 4718/247/2606 4717/246/2605
f 4720/245/2605 4721/248/2607 4719/247/2605
f 4722/249/2608 4719/247/2605 4721/248/2608
f 4723/141/2609 4724/261/2610 4725/257/2609
f 4726/256/2610 4725/257/2609 4724/261/2610
f 4727/141/2610 4728/261/2611 4729/257/2610
f 4730/256/2611 4729/257/2610 4728/261/2611
f 4731/141/2612 4732/261/2613 4733/257/2612
f 4734/256/2613 4733/257/2612 4732/261/2613
f 4735/141/2614 4736/261/2614 4737/257/2615
f 4738/256/2615 4737/257/2615 4736/261/2614
f 4739/273/2616 4740/273/2617 4713/271/2601
f 4715/272/2603 4713/271/2601 4740/273/2617
f 4741/245/2618 4742/250/2619 4743/247/2620
f 4744/250/2620 4743/247/2620 4742/250/2619
f 4745/245/2620 4746/246/2620 4747/251/2608
f 4748/252/2621 4747/251/2621 4746/246/2620
f 4749/141/2609 4750/261/2609 4751/257/2622
f 4752/256/2622 4751/257/2622 4750/261/2609
f 4753/141/2622 4754/261/2622 4755/257/2611
f 4730/256/2623 4755/257/2611 4754/261/2624
f 4756/141/673 4757/261/673 4758/257/2625
f 4759/256/2625 4758/257/2625 4757/261/673
f 4760/141/2626 4761/261/2615 4762/257/2626
f 4738/256/2615 4762/257/2626 4761/261/2615
f 4763/274/222 4764/275/222 4765/276/222
f 4765/276/222 4764/275/222 4766/277/222
f 4767/278/222 4764/275/222 4763/274/222
f 4764/275/222 4767/278/222 4768/279/222
f 4769/81/222 487/91/222 4770/79/222
f 4771/81/222 487/91/222 4772/79/222
f 4773/280/225 4774/281/225 4775/102/225
f 4776/280/225 4774/281/225 4777/102/225
f 4778/81/222 487/91/222 4779/79/222
f 4780/282/222 4781/283/222 4782/284/222
f 4783/280/225 4774/281/225 4784/102/225
f 4785/282/222 4786/283/222 4782/284/222
f 4787/285/222 4788/79/222 4789/81/222
f 4790/274/222 4765/276/222 4791/286/222
f 4792/278/222 4790/274/222 4791/286/222
f 4793/280/225 4774/281/225 4794/102/225
f 4795/280/225 4774/281/225 4796/102/225
f 492/79/222 490/86/222 4797/287/222
f 4765/276/222 4798/277/222 4791/286/222
f 4799/279/222 4792/278/222 4791/286/222
f 4800/280/225 4774/281/225 4801/102/225
f 4802/280/225 4774/281/225 4803/102/225
f 4804/280/225 4774/281/225 4805/102/225
f 4806/280/225 4774/281/225 4807/102/225
f 505/93/225 507/91/225 4808/79/225
f 504/81/225 502/106/225 4809/92/225
f 4810/93/225 498/103/225 497/99/225
f 4810/93/225 497/99/225 4811/79/225
f 4812/81/222 487/91/222 4813/288/222
f 353/86/222 354/81/222 4814/289/222
f 412/81/225 411/93/225 4815/92/225
f 4816/274/222 4817/275/222 4818/276/222
f 4818/276/222 4817/275/222 4819/277/222
f 4820/278/222 4817/275/222 4816/274/222
f 4817/275/222 4820/278/222 4821/279/222
f 4822/81/222 487/91/222 4823/79/222
f 4824/81/222 487/91/222 4825/79/222
f 4826/280/225 4774/281/225 4827/102/225
f 4828/280/225 4774/281/225 4829/102/225
f 4830/81/222 487/91/222 4831/79/222
f 4832/282/222 4833/283/222 4782/284/222
f 4834/280/225 4774/281/225 4835/102/225
f 4836/282/222 4837/283/222 4782/284/222
f 4838/285/222 4839/79/222 4840/81/222
f 4841/274/222 4818/276/222 4842/286/222
f 4843/278/222 4841/274/222 4842/286/222
f 4844/280/225 4774/281/225 4845/102/225
f 4846/280/225 4774/281/225 4847/102/225
f 677/79/222 675/86/222 4848/287/222
f 4818/276/222 4849/277/222 4842/286/222
f 4850/279/222 4843/278/222 4842/286/222
f 4851/280/225 4774/281/225 4852/102/225
f 4853/280/225 4774/281/225 4854/102/225
f 4855/280/225 4774/281/225 4856/102/225
f 4857/280/225 4774/281/225 4858/102/225
f 690/93/225 692/91/225 4859/79/225
f 689/81/225 687/106/225 4860/92/225
f 4861/93/225 683/103/225 682/99/225
f 4861/93/225 682/99/225 4862/79/225
f 4863/81/222 487/91/222 4864/288/222
f 539/86/222 540/81/222 4865/289/222
f 598/81/225 597/93/225 4866/92/225
f 4867/290/222 4868/291/222 4869/292/222
f 4870/290/222 4868/291/222 4871/292/222
f 4872/293/222 4873/294/222 4874/295/222
f 4875/293/222 4873/294/222 4876/295/222
f 4877/290/222 4868/291/222 4878/292/222
f 4879/290/222 4868/291/222 4880/292/222
f 4881/293/222 4873/294/222 4882/295/222
f 4883/293/222 4873/294/222 4884/295/222
f 4885/290/222 4868/291/222 4886/292/222
f 4887/290/222 4868/291/222 4888/292/222
f 4889/290/222 4868/291/222 4890/292/222
f 4891/293/222 4873/294/222 4892/295/222
f 4893/293/222 4873/294/222 4894/295/222
f 4895/290/222 4868/291/222 4896/292/222
f 4897/290/222 4868/291/222 4898/292/222
f 4899/293/222 4873/294/222 4900/295/222
f 4901/293/222 4873/294/222 4902/295/222
f 4903/290/222 4868/291/222 4904/292/222
f 4905/296/2627 4906/297/2628 4907/298/249
f 4908/296/2629 4906/297/2630 4909/298/2627
f 4910/296/2631 4911/297/2632 4912/298/2633
f 4910/296/2634 4913/297/2635 4914/298/2632
f 4915/296/2636 4916/297/2637 4917/298/2638
f 4915/296/2636 4918/297/2639 4919/298/2637
f 4920/296/2639 4921/297/2636 4922/298/2640
f 4915/296/2636 4923/297/2631 4922/298/2640
f 4924/296/2640 4923/297/2631 4912/298/2633
f 4925/296/2641 4926/297/2640 4912/298/2633
f 4927/296/2637 4928/297/2641 4917/298/2638
f 4925/296/2641 4929/297/2633 4917/298/2638
f 4930/296/2642 4931/297/2643 4932/298/2644
f 4933/296/2645 4931/297/2643 4934/298/2642
f 4935/296/2643 4936/297/2646 4937/298/2647
f 4938/296/2648 4931/297/2643 4937/298/2647
f 4938/296/2648 4939/297/2649 4914/298/2650
f 4940/296/2649 4941/297/2651 4914/298/2650
f 4942/296/2651 4943/297/2644 4914/298/2632
f 4942/296/2651 4944/297/2642 4932/298/2644
f 4935/296/2643 4945/297/2652 4932/298/2644
f 4935/296/2643 4946/297/2653 4947/298/2652
f 4948/296/2653 4931/297/2643 4949/298/2654
f 4935/296/2643 4950/297/2629 4949/298/2655
f 4951/296/2654 4950/297/2629 4909/298/2627
f 4952/296/2656 4953/297/2654 4909/298/2627
f 4954/296/2652 4955/297/2656 4932/298/2644
f 4956/296/2644 4955/297/2657 4909/298/2627
f 4957/296/2658 4921/297/2659 4917/298/2638
f 4958/296/2660 4921/297/2659 4959/298/2658
f 4915/296/2636 4960/297/2660 4961/298/2661
f 4962/296/2628 4921/297/2636 4961/298/2661
f 4962/296/2662 4963/297/2661 4907/298/249
f 4964/296/2661 4965/297/2663 4907/298/249
f 4966/296/2664 4967/297/2665 4917/298/2638
f 4968/296/2664 4969/297/2658 4917/298/2638
f 4970/108/222 4971/299/222 4972/300/222
f 4973/108/222 4974/299/222 4972/300/222
f 4975/108/222 4976/299/222 4972/300/222
f 4975/108/222 4977/299/222 4978/300/222
f 4979/296/279 4980/297/279 4981/298/279
f 4982/296/279 4983/297/279 4981/298/279
f 4984/296/279 4985/297/279 4986/298/279
f 4987/296/279 4988/297/279 4986/298/279
f 4989/296/2666 4990/297/2666 4991/298/2666
f 4992/296/2666 4993/297/2666 4991/298/2666
f 4994/82/970 4995/301/970 4996/202/970
f 4997/82/970 4998/301/970 4996/202/970
f 4999/82/1274 5000/301/1274 5001/202/1274
f 5002/82/1274 5003/301/1274 5001/202/1274
f 5004/296/2667 5005/297/2667 5006/298/2667
f 5007/296/2667 5008/297/2667 5006/298/2667
f 5009/296/2668 5010/297/2668 5011/298/2668
f 5012/296/2669 5013/297/2669 5014/298/2669
f 5015/82/1274 5016/301/1274 5017/202/1274
f 5018/82/1274 5019/301/1274 5017/202/1274
f 5020/82/970 5021/301/970 5022/202/970
f 5023/82/970 5024/301/970 5022/202/970
f 5025/296/522 5026/297/522 5027/298/522
f 5028/296/522 5029/297/522 5027/298/522
f 5030/296/271 5031/297/271 5032/298/271
f 5033/296/271 5034/297/271 5032/298/271
f 5035/296/271 5036/297/271 5037/298/271
f 5038/296/271 5039/297/271 5037/298/271
f 5040/82/1277 5041/301/1277 5042/202/1277
f 5043/82/1277 5044/301/1277 5042/202/1277
f 5045/296/497 5046/297/497 5047/298/497
f 5048/296/497 5049/297/497 5047/298/497
f 5050/82/968 5051/301/968 5052/202/968
f 5053/82/2670 5054/301/968 5052/202/968
f 5055/296/2671 5056/297/2671 5057/298/2671
f 5058/296/2672 5059/297/2672 5060/298/2672
f 5061/296/2673 5062/297/2673 5063/298/2673
f 5064/296/2673 5065/297/2673 5063/298/2673
f 5066/82/968 5067/301/968 5068/202/968
f 5069/82/968 5070/301/968 5068/202/968
f 5071/296/2674 5072/297/2674 5073/298/2674
f 5074/296/2674 5075/297/2674 5073/298/2674
f 5076/82/1277 5077/301/1277 5078/202/1277
f 5079/82/1277 5080/301/1277 5078/202/1277
f 5081/16/299 769/14/299 5082/17/2675
f 5083/16/306 5084/14/2676 5085/17/306
f 889/124/392 868/125/357 5086/123/2677
f 5087/302/222 891/128/396 892/127/397
f 5087/302/222 890/127/394 891/128/396
f 5087/302/222 887/127/389 888/128/390
f 5087/302/222 888/128/390 890/127/394
f 5087/302/222 885/127/386 886/128/387
f 885/127/386 5087/302/222 884/128/384
f 884/128/384 5087/302/222 882/127/381
f 882/127/381 5087/302/222 883/128/382
f 894/127/400 5087/302/222 893/128/399
f 883/128/382 5087/302/222 894/127/400
f 5087/302/222 886/128/387 887/127/389
f 893/128/399 5087/302/222 892/127/397
f 5088/16/409 920/14/2678 5089/17/2679
f 5090/16/2680 5091/14/2681 5092/17/2680
f 5093/16/420 952/14/420 5094/17/2682
f 5095/16/422 5096/14/2683 5097/17/422
f 5098/303/222 5099/304/222 5100/304/222
f 5101/303/222 5102/304/222 5103/303/222
f 5104/303/222 5105/304/222 5106/304/222
f 5107/303/222 5108/304/222 5109/303/222
f 5110/303/222 5111/304/222 5112/304/222
f 5113/303/222 5114/304/222 5115/303/222
f 5116/303/222 5117/304/222 5118/304/222
f 5119/303/222 5120/304/222 5121/303/222
f 5122/141/515 5123/142/516 5124/144/2684
f 1159/152/518 1158/151/518 5125/305/2685
f 5126/306/2686 1202/154/537 1204/153/537
f 1445/174/2687 1454/175/642 5127/177/635
f 1449/174/638 5128/175/636 1448/177/637
f 5129/305/2688 1205/151/538 1203/152/538
f 5130/141/502 5131/142/503 5132/144/959
f 1161/154/519 5133/306/2689 1160/153/519
f 5134/16/558 5135/14/2690 1261/17/557
f 5136/16/2691 5135/14/553 82/17/53
f 5137/174/2692 1442/175/631 5138/177/2693
f 5139/141/574 5140/142/576 5141/144/2694
f 1313/152/580 1312/151/580 5142/305/2695
f 5143/306/2696 1348/154/590 1350/153/590
f 1433/174/622 5144/175/628 1440/177/623
f 5145/305/2697 1351/151/591 1349/152/591
f 5146/141/565 5147/142/566 5148/144/2698
f 1315/154/578 5149/306/2699 1314/153/578
f 5150/16/614 5151/14/2700 1407/17/612
f 5152/16/612 5151/14/2701 102/17/2702
f 5153/111/584 1425/109/584 1426/145/584
f 1428/145/531 5154/111/531 1427/109/531
f 5155/111/529 1430/109/529 1429/145/529
f 1432/145/585 5156/111/585 1431/109/585
f 5157/174/641 1450/175/637 5158/177/222
f 1453/174/635 5159/175/643 5160/177/222
f 5161/174/625 1434/175/623 5162/177/222
f 1441/174/630 5163/175/632 5164/177/222
f 5165/307/2703 5166/308/2704 5167/309/2705
f 5166/308/2704 5168/310/2706 5167/309/2705
f 5168/310/2706 5169/311/2707 5167/309/2705
f 5169/311/2707 5170/310/2708 5167/309/2705
f 5170/310/2709 5171/308/2710 5167/309/2705
f 5171/308/2710 5165/307/2703 5167/309/2705
f 5172/16/2711 5173/14/2711 5174/17/2711
f 5175/16/2712 5176/14/2712 5177/17/2712
f 5178/16/2713 5179/14/2713 5180/17/2713
f 5181/16/2714 5182/14/2714 5183/17/2714
f 5184/16/2715 5185/14/2715 5186/17/2715
f 5187/16/2716 5188/14/77 5189/17/2717
f 5190/16/2718 5191/14/2718 5192/17/2718
f 5193/16/2719 5194/14/2719 5195/17/2720
f 5196/307/2721 5197/308/2722 5198/309/2723
f 5197/308/2722 5199/310/2724 5198/309/2723
f 5199/310/2724 5200/311/2725 5198/309/2723
f 5200/311/2726 5201/310/2727 5198/309/2723
f 5202/308/2728 5196/307/2721 5198/309/2723
f 5201/310/2727 5202/308/2728 5198/309/2723
f 5203/16/2729 5204/14/2729 5205/17/2729
f 5206/16/2730 5207/14/2731 5208/17/2730
f 5209/16/2732 5210/14/2732 5211/17/2732
f 5212/16/2733 5213/14/2734 5214/17/2733
f 5215/16/2735 5216/14/2735 5217/17/2735
f 5218/16/2736 5219/14/667 5220/17/2736
f 5221/16/2737 5222/14/2737 5223/17/2737
f 5224/16/2738 5225/14/2738 5226/17/2738
f 5227/48/819 5228/48/821 5229/48/2739
f 5230/91/828 5231/51/827 5232/189/827
f 5233/91/827 5234/51/828 5235/189/827
f 5236/91/832 5237/51/830 5238/189/2740
f 5239/91/834 5240/51/833 5241/189/2741
f 5242/91/830 2116/51/831 5243/189/2740
f 2115/91/833 5244/51/834 5245/189/2741
f 1903/91/839 5246/51/838 5247/189/2742
f 5248/91/837 5249/51/841 5250/189/2743
f 5251/27/2744 5252/196/2744 5253/196/2744
f 5254/39/2745 5255/195/2745 5256/195/2745
f 5257/39/2746 5258/195/890 5259/195/890
f 5260/57/2747 5261/91/110 5262/91/896
f 5263/27/2748 5264/196/887 5265/196/887
f 5266/27/139 5267/196/2749 5268/196/136
f 5269/312/820 1848/51/818 5270/189/2750
f 5271/48/1129 5272/48/1131 5273/48/2751
f 5274/91/1140 5275/51/1139 5276/189/1139
f 5277/91/2752 5278/51/1142 5279/189/2752
f 5280/91/1144 5281/51/96 5282/189/2753
f 5283/91/595 5284/51/1145 5285/189/654
f 5286/91/96 2887/51/1144 5287/189/2753
f 2886/91/1145 5288/51/595 5289/189/654
f 2674/91/1152 5290/51/1149 5291/189/2068
f 5292/91/1148 5293/51/2754 5294/189/2755
f 5295/27/2756 5296/196/2757 5297/196/2757
f 5298/39/2758 5299/195/2758 5300/195/2758
f 5301/39/2759 5302/195/1193 5303/195/1193
f 5304/57/2760 5305/91/177 5306/91/1199
f 5307/27/2761 5308/196/2762 5309/196/1191
f 5310/27/204 5311/196/1195 5312/196/202
f 5313/312/1130 2619/51/1128 5314/189/2763
f 5315/221/1426 5316/231/1425 3458/222/2764
f 5317/230/1433 3466/222/1512 3467/221/1524
f 5318/230/1432 5319/231/1436 5320/222/2765
f 5321/223/2766 3390/224/1440 3432/226/1492
f 5322/221/2767 5323/231/1528 3568/222/1532
f 5324/230/1609 3576/222/1608 3577/221/2768
f 5325/230/1536 5326/231/1538 5327/222/1615
f 5328/223/1548 3496/224/1621 3542/226/1590
f 5329/221/1624 5330/231/1623 3674/222/1697
f 5331/230/1633 3682/222/1704 3683/221/2769
f 5332/230/1632 5333/231/1634 5334/222/1708
f 5335/223/1642 3606/224/1639 3648/226/2770
f 5336/221/784 3780/222/1796 5337/231/1714
f 5338/230/1723 3789/221/1724 3787/222/1804
f 5339/230/1721 5340/222/2771 5341/231/1813
f 5342/223/2772 3754/226/1778 3713/224/1814
f 5343/221/1820 3890/222/1894 5344/231/1818
f 5345/230/1827 3899/221/1828 3897/222/2773
f 5346/230/1825 5347/222/1901 5348/231/1826
f 5349/223/1884 3864/226/1880 3819/224/1832
f 5350/221/1909 3996/222/1979 5351/231/1907
f 5352/230/1918 4005/221/1987 4003/222/1988
f 5353/230/1916 5354/222/1991 5355/231/1917
f 5356/223/1926 3970/226/1966 3929/224/1923
f 5357/313/2000 5358/314/1999 5359/315/2774
f 5360/316/2008 5361/316/2008 5362/221/2008
f 5363/248/2775 5364/246/2776 5365/250/2005
f 5366/249/2775 5367/248/2005 5368/248/2777
f 5369/230/2014 5370/317/2778 5371/222/2014
f 5372/318/2000 5373/243/2779 5374/319/2018
f 5375/320/2008 4055/231/2008 5376/320/2008
f 5377/251/2780 5378/246/2020 5379/250/2781
f 5380/252/2780 5381/251/2782 5382/251/2020
f 5383/230/2025 5384/231/2025 5385/321/2783
f 5386/256/2028 5387/261/2027 4153/257/2106
f 5388/141/2036 4161/257/2784 4162/256/2785
f 5389/141/2035 5390/261/2037 5391/257/2786
f 5392/223/2046 4085/224/2042 4127/226/2090
f 5393/256/2134 5394/261/2213 4263/257/2137
f 5395/141/2141 4271/257/2218 4272/256/2143
f 5396/141/2140 5397/261/2142 5398/257/2220
f 5399/223/2199 4191/224/2147 4237/226/2195
f 5400/256/2228 5401/261/2227 4369/257/2298
f 5402/141/2242 4377/257/2306 4378/256/2313
f 5403/141/2237 5404/261/2241 5405/257/2787
f 5406/223/2248 4301/224/2246 4343/226/2292
f 5407/256/706 4475/257/2788 5408/261/2317
f 5409/141/2327 4484/256/2328 4482/257/2401
f 5410/141/2325 5411/257/2408 5412/261/2326
f 5413/223/2338 4449/226/2381 4408/224/2333
f 5414/256/2420 4585/257/2789 5415/261/2418
f 5416/141/2495 4594/256/2430 4592/257/2500
f 5417/141/2427 5418/257/2502 5419/261/2428
f 5420/223/2437 4559/226/2479 4514/224/2434
f 5421/256/2512 4691/257/2515 5422/261/2510
f 5423/141/2523 4700/256/2593 4698/257/2586
f 5424/141/2790 5425/257/2791 5426/261/2524
f 5427/223/2531 4665/226/2599 4624/224/2528
f 5428/322/2601 5429/323/2600 5430/324/2792
f 5431/325/2609 5432/325/2609 5433/256/2609
f 5434/248/2793 5435/246/2794 5436/250/2606
f 5437/249/2793 5438/248/2606 5439/248/2795
f 5440/141/2613 5441/326/2796 5442/257/2613
f 5443/327/2601 5444/271/2797 5445/328/2616
f 5446/329/2609 4750/261/2609 5447/329/2609
f 5448/251/2798 5449/246/2619 5450/250/2799
f 5451/252/2798 5452/251/2800 5453/251/2619
f 5454/141/2625 5455/261/2625 5456/330/2801
