<?xml version="1.0" encoding="utf-8"?>
<COLLADA xmlns:xsi="http://www.w3.org/2001/XMLSchema-instance" xmlns:xsd="http://www.w3.org/2001/XMLSchema" version="1.4.1" xmlns="http://www.collada.org/2005/11/COLLADASchema">
	<asset>
		<created>2026-09-08T19:43:24.2196658+02:00</created>
		<modified>2026-09-08T19:43:24.2196714+02:00</modified>
	</asset>
	<library_images>
		<image id="CW_Garuda_1A">
			<init_from>./CW_Garuda_1A.png</init_from>
		</image>
		<image id="CW_Garuda_1B">
			<init_from>./CW_Garuda_1B.png</init_from>
		</image>
		<image id="CW_Garuda_1C">
			<init_from>./CW_Garuda_1C.png</init_from>
		</image>
		<image id="CW_Garuda_1_N">
			<init_from>./CW_Garuda_1_N.png</init_from>
		</image>
		<image id="CW_Garuda_N">
			<init_from>./CW_Garuda_N.png</init_from>
		</image>
	</library_images>
	<library_materials>
		<material id="blinn1_id" name="blinn1">
			<instance_effect url="#blinn1_eff_id" />
		</material>
		<material id="blinn2_id" name="blinn2">
			<instance_effect url="#blinn2_eff_id" />
		</material>
	</library_materials>
	<library_effects>
		<effect id="blinn1_eff_id" name="blinn1_eff">
			<profile_COMMON>
				<newparam sid="blinn1_surf">
					<surface type="2D">
						<init_from>CW_Garuda_1A</init_from>
						<format>PNG</format>
					</surface>
				</newparam>
				<newparam sid="blinn1_samp">
					<sampler2D>
						<source>blinn1_surf</source>
						<wrap_s>WRAP</wrap_s>
						<wrap_t>WRAP</wrap_t>
						<minfilter>LINEAR_MIPMAP_NEAREST</minfilter>
						<magfilter>LINEAR</magfilter>
						<mipfilter>LINEAR</mipfilter>
					</sampler2D>
				</newparam>
				<technique sid="blinn1_tech">
					<phong>
						<diffuse>
							<texture texture="blinn1_samp" texcoord="uv" />
						</diffuse>
					</phong>
				</technique>
			</profile_COMMON>
		</effect>
		<effect id="blinn2_eff_id" name="blinn2_eff">
			<profile_COMMON>
				<newparam sid="blinn2_surf">
					<surface type="2D">
						<init_from>CW_Garuda_1A</init_from>
						<format>PNG</format>
					</surface>
				</newparam>
				<newparam sid="blinn2_samp">
					<sampler2D>
						<source>blinn2_surf</source>
						<wrap_s>WRAP</wrap_s>
						<wrap_t>WRAP</wrap_t>
						<minfilter>LINEAR_MIPMAP_NEAREST</minfilter>
						<magfilter>LINEAR</magfilter>
						<mipfilter>LINEAR</mipfilter>
					</sampler2D>
				</newparam>
				<technique sid="blinn2_tech">
					<phong>
						<diffuse>
							<texture texture="blinn2_samp" texcoord="uv" />
						</diffuse>
					</phong>
				</technique>
			</profile_COMMON>
		</effect>
	</library_effects>
	<library_geometries>
		<geometry id="_0_geo_id" name="">
			<mesh>
				<source id="_0_Position_id" name="_0_Position">
					<float_array id="_0_Position_array_id" count="10800">7.3992 -0.998969 -17.1283 7.92819 -0.998969 -16.7126 6.45438 -0.998969 -16.2699 4.39093 -0.998969 -17.1593 6.45438 -0.998969 -16.2699 3.33181 -1.03964 -16.8944 4.39093 -0.998969 -17.1593 -1.9064 -0.998969 -12.5291 -5 -0.99897 -11.4564 -1.3617 -2.16206 -13.6067 -3.76323 -1.77071 -12.3726 1.37024 -0.99897 -12.9743 -1.9064 -0.998969 -12.5291 0.946738 -2.21871 -14.0855 -1.3617 -2.16206 -13.6067 4.63789 -0.99897 -12.7658 1.37024 -0.99897 -12.9743 3.21481 -2.60344 -14.4638 0.946738 -2.21871 -14.0855 7.3572 -2.72807 -13.3707 7.12765 -0.99897 -10.636 3.21481 -2.60344 -14.4638 4.63789 -0.99897 -12.7658 7.3572 -2.72807 -13.3707 8.35422 -1.56964 -10.8052 7.12765 -0.99897 -10.636 -5 -0.99897 -11.4564 -2.3582 -1.49897 -15.0903 -3.76323 -1.77071 -12.3726 -1.74981 -2.51745 -14.4476 -5 -0.99897 -11.4564 -5 -0.0652108 -11.4564 -2.3582 -1.49897 -15.0903 -2.3582 -1.02851 -15.0903 -1.74981 -2.51745 -14.4476 -2.3582 -1.49897 -15.0903 0.648103 -2.66918 -15.2833 0.486807 -1.74897 -15.9924 0.486807 -1.74897 -15.9924 3.33181 -1.99897 -16.8944 0.648103 -2.66918 -15.2833 3.29566 -2.9138 -15.8707 -2.3582 -1.02851 -15.0903 0.486806 -1.03407 -15.9924 -2.3582 -1.49897 -15.0903 0.486807 -1.74897 -15.9924 3.33181 -1.03964 -16.8944 3.33181 -1.99897 -16.8944 3.33181 -1.03964 -16.8944 6.45438 -0.998969 -16.2699 3.33181 -1.99897 -16.8944 6.45438 -1.99897 -16.2699 6.65837 -2.96943 -15.3274 3.29566 -2.9138 -15.8707 6.45438 -1.99897 -16.2699 3.33181 -1.99897 -16.8944 6.45438 -1.99897 -16.2699 6.8686 -3.22749 -15.3247 6.65837 -2.96943 -15.3274 6.8686 -3.22749 -15.3247 7.52115 -2.97452 -13.5005 6.65837 -2.96943 -15.3274 7.3572 -2.72807 -13.3707 6.8686 -3.22749 -15.3247 6.45438 -1.99897 -16.2699 8.31598 -3.34561 -15.3057 8.66061 -1.99897 -16.8778 10.3859 -2.81201 -11.6467 7.3572 -2.72807 -13.3707 10.3072 -3.01817 -11.8233 7.52115 -2.97452 -13.5005 14.8943 -3.5579 -11.0452 14.909 -3.41314 -9.68115 11.7831 -3.0776 -10.8239 14.1317 -3.85566 -14.3208 10.285 -3.28121 -13.6337 15.5105 -3.95503 -13.6258 16.3349 -3.79213 -11.1598 7.52115 -2.97452 -13.5005 6.8686 -3.22749 -15.3247 10.3072 -3.01817 -11.8233 8.31598 -3.34561 -15.3057 16.3179 -3.45477 -10.8623 15.0714 -3.26824 -10.9107 16.3349 -3.79213 -11.1598 14.8943 -3.5579 -11.0452 18.7563 -3.28519 -10.8351 18.7016 -2.96956 -10.5395 16.3349 -3.79213 -11.1598 16.3179 -3.45477 -10.8623 21.9131 -1.61891 -8.40348 18.7016 -2.96956 -10.5395 18.7563 -3.28519 -10.8351 18.7563 -3.28519 -10.8351 16.3349 -3.79213 -11.1598 17.4695 -3.43014 -12.8367 15.5105 -3.95503 -13.6258 18.9793 -1.99897 -12.2453 21.9131 -1.61891 -8.40348 18.9793 2.20103 -12.2453 21.9131 2.20103 -8.40348 18.9793 -1.99897 -12.2453 21.9131 -1.61891 -8.40348 21.9131 -1.61891 -8.40348 23.2871 -1.49897 -5.80612 21.5281 -2.68728 -6.80433 22.3424 -2.48996 -4.83455 18.7016 -2.96956 -10.5395 20.5031 -3.31708 -2.96507 19.2558 -3.39409 -5.37856 21.4962 -1.49897 -1.58401 20.2574 -1.96628 -5.75653 21.4962 -1.49897 -1.58401 20.2574 -1.96628 -5.75653 21.629 -2.97227 -4.11727 21.2366 -2.8621 -6.25017 20.2574 -1.96628 -5.75653 19.1236 -3.27641 -7.87196 21.2366 -2.8621 -6.25017 10.6375 -3.13411 -12.3494 23.2871 2.20103 -5.80613 23.2871 -1.49897 -5.80612 3.21481 -2.60344 -14.4638 0.946738 -2.21871 -14.0855 3.29566 -2.9138 -15.8707 0.648103 -2.66918 -15.2833 6.65837 -2.96943 -15.3274 7.3572 -2.72807 -13.3707 -1.3617 -2.16206 -13.6067 -3.76323 -1.77071 -12.3726 -1.74981 -2.51745 -14.4476 0.648103 -2.66918 -15.2833 0.946738 -2.21871 -14.0855 8.31598 -3.34561 -15.3057 10.3694 -3.4882 -13.8255 10.285 -3.28121 -13.6337 8.31598 -3.34561 -15.3057 10.9994 -3.68932 -15.7842 10.3694 -3.4882 -13.8255 14.1317 -3.85566 -14.3208 10.9994 -3.68932 -15.7842 8.31598 -3.34561 -15.3057 10.9301 -1.99897 -17.172 8.66061 -1.99897 -16.8778 7.92819 -0.998969 -16.7126 8.66061 -1.99897 -16.8778 6.45438 -0.998969 -16.2699 6.45438 -1.99897 -16.2699 14.4388 -1.99897 -15.8874 17.6609 -1.99897 -13.9107 14.1317 -3.85566 -14.3208 15.5105 -3.95503 -13.6258 10.9301 -1.99897 -17.172 10.9994 -3.68932 -15.7842 8.66061 -1.99897 -16.8778 10.132 2.20103 -17.1053 10.9301 -1.99897 -17.172 10.9301 2.20103 -17.172 14.4586 -1.99897 -15.8779 10.9301 -1.99897 -17.172 14.4586 2.20103 -15.8779 10.9301 2.20103 -17.172 17.6609 -1.99897 -13.9107 17.6609 2.20103 -13.9107 10.3694 -3.4882 -13.8255 14.1317 -3.85566 -14.3208 10.285 -3.28121 -13.6337 10.6683 -2.90318 -12.17 10.6375 -3.13411 -12.3494 11.5878 -2.71834 -10.5803 11.7831 -3.0776 -10.8239 11.7831 -3.0776 -10.8239 14.909 -3.41314 -9.68115 11.5878 -2.71834 -10.5803 15.119 -3.10501 -9.28838 14.8943 -3.5579 -11.0452 15.0714 -3.26824 -10.9107 14.909 -3.41314 -9.68115 15.119 -3.10501 -9.28838 17.4695 -3.43014 -12.8367 15.5105 -3.95503 -13.6258 17.9866 -1.99897 -12.6541 18.9793 -1.99897 -12.2453 17.6609 -1.99897 -13.9107 17.9866 -1.99897 -12.6541 15.5105 -3.95503 -13.6258 17.9866 2.20103 -12.6541 17.9866 -1.99897 -12.6541 17.6609 2.20103 -13.9107 17.6609 -1.99897 -13.9107 18.9793 2.20103 -12.2453 18.9793 -1.99897 -12.2453 17.9866 2.20103 -12.6541 17.9866 -1.99897 -12.6541 21.4962 -1.49897 -1.58401 23.2871 -1.49897 -5.80612 22.8799 -0.998995 -2.87208 22.1537 -0.498969 0 19.3898 -3.41786 0 21.1638 -2.96425 -1.03 21.4406 -2.66332 0 21.1638 -2.96425 -1.03 21.4962 -1.49897 -1.58401 21.4406 -2.66332 0 22.1537 -0.498969 0 10.3859 -2.81201 -11.6467 12.1508 -2.50886 -8.05293 7.3572 -2.72807 -13.3707 19.3898 -3.41786 0 16.9679 -2.96373 0.770418 18.4131 -3.36476 -5.11103 16.8301 -3.08229 -5.19315 15.119 -3.10501 -9.28838 15.0714 -3.26824 -10.9107 11.5878 -2.71834 -10.5803 12.1508 -2.50886 -8.05293 11.5878 -2.71834 -10.5803 12.1508 -2.50886 -8.05293 10.6683 -2.90318 -12.17 15.8516 -2.21301 1.01057 16.031 -2.37721 -4.02005 16.9679 -2.96373 0.770418 16.8414 -3.08394 -5.18627 16.8414 -3.08394 -5.18627 16.031 -2.37721 -4.02005 12.1508 -2.50886 -8.05293 11.1882 -1.16744 -6.15482 11.1882 -0.768395 -6.15482 7.12765 -0.99897 -10.636 11.1882 -1.16744 -6.15482 7.12765 -1.16932 -10.636 7.3572 -2.72807 -13.3707 12.1508 -2.50886 -8.05293 8.35422 -1.85137 -10.7975 7.12765 -1.16932 -10.636 11.1882 -1.16744 -6.15482 7.3572 -2.72807 -13.3707 8.35422 -1.85137 -10.7975 8.35422 -1.56964 -10.8052 7.12765 -0.99897 -10.636 8.35422 -1.56964 -10.8052 7.12765 -1.16932 -10.636 8.35422 -1.85137 -10.7975 22.1537 2.20103 0 22.1537 -0.498969 0 22.8799 2.20103 -2.87176 22.8799 -0.998995 -2.87208 23.2871 -1.49897 -5.80612 23.2871 2.20103 -5.80613 17.4238 -3.1051 3.30077 15.7613 -2.34392 4.13115 16.9679 -2.96373 0.770418 15.8516 -2.21301 1.01057 19.4246 -3.43027 1.0971 16.9679 -2.96373 0.770418 19.3898 -3.41786 0 19.4538 -3.48047 3.82131 17.4238 -3.1051 3.30077 21.4406 -2.66332 0 22.1537 -0.498969 0 21.9115 -2.72769 2.11214 22.9373 -0.749038 2.26556 22.2745 -2.71694 4.24996 23.5591 -0.998969 4.57941 19.3898 -3.41786 0 21.4406 -2.66332 0 19.4246 -3.43027 1.0971 21.9115 -2.72769 2.11214 20.7711 -3.27934 4.06149 22.2745 -2.71694 4.24996 23.5591 2.20103 4.57942 23.5591 -0.998969 4.57941 22.9371 2.20103 2.26489 22.9373 -0.749038 2.26556 22.1537 -0.498969 0 22.1537 2.20103 0 23.5591 -0.998969 4.57941 23.5591 2.20103 4.57942 22.6887 -0.749295 7.81255 22.6887 2.21349 7.81255 21.0933 -2.9957 5.33628 20.7711 -3.27934 4.06149 22.1756 -2.23222 5.86405 22.2745 -2.71694 4.24996 22.6887 -0.749295 7.81255 23.5591 -0.998969 4.57941 20.7711 -3.27934 4.06149 21.0933 -2.9957 5.33628 20.1879 -2.06815 5.7298 19.4246 -3.43027 1.0971 19.4538 -3.48047 3.82131 19.4246 -3.43027 1.0971 20.1879 -2.06815 5.7298 19.3274 -3.12778 8.97266 19.4538 -3.48047 3.82131 20.1879 -2.06815 5.7298 19.1592 -1.99897 11.8477 19.3274 -3.12778 8.97266 20.1879 -2.06815 5.7298 19.3274 -3.12778 8.97266 19.1592 -1.99897 11.8477 18.2664 -3.51511 7.90811 17.7341 -3.53352 9.25145 17.8135 -3.38514 7.20856 17.7341 -3.53352 9.25145 18.2664 -3.51511 7.90811 16.9867 -3.04377 7.1025 17.8135 -3.38514 7.20856 17.7341 -3.53352 9.25145 19.1592 -1.99897 11.8477 22.1756 -2.23222 5.86405 22.6887 -0.749295 7.81255 21.0933 -2.9957 5.33628 22.6887 -0.749295 7.81255 21.3842 0.00103151 10.8958 19.1592 -1.99897 11.8477 19.0841 0.00103151 12.8373 21.3842 0.00103151 10.8958 21.3842 2.20103 10.8958 21.3842 0.00103151 10.8958 21.3842 2.20103 10.8958 19.0841 0.00103151 12.8373 19.0841 2.20103 12.8373 18.9123 -0.498969 14.7759 19.1592 -1.99897 11.8477 19.0841 0.00103151 12.8373 19.0841 0.00103151 12.8373 19.0841 2.20103 12.8373 18.9123 -0.498969 14.7759 18.9123 2.20103 14.7759 18.9123 -0.498969 14.7759 18.9123 2.20103 14.7759 15.4269 -0.998969 18.3851 15.4269 2.20103 18.3851 16.7544 -2.41052 14.9513 19.1592 -1.99897 11.8477 15.4269 -0.998969 18.3851 18.9123 -0.498969 14.7759 15.7386 -2.93008 14.5577 17.7341 -3.53352 9.25145 14.2319 -2.77031 15.3979 12.7488 -1.92641 18.0175 14.2319 -2.77031 15.3979 17.7341 -3.53352 9.25145 14.2319 -2.77031 15.3979 16.9867 -3.04377 7.1025 13.9405 -3.60799 15.4738 16.9867 -3.04377 7.1025 14.2319 -2.77031 15.3979 15.6733 -2.4221 5.87274 16.854 -2.85665 4.59699 13.1617 -2.41496 12.2875 14.0771 -3.41392 12.8103 9.97938 -3.86368 19.8789 0.216345 -3.80127 21.3459 8.75006 -3.73137 18.3764 13.9405 -3.60799 15.4738 14.0771 -3.41392 12.8103 16.854 -2.85665 4.59699 16.9867 -3.04377 7.1025 8.75006 -3.73137 18.3764 7.19868 -3.08742 18.1184 14.0771 -3.41392 12.8103 13.1617 -2.41496 12.2875 12.0618 -0.99897 19.5835 9.76168 -0.99897 21.9251 12.7488 -1.92641 18.0175 9.97938 -3.86368 19.8789 14.2319 -2.77031 15.3979 13.9405 -3.60799 15.4738 12.7488 -1.92641 18.0175 16.7544 -2.41052 14.9513 12.0618 -0.99897 19.5835 15.4269 -0.998969 18.3851 15.4269 -0.998969 18.3851 15.4269 2.20103 18.3851 12.0618 -0.99897 19.5835 12.0618 2.20103 19.5835 12.0618 -0.99897 19.5835 12.0618 2.20103 19.5835 9.76168 -0.99897 21.9251 9.76168 2.20103 21.9251 0.216345 -3.80127 21.3459 9.97938 -3.86368 19.8789 4.08148 -0.99897 22.9163 9.76168 -0.99897 21.9251 -1.68533 -0.998969 23.0909 9.76168 -0.99897 21.9251 9.76168 2.20103 21.9251 4.08148 -0.99897 22.9163 4.07978 2.20103 22.9165 -1.68533 2.20103 23.0909 -1.68533 -0.998969 23.0909 -4.67722 -0.99897 21.3392 -1.68533 -0.998969 23.0909 -4.67722 0.990472 21.3392 -1.68533 2.20103 23.0909 0.216345 -3.80127 21.3459 -1.68533 -0.998969 23.0909 -4.67722 -0.99897 21.3392 0.216345 -3.80127 21.3459 -3.97163 -0.998969 20.1341 -0.472549 -2.99897 20.4497 -2.34495 -1.70609 19.5803 -2.34495 -1.70609 19.5803 -0.468431 -1.54088 20.4408 -0.472549 -2.99897 20.4497 1.4217 -1.54825 19.8486 7.19868 -3.08742 18.1184 -0.468431 -1.54088 20.4408 -0.472549 -2.99897 20.4497 7.19868 -3.08742 18.1184 8.75006 -3.73137 18.3764 -0.472549 -2.99897 20.4497 0.216345 -3.80127 21.3459 21.0933 -2.9957 5.33628 19.1592 -1.99897 11.8477 20.1879 -2.06815 5.7298 16.9867 -3.04377 7.1025 16.854 -2.85665 4.59699 17.8135 -3.38514 7.20856 17.4238 -3.1051 3.30077 16.854 -2.85665 4.59699 15.6733 -2.4221 5.87274 10.3072 -3.01817 -11.8233 8.31598 -3.34561 -15.3057 10.6375 -3.13411 -12.3494 10.285 -3.28121 -13.6337 10.6683 -2.90318 -12.17 12.1508 -2.50886 -8.05293 10.3859 -2.81201 -11.6467 19.2558 -3.39409 -5.37856 19.1236 -3.27641 -7.87196 20.2574 -1.96628 -5.75653 21.4962 -1.49897 -1.58401 22.3424 -2.48996 -4.83455 23.2871 -1.49897 -5.80612 -4.67722 -0.99897 21.3392 -3.97163 -0.998969 20.1341 0.216345 -3.80127 21.3459 -3.97163 -0.998969 20.1341 -4.67722 -0.99897 21.3392 -3.97163 0.979913 20.1341 -4.67722 0.990472 21.3392 -5 -0.99897 -11.4564 -1.9064 -0.998969 -12.5291 -5 -0.0652108 -11.4564 -1.9064 -0.0640125 -12.5291 20.5031 -3.31708 -2.96507 21.4962 -1.49897 -1.58401 21.1638 -2.96425 -1.03 20.5031 -3.31708 -2.96507 18.4131 -3.36476 -5.11103 18.4131 -3.36476 -5.11103 19.2558 -3.39409 -5.37856 20.5031 -3.31708 -2.96507 19.1236 -3.27641 -7.87196 15.0714 -3.26824 -10.9107 18.4131 -3.36476 -5.11103 19.1236 -3.27641 -7.87196 15.0714 -3.26824 -10.9107 16.3179 -3.45477 -10.8623 21.2366 -2.8621 -6.25017 21.629 -2.97227 -4.11727 21.4962 -1.49897 -1.58401 21.629 -2.97227 -4.11727 22.3424 -2.48996 -4.83455 -1.36825 -1.79897 12.5766 -1.20543 -2.46897 13.1843 -1.73712 -2.19897 13.3267 -1.20543 -2.46897 13.1843 -1.36825 -1.79897 12.5766 -0.863927 -2.46897 13.0928 -1.02674 -1.79897 12.4851 -0.863927 -2.46897 13.0928 -1.02674 -1.79897 12.4851 -0.332241 -2.19897 12.9503 -0.332241 -2.19897 12.9503 -0.813355 -2.46897 13.2815 -0.281668 -2.19897 13.139 -1.15486 -2.46897 13.373 -1.68655 -2.19897 13.5155 -1.73712 -2.19897 13.3267 -1.68655 -2.19897 13.5155 -1.15486 -2.46897 13.373 -0.992044 -1.79897 13.9807 -0.992044 -1.79897 13.9807 -0.650537 -1.79897 13.8891 -0.813355 -2.46897 13.2815 -0.281668 -2.19897 13.139 -0.650537 -1.79897 13.8891 -0.650537 -1.47219 13.8891 -0.992044 -1.47219 13.9807 -0.650537 -1.79897 13.8891 -0.992044 -1.79897 13.9807 -0.650537 -1.47219 13.8891 -0.650537 -1.79897 13.8891 -0.281668 -2.10127 13.139 -0.281668 -2.19897 13.139 -1.68655 -2.19897 13.5155 -0.992044 -1.79897 13.9807 -1.68655 -2.10127 13.5155 -0.992044 -1.47219 13.9807 -1.73712 -2.10127 13.3267 -1.36825 -1.47219 12.5766 -1.73712 -2.19897 13.3267 -1.36825 -1.79897 12.5766 -1.36825 -1.47219 12.5766 -1.02674 -1.47219 12.4851 -1.36825 -1.79897 12.5766 -1.02674 -1.79897 12.4851 -0.332241 -2.19897 12.9503 -1.02674 -1.79897 12.4851 -0.332241 -2.10127 12.9503 -1.02674 -1.47219 12.4851 -4.0497 -2.19897 17.3322 -4.51488 -1.79897 18.0267 -4.0497 -2.10127 17.3322 -4.51488 -1.47219 18.0267 -4.42337 -1.47219 18.3683 -4.51488 -1.47219 18.0267 -4.42337 -1.79897 18.3683 -4.51488 -1.79897 18.0267 -3.67326 -2.10127 18.7371 -4.42337 -1.47219 18.3683 -3.67326 -2.19897 18.7371 -4.42337 -1.79897 18.3683 -3.81573 -2.46897 18.2054 -3.67326 -2.19897 18.7371 -4.42337 -1.79897 18.3683 -3.81573 -2.46897 18.2054 -4.42337 -1.79897 18.3683 -3.90723 -2.46897 17.8639 -4.51488 -1.79897 18.0267 -3.90723 -2.46897 17.8639 -4.51488 -1.79897 18.0267 -4.0497 -2.19897 17.3322 -3.11085 -1.47219 17.6505 -3.11085 -1.79897 17.6505 -3.86096 -2.10127 17.2817 -3.86096 -2.19897 17.2817 -3.90723 -2.46897 17.8639 -4.0497 -2.19897 17.3322 -3.71849 -2.46897 17.8134 -3.86096 -2.19897 17.2817 -3.71849 -2.46897 17.8134 -3.86096 -2.19897 17.2817 -3.11085 -1.79897 17.6505 -3.11085 -1.79897 17.6505 -3.11085 -1.47219 17.6505 -3.01934 -1.79897 17.992 -3.01935 -1.47219 17.992 -3.11085 -1.79897 17.6505 -3.62699 -2.46897 18.1549 -3.01934 -1.79897 17.992 -3.62699 -2.46897 18.1549 -3.01934 -1.79897 17.992 -3.48452 -2.19897 18.6865 -3.48452 -2.19897 18.6865 -3.01934 -1.79897 17.992 -3.48452 -2.10127 18.6865 -3.01935 -1.47219 17.992 -3.81573 -2.46897 18.2054 -3.48452 -2.19897 18.6865 -3.67326 -2.19897 18.7371 -3.48452 -2.19897 18.6865 -3.48452 -2.10127 18.6865 -3.67326 -2.19897 18.7371 -3.67326 -2.10127 18.7371 -4.0497 -2.19897 17.3322 -4.0497 -2.10127 17.3322 -3.86096 -2.19897 17.2817 -3.86096 -2.10127 17.2817 4.29107 3.00103 4.02958 5.57328 3.00103 1.89538 3.73512 2.51875 3.50751 4.85121 2.51875 1.64981 5.88649 3.00103 0 5.12384 2.51875 0 0 3.00103 5.88649 2.24163 3.00103 5.44337 0 2.51875 5.12384 1.95121 2.51875 4.73813 -4.29107 3.00103 4.02958 -2.24163 3.00103 5.44337 -3.73512 2.51875 3.50751 -1.95121 2.51875 4.73813 -5.88649 3.00103 0 -5.57328 3.00103 1.89538 -5.12384 2.51875 0 -4.85121 2.51875 1.64981 -4.29107 3.00103 -4.02958 -5.57328 3.00103 -1.89538 -3.73512 2.51875 -3.50751 -4.85121 2.51875 -1.64981 0 3.00103 -5.88649 -2.24163 3.00103 -5.44337 0 2.51875 -5.12384 -1.95121 2.51875 -4.73813 4.29107 3.00103 -4.02958 2.24163 3.00103 -5.44337 3.73512 2.51875 -3.50751 1.95121 2.51875 -4.73813 5.57328 3.00103 -1.89538 4.85121 2.51875 -1.64981 3.73512 2.51875 3.50751 4.85121 2.51875 1.64981 3.73512 1.00103 3.50751 4.85121 1.00103 1.64981 5.12384 2.51875 0 5.12384 1.00103 0 0 2.51875 5.12384 1.95121 2.51875 4.73813 0 1.00103 5.12384 1.95121 1.00103 4.73813 1.95121 2.51875 4.73813 1.95121 1.00103 4.73813 -3.73512 2.51875 3.50751 -1.95121 2.51875 4.73813 -3.73512 1.00103 3.50751 -1.95121 1.00103 4.73813 -5.12384 2.51875 0 -4.85121 2.51875 1.64981 -5.12384 1.00103 0 -4.85121 1.00103 1.64981 -4.85121 2.51875 1.64981 -4.85121 1.00103 1.64981 -3.73512 2.51875 -3.50751 -4.85121 2.51875 -1.64981 -3.73512 1.00103 -3.50751 -4.85121 1.00103 -1.64981 0 2.51875 -5.12384 -1.95121 2.51875 -4.73813 0 1.00103 -5.12384 -1.95121 1.00103 -4.73813 -1.95121 2.51875 -4.73813 -1.95121 1.00103 -4.73813 3.73512 2.51875 -3.50751 1.95121 2.51875 -4.73813 3.73512 1.00103 -3.50751 1.95121 1.00103 -4.73813 1.95121 2.51875 -4.73813 1.95121 1.00103 -4.73813 4.85121 2.51875 -1.64981 4.85121 1.00103 -1.64981 3.73512 1.00103 3.50751 4.85121 1.00103 1.64981 6.49382 1.00103 6.0981 8.43423 1.00103 2.86834 5.12384 1.00103 0 8.90821 1.00103 0 0 1.00103 5.12384 1.95121 1.00103 4.73813 0 1.00103 8.90821 3.39233 1.00103 8.23764 -3.73512 1.00103 3.50751 -1.95121 1.00103 4.73813 -6.49382 1.00103 6.0981 -3.39233 1.00103 8.23764 -5.12384 1.00103 0 -4.85121 1.00103 1.64981 -8.90821 1.00103 0 -8.43423 1.00103 2.86834 -3.73512 1.00103 -3.50751 -4.85121 1.00103 -1.64981 -6.49382 1.00103 -6.0981 -8.43423 1.00103 -2.86834 0 1.00103 -5.12384 -1.95121 1.00103 -4.73813 0 1.00103 -8.90821 -3.39233 1.00103 -8.23764 3.73512 1.00103 -3.50751 1.95121 1.00103 -4.73813 6.49382 1.00103 -6.0981 3.39233 1.00103 -8.23764 4.85121 1.00103 -1.64981 8.43423 1.00103 -2.86834 -8.63323 3.00103 0 -8.17388 3.00103 2.7798 -5.88649 3.00103 0 -5.57328 3.00103 1.89538 0 3.00103 8.63323 3.28762 3.00103 7.98335 0 3.00103 5.88649 2.24163 3.00103 5.44337 6.29336 3.00103 5.90986 8.17388 3.00103 2.7798 4.29107 3.00103 4.02958 5.57328 3.00103 1.89538 -6.29336 3.00103 5.90986 -3.28762 3.00103 7.98335 -4.29107 3.00103 4.02958 -2.24163 3.00103 5.44337 0 3.00103 -8.63323 -3.28762 3.00103 -7.98335 0 3.00103 -5.88649 -2.24163 3.00103 -5.44337 -6.29336 3.00103 -5.90986 -8.17388 3.00103 -2.7798 -4.29107 3.00103 -4.02958 -5.57328 3.00103 -1.89538 6.29336 3.00103 -5.90986 3.28762 3.00103 -7.98335 4.29107 3.00103 -4.02958 2.24163 3.00103 -5.44337 -8.17388 3.00103 2.7798 -8.63323 3.00103 0 -9.03696 2.52103 3.07332 -9.54481 2.52103 0 8.63323 3.00103 0 8.17388 3.00103 2.7798 9.54481 2.52103 0 9.03696 2.52103 3.07332 -3.28762 3.00103 7.98335 -6.29336 3.00103 5.90986 -3.63475 2.52103 8.82631 -6.95788 2.52103 6.53389 0 3.00103 8.63323 0 2.52103 9.54481 8.17388 3.00103 -2.7798 9.03696 2.52103 -3.07332 -3.28762 3.00103 -7.98335 0 3.00103 -8.63323 -3.63475 2.52103 -8.82631 0 2.52103 -9.54481 -8.17388 3.00103 -2.7798 -6.29336 3.00103 -5.90986 -9.03696 2.52103 -3.07332 -6.95788 2.52103 -6.53389 3.28762 3.00103 -7.98335 6.29336 3.00103 -5.90986 3.63475 2.52103 -8.82631 6.95788 2.52103 -6.53389 -9.03696 2.52103 3.07332 -9.54481 2.52103 0 -9.03696 1.49399 3.07332 -9.54481 1.49399 0 9.54481 2.52103 0 9.03696 2.52103 3.07332 9.54481 1.49399 0 9.03696 1.49399 3.07332 -3.63475 2.52103 8.82631 -6.95788 2.52103 6.53389 -3.63475 1.99736 8.82631 -6.95788 1.49399 6.53389 0 2.52103 9.54481 -3.63475 2.52103 8.82631 0 1.49399 9.54481 -3.63475 1.99736 8.82631 9.03696 2.52103 -3.07332 9.03696 1.49399 -3.07332 -3.63475 2.52103 -8.82631 0 2.52103 -9.54481 -3.63475 1.49399 -8.82631 0 1.49399 -9.54481 -9.03696 2.52103 -3.07332 -6.95788 2.52103 -6.53389 -9.03696 1.49399 -3.07332 -6.95788 1.49399 -6.53389 -3.63475 2.52103 -8.82631 -3.63475 1.49399 -8.82631 3.63475 2.52103 -8.82631 6.95788 2.52103 -6.53389 3.63475 2.00103 -8.82631 6.95788 1.49399 -6.53389 3.63475 2.52103 -8.82631 3.63475 2.00103 -8.82631 -9.03696 1.49399 3.07332 -9.54481 1.49399 0 -8.43423 1.00103 2.86834 -8.90821 1.00103 0 9.54481 1.49399 0 9.03696 1.49399 3.07332 8.90821 1.00103 0 8.43423 1.00103 2.86834 -3.63475 1.99736 8.82631 -6.95788 1.49399 6.53389 -3.39233 1.00103 8.23764 -6.49382 1.00103 6.0981 0 1.49399 9.54481 0 1.00103 8.90821 9.03696 1.49399 -3.07332 8.43423 1.00103 -2.86834 -3.63475 1.49399 -8.82631 0 1.49399 -9.54481 -3.39233 1.00103 -8.23764 0 1.00103 -8.90821 -9.03696 1.49399 -3.07332 -6.95788 1.49399 -6.53389 -8.43423 1.00103 -2.86834 -6.49382 1.00103 -6.0981 3.63475 2.00103 -8.82631 6.95788 1.49399 -6.53389 3.39233 1.00103 -8.23764 6.49382 1.00103 -6.0981 3.63475 2.52103 8.82631 3.28762 3.00103 7.98335 6.95788 2.52103 6.53389 6.29336 3.00103 5.90986 3.63475 1.49399 8.82631 3.63475 2.52103 8.82631 6.95788 1.49399 6.53389 6.95788 2.52103 6.53389 3.63475 1.49399 8.82631 3.63475 2.52103 8.82631 3.39233 1.00103 8.23764 3.63475 1.49399 8.82631 6.49382 1.00103 6.0981 6.95788 1.49399 6.53389 3.6744 0.00103151 8.43444 2.49793 0.000951437 8.83426 2.29686 0.00103151 8.48886 3.63475 0.301032 8.82631 2.5 0.301032 9.17987 3.6744 0.00103151 8.43444 2.49793 0.000951437 8.83426 3.63475 1.49399 8.82631 2.5 1.50164 9.17987 3.63475 0.301032 8.82631 2.5 0.301032 9.17987 2.5 1.8044 9.06146 2.5 1.50164 9.17987 3.63475 1.49399 8.82631 -4.02632 -0.498969 7.4859 -4.0262 0.00466733 7.48569 -2.16157 -0.498969 8.22056 -2.16157 0.301032 8.22056 -5.66721 0.181123 6.33504 -5.66721 -0.498969 6.33504 -6.35413 -0.498969 6.35413 -6.35412 0.301032 6.35412 -5.66721 0.181123 6.33504 -6.6468 0.501031 6.74879 -9.45392 -0.498969 9.43738 -9.45392 0.501031 9.43738 -2.16157 0.301032 8.22056 0 1.25653 9.12213 -2.16157 -0.498969 8.22056 0 -0.498969 9.12213 0 1.25653 9.12213 -2.16157 0.301032 8.22056 -5.67055 1.25653 6.19465 -5.67055 0.301032 6.19465 1.75018 0.301032 8.45808 1.75 -0.498969 8.45818 -6.6468 1.5448 6.74879 -5.67055 1.25653 6.19465 -6.35412 0.301032 6.35412 -5.67055 0.301032 6.19465 -4.0262 0.00466733 7.48569 -5.66721 0.181123 6.33504 -2.16157 0.301032 8.22056 -5.67055 0.301032 6.19465 2.49793 2.50103 8.83426 2.50001 2.50102 12.2474 2.49793 -0.498967 8.83426 2.50001 -0.498962 12.2474 0 -0.998969 9.55515 -2.35407 -0.998961 8.68672 0 -0.498969 9.12213 -2.16157 -0.498969 8.22056 -4.26316 -0.998969 7.92625 -4.02632 -0.498969 7.4859 -2.35407 -0.998961 8.68672 -2.16157 -0.498969 8.22056 -6.00057 -0.99899 6.7077 -5.66721 -0.498969 6.33504 -6.35413 -0.498969 6.35413 -6.00057 -0.99899 6.7077 -8.46429 -0.846194 9.3602 -6.35413 -0.498969 6.35413 -9.45392 -0.498969 9.43738 -2.35407 -0.998961 8.68672 0 -0.998969 9.55515 -5.01542 -0.846194 12.0988 -8.46429 -0.846194 9.3602 -6.00057 -0.99899 6.7077 -4.26316 -0.998969 7.92625 -5.58957 0.501031 7.15433 -6.6468 0.501031 6.74879 -8.0618 0.501031 10.3659 -9.45392 0.501031 9.43738 3.63475 0.301032 8.82631 3.6744 0.00103151 8.43444 6.27506 0.299611 7.00492 5.94321 0.00173946 6.61082 -8.46429 -0.846194 9.3602 -4.26316 -0.998969 7.92625 -5.01542 -0.846194 12.0988 -2.35407 -0.998961 8.68672 1.95414 -0.846194 12.6545 -5.01542 -0.846194 12.0988 0 -0.998969 9.55515 1 2.0047 10.0425 1 2.00103 9.34666 -0.056904 2.00441 10.2822 -0.133694 2.00103 9.39904 -1.26739 2.00103 9.26578 -3.63475 1.99736 8.82631 -1.1 2.00441 9.98816 -0.056904 0.501031 10.2822 1 0.501031 10.0425 -0.056904 2.00441 10.2822 1 2.0047 10.0425 -1.1 0.501031 9.98816 -0.056904 0.501031 10.2822 -1.1 2.00441 9.98816 -0.056904 2.00441 10.2822 2.29686 0.00103151 8.48886 2.29686 -0.498969 8.48886 1.75018 0.301032 8.45808 1.75 -0.498969 8.45818 2.29686 -0.498969 8.48886 2.29686 0.00103151 8.48886 2.29686 0.00103151 8.48886 1.75018 0.301032 8.45808 5.94321 0.00173946 6.61082 5.67112 0.299895 6.19563 5.67084 1.25644 6.19514 5.67112 0.299895 6.19563 0 1.25653 9.12213 1.75018 0.301032 8.45808 5.94321 0.00173946 6.61082 6.27871 0.301032 6.27871 6.27506 0.299611 7.00492 6.27506 1.49399 7.00492 3.63475 1.49399 8.82631 6.27506 0.299611 7.00492 3.63475 0.301032 8.82631 5.67084 1.25644 6.19514 6.27411 1.00103 6.27411 5.67112 0.299895 6.19563 6.27871 0.301032 6.27871 -6.35412 0.301032 6.35412 -5.67055 0.301032 6.19465 -5.66721 0.181123 6.33504 -6.35412 0.301032 6.35412 -6.6468 0.501031 6.74879 -6.6468 1.5448 6.74879 -6.6468 0.501031 6.74879 -6.35413 -0.498969 6.35413 -9.45392 -0.498969 9.43738 5.94321 0.00173946 6.61082 2.50001 2.50102 12.2474 2.49793 2.50103 8.83426 1.75 3.00103 12.8792 1.75 3.00103 8.2731 1 2.50103 9.34666 1 0.501031 9.34666 1 2.50103 12.4599 1 0.501031 12.4599 1 2.50103 12.4599 1.75 3.00103 12.8792 1 2.50103 9.34666 1.75 3.00103 8.2731 -1.26739 2.00103 9.26578 -1.1 2.00441 9.98816 -0.133694 2.00103 9.39904 -0.056904 2.00441 10.2822 -1.1 2.00441 9.98816 -3.63475 1.99736 8.82631 -1.1 0.501031 9.98816 -3.63475 0.501031 8.82631 1.75 -0.498969 8.45818 1.99999 -0.998969 8.89119 2.29686 -0.498969 8.48886 2.49793 -0.498967 8.83426 1.99999 -0.998969 8.89119 2.29686 -0.498969 8.48886 1.99999 -0.998969 8.89119 1.95414 -0.846194 12.6545 0 -0.998969 9.55515 -3.63475 0.501031 8.82631 -3.63475 1.99736 8.82631 -6.6468 0.501031 6.74879 -6.6468 1.5448 6.74879 -1.1 0.501031 9.98816 -5.42102 0.501031 11.7409 1 0.501031 12.4599 1 0.501031 9.34666 -5.58957 0.501031 7.15433 -8.0618 0.501031 10.3659 -6.99002 1.50103 11.1163 -6.99002 0.501031 11.1163 -4.79711 1.50103 7.70868 -4.79711 0.501031 7.70868 -8.0618 1.50103 10.3659 -5.59633 1.50103 7.14933 -8.0618 0.501031 10.3659 -5.58957 0.501031 7.15433 -6.99002 1.50103 11.1163 -4.79711 1.50103 7.70868 -8.0618 1.50103 10.3659 -5.59633 1.50103 7.14933 2.50001 -0.498962 12.2474 1.95414 -0.846194 12.6545 6.27411 1.00103 6.27411 6.27506 1.49399 7.00492 6.27871 0.301032 6.27871 6.27506 0.299611 7.00492 5.94321 0.00173946 6.61082 5.67112 0.299895 6.19563 6.27871 0.301032 6.27871 -3.6744 0.00103151 -8.43444 -2.49793 0.000951437 -8.83426 -2.29686 0.00103151 -8.48886 -3.63475 0.301032 -8.82631 -2.5 0.301032 -9.17987 -3.6744 0.00103151 -8.43444 -2.49793 0.000951437 -8.83426 -3.63475 1.49399 -8.82631 -2.5 1.50164 -9.17987 -3.63475 0.301032 -8.82631 -2.5 0.301032 -9.17987 -2.5 1.8044 -9.06146 -2.5 1.50164 -9.17987 -3.63475 1.49399 -8.82631 4.02632 -0.498969 -7.4859 4.0262 0.00466733 -7.48569 2.16157 -0.498969 -8.22056 2.16157 0.301032 -8.22056 4.0262 0.00466733 -7.48569 4.02632 -0.498969 -7.4859 5.66721 0.181123 -6.33504 5.66721 -0.498969 -6.33504 6.35413 -0.498969 -6.35413 6.35412 0.301032 -6.35412 5.66721 -0.498969 -6.33504 5.66721 0.181123 -6.33504 6.6468 0.501031 -6.74879 9.45392 -0.498969 -9.43738 9.45392 0.501031 -9.43738 2.16157 0.301032 -8.22056 0 1.25653 -9.12213 2.16157 -0.498969 -8.22056 0 -0.498969 -9.12213 0 1.25653 -9.12213 2.16157 0.301032 -8.22056 5.67055 1.25653 -6.19465 5.67055 0.301032 -6.19465 0 1.25653 -9.12213 -1.75018 0.301032 -8.45808 0 -0.498969 -9.12213 -1.75 -0.498969 -8.45818 6.6468 1.5448 -6.74879 5.67055 1.25653 -6.19465 6.35412 0.301032 -6.35412 5.67055 0.301032 -6.19465 4.0262 0.00466733 -7.48569 5.66721 0.181123 -6.33504 2.16157 0.301032 -8.22056 5.67055 0.301032 -6.19465 -2.49793 2.50103 -8.83426 -2.50001 2.50102 -12.2474 -2.49793 -0.498967 -8.83426 -2.50001 -0.498962 -12.2474 0 -1.00577 -9.55515 2.35407 -1.00577 -8.68672 0 -0.498969 -9.12213 2.16157 -0.498969 -8.22056 4.26316 -1.00577 -7.92625 4.02632 -0.498969 -7.4859 2.35407 -1.00577 -8.68672 2.16157 -0.498969 -8.22056 6.00057 -1.00577 -6.7077 5.66721 -0.498969 -6.33504 4.26316 -1.00577 -7.92625 4.02632 -0.498969 -7.4859 6.00057 -1.00577 -6.7077 6.35413 -0.498969 -6.35413 5.66721 -0.498969 -6.33504 6.00057 -1.00577 -6.7077 8.53204 -1.00577 -9.26223 6.35413 -0.498969 -6.35413 9.45392 -0.498969 -9.43738 2.35407 -1.00577 -8.68672 0 -1.00577 -9.55515 4.63789 -1.00577 -13.5406 8.53204 -1.00577 -9.26223 6.00057 -1.00577 -6.7077 4.26316 -1.00577 -7.92625 5.58957 0.501031 -7.15433 6.6468 0.501031 -6.74879 8.0618 0.501031 -10.3659 9.45392 0.501031 -9.43738 -3.63475 0.301032 -8.82631 -3.6744 0.00103151 -8.43444 -6.27506 0.299611 -7.00492 -5.94321 0.00173946 -6.61082 -1.9064 -1.00577 -12.5291 -0.985829 2.00103 -10.0425 -0.985829 2.00103 -9.34666 0.056904 2.00103 -10.2822 0.133694 2.00103 -9.39904 1.26739 2.00103 -9.26578 3.63475 2.00103 -8.82631 1.1 2.00103 -9.98816 0.056904 0.501031 -10.2822 -0.985829 0.501031 -10.0425 0.056904 2.00103 -10.2822 -0.985829 2.00103 -10.0425 1.1 0.501031 -9.98816 0.056904 0.501031 -10.2822 1.1 2.00103 -9.98816 0.056904 2.00103 -10.2822 -2.29686 0.00103151 -8.48886 -2.29686 -0.498969 -8.48886 -1.75018 0.301032 -8.45808 -1.75 -0.498969 -8.45818 -2.29686 -0.498969 -8.48886 -2.29686 0.00103151 -8.48886 -2.49793 -0.498967 -8.83426 -2.49793 2.50103 -8.83426 -2.29686 0.00103151 -8.48886 -1.75018 0.301032 -8.45808 -5.94321 0.00173946 -6.61082 -5.67112 0.299895 -6.19563 -5.67084 1.25644 -6.19514 -5.67112 0.299895 -6.19563 0 1.25653 -9.12213 -1.75018 0.301032 -8.45808 -5.94321 0.00173946 -6.61082 -6.27871 0.301032 -6.27871 -6.27506 0.299611 -7.00492 -6.27506 1.49399 -7.00492 -3.63475 1.49399 -8.82631 -6.27506 0.299611 -7.00492 -3.63475 0.301032 -8.82631 -5.67084 1.25644 -6.19514 -6.27411 1.00103 -6.27411 -5.67112 0.299895 -6.19563 -6.27871 0.301032 -6.27871 6.35412 0.301032 -6.35412 5.67055 0.301032 -6.19465 5.66721 0.181123 -6.33504 6.35412 0.301032 -6.35412 6.6468 0.501031 -6.74879 6.6468 1.5448 -6.74879 6.6468 0.501031 -6.74879 6.35413 -0.498969 -6.35413 9.45392 -0.498969 -9.43738 6.35413 -0.498969 -6.35413 -5.94321 0.00173946 -6.61082 -2.50001 2.50102 -12.2474 -2.49793 2.50103 -8.83426 -1.75 3.00103 -12.8792 -1.75 3.00103 -8.2731 -0.985829 2.50103 -9.34666 -0.985829 0.501031 -9.34666 -0.985829 2.50103 -12.4599 -0.985829 0.501031 -12.4599 -0.985829 2.50103 -12.4599 -1.75 3.00103 -12.8792 -0.985829 2.50103 -9.34666 -1.75 3.00103 -8.2731 1.1 2.00103 -9.98816 3.63475 2.00103 -8.82631 1.1 0.501031 -9.98816 3.63475 0.501031 -8.82631 -1.75 -0.498969 -8.45818 -1.99999 -1.00577 -8.89119 0 -0.498969 -9.12213 0 -1.00577 -9.55515 -2.29686 -0.498969 -8.48886 -2.49793 -0.498967 -8.83426 -1.99999 -1.00577 -8.89119 -1.75 -0.498969 -8.45818 -2.29686 -0.498969 -8.48886 -1.99999 -1.00577 -8.89119 -1.99999 -1.00577 -8.89119 3.63475 0.501031 -8.82631 3.63475 2.00103 -8.82631 6.6468 0.501031 -6.74879 6.6468 1.5448 -6.74879 1.1 0.501031 -9.98816 5.42102 0.501031 -12.438 -0.985829 0.501031 -12.4599 -0.985829 0.501031 -9.34666 5.58957 0.501031 -7.15433 8.0618 0.501031 -10.3659 6.99002 1.50103 -11.1163 6.99002 0.501031 -11.1163 4.79711 1.50103 -7.70868 4.79711 0.501031 -7.70868 8.0618 1.50103 -10.3659 5.59633 1.50103 -7.14933 8.0618 0.501031 -10.3659 5.58957 0.501031 -7.15433 6.99002 1.50103 -11.1163 4.79711 1.50103 -7.70868 8.0618 1.50103 -10.3659 5.59633 1.50103 -7.14933 -2.49793 -0.498967 -8.83426 -2.50001 -0.498962 -12.2474 -1.99999 -1.00577 -8.89119 -1.9064 -1.00577 -12.5291 -6.27411 1.00103 -6.27411 -6.27506 1.49399 -7.00492 -6.27871 0.301032 -6.27871 -6.27506 0.299611 -7.00492 -5.94321 0.00173946 -6.61082 -5.67112 0.299895 -6.19563 -6.27871 0.301032 -6.27871 8.63323 3.00103 0 5.88649 3.00103 0 8.17388 3.00103 -2.7798 5.57328 3.00103 -1.89538 9.18327 0.300085 2.00674 9.18327 2.14339 2.00699 8.69483 0.300085 2.4 8.69483 2.14339 2.4 8.69483 2.14339 2.4 7.7 2.14339 2.4 8.69483 0.300085 2.4 7.7 0.300085 2.39886 9.18327 0.300085 2.00674 8.80176 0.00245133 2.03283 9.18327 0.300085 -2.00674 8.80176 0.00245133 -2.03283 9.18327 0.300085 2.00674 8.69483 0.300085 2.4 8.80176 0.00245133 2.03283 8.80176 0.00245133 2.03283 8.69483 0.300085 2.4 7.58552 0.00245133 2.01448 7.7 0.300085 2.39886 7.58552 0.00245133 -2.01448 7.58552 0.00245133 2.01448 7.20055 0.300085 -1.9 7.20055 0.300085 1.9 7.20055 0.300085 1.9 7.7 0.300085 2.39886 7.20058 2.14339 1.9 7.7 2.14339 2.4 7.20055 0.300085 1.9 7.58552 0.00245133 2.01448 7.7 0.300085 2.39886 9.18327 2.14339 -2.00699 9.18327 2.14339 2.00699 9.18327 0.300085 -2.00674 9.18327 0.300085 2.00674 8.69483 0.300085 -2.4 8.69483 2.14339 -2.4 9.18327 0.300085 -2.00674 9.18327 2.14339 -2.00699 8.69483 2.14339 -2.4 8.69483 0.300085 -2.4 7.7 2.14339 -2.4 7.7 0.300085 -2.39887 7.20055 0.300085 -1.9 7.20058 2.14339 -1.9 7.7 0.300085 -2.39887 7.7 2.14339 -2.4 7.20058 2.14339 1.9 7.20058 2.14339 -1.9 7.20055 0.300085 1.9 7.20055 0.300085 -1.9 8.69483 0.300085 -2.4 9.18327 0.300085 -2.00674 8.80176 0.00245133 -2.03283 8.80176 0.00245133 -2.03283 7.58552 0.00245133 -2.01448 8.69483 0.300085 -2.4 7.7 0.300085 -2.39887 7.20055 0.300085 -1.9 7.7 0.300085 -2.39887 7.58552 0.00245133 -2.01448 7.58552 0.00245133 -2.01448 8.80176 0.00245133 -2.03283 7.58552 0.00245133 2.01448 8.80176 0.00245133 2.03283 -9.18327 0.300085 -2.00674 -9.18327 2.14339 -2.00699 -8.69483 0.300085 -2.4 -8.69483 2.14339 -2.4 -8.69483 2.14339 -2.4 -7.7 2.14339 -2.4 -8.69483 0.300085 -2.4 -7.7 0.300085 -2.39886 -9.18327 0.300085 -2.00674 -8.80176 0.00245133 -2.03283 -9.18327 0.300085 2.00674 -8.80176 0.00245133 2.03283 -9.18327 0.300085 -2.00674 -8.69483 0.300085 -2.4 -8.80176 0.00245133 -2.03283 -8.80176 0.00245133 -2.03283 -8.69483 0.300085 -2.4 -7.58552 0.00245133 -2.01448 -7.7 0.300085 -2.39886 -7.58552 0.00245133 2.01448 -7.58552 0.00245133 -2.01448 -7.20055 0.300085 1.9 -7.20055 0.300085 -1.9 -7.20055 0.300085 -1.9 -7.7 0.300085 -2.39886 -7.20058 2.14339 -1.9 -7.7 2.14339 -2.4 -7.20055 0.300085 -1.9 -7.58552 0.00245133 -2.01448 -7.7 0.300085 -2.39886 -9.18327 2.14339 2.00699 -9.18327 2.14339 -2.00699 -9.18327 0.300085 2.00674 -9.18327 0.300085 -2.00674 -8.69483 0.300085 2.4 -8.69483 2.14339 2.4 -9.18327 0.300085 2.00674 -9.18327 2.14339 2.00699 -8.69483 2.14339 2.4 -8.69483 0.300085 2.4 -7.7 2.14339 2.4 -7.7 0.300085 2.39886 -7.20055 0.300085 1.9 -7.20058 2.14339 1.9 -7.7 0.300085 2.39886 -7.7 2.14339 2.4 -7.20058 2.14339 -1.9 -7.20058 2.14339 1.9 -7.20055 0.300085 -1.9 -7.20055 0.300085 1.9 -8.69483 0.300085 2.4 -9.18327 0.300085 2.00674 -8.80176 0.00245133 2.03283 -8.80176 0.00245133 2.03283 -7.58552 0.00245133 2.01448 -8.69483 0.300085 2.4 -7.7 0.300085 2.39886 -7.20055 0.300085 1.9 -7.7 0.300085 2.39886 -7.58552 0.00245133 2.01448 -7.58552 0.00245133 2.01448 -8.80176 0.00245133 2.03283 -7.58552 0.00245133 -2.01448 -8.80176 0.00245133 -2.03283 -1.5 2.50103 -9.98816 -0.985829 2.50103 -10.5655 -1.5 4.50103 -9.98816 -1 4.50103 -10.5655 -2.25 4.50103 -9.84382 -2.5 4.50103 -10.2768 -2.25 2.50103 -9.84382 -2.5 2.50103 -10.2768 -1.5 4.50103 -9.98816 -2.25 4.50103 -9.84382 -1.5 2.50103 -9.98816 -2.25 2.50103 -9.84382 -2.25 4.50103 -9.84382 -1.5 4.50103 -9.98816 -1.75 5.00103 -10.4212 -1.75 5.00103 -10.4212 -2.5 4.50103 -10.2768 -2.25 4.50103 -9.84382 -1.5 4.50103 -9.98816 -1 4.50103 -10.5655 -1.75 5.00103 -10.4212 -1 4.50103 -10.5655 -1 4.50103 -11.6034 -1.75 5.00103 -10.4212 -1.75 5.00103 -11.5656 -1.75 5.00103 -11.5656 -2.5 4.50103 -11.5278 -1.75 5.00103 -10.4212 -2.5 4.50103 -10.2768 -1.75 5.00103 -11.5656 -1 4.50103 -11.6034 -1.16989 4.50103 -11.979 -1.75 5.00103 -11.5656 -1.16989 4.50103 -11.979 -1.82479 4.50103 -12.0599 -1.75 5.00103 -11.5656 -1.82479 4.50103 -12.0599 -2.5 4.50103 -11.5278 -1.16989 4.50103 -11.979 -1 4.50103 -11.6034 -1.16989 2.50103 -11.979 -0.985829 2.50103 -11.6034 -1.82479 4.50103 -12.0599 -1.16989 4.50103 -11.979 -1.82479 2.50103 -12.0599 -1.16989 2.50103 -11.979 -1.82479 2.50103 -12.0599 -2.5 2.50103 -11.5278 -1.82479 4.50103 -12.0599 -2.5 4.50103 -11.5278 -0.985829 2.50103 -11.6034 -1 4.50103 -11.6034 -0.985829 2.50103 -10.5655 -1 4.50103 -10.5655 -2.5 2.50103 -10.2768 -2.5 4.50103 -10.2768 -2.5 2.50103 -11.5278 -2.5 4.50103 -11.5278 1.5 2.50103 9.98816 1 2.50103 10.5655 1.5 4.50103 9.98816 1 4.50103 10.5655 2.25 4.50103 9.84382 2.5 4.50103 10.2768 2.25 2.50103 9.84382 2.5 2.50103 10.2768 1.5 4.50103 9.98816 2.25 4.50103 9.84382 1.5 2.50103 9.98816 2.25 2.50103 9.84382 2.25 4.50103 9.84382 1.5 4.50103 9.98816 1.75 5.00103 10.4212 1.75 5.00103 10.4212 2.5 4.50103 10.2768 2.25 4.50103 9.84382 1.5 4.50103 9.98816 1 4.50103 10.5655 1.75 5.00103 10.4212 1 4.50103 10.5655 1 4.50103 11.6034 1.75 5.00103 10.4212 1.75 5.00103 11.5656 1.75 5.00103 11.5656 2.5 4.50103 11.5278 1.75 5.00103 10.4212 2.5 4.50103 10.2768 1.75 5.00103 11.5656 1 4.50103 11.6034 1.16989 4.50103 11.979 1.75 5.00103 11.5656 1.16989 4.50103 11.979 1.82479 4.50103 12.0599 1.75 5.00103 11.5656 1.82479 4.50103 12.0599 2.5 4.50103 11.5278 1.16989 4.50103 11.979 1 4.50103 11.6034 1.16989 2.50103 11.979 1 2.50103 11.6034 1.82479 4.50103 12.0599 1.16989 4.50103 11.979 1.82479 2.50103 12.0599 1.16989 2.50103 11.979 1.82479 2.50103 12.0599 2.5 2.50103 11.5278 1.82479 4.50103 12.0599 2.5 4.50103 11.5278 1 2.50103 11.6034 1 4.50103 11.6034 1 2.50103 10.5655 1 4.50103 10.5655 2.5 2.50103 10.2768 2.5 4.50103 10.2768 2.5 2.50103 11.5278 2.5 4.50103 11.5278 1.76633 -0.698968 -14.5638 2.85799 -0.698968 -16.0663 1.76633 3.97162 -14.5638 2.85799 3.97162 -16.0663 -3.93393E-06 -0.698968 -13.9899 -3.98025E-06 3.97162 -13.9899 -1.76634 -0.698968 -14.5638 -1.76634 3.97162 -14.5638 -2.85799 -0.698968 -16.0663 -2.85799 3.97162 -16.0663 -2.85799 -0.698968 -17.9235 -2.85799 -0.698968 -16.0663 -2.85799 3.97162 -17.9235 -2.85799 3.97162 -16.0663 -1.76634 -0.698968 -19.4261 -1.76634 3.97162 -19.4261 -4.88319E-06 -0.698968 -20 -1.76634 -0.698968 -19.4261 -4.90642E-06 3.97162 -20 -1.76634 3.97162 -19.4261 1.76633 -0.698968 -19.4261 1.76633 3.97162 -19.4261 2.85798 -0.698968 -17.9235 2.85798 3.97162 -17.9235 2.85799 -0.698968 -16.0663 2.85798 -0.698968 -17.9235 2.85799 3.97162 -16.0663 2.85798 3.97162 -17.9235 1.76633 3.97162 -14.5638 1.33737 5.50103 -15.6626 1.89133 5.50103 -17 -4.01609E-06 5.50103 -15.1087 1.33737 5.50103 -15.6626 -1.33738 5.50103 -15.6626 -1.76634 3.97162 -14.5638 -1.89134 5.50103 -17 -1.33738 5.50103 -15.6626 -1.33738 5.50103 -18.3374 -3.95726E-06 5.50103 -18.8827 -1.33738 5.50103 -18.3374 1.33737 5.50103 -18.3374 1.76633 3.97162 -19.4261 1.33737 5.50103 -18.3374 1.33737 5.50103 -15.6626 1.89133 5.50103 -17 -3.95726E-06 5.50103 -18.8827 -4.01609E-06 5.50103 -15.1087 -1.33738 5.50103 -15.6626 -1.89134 5.50103 -17 -1.33738 5.50103 -18.3374 1.33737 5.50103 -18.3374 -3.75841 -2.49897 14.6808 -2.75266 -1.49897 14.1613 -3.71948 -1.33089 15.4952 8.5784 -1.99897 -16.861 7.92819 -0.99897 -16.7126 7.89541 -1.99897 -17.7795 7.3992 -0.99897 -17.1283 7.3992 -0.99897 -17.1283 4.39093 -0.99897 -17.1593 7.89541 -1.99897 -17.7795 4.28299 -1.99897 -18.7243 8.60871 -1.99897 -18.5238 9.38404 0.0010306 -19.0821 9.31225 -1.99897 -16.9955 10.132 0.00103121 -17.1053 -0.603249 -1.99897 -18.1211 0.390233 -1.99897 -20.0125 4.28299 -1.99897 -18.7243 4.85613 -1.99897 -20.4467 9.31225 -1.99897 -16.9955 8.5784 -1.99897 -16.861 8.60871 -1.99897 -18.5238 7.89541 -1.99897 -17.7795 5.10423 2.20103 -21.7182 5.10423 0.0010309 -21.7182 1.78582 2.20103 -21.5631 1.78582 0.00103151 -21.5631 0.493419 -1.03273 -15.9945 -2.89716 -0.975783 -14.8333 -0.603249 -1.99897 -18.1211 -2.90356 -1.89206 -17.5132 4.39093 -0.99897 -17.1593 4.28299 -1.99897 -18.7243 -4.17473 -1.99897 -17.1777 -0.603249 -1.99897 -18.1211 -2.97331 -1.96188 -17.495 -2.90356 -1.89206 -17.5132 -3.09053 -1.54218 -14.9457 -2.97331 -1.96188 -17.495 -2.89716 -0.975783 -14.8333 -2.90356 -1.89206 -17.5132 -2.89716 -0.975783 -14.8333 -8.07809 -1.44095 -11.4185 -3.09053 -1.54218 -14.9457 -8.07809 -1.49897 -11.4185 -8.07809 -1.49897 -11.4185 -7.81467 -2.08998 -13.1637 -3.09053 -1.54218 -14.9457 -2.97331 -1.96188 -17.495 -1.99778 2.20103 -23.4549 1.78582 2.20103 -21.5631 -1.99778 0.00103151 -23.4549 1.78582 0.00103151 -21.5631 0.215973 -2.19897 -20.1178 -2.58703 -2.19897 -21.8112 1.78582 0.00103151 -21.5631 -1.99778 0.00103151 -23.4549 1.78582 0.00103151 -21.5631 0.390233 -1.99897 -20.0125 0.215973 -2.19897 -20.1178 -0.603249 -1.99897 -18.1211 -0.739395 -2.19897 -18.292 0.390233 -1.99897 -20.0125 0.215973 -2.19897 -20.1178 -3.70922 -2.19897 -17.5075 -0.739395 -2.19897 -18.292 -4.17473 -1.99897 -17.1777 -0.603249 -1.99897 -18.1211 -3.70922 -2.19897 -17.5075 -4.17473 -1.99897 -17.1777 -3.39356 -2.19897 -17.9727 -3.56391 -1.9833 -18.0939 -3.41357 -2.19897 -18.2336 -3.39356 -2.19897 -17.9727 -3.56391 -1.9833 -18.0939 -3.67239 -2.19897 -18.2724 -3.41357 -2.19897 -18.2336 -3.56391 -1.9833 -18.0939 -5.07889 -2.19897 -17.4598 -3.67239 -2.19897 -18.2724 -5.05076 -1.99897 -17.2451 -3.56391 -1.9833 -18.0939 -7.60871 -2.19897 -18.142 -6.90419 -2.19897 -18.6874 -5.07889 -2.19897 -17.4598 -3.39356 -2.19897 -17.9727 -0.739395 -2.19897 -18.292 -3.70922 -2.19897 -17.5075 -3.19763 -2.19897 -19.6036 -6.83269 -2.19897 -18.9173 -7.98207 -2.19897 -20.8839 -12.3609 0.00103121 -20.572 -6.79483 -2.19897 -21.1363 -7.98119 -1.09905 -21.5321 -7.98119 -1.09905 -21.5321 -8.74134 0.0010303 -22.0721 -2.58703 -2.19897 -21.8112 -1.99778 0.00103151 -23.4549 -6.79483 -2.19897 -21.1363 -7.98119 -1.09905 -21.5321 -2.58703 -2.19897 -21.8112 -7.60871 -2.19897 -18.142 -5.07889 -2.19897 -17.4598 -8.04945 -1.99897 -18.0537 -5.05076 -1.99897 -17.2451 -7.02379 -1.99897 -18.8547 -6.90419 -2.19897 -18.6874 -8.04945 -1.99897 -18.0537 -7.60871 -2.19897 -18.142 -7.02379 -1.99897 -18.8547 -7.02413 -2.19897 -19.0633 -6.83269 -2.19897 -18.9173 -6.83269 -2.19897 -18.9173 -6.90419 -2.19897 -18.6874 -7.02379 -1.99897 -18.8547 -9.31086 -2.19897 -19.1625 -7.02413 -2.19897 -19.0633 -9.46457 -1.99339 -18.9634 -7.02379 -1.99897 -18.8547 -14.7101 0.217758 -18.4546 -9.31086 -2.19897 -19.1625 -15.4269 0.0010312 -18.3851 -9.46457 -1.99339 -18.9634 -14.7101 0.217758 -18.4546 -12.3609 0.00103121 -20.572 -9.31086 -2.19897 -19.1625 -7.98207 -2.19897 -20.8839 -9.91678 0.0010312 -21.2425 -7.98119 -1.09905 -21.5321 -12.3609 0.00103121 -20.572 -7.98119 -1.09905 -21.5321 -9.91678 0.0010312 -21.2425 -8.74134 0.0010303 -22.0721 -9.46457 -1.99339 -18.9634 -13.3863 -1.98784 -16.6174 -15.4269 0.0010312 -18.3851 -4.17473 -1.99897 -17.1777 -5.05076 -1.99897 -17.2451 -3.56391 -1.9833 -18.0939 -14.0052 -1.49897 -9.01472 -14.2686 -2.17471 -10.2989 -8.07809 -1.49897 -11.4185 -7.81467 -2.08998 -13.1637 -14.9272 -1.49897 -6.90732 -15.4869 -2.25359 -7.63174 -14.0052 -1.49897 -9.01472 -14.2686 -2.17471 -10.2989 -15.7079 -1.97915 -6.8923 -17.3142 -2.05049 -5.32362 -15.4869 -2.25359 -7.63174 -18.0442 -2.32335 -5.2731 -15.81 -1.51239 3.07373 -16.9195 -2.48995 3.2169 -15.0926 -1.49897 -6.56352 -15.7079 -1.97915 -6.8923 -16.9195 -2.48995 3.2169 -14.4886 -2.9336 11.9971 -17.9968 -2.54173 4.24177 -15.9399 -3.00326 13.3759 -14.4886 -2.9336 11.9971 -8.05113 -3.0324 13.9561 -15.9399 -3.00326 13.3759 -8.75197 -3.06723 14.646 -17.3142 -2.05049 -5.32362 -15.7079 -1.97915 -6.8923 -17.9968 -2.54173 4.24177 -16.9195 -2.48995 3.2169 -18.8192 -1.20515 4.37711 -17.5506 -1.0941 12.3178 -19.0024 -1.45389 9.60223 -17.3142 -2.05049 -5.32362 -18.8192 -1.20515 4.37711 -20.6437 -2.12014 4.19945 -19.95 -1.78054 7.00446 -20.8705 -2.32335 2.44303 -19.5487 -2.32335 -1.43882 -20.6437 -2.12014 4.19945 -17.3142 -2.05049 -5.32362 -19.5487 -2.32335 -1.43882 -18.0442 -2.32335 -5.2731 -17.3142 -2.05049 -5.32362 -19.0024 -1.45389 9.60223 -18.8192 -1.20515 4.37711 -17.3142 -2.05049 -5.32362 -17.9968 -2.54173 4.24177 -19.95 -1.78054 7.00446 -21.4031 -1.32077 8.03671 -20.6437 -2.12014 4.19945 -22.265 -1.43859 5.16285 -20.8705 -2.32335 2.44303 -22.7101 -1.46922 2.72202 -15.9399 -3.00326 13.3759 -17.8093 -1.15907 13.239 -17.5506 -1.0941 12.3178 -17.9968 -2.54173 4.24177 -15.9399 -3.00326 13.3759 -18.8192 -1.20515 4.37711 -17.5506 -1.0941 12.3178 -17.5506 -1.0941 12.3178 -17.8093 -1.15907 13.239 -19.0024 -1.45389 9.60223 -19.8924 -1.10547 11.0597 -19.8924 -1.10547 11.0597 -15.81 -1.51239 3.07373 -12.8559 -1.49897 11.1264 -16.9195 -2.48995 3.2169 -14.4886 -2.9336 11.9971 -7.79931 -1.49897 12.6454 -8.05113 -3.0324 13.9561 -12.8559 -1.49897 11.1264 -14.4886 -2.9336 11.9971 -17.6587 2.20103 13.9073 -17.6587 0.00103181 13.9073 -17.0923 2.20103 15.39 -17.0923 0.00103181 15.39 -17.0923 2.20103 15.39 -17.0923 0.00103181 15.39 -10.4237 2.20103 16.9981 -10.4406 0.501845 16.9955 -8.11211 0.501032 19.4216 -10.4406 0.501845 16.9955 -7.77494 -0.997076 17.9886 -10.1062 -1.28058 15.871 -10.4237 2.20103 16.9981 -10.4406 0.501845 16.9955 -8.11211 2.20103 19.4216 -8.11211 0.501032 19.4216 -14.0052 -1.49897 -9.01472 -8.07809 -1.49897 -11.4185 -8.07809 -1.44095 -11.4185 -3.67239 -2.19897 -18.2724 0.215973 -2.19897 -20.1178 -3.41357 -2.19897 -18.2336 -9.31086 -2.19897 -19.1625 -7.98207 -2.19897 -20.8839 -7.02413 -2.19897 -19.0633 -6.79483 -2.19897 -21.1363 -15.9399 -3.00326 13.3759 -10.1062 -1.28058 15.871 -17.0923 0.00103181 15.39 -10.4406 0.501845 16.9955 -8.75197 -3.06723 14.646 -15.7079 -1.97915 -6.8923 -15.4869 -2.25359 -7.63174 -15.0926 -1.49897 -6.56352 -14.9272 -1.49897 -6.90732 -8.04945 -1.99897 -18.0537 -13.3863 -1.98784 -16.6174 -7.02379 -1.99897 -18.8547 -9.46457 -1.99339 -18.9634 -7.81467 -2.08998 -13.1637 -4.17473 -1.99897 -17.1777 -2.97331 -1.96188 -17.495 -7.81467 -2.08998 -13.1637 -5.05076 -1.99897 -17.2451 -4.17473 -1.99897 -17.1777 -14.2686 -2.17471 -10.2989 -8.04945 -1.99897 -18.0537 -7.81467 -2.08998 -13.1637 -5.05076 -1.99897 -17.2451 -18.0442 -2.32335 -5.2731 -15.6618 -2.107 -12.5881 -14.3015 -2.08511 -13.3283 -14.2686 -2.17471 -10.2989 -14.3015 -2.08511 -13.3283 -8.04945 -1.99897 -18.0537 -13.3863 -1.98784 -16.6174 -14.3015 -2.08511 -13.3283 -15.4869 -2.25359 -7.63174 -14.2686 -2.17471 -10.2989 5.10423 0.0010309 -21.7182 9.38404 0.0010306 -19.0821 4.85613 -1.99897 -20.4467 8.60871 -1.99897 -18.5238 9.38404 2.20103 -19.0821 9.38404 0.0010306 -19.0821 5.10423 2.20103 -21.7182 5.10423 0.0010309 -21.7182 10.132 2.20103 -17.1053 10.132 0.00103121 -17.1053 9.38404 2.20103 -19.0821 9.38404 0.0010306 -19.0821 -3.19763 -2.19897 -19.6036 -3.18697 -2.29897 -19.7077 0.215973 -2.19897 -20.1178 -0.120298 -2.29897 -20.2022 0.215973 -2.19897 -20.1178 -0.120298 -2.29897 -20.2022 -2.58703 -2.19897 -21.8112 -2.60925 -2.29897 -21.7078 -3.36441 -2.29897 -20.7078 -6.45722 -2.29897 -21.1011 -2.60925 -2.29897 -21.7078 -3.18697 -2.29897 -19.7077 -0.120298 -2.29897 -20.2022 -6.45722 -2.29897 -21.1011 -6.79483 -2.19897 -21.1363 -2.60925 -2.29897 -21.7078 -2.58703 -2.19897 -21.8112 -1.99778 2.20103 -23.4549 -1.99778 0.00103151 -23.4549 -8.74134 2.20103 -22.0721 -8.74134 0.0010303 -22.0721 -6.79483 -2.19897 -21.1363 -6.45722 -2.29897 -21.1011 -3.19763 -2.19897 -19.6036 -3.18697 -2.29897 -19.7077 -9.91678 0.0010312 -21.2425 -9.91678 2.20103 -21.2425 -8.74134 0.0010303 -22.0721 -8.74134 2.20103 -22.0721 -12.3609 0.00103121 -20.572 -12.3609 2.20103 -20.572 -9.91678 0.0010312 -21.2425 -9.91678 2.20103 -21.2425 -12.3609 2.20103 -20.572 -12.3609 0.00103121 -20.572 -14.7101 2.20103 -18.4546 -14.7101 0.217758 -18.4546 -14.7101 2.20103 -18.4546 -14.7101 0.217758 -18.4546 -15.4269 2.20103 -18.3851 -15.4269 0.0010312 -18.3851 -20.3532 0.00103151 -12.7181 -20.3532 2.20103 -12.7181 -18.1201 0.00103121 -15.7373 -18.113 2.20103 -15.7454 -15.4269 2.20103 -18.3851 -15.4269 0.0010312 -18.3851 -18.113 2.20103 -15.7454 -18.1201 0.00103121 -15.7373 -15.4269 0.0010312 -18.3851 -13.3863 -1.98784 -16.6174 -18.1201 0.00103121 -15.7373 -14.7662 -1.8698 -15.8171 -18.4505 -1.49897 -12.4063 -20.3532 0.00103151 -12.7181 -14.7662 -1.8698 -15.8171 -13.3863 -1.98784 -16.6174 -15.8449 -1.8027 -12.7337 -14.4846 -1.78081 -13.4738 -18.1541 -0.998969 -11.2319 -18.4505 -1.49897 -12.4063 -15.8449 -1.8027 -12.7337 -14.7662 -1.8698 -15.8171 -15.6618 -2.107 -12.5881 -18.7468 -1.61131 -7.86224 -18.1541 -0.998969 -11.2319 -19.0123 -0.875134 -10.2527 -18.0442 -2.32335 -5.2731 -19.5487 -2.32335 -1.43882 -20.4194 0.00103121 -9.44984 -21.0518 -1.10734 -5.52433 -22.9513 0.00103151 -7.01692 -18.7468 -1.61131 -7.86224 -20.0415 -1.40217 -5.65844 -20.0415 -1.10217 -5.65844 -20.0415 -1.10217 -5.65844 -21.0518 -1.10734 -5.52433 -18.7468 -1.61131 -7.86224 -20.0415 -1.40217 -5.65844 -20.8705 -2.32335 2.44303 -22.4767 0.00103151 -1.0228 -21.2592 -1.00534 -3.43021 -18.1541 -0.998969 -11.2319 -19.0123 -0.875134 -10.2527 -18.4505 -1.49897 -12.4063 -15.8449 -1.8027 -12.7337 -14.4846 -1.78081 -13.4738 -15.6618 -2.107 -12.5881 -14.3015 -2.08511 -13.3283 -14.3015 -2.08511 -13.3283 -14.4846 -1.78081 -13.4738 -13.3863 -1.98784 -16.6174 -18.1541 -0.998969 -11.2319 -15.8449 -1.8027 -12.7337 -15.6618 -2.107 -12.5881 -20.4194 0.00103121 -9.44984 -20.3532 0.00103151 -12.7181 -19.0123 -0.875134 -10.2527 -18.4505 -1.49897 -12.4063 -20.3532 2.20103 -12.7181 -20.3532 0.00103151 -12.7181 -20.4194 2.20103 -9.44984 -20.4194 0.00103121 -9.44984 -21.2592 -1.00534 -3.43021 -20.0415 -1.10217 -5.65844 -21.2592 -1.00534 -3.43021 -21.0518 -1.10734 -5.52433 -20.0415 -1.10217 -5.65844 -23.1245 0.00103151 -3.97516 -22.9513 0.00103151 -7.01692 -21.0518 -1.10734 -5.52433 -23.1245 0.00103151 -3.97516 -22.4767 0.00103151 -1.0228 -23.1255 2.20103 -3.98728 -22.4767 2.20103 -1.0228 -22.9513 0.00103151 -7.01692 -23.1245 0.00103151 -3.97516 -22.9513 2.20103 -7.01692 -23.1255 2.20103 -3.98728 -20.4194 2.20103 -9.44984 -20.4194 0.00103121 -9.44984 -22.9513 2.20103 -7.01692 -22.9513 0.00103151 -7.01692 -20.8705 -2.32335 2.44303 -22.7101 -1.46922 2.72202 -22.4767 0.00103151 -1.0228 -20.3269 0.00103151 11.5864 -17.6587 0.00103181 13.9073 -20.3269 2.20103 11.5883 -17.6587 2.20103 13.9073 -22.5526 0.00103151 8.20848 -22.5526 2.20103 8.20848 -22.4767 2.20103 -1.0228 -22.4767 0.00103151 -1.0228 -23.9087 2.20103 2.09174 -23.9087 0.00103151 2.09174 -23.4309 0.00103151 5.19554 -23.4311 2.20103 5.19455 -23.9087 2.20103 2.09174 -23.9087 0.00103151 2.09174 -2.75266 -1.49897 14.1613 -3.75841 -2.49897 14.6808 -7.79931 -1.49897 12.6454 -8.05113 -3.0324 13.9561 -8.75197 -3.06723 14.646 -8.05113 -3.0324 13.9561 -3.75841 -2.49897 14.6808 -8.75197 -3.06723 14.646 -3.75841 -2.49897 14.6808 -10.1062 -1.28058 15.871 -3.71948 -1.33089 15.4952 -3.71948 -1.33089 15.4952 -6.74237 -1.05632 17.5461 -10.1062 -1.28058 15.871 -7.77494 -0.997076 17.9886 -4.67722 -0.548497 21.3392 -3.39299 -0.677654 20.3745 0 -0.542963 21.3805 0 -0.677654 20.3745 -4.67722 -0.548497 21.3392 -6.74237 -1.05632 17.5461 -3.71948 -1.33089 15.4952 -5.16189 0.501031 22.4561 -7.03739 0.501031 19.2741 -4.67722 -0.548497 21.3392 -6.74237 -1.05632 17.5461 -8.11211 0.501032 19.4216 -7.77494 -0.997076 17.9886 -7.03739 0.501031 19.2741 -6.74237 -1.05632 17.5461 -8.11211 2.20103 19.4216 -8.11211 0.501032 19.4216 -7.03739 2.20103 19.2741 -7.03739 0.501031 19.2741 -7.03739 2.20103 19.2741 -7.03739 0.501031 19.2741 -5.16189 2.20103 22.4561 -5.16189 0.501031 22.4561 0 -0.542963 21.3805 0 0.501031 22.5519 -4.67722 -0.548497 21.3392 -5.16189 0.501031 22.4561 -5.16189 2.20103 22.4561 -5.16189 0.501031 22.4561 0 2.20103 22.5519 0 0.501031 22.5519 0.390233 -1.99897 -20.0125 1.78582 0.00103151 -21.5631 4.85613 -1.99897 -20.4467 5.10423 0.0010309 -21.7182 -15.9399 -3.00326 13.3759 -17.0923 0.00103181 15.39 -17.8093 -1.15907 13.239 -17.6587 0.00103181 13.9073 -19.8924 -1.10547 11.0597 -17.8093 -1.15907 13.239 -20.3269 0.00103151 11.5864 -17.6587 0.00103181 13.9073 -22.5526 0.00103151 8.20848 -20.3269 0.00103151 11.5864 -23.4309 0.00103151 5.19554 -23.9087 0.00103151 2.09174 -23.9087 0.00103151 2.09174 -1.5 -0.218409 -13.52 -1.5 2.50103 -13.52 -1.5 -1.01327 -14.7738 -1.5 2.50103 -14.7738 -1 2.76669 -14.5092 -1.5 2.50103 -14.7738 -1 2.76669 -13.3469 -1.5 2.50103 -13.52 1 2.76669 -13.3469 1 2.76669 -14.5092 -1 2.76669 -13.3469 -1 2.76669 -14.5092 1 2.76669 -13.3469 1.5 2.50103 -13.52 1 2.76669 -14.5092 1.5 2.50103 -14.7738 1.5 -1.01327 -14.7738 1.5 2.50103 -14.7738 1.5 0.196205 -13.52 1.5 2.50103 -13.52 3.69668 2.70103 -15.6699 3.81148 3.20103 -16.1565 2.77311 2.70103 -15.8594 2.87068 3.20103 -16.3499 2.77311 -1.24931 -15.8594 3.69668 -1.39783 -15.6699 2.77311 2.70103 -15.8594 3.69668 2.70103 -15.6699 4.29445 2.70103 -16.0271 3.81148 3.20103 -16.1565 3.69668 2.70103 -15.6699 3.69668 2.70103 -15.6699 3.69668 -1.39783 -15.6699 4.0681 0.201031 -15.7274 4.0681 -1.41871 -15.7274 3.81148 3.20103 -16.1565 4.29445 2.70103 -16.0271 3.91506 3.20103 -16.543 4.39802 2.70103 -16.4136 3.81148 3.20103 -16.1565 3.91506 3.20103 -16.543 2.87068 3.20103 -16.3499 2.94874 3.20103 -16.7423 4.03021 2.70103 -17.0296 2.95036 2.70103 -17.2495 3.91506 3.20103 -16.543 2.94874 3.20103 -16.7423 4.03021 2.70103 -17.0296 3.91506 3.20103 -16.543 4.39802 2.70103 -16.4136 4.39802 2.70103 -16.4136 4.39802 0.501031 -16.4136 4.03021 2.70103 -17.0296 4.03021 0.501031 -17.0296 4.03021 2.70103 -17.0296 4.03021 0.501031 -17.0296 2.95036 2.70103 -17.2495 2.95036 0.501031 -17.2495 4.39802 0.501031 -16.4136 4.39802 2.70103 -16.4136 4.28875 0.501031 -16.0087 4.29445 2.70103 -16.0271 4.28546 0.501031 -17.8604 6.50789 0.501031 -15.5454 8.04334 0.501031 -17.8217 8.67014 0.501031 -16.1651 4.28546 0.501031 -17.8604 4.24025 0.201031 -18.1609 2.9158 0.501031 -17.4233 2.8569 0.201031 -17.7194 4.24025 0.201031 -18.1609 4.28546 0.501031 -17.8604 7.98782 0.201031 -18.124 8.04334 0.501031 -17.8217 4.24025 0.201031 -18.1609 4.24025 -0.148905 -18.1609 2.8569 0.201031 -17.7194 2.8569 -0.0562208 -17.7194 7.98782 0.201031 -18.124 7.98782 -0.498969 -18.124 4.24025 0.201031 -18.1609 4.24025 -0.148905 -18.1609 4.28875 0.501031 -16.0087 4.0681 0.201031 -15.7274 6.50789 0.501031 -15.5454 6.53223 0.201031 -15.2346 8.77761 0.201031 -15.8811 8.67014 0.501031 -16.1651 6.53223 0.201031 -15.2346 6.50789 0.501031 -15.5454 6.53223 -1.45727 -15.2346 8.77761 -1.98281 -15.8811 6.53223 0.201031 -15.2346 8.77761 0.201031 -15.8811 4.0681 0.201031 -15.7274 4.0681 -1.41871 -15.7274 6.53223 0.201031 -15.2346 6.53223 -1.45727 -15.2346 3.69668 2.70103 -15.6699 4.0681 0.201031 -15.7274 4.29445 2.70103 -16.0271 4.28875 0.501031 -16.0087 4.39802 0.501031 -16.4136 4.28875 0.501031 -16.0087 3.92489 0.501031 -16.6868 2.95036 0.501031 -17.2495 2.9158 0.501031 -17.4233 -17.0826 1.87603 -1.14467 -21.3661 1.95103 -3.53616 -20.6144 1.95103 -0.958569 -20.9321 1.80103 8.1456 -20.4881 1.30103 8.48646 -15.8905 1.80103 6.04086 -15.706 1.30103 6.50562 -22.1739 1.80103 2.36824 -15.8905 1.80103 6.04086 -22.0641 1.80103 4.9973 -20.9321 1.80103 8.1456 -15.8905 1.80103 -6.04086 -21.3629 1.80103 -6.22113 -19.8533 1.80103 -7.68231 -15.8905 1.80103 -6.04086 -15.706 1.30103 -6.50562 -19.8533 1.80103 -7.68231 -19.4375 1.30103 -8.05126 -15.706 -0.656751 -6.50562 -19.4375 -0.656574 -8.05126 -15.706 1.30103 -6.50562 -19.4375 1.30103 -8.05126 -15.706 -0.658784 6.50562 -15.706 1.30103 6.50562 -20.4881 -0.658784 8.48646 -20.4881 1.30103 8.48646 6.5208 0.501031 13.3107 7.36365 0.501031 11.907 5.68675 0.501031 14.6546 5.2388 0.501031 12.9829 8.28621 0.501031 12.595 8.49972 0.201031 12.8342 9.48849 0.501032 10.2941 10.189 0.201032 9.60126 6.5208 0.501031 13.3107 6.63931 0.276032 13.4889 8.28621 0.501031 12.595 8.49972 0.201031 12.8342 5.68675 0.501031 14.6546 5.80559 0.214131 15.0168 6.5208 0.501031 13.3107 6.63931 0.276032 13.4889 5.80559 0.214131 15.0168 5.82535 -0.998969 15.0092 6.63931 0.276032 13.4889 6.70383 -0.784294 13.5271 6.63931 0.276032 13.4889 6.70383 -0.784294 13.5271 8.49972 0.201031 12.8342 8.49972 -0.599424 12.8342 8.49972 0.201031 12.8342 8.49972 -0.599424 12.8342 10.189 0.201032 9.60126 10.189 0.0147768 9.60126 9.48849 0.501032 10.2941 8.28621 0.501031 12.595 -19.517 -0.511359 -7.49806 -21.1345 -0.511359 0.0177727 -13.0136 -0.511359 -4.11065 -13.2837 -0.511359 0.0177739 -18.8044 -0.511359 -12.7433 -11.116 -0.511359 -7.83495 -15.4737 -0.511359 -16.2448 -7.77653 -0.511359 -10.7906 -10.1902 -0.511359 -20.2866 -12.9246 -0.511359 -18.085 1.51074 -0.511359 -20.6524 -2.20444 -0.511359 -21.9516 0.0761991 -0.511359 -13.3421 5.13355 -0.511359 -20.1249 4.20462 -0.511359 -12.6882 10.8251 -0.511359 -16.1396 7.92893 -0.511359 -10.7906 17.3042 -0.511359 -13.0061 10.8846 -0.511359 -7.83496 21.7448 -0.511359 -7.02278 12.7822 -0.511359 -4.11065 21.6889 -0.511359 0.0177703 13.4361 -0.511359 0.0177739 22.4788 -0.511359 4.50037 12.7822 -0.511359 4.1462 20.3301 -0.511359 9.70641 10.8846 -0.511359 7.8705 13.4681 -0.511359 18.4502 18.5086 -0.511359 13.4097 7.92893 -0.511359 10.8261 7.11676 -0.511359 21.6864 4.20463 -0.511359 12.7238 -7.52192 -0.511359 17.8227 -5.92293 -0.511359 18.268 -3.75976 -0.511359 12.25 -16.686 -0.511359 13.8446 -12.1782 -0.511359 15.436 -10.7322 -0.511359 7.8705 -7.77653 -0.511359 10.6501 -21.7087 -0.511359 7.05833 -12.6298 -0.511359 4.1462 -9.72307 -0.511359 15.8447 -6.96435 -0.511359 -21.6508 -4.05223 -0.511359 -12.6882 -2.02294 2.50103 14.4217 -2.02294 -1.39897 14.4217 0.418714 2.50103 13.7562 0.418714 -1.39897 13.7562 0.418714 2.50103 13.7562 0.418714 -1.39897 13.7562 2.61582 2.50103 15.0121 2.61582 -1.39897 15.0121 2.61582 2.50103 15.0121 2.61582 -1.39897 15.0121 3.28135 2.50103 17.4538 3.28135 -1.39897 17.4538 3.28135 2.50103 17.4538 3.28135 -1.39897 17.4538 2.02544 2.50103 19.6509 2.02544 -1.39897 19.6509 2.02544 2.50103 19.6509 2.02544 -1.39897 19.6509 -0.416212 2.50103 20.3164 -0.416212 -1.39897 20.3164 -0.416212 2.50103 20.3164 -0.416212 -1.39897 20.3164 -2.61332 2.50103 19.0605 -2.61332 -1.39897 19.0605 -2.61332 2.50103 19.0605 -2.61332 -1.39897 19.0605 -3.27885 2.50103 16.6188 -3.27885 -1.39897 16.6188 -3.27885 2.50103 16.6188 -3.27885 -1.39897 16.6188 -2.02294 2.50103 14.4217 -2.02294 -1.39897 14.4217 -2.02294 -1.39897 14.4217 -2.62221 -2.19897 13.6477 0.418714 -1.39897 13.7562 0.542306 -2.19897 12.7851 0.418714 -1.39897 13.7562 0.542306 -2.19897 12.7851 2.61582 -1.39897 15.0121 3.38988 -2.19897 14.4128 2.61582 -1.39897 15.0121 3.38988 -2.19897 14.4128 3.28135 -1.39897 17.4538 4.25244 -2.19897 17.5774 3.28135 -1.39897 17.4538 4.25244 -2.19897 17.5774 2.02544 -1.39897 19.6509 2.62471 -2.19897 20.4249 2.02544 -1.39897 19.6509 2.62471 -2.19897 20.4249 -0.416212 -1.39897 20.3164 -0.539804 -2.19897 21.2875 -0.416212 -1.39897 20.3164 -0.539804 -2.19897 21.2875 -2.61332 -1.39897 19.0605 -3.38738 -2.19897 19.6598 -2.61332 -1.39897 19.0605 -3.38738 -2.19897 19.6598 -3.27885 -1.39897 16.6188 -4.24994 -2.19897 16.4953 -3.27885 -1.39897 16.6188 -4.24994 -2.19897 16.4953 -2.02294 -1.39897 14.4217 -2.62221 -2.19897 13.6477 -2.62221 -2.19897 13.6477 -3.14489 -1.39897 12.9726 0.542306 -2.19897 12.7851 0.650102 -1.39897 11.9381 0.542306 -2.19897 12.7851 0.650102 -1.39897 11.9381 3.38988 -2.19897 14.4128 4.06501 -1.39897 13.8902 3.38988 -2.19897 14.4128 4.06501 -1.39897 13.8902 4.25244 -2.19897 17.5774 5.09942 -1.39897 17.6852 4.25244 -2.19897 17.5774 5.09942 -1.39897 17.6852 2.62471 -2.19897 20.4249 3.14739 -1.39897 21.1001 2.62471 -2.19897 20.4249 3.14739 -1.39897 21.1001 -0.539804 -2.19897 21.2875 -0.6476 -1.39897 22.1345 -0.539804 -2.19897 21.2875 -0.6476 -1.39897 22.1345 -3.38738 -2.19897 19.6598 -4.06251 -1.39897 20.1824 -3.38738 -2.19897 19.6598 -4.06251 -1.39897 20.1824 -4.24994 -2.19897 16.4953 -5.09692 -1.39897 16.3875 -4.24994 -2.19897 16.4953 -5.09692 -1.39897 16.3875 -2.62221 -2.19897 13.6477 -3.14489 -1.39897 12.9726 -2.02294 2.50103 14.4217 0.418714 2.50103 13.7562 -2.37289 3.00103 13.9697 0.490887 3.00103 13.1891 0.418714 2.50103 13.7562 2.61582 2.50103 15.0121 0.490887 3.00103 13.1891 3.06784 3.00103 14.6622 2.61582 2.50103 15.0121 3.28135 2.50103 17.4538 3.06784 3.00103 14.6622 3.84843 3.00103 17.5259 3.28135 2.50103 17.4538 2.02544 2.50103 19.6509 3.84843 3.00103 17.5259 2.37539 3.00103 20.1029 2.02544 2.50103 19.6509 -0.416212 2.50103 20.3164 2.37539 3.00103 20.1029 -0.488385 3.00103 20.8835 -0.416212 2.50103 20.3164 -2.61332 2.50103 19.0605 -0.488385 3.00103 20.8835 -3.06534 3.00103 19.4104 -2.61332 2.50103 19.0605 -3.27885 2.50103 16.6188 -3.06534 3.00103 19.4104 -3.84593 3.00103 16.5467 -3.27885 2.50103 16.6188 -2.02294 2.50103 14.4217 -3.84593 3.00103 16.5467 -2.37289 3.00103 13.9697 0.650102 -1.39897 11.9381 -3.14489 -1.39897 12.9726 0.650102 -0.40375 11.9381 -3.14489 -0.40375 12.9726 4.06501 -1.39897 13.8902 0.650102 -1.39897 11.9381 4.06501 -0.40375 13.8902 0.650102 -0.40375 11.9381 5.09942 -1.39897 17.6852 4.06501 -1.39897 13.8902 5.09942 -0.40375 17.6852 4.06501 -0.40375 13.8902 3.14739 -1.39897 21.1001 5.09942 -1.39897 17.6852 3.14739 -0.40375 21.1001 5.09942 -0.40375 17.6852 -0.6476 -1.39897 22.1345 3.14739 -1.39897 21.1001 -0.6476 -0.40375 22.1345 3.14739 -0.40375 21.1001 -4.06251 -1.39897 20.1824 -0.6476 -1.39897 22.1345 -4.06251 -0.40375 20.1824 -0.6476 -0.40375 22.1345 -5.09692 -1.39897 16.3875 -4.06251 -1.39897 20.1824 -5.09692 -0.40375 16.3875 -4.06251 -0.40375 20.1824 -3.14489 -1.39897 12.9726 -5.09692 -1.39897 16.3875 -3.14489 -0.40375 12.9726 -5.09692 -0.40375 16.3875 4.0678 -0.913325 12.7388 8.03831 -0.913325 12.8787 1.92989 -0.913325 13.2809 4.79715 -0.913325 16.7438 8.24269 -0.913325 10.4202 -7.4569 -0.176728 -9.96601 -10.5383 -0.176728 -6.62681 -7.88106 -0.698969 -10.3387 -10.8039 -0.698969 -7.23025 -12.5 -0.176728 -1.73572 -12.9122 -0.698969 -1.50869 -2.3 -0.698969 -12.7949 0 -0.176728 -12.5 -4.21603 -0.698969 -12.2974 -4.50836 -0.176728 -11.6056 -8.38822 -0.176728 9.18811 -9.19239 -0.698969 9.19239 -10.4624 -0.176728 6.84012 -10.9944 -0.698969 7.23154 -11.9568 -0.176728 3.43786 -12.2793 -0.698969 4.26837 12.1178 -0.913325 4.32763 10.589 -0.913325 7.57329 11.7777 -0.498969 4.18757 10.305 -0.498969 6.98753 7.71226 -0.498969 9.75544 8.24269 -0.913325 10.4202 13.2292 -0.91329 -0.080559 12.5 -0.470807 0 1.92989 -0.913325 13.2809 0.489912 -0.470808 12.5 4.0678 -0.913325 12.7388 4.44667 -0.498969 11.6823 12.3115 -0.913256 -3.96268 11.9568 -0.442645 -3.43786 10.583 -0.913256 -7.51351 10.4624 -0.442646 -7.2481 8.88815 -0.913256 -9.47042 7.88112 -0.442647 -9.85119 0 2.50103 -12.5 -0.101516 3.00103 -12.8577 -4.50836 2.50103 -11.6056 -4.60194 3.00103 -12.1752 -7.7509 3.00103 -10.5862 -7.4569 2.50103 -9.96601 -11.0693 3.00103 -6.85123 -10.5383 2.50103 -6.62681 -13 3.00103 -1.71241 -12.5 2.50103 -1.73572 12.5 2.50103 0 12.9999 3.00103 0.0352669 11.9568 2.50103 -3.43786 12.4134 3.00103 -3.92796 10.4624 2.50103 -7.2481 10.7955 3.00103 -7.50176 7.88112 2.50103 -9.85119 8.08859 3.00103 -10.1721 4.36997 3.00103 -12.0821 4.60118 2.50103 -11.5693 22.4725 3.00103 -5.67266 21.0108 3.00103 -8.39976 21.9368 3.00103 -5.57946 20.3725 3.00103 -8.4633 21.8441 3.00103 7.56694 22.7408 3.00103 4.59384 21.4414 3.00103 7.45332 22.2276 3.00103 4.59729 4.63941 3.00103 12.6778 0.490887 3.00103 13.1891 5.44434 3.00103 15.6818 3.06784 3.00103 14.6622 -3.05862 3.00103 12.5052 -3.90474 3.00103 12.5632 -2.37289 3.00103 13.9697 0.489905 3.00103 13 -8.7018 3.00103 9.57413 -9.38371 3.00103 9.55732 -8.49876 3.00103 10.284 15.0227 3.00103 17.6794 18.1384 3.00103 14.465 14.7302 3.00103 17.2531 17.6225 3.00103 14.246 8.83865 3.00103 14.6163 11.8286 3.00103 12.3452 8.60884 3.00103 14.1932 11.4506 3.00103 12.0185 9.38127 3.00103 21.1949 11.5857 3.00103 18.9038 9.11813 3.00103 20.7224 11.2858 3.00103 18.4799 3.99872 3.00103 22.1206 6.92409 3.00103 21.2043 12.2444 3.00103 4.36755 10.5654 3.00103 7.47935 12.7834 3.00103 4.38456 11.0653 3.00103 7.73363 14.2273 3.00103 9.36781 13.8721 3.00103 9.17465 18.4895 3.00103 12.4566 20.7091 3.00103 10.4575 17.8444 3.00103 12.0038 20.2879 3.00103 10.1818 15.4001 3.00103 6.19649 15.7966 3.00103 6.33614 16.913 3.00103 2.37928 16.4325 3.00103 2.35247 -0.101516 3.00103 -12.8577 4.03745E-06 3.00103 -13.5 -4.60194 3.00103 -12.1752 -4.66067 3.00103 -12.7959 -11.6973 3.00103 -7.24484 -13.6475 3.00103 -1.75928 -11.0693 3.00103 -6.85123 -13 3.00103 -1.71241 -8.03865 3.00103 -11.1155 -7.7509 3.00103 -10.5862 21.4002 3.00103 0.0703834 22.0753 3.00103 -2.92668 20.7792 3.00103 0.0574261 21.4991 3.00103 -2.61091 13.5 3.00103 0.0352083 12.7808 3.00103 -4.06603 12.9999 3.00103 0.0352669 12.4134 3.00103 -3.92796 10.7989 3.00103 -8.10142 11.0345 3.00103 -7.77749 13.4975 3.00103 -9.98996 13.3956 3.00103 -9.3398 4.36997 3.00103 -12.0821 8.08859 3.00103 -10.1721 4.54838 3.00103 -12.6115 8.35035 3.00103 -10.587 15.9749 3.00103 -5.88574 15.5749 3.00103 -5.74292 7.83328 3.00103 10.2878 8.17241 3.00103 10.7344 17.0446 3.00103 -1.91072 16.5076 3.00103 -1.7486 -16.5994 3.00103 -0.138732 -16.0125 3.00103 -4.37703 -16.9636 3.00103 -0.0306998 -16.4983 3.00103 -4.47182 1.44333 3.00103 -20.2071 4.77863 3.00103 -20.4029 1.54888 3.00103 -20.7265 4.90681 3.00103 -20.9224 -10.9449 3.00103 -12.4915 -6.11191 3.00103 -15.4547 -11.3128 3.00103 -12.821 -6.1846 3.00103 -15.8351 -2.60509 3.00103 -16.4817 -2.68314 3.00103 -16.8741 -22.2075 3.00103 -6.6401 -21.7048 3.00103 -6.38862 -19.761 3.00103 -9.19309 -19.0271 3.00103 -8.92265 -13.882 3.00103 -8.9344 -14.2115 3.00103 -9.32922 -19.8438 3.00103 10.9224 -19.3407 3.00103 10.7371 -21.813 3.00103 7.90142 -21.3509 3.00103 7.70899 -11.3674 3.00103 11.7242 -16.0447 3.00103 4.25764 -16.3207 3.00103 4.73831 -14.1559 3.00103 8.35063 -14.5811 3.00103 8.71458 -7.81559 3.00103 18.5734 -7.59953 3.00103 17.9553 -10.0423 3.00103 16.2389 -9.8035 3.00103 15.7648 -21.7408 3.00103 -0.997198 -21.056 3.00103 -0.968203 -22.328 3.00103 -4.05042 -21.7621 3.00103 -3.47983 -14.3382 3.00103 -17.6869 -14.1027 3.00103 -17.2074 -11.9755 3.00103 -19.8566 -11.7345 3.00103 -19.409 -22.6501 3.00103 5.0214 -22.1204 3.00103 5.09682 -23.0932 3.00103 2.22322 -22.5557 3.00103 2.30875 -11.5908 3.00103 12.4133 -7.81559 3.00103 18.5734 -8.11211 2.20103 19.4216 -6.74718 3.00103 18.6747 -7.03739 2.20103 19.2741 -10.0423 3.00103 16.2389 -10.4237 2.20103 16.9981 -7.81559 3.00103 18.5734 -8.11211 2.20103 19.4216 -10.0423 3.00103 16.2389 -16.4864 3.00103 14.756 -10.4237 2.20103 16.9981 -17.0923 2.20103 15.39 -17.6587 2.20104 13.9073 -17.0923 2.20103 15.39 -17.1294 3.00103 13.2984 -16.4864 3.00103 14.756 -20.3234 2.20104 11.5883 -17.6587 2.20104 13.9073 -19.8438 3.00103 10.9224 -17.1294 3.00103 13.2984 -22.5526 2.20103 8.20848 -20.3234 2.20104 11.5883 -21.813 3.00103 7.90142 -19.8438 3.00103 10.9224 -22.6501 3.00103 5.0214 -23.0932 3.00103 2.22322 -23.4311 2.20103 5.19455 -23.9087 2.20103 2.09174 -22.5526 2.20103 8.20848 -21.813 3.00103 7.90142 -23.4311 2.20103 5.19455 -22.6501 3.00103 5.0214 -11.5908 3.00103 12.4133 -12.2852 2.50103 12.4629 -13.7932 3.00103 15.038 -14.0445 2.50103 14.5596 -15.802 2.60103 14.0342 -16.0521 3.00103 14.2953 -14.0445 2.50103 14.5596 -13.7932 3.00103 15.038 -16.2408 2.60103 12.7951 -16.5747 3.00103 13.0596 -15.802 2.60103 14.0342 -16.0521 3.00103 14.2953 -19.3407 3.00103 10.7371 -16.5747 3.00103 13.0596 -18.9954 2.60103 10.5228 -16.2408 2.60103 12.7951 -21.3509 3.00103 7.70899 -19.3407 3.00103 10.7371 -21.209 2.22199 8.02031 -18.9954 2.60103 10.5228 -21.9605 2.22199 5.46279 -22.1739 2.60103 2.36824 -22.1204 3.00103 5.09682 -22.5557 3.00103 2.30875 -21.3509 3.00103 7.70899 -21.209 2.22199 8.02031 -22.1204 3.00103 5.09682 -21.9605 2.22199 5.46279 -12.2852 2.50103 12.4629 -11.5908 3.00103 12.4133 -14.9136 2.50103 9.02848 -14.5811 3.00103 8.71458 -17.4583 2.50103 -0.0577427 -16.7986 2.50103 4.89505 -16.9636 3.00103 -0.0306998 -16.3207 3.00103 4.73831 -16.9741 2.50103 -4.62976 -16.4983 3.00103 -4.47182 -14.6294 2.50103 -9.60361 -14.2115 3.00103 -9.32922 -16.9741 2.50103 -4.62976 -16.9648 -0.708756 -4.66712 -17.4583 2.50103 -0.0577427 -17.4541 -0.708756 -0.0520804 -16.7986 2.50103 4.89505 -17.4583 2.50103 -0.0577427 -16.7983 -0.708756 4.90567 -14.6294 -0.708756 -9.60361 -14.6294 2.50103 -9.60361 -12.2852 -0.708756 12.4629 -12.2852 2.50103 12.4629 -14.9131 -0.708756 9.03537 -14.9136 2.50103 9.02848 -14.0445 -0.708756 14.5596 -14.0445 2.50103 14.5596 -12.2852 -0.708756 12.4629 -12.2852 2.50103 12.4629 -14.0445 -0.708756 14.5596 -15.802 -0.708756 14.0342 -14.0445 2.50103 14.5596 -15.802 2.60103 14.0342 -15.802 -0.708756 14.0342 -16.2408 -0.708756 12.7951 -15.802 2.60103 14.0342 -16.2408 2.60103 12.7951 -18.9954 -0.709044 10.5228 -20.9812 -0.708968 7.55495 -18.9954 2.60103 10.5228 -21.209 2.22199 8.02031 -16.2408 -0.708756 12.7951 -18.9954 -0.709044 10.5228 -16.2408 2.60103 12.7951 -18.9954 2.60103 10.5228 -21.7329 -0.708789 4.9973 -20.9812 -0.708968 7.55495 -22.1739 -0.708756 2.36824 -22.1739 2.60103 2.36824 -21.7329 -0.708789 4.9973 -21.9605 2.22199 5.46279 -20.6144 2.60103 -0.958569 -21.056 3.00103 -0.968203 -22.1739 2.60103 2.36824 -22.5557 3.00103 2.30875 -22.1739 -0.708756 2.36824 -20.6144 -0.708756 -0.958569 -22.1739 2.60103 2.36824 -20.6144 2.60103 -0.958569 -21.7621 3.00103 -3.47983 -21.056 3.00103 -0.968203 -21.3661 2.60103 -3.53616 -20.6144 2.60103 -0.958569 -21.7048 3.00103 -6.38862 -21.7621 3.00103 -3.47983 -21.3629 2.60103 -6.22113 -21.3661 2.60103 -3.53616 -21.3661 -0.709197 -3.53616 -21.3629 -0.709232 -6.22113 -21.3661 2.60103 -3.53616 -21.3629 2.60103 -6.22113 -20.6144 -0.708756 -0.958569 -21.3661 -0.709197 -3.53616 -20.6144 2.60103 -0.958569 -21.3661 2.60103 -3.53616 -18.589 2.60103 -8.76388 -19.0271 3.00103 -8.92265 -21.3629 2.60103 -6.22113 -21.7048 3.00103 -6.38862 -21.3629 -0.709232 -6.22113 -18.589 -0.708756 -8.76388 -21.3629 2.60103 -6.22113 -18.589 2.60103 -8.76388 -18.589 2.60103 -8.76388 -18.7215 2.60103 -12.116 -19.0271 3.00103 -8.92265 -19.1068 3.00103 -12.2562 -18.589 -0.708756 -8.76388 -18.7215 -0.708914 -12.116 -18.589 2.60103 -8.76388 -18.7215 2.60103 -12.116 -19.1068 3.00103 -12.2562 -18.7215 2.60103 -12.116 -17.2166 3.00103 -14.7946 -16.9132 2.60103 -14.5339 -14.7274 2.60103 -16.7449 -14.8788 3.00103 -17.0942 -16.9132 2.60103 -14.5339 -17.2166 3.00103 -14.7946 -16.9132 2.60103 -14.5339 -18.7215 2.60103 -12.116 -16.9132 -0.708877 -14.5339 -18.7215 -0.708914 -12.116 -14.7274 -0.70894 -16.7449 -14.7274 2.60103 -16.7449 -16.9132 -0.708877 -14.5339 -16.9132 2.60103 -14.5339 -11.3674 3.00103 11.7242 -11.3821 2.50103 11.3867 -14.1559 3.00103 8.35063 -13.9145 2.50103 8.0991 -15.5302 2.50103 -4.24519 -16.0125 3.00103 -4.37703 -16.0994 2.50103 -0.134553 -16.5994 3.00103 -0.138732 -15.5614 2.50103 4.1294 -16.0447 3.00103 4.25764 -13.9145 2.50103 8.0991 -14.1559 3.00103 8.35063 -9.38371 3.00103 9.55732 -9.78479 2.50103 9.59658 -11.3674 3.00103 11.7242 -11.3821 2.50103 11.3867 -16.0994 2.50103 -0.134553 -15.5614 2.50103 4.1294 -16.0996 -0.708722 -0.134543 -15.5614 -0.708756 4.1294 -15.5302 -0.708816 -4.24519 -15.5302 2.50103 -4.24519 -11.3821 2.50103 11.3867 -11.3821 -0.708824 11.3867 -13.9145 2.50103 8.0991 -13.9145 -0.708823 8.0991 -11.3821 -0.708824 11.3867 -11.3821 2.50103 11.3867 -9.78479 -0.709096 9.59658 -9.78479 2.50103 9.59658 -12.7013 3.00103 15.2924 -11.8492 2.50103 15.0547 -8.49876 3.00103 10.284 -8.49335 2.50103 10.8162 -8.49335 -0.708256 10.8162 -8.49335 2.50103 10.8162 -11.8492 -0.70793 15.0547 -11.8492 2.50103 15.0547 -11.8492 2.50103 15.0547 -12.7013 3.00103 15.2924 -9.61461 2.60103 15.3833 -9.8035 3.00103 15.7648 -9.61461 -0.70793 15.3833 -11.8492 -0.70793 15.0547 -9.61461 2.60103 15.3833 -11.8492 2.50103 15.0547 -7.59953 3.00103 17.9553 -7.482 2.60103 17.6191 -9.8035 3.00103 15.7648 -9.61461 2.60103 15.3833 -7.482 2.60103 17.6191 -7.482 -0.708307 17.6191 -9.61461 2.60103 15.3833 -9.61461 -0.70793 15.3833 -5.75697 3.00103 17.781 -6.18169 2.61284 17.4526 -7.59953 3.00103 17.9553 -7.482 2.60103 17.6191 -6.18169 2.61284 17.4526 -6.19656 -0.708287 17.4427 -7.482 2.60103 17.6191 -7.482 -0.708307 17.6191 -6.08025 3.00103 16.3313 -6.54611 2.50103 16.1382 -5.75697 3.00103 17.781 -6.18169 2.61284 17.4526 -6.19656 -0.708287 17.4427 -6.18169 2.61284 17.4526 -6.54611 -0.708142 16.1382 -6.54611 2.50103 16.1382 -3.90474 3.00103 12.5632 -4.53987 2.50103 12.7911 -6.08025 3.00103 16.3313 -6.54611 2.50103 16.1382 -6.54611 -0.708142 16.1382 -6.54611 2.50103 16.1382 -4.53987 -0.708205 12.7911 -4.53987 2.50103 12.7911 -4.57733 2.50103 -13.1757 -4.5774 -0.708048 -13.1758 -8.07852 2.50103 -11.4341 -8.07864 -0.708173 -11.4342 -11.8706 2.50103 -7.4222 -11.8707 -0.708173 -7.42227 -13.8919 2.50103 -1.73657 -13.8919 -0.708173 -1.73657 -13.2095 2.50103 3.79217 -13.2096 -0.708173 3.79219 -11.8706 2.50103 -7.4222 -11.8707 -0.708173 -7.42227 -11.394 -0.708173 7.81741 -11.394 2.50103 7.81737 -22.4767 2.20103 -1.0228 -23.9087 2.20103 2.09174 -21.7408 3.00103 -0.997198 -23.0932 3.00103 2.22322 -23.1255 2.20103 -3.98728 -22.4767 2.20103 -1.0228 -22.328 3.00103 -4.05042 -21.7408 3.00103 -0.997198 -22.9513 2.20103 -7.01692 -23.1255 2.20103 -3.98728 -22.2075 3.00103 -6.6401 -22.328 3.00103 -4.05042 -20.4194 2.20103 -9.44984 -22.9513 2.20103 -7.01692 -19.761 3.00103 -9.19309 -22.2075 3.00103 -6.6401 -20.3532 2.20103 -12.7181 -20.4194 2.20103 -9.44984 -19.5878 3.00103 -12.4321 -19.761 3.00103 -9.19309 -17.5093 3.00103 -15.2206 -15.1004 3.00103 -17.613 -18.113 2.20103 -15.7454 -15.4269 2.20103 -18.3851 -20.3532 2.20103 -12.7181 -19.5878 3.00103 -12.4321 -18.113 2.20103 -15.7454 -17.5093 3.00103 -15.2206 -14.3382 3.00103 -17.6869 -14.7101 2.20103 -18.4546 -15.1004 3.00103 -17.613 -15.4269 2.20103 -18.3851 -12.3609 2.20103 -20.572 -14.7101 2.20103 -18.4546 -11.9755 3.00103 -19.8566 -14.3382 3.00103 -17.6869 -14.8788 3.00103 -17.0942 -14.7274 2.60103 -16.7449 -14.1027 3.00103 -17.2074 -13.9127 2.60103 -16.824 -14.7274 2.60103 -16.7449 -14.7274 -0.70894 -16.7449 -13.9127 2.60103 -16.824 -13.9127 -0.708756 -16.824 -11.5415 2.60103 -19.0507 -11.7345 3.00103 -19.409 -13.9127 2.60103 -16.824 -14.1027 3.00103 -17.2074 -13.9127 -0.708756 -16.824 -11.5415 -0.708998 -19.0507 -13.9127 2.60103 -16.824 -11.5415 2.60103 -19.0507 -9.22322 2.60103 -19.6513 -9.38507 3.00103 -20.0265 -11.5415 2.60103 -19.0507 -11.7345 3.00103 -19.409 -11.5415 -0.708998 -19.0507 -9.22322 -0.708756 -19.6513 -11.5415 2.60103 -19.0507 -9.22322 2.60103 -19.6513 -9.38507 3.00103 -20.0265 -9.22322 2.60103 -19.6513 -8.16941 3.00103 -20.8846 -7.99423 2.60103 -20.5186 -9.22322 2.60103 -19.6513 -9.22322 -0.708756 -19.6513 -7.99423 2.60103 -20.5186 -7.99423 -0.708173 -20.5186 -2.13531 2.60103 -21.7249 -2.1 3.00103 -22.1324 -7.99423 2.60103 -20.5186 -8.16941 3.00103 -20.8846 -7.99423 -0.708173 -20.5186 -2.13531 -0.708331 -21.7249 -7.99423 2.60103 -20.5186 -2.13531 2.60103 -21.7249 -11.9755 3.00103 -19.8566 -9.58787 3.00103 -20.4955 -12.3609 2.20103 -20.572 -9.91678 2.20103 -21.2425 -8.38859 3.00103 -21.3419 -8.74134 2.20103 -22.0721 -9.58787 3.00103 -20.4955 -9.91678 2.20103 -21.2425 -8.38859 3.00103 -21.3419 -2.05721 3.00103 -22.6418 -8.74134 2.20103 -22.0721 -1.99778 2.20103 -23.4549 -11.667 -0.708756 -13.174 -11.6669 2.50103 -13.174 -2.68477 2.50002 -17.3813 -2.70792 -0.710626 -17.2124 -6.3665 2.50103 -16.3008 -6.3665 -0.708341 -16.3008 -6.3665 2.50103 -16.3008 -6.3665 -0.708341 -16.3008 -6.3665 2.50103 -16.3008 -11.6669 2.50103 -13.174 -6.1846 3.00103 -15.8351 -11.3128 3.00103 -12.821 -2.68314 3.00103 -16.8741 -2.68477 2.50002 -17.3813 -13.882 3.00103 -8.9344 -13.4568 2.50103 -8.67522 -2.50752 2.50099 -15.9912 -2.60509 3.00103 -16.4817 -5.87431 2.50103 -15.0019 -6.11191 3.00103 -15.4547 -10.6035 2.50103 -12.1207 -10.9449 3.00103 -12.4915 -10.6049 -0.708238 -12.1139 -10.6035 2.50103 -12.1207 -13.4615 -0.708811 -8.67131 -13.4568 2.50103 -8.67522 -5.8658 -0.708309 -14.9934 -5.87431 2.50103 -15.0019 -2.50752 2.50099 -15.9912 -5.87431 2.50103 -15.0019 -2.44787 -0.706057 -15.84 -5.8658 -0.708309 -14.9934 -1.5 2.60103 -21.5017 -1.22671 3.00103 -21.6878 -2.13531 2.60103 -21.7249 -2.1 3.00103 -22.1324 -1.22671 3.00103 -21.6878 -1.5 2.60103 -21.5017 -1.1 -0.711255 -19.5782 -1.5 -0.709548 -19.3847 -1.5 -0.709548 -19.3847 -1.5 2.60103 -21.5017 -1.5 -0.708445 -21.5017 -2.13531 -0.708331 -21.7249 -1.5 -0.708445 -21.5017 -2.13531 2.60103 -21.7249 -1.5 2.60103 -21.5017 0 2.50103 -14 4.03745E-06 3.00103 -13.5 4.62802 2.50103 -13.1144 4.54838 3.00103 -12.6115 10.7989 3.00103 -8.10142 10.88 2.50103 -8.81048 8.35035 3.00103 -10.587 8.68492 2.50103 -10.97 0 -0.707923 -14 0 2.50103 -14 4.53941 -0.707923 -13.1498 4.62802 2.50103 -13.1144 10.88 2.50103 -8.81048 10.88 -0.708198 -8.81048 8.68492 2.50103 -10.97 8.69792 -0.708278 -10.9702 1.1 -0.711255 -19.5782 1.5 -0.709631 -19.3847 1.5 2.60103 -19.8111 1.5 -0.70834 -19.8111 1.5 2.60103 -19.8111 1.5 -0.709631 -19.3847 1.1 -0.711255 -19.5782 1.5 2.60103 -19.8111 1.44333 3.00103 -20.2071 4.68551 2.60103 -20.0251 4.77863 3.00103 -20.4029 1.5 2.60103 -19.8111 1.44333 3.00103 -20.2071 7.97192 2.60103 -18.0104 8.27593 3.00103 -18.2434 4.68551 2.60103 -20.0251 4.77863 3.00103 -20.4029 1.5 -0.70834 -19.8111 4.68551 -0.70834 -20.0251 1.5 2.60103 -19.8111 4.68551 2.60103 -20.0251 4.68551 -0.70834 -20.0251 7.97192 -0.709016 -18.0104 4.68551 2.60103 -20.0251 7.97192 2.60103 -18.0104 8.27593 3.00103 -18.2434 7.97192 2.60103 -18.0104 9.28415 3.00103 -15.6726 9.02859 2.60103 -15.2178 9.02859 -0.707175 -15.2178 9.02859 2.60103 -15.2178 7.97192 -0.709016 -18.0104 7.97192 2.60103 -18.0104 9.28415 3.00103 -15.6726 9.02859 2.60103 -15.2178 10.8037 3.00103 -15.8609 10.7652 2.60103 -15.4569 9.02859 -0.707175 -15.2178 10.7652 -0.706995 -15.4569 9.02859 2.60103 -15.2178 10.7652 2.60103 -15.4569 13.5473 2.60103 -14.4292 13.7178 3.00103 -14.7911 10.7652 2.60103 -15.4569 10.8037 3.00103 -15.8609 16.1669 2.60103 -12.8992 16.4762 3.00103 -13.1125 10.7652 -0.706995 -15.4569 13.5473 -0.706813 -14.4292 10.7652 2.60103 -15.4569 13.5473 2.60103 -14.4292 16.1669 -0.706704 -12.8992 16.1669 2.60103 -12.8992 16.4762 3.00103 -13.1125 16.1669 2.60103 -12.8992 16.8964 3.00103 -11.6789 16.5618 2.60103 -11.3756 18.3422 3.00103 -11.0895 16.8964 3.00103 -11.6789 17.994 2.60175 -10.8282 16.5618 2.60103 -11.3756 16.1669 2.60103 -12.8992 16.1669 -0.706704 -12.8992 16.5618 2.60103 -11.3756 16.5618 -0.706797 -11.3756 18.3422 3.00103 -11.0895 17.994 2.60175 -10.8282 20.3725 3.00103 -8.4633 20.0396 2.60103 -8.24153 21.5558 2.60103 -5.5167 21.9368 3.00103 -5.57946 20.0396 2.60103 -8.24153 17.994 2.60175 -10.8282 20.0396 -0.707886 -8.24153 17.9953 -0.707458 -10.8309 21.5558 -0.708257 -5.5167 21.5558 2.60103 -5.5167 13.5633 2.50103 -10.5784 10.88 2.50103 -8.81048 13.4975 3.00103 -9.98996 10.7989 3.00103 -8.10142 13.5633 -0.707252 -10.5785 10.88 -0.708198 -8.81048 13.5633 2.50103 -10.5784 10.88 2.50103 -8.81048 13.5633 2.50103 -10.5784 13.4975 3.00103 -9.98996 16.4384 2.50103 -6.07316 15.9749 3.00103 -5.88574 16.4384 -0.707963 -6.07316 13.5633 -0.707252 -10.5785 16.4384 2.50103 -6.07316 13.5633 2.50103 -10.5784 17.0446 3.00103 -1.91072 17.5396 2.50103 -1.98124 15.7966 3.00103 6.33614 16.2685 2.50103 6.50148 16.913 3.00103 2.37928 17.4104 2.50103 2.42981 16.2685 2.50103 6.50148 16.2685 -0.708257 6.50148 17.4104 2.50103 2.42981 17.4105 -0.708257 2.42982 17.5397 -0.708257 -1.98126 16.4384 -0.707963 -6.07316 17.5396 2.50103 -1.98124 16.4384 2.50103 -6.07316 17.5396 2.50103 -1.98124 13.3646 2.50103 -4.01647 11.7066 2.50103 -7.67832 12.7808 3.00103 -4.06603 11.0345 3.00103 -7.77749 11.0345 3.00103 -7.77749 11.7066 2.50103 -7.67832 13.3956 3.00103 -9.3398 13.3457 2.50103 -9.00567 13.3457 -0.707664 -9.00567 13.3457 2.50103 -9.00567 11.7066 -0.708217 -7.67832 11.7066 2.50103 -7.67832 13.3956 3.00103 -9.3398 13.3457 2.50103 -9.00567 15.5749 3.00103 -5.74292 15.1058 2.50103 -5.56994 14.9363 2.50103 6.00985 15.4001 3.00103 6.19649 15.9375 2.50103 2.28162 16.4325 3.00103 2.35247 16.0104 2.50103 -1.69594 16.5076 3.00103 -1.7486 15.9375 2.50103 2.28162 16.0104 2.50103 -1.69594 15.9375 -0.708093 2.28162 16.0104 -0.708146 -1.69593 14.9363 -0.708177 6.00985 14.9363 2.50103 6.00985 15.1058 2.50103 -5.56994 13.3457 2.50103 -9.00567 15.1058 -0.707833 -5.56994 13.3457 -0.707664 -9.00567 13.3646 2.50103 -4.01647 14 2.50103 0 13.3646 -0.708442 -4.01647 14 -0.708667 0 14 2.50103 0 13.5 3.00103 0.0352083 13.2614 2.50103 4.53124 12.7834 3.00103 4.38456 11.4751 2.50103 8.02006 11.0653 3.00103 7.73363 4.63941 3.00103 12.6778 5.2388 2.50103 12.9829 8.17241 3.00103 10.7344 8.55297 2.50103 11.0544 13.2614 -0.708693 4.53124 13.2614 2.50103 4.53124 5.2388 2.50103 12.9829 5.2388 -0.708601 12.9829 8.55297 2.50103 11.0544 8.60255 -0.708974 11.0017 11.4751 -0.708828 8.02006 11.4751 2.50103 8.02006 21.9368 3.00103 -5.57946 21.5558 2.60103 -5.5167 21.4991 3.00103 -2.61091 21.1082 2.60103 -2.69563 20.3478 2.60103 0.0576555 20.7792 3.00103 0.0574261 21.1082 2.60103 -2.69563 21.5558 2.60103 -5.5167 21.1082 -0.708257 -2.69563 21.5558 -0.708257 -5.5167 20.3478 -0.708257 0.0576557 20.3478 2.60103 0.0576555 20.7792 3.00103 0.0574261 20.3478 2.60103 0.0576555 21.5615 3.00103 2.22354 21.1738 2.60103 2.32478 21.8177 2.60103 4.60378 22.2276 3.00103 4.59729 21.1738 2.60103 2.32478 20.3478 2.60103 0.0576555 21.1669 -0.708257 2.30348 20.3478 -0.708257 0.0576557 21.8177 -0.708257 4.60378 21.8177 2.60103 4.60378 22.2276 3.00103 4.59729 21.8177 2.60103 4.60378 21.4414 3.00103 7.45332 21.0601 2.60103 7.3317 19.9522 2.60103 9.9591 20.2879 3.00103 10.1818 21.0601 2.60103 7.3317 21.8177 2.60103 4.60378 21.0568 -0.708257 7.34132 21.8177 -0.708257 4.60378 19.9522 -0.708025 9.9591 19.9522 2.60103 9.9591 -2.05721 3.00103 -22.6418 1.54888 3.00103 -20.7265 -1.99778 2.20103 -23.4549 1.78582 2.20103 -21.5631 5.10423 2.20103 -21.7182 1.78582 2.20103 -21.5631 4.90681 3.00103 -20.9224 1.54888 3.00103 -20.7265 9.38404 2.20103 -19.0821 5.10423 2.20103 -21.7182 8.71875 3.00103 -18.5798 4.90681 3.00103 -20.9224 9.60727 3.00103 -16.2316 10.132 2.20103 -17.1053 8.71875 3.00103 -18.5798 9.38404 2.20103 -19.0821 14.4586 2.20103 -15.8779 10.9301 2.20103 -17.172 14.1097 3.00103 -15.158 10.852 3.00103 -16.3656 17.6609 2.20103 -13.9107 16.9568 3.00103 -13.4386 10.132 2.20103 -17.1053 9.60727 3.00103 -16.2316 10.9301 2.20103 -17.172 10.852 3.00103 -16.3656 17.4529 3.00103 -12.1815 17.9866 2.20103 -12.6541 16.9568 3.00103 -13.4386 17.6609 2.20103 -13.9107 18.9793 2.20103 -12.2453 17.9866 2.20103 -12.6541 18.5169 3.00103 -11.5728 17.4529 3.00103 -12.1815 21.0108 3.00103 -8.39976 22.4725 3.00103 -5.67266 21.9131 2.20103 -8.40348 23.2871 2.20103 -5.80612 18.9793 2.20103 -12.2453 18.5169 3.00103 -11.5728 22.0753 3.00103 -2.92668 21.4002 3.00103 0.0703834 22.8799 2.20103 -2.87191 22.1537 2.20103 0 23.2871 2.20103 -5.80612 22.4725 3.00103 -5.67266 22.9371 2.20103 2.26491 22.1537 2.20103 0 22.1472 3.00103 2.41822 21.4002 3.00103 0.0703834 22.7408 3.00103 4.59384 23.559 2.20103 4.57944 20.7091 3.00103 10.4575 21.3842 2.20103 10.8958 21.8441 3.00103 7.56694 22.6887 2.20458 7.81255 23.559 2.20103 4.57944 22.7408 3.00103 4.59384 19.0841 2.20103 12.8373 21.3842 2.20103 10.8958 18.4895 3.00103 12.4566 20.7091 3.00103 10.4575 18.4895 3.00103 12.4566 18.1384 3.00103 14.465 19.0841 2.20103 12.8373 18.9123 2.20103 14.7759 15.4269 2.20103 18.3851 18.9123 2.20103 14.7759 15.0227 3.00103 17.6794 18.1384 3.00103 14.465 11.5857 3.00103 18.9038 12.0618 2.20104 19.5835 15.0227 3.00103 17.6794 15.4269 2.20103 18.3851 11.5857 3.00103 18.9038 9.38127 3.00103 21.1949 12.0618 2.20104 19.5835 9.76168 2.20103 21.9251 3.99872 3.00103 22.1206 -1.45416 3.00103 22.2992 4.07978 2.20103 22.9165 -1.68533 2.20103 23.0909 9.76168 2.20103 21.9251 9.38127 3.00103 21.1949 19.9522 2.60103 9.9591 17.4633 2.60103 11.7287 20.2879 3.00103 10.1818 17.8444 3.00103 12.0038 19.9522 -0.708025 9.9591 17.4633 -0.707272 11.7287 19.9522 2.60103 9.9591 17.4633 2.60103 11.7287 17.2687 2.60103 14.1008 17.6225 3.00103 14.246 17.4633 2.60103 11.7287 17.8444 3.00103 12.0038 17.4633 -0.707272 11.7287 17.2687 -0.707986 14.1008 17.4633 2.60103 11.7287 17.2687 2.60103 14.1008 14.5265 2.60103 16.9011 14.7302 3.00103 17.2531 17.2687 2.60103 14.1008 17.6225 3.00103 14.246 17.2687 -0.707986 14.1008 14.5265 -0.708293 16.9011 17.2687 2.60103 14.1008 14.5265 2.60103 16.9011 14.7302 3.00103 17.2531 14.5265 2.60103 16.9011 11.2858 3.00103 18.4799 11.0446 2.60103 18.1412 14.5265 2.60103 16.9011 14.5265 -0.708293 16.9011 11.0446 2.60103 18.1412 11.0446 -0.706874 18.1412 9.11813 3.00103 20.7224 11.2858 3.00103 18.4799 8.95023 2.60103 20.373 11.0446 2.60103 18.1412 11.0446 -0.706874 18.1412 8.95023 -0.707241 20.373 11.0446 2.60103 18.1412 8.95023 2.60103 20.373 7.31327 2.50103 20.7249 6.92409 3.00103 21.2043 8.95023 2.60103 20.373 9.11813 3.00103 20.7224 8.95023 -0.707241 20.373 7.31327 -0.707345 20.7249 8.95023 2.60103 20.373 7.31327 2.50103 20.7249 6.92409 3.00103 21.2043 7.31327 2.50103 20.7249 5.54813 3.00103 16.0692 6.15006 2.50103 16.3837 6.15006 -0.707703 16.3837 6.15006 2.50103 16.3837 7.31327 -0.707345 20.7249 7.31327 2.50103 20.7249 14.2273 3.00103 9.36781 11.8286 3.00103 12.3452 14.6806 2.50103 9.58553 12.2634 2.50103 12.6167 5.54813 3.00103 16.0692 6.15006 2.50103 16.3837 8.83865 3.00103 14.6163 9.05526 2.50103 15.0223 14.7103 -0.707977 9.53789 14.6806 2.50103 9.58553 6.15006 2.50103 16.3837 6.15006 -0.707703 16.3837 9.05526 2.50103 15.0223 9.20482 -0.707929 14.9275 12.2634 2.50103 12.6167 12.3455 -0.708098 12.5339 9.05526 2.50103 15.0223 9.20482 -0.707929 14.9275 13.8721 3.00103 9.17465 13.4378 2.50103 8.89624 5.78584 2.50103 15.0244 5.44434 3.00103 15.6818 8.33984 2.50103 13.7747 8.60884 3.00103 14.1932 11.104 2.50103 11.6416 11.4506 3.00103 12.0185 8.33984 2.50103 13.7747 11.104 2.50103 11.6416 8.33015 -0.708136 13.7836 11.1023 -0.70836 11.6267 5.78584 -0.708587 15.0244 5.78584 2.50103 15.0244 8.33015 -0.708136 13.7836 8.33984 2.50103 13.7747 13.4378 2.50103 8.89624 13.4181 -0.708343 8.8975 5.44434 3.00103 15.6818 5.78584 2.50103 15.0244 4.63941 3.00103 12.6778 5.2388 2.50103 12.9829 5.2388 -0.708601 12.9829 5.2388 2.50103 12.9829 5.78584 -0.708587 15.0244 5.78584 2.50103 15.0244 4.59505 3.00103 12.1491 4.44428 2.50103 11.6777 0.489905 3.00103 13 0.489912 2.50103 12.5 10.232 2.50103 7.08961 7.63473 2.50103 9.8144 10.5654 3.00103 7.47935 7.83328 3.00103 10.2878 12.2444 3.00103 4.36755 11.7734 2.50103 4.19957 4.44428 2.50103 11.6777 7.63473 2.50103 9.8144 4.44667 -0.498969 11.6823 7.71226 -0.498969 9.75544 10.305 -0.498969 6.98753 10.232 2.50103 7.08961 11.7777 -0.498969 4.18757 11.7734 2.50103 4.19957 12.5 -0.470807 0 12.5 2.50103 0 4.44667 -0.498969 11.6823 0.489912 -0.470808 12.5 4.44428 2.50103 11.6777 0.489912 2.50103 12.5 -11.9568 2.50103 3.43786 -12.4351 3.00103 3.57538 -10.4624 2.50103 6.84012 -10.8809 3.00103 7.11373 -8.38822 2.50103 9.18811 -8.7018 3.00103 9.57413 -3.05862 3.00103 12.5052 -2.92111 2.50103 12.027 -5.67743 2.50103 10.9397 -5.90298 3.00103 11.3719 -1.68533 2.20103 23.0909 -1.45416 3.00103 22.2992 -2.4501 2.20103 22.6717 -2.24119 3.00103 21.9266 -2.24119 3.00103 21.9266 -4.67401 3.00103 21.7083 -2.4501 2.20103 22.6717 -5.1619 2.20103 22.4561 -7.03739 2.20103 19.2741 -5.1619 2.20103 22.4561 -6.74718 3.00103 18.6747 -4.67401 3.00103 21.7083 5.54813 3.00103 16.0692 3.84843 3.00103 17.5259 21.5615 3.00103 2.22354 22.1472 3.00103 2.41822 18.5169 3.00103 -11.5728 18.3422 3.00103 -11.0895 2.37539 3.00103 20.1029 -6.08025 3.00103 16.3313 -3.84593 3.00103 16.5467 -6.74718 3.00103 18.6747 -5.75697 3.00103 17.781 -19.5878 3.00103 -12.4321 -19.1068 3.00103 -12.2562 -17.5093 3.00103 -15.2206 -17.2166 3.00103 -14.7946 17.4529 3.00103 -12.1815 16.8964 3.00103 -11.6789 16.5618 2.60103 -11.3756 16.5618 -0.706797 -11.3756 17.994 2.60175 -10.8282 17.9953 -0.707458 -10.8309 -3.06534 3.00103 19.4104 -2.24119 3.00103 21.9266 -0.488385 3.00103 20.8835 -1.45416 3.00103 22.2992 -4.67401 3.00103 21.7083 -5.90298 3.00103 11.3719 -6.22451 3.00103 11.7558 -9.78479 -0.709096 9.59658 -9.78479 2.50103 9.59658 -4.53987 -0.708205 12.7911 -4.53987 2.50103 12.7911 -6.44823 -0.70823 12.0314 -6.44823 2.50103 12.0314 -3.90474 3.00103 12.5632 -6.22451 3.00103 11.7558 -4.53987 2.50103 12.7911 -6.44823 2.50103 12.0314 -11.8706 2.50103 -7.4222 -13.8919 2.50103 -1.73657 -11.6973 3.00103 -7.24484 -13.6475 3.00103 -1.75928 -4.57733 2.50103 -13.1757 -8.07852 2.50103 -11.4341 -4.66067 3.00103 -12.7959 -8.03865 3.00103 -11.1155 -8.07852 2.50103 -11.4341 -11.8706 2.50103 -7.4222 -8.03865 3.00103 -11.1155 -11.6973 3.00103 -7.24484 -13.2095 2.50103 3.79217 -11.394 2.50103 7.81737 -12.9891 3.00103 3.57492 -11.2374 3.00103 7.45849 -13.2095 2.50103 3.79217 -12.9891 3.00103 3.57492 -9.78479 2.50103 9.59658 -9.38371 3.00103 9.55732 -10.8809 3.00103 7.11373 -11.2374 3.00103 7.45849 -12.4351 3.00103 3.57538 -12.9891 3.00103 3.57492 11.7066 2.50103 -7.67832 11.7066 -0.708217 -7.67832 10.7955 3.00103 -7.50176 4.59505 3.00103 12.1491 -8.49335 2.50103 10.8162 -8.49876 3.00103 10.284 -8.49335 -0.708256 10.8162 -8.49335 2.50103 10.8162 14.1097 3.00103 -15.158 13.7178 3.00103 -14.7911 16.9568 3.00103 -13.4386 16.4762 3.00103 -13.1125 10.852 3.00103 -16.3656 10.8037 3.00103 -15.8609 9.60727 3.00103 -16.2316 9.28415 3.00103 -15.6726 8.71875 3.00103 -18.5798 8.27593 3.00103 -18.2434 -17.1294 3.00103 13.2984 -16.5747 3.00103 13.0596 -16.4864 3.00103 14.756 -16.0521 3.00103 14.2953 -12.7013 3.00103 15.2924 -13.7932 3.00103 15.038 -15.1004 3.00103 -17.613 -14.8788 3.00103 -17.0942 -9.38507 3.00103 -20.0265 -9.58787 3.00103 -20.4955 -8.38859 3.00103 -21.3419 -8.16941 3.00103 -20.8846 1.44333 3.00103 -20.2071 -1.22671 3.00103 -21.6878 1.1 -0.711255 -19.5782 -1.1 -0.711255 -19.5782 -2.05721 3.00103 -22.6418 -1.22671 3.00103 -21.6878 -2.1 3.00103 -22.1324 0 2.50103 -12.5 -4.50836 2.50103 -11.6056 0 -0.176728 -12.5 -4.50836 -0.176728 -11.6056 -7.4569 2.50103 -9.96601 -7.4569 -0.176728 -9.96601 -10.5383 2.50103 -6.62681 -10.5383 -0.176728 -6.62681 -10.5383 2.50103 -6.62681 -12.5 2.50103 -1.73572 -10.5383 -0.176728 -6.62681 -12.5 -0.176728 -1.73572 11.9568 2.50103 -3.43786 11.9568 -0.442645 -3.43786 10.4624 2.50103 -7.2481 10.4624 -0.442646 -7.2481 7.88112 2.50103 -9.85119 7.88112 -0.442647 -9.85119 4.60118 2.50103 -11.5693 4.60118 -0.442645 -11.6224 7.88112 2.50103 -9.85119 7.88112 -0.442647 -9.85119 -11.9568 2.50103 3.43786 -10.4624 2.50103 6.84012 -11.9568 -0.176728 3.43786 -10.4624 -0.176728 6.84012 -10.4624 2.50103 6.84012 -8.38822 2.50103 9.18811 -10.4624 -0.176728 6.84012 -8.38822 -0.176728 9.18811 -2.92111 2.50103 12.027 -2.92111 -0.442646 12.027 -5.67743 2.50103 10.9397 -5.67743 -0.442646 10.9397 10.589 -0.913325 7.57329 1.92989 -0.913325 13.2809 4.79715 -0.913325 16.7438 2.03801 -0.935804 13.971 5.08027 -0.935804 17.6453 4.79715 -0.913325 16.7438 8.03831 -0.913325 12.8787 5.08027 -0.935804 17.6453 8.51925 -0.935803 13.5442 0 -0.176728 -12.5 -2.3 -0.698969 -12.7949 -0.00967456 -0.154249 -13.3834 -2.45005 -0.708365 -13.6964 -10.8039 -0.698969 -7.23025 -12.9122 -0.698969 -1.50869 -11.4729 -0.708365 -7.79206 -13.7099 -0.708365 -1.72128 -7.88106 -0.698969 -10.3387 -8.37176 -0.708365 -11.0902 -2.3 -0.698969 -12.7949 -4.21603 -0.698969 -12.2974 -2.45005 -0.708365 -13.6964 -4.48303 -0.708365 -13.1684 -12.2793 -0.698969 4.26837 -10.9944 -0.698969 7.23154 -13.0384 -0.708365 4.40838 -11.6752 -0.708365 7.55241 -9.19239 -0.698969 9.19239 -9.76312 -0.708365 9.63293 -9.19239 -0.698969 9.19239 -8.38822 -0.176728 9.18811 -9.76312 -0.708365 9.63293 -8.90987 -0.154249 9.62839 0.489912 -0.470808 12.5 1.92989 -0.913325 13.2809 0.510139 -0.466278 13.1424 2.03801 -0.935804 13.971 10.589 -0.913325 7.57329 12.1178 -0.913325 4.32763 11.2256 -0.935804 7.91502 12.8478 -0.935804 4.47126 13.2292 -0.91329 -0.080559 14.027 -0.935767 -0.205986 12.3115 -0.913256 -3.96268 10.583 -0.913256 -7.51351 13.0533 -0.935731 -4.32505 11.2193 -0.935731 -8.09261 8.88815 -0.913256 -9.47042 9.42096 -0.935731 -10.169 8.88815 -0.913256 -9.47042 7.88112 -0.442647 -9.85119 9.42096 -0.935731 -10.169 8.35247 -0.436398 -10.573 4.60118 -0.442645 -11.6224 0 -0.176728 -12.5 4.87234 -0.436395 -12.4522 -0.00967456 -0.154249 -13.3834 7.88112 -0.442647 -9.85119 8.35247 -0.436398 -10.573 -2.92111 -0.442646 12.027 0.489912 -0.470808 12.5 -3.10907 -0.436397 12.6405 0.510139 -0.466278 13.1424 -5.67743 -0.442646 10.9397 -6.03362 -0.436397 11.4869 -8.38822 -0.176728 9.18811 -8.90987 -0.154249 9.62839 8.03831 -0.913325 12.8787 10.589 -0.913325 7.57329 8.51925 -0.935803 13.5442 11.2256 -0.935804 7.91502 8.97347 1.00103 -9.68057 9.32702 0.501031 -9.32702 13.7508 1.00103 -14.3318 14.1374 0.592015 -14.1374 8.97347 1.00103 -9.68057 13.7508 1.00103 -14.3318 8.61991 1.00103 -10.0341 13.0917 1.00103 -14.6358 13.0917 1.00103 -14.6358 12.6854 0.590455 -14.8068 8.61991 1.00103 -10.0341 8.26636 0.501031 -10.3877 8.26636 0.501031 -10.3877 12.6854 0.590455 -14.8068 8.35247 -2.12522 -10.587 12.6854 -2.1256 -14.8068 14.1374 -2.12571 -14.1374 14.1374 0.592015 -14.1374 9.32702 -2.12522 -9.32702 9.32702 0.501031 -9.32702</float_array>
					<technique_common>
						<accessor source="#_0_Position_array_id" count="3600" stride="3">
							<param name="X" type="float" />
							<param name="Y" type="float" />
							<param name="Z" type="float" />
						</accessor>
					</technique_common>
				</source>
				<source id="_0_Normal_id" name="_0_Normal">
					<float_array id="_0_Normal_array_id" count="10800">0 -1 0 0 -1 0 0 -1 0 0.0242584 -0.99812 -0.0562848 0.0242584 -0.99812 -0.0562848 0.0242584 -0.99812 -0.0562848 0 -1 0 0.29193905 -0.5427411 0.7875301 0.29193905 -0.5427411 0.7875301 0.29193905 -0.5427411 0.7875301 0.29193905 -0.5427411 0.7875301 0.11472193 -0.66886157 0.7344816 0.11472193 -0.66886157 0.7344816 0.11472193 -0.66886157 0.7344816 0.11472193 -0.66886157 0.7344816 -0.026379595 -0.69625884 0.71730584 -0.026379595 -0.69625884 0.71730584 -0.026379595 -0.69625884 0.71730584 -0.026379595 -0.69625884 0.71730584 -0.31624904 -0.71534204 0.62311506 -0.31624904 -0.71534204 0.62311506 -0.31624904 -0.71534204 0.62311506 -0.31624904 -0.71534204 0.62311506 -0.311616 -0.814735 0.488981 -0.311616 -0.814735 0.488981 -0.311616 -0.814735 0.488981 -0.666421 -0.624686 -0.407002 -0.666421 -0.624686 -0.407002 -0.666421 -0.624686 -0.407002 -0.666421 -0.624686 -0.407002 -0.808842 0 -0.588026 -0.808842 0 -0.588026 -0.808842 0 -0.588026 -0.808842 0 -0.588026 -0.288867 -0.622072 -0.727724 -0.288867 -0.622072 -0.727724 -0.288867 -0.622072 -0.727724 -0.288867 -0.622072 -0.727724 -0.24930608 -0.67381126 -0.69557524 -0.24930608 -0.67381126 -0.69557524 -0.24930608 -0.67381126 -0.69557524 -0.24930608 -0.67381126 -0.69557524 -0.30224416 1.877041E-06 -0.95323056 -0.30224416 1.877041E-06 -0.95323056 -0.30224416 1.877041E-06 -0.95323056 -0.30224416 1.877041E-06 -0.95323056 -0.30224416 1.877041E-06 -0.95323056 -0.30224416 1.877041E-06 -0.95323056 0.19611596 0 -0.98058075 0.19611596 0 -0.98058075 0.19611596 0 -0.98058075 0.19611596 0 -0.98058075 0.118587956 -0.7116318 -0.69247174 0.118587956 -0.7116318 -0.69247174 0.118587956 -0.7116318 -0.69247174 0.118587956 -0.7116318 -0.69247174 -0.6949323 -0.5707982 -0.43733117 -0.6949323 -0.5707982 -0.43733117 -0.6949323 -0.5707982 -0.43733117 -0.71421427 -0.61423016 0.3355881 -0.71421427 -0.61423016 0.3355881 -0.71421427 -0.61423016 0.3355881 -0.71421427 -0.61423016 0.3355881 -0.13634098 -0.6943848 -0.70656985 -0.13634098 -0.6943848 -0.70656985 -0.13634098 -0.6943848 -0.70656985 -0.13634098 -0.6943848 -0.70656985 0.13769603 -0.67721915 0.7227822 -0.42721012 -0.56067115 0.7093232 0.13769603 -0.67721915 0.7227822 -0.42721012 -0.56067115 0.7093232 -0.14260301 -0.9830281 0.11541302 -0.14260301 -0.9830281 0.11541302 -0.14209104 -0.98126817 0.13008803 -0.14209104 -0.98126817 0.13008803 -0.14051706 -0.9792714 0.14588507 -0.14260301 -0.9830281 0.11541302 -0.14260301 -0.9830281 0.11541302 -0.10068799 -0.9823549 0.15760998 -0.10068799 -0.9823549 0.15760998 -0.10068799 -0.9823549 0.15760998 -0.10068799 -0.9823549 0.15760998 -0.066361725 -0.5545422 0.8295053 -0.066361725 -0.5545422 0.8295053 -0.066361725 -0.5545422 0.8295053 -0.066361725 -0.5545422 0.8295053 0.03829302 -0.6695743 0.74175733 0.03829302 -0.6695743 0.74175733 0.03829302 -0.6695743 0.74175733 0.03829302 -0.6695743 0.74175733 -0.17758599 -0.68899494 0.70267296 -0.17758599 -0.68899494 0.70267296 -0.17758599 -0.68899494 0.70267296 0.4886891 -0.8337812 -0.25688905 0.240277 -0.969579 -0.0467296 0.4886891 -0.8337812 -0.25688905 0.240277 -0.969579 -0.0467296 0.67634904 -0.5943311 -0.43511206 0.67634904 -0.5943311 -0.43511206 0.7947674 0 -0.6069142 0.8422372 0 -0.53910714 0.7947674 0 -0.6069142 0.8422372 0 -0.53910714 0.5978342 -0.7391513 -0.31024113 0.6363122 -0.7283152 -0.25429106 0.4917891 -0.8412452 -0.22461104 0.5448202 -0.81797725 -0.18461905 0.36470214 -0.90336835 -0.22565009 0.85329723 -0.43594012 -0.28607708 0.85329723 -0.43594012 -0.28607708 0.85329723 -0.43594012 -0.28607708 0.85329723 -0.43594012 -0.28607708 -0.7375616 -0.63604146 0.22683518 -0.7375616 -0.63604146 0.22683518 -0.7375616 -0.63604146 0.22683518 -0.7375616 -0.63604146 0.22683518 -0.3364589 -0.7091948 0.6195468 -0.3364589 -0.7091948 0.6195468 -0.3364589 -0.7091948 0.6195468 -0.15855695 -0.9750758 0.15519997 0.883937 0 -0.467606 0.883937 0 -0.467606 -0.0639517 -0.971306 0.229074 -0.06646322 -0.95625716 0.28487706 -0.0639517 -0.971306 0.229074 -0.06646322 -0.95625716 0.28487706 -0.06122621 -0.98310417 0.17250402 -0.06122621 -0.98310417 0.17250402 0.048565704 -0.93099606 0.36178404 0.04062212 -0.9269424 0.37299818 0.048565704 -0.93099606 0.36178404 0.056499373 -0.93485856 0.35049582 0.056499373 -0.93485856 0.35049582 -0.44948295 -0.69898194 0.5562279 -0.44948295 -0.69898194 0.5562279 -0.44948295 -0.69898194 0.5562279 -0.09892515 -0.99262255 0.070102036 -0.09892515 -0.99262255 0.070102036 -0.09892515 -0.99262255 0.070102036 -0.09892515 -0.99262255 0.070102036 -0.158724 -0.681695 -0.714212 -0.158724 -0.681695 -0.714212 -0.158724 -0.681695 -0.714212 -0.158724 -0.681695 -0.714212 -0.27444902 -0.021101901 -0.9613701 -0.27444902 -0.021101901 -0.9613701 -0.27444902 -0.021101901 -0.9613701 -0.27444902 -0.021101901 -0.9613701 0.34025002 -0.6105621 -0.71515304 0.39418584 -0.59442776 -0.7009088 0.34025002 -0.6105621 -0.71515304 0.39418584 -0.59442776 -0.7009088 0.28516605 -0.6246371 -0.7269861 0.28516605 -0.6246371 -0.7269861 -0.11684898 -0.006426059 -0.9931289 -0.11684898 -0.006426059 -0.9931289 -0.11684898 -0.006426059 -0.9931289 -0.11684898 -0.006426059 -0.9931289 0.43604615 0 -0.8999243 0.34432992 0 -0.93884873 0.43604615 0 -0.8999243 0.34432992 0 -0.93884873 0.5234341 0 -0.85206616 0.5234341 0 -0.85206616 0.03829302 -0.6695743 0.74175733 0.03829302 -0.6695743 0.74175733 0.03829302 -0.6695743 0.74175733 -0.015632609 -0.7470514 0.66458243 -0.015632609 -0.7470514 0.66458243 -0.68001676 -0.54283184 0.4928598 -0.68001676 -0.54283184 0.4928598 -0.32231197 -0.64955395 0.68861794 -0.32231197 -0.64955395 0.68861794 -0.32231197 -0.64955395 0.68861794 -0.32231197 -0.64955395 0.68861794 0.8215578 -0.5686149 0.04147219 0.8215578 -0.5686149 0.04147219 0.8215578 -0.5686149 0.04147219 0.8215578 -0.5686149 0.04147219 0.3792711 -0.019015003 -0.92509025 0.3792711 -0.019015003 -0.92509025 0.3792711 -0.019015003 -0.92509025 0.3792711 -0.019015003 -0.92509025 0.65092915 -0.7401572 -0.16869704 0.65092915 -0.7401572 -0.16869704 0.65092915 -0.7401572 -0.16869704 0.96801925 0 -0.25087607 0.96801925 0 -0.25087607 0.96801925 0 -0.25087607 0.96801925 0 -0.25087607 0.3807691 0 -0.9246702 0.3807691 0 -0.9246702 0.3807691 0 -0.9246702 0.3807691 0 -0.9246702 0.5224702 -0.81694525 0.24418308 0.50093025 -0.83899933 0.2124831 0.5224702 -0.81694525 0.24418308 0.54298806 -0.79329413 0.27540603 0.23463209 -0.9672534 0.09679244 0.23463209 -0.9672534 0.09679244 0.339755 -0.923419 0.178505 0.9361864 -0.29809412 -0.18626606 0.9361864 -0.29809412 -0.18626606 0.9361864 -0.29809412 -0.18626606 0.9361864 -0.29809412 -0.18626606 -0.103597015 -0.9855501 0.13401002 -0.103597015 -0.9855501 0.13401002 -0.103597015 -0.9855501 0.13401002 -0.1769161 -0.98394245 0.02362121 -0.1769161 -0.98394245 0.02362121 -0.184772 -0.981108 0.0573271 -0.17660691 -0.98192555 0.06805977 -0.17632203 -0.9801882 0.09023161 -0.19240606 -0.9770903 0.09096403 -0.16019009 -0.9830226 0.089475155 -0.16019009 -0.9830226 0.089475155 0.09330228 -0.99373174 0.061578184 0.09330228 -0.99373174 0.061578184 0.09330228 -0.99373174 0.061578184 -0.5948094 -0.8036666 0.017940514 -0.5948094 -0.8036666 0.017940514 -0.5948094 -0.8036666 0.017940514 -0.5948094 -0.8036666 0.017940514 -0.35449213 -0.85912126 0.3691151 -0.35449213 -0.85912126 0.3691151 -0.35449213 -0.85912126 0.3691151 -0.35449213 -0.85912126 0.3691151 -0.7410271 5.445341E-06 0.6714751 -0.7410271 5.445341E-06 0.6714751 -0.7410271 5.445341E-06 0.6714751 -0.7410271 5.445341E-06 0.6714751 -0.45219094 -0.77605885 0.43960893 -0.4335519 -0.8036298 0.4076909 -0.4335519 -0.8036298 0.4076909 -0.41399017 -0.82949233 0.37490615 -0.41399017 -0.82949233 0.37490615 -0.9335284 0.009776214 0.35837016 -0.9335284 0.009776214 0.35837016 -0.9335284 0.009776214 0.35837016 -0.14201199 -0.016827399 -0.9897219 -0.14201199 -0.016827399 -0.9897219 -0.14201199 -0.016827399 -0.9897219 -0.14201199 -0.016827399 -0.9897219 0.969488 -3.57601E-06 0.245139 0.969488 -3.57601E-06 0.245139 0.981476 0 0.191585 0.981476 0 0.191585 0.990508 3.66927E-06 0.137455 0.990508 3.66927E-06 0.137455 -0.44654694 -0.8944229 -0.024565496 -0.44654694 -0.8944229 -0.024565496 -0.48117703 -0.87655306 -0.011106801 -0.48117703 -0.87655306 -0.011106801 -0.18340498 -0.9829619 -0.012187998 -0.18340498 -0.9829619 -0.012187998 -0.18340498 -0.9829619 -0.012187998 -0.026115915 -0.9996585 -0.00091728446 -0.17681009 -0.9835285 -0.03754912 0.6657482 -0.7202842 -0.19485906 0.888658 -0.362621 -0.280701 0.65092915 -0.7401572 -0.16869704 0.86747617 -0.43154308 -0.24749905 0.6205761 -0.7686371 -0.15518501 0.8408281 -0.49774605 -0.21273702 0.31968796 -0.9447089 -0.072970994 0.6657482 -0.7202842 -0.19485906 0.31968796 -0.9447089 -0.072970994 0.65092915 -0.7401572 -0.16869704 0.31968796 -0.9447089 -0.072970994 0.6205761 -0.7686371 -0.15518501 0.96801925 0 -0.25087607 0.96801925 0 -0.25087607 0.9559993 0 -0.29336908 0.9559993 0 -0.29336908 0.94506514 -4.1535804E-06 -0.32688203 0.94506514 -4.1535804E-06 -0.32688203 0.9656213 0 0.25995308 0.9656213 0 0.25995308 0.94551724 0 0.3255721 0.94551724 0 0.3255721 0.4005618 -0.8927036 0.20647189 0.4005618 -0.8927036 0.20647189 0.59743506 -0.7678541 0.23123904 0.59743506 -0.7678541 0.23123904 0.7614733 -0.60080326 0.24329808 0.7614733 -0.60080326 0.24329808 -0.60852695 -0.72799194 0.31578898 -0.60852695 -0.72799194 0.31578898 -0.60852695 -0.72799194 0.31578898 -0.60852695 -0.72799194 0.31578898 0.896802 -0.442075 -0.0177731 0.896802 -0.442075 -0.0177731 0.896802 -0.442075 -0.0177731 0.90973955 -0.4001648 0.110643946 0.85261506 -0.51947606 0.056500405 0.90973955 -0.4001648 0.110643946 0.94827825 -0.27267805 0.16252704 0.90973955 -0.4001648 0.110643946 0.90973955 -0.4001648 0.110643946 0.2819519 -0.9421576 0.18122394 0.28334 -0.914801 0.28785 0.058556203 -0.99655104 0.058797903 0.06329581 -0.9919392 0.10977402 -0.16744004 -0.9836133 -0.066848226 0.06329581 -0.9919392 0.10977402 0.058556203 -0.99655104 0.058797903 -0.371404 -0.924878 -0.0816074 -0.371404 -0.924878 -0.0816074 -0.371404 -0.924878 -0.0816074 0.5579489 -0.7692958 0.31125095 0.5579489 -0.7692958 0.31125095 0.6418744 -0.68219036 0.35016218 0.4650159 -0.84398085 0.26731393 0.6744145 -0.4854934 0.5562924 0.6744145 -0.4854934 0.5562924 0.6744145 -0.4854934 0.5562924 0.6744145 -0.4854934 0.5562924 0.92096007 0 0.38965702 0.92096007 0 0.38965702 0.64504206 0 0.7641471 0.64504206 0 0.7641471 0.64504206 0 0.7641471 0.64504206 0 0.7641471 0.9962039 -0.0055912295 0.08687079 0.9962039 -0.0055912295 0.08687079 0.9962039 -0.0055912295 0.08687079 0.9962039 -0.0055912295 0.08687079 0.9962039 -0.0055912295 0.08687079 0.9962039 -0.0055912295 0.08687079 0.9962039 -0.0055912295 0.08687079 0.7193401 0 0.69465804 0.7193401 0 0.69465804 0.7193401 0 0.69465804 0.7193401 0 0.69465804 0.44147193 -0.8057849 0.39473194 0.52980226 -0.7713393 0.35262614 0.612607 -0.650315 0.449225 0.612607 -0.650315 0.449225 0.18782893 -0.93589866 0.29801688 0.19531696 -0.96497875 0.17512095 -0.05361852 -0.9942304 0.09290304 0.17768903 -0.8933642 0.41270706 0.09992731 -0.9291681 0.35589504 -0.3568409 -0.93002576 -0.087845474 -0.3568409 -0.93002576 -0.087845474 -0.3568409 -0.93002576 -0.087845474 0.90621686 -0.28708297 0.31040996 0.90621686 -0.28708297 0.31040996 0.90621686 -0.28708297 0.31040996 -0.60593814 -0.75603217 -0.24749605 -0.60593814 -0.75603217 -0.24749605 -0.60593814 -0.75603217 -0.24749605 -0.60593814 -0.75603217 -0.24749605 -0.01742501 -0.9971395 -0.07354744 -0.01742501 -0.9971395 -0.07354744 -0.01742501 -0.9971395 -0.07354744 -0.01742501 -0.9971395 -0.07354744 -0.01742501 -0.9971395 -0.07354744 -0.01742501 -0.9971395 -0.07354744 -0.01742501 -0.9971395 -0.07354744 -0.38927212 -0.80080026 -0.45517716 -0.38927212 -0.80080026 -0.45517716 -0.38927212 -0.80080026 -0.45517716 -0.38927212 -0.80080026 -0.45517716 0.66864717 -0.42299208 0.6115461 0.66864717 -0.42299208 0.6115461 0.6924759 -0.40166494 0.59928495 0.6924759 -0.40166494 0.59928495 0.7154918 -0.37986785 0.58632076 0.7154918 -0.37986785 0.58632076 0.22571105 -0.84434116 0.48594508 0.22571105 -0.84434116 0.48594508 0.22571105 -0.84434116 0.48594508 0.22571105 -0.84434116 0.48594508 0.3354929 0 0.94204277 0.3354929 0 0.94204277 0.3354929 0 0.94204277 0.3354929 0 0.94204277 0.7193401 0 0.69465804 0.7193401 0 0.69465804 0.7193401 0 0.69465804 0.7193401 0 0.69465804 0.0754663 -0.553903 0.829154 0.12465097 -0.58954185 0.79806185 0.0754663 -0.553903 0.829154 0.12465097 -0.58954185 0.79806185 0.025930094 -0.5156849 0.8563858 0.17189504 1.9601106E-05 0.9851153 0.17189504 1.9601106E-05 0.9851153 0.101331964 0 0.99485266 0.101331964 0 0.99485266 0.030254608 -1.8615203E-05 0.99954224 0.030254608 -1.8615203E-05 0.99954224 -0.50525624 0 0.8629694 -0.50525624 0 0.8629694 -0.50525624 0 0.8629694 -0.50525624 0 0.8629694 -0.37925512 -0.6607352 0.64776117 -0.37925512 -0.6607352 0.64776117 -0.37925512 -0.6607352 0.64776117 -0.4431101 -0.8290652 -0.34103408 -0.4431101 -0.8290652 -0.34103408 -0.4431101 -0.8290652 -0.34103408 -0.4431101 -0.8290652 -0.34103408 0.417284 -0.00676583 -0.908751 0.417284 -0.00676583 -0.908751 0.417284 -0.00676583 -0.908751 -0.29250002 -0.0142699005 -0.95615906 -0.29250002 -0.0142699005 -0.95615906 -0.29250002 -0.0142699005 -0.95615906 -0.29250002 -0.0142699005 -0.95615906 -0.19581196 -0.7788348 -0.59588087 -0.19581196 -0.7788348 -0.59588087 -0.19581196 -0.7788348 -0.59588087 -0.19581196 -0.7788348 -0.59588087 -0.734912 -0.668166 -0.116012 -0.734912 -0.668166 -0.116012 -0.734912 -0.668166 -0.116012 -0.4123832 -0.9104225 -0.032725118 -0.4123832 -0.9104225 -0.032725118 -0.4123832 -0.9104225 -0.032725118 -0.4123832 -0.9104225 -0.032725118 -0.4123832 -0.9104225 -0.032725118 -0.4123832 -0.9104225 -0.032725118 -0.093991384 -0.9850629 0.14427999 -0.093991384 -0.9850629 0.14427999 -0.093991384 -0.9850629 0.14427999 -0.093991384 -0.9850629 0.14427999 -0.086184174 -0.9883186 0.12569295 -0.086184174 -0.9883186 0.12569295 -0.086184174 -0.9883186 0.12569295 0.80777013 -0.58527106 -0.07046461 0.80777013 -0.58527106 -0.07046461 0.80777013 -0.58527106 -0.07046461 0.78682923 -0.50267416 0.35807613 0.78682923 -0.50267416 0.35807613 0.8251244 -0.44347617 0.34999815 -0.47688687 -0.8334388 -0.27921095 -0.47688687 -0.8334388 -0.27921095 -0.47688687 -0.8334388 -0.27921095 -0.8629697 0 -0.5052558 -0.8629697 0 -0.5052558 -0.8629697 0 -0.5052558 -0.8629697 0 -0.5052558 0.3354929 0 0.94204277 0.3354929 0 0.94204277 0.3354929 0 0.94204277 0.3354929 0 0.94204277 0.9168266 -0.3052622 -0.25737917 0.9168266 -0.3052622 -0.25737917 0.9168266 -0.3052622 -0.25737917 0.12489802 -0.9920821 0.013177402 0.12489802 -0.9920821 0.013177402 0 -1 0 0 -1 0 -0.021171095 -0.99885875 0.04281429 0.09537722 -0.99490726 -0.032599706 -0.07246761 -0.99361306 0.086496204 0 -1 0 0.09537722 -0.99490726 -0.032599706 -0.07246761 -0.99361306 0.086496204 0.032873705 -0.9990461 0.028745301 0.37138596 -0.9189909 -0.13239399 0.44174212 -0.8902462 -0.11102103 0.78682923 -0.50267416 0.35807613 0.7445719 -0.55933994 0.36435097 0.78682923 -0.50267416 0.35807613 -0.486316 -0.648895 -0.585177 -0.486316 -0.648895 -0.585177 -0.486316 -0.648895 -0.585177 -0.22583212 -0.9496775 -0.21705411 -0.188687 -0.684493 -0.704178 0.08704801 -0.94967806 -0.30088902 -0.188687 -0.684493 -0.704178 0.12857006 -0.6488943 -0.7499373 0.12857006 -0.6488943 -0.7499373 0.12857006 -0.6488943 -0.7499373 0.42538112 -0.89780825 -0.113979034 0.22583401 -0.94967705 0.21705401 0.42538112 -0.89780825 -0.113979034 -0.087046325 -0.94967824 0.30088905 -0.42538315 -0.8978073 0.113979034 -0.42538315 -0.8978073 0.113979034 -0.128579 -0.648894 0.749936 -0.128579 -0.648894 0.749936 -0.128579 -0.648894 0.749936 0.18869196 -0.6844918 0.7041778 0.18869196 -0.6844918 0.7041778 0.48631707 -0.6488941 0.58517706 0.48631707 -0.6488941 0.58517706 0.48631707 -0.6488941 0.58517706 0.25882694 0 0.9659238 0.25882694 0 0.9659238 0.25882694 0 0.9659238 0.25882694 0 0.9659238 0.89736605 0 0.44128704 0.89736605 0 0.44128704 0.89736605 0 0.44128704 0.89736605 0 0.44128704 -0.55649984 0 0.8308477 -0.55649984 0 0.8308477 -0.55649984 0 0.8308477 -0.55649984 0 0.8308477 -0.897367 2.43744E-06 -0.441285 -0.897367 2.43744E-06 -0.441285 -0.897367 2.43744E-06 -0.441285 -0.897367 2.43744E-06 -0.441285 -0.2588211 1.5848705E-06 -0.9659253 -0.2588211 1.5848705E-06 -0.9659253 -0.2588211 1.5848705E-06 -0.9659253 -0.2588211 1.5848705E-06 -0.9659253 0.556501 2.61467E-06 -0.830847 0.556501 2.61467E-06 -0.830847 0.556501 2.61467E-06 -0.830847 0.556501 2.61467E-06 -0.830847 -0.8308462 0 -0.5565021 -0.8308462 0 -0.5565021 -0.8308462 0 -0.5565021 -0.8308462 0 -0.5565021 -0.9659261 0 0.25881803 -0.9659261 0 0.25881803 -0.9659261 0 0.25881803 -0.9659261 0 0.25881803 -0.441283 0 0.897368 -0.441283 0 0.897368 -0.441283 0 0.897368 -0.441283 0 0.897368 -0.58517593 -0.6488959 0.48631594 -0.58517593 -0.6488959 0.48631594 -0.58517593 -0.6488959 0.48631594 -0.21705496 -0.9496779 0.22582997 -0.70417863 -0.6844937 0.18868192 -0.3008929 -0.94967663 -0.08704987 -0.70417863 -0.6844937 0.18868192 -0.74993426 -0.6488962 -0.12857805 -0.74993426 -0.6488962 -0.12857805 -0.74993426 -0.6488962 -0.12857805 0.43604615 0 -0.8999243 0.43604615 0 -0.8999243 0.43604615 0 -0.8999243 0.43604615 0 -0.8999243 -0.3008929 -0.94967663 -0.08704987 -0.113990985 -0.8978069 -0.42538095 0.21705104 -0.94967824 -0.22583206 -0.113990985 -0.8978069 -0.42538095 0.5851772 -0.6488932 -0.48631814 0.5851772 -0.6488932 -0.48631814 0.5851772 -0.6488932 -0.48631814 0.96801925 0 -0.25087607 0.96801925 0 -0.25087607 0.96801925 0 -0.25087607 0.96801925 0 -0.25087607 0.70418 -0.684492 -0.188683 0.30088902 -0.94967806 0.087048806 0.70418 -0.684492 -0.188683 0.749936 -0.648895 0.128574 0.749936 -0.648895 0.128574 0.749936 -0.648895 0.128574 0.830849 1.10091E-06 0.556498 0.830849 1.10091E-06 0.556498 0.830849 1.10091E-06 0.556498 0.830849 1.10091E-06 0.556498 -0.21705496 -0.9496779 0.22582997 0.113978 -0.897808 0.425382 0.113978 -0.897808 0.425382 0.25882694 0 0.9659238 0.25882694 0 0.9659238 0.25882694 0 0.9659238 0.25882694 0 0.9659238 -0.2588211 1.5848705E-06 -0.9659253 -0.2588211 1.5848705E-06 -0.9659253 -0.2588211 1.5848705E-06 -0.9659253 -0.2588211 1.5848705E-06 -0.9659253 -0.38962483 0.8451836 -0.3658648 -0.50161535 0.8451175 -0.18482012 -0.38962483 0.8451836 -0.3658648 -0.50161535 0.8451175 -0.18482012 -0.534477 0.845183 0 -0.534477 0.845183 0 0 0.845183 -0.534477 -0.208026 0.845189 -0.492322 0 0.845183 -0.534477 -0.208026 0.845189 -0.492322 0.38962483 0.8451836 -0.3658648 0.208026 0.845189 -0.492322 0.38962483 0.8451836 -0.3658648 0.208026 0.845189 -0.492322 0.534477 0.845183 0 0.50161487 0.8451178 -0.18481995 0.534477 0.845183 0 0.50161487 0.8451178 -0.18481995 0.389624 0.845184 0.365865 0.50161487 0.8451178 0.18481995 0.389624 0.845184 0.365865 0.50161487 0.8451178 0.18481995 0 0.84518385 0.53447586 0.208026 0.845189 0.492322 0 0.84518385 0.53447586 0.208026 0.845189 0.492322 -0.389624 0.845184 0.365865 -0.208026 0.845189 0.492322 -0.389624 0.845184 0.365865 -0.208026 0.845189 0.492322 -0.50161487 0.8451178 0.18481995 -0.50161487 0.8451178 0.18481995 -0.72898394 0 -0.6845309 -0.93855274 0 -0.3451359 -0.72898394 0 -0.6845309 -0.93855274 0 -0.3451359 -1 0 0 -1 0 0 0 0 -1 -0.38897306 0 -0.92124915 0 0 -1 -0.38897306 0 -0.92124915 -0.38897306 0 -0.92124915 -0.38897306 0 -0.92124915 0.72898394 0 -0.6845309 0.3807691 0 -0.9246702 0.72898394 0 -0.6845309 0.3807691 0 -0.9246702 1 0 0 0.93855274 0 -0.3451359 1 0 0 0.93855274 0 -0.3451359 0.93855274 0 -0.3451359 0.93855274 0 -0.3451359 0.72898394 0 0.6845309 0.93855274 0 0.3451359 0.72898394 0 0.6845309 0.93855274 0 0.3451359 0 0 1 0.38897306 0 0.92124915 0 0 1 0.38897306 0 0.92124915 0.38897306 0 0.92124915 0.38897306 0 0.92124915 -0.72898394 0 0.6845309 -0.38897306 0 0.92124915 -0.72898394 0 0.6845309 -0.38897306 0 0.92124915 -0.38897306 0 0.92124915 -0.38897306 0 0.92124915 -0.93855274 0 0.3451359 -0.93855274 0 0.3451359 0 -1 0 0 -1 0 0 -1 0 0 -1 0 0 -1 0 0 -1 0 0 -1 0 0 -1 0 0 -1 0 0 -1 0 0 -1 0 0 -1 0 0 -1 0 0 -1 0 0 -1 0 0 -1 0 0 -1 0 0 -1 0 0 -1 0 0 -1 0 0 -1 0 0 -1 0 0 -1 0 0 -1 0 0 -1 0 0 -1 0 0 -1 0 0 -1 0 0 -1 0 0 -1 0 0 -1 0 0 -1 0 0 1 0 0 1 0 0 1 0 0 1 0 0 1 0 0 1 0 0 1 0 0 1 0 0 1 0 0 1 0 0 1 0 0 1 0 0 1 0 0 1 0 0 1 0 0 1 0 0 1 0 0 1 0 0 1 0 0 1 0 0 1 0 0 1 0 0 1 0 0 1 0 0 1 0 0 1 0 0 1 0 0 1 0 -0.4372648 0.88477856 0.16114092 -0.46591204 0.8848311 0 -0.4372648 0.88477856 0.16114092 -0.46591204 0.8848311 0 0.46591204 0.8848311 0 0.4372648 0.88477856 0.16114092 0.46591204 0.8848311 0 0.4372648 0.88477856 0.16114092 -0.18135107 0.88483524 0.42916012 -0.33964208 0.88483125 0.3189311 -0.18135107 0.88483524 0.42916012 -0.33964208 0.88483125 0.3189311 0 0.8848311 0.46591204 0 0.8848311 0.46591204 0.4372648 0.88477856 -0.16114092 0.4372648 0.88477856 -0.16114092 -0.18135099 0.8848359 -0.42915893 0 0.8848311 -0.46591204 -0.18135099 0.8848359 -0.42915893 0 0.8848311 -0.46591204 -0.437264 0.884779 -0.161141 -0.33964208 0.88483125 -0.3189311 -0.437264 0.884779 -0.161141 -0.33964208 0.88483125 -0.3189311 0.18135099 0.8848359 -0.42915893 0.33964208 0.88483125 -0.3189311 0.18135099 0.8848359 -0.42915893 0.33964208 0.88483125 -0.3189311 -0.93855274 0 0.3451359 -1 0 0 -0.93855274 0 0.3451359 -1 0 0 1 0 0 0.93855274 0 0.3451359 1 0 0 0.93855274 0 0.3451359 -0.38897306 0 0.92124915 -0.72898394 0 0.6845309 -0.38897306 0 0.92124915 -0.72898394 0 0.6845309 0 0 1 -0.38897306 0 0.92124915 0 0 1 -0.38897306 0 0.92124915 0.93855274 0 -0.3451359 0.93855274 0 -0.3451359 -0.38897306 0 -0.92124915 0 0 -1 -0.38897306 0 -0.92124915 0 0 -1 -0.93855274 0 -0.3451359 -0.72898394 0 -0.6845309 -0.93855274 0 -0.3451359 -0.72898394 0 -0.6845309 -0.38897306 0 -0.92124915 -0.38897306 0 -0.92124915 0.3807691 0 -0.9246702 0.72898394 0 -0.6845309 0.3807691 0 -0.9246702 0.72898394 0 -0.6845309 0.3807691 0 -0.9246702 0.3807691 0 -0.9246702 -0.57461584 -0.7905787 0.21166493 -0.61225694 -0.7906589 0 -0.57461584 -0.7905787 0.21166493 -0.61225694 -0.7906589 0 0.61225694 -0.7906589 0 0.57461584 -0.7905787 0.21166493 0.61225694 -0.7906589 0 0.57461584 -0.7905787 0.21166493 -0.29894003 -0.64545006 0.70287204 -0.4758211 -0.7259562 0.4965701 -0.29894003 -0.64545006 0.70287204 -0.4758211 -0.7259562 0.4965701 -0.036902715 -0.7259183 0.6867903 -0.036902715 -0.7259183 0.6867903 0.57461524 -0.7905794 -0.2116641 0.57461524 -0.7905794 -0.2116641 -0.23828 -0.790666 -0.563977 0.037112907 -0.7255101 -0.68721014 -0.23828 -0.790666 -0.563977 0.037112907 -0.7255101 -0.68721014 -0.5746151 -0.79057914 -0.21166505 -0.44632486 -0.7906597 -0.41910785 -0.5746151 -0.79057914 -0.21166505 -0.44632486 -0.7906597 -0.41910785 0.29926196 -0.64450294 -0.7036039 0.47598687 -0.72554785 -0.49700788 0.29926196 -0.64450294 -0.7036039 0.47598687 -0.72554785 -0.49700788 0.18135107 0.88483524 0.42916012 0.18135107 0.88483524 0.42916012 0.33964208 0.88483125 0.3189311 0.33964208 0.88483125 0.3189311 0.38897306 0 0.92124915 0.38897306 0 0.92124915 0.72898394 0 0.6845309 0.72898394 0 0.6845309 0.38897306 0 0.92124915 0.38897306 0 0.92124915 0.23828 -0.790666 0.563977 0.23828 -0.790666 0.563977 0.44632486 -0.7906597 0.41910785 0.44632486 -0.7906597 0.41910785 0 -1 0 0 -1 0 0 -1 0 0.2034801 -0.7543373 0.62415624 0.2034801 -0.7543373 0.62415624 0.2034801 -0.7543373 0.62415624 0.2034801 -0.7543373 0.62415624 0.29746613 0 0.9547324 0.29746613 0 0.9547324 0.29746613 0 0.9547324 0.29746613 0 0.9547324 0.2808461 0.3495891 0.8938193 0.2808461 0.3495891 0.8938193 0.2808461 0.3495891 0.8938193 0.47368708 -0.00019347602 -0.8806932 0.47368708 -0.00019347602 -0.8806932 0.36661905 -0.00018239603 -0.93037117 0.36661905 -0.00018239603 -0.93037117 0.2877671 -0.00011012204 -0.95770043 0.2877671 -0.00011012204 -0.95770043 -0.46199206 -3.4643006E-06 -0.8868841 -0.46199206 -3.4643006E-06 -0.8868841 0.2877671 -0.00011012204 -0.95770043 -0.69169533 0 -0.72218937 -0.69169533 0 -0.72218937 -0.69169533 0 -0.72218937 0.3807691 0 -0.9246702 0.016257998 -6.745889E-06 -0.99986786 0.3807691 0 -0.9246702 0.016257998 -6.745889E-06 -0.99986786 0.47139224 -0.12106606 -0.8735745 0.47139224 -0.12106606 -0.8735745 0.47139224 -0.12106606 -0.8735745 0.47139224 -0.12106606 -0.8735745 -0.152659 -4.9852E-05 -0.988279 -0.152659 -4.9852E-05 -0.988279 -0.37541616 0.11508004 -0.91968435 -0.37541616 0.11508004 -0.91968435 -0.37541616 0.11508004 -0.91968435 -0.37541616 0.11508004 -0.91968435 0.35375813 -0.70664924 -0.61278224 0.35375813 -0.70664924 -0.61278224 0.35375813 -0.70664924 -0.61278224 0.35375813 -0.70664924 -0.61278224 0.96801925 0 -0.25087607 1 0 0 0.96801925 0 -0.25087607 1 0 0 0.011452601 -0.69417304 -0.7197171 0.27025697 -0.67199194 -0.68948394 0.011452601 -0.69417304 -0.7197171 0.27025697 -0.67199194 -0.68948394 0.33504304 -0.7084631 -0.62114906 0.33504304 -0.7084631 -0.62114906 0.26032904 -0.70743203 -0.6570911 0.26032904 -0.70743203 -0.6570911 -0.01642669 -0.76231754 -0.64699465 0.19880892 -0.66741574 -0.7176568 -0.238203 -0.73602 -0.633667 -0.01642669 -0.76231754 -0.64699465 -0.43030223 -0.81129944 -0.3957692 -0.238203 -0.73602 -0.633667 -0.43030223 -0.81129944 -0.3957692 -0.021171095 -0.99885875 0.04281429 -0.021171095 -0.99885875 0.04281429 -0.021171095 -0.99885875 0.04281429 -0.021171095 -0.99885875 0.04281429 -0.021171095 -0.99885875 0.04281429 -0.021171095 -0.99885875 0.04281429 0 1 0 0 1 0 0 1 0 0 1 0 0.35528696 -0.80290586 0.47865793 0.35528696 -0.80290586 0.47865793 0.35528696 -0.80290586 0.47865793 0.35528696 -0.80290586 0.47865793 -0.021374892 -0.99923563 0.03273289 -0.021374892 -0.99923563 0.03273289 -0.021374892 -0.99923563 0.03273289 -0.021374892 -0.99923563 0.03273289 -0.0041330815 -0.99864733 0.051830918 -0.0041330815 -0.99864733 0.051830918 -0.0041330815 -0.99864733 0.051830918 0 1 0 0 1 0 0 1 0 0 1 0 0 1 0 0 1 0 0 1 0 0.221154 0 0.975239 0.221154 0 0.975239 0.221154 0 0.975239 0.221154 0 0.975239 -0.27129298 0 0.9624969 -0.27129298 0 0.9624969 -0.27129298 0 0.9624969 -0.27129298 0 0.9624969 0.5234341 0 -0.85206616 0.5234341 0 -0.85206616 -0.152659 -4.9852E-05 -0.988279 -0.152659 -4.9852E-05 -0.988279 0.5234341 0 -0.85206616 0.5234341 0 -0.85206616 -0.29112494 -0.7951328 -0.5319869 -0.29112494 -0.7951328 -0.5319869 -0.29112494 -0.7951328 -0.5319869 -0.29112494 -0.7951328 -0.5319869 -0.47186694 -0.12932199 -0.87213385 -0.47186694 -0.12932199 -0.87213385 -0.47186694 -0.12932199 -0.87213385 -0.47186694 -0.12932199 -0.87213385 0.66673315 -0.7452941 0.0018912604 0.66673315 -0.7452941 0.0018912604 0.66673315 -0.7452941 0.0018912604 0.56783706 0 0.82314104 0.56783706 0 0.82314104 0.56783706 0 0.82314104 0.56783706 0 0.82314104 0.13209297 -0.0026579292 -0.99123377 0.13209297 -0.0026579292 -0.99123377 0.13209297 -0.0026579292 -0.99123377 0.13209297 -0.0026579292 -0.99123377 -0.149339 -0.753614 -0.640128 -0.149339 -0.753614 -0.640128 -0.149339 -0.753614 -0.640128 -0.808842 0 -0.588026 -0.808842 0 -0.588026 -0.808842 0 -0.588026 -0.70331883 0.07321768 -0.70709383 -0.70331883 0.07321768 -0.70709383 -0.70331883 0.07321768 -0.70709383 0 -1 0 0.55522996 0.83169687 -0.00014334099 0.55522996 0.83169687 -0.00014334099 0.55522996 0.83169687 -0.00014334099 0.55522996 0.83169687 -0.00014334099 -1 0 0 -1 0 0 -1 0 0 -1 0 0 -0.5547002 0.8320503 0 -0.5547002 0.8320503 0 -0.5547002 0.8320503 0 -0.5547002 0.8320503 0 0 1 0 0 1 0 0 1 0 0 1 0 -0.4166789 0 0.90905374 -0.4166789 0 0.90905374 -0.4166789 0 0.90905374 -0.4166789 0 0.90905374 -0.10375798 -0.66275984 -0.7416088 0.30738512 -0.7947183 -0.5233902 0.36378706 -0.70545214 -0.60827315 0.6493692 -0.7391522 -0.17881204 0.30738512 -0.7947183 -0.5233902 0.36378706 -0.70545214 -0.60827315 0.013519001 -0.99907905 0.040722705 0.013519001 -0.99907905 0.040722705 0.013519001 -0.99907905 0.040722705 -0.56778014 0 0.8231802 -0.56778014 0 0.8231802 -0.56778014 0 0.8231802 -0.56778014 0 0.8231802 0 1 0 0 1 0 0 1 0 0 1 0 0 1 0 0 1 0 0.8409236 0 0.5411538 0.8409236 0 0.5411538 0.8409236 0 0.5411538 0.8409236 0 0.5411538 -0.79303443 -0.0042019123 -0.6091623 -0.79303443 -0.0042019123 -0.6091623 -0.79303443 -0.0042019123 -0.6091623 -0.79303443 -0.0042019123 -0.6091623 0 1 0 0 1 0 0 1 0 0 1 0 0.63550705 -0.77182806 0.020308001 0.63550705 -0.77182806 0.020308001 1 0 0 1 0 0 1 0 0 1 0 0 0.085917175 -0.7817208 -0.61768186 0.085917175 -0.7817208 -0.61768186 0.085917175 -0.7817208 -0.61768186 0 -1 0 0 -1 0 0 -1 0 -0.2034801 -0.7543373 -0.62415624 -0.2034801 -0.7543373 -0.62415624 -0.2034801 -0.7543373 -0.62415624 -0.2034801 -0.7543373 -0.62415624 -0.30224416 1.877041E-06 -0.95323056 -0.30224416 1.877041E-06 -0.95323056 -0.30224416 1.877041E-06 -0.95323056 -0.30224416 1.877041E-06 -0.95323056 -0.28084502 0.34958804 -0.89382005 -0.28084502 0.34958804 -0.89382005 -0.28084502 0.34958804 -0.89382005 -0.36661905 -0.00018239603 0.93037117 -0.36661905 -0.00018239603 0.93037117 -0.36661905 -0.00018239603 0.93037117 -0.36661905 -0.00018239603 0.93037117 -0.56778014 0 0.8231802 -0.56778014 0 0.8231802 -0.56778014 0 0.8231802 -0.56778014 0 0.8231802 0.030254608 -1.8615203E-05 0.99954224 0.030254608 -1.8615203E-05 0.99954224 0.030254608 -1.8615203E-05 0.99954224 0.030254608 -1.8615203E-05 0.99954224 0.6916949 0 0.72218996 0.6916949 0 0.72218996 0.6916949 0 0.72218996 -0.38897306 0 0.92124915 -0.38897306 0 0.92124915 -0.38897306 0 0.92124915 -0.38897306 0 0.92124915 -0.47139224 -0.12106606 0.8735745 -0.47139224 -0.12106606 0.8735745 -0.47139224 -0.12106606 0.8735745 -0.47139224 -0.12106606 0.8735745 0.35473913 -1.2534904E-05 0.9349654 0.35473913 -1.2534904E-05 0.9349654 0.35473913 -1.2534904E-05 0.9349654 0.35473913 -1.2534904E-05 0.9349654 0.37541705 0.115079015 0.9196841 0.37541705 0.115079015 0.9196841 0.37541705 0.115079015 0.9196841 0.37541705 0.115079015 0.9196841 -0.35375878 -0.7066486 0.61278266 -0.35375878 -0.7066486 0.61278266 -0.35375878 -0.7066486 0.61278266 -0.35375878 -0.7066486 0.61278266 -1 0 0 -1 0 0 -1 0 0 -1 0 0 -0.2719001 -0.6670002 0.6936722 -0.2719001 -0.6670002 0.6936722 -0.2719001 -0.6670002 0.6936722 -0.2719001 -0.6670002 0.6936722 -0.2620822 -0.7026405 0.6615204 -0.2620822 -0.7026405 0.6615204 -0.2620822 -0.7026405 0.6615204 -0.2620822 -0.7026405 0.6615204 -0.4101691 -0.6998232 0.58481514 -0.4101691 -0.6998232 0.58481514 -0.4101691 -0.6998232 0.58481514 -0.4101691 -0.6998232 0.58481514 0.022586714 -0.58257437 0.8124635 0.022586714 -0.58257437 0.8124635 0.022586714 -0.58257437 0.8124635 0.49662617 -0.71224624 0.49605218 0.49662617 -0.71224624 0.49605218 0.49662617 -0.71224624 0.49605218 0.49662617 -0.71224624 0.49605218 0 -1 0 0 -1 0 0 -1 0 0 -1 0 0 -1 0 0 -1 0 0 1 0 0 1 0 0 1 0 0 1 0 -0.35528696 -0.80290586 -0.47865793 -0.35528696 -0.80290586 -0.47865793 -0.35528696 -0.80290586 -0.47865793 -0.35528696 -0.80290586 -0.47865793 0 -1 0 0 1 0 0 1 0 0 1 0 0 1 0 0 1 0 0 1 0 0 1 0 -0.22401208 0 -0.97458637 -0.22401208 0 -0.97458637 -0.22401208 0 -0.97458637 -0.22401208 0 -0.97458637 0.27129298 0 -0.9624969 0.27129298 0 -0.9624969 0.27129298 0 -0.9624969 0.27129298 0 -0.9624969 -0.056088384 -8.4991676E-05 0.9984258 -0.056088384 -8.4991676E-05 0.9984258 -0.056088384 -8.4991676E-05 0.9984258 -0.056088384 -8.4991676E-05 0.9984258 -0.8642333 0 0.50309116 -0.8642333 0 0.50309116 -0.8642333 0 0.50309116 -0.8642333 0 0.50309116 0.29112494 -0.7951328 0.5319869 0.29112494 -0.7951328 0.5319869 0.29112494 -0.7951328 0.5319869 0.29112494 -0.7951328 0.5319869 0.47186694 -0.12932199 0.87213385 0.47186694 -0.12932199 0.87213385 0.47186694 -0.12932199 0.87213385 0.47186694 -0.12932199 0.87213385 -0.66673315 -0.7452941 -0.0018912604 -0.66673315 -0.7452941 -0.0018912604 -0.66673315 -0.7452941 -0.0018912604 -0.56783706 0 -0.82314104 -0.56783706 0 -0.82314104 -0.56783706 0 -0.82314104 -0.56783706 0 -0.82314104 -0.13209297 -0.0026579292 0.99123377 -0.13209297 -0.0026579292 0.99123377 -0.13209297 -0.0026579292 0.99123377 -0.13209297 -0.0026579292 0.99123377 0.14933904 -0.75361216 0.64013016 0.14933904 -0.75361216 0.64013016 0.14933904 -0.75361216 0.64013016 0.80322915 0 0.5956701 0.80322915 0 0.5956701 0.80322915 0 0.5956701 0.70331943 0.073216945 0.7070934 0.70331943 0.073216945 0.7070934 0.70331943 0.073216945 0.7070934 0.80322915 0 0.5956701 0 -1 0 -0.5547002 0.8320503 0 -0.5547002 0.8320503 0 -0.5547002 0.8320503 0 -0.5547002 0.8320503 0 1 0 0 1 0 0 1 0 0 1 0 0 0.55522996 0.83169687 -0.00014334099 0.55522996 0.83169687 -0.00014334099 0.55522996 0.83169687 -0.00014334099 0.55522996 0.83169687 -0.00014334099 0.417284 -0.00676583 -0.908751 0.417284 -0.00676583 -0.908751 0.417284 -0.00676583 -0.908751 0.417284 -0.00676583 -0.908751 0.24962789 -0.6638807 0.7049456 0.24962789 -0.6638807 0.7049456 0.24962789 -0.6638807 0.7049456 0.24962789 -0.6638807 0.7049456 -0.64058137 -0.6712704 0.3728962 -0.64058137 -0.6712704 0.3728962 -0.64058137 -0.6712704 0.3728962 -0.043195724 -0.63658434 0.76999646 -0.043195724 -0.63658434 0.76999646 -0.043195724 -0.63658434 0.76999646 0 -1 0 0.56778014 0 -0.8231802 0.56778014 0 -0.8231802 0.56778014 0 -0.8231802 0.56778014 0 -0.8231802 0 1 0 0 1 0 0 1 0 0 1 0 0 1 0 0 1 0 -0.8409236 0 -0.5411538 -0.8409236 0 -0.5411538 -0.8409236 0 -0.5411538 -0.8409236 0 -0.5411538 0.79303443 -0.0042019123 0.6091623 0.79303443 -0.0042019123 0.6091623 0.79303443 -0.0042019123 0.6091623 0.79303443 -0.0042019123 0.6091623 0 1 0 0 1 0 0 1 0 0 1 0 -0.68190974 -0.7313828 -0.008850707 -0.68190974 -0.7313828 -0.008850707 -0.68190974 -0.7313828 -0.008850707 -0.68190974 -0.7313828 -0.008850707 -1 0 0 -1 0 0 -1 0 0 -1 0 0 -0.085917175 -0.7817208 0.61768186 -0.085917175 -0.7817208 0.61768186 -0.085917175 -0.7817208 0.61768186 0 1 0 0 1 0 0 1 0 0 1 0 0.6270046 -5.3063166E-05 0.77901554 0.6270046 -5.3063166E-05 0.77901554 0.6270046 -5.3063166E-05 0.77901554 0.6270046 -5.3063166E-05 0.77901554 0 0 1 0 0 1 0 0 1 0 0 1 0.61225694 -0.7906589 0 0.61225694 -0.7906589 0 0.61225694 -0.7906589 0 0.61225694 -0.7906589 0 0.5051753 -0.5925403 0.62745035 0.5051753 -0.5925403 0.62745035 0.5051753 -0.5925403 0.62745035 -0.0054725013 -0.7838642 0.62090814 -0.0054725013 -0.7838642 0.62090814 -0.0054725013 -0.7838642 0.62090814 -0.0054725013 -0.7838642 0.62090814 -0.61225694 -0.7906589 0 -0.61225694 -0.7906589 0 -0.61225694 -0.7906589 0 -0.61225694 -0.7906589 0 -0.70710725 -0.00021152408 0.70710623 -0.70710725 -0.00021152408 0.70710623 -0.70710725 -0.00021152408 0.70710623 -0.70710725 -0.00021152408 0.70710623 -0.59470314 -0.54021114 0.59539914 -0.59470314 -0.54021114 0.59539914 -0.59470314 -0.54021114 0.59539914 1 0 0 1 0 0 1 0 0 1 0 0 0.627004 -5.30632E-05 -0.779016 0.627004 -5.30632E-05 -0.779016 0.627004 -5.30632E-05 -0.779016 0.627004 -5.30632E-05 -0.779016 0 0 -1 0 0 -1 0 0 -1 0 0 -1 -0.70710677 -0.00021152393 -0.70710677 -0.70710677 -0.00021152393 -0.70710677 -0.70710677 -0.00021152393 -0.70710677 -0.70710677 -0.00021152393 -0.70710677 -1 0 0 -1 0 0 -1 0 0 -1 0 0 0.5051742 -0.5925413 -0.6274503 0.5051742 -0.5925413 -0.6274503 0.5051742 -0.5925413 -0.6274503 -0.005472228 -0.7838637 -0.62090874 -0.005472228 -0.7838637 -0.62090874 -0.005472228 -0.7838637 -0.62090874 -0.005472228 -0.7838637 -0.62090874 -0.59470314 -0.54021114 -0.59539914 -0.59470314 -0.54021114 -0.59539914 -0.59470314 -0.54021114 -0.59539914 0 -1 0 0 -1 0 0 -1 0 0 -1 0 -0.627004 -5.30632E-05 -0.779016 -0.627004 -5.30632E-05 -0.779016 -0.627004 -5.30632E-05 -0.779016 -0.627004 -5.30632E-05 -0.779016 0 0 -1 0 0 -1 0 0 -1 0 0 -1 -0.61225694 -0.7906589 0 -0.61225694 -0.7906589 0 -0.61225694 -0.7906589 0 -0.61225694 -0.7906589 0 -0.5051739 -0.59254193 -0.6274499 -0.5051739 -0.59254193 -0.6274499 -0.5051739 -0.59254193 -0.6274499 0.0054723215 -0.7838642 -0.62090814 0.0054723215 -0.7838642 -0.62090814 0.0054723215 -0.7838642 -0.62090814 0.0054723215 -0.7838642 -0.62090814 0.61225694 -0.7906589 0 0.61225694 -0.7906589 0 0.61225694 -0.7906589 0 0.61225694 -0.7906589 0 0.70710725 -0.00021152408 -0.70710623 0.70710725 -0.00021152408 -0.70710623 0.70710725 -0.00021152408 -0.70710623 0.70710725 -0.00021152408 -0.70710623 0.59470314 -0.54021114 -0.59539914 0.59470314 -0.54021114 -0.59539914 0.59470314 -0.54021114 -0.59539914 -1 0 0 -1 0 0 -1 0 0 -1 0 0 -0.627004 -5.27252E-05 0.779016 -0.627004 -5.27252E-05 0.779016 -0.627004 -5.27252E-05 0.779016 -0.627004 -5.27252E-05 0.779016 0 0 1 0 0 1 0 0 1 0 0 1 0.70710725 -0.00021152408 0.70710623 0.70710725 -0.00021152408 0.70710623 0.70710725 -0.00021152408 0.70710623 0.70710725 -0.00021152408 0.70710623 1 0 0 1 0 0 1 0 0 1 0 0 -0.50517493 -0.59253997 0.62745094 -0.50517493 -0.59253997 0.62745094 -0.50517493 -0.59253997 0.62745094 0.0054725013 -0.7838642 0.62090814 0.0054725013 -0.7838642 0.62090814 0.0054725013 -0.7838642 0.62090814 0.0054725013 -0.7838642 0.62090814 0.59470314 -0.54021114 0.59539914 0.59470314 -0.54021114 0.59539914 0.59470314 -0.54021114 0.59539914 0 -1 0 0 -1 0 0 -1 0 0 -1 0 0.7513446 0.002661859 0.6599047 0.7513446 0.002661859 0.6599047 0.7513446 0.002661859 0.6599047 0.7513446 0.002661859 0.6599047 -0.8642333 0 0.50309116 -0.8642333 0 0.50309116 -0.8642333 0 0.50309116 -0.8642333 0 0.50309116 0.18898404 0 0.98198014 0.18898404 0 0.98198014 0.18898404 0 0.98198014 0.18898404 0 0.98198014 0.13736306 0.6868003 0.71374834 0.13736306 0.6868003 0.71374834 0.13736306 0.6868003 0.71374834 -0.49320123 0.82199144 0.28475016 -0.49320123 0.82199144 0.28475016 -0.49320123 0.82199144 0.28475016 0.549444 0.6868 0.475833 0.549444 0.6868 0.475833 0.549444 0.6868 0.475833 0.55522996 0.83169687 -0.00014334099 0.55522996 0.83169687 -0.00014334099 0.55522996 0.83169687 -0.00014334099 0.55522996 0.83169687 -0.00014334099 -0.5547002 0.8320503 0 -0.5547002 0.8320503 0 -0.5547002 0.8320503 0 -0.5547002 0.8320503 0 0.5301141 0.8133061 -0.23981704 0.5301141 0.8133061 -0.23981704 0.5301141 0.8133061 -0.23981704 0.08831389 0.6935489 -0.71497595 0.08831389 0.6935489 -0.71497595 0.08831389 0.6935489 -0.71497595 -0.46718982 0.65592974 -0.59286577 -0.46718982 0.65592974 -0.59286577 -0.46718982 0.65592974 -0.59286577 0.9045819 0.0032045695 -0.42628795 0.9045819 0.0032045695 -0.42628795 0.9045819 0.0032045695 -0.42628795 0.9045819 0.0032045695 -0.42628795 0.13209297 -0.0026579292 -0.99123377 0.13209297 -0.0026579292 -0.99123377 0.13209297 -0.0026579292 -0.99123377 0.13209297 -0.0026579292 -0.99123377 -0.627004 -5.30632E-05 -0.779016 -0.627004 -5.30632E-05 -0.779016 -0.627004 -5.30632E-05 -0.779016 -0.627004 -5.30632E-05 -0.779016 1 0 0 1 0 0 1 0 0 1 0 0 -1 0 0 -1 0 0 -1 0 0 -1 0 0 -0.7559288 0 -0.65465385 -0.7559288 0 -0.65465385 -0.7559288 0 -0.65465385 -0.7559288 0 -0.65465385 0.86602557 0 -0.49999976 0.86602557 0 -0.49999976 0.86602557 0 -0.49999976 0.86602557 0 -0.49999976 -0.18898404 0 -0.98198014 -0.18898404 0 -0.98198014 -0.18898404 0 -0.98198014 -0.18898404 0 -0.98198014 -0.137362 0.686801 -0.713748 -0.137362 0.686801 -0.713748 -0.137362 0.686801 -0.713748 0.4931982 0.8219933 -0.2847501 0.4931982 0.8219933 -0.2847501 0.4931982 0.8219933 -0.2847501 -0.549444 0.6868 -0.475833 -0.549444 0.6868 -0.475833 -0.549444 0.6868 -0.475833 -0.5547002 0.8320503 0 -0.5547002 0.8320503 0 -0.5547002 0.8320503 0 -0.5547002 0.8320503 0 0.55522996 0.83169687 -0.00014334099 0.55522996 0.83169687 -0.00014334099 0.55522996 0.83169687 -0.00014334099 0.55522996 0.83169687 -0.00014334099 -0.53011495 0.81330585 0.23981597 -0.53011495 0.81330585 0.23981597 -0.53011495 0.81330585 0.23981597 -0.08831409 0.69354796 0.71497697 -0.08831409 0.69354796 0.71497697 -0.08831409 0.69354796 0.71497697 0.46719012 0.6559292 0.5928661 0.46719012 0.6559292 0.5928661 0.46719012 0.6559292 0.5928661 -0.91110605 0 0.41217202 -0.91110605 0 0.41217202 -0.91110605 0 0.41217202 -0.91110605 0 0.41217202 -0.13209297 -0.0026579292 0.99123377 -0.13209297 -0.0026579292 0.99123377 -0.13209297 -0.0026579292 0.99123377 -0.13209297 -0.0026579292 0.99123377 0.6270046 -5.3063166E-05 0.77901554 0.6270046 -5.3063166E-05 0.77901554 0.6270046 -5.3063166E-05 0.77901554 0.6270046 -5.3063166E-05 0.77901554 -1 0 0 -1 0 0 -1 0 0 -1 0 0 1 0 0 1 0 0 1 0 0 1 0 0 0.58778507 0 0.8090171 0.9510569 0 0.30901596 0.5788771 0.32566106 0.74756014 0.9129625 0.30563718 0.27034315 0 0 1 0 0.325715 0.945468 -0.58778626 0 0.8090163 -0.5788778 0.32566088 0.7475598 -0.9510569 0 0.30901596 -0.9129625 0.30563718 0.27034315 -0.9510569 0 -0.30901596 -0.9510569 0 0.30901596 -0.9131032 0.30510405 -0.27047005 -0.9129625 0.30563718 0.27034315 -0.5877869 0 -0.80901587 -0.5787012 0.3246401 -0.7481402 0 0 -1 -0.5877869 0 -0.80901587 0 0.32453015 -0.9458754 -0.5787012 0.3246401 -0.7481402 0.58778626 0 -0.8090163 0.57870096 0.32463896 -0.74814093 0.95105654 0 -0.30901685 0.913103 0.305104 -0.270471 0.9510569 0 0.30901596 0.95105654 0 -0.30901685 0.9129625 0.30563718 0.27034315 0.913103 0.305104 -0.270471 0.5788771 0.32566106 0.74756014 0.50745505 0.61268103 0.60589707 0.7956537 0.60575175 -0.00022738292 0 0.61304724 0.7900463 0.50745505 0.61268103 0.60589707 -0.50745505 0.6126801 0.6058981 -0.5788778 0.32566088 0.7475598 -0.7956537 0.60575175 -0.00022687191 -0.50745505 0.6126801 0.6058981 -0.50749725 0.6111022 -0.60745424 0 0.61096424 -0.7916583 -0.50749725 0.6111022 -0.60745424 0.50749725 0.6111022 -0.60745424 0.57870096 0.32463896 -0.74814093 0.50749725 0.6111022 -0.60745424 0 1 0 0 1 0 0 1 0 0 1 0 0 1 0 0 1 0 0 1 0 0 1 0 0.70931745 -0.4189047 0.56691056 0.70931745 -0.4189047 0.56691056 0.70931745 -0.4189047 0.56691056 -0.6083351 -0.56967103 0.55263305 -0.6083351 -0.56967103 0.55263305 -0.6083351 -0.56967103 0.55263305 -0.6083351 -0.56967103 0.55263305 -0.096889816 -0.7472991 0.65738606 -0.096889816 -0.7472991 0.65738606 -0.096889816 -0.7472991 0.65738606 -0.096889816 -0.7472991 0.65738606 0.8480528 -0.3968329 -0.35118392 0.8480528 -0.3968329 -0.35118392 0.8480528 -0.3968329 -0.35118392 0.8480528 -0.3968329 -0.35118392 0 -1 0 0 -1 0 0 -1 0 0 -1 0 0 -1 0 0 -1 0 0 -1 0 0 -1 0 -0.0466779 0 -0.99891 -0.0466779 0 -0.99891 -0.0466779 0 -0.99891 -0.0466779 0 -0.99891 0.087080926 -0.9139552 0.3963621 0.08105847 -0.93424463 0.3472989 0.087080926 -0.9139552 0.3963621 0.08105847 -0.93424463 0.3472989 0.09285464 -0.8910564 0.4442932 0.09285464 -0.8910564 0.4442932 0.25882694 0 0.9659238 0.25882694 0 0.9659238 0.25882694 0 0.9659238 0.25882694 0 0.9659238 0.90973955 -0.4001648 0.110643946 0.90973955 -0.4001648 0.110643946 0.90973955 -0.4001648 0.110643946 0.90973955 -0.4001648 0.110643946 0.54493815 -0.30910105 0.77942216 0.54493815 -0.30910105 0.77942216 0.54493815 -0.30910105 0.77942216 0.54493815 -0.30910105 0.77942216 0.20109993 -0.94939464 0.24126491 0.20109993 -0.94939464 0.24126491 0.20109993 -0.94939464 0.24126491 0.20109993 -0.94939464 0.24126491 0.4472132 0 -0.8944274 0.4472132 0 -0.8944274 0.4472132 0 -0.8944274 0.4472132 0 -0.8944274 0.36405504 -0.64819103 -0.66881406 0.36405504 -0.64819103 -0.66881406 0.36405504 -0.64819103 -0.66881406 0.36405504 -0.64819103 -0.66881406 0.77624965 -0.62187773 -0.10346295 0.77624965 -0.62187773 -0.10346295 0.77624965 -0.62187773 -0.10346295 0.6237938 -0.70987576 0.3270439 0.6237938 -0.70987576 0.3270439 0.6237938 -0.70987576 0.3270439 0.6237938 -0.70987576 0.3270439 0.18059002 -0.70710605 0.68365806 0.18059002 -0.70710605 0.68365806 0.18059002 -0.70710605 0.68365806 0.18059002 -0.70710605 0.68365806 -0.5897271 -0.6996001 -0.40346205 -0.5897271 -0.6996001 -0.40346205 -0.5897271 -0.6996001 -0.40346205 -0.5897271 -0.6996001 -0.40346205 -0.7997269 -0.59722394 0.061323192 -0.7997269 -0.59722394 0.061323192 -0.7997269 -0.59722394 0.061323192 -0.118942015 -0.5970331 0.7933501 -0.118942015 -0.5970331 0.7933501 -0.118942015 -0.5970331 0.7933501 0.35792312 -0.70112723 0.61669415 0.35792312 -0.70112723 0.61669415 0.35792312 -0.70112723 0.61669415 0.35792312 -0.70112723 0.61669415 0 -1 0 0 -1 0 0 -1 0 0 -1 0 0 -1 0 0 -1 0 0 -1 0 0 -1 0 -0.276717 -0.487733 -0.827976 -0.276717 -0.487733 -0.827976 -0.276717 -0.487733 -0.827976 -0.276717 -0.487733 -0.827976 -0.16202103 -0.5503571 -0.8190581 -0.16202103 -0.5503571 -0.8190581 -0.16202103 -0.5503571 -0.8190581 -0.16202103 -0.5503571 -0.8190581 -0.140158 -0.46564 -0.873805 -0.140158 -0.46564 -0.873805 -0.140158 -0.46564 -0.873805 -0.18410306 -0.70710826 0.68271816 -0.18410306 -0.70710826 0.68271816 -0.18410306 -0.70710826 0.68271816 -0.18410306 -0.70710826 0.68271816 -0.43077385 -0.71275276 -0.5535498 -0.43077385 -0.71275276 -0.5535498 -0.43077385 -0.71275276 -0.5535498 -0.43077385 -0.71275276 -0.5535498 -0.46697205 -0.6379291 0.61235905 -0.46697205 -0.6379291 0.61235905 -0.46697205 -0.6379291 0.61235905 -0.73859304 -0.6337991 -0.22973701 -0.73859304 -0.6337991 -0.22973701 -0.73859304 -0.6337991 -0.22973701 -0.0315887 -0.714548 0.698873 -0.0315887 -0.714548 0.698873 -0.0315887 -0.714548 0.698873 -0.0315887 -0.714548 0.698873 -0.2623211 -0.42268217 -0.8674834 -0.2623211 -0.42268217 -0.8674834 -0.2623211 -0.42268217 -0.8674834 -0.2623211 -0.42268217 -0.8674834 -0.428452 -0.827086 -0.36381 -0.428452 -0.827086 -0.36381 -0.428452 -0.827086 -0.36381 -0.428452 -0.827086 -0.36381 -0.25882497 -0.20700197 -0.9434829 -0.25882497 -0.20700197 -0.9434829 -0.25882497 -0.20700197 -0.9434829 -0.45038316 -0.62443525 -0.6381502 -0.45038316 -0.62443525 -0.6381502 -0.45038316 -0.62443525 -0.6381502 -0.31532907 -0.79036623 -0.52525115 -0.31532907 -0.79036623 -0.52525115 -0.31532907 -0.79036623 -0.52525115 0.0012515399 -0.9998669 -0.016269399 0.0012515399 -0.9998669 -0.016269399 0.0012515399 -0.9998669 -0.016269399 0.16805199 -0.9094689 0.38029593 0.16805199 -0.9094689 0.38029593 0.16805199 -0.9094689 0.38029593 0.16805199 -0.9094689 0.38029593 0.623676 -0.734508 0.267444 0.623676 -0.734508 0.267444 0.623676 -0.734508 0.267444 0.623676 -0.734508 0.267444 0.3875099 -0.8396058 0.3806549 0.3875099 -0.8396058 0.3806549 0.3875099 -0.8396058 0.3806549 0.3875099 -0.8396058 0.3806549 0.6422448 -0.76532483 0.042421687 0.6422448 -0.76532483 0.042421687 0.6422448 -0.76532483 0.042421687 0.6422448 -0.76532483 0.042421687 0 -0.9987259 -0.05046369 0 -0.9987259 -0.05046369 0 -0.9987259 -0.05046369 0 -0.9987259 -0.05046369 0 -0.9987259 -0.05046369 0 -0.9987259 -0.05046369 0 -0.9987259 -0.05046369 0 -0.9987259 -0.05046369 0 -0.9987259 -0.05046369 0 -0.9987259 -0.05046369 0 -0.9987259 -0.05046369 0 -0.9987259 -0.05046369 0.30125993 -0.9529068 -0.03480159 0.30125993 -0.9529068 -0.03480159 0.30125993 -0.9529068 -0.03480159 0.436609 -0.89254 0.112894 0.418272 -0.907364 0.0417048 0.436609 -0.89254 0.112894 0.418272 -0.907364 0.0417048 0.25964588 -0.9619475 0.08509396 0.25964588 -0.9619475 0.08509396 0.25964588 -0.9619475 0.08509396 0.25964588 -0.9619475 0.08509396 0.3551351 -0.9243703 0.13935104 0.3551351 -0.9243703 0.13935104 0.3551351 -0.9243703 0.13935104 0.39758295 -0.9170849 -0.029719096 -0.85236156 -0.51561373 -0.08730605 -0.85236156 -0.51561373 -0.08730605 -0.85236156 -0.51561373 -0.08730605 -0.21007292 -0.96512765 0.15619893 -0.49128103 -0.83229303 0.25677103 -0.31467292 -0.9403418 0.12937696 -0.55943024 -0.81286436 0.16214007 -0.3696689 -0.92256176 0.11056497 -0.59647804 -0.7926131 0.12640601 -0.67312694 -0.7000439 -0.23840897 -0.67312694 -0.7000439 -0.23840897 -0.67312694 -0.7000439 -0.23840897 -0.8110401 -0.56639314 0.14633103 -0.8110401 -0.56639314 0.14633103 -0.8110401 -0.56639314 0.14633103 -0.8110401 -0.56639314 0.14633103 -0.05361852 -0.9942304 0.09290304 -0.3863129 -0.8150788 0.43175092 -0.103597015 -0.9855501 0.13401002 -0.425122 -0.824806 0.372782 -0.425122 -0.824806 0.372782 0.60020506 -0.7713151 -0.21172403 0.60020506 -0.7713151 -0.21172403 0.60020506 -0.7713151 -0.21172403 0.60020506 -0.7713151 -0.21172403 0.211714 -0.662525 -0.718497 0.211714 -0.662525 -0.718497 0.211714 -0.662525 -0.718497 0.211714 -0.662525 -0.718497 -0.9335284 0.009776214 0.35837016 -0.9335284 0.009776214 0.35837016 -0.9335284 0.009776214 0.35837016 -0.9335284 0.009776214 0.35837016 -0.2345361 0.0003573101 0.97210735 -0.2345361 0.0003573101 0.97210735 -0.2345361 0.0003573101 0.97210735 -0.2345361 0.0003573101 0.97210735 -0.5500978 -0.58056885 0.60027677 -0.5500978 -0.58056885 0.60027677 -0.5500978 -0.58056885 0.60027677 -0.5500978 -0.58056885 0.60027677 -0.72898394 0 0.6845309 -0.72898394 0 0.6845309 -0.72898394 0 0.6845309 -0.72898394 0 0.6845309 0.3758249 0 0.92669076 0.3758249 0 0.92669076 0.3758249 0 0.92669076 0 -1 0 0 -1 0 0 -1 0 0 -1 0 0 -1 0 0 -1 0 0 -1 0 -0.15076803 -0.6032511 0.7831712 -0.15076803 -0.6032511 0.7831712 -0.160804 -0.575636 0.801739 -0.160804 -0.575636 0.801739 -0.14055 -0.630138 0.763657 0.49099517 -0.7866013 0.3744091 0.49099517 -0.7866013 0.3744091 0.49099517 -0.7866013 0.3744091 0.49099517 -0.7866013 0.3744091 0 -1 0 0 -1 0 0 -1 0 0 -1 0 0.03270239 -0.99944067 0.0069941175 0.03270239 -0.99944067 0.0069941175 0.03270239 -0.99944067 0.0069941175 0.0012515399 -0.9998669 -0.016269399 0.0012515399 -0.9998669 -0.016269399 0.0012515399 -0.9998669 -0.016269399 0.0012515399 -0.9998669 -0.016269399 0.0012515399 -0.9998669 -0.016269399 0.0012515399 -0.9998669 -0.016269399 0.0012515399 -0.9998669 -0.016269399 0 -0.999563 -0.0295626 0 -0.999563 -0.0295626 0 -0.999563 -0.0295626 0 -0.999563 -0.0295626 0 -0.999563 -0.0295626 0 -0.999563 -0.0295626 0 -0.999563 -0.0295626 0 -0.999563 -0.0295626 0 -0.999563 -0.0295626 0 -0.999563 -0.0295626 0.4371951 -0.4642261 -0.77029514 0.4371951 -0.4642261 -0.77029514 0.4371951 -0.4642261 -0.77029514 0.4371951 -0.4642261 -0.77029514 0.5234341 0 -0.85206616 0.5234341 0 -0.85206616 0.5234341 0 -0.85206616 0.5234341 0 -0.85206616 0.93855274 0 -0.3451359 0.93855274 0 -0.3451359 0.93855274 0 -0.3451359 0.93855274 0 -0.3451359 0.09933288 -0.7634148 0.63822484 0.09933288 -0.7634148 0.63822484 0.09933288 -0.7634148 0.63822484 0.09933288 -0.7634148 0.63822484 0.36378706 -0.70545214 -0.60827315 0.36378706 -0.70545214 -0.60827315 0.36378706 -0.70545214 -0.60827315 0.36378706 -0.70545214 -0.60827315 0 -1 0 0 -1 0 0 -1 0 0 -1 0 0 -1 0 -0.11493795 -0.68179476 -0.72245777 -0.11493795 -0.68179476 -0.72245777 -0.11493795 -0.68179476 -0.72245777 -0.11493795 -0.68179476 -0.72245777 -0.20087998 0 -0.97961587 -0.20087998 0 -0.97961587 -0.20087998 0 -0.97961587 -0.20087998 0 -0.97961587 -0.27718014 -0.70709735 0.65052634 -0.27718014 -0.70709735 0.65052634 -0.27718014 -0.70709735 0.65052634 -0.27718014 -0.70709735 0.65052634 -0.56783706 0 -0.82314104 -0.56783706 0 -0.82314104 -0.56783706 0 -0.82314104 -0.56783706 0 -0.82314104 -0.2588211 1.5848705E-06 -0.9659253 -0.2588211 1.5848705E-06 -0.9659253 -0.2588211 1.5848705E-06 -0.9659253 -0.2588211 1.5848705E-06 -0.9659253 -0.6695111 0 -0.7428021 -0.6695111 0 -0.7428021 -0.6695111 0 -0.7428021 -0.6695111 0 -0.7428021 -0.09653982 0 -0.99532914 -0.09653982 0 -0.99532914 -0.09653982 0 -0.99532914 -0.09653982 0 -0.99532914 -0.808842 0 -0.588026 -0.808842 0 -0.588026 -0.808842 0 -0.588026 -0.808842 0 -0.588026 -0.69169533 0 -0.72218937 -0.69169533 0 -0.72218937 -0.69169533 0 -0.72218937 -0.69169533 0 -0.72218937 -0.4150841 -0.7828412 -0.46353513 -0.4150841 -0.7828412 -0.46353513 -0.44925195 -0.78215986 -0.43173894 -0.44925195 -0.78215986 -0.43173894 -0.48244077 -0.77977467 -0.3990018 -0.48244077 -0.77977467 -0.3990018 -0.021171095 -0.99885875 0.04281429 -0.021171095 -0.99885875 0.04281429 -0.021171095 -0.99885875 0.04281429 -0.021171095 -0.99885875 0.04281429 -0.10101298 -0.9884369 0.11308798 -0.10101298 -0.9884369 0.11308798 -0.10101298 -0.9884369 0.11308798 -0.10101298 -0.9884369 0.11308798 -0.42804408 -0.88270426 -0.19393705 -0.5609032 -0.7804132 -0.2763021 -0.47679982 -0.8462757 -0.23765391 -0.53524214 -0.8187561 -0.20773603 -0.37688494 -0.91417587 -0.14913198 -0.48204318 -0.8648783 -0.14007105 -0.49636602 -0.83303404 -0.24428502 -0.39400607 -0.8659692 -0.30798805 -0.39400607 -0.8659692 -0.30798805 -0.5609032 -0.7804132 -0.2763021 -0.774892 -0.513056 -0.36921 -0.8629697 0 -0.5052558 0.0375908 -0.968578 0.245853 0.0375908 -0.968578 0.245853 0.0375908 -0.968578 0.245853 -0.774892 -0.513056 -0.36921 -0.62774444 -0.76737547 -0.13065909 -0.5680522 -0.8229193 -0.010979304 -0.6587907 -0.73876166 -0.14221792 0.242134 -0.913229 0.327695 0.242134 -0.913229 0.327695 0.242134 -0.913229 0.327695 -0.38354915 -0.5759962 -0.7218853 -0.38354915 -0.5759962 -0.7218853 -0.38354915 -0.5759962 -0.7218853 -0.38354915 -0.5759962 -0.7218853 -0.77952725 -0.58097917 -0.23409508 -0.77952725 -0.58097917 -0.23409508 -0.77952725 -0.58097917 -0.23409508 -0.57070893 -0.60756093 -0.55241394 -0.57070893 -0.60756093 -0.55241394 -0.57070893 -0.60756093 -0.55241394 -0.580407 -0.813898 0.0264157 -0.580407 -0.813898 0.0264157 -0.580407 -0.813898 0.0264157 -0.580407 -0.813898 0.0264157 -0.9997949 0 -0.020255597 -0.9997949 0 -0.020255597 -0.9997949 0 -0.020255597 -0.9997949 0 -0.020255597 -0.6587907 -0.73876166 -0.14221792 -0.87751937 0 -0.4795412 0.013519001 -0.99907905 0.040722705 0.013519001 -0.99907905 0.040722705 0.013519001 -0.99907905 0.040722705 -0.49029094 -0.8703759 0.045394897 -0.48117703 -0.87655306 -0.011106801 -0.48117703 -0.87655306 -0.011106801 -0.97682154 0.0003736698 0.2140549 -0.97682154 0.0003736698 0.2140549 -0.97682154 0.0003736698 0.2140549 -0.97682154 0.0003736698 0.2140549 -0.9983668 -0.0003774589 -0.057129584 -0.9983668 -0.0003774589 -0.057129584 -0.9983668 -0.0003774589 -0.057129584 -0.9983668 -0.0003774589 -0.057129584 -0.69169533 0 -0.72218937 -0.69169533 0 -0.72218937 -0.69169533 0 -0.72218937 -0.69169533 0 -0.72218937 -0.4375553 -0.8273876 -0.35210124 -0.55861515 -0.75962716 -0.3330401 -0.55861515 -0.75962716 -0.3330401 -0.7525995 -0.0002953398 0.6584785 -0.656131 -0.000338746 0.754647 -0.7525995 -0.0002953398 0.6584785 -0.656131 -0.000338746 0.754647 -0.91110605 0 0.41217202 -0.91110605 0 0.41217202 -0.90857434 0 -0.41772318 -0.90857434 0 -0.41772318 -0.90857434 0 -0.41772318 -0.90857434 0 -0.41772318 -0.97682154 0.0003736698 0.2140549 -0.97682154 0.0003736698 0.2140549 -0.98836005 -1.6286202E-05 0.15213302 -0.98836005 -1.6286202E-05 0.15213302 0.21369307 -0.6395552 -0.73844725 0.21369307 -0.6395552 -0.73844725 0.21369307 -0.6395552 -0.73844725 0.21369307 -0.6395552 -0.73844725 0.11239506 -0.9915925 0.064122535 0.11239506 -0.9915925 0.064122535 0.11239506 -0.9915925 0.064122535 0.05006842 -0.55214816 0.8322413 0.05006842 -0.55214816 0.8322413 0.05006842 -0.55214816 0.8322413 0.05006842 -0.55214816 0.8322413 0 -0.99115676 0.13269597 0 -0.99115676 0.13269597 0 -0.99115676 0.13269597 0 -0.99115676 0.13269597 0 -0.99115676 0.13269597 0 -0.99115676 0.13269597 0 -0.99115676 0.13269597 0 -0.99115676 0.13269597 0 -0.99115676 0.13269597 0 -0.99115676 0.13269597 0 -0.99115676 0.13269597 -0.6460952 -0.6426352 0.41180214 -0.6460952 -0.6426352 0.41180214 -0.6460952 -0.6426352 0.41180214 -0.6460952 -0.6426352 0.41180214 0.17719805 -0.6896762 0.70210224 0.17719805 -0.6896762 0.70210224 0.17719805 -0.6896762 0.70210224 0.17719805 -0.6896762 0.70210224 0.13597897 0 0.99071175 0.13597897 0 0.99071175 0.13597897 0 0.99071175 0.13597897 0 0.99071175 -0.8642333 0 0.50309116 -0.8642333 0 0.50309116 -0.8642333 0 0.50309116 -0.8642333 0 0.50309116 -0.015632609 -0.7470514 0.66458243 -0.015632609 -0.7470514 0.66458243 -0.015632609 -0.7470514 0.66458243 -0.015632609 -0.7470514 0.66458243 -0.018566893 0 0.9998276 -0.018566893 0 0.9998276 -0.018566893 0 0.9998276 -0.018566893 0 0.9998276 -0.062634185 -0.5580579 -0.82743484 -0.062634185 -0.5580579 -0.82743484 -0.062634185 -0.5580579 -0.82743484 -0.062634185 -0.5580579 -0.82743484 -0.70884323 -0.49451214 0.5029902 -0.70884323 -0.49451214 0.5029902 -0.70884323 -0.49451214 0.5029902 -0.70884323 -0.49451214 0.5029902 -0.425122 -0.824806 0.372782 -0.3863129 -0.8150788 0.43175092 -0.6678568 -0.5055659 0.5462329 -0.62538636 -0.42376524 0.65522134 -0.71421427 -0.61423016 0.3355881 -0.6678568 -0.5055659 0.5462329 -0.76092523 -0.6226812 0.18237606 -0.7823809 -0.60830694 0.13357699 -0.6687203 -0.6769703 -0.30744815 -1 0 0 -1 0 0 -1 0 0 -1 0 0 -0.46591204 0.8848311 0 -0.46591204 0.8848311 0 -0.46591204 0.8848311 0 -0.46591204 0.8848311 0 0 1 0 0 1 0 0 1 0 0 1 0 0.46591204 0.8848311 0 0.46591204 0.8848311 0 0.46591204 0.8848311 0 0.46591204 0.8848311 0 1 0 0 1 0 0 1 0 0 1 0 0 -0.142265 0.707074 0.692681 -0.142265 0.707074 0.692681 -0.142265 0.707074 0.692681 -0.142265 0.707074 0.692681 -0.2010091 0 0.9795894 -0.2010091 0 0.9795894 -0.2010091 0 0.9795894 -0.2010091 0 0.9795894 0.41676402 0.5830601 0.69738704 0.41676402 0.5830601 0.69738704 0.41676402 0.5830601 0.69738704 0.15303497 0 0.98822075 0.15303497 0 0.98822075 0.15303497 0 0.98822075 0.15303497 0 0.98822075 0.68301284 0.7071068 0.18301195 0.68301284 0.7071068 0.18301195 0.68301284 0.7071068 0.18301195 0.68301284 0.7071068 0.18301195 0 1 0 0 1 0 0 1 0 0 1 0 0.14211999 0.70603096 -0.6937739 0.14211999 0.70603096 -0.6937739 0.14211999 0.70603096 -0.6937739 0.14211999 0.70603096 -0.6937739 0.7044882 0.5716042 -0.42067212 0.7044882 0.5716042 -0.42067212 0.7044882 0.5716042 -0.42067212 0.8585769 0 -0.51268494 0.8585769 0 -0.51268494 0.8585769 0 -0.51268494 0.8585769 0 -0.51268494 0.19611596 0 -0.98058075 0.19611596 0 -0.98058075 0.19611596 0 -0.98058075 0.19611596 0 -0.98058075 0.9656213 0 0.25995308 0.9656213 0 0.25995308 0.9656213 0 0.25995308 0.9656213 0 0.25995308 0 1 0 0 1 0 0 1 0 0 1 0 -0.21498796 0.70710695 -0.67363197 -0.21498796 0.70710695 -0.67363197 -0.21498796 0.70710695 -0.67363197 -0.21498796 0.70710695 -0.67363197 0.007108291 0.70818204 -0.70599407 0.007108291 0.70818204 -0.70599407 0.007108291 0.70818204 -0.70599407 0.007108291 0.70818204 -0.70599407 -0.30224416 1.877041E-06 -0.95323056 -0.30224416 1.877041E-06 -0.95323056 -0.30224416 1.877041E-06 -0.95323056 -0.30224416 1.877041E-06 -0.95323056 0 0 -1 0 0 -1 0 0 -1 0 0 -1 -0.139179 0.718287 0.681684 -0.139179 0.718287 0.681684 -0.139179 0.718287 0.681684 -0.139179 0.718287 0.681684 0.19392702 0.71183705 0.6750411 0.19392702 0.71183705 0.6750411 0.19392702 0.71183705 0.6750411 0.19392702 0.71183705 0.6750411 0.27668613 0 0.9609604 0.27668613 0 0.9609604 0.27668613 0 0.9609604 0.27668613 0 0.9609604 -0.2010091 0 0.9795894 -0.2010091 0 0.9795894 -0.2010091 0 0.9795894 -0.2010091 0 0.9795894 0.6053761 0.040487707 0.7949091 0.6053761 0.040487707 0.7949091 0.6053761 0.040487707 0.7949091 0.6053761 0.040487707 0.7949091 0 1 0 0 1 0 0 1 0 0 1 0 0 1 0 0.013786607 0.99987453 0.007803914 0.017898304 0.9997002 -0.016709004 0.022547698 0.9994299 0.025128797 0.27354708 0.70181525 0.65774417 0.27354708 0.70181525 0.65774417 0.27354708 0.70181525 0.65774417 0.27354708 0.70181525 0.65774417 0.009664989 0.9994309 0.032320198 0 1 0 0 1 0 0 1 0 0.00744343 0.999879 -0.0136604 0.00744343 0.999879 -0.0136604 0 1 0 0.27059805 0.7071062 -0.65328217 0.27059805 0.7071062 -0.65328217 0.27059805 0.7071062 -0.65328217 0.27059805 0.7071062 -0.65328217 0.3807691 0 -0.9246702 0.3807691 0 -0.9246702 0.3807691 0 -0.9246702 0.3807691 0 -0.9246702 0.38897306 0 0.92124915 0.38897306 0 0.92124915 0.38897306 0 0.92124915 0.38897306 0 0.92124915 0 1 0 0 1 0 0 1 0 0 1 0 0.62670803 0.70710707 0.32747003 0.62670803 0.70710707 0.32747003 0.62670803 0.70710707 0.32747003 0.62670803 0.70710707 0.32747003 0.27354708 0.70181525 0.65774417 0.27354708 0.70181525 0.65774417 0.27354708 0.70181525 0.65774417 0.27354708 0.70181525 0.65774417 0.62266904 0.68601906 0.37637904 0.62266904 0.68601906 0.37637904 0.62266904 0.68601906 0.37637904 0.62266904 0.68601906 0.37637904 0.86702085 0.038826693 0.49675688 0.86702085 0.038826693 0.49675688 0.86702085 0.038826693 0.49675688 0.86702085 0.038826693 0.49675688 0.34482503 0.031236704 0.9381471 0.34482503 0.031236704 0.9381471 0.34482503 0.031236704 0.9381471 0.34482503 0.031236704 0.9381471 0.8862998 1.7364996E-06 0.46311188 0.8862998 1.7364996E-06 0.46311188 0.8862998 1.7364996E-06 0.46311188 0.8862998 1.7364996E-06 0.46311188 0 1 0 0 1 0 0 1 0 0 1 0 0 1 0 0 1 0 0 1 0 0 1 0 0 1 0 0 1 0 0 1 0 0 1 0 0 1 0 0 1 0 0 1 0 0 1 0 0 1 0 0 1 0 0 1 0 0 1 0 0 1 0 0 1 0 0 1 0 0 1 0 0 1 0 0 1 0 0 1 0 0 1 0 0 1 0 0 1 0 0 1 0 0 1 0 0 1 0 0 1 0 0 1 0 0 1 0 0 1 0 0 1 0 0 1 0 0 1 0 0 1 0 0 1 0 0 1 0 0 1 0 0 1 0 0 1 0 0.25882694 0 0.9659238 0.25882694 0 0.9659238 0.25882694 0 0.9659238 0.25882694 0 0.9659238 -0.50525624 0 0.8629694 -0.50525624 0 0.8629694 -0.50525624 0 0.8629694 -0.50525624 0 0.8629694 -0.9659261 0 0.25881803 -0.9659261 0 0.25881803 -0.9659261 0 0.25881803 -0.9659261 0 0.25881803 -0.8629697 0 -0.5052558 -0.8629697 0 -0.5052558 -0.8629697 0 -0.5052558 -0.8629697 0 -0.5052558 -0.2588211 1.5848705E-06 -0.9659253 -0.2588211 1.5848705E-06 -0.9659253 -0.2588211 1.5848705E-06 -0.9659253 -0.2588211 1.5848705E-06 -0.9659253 0.49626312 0 -0.86817217 0.49626312 0 -0.86817217 0.49626312 0 -0.86817217 0.49626312 0 -0.86817217 0.96480155 0 -0.26297888 0.96480155 0 -0.26297888 0.96480155 0 -0.26297888 0.96480155 0 -0.26297888 0.86817217 0 0.49626312 0.86817217 0 0.49626312 0.86817217 0 0.49626312 0.86817217 0 0.49626312 0.17423601 -0.7490181 0.63922906 0.17423601 -0.7490181 0.63922906 0.17423601 -0.7490181 0.63922906 0.17423601 -0.7490181 0.63922906 -0.32879904 -0.7490181 0.57520705 -0.32879904 -0.7490181 0.57520705 -0.32879904 -0.7490181 0.57520705 -0.32879904 -0.7490181 0.57520705 -0.63922906 -0.7490181 0.17423601 -0.63922906 -0.7490181 0.17423601 -0.63922906 -0.7490181 0.17423601 -0.63922906 -0.7490181 0.17423601 -0.57520705 -0.7490181 -0.32879904 -0.57520705 -0.7490181 -0.32879904 -0.57520705 -0.7490181 -0.32879904 -0.57520705 -0.7490181 -0.32879904 -0.17423698 -0.74901795 -0.63922894 -0.17423698 -0.74901795 -0.63922894 -0.17423698 -0.74901795 -0.63922894 -0.17423698 -0.74901795 -0.63922894 0.32879904 -0.7490181 -0.57520705 0.32879904 -0.7490181 -0.57520705 0.32879904 -0.7490181 -0.57520705 0.32879904 -0.7490181 -0.57520705 0.63922906 -0.7490181 -0.17423601 0.63922906 -0.7490181 -0.17423601 0.63922906 -0.7490181 -0.17423601 0.63922906 -0.7490181 -0.17423601 0.57520705 -0.7490181 0.32879904 0.57520705 -0.7490181 0.32879904 0.57520705 -0.7490181 0.32879904 0.57520705 -0.7490181 0.32879904 -0.18725802 -0.70211303 -0.68700206 -0.18725802 -0.70211303 -0.68700206 -0.18725802 -0.70211303 -0.68700206 -0.18725802 -0.70211303 -0.68700206 0.35375813 -0.70664924 -0.61278224 0.35375813 -0.70664924 -0.61278224 0.35375813 -0.70664924 -0.61278224 0.35375813 -0.70664924 -0.61278224 0.68700206 -0.70211303 -0.18725802 0.68700206 -0.70211303 -0.18725802 0.68700206 -0.70211303 -0.18725802 0.68700206 -0.70211303 -0.18725802 0.618196 -0.702112 0.353373 0.618196 -0.702112 0.353373 0.618196 -0.702112 0.353373 0.618196 -0.702112 0.353373 0.18059002 -0.70710605 0.68365806 0.18059002 -0.70710605 0.68365806 0.18059002 -0.70710605 0.68365806 0.18059002 -0.70710605 0.68365806 -0.35375878 -0.7066486 0.61278266 -0.35375878 -0.7066486 0.61278266 -0.35375878 -0.7066486 0.61278266 -0.35375878 -0.7066486 0.61278266 -0.68700206 -0.70211303 0.18725802 -0.68700206 -0.70211303 0.18725802 -0.68700206 -0.70211303 0.18725802 -0.68700206 -0.70211303 0.18725802 -0.618196 -0.702112 -0.353373 -0.618196 -0.702112 -0.353373 -0.618196 -0.702112 -0.353373 -0.618196 -0.702112 -0.353373 0.18079694 0.72618777 0.6632978 0.18079694 0.72618777 0.6632978 0.18079694 0.72618777 0.6632978 0.18079694 0.72618777 0.6632978 -0.34117904 0.72618806 0.59686506 -0.34117904 0.72618806 0.59686506 -0.34117904 0.72618806 0.59686506 -0.34117904 0.72618806 0.59686506 -0.6632978 0.72618777 0.18079694 -0.6632978 0.72618777 0.18079694 -0.6632978 0.72618777 0.18079694 -0.6632978 0.72618777 0.18079694 -0.5968639 0.72618896 -0.34117898 -0.5968639 0.72618896 -0.34117898 -0.5968639 0.72618896 -0.34117898 -0.5968639 0.72618896 -0.34117898 -0.18079609 0.72618735 -0.6632983 -0.18079609 0.72618735 -0.6632983 -0.18079609 0.72618735 -0.6632983 -0.18079609 0.72618735 -0.6632983 0.3411802 0.7261864 -0.59686637 0.3411802 0.7261864 -0.59686637 0.3411802 0.7261864 -0.59686637 0.3411802 0.7261864 -0.59686637 0.6632988 0.72618675 -0.18079694 0.6632988 0.72618675 -0.18079694 0.6632988 0.72618675 -0.18079694 0.6632988 0.72618675 -0.18079694 0.59686506 0.72618806 0.34117904 0.59686506 0.72618806 0.34117904 0.59686506 0.72618806 0.34117904 0.59686506 0.72618806 0.34117904 -0.2588211 1.5848705E-06 -0.9659253 -0.2588211 1.5848705E-06 -0.9659253 -0.2588211 1.5848705E-06 -0.9659253 -0.2588211 1.5848705E-06 -0.9659253 0.49626312 0 -0.86817217 0.49626312 0 -0.86817217 0.49626312 0 -0.86817217 0.49626312 0 -0.86817217 0.96480155 0 -0.26297888 0.96480155 0 -0.26297888 0.96480155 0 -0.26297888 0.96480155 0 -0.26297888 0.86817217 0 0.49626312 0.86817217 0 0.49626312 0.86817217 0 0.49626312 0.86817217 0 0.49626312 0.25882694 0 0.9659238 0.25882694 0 0.9659238 0.25882694 0 0.9659238 0.25882694 0 0.9659238 -0.50525624 0 0.8629694 -0.50525624 0 0.8629694 -0.50525624 0 0.8629694 -0.50525624 0 0.8629694 -0.9659261 0 0.25881803 -0.9659261 0 0.25881803 -0.9659261 0 0.25881803 -0.9659261 0 0.25881803 -0.8629697 0 -0.5052558 -0.8629697 0 -0.5052558 -0.8629697 0 -0.5052558 -0.8629697 0 -0.5052558 0 -1 0 0 -1 0 0 -1 0 0 -1 0 0 -1 0 0.41939905 -0.72349507 0.54832405 0.62948716 -0.67945117 0.3769511 0.41939905 -0.72349507 0.54832405 0.62948716 -0.67945117 0.3769511 0.77668715 -0.62114507 0.104575016 0.77668715 -0.62114507 0.104575016 0.12723999 -0.7993339 0.58726096 0.12723999 -0.7993339 0.58726096 0.23823209 -0.7509033 0.61594623 0.23823209 -0.7509033 0.61594623 0.47490206 -0.76937914 -0.42722806 0.47490206 -0.76937914 -0.42722806 0.5309991 -0.77513415 -0.34235507 0.5309991 -0.77513415 -0.34235507 0.68507814 -0.7082681 -0.17036504 0.68507814 -0.7082681 -0.17036504 -0.6167167 -0.75580966 -0.2200279 -0.49900907 -0.80523515 -0.32029104 -0.6167167 -0.75580966 -0.2200279 -0.49900907 -0.80523515 -0.32029104 -0.3041941 -0.87828624 -0.36888912 -0.3041941 -0.87828624 -0.36888912 -0.61225694 -0.7906589 0 -0.61225694 -0.7906589 0 -0.088693 -0.921361 -0.378454 -0.088693 -0.921361 -0.378454 -0.16046502 -0.90541005 -0.39304402 -0.16046502 -0.90541005 -0.39304402 -0.6648642 -0.7146722 0.21725404 -0.6648642 -0.7146722 0.21725404 -0.6497211 -0.6276771 0.42881703 -0.6497211 -0.6276771 0.42881703 -0.5723719 -0.6199139 0.53674686 -0.5723719 -0.6199139 0.53674686 -0.009876699 0.66138697 0.7499799 -0.009876699 0.66138697 0.7499799 0.211629 0.73784 0.640941 0.211629 0.73784 0.640941 0.38971892 0.7743508 0.49849787 0.38971892 0.7743508 0.49849787 0.5685086 0.7465846 0.3455568 0.5685086 0.7465846 0.3455568 0.686991 0.721124 0.0895744 0.686991 0.721124 0.0895744 -0.7014391 0.71268606 -0.007857931 -0.7014391 0.71268606 -0.007857931 -0.6726656 0.7151716 0.18986988 -0.6726656 0.7151716 0.18986988 -0.60780716 0.6743282 0.4193471 -0.60780716 0.6743282 0.4193471 -0.466685 0.608832 0.641505 -0.466685 0.608832 0.641505 -0.26010308 0.6097862 0.7486702 -0.26010308 0.6097862 0.7486702 0 1 0 0 1 0 0 1 0 0 1 0 0 1 0 0 1 0 0 1 0 0 1 0 0 1 0 0 1 0 0 1 0 0 1 0 0 1 0 0 1 0 0 1 0 0 1 0 0 1 0 0 1 0 0 1 0 0 1 0 0 1 0 0 1 0 0 1 0 0 1 0 0 1 0 0 1 0 0 1 0 0 1 0 0 1 0 0 1 0 0 1 0 0 1 0 0 1 0 0 1 0 0 1 0 0 1 0 0 1 0 0 1 0 0 1 0 0 1 0 0 1 0 0 1 0 0 1 0 0 1 0 0 1 0 0 1 0 0 1 0 0 1 0 0 1 0 0 1 0 0 1 0 0 1 0 0 1 0 0 1 0 0 1 0 0 1 0 0 1 0 0 1 0 0 1 0 0 1 0 0 1 0 0 1 0 0 1 0 0 1 0 0 1 0 0 1 0 0 1 0 0 1 0 0 1 0 0 1 0 0 1 0 0 1 0 0 1 0 0 1 0 0 1 0 0 1 0 0 1 0 0 1 0 0 1 0 0 1 0 0 1 0 0 1 0 0 1 0 0 1 0 0 1 0 0 1 0 0 1 0 0 1 0 0 1 0 0 1 0 0 1 0 0 1 0 0 1 0 0 1 0 0 1 0 0 1 0 0 1 0 0 1 0 0 1 0 0 1 0 0 1 0 0 1 0 0 1 0 0 1 0 0 1 0 0 1 0 0 1 0 0 1 0 0 1 0 0 1 0 0 1 0 0 1 0 0 1 0 0 1 0 0 1 0 0 1 0 0 1 0 0 1 0 0 1 0 0 1 0 0 1 0 0 1 0 0 1 0 0 1 0 0 1 0 0.016050296 0.66757584 0.7443688 0.016050296 0.66757584 0.7443688 0.016050296 0.66757584 0.7443688 0.016050296 0.66757584 0.7443688 -0.51166797 0.70710695 0.48805293 -0.51166797 0.70710695 0.48805293 -0.51166797 0.70710695 0.48805293 -0.51166797 0.70710695 0.48805293 -0.163124 0.703215 0.692011 -0.163124 0.703215 0.692011 -0.163124 0.703215 0.692011 -0.163124 0.703215 0.692011 -0.6699543 0.68937737 0.27553612 -0.6699543 0.68937737 0.27553612 -0.6699543 0.68937737 0.27553612 -0.6699543 0.68937737 0.27553612 -0.46151 0.712333 0.528763 -0.46151 0.712333 0.528763 -0.46151 0.712333 0.528763 -0.46151 0.712333 0.528763 -0.59997797 0.69652796 0.39354193 -0.59997797 0.69652796 0.39354193 -0.59997797 0.69652796 0.39354193 -0.59997797 0.69652796 0.39354193 -0.702197 0.703502 0.109564 -0.702197 0.703502 0.109564 -0.702197 0.703502 0.109564 -0.702197 0.703502 0.109564 -0.6726656 0.7151716 0.18986988 -0.6726656 0.7151716 0.18986988 -0.6726656 0.7151716 0.18986988 -0.6726656 0.7151716 0.18986988 -0.541674 0.707108 -0.454519 -0.541674 0.707108 -0.454519 -0.541674 0.707108 -0.454519 -0.541674 0.707108 -0.454519 0.25147188 0.6141747 -0.7480316 0.25147188 0.6141747 -0.7480316 0.25147188 0.6141747 -0.7480316 0.25147188 0.6141747 -0.7480316 0.6865732 0.6763642 -0.2667371 0.6865732 0.6763642 -0.2667371 0.6865732 0.6763642 -0.2667371 0.6865732 0.6763642 -0.2667371 0.45165208 0.70819813 -0.5426471 0.45165208 0.70819813 -0.5426471 0.45165208 0.70819813 -0.5426471 0.45165208 0.70819813 -0.5426471 0.75772846 0.26400915 -0.59678036 0.75772846 0.26400915 -0.59678036 0.75772846 0.26400915 -0.59678036 0.75772846 0.26400915 -0.59678036 0.91614956 0.39363083 -0.075662464 0.91614956 0.39363083 -0.075662464 0.91614956 0.39363083 -0.075662464 0.91614956 0.39363083 -0.075662464 0.9574304 0.06300693 -0.28170413 0.9554229 0.09077429 -0.28093997 0.9574304 0.06300693 -0.28170413 0.9554229 0.09077429 -0.28093997 -0.5467799 0.7180098 0.4306899 -0.5467799 0.7180098 0.4306899 -0.6099 0.702827 0.366137 -0.6099 0.702827 0.366137 -0.7106013 0.7035223 0.010107005 -0.69143945 0.6948485 0.19773014 -0.7106013 0.7035223 0.010107005 -0.69143945 0.6948485 0.19773014 -0.6801108 0.7080918 -0.18988195 -0.6801108 0.7080918 -0.18988195 -0.5961313 0.70774436 -0.3791112 -0.5961313 0.70774436 -0.3791112 -0.962864 -0.000213172 -0.269987 -0.962864 -0.000213172 -0.269987 -0.99991244 -0.0009771675 0.013197006 -0.99991244 -0.0009771675 0.013197006 -0.9610521 0.00034062404 0.27636704 -0.99991244 -0.0009771675 0.013197006 -0.9610521 0.00034062404 0.27636704 -0.8409236 0 -0.5411538 -0.8409236 0 -0.5411538 -0.79386187 0.00059290597 0.6080979 -0.79386187 0.00059290597 0.6080979 -0.8572649 0.0008163379 0.51487494 -0.8572649 0.0008163379 0.51487494 -0.7660441 0 -0.64278805 -0.7660441 0 -0.64278805 -0.7660441 0 -0.64278805 -0.7660441 0 -0.64278805 0.2877671 -0.00011012204 -0.95770043 0.2877671 -0.00011012204 -0.95770043 0.2877671 -0.00011012204 -0.95770043 0.2877671 -0.00011012204 -0.95770043 0.94506514 -4.1535804E-06 -0.32688203 0.94506514 -4.1535804E-06 -0.32688203 0.94506514 -4.1535804E-06 -0.32688203 0.94506514 -4.1535804E-06 -0.32688203 0.7885403 0.07429223 -0.61047924 0.7885403 0.07429223 -0.61047924 0.7885403 0.07429223 -0.61047924 0.7885403 0.07429223 -0.61047924 0.627004 -5.30632E-05 -0.779016 0.627004 -5.30632E-05 -0.779016 0.627004 -5.30632E-05 -0.779016 0.627004 -5.30632E-05 -0.779016 0.9526742 0.11847103 -0.27995807 0.9526742 0.11847103 -0.27995807 0.9928728 0.04447239 -0.11057097 0.9928728 0.04447239 -0.11057097 0.9928728 0.04447239 -0.11057097 0.9928728 0.04447239 -0.11057097 0.6511912 0.6963792 0.3016721 0.6511912 0.6963792 0.3016721 0.6511912 0.6963792 0.3016721 0.6511912 0.6963792 0.3016721 0.90545 0 0.424453 0.90545 0 0.424453 0.90545 0 0.424453 0.90545 0 0.424453 0.67211306 0.71498007 -0.19252902 0.67211306 0.71498007 -0.19252902 0.67211306 0.71498007 -0.19252902 0.67211306 0.71498007 -0.19252902 0.7344939 0.67856896 0.007932789 0.7344939 0.67856896 0.007932789 0.7344939 0.67856896 0.007932789 0.7344939 0.67856896 0.007932789 1 0 0 1 0 0 1 0 0 1 0 0 0.9600073 0 -0.2799751 0.9600073 0 -0.2799751 0.9600073 0 -0.2799751 0.9600073 0 -0.2799751 0.49090677 0.6936246 0.5271578 0.49090677 0.6936246 0.5271578 0.49090677 0.6936246 0.5271578 0.49090677 0.6936246 0.5271578 0.6757176 0 0.73716056 0.6757176 0 0.73716056 0.6757176 0 0.73716056 0.6757176 0 0.73716056 0.70078135 0.7130294 -0.02223831 0.70078135 0.7130294 -0.02223831 0.70078135 0.7130294 -0.02223831 0.70078135 0.7130294 -0.02223831 0.99922 0 -0.0394902 0.99922 0 -0.0394902 0.99922 0 -0.0394902 0.99922 0 -0.0394902 0.5696449 0.7034279 0.42508096 0.5696449 0.7034279 0.42508096 0.5696449 0.7034279 0.42508096 0.5696449 0.7034279 0.42508096 0.51415724 0.6854013 0.5156232 0.51415724 0.6854013 0.5156232 0.51415724 0.6854013 0.5156232 0.51415724 0.6854013 0.5156232 0.80322915 0 0.5956701 0.80322915 0 0.5956701 0.80322915 0 0.5956701 0.80322915 0 0.5956701 0.7193401 0 0.69465804 0.7193401 0 0.69465804 0.7193401 0 0.69465804 0.7193401 0 0.69465804 0.686162 0.478296 -0.548101 0.686162 0.478296 -0.548101 0.7049628 0.5609498 -0.43400785 0.7049628 0.5609498 -0.43400785 0.677731 0.70743 0.200558 0.677731 0.70743 0.200558 0.70709497 0.70710593 0.0042572594 0.70709497 0.70710593 0.0042572594 0.71197677 0.67269874 -0.20140892 0.71197677 0.67269874 -0.20140892 0.7049628 0.5609498 -0.43400785 0.7049628 0.5609498 -0.43400785 -0.66092503 0.45323905 -0.5981241 -0.66092503 0.45323905 -0.5981241 -0.66092503 0.45323905 -0.5981241 -0.66092503 0.45323905 -0.5981241 1 0 0 0.96801925 0 -0.25087607 1 0 0 0.96801925 0 -0.25087607 0.95894 -0.000219097 0.283609 0.95894 -0.000219097 0.283609 0.7947674 0 -0.6069142 0.7947674 0 -0.6069142 0.86602557 0 -0.49999976 0.86602557 0 -0.49999976 -0.74613816 0 -0.66579115 -0.74613816 0 -0.66579115 -0.74613816 0 -0.66579115 -0.74613816 0 -0.66579115 0.5898319 0.64780784 0.48212388 0.5898319 0.64780784 0.48212388 0.5898319 0.64780784 0.48212388 0.5898319 0.64780784 0.48212388 0.7840163 0 0.62074023 0.7840163 0 0.62074023 0.7840163 0 0.62074023 0.7840163 0 0.62074023 0.10575307 0.6437285 -0.75791156 0.10575307 0.6437285 -0.75791156 0.10575307 0.6437285 -0.75791156 0.10575307 0.6437285 -0.75791156 0.14549303 0 -0.98935926 0.14549303 0 -0.98935926 0.14549303 0 -0.98935926 0.14549303 0 -0.98935926 0.53056604 0.66954607 -0.5198151 0.53056604 0.66954607 -0.5198151 0.53056604 0.66954607 -0.5198151 0.53056604 0.66954607 -0.5198151 0.72898394 0 -0.6845309 0.72898394 0 -0.6845309 0.72898394 0 -0.6845309 0.72898394 0 -0.6845309 -0.08335264 0.6611633 -0.74559736 -0.08335264 0.6611633 -0.74559736 -0.08335264 0.6611633 -0.74559736 -0.08335264 0.6611633 -0.74559736 -0.13150205 0.0017708106 -0.99131435 -0.13150205 0.0017708106 -0.99131435 -0.13150205 0.0017708106 -0.99131435 -0.13150205 0.0017708106 -0.99131435 -0.7421881 0.6512251 0.15831202 -0.7421881 0.6512251 0.15831202 -0.7421881 0.6512251 0.15831202 -0.7421881 0.6512251 0.15831202 -0.9659261 0 0.25881803 -0.9659261 0 0.25881803 -0.9659261 0 0.25881803 -0.9659261 0 0.25881803 -0.63082415 0.6816191 -0.37075105 -0.63082415 0.6816191 -0.37075105 -0.63082415 0.6816191 -0.37075105 -0.63082415 0.6816191 -0.37075105 -0.8629697 0 -0.5052558 -0.8629697 0 -0.5052558 -0.8629697 0 -0.5052558 -0.8629697 0 -0.5052558 -0.3144479 3.317639E-05 -0.9492748 -0.3144479 3.317639E-05 -0.9492748 -0.5877869 0 -0.80901587 -0.5877869 0 -0.80901587 -0.8528383 3.9455314E-05 -0.5221752 -0.8528383 3.9455314E-05 -0.5221752 -0.99402344 1.5977606E-05 -0.10916705 -0.99402344 1.5977606E-05 -0.10916705 -0.9610521 0.00034062404 0.27636704 -0.9610521 0.00034062404 0.27636704 -0.8528383 3.9455314E-05 -0.5221752 -0.8528383 3.9455314E-05 -0.5221752 -0.8367378 1.2666797E-05 0.5476039 -0.8367378 1.2666797E-05 0.5476039 -0.6713333 0.6798893 -0.2950631 -0.6713333 0.6798893 -0.2950631 -0.6713333 0.6798893 -0.2950631 -0.6713333 0.6798893 -0.2950631 -0.7124801 0.6862641 0.14633404 -0.7124801 0.6862641 0.14633404 -0.7124801 0.6862641 0.14633404 -0.7124801 0.6862641 0.14633404 -0.71599436 0.69709533 -0.03755222 -0.71599436 0.69709533 -0.03755222 -0.71599436 0.69709533 -0.03755222 -0.71599436 0.69709533 -0.03755222 -0.5259959 0.66894084 -0.52521086 -0.5259959 0.66894084 -0.52521086 -0.5259959 0.66894084 -0.52521086 -0.5259959 0.66894084 -0.52521086 -0.74215925 0.66966724 -0.027302109 -0.74215925 0.66966724 -0.027302109 -0.74215925 0.66966724 -0.027302109 -0.74215925 0.66966724 -0.027302109 -0.50055707 0.70184207 -0.50681406 -0.50055707 0.70184207 -0.50681406 -0.50055707 0.70184207 -0.50681406 -0.50055707 0.70184207 -0.50681406 -0.570803 0.703223 -0.423865 -0.570803 0.703223 -0.423865 -0.570803 0.703223 -0.423865 -0.570803 0.703223 -0.423865 -0.068266675 0.70710576 -0.7038048 -0.068266675 0.70710576 -0.7038048 -0.068266675 0.70710576 -0.7038048 -0.068266675 0.70710576 -0.7038048 -0.47487876 0.70857567 -0.52192974 -0.47487876 0.70857567 -0.52192974 -0.47487876 0.70857567 -0.52192974 -0.47487876 0.70857567 -0.52192974 0.08653236 0.69269747 0.7160185 0.08653236 0.69269747 0.7160185 0.08653236 0.69269747 0.7160185 0.08653236 0.69269747 0.7160185 0.101331964 0 0.99485266 0.101331964 0 0.99485266 0.101331964 0 0.99485266 0.101331964 0 0.99485266 0.4817078 0.70863676 0.51554984 0.4817078 0.70863676 0.51554984 0.4817078 0.70863676 0.51554984 0.4817078 0.70863676 0.51554984 0.6916949 0 0.72218996 0.6916949 0 0.72218996 0.6916949 0 0.72218996 0.6916949 0 0.72218996 0.17860901 0.70684105 0.68445206 0.17860901 0.70684105 0.68445206 0.17860901 0.70684105 0.68445206 0.17860901 0.70684105 0.68445206 0.25882694 0 0.9659238 0.25882694 0 0.9659238 0.25882694 0 0.9659238 0.25882694 0 0.9659238 0.40775886 0.7070678 0.5777438 0.40775886 0.7070678 0.5777438 0.40775886 0.7070678 0.5777438 0.40775886 0.7070678 0.5777438 0.56783706 0 0.82314104 0.56783706 0 0.82314104 0.56783706 0 0.82314104 0.56783706 0 0.82314104 0.143766 0.700742 0.698779 0.143766 0.700742 0.698779 0.143766 0.700742 0.698779 0.143766 0.700742 0.698779 0.201653 0 0.979457 0.201653 0 0.979457 0.201653 0 0.979457 0.201653 0 0.979457 -0.18504396 0.7067518 -0.68283284 -0.18504396 0.7067518 -0.68283284 -0.18504396 0.7067518 -0.68283284 -0.18504396 0.7067518 -0.68283284 -0.40772894 0.70710695 -0.57771695 -0.40772894 0.70710695 -0.57771695 -0.40772894 0.70710695 -0.57771695 -0.40772894 0.70710695 -0.57771695 -0.14343004 0.70056325 -0.6990272 -0.14343004 0.70056325 -0.6990272 -0.14343004 0.70056325 -0.6990272 -0.14343004 0.70056325 -0.6990272 -0.648475 6.42836E-06 -0.761236 -0.648475 6.42836E-06 -0.761236 -0.2618421 -0.02443501 -0.9648014 -0.2618421 -0.02443501 -0.9648014 -0.38848194 -0.0123256985 -0.9213739 -0.38848194 -0.0123256985 -0.9213739 -0.38848194 -0.0123256985 -0.9213739 -0.38848194 -0.0123256985 -0.9213739 -0.283322 0.702907 -0.652419 -0.457651 0.707474 -0.53855 -0.283322 0.702907 -0.652419 -0.457651 0.707474 -0.53855 -0.20161504 0.7014231 -0.6836351 -0.20161504 0.7014231 -0.6836351 0.5981689 0.7063838 0.37843892 0.5981689 0.7063838 0.37843892 0.19392702 0.71183705 0.6750411 0.19392702 0.71183705 0.6750411 0.28471592 0.71092176 0.64306074 0.28471592 0.71092176 0.64306074 0.4606248 0.71141577 0.53076583 0.4606248 0.71141577 0.53076583 0.64504206 0 0.7641471 0.64504206 0 0.7641471 0.8409236 0 0.5411538 0.8409236 0 0.5411538 0.3943889 0.014837796 0.9188238 0.3943889 0.014837796 0.9188238 0.26110193 0.026776694 0.9649398 0.3943889 0.014837796 0.9188238 0.26110193 0.026776694 0.9649398 0.3943889 0.014837796 0.9188238 -0.310783 0.640794 0.701995 -0.310783 0.640794 0.701995 -0.310783 0.640794 0.701995 -0.310783 0.640794 0.701995 0.17315301 0.51014405 0.8424791 0.17315301 0.51014405 0.8424791 0.17315301 0.51014405 0.8424791 0.17315301 0.51014405 0.8424791 -1 0 0 -1 0 0 -1 0 0 -0.331478 0 0.943463 -0.331478 0 0.943463 -0.331478 0 0.943463 -0.331478 0 0.943463 0.005114198 0.68458974 -0.72891074 0.005114198 0.68458974 -0.72891074 0.23605198 0.70680696 -0.66686094 0.23605198 0.70680696 -0.66686094 0.48382378 0.72936165 -0.48367977 0.48382378 0.72936165 -0.48367977 0.41185606 0.7181011 -0.56098604 0.41185606 0.7181011 -0.56098604 0 0 -1 0 0 -1 0.32953104 0.0011417901 -0.94414407 0.32953104 0.0011417901 -0.94414407 0.70710725 -0.00021152408 -0.70710623 0.70710725 -0.00021152408 -0.70710623 0.58778626 0 -0.8090163 0.58778626 0 -0.8090163 -0.43291095 0.115148984 0.8940519 -0.43291095 0.115148984 0.8940519 -0.43291095 0.115148984 0.8940519 1 0 0 1 0 0 1 0 0 -0.95291036 0.13419904 0.27194208 -0.95291036 0.13419904 0.27194208 -0.95291036 0.13419904 0.27194208 0.045188613 0.69345725 0.71907926 0.045188613 0.69345725 0.71907926 0.045188613 0.69345725 0.71907926 0.045188613 0.69345725 0.71907926 -0.38750717 0.6732283 0.6297633 -0.38750717 0.6732283 0.6297633 -0.38750717 0.6732283 0.6297633 -0.38750717 0.6732283 0.6297633 0.0670153 0 0.997752 0.0670153 0 0.997752 0.0670153 0 0.997752 0.0670153 0 0.997752 -0.52264214 0 0.8525522 -0.52264214 0 0.8525522 -0.52264214 0 0.8525522 -0.52264214 0 0.8525522 -0.67264706 0.69316804 0.25896704 -0.67264706 0.69316804 0.25896704 -0.67264706 0.69316804 0.25896704 -0.67264706 0.69316804 0.25896704 -0.9335284 0.009776214 0.35837016 -0.9335284 0.009776214 0.35837016 -0.9335284 0.009776214 0.35837016 -0.9335284 0.009776214 0.35837016 0.0912737 0.712916 0.695284 0.0912737 0.712916 0.695284 0.0912737 0.712916 0.695284 0.0912737 0.712916 0.695284 0.13597897 0 0.99071175 0.13597897 0 0.99071175 0.13597897 0 0.99071175 0.13597897 0 0.99071175 -0.31169087 0.69263774 0.65046275 -0.31169087 0.69263774 0.65046275 -0.24572498 0.70307094 0.66731596 -0.24572498 0.70307094 0.66731596 -0.37617686 0.6789188 0.63052374 -0.37617686 0.6789188 0.63052374 -0.34649613 0 0.9380514 -0.42705002 0 0.90422803 -0.34649613 0 0.9380514 -0.42705002 0 0.90422803 -0.50525624 0 0.8629694 -0.50525624 0 0.8629694 -0.69143945 0.6948485 0.19773014 -0.69143945 0.6948485 0.19773014 -0.69143945 0.6948485 0.19773014 -0.69143945 0.6948485 0.19773014 -0.26372904 0.69659203 0.66723806 -0.26372904 0.69659203 0.66723806 -0.26372904 0.69659203 0.66723806 -0.26372904 0.69659203 0.66723806 -0.9659261 0 0.25881803 -0.9659261 0 0.25881803 -0.9659261 0 0.25881803 -0.9659261 0 0.25881803 -0.5467799 0.7180098 0.4306899 -0.5467799 0.7180098 0.4306899 -0.5908289 0.70733184 0.38807592 -0.5908289 0.70733184 0.38807592 -0.63440895 0.6900119 0.34843796 -0.63440895 0.6900119 0.34843796 -0.8367378 1.2666797E-05 0.5476039 -0.78461903 -0.00040023902 0.6199781 -0.8367378 1.2666797E-05 0.5476039 -0.78461903 -0.00040023902 0.6199781 -0.8738292 0 0.4862331 -0.8738292 0 0.4862331 -0.40772894 0.70710695 -0.57771695 -0.40772894 0.70710695 -0.57771695 -0.40772894 0.70710695 -0.57771695 -0.40772894 0.70710695 -0.57771695 -0.55019695 0 -0.8350349 -0.55019695 0 -0.8350349 -0.55019695 0 -0.8350349 -0.55019695 0 -0.8350349 0.64414394 0.6516969 -0.40046194 0.64414394 0.6516969 -0.40046194 0.6690313 0.6824703 -0.29433212 0.6690313 0.6824703 -0.29433212 0.9149345 8.609106E-06 -0.40360224 0.8422372 0 -0.53910714 0.9149345 8.609106E-06 -0.40360224 0.8422372 0 -0.53910714 0.70135796 0.7080749 -0.082017995 0.70135796 0.7080749 -0.082017995 0.6579688 0.7070458 0.25915894 0.6579688 0.7070458 0.25915894 0.69932693 0.70672196 0.10717299 0.69932693 0.70672196 0.10717299 0.93082786 0.00036614697 0.36545798 0.93082786 0.00036614697 0.36545798 0.98856777 2.7349193E-05 0.15077697 0.98856777 2.7349193E-05 0.15077697 0.9931855 2.7111888E-05 -0.11654395 0.9149345 8.609106E-06 -0.40360224 0.9931855 2.7111888E-05 -0.11654395 0.9149345 8.609106E-06 -0.40360224 0.9931855 2.7111888E-05 -0.11654395 0.64875126 0.73433924 -0.19966908 0.6175061 0.73307705 -0.28510404 0.64875126 0.73433924 -0.19966908 0.6175061 0.73307705 -0.28510404 0.47621495 0.5819169 0.65923595 0.47621495 0.5819169 0.65923595 0.47621495 0.5819169 0.65923595 0.47621495 0.5819169 0.65923595 0.6270046 -5.3063166E-05 0.77901554 0.6270046 -5.3063166E-05 0.77901554 0.6270046 -5.3063166E-05 0.77901554 0.6270046 -5.3063166E-05 0.77901554 -0.71451205 0.57382405 0.40024805 -0.71451205 0.57382405 0.40024805 -0.70952034 0.6451493 0.28348416 -0.70952034 0.6451493 0.28348416 -0.65697175 0.70984674 -0.25397992 -0.65697175 0.70984674 -0.25397992 -0.70015454 0.70710754 -0.09890717 -0.70015454 0.70710754 -0.09890717 -0.7031733 0.7071063 0.07448513 -0.7031733 0.7071063 0.07448513 -0.9901672 0 -0.13988903 -0.9944365 1.7958091E-06 0.10533795 -0.9901672 0 -0.13988903 -0.9944365 1.7958091E-06 0.10533795 -0.93163586 0.0013257599 -0.36339098 -0.93163586 0.0013257599 -0.36339098 -0.93855274 0 0.3451359 -0.890007 0 0.455947 -0.93855274 0 0.3451359 -0.890007 0 0.455947 0.9559993 0 -0.29336908 1 0 0 0.9559993 0 -0.29336908 1 0 0 0.6938318 0.7201358 0.0013760197 0.6938318 0.7201358 0.0013760197 0.672555 0.706197 0.221259 0.672555 0.706197 0.221259 0.57558703 0.70693505 0.41102606 0.57558703 0.70693505 0.41102606 0.343475 0.716287 0.607419 0.343475 0.716287 0.607419 0.42985794 0.7136219 0.55314195 0.42985794 0.7136219 0.55314195 0.9510569 0 0.30901596 0.9510569 0 0.30901596 0.50524 -0.00318735 0.862973 0.50524 -0.00318735 0.862973 0.6270046 -5.3063166E-05 0.77901554 0.6270046 -5.3063166E-05 0.77901554 0.81391627 -6.865672E-05 0.5809822 0.81391627 -6.865672E-05 0.5809822 -0.71384406 0.69174606 -0.10915101 -0.71384406 0.69174606 -0.10915101 -0.6953613 0.7034763 -0.14694805 -0.6953613 0.7034763 -0.14694805 -0.6801108 0.7080918 -0.18988195 -0.6801108 0.7080918 -0.18988195 -0.97731304 0 -0.21180001 -0.98764473 0 -0.15670995 -0.97731304 0 -0.21180001 -0.98764473 0 -0.15670995 -0.962864 -0.000213172 -0.269987 -0.962864 -0.000213172 -0.269987 -0.6628411 0.70909506 0.24047004 -0.6628411 0.70909506 0.24047004 -0.6726283 0.70765835 0.21631211 -0.6726283 0.70765835 0.21631211 -0.6726656 0.7151716 0.18986988 -0.6726656 0.7151716 0.18986988 -0.9510569 0 0.30901596 -0.93855274 0 0.3451359 -0.9510569 0 0.30901596 -0.93855274 0 0.3451359 -0.9610521 0.00034062404 0.27636704 -0.9610521 0.00034062404 0.27636704 -0.6801108 0.7080918 -0.18988195 -0.6801108 0.7080918 -0.18988195 -0.66977805 0.70510405 -0.23286404 -0.66977805 0.70510405 -0.23286404 -0.65369517 0.70462716 -0.27601305 -0.65369517 0.70462716 -0.27601305 -0.9443822 0 -0.32885006 -0.962864 -0.000213172 -0.269987 -0.9443822 0 -0.32885006 -0.962864 -0.000213172 -0.269987 -0.92137533 -9.820383E-05 -0.38867414 -0.92137533 -9.820383E-05 -0.38867414 0.32361415 0.70760334 -0.6281493 0.32361415 0.70760334 -0.6281493 0.32361415 0.70760334 -0.6281493 0.32361415 0.70760334 -0.6281493 -0.037031207 0.7087202 -0.7045172 -0.037031207 0.7087202 -0.7045172 -0.037031207 0.7087202 -0.7045172 -0.037031207 0.7087202 -0.7045172 0.37548405 0.69756407 -0.61025906 0.37548405 0.69756407 -0.61025906 0.37548405 0.69756407 -0.61025906 0.37548405 0.69756407 -0.61025906 0.661347 0.707107 -0.25024 0.661347 0.707107 -0.25024 0.661347 0.707107 -0.25024 0.661347 0.707107 -0.25024 0.30976996 0.70269996 -0.64051193 0.24613214 0.70260036 -0.66766137 0.30976996 0.70269996 -0.64051193 0.24613214 0.70260036 -0.66766137 0.37548405 0.69756407 -0.61025906 0.37548405 0.69756407 -0.61025906 -0.068266675 0.70710576 -0.7038048 -0.068266675 0.70710576 -0.7038048 -0.068266675 0.70710576 -0.7038048 -0.068266675 0.70710576 -0.7038048 0.6999359 0.67655796 -0.22882096 0.6999359 0.67655796 -0.22882096 0.6999359 0.67655796 -0.22882096 0.6999359 0.67655796 -0.22882096 0.32674396 0.67607695 -0.6604229 0.32674396 0.67607695 -0.6604229 0.32674396 0.67607695 -0.6604229 0.32674396 0.67607695 -0.6604229 0.60430706 0.69381905 -0.39169905 0.62803835 0.7026304 -0.33448222 0.60430706 0.69381905 -0.39169905 0.62803835 0.7026304 -0.33448222 0.5782098 0.68229175 -0.44738284 0.5782098 0.68229175 -0.44738284 0.7048532 0.69654816 0.13417403 0.7069651 0.68681103 0.16879301 0.7048532 0.69654816 0.13417403 0.7069651 0.68681103 0.16879301 0.69932693 0.70672196 0.10717299 0.69932693 0.70672196 0.10717299 0.684277 0.699475 -0.206155 0.6848318 0.69237185 -0.22721495 0.684277 0.699475 -0.206155 0.6848318 0.69237185 -0.22721495 0.68338305 0.7062331 -0.18499301 0.68338305 0.7062331 -0.18499301 0.640479 0.721909 0.261981 0.640479 0.721909 0.261981 0.65383595 0.72215796 0.22580197 0.65383595 0.72215796 0.22580197 0.6662212 0.7213322 0.18928604 0.6662212 0.7213322 0.18928604 0.48669994 0.67196095 0.55820394 0.48669994 0.67196095 0.55820394 0.48669994 0.67196095 0.55820394 0.48669994 0.67196095 0.55820394 0.7351614 0.67085934 0.09739325 0.7351614 0.67085934 0.09739325 0.7351614 0.67085934 0.09739325 0.7351614 0.67085934 0.09739325 0.5156694 0.69658554 0.4988524 0.5156694 0.69658554 0.4988524 0.5156694 0.69658554 0.4988524 0.5156694 0.69658554 0.4988524 0.2372341 0.7071933 0.6660313 0.2372341 0.7071933 0.6660313 0.2372341 0.7071933 0.6660313 0.2372341 0.7071933 0.6660313 0.5156694 0.69658554 0.4988524 0.5156694 0.69658554 0.4988524 0.5156694 0.69658554 0.4988524 0.5156694 0.69658554 0.4988524 0.07196473 0.70402527 0.7065193 0.022369701 0.7031081 0.7107311 0.07196473 0.70402527 0.7065193 0.022369701 0.7031081 0.7107311 0.12138104 0.70319825 0.7005562 0.12138104 0.70319825 0.7005562 -0.409939 0.71765 -0.562964 -0.409939 0.71765 -0.562964 -0.409939 0.71765 -0.562964 -0.409939 0.71765 -0.562964 -0.5877869 0 -0.80901587 -0.5877869 0 -0.80901587 -0.5877869 0 -0.80901587 -0.5877869 0 -0.80901587 -0.71768856 0.6933436 -0.06479036 -0.71768856 0.6933436 -0.06479036 -0.71768856 0.6933436 -0.06479036 -0.71768856 0.6933436 -0.06479036 -0.9966495 0 -0.08179144 -0.9966495 0 -0.08179144 -0.9966495 0 -0.08179144 -0.9966495 0 -0.08179144 -0.5247868 0.6821747 -0.50915277 -0.5247868 0.6821747 -0.50915277 -0.5247868 0.6821747 -0.50915277 -0.5247868 0.6821747 -0.50915277 -0.70710677 -0.00021152393 -0.70710677 -0.70710677 -0.00021152393 -0.70710677 -0.70710677 -0.00021152393 -0.70710677 -0.70710677 -0.00021152393 -0.70710677 -0.23725103 0.70706904 -0.66615707 -0.23725103 0.70706904 -0.66615707 -0.23725103 0.70706904 -0.66615707 -0.23725103 0.70706904 -0.66615707 -0.33549413 0 -0.94204235 -0.33549413 0 -0.94204235 -0.33549413 0 -0.94204235 -0.33549413 0 -0.94204235 -0.521397 0.693882 -0.496662 -0.521397 0.693882 -0.496662 -0.521397 0.693882 -0.496662 -0.521397 0.693882 -0.496662 -0.72898394 0 -0.6845309 -0.72898394 0 -0.6845309 -0.72898394 0 -0.6845309 -0.72898394 0 -0.6845309 -0.17897494 0.64232373 -0.7452438 -0.17897494 0.64232373 -0.7452438 -0.17897494 0.64232373 -0.7452438 -0.17897494 0.64232373 -0.7452438 -0.20087998 0 -0.97961587 -0.20087998 0 -0.97961587 -0.20087998 0 -0.97961587 -0.20087998 0 -0.97961587 0.68338305 0.7062331 -0.18499301 0.68338305 0.7062331 -0.18499301 0.68338305 0.7062331 -0.18499301 0.68338305 0.7062331 -0.18499301 0.96801925 0 -0.25087607 0.96801925 0 -0.25087607 0.96801925 0 -0.25087607 0.96801925 0 -0.25087607 0.5981689 0.7063838 0.37843892 0.49824217 0.69740224 0.5151552 0.5981689 0.7063838 0.37843892 0.49824217 0.69740224 0.5151552 0.28471592 0.71092176 0.64306074 0.28471592 0.71092176 0.64306074 0.3679959 0.69597775 0.6165988 0.3679959 0.69597775 0.6165988 0.8409236 0 0.5411538 0.8409236 0 0.5411538 0.4274159 -0.0033952694 0.90404874 0.4274159 -0.0033952694 0.90404874 0.5179461 -0.0018637704 0.8554112 0.5179461 -0.0018637704 0.8554112 0.6916949 0 0.72218996 0.6916949 0 0.72218996 0.5179461 -0.0018637704 0.8554112 0.5179461 -0.0018637704 0.8554112 -0.580959 0.714757 -0.38937 -0.580959 0.714757 -0.38937 -0.31483492 0.6845498 -0.65747285 -0.31483492 0.6845498 -0.65747285 -0.37331697 0.69890094 -0.61005896 -0.37331697 0.69890094 -0.61005896 -0.48281524 0.71344733 -0.50782126 -0.48281524 0.71344733 -0.50782126 -0.52849275 0.0006166717 -0.8489376 -0.69169533 0 -0.72218937 -0.52849275 0.0006166717 -0.8489376 -0.69169533 0 -0.72218937 -0.43893287 -0.0005912618 -0.8985197 -0.43893287 -0.0005912618 -0.8985197 -0.52849275 0.0006166717 -0.8489376 -0.52849275 0.0006166717 -0.8489376 -0.8308462 0 -0.5565021 -0.8308462 0 -0.5565021 0.68338305 0.7062331 -0.18499301 0.68338305 0.7062331 -0.18499301 0.68338305 0.7062331 -0.18499301 0.68338305 0.7062331 -0.18499301 0.96801925 0 -0.25087607 0.96801925 0 -0.25087607 0.96801925 0 -0.25087607 0.96801925 0 -0.25087607 -0.25205913 0.70709336 -0.6606703 -0.25205913 0.70709336 -0.6606703 -0.0237115 0.706931 -0.706885 -0.0237115 0.706931 -0.706885 -0.570803 0.703223 -0.423865 -0.43701008 0.70600516 -0.5572961 -0.570803 0.703223 -0.423865 -0.43701008 0.70600516 -0.5572961 -0.66977805 0.70510405 -0.23286404 -0.66977805 0.70510405 -0.23286404 -0.35940906 0.000109462024 -0.93318015 -0.627004 -5.30632E-05 -0.779016 -0.35940906 0.000109462024 -0.93318015 -0.627004 -5.30632E-05 -0.779016 -0.808842 0 -0.588026 -0.808842 0 -0.588026 -0.9443822 0 -0.32885006 -0.9443822 0 -0.32885006 -1 0 0 -1 0 0 -0.35940906 0.000109462024 -0.93318015 -0.033297013 -0.00042866118 -0.99944544 -0.35940906 0.000109462024 -0.93318015 -0.033297013 -0.00042866118 -0.99944544 0.68338305 0.7062331 -0.18499301 0.68338305 0.7062331 -0.18499301 0.59629714 0.7063531 -0.38143805 0.59629714 0.7063531 -0.38143805 0.46238118 0.7042193 -0.53877527 0.46238118 0.7042193 -0.53877527 0.18126301 0.7039441 -0.68673605 0.18126301 0.7039441 -0.68673605 0.32361415 0.70760334 -0.6281493 0.32361415 0.70760334 -0.6281493 -0.32451892 0.7001388 0.63599783 -0.32451892 0.7001388 0.63599783 -0.32451892 0.7001388 0.63599783 -0.32451892 0.7001388 0.63599783 -0.0604411 0.694906 0.716556 -0.0604411 0.694906 0.716556 -0.0604411 0.694906 0.716556 -0.0604411 0.694906 0.716556 -0.639346 0.652893 0.406162 -0.639346 0.652893 0.406162 -0.639346 0.652893 0.406162 -0.639346 0.652893 0.406162 0 1 0 0 1 0 0 1 0 0 1 0 0 1 0 0 1 0 0 1 0 0 1 0 0 1 0 0 1 0 0 1 0 0 1 0 0 1 0 0 1 0 0 1 0 0 1 0 0 1 0 -0.34649613 0 0.9380514 -0.34649613 0 0.9380514 -0.34649613 0 0.9380514 -0.34649613 0 0.9380514 0 1 0 0 1 0 0 1 0 0 1 0 0 1 0 0 1 0 0 1 0 -0.7410271 5.445341E-06 0.6714751 -0.7410271 5.445341E-06 0.6714751 -0.36661905 -0.00018239603 0.93037117 -0.36661905 -0.00018239603 0.93037117 -0.441283 0 0.897368 -0.441283 0 0.897368 -0.27528587 0.6104097 0.74270964 -0.3448478 0.61981666 0.7049166 -0.27528587 0.6104097 0.74270964 -0.3448478 0.61981666 0.7049166 -0.7696344 0.43315023 -0.46908823 -0.89566725 0.43328208 -0.100234024 -0.7696344 0.43315023 -0.46908823 -0.89566725 0.43328208 -0.100234024 -0.25518602 0.5900841 -0.76595104 -0.52268815 0.48731318 -0.69951624 -0.25518602 0.5900841 -0.76595104 -0.52268815 0.48731318 -0.69951624 -0.52268815 0.48731318 -0.69951624 -0.7696344 0.43315023 -0.46908823 -0.52268815 0.48731318 -0.69951624 -0.7696344 0.43315023 -0.46908823 -0.84761935 0.4757362 0.2349821 -0.7087699 0.53728294 0.45713493 -0.84761935 0.4757362 0.2349821 -0.7087699 0.53728294 0.45713493 -0.84761935 0.4757362 0.2349821 -0.84761935 0.4757362 0.2349821 -0.61649114 0.56293213 0.5504961 -0.61649114 0.56293213 0.5504961 0 1 0 0 1 0 0 1 0 0 1 0 0.9149345 8.609106E-06 -0.40360224 0.9149345 8.609106E-06 -0.40360224 0 1 0 0 1 0 -0.412217 0.625284 0.662644 -0.412217 0.625284 0.662644 -0.50525624 0 0.8629694 -0.50525624 0 0.8629694 0 1 0 0 1 0 0 1 0 0 1 0 0 1 0 0 1 0 0 1 0 0 1 0 0 1 0 0 1 0 0 1 0 0 1 0 0 1 0 0 1 0 0 1 0 0 1 0 0 1 0 0 1 0 0 1 0 0 1 0 0 1 0 0 1 0 -0.27357587 0.33986184 0.8998056 -0.27357587 0.33986184 0.8998056 -0.27357587 0.33986184 0.8998056 -0.27357587 0.33986184 0.8998056 0 1 0 0 1 0 0 1 0 0 0 1 0.3354929 0 0.94204277 0 0 1 0.3354929 0 0.94204277 0.6270046 -5.3063166E-05 0.77901554 0.6270046 -5.3063166E-05 0.77901554 0.8409236 0 0.5411538 0.8409236 0 0.5411538 0.8409236 0 0.5411538 0.990508 3.66927E-06 0.137455 0.8409236 0 0.5411538 0.990508 3.66927E-06 0.137455 -0.9659261 0 0.25881803 -0.9659261 0 0.25881803 -0.8367378 1.2666797E-05 0.5476039 -0.8367378 1.2666797E-05 0.5476039 -0.58778626 0 0.8090163 -0.58778626 0 0.8090163 -0.331478 0 0.943463 -0.331478 0 0.943463 -0.58778626 0 0.8090163 -0.58778626 0 0.8090163 0.96801925 0 -0.25087607 0.8422372 0 -0.53910714 0.96801925 0 -0.25087607 0.8422372 0 -0.53910714 0.8422372 0 -0.53910714 0.6521742 0 -0.75806916 0.8422372 0 -0.53910714 0.6521742 0 -0.75806916 0.25394705 0 -0.96721816 0.25394705 0 -0.96721816 0.4472132 0 -0.8944274 0.4472132 0 -0.8944274 0 -1 0 0.04842528 -0.99802166 -0.040096186 0.04842528 -0.99802166 -0.040096186 0.04842528 -0.99802166 -0.040096186 0.04842528 -0.99802166 -0.040096186 -0.021625593 -0.99960166 -0.018134495 -0.021625593 -0.99960166 -0.018134495 -0.021625593 -0.99960166 -0.018134495 -0.021625593 -0.99960166 -0.018134495 0.22466408 -0.97405535 -0.027244909 0.22466408 -0.97405535 -0.027244909 0.22466408 -0.97405535 -0.027244909 0.22466408 -0.97405535 -0.027244909 0 -1 0 0.011427399 -0.9999339 0.0013113199 0 -1 0 0.011427399 -0.9999339 0.0013113199 0 -1 0 0 -1 0 0 -1 0 0 -1 0 0 -1 0 0 -1 0 0.011427399 -0.9999339 0.0013113199 0.0012515399 -0.9998669 -0.016269399 0.011427399 -0.9999339 0.0013113199 0.0012515399 -0.9998669 -0.016269399 0 -1 0 0 -1 0 0.45018595 -0.6885489 0.5685359 0.45018595 -0.6885489 0.5685359 0.45018595 -0.6885489 0.5685359 0.45018595 -0.6885489 0.5685359 -0.30174005 -0.95325226 0.016222104 -0.30174005 -0.95325226 0.016222104 -0.30174005 -0.95325226 0.016222104 -0.30174005 -0.95325226 0.016222104 -0.021625593 -0.99960166 -0.018134495 -0.026115915 -0.9996585 -0.00091728446 -0.021625593 -0.99960166 -0.018134495 -0.026115915 -0.9996585 -0.00091728446 -0.026115915 -0.9996585 -0.00091728446 -0.026115915 -0.9996585 -0.00091728446 -0.025812794 -0.9996248 0.009161028 -0.025812794 -0.9996248 0.009161028 -0.025812794 -0.9996248 0.009161028 -0.025812794 -0.9996248 0.009161028 -0.025812794 -0.9996248 0.009161028 -0.025812794 -0.9996248 0.009161028 -0.33946902 -0.9121691 -0.22958302 -0.33946902 -0.9121691 -0.22958302 -0.33946902 -0.9121691 -0.22958302 -0.33946902 -0.9121691 -0.22958302 -0.021625593 -0.99960166 -0.018134495 -0.05295971 -0.99828815 -0.024821304 -0.021625593 -0.99960166 -0.018134495 -0.05295971 -0.99828815 -0.024821304 0 -1 0 0 -1 0 0 -1 0 0 -1 0 0 -1 0 0 -1 0 -0.0388223 -0.99915 -0.0138615 -0.0388223 -0.99915 -0.0138615 -0.07399192 -0.99658024 -0.036784507 -0.07399192 -0.99658024 -0.036784507 -0.021625593 -0.99960166 -0.018134495 -0.021625593 -0.99960166 -0.018134495 -0.021625593 -0.99960166 -0.018134495 -0.021625593 -0.99960166 -0.018134495 0.49824217 0.69740224 0.5151552 0.49824217 0.69740224 0.5151552 0.49824217 0.69740224 0.5151552 0.49824217 0.69740224 0.5151552 0 1 0 0 1 0 0 1 0 0 1 0 -0.5071298 0.7070686 -0.49282175 -0.5071298 0.7070686 -0.49282175 -0.5071298 0.7070686 -0.49282175 -0.5071298 0.7070686 -0.49282175 -0.7024874 0.015218609 -0.7115334 -0.7024874 0.015218609 -0.7115334 -0.7024874 0.015218609 -0.7115334 -0.7024874 0.015218609 -0.7115334 0.70710725 -0.00021152408 0.70710623 0.70710725 -0.00021152408 0.70710623 0.70710725 -0.00021152408 0.70710623 0.70710725 -0.00021152408 0.70710623</float_array>
					<technique_common>
						<accessor source="#_0_Normal_array_id" count="3600" stride="3">
							<param name="X" type="float" />
							<param name="Y" type="float" />
							<param name="Z" type="float" />
						</accessor>
					</technique_common>
				</source>
				<source id="_0_TexCoord0_id" name="_0_TexCoord0">
					<float_array id="_0_TexCoord0_array_id" count="7200">0.94222 0.0854354 0.942048 0.085654 0.941865 0.0850449 0.942233 0.0841919 0.941865 0.0850449 0.942123 0.0837541 0.942233 0.0841919 0.963888 0.0584982 0.965167 0.0580547 0.963663 0.0589436 0.964656 0.0584335 0.962534 0.0586822 0.963888 0.0584982 0.962709 0.0591415 0.963663 0.0589436 0.961183 0.058596 0.962534 0.0586822 0.961771 0.0592979 0.962709 0.0591415 0.960059 0.0588461 0.960154 0.0577156 0.961771 0.0592979 0.961183 0.058596 0.960059 0.0588461 0.959647 0.0577855 0.960154 0.0577156 0.965167 0.0580547 0.964075 0.0595568 0.964656 0.0584335 0.963823 0.0592912 0.9489 0.0758295 0.949286 0.0758295 0.948694 0.0769215 0.948888 0.0769215 0.963823 0.0592912 0.964075 0.0595568 0.962832 0.0596366 0.962899 0.0599297 0.962899 0.0599297 0.961723 0.0603026 0.962832 0.0596366 0.961738 0.0598794 0.948888 0.0769215 0.948886 0.0780975 0.948694 0.0769215 0.94859 0.0780975 0.948884 0.0792735 0.948487 0.0792735 0.948884 0.0792735 0.9489 0.0805642 0.948487 0.0792735 0.948487 0.0805642 0.960348 0.0596548 0.961738 0.0598794 0.960432 0.0600445 0.961723 0.0603026 0.960432 0.0600445 0.960261 0.0596537 0.960348 0.0596548 0.960261 0.0596537 0.959991 0.0588997 0.960348 0.0596548 0.960059 0.0588461 0.960261 0.0596537 0.960432 0.0600445 0.959662 0.0596459 0.95952 0.0602957 0.958807 0.0581334 0.960059 0.0588461 0.958839 0.0582064 0.959991 0.0588997 0.956943 0.0578847 0.956937 0.0573209 0.958229 0.0577933 0.957258 0.0592388 0.958849 0.0589547 0.956689 0.0589515 0.956348 0.0579321 0.959991 0.0588997 0.960261 0.0596537 0.958839 0.0582064 0.959662 0.0596459 0.956355 0.0578092 0.95687 0.0578291 0.956348 0.0579321 0.956943 0.0578847 0.955347 0.0577979 0.955369 0.0576757 0.956348 0.0579321 0.956355 0.0578092 0.954042 0.0567928 0.955369 0.0576757 0.955347 0.0577979 0.955347 0.0577979 0.956348 0.0579321 0.955879 0.0586253 0.956689 0.0589515 0.955255 0.0583808 0.954042 0.0567928 0.949186 0.0756411 0.949186 0.074053 0.950922 0.0756411 0.950765 0.074053 0.954042 0.0567928 0.953474 0.0557191 0.954201 0.0561317 0.953864 0.0553175 0.955369 0.0576757 0.951467 0.0718051 0.951499 0.0728027 0.950715 0.0712342 0.950908 0.0729589 0.954214 0.0539739 0.954726 0.0556986 0.954159 0.055021 0.954322 0.0559026 0.954726 0.0556986 0.955195 0.056573 0.954322 0.0559026 0.958703 0.0584239 0.949186 0.0729794 0.950715 0.0729794 0.961771 0.0592979 0.962709 0.0591415 0.961738 0.0598794 0.962832 0.0596366 0.960348 0.0596548 0.960059 0.0588461 0.963663 0.0589436 0.964656 0.0584335 0.963823 0.0592912 0.962832 0.0596366 0.962709 0.0591415 0.959662 0.0596459 0.958814 0.059034 0.958849 0.0589547 0.959662 0.0596459 0.958553 0.0598437 0.958814 0.059034 0.957258 0.0592388 0.958553 0.0598437 0.959662 0.0596459 0.958582 0.0604173 0.95952 0.0602957 0.9489 0.0811734 0.948487 0.0814762 0.9489 0.0805642 0.948487 0.0805642 0.957132 0.0598863 0.9558 0.0590692 0.957258 0.0592388 0.956689 0.0589515 0.958582 0.0604173 0.958553 0.0598437 0.964957 0.0776774 0.966693 0.0782856 0.964957 0.0786155 0.966693 0.0786155 0.964957 0.0800741 0.964957 0.0786155 0.966693 0.0800741 0.966693 0.0786155 0.964957 0.0813978 0.966693 0.0813978 0.958814 0.059034 0.957258 0.0592388 0.958849 0.0589547 0.95869 0.0583497 0.958703 0.0584239 0.95831 0.0576926 0.958229 0.0577933 0.958229 0.0577933 0.956937 0.0573209 0.95831 0.0576926 0.95685 0.0571585 0.956943 0.0578847 0.95687 0.0578291 0.956937 0.0573209 0.95685 0.0571585 0.938608 0.080748 0.939418 0.0805309 0.938395 0.0813395 0.937984 0.0813395 0.9558 0.0590692 0.955665 0.0585498 0.956689 0.0589515 0.956088 0.0839825 0.956088 0.0857186 0.955569 0.0839825 0.955569 0.0857186 0.937984 0.0830756 0.937984 0.0813395 0.938395 0.0830756 0.938395 0.0813395 0.950715 0.0712342 0.950715 0.0729794 0.950509 0.0717666 0.950302 0.0705795 0.955085 0.0533191 0.954352 0.0537449 0.954237 0.0533191 0.951321 0.0710052 0.950715 0.0712342 0.951197 0.0705795 0.950302 0.0705795 0.958807 0.0581334 0.958077 0.0566479 0.960059 0.0588461 0.955085 0.0533191 0.956086 0.0530006 0.955489 0.0554318 0.956143 0.0554657 0.95685 0.0571585 0.95687 0.0578291 0.95831 0.0576926 0.958077 0.0566479 0.95831 0.0576926 0.958077 0.0566479 0.95869 0.0583497 0.944534 0.0748699 0.94446 0.0769494 0.944073 0.0749692 0.944125 0.0774315 0.944125 0.0774315 0.94446 0.0769494 0.946064 0.0786164 0.946462 0.0778319 0.946924 0.086268 0.947019 0.0844157 0.947089 0.086268 0.947089 0.0844157 0.948045 0.0808145 0.946064 0.0786164 0.947633 0.0797509 0.94814 0.0796841 0.946462 0.0778319 0.938574 0.0853745 0.938212 0.0864381 0.938095 0.0864349 0.923915 0.0859126 0.923679 0.0864196 0.923845 0.0859126 0.923563 0.0864196 0.949186 0.0705795 0.950302 0.0705795 0.949186 0.0717665 0.950509 0.0717666 0.950715 0.0729794 0.949186 0.0729794 0.955898 0.0519547 0.956585 0.0516115 0.956086 0.0530006 0.956548 0.0529014 0.955071 0.0528656 0.956086 0.0530006 0.955085 0.0533191 0.955059 0.0517395 0.955898 0.0519547 0.951197 0.0705795 0.950302 0.0705795 0.951223 0.0697065 0.950405 0.0696431 0.951219 0.0688228 0.950509 0.0686866 0.955085 0.0533191 0.954237 0.0533191 0.955071 0.0528656 0.954043 0.052446 0.954514 0.0516403 0.953893 0.0515624 0.949186 0.0686866 0.950509 0.0686866 0.949186 0.0696434 0.950405 0.0696431 0.950302 0.0705795 0.949186 0.0705795 0.950509 0.0686866 0.949186 0.0686866 0.950405 0.0673502 0.949181 0.0673502 0.954381 0.0511134 0.954514 0.0516403 0.953933 0.0508952 0.953893 0.0515624 0.953721 0.0500898 0.953362 0.0514262 0.954514 0.0516403 0.954381 0.0511134 0.954755 0.0509506 0.955071 0.0528656 0.933804 0.0831598 0.933783 0.0842859 0.93322 0.0823709 0.955111 0.0496102 0.955059 0.0517395 0.954755 0.0509506 0.937228 0.0803966 0.937695 0.081585 0.937257 0.0829255 0.955111 0.0496102 0.95518 0.0484218 0.955549 0.0500502 0.955769 0.0494949 0.955737 0.0503394 0.955769 0.0494949 0.955549 0.0500502 0.956078 0.0503832 0.955737 0.0503394 0.955769 0.0494949 0.95518 0.0484218 0.953933 0.0508952 0.953721 0.0500898 0.954381 0.0511134 0.950405 0.0673502 0.950095 0.0660757 0.950922 0.0656822 0.950095 0.0652732 0.950095 0.0660757 0.949186 0.0660757 0.950095 0.0660757 0.949186 0.0660757 0.950095 0.0652732 0.949186 0.0652732 0.950302 0.0644719 0.950922 0.0656822 0.950095 0.0652732 0.950095 0.0652732 0.949186 0.0652732 0.950302 0.0644719 0.949186 0.0644719 0.950302 0.0644719 0.949186 0.0644719 0.950509 0.06298 0.949186 0.06298 0.956174 0.0471389 0.95518 0.0484218 0.956723 0.0457196 0.955282 0.0472114 0.956594 0.0473016 0.955769 0.0494949 0.957217 0.0469543 0.95783 0.0458715 0.957217 0.0469543 0.955769 0.0494949 0.957217 0.0469543 0.956078 0.0503832 0.941967 0.0768822 0.941734 0.0803426 0.941621 0.0769137 0.956621 0.0508916 0.956133 0.0514189 0.957659 0.04824 0.957281 0.0480239 0.958975 0.0451021 0.963011 0.0444957 0.959483 0.0457231 0.957337 0.0469229 0.957281 0.0480239 0.956133 0.0514189 0.956078 0.0503832 0.959483 0.0457231 0.960124 0.0458298 0.957281 0.0480239 0.957659 0.04824 0.940889 0.0751835 0.940889 0.0742155 0.941272 0.0758308 0.942073 0.0750614 0.941621 0.0769137 0.941967 0.0768822 0.95783 0.0458715 0.956174 0.0471389 0.958114 0.0452242 0.956723 0.0457196 0.952309 0.088092 0.950986 0.088092 0.952309 0.086701 0.950986 0.086701 0.940889 0.0751835 0.939566 0.0751835 0.940889 0.0742155 0.939566 0.0742155 0.963011 0.0444957 0.958975 0.0451021 0.961413 0.0438466 0.959065 0.0442563 0.963797 0.0437744 0.94374 0.0805998 0.942417 0.0805998 0.94374 0.0782519 0.942417 0.0782512 0.942417 0.0758681 0.94374 0.0758681 0.94374 0.0746313 0.94374 0.0758681 0.942918 0.0746313 0.942417 0.0758681 0.963011 0.0444957 0.963797 0.0437744 0.965033 0.0444984 0.963011 0.0444957 0.964742 0.0449966 0.963295 0.0448661 0.964069 0.0452254 0.959635 0.0737491 0.959703 0.0745248 0.9591 0.0745231 0.9597 0.0753061 0.959064 0.0776941 0.959703 0.0745248 0.9591 0.0745231 0.960124 0.0458298 0.959483 0.0457231 0.963295 0.0448661 0.963011 0.0444957 0.954381 0.0511134 0.95518 0.0484218 0.954755 0.0509506 0.956078 0.0503832 0.956133 0.0514189 0.955737 0.0503394 0.955898 0.0519547 0.956133 0.0514189 0.956621 0.0508916 0.958839 0.0582064 0.959662 0.0596459 0.958703 0.0584239 0.958849 0.0589547 0.95869 0.0583497 0.958077 0.0566479 0.958807 0.0581334 0.95514 0.0555424 0.955195 0.056573 0.954726 0.0556986 0.954833 0.0839825 0.955243 0.0853261 0.954833 0.0857278 0.965033 0.0444984 0.964742 0.0449966 0.963011 0.0444957 0.922709 0.0848883 0.923001 0.0848883 0.922709 0.0857063 0.923001 0.0857106 0.940129 0.0853745 0.940129 0.0866532 0.939743 0.0853745 0.939743 0.0866532 0.951467 0.0718051 0.950715 0.0712342 0.951321 0.0710052 0.954625 0.0545447 0.955489 0.0554318 0.955489 0.0554318 0.95514 0.0555424 0.954625 0.0545447 0.955195 0.056573 0.95687 0.0578291 0.955489 0.0554318 0.955195 0.056573 0.95687 0.0578291 0.956355 0.0578092 0.954322 0.0559026 0.954159 0.055021 0.954214 0.0539739 0.954159 0.055021 0.953864 0.0553175 0.92014 0.0863485 0.920073 0.0860974 0.920293 0.0860385 0.920073 0.0860974 0.92014 0.0863485 0.919932 0.0861352 0.919999 0.0863864 0.919932 0.0861352 0.919999 0.0863864 0.919712 0.0861941 0.919712 0.0861941 0.919911 0.0860572 0.919691 0.0861161 0.920052 0.0860193 0.920272 0.0859605 0.920293 0.0860385 0.920272 0.0859605 0.920052 0.0860193 0.919985 0.0857682 0.919985 0.0857682 0.919843 0.0858061 0.919911 0.0860572 0.919691 0.0861161 0.919843 0.0858061 0.926138 0.0862232 0.926138 0.086082 0.926273 0.0862232 0.926273 0.086082 0.928069 0.0856784 0.928205 0.0856784 0.92833 0.0859884 0.92837 0.0859884 0.926439 0.085795 0.926273 0.086082 0.926398 0.085795 0.926138 0.086082 0.927686 0.0859855 0.927426 0.0856755 0.927726 0.0859855 0.927561 0.0856755 0.925795 0.085795 0.925795 0.0859362 0.92566 0.085795 0.92566 0.0859362 0.925494 0.0862232 0.92566 0.0859362 0.925535 0.0862232 0.925795 0.0859362 0.921656 0.0858456 0.921491 0.0861327 0.921616 0.0858456 0.921356 0.0861327 0.921356 0.0862738 0.921356 0.0861327 0.921491 0.0862738 0.921491 0.0861327 0.922351 0.0861557 0.922091 0.0858456 0.922392 0.0861557 0.922227 0.0858456 0.921768 0.0862066 0.921656 0.0864263 0.921491 0.0862738 0.921768 0.0862066 0.921491 0.0862738 0.921768 0.0860654 0.921491 0.0861327 0.921768 0.0860654 0.921491 0.0861327 0.921656 0.0858456 0.927082 0.0860537 0.926947 0.0860537 0.926822 0.0857437 0.926782 0.0857437 0.920987 0.0861291 0.921046 0.0863489 0.920909 0.0861501 0.920968 0.0863698 0.920909 0.0861501 0.920968 0.0863698 0.920658 0.0862173 0.929952 0.085919 0.929817 0.085919 0.929952 0.0857778 0.929817 0.0857778 0.920658 0.0862173 0.920871 0.0860089 0.92062 0.0860762 0.920871 0.0860089 0.92062 0.0860762 0.920812 0.0857891 0.922392 0.0862337 0.922227 0.086426 0.922351 0.0862337 0.922091 0.086426 0.920949 0.085988 0.920812 0.0857891 0.92089 0.0857682 0.922392 0.0862337 0.922351 0.0862337 0.922392 0.0861557 0.922351 0.0861557 0.926782 0.0856656 0.926822 0.0856656 0.926782 0.0857437 0.926822 0.0857437 0.928557 0.069303 0.927675 0.069833 0.928342 0.0690731 0.927574 0.0695345 0.926892 0.0699624 0.926892 0.0696472 0.929325 0.0675292 0.929142 0.0684558 0.92901 0.0675292 0.92885 0.0683357 0.928557 0.0657555 0.929142 0.0666026 0.928342 0.0659853 0.92885 0.0667227 0.926892 0.065096 0.927675 0.0652255 0.926892 0.0654113 0.927574 0.065524 0.925226 0.0657555 0.926108 0.0652255 0.925442 0.0659853 0.92621 0.065524 0.924459 0.0675292 0.924642 0.0666026 0.924774 0.0675292 0.924933 0.0667227 0.925226 0.069303 0.924642 0.0684558 0.925442 0.0690731 0.924933 0.0683357 0.926108 0.069833 0.92621 0.0695345 0.960076 0.0771576 0.960076 0.0763897 0.960703 0.0771576 0.960703 0.0763897 0.960076 0.0757077 0.960703 0.0757077 0.952362 0.0835523 0.952362 0.0843588 0.951734 0.0835523 0.951734 0.0843588 0.960076 0.0776663 0.960703 0.0776663 0.952362 0.0820083 0.952362 0.0827457 0.951734 0.0820083 0.951734 0.0827457 0.94916 0.0823465 0.94916 0.0816645 0.949787 0.0823465 0.949787 0.0816645 0.952362 0.081547 0.951734 0.081547 0.94916 0.0837964 0.94916 0.0830284 0.949787 0.0837964 0.949787 0.0830284 0.963754 0.0818332 0.963754 0.0810266 0.964382 0.0818332 0.964382 0.0810266 0.94916 0.084305 0.949787 0.084305 0.960076 0.0742578 0.960076 0.0737491 0.960703 0.0742578 0.960703 0.0737491 0.963754 0.0826397 0.964382 0.0826397 0.960076 0.0750257 0.960703 0.0750257 0.922187 0.0771523 0.922954 0.0776136 0.921116 0.0782925 0.922451 0.0790946 0.923636 0.0777263 0.923636 0.0792906 0.921518 0.0756083 0.921678 0.0764148 0.919954 0.0756083 0.920231 0.0770105 0.922187 0.0740643 0.921678 0.0748017 0.921116 0.072924 0.920231 0.074206 0.923636 0.0734903 0.922954 0.073603 0.923636 0.071926 0.922451 0.0721219 0.925086 0.0740643 0.924318 0.073603 0.926157 0.072924 0.924822 0.0721219 0.925754 0.0756083 0.925595 0.0748017 0.927319 0.0756083 0.927041 0.074206 0.925086 0.0771523 0.925595 0.0764148 0.926157 0.0782925 0.927041 0.0770105 0.924318 0.0776136 0.924822 0.0790946 0.926892 0.0639606 0.928041 0.0641505 0.926892 0.065096 0.927675 0.0652255 0.93046 0.0675292 0.930192 0.0688882 0.929325 0.0675292 0.929142 0.0684558 0.929335 0.0701306 0.928041 0.0709078 0.928557 0.069303 0.927675 0.069833 0.929335 0.0649278 0.930192 0.0661703 0.928557 0.0657555 0.929142 0.0666026 0.923323 0.0675292 0.923592 0.0661703 0.924459 0.0675292 0.924642 0.0666026 0.924449 0.0649278 0.925743 0.0641505 0.925226 0.0657555 0.926108 0.0652255 0.924449 0.0701306 0.923592 0.0688882 0.925226 0.069303 0.924642 0.0684558 0.928041 0.0641505 0.926892 0.0639606 0.928162 0.0637937 0.926892 0.0635838 0.926892 0.0710977 0.928041 0.0709078 0.926892 0.0714745 0.928162 0.0712646 0.930192 0.0661703 0.929335 0.0649278 0.93054 0.0660268 0.929593 0.0646532 0.93046 0.0675292 0.930837 0.0675292 0.925743 0.0709078 0.925621 0.0712646 0.923592 0.0661703 0.923323 0.0675292 0.923243 0.0660268 0.922946 0.0675292 0.925743 0.0641505 0.924449 0.0649278 0.925621 0.0637937 0.924191 0.0646532 0.923592 0.0688882 0.924449 0.0701306 0.923243 0.0690317 0.924191 0.0704052 0.929449 0.0765817 0.929449 0.0753112 0.929874 0.0765817 0.929874 0.0753112 0.930185 0.0753112 0.930185 0.0740409 0.930609 0.0753112 0.930609 0.0740409 0.929449 0.0789597 0.929449 0.0780122 0.929666 0.0789597 0.929874 0.0780122 0.960806 0.0793571 0.960806 0.0778546 0.961231 0.0793571 0.961023 0.0778546 0.930185 0.0765817 0.930609 0.0765817 0.960517 0.0778546 0.960517 0.0793571 0.960092 0.0778546 0.960092 0.0793571 0.929449 0.0740409 0.929449 0.0726104 0.929874 0.0740409 0.929874 0.0726104 0.929449 0.0716628 0.929874 0.0716628 0.930185 0.0789597 0.930185 0.0780122 0.9304 0.0789597 0.930609 0.0780122 0.960517 0.0808595 0.960302 0.0808595 0.922366 0.0718728 0.923636 0.0716628 0.922451 0.0721219 0.923636 0.071926 0.923636 0.0795537 0.922366 0.0793438 0.923636 0.0792906 0.922451 0.0790946 0.919988 0.0741058 0.920936 0.0727322 0.920231 0.074206 0.921116 0.072924 0.919691 0.0756083 0.919954 0.0756083 0.924907 0.0793438 0.924822 0.0790946 0.927285 0.0741058 0.927582 0.0756083 0.927041 0.074206 0.927319 0.0756083 0.924907 0.0718728 0.926337 0.0727322 0.924822 0.0721219 0.926157 0.072924 0.927285 0.0771108 0.926337 0.0784844 0.927041 0.0770105 0.926157 0.0782925 0.93054 0.0690317 0.930192 0.0688882 0.929593 0.0704052 0.929335 0.0701306 0.961231 0.0808595 0.960806 0.0808595 0.930609 0.0726104 0.930185 0.0726104 0.930609 0.0716628 0.930185 0.0716628 0.920231 0.0770105 0.919988 0.0771108 0.921116 0.0782925 0.920936 0.0784844 0.942909 0.0845495 0.942744 0.0840632 0.942887 0.0839801 0.942747 0.0845331 0.942601 0.0840641 0.942909 0.0845495 0.942744 0.0840632 0.961654 0.0833451 0.96165 0.082876 0.962147 0.0833451 0.962147 0.082876 0.961525 0.082876 0.96165 0.082876 0.961654 0.0833451 0.93683 0.0759487 0.937038 0.0759487 0.93683 0.0767194 0.93716 0.0767194 0.937111 0.0752703 0.93683 0.0752703 0.93683 0.0749863 0.93716 0.0749863 0.937111 0.0752703 0.937243 0.0748653 0.93683 0.073705 0.937243 0.073705 0.93716 0.0767194 0.937555 0.0776129 0.93683 0.0767194 0.93683 0.0776129 0.937555 0.0776129 0.93716 0.0767194 0.937555 0.0752689 0.93716 0.0752689 0.93716 0.0783364 0.93683 0.0783363 0.937674 0.0748653 0.937555 0.0752689 0.93716 0.0749863 0.93716 0.0752689 0.937038 0.0759487 0.937111 0.0752703 0.93716 0.0767194 0.93716 0.0752689 0.935266 0.0847763 0.935266 0.0833654 0.936506 0.0847763 0.936506 0.0833654 0.936623 0.0776129 0.936623 0.0766398 0.93683 0.0776129 0.93683 0.0767194 0.936623 0.0758507 0.93683 0.0759487 0.936623 0.0766398 0.93683 0.0767194 0.936623 0.0751325 0.93683 0.0752703 0.93683 0.0749863 0.955268 0.0773184 0.954171 0.0763 0.955414 0.0771723 0.95414 0.075891 0.95445 0.0788257 0.954091 0.0797988 0.953039 0.0777257 0.954171 0.0763 0.955268 0.0773184 0.954764 0.0780366 0.965366 0.0849692 0.965198 0.0845322 0.966693 0.0839473 0.966309 0.0833719 0.942747 0.0845331 0.942909 0.0845495 0.9435 0.0856245 0.943663 0.0854873 0.954171 0.0763 0.954764 0.0780366 0.953039 0.0777257 0.95445 0.0788257 0.95281 0.0806066 0.953039 0.0777257 0.954091 0.0797988 0.932803 0.0842867 0.932515 0.0842867 0.932902 0.0838498 0.932537 0.0838181 0.932482 0.0833495 0.9323 0.0823709 0.93278 0.0834187 0.964667 0.0804014 0.964667 0.0808383 0.964046 0.0804014 0.964046 0.0808383 0.964667 0.0799702 0.964667 0.0804014 0.964046 0.0799702 0.964046 0.0804014 0.937036 0.0785623 0.93683 0.0785623 0.93716 0.0783364 0.93683 0.0783363 0.936506 0.084919 0.936299 0.084919 0.942887 0.0839801 0.942899 0.0837541 0.943663 0.0854873 0.943835 0.0853748 0.937555 0.079957 0.93716 0.0799571 0.937555 0.0776129 0.93716 0.0783364 0.943663 0.0854873 0.9438 0.085626 0.9435 0.0856245 0.961654 0.0844365 0.961654 0.0833451 0.962147 0.0844365 0.962147 0.0833451 0.937555 0.079957 0.93745 0.0802063 0.93716 0.0799571 0.93716 0.0802082 0.93716 0.0749863 0.93716 0.0752689 0.937111 0.0752703 0.93716 0.0749863 0.937243 0.0748653 0.937674 0.0748653 0.937243 0.0748653 0.93683 0.0749863 0.93683 0.073705 0.943663 0.0854873 0.935266 0.0833654 0.935266 0.0847763 0.935059 0.0831043 0.935059 0.0850083 0.937289 0.0837077 0.938116 0.0837077 0.937289 0.0849947 0.938116 0.0849947 0.937289 0.0849947 0.937083 0.0851679 0.937289 0.0837077 0.937083 0.0832639 0.932482 0.0833495 0.93278 0.0834187 0.932537 0.0838181 0.932902 0.0838498 0.964046 0.0799702 0.964049 0.0789225 0.964667 0.0799702 0.964667 0.0789225 0.93683 0.0783363 0.936623 0.0784396 0.936506 0.084919 0.936506 0.0847763 0.936713 0.0847527 0.93683 0.0785623 0.954365 0.0806255 0.95281 0.0806066 0.954091 0.0797988 0.964667 0.0789225 0.964049 0.0789225 0.964667 0.0776774 0.964236 0.0776774 0.962167 0.0766269 0.962891 0.0748407 0.963188 0.0774949 0.961901 0.0774949 0.960995 0.074771 0.962323 0.0737491 0.952598 0.086701 0.953012 0.086701 0.952598 0.0881096 0.953012 0.0881096 0.929873 0.0845561 0.929873 0.0855752 0.929459 0.0845561 0.929459 0.085578 0.963005 0.0826664 0.962099 0.0812578 0.963448 0.0823562 0.962429 0.0810266 0.936506 0.0833654 0.93665 0.0831971 0.924207 0.0861164 0.924509 0.0859126 0.924209 0.0864058 0.924509 0.0864064 0.943663 0.0854873 0.943835 0.0853748 0.9438 0.085626 0.94509 0.0848306 0.945255 0.0853169 0.945112 0.0854 0.945252 0.084847 0.945398 0.0853161 0.94509 0.0848306 0.945255 0.0853169 0.962931 0.0839462 0.962934 0.0844153 0.962437 0.0839462 0.962437 0.0844153 0.963059 0.0844153 0.962934 0.0844153 0.962931 0.0839462 0.936088 0.0774518 0.93588 0.0774518 0.936088 0.076681 0.935757 0.076681 0.93588 0.0774518 0.936088 0.0774518 0.935807 0.0781301 0.936088 0.0781301 0.936088 0.078414 0.935757 0.078414 0.936088 0.0781301 0.935807 0.0781301 0.935675 0.078535 0.936088 0.0796953 0.935675 0.0796953 0.935757 0.076681 0.935362 0.0757875 0.936088 0.076681 0.936088 0.0757875 0.935362 0.0757875 0.935757 0.076681 0.935362 0.0781315 0.935757 0.0781315 0.935362 0.0757875 0.935757 0.075064 0.936088 0.0757875 0.936088 0.0750641 0.935243 0.078535 0.935362 0.0781315 0.935757 0.078414 0.935757 0.0781315 0.93588 0.0774518 0.935807 0.0781301 0.935757 0.076681 0.935757 0.0781315 0.938669 0.0849541 0.938669 0.0835433 0.939909 0.0849541 0.939909 0.0835433 0.936298 0.0757875 0.936298 0.0767606 0.936088 0.0757875 0.936088 0.076681 0.936298 0.0775498 0.936088 0.0774518 0.936298 0.0767606 0.936088 0.076681 0.936298 0.0782679 0.936088 0.0781301 0.936298 0.0775498 0.936088 0.0774518 0.936298 0.0782679 0.936088 0.078414 0.936088 0.0781301 0.955899 0.0770563 0.956955 0.0781027 0.955753 0.0772024 0.957027 0.0784837 0.956717 0.0755489 0.957076 0.0745758 0.958723 0.076493 0.956955 0.0781027 0.955899 0.0770563 0.956403 0.0763381 0.966002 0.0815861 0.966169 0.0820231 0.964674 0.082608 0.965058 0.0831835 0.945252 0.084847 0.94509 0.0848306 0.944499 0.0837556 0.944336 0.0838928 0.958305 0.0737878 0.934238 0.0825572 0.934526 0.0825572 0.934139 0.0829882 0.934505 0.08302 0.93456 0.0834886 0.934741 0.0844672 0.934261 0.0834194 0.963136 0.0781143 0.963136 0.0776833 0.963756 0.0781143 0.963756 0.0776833 0.963136 0.0785455 0.963136 0.0781143 0.963756 0.0785455 0.963756 0.0781143 0.935881 0.074838 0.936088 0.074838 0.935757 0.075064 0.936088 0.0750641 0.939909 0.0850969 0.939702 0.0850969 0.939909 0.0849541 0.938669 0.0849541 0.945112 0.0854 0.9451 0.085626 0.944336 0.0838928 0.944165 0.0840052 0.935362 0.0734434 0.935758 0.0734433 0.935362 0.0757875 0.935757 0.075064 0.944336 0.0838928 0.944199 0.0837541 0.944499 0.0837556 0.962931 0.0828547 0.962931 0.0839462 0.962437 0.0828547 0.962437 0.0839462 0.935362 0.0734434 0.935468 0.0731941 0.935758 0.0734433 0.935757 0.0731922 0.935757 0.078414 0.935757 0.0781315 0.935807 0.0781301 0.935757 0.078414 0.935675 0.078535 0.935243 0.078535 0.935675 0.078535 0.936088 0.078414 0.936088 0.0796953 0.936088 0.078414 0.944336 0.0838928 0.938669 0.0835433 0.938669 0.0849541 0.938462 0.0832822 0.938462 0.0851861 0.940692 0.0837259 0.941519 0.0837259 0.940692 0.0850128 0.941519 0.0850128 0.940692 0.0850128 0.940486 0.0851861 0.940692 0.0837259 0.940486 0.0832822 0.963756 0.0785455 0.963756 0.0795932 0.963136 0.0785455 0.963136 0.0795932 0.936088 0.0750641 0.936298 0.0749608 0.936088 0.0757875 0.936298 0.0757875 0.939909 0.0850969 0.939909 0.0849541 0.940119 0.0849306 0.936088 0.0750641 0.936088 0.074838 0.936298 0.0749608 0.956802 0.0737491 0.963136 0.0795932 0.963756 0.0795932 0.963136 0.0808383 0.963568 0.0808383 0.9645 0.0746113 0.963488 0.0763975 0.963478 0.0737491 0.964765 0.0737491 0.965672 0.0764672 0.964344 0.0774891 0.927825 0.0854871 0.927411 0.0854871 0.927825 0.0845807 0.927411 0.0845807 0.943316 0.0871439 0.943316 0.0858144 0.94373 0.0871439 0.94373 0.0858164 0.960886 0.0810479 0.961793 0.0824565 0.960443 0.0813581 0.961463 0.0826877 0.939909 0.0849541 0.939909 0.0835433 0.940119 0.0849306 0.940119 0.0834269 0.924851 0.0861164 0.925153 0.0859126 0.924852 0.0864058 0.925153 0.0864064 0.944336 0.0838928 0.944165 0.0840052 0.944199 0.0837541 0.926892 0.0710977 0.926892 0.0699624 0.925743 0.0709078 0.926108 0.069833 0.926302 0.0853543 0.926302 0.0845923 0.926504 0.0853543 0.926504 0.0845923 0.926504 0.0845923 0.926916 0.0845923 0.926504 0.0853543 0.926916 0.0853543 0.948146 0.0844265 0.948269 0.0844157 0.948146 0.0860854 0.948269 0.0860962 0.926302 0.0853543 0.926504 0.0853543 0.92646 0.0854773 0.92646 0.0854773 0.926504 0.0853543 0.926963 0.0854773 0.926916 0.0853543 0.958937 0.0818421 0.958937 0.0835075 0.958814 0.0818894 0.958814 0.0834602 0.927122 0.0853543 0.926916 0.0853543 0.927122 0.0845923 0.926916 0.0845923 0.927122 0.0853543 0.926963 0.0854773 0.926916 0.0853543 0.947384 0.0860856 0.947384 0.0844264 0.948146 0.0860854 0.948146 0.0844265 0.948146 0.086248 0.947384 0.086248 0.948146 0.0860854 0.947384 0.0860856 0.924444 0.0857243 0.924444 0.0849624 0.924855 0.0857243 0.924855 0.0849624 0.925061 0.0849624 0.925061 0.0857243 0.924855 0.0849624 0.924855 0.0857243 0.958052 0.0834602 0.958052 0.0818894 0.958814 0.0834602 0.958814 0.0818894 0.948146 0.086248 0.948146 0.0860854 0.948269 0.0860962 0.9244 0.0848393 0.924902 0.0848393 0.924444 0.0849624 0.924855 0.0849624 0.925061 0.0849624 0.924855 0.0849624 0.924902 0.0848393 0.956899 0.0835137 0.956397 0.0835213 0.956899 0.0818483 0.956397 0.0818407 0.92411 0.0849624 0.92411 0.0857243 0.923908 0.0849624 0.923908 0.0857243 0.923908 0.0857243 0.923497 0.0857243 0.923908 0.0849624 0.923497 0.0849624 0.949341 0.0845042 0.949464 0.0844934 0.949341 0.0861632 0.949464 0.086174 0.92411 0.0849624 0.923908 0.0849624 0.923952 0.0848393 0.923952 0.0848393 0.923908 0.0849624 0.92345 0.0848393 0.923497 0.0849624 0.960133 0.0818421 0.960133 0.0835075 0.96001 0.0818894 0.96001 0.0834602 0.923291 0.0849624 0.923497 0.0849624 0.923291 0.0857243 0.923497 0.0857243 0.923291 0.0849624 0.92345 0.0848393 0.923497 0.0849624 0.948579 0.0861632 0.948579 0.0845041 0.949341 0.0861632 0.949341 0.0845042 0.949341 0.0863257 0.948579 0.0863257 0.949341 0.0861632 0.948579 0.0861632 0.925969 0.0847217 0.925969 0.0854836 0.925557 0.0847217 0.925557 0.0854836 0.925351 0.0854836 0.925351 0.0847217 0.925557 0.0854836 0.925557 0.0847217 0.959248 0.0834602 0.959248 0.0818894 0.96001 0.0834602 0.96001 0.0818894 0.949341 0.0863257 0.949341 0.0861632 0.949464 0.086174 0.926013 0.0856066 0.92551 0.0856066 0.925969 0.0854836 0.925557 0.0854836 0.925351 0.0854836 0.925557 0.0854836 0.92551 0.0856066 0.957224 0.0818483 0.957727 0.0818407 0.957224 0.0835137 0.957727 0.0835213 0.937496 0.0863897 0.937283 0.0863897 0.937496 0.085563 0.937289 0.085563 0.936077 0.085563 0.936256 0.085563 0.936077 0.0863897 0.936256 0.0863897 0.937496 0.085563 0.937806 0.085563 0.937496 0.0863897 0.937806 0.0863897 0.937806 0.085563 0.937496 0.085563 0.937599 0.0853563 0.929265 0.0860763 0.929325 0.0857664 0.929504 0.0858697 0.935788 0.0854033 0.935549 0.0854033 0.935609 0.0851966 0.935549 0.0854033 0.93512 0.0854033 0.935609 0.0851966 0.935136 0.0851966 0.936789 0.0853563 0.936774 0.085563 0.936316 0.0853563 0.936256 0.085563 0.935136 0.0851966 0.93512 0.0854033 0.934965 0.0854033 0.934365 0.0856889 0.934125 0.0854822 0.934396 0.0854822 0.934365 0.0856889 0.934396 0.0854822 0.934675 0.0854822 0.934965 0.0854033 0.93512 0.0854033 0.934965 0.08623 0.93512 0.08623 0.934396 0.0854822 0.934125 0.0854822 0.934396 0.0846555 0.934125 0.0846555 0.936993 0.0863897 0.936774 0.0863897 0.936993 0.085563 0.936774 0.085563 0.93512 0.08623 0.93512 0.0854033 0.935549 0.08623 0.935549 0.0854033 0.936256 0.0863897 0.936256 0.085563 0.936774 0.0863897 0.936774 0.085563 0.933629 0.0844743 0.933836 0.0844743 0.933629 0.085301 0.933836 0.085301 0.932114 0.0846928 0.932293 0.0846928 0.932114 0.0855195 0.932293 0.0855195 0.933629 0.085301 0.933319 0.085301 0.933629 0.0844743 0.933319 0.0844743 0.933319 0.085301 0.933629 0.085301 0.933526 0.0855076 0.928952 0.0856538 0.928892 0.0859638 0.928713 0.0858605 0.931824 0.0846928 0.931586 0.0846928 0.931645 0.0844861 0.931586 0.0846928 0.931157 0.0846928 0.931645 0.0844861 0.931172 0.0844861 0.932825 0.0844861 0.93281 0.0846928 0.932352 0.0844861 0.932293 0.0846928 0.931172 0.0844861 0.931157 0.0846928 0.931001 0.0846928 0.930472 0.0845561 0.930712 0.0847628 0.930441 0.0847628 0.930472 0.0845561 0.930441 0.0847628 0.930162 0.0847628 0.931001 0.0846928 0.931157 0.0846928 0.931001 0.0855195 0.931157 0.0855195 0.930441 0.0847628 0.930712 0.0847628 0.930441 0.0855895 0.930712 0.0855895 0.93303 0.0855195 0.93281 0.0855195 0.93303 0.0846928 0.93281 0.0846928 0.931157 0.0855195 0.931157 0.0846928 0.931586 0.0855195 0.931586 0.0846928 0.932293 0.0855195 0.932293 0.0846928 0.93281 0.0855195 0.93281 0.0846928 0.946959 0.0842273 0.946508 0.0842273 0.946959 0.0822967 0.946508 0.0822967 0.947689 0.0842273 0.947689 0.0822967 0.948419 0.0842273 0.948419 0.0822967 0.94887 0.0842273 0.94887 0.0822967 0.941096 0.0830938 0.940329 0.0830938 0.941096 0.0811632 0.940329 0.0811632 0.941718 0.0830938 0.941718 0.0811632 0.945488 0.0810029 0.946218 0.0810029 0.945488 0.0829335 0.946218 0.0829335 0.944758 0.0810029 0.944758 0.0829335 0.944306 0.0810029 0.944306 0.0829335 0.943396 0.0835658 0.942628 0.0835658 0.943396 0.0816351 0.942628 0.0816351 0.944017 0.0816351 0.943563 0.0810029 0.94301 0.0810029 0.947689 0.0816645 0.947136 0.0816645 0.948242 0.0816645 0.939708 0.0811632 0.940715 0.0805309 0.940162 0.0805309 0.941267 0.0805309 0.945488 0.0835658 0.946041 0.0835658 0.944935 0.0835658 0.942007 0.0816351 0.942457 0.0810029 0.964679 0.0847065 0.964127 0.0849354 0.963348 0.0841537 0.964908 0.0841537 0.964679 0.0836008 0.964127 0.0833719 0.963574 0.0836008 0.963574 0.0847065 0.923218 0.0862493 0.922805 0.086464 0.922735 0.0859126 0.939593 0.060066 0.939862 0.0600047 0.939876 0.0604457 0.940081 0.0601765 0.940081 0.0601765 0.941324 0.0601893 0.939876 0.0604457 0.941369 0.0608362 0.930174 0.0830473 0.929347 0.0832781 0.930174 0.0824155 0.929347 0.0824609 0.943389 0.0605868 0.942978 0.0613687 0.941369 0.0608362 0.941132 0.0615481 0.93929 0.0601216 0.939593 0.060066 0.939581 0.0607533 0.939876 0.0604457 0.941147 0.0735028 0.940238 0.0735028 0.941147 0.0721311 0.940238 0.0721311 0.942935 0.0597078 0.944337 0.0592278 0.943389 0.0605868 0.94434 0.0603356 0.941324 0.0601893 0.941369 0.0608362 0.956577 0.0837097 0.956577 0.0851859 0.956562 0.0842063 0.956533 0.0842351 0.936765 0.0818546 0.936939 0.0829084 0.936531 0.0818081 0.93691 0.0829159 0.936531 0.0818081 0.936723 0.0803966 0.936765 0.0818546 0.936747 0.0803966 0.946479 0.0578163 0.94637 0.0585377 0.944417 0.0592743 0.944368 0.0603281 0.941147 0.0705672 0.941147 0.0721311 0.940238 0.0705672 0.940238 0.0721311 0.94305 0.0614122 0.944209 0.0621122 0.942401 0.0620096 0.943965 0.0627916 0.942401 0.0620096 0.942978 0.0613687 0.94305 0.0614122 0.943389 0.0605868 0.943445 0.0606575 0.942978 0.0613687 0.94305 0.0614122 0.944673 0.0603332 0.943445 0.0606575 0.944865 0.0601969 0.943389 0.0605868 0.944673 0.0603332 0.944865 0.0601969 0.944542 0.0605255 0.944613 0.0605756 0.94455 0.0606334 0.944542 0.0605255 0.944613 0.0605756 0.944657 0.0606494 0.94455 0.0606334 0.944613 0.0605756 0.945239 0.0603135 0.944657 0.0606494 0.945227 0.0602247 0.944613 0.0605756 0.946285 0.0605955 0.945993 0.0608209 0.945239 0.0603135 0.944542 0.0605255 0.943445 0.0606575 0.944673 0.0603332 0.944461 0.0611996 0.945964 0.060916 0.939328 0.0680936 0.940238 0.0662836 0.939328 0.0685844 0.939783 0.068094 0.946438 0.0619968 0.946753 0.06222 0.944209 0.0621122 0.943965 0.0627916 0.939328 0.0685844 0.939783 0.068094 0.939328 0.0703236 0.946285 0.0605955 0.945239 0.0603135 0.946467 0.060559 0.945227 0.0602247 0.946043 0.0608901 0.945993 0.0608209 0.946467 0.060559 0.946285 0.0605955 0.946043 0.0608901 0.946043 0.0609763 0.945964 0.060916 0.945964 0.060916 0.945993 0.0608209 0.946043 0.0608901 0.946988 0.0610173 0.946043 0.0609763 0.947052 0.060935 0.946043 0.0608901 0.940327 0.0653126 0.939328 0.0675443 0.940238 0.0650163 0.939413 0.0674808 0.94922 0.0607247 0.948249 0.0616 0.946988 0.0610173 0.946439 0.0617289 0.940238 0.0672939 0.939783 0.068094 0.940238 0.0662836 0.946438 0.0619968 0.947239 0.0618771 0.946753 0.06222 0.923229 0.0822066 0.923231 0.0805855 0.924053 0.0797421 0.944865 0.0601969 0.945227 0.0602247 0.944613 0.0605756 0.948928 0.0568226 0.949037 0.0573535 0.946479 0.0578163 0.94637 0.0585377 0.94931 0.0559515 0.949541 0.0562509 0.948928 0.0568226 0.949037 0.0573535 0.949632 0.0559453 0.950296 0.0552969 0.949541 0.0562509 0.950598 0.055276 0.949674 0.0518258 0.950133 0.0517666 0.949378 0.0558094 0.949632 0.0559453 0.950133 0.0517666 0.949128 0.0481372 0.950578 0.051343 0.949728 0.0475673 0.949128 0.0481372 0.946467 0.0473275 0.949728 0.0475673 0.946757 0.0470423 0.950296 0.0552969 0.949632 0.0559453 0.950578 0.051343 0.950133 0.0517666 0.950918 0.051287 0.950394 0.0480047 0.950994 0.0491272 0.950296 0.0552969 0.950918 0.051287 0.951672 0.0513604 0.951386 0.050201 0.951766 0.0520865 0.95122 0.0536911 0.951672 0.0513604 0.950296 0.0552969 0.95122 0.0536911 0.950598 0.055276 0.950296 0.0552969 0.950994 0.0491272 0.950918 0.051287 0.950296 0.0552969 0.950578 0.051343 0.951386 0.050201 0.951986 0.0497743 0.951672 0.0513604 0.952343 0.0509622 0.951766 0.0520865 0.952527 0.0519711 0.949728 0.0475673 0.950501 0.0476239 0.950394 0.0480047 0.950578 0.051343 0.949728 0.0475673 0.950918 0.051287 0.950394 0.0480047 0.950394 0.0480047 0.950501 0.0476239 0.950994 0.0491272 0.951362 0.0485247 0.951362 0.0485247 0.949674 0.0518258 0.948453 0.0484972 0.950133 0.0517666 0.949128 0.0481372 0.946363 0.0478693 0.946467 0.0473275 0.948453 0.0484972 0.949128 0.0481372 0.944917 0.0739855 0.945827 0.0739855 0.944917 0.0745984 0.945827 0.0745984 0.930921 0.0716864 0.93183 0.0716864 0.930921 0.0744429 0.931623 0.0744358 0.946493 0.0450683 0.947455 0.0460712 0.946353 0.0456606 0.947317 0.046536 0.930921 0.0744429 0.931623 0.0744358 0.930921 0.0753984 0.931623 0.0753984 0.922939 0.0797421 0.922939 0.0821921 0.922915 0.0821921 0.944657 0.0606494 0.94305 0.0614122 0.94455 0.0606334 0.946988 0.0610173 0.946439 0.0617289 0.946043 0.0609763 0.945948 0.0618332 0.949728 0.0475673 0.947317 0.046536 0.950204 0.0467348 0.947455 0.0460712 0.946757 0.0470423 0.949632 0.0559453 0.949541 0.0562509 0.949378 0.0558094 0.94931 0.0559515 0.946467 0.060559 0.948673 0.0599653 0.946043 0.0608901 0.947052 0.060935 0.94637 0.0585377 0.944865 0.0601969 0.944368 0.0603281 0.94637 0.0585377 0.945227 0.0602247 0.944865 0.0601969 0.949037 0.0573535 0.946467 0.060559 0.94637 0.0585377 0.945227 0.0602247 0.950598 0.055276 0.949613 0.0582998 0.949051 0.0586057 0.949037 0.0573535 0.949051 0.0586057 0.946467 0.060559 0.948673 0.0599653 0.949051 0.0586057 0.949541 0.0562509 0.949037 0.0573535 0.946555 0.0845183 0.946555 0.0862873 0.945728 0.0844157 0.945728 0.0859669 0.928437 0.0832781 0.929347 0.0832781 0.928437 0.0843678 0.929347 0.0843678 0.928437 0.0824609 0.929347 0.0824609 0.928437 0.0832781 0.929347 0.0832781 0.944461 0.0611996 0.944457 0.0612427 0.94305 0.0614122 0.943189 0.0614471 0.94305 0.0614122 0.943189 0.0614471 0.944209 0.0621122 0.944218 0.0620694 0.94453 0.0616561 0.945809 0.0618187 0.944218 0.0620694 0.944457 0.0612427 0.943189 0.0614471 0.945809 0.0618187 0.945948 0.0618332 0.944218 0.0620694 0.944209 0.0621122 0.941147 0.0705672 0.940238 0.0705672 0.941147 0.0677797 0.940238 0.0677797 0.945948 0.0618332 0.945809 0.0618187 0.944461 0.0611996 0.944457 0.0612427 0.940238 0.0672939 0.941147 0.0672939 0.940238 0.0677797 0.941147 0.0677797 0.940238 0.0662836 0.941147 0.0662836 0.940238 0.0672939 0.941147 0.0672939 0.941147 0.0662836 0.940238 0.0662836 0.941147 0.0653126 0.940327 0.0653126 0.941147 0.0653126 0.940327 0.0653126 0.941147 0.0650163 0.940238 0.0650163 0.940238 0.06298 0.941147 0.06298 0.940238 0.063903 0.941147 0.0639059 0.941147 0.0650163 0.940238 0.0650163 0.941147 0.0639059 0.940238 0.063903 0.949516 0.060696 0.948673 0.0599653 0.950629 0.0596015 0.949243 0.0596345 0.950766 0.0582246 0.951552 0.0583535 0.949243 0.0596345 0.948673 0.0599653 0.949689 0.0583599 0.949127 0.0586659 0.950643 0.0577391 0.950766 0.0582246 0.949689 0.0583599 0.949243 0.0596345 0.949613 0.0582998 0.950888 0.0563462 0.950643 0.0577391 0.950998 0.0573343 0.950598 0.055276 0.95122 0.0536911 0.95158 0.0570025 0.951841 0.0553798 0.952626 0.0559968 0.950025 0.0844934 0.949939 0.0854043 0.949815 0.0854043 0.950862 0.0853691 0.951279 0.0853137 0.950327 0.08628 0.951424 0.0554353 0.951766 0.0520865 0.95243 0.0535191 0.951927 0.0545142 0.950643 0.0577391 0.950998 0.0573343 0.950766 0.0582246 0.949689 0.0583599 0.949127 0.0586659 0.949613 0.0582998 0.949051 0.0586057 0.949051 0.0586057 0.949127 0.0586659 0.948673 0.0599653 0.950643 0.0577391 0.949689 0.0583599 0.949613 0.0582998 0.95158 0.0570025 0.951552 0.0583535 0.950998 0.0573343 0.950766 0.0582246 0.944917 0.06298 0.945827 0.06298 0.944917 0.0643309 0.945827 0.0643309 0.949775 0.0863253 0.949815 0.0854043 0.951365 0.084448 0.951279 0.0853137 0.950862 0.0853691 0.952698 0.0547395 0.952626 0.0559968 0.951841 0.0553798 0.945827 0.0665939 0.945827 0.0678143 0.944917 0.0665889 0.944917 0.0678143 0.945827 0.0653366 0.945827 0.0665939 0.944917 0.0653366 0.944917 0.0665889 0.944917 0.0643309 0.945827 0.0643309 0.944917 0.0653366 0.945827 0.0653366 0.951766 0.0520865 0.952527 0.0519711 0.95243 0.0535191 0.945827 0.0730262 0.945827 0.0739855 0.944917 0.073027 0.944917 0.0739855 0.945827 0.0716299 0.944917 0.0716299 0.944917 0.0678143 0.945827 0.0678143 0.944917 0.0691017 0.945827 0.0691017 0.945827 0.0703846 0.944917 0.0703842 0.944917 0.0691017 0.945827 0.0691017 0.944277 0.0472426 0.944693 0.0470279 0.946363 0.0478693 0.946467 0.0473275 0.946757 0.0470423 0.946467 0.0473275 0.944693 0.0470279 0.946757 0.0470423 0.944693 0.0470279 0.947317 0.046536 0.944677 0.0466913 0.944677 0.0466913 0.945926 0.0458436 0.947317 0.046536 0.946353 0.0456606 0.945073 0.0442757 0.944542 0.0446744 0.943139 0.0442585 0.943139 0.0446744 0.945073 0.0442757 0.945926 0.0458436 0.944677 0.0466913 0.945273 0.043814 0.946048 0.0451293 0.945073 0.0442757 0.945926 0.0458436 0.946493 0.0450683 0.946353 0.0456606 0.946048 0.0451293 0.945926 0.0458436 0.930921 0.0753984 0.931623 0.0753984 0.930921 0.0758427 0.931623 0.0758427 0.930921 0.0758427 0.931623 0.0758427 0.930921 0.0766179 0.931623 0.0766179 0.943139 0.0442585 0.943139 0.0437744 0.945073 0.0442757 0.945273 0.043814 0.930921 0.0766179 0.931623 0.0766179 0.930921 0.0787516 0.931623 0.0787516 0.942978 0.0613687 0.942401 0.0620096 0.941132 0.0615481 0.94103 0.0620737 0.947069 0.0737659 0.945827 0.0745984 0.946306 0.0737093 0.945827 0.0739855 0.946284 0.0728085 0.946306 0.0737093 0.945827 0.0730262 0.945827 0.0739855 0.952462 0.0497033 0.951542 0.048307 0.952825 0.0509487 0.953022 0.0522317 0.953022 0.0522317 0.954917 0.0870402 0.954917 0.0859161 0.955436 0.0873687 0.955436 0.0859161 0.938973 0.0855811 0.938863 0.0853745 0.939453 0.0855811 0.939382 0.0853745 0.939453 0.0864078 0.938973 0.0864078 0.939453 0.0855811 0.938973 0.0855811 0.939453 0.0864078 0.939382 0.0866145 0.938973 0.0864078 0.938863 0.0866145 0.955725 0.0873596 0.955725 0.085907 0.956243 0.0868596 0.956243 0.085907 0.924549 0.0801238 0.924343 0.0801713 0.924549 0.0797421 0.924343 0.0797824 0.926182 0.0797421 0.926244 0.0801238 0.924549 0.0797421 0.924549 0.0801238 0.924549 0.0803709 0.924343 0.0801713 0.924549 0.0801238 0.924549 0.0801238 0.926244 0.0801238 0.925583 0.0802773 0.926252 0.0802773 0.920822 0.0853374 0.920875 0.0855371 0.920662 0.0853803 0.920716 0.0855799 0.920822 0.0853374 0.920662 0.0853803 0.920742 0.0849485 0.92058 0.0849808 0.920461 0.0854278 0.92037 0.0849815 0.920662 0.0853803 0.92058 0.0849808 0.920461 0.0854278 0.920662 0.0853803 0.920716 0.0855799 0.928571 0.0854655 0.928571 0.0845561 0.928723 0.0854655 0.928723 0.0845561 0.928723 0.0854655 0.928723 0.0845561 0.92917 0.0854655 0.92917 0.0845561 0.928114 0.08549 0.928114 0.0845807 0.928282 0.08549 0.928274 0.0845807 0.919815 0.0829477 0.920772 0.0838664 0.919831 0.0845011 0.920516 0.0847602 0.919815 0.0829477 0.919691 0.082929 0.919996 0.0823815 0.919874 0.0823572 0.919691 0.082929 0.919815 0.0829477 0.919706 0.0844781 0.919831 0.0845011 0.925508 0.0829842 0.925363 0.0829842 0.925508 0.0824124 0.925401 0.0824124 0.925508 0.0845333 0.925218 0.0845333 0.925508 0.0829842 0.925363 0.0829842 0.925459 0.0803686 0.925583 0.0802773 0.925459 0.0812858 0.925583 0.0812959 0.925583 0.0822241 0.925459 0.0821796 0.925583 0.0812959 0.925459 0.0812858 0.926268 0.0812959 0.926485 0.0822241 0.925583 0.0812959 0.925583 0.0822241 0.925583 0.0802773 0.926252 0.0802773 0.925583 0.0812959 0.926268 0.0812959 0.924549 0.0801238 0.925583 0.0802773 0.924549 0.0803709 0.925459 0.0803686 0.920413 0.0829942 0.920581 0.0829491 0.9203 0.0827987 0.920068 0.0823959 0.919996 0.0823815 0.932777 0.075528 0.934548 0.0745394 0.934237 0.0756049 0.934368 0.0793682 0.934185 0.0795091 0.932284 0.0784982 0.932208 0.0786903 0.934882 0.0769801 0.932284 0.0784982 0.934836 0.0780668 0.934368 0.0793682 0.932284 0.0735041 0.934546 0.0734296 0.933922 0.0728256 0.932284 0.0735041 0.932208 0.073312 0.933922 0.0728256 0.933751 0.0726731 0.960426 0.0844185 0.960427 0.082876 0.961236 0.0844185 0.961236 0.082876 0.928144 0.0843923 0.927334 0.0843923 0.928144 0.0824155 0.927334 0.0824155 0.924343 0.0839458 0.923995 0.0833655 0.924688 0.0845013 0.924873 0.0838102 0.923614 0.0836499 0.923525 0.0837488 0.923117 0.0826988 0.922827 0.0824124 0.924343 0.0839458 0.924294 0.0840194 0.923614 0.0836499 0.923525 0.0837488 0.924688 0.0845013 0.924639 0.084651 0.924343 0.0839458 0.924294 0.0840194 0.921191 0.0848883 0.921692 0.0848914 0.921165 0.0855199 0.921603 0.0855041 0.921982 0.0848883 0.92242 0.084915 0.922013 0.0856573 0.922343 0.0856573 0.944019 0.0858144 0.94435 0.0858144 0.944019 0.0871507 0.944096 0.0871507 0.923117 0.0826988 0.923614 0.0836499 0.950401 0.668785 0.987006 0.496554 0.803223 0.59116 0.809335 0.496554 0.934273 0.788985 0.760278 0.676505 0.858897 0.869223 0.684703 0.744236 0.739328 0.961844 0.801208 0.911393 0.474524 0.970228 0.558602 1 0.506989 0.802706 0.392537 0.958139 0.41356 0.787722 0.263734 0.866813 0.329276 0.744236 0.117106 0.795007 0.262387 0.676505 0.0166106 0.657894 0.219442 0.59116 0.0178749 0.496554 0.204644 0.496554 0 0.393831 0.219442 0.401947 0.0486262 0.274531 0.262387 0.316602 0.203919 0.07416 0.0898483 0.189667 0.329275 0.248871 0.347656 0 0.41356 0.205386 0.678941 0.0885386 0.642755 0.078336 0.593801 0.216242 0.886332 0.1797 0.784317 0.143234 0.751592 0.316602 0.684703 0.252905 1 0.335214 0.794537 0.401947 0.728755 0.133868 0.666323 0.993107 0.600419 0.787722 0.926982 0.0799897 0.928594 0.0799897 0.926982 0.080999 0.928594 0.080999 0.926982 0.080999 0.928594 0.080999 0.926982 0.0819072 0.928594 0.0819072 0.934299 0.0801314 0.935911 0.0801314 0.934299 0.0811407 0.935911 0.0811407 0.934299 0.0811407 0.935911 0.0811407 0.934299 0.0820489 0.935911 0.0820489 0.931157 0.0817025 0.929545 0.0817025 0.931157 0.0806932 0.929545 0.0806932 0.931157 0.0806932 0.929545 0.0806932 0.931157 0.079785 0.929545 0.079785 0.93186 0.0799451 0.933472 0.0799451 0.93186 0.0809544 0.933472 0.0809544 0.93186 0.0809544 0.933472 0.0809544 0.93186 0.0818626 0.933472 0.0818626 0.928594 0.0799897 0.928924 0.0797421 0.928594 0.080999 0.928924 0.0810501 0.928594 0.080999 0.928924 0.0810501 0.928594 0.0819072 0.928924 0.0822272 0.935911 0.0801314 0.936241 0.0798837 0.935911 0.0811407 0.936241 0.0811918 0.935911 0.0811407 0.936241 0.0811918 0.935911 0.0820489 0.936241 0.0823689 0.929545 0.0817025 0.929214 0.0819501 0.929545 0.0806932 0.929214 0.0806421 0.929545 0.0806932 0.929214 0.0806421 0.929545 0.079785 0.929214 0.079465 0.933472 0.0799451 0.933802 0.0796974 0.933472 0.0809544 0.933802 0.0810055 0.933472 0.0809544 0.933802 0.0810055 0.933472 0.0818626 0.933802 0.0821825 0.956371 0.0788881 0.956702 0.0786721 0.956371 0.0801962 0.956702 0.0802408 0.956371 0.0801962 0.956702 0.0802408 0.956371 0.0813733 0.956702 0.0816523 0.958145 0.0814363 0.957814 0.0816523 0.958145 0.0801282 0.957814 0.0800837 0.958145 0.0801282 0.957814 0.0800837 0.958145 0.0789512 0.957814 0.0786721 0.95505 0.0835781 0.95472 0.0837942 0.95505 0.08227 0.95472 0.0822254 0.95505 0.08227 0.95472 0.0822254 0.95505 0.081093 0.95472 0.0808139 0.956082 0.0835781 0.955751 0.0837942 0.956082 0.08227 0.955751 0.0822254 0.956082 0.08227 0.955751 0.0822254 0.956082 0.081093 0.955751 0.0808139 0.926982 0.0799897 0.926982 0.080999 0.926775 0.0798451 0.926775 0.0810289 0.926982 0.080999 0.926982 0.0819072 0.926775 0.0810289 0.926775 0.0820941 0.934299 0.0801314 0.934299 0.0811407 0.934092 0.0799868 0.934092 0.0811706 0.934299 0.0811407 0.934299 0.0820489 0.934092 0.0811706 0.934092 0.0822358 0.931157 0.0817025 0.931157 0.0806932 0.931363 0.0818471 0.931363 0.0806633 0.931157 0.0806932 0.931157 0.079785 0.931363 0.0806633 0.931363 0.0795981 0.93186 0.0799451 0.93186 0.0809544 0.931653 0.0798005 0.931653 0.0809842 0.93186 0.0809544 0.93186 0.0818626 0.931653 0.0809842 0.931653 0.0820494 0.956702 0.0802408 0.956702 0.0786721 0.957113 0.0802408 0.957113 0.0786721 0.956702 0.0816523 0.956702 0.0802408 0.957113 0.0816523 0.957113 0.0802408 0.957814 0.0800837 0.957814 0.0816523 0.957403 0.0800837 0.957403 0.0816523 0.957814 0.0786721 0.957814 0.0800837 0.957403 0.0786721 0.957403 0.0800837 0.95472 0.0822254 0.95472 0.0837942 0.954308 0.0822254 0.954308 0.0837942 0.95472 0.0808139 0.95472 0.0822254 0.954308 0.0808139 0.954308 0.0822254 0.955751 0.0822254 0.955751 0.0837942 0.95534 0.0822254 0.95534 0.0837942 0.955751 0.0808139 0.955751 0.0822254 0.95534 0.0808139 0.95534 0.0822254 0.959345 0.0626338 0.957703 0.062576 0.960228 0.0624097 0.959043 0.0609783 0.957619 0.0635922 0.964108 0.0720189 0.965382 0.0706386 0.964284 0.0721729 0.965492 0.070888 0.966193 0.0686169 0.966363 0.068523 0.961977 0.0731882 0.961026 0.0730663 0.962769 0.0729825 0.962889 0.0726966 0.964493 0.0641015 0.964826 0.0640997 0.965351 0.0650721 0.965571 0.0649103 0.965968 0.0664784 0.966102 0.0661351 0.956017 0.0661106 0.956649 0.064769 0.956158 0.0661685 0.956766 0.0650111 0.957838 0.063867 0.957619 0.0635922 0.955557 0.0679327 0.955859 0.0678994 0.960228 0.0624097 0.960823 0.0627325 0.959345 0.0626338 0.959188 0.0630705 0.955937 0.0695375 0.956083 0.0693205 0.956651 0.0710051 0.956701 0.0708954 0.957352 0.071814 0.957768 0.0719714 0.924219 0.0536571 0.924071 0.0536152 0.924589 0.0517936 0.924353 0.0517549 0.92501 0.0504533 0.925267 0.0505748 0.926554 0.0490815 0.926647 0.0493011 0.928678 0.0482835 0.928669 0.0484902 0.929386 0.0588242 0.929401 0.0590308 0.927965 0.0585997 0.927763 0.0587884 0.92639 0.0579819 0.926285 0.0581196 0.925314 0.0569149 0.925181 0.0570006 0.924392 0.0554635 0.924604 0.0555591 0.927041 0.0629463 0.925914 0.0623421 0.92708 0.0627249 0.925888 0.0620783 0.932514 0.0626866 0.931285 0.0630573 0.932467 0.0625201 0.931286 0.0628451 0.934627 0.0555749 0.934838 0.0538601 0.935868 0.0559076 0.935447 0.0549252 0.934555 0.0523928 0.934579 0.0520431 0.935161 0.0526763 0.93476 0.0538596 0.933344 0.0500602 0.933337 0.0497783 0.933637 0.0501441 0.936694 0.0598669 0.935365 0.0611548 0.936518 0.059746 0.935275 0.0609416 0.935428 0.0573107 0.934489 0.0585466 0.935253 0.0572157 0.934354 0.0583904 0.938147 0.0575349 0.9372 0.0584462 0.937952 0.0574262 0.937025 0.0583223 0.93853 0.05531 0.938151 0.0565193 0.931192 0.0587185 0.932478 0.0580245 0.931199 0.0589413 0.932583 0.0582311 0.933258 0.0595381 0.933178 0.0593913 0.934535 0.0612999 0.933709 0.0622174 0.934348 0.0610333 0.933595 0.0620433 0.931947 0.060023 0.932005 0.0601869 0.93037 0.0606483 0.930359 0.0604497 0.924071 0.0536152 0.923806 0.0536572 0.924353 0.0517549 0.924097 0.0517306 0.926391 0.048822 0.928659 0.0480159 0.926554 0.0490815 0.928678 0.0482835 0.924792 0.0503343 0.92501 0.0504533 0.929415 0.0625031 0.928176 0.0627822 0.92941 0.0622464 0.928307 0.062544 0.929401 0.0592375 0.927706 0.0589402 0.929401 0.0590308 0.927763 0.0587884 0.926037 0.058121 0.926171 0.0582184 0.925257 0.0592365 0.925526 0.0591944 0.924392 0.0554635 0.925181 0.0570006 0.924173 0.0555372 0.92501 0.0571088 0.926953 0.0602605 0.927012 0.0600952 0.933639 0.0568951 0.933823 0.0570353 0.928596 0.0607027 0.928663 0.0604807 0.929329 0.0467957 0.927577 0.0470383 0.929374 0.0466451 0.927538 0.0468375 0.921034 0.0542538 0.920953 0.0556324 0.920819 0.0542974 0.920738 0.0556854 0.924223 0.049133 0.922998 0.0511308 0.924087 0.0489809 0.922841 0.0511007 0.922573 0.0525803 0.922411 0.052548 0.926641 0.0444775 0.926745 0.0446853 0.925586 0.0454888 0.925698 0.0457922 0.925693 0.0479189 0.92553 0.0477828 0.933901 0.0454546 0.933824 0.0456626 0.932652 0.0446406 0.932573 0.0448316 0.934232 0.0489584 0.931146 0.047025 0.931345 0.0469109 0.932838 0.0478057 0.932988 0.04763 0.937064 0.0504265 0.936808 0.0505158 0.936099 0.0495061 0.935903 0.0496048 0.928974 0.0446705 0.928986 0.0449535 0.927712 0.0444277 0.927948 0.0446617 0.922075 0.0477304 0.922274 0.0478277 0.921178 0.048707 0.921363 0.0488066 0.931462 0.0442946 0.931493 0.0445135 0.930305 0.0441114 0.930341 0.0443336 0.934517 0.048866 0.937064 0.0504265 0.937414 0.0503039 0.937106 0.0508682 0.937353 0.0507482 0.936099 0.0495061 0.936413 0.0493484 0.937064 0.0504265 0.937414 0.0503039 0.936099 0.0495061 0.935486 0.0468424 0.936413 0.0493484 0.935748 0.0465919 0.935135 0.0463578 0.935748 0.0465919 0.934883 0.0465766 0.935486 0.0468424 0.934176 0.0452563 0.935135 0.0463578 0.933901 0.0454546 0.934883 0.0465766 0.932779 0.0443349 0.934176 0.0452563 0.932652 0.0446406 0.933901 0.0454546 0.931462 0.0442946 0.930305 0.0441114 0.931533 0.0439718 0.930251 0.0437744 0.932779 0.0443349 0.932652 0.0446406 0.931533 0.0439718 0.931462 0.0442946 0.934517 0.048866 0.934538 0.048579 0.935602 0.0479556 0.935404 0.0478518 0.935187 0.0471253 0.935295 0.0470219 0.935404 0.0478518 0.935602 0.0479556 0.934675 0.0469439 0.934784 0.0468059 0.935187 0.0471253 0.935295 0.0470219 0.933824 0.0456626 0.934784 0.0468059 0.933736 0.0458053 0.934675 0.0469439 0.951788 0.0655946 0.951788 0.0643429 0.95211 0.0654659 0.951954 0.0644315 0.95211 0.066523 0.951954 0.0678022 0.951788 0.0666743 0.951788 0.0678267 0.951788 0.0655946 0.95211 0.0654659 0.951788 0.0666743 0.95211 0.066523 0.934538 0.048579 0.934517 0.048866 0.933118 0.0474925 0.932988 0.04763 0.929362 0.0464406 0.931409 0.0467133 0.929374 0.0466451 0.931345 0.0469109 0.927472 0.0466408 0.927538 0.0468375 0.925416 0.04761 0.92553 0.0477828 0.953611 0.06543 0.954938 0.0654145 0.953611 0.0673199 0.954938 0.0673222 0.953611 0.0693671 0.953611 0.0673199 0.954938 0.0693715 0.954938 0.063374 0.953611 0.063374 0.954938 0.0724952 0.953611 0.0724952 0.954938 0.0710785 0.953611 0.0710756 0.954938 0.0733619 0.953611 0.0733619 0.954938 0.0724952 0.953611 0.0724952 0.946441 0.0864757 0.947168 0.0864757 0.946441 0.0878025 0.947168 0.0878438 0.953322 0.06298 0.953322 0.0634921 0.951954 0.06298 0.951954 0.0634921 0.953322 0.0644315 0.953322 0.0656582 0.951954 0.0644315 0.95211 0.0654659 0.953322 0.0634921 0.953322 0.0644315 0.951954 0.0634921 0.951954 0.0644315 0.953322 0.0667154 0.953322 0.0656582 0.953322 0.0678022 0.951954 0.0678022 0.953322 0.0667154 0.95211 0.066523 0.92899 0.0451361 0.928986 0.0449535 0.930365 0.0444914 0.930341 0.0443336 0.953322 0.0678022 0.953322 0.0691773 0.951954 0.0678022 0.951954 0.0691773 0.927948 0.0446617 0.928986 0.0449535 0.927925 0.0448254 0.92899 0.0451361 0.926745 0.0446853 0.927948 0.0446617 0.926815 0.0448266 0.927925 0.0448254 0.953322 0.0702427 0.953322 0.0713525 0.951954 0.0702427 0.951954 0.0713525 0.953322 0.0691773 0.953322 0.0702427 0.951954 0.0691773 0.951954 0.0702427 0.925764 0.0459733 0.925698 0.0457922 0.926815 0.0448266 0.926745 0.0446853 0.953322 0.0713525 0.953322 0.0724036 0.951954 0.0713525 0.951954 0.0724036 0.925764 0.0459733 0.924378 0.0459185 0.925698 0.0457922 0.92432 0.0457592 0.953322 0.0724036 0.953322 0.0737892 0.951954 0.0724036 0.951954 0.0737892 0.92432 0.0457592 0.924378 0.0459185 0.923271 0.0465406 0.923379 0.046666 0.922465 0.0475695 0.92232 0.0475069 0.923379 0.046666 0.923271 0.0465406 0.951954 0.0747886 0.951954 0.0737892 0.953322 0.0747886 0.953322 0.0737892 0.953322 0.0757027 0.951954 0.0757027 0.953322 0.0747886 0.951954 0.0747886 0.941437 0.06298 0.941643 0.0631195 0.941437 0.0643745 0.941643 0.0644784 0.927631 0.0472376 0.927577 0.0470383 0.929331 0.0470024 0.929329 0.0467957 0.931093 0.0472247 0.931146 0.047025 0.932734 0.0479055 0.932838 0.0478057 0.931127 0.0706024 0.931333 0.0706186 0.931127 0.071498 0.931333 0.0713585 0.941643 0.0678819 0.941643 0.0661193 0.94297 0.0678818 0.94297 0.0661193 0.94297 0.069581 0.941643 0.069581 0.941643 0.0631195 0.94297 0.0631195 0.941643 0.0644784 0.94297 0.0644784 0.93266 0.0713585 0.931333 0.0713585 0.93266 0.0706186 0.931333 0.0706186 0.935707 0.048407 0.935609 0.0487592 0.933637 0.0501441 0.933857 0.0501463 0.962847 0.0790704 0.96152 0.0790704 0.962847 0.0776833 0.96152 0.0776833 0.935609 0.0487592 0.935707 0.048407 0.935745 0.0496829 0.935903 0.0496048 0.92108 0.0832809 0.92108 0.0823572 0.922448 0.0832809 0.922406 0.0823572 0.936808 0.0505158 0.936669 0.0505644 0.935903 0.0496048 0.935745 0.0496829 0.922448 0.0841624 0.92108 0.0841624 0.922448 0.0832809 0.92108 0.0832809 0.936736 0.0512775 0.9366 0.0511019 0.936808 0.0505158 0.936669 0.0505644 0.922453 0.0846999 0.92108 0.0846938 0.922448 0.0841624 0.92108 0.0841624 0.936137 0.0511438 0.936057 0.0509512 0.936736 0.0512775 0.9366 0.0511019 0.931925 0.0842937 0.930553 0.0842978 0.931925 0.0837545 0.930599 0.0837545 0.934579 0.0520431 0.934673 0.0517805 0.936137 0.0511438 0.936057 0.0509512 0.931925 0.0837545 0.930599 0.0837545 0.931925 0.0823709 0.930599 0.0823709 0.948685 0.0659947 0.947358 0.0659947 0.948685 0.0645475 0.947358 0.0645474 0.948685 0.06298 0.947358 0.06298 0.931333 0.0659341 0.93266 0.0659341 0.931333 0.0682194 0.93266 0.0682194 0.931333 0.0635839 0.93266 0.0635838 0.93266 0.0698833 0.931333 0.0698833 0.928963 0.0443663 0.930251 0.0437744 0.928974 0.0446705 0.930305 0.0441114 0.927738 0.0440981 0.928963 0.0443663 0.927712 0.0444277 0.928974 0.0446705 0.926486 0.0441701 0.927738 0.0440981 0.926641 0.0444775 0.927712 0.0444277 0.92548 0.0452167 0.926486 0.0441701 0.925586 0.0454888 0.926641 0.0444775 0.924129 0.045244 0.92548 0.0452167 0.924247 0.0455604 0.925586 0.0454888 0.923095 0.0464196 0.922106 0.0474153 0.922878 0.04617 0.921787 0.0472803 0.924129 0.045244 0.924247 0.0455604 0.922878 0.04617 0.923095 0.0464196 0.922075 0.0477304 0.921758 0.0475766 0.922106 0.0474153 0.921787 0.0472803 0.920883 0.0485477 0.921758 0.0475766 0.921178 0.048707 0.922075 0.0477304 0.92232 0.0475069 0.922465 0.0475695 0.922274 0.0478277 0.922432 0.0479063 0.951062 0.075891 0.95243 0.075891 0.951062 0.0762277 0.95243 0.0762277 0.921511 0.0488864 0.921363 0.0488066 0.922432 0.0479063 0.922274 0.0478277 0.95243 0.0762277 0.95243 0.0772079 0.951062 0.0762277 0.951062 0.0772079 0.921263 0.0498447 0.921108 0.0497777 0.921511 0.0488864 0.921363 0.0488066 0.95243 0.0772079 0.95243 0.0781662 0.951062 0.0772079 0.951062 0.0781662 0.921108 0.0497777 0.921263 0.0498447 0.920753 0.0502802 0.920905 0.0503527 0.951062 0.0781662 0.95243 0.0781662 0.951062 0.0786742 0.95243 0.0786742 0.920406 0.0527745 0.920238 0.0527891 0.920905 0.0503527 0.920753 0.0502802 0.95243 0.0786742 0.95243 0.081096 0.951062 0.0786742 0.951062 0.081096 0.921178 0.048707 0.920914 0.049694 0.920883 0.0485477 0.920606 0.049558 0.920564 0.0501896 0.920263 0.0500439 0.920914 0.049694 0.920606 0.049558 0.920564 0.0501896 0.920027 0.0528068 0.920263 0.0500439 0.919691 0.0528313 0.954938 0.0618982 0.953611 0.0618982 0.958194 0.0852315 0.956867 0.0852219 0.958194 0.0837097 0.956868 0.0837097 0.953611 0.0606057 0.954938 0.0606057 0.922648 0.0510255 0.923941 0.0488345 0.922841 0.0511007 0.924087 0.0489809 0.922411 0.052548 0.922202 0.0525474 0.925693 0.0479189 0.9258 0.0480947 0.922776 0.0526206 0.922573 0.0525803 0.923185 0.0512289 0.922998 0.0511308 0.924376 0.0492741 0.924223 0.049133 0.94297 0.0728335 0.941643 0.0728363 0.94297 0.0714105 0.941643 0.0714121 0.94297 0.0740237 0.941643 0.0740272 0.953301 0.0880605 0.953301 0.0866688 0.954627 0.0880852 0.954628 0.0866723 0.920498 0.0530371 0.920421 0.0531501 0.920406 0.0527745 0.920238 0.0527891 0.920421 0.0531501 0.920498 0.0530371 0.921293 0.0532024 0.921373 0.0530371 0.948901 0.0878825 0.949776 0.0865141 0.949776 0.0878821 0.95243 0.081096 0.95243 0.0813586 0.951062 0.081096 0.951062 0.0813586 0.923599 0.0536571 0.923806 0.0536572 0.923965 0.0555702 0.924173 0.0555372 0.926037 0.058121 0.925744 0.0581545 0.92501 0.0571088 0.924852 0.0572471 0.947358 0.0678868 0.948685 0.0678868 0.947358 0.0697632 0.948685 0.0697999 0.948685 0.072384 0.947358 0.072384 0.948685 0.0714766 0.947358 0.071482 0.950697 0.0878376 0.950531 0.0878369 0.950531 0.0864684 0.950065 0.0878817 0.950065 0.0865137 0.950242 0.0878822 0.959877 0.0852304 0.959973 0.0838612 0.960137 0.0836958 0.921109 0.0555939 0.920953 0.0556324 0.921197 0.0542772 0.921034 0.0542538 0.921942 0.0569524 0.921845 0.0570781 0.921109 0.0555939 0.920953 0.0556324 0.951445 0.0815845 0.951445 0.0829012 0.950077 0.0815845 0.950077 0.0829012 0.951445 0.0829012 0.951445 0.0842597 0.950077 0.0829012 0.950077 0.0842597 0.921845 0.0570781 0.921942 0.0569524 0.922908 0.0574948 0.923096 0.0573892 0.947457 0.0878816 0.947457 0.0865141 0.948611 0.0878823 0.948611 0.0865141 0.922908 0.0574948 0.923096 0.0573892 0.92283 0.058123 0.922997 0.058107 0.954019 0.081547 0.954019 0.0822648 0.952651 0.081547 0.952651 0.0822648 0.923422 0.0592571 0.923272 0.0593275 0.922997 0.058107 0.92283 0.058123 0.924054 0.0603399 0.923966 0.0604677 0.954019 0.0822648 0.954018 0.0834149 0.952651 0.0822648 0.952651 0.0834149 0.954018 0.0844976 0.952651 0.0844976 0.923966 0.0604677 0.924054 0.0603399 0.924559 0.0606414 0.924684 0.0605031 0.924802 0.0612391 0.924559 0.0606414 0.92491 0.0610951 0.924684 0.0605031 0.945269 0.0858144 0.945269 0.0871816 0.94464 0.0858144 0.94464 0.0871816 0.924802 0.0612391 0.92491 0.0610951 0.925888 0.0620783 0.925979 0.0619407 0.927106 0.0625674 0.92708 0.0627249 0.94326 0.0640503 0.94326 0.0629811 0.944628 0.0640503 0.944628 0.06298 0.944628 0.0651766 0.94326 0.0651766 0.925014 0.0592637 0.925744 0.0581545 0.925257 0.0592365 0.926037 0.058121 0.947359 0.0734931 0.947358 0.072384 0.948685 0.0734931 0.948685 0.072384 0.925014 0.0592637 0.925257 0.0592365 0.926876 0.0604521 0.926953 0.0602605 0.947358 0.0746816 0.947359 0.0734931 0.948685 0.0746816 0.948685 0.0734931 0.928596 0.0607027 0.928567 0.0609073 0.932005 0.0601869 0.932074 0.0603819 0.93037 0.0606483 0.930391 0.0608539 0.93295 0.0671059 0.934276 0.0671059 0.93295 0.068789 0.934276 0.068789 0.934276 0.0706123 0.934276 0.0723036 0.93295 0.0706123 0.93295 0.0723036 0.93295 0.0706123 0.927726 0.0591815 0.926212 0.0584962 0.927706 0.0589402 0.926171 0.0582184 0.926171 0.0582184 0.926212 0.0584962 0.925526 0.0591944 0.925664 0.0591737 0.939038 0.0735167 0.937712 0.0735167 0.939038 0.072968 0.937712 0.072968 0.925526 0.0591944 0.925664 0.0591737 0.927012 0.0600952 0.927084 0.0599013 0.93187 0.0598312 0.931947 0.060023 0.930329 0.0602451 0.930359 0.0604497 0.928685 0.0602752 0.928663 0.0604807 0.936096 0.0682495 0.936096 0.0666054 0.937422 0.0682495 0.937422 0.0666054 0.937422 0.0697906 0.936096 0.0697906 0.936096 0.065004 0.936096 0.0635838 0.937422 0.065004 0.937422 0.0635838 0.937712 0.0714544 0.937712 0.0697943 0.939038 0.0714544 0.939039 0.0697943 0.929386 0.0594442 0.929401 0.0592375 0.931259 0.0591389 0.931199 0.0589413 0.932701 0.0584005 0.932583 0.0582311 0.934627 0.0555749 0.934753 0.0558226 0.933823 0.0570353 0.933956 0.0571926 0.939039 0.0679212 0.937712 0.0679212 0.937712 0.0644277 0.939039 0.0644277 0.937712 0.0652249 0.939039 0.0652467 0.939039 0.0664791 0.937712 0.0664791 0.92708 0.0627249 0.927106 0.0625674 0.928307 0.062544 0.928272 0.0623824 0.92941 0.0620681 0.92941 0.0622464 0.94326 0.0663427 0.94326 0.0651766 0.944628 0.0663427 0.944628 0.0651766 0.944628 0.0674808 0.94326 0.0674808 0.92941 0.0622464 0.92941 0.0620681 0.930305 0.0625698 0.930347 0.0624095 0.931289 0.0626757 0.931286 0.0628451 0.94326 0.0684179 0.94326 0.0674808 0.944628 0.0684091 0.944628 0.0674808 0.944628 0.06936 0.94326 0.06936 0.931286 0.0628451 0.931289 0.0626757 0.932467 0.0625201 0.932417 0.0623626 0.933503 0.0619045 0.933595 0.0620433 0.94326 0.0704875 0.94326 0.06936 0.944628 0.0704915 0.944628 0.06936 0.944628 0.0715735 0.94326 0.0715735 0.920027 0.0528068 0.920819 0.0542974 0.919691 0.0528313 0.920473 0.0543953 0.920409 0.055767 0.920473 0.0543953 0.920738 0.0556854 0.920819 0.0542974 0.921499 0.0575361 0.920409 0.055767 0.921706 0.0572611 0.920738 0.0556854 0.922677 0.0576284 0.922316 0.0578453 0.921706 0.0572611 0.921499 0.0575361 0.922823 0.0596337 0.922288 0.0581752 0.923121 0.0594895 0.922621 0.0581429 0.923636 0.0609575 0.923831 0.0606664 0.922316 0.0578453 0.922677 0.0576284 0.922288 0.0581752 0.922621 0.0581429 0.924351 0.0608715 0.924156 0.0610921 0.923831 0.0606664 0.923636 0.0609575 0.924325 0.0615024 0.924156 0.0610921 0.924603 0.0613113 0.924351 0.0608715 0.925914 0.0623421 0.927041 0.0629463 0.925913 0.0627151 0.926986 0.0632831 0.924325 0.0615024 0.924603 0.0613113 0.928176 0.0627822 0.929415 0.0625031 0.928199 0.0631148 0.929386 0.0628146 0.926986 0.0632831 0.927041 0.0629463 0.930322 0.0631384 0.929386 0.0628146 0.930386 0.0628119 0.929415 0.0625031 0.931285 0.0630573 0.931279 0.0633954 0.933709 0.0622174 0.93389 0.0624965 0.932514 0.0626866 0.932616 0.0630357 0.931279 0.0633954 0.931285 0.0630573 0.934692 0.0615457 0.93389 0.0624965 0.934535 0.0612999 0.933709 0.0622174 0.934535 0.0612999 0.935365 0.0611548 0.934692 0.0615457 0.935494 0.0614747 0.936986 0.060034 0.935494 0.0614747 0.936694 0.0598669 0.935365 0.0611548 0.9372 0.0584462 0.937481 0.058643 0.936694 0.0598669 0.936986 0.060034 0.9372 0.0584462 0.938147 0.0575349 0.937481 0.058643 0.938449 0.0576922 0.93853 0.05531 0.938604 0.053056 0.938859 0.0553436 0.938931 0.0529605 0.938449 0.0576922 0.938147 0.0575349 0.933503 0.0619045 0.934234 0.0608758 0.933595 0.0620433 0.934348 0.0610333 0.944628 0.0715735 0.944627 0.072305 0.94326 0.0715735 0.94326 0.072305 0.935215 0.0607953 0.935275 0.0609416 0.934234 0.0608758 0.934348 0.0610333 0.944627 0.072305 0.944628 0.0732855 0.94326 0.072305 0.94326 0.0732855 0.936372 0.0596618 0.936518 0.059746 0.935215 0.0607953 0.935275 0.0609416 0.944628 0.0732855 0.944628 0.074443 0.94326 0.0732855 0.94326 0.074443 0.936518 0.059746 0.936372 0.0596618 0.937025 0.0583223 0.936885 0.0582225 0.959803 0.0816537 0.958435 0.0816537 0.959803 0.0802144 0.958435 0.0802144 0.937952 0.0574262 0.937025 0.0583223 0.937808 0.0573568 0.936885 0.0582225 0.958435 0.0802144 0.958435 0.0793487 0.959803 0.0802144 0.959803 0.0793487 0.937953 0.0566801 0.938151 0.0565193 0.937808 0.0573568 0.937952 0.0574262 0.958435 0.0793487 0.958435 0.0786721 0.959803 0.0793487 0.959761 0.0786721 0.938151 0.0565193 0.937953 0.0566801 0.936028 0.0559505 0.936159 0.0561993 0.954504 0.0864804 0.953178 0.0864804 0.954504 0.084686 0.953178 0.084686 0.933258 0.0595381 0.934489 0.0585466 0.933348 0.0597255 0.934601 0.0587264 0.936028 0.0559505 0.936159 0.0561993 0.935428 0.0573107 0.935596 0.0574002 0.934276 0.0658508 0.93295 0.0658312 0.941682 0.0858424 0.941682 0.0871687 0.940481 0.0858424 0.940419 0.0871688 0.93295 0.0645782 0.934276 0.0646124 0.93295 0.0635838 0.934276 0.063623 0.933178 0.0593913 0.933063 0.0592118 0.935597 0.0560488 0.935868 0.0559076 0.93508 0.0571045 0.935253 0.0572157 0.934198 0.0582471 0.934354 0.0583904 0.936096 0.0730001 0.936096 0.0721184 0.937422 0.0730038 0.937422 0.0721122 0.943027 0.0858424 0.943027 0.0871691 0.941975 0.0858426 0.941971 0.0871691 0.936096 0.0709836 0.937422 0.0709841 0.935868 0.0559076 0.935597 0.0560488 0.934627 0.0555749 0.934753 0.0558226 0.939039 0.0644277 0.937712 0.0644277 0.939039 0.0635838 0.937712 0.0635838 0.934408 0.0555565 0.934213 0.0554942 0.93476 0.0538596 0.934553 0.0538596 0.932317 0.0578866 0.933443 0.056813 0.932478 0.0580245 0.933639 0.0568951 0.931192 0.0587185 0.931122 0.0585238 0.934566 0.0724828 0.934566 0.0717126 0.935806 0.0724847 0.935806 0.0716882 0.935806 0.0705442 0.934566 0.0705864 0.935806 0.0693868 0.934566 0.0693918 0.935794 0.0676559 0.934566 0.0676559 0.938002 0.0798678 0.938014 0.0782323 0.939242 0.0798669 0.939242 0.0782323 0.930807 0.0487147 0.930864 0.048517 0.932214 0.0493324 0.932327 0.0491594 0.933184 0.0501898 0.933344 0.0500602 0.934555 0.0523928 0.934357 0.0524496 0.933908 0.0513103 0.934087 0.0512171 0.938931 0.0529605 0.938604 0.053056 0.938758 0.0526443 0.93845 0.0527307 0.93845 0.0527307 0.93836 0.0517251 0.938758 0.0526443 0.938669 0.0515234 0.937353 0.0507482 0.938669 0.0515234 0.937106 0.0508682 0.93836 0.0517251 0.936028 0.0559505 0.936631 0.0552479 0.930305 0.0625698 0.930386 0.0628119 0.924603 0.0613113 0.924802 0.0612391 0.937696 0.054639 0.936137 0.0511438 0.936226 0.0520674 0.937106 0.0508682 0.936736 0.0512775 0.924247 0.0455604 0.92432 0.0457592 0.923095 0.0464196 0.923271 0.0465406 0.924351 0.0608715 0.924559 0.0606414 0.946152 0.086476 0.946152 0.0878433 0.94556 0.0864757 0.945559 0.0878436 0.93741 0.05239 0.93845 0.0527307 0.938019 0.0534553 0.938604 0.053056 0.93836 0.0517251 0.934087 0.0512171 0.934245 0.0510842 0.93266 0.0706186 0.931333 0.0706186 0.962847 0.0807046 0.96152 0.0807046 0.962847 0.0799158 0.96152 0.0799158 0.934579 0.0520431 0.934245 0.0510842 0.934673 0.0517805 0.934359 0.0509917 0.931333 0.0635839 0.931333 0.0659341 0.931127 0.0636572 0.931127 0.0659247 0.92394 0.0517651 0.92466 0.0503178 0.924097 0.0517306 0.924792 0.0503343 0.948685 0.0645475 0.948685 0.06298 0.948891 0.064564 0.948891 0.0630517 0.930954 0.0481969 0.932617 0.0489474 0.930864 0.048288 0.932469 0.0490121 0.931333 0.0682194 0.931127 0.0681296 0.933353 0.0496125 0.933337 0.0497783 0.932327 0.0491594 0.932469 0.0490121 0.930864 0.048517 0.930864 0.048288 0.937712 0.072968 0.939038 0.072968 0.926285 0.0581196 0.934408 0.0555565 0.933857 0.0501463 0.933637 0.0501441 0.962847 0.0790704 0.96152 0.0790704 0.923121 0.0594895 0.923272 0.0593275 0.923831 0.0606664 0.923966 0.0604677 0.922621 0.0581429 0.92283 0.058123 0.922677 0.0576284 0.922908 0.0574948 0.921706 0.0572611 0.921845 0.0570781 0.934883 0.0465766 0.934784 0.0468059 0.935486 0.0468424 0.935295 0.0470219 0.935707 0.048407 0.935602 0.0479556 0.922106 0.0474153 0.92232 0.0475069 0.921108 0.0497777 0.920914 0.049694 0.920564 0.0501896 0.920753 0.0502802 0.958484 0.0836958 0.959587 0.0836958 0.958626 0.0852304 0.959535 0.0852304 0.920027 0.0528068 0.920421 0.0531501 0.920238 0.0527891 0.927886 0.076019 0.927886 0.0741553 0.928992 0.076019 0.928992 0.0741553 0.927886 0.0729366 0.928992 0.0729366 0.927886 0.0716628 0.928992 0.0716628 0.949591 0.0813961 0.949591 0.0793744 0.950698 0.0813961 0.950698 0.0793744 0.934566 0.0662348 0.935783 0.0662348 0.934566 0.0646598 0.935783 0.0646598 0.934566 0.0635838 0.935783 0.0635838 0.927886 0.0779209 0.929102 0.0779209 0.927886 0.0792767 0.929102 0.0792767 0.949591 0.0772358 0.949591 0.0758295 0.950698 0.0772358 0.950698 0.0758295 0.939242 0.073705 0.939242 0.0745624 0.938136 0.073705 0.938136 0.0745624 0.939242 0.0768223 0.938026 0.0768223 0.939242 0.075683 0.938026 0.075683 0.956649 0.064769 0.960228 0.0624097 0.959043 0.0609783 0.960184 0.0621245 0.958926 0.0606057 0.959043 0.0609783 0.957703 0.062576 0.958926 0.0606057 0.957504 0.0623009 0.961026 0.0730663 0.961977 0.0731882 0.96103 0.0734314 0.962039 0.0735608 0.965492 0.070888 0.966363 0.068523 0.965768 0.0711203 0.966693 0.0686109 0.964284 0.0721729 0.964486 0.0724835 0.961977 0.0731882 0.962769 0.0729825 0.962039 0.0735608 0.962879 0.0733426 0.966102 0.0661351 0.965571 0.0649103 0.966415 0.0660772 0.965852 0.0647776 0.964826 0.0640997 0.965062 0.0639176 0.964826 0.0640997 0.964493 0.0641015 0.965062 0.0639176 0.964709 0.0639195 0.960823 0.0627325 0.960228 0.0624097 0.960815 0.062467 0.960184 0.0621245 0.956649 0.064769 0.956017 0.0661106 0.956386 0.0646277 0.955715 0.0660512 0.955557 0.0679327 0.955228 0.0679846 0.955937 0.0695375 0.956651 0.0710051 0.95563 0.0696872 0.956388 0.0712445 0.957352 0.071814 0.957132 0.0721027 0.957352 0.071814 0.957768 0.0719714 0.957132 0.0721027 0.957573 0.0722697 0.959124 0.0727035 0.961026 0.0730663 0.959012 0.0730465 0.96103 0.0734314 0.957768 0.0719714 0.957573 0.0722697 0.962233 0.0629281 0.960823 0.0627325 0.962311 0.0626744 0.960815 0.062467 0.963373 0.0633774 0.96352 0.0631513 0.964493 0.0641015 0.964709 0.0639195 0.957703 0.062576 0.956649 0.064769 0.957504 0.0623009 0.956386 0.0646277 0.92248 0.0800343 0.922626 0.0801805 0.920557 0.0820091 0.920637 0.0821689 0.92248 0.0800343 0.920557 0.0820091 0.922333 0.0798882 0.920431 0.0817366 0.920431 0.0817366 0.920361 0.0815687 0.922333 0.0798882 0.922187 0.0797421 0.952792 0.084686 0.952829 0.0865126 0.951706 0.0847216 0.951706 0.0865126 0.926986 0.0844039 0.925862 0.0844039 0.926985 0.0824155 0.9259 0.0824155</float_array>
					<technique_common>
						<accessor source="#_0_TexCoord0_array_id" count="3600" stride="2">
							<param name="S" type="float" />
							<param name="T" type="float" />
						</accessor>
					</technique_common>
				</source>
				<source id="_0_Tangent_id" name="_0_Tangent">
					<float_array id="_0_Tangent_array_id" count="10800">-5.32443E-05 0 -1 -5.32443E-05 0 -1 -5.32443E-05 0 -1 0.39462 0.0612917 -0.916798 0.39462 0.0612917 -0.916798 0.39462 0.0612917 -0.916798 -5.32443E-05 0 -1 -0.920677 -0.382518 0.0776768 -0.92409 -0.37239 0.0859221 -0.917096 -0.392577 0.0694173 -0.920677 -0.382518 0.0776768 -0.986806 -0.161765 0.00682039 -0.988551 -0.149815 0.0179755 -0.984794 -0.173672 -0.00433651 -0.986806 -0.161765 0.00682039 -0.998612 0.0510707 0.0128473 -0.999478 0.0317534 -0.00593499 -0.999478 0.0317534 -0.00593499 -0.999618 0.0124131 -0.024713 -0.913492 0.406843 0.003437 -0.884776 0.459386 0.0783307 -0.933808 0.35056 -0.0714883 -0.913492 0.406843 0.003437 -0.921213 0.38519 0.054733 -0.921213 0.38519 0.054733 -0.921213 0.38519 0.054733 -0.696515 0.716374 0.0409433 -0.696515 0.716374 0.0409433 -0.696515 0.716374 0.0409433 -0.696515 0.716374 0.0409433 0 1 0 0 1 0 0 1 0 0 1 0 -0.923472 0.381529 0.0404297 -0.923472 0.381529 0.0404297 -0.923472 0.381529 0.0404297 -0.923472 0.381529 0.0404297 -0.94311 0.332079 0.0163386 -0.935993 0.351976 -0.00548731 -0.949357 0.311875 0.0381494 -0.94311 0.332079 0.0163386 0 1 0 -0.154981 0.986695 0.0491414 -0.126102 0.991211 0.0399848 -0.126102 0.991211 0.0399848 -0.0723307 0.997117 0.0229346 0.0883197 0.995699 -0.0280032 -0.0295633 0.999545 -0.00591327 0 1 0 -0.0590999 0.998182 -0.0118206 -0.0295633 0.999545 -0.00591327 -0.987993 -0.154119 -0.0108132 -0.986806 -0.161765 0.00682039 -0.986806 -0.161765 0.00682039 -0.983957 -0.177833 0.0142484 -0.659609 0.748189 0.0716139 -0.659609 0.748189 0.0716139 -0.659609 0.748189 0.0716139 -0.662192 0.748281 -0.0397214 -0.662192 0.748281 -0.0397214 -0.662192 0.748281 -0.0397214 -0.662192 0.748281 -0.0397214 -0.99 0.121564 0.0715645 -0.984627 0.17359 0.0193984 -0.984627 0.17359 0.0193984 -0.97388 0.224669 -0.0328737 -0.988224 -0.143099 0.054186 -0.842778 0.531047 -0.0878313 -0.988224 -0.143099 0.054186 -0.842778 0.531047 -0.0878313 -0.764187 0.183456 0.618355 -0.793122 0.179067 0.582145 -0.723825 0.192647 0.662544 -0.723825 0.192647 0.662544 -0.679425 0.202553 0.705233 -0.753699 0.183337 0.63113 -0.753699 0.183337 0.63113 -0.529028 0.187027 0.827738 -0.529028 0.187027 0.827738 -0.529028 0.187027 0.827738 -0.529028 0.187027 0.827738 -0.988111 0.152067 0.02261 -0.995478 0.0934285 -0.0171807 -0.995478 0.0934285 -0.0171807 -0.997791 0.0343154 -0.0568841 -0.998534 -0.0540495 0.00275926 -0.998534 -0.0540495 0.00275926 -0.998534 -0.0540495 0.00275926 -0.998534 -0.0540495 0.00275926 -0.969814 0.243772 -0.00607374 -0.969814 0.243772 -0.00607374 -0.969814 0.243772 -0.00607374 -0.829183 -0.535442 0.160492 -0.951749 -0.24478 0.185085 -0.788914 -0.548037 0.277977 -0.951749 -0.24478 0.185085 -0.679802 -0.731093 -0.0580812 -0.679802 -0.731093 -0.0580812 0 -1 0 0 -1 0 0 -1 0 0 -1 0 -0.775344 -0.631454 0.0103554 -0.751707 -0.659452 0.00773811 -0.835595 -0.528504 0.149879 -0.828336 -0.559239 0.0333165 -0.836002 -0.424391 0.34784 -0.470449 -0.880257 -0.06185 -0.470449 -0.880257 -0.06185 -0.470449 -0.880257 -0.06185 -0.470449 -0.880257 -0.06185 -0.657068 0.753456 -0.0238013 -0.657068 0.753456 -0.0238013 -0.657068 0.753456 -0.0238013 -0.657068 0.753456 -0.0238013 -0.90309 0.429449 0.00114707 -0.90309 0.429449 0.00114707 -0.90309 0.429449 0.00114707 -0.696875 0.221873 0.68201 0 -1 0 0 -1 0 -0.516371 0.228633 0.82528 -0.995372 0.0834031 0.0477374 -0.261517 0.237833 0.935438 -0.756491 0.234461 0.610532 -0.32917 0.183048 0.926359 -0.32917 0.183048 0.926359 -0.124074 -0.36503 -0.922691 -0.100606 -0.375204 -0.921466 -0.124074 -0.36503 -0.922691 -0.148967 -0.35502 -0.922914 -0.148967 -0.35502 -0.922914 -0.842817 0.53818 -0.00477155 -0.842817 0.53818 -0.00477155 -0.842817 0.53818 -0.00477155 -0.809986 0.121247 0.573779 -0.809986 0.121247 0.573779 -0.809986 0.121247 0.573779 -0.809986 0.121247 0.573779 -0.975951 0.217805 0.00900356 -0.96537 0.258849 -0.0325236 -0.983095 0.175993 0.0504991 -0.975951 0.217805 0.00900356 0.650012 0.732682 -0.201647 0.958509 0.0741081 -0.27526 -0.00579268 0.999777 -0.0202912 0.650012 0.732682 -0.201647 -0.899769 -0.432366 -0.0589516 -0.859393 -0.508672 -0.0519208 -0.899769 -0.432366 -0.0589516 -0.870426 -0.486213 -0.0771727 -0.928747 -0.367524 -0.0485264 -0.928747 -0.367524 -0.0485264 0.991401 0.0585582 -0.117025 0.680844 0.727501 -0.084814 0.680844 0.727501 -0.084814 0 1 0 0 1 0 0 1 0 0 1 0 0 1 0 0 1 0 0 1 0 -0.998534 -0.0540495 0.00275926 -0.998534 -0.0540495 0.00275926 -0.998534 -0.0540495 0.00275926 -0.999876 0.0104489 -0.011774 -0.999876 0.0104489 -0.011774 -0.662001 0.743525 -0.0944745 -0.662001 0.743525 -0.0944745 -0.907902 0.418064 -0.030601 -0.907902 0.418064 -0.030601 -0.907902 0.418064 -0.030601 -0.907902 0.418064 -0.030601 -0.569351 -0.822058 0.00771982 -0.569351 -0.822058 0.00771982 -0.569351 -0.822058 0.00771982 -0.569351 -0.822058 0.00771982 -0.92393 0.0463206 -0.379747 -0.92393 0.0463206 -0.379747 -0.92393 0.0463206 -0.379747 -0.92393 0.0463206 -0.379747 -0.751707 -0.659452 0.00773811 -0.751707 -0.659452 0.00773811 -0.751707 -0.659452 0.00773811 0.250876 2.21155E-06 0.968019 0.250876 2.21155E-06 0.968019 0.250876 2.21155E-06 0.968019 0.250876 2.21155E-06 0.968019 -0.92467 0 -0.38077 -0.92467 0 -0.38077 -0.92467 0 -0.38077 -0.92467 0 -0.38077 -0.833182 -0.550011 -0.0574018 -0.851005 -0.522198 -0.0556715 -0.833182 -0.550011 -0.0574018 -0.814466 -0.577374 -0.0573059 -0.930368 -0.252303 -0.266004 -0.944481 -0.250396 -0.212738 -0.93194 -0.356108 -0.0683732 -0.351505 -0.793947 -0.496077 -0.351505 -0.793947 -0.496077 -0.351505 -0.793947 -0.496077 -0.351505 -0.793947 -0.496077 -0.602914 0.169385 0.779617 -0.602914 0.169385 0.779617 -0.602914 0.169385 0.779617 -0.97529 0.178486 0.1302 -0.97529 0.178486 0.1302 -0.937054 0.193462 0.290694 -0.916259 0.189268 0.353055 -0.872594 0.198068 0.446485 -0.883362 0.212826 0.417585 -0.858255 0.183486 0.479304 -0.858255 0.183486 0.479304 -0.829503 -0.11179 -0.5472 -0.829503 -0.11179 -0.5472 -0.829503 -0.11179 -0.5472 -0.803764 0.594942 0.00272313 -0.803764 0.594942 0.00272313 -0.803764 0.594942 0.00272313 -0.803764 0.594942 0.00272313 -0.910439 0.407115 0.073197 -0.910439 0.407115 0.073197 -0.910439 0.407115 0.073197 -0.910439 0.407115 0.073197 0 -1 0 0 -1 0 0 -1 0 0 -1 0 -0.85407 0.518814 0.037369 -0.868012 0.493957 0.0506042 -0.868012 0.493957 0.0506042 -0.881754 0.467726 0.0611816 -0.881754 0.467726 0.0611816 -0.358503 -0.0265627 -0.93315 -0.358503 -0.0265627 -0.93315 -0.358503 -0.0265627 -0.93315 0.554376 0.826986 -0.0936065 0.844774 0.519083 -0.13004 0.844774 0.519083 -0.13004 0.982722 0.117505 -0.143006 0 -1 0 -0.0212231 -0.996247 0.0839192 0.0121109 -0.998 -0.0620428 0.0121109 -0.998 -0.0620428 0 -1 0 0.0163951 -0.992865 -0.118115 -0.894575 0.446845 -0.00810913 -0.894575 0.446845 -0.00810913 -0.876586 0.481235 -0.00316256 -0.876586 0.481235 -0.00316256 -0.980799 0.18381 -0.0651699 -0.980799 0.18381 -0.0651699 -0.982167 0.185975 -0.0276079 -0.999044 0.0261348 -0.0350341 -0.962078 0.180755 -0.204289 -0.746177 -0.642648 -0.173851 -0.442873 -0.837451 -0.320218 -0.760351 -0.648739 -0.0316907 -0.458717 -0.886399 -0.0622502 -0.775615 -0.630797 0.0227187 -0.51664 -0.85522 -0.0410061 -0.921022 -0.32791 0.210222 -0.691284 -0.693679 0.202327 -0.921022 -0.32791 0.210222 -0.719315 -0.66661 0.195492 -0.916744 -0.331968 0.22221 -0.745677 -0.639685 0.186465 0.0306985 -0.99298 0.114233 0 -1 0 -0.0508072 -0.984889 -0.165565 -0.0508072 -0.984889 -0.165565 -0.137907 -0.906653 -0.398699 0 -1 0 0 -1 0 0 -1 0 0 -1 0 0 -1 0 -0.864409 -0.442906 -0.237974 -0.793498 -0.450644 -0.408999 -0.786418 -0.61742 -0.0183991 -0.769487 -0.630098 -0.104241 -0.625731 -0.779298 0.0340034 -0.625731 -0.779298 0.0340034 -0.765348 0.643557 0.0087704 -0.765348 0.643557 0.0087704 -0.765348 0.643557 0.0087704 -0.765348 0.643557 0.0087704 -0.442233 -0.89688 -0.00601026 -0.442233 -0.89688 -0.00601026 -0.442233 -0.89688 -0.00601026 -0.406632 -0.912585 0.0428843 -0.520923 -0.853493 0.0137675 -0.406632 -0.912585 0.0428843 -0.31744 -0.814573 0.485492 -0.415179 -0.876842 0.242434 -0.415179 -0.876842 0.242434 -0.870035 -0.330696 -0.365623 -0.946141 -0.31567 -0.0718976 -0.703526 -0.0829828 -0.705808 -0.846352 -0.11164 -0.520792 -0.91352 0.18029 -0.36466 0.495338 0.126714 0.859409 0.703063 0.0829818 0.706269 -0.90333 0.380264 -0.19848 -0.90333 0.380264 -0.19848 -0.90333 0.380264 -0.19848 -0.804067 -0.593942 -0.0266307 -0.804067 -0.593942 -0.0266307 -0.731145 -0.682129 0.0113132 -0.867071 -0.495144 -0.0549553 -0.596122 -0.802586 0.0222598 -0.560831 -0.826878 -0.0417253 -0.560831 -0.826878 -0.0417253 -0.522215 -0.846268 -0.105463 0 -1 0 0 -1 0 0 -1 0 0 -1 0 0 -1 0 0 -1 0 -0.0870503 -0.0723979 0.99357 -0.0870503 -0.0723979 0.99357 -0.0870503 -0.0723979 0.99357 0 -1 0 0 -1 0 0 -1 0 0 -1 0 0 -1 0 0 -1 0 0 -1 0 0 -1 0 -0.867071 -0.495144 -0.0549553 -0.815576 -0.577421 -0.0376989 -0.73795 -0.674171 0.030386 -0.73795 -0.674171 0.030386 -0.962876 -0.235346 -0.132222 -0.418597 0.0794542 0.90469 -0.497519 0.107268 0.860795 -0.7557 -0.392504 -0.524269 -0.251272 -0.369658 -0.894548 -0.903066 0.367494 -0.222305 -0.903066 0.367494 -0.222305 -0.903066 0.367494 -0.222305 -0.327971 -0.940623 0.0875476 -0.327971 -0.940623 0.0875476 -0.327971 -0.940623 0.0875476 -0.777492 0.628666 -0.0168854 -0.777492 0.628666 -0.0168854 -0.777492 0.628666 -0.0168854 -0.777492 0.628666 -0.0168854 -0.232841 0.0755843 -0.969573 -0.232841 0.0755843 -0.969573 -0.232841 0.0755843 -0.969573 -0.232841 0.0755843 -0.969573 -0.232841 0.0755843 -0.969573 -0.232841 0.0755843 -0.969573 -0.232841 0.0755843 -0.969573 -0.887378 0.458554 -0.0478455 -0.891351 0.452104 -0.0331008 -0.883161 0.464877 -0.062577 -0.887378 0.458554 -0.0478455 -0.521453 -0.853048 -0.0198914 -0.51664 -0.85522 -0.0410061 -0.488549 -0.872304 -0.0201345 -0.500372 -0.865808 -0.00211925 -0.435405 -0.89879 -0.0509826 -0.456989 -0.88928 -0.0184832 -0.957041 -0.285374 -0.0513181 -0.951494 -0.298121 -0.076043 -0.961819 -0.272397 -0.0265519 -0.957041 -0.285374 -0.0513181 0 -1 0 0 -1 0 0 -1 0 0 -1 0 0 -1 0 0 -1 0 0 -1 0 0 -1 0 -0.994569 -0.101588 0.0226573 -0.984359 -0.174404 0.0249137 -0.992642 -0.120693 0.00971922 -0.983957 -0.177833 0.0142484 -0.999328 -0.0355776 0.00883469 0 -1 0 -0.489343 -0.8679 0.085404 -0.0147438 -0.99989 0.00150204 -0.0147438 -0.99989 0.00150204 0 -1 0 0.131875 -0.991258 -0.00401048 0 -1 0 0 -1 0 0 -1 0 0 -1 0 -0.877894 0.478133 -0.0262847 -0.877894 0.478133 -0.0262847 -0.877894 0.478133 -0.0262847 -0.874027 0.484121 -0.0412793 -0.868443 0.491359 -0.0661312 -0.877894 0.478133 -0.0262847 -0.874027 0.484121 -0.0412793 0 1 0 0 1 0 0 1 0 0.954936 0.0483402 -0.292848 0.954936 0.0483402 -0.292848 0.954936 0.0483402 -0.292848 0.954936 0.0483402 -0.292848 -0.96537 0.258849 -0.0325236 -0.96537 0.258849 -0.0325236 -0.96537 0.258849 -0.0325236 -0.96537 0.258849 -0.0325236 -0.673219 0.739418 0.00606055 -0.673219 0.739418 0.00606055 -0.673219 0.739418 0.00606055 -0.907569 0.41368 -0.0720191 -0.909529 0.413495 -0.042177 -0.909529 0.413495 -0.042177 -0.910675 0.41294 -0.0122972 -0.910675 0.41294 -0.0122972 -0.910675 0.41294 -0.0122972 -0.537852 0.172196 0.825266 -0.537852 0.172196 0.825266 -0.537852 0.172196 0.825266 -0.537852 0.172196 0.825266 -0.55911 0.152402 0.814966 -0.55911 0.152402 0.814966 -0.55911 0.152402 0.814966 -0.587342 -0.809259 -0.0113867 -0.587342 -0.809259 -0.0113867 -0.587342 -0.809259 -0.0113867 -0.548545 -0.83549 0.0324849 -0.548545 -0.83549 0.0324849 -0.491282 -0.869138 0.0569342 -0.859151 0.509061 -0.0521231 -0.859151 0.509061 -0.0521231 -0.859151 0.509061 -0.0521231 -0.505256 0 0.86297 -0.505256 0 0.86297 -0.505256 0 0.86297 -0.505256 0 0.86297 0 -1 0 0 -1 0 0 -1 0 0 -1 0 -0.336214 -0.937921 -0.0852347 -0.336214 -0.937921 -0.0852347 -0.336214 -0.937921 -0.0852347 -0.986611 -0.125593 -0.104045 -0.986611 -0.125593 -0.104045 -0.686454 0.00896808 0.727118 -0.686454 0.00896808 0.727118 -0.446021 0.0477661 0.893747 -0.323249 0.000941253 -0.946314 0.636936 -0.112841 -0.762614 -0.741959 6.37716E-05 -0.670446 -0.941471 -0.100795 0.321673 -0.638243 0.11284 0.76152 -0.65836 0.000973513 0.752702 -0.910934 -0.388234 0.139546 -0.893509 -0.447698 0.0347733 -0.565542 -0.819548 0.0922148 -0.619949 -0.781801 0.0667054 -0.565542 -0.819548 0.0922148 -0.814739 0.57875 0.0353274 -0.814739 0.57875 0.0353274 -0.814739 0.57875 0.0353274 -0.971167 0.236948 -0.0262763 -0.966026 0.258329 0.00774287 -0.994569 -0.101588 0.0226573 -0.966026 0.258329 0.00774287 -0.984794 -0.173672 -0.00433651 -0.984794 -0.173672 -0.00433651 -0.984794 -0.173672 -0.00433651 -0.901152 -0.431816 0.0382106 -0.965461 -0.247909 -0.0801641 -0.901152 -0.431816 0.0382106 -0.995768 0.0918825 0.00193053 -0.901147 0.431823 0.0382619 -0.901147 0.431823 0.0382619 -0.983768 0.178911 -0.0138643 -0.983768 0.178911 -0.0138643 -0.983768 0.178911 -0.0138643 -0.966018 -0.258359 0.00771801 -0.966018 -0.258359 0.00771801 -0.814751 -0.578732 0.0353592 -0.814751 -0.578732 0.0353592 -0.814751 -0.578732 0.0353592 0 -1 0 0 -1 0 0 -1 0 0 -1 0 0 -1 0 0 -1 0 0 -1 0 0 -1 0 0 -1 0 0 -1 0 0 -1 0 0 -1 0 0 -1 0 0 -1 0 0 -1 0 0 -1 0 0 1 0 -0.110736 0.993407 0.0296734 -0.110736 0.993407 0.0296734 -0.220011 0.973715 0.0589538 0 1 0 0 1 0 0 1 0 0 1 0 0 -1 0 0 -1 0 0 -1 0 0 -1 0 -0.0151098 -0.998295 -0.0563907 -0.00755812 -0.999574 -0.0282074 -0.00755812 -0.999574 -0.0282074 0 -1 0 0 -1 0 0 -1 0 0 -1 0 0 -1 0 0.714466 -0.696232 -0.0692826 0.714466 -0.696232 -0.0692826 0.714466 -0.696232 -0.0692826 0.95706 -0.252575 -0.142278 0.696908 -0.71716 -0.000763055 0.950995 -0.305617 0.0469744 0.696908 -0.71716 -0.000763055 0.65509 -0.755509 -0.00799004 0.65509 -0.755509 -0.00799004 0.65509 -0.755509 -0.00799004 0 1 0 0 1 0 0 1 0 0 1 0 -0.953557 0.300933 0.0129808 -0.987645 0.148753 -0.0492951 -0.976134 -0.212864 -0.0430317 -0.987645 0.148753 -0.0492951 -0.760351 -0.648739 -0.0316907 -0.760351 -0.648739 -0.0316907 -0.760351 -0.648739 -0.0316907 0.0151107 -0.998295 0.0563906 0.0225985 -0.996181 0.0843353 0.0225985 -0.996181 0.0843353 0.0306985 -0.99298 0.114233 -0.697805 -0.716264 -0.00584762 -0.95329 -0.302057 -0.000254603 -0.697805 -0.716264 -0.00584762 -0.655286 -0.755313 0.0101472 -0.655286 -0.755313 0.0101472 -0.655286 -0.755313 0.0101472 0 -1 0 0 -1 0 0 -1 0 0 -1 0 -0.975961 0.206456 -0.0698344 -0.987645 -0.148748 -0.0493147 -0.987645 -0.148748 -0.0493147 0 -1 0 0 -1 0 0 -1 0 0 -1 0 0 1 0 -0.532467 0.834336 0.142697 -0.532467 0.834336 0.142697 -0.888516 0.392235 0.238098 0.0764764 0.425578 0.901684 0.0687663 0.25192 0.965302 0.0502757 0.416186 0.907889 0.02268 0.226417 0.973767 0.0245297 0.015512 0.999579 -0.0245201 -0.015506 0.999579 0 0.534477 0.845183 0.045391 0.511133 0.858302 0 0.534477 0.845183 0.045391 0.511133 0.858302 -0.0503024 0.416196 0.907883 -0.0392332 0.510138 0.859197 -0.0764985 0.425586 0.901679 -0.0392332 0.510138 0.859197 0.0245351 -0.0155154 0.999579 -0.0226965 0.226426 0.973764 -0.024534 0.0155149 0.999579 -0.0687858 0.25193 0.965298 0.0764982 -0.425586 0.901679 0.0687854 -0.25193 0.965298 0.050298 -0.416194 0.907884 0.0226974 -0.226426 0.973764 -2.9976E-06 -0.534476 0.845184 0.0453861 -0.511131 0.858303 -2.9976E-06 -0.534476 0.845184 0.0453861 -0.511131 0.858303 -0.0502821 -0.416188 0.907887 -0.0392233 -0.510136 0.859199 -0.0764816 -0.42558 0.901683 -0.0392233 -0.510136 0.859199 -0.0226777 -0.226415 0.973767 -0.0687753 -0.251925 0.9653 0 -1 0 0 -1 0 0 -1 0 0 -1 0 0 -1 0 0 -1 0 0 1 0 0 1 0 0 1 0 0 1 0 0 -1 0 0 -1 0 0 1 0 0 1 0 0 1 0 0 1 0 0 -1 0 0 -1 0 0 -1 0 0 -1 0 0 1 0 0 1 0 0 -1 0 0 -1 0 0 -1 0 0 -1 0 0 -1 0 0 -1 0 0 -1 0 0 -1 0 0 -1 0 0 -1 0 0 -1 0 0 -1 0 0 -1 0 0 -1 0 0 -1 0 0 -1 0 0 -1 0 0 -1 0 -5.32443E-05 0 -1 -5.32443E-05 0 -1 -5.32443E-05 0 -1 -5.32443E-05 0 -1 -5.32443E-05 0 -1 -5.32443E-05 0 -1 -5.32443E-05 0 -1 -5.32443E-05 0 -1 -5.32443E-05 0 -1 -5.32443E-05 0 -1 -5.32443E-05 0 -1 -5.32443E-05 0 -1 -5.32443E-05 0 -1 -5.32443E-05 0 -1 -5.32443E-05 0 -1 -5.32443E-05 0 -1 -5.32443E-05 0 -1 -5.32443E-05 0 -1 -5.32443E-05 0 -1 -5.32443E-05 0 -1 -5.32443E-05 0 -1 -5.32443E-05 0 -1 -5.32443E-05 0 -1 -5.32443E-05 0 -1 -5.32443E-05 0 -1 -5.32443E-05 0 -1 -5.32443E-05 0 -1 -5.32443E-05 0 -1 -5.32443E-05 0 -1 -5.32443E-05 0 -1 -5.32443E-05 0 -1 -5.32443E-05 0 -1 0 0 1 0 0 1 0 0 1 0 0 1 0 0 1 0 0 1 0 0 1 0 0 1 0 0 1 0 0 1 0 0 1 0 0 1 0 0 1 0 0 1 0 0 1 0 0 1 0 0 1 0 0 1 0 0 1 0 0 1 0 0 1 0 0 1 0 0 1 0 0 1 0 0 1 0 0 1 0 0 1 0 0 1 -0.0768337 -0.215276 0.973526 -0.0245201 -0.015506 0.999579 -0.0347552 -0.19567 0.980054 0.0245297 0.015512 0.999579 -0.024534 0.0155149 0.999579 0.0557896 -0.20552 0.977061 0.0245351 -0.0155154 0.999579 0.0557896 -0.20552 0.977061 -0.054262 -0.444734 0.894017 -0.0893806 -0.367917 0.925553 -0.054262 -0.444734 0.894017 -0.0655077 -0.360518 0.930449 0 -0.465912 0.884831 0 -0.465912 0.884831 -0.0768107 0.215266 0.97353 -0.0347351 0.19566 0.980056 0.0486704 0.443936 0.894736 1.34246E-05 0.465912 0.884831 0.0486704 0.443936 0.894736 1.34246E-05 0.465912 0.884831 0.0347575 0.195671 0.980053 0.0655023 0.360516 0.93045 0.0768262 0.215273 0.973527 0.0893792 0.367917 0.925553 -0.0542333 0.44473 0.894021 -0.0893891 0.36792 0.925551 -0.0542333 0.44473 0.894021 -0.0655048 0.360517 0.930449 0 -1 0 0 -1 0 0 -1 0 0 -1 0 0 -1 0 0 -1 0 0 -1 0 0 -1 0 0 -1 0 0 -1 0 0 -1 0 0 -1 0 0 -1 0 0 -1 0 0 -1 0 0 -1 0 0 -1 0 0 -1 0 0 1 0 0 1 0 0 1 0 0 1 0 0 -1 0 0 -1 0 0 -1 0 0 -1 0 0 -1 0 0 -1 0 0 -1 0 0 -1 0 0 -1 0 0 -1 0 0 1 0 0 1 0 0.0521063 -0.293439 -0.954557 0.0262877 -0.0203563 -0.999447 0.00240707 -0.260256 -0.965537 -0.0262975 0.0203638 -0.999447 0.026295 0.0203619 -0.999447 -0.0272711 -0.276977 -0.96049 -0.02629 -0.0203581 -0.999447 -0.0272711 -0.276977 -0.96049 -0.0253244 -0.730928 -0.681985 0.0109087 -0.569406 -0.821984 -0.0253244 -0.730928 -0.681985 -0.0224128 -0.554387 -0.831957 0.000553103 -0.687273 -0.726399 0.000553103 -0.687273 -0.726399 0.0521087 0.293441 -0.954556 0.00241189 0.260259 -0.965536 -0.0228458 0.585105 -0.810635 0.000508658 0.687698 -0.725997 -0.0228458 0.585105 -0.810635 0.000508658 0.687698 -0.725997 0.00241189 0.260259 -0.965536 -0.0239435 0.478728 -0.877636 -0.052107 0.29344 -0.954557 -0.0526042 0.490716 -0.86973 -0.0258488 0.731652 -0.681189 0.0106079 0.569829 -0.821695 -0.0258488 0.731652 -0.681189 -0.0226961 0.554811 -0.831667 0.048666 -0.443936 0.894736 0.048666 -0.443936 0.894736 0.0655063 -0.360518 0.930449 0.089388 -0.367919 0.925551 0 -1 0 0 -1 0 0 -1 0 0 -1 0 0 -1 0 0 -1 0 -0.02275 -0.585088 -0.810651 -0.02275 -0.585088 -0.810651 -0.0239509 -0.478732 -0.877635 -0.0525753 -0.490704 -0.869738 -5.32443E-05 0 -1 -5.32443E-05 0 -1 -5.32443E-05 0 -1 -0.0136658 -0.639619 -0.76857 -0.0136658 -0.639619 -0.76857 -0.0136658 -0.639619 -0.76857 -0.0136658 -0.639619 -0.76857 0.052158 -0.998507 -0.0162516 0.10416 -0.994031 -0.032454 0 -1 0 0.052158 -0.998507 -0.0162516 -0.0799575 -0.919541 0.384773 -0.0799575 -0.919541 0.384773 -0.0799575 -0.919541 0.384773 -0.617537 0.712897 -0.332303 -0.277086 0.949184 -0.149241 -0.650601 0.714785 -0.256514 0 1 0 -0.356423 0.928154 -0.107204 0 1 0 0.277252 0.94988 -0.144428 0.42261 0.879168 -0.220148 0 1 0 0 1 0 0 1 0 0 1 0 0 1 0 0 1 0 0 1 0 -0.0560845 0.998426 -0.000918473 -0.101779 0.976447 -0.190244 -0.0222341 0.988587 -0.149003 -0.0222341 0.988587 -0.149003 0.0574924 0.992644 -0.106544 0.53142 0.843118 -0.0821311 0.512514 0.855018 -0.0792113 -0.0784092 0.984762 0.15523 -0.0174966 0.991205 0.131171 -0.0174966 0.991205 0.131171 0.0434917 0.993356 0.106545 0.0422784 0.666557 -0.744254 0.0422784 0.666557 -0.744254 0.0422784 0.666557 -0.744254 0.0422784 0.666557 -0.744254 0.00585526 -0.999748 0.0216685 0 -1 0 0.00292753 -0.999937 0.0108327 0 -1 0 0.000227813 0.719766 -0.694217 0.000227813 0.719766 -0.694217 0.000227813 0.719766 -0.694217 0.000227813 0.719766 -0.694217 0.0422784 0.666557 -0.744254 0.0422784 0.666557 -0.744254 0.0170528 0.683819 -0.729452 0.0170528 0.683819 -0.729452 -0.00195284 0.647105 -0.762398 0.00227064 0.732586 -0.680671 -0.0173879 0.655575 -0.75493 -0.00195284 0.647105 -0.762398 -0.0556393 0.46144 -0.885425 0.0265732 0.647264 -0.761803 -0.0556393 0.46144 -0.885425 0.344908 -0.0370375 -0.937906 0.344908 -0.0370375 -0.937906 0.344908 -0.0370375 -0.937906 0.572194 -0.0425677 -0.819013 0.572194 -0.0425677 -0.819013 0.572194 -0.0425677 -0.819013 0 0 1 0 0 1 0 0 1 0 0 1 -0.050557 -0.527823 -0.847849 -0.050557 -0.527823 -0.847849 -0.050557 -0.527823 -0.847849 -0.050557 -0.527823 -0.847849 0.544833 -0.0390915 -0.837633 0.544833 -0.0390915 -0.837633 0.544833 -0.0390915 -0.837633 0.544833 -0.0390915 -0.837633 0.0792604 -0.0520015 -0.995497 0.0792604 -0.0520015 -0.995497 0.0792604 -0.0520015 -0.995497 0.133637 0.00453143 0.99102 0.133637 0.00453143 0.99102 0.133637 0.00453143 0.99102 0.133637 0.00453143 0.99102 0.133637 0.00453143 0.99102 0.133637 0.00453143 0.99102 0.133637 0.00453143 0.99102 0 -1 0 0 -1 0 0 -1 0 0 -1 0 0 -1 0 0 -1 0 0 -1 0 0 -1 0 0.663018 0.628721 0.406347 0.130081 0.988297 0.0796747 0.969405 0.194491 -0.149754 0.969405 0.194491 -0.149754 0 -1 0 0 -1 0 -0.036571 0.564917 -0.824337 -0.036571 0.564917 -0.824337 -0.036571 0.564917 -0.824337 -0.036571 0.564917 -0.824337 0.0254433 0.986775 -0.160087 -0.0610313 0.991603 -0.114016 0.111673 0.972451 -0.204617 0.0254433 0.986775 -0.160087 -5.32443E-05 0 -1 -5.32443E-05 0 -1 -5.32443E-05 0 -1 0 -1 0 0 -1 0 0 -1 0 0 -1 0 -0.987575 0.0855301 -0.131835 -0.989689 0.0555179 -0.132036 -0.989689 0.0555179 -0.132036 -0.990907 0.0254555 -0.132118 -0.0173879 0.655575 -0.75493 -0.0173879 0.655575 -0.75493 -0.0173879 0.655575 -0.75493 0 1 0 0 1 0 0 1 0 5.63269E-05 0.994687 0.102941 5.63269E-05 0.994687 0.102941 5.63269E-05 0.994687 0.102941 -5.32443E-05 0 -1 0.831697 -0.55523 -1.73429E-06 0.831697 -0.55523 -1.73429E-06 0.831697 -0.55523 -1.73429E-06 0.831697 -0.55523 -1.73429E-06 0 -1 0 0 -1 0 0 -1 0 0 -1 0 -0.832051 -0.5547 -0.000129047 -0.832051 -0.5547 -0.000129047 -0.832051 -0.5547 -0.000129047 -0.832051 -0.5547 -0.000129047 -0.161572 0.00439258 0.986851 -0.161572 0.00439258 0.986851 -0.161572 0.00439258 0.986851 -0.161572 0.00439258 0.986851 0 -1 0 0 -1 0 0 -1 0 0 -1 0 0.00404696 0.745346 -0.666666 0.0666979 0.56666 -0.821248 -0.799518 -0.571543 0.18469 -0.751707 -0.659452 0.00773811 -0.860762 -0.466715 0.20314 0.0253513 0.660273 -0.750598 -0.314074 -0.0429098 -0.948428 -0.314074 -0.0429098 -0.948428 -0.314074 -0.0429098 -0.948428 0 -1 0 0 -1 0 0 -1 0 0 -1 0 0 0 1 0 0 1 0 0 1 0 0 1 0 0 1 0 0 1 0 -1 0 0 -1 0 0 -1 0 0 -1 0 0 1 0 0 1 0 0 1 0 0 1 0 -1 0 -2.85215E-05 -1 0 -2.85215E-05 -1 0 -2.85215E-05 -1 0 -2.85215E-05 -0.771959 -0.635669 -0.00207719 -0.771959 -0.635669 -0.00207719 -0.00112733 0.0355058 0.999369 0.00116358 -0.751166 0.660112 -0.00259084 0.796118 0.605136 -0.00112733 0.0355058 0.999369 0.00959149 0.620595 -0.784073 0.00959149 0.620595 -0.784073 0.00959149 0.620595 -0.784073 -5.32443E-05 0 -1 -5.32443E-05 0 -1 -5.32443E-05 0 -1 -0.0138113 0.639641 -0.76855 -0.0138113 0.639641 -0.76855 -0.0138113 0.639641 -0.76855 -0.0138113 0.639641 -0.76855 0.0348586 0.999333 -0.0108614 0.0696709 0.997334 -0.0217078 0 1 0 0.0348586 0.999333 -0.0108614 -0.0799576 0.919542 0.384772 -0.0799576 0.919542 0.384772 -0.0799576 0.919542 0.384772 -0.930148 -0.0218431 -0.366536 -0.650599 -0.714788 -0.256513 -0.650599 -0.714788 -0.256513 0 -1 0 0 -1 0 0 -1 0 0 -1 0 0 -1 0 0.0434434 -0.999055 -0.00121443 0.0868049 -0.996222 -0.00241978 0 -1 0 0.0434434 -0.999055 -0.00121443 0 -1 0 0 -1 0 0 -1 0 0 -1 0 0 -1 0 0 -1 0 0 -1 0 -0.101662 -0.976471 -0.190184 -0.0221752 -0.988593 -0.148972 -0.0221752 -0.988593 -0.148972 0.0574924 -0.992644 -0.106544 0 -1 0 -0.327113 -0.936801 0.124099 -0.327113 -0.936801 0.124099 -0.612876 -0.755193 0.232524 -0.0783429 -0.984771 0.155204 -0.0174634 -0.991208 0.131158 -0.0174634 -0.991208 0.131158 0.0434917 -0.993356 0.106545 0.0421173 -0.666517 -0.744299 0.0421173 -0.666517 -0.744299 0.0421173 -0.666517 -0.744299 0.0421173 -0.666517 -0.744299 0 -1 0 0 -1 0 0 -1 0 0 -1 0 0.00604377 -0.721998 -0.691869 0.00604377 -0.721998 -0.691869 0.00604377 -0.721998 -0.691869 0.00604377 -0.721998 -0.691869 0.0159754 -0.688546 -0.725017 0.0159754 -0.688546 -0.725017 0.0159754 -0.688546 -0.725017 0.0159754 -0.688546 -0.725017 0.0614493 -0.660987 -0.747877 0.0614493 -0.660987 -0.747877 0.0614493 -0.660987 -0.747877 0.0614493 -0.660987 -0.747877 0.00379861 -0.812615 -0.582789 0.00379861 -0.812615 -0.582789 0.00379861 -0.812615 -0.582789 -0.00214518 -0.572517 -0.81989 -0.00214518 -0.572517 -0.81989 -0.00214518 -0.572517 -0.81989 -0.00214518 -0.572517 -0.81989 -5.32443E-05 0 -1 -5.32443E-05 0 -1 -5.32443E-05 0 -1 -5.32443E-05 0 -1 -5.32443E-05 0 -1 -5.32443E-05 0 -1 0 0 1 0 0 1 0 0 1 0 0 1 -0.0505623 0.527824 -0.847847 -0.0505623 0.527824 -0.847847 -0.0505623 0.527824 -0.847847 -0.0505623 0.527824 -0.847847 -5.32443E-05 0 -1 0 0 1 0 0 1 0 0 1 0 0 1 0 0 1 0 0 1 0 0 1 0 1 0 0 1 0 0 1 0 0 1 0 0 1 0 0 1 0 0 1 0 0 1 0 -0.521453 -0.853048 -0.0198914 0.0165429 -0.999863 0.000844265 -0.891874 -0.449496 -0.0501441 -0.521453 -0.853048 -0.0198914 0 -1 0 0 -1 0 0 -1 0 0 -1 0 -0.0365991 -0.564923 -0.824332 -0.0365991 -0.564923 -0.824332 -0.0365991 -0.564923 -0.824332 -0.0365991 -0.564923 -0.824332 0.0255642 -0.986762 -0.16015 -0.0610313 -0.991603 -0.114016 0.111913 -0.972398 -0.204739 0.0255642 -0.986762 -0.16015 -5.32443E-05 0 -1 -5.32443E-05 0 -1 -5.32443E-05 0 -1 0 1 0 0 1 0 0 1 0 0 1 0 -0.987575 -0.0855301 -0.131835 -0.989689 -0.0555179 -0.132036 -0.989689 -0.0555179 -0.132036 -0.990907 -0.0254555 -0.132118 -0.0136658 -0.639619 -0.76857 -0.0136658 -0.639619 -0.76857 -0.0136658 -0.639619 -0.76857 0 -1 0 0 -1 0 0 -1 0 4.86038E-05 -0.994687 0.102948 4.86038E-05 -0.994687 0.102948 4.86038E-05 -0.994687 0.102948 0 -1 0 -5.32443E-05 0 -1 -0.832051 -0.5547 -0.000129047 -0.832051 -0.5547 -0.000129047 -0.832051 -0.5547 -0.000129047 -0.832051 -0.5547 -0.000129047 0 -1 0 0 -1 0 0 -1 0 0 -1 0 0.831697 -0.55523 -1.73429E-06 0.831697 -0.55523 -1.73429E-06 0.831697 -0.55523 -1.73429E-06 0.831697 -0.55523 -1.73429E-06 0 1 0 0 1 0 0 1 0 0 1 0 0.00604377 -0.721998 -0.691869 0.00604377 -0.721998 -0.691869 0.00604377 -0.721998 -0.691869 0.00604377 -0.721998 -0.691869 0.714343 -0.699094 -0.0313384 0.714343 -0.699094 -0.0313384 0.714343 -0.699094 -0.0313384 -0.00403211 -0.770599 -0.637308 -0.00403211 -0.770599 -0.637308 -0.00403211 -0.770599 -0.637308 -5.32443E-05 0 -1 0 1 0 0 1 0 0 1 0 0 1 0 0 0 1 0 0 1 0 0 1 0 0 1 0 0 1 0 0 1 0 1 0 0 1 0 0 1 0 0 1 0 0 -1 0 0 -1 0 0 -1 0 0 -1 0 -1 0 -2.85215E-05 -1 0 -2.85215E-05 -1 0 -2.85215E-05 -1 0 -2.85215E-05 0.731409 -0.681939 0.000345071 0.731409 -0.681939 0.000345071 0.731409 -0.681939 0.000345071 0.731409 -0.681939 0.000345071 0.00112779 0.0355357 -0.999368 -0.00116366 -0.75107 -0.660221 0.0025917 0.796067 -0.605203 0.00112779 0.0355357 -0.999368 0.00971256 -0.620602 -0.784065 0.00971256 -0.620602 -0.784065 0.00971256 -0.620602 -0.784065 0 0 1 0 0 1 0 0 1 0 0 1 -0.779016 5.7369E-06 0.627005 -0.779016 5.7369E-06 0.627005 -0.779016 5.7369E-06 0.627005 -0.779016 5.7369E-06 0.627005 -1 0 -2.85215E-05 -0.999328 -0.0355776 0.00883469 -0.999328 -0.0355776 0.00883469 -0.997312 -0.0732698 -0.000657283 -0.788443 -0.615108 -3.16933E-05 -0.788443 -0.615108 -3.16933E-05 -0.788443 -0.615108 -3.16933E-05 -0.788443 -0.615108 -3.16933E-05 -0.800038 -0.0488973 0.597953 -0.800038 -0.0488973 0.597953 -0.800038 -0.0488973 0.597953 -0.999876 0.0104489 -0.011774 -0.999876 0.0104489 -0.011774 -0.999943 -0.0014222 -0.0106086 -0.999876 0.0104489 -0.011774 0.79113 -0.611648 3.43824E-05 0.79113 -0.611648 3.43824E-05 0.79113 -0.611648 3.43824E-05 0.79113 -0.611648 3.43824E-05 -0.707106 0 -0.707107 -0.707106 0 -0.707107 -0.707106 0 -0.707107 -0.707106 0 -0.707107 -0.735845 0.067456 -0.673782 -0.735845 0.067456 -0.673782 -0.735845 0.067456 -0.673782 0 -1 0 0 -1 0 0 -1 0 0 -1 0 0 -1 0 0 -1 0 0 -1 0 0 -1 0 -1 0 -2.85215E-05 -0.999328 -0.0355776 0.00883469 -0.999328 -0.0355776 0.00883469 -0.997312 -0.0732698 -0.000657283 -0.707107 0 0.707107 -0.707107 0 0.707107 -0.707107 0 0.707107 -0.707107 0 0.707107 0 -1 0 0 -1 0 0 -1 0 0 -1 0 -0.682461 -0.719301 0.129816 -0.682461 -0.719301 0.129816 -0.682461 -0.719301 0.129816 -1 0 -2.85215E-05 -0.999943 -0.00142229 0.0106083 -1 0 -2.85215E-05 -1 0 -2.85215E-05 -0.73582 0.067391 0.673816 -0.73582 0.067391 0.673816 -0.73582 0.067391 0.673816 -1 0 -2.85215E-05 -1 0 -2.85215E-05 -1 0 -2.85215E-05 -1 0 -2.85215E-05 -0.779016 5.7369E-06 0.627005 -0.779016 5.7369E-06 0.627005 -0.779016 5.7369E-06 0.627005 -0.779016 5.7369E-06 0.627005 -1 0 -2.85215E-05 -0.999478 0.0317534 -0.00593499 -0.999478 0.0317534 -0.00593499 -0.997313 0.0732553 -0.000657329 0.79113 -0.611648 3.43824E-05 0.79113 -0.611648 3.43824E-05 0.79113 -0.611648 3.43824E-05 0.79113 -0.611648 3.43824E-05 -0.80006 0.0489497 0.59792 -0.80006 0.0489497 0.59792 -0.80006 0.0489497 0.59792 -1 0 -2.85215E-05 -1 0 -2.85215E-05 -0.999876 0.0104489 -0.011774 -1 0 -2.85215E-05 -0.788443 -0.615108 -3.16933E-05 -0.788443 -0.615108 -3.16933E-05 -0.788443 -0.615108 -3.16933E-05 -0.788443 -0.615108 -3.16933E-05 -0.707106 0 -0.707107 -0.707106 0 -0.707107 -0.707106 0 -0.707107 -0.707106 0 -0.707107 -0.735809 -0.0673621 -0.673831 -0.735809 -0.0673621 -0.673831 -0.735809 -0.0673621 -0.673831 0 -1 0 0 -1 0 0 -1 0 0 -1 0 0 -1 0 0 -1 0 0 -1 0 0 -1 0 -1 0 -2.85215E-05 -0.999478 0.0317534 -0.00593499 -0.999478 0.0317534 -0.00593499 -0.997313 0.0732553 -0.000657329 -0.707107 0 0.707107 -0.707107 0 0.707107 -0.707107 0 0.707107 -0.707107 0 0.707107 0 -1 0 0 -1 0 0 -1 0 0 -1 0 0.68246 -0.719302 -0.129817 0.68246 -0.719302 -0.129817 0.68246 -0.719302 -0.129817 -1 0 -2.85215E-05 -0.999943 -0.00142229 0.0106083 -1 0 -2.85215E-05 -1 0 -2.85215E-05 -0.735825 -0.067403 0.673809 -0.735825 -0.067403 0.673809 -0.735825 -0.067403 0.673809 -1 0 -2.85215E-05 -1 0 -2.85215E-05 -1 0 -2.85215E-05 -1 0 -2.85215E-05 -0.65836 0.000973513 0.752702 -0.65836 0.000973513 0.752702 -0.65836 0.000973513 0.752702 -0.65836 0.000973513 0.752702 -0.5 0 -0.866026 -0.5 0 -0.866026 -0.5 0 -0.866026 -0.5 0 -0.866026 -0.98198 0 0.188984 -0.98198 0 0.188984 -0.98198 0 0.188984 -0.98198 0 0.188984 -0.98198 0 0.188984 -0.98198 0 0.188984 -0.98198 0 0.188984 -0.0655077 -0.360518 0.930449 -0.0655077 -0.360518 0.930449 -0.0655077 -0.360518 0.930449 -0.578431 -0.0982931 0.809788 -0.578431 -0.0982931 0.809788 -0.578431 -0.0982931 0.809788 0 0 1 0 0 1 0 0 1 0 0 1 -5.32443E-05 0 -1 -5.32443E-05 0 -1 -5.32443E-05 0 -1 -5.32443E-05 0 -1 0.319186 0.0706199 0.945057 0.319186 0.0706199 0.945057 0.319186 0.0706199 0.945057 -0.992293 -0.00138315 -0.12391 -0.992293 -0.00138315 -0.12391 -0.992293 -0.00138315 -0.12391 -0.819846 -0.0703257 0.568249 -0.819846 -0.0703257 0.568249 -0.819846 -0.0703257 0.568249 0.426293 -0.00115167 0.904584 0.426293 -0.00115167 0.904584 0.426293 -0.00115167 0.904584 0.426293 -0.00115167 0.904584 -0.992293 -0.00138315 -0.12391 -0.992293 -0.00138315 -0.12391 -0.992293 -0.00138315 -0.12391 -0.992293 -0.00138315 -0.12391 0.785437 0 -0.618942 0.785437 0 -0.618942 0.785437 0 -0.618942 0.785437 0 -0.618942 0 0 1 0 0 1 0 0 1 0 0 1 -5.32443E-05 0 -1 -5.32443E-05 0 -1 -5.32443E-05 0 -1 -5.32443E-05 0 -1 -0.65836 0.000973513 0.752702 -0.65836 0.000973513 0.752702 -0.65836 0.000973513 0.752702 -0.65836 0.000973513 0.752702 0.5 0 0.866026 0.5 0 0.866026 0.5 0 0.866026 0.5 0 0.866026 -0.98198 0 0.188984 -0.98198 0 0.188984 -0.98198 0 0.188984 -0.98198 0 0.188984 -0.98198 0 0.188984 -0.98198 0 0.188984 -0.98198 0 0.188984 -0.0655048 0.360517 0.930449 -0.0655048 0.360517 0.930449 -0.0655048 0.360517 0.930449 0.578528 -0.0981776 -0.809732 0.578528 -0.0981776 -0.809732 0.578528 -0.0981776 -0.809732 -5.32443E-05 0 -1 -5.32443E-05 0 -1 -5.32443E-05 0 -1 -5.32443E-05 0 -1 0 0 1 0 0 1 0 0 1 0 0 1 -0.319243 0.0705766 -0.945041 -0.319243 0.0705766 -0.945041 -0.319243 0.0705766 -0.945041 -0.992293 -0.00138315 -0.12391 -0.992293 -0.00138315 -0.12391 -0.992293 -0.00138315 -0.12391 -0.819852 0.0703396 0.568238 -0.819852 0.0703396 0.568238 -0.819852 0.0703396 0.568238 -0.412172 0 -0.911106 -0.412172 0 -0.911106 -0.412172 0 -0.911106 -0.412172 0 -0.911106 -0.992293 -0.00138315 -0.12391 -0.992293 -0.00138315 -0.12391 -0.992293 -0.00138315 -0.12391 -0.992293 -0.00138315 -0.12391 -0.779016 5.7369E-06 0.627005 -0.779016 5.7369E-06 0.627005 -0.779016 5.7369E-06 0.627005 -0.779016 5.7369E-06 0.627005 -5.32443E-05 0 -1 -5.32443E-05 0 -1 -5.32443E-05 0 -1 -5.32443E-05 0 -1 0 0 1 0 0 1 0 0 1 0 0 1 -0.809017 0 0.587785 -0.309016 0 0.951057 -0.777044 -0.0576095 0.626805 -0.328084 0.155907 0.931694 -1 0 -2.85215E-05 -0.892875 -0.425749 0.146671 -0.809016 0 -0.587786 -0.757287 0.12523 -0.640964 -0.309016 0 -0.951057 -0.328084 -0.155907 -0.931694 0.309016 0 -0.951057 -0.309016 0 -0.951057 0.284533 0.00169775 -0.958665 -0.281164 0.00894625 -0.959618 0.809016 0 -0.587787 0.776829 -0.0598464 -0.626862 -1 0 -2.85215E-05 -0.809017 0 0.587785 -0.892883 0.425917 0.146132 -0.77406 0.070194 0.62921 -0.809016 0 -0.587786 -0.757762 -0.125098 -0.640427 -0.309016 0 -0.951057 -0.328004 0.155639 -0.931767 -0.309016 0 0.951057 0.309017 0 0.951057 -0.263449 -0.064428 0.96252 0.286592 -0.00843118 0.958016 -0.764627 -0.101702 0.636398 -0.651296 -0.187671 0.73525 0 0 1 -1 0 -2.85215E-05 -0.823077 0.136549 0.551271 -0.823083 -0.13657 -0.551255 -0.764627 0.101702 -0.636398 -5.32443E-05 0 -1 -0.651283 0.18769 -0.735257 0.652752 -0.187526 -0.733995 -1 0 -2.85215E-05 -0.823535 -0.136636 0.550565 -0.823541 0.136656 -0.55055 0.765222 0.10109 0.63578 0.652752 0.187527 0.733995 0 0 1 0 0 1 0 0 1 0 0 1 0 0 1 0 0 1 0 0 1 0 0 1 -0.500372 -0.865808 -0.00211925 -0.500372 -0.865808 -0.00211925 -0.500372 -0.865808 -0.00211925 -0.713165 0.697919 -0.0656116 -0.724906 0.682319 -0.0946181 -0.724906 0.682319 -0.0946181 -0.735761 0.665884 -0.123509 -0.991692 0.128631 6.19756E-05 -0.995272 0.0772573 -0.0588654 -0.983095 0.175993 0.0504991 -0.991692 0.128631 6.19756E-05 -0.445236 -0.892968 -0.0661301 -0.448796 -0.89024 -0.0778111 -0.435405 -0.89879 -0.0509826 -0.445236 -0.892968 -0.0661301 -1 0 -2.85215E-05 -1 0 -2.85215E-05 -1 0 -2.85215E-05 -1 0 -2.85215E-05 -1 0 -2.85215E-05 -1 0 -2.85215E-05 -1 0 -2.85215E-05 -1 0 -2.85215E-05 0 1 0 0 1 0 0 1 0 0 1 0 -0.931893 -0.21537 -0.291877 -0.212452 -0.356633 -0.909768 -0.99474 -0.101317 -0.0150772 -0.759593 -0.283507 -0.585356 -0.987304 -0.140154 -0.0747461 -0.991464 -0.123762 -0.0410013 0.963548 -0.082064 -0.254637 0.965747 -0.0471993 -0.255158 0.965747 -0.0471993 -0.255158 0.966766 -0.012277 -0.255368 -0.409828 -0.898614 0.156631 -0.406632 -0.912585 0.0428843 -0.412416 -0.871512 0.265291 -0.409828 -0.898614 0.156631 -0.419031 -0.905559 -0.0661548 -0.301701 -0.939593 -0.161684 -0.301701 -0.939593 -0.161684 -0.177114 -0.951029 -0.253325 -0.971691 -0.224514 -0.0735524 -0.852941 -0.290829 -0.433486 -0.852941 -0.290829 -0.433486 -0.607912 -0.314086 -0.729241 0 1 0 0 1 0 0 1 0 0 1 0 -0.884895 -0.464739 -0.0312647 -0.879208 -0.47613 -0.0171291 -0.891874 -0.449496 -0.0501441 -0.884895 -0.464739 -0.0312647 -0.626151 -0.779612 -0.0118536 -0.626151 -0.779612 -0.0118536 -0.626151 -0.779612 -0.0118536 -0.751707 -0.659452 0.00773811 -0.751707 -0.659452 0.00773811 -0.751707 -0.659452 0.00773811 -0.751707 -0.659452 0.00773811 -0.968906 -0.247428 2.38732E-05 -0.968906 -0.247428 2.38732E-05 -0.968906 -0.247428 2.38732E-05 -0.968906 -0.247428 2.38732E-05 -0.765348 0.643557 0.0087704 -0.765348 0.643557 0.0087704 -0.765348 0.643557 0.0087704 -0.765348 0.643557 0.0087704 -0.598762 0.800878 -0.0088511 -0.598762 0.800878 -0.0088511 -0.598762 0.800878 -0.0088511 -0.986067 0.164613 -0.0239557 -0.986067 0.164613 -0.0239557 -0.986067 0.164613 -0.0239557 -0.891804 -0.452411 0.0032416 -0.891804 -0.452411 0.0032416 -0.891804 -0.452411 0.0032416 -0.891804 -0.452411 0.0032416 -1 0 -2.85215E-05 -1 0 -2.85215E-05 -1 0 -2.85215E-05 -1 0 -2.85215E-05 -1 0 -2.85215E-05 -1 0 -2.85215E-05 -1 0 -2.85215E-05 -1 0 -2.85215E-05 0.0529658 0.85257 -0.519923 0.0529658 0.85257 -0.519923 0.0529658 0.85257 -0.519923 0.0529658 0.85257 -0.519923 -0.974167 0.221533 0.0438476 -0.974167 0.221533 0.0438476 -0.974167 0.221533 0.0438476 -0.974167 0.221533 0.0438476 0.0389711 0.879238 -0.474786 0.0389711 0.879238 -0.474786 0.0389711 0.879238 -0.474786 -0.969814 0.243772 -0.00607374 -0.969814 0.243772 -0.00607374 -0.969814 0.243772 -0.00607374 -0.969814 0.243772 -0.00607374 -0.85475 0.51903 -0.00313644 -0.85475 0.51903 -0.00313644 -0.85475 0.51903 -0.00313644 -0.85475 0.51903 -0.00313644 -0.82501 0.563552 -0.0420512 -0.82501 0.563552 -0.0420512 -0.82501 0.563552 -0.0420512 -0.655015 0.755291 0.0221416 -0.655015 0.755291 0.0221416 -0.655015 0.755291 0.0221416 -0.999006 0.0445738 0.000418925 -0.999006 0.0445738 0.000418925 -0.999006 0.0445738 0.000418925 -0.999006 0.0445738 0.000418925 -0.31744 -0.814573 0.485492 0.551745 -0.803222 0.224526 -0.922824 -0.152924 0.353569 -0.31744 -0.814573 0.485492 -0.876652 0.478043 -0.0543663 -0.876652 0.478043 -0.0543663 -0.876652 0.478043 -0.0543663 -0.868443 0.491359 -0.0661312 0.736789 0.589323 -0.331422 0.736789 0.589323 -0.331422 0.736789 0.589323 -0.331422 -0.833618 0.550065 0.0500929 -0.833618 0.550065 0.0500929 -0.833618 0.550065 0.0500929 -0.0716921 0.571747 -0.817292 -0.0716921 0.571747 -0.817292 -0.0716921 0.571747 -0.817292 -0.269476 -0.0160115 0.962874 -0.269476 -0.0160115 0.962874 -0.269476 -0.0160115 0.962874 -0.976408 -0.206636 -0.0626916 -0.776758 -0.359703 -0.516973 -0.776758 -0.359703 -0.516973 -0.367647 -0.415773 -0.831846 -0.760492 -0.649275 -0.0097078 -0.760492 -0.649275 -0.0097078 -0.760492 -0.649275 -0.0097078 -0.760492 -0.649275 -0.0097078 -0.893825 -0.443264 -0.0677804 -0.893825 -0.443264 -0.0677804 -0.899769 -0.432366 -0.0589516 -0.893825 -0.443264 -0.0677804 -0.771959 -0.635669 -0.00207719 -0.771959 -0.635669 -0.00207719 -0.771959 -0.635669 -0.00207719 -0.771959 -0.635669 -0.00207719 -0.999395 -0.00175578 0.034751 -0.999943 -0.00142229 0.0106083 -0.999943 -0.00142229 0.0106083 -0.999876 0.0104489 -0.011774 -0.977752 -0.0105974 0.209495 -0.98976 -0.0072179 0.142559 -0.961211 -0.0139279 0.275461 -0.977752 -0.0105974 0.209495 -0.125725 0.0512743 -0.990739 -0.0858736 0.0513446 -0.994982 -0.165374 0.0511216 -0.984905 -0.125725 0.0512743 -0.990739 -0.946612 -0.303264 0.109348 -0.946612 -0.303264 0.109348 -0.946612 -0.303264 0.109348 -0.895963 -0.442733 -0.0351813 -0.907791 -0.419156 -0.0149583 -0.895963 -0.442733 -0.0351813 -0.907791 -0.419156 -0.0149583 -0.914114 -0.273235 -0.299563 -0.914114 -0.273235 -0.299563 -0.914114 -0.273235 -0.299563 -0.914114 -0.273235 -0.299563 -0.8605 -0.381497 -0.337638 -0.8605 -0.381497 -0.337638 -0.8605 -0.381497 -0.337638 -0.91729 -0.39805 0.0116622 -0.519088 0.854448 0.0215984 -0.519088 0.854448 0.0215984 -0.519088 0.854448 0.0215984 -0.774519 0.26178 0.57584 -0.808714 0.545355 0.220386 -0.904201 0.338427 0.260552 -0.805076 0.579409 0.127033 -0.923472 0.381529 0.0404297 -0.793836 0.605829 0.052864 -0.72122 0.692702 0.00231115 -0.72122 0.692702 0.00231115 -0.72122 0.692702 0.00231115 -0.575605 0.817285 -0.0268881 -0.575605 0.817285 -0.0268881 -0.575605 0.817285 -0.0268881 -0.575605 0.817285 -0.0268881 0.435047 -0.1067 -0.894063 0.543391 -0.57935 -0.607519 -0.615391 0.16689 0.770352 0.620125 -0.565416 -0.543828 -0.772001 0.545421 0.32639 -0.786492 -0.617301 0.0192588 -0.786492 -0.617301 0.0192588 -0.786492 -0.617301 0.0192588 -0.786492 -0.617301 0.0192588 -0.956919 -0.289989 -0.0145687 -0.956919 -0.289989 -0.0145687 -0.956919 -0.289989 -0.0145687 -0.956919 -0.289989 -0.0145687 0 -1 0 0 -1 0 0 -1 0 0 -1 0 0.679692 -0.714871 0.164249 0 -1 0 0.971869 -0.0220825 0.234487 0.679692 -0.714871 0.164249 -0.756699 0.650604 -0.0642007 -0.763281 0.641175 -0.0793527 -0.763281 0.641175 -0.0793527 -0.769588 0.631514 -0.0944759 0 -1 0 0 -1 0 0 -1 0 0 -1 0 0 -1 0 0 -1 0 0 -1 0 -1 0 -2.85215E-05 -1 0 -2.85215E-05 -1 0 -2.85215E-05 -1 0 -2.85215E-05 -1 0 -2.85215E-05 -1 0 -2.85215E-05 -1 0 -2.85215E-05 -0.977517 0.209106 -0.0271138 -0.977517 0.209106 -0.0271138 -0.97388 0.224669 -0.0328737 -0.975804 0.214653 -0.0415984 -0.982167 0.185975 -0.0276079 -0.837647 -0.544343 -0.0451403 -0.841717 -0.539146 -0.0288833 -0.833182 -0.550011 -0.0574018 -0.837647 -0.544343 -0.0451403 -0.88836 0.00329786 -0.459136 -0.880705 0.00331848 -0.473653 -0.895775 0.00327636 -0.444496 -0.88836 0.00329786 -0.459136 -0.977503 -0.0334399 -0.208256 -0.977503 -0.0334399 -0.208256 -0.977503 -0.0334399 -0.208256 -0.192816 -0.0211013 0.981008 -0.192816 -0.0211013 0.981008 -0.192816 -0.0211013 0.981008 -0.290936 -0.0194493 0.956545 -0.290936 -0.0194493 0.956545 -0.290936 -0.0194493 0.956545 -0.290936 -0.0194493 0.956545 -1 0 -2.85215E-05 -1 0 -2.85215E-05 -1 0 -2.85215E-05 -0.309658 0.0323514 -0.950297 -0.309658 0.0323514 -0.950297 -0.309658 0.0323514 -0.950297 -0.309658 0.0323514 -0.950297 -0.999943 -0.00142229 0.0106083 -0.999943 -0.00142229 0.0106083 -0.999943 -0.00142229 0.0106083 -0.0414886 0.845164 -0.532894 -0.0414886 0.845164 -0.532894 -0.0414886 0.845164 -0.532894 -0.0220327 0.850701 -0.525189 0 -1 0 0 -1 0 0 -1 0 0 -1 0 0 -1 0 0.0125858 -0.999367 0.0332614 0.0125858 -0.999367 0.0332614 0.0251553 -0.997471 0.0664808 -0.990298 -0.13848 -0.0115139 -0.990298 -0.13848 -0.0115139 -0.990298 -0.13848 -0.0115139 -0.990298 -0.13848 -0.0115139 -0.891804 -0.452411 0.0032416 -0.891804 -0.452411 0.0032416 -0.891804 -0.452411 0.0032416 -0.891804 -0.452411 0.0032416 -1 0 -2.85215E-05 -1 0 -2.85215E-05 -1 0 -2.85215E-05 -1 0 -2.85215E-05 -1 0 -2.85215E-05 -0.987029 0.160447 0.00561312 -0.987029 0.160447 0.00561312 -0.987029 0.160447 0.00561312 -0.987029 0.160447 0.00561312 0 1 0 0 1 0 0 1 0 0 1 0 -0.931053 0.364884 -9.41058E-05 -0.931053 0.364884 -9.41058E-05 -0.931053 0.364884 -9.41058E-05 -0.931053 0.364884 -9.41058E-05 0 1 0 0 1 0 0 1 0 0 1 0 0 1 0 0 1 0 0 1 0 0 1 0 0 1 0 0 1 0 0 1 0 0 1 0 0.0143052 0.999897 -0.0013885 0.0143052 0.999897 -0.0013885 0.0143052 0.999897 -0.0013885 0.0348586 0.999333 -0.0108614 0 1 0 0 1 0 0 1 0 0 1 0 0 1 0 0 1 0 0 1 0 0 1 0 -0.877894 0.478133 -0.0262847 -0.877894 0.478133 -0.0262847 -0.859151 0.509061 -0.0521231 -0.859964 0.509569 -0.0283126 -0.84079 0.539978 -0.0386704 -0.84079 0.539978 -0.0386704 -0.951033 0.000206077 -0.309089 -0.310878 0.0415279 0.949542 0.306752 -0.041527 -0.950883 -0.951033 0.000206077 -0.309089 -0.994766 0.102104 0.0038795 -0.903735 0.138695 0.405003 -0.903735 0.138695 0.405003 -0.658593 0.151634 0.737064 -0.893395 0.445682 -0.0566835 -0.806497 0.590451 -0.030504 -0.859151 0.509061 -0.0521231 -0.832774 0.552658 -0.032522 -0.919908 0.388241 -0.0551274 -0.874027 0.484121 -0.0412793 -0.859964 0.509569 -0.0283126 -0.898828 0.43304 -0.0677169 -0.901713 0.429085 -0.0529052 0.700082 -0.625264 0.344862 0.463169 -0.858355 0.220684 0 -1 0 -0.146812 -0.24871 -0.957387 -0.146812 -0.24871 -0.957387 -0.146812 -0.24871 -0.957387 -0.575966 0.81374 0.0780495 -0.777492 0.628666 -0.0168854 -0.822956 0.568103 -0.00185534 -0.74565 0.6663 -0.00710113 -0.954638 -0.284571 -0.0876678 -0.954638 -0.284571 -0.0876678 -0.954638 -0.284571 -0.0876678 -0.870538 0.486445 0.0743929 -0.870538 0.486445 0.0743929 -0.870538 0.486445 0.0743929 -0.870538 0.486445 0.0743929 -0.604524 0.795663 0.0383607 -0.604524 0.795663 0.0383607 -0.604524 0.795663 0.0383607 -0.754386 0.653639 0.0604787 -0.754386 0.653639 0.0604787 -0.754386 0.653639 0.0604787 -0.814106 0.5807 0.00444922 -0.814106 0.5807 0.00444922 -0.814106 0.5807 0.00444922 -0.814106 0.5807 0.00444922 0 -1 0 0 -1 0 0 -1 0 0 -1 0 0.722127 -0.673967 0.15589 0 -1 0 -0.235278 -0.0511669 -0.97058 -0.235278 -0.0511669 -0.97058 -0.235278 -0.0511669 -0.97058 -0.870928 0.491253 0.0124828 -0.876586 0.481235 -0.00316256 -0.876586 0.481235 -0.00316256 -0.149564 -0.716588 -0.681272 0 -1 0 -0.213987 -0.0269969 -0.976463 -0.149564 -0.716588 -0.681272 0.0388851 -0.737092 -0.674672 0.0568702 -0.101875 -0.99317 0.00125276 -0.999882 -0.0152865 0.0388851 -0.737092 -0.674672 0 -1 0 0 -1 0 0 -1 0 0 -1 0 -0.868443 0.491359 -0.0661312 -0.806497 0.590451 -0.030504 -0.806497 0.590451 -0.030504 0 -1 0 0 -1 0 0 -1 0 0 -1 0 0.0151107 -0.998295 0.0563906 -0.104593 -0.968377 -0.226508 0 -1 0 0 -1 0 0 -1 0 0 -1 0 0.00585526 -0.999748 0.0216685 0 -1 0 0 -1 0 0.0620931 -0.912959 0.4033 -0.956919 -0.289989 -0.0145687 -0.956511 -0.290614 -0.0251019 -0.956511 -0.290614 -0.0251019 -0.956511 -0.290614 -0.0251019 -0.861353 -0.129402 -0.491249 -0.861353 -0.129402 -0.491249 -0.861353 -0.129402 -0.491249 -0.997372 -0.0713383 0.0126736 -0.997312 -0.0732698 -0.000657283 -0.997372 -0.0713383 0.0126736 -0.997372 -0.0713383 0.0126736 -0.999698 0.00326395 0.0243788 -0.999328 -0.00486272 -0.0363211 -0.999328 -0.00486272 -0.0363211 -0.995211 -0.0129712 -0.0968849 -0.995848 0.0120799 0.0902282 -0.999395 -0.00175578 0.034751 -0.999395 -0.00175578 0.034751 -1 0 -2.85215E-05 -0.99784 0.008718 0.0651176 -0.999395 -0.00175578 0.034751 -1 0 -2.85215E-05 -0.714125 0.69942 -0.0289482 -0.714125 0.69942 -0.0289482 -0.714125 0.69942 -0.0289482 -0.714125 0.69942 -0.0289482 -0.979589 -0.192385 0.0582504 -0.968906 -0.247428 2.38732E-05 -0.968906 -0.247428 2.38732E-05 -0.956903 -0.287512 -0.0409182 -0.0467577 -0.998886 0.00641843 -0.0147438 -0.99989 0.00150204 -0.0147438 -0.99989 0.00150204 0 -1 0 0 -1 0 0 -1 0 0 -1 0 0 -1 0 -0.999876 0.0104489 -0.011774 -0.999921 0.0125676 0.000449607 -0.999921 0.0125676 0.000449607 -0.999921 0.0125676 0.000449607 0 -1 0 0 -1 0 0 -1 0 0 -1 0 -0.995768 0.0918825 0.00193053 -0.996281 0.0841105 0.0186875 -0.996281 0.0841105 0.0186875 -0.997289 0.067073 0.0302547 0.578823 -0.815331 0.0141232 0.672982 -0.687721 0.272277 0.672982 -0.687721 0.272277 0.705366 -0.496983 0.505437 0.835902 -0.515737 -0.187837 0.803708 -0.527132 -0.276019 0.564137 -0.822572 -0.0715858 0.485591 -0.86864 -0.0983143 -0.662192 0.748281 -0.0397214 -0.650862 0.752698 -0.0991218 -0.636044 0.771393 -0.0200141 -0.615558 0.787901 -0.0173279 -0.72122 0.692702 0.00231115 -5.32443E-05 0 -1 -5.32443E-05 0 -1 -5.32443E-05 0 -1 -5.32443E-05 0 -1 0 0 1 0 0 1 0 0 1 0 0 1 0 0 1 0 0 1 0 0 1 0 0 1 0 0 1 0 0 1 0 0 1 0 0 1 0 0 1 0 0 1 0 0 1 0 0 1 -0.00293386 -0.700098 0.714041 -0.00293386 -0.700098 0.714041 -0.00293386 -0.700098 0.714041 -0.00293386 -0.700098 0.714041 0 -1 0 0 -1 0 0 -1 0 0 -1 0 0.00506426 -0.768667 0.639629 0.00506426 -0.768667 0.639629 0.00506426 -0.768667 0.639629 0 -1 0 0 -1 0 0 -1 0 0 -1 0 0.000245423 -0.250784 0.968043 0.000245423 -0.250784 0.968043 0.000245423 -0.250784 0.968043 0.000245423 -0.250784 0.968043 0 0 1 0 0 1 0 0 1 0 0 1 0.000224817 0.700865 0.713294 0.000224817 0.700865 0.713294 0.000224817 0.700865 0.713294 0.000224817 0.700865 0.713294 0.0804638 0.524583 0.847548 0.0804638 0.524583 0.847548 0.0804638 0.524583 0.847548 -0.512685 0 -0.858577 -0.512685 0 -0.858577 -0.512685 0 -0.858577 -0.512685 0 -0.858577 -0.979889 5.53788E-06 -0.199546 -0.979889 5.53788E-06 -0.199546 -0.979889 5.53788E-06 -0.199546 -0.979889 5.53788E-06 -0.199546 -0.25969 -0.000612229 0.965692 -0.25969 -0.000612229 0.965692 -0.25969 -0.000612229 0.965692 -0.25969 -0.000612229 0.965692 0 0 1 0 0 1 0 0 1 0 0 1 -1.09503E-05 0.689759 0.724039 -1.09503E-05 0.689759 0.724039 -1.09503E-05 0.689759 0.724039 -1.09503E-05 0.689759 0.724039 0.000224817 0.700865 0.713294 0.000224817 0.700865 0.713294 0.000224817 0.700865 0.713294 0.000224817 0.700865 0.713294 0 1 0 0 1 0 0 1 0 0 1 0 0 1 0 0 1 0 0 1 0 0 1 0 -0.00479782 -0.688865 0.724874 -0.00479782 -0.688865 0.724874 -0.00479782 -0.688865 0.724874 -0.00479782 -0.688865 0.724874 0.00830927 -0.689271 0.724456 0.00830927 -0.689271 0.724456 0.00830927 -0.689271 0.724456 0.00830927 -0.689271 0.724456 0 -1 0 0 -1 0 0 -1 0 0 -1 0 0 -1 0 0 -1 0 0 -1 0 0 -1 0 -0.00850046 -0.99832 0.0573219 -0.0359926 -0.996291 0.0781557 0.0125858 -0.999367 0.0332614 -0.00850046 -0.99832 0.0573219 0 0 1 0 0 1 0 0 1 0 0 1 0 0 1 -0.879002 0.0158504 -0.476554 -0.746272 0.0244787 0.665191 -0.670473 0.0337624 -0.741165 -0.935993 0.351976 -0.00548731 -0.935993 0.351976 -0.00548731 -0.935993 0.351976 -0.00548731 -0.935993 0.351976 -0.00548731 -1 0 -2.85215E-05 -0.954769 -0.00355367 0.297328 -1 0 -2.85215E-05 -1 0 -2.85215E-05 -0.774176 0.0144077 0.632806 -0.888384 0.0128826 0.458921 -1 0 -2.85215E-05 -0.935993 0.351976 -0.00548731 -0.935993 0.351976 -0.00548731 -0.935993 0.351976 -0.00548731 -0.935993 0.351976 -0.00548731 0 1 0 0 1 0 0 1 0 0 1 0 0 -1 0 0 -1 0 0 -1 0 0 -1 0 -1 0 -2.85215E-05 -1 0 -2.85215E-05 -1 0 -2.85215E-05 -1 0 -2.85215E-05 -0.74565 0.6663 -0.00710113 -0.74565 0.6663 -0.00710113 -0.74565 0.6663 -0.00710113 -0.74565 0.6663 -0.00710113 -0.935993 0.351976 -0.00548731 -0.935993 0.351976 -0.00548731 -0.935993 0.351976 -0.00548731 -0.936202 0.351413 0.00593468 -0.74322 0.668968 0.0102422 -0.74322 0.668968 0.0102422 -0.74322 0.668968 0.0102422 -0.74322 0.668968 0.0102422 0.052158 -0.998507 -0.0162516 0.0388965 -0.999191 0.0102087 0.0692627 -0.996672 -0.0429882 0.052158 -0.998507 -0.0162516 -0.626965 -0.736146 0.254958 -0.934303 -0.0848375 0.346237 0.00585526 -0.999748 0.0216685 -0.626965 -0.736146 0.254958 0 -1 0 0 -1 0 0 -1 0 0 -1 0 -1 0 -2.85215E-05 -1 0 -2.85215E-05 -1 0 -2.85215E-05 -1 0 -2.85215E-05 -1 0 -2.85215E-05 -1 0 -2.85215E-05 -1 0 -2.85215E-05 -1 0 -2.85215E-05 -1 0 -2.85215E-05 -1 0 -2.85215E-05 -1 0 -2.85215E-05 -1 0 -2.85215E-05 -1 0 -2.85215E-05 -1 0 -2.85215E-05 -1 0 -2.85215E-05 -1 0 -2.85215E-05 -1 0 -2.85215E-05 -1 0 -2.85215E-05 -1 0 -2.85215E-05 -1 0 -2.85215E-05 -1 0 -2.85215E-05 -1 0 -2.85215E-05 -1 0 -2.85215E-05 -1 0 -2.85215E-05 -1 0 -2.85215E-05 -1 0 -2.85215E-05 -1 0 -2.85215E-05 -1 0 -2.85215E-05 -1 0 -2.85215E-05 -1 0 -2.85215E-05 -1 0 -2.85215E-05 -1 0 -2.85215E-05 -1 0 -2.85215E-05 -1 0 -2.85215E-05 -1 0 -2.85215E-05 -1 0 -2.85215E-05 -1 0 -2.85215E-05 -1 0 -2.85215E-05 -1 0 -2.85215E-05 -1 0 -2.85215E-05 -1 0 -2.85215E-05 -1 0 -2.85215E-05 -1 0 -2.85215E-05 -1 0 -2.85215E-05 -1 0 -2.85215E-05 -1 0 -2.85215E-05 0 -1 0 0 -1 0 0 -1 0 0 -1 0 0 -1 0 0 -1 0 0 -1 0 0 -1 0 0 -1 0 0 -1 0 0 -1 0 0 -1 0 0 -1 0 0 -1 0 0 -1 0 0 -1 0 0 1 0 0 1 0 0 1 0 0 1 0 0 1 0 0 1 0 0 1 0 0 1 0 0 -1 0 0 -1 0 0 -1 0 0 -1 0 0 -1 0 0 -1 0 0 -1 0 0 -1 0 -0.0159663 -0.651223 -0.758719 -0.0159663 -0.651223 -0.758719 -0.0159663 -0.651223 -0.758719 -0.0159663 -0.651223 -0.758719 0.0546664 -0.623145 -0.780194 0.0546664 -0.623145 -0.780194 0.0546664 -0.623145 -0.780194 0.0546664 -0.623145 -0.780194 0.758735 -0.651207 -0.0158421 0.758735 -0.651207 -0.0158421 0.758735 -0.651207 -0.0158421 0.758735 -0.651207 -0.0158421 0.780193 -0.623146 0.0546685 0.780193 -0.623146 0.0546685 0.780193 -0.623146 0.0546685 0.780193 -0.623146 0.0546685 -0.0173879 0.655575 -0.75493 -0.0173879 0.655575 -0.75493 -0.0173879 0.655575 -0.75493 -0.0173879 0.655575 -0.75493 0.0546711 0.623146 -0.780192 0.0546711 0.623146 -0.780192 0.0546711 0.623146 -0.780192 0.0546711 0.623146 -0.780192 -0.751707 -0.659452 0.00773811 -0.751707 -0.659452 0.00773811 -0.751707 -0.659452 0.00773811 -0.751707 -0.659452 0.00773811 -0.780225 -0.623117 -0.0545467 -0.780225 -0.623117 -0.0545467 -0.780225 -0.623117 -0.0545467 -0.780225 -0.623117 -0.0545467 -0.00526275 0.700081 -0.714044 -0.00526275 0.700081 -0.714044 -0.00526275 0.700081 -0.714044 -0.00526275 0.700081 -0.714044 0.0422784 0.666557 -0.744254 0.0422784 0.666557 -0.744254 0.0422784 0.666557 -0.744254 0.0422784 0.666557 -0.744254 -0.714062 -0.700064 0.00513655 -0.714062 -0.700064 0.00513655 -0.714062 -0.700064 0.00513655 -0.714062 -0.700064 0.00513655 -0.739914 -0.671521 -0.0398208 -0.739914 -0.671521 -0.0398208 -0.739914 -0.671521 -0.0398208 -0.739914 -0.671521 -0.0398208 -0.00513637 -0.700066 -0.71406 -0.00513637 -0.700066 -0.71406 -0.00513637 -0.700066 -0.71406 -0.00513637 -0.700066 -0.71406 0.0421173 -0.666517 -0.744299 0.0421173 -0.666517 -0.744299 0.0421173 -0.666517 -0.744299 0.0421173 -0.666517 -0.744299 0.714061 -0.700064 -0.00513756 0.714061 -0.700064 -0.00513756 0.714061 -0.700064 -0.00513756 0.714061 -0.700064 -0.00513756 0.739946 -0.671493 0.0397086 0.739946 -0.671493 0.0397086 0.739946 -0.671493 0.0397086 0.739946 -0.671493 0.0397086 0.0109175 -0.675852 0.736956 0.0109175 -0.675852 0.736956 0.0109175 -0.675852 0.736956 0.0109175 -0.675852 0.736956 -0.0474082 -0.647449 0.760633 -0.0474082 -0.647449 0.760633 -0.0474082 -0.647449 0.760633 -0.0474082 -0.647449 0.760633 -0.731145 -0.682129 0.0113132 -0.731145 -0.682129 0.0113132 -0.731145 -0.682129 0.0113132 -0.731145 -0.682129 0.0113132 -0.760632 -0.647449 -0.0474128 -0.760632 -0.647449 -0.0474128 -0.760632 -0.647449 -0.0474128 -0.760632 -0.647449 -0.0474128 0.0109159 0.675852 0.736956 0.0109159 0.675852 0.736956 0.0109159 0.675852 0.736956 0.0109159 0.675852 0.736956 -0.0473993 0.647448 0.760634 -0.0473993 0.647448 0.760634 -0.0473993 0.647448 0.760634 -0.0473993 0.647448 0.760634 0.736987 -0.675823 -0.0106814 0.736987 -0.675823 -0.0106814 0.736987 -0.675823 -0.0106814 0.736987 -0.675823 -0.0106814 0.760634 -0.647448 0.0474043 0.760634 -0.647448 0.0474043 0.760634 -0.647448 0.0474043 0.760634 -0.647448 0.0474043 0 1 0 0 1 0 0 1 0 0 1 0 0 1 0 0 1 0 0 1 0 0 1 0 0 -1 0 0 -1 0 0 -1 0 0 -1 0 0 -1 0 0 -1 0 0 -1 0 0 -1 0 0 -1 0 0 -1 0 0 -1 0 0 -1 0 0 -1 0 0 -1 0 0 -1 0 0 -1 0 0 -1 0 0 -1 0 0 -1 0 0 -1 0 0 -1 0 0 -1 0 0 -1 0 0 -1 0 -1 0 -2.85215E-05 -1 0 -2.85215E-05 -1 0 -2.85215E-05 -1 0 -2.85215E-05 -1 0 -2.85215E-05 -0.85781 -0.513519 -0.0214549 -0.731145 -0.682129 0.0113132 -0.867793 -0.496858 0.00816506 -0.73795 -0.674171 0.030386 -0.625634 -0.779997 0.0136711 -0.625634 -0.779997 0.0136711 -0.983588 -0.178047 -0.0292328 -0.985501 -0.168879 -0.0163395 -0.950092 -0.311718 -0.0125453 -0.950092 -0.311718 -0.0125453 -0.841665 -0.538874 0.0348512 -0.841665 -0.538874 0.0348512 -0.814751 -0.578732 0.0353592 -0.814751 -0.578732 0.0353592 -0.714062 -0.700064 0.00513655 -0.714062 -0.700064 0.00513655 -0.777492 0.628666 -0.0168854 -0.84079 0.539978 -0.0386704 -0.777492 0.628666 -0.0168854 -0.84079 0.539978 -0.0386704 -0.929119 0.359011 -0.0885941 -0.933808 0.35056 -0.0714883 -0.790154 0.612908 -0.000949737 -0.790154 0.612908 -0.000949737 -0.74566 0.313329 -0.588062 -0.210342 0.388708 -0.89703 -0.975961 0.206456 -0.0698344 -0.909001 0.290743 -0.298641 -0.731576 0.681749 0.00381412 -0.731576 0.681749 0.00381412 -0.708925 0.703924 -0.0437641 -0.708925 0.703924 -0.0437641 -0.75552 0.65311 -0.0513587 -0.756699 0.650604 -0.0642007 0.00116358 -0.751166 0.660112 0.00116358 -0.751166 0.660112 0.00807263 -0.657092 0.753767 0.00807263 -0.657092 0.753767 0.0381898 -0.554419 0.831361 0.0221626 -0.549025 0.835512 0.0168528 -0.43052 0.902424 0.0168528 -0.43052 0.902424 -0.0409948 -0.0846104 0.99557 0.0371327 -0.157944 0.98675 0 0 1 -0.000665786 0.0103699 0.999946 0.0213577 -0.237727 0.971097 -0.0180183 -0.272355 0.962028 0.0509833 -0.493861 0.868045 0.00747017 -0.52321 0.852171 0.066236 -0.69924 0.711812 0.0504365 -0.705835 0.706578 0.032181 -0.769452 0.637893 0.032181 -0.769452 0.637893 0 0 1 0 0 1 0 0 1 0 0 1 0 0 1 0 0 1 0 0 1 0 0 1 0 0 1 0 0 1 0 0 1 0 0 1 0 0 1 0 0 1 0 0 1 0 0 1 0 0 1 0 0 1 0 0 1 0 0 1 0 0 1 0 0 1 0 0 1 0 0 1 0 0 1 0 0 1 0 0 1 0 0 1 0 0 1 0 0 1 0 0 1 0 0 1 0 0 1 0 0 1 0 0 1 0 0 1 0 0 1 0 0 1 0 0 1 0 0 1 0 0 1 0 0 1 0 0 1 0 0 1 0 0 1 0 0 1 0 0 1 0 0 1 0 0 1 0 0 1 0 0 1 0 0 1 0 0 1 0 0 1 0 0 1 0 0 1 0 0 1 0 0 1 0 0 1 0 0 1 0 0 1 0 0 1 0 0 1 0 0 1 0 0 1 0 0 1 0 0 1 0 0 1 0 0 1 0 0 1 0 0 1 0 0 1 0 0 1 0 0 1 0 0 1 0 0 1 0 0 1 0 0 1 0 0 1 0 0 1 0 0 1 0 0 1 0 0 1 0 0 1 0 0 1 0 0 1 0 0 1 0 0 1 0 0 1 0 0 1 0 0 1 0 0 1 0 0 1 0 0 1 0 0 1 0 0 1 0 0 1 0 0 1 0 0 1 0 0 1 0 0 1 0 0 1 0 0 1 0 0 1 0 0 1 0 0 1 0 0 1 0 0 1 0 0 1 0 0 1 0 0 1 0 0 1 0 0 1 0 0 1 0 0 1 0 0 1 0 0 1 0 0 1 0 0 1 0 0 1 0 0 1 0 0 1 0 0 1 0 0 1 0 0 1 0.00116358 -0.751166 0.660112 0.00116358 -0.751166 0.660112 0.00116358 -0.751166 0.660112 0.00116358 -0.751166 0.660112 2.89247E-05 -0.568028 0.823009 2.89247E-05 -0.568028 0.823009 2.89247E-05 -0.568028 0.823009 2.89247E-05 -0.568028 0.823009 -0.00293386 -0.700098 0.714041 -0.00293386 -0.700098 0.714041 -0.00293386 -0.700098 0.714041 -0.00293386 -0.700098 0.714041 0.00852648 -0.363972 0.931371 0.0186615 -0.355387 0.934533 -0.0016101 -0.37249 0.928035 0.00852648 -0.363972 0.931371 -0.00290727 -0.597246 0.802053 -0.00290727 -0.597246 0.802053 -0.00290727 -0.597246 0.802053 -0.00290727 -0.597246 0.802053 0.00611054 -0.487913 0.872871 0.00611054 -0.487913 0.872871 0.00611054 -0.487913 0.872871 0.00611054 -0.487913 0.872871 -0.000351724 -0.154229 0.988035 -0.000351724 -0.154229 0.988035 -0.000351724 -0.154229 0.988035 -0.000351724 -0.154229 0.988035 0.000303413 -0.269783 0.962921 0.000303413 -0.269783 0.962921 0.000303413 -0.269783 0.962921 0.000303413 -0.269783 0.962921 0 0.534477 0.845183 0 0.534477 0.845183 0 0.534477 0.845183 0 0.534477 0.845183 0.0308831 0.767383 0.640445 0.0308831 0.767383 0.640445 0.0308831 0.767383 0.640445 0.0308831 0.767383 0.640445 0.0266786 0.343187 0.938888 0.0143791 0.354167 0.935071 0.0143791 0.354167 0.935071 0.00207546 0.365046 0.930987 7.6369E-05 0.608186 0.793795 7.6369E-05 0.608186 0.793795 7.6369E-05 0.608186 0.793795 7.6369E-05 0.608186 0.793795 0.156236 -0.961305 -0.2269 0.30612 -0.951447 -0.0322318 0.30612 -0.951447 -0.0322318 0.437497 -0.884067 0.164385 0.400837 -0.899682 0.172923 0.399787 -0.910973 0.101476 0.399787 -0.910973 0.101476 0.396646 -0.917498 0.0294966 0.288664 -0.209186 0.934299 0.295242 -0.293902 0.909095 0.288664 -0.209186 0.934299 0.295242 -0.293902 0.909095 -0.00609157 -0.517792 0.855485 -0.00609157 -0.517792 0.855485 0 -0.465912 0.884831 0 -0.465912 0.884831 0.0245297 0.015512 0.999579 0.000303413 -0.269783 0.962921 -0.0196048 -0.0341572 0.999224 0.000303413 -0.269783 0.962921 0.02084 0.277579 0.960477 -0.0226965 0.226426 0.973764 1.34246E-05 0.465912 0.884831 1.34246E-05 0.465912 0.884831 0.240528 -0.454899 -0.857446 0.120303 -0.895577 -0.428333 0.0129691 -0.271896 0.962239 0.0113139 -0.58055 0.814146 0 -1 0 0.0127297 -0.342547 0.939415 -0.121863 -0.898054 -0.422667 0 -1 0 0 -1 0 0 -1 0 0 -1 0 0 -1 0 0 -1 0 0 -1 0 0 -1 0 0 -1 0 0 -1 0 -0.958103 -1.82075E-06 -0.286422 -0.958103 -1.82075E-06 -0.286422 -0.958103 -1.82075E-06 -0.286422 -0.958103 -1.82075E-06 -0.286422 -0.0151098 -0.998295 -0.0563907 -0.00755812 -0.999574 -0.0282074 -0.00755812 -0.999574 -0.0282074 0 -1 0 0.10714 -0.994091 0.0174139 0.154859 -0.984676 0.0801972 0.058745 -0.997237 -0.0454792 0.10714 -0.994091 0.0174139 0 -1 0 0 -1 0 0 -1 0 0 -1 0 0.303994 -0.371366 0.877311 0.303994 -0.371366 0.877311 0.0434434 -0.999055 -0.00121443 0.0986573 -0.827192 0.55319 0.0986573 -0.827192 0.55319 0.11918 -0.370839 0.921018 -0.00362105 -0.39465 0.918825 -0.00362105 -0.39465 0.918825 -0.00362105 -0.39465 0.918825 -0.00362105 -0.39465 0.918825 0 -1 0 0 -1 0 0 -1 0 0 -1 0 -0.000615815 0.260556 0.965459 -0.000615815 0.260556 0.965459 -0.000615815 0.260556 0.965459 -0.000615815 0.260556 0.965459 0.0039687 -0.0159847 0.999864 0.0039687 -0.0159847 0.999864 0.0039687 -0.0159847 0.999864 0 0 1 0 -1 0 0 -1 0 0 -1 0 0 -1 0 0 -1 0 0 -1 0 0 -1 0 0 -1 0 -0.00290727 -0.597246 0.802053 -0.00290727 -0.597246 0.802053 -0.00290727 -0.597246 0.802053 -0.00290727 -0.597246 0.802053 0 -1 0 0 -1 0 0 -1 0 0 -1 0 -0.00112733 0.0355058 0.999369 -0.00112733 0.0355058 0.999369 -0.00112733 0.0355058 0.999369 -0.00112733 0.0355058 0.999369 0 -1 0 0 -1 0 0 -1 0 0 -1 0 0.00747017 -0.52321 0.852171 0.00747017 -0.52321 0.852171 0.00747017 -0.52321 0.852171 0.00747017 -0.52321 0.852171 -0.00290727 -0.597246 0.802053 -0.00290727 -0.597246 0.802053 -0.0142568 -0.59426 0.804147 -0.00290727 -0.597246 0.802053 0 -1 0 0 -1 0 0 -1 0 0 -1 0 0 -1 0 0 -1 0 0 -1 0 0 -1 0 0.542348 -0.838497 -0.052748 0.561681 -0.827144 -0.0186391 0.606585 -0.793965 -0.0409088 0.618233 -0.78591 -0.0115772 0.0182173 -0.288823 0.957209 -0.0259843 -0.249541 0.968016 0 0 1 0 0 1 0.0230044 0.264325 0.964159 0.02084 0.277579 0.960477 0.131628 0.497822 0.857233 0.131628 0.497822 0.857233 -0.552654 -0.833155 -0.0206566 -0.552654 -0.833155 -0.0206566 -0.552654 -0.833155 -0.0206566 -0.542287 -0.839386 -0.0368346 -0.000486216 -0.997091 0.0762257 -0.0688145 -0.963351 -0.259266 -0.000254629 -0.999283 0.0378626 0.00585526 -0.999748 0.0216685 0 -1 0 -0.0797395 -0.959869 0.268874 0 -1 0 0 -1 0 0 -1 0 0 -1 0 0 -1 0 0 -1 0 0 -1 0 0 -1 0 -0.032644 -0.577423 0.815793 -0.032644 -0.577423 0.815793 -0.032644 -0.577423 0.815793 -0.032644 -0.577423 0.815793 0 -1 0 0 -1 0 0 -1 0 0 -1 0 0.00896943 0.761537 0.648059 0.00896943 0.761537 0.648059 0.00896943 0.761537 0.648059 0.00896943 0.761537 0.648059 -0.0128436 0.999916 -0.00188914 0 1 0 -0.0295633 0.999545 -0.00591327 -0.0128436 0.999916 -0.00188914 0.0195144 0.603436 0.797173 0.0195144 0.603436 0.797173 0.0195144 0.603436 0.797173 0.0195144 0.603436 0.797173 0 1 0 0 1 0 0 1 0 0 1 0 -0.00514242 0.747906 0.663785 -0.00514242 0.747906 0.663785 -0.00514242 0.747906 0.663785 -0.00514242 0.747906 0.663785 -0.991066 0.0222068 0.13151 -0.680387 0.727111 0.0915559 -0.680387 0.727111 0.0915559 0.0348586 0.999333 -0.0108614 0.0226974 -0.226426 0.973764 0.0201362 -0.214444 0.976529 0.0201362 -0.214444 0.976529 0.0226974 -0.226426 0.973764 -0.185021 -0.715193 -0.673993 -0.26295 -0.0109087 -0.964748 0.00585526 -0.999748 0.0216685 -0.185021 -0.715193 -0.673993 -0.0169169 0.465623 0.884822 -0.0169169 0.465623 0.884822 -0.0169169 0.465623 0.884822 -0.0169169 0.465623 0.884822 0 -1 0 0 -1 0 0 -1 0 0 -1 0 -0.344375 0.931872 0.114107 -0.344375 0.931872 0.114107 0 1 0 0 1 0 0 1 0 0 1 0 -0.000486216 -0.997091 0.0762257 -0.0365338 -0.942389 0.332519 -0.0813642 -0.953482 -0.290261 -0.0658705 -0.969766 -0.234979 -0.396339 -0.651122 0.647268 -0.514495 -0.170945 0.840282 0 -1 0 0 -1 0 -0.0133866 0.386925 0.922014 -0.0133866 0.386925 0.922014 -0.0133866 0.386925 0.922014 -0.0133866 0.386925 0.922014 -0.000268823 -0.208812 0.977956 -0.000268823 -0.208812 0.977956 -0.000268823 -0.208812 0.977956 0.0117151 -0.196882 0.980357 0.0017665 0.0556005 0.998452 0.0017665 0.0556005 0.998452 0.0017665 0.0556005 0.998452 0.0017665 0.0556005 0.998452 -0.0226314 0.606314 0.794903 -0.0226314 0.606314 0.794903 -0.0226314 0.606314 0.794903 -0.0226314 0.606314 0.794903 -0.00112733 0.0355058 0.999369 -0.00112733 0.0355058 0.999369 -0.00112733 0.0355058 0.999369 0.0017665 0.0556005 0.998452 -0.00358687 0.583749 0.811926 -0.00358687 0.583749 0.811926 -0.00358687 0.583749 0.811926 -0.00358687 0.583749 0.811926 -0.0027091 0.514608 0.857422 -0.0027091 0.514608 0.857422 -0.0027091 0.514608 0.857422 -0.0027091 0.514608 0.857422 0.000224817 0.700865 0.713294 0.000224817 0.700865 0.713294 0.000224817 0.700865 0.713294 0.000224817 0.700865 0.713294 0.00169868 0.593804 0.804608 -0.00358687 0.583749 0.811926 -0.00358687 0.583749 0.811926 -0.00358687 0.583749 0.811926 -0.0019637 -0.718594 0.695427 -0.0019637 -0.718594 0.695427 -0.0019637 -0.718594 0.695427 -0.0019637 -0.718594 0.695427 0 -1 0 0 -1 0 0 -1 0 0 -1 0 -0.00290727 -0.597246 0.802053 -0.00290727 -0.597246 0.802053 -0.00290727 -0.597246 0.802053 -0.00290727 -0.597246 0.802053 0 -1 0 0 -1 0 0 -1 0 0 -1 0 -0.00293386 -0.700098 0.714041 -0.00293386 -0.700098 0.714041 -0.00293386 -0.700098 0.714041 -0.00293386 -0.700098 0.714041 0 -1 0 -0.0147438 -0.99989 0.00150204 -0.0147438 -0.99989 0.00150204 -0.0467577 -0.998886 0.00641843 -7.86631E-05 -0.632708 0.774391 -7.86631E-05 -0.632708 0.774391 -7.86631E-05 -0.632708 0.774391 -7.86631E-05 -0.632708 0.774391 0 -1 0 0 -1 0 0 -1 0 0 -1 0 -0.00293386 -0.700098 0.714041 -0.00293386 -0.700098 0.714041 -0.00293386 -0.700098 0.714041 -0.00293386 -0.700098 0.714041 0 -1 0 0 -1 0 0 -1 0 0 -1 0 0.000224817 0.700865 0.713294 0.000224817 0.700865 0.713294 0.000224817 0.700865 0.713294 0.000224817 0.700865 0.713294 4.40691E-06 0.632697 0.774399 4.40691E-06 0.632697 0.774399 4.40691E-06 0.632697 0.774399 4.40691E-06 0.632697 0.774399 0.000224817 0.700865 0.713294 0.000224817 0.700865 0.713294 0.000224817 0.700865 0.713294 0.000224817 0.700865 0.713294 0 -1 0 0 -1 0 0.960599 0.0899539 -0.26298 0.637566 0.746105 -0.191929 0.626478 0.729726 -0.273906 -0.0295633 0.999545 -0.00591327 0.00292753 -0.999937 0.0108327 0.00292753 -0.999937 0.0108327 -0.00281056 0.679683 0.733501 -0.0226314 0.606314 0.794903 -0.00281056 0.679683 0.733501 7.6369E-05 0.608186 0.793795 0.000224817 0.700865 0.713294 0.000224817 0.700865 0.713294 -0.0171272 -0.460863 0.887306 0.00611054 -0.487913 0.872871 -0.00293386 -0.700098 0.714041 -0.00293386 -0.700098 0.714041 0.0109175 -0.675852 0.736956 -0.00252518 -0.670267 0.742116 0.00789438 -0.601242 0.799028 -0.00290727 -0.597246 0.802053 0 -1 0 0 -1 0 0 -1 0 0 -1 0 0.00585526 -0.999748 0.0216685 0.00585526 -0.999748 0.0216685 -0.959653 -0.100875 0.262471 -0.918054 -0.0376097 0.394666 -0.959653 -0.100875 0.262471 -0.918054 -0.0376097 0.394666 0.0262917 -0.73249 0.68027 0.0262917 -0.73249 0.68027 0.0262917 -0.73249 0.68027 0.0262917 -0.73249 0.68027 -0.0427676 -0.850698 0.523912 -0.0427676 -0.850698 0.523912 -0.0427676 -0.850698 0.523912 -0.0427676 -0.850698 0.523912 -5.32443E-05 0 -1 -5.32443E-05 0 -1 -5.32443E-05 0 -1 0 -1 0 0 -1 0 0 -1 0 0 -1 0 0.000106636 0.72892 0.684599 0.000106636 0.72892 0.684599 -1.09503E-05 0.689759 0.724039 -1.09503E-05 0.689759 0.724039 -0.0111738 0.557775 0.829917 -0.0111738 0.557775 0.829917 7.6369E-05 0.608186 0.793795 -0.00960286 0.619009 0.785325 0.0143052 0.999897 -0.0013885 0.346372 0.938093 0.00290011 0.420698 0.895061 0.147917 0.420698 0.895061 0.147917 0 1 0 0 1 0 0 1 0 0 1 0 -0.897482 0.0377438 -0.439433 -0.897482 0.0377438 -0.439433 -0.897482 0.0377438 -0.439433 0 0 1 0 0 1 0 0 1 -0.303252 -0.421675 -0.854534 -0.303252 -0.421675 -0.854534 -0.303252 -0.421675 -0.854534 -0.0019637 -0.718594 0.695427 -0.0019637 -0.718594 0.695427 -0.0019637 -0.718594 0.695427 -0.0019637 -0.718594 0.695427 0.0109175 -0.675852 0.736956 0.0109175 -0.675852 0.736956 0.0109175 -0.675852 0.736956 0.0109175 -0.675852 0.736956 0 -1 0 0 -1 0 0 -1 0 0 -1 0 0 -1 0 0 -1 0 0 -1 0 0 -1 0 0.0127297 -0.342547 0.939415 0.0127297 -0.342547 0.939415 0.0127297 -0.342547 0.939415 0.0127297 -0.342547 0.939415 -0.353893 0 -0.935286 -0.353893 0 -0.935286 -0.353893 0 -0.935286 -0.353893 0 -0.935286 -0.00293386 -0.700098 0.714041 -0.00293386 -0.700098 0.714041 -0.00293386 -0.700098 0.714041 -0.00293386 -0.700098 0.714041 0 -1 0 0 -1 0 0 -1 0 0 -1 0 0.00830927 -0.689271 0.724456 0.00830927 -0.689271 0.724456 -0.00479782 -0.688865 0.724874 -0.00479782 -0.688865 0.724874 0.0109175 -0.675852 0.736956 0.0109175 -0.675852 0.736956 0 -1 0 0 -1 0 0 -1 0 0 -1 0 0 -1 0 0 -1 0 0.000303413 -0.269783 0.962921 0.000303413 -0.269783 0.962921 0.000303413 -0.269783 0.962921 0.013784 -0.256939 0.966329 -0.00293386 -0.700098 0.714041 -0.00293386 -0.700098 0.714041 -0.00293386 -0.700098 0.714041 -0.00293386 -0.700098 0.714041 -0.250879 -2.31583E-06 -0.968018 -0.250879 -2.31583E-06 -0.968018 -0.250879 -2.31583E-06 -0.968018 -0.250879 -2.31583E-06 -0.968018 -0.00609157 -0.517792 0.855485 -0.00609157 -0.517792 0.855485 0 -0.465912 0.884831 -0.0081891 -0.486241 0.873786 0.00926536 -0.443942 0.896008 0.00926536 -0.443942 0.896008 0 -1 0 0 -1 0 0 -1 0 0 -1 0 0 -1 0 0 -1 0 4.40691E-06 0.632697 0.774399 4.40691E-06 0.632697 0.774399 4.40691E-06 0.632697 0.774399 4.40691E-06 0.632697 0.774399 0 1 0 0 1 0 0 1 0 0 1 0 0.0283325 0.502858 0.863904 0.0283325 0.502858 0.863904 0.0208115 0.378658 0.925303 0.0208115 0.378658 0.925303 0 1 0 0 1 0 0 1 0 0 1 0 0.00160818 0.113491 0.993538 0.00160818 0.113491 0.993538 0.0186615 -0.355387 0.934533 -0.0158388 -0.331078 0.943471 0.0180803 -0.167375 0.985727 -0.0213916 -0.129175 0.991391 0 -1 0 0.141128 -0.922788 -0.358531 0.0894961 -0.804891 -0.586635 0.12147 -0.592569 -0.796308 0.0840263 -0.693123 0.715905 0.225621 -0.829166 0.511448 0.0436685 -0.927235 0.371924 -0.0446863 -0.99385 -0.101321 0.0840263 -0.693123 0.715905 0.0130604 0.251594 0.967745 -0.0126065 0.371644 0.92829 -0.0278446 0.285107 0.958091 -0.0126065 0.371644 0.92829 -0.0642078 -0.724691 0.686076 -0.0642078 -0.724691 0.686076 -0.0642078 -0.724691 0.686076 -0.0789286 -0.71839 0.691149 0 -1 0 0 -1 0 0 -1 0 0 -1 0 0.0655304 -0.514685 0.854872 0.0782228 -0.502981 0.860751 0.0189251 -0.384695 0.92285 0.0615251 -0.344035 0.936939 0.0143791 0.354167 0.935071 -0.0157436 0.32389 0.945964 -0.00147163 0.137098 0.990556 -0.00147163 0.137098 0.990556 0.00116385 -0.103614 0.994617 0.00116385 -0.103614 0.994617 0.0163951 -0.992865 -0.118115 -0.00430922 -0.999164 -0.0406644 0.00125276 -0.999882 -0.0152865 -0.0141665 -0.990918 -0.133723 0 -1 0 0.0376755 -0.994252 -0.100217 0.00585526 -0.999748 0.0216685 0 -1 0 -0.0327234 -0.995472 -0.0892503 0 -1 0 0 -1 0 0 -1 0 0 -1 0 0 -1 0 0 0 1 0 0 1 -0.0180183 -0.272355 0.962028 0.0176744 -0.314222 0.949185 -0.0185476 -0.49122 0.870838 0.00964132 -0.508468 0.861027 0.00807263 -0.657092 0.753767 0.00807263 -0.657092 0.753767 0.00791594 -0.615586 0.78803 -0.00675233 -0.610073 0.792317 0.011111 -0.999366 -0.0338201 0.0222349 -0.997459 -0.0676836 0 -1 0 0 -1 0 0 -1 0 0 -1 0 0 -1 0 0 -1 0 -0.00584116 0.149975 0.988673 -0.00584116 0.149975 0.988673 -0.010456 0.19455 0.980837 0.00877754 0.212773 0.977062 -0.000615815 0.260556 0.965459 -0.000615815 0.260556 0.965459 0 -1 0 0 -1 0 0 -1 0 0 -1 0 0 -1 0 0 -1 0 -0.000816261 -0.321842 0.946793 -0.000816261 -0.321842 0.946793 0.00549588 -0.287535 0.957754 -0.00543431 -0.297037 0.954851 0.000303413 -0.269783 0.962921 0.000303413 -0.269783 0.962921 0 -1 0 0.236685 -0.723045 0.648989 0 -1 0 0 -1 0 -0.186646 -0.727807 -0.659894 0 -1 0 -0.000615815 0.260556 0.965459 -0.000615815 0.260556 0.965459 -0.00145632 0.312348 0.949967 -0.00145632 0.312348 0.949967 0.00207546 0.365046 0.930987 0.00207546 0.365046 0.930987 -0.143451 -0.899841 0.411957 0 -1 0 -0.143451 -0.899841 0.411957 -0.182332 -0.732368 0.656042 0 -1 0 0 -1 0 -0.000203433 0.663925 0.747799 -0.000203433 0.663925 0.747799 -0.000203433 0.663925 0.747799 -0.000203433 0.663925 0.747799 0.000224817 0.700865 0.713294 0.000224817 0.700865 0.713294 0.000224817 0.700865 0.713294 0.000224817 0.700865 0.713294 -0.000203433 0.663925 0.747799 -0.000203433 0.663925 0.747799 -0.000203433 0.663925 0.747799 -0.000203433 0.663925 0.747799 3.64851E-05 0.333588 0.942719 3.64851E-05 0.333588 0.942719 3.64851E-05 0.333588 0.942719 3.64851E-05 0.333588 0.942719 0.0109159 0.675852 0.736956 -1.09503E-05 0.689759 0.724039 0.0109159 0.675852 0.736956 -1.09503E-05 0.689759 0.724039 -0.000203433 0.663925 0.747799 -0.000203433 0.663925 0.747799 0.000224817 0.700865 0.713294 0.000224817 0.700865 0.713294 0.000224817 0.700865 0.713294 0.000224817 0.700865 0.713294 -0.0157436 0.32389 0.945964 0.0136744 0.307631 0.951407 0.0136744 0.307631 0.951407 0.0401882 0.282568 0.958405 0.000224817 0.700865 0.713294 0.0133386 0.695408 0.718491 0.0133386 0.695408 0.718491 0.0133386 0.695408 0.718491 0.00023987 0.491462 0.870899 0.00240265 0.428072 0.903741 0.0188979 0.479 0.877611 0.00240265 0.428072 0.903741 0.0145569 0.539624 0.84178 0.0145569 0.539624 0.84178 0.0117151 -0.196882 0.980357 -0.012346 -0.226641 0.9739 -0.00862035 -0.180725 0.983496 -0.012346 -0.226641 0.9739 -0.00167783 -0.137875 0.990448 -0.00167783 -0.137875 0.990448 0.00543783 0.277803 0.960623 -0.00145632 0.312348 0.949967 0.00543783 0.277803 0.960623 0.0136744 0.307631 0.951407 -0.000615815 0.260556 0.965459 -0.000615815 0.260556 0.965459 0.0127297 -0.342547 0.939415 0.0186615 -0.355387 0.934533 0.00559712 -0.303036 0.952963 0.00559712 -0.303036 0.952963 0.000245423 -0.250784 0.968043 0.000245423 -0.250784 0.968043 -0.0201762 -0.630175 0.776191 -0.0201762 -0.630175 0.776191 -0.0201762 -0.630175 0.776191 -0.0201762 -0.630175 0.776191 0.0180803 -0.167375 0.985727 -0.00167783 -0.137875 0.990448 -0.00167783 -0.137875 0.990448 -0.0279857 -0.113513 0.993142 -0.0061588 -0.579207 0.815157 -0.0061588 -0.579207 0.815157 -0.0061588 -0.579207 0.815157 -0.0061588 -0.579207 0.815157 -0.00479782 -0.688865 0.724874 -0.00479782 -0.688865 0.724874 -0.00479782 -0.688865 0.724874 -0.00479782 -0.688865 0.724874 2.89247E-05 -0.568028 0.823009 2.89247E-05 -0.568028 0.823009 2.89247E-05 -0.568028 0.823009 2.89247E-05 -0.568028 0.823009 -0.00293386 -0.700098 0.714041 -0.0019637 -0.718594 0.695427 -0.00293386 -0.700098 0.714041 -0.0019637 -0.718594 0.695427 -0.00293386 -0.700098 0.714041 -0.00293386 -0.700098 0.714041 0.00546344 0.619129 0.78527 0.00546344 0.619129 0.78527 0.00546344 0.619129 0.78527 0.00546344 0.619129 0.78527 0 -1 0 0 -1 0 0 -1 0 0 -1 0 -0.00163269 0.0913653 0.995816 -0.00163269 0.0913653 0.995816 -0.00163269 0.0913653 0.995816 -0.00163269 0.0913653 0.995816 0 -1 0 0 -1 0 0 -1 0 0 -1 0 -0.0137279 0.591275 0.806353 -0.0137279 0.591275 0.806353 -0.0137279 0.591275 0.806353 -0.0137279 0.591275 0.806353 0 -1 0 0 -1 0 0 -1 0 0 -1 0 -1.09503E-05 0.689759 0.724039 -1.09503E-05 0.689759 0.724039 -1.09503E-05 0.689759 0.724039 -1.09503E-05 0.689759 0.724039 0 1 0 0 1 0 0 1 0 0 1 0 -0.00358687 0.583749 0.811926 -0.00358687 0.583749 0.811926 -0.00358687 0.583749 0.811926 -0.00358687 0.583749 0.811926 0 1 0 0 1 0 0 1 0 0 1 0 -0.0157066 0.755512 0.654946 -0.00514242 0.747906 0.663785 -0.0157066 0.755512 0.654946 -0.0157066 0.755512 0.654946 -0.0372323 0.999275 0.00800633 -0.0372323 0.999275 0.00800633 -0.0372323 0.999275 0.00800633 -0.0372323 0.999275 0.00800633 -0.000615815 0.260556 0.965459 -0.000615815 0.260556 0.965459 -0.000615815 0.260556 0.965459 -0.000615815 0.260556 0.965459 0 -1 0 0 -1 0 0 -1 0 0 -1 0 0.00611054 -0.487913 0.872871 -0.00290727 -0.597246 0.802053 -0.0171272 -0.460863 0.887306 -0.0142568 -0.59426 0.804147 -0.00252518 -0.670267 0.742116 -0.00252518 -0.670267 0.742116 -0.00252518 -0.670267 0.742116 -0.0104263 -0.660002 0.751191 0 -1 0 0 -1 0 -0.904051 0.00121542 0.427422 -0.904051 0.00121542 0.427422 -0.855412 0.00044294 0.517947 -0.855412 0.00044294 0.517947 0 -1 0 0 -1 0 0 -1 0 0 -1 0 1.34246E-05 0.465912 0.884831 0.0188979 0.479 0.877611 -1.09503E-05 0.689759 0.724039 -1.09503E-05 0.689759 0.724039 -0.000203433 0.663925 0.747799 -0.000203433 0.663925 0.747799 0.00844846 0.583657 0.811957 -0.00358687 0.583749 0.811926 0 -1 0 0 -1 0 0 -1 0 0 -1 0 -0.89852 -0.000166248 0.438933 -0.89852 -0.000166248 0.438933 -0.848938 0.000143461 0.528493 -0.848938 0.000143461 0.528493 0 -1 0 0 -1 0 2.06436E-05 0.250545 0.968105 -0.000615815 0.260556 0.965459 -0.000615815 0.260556 0.965459 -0.000615815 0.260556 0.965459 0 -1 0 0 -1 0 0 -1 0 0 -1 0 -1.09503E-05 0.689759 0.724039 -1.09503E-05 0.689759 0.724039 0.000224817 0.700865 0.713294 0.000224817 0.700865 0.713294 -0.0199377 0.50017 0.865698 -0.00960286 0.619009 0.785325 -0.0027091 0.514608 0.857422 0.00546344 0.619129 0.78527 0.0167742 0.326535 0.945036 -0.0278446 0.285107 0.958091 0 -1 0 0 -1 0 0 -1 0 0 -1 0 0 -1 0 0 -1 0 0.226967 -0.714862 -0.661406 0.103116 -0.94907 -0.297714 0.00221075 -0.959031 -0.283292 0 -1 0 0.933161 0.00643454 -0.359402 0.430908 0.902275 -0.0147421 0.657759 0.709378 -0.25325 0 1 0 0.02268 0.226417 0.973767 -0.0194012 0.266351 0.963681 0.0217646 0.460757 0.88726 -0.0107568 0.482145 0.876026 7.6369E-05 0.608186 0.793795 7.6369E-05 0.608186 0.793795 0.000224817 0.700865 0.713294 0.000224817 0.700865 0.713294 -0.00281056 0.679683 0.733501 0.0109159 0.675852 0.736956 0.0109175 -0.675852 0.736956 0.0109175 -0.675852 0.736956 0.0109175 -0.675852 0.736956 -0.00252518 -0.670267 0.742116 -0.0019637 -0.718594 0.695427 -0.0019637 -0.718594 0.695427 -0.0019637 -0.718594 0.695427 -0.0019637 -0.718594 0.695427 0.0318638 -0.505274 0.86237 0.0509833 -0.493861 0.868045 0.0211099 -0.513121 0.858057 0.0318638 -0.505274 0.86237 0 0 1 0 0 1 0 0 1 0 0 1 0 0 1 0 0 1 0 0 1 0 0 1 0 0 1 0 0 1 0 0 1 0 0 1 0 0 1 0 0 1 0 0 1 0 0 1 0 0 1 -0.934448 -0.00116252 -0.356099 -0.934448 -0.00116252 -0.356099 -0.934448 -0.00116252 -0.356099 -0.934448 -0.00116252 -0.356099 0 0 1 0 0 1 0 0 1 0 0 1 0 0 1 0 0 1 0 0 1 0 -1 0 0 -1 0 0 -1 0 0 -1 0 0 -1 0 0 -1 0 0.032181 -0.769452 0.637893 0.0393204 -0.740785 0.67059 0.032181 -0.769452 0.637893 0.0393204 -0.740785 0.67059 -0.520222 -0.851368 0.067388 -0.43783 -0.898627 0.0278494 -0.520222 -0.851368 0.067388 -0.43783 -0.898627 0.0278494 -0.0377766 0.785489 0.617721 -0.104543 0.777693 0.619891 -0.0377766 0.785489 0.617721 -0.104543 0.777693 0.619891 0.0426119 0.834432 0.549461 0.114491 0.816407 0.566014 0.0426119 0.834432 0.549461 0.114491 0.816407 0.566014 0.0308769 -0.397882 0.916917 0.108219 -0.557533 0.823071 0.0308769 -0.397882 0.916917 0.108219 -0.557533 0.823071 -0.501218 -0.863214 -0.0603437 -0.501218 -0.863214 -0.0603437 0.0909683 -0.643559 0.759971 0.0909683 -0.643559 0.759971 0 0 1 0 0 1 0 0 1 0 0 1 0 -1 0 0 -1 0 0 0 1 0 0 1 0.0504365 -0.705835 0.706578 0.0504365 -0.705835 0.706578 0 -1 0 0 -1 0 0 0 1 0 0 1 0 0 1 0 0 1 0 0 1 0 0 1 0 0 1 0 0 1 0 0 1 0 0 1 0 0 1 0 0 1 0 0 1 0 0 1 0 0 1 0 0 1 0 0 1 0 0 1 0 0 1 0 0 1 0 0 1 0 0 1 -0.958103 -1.82075E-06 -0.286422 -0.939485 0.106144 -0.325731 -0.961851 -0.0966658 -0.255929 -0.958103 -1.82075E-06 -0.286422 0 0 1 0 0 1 0 0 1 0 -1 0 0 -1 0 0.0434434 -0.999055 -0.00121443 0 -1 0 0 -1 0 0 -1 0 0 -1 0 0 -1 0 0 -1 0 0 -1 0 0 -1 0 0 -1 0 0 -1 0 0 -1 0 0 -1 0 0 -1 0 0 -1 0 0 -1 0 -0.295856 -0.948413 -0.11394 -0.659504 -0.712008 -0.241037 0 -1 0 0 -1 0 0 -1 0 0 -1 0 0 -1 0 0 -1 0 0 1 0 0 1 0 0 1 0 0 1 0 0 1 0 0 1 0 0 1 0 0 1 0 -1 0 -2.85215E-05 -0.777044 -0.0576095 0.626805 -0.777044 -0.0576095 0.626805 -0.777044 -0.0576095 0.626805 -0.777044 -0.0576095 0.626805 -0.768715 0.028227 -0.638969 -0.768715 0.028227 -0.638969 -0.768715 0.028227 -0.638969 -0.768715 0.028227 -0.638969 -0.966972 -0.22631 0.117255 -0.966972 -0.22631 0.117255 -0.966972 -0.22631 0.117255 -0.966972 -0.22631 0.117255 -0.863874 -0.0108669 -0.50359 -0.993799 -0.0115017 -0.110598 -0.863874 -0.0108669 -0.50359 -0.993799 -0.0115017 -0.110598 -0.645133 -0.0104808 -0.763998 -0.645133 -0.0104808 -0.763998 -0.386543 -0.0102325 -0.922215 -0.450234 -0.0102985 -0.892851 -0.386543 -0.0102325 -0.922215 -0.468627 -0.0102762 -0.883336 -0.967942 -0.0122146 0.250878 -0.845663 -0.0125975 0.533568 -0.967942 -0.0122146 0.250878 -0.845663 -0.0125975 0.533568 -0.750721 -0.0130917 0.66049 -0.750721 -0.0130917 0.66049 -0.841058 -0.540833 0.010981 -0.841058 -0.540833 0.010981 -0.841058 -0.540833 0.010981 -0.841058 -0.540833 0.010981 -0.951877 0.302177 0.0511722 -0.951877 0.302177 0.0511722 -0.951877 0.302177 0.0511722 -0.951877 0.302177 0.0511722 -0.905074 0.0311436 -0.424113 -0.941133 0.0305475 -0.336653 -0.905074 0.0311436 -0.424113 -0.941133 0.0305475 -0.336653 -0.999449 0.0282467 -0.0174411 -0.999449 0.0282467 -0.0174411 -0.942694 0.0273891 0.332532 -0.83784 0.0264446 0.545275 -0.942694 0.0273891 0.332532 -0.83784 0.0264446 0.545275 -0.759051 0.026126 0.650507 -0.759051 0.026126 0.650507 -0.92782 0.364848 -0.077696 -0.92782 0.364848 -0.077696 -0.92782 0.364848 -0.077696 -0.92782 0.364848 -0.077696 0.819724 -0.0292453 0.572012 -0.904172 0.0584928 -0.423146 -0.858732 0.0292681 -0.511589 -0.904172 0.0584928 -0.423146 -0.587893 -0.00719719 0.808907 -0.587893 -0.00719719 0.808907 -0.65836 0.000973513 0.752702 -0.797841 0.0118442 0.602751 -0.65836 0.000973513 0.752702 -0.797841 0.0118442 0.602751 -0.943056 0.0412248 -0.330069 -0.943056 0.0412248 -0.330069 -0.89252 0.0826298 -0.443375 -0.89252 0.0826298 -0.443375 -0.897482 0.0377438 -0.439433 -0.897482 0.0377438 -0.439433 -0.897482 0.0377438 -0.439433 -0.897482 0.0377438 -0.439433 -0.0061588 -0.579207 0.815157 -0.0061588 -0.579207 0.815157 -0.0061588 -0.579207 0.815157 -0.0061588 -0.579207 0.815157 0 0 1 0 0 1 0 0 1 0 0 1 8.09043E-05 0.571845 0.820362 8.09043E-05 0.571845 0.820362 8.09043E-05 0.571845 0.820362 8.09043E-05 0.571845 0.820362 -0.010743 0.999431 0.0319827 -2.54783E-05 0.999771 0.0214086 -2.54783E-05 0.999771 0.0214086 0.0106921 0.999884 0.0108298 0 -1 0 0 -1 0 0 -1 0 0 -1 0</float_array>
					<technique_common>
						<accessor source="#_0_Tangent_array_id" count="3600" stride="3">
							<param name="X" type="float" />
							<param name="Y" type="float" />
							<param name="Z" type="float" />
						</accessor>
					</technique_common>
				</source>
				<vertices id="_0_vtx_id">
					<input semantic="POSITION" source="#_0_Position_id" />
					<input semantic="NORMAL" source="#_0_Normal_id" />
					<input semantic="TANGENT" source="#_0_Tangent_id" />
				</vertices>
				<triangles material="Mdl_0_Mtl_blinn2" count="2231">
					<input semantic="VERTEX" source="#_0_vtx_id" offset="0" />
					<input semantic="TEXCOORD" source="#_0_TexCoord0_id" offset="0" set="0" />
					<p>0 1 2 3 4 5 0 2 6 7 8 9 8 10 9 11 12 13 12 14 13 15 16 17 16 18 17 19 20 21 20 22 21 23 24 25 26 27 28 27 29 28 30 31 32 31 33 32 34 35 36 35 37 36 38 39 40 39 41 40 42 43 44 43 45 44 43 46 45 46 47 45 48 49 50 49 51 50 52 53 54 53 55 54 56 57 58 59 60 61 60 62 61 63 64 65 64 66 65 67 68 69 68 70 69 71 72 73 71 73 74 74 73 75 76 77 74 77 71 74 78 79 80 79 81 80 82 83 84 83 85 84 86 87 88 87 89 88 90 91 92 93 94 95 94 96 95 97 98 95 98 93 95 99 100 101 100 102 101 103 104 105 104 106 105 103 105 107 108 109 110 109 111 110 112 113 114 113 115 114 116 117 118 73 119 75 120 121 100 121 102 100 122 123 124 123 125 124 124 126 122 126 127 122 128 129 130 131 132 130 132 128 130 133 134 135 136 137 138 137 139 138 140 141 142 141 143 142 144 145 146 145 147 146 148 149 150 149 151 150 152 148 153 148 150 153 154 155 156 155 157 156 158 159 160 159 161 160 162 158 163 158 160 163 164 165 166 167 67 168 67 69 168 167 168 169 168 170 169 171 172 173 172 174 173 175 176 177 176 178 177 179 180 181 182 179 181 183 184 185 186 187 188 187 189 188 190 191 192 191 193 192 194 195 196 197 194 196 198 199 200 201 202 203 202 204 203 205 206 207 208 209 210 209 211 210 211 212 210 212 213 210 212 211 214 211 215 214 216 217 218 219 220 221 220 222 221 223 224 225 224 226 225 227 228 229 228 230 229 231 232 233 234 233 235 233 232 235 236 237 238 239 240 241 240 242 241 243 244 245 244 246 245 247 248 246 248 245 246 249 250 251 250 252 251 253 254 255 256 257 253 257 254 253 258 259 260 259 261 260 260 261 262 261 263 262 264 265 266 265 267 266 266 267 268 267 269 268 270 271 272 271 273 272 274 275 273 275 272 273 276 277 278 277 279 278 280 281 282 281 283 282 284 282 285 282 283 285 286 287 288 288 289 286 290 291 292 293 294 295 296 297 298 299 300 301 300 302 301 301 256 299 256 301 257 301 303 257 304 303 305 306 307 308 309 310 311 309 312 310 313 314 315 314 316 315 317 278 318 278 279 318 319 320 321 320 322 321 323 324 325 326 327 328 327 329 328 330 331 332 331 333 332 334 335 336 335 337 336 338 339 334 339 335 334 340 339 338 334 341 338 341 342 338 343 344 345 346 347 348 349 350 351 350 352 351 353 354 355 356 353 357 353 355 357 358 359 357 359 356 357 360 361 362 361 363 362 364 365 366 365 367 366 366 367 368 367 369 368 370 371 372 371 373 372 374 375 376 375 377 376 378 379 380 379 381 380 382 383 384 383 385 384 382 384 386 387 388 389 388 390 389 391 392 390 392 389 390 393 394 395 394 396 395 397 398 399 400 401 402 401 403 402 404 405 406 407 408 409 408 410 409 411 412 413 412 414 413 415 416 417 418 419 420 419 421 420 422 423 249 423 250 249 424 425 426 425 427 426 428 429 430 431 432 433 434 435 436 437 438 439 440 441 442 441 443 442 444 445 446 445 447 446 448 449 450 451 199 452 199 198 452 453 454 455 456 454 457 454 458 457 459 460 461 107 459 461 105 462 107 462 459 107 463 462 106 462 105 106 464 465 466 467 468 469 470 471 472 471 473 472 474 475 476 472 477 478 477 479 478 470 472 480 472 478 480 481 482 480 482 470 480 483 484 485 486 480 487 480 478 487 488 489 490 491 492 493 492 494 493 495 496 497 496 498 497 499 500 501 500 502 501 503 504 505 504 506 505 507 508 509 508 510 509 511 512 513 512 514 513 515 516 517 516 518 517 519 520 521 520 522 521 523 524 525 524 526 525 527 528 529 530 531 532 531 533 532 534 535 536 537 538 539 538 540 539 541 542 543 542 544 543 545 546 547 548 549 550 549 551 550 543 552 553 552 554 553 555 556 557 558 559 560 559 561 560 543 553 541 553 562 541 563 564 553 564 562 553 565 566 567 566 568 567 569 570 571 570 572 571 573 574 575 574 576 575 574 577 576 577 578 576 579 580 581 580 582 581 580 573 582 573 575 582 583 584 585 584 586 585 584 579 586 579 581 586 587 588 589 588 590 589 588 583 590 583 585 590 591 592 593 592 594 593 592 587 594 587 589 594 595 596 597 596 598 597 596 591 598 591 593 598 599 600 601 600 602 601 600 595 602 595 597 602 577 603 578 603 604 578 603 599 604 599 601 604 605 606 607 606 608 607 606 609 608 609 610 608 611 612 613 612 614 613 615 605 616 605 607 616 617 618 619 618 620 619 618 611 620 611 613 620 621 622 623 622 624 623 625 617 626 617 619 626 627 628 629 628 630 629 628 621 630 621 623 630 631 632 633 632 634 633 635 627 636 627 629 636 637 638 639 638 640 639 641 631 642 631 633 642 609 643 610 643 644 610 643 637 644 637 639 644 645 646 647 646 648 647 646 649 648 649 650 648 651 652 653 652 654 653 652 645 654 645 647 654 655 656 657 656 658 657 656 651 658 651 653 658 659 660 661 660 662 661 660 655 662 655 657 662 663 664 665 664 666 665 664 659 666 659 661 666 667 668 669 668 670 669 668 663 670 663 665 670 671 672 673 672 674 673 672 667 674 667 669 674 649 675 650 675 676 650 675 671 676 671 673 676 677 678 679 678 680 679 681 682 683 682 684 683 685 686 687 686 688 687 689 690 691 690 692 691 693 694 695 694 696 695 697 698 699 698 700 699 701 702 703 702 704 703 705 706 707 706 708 707 709 710 711 710 712 711 713 714 715 714 716 715 717 713 718 713 715 718 714 705 716 705 707 716 719 709 720 709 711 720 721 722 723 722 724 723 725 726 727 726 728 727 706 725 708 725 727 708 726 721 728 721 723 728 729 730 731 730 732 731 722 729 724 729 731 724 730 719 732 719 720 732 733 734 735 734 736 735 737 738 739 738 740 739 741 742 743 742 744 743 745 746 747 746 748 747 742 733 744 733 735 744 749 737 750 737 739 750 751 752 753 752 754 753 755 756 757 756 758 757 734 755 736 755 757 736 756 759 758 759 760 758 761 762 763 762 764 763 752 765 754 765 766 754 762 749 764 749 750 764 767 768 769 768 770 769 771 772 773 772 774 773 775 776 777 776 778 777 779 775 780 775 777 780 776 767 778 767 769 778 781 771 782 771 773 782 783 784 785 784 786 785 787 788 789 788 790 789 768 787 770 787 789 770 788 783 790 783 785 790 791 792 793 792 794 793 784 791 786 791 793 786 792 781 794 781 782 794 795 796 718 796 717 718 712 710 797 710 798 797 797 798 795 798 796 795 799 800 747 800 745 747 740 738 801 738 802 801 803 801 804 801 802 804 805 806 780 806 779 780 774 772 807 772 808 807 807 808 805 808 806 805 809 810 811 812 813 814 813 815 814 816 817 818 817 819 818 820 821 822 823 824 825 824 826 825 824 823 827 823 828 827 829 830 828 830 831 828 832 833 834 835 836 837 836 838 837 839 840 841 840 842 841 836 843 838 843 844 838 845 846 847 846 848 847 849 850 851 850 852 851 853 854 855 854 856 855 857 858 859 858 860 859 861 862 863 862 864 863 865 866 861 866 862 861 865 867 866 868 869 870 869 871 870 872 873 874 875 876 877 878 879 880 879 881 880 882 883 884 883 885 884 886 887 888 887 889 888 890 891 892 893 894 895 894 896 895 897 898 899 900 901 902 901 903 902 904 905 906 905 907 906 908 909 910 909 911 910 912 913 855 913 853 855 914 915 916 915 917 916 918 919 920 919 921 920 922 923 924 925 926 927 926 928 927 929 930 931 930 932 931 933 934 935 936 937 938 939 940 941 830 829 937 942 809 811 943 944 945 944 946 945 947 948 949 948 950 949 951 952 953 952 954 953 955 956 957 956 958 957 959 960 961 960 962 961 963 964 859 964 857 859 965 966 967 963 968 964 969 970 971 972 973 974 973 975 974 976 977 978 976 978 979 980 981 976 981 977 976 982 983 984 983 985 984 986 987 988 987 989 988 990 991 992 991 993 992 966 994 967 994 995 967 996 997 998 997 999 998 1000 1001 1002 1003 1004 1005 1006 1007 1008 1007 1009 1008 1010 1011 1012 1011 1013 1012 1014 1015 1016 1017 1018 1019 1018 1020 1019 1021 1022 1023 1022 1024 1023 1025 1026 1027 1026 1028 1027 1029 1030 1031 1032 1033 1034 1033 1035 1034 1036 1037 1038 1037 1039 1038 1040 1041 1042 1041 1043 1042 1044 1045 1046 1045 1047 1046 1048 1049 1050 1049 1051 1050 1052 1053 1054 1053 1055 1054 1056 1057 1058 1057 1059 1058 1060 1061 1062 1061 1063 1062 1064 1065 1066 1065 1067 1066 1068 1069 1070 1071 1072 1073 1072 1074 1073 1075 1076 1077 1078 1079 1080 1081 1082 1083 1082 1084 1083 1085 1086 1087 1086 1088 1087 1078 1080 1077 1080 1075 1077 1089 1077 1076 1090 1091 1092 1091 1093 1092 1094 1095 1096 1097 1098 1099 1098 1100 1099 1101 1102 1103 1102 1104 1103 1105 1106 1107 1106 1108 1107 1109 1110 1111 1110 1112 1111 1113 1114 1115 1114 1116 1115 1117 1118 1119 1118 1120 1119 1121 1122 1123 1124 1125 1126 1125 1127 1126 1128 1129 1130 1129 1131 1130 1132 1133 1134 1135 1136 1137 1138 1139 1140 1135 1141 1136 1142 1003 1005 1143 1144 1145 1144 1146 1145 1147 1148 1149 1148 1150 1149 1151 1152 1153 1152 1154 1153 1094 1096 1093 1096 1092 1093 1155 1156 1157 1156 1158 1157 1159 1160 1161 1160 1162 1161 1163 1164 1165 1166 1167 1168 1169 1089 1076 1170 1171 1172 1171 1173 1172 1174 1175 1176 1174 1176 1177 1178 1179 1174 1179 1175 1174 1180 1181 1182 1181 1183 1182 1184 1185 1186 1185 1187 1186 1188 1189 1190 1189 1191 1190 1192 1193 1194 1193 1195 1194 1196 1197 1198 1197 1199 1198 1200 1201 1202 697 699 694 699 696 694 677 679 698 679 700 698 689 691 678 691 680 678 681 683 690 683 692 690 685 687 682 687 684 682 1203 1204 686 1204 688 686 1205 1206 1203 1206 1204 1203 701 703 1205 703 1206 1205 693 695 702 695 704 702 1207 1208 1209 1208 1210 1209 1211 1212 1213 1212 1214 1213 1215 1216 1217 1216 1218 1217 1219 1220 1221 1222 1223 1224 1223 1225 1224 1226 1227 1228 1227 1229 1228 1230 1231 1232 1231 1233 1232 1234 1235 1236 1237 1238 1239 1238 1240 1239 1241 1242 1243 1242 1244 1243 1245 1246 1247 1246 1248 1247 1249 1250 1251 1250 1252 1251 1253 1254 1255 1254 1256 1255 1257 1258 1259 1260 1261 1262 1261 1263 1262 1264 1265 1266 1267 1268 1269 1268 1270 1269 1271 1272 1273 1272 1274 1273 1275 1276 1277 1276 1278 1277 1279 1280 1281 1280 1282 1281 1283 1284 1285 1286 1287 1288 1287 1289 1288 1290 1291 1292 1291 1293 1292 1294 1295 1296 1295 1297 1296 1298 1299 1300 1301 1302 1303 1302 1304 1303 1305 1306 1307 1306 1308 1307 1309 1310 1311 1310 1312 1311 1313 1314 1315 1314 1316 1315 1317 1318 1319 1318 1320 1319 1321 1322 1323 1324 1325 1326 1325 1327 1326 1328 1329 1330 1331 1332 1333 1332 1334 1333 1335 1336 1337 1336 1338 1337 1339 1340 1341 1340 1342 1341 1343 1344 1345 1344 1346 1345 1347 1348 1349 1350 1351 1352 1353 1354 1355 1356 1357 1358 1357 1359 1358 1360 1361 1362 1361 1363 1362 1364 1365 1366 1367 1368 1369 1370 1371 1372 1373 1374 1375 1374 1376 1375 1377 1378 1379 1378 1380 1379 1381 1382 1383 1382 1384 1383 1385 1386 1387 1386 1388 1387 1389 1390 1391 1390 1392 1391 1393 1394 1395 1394 1396 1395 1397 1398 1399 1398 1400 1399 1401 1402 1403 1402 1404 1403 1405 1406 1407 1408 1409 1410 1411 1412 1413 1414 1415 1416 1415 1417 1416 1418 1419 1420 1419 1421 1420 1422 1423 1424 1425 1426 1427 1428 1429 1430 1431 1432 1433 1432 1434 1433 1435 1436 1437 1436 1438 1437 1439 1440 1441 1440 1442 1441 1443 1444 1445 1444 1446 1445 1447 1448 1449 1448 1450 1449 1451 1452 1453 1452 1454 1453 1455 1451 1456 1451 1453 1456 1457 1455 1458 1455 1456 1458 1459 1457 1460 1457 1458 1460 1461 1462 1463 1462 1464 1463 1465 1461 1466 1461 1463 1466 1467 1468 1469 1468 1470 1469 1471 1467 1472 1467 1469 1472 1473 1471 1474 1471 1472 1474 1475 1476 1477 1476 1478 1477 1479 1477 1480 1477 1481 1480 1456 1453 1482 1453 1483 1482 1458 1456 1484 1456 1482 1484 1464 1485 1486 1485 1487 1486 1463 1464 1486 1466 1463 1488 1463 1486 1488 1469 1470 1489 1470 1490 1489 1472 1469 1491 1469 1489 1491 1478 1492 1481 1492 1493 1481 1477 1478 1481 1494 1495 1496 1497 1494 1496 1498 1497 1496 1499 1498 1496 1500 1499 1496 1495 1501 1496 1502 1503 1504 1505 1506 1507 1506 1508 1507 1509 1510 1511 1510 1512 1511 1513 1514 1515 1514 1516 1515 1517 1518 1519 1518 1520 1519 1521 1522 1523 1522 1524 1523 1524 1519 1523 1519 1520 1523 1525 1526 1527 1526 1528 1527 1529 1530 1531 1530 1532 1531 1533 1529 1534 1529 1531 1534 1535 1536 1537 1536 1538 1537 1539 1540 1541 1540 1542 1541 1543 1544 1545 1544 1546 1545 1547 1548 1549 1548 1550 1549 1551 1552 1553 1552 1554 1553 1555 1556 1557 1556 1558 1557 1559 1560 1561 1562 1563 1564 1563 1565 1564 1566 1567 1568 1567 1569 1568 1570 1571 1572 1571 1573 1572 1574 1575 1576 1577 1578 1579 1580 1581 1582 1581 1583 1582 1584 1585 1586 1587 1588 1589 1590 1586 1591 1586 1585 1591 1592 1593 1594 1593 1595 1594 1596 1597 1598 1597 1599 1598 1600 1601 1602 1603 1604 1605 1604 1606 1605 1607 1608 1609 1608 1610 1609 1611 1612 1613 1614 1615 1616 1617 1618 1619 1618 1620 1619 1621 1622 1623 1622 1624 1623 1625 1626 1627 1626 1628 1627 1629 1630 1631 1632 1633 1634 1635 1636 1637 1638 1639 1640 1641 1642 1643 1642 1644 1643 1645 1646 1647 1646 1648 1647 1649 1650 1651 1650 1652 1651 1653 1654 1655 1654 1656 1655 1657 1658 1659 1658 1660 1659 1661 1662 1663 1662 1664 1663 1665 1666 1667 1666 1668 1667 1669 1670 1671 1672 1673 1674 1673 1675 1674 1676 1677 1678 1677 1679 1678 1680 1681 1682 1673 1683 1675 1684 1685 1686 1687 1688 1689 1688 1690 1689 1689 1690 1691 1690 1692 1691 1693 1694 1695 1696 1697 1698 1697 1699 1698 1700 1701 1702 1701 1703 1702 1702 1704 1687 1704 1688 1687 1705 1706 1707 1706 1708 1707 1709 1710 1711 1710 1712 1711 1713 1714 1715 1714 1716 1715 1717 1718 1719 1718 1720 1719 1721 1722 1723 1722 1724 1723 1725 1726 1727 1726 1728 1727 1729 1730 1731 1590 1732 1586 1733 1734 1590 1734 1732 1590 1733 1588 1734 1588 1587 1734 1735 1736 1737 1736 1738 1737 1590 1591 1738 1591 1737 1738 1739 1740 1741 1740 1742 1741 1739 1743 1740 1744 1745 1746 1745 1747 1746 1748 1749 1750 1749 1751 1750 1752 1753 1754 1755 1756 1757 1758 1759 1760 1759 1761 1760 1762 1763 1764 1765 1766 1767 1766 1768 1767 1762 1769 1770 1769 1771 1770 1772 1773 1774 1773 1775 1774 1776 1777 1778 1777 1779 1778 1780 1781 1782 1781 1783 1782 1784 1785 1786 1785 1787 1786 1788 1789 1790 1789 1791 1790 1792 1793 1794 1795 1793 1792 1796 1795 1792 1794 1796 1792 1797 1798 1799 1798 1800 1799 1801 1802 1803 1802 1804 1803 1805 1806 1807 1806 1808 1807 1809 1810 1811 1810 1812 1811 1813 1814 1815 1814 1816 1815 1817 1818 1819 1818 1820 1819 1821 1822 1823 1822 1824 1823 1825 1826 1827 1826 1828 1827 1829 1830 1831 1830 1832 1831 1833 1834 1835 1834 1836 1835 1837 1838 1836 1838 1835 1836 1839 1840 1841 1840 1842 1841 1843 1844 1845 1844 1846 1845 1847 1848 1849 1848 1850 1849 1851 1852 1847 1852 1848 1847 1848 1853 1850 1854 1855 1848 1855 1853 1848 1856 1857 1858 1859 1860 1861 1862 1848 1852 1863 1864 1852 1864 1865 1852 1865 1862 1852 1866 1867 1868 1869 1870 1871 1870 1872 1871 1873 1874 1875 1876 1877 1878 1879 1880 1881 1880 1882 1881 1883 1884 1885 1884 1886 1885 1887 1888 1857 1889 1890 1891 1892 1893 1865 1893 1894 1865 1864 1892 1865 1895 1896 1897 1896 1898 1897 1899 1900 1901 1900 1902 1901 1903 1904 1905 1904 1906 1905 1907 1908 1909 1910 1911 1912 1911 1913 1912 1914 1910 1915 1910 1912 1915 1916 1917 1918 1917 1919 1918 1914 1915 1920 1915 1921 1920 1922 1923 1921 1923 1920 1921 1924 1925 1926 1925 1927 1926 1928 1929 1930 1931 1932 1933 1932 1934 1933 1935 1936 1937 1936 1938 1937 1939 1940 1941 1940 1942 1941 1943 1944 1940 1944 1945 1940 1946 1947 1948 1947 1949 1948 1950 1951 1952 1951 1953 1952 1954 1955 1956 1955 1957 1956 1958 1959 1960 1959 1961 1960 1962 1963 1964 1963 1965 1964 1966 1967 1968 1967 1969 1968 1970 1971 1972 1971 1973 1972 1974 1975 1976 1975 1977 1976 1978 1979 1980 1979 1981 1980 1688 1704 1982 1704 1983 1982 1690 1688 1984 1688 1982 1984 1692 1690 1985 1690 1984 1985 1909 1908 1986 1987 1988 1989 1988 1990 1989 1991 1992 1993 1992 1994 1993 1995 1996 1997 1996 1998 1997 1999 2000 2001 2000 2002 2001 2003 2004 2005 2004 2006 2005 2007 2008 2009 2008 2010 2009 2011 2012 2013 2012 2014 2013 2015 2016 2017 2018 2019 2020 2019 2021 2020 2022 2023 2024 2023 2025 2024 2026 2027 2028 2027 2029 2028 2030 2031 2032 2031 2033 2032 2034 2035 2036 2037 2038 2039 2038 2040 2039 2041 2042 2043 2042 2044 2043 2045 2046 2047 2046 2048 2047 2049 2050 2051 2050 2052 2051 2053 2054 2055 2054 2056 2055 2057 2058 2059 2058 2060 2059 2061 2062 2063 2062 2064 2063 2065 2066 2067 2066 2068 2067 2069 2070 2071 2070 2072 2071 2073 2074 2075 2074 2076 2075 2077 2078 2079 2078 2080 2079 2081 2082 2083 2082 2084 2083 2085 2086 2087 2086 2088 2087 2050 2089 2090 2091 2089 2049 2089 2050 2049 2092 2091 2093 2091 2049 2093 2094 2095 2096 2097 2098 2099 2098 2100 2099 2101 2094 2096 2102 2103 2104 2094 2105 2095 2105 2106 2095 2106 2105 2107 2102 2094 2103 2094 2101 2103 2108 2109 2110 2109 2111 2110 2112 2113 2114 2113 2115 2114 2116 2117 2118 2117 2119 2118 2120 2121 2122 2121 2123 2122 2124 2125 2126 2125 2127 2126 2128 2129 2130 2129 2131 2130 2132 2133 2134 2133 2135 2134 2136 2137 2138 2137 2139 2138 2140 2141 2142 2141 2143 2142 2144 2145 2146 2145 2147 2146 2148 2121 2149 2121 2120 2149 2150 2151 2152 2151 2153 2152 2154 2150 2155 2150 2152 2155 2156 2154 2157 2154 2155 2157 2158 2159 2157 2160 2161 2162 2163 2160 2164 2160 2162 2164 2165 2163 2166 2163 2164 2166 2167 2165 2168 2165 2166 2168 2169 2167 2170 2167 2168 2170 2171 2169 2172 2169 2170 2172 2173 2171 2174 2171 2172 2174 2175 2173 2176 2173 2174 2176 2177 2178 2179 2178 2176 2179 2180 2177 2181 2177 2179 2181 2182 2183 2184 2185 2186 2187 2186 2188 2187 2189 2185 2190 2185 2187 2190 2151 2189 2153 2189 2190 2153 2186 2191 2188 2191 2184 2188 2159 2156 2157 2192 2158 2193 2158 2157 2193 2161 2192 2162 2192 2193 2162 2178 2175 2176 2191 2182 2184 2194 2195 2196 2195 2197 2196 2198 2199 2200 2199 2201 2200 2202 2203 2204 2203 2205 2204 2206 2207 2208 2207 2209 2208 2210 2211 2212 2211 2213 2212 2214 2215 2216 2215 2217 2216 2218 2219 2220 2219 2221 2220 2222 2223 2224 2223 2225 2224 2226 2227 2228 2227 2229 2228 2230 2231 2232 2231 2233 2232 2234 2235 2236 2235 2237 2236 2238 2239 2240 2239 2241 2240 2242 2243 2244 2243 2245 2244 2246 2247 2248 2247 2249 2248 2250 2251 2252 2251 2253 2252 2254 2255 2256 2255 2257 2256 2258 2259 2260 2259 2261 2260 2262 2263 2264 2263 2265 2264 2266 2267 2268 2267 2269 2268 2270 2271 2272 2271 2273 2272 2274 2275 2276 2275 2277 2276 2278 2279 2280 2279 2281 2280 2282 2283 2284 2283 2285 2284 2286 2287 2288 2287 2289 2288 2290 2291 2292 2291 2293 2292 2294 2295 2296 2295 2297 2296 2298 2299 2300 2299 2301 2300 2302 2303 2304 2303 2305 2304 2306 2307 2308 2307 2309 2308 2310 2311 2312 2311 2313 2312 2314 2315 2316 2315 2317 2316 2318 2319 2320 2319 2321 2320 2322 2323 2324 2323 2325 2324 2326 2327 2328 2327 2329 2328 2330 2331 2332 2331 2333 2332 2334 2335 2336 2335 2337 2336 2338 2339 2340 2339 2341 2340 2342 2343 2344 2343 2345 2344 2346 2347 2348 2347 2349 2348 2350 2351 2352 2351 2353 2352 2354 2355 2356 2355 2357 2356 2354 2358 2355 2359 2360 2361 2360 2362 2361 2360 2363 2362 2363 2364 2362 2365 2366 2367 2366 2368 2367 2368 2359 2367 2359 2361 2367 2369 2370 2371 2370 2372 2371 2373 2371 2374 2371 2372 2374 2375 2376 2377 2376 2378 2377 2378 2376 2379 2376 2380 2379 2381 2375 2382 2375 2377 2382 2383 2384 2385 2384 2386 2385 2386 2379 2385 2379 2380 2385 2381 2382 2387 2382 2388 2387 2389 2387 2390 2387 2388 2390 2391 2389 2392 2389 2390 2392 2393 2394 2395 2394 2396 2395 2396 2397 2395 2397 2398 2395 2397 2399 2398 2399 2400 2398 2399 2401 2400 2401 2402 2400 2403 2404 2405 2404 2406 2405 2405 2406 2407 2406 2408 2407 2409 2407 2410 2407 2408 2410 2411 2394 2412 2394 2393 2412 2410 2411 2409 2411 2412 2409 2413 2414 2415 2414 2416 2415 2417 2418 2419 2418 2420 2419 2421 2422 2423 2422 2424 2423 2425 2426 2427 2427 2422 2425 2422 2428 2425 2429 2430 2431 2432 2433 2434 2433 2435 2434 2436 2437 2438 2437 2439 2438 2440 2441 2442 2441 2443 2442 2444 2440 2445 2440 2442 2445 2446 2447 2448 2447 2449 2448 2437 2450 2439 2450 2451 2439 2452 2453 2454 2453 2455 2454 2451 2450 2456 2450 2457 2456 2457 2458 2456 2458 2459 2456 2460 2461 2462 2461 2463 2462 2464 2465 2466 2465 2467 2466 2463 2468 2462 2468 2469 2462 2468 2464 2469 2464 2466 2469 2470 2471 2472 2471 2473 2472 2474 2475 2476 2475 2477 2476 2478 2479 2480 2479 2481 2480 2482 2483 2484 2483 2485 2484 2486 2480 2487 2480 2481 2487 2488 2489 2447 2489 2449 2447 2458 2490 2459 2490 2491 2459 2492 2493 2494 2493 2495 2494 2496 2497 2498 2497 2499 2498 2500 2501 2502 2501 2503 2502 2501 2504 2503 2504 2505 2503 2506 2507 2508 2507 2509 2508 2510 2500 2511 2500 2502 2511 2493 2510 2495 2510 2511 2495 2512 2513 2514 2513 2515 2514 2516 2431 2430 2517 2492 2518 2492 2494 2518 2519 2517 2520 2517 2518 2520 2521 2522 2523 2522 2524 2523 2525 2526 2527 2526 2528 2527 2529 2530 2531 2530 2532 2531 2533 2534 2535 2534 2536 2535 2537 2516 2520 2516 2519 2520 2538 2539 2540 2539 2541 2540 2542 2543 2544 2543 2545 2544 2546 2547 2548 2547 2549 2548 2550 2551 2552 2551 2553 2552 2554 2555 2556 2555 2557 2556 2558 2559 2560 2559 2561 2560 2562 2563 2564 2563 2565 2564 2566 2567 2568 2567 2569 2568 2570 2571 2572 2571 2573 2572 2574 2575 2576 2575 2577 2576 2578 2579 2580 2579 2581 2580 2582 2583 2584 2583 2585 2584 2586 2587 2588 2587 2589 2588 2590 2591 2592 2591 2593 2592 2594 2595 2596 2595 2597 2596 2598 2599 2600 2599 2601 2600 2602 2603 2604 2603 2605 2604 2600 2601 2603 2601 2605 2603 2606 2602 2607 2602 2604 2607 2608 2606 2609 2606 2607 2609 2610 2611 2612 2611 2613 2612 2614 2615 2616 2615 2613 2616 2617 2611 2618 2611 2610 2618 2619 2620 2621 2620 2622 2621 2622 2614 2621 2614 2616 2621 2623 2624 2625 2624 2626 2625 2627 2628 2629 2628 2630 2629 2631 2632 2633 2632 2634 2633 2635 2636 2637 2636 2638 2637 2639 2640 2641 2640 2642 2641 2597 2595 2643 2595 2644 2643 2645 2646 2647 2646 2648 2647 2649 2650 2651 2650 2652 2651 2653 2654 2655 2654 2656 2655 2657 2658 2659 2658 2660 2659 2661 2662 2663 2662 2664 2663 2665 2666 2667 2666 2668 2667 2669 2670 2671 2670 2672 2671 2673 2674 2675 2674 2676 2675 2677 2678 2679 2678 2680 2679 2681 2682 2683 2682 2684 2683 2685 2686 2687 2686 2688 2687 2689 2690 2691 2690 2692 2691 2693 2694 2695 2694 2696 2695 2697 2698 2699 2698 2700 2699 2701 2702 2703 2702 2704 2703 2705 2706 2707 2706 2708 2707 2709 2710 2711 2710 2712 2711 2713 2714 2715 2714 2716 2715 2713 2711 2714 2711 2712 2714 2717 2718 2719 2718 2720 2719 2721 2722 2723 2722 2724 2723 2725 2726 2723 2726 2721 2723 2727 2728 2729 2728 2730 2729 2724 2722 2730 2722 2729 2730 2731 2732 2733 2732 2734 2733 2735 2736 2737 2736 2738 2737 2739 2740 2741 2740 2742 2741 2743 2744 2745 2744 2746 2745 2747 2748 2749 2748 2750 2749 2751 2752 2753 2752 2754 2753 2755 2756 2757 2756 2758 2757 2759 2760 2761 2760 2762 2761 2763 2764 2765 2764 2766 2765 2767 2768 2769 2768 2770 2769 2771 2772 2773 2772 2774 2773 2775 2776 2777 2776 2778 2777 2779 2780 2781 2780 2782 2781 2783 2784 2785 2784 2786 2785 2785 2786 2787 2786 2788 2787 2789 2790 2791 2790 2792 2791 2789 2793 2790 2793 2794 2790 2795 2796 2792 2796 2791 2792 2797 2798 2799 2798 2800 2799 2801 2802 2803 2802 2804 2803 2805 2806 2807 2806 2808 2807 2809 2810 2811 2810 2812 2811 2813 2814 2815 2814 2816 2815 2817 2818 2819 2818 2820 2819 2821 2822 2823 2822 2824 2823 2825 2826 2827 2826 2828 2827 2829 2830 2831 2830 2832 2831 2833 2834 2835 2834 2836 2835 2837 2838 2839 2838 2840 2839 2841 2842 2843 2842 2844 2843 2845 2846 2847 2846 2848 2847 2849 2850 2851 2850 2852 2851 2853 2854 2855 2854 2856 2855 2857 2858 2859 2858 2860 2859 2861 2862 2863 2862 2864 2863 2865 2866 2867 2866 2868 2867 2869 2870 2871 2870 2872 2871 2873 2874 2875 2874 2876 2875 2877 2878 2879 2878 2880 2879 2881 2882 2883 2882 2884 2883 2617 2618 2885 2618 2886 2885 2887 2888 2889 2888 2890 2889 2886 2891 2885 2891 2892 2885 2893 2894 2895 2894 2896 2895 2608 2609 2894 2609 2896 2894 2897 2898 2895 2898 2893 2895 2710 2709 2899 2709 2900 2899 2901 2902 2903 2902 2904 2903 2905 2906 2900 2906 2899 2900 2905 2903 2906 2903 2904 2906 2907 2908 2909 2908 2910 2909 2907 2911 2908 2911 2912 2908 2913 2914 2915 2914 2916 2915 2909 2910 2725 2910 2726 2725 2917 2918 2919 2918 2920 2919 2921 2922 2923 2922 2924 2923 2925 2926 2927 2928 2929 2930 2929 2931 2930 2932 2933 2934 2933 2935 2934 2936 2937 2938 2937 2939 2938 2934 2935 2939 2935 2938 2939 2940 2941 2942 2941 2943 2942 2944 2945 2946 2945 2947 2946 2943 2946 2942 2946 2947 2942 2948 2949 2950 2951 2952 2953 2954 2955 2956 2957 2958 2959 2958 2960 2959 2961 2962 2963 2962 2964 2963 2965 2966 2967 2966 2968 2967 2969 2970 2971 2970 2972 2971 2973 2974 2975 2974 2976 2975 2977 2978 2979 2978 2980 2979 2981 2982 2983 2982 2984 2983 2985 2986 2987 2986 2988 2987 2989 2990 2991 2990 2992 2991 2989 2993 2990 2993 2994 2990 2995 2996 2997 2996 2998 2997 2999 3000 2996 3000 2998 2996 3001 3002 3003 3002 3004 3003 3005 3006 3007 3006 3008 3007 3009 3010 3011 3010 3012 3011 3013 3014 3015 3014 3016 3015 3017 3018 3016 3018 3015 3016 3019 3020 3021 3020 3022 3021 3023 3024 3021 3024 3019 3021 3025 3026 3027 3026 3028 3027 3029 3030 3031 3030 3032 3031 3033 3034 3035 3034 3036 3035 3037 3038 3039 3038 3040 3039 3036 3041 3035 3041 3042 3035 3043 3044 3045 3044 3046 3045 3042 3041 3046 3041 3045 3046 3047 3048 3049 3048 3050 3049 3051 3052 3053 3052 3054 3053 3055 3049 3051 3049 3050 3051 3056 3057 3058 3057 3059 3058 3060 3061 3062 3061 3063 3062 3064 3065 3066 3065 3067 3066 3068 3069 3070 3069 3071 3070 3072 3073 3074 3073 3075 3074 3076 3077 3071 3077 3070 3071 3076 3074 3077 3074 3075 3077 3078 3079 3080 3079 3081 3080 3082 3083 3080 3083 3078 3080 3084 3085 3086 3085 3087 3086 3081 3079 3086 3079 3084 3086 3088 3089 3090 3089 3091 3090 3092 3093 3094 3093 3095 3094 3096 3094 3097 3094 3095 3097 3098 3099 3100 3099 3101 3100 3096 3097 3101 3097 3100 3101 3091 3089 3102 3089 3103 3102 3104 3105 3106 3105 3107 3106 3108 3109 3107 3109 3106 3107 3108 3102 3109 3102 3103 3109 3110 3111 3112 3111 3113 3112 3114 3115 3113 3115 3112 3113 3116 3117 3118 3117 3119 3118 3120 3121 3118 3121 3116 3118 3122 3123 3124 3123 3125 3124 3126 3127 3125 3127 3124 3125 3128 3129 3130 3129 3131 3130 3132 3133 3130 3133 3128 3130 3134 3135 3136 3135 3137 3136 3138 3139 3137 3139 3136 3137 3140 3141 3142 3141 3143 3142 3144 3145 3142 3145 3140 3142 3146 3147 3148 3147 3149 3148 3150 3151 3152 3151 3153 3152 3154 3155 3156 3155 3157 3156 3158 3159 3160 3159 3161 3160 3162 3163 3164 3163 3165 3164 3166 3162 3167 3162 3164 3167 3168 3169 3170 3169 3171 3170 3172 3173 3174 3173 3175 3174 3176 3177 3178 3177 3179 3178 3180 3181 3182 3181 3183 3182 3184 3185 3182 3185 3180 3182 3186 3187 3188 3187 3189 3188 3190 3191 3188 3191 3186 3188 3192 3193 3194 3193 3195 3194 3196 3197 3194 3197 3192 3194 3198 3199 3200 3199 3201 3200 3202 3203 3201 3203 3200 3201 3204 3205 3206 3205 3207 3206 3208 3209 3210 3209 3211 3210 3212 3213 3214 3213 3215 3214 3216 3217 3218 3217 3219 3218 3220 3221 3222 3221 3223 3222 3224 3225 3226 3225 3227 3226 3228 3229 3226 3229 3224 3226 3230 3231 3232 3231 3233 3232 3234 3235 3236 3235 3237 3236 3238 3239 3240 3239 3241 3240 3242 3243 3244 3243 3245 3244 3246 3247 3248 3247 3249 3248 3250 3251 3252 3251 3253 3252 3254 3255 3256 3255 3257 3256 3258 3259 3260 3259 3261 3260 3262 3263 3264 3263 3265 3264 3266 3267 3268 3267 3269 3268 3270 3271 3272 3271 3273 3272 3274 3275 3276 3275 3277 3276 3278 3279 3280 3279 3281 3280 3282 3283 3284 3283 3285 3284 3286 3287 3288 3287 3289 3288 3044 3043 3288 3043 3286 3288 3290 3291 3292 3291 3293 3292 3289 3287 3293 3287 3292 3293 3048 3047 3294 3047 3295 3294 3296 3297 3298 3297 3299 3298 3300 3301 3295 3301 3294 3295 3300 3302 3301 3302 3303 3301 3073 3072 3304 3072 3305 3304 3306 3307 3308 3307 3309 3308 3310 3311 3305 3311 3304 3305 3310 3308 3311 3308 3309 3311 3312 3313 3314 3313 3315 3314 3316 3317 3318 3317 3319 3318 3083 3082 3320 3082 3321 3320 3315 3313 3321 3313 3320 3321 3322 3323 3324 3323 3325 3324 3326 3327 3328 3327 3329 3328 3330 3331 3332 3331 3333 3332 3334 3335 3336 3335 3337 3336 3335 3331 3337 3331 3330 3337 3338 2404 3339 2404 2403 3339 3339 3334 3338 3334 3336 3338 3340 3341 3342 3341 3343 3342 3344 3343 3345 3343 3341 3345 3346 3344 3347 3344 3345 3347 3348 3346 3349 3346 3347 3349 3350 3351 3352 3351 3353 3352 2402 2401 3354 2401 3355 3354 3354 3355 3356 3355 3357 3356 3358 3356 3359 3356 3357 3359 3332 3333 3360 3333 3361 3360 3361 3362 3360 3362 3363 3360 3364 3365 3366 3365 3367 3366 3368 3369 3370 3369 3371 3370 3372 3373 3374 3373 3375 3374 3376 3377 2445 3377 2444 2445 2490 2486 2491 2486 2487 2491 3378 3379 2472 3379 2470 2472 2473 2471 2415 2471 2413 2415 2414 3380 2416 3380 3381 2416 2423 2424 3376 2424 3377 3376 2423 3376 2438 3376 2436 2438 3382 2444 3377 3383 3384 2426 3384 2427 2426 3385 3386 2521 3386 2522 2521 3387 3388 3389 3388 3390 3389 3391 3392 3380 3392 3381 3380 3393 3394 3395 3394 3396 3395 3397 3398 3399 3398 3400 3399 3386 3385 3397 3385 3401 3397 3397 3401 3398 3386 3397 3383 3397 3384 3383 3399 3400 3382 3400 2444 3382 2425 3402 2426 3402 3403 2426 2476 2446 2474 2446 2448 2474 3404 3405 2795 3405 2796 2795 3406 3407 3408 3407 3409 3408 3410 3411 3412 3411 3413 3412 2941 2940 2783 2940 2784 2783 3414 3415 3416 3415 3417 3416 3418 3419 3420 3419 3421 3420 3422 3423 3424 3423 3425 3424 3426 3427 3428 3427 3429 3428 3415 3430 3417 3430 3431 3417 3427 3432 3429 3432 3433 3429 2932 3418 2933 3418 3420 2933 2429 3434 2430 3434 3435 2430 3434 3436 3435 3436 3437 3435 3436 2467 3437 2467 2465 3437 2484 2461 2482 2461 2460 2482 3092 3056 3093 3056 3058 3093 3438 3088 3439 3088 3090 3439 2475 2479 2477 2479 3440 2477 2478 2485 3440 2485 2483 3440 2478 3440 2479 3441 2421 2488 2421 2489 2488 2421 3441 2422 3441 2428 2422 3362 3358 3363 3358 3359 3363 3403 3402 2431 3402 2429 2431 3413 3411 3442 3411 3443 3442 3408 3409 3444 3409 3445 3444 3446 3447 3448 3447 3449 3448 3450 3451 3446 3451 3447 3446 3452 3453 3450 3453 3451 3450 3454 3455 3452 3455 3453 3452 2499 2497 3454 2497 3455 3454 2535 2536 2525 2536 2526 2525 2514 2515 2533 2515 2534 2533 3456 3457 2512 3457 2513 2512 3458 3459 3456 3459 3457 3456 3460 2523 2524 3460 3461 2523 3461 3458 2523 3458 3461 3459 2527 2528 2506 2528 2507 2506 2508 2509 3387 2509 3388 3387 3389 3390 3462 3390 3463 3462 3462 3463 2529 3463 2530 2529 2532 3464 2531 3464 3465 2531 3465 3464 3466 3464 3467 3466 3468 3469 3470 3469 3471 3470 3472 3473 2498 3473 2496 2498 3466 3467 3472 3467 3474 3472 3472 3474 3473 3448 3449 3391 3449 3392 3391 2420 2418 3378 2418 3379 3378 2455 2453 2419 2453 2417 2419 2435 2433 2454 2433 2452 2454 2443 2441 2434 2441 2432 2434 3475 3476 3477 3476 3478 3477 3476 3479 3478 3479 3480 3478 3479 3481 3480 3481 3482 3480 3483 3484 3485 3484 3486 3485 3349 3487 3348 3487 3488 3348 3487 3489 3488 3489 3490 3488 3489 3491 3490 3491 3492 3490 3493 3475 3494 3475 3477 3494 3495 3493 3496 3493 3494 3496 3497 3498 3499 3498 3500 3499 3501 3502 3503 3502 3504 3503 3505 3353 3506 3353 3351 3506 3507 3505 3508 3505 3506 3508 3502 3507 3504 3507 3508 3504 2373 2374 2363 2374 2364 2363 3486 3484 3499 3484 3497 3499 3460 2431 2537 2431 2516 2537 3460 2537 3461 2355 2358 3509 3510 3511 3512 3511 3513 3512 3514 3515 3516 3515 3517 3516 3518 3519 3520 3519 3521 3520 3522 3523 3524 3523 3525 3524 3526 3522 3527 3522 3524 3527 3528 3529 3530 3529 3531 3530 3529 3526 3531 3526 3527 3531 3532 3533 3534 3533 3535 3534 3533 3536 3535 3536 3537 3535 3538 3539 3540 3539 3541 3540 3542 3543 3544 3543 3545 3544 3546 3547 3548 3547 3549 3548 3547 3550 3549 3550 3551 3549 3552 3553 3554 3553 3555 3554 3550 3552 3551 3552 3554 3551 3553 3556 3555 3556 3557 3555 3558 3559 3560 3559 3561 3560 3562 3563 3564 3563 3565 3564 3566 3562 3567 3562 3564 3567 3568 3569 3570 3569 3571 3570 3572 3568 3573 3568 3570 3573 3574 3572 3575 3572 3573 3575 3523 3532 3525 3532 3534 3525 3576 3577 3578 3577 3579 3578 3580 3581 3582 3581 3583 3582 3584 3585 3586 3585 3587 3586 3588 3589 3590 3589 3591 3590 3592 3593 3594 3593 3595 3594 3596 3597 3598 3597 3599 3598</p>
				</triangles>
			</mesh>
		</geometry>
		<geometry id="_1_geo_id" name="">
			<mesh>
				<source id="_1_Position_id" name="_1_Position">
					<float_array id="_1_Position_array_id" count="336">16.031 -2.37721 -4.02005 11.9188 -1.23076 -4.71782 11.1882 -1.16744 -6.15482 11.9188 -0.443842 -4.70389 11.1882 -0.443842 -6.15482 11.9188 -1.23076 -4.71782 11.1882 -1.16744 -6.15482 12.9993 -1.21198 -0.822275 15.8516 -2.21301 1.01057 12.6946 -1.28642 1.8679 15.7613 -2.34392 4.13115 12.6946 -0.44511 1.8679 12.9993 -0.441573 -0.822275 12.6946 -1.28642 1.8679 12.9993 -1.21198 -0.822275 12.9879 -1.23229 3.07014 12.9904 -0.44511 3.08062 12.9879 -1.23229 3.07014 11.9837 -1.17815 4.08452 15.6733 -2.4221 5.87274 11.1955 -1.15467 6.53668 11.9837 -0.441622 4.08452 11.9837 -1.17815 4.08452 11.1955 -0.441291 6.53668 11.1955 -1.15467 6.53668 10.1541 -1.13119 7.50872 13.1617 -2.41496 12.2875 7.78802 -2.02648 12.0369 10.1541 -0.44096 7.50872 10.1541 -1.13119 7.50872 7.78802 -0.998969 12.0369 7.78802 -2.02648 12.0369 6.02038 -2.21182 12.7189 7.19868 -3.08742 18.1184 2.9832 -2.92504 17.8429 6.02038 -0.53142 12.7189 6.02038 -2.21182 12.7189 2.9832 -1.83257 17.8429 2.9832 -2.92504 17.8429 0.853823 -2.97014 18.9748 1.38522 -3.02068 19.8931 0.715271 -2.97635 19.2254 0.84337 -2.98256 19.4761 0.890302 -2.43956 18.9748 0.853823 -2.97014 18.9748 0.75175 -2.32974 19.2254 0.715271 -2.97635 19.2254 0.84337 -2.98256 19.4761 1.38522 -3.02068 19.8931 0.879849 -2.13953 19.4761 1.38522 -1.54825 19.8486 12.5655 -1.29407 -1.53382 12.5655 -0.441573 -1.53382 12.5655 -1.29407 -1.53382 2.44199 -1.80801 18.9703 3.28135 -1.09592 17.4538 2.02544 -1.39897 19.6509 12.8665 -1.20522 3.48701 12.8678 -0.443366 3.49225 12.8665 -1.20522 3.48701 10.6589 -1.14293 7.33315 10.6589 -0.441125 7.33315 10.6589 -1.14293 7.33315 -6.76229 -1.04932 -10.5129 -2.86799 -0.734964 -13.0394 -6.76229 -0.0642935 -10.5129 -2.86799 -0.734964 -13.0394 -6.76229 -1.04932 -10.5129 -2.89716 -0.975783 -14.8333 -8.07809 -1.49897 -11.4185 -9.6041 -1.04229 -8.00103 -8.84576 -1.04405 -9.66999 -9.6041 -0.0642578 -8.00103 -8.84576 -0.0642935 -9.66999 -8.84576 -1.04405 -9.66999 -14.0052 -1.49897 -9.01472 -9.6041 -1.04229 -8.00103 -11.9007 -1.03067 -4.12381 -11.2793 -1.03648 -7.28872 -11.9007 -0.0526844 -4.12381 -11.2793 -0.0642578 -7.28872 -11.2793 -1.03648 -7.28872 -14.9272 -1.49897 -6.90732 -11.9007 -1.03067 -4.12381 -12.7672 0.0446366 -1.17927 -12.7672 -1.06645 -1.17927 -13.1745 0.0446366 -1.91242 -13.1745 -1.04856 -1.91242 -15.1188 -1.51974 -6.57925 -13.1745 -1.04856 -1.91242 -15.81 -1.51239 3.07373 -12.7672 -1.06645 -1.17927 -11.449 -1.02781 5.07184 -12.0508 -1.04713 4.62761 -11.449 0.00123184 5.07184 -12.0508 0.00123183 4.62761 -6.8121 -1.02436 10.4429 -9.60877 -1.02609 7.99509 -6.8121 0.00123184 10.4429 -9.60877 0.00123184 7.99509 0.223716 -0.521736 12.6714 0.223716 -1.15398 12.6714 -12.8559 -1.4971 11.1264 -6.8121 -1.02436 10.4429 -2.75266 -1.49897 14.1613 0.223716 -1.15398 12.6714 -8.01061 -1.0458 -10.0079 -8.01061 -0.0642935 -10.0079 -8.01061 -1.0458 -10.0079 -9.60877 -1.02609 7.99509 -12.0508 -1.04713 4.62761 -11.449 -1.02781 5.07184</float_array>
					<technique_common>
						<accessor source="#_1_Position_array_id" count="112" stride="3">
							<param name="X" type="float" />
							<param name="Y" type="float" />
							<param name="Z" type="float" />
						</accessor>
					</technique_common>
				</source>
				<source id="_1_Normal_id" name="_1_Normal">
					<float_array id="_1_Normal_array_id" count="336">-0.28848803 -0.95532006 0.064329505 -0.7601953 -0.60091925 0.2469801 -0.7282618 -0.59339386 0.34280992 -0.94455427 -0.002954881 0.32834208 -0.8923211 -0.0041622203 0.45138207 -0.7601953 -0.60091925 0.2469801 -0.7282618 -0.59339386 0.34280992 -0.7828098 -0.6084029 0.13059397 -0.30163693 -0.9534228 0.00031758493 -0.82021284 -0.56834286 0.06509528 -0.35662222 -0.93418956 0.010507907 -0.998002 0 0.0631832 -0.97646374 0 0.21568196 -0.82021284 -0.56834286 0.06509528 -0.7828098 -0.6084029 0.13059397 -0.8281202 -0.5604201 0.012094803 -0.9997169 0.0027123697 -0.023640595 -0.8281202 -0.5604201 0.012094803 -0.6384633 -0.6091593 -0.47041425 -0.2792829 -0.9518746 -0.12623696 -0.7310433 -0.59647423 -0.33135214 -0.79933035 0.0017853907 -0.60088927 -0.6384633 -0.6091593 -0.47041425 -0.899598 0 -0.436719 -0.7310433 -0.59647423 -0.33135214 -0.45527285 -0.6481228 -0.6104618 -0.117761955 -0.9765716 -0.18011095 -0.45527285 -0.6481228 -0.6104618 -0.6533597 0 -0.75704765 -0.45527285 -0.6481228 -0.6104618 -0.6659471 0 -0.74599904 -0.45527285 -0.6481228 -0.6104618 -0.43667305 -0.66901904 -0.6014401 -0.03142642 -0.9906665 -0.13263607 -0.47862127 -0.68001634 -0.5554273 -0.73320407 0.032215104 -0.67924505 -0.43667305 -0.66901904 -0.6014401 -0.7744783 0.23025408 -0.58920825 -0.47862127 -0.68001634 -0.5554273 -0.5029779 -0.6885038 -0.5224709 -0.30853504 -0.8966271 0.31759402 -0.89415836 -0.4461932 -0.037315816 -0.7121621 -0.42826003 0.5562541 -0.66874707 0.37492102 -0.64203703 -0.5029779 -0.6885038 -0.5224709 -0.7856621 0.5495681 -0.28409505 -0.89415836 -0.4461932 -0.037315816 -0.7121621 -0.42826003 0.5562541 -0.30853504 -0.8966271 0.31759402 -0.871526 0.380863 0.308846 -0.654735 0.726438 -0.20883 -0.7601953 -0.60091925 0.2469801 -0.930811 -0.000859683 0.3655 -0.7601953 -0.60091925 0.2469801 -0.537036 0.649267 -0.538558 -0.8739754 0.06059063 -0.48217824 -0.684071 0.397464 -0.611612 -0.6612295 -0.5979374 -0.45304132 -0.79933035 0.0017853907 -0.60088927 -0.6612295 -0.5979374 -0.45304132 -0.49913704 -0.6301051 -0.59483606 -0.6102081 0 -0.79224116 -0.49913704 -0.6301051 -0.59483606 0.3862119 -0.6031399 0.6978988 0.4677111 -0.61776215 0.63215214 0.46176118 0 0.8870043 0.4677111 -0.61776215 0.63215214 0.3862119 -0.6031399 0.6978988 0.18992993 -0.96973765 0.15341294 0.13434495 -0.96312064 0.23313092 0.49655908 -0.6603331 0.56337315 0.49617302 -0.63108605 0.5962741 0.69208807 0 0.7218131 0.69208807 0 0.7218131 0.49617302 -0.63108605 0.5962741 0.10149103 -0.9867243 0.12678604 0.49655908 -0.6603331 0.56337315 0.70018667 -0.6643277 0.2615479 0.55126804 -0.6948501 0.46183002 0.936519 0 0.350617 0.7767523 0 0.6298062 0.55126804 -0.6948501 0.46183002 0.12121294 -0.9916285 0.044499278 0.70018667 -0.6643277 0.2615479 0.9508213 0 -0.3097401 0.7245088 -0.65795183 -0.20539296 0.9999699 0 0.007755389 0.71705836 -0.69660836 0.02375161 0.14675507 -0.9888055 0.026958713 0.71705836 -0.69660836 0.02375161 0.14748801 -0.98885804 -0.020175802 0.7245088 -0.65795183 -0.20539296 0.5611151 -0.66902107 -0.48740205 0.6405291 -0.6867551 -0.34364206 0.73277885 0 -0.68046683 0.8633864 0 -0.50454324 0.36047682 -0.6624877 -0.6566327 0.5611151 -0.66902107 -0.48740205 0.49066827 0 -0.8713465 0.7604267 0 -0.6494238 0.30194813 0 -0.9533244 0.22668904 -0.6394091 -0.7346891 0.08501997 -0.9922326 -0.09080787 0.36047682 -0.6624877 -0.6566327 0.046629623 -0.9832135 -0.1764001 0.22668904 -0.6394091 -0.7346891 0.303598 -0.582579 0.753943 0.37504816 0 0.92700535 0.303598 -0.582579 0.753943 0.5611151 -0.66902107 -0.48740205 0.6405291 -0.6867551 -0.34364206 0.5611151 -0.66902107 -0.48740205</float_array>
					<technique_common>
						<accessor source="#_1_Normal_array_id" count="112" stride="3">
							<param name="X" type="float" />
							<param name="Y" type="float" />
							<param name="Z" type="float" />
						</accessor>
					</technique_common>
				</source>
				<source id="_1_TexCoord0_id" name="_1_TexCoord0">
					<float_array id="_1_TexCoord0_array_id" count="224">0.013092 0.698435 0.142239 0.718528 0.165184 0.759909 0.51701 0.46698 0.51701 0.46698 0.51701 0.46698 0.51701 0.46698 0.108304 0.60635 0.0187263 0.553571 0.117874 0.528882 0.0215629 0.463709 0.51701 0.46698 0.51701 0.46698 0.51701 0.46698 0.51701 0.46698 0.108664 0.494262 0.51701 0.46698 0.51701 0.46698 0.140201 0.465051 0.0243261 0.413557 0.164956 0.394438 0.51701 0.46698 0.51701 0.46698 0.51701 0.46698 0.51701 0.46698 0.197661 0.366446 0.103205 0.228833 0.271971 0.236049 0.51701 0.46698 0.51701 0.46698 0.51701 0.46698 0.51701 0.46698 0.327486 0.21641 0.29048 0.0609239 0.422872 0.0688565 0.51701 0.46698 0.51701 0.46698 0.51701 0.46698 0.51701 0.46698 0.489747 0.0362625 0.473058 0.0098189 0.494099 0.0290447 0.490076 0.0218269 0.51701 0.46698 0.51701 0.46698 0.51701 0.46698 0.51701 0.46698 0.51701 0.46698 0.51701 0.46698 0.51701 0.46698 0.51701 0.46698 0.121931 0.62684 0.51701 0.46698 0.51701 0.46698 0.51701 0.46698 0.51701 0.46698 0.51701 0.46698 0.112475 0.482258 0.51701 0.46698 0.51701 0.46698 0.181809 0.371502 0.51701 0.46698 0.51701 0.46698 0.51701 0.46698 0.51701 0.46698 0.51701 0.46698 0.582088 0.931978 0.704392 0.859223 0.583004 0.983635 0.745717 0.885301 0.51701 0.46698 0.51701 0.46698 0.51701 0.46698 0.51701 0.46698 0.769826 0.83495 0.931863 0.816081 0.793643 0.78689 0.51701 0.46698 0.51701 0.46698 0.51701 0.46698 0.51701 0.46698 0.846255 0.766378 0.960819 0.755394 0.865769 0.675239 0.51701 0.46698 0.51701 0.46698 0.51701 0.46698 0.51701 0.46698 0.966838 0.745947 0.905775 0.611559 0.988545 0.467975 0.892983 0.590446 0.51701 0.46698 0.51701 0.46698 0.51701 0.46698 0.51701 0.46698 0.51701 0.46698 0.51701 0.46698 0.51701 0.46698 0.51701 0.46698 0.51701 0.46698 0.51701 0.46698 0.895768 0.236086 0.705957 0.255768 0.578466 0.14869 0.484989 0.191596 0.743597 0.84468 0.51701 0.46698 0.51701 0.46698 0.793789 0.326256 0.870485 0.423228 0.851583 0.410436</float_array>
					<technique_common>
						<accessor source="#_1_TexCoord0_array_id" count="112" stride="2">
							<param name="S" type="float" />
							<param name="T" type="float" />
						</accessor>
					</technique_common>
				</source>
				<source id="_1_Tangent_id" name="_1_Tangent">
					<float_array id="_1_Tangent_array_id" count="336">-0.957332 0.288988 -0.00160693 -0.644314 0.746126 -0.167798 -0.67558 0.705601 -0.213821 -0.263496 -0.589844 -0.763318 0.00371509 -0.999991 -0.00187675 -0.0562372 0.439583 0.896439 0.346596 0.112611 0.93123 -0.620806 0.777931 -0.097078 -0.953423 0.301637 2.20557E-06 -0.57143 0.819321 -0.0466872 -0.934241 0.356642 0 -0.0331667 -0.851154 -0.523867 -0.15251 -0.707107 -0.690464 -0.331941 0.565518 0.754986 -0.448764 0.697363 0.558834 -0.560523 0.828101 -0.00788265 0.00390857 -0.961271 -0.275577 -0.556784 0.824861 0.0979612 -0.758606 0.601255 0.251016 -0.957332 0.288988 -0.00160693 -0.674233 0.706067 0.216515 0.0174012 -0.999507 -0.0261178 -0.511321 0.792541 -0.332311 0.0531278 -0.992573 -0.109438 -0.553227 0.802391 -0.223848 -0.888819 0.371062 0.268913 -0.992686 0.120625 -0.00498455 -0.891921 0.347008 0.289936 0.535225 -0.707224 -0.461918 -0.860868 0.49542 0.116038 0.462741 -0.784367 -0.413085 -0.827835 0.560902 0.00878962 -0.899612 0.321877 0.295116 -0.999502 0.0315302 0.00131796 -0.877906 0.380879 0.290192 -0.027948 -0.999461 -0.0172339 -0.883776 0.443941 0.14784 0.425524 -0.499577 -0.754554 -0.873413 0.433467 0.221937 -0.864227 0.408456 0.293726 -0.951161 0.2943 -0.0931642 -0.447751 0.891048 0.074516 -0.701747 0.456146 -0.547249 0.542144 -0.345032 -0.766181 -0.857747 0.47193 0.203844 -0.113207 -0.579172 -0.807307 -0.441261 0.863996 0.242485 -0.119167 0.854616 0.505401 -0.897006 0.385358 0.216518 -0.0649544 -0.713969 0.697158 0.348939 0.0454116 -0.936044 -0.6484 0.735347 -0.197085 -0.197467 -0.84031 -0.504862 -0.159817 0.549555 0.820029 -0.842557 -0.38173 0.379974 -0.23972 -0.916834 0.319297 0.577927 -0.216236 -0.78692 -0.734185 0.639852 0.227073 0.0694271 -0.992314 -0.102432 -0.603438 0.782726 -0.152325 -0.860412 0.441779 0.254014 0.174535 -0.975431 -0.134432 -0.475561 0.773039 -0.419823 0.822742 0.567336 0.0350059 -0.77382 0.0594366 0.63061 -0.665748 -0.660804 0.346579 -0.874251 -0.428621 0.227968 -0.914733 -0.347843 0.205592 -0.981391 -0.192018 0.00122911 -0.990295 -0.138942 -0.00333322 0.86238 0.449066 -0.233752 0.62954 0.734456 0.253481 -0.320787 -0.893925 0.313038 -0.510404 -0.707099 0.489386 -0.864931 -0.419045 0.276217 -0.994748 -0.102354 -0.000289438 -0.864931 -0.419045 0.276217 0.593309 0.33764 -0.730742 0.824638 0.537897 -0.17504 -0.28872 -0.567373 0.771187 -0.521658 -0.560311 0.64337 -0.832393 -0.495722 0.247752 -0.992609 -0.121355 -0.000500473 -0.712765 -0.67161 0.202253 0.0667109 -0.976531 0.204785 0.635617 0.753025 -0.170133 -0.00548391 -0.707107 0.707085 0.650938 0.657086 -0.380155 -0.990295 -0.138942 -0.00333322 -0.697003 -0.716814 0.0190993 -0.990295 -0.138942 -0.00333322 -0.68878 -0.702287 -0.179929 -0.164187 0.487177 -0.85773 0.19078 0.575766 -0.795045 0.568193 -0.550242 0.611874 0.137621 -0.962081 0.2355 0.314895 0.749066 -0.582874 0.114003 0.638551 -0.761089 0.0227008 -0.999661 0.0127832 0.459212 -0.707107 0.537703 -0.650798 -0.730735 -0.206129 -0.951945 0.0140442 -0.305947 -0.996348 -0.0853875 0.000163409 -0.932039 -0.283652 -0.225488 -0.998881 -0.0473034 -0.000386058 -0.97364 -0.168314 -0.153933 -0.947937 -0.264527 0.177314 -0.644018 -0.719271 0.260557 0.857946 0.511337 0.049636 -0.825356 -0.48869 -0.282789 -0.76645 -0.599519 -0.230503 -0.825356 -0.48869 -0.282789</float_array>
					<technique_common>
						<accessor source="#_1_Tangent_array_id" count="112" stride="3">
							<param name="X" type="float" />
							<param name="Y" type="float" />
							<param name="Z" type="float" />
						</accessor>
					</technique_common>
				</source>
				<vertices id="_1_vtx_id">
					<input semantic="POSITION" source="#_1_Position_id" />
					<input semantic="NORMAL" source="#_1_Normal_id" />
					<input semantic="TANGENT" source="#_1_Tangent_id" />
				</vertices>
				<triangles material="Mdl_0_Mtl_blinn1" count="109">
					<input semantic="VERTEX" source="#_1_vtx_id" offset="0" />
					<input semantic="TEXCOORD" source="#_1_TexCoord0_id" offset="0" set="0" />
					<p>0 1 2 3 4 5 4 6 5 7 8 9 8 10 9 11 12 13 12 14 13 9 10 15 16 11 17 11 13 17 18 19 20 21 22 23 22 24 23 25 26 27 28 29 30 29 31 30 32 33 34 35 36 37 36 38 37 39 40 41 40 42 41 43 44 45 44 46 45 47 48 49 48 50 49 8 7 0 7 51 0 12 52 14 52 53 14 34 33 39 33 40 39 37 38 43 38 44 43 37 43 54 43 45 54 37 55 35 45 46 49 46 47 49 54 45 50 45 49 50 54 56 37 56 55 37 54 50 56 27 26 32 26 33 32 30 31 35 31 36 35 0 51 1 52 3 53 3 5 53 15 10 57 10 19 57 58 16 59 16 17 59 57 19 18 21 58 22 58 59 22 20 19 60 19 26 60 23 24 61 24 62 61 60 26 25 61 62 28 62 29 28 63 64 65 66 67 68 67 69 68 70 71 72 71 73 72 69 74 75 74 76 75 77 78 79 78 80 79 75 81 82 81 83 82 84 85 86 85 87 86 88 89 90 89 91 90 92 93 94 93 95 94 96 97 98 97 99 98 100 101 98 101 96 98 102 103 104 103 105 104 69 67 106 107 108 65 108 63 65 69 106 74 73 71 107 71 108 107 75 76 81 80 78 72 78 70 72 82 83 88 83 89 88 86 87 79 87 77 79 102 109 103 90 91 110 95 93 84 93 85 84 90 110 102 110 111 102 102 111 109 99 97 94 97 92 94</p>
				</triangles>
			</mesh>
		</geometry>
	</library_geometries>
	<library_controllers>
		<controller id="_0_ctrl_id" name="_0_ctrl">
			<skin source="#_0_geo_id">
				<bind_shape_matrix>1 0 0 0 0 1 0 0 0 0 1 0 0 0 0 1</bind_shape_matrix>
				<source id="_0_ctrl_names_id" name="_0_ctrl_names">
					<Name_array id="_0_ctrl_names_array_id" count="2">MW_Garuda metal_00</Name_array>
					<technique_common>
						<accessor source="#_0_ctrl_names_array_id" count="2" stride="1">
							<param name="JOINT" type="Name" />
						</accessor>
					</technique_common>
				</source>
				<source id="_0_ctrl_poses_id" name="_0_ctrl_poses">
					<float_array id="_0_ctrl_poses_array_id" count="32">1 -0 0 0 -0 1 -0 0 0 -0 1 0 0 0 0 1 1 -0 0 0 -0 1 -0 -3.002 0 -0 1 0 0 0 0 1</float_array>
					<technique_common>
						<accessor source="#_0_ctrl_poses_array_id" count="2" stride="16">
							<param name="TRANSFORM" type="float4x4" />
						</accessor>
					</technique_common>
				</source>
				<source id="_0_ctrl_weights_id" name="_0_ctrl_weights">
					<float_array id="_0_ctrl_weights_array_id" count="1">1</float_array>
					<technique_common>
						<accessor source="#_0_ctrl_weights_array_id" count="1" stride="1">
							<param name="WEIGHT" type="float" />
						</accessor>
					</technique_common>
				</source>
				<joints>
					<input semantic="JOINT" source="#_0_ctrl_names_id" />
					<input semantic="INV_BIND_MATRIX" source="#_0_ctrl_poses_id" />
				</joints>
				<vertex_weights count="3600">
					<input semantic="JOINT" source="#_0_ctrl_names_id" offset="0" />
					<input semantic="WEIGHT" source="#_0_ctrl_weights_id" offset="1" />
					<vcount>1 1 1 1 1 1 1 1 1 1 1 1 1 1 1 1 1 1 1 1 1 1 1 1 1 1 1 1 1 1 1 1 1 1 1 1 1 1 1 1 1 1 1 1 1 1 1 1 1 1 1 1 1 1 1 1 1 1 1 1 1 1 1 1 1 1 1 1 1 1 1 1 1 1 1 1 1 1 1 1 1 1 1 1 1 1 1 1 1 1 1 1 1 1 1 1 1 1 1 1 1 1 1 1 1 1 1 1 1 1 1 1 1 1 1 1 1 1 1 1 1 1 1 1 1 1 1 1 1 1 1 1 1 1 1 1 1 1 1 1 1 1 1 1 1 1 1 1 1 1 1 1 1 1 1 1 1 1 1 1 1 1 1 1 1 1 1 1 1 1 1 1 1 1 1 1 1 1 1 1 1 1 1 1 1 1 1 1 1 1 1 1 1 1 1 1 1 1 1 1 1 1 1 1 1 1 1 1 1 1 1 1 1 1 1 1 1 1 1 1 1 1 1 1 1 1 1 1 1 1 1 1 1 1 1 1 1 1 1 1 1 1 1 1 1 1 1 1 1 1 1 1 1 1 1 1 1 1 1 1 1 1 1 1 1 1 1 1 1 1 1 1 1 1 1 1 1 1 1 1 1 1 1 1 1 1 1 1 1 1 1 1 1 1 1 1 1 1 1 1 1 1 1 1 1 1 1 1 1 1 1 1 1 1 1 1 1 1 1 1 1 1 1 1 1 1 1 1 1 1 1 1 1 1 1 1 1 1 1 1 1 1 1 1 1 1 1 1 1 1 1 1 1 1 1 1 1 1 1 1 1 1 1 1 1 1 1 1 1 1 1 1 1 1 1 1 1 1 1 1 1 1 1 1 1 1 1 1 1 1 1 1 1 1 1 1 1 1 1 1 1 1 1 1 1 1 1 1 1 1 1 1 1 1 1 1 1 1 1 1 1 1 1 1 1 1 1 1 1 1 1 1 1 1 1 1 1 1 1 1 1 1 1 1 1 1 1 1 1 1 1 1 1 1 1 1 1 1 1 1 1 1 1 1 1 1 1 1 1 1 1 1 1 1 1 1 1 1 1 1 1 1 1 1 1 1 1 1 1 1 1 1 1 1 1 1 1 1 1 1 1 1 1 1 1 1 1 1 1 1 1 1 1 1 1 1 1 1 1 1 1 1 1 1 1 1 1 1 1 1 1 1 1 1 1 1 1 1 1 1 1 1 1 1 1 1 1 1 1 1 1 1 1 1 1 1 1 1 1 1 1 1 1 1 1 1 1 1 1 1 1 1 1 1 1 1 1 1 1 1 1 1 1 1 1 1 1 1 1 1 1 1 1 1 1 1 1 1 1 1 1 1 1 1 1 1 1 1 1 1 1 1 1 1 1 1 1 1 1 1 1 1 1 1 1 1 1 1 1 1 1 1 1 1 1 1 1 1 1 1 1 1 1 1 1 1 1 1 1 1 1 1 1 1 1 1 1 1 1 1 1 1 1 1 1 1 1 1 1 1 1 1 1 1 1 1 1 1 1 1 1 1 1 1 1 1 1 1 1 1 1 1 1 1 1 1 1 1 1 1 1 1 1 1 1 1 1 1 1 1 1 1 1 1 1 1 1 1 1 1 1 1 1 1 1 1 1 1 1 1 1 1 1 1 1 1 1 1 1 1 1 1 1 1 1 1 1 1 1 1 1 1 1 1 1 1 1 1 1 1 1 1 1 1 1 1 1 1 1 1 1 1 1 1 1 1 1 1 1 1 1 1 1 1 1 1 1 1 1 1 1 1 1 1 1 1 1 1 1 1 1 1 1 1 1 1 1 1 1 1 1 1 1 1 1 1 1 1 1 1 1 1 1 1 1 1 1 1 1 1 1 1 1 1 1 1 1 1 1 1 1 1 1 1 1 1 1 1 1 1 1 1 1 1 1 1 1 1 1 1 1 1 1 1 1 1 1 1 1 1 1 1 1 1 1 1 1 1 1 1 1 1 1 1 1 1 1 1 1 1 1 1 1 1 1 1 1 1 1 1 1 1 1 1 1 1 1 1 1 1 1 1 1 1 1 1 1 1 1 1 1 1 1 1 1 1 1 1 1 1 1 1 1 1 1 1 1 1 1 1 1 1 1 1 1 1 1 1 1 1 1 1 1 1 1 1 1 1 1 1 1 1 1 1 1 1 1 1 1 1 1 1 1 1 1 1 1 1 1 1 1 1 1 1 1 1 1 1 1 1 1 1 1 1 1 1 1 1 1 1 1 1 1 1 1 1 1 1 1 1 1 1 1 1 1 1 1 1 1 1 1 1 1 1 1 1 1 1 1 1 1 1 1 1 1 1 1 1 1 1 1 1 1 1 1 1 1 1 1 1 1 1 1 1 1 1 1 1 1 1 1 1 1 1 1 1 1 1 1 1 1 1 1 1 1 1 1 1 1 1 1 1 1 1 1 1 1 1 1 1 1 1 1 1 1 1 1 1 1 1 1 1 1 1 1 1 1 1 1 1 1 1 1 1 1 1 1 1 1 1 1 1 1 1 1 1 1 1 1 1 1 1 1 1 1 1 1 1 1 1 1 1 1 1 1 1 1 1 1 1 1 1 1 1 1 1 1 1 1 1 1 1 1 1 1 1 1 1 1 1 1 1 1 1 1 1 1 1 1 1 1 1 1 1 1 1 1 1 1 1 1 1 1 1 1 1 1 1 1 1 1 1 1 1 1 1 1 1 1 1 1 1 1 1 1 1 1 1 1 1 1 1 1 1 1 1 1 1 1 1 1 1 1 1 1 1 1 1 1 1 1 1 1 1 1 1 1 1 1 1 1 1 1 1 1 1 1 1 1 1 1 1 1 1 1 1 1 1 1 1 1 1 1 1 1 1 1 1 1 1 1 1 1 1 1 1 1 1 1 1 1 1 1 1 1 1 1 1 1 1 1 1 1 1 1 1 1 1 1 1 1 1 1 1 1 1 1 1 1 1 1 1 1 1 1 1 1 1 1 1 1 1 1 1 1 1 1 1 1 1 1 1 1 1 1 1 1 1 1 1 1 1 1 1 1 1 1 1 1 1 1 1 1 1 1 1 1 1 1 1 1 1 1 1 1 1 1 1 1 1 1 1 1 1 1 1 1 1 1 1 1 1 1 1 1 1 1 1 1 1 1 1 1 1 1 1 1 1 1 1 1 1 1 1 1 1 1 1 1 1 1 1 1 1 1 1 1 1 1 1 1 1 1 1 1 1 1 1 1 1 1 1 1 1 1 1 1 1 1 1 1 1 1 1 1 1 1 1 1 1 1 1 1 1 1 1 1 1 1 1 1 1 1 1 1 1 1 1 1 1 1 1 1 1 1 1 1 1 1 1 1 1 1 1 1 1 1 1 1 1 1 1 1 1 1 1 1 1 1 1 1 1 1 1 1 1 1 1 1 1 1 1 1 1 1 1 1 1 1 1 1 1 1 1 1 1 1 1 1 1 1 1 1 1 1 1 1 1 1 1 1 1 1 1 1 1 1 1 1 1 1 1 1 1 1 1 1 1 1 1 1 1 1 1 1 1 1 1 1 1 1 1 1 1 1 1 1 1 1 1 1 1 1 1 1 1 1 1 1 1 1 1 1 1 1 1 1 1 1 1 1 1 1 1 1 1 1 1 1 1 1 1 1 1 1 1 1 1 1 1 1 1 1 1 1 1 1 1 1 1 1 1 1 1 1 1 1 1 1 1 1 1 1 1 1 1 1 1 1 1 1 1 1 1 1 1 1 1 1 1 1 1 1 1 1 1 1 1 1 1 1 1 1 1 1 1 1 1 1 1 1 1 1 1 1 1 1 1 1 1 1 1 1 1 1 1 1 1 1 1 1 1 1 1 1 1 1 1 1 1 1 1 1 1 1 1 1 1 1 1 1 1 1 1 1 1 1 1 1 1 1 1 1 1 1 1 1 1 1 1 1 1 1 1 1 1 1 1 1 1 1 1 1 1 1 1 1 1 1 1 1 1 1 1 1 1 1 1 1 1 1 1 1 1 1 1 1 1 1 1 1 1 1 1 1 1 1 1 1 1 1 1 1 1 1 1 1 1 1 1 1 1 1 1 1 1 1 1 1 1 1 1 1 1 1 1 1 1 1 1 1 1 1 1 1 1 1 1 1 1 1 1 1 1 1 1 1 1 1 1 1 1 1 1 1 1 1 1 1 1 1 1 1 1 1 1 1 1 1 1 1 1 1 1 1 1 1 1 1 1 1 1 1 1 1 1 1 1 1 1 1 1 1 1 1 1 1 1 1 1 1 1 1 1 1 1 1 1 1 1 1 1 1 1 1 1 1 1 1 1 1 1 1 1 1 1 1 1 1 1 1 1 1 1 1 1 1 1 1 1 1 1 1 1 1 1 1 1 1 1 1 1 1 1 1 1 1 1 1 1 1 1 1 1 1 1 1 1 1 1 1 1 1 1 1 1 1 1 1 1 1 1 1 1 1 1 1 1 1 1 1 1 1 1 1 1 1 1 1 1 1 1 1 1 1 1 1 1 1 1 1 1 1 1 1 1 1 1 1 1 1 1 1 1 1 1 1 1 1 1 1 1 1 1 1 1 1 1 1 1 1 1 1 1 1 1 1 1 1 1 1 1 1 1 1 1 1 1 1 1 1 1 1 1 1 1 1 1 1 1 1 1 1 1 1 1 1 1 1 1 1 1 1 1 1 1 1 1 1 1 1 1 1 1 1 1 1 1 1 1 1 1 1 1 1 1 1 1 1 1 1 1 1 1 1 1 1 1 1 1 1 1 1 1 1 1 1 1 1 1 1 1 1 1 1 1 1 1 1 1 1 1 1 1 1 1 1 1 1 1 1 1 1 1 1 1 1 1 1 1 1 1 1 1 1 1 1 1 1 1 1 1 1 1 1 1 1 1 1 1 1 1 1 1 1 1 1 1 1 1 1 1 1 1 1 1 1 1 1 1 1 1 1 1 1 1 1 1 1 1 1 1 1 1 1 1 1 1 1 1 1 1 1 1 1 1 1 1 1 1 1 1 1 1 1 1 1 1 1 1 1 1 1 1 1 1 1 1 1 1 1 1 1 1 1 1 1 1 1 1 1 1 1 1 1 1 1 1 1 1 1 1 1 1 1 1 1 1 1 1 1 1 1 1 1 1 1 1 1 1 1 1 1 1 1 1 1 1 1 1 1 1 1 1 1 1 1 1 1 1 1 1 1 1 1 1 1 1 1 1 1 1 1 1 1 1 1 1 1 1 1 1 1 1 1 1 1 1 1 1 1 1 1 1 1 1 1 1 1 1 1 1 1 1 1 1 1 1 1 1 1 1 1 1 1 1 1 1 1 1 1 1 1 1 1 1 1 1 1 1 1 1 1 1 1 1 1 1 1 1 1 1 1 1 1 1 1 1 1 1 1 1 1 1 1 1 1 1 1 1 1 1 1 1 1 1 1 1 1 1 1 1 1 1 1 1 1 1 1 1 1 1 1 1 1 1 1 1 1 1 1 1 1 1 1 1 1 1 1 1 1 1 1 1 1 1 1 1 1 1 1 1 1 1 1 1 1 1 1 1 1 1 1 1 1 1 1 1 1 1 1 1 1 1 1 1 1 1 1 1 1 1 1 1 1 1 1 1 1 1 1 1 1 1 1 1 1 1 1 1 1 1 1 1 1 1 1 1 1 1 1 1 1 1 1 1 1 1 1 1 1 1 1 1 1 1 1 1 1 1 1 1 1 1 1 1 1 1 1 1 1 1 1 1 1 1 1 1 1 1 1 1 1 1 1 1 1 1 1 1 1 1 1 1 1 1 1 1 1 1 1 1 1 1 1 1 1 1 1 1 1 1 1 1 1 1 1 1 1 1 1 1 1 1 1 1 1 1 1 1 1 1 1 1 1 1 1 1 1 1 1 1 1 1 1 1 1 1 1 1 1 1 1 1 1 1 1 1 1 1 1 1 1 1 1 1 1 1 1 1 1 1 1 1 1 1 1 1 1 1 1 1 1 1 1 1 1 1 1 1 1 1 1 1 1 1 1 1 1 1 1 1 1 1 1 1 1 1 1 1 1 1 1 1 1 1 1 1 1 1 1 1 1 1 1 1 1 1 1 1 1 1 1 1 1 1 1 1 1 1 1 1 1 1 1 1 1 1 1 1 1 1 1 1 1 1 1 1 1 1 1 1 1 1 1 1 1 1 1 1 1 1 1 1 1 1 1 1 1 1 1 1 1 1 1 1 1 1 1 1 1 1 1 1 1 1 1 1 1 1 1 1 1 1 1 1 1 1 1 1 1 1 1 1 1 1 1 1 1 1 1 1 1 1 1 1 1 1 1 1 1 1 1 1 1 1 1 1 1 1 1 1 1 1 1 1 1 1 1 1 1 1 1 1 1 1 1 1 1 1 1 1 1 1 1 1 1 1 1 1 1 1 1 1 1 1 1 1 1 1 1 1 1 1 1 1 1 1 1 1 1 1 1 1 1 1 1 1 1 1 1 1 1 1 1 1 1 1 1 1 1 1 1 1 1 1 1 1 1 1 1 1 1 1 1 1 1 1 1 1 1 1 1 1 1 1 1 1 1 1 1 1 1 1 1 1 1 1 1 1 1 1 1 1 1 1 1 1 1 1 1 1 1 1 1 1 1 1 1 1 1 1 1 1 1 1 1 1 1 1 1 1 1 1 1 1 1 1 1 1 1 1 1 1 1 1 1 1 1 1 1 1 1 1 1 1 1 1 1 1 1 1 1 1 1 1 1 1 1 1 1 1 1 1 1 1 1 1 1 1 1 1 1 1 1 1 1 1 1 1 1 1 1 1 1 1 1 1 1 1 1 1 1 1 1 1 1 1 1 1 1 1 1 1 1 1 1 1 1 1 1 1 1 1 1 1 1 1 1 1 1 1 1 1 1 1 1 1 1 1 1 1 1 1 1 1 1 1 1 1 1 1 1 1 1 1 1 1 1 1 1 1 1 1 1 1 1 1 1 1 1 1 1 1 1 1 1 1 1 1 1 1 1 1 1 1 1 1 1 1 1 1 1 1 1 1 1 1 1 1 1 1 1 1 1 1 1 1 1 1 1 1 1 1 1 1 1 1 1 1 1 1 1 1 1 1 1 1 1 1 1 1 1 1 1 1 1 1 1 1 1 1 1 1 1 1 1 1 1 1 1 1 1 1 1 1 1 1 1 1 1 1 1 1 1 1 1 1 1 1 1 1 1 1 1 1 1 1 1 1 1 1 1 1 1 1 1 1 1 1 1 1 1 1 1 1 1 1 1 1 1 1 1 1 1 1 1 1 1 1 1 1 1 1 1 1 1 1 1 1 1 1 1 1 1 1 1 1 1 1 1 1 1 1 1 1 1 1 1 1 1 1 1 1 1 1 1 1 1 1 1 1 1 1 1 1 1 1 1 1 1 1 1 1 1 1 1 1 1 1 1 1 1 1 1 1 1 1 1 1 1 1 1 1 1 1 1 1 1 1 1 1 1 1 1 1 1 1 1 1 1 1 1 1 1 1 1 1 1 1 1 1 1 1 1 1 1 1 1 1 1 1 1 1 1 1 1 1 1 1 1 1 1 1 1 1 1 1 1 1 1 1 1 1 1 1 1 1 1 1 1 1 1 1 1 1 1 1 1 1 1 1 1 1 1 1 1 1 1 1 1 1 1 1 1 1 1 1 1 1 1 1 1 1 1 1 1 1 1 1 1 1 1 1 1 1 1 1 1 1 1 1 1 1 1 1 1 1 1 1 1 1 1 1 1 1 1 1 1 1 1 1 1 1 1 1 1 1 1 1 1 1 1 1 1 1 1 1 1 1 1 1 1 1 1 1 1 1 1 1 1 1 1 1 1 1 1 1 1 1 1 1 1 1 1 1 1 1 1 1 1 1 1 1 1 1 1 1 1 1 1 1 1 1 1 1 1 1 1 1 1 1 1 1 1 1 1 1 1 1 1 1 1 1 1 1 1 1 1 1 1 1 1 1 1 1 1 1 1 1 1 1 1 1 1 1 1 1 1 1 1 1 1 1 1 1 1 1 1 1 1 1 1 1 1 1 1 1 1 1 1 1 1 1 1 1 1 1 1 1 1 1 1 1 1 1 1 1 1 1</vcount>
					<v>0 0 0 0 0 0 0 0 0 0 0 0 0 0 0 0 0 0 0 0 0 0 0 0 0 0 0 0 0 0 0 0 0 0 0 0 0 0 0 0 0 0 0 0 0 0 0 0 0 0 0 0 0 0 0 0 0 0 0 0 0 0 0 0 0 0 0 0 0 0 0 0 0 0 0 0 0 0 0 0 0 0 0 0 0 0 0 0 0 0 0 0 0 0 0 0 0 0 0 0 0 0 0 0 0 0 0 0 0 0 0 0 0 0 0 0 0 0 0 0 0 0 0 0 0 0 0 0 0 0 0 0 0 0 0 0 0 0 0 0 0 0 0 0 0 0 0 0 0 0 0 0 0 0 0 0 0 0 0 0 0 0 0 0 0 0 0 0 0 0 0 0 0 0 0 0 0 0 0 0 0 0 0 0 0 0 0 0 0 0 0 0 0 0 0 0 0 0 0 0 0 0 0 0 0 0 0 0 0 0 0 0 0 0 0 0 0 0 0 0 0 0 0 0 0 0 0 0 0 0 0 0 0 0 0 0 0 0 0 0 0 0 0 0 0 0 0 0 0 0 0 0 0 0 0 0 0 0 0 0 0 0 0 0 0 0 0 0 0 0 0 0 0 0 0 0 0 0 0 0 0 0 0 0 0 0 0 0 0 0 0 0 0 0 0 0 0 0 0 0 0 0 0 0 0 0 0 0 0 0 0 0 0 0 0 0 0 0 0 0 0 0 0 0 0 0 0 0 0 0 0 0 0 0 0 0 0 0 0 0 0 0 0 0 0 0 0 0 0 0 0 0 0 0 0 0 0 0 0 0 0 0 0 0 0 0 0 0 0 0 0 0 0 0 0 0 0 0 0 0 0 0 0 0 0 0 0 0 0 0 0 0 0 0 0 0 0 0 0 0 0 0 0 0 0 0 0 0 0 0 0 0 0 0 0 0 0 0 0 0 0 0 0 0 0 0 0 0 0 0 0 0 0 0 0 0 0 0 0 0 0 0 0 0 0 0 0 0 0 0 0 0 0 0 0 0 0 0 0 0 0 0 0 0 0 0 0 0 0 0 0 0 0 0 0 0 0 0 0 0 0 0 0 0 0 0 0 0 0 0 0 0 0 0 0 0 0 0 0 0 0 0 0 0 0 0 0 0 0 0 0 0 0 0 0 0 0 0 0 0 0 0 0 0 0 0 0 0 0 0 0 0 0 0 0 0 0 0 0 0 0 0 0 0 0 0 0 0 0 0 0 0 0 0 0 0 0 0 0 0 0 0 0 0 0 0 0 0 0 0 0 0 0 0 0 0 0 0 0 0 0 0 0 0 0 0 0 0 0 0 0 0 0 0 0 0 0 0 0 0 0 0 0 0 0 0 0 0 0 0 0 0 0 0 0 0 0 0 0 0 0 0 0 0 0 0 0 0 0 0 0 0 0 0 0 0 0 0 0 0 0 0 0 0 0 0 0 0 0 0 0 0 0 0 0 0 0 0 0 0 0 0 0 0 0 0 0 0 0 0 0 0 0 0 0 0 0 0 0 0 0 0 0 0 0 0 0 0 0 0 0 0 0 0 0 0 0 0 0 0 0 0 0 0 0 0 0 0 0 0 0 0 0 0 0 0 0 0 0 0 0 0 0 0 0 0 0 0 0 0 0 0 0 0 0 0 0 0 0 0 0 0 0 0 0 0 0 0 0 0 0 0 0 0 0 0 0 0 0 0 0 0 0 0 0 0 0 0 0 0 0 0 0 0 0 0 0 0 0 0 0 0 0 0 0 0 0 0 0 0 0 0 0 0 0 0 0 0 0 0 0 0 0 0 0 0 0 0 0 0 0 0 0 0 0 0 0 0 0 0 0 0 0 0 0 0 0 0 0 0 0 0 0 0 0 0 0 0 0 0 0 0 0 0 0 0 0 0 0 0 0 0 0 0 0 0 0 0 0 0 0 0 0 0 0 0 0 0 0 0 0 0 0 0 0 0 0 0 0 0 0 0 0 0 0 0 0 0 0 0 0 0 0 0 0 0 0 0 0 0 0 0 0 0 0 0 0 0 0 0 0 0 0 0 0 0 0 0 0 0 0 0 0 0 0 0 0 0 0 0 0 0 0 0 0 0 0 0 0 0 0 0 0 0 0 0 0 0 0 0 0 0 0 0 0 0 0 0 0 0 0 0 0 0 0 0 0 0 0 0 0 0 0 0 0 0 0 0 0 0 0 0 0 0 0 0 0 0 0 0 0 0 0 0 0 0 0 0 0 0 0 0 0 0 0 0 0 0 0 0 0 0 0 0 0 0 0 0 0 0 0 0 0 0 0 0 0 0 0 0 0 0 0 0 0 0 0 0 0 0 0 0 0 0 0 0 0 0 0 0 0 0 0 0 0 0 0 0 0 0 0 0 0 0 0 0 0 0 0 0 0 0 0 0 0 0 0 0 0 0 0 0 0 0 0 0 0 0 0 0 0 0 0 0 0 0 0 0 0 0 0 0 0 0 0 0 0 0 0 0 0 0 0 0 0 0 0 0 0 0 0 0 0 0 0 0 0 0 0 0 0 0 0 0 0 0 0 0 0 0 0 0 0 0 0 0 0 0 0 0 0 0 0 0 0 0 0 0 0 0 0 0 0 0 0 0 0 0 0 0 0 0 0 0 0 0 0 0 0 0 0 0 0 0 0 0 0 0 0 0 0 0 0 0 0 0 0 0 0 0 0 0 0 0 0 0 0 0 0 0 0 0 0 0 0 0 0 0 0 0 0 0 0 0 0 0 0 0 0 0 0 0 0 0 0 0 0 0 0 0 0 0 0 0 0 0 0 0 0 0 0 0 0 0 0 0 0 0 0 0 0 0 0 0 0 0 0 0 0 0 0 0 0 0 0 0 0 0 0 0 0 0 0 0 0 0 0 0 0 0 0 0 0 0 0 0 0 0 0 0 0 0 0 0 0 0 0 0 0 0 0 0 0 0 0 0 0 0 0 0 0 0 0 0 0 0 0 0 0 0 0 0 0 0 0 0 0 0 0 0 0 0 0 0 0 0 0 0 0 0 0 0 0 0 0 0 0 0 0 0 0 0 0 0 0 0 0 0 0 0 0 0 0 0 0 0 0 0 0 0 0 0 0 0 0 0 0 0 0 0 0 0 0 0 0 0 0 0 0 0 0 0 0 0 0 0 0 0 0 0 0 0 0 0 0 0 0 0 0 0 0 0 0 0 0 0 0 0 0 0 0 0 0 0 0 0 0 0 0 0 0 0 0 0 0 0 0 0 0 0 0 0 0 0 0 0 0 0 0 0 0 0 0 0 0 0 0 0 0 0 0 0 0 0 0 0 0 0 0 0 0 0 0 0 0 0 0 0 0 0 0 0 0 0 0 0 0 0 0 0 0 0 0 0 0 0 0 0 0 0 0 0 0 0 0 0 0 0 0 0 0 0 0 0 0 0 0 0 0 0 0 0 0 0 0 0 0 0 0 0 0 0 0 0 0 0 0 0 0 0 0 0 0 0 0 0 0 0 0 0 0 0 0 0 0 0 0 0 0 0 0 0 0 0 0 0 0 0 0 0 0 0 0 0 0 0 0 0 0 0 0 0 0 0 0 0 0 0 0 0 0 0 0 0 0 0 0 0 0 0 0 0 0 0 0 0 0 0 0 0 0 0 0 0 0 0 0 0 0 0 0 0 0 0 0 0 0 0 0 0 0 0 0 0 0 0 0 0 0 0 0 0 0 0 0 0 0 0 0 0 0 0 0 0 0 0 0 0 0 0 0 0 0 0 0 0 0 0 0 0 0 0 0 0 0 0 0 0 0 0 0 0 0 0 0 0 0 0 0 0 0 0 0 0 0 0 0 0 0 0 0 0 0 0 0 0 0 0 0 0 0 0 0 0 0 0 0 0 0 0 0 0 0 0 0 0 0 0 0 0 0 0 0 0 0 0 0 0 0 0 0 0 0 0 0 0 0 0 0 0 0 0 0 0 0 0 0 0 0 0 0 0 0 0 0 0 0 0 0 0 0 0 0 0 0 0 0 0 0 0 0 0 0 0 0 0 0 0 0 0 0 0 0 0 0 0 0 0 0 0 0 0 0 0 0 0 0 0 0 0 0 0 0 0 0 0 0 0 0 0 0 0 0 0 0 0 0 0 0 0 0 0 0 0 0 0 0 0 0 0 0 0 0 0 0 0 0 0 0 0 0 0 0 0 0 0 0 0 0 0 0 0 0 0 0 0 0 0 0 0 0 0 0 0 0 0 0 0 0 0 0 0 0 0 0 0 0 0 0 0 0 0 0 0 0 0 0 0 0 0 0 0 0 0 0 0 0 0 0 0 0 0 0 0 0 0 0 0 0 0 0 0 0 0 0 0 0 0 0 0 0 0 0 0 0 0 0 0 0 0 0 0 0 0 0 0 0 0 0 0 0 0 0 0 0 0 0 0 0 0 0 0 0 0 0 0 0 0 0 0 0 0 0 0 0 0 0 0 0 0 0 0 0 0 0 0 0 0 0 0 0 0 0 0 0 0 0 0 0 0 0 0 0 0 0 0 0 0 0 0 0 0 0 0 0 0 0 0 0 0 0 0 0 0 0 0 0 0 0 0 0 0 0 0 0 0 0 0 0 0 0 0 0 0 0 0 0 0 0 0 0 0 0 0 0 0 0 0 0 0 0 0 0 0 0 0 0 0 0 0 0 0 0 0 0 0 0 0 0 0 0 0 0 0 0 0 0 0 0 0 0 0 0 0 0 0 0 0 0 0 0 0 0 0 0 0 0 0 0 0 0 0 0 0 0 0 0 0 0 0 0 0 0 0 0 0 0 0 0 0 0 0 0 0 0 0 0 0 0 0 0 0 0 0 0 0 0 0 0 0 0 0 0 0 0 0 0 0 0 0 0 0 0 0 0 0 0 0 0 0 0 0 0 0 0 0 0 0 0 0 0 0 0 0 0 0 0 0 0 0 0 0 0 0 0 0 0 0 0 0 0 0 0 0 0 0 0 0 0 0 0 0 0 0 0 0 0 0 0 0 0 0 0 0 0 0 0 0 0 0 0 0 0 0 0 0 0 0 0 0 0 0 0 0 0 0 0 0 0 0 0 0 0 0 0 0 0 0 0 0 0 0 0 0 0 0 0 0 0 0 0 0 0 0 0 0 0 0 0 0 0 0 0 0 0 0 0 0 0 0 0 0 0 0 0 0 0 0 0 0 0 0 0 0 0 0 0 0 0 0 0 0 0 0 0 0 0 0 0 0 0 0 0 0 0 0 0 0 0 0 0 0 0 0 0 0 0 0 0 0 0 0 0 0 0 0 0 0 0 0 0 0 0 0 0 0 0 0 0 0 0 0 0 0 0 0 0 0 0 0 0 0 0 0 0 0 0 0 0 0 0 0 0 0 0 0 0 0 0 0 0 0 0 0 0 0 0 0 0 0 0 0 0 0 0 0 0 0 0 0 0 0 0 0 0 0 0 0 0 0 0 0 0 0 0 0 0 0 0 0 0 0 0 0 0 0 0 0 0 0 0 0 0 0 0 0 0 0 0 0 0 0 0 0 0 0 0 0 0 0 0 0 0 0 0 0 0 0 0 0 0 0 0 0 0 0 0 0 0 0 0 0 0 0 0 0 0 0 0 0 0 0 0 0 0 0 0 0 0 0 0 0 0 0 0 0 0 0 0 0 0 0 0 0 0 0 0 0 0 0 0 0 0 0 0 0 0 0 0 0 0 0 0 0 0 0 0 0 0 0 0 0 0 0 0 0 0 0 0 0 0 0 0 0 0 0 0 0 0 0 0 0 0 0 0 0 0 0 0 0 0 0 0 0 0 0 0 0 0 0 0 0 0 0 0 0 0 0 0 0 0 0 0 0 0 0 0 0 0 0 0 0 0 0 0 0 0 0 0 0 0 0 0 0 0 0 0 0 0 0 0 0 0 0 0 0 0 0 0 0 0 0 0 0 0 0 0 0 0 0 0 0 0 0 0 0 0 0 0 0 0 0 0 0 0 0 0 0 0 0 0 0 0 0 0 0 0 0 0 0 0 0 0 0 0 0 0 0 0 0 0 0 0 0 0 0 0 0 0 0 0 0 0 0 0 0 0 0 0 0 0 0 0 0 0 0 0 0 0 0 0 0 0 0 0 0 0 0 0 0 0 0 0 0 0 0 0 0 0 0 0 0 0 0 0 0 0 0 0 0 0 0 0 0 0 0 0 0 0 0 0 0 0 0 0 0 0 0 0 0 0 0 0 0 0 0 0 0 0 0 0 0 0 0 0 0 0 0 0 0 0 0 0 0 0 0 0 0 0 0 0 0 0 0 0 0 0 0 0 0 0 0 0 0 0 0 0 0 0 0 0 0 0 0 0 0 0 0 0 0 0 0 0 0 0 0 0 0 0 0 0 0 0 0 0 0 0 0 0 0 0 0 0 0 0 0 0 0 0 0 0 0 0 0 0 0 0 0 0 0 0 0 0 0 0 0 0 0 0 0 0 0 0 0 0 0 0 0 0 0 0 0 0 0 0 0 0 0 0 0 0 0 0 0 0 0 0 0 0 0 0 0 0 0 0 0 0 0 0 0 0 0 0 0 0 0 0 0 0 0 0 0 0 0 0 0 0 0 0 0 0 0 0 0 0 0 0 0 0 0 0 0 0 0 0 0 0 0 0 0 0 0 0 0 0 0 0 0 0 0 0 0 0 0 0 0 0 0 0 0 0 0 0 0 0 0 0 0 0 0 0 0 0 0 0 0 0 0 0 0 0 0 0 0 0 0 0 0 0 0 0 0 0 0 0 0 0 0 0 0 0 0 0 0 0 0 0 0 0 0 0 0 0 0 0 0 0 0 0 0 0 0 0 0 0 0 0 0 0 0 0 0 0 0 0 0 0 0 0 0 0 0 0 0 0 0 0 0 0 0 0 0 0 0 0 0 0 0 0 0 0 0 0 0 0 0 0 0 0 0 0 0 0 0 0 0 0 0 0 0 0 0 0 0 0 0 0 0 0 0 0 0 0 0 0 0 0 0 0 0 0 0 0 0 0 0 0 0 0 0 0 0 0 0 0 0 0 0 0 0 0 0 0 0 0 0 0 0 0 0 0 0 0 0 0 0 0 0 0 0 0 0 0 0 0 0 0 0 0 0 0 0 0 0 0 0 0 0 0 0 0 0 0 0 0 0 0 0 0 0 0 0 0 0 0 0 0 0 0 0 0 0 0 0 0 0 0 0 0 0 0 0 0 0 0 0 0 0 0 0 0 0 0 0 0 0 0 0 0 0 0 0 0 0 0 0 0 0 0 0 0 0 0 0 0 0 0 0 0 0 0 0 0 0 0 0 0 0 0 0 0 0 0 0 0 0 0 0 0 0 0 0 0 0 0 0 0 0 0 0 0 0 0 0 0 0 0 0 0 0 0 0 0 0 0 0 0 0 0 0 0 0 0 0 0 0 0 0 0 0 0 0 0 0 0 0 0 0 0 0 0 0 0 0 0 0 0 0 0 0 0 0 0 0 0 0 0 0 0 0 0 0 0 0 0 0 0 0 0 0 0 0 0 0 0 0 0 0 0 0 0 0 0 0 0 0 0 0 0 0 0 0 0 0 0 0 0 0 0 0 0 0 0 0 0 0 0 0 0 0 0 0 0 0 0 0 0 0 0 0 0 0 0 0 0 0 0 0 0 0 0 0 0 0 0 0 0 0 0 0 0 0 0 0 0 0 0 0 0 0 0 0 0 0 0 0 0 0 0 0 0 0 0 0 0 0 0 0 0 0 0 0 0 0 0 0 0 0 0 0 0 0 0 0 0 0 0 0 0 0 0 0 0 0 0 0 0 0 0 0 0 0 0 0 0 0 0 0 0 0 0 0 0 0 0 0 0 0 0 0 0 0 0 0 0 0 0 0 0 0 0 0 0 0 0 0 0 0 0 0 0 0 0 0 0 0 0 0 0 0 0 0 0 0 0 0 0 0 0 0 0 0 0 0 0 0 0 0 0 0 0 0 0 0 0 0 0 0 0 0 0 0 0 0 0 0 0 0 0 0 0 0 0 0 0 0 0 0 0 0 0 0 0 0 0 0 0 0 0 0 0 0 0 0 0 0 0 0 0 0 0 0 0 0 0 0 0 0 0 0 0 0 0 0 0 0 0 0 0 0 0 0 0 0 0 0 0 0 0 0 0 0 0 0 0 0 0 0 0 0 0 0 0 0 0 0 0 0 0 0 0 0 0 0 0 0 0 0 0 0 0 0 0 0 0 0 0 0 0 0 0 0 0 0 0 0 0 0 0 0 0 0 0 0 0 0 0 0 0 0 0 0 0 0 0 0 0 0 0 0 0 0 0 0 0 0 0 0 0 0 0 0 0 0 0 0 0 0 0 0 0 0 0 0 0 0 0 0 0 0 0 0 0 0 0 0 0 0 0 0 0 0 0 0 0 0 0 0 0 0 0 0 0 0 0 0 0 0 0 0 0 0 0 0 0 0 0 0 0 0 0 0 0 0 0 0 0 0 0 0 0 0 0 0 0 0 0 0 0 0 0 0 0 0 0 0 0 0 0 0 0 0 0 0 0 0 0 0 0 0 0 0 0 0 0 0 0 0 0 0 0 0 0 0 0 0 0 0 0 0 0 0 0 0 0 0 0 0 0 0 0 0 0 0 0 0 0 0 0 0 0 0 0 0 0 0 0 0 0 0 0 0 0 0 0 0 0 0 0 0 0 0 0 0 0 0 0 0 0 0 0 0 0 0 0 0 0 0 0 0 0 0 0 0 0 0 0 0 0 0 0 0 0 0 0 0 0 0 0 0 0 0 0 0 0 0 0 0 0 0 0 0 0 0 0 0 0 0 0 0 0 0 0 0 0 0 0 0 0 0 0 0 0 0 0 0 0 0 0 0 0 0 0 0 0 0 0 0 0 0 0 0 0 0 0 0 0 0 0 0 0 0 0 0 0 0 0 0 0 0 0 0 0 0 0 0 0 0 0 0 0 0 0 0 0 0 0 0 0 0 0 0 0 0 0 0 0 0 0 0 0 0 0 0 0 0 0 0 0 0 0 0 0 0 0 0 0 0 0 0 0 0 0 0 0 0 0 0 0 0 0 0 0 0 0 0 0 0 0 0 0 0 0 0 0 0 0 0 0 0 0 0 0 0 0 0 0 0 0 0 0 0 0 0 0 0 0 0 0 0 0 0 0 0 0 0 0 0 0 0 0 0 0 0 0 0 0 0 0 0 0 0 0 0 0 0 0 0 0 0 0 0 0 0 0 0 0 0 0 0 0 0 0 0 0 0 0 0 0 0 0 0 0 0 0 0 0 0 0 0 0 0 0 0 0 0 0 0 0 0 0 0 0 0 0 0 0 0 0 0 0 0 0 0 0 0 0 0 0 0 0 0 0 0 0 0 0 0 0 0 0 0 0 0 0 0 0 0 0 0 0 0 0 0 0 0 0 0 0 0 0 0 0 0 0 0 0 0 0 0 0 0 0 0 0 0 0 0 0 0 0 0 0 0 0 0 0 0 0 0 0 0 0 0 0 0 0 0 0 0 0 0 0 0 0 0 0 0 0 0 0 0 0 0 0 0 0 0 0 0 0 0 0 0 0 0 0 0 0 0 0 0 0 0 0 0 0 0 0 0 0 0 0 0 0 0 0 0 0 0 0 0 0 0 0 0 0 0 0 0 0 0 0 0 0 0 0 0 0 0 0 0 0 0 0 0 0 0 0 0 0 0 0 0 0 0 0 0 0 0 0 0 0 0 0 0 0 0 0 0 0 0 0 0 0 0 0 0 0 0 0 0 0 0 0 0 0 0 0 0 0 0 0 0 0 0 0 0 0 0 0 0 0 0 0 0 0 0 0 0 0 0 0 0 0 0 0 0 0 0 0 0 0 0 0 0 0 0 0 0 0 0 0 0 0 0 0 0 0 0 0 0 0 0 0 0 0 0 0 0 0 0 0 0 0 0 0 0 0 0 0 0 0 0 0 0 0 0 0 0 0 0 0 0 0 0 0 0 0 0 0 0 0 0 0 0 0 0 0 0 0 0 0 0 0 0 0 0 0 0 0 0 0 0 0 0 0 0 0 0 0 0 0 0 0 0 0 0 0 0 0 0 0 0 0 0 0 0 0 0 0 0 0 0 0 0 0 0 0 0 0 0 0 0 0 0 0 0 0 0 0 0 0 0 0 0 0 0 0 0 0 0 0 0 0 0 0 0 0 0 0 0 0 0 0 0 0 0 0 0 0 0 0 0 0 0 0 0 0 0 0 0 0 0 0 0 0 0 0 0 0 0 0 0 0 0 0 0 0 0 0 0 0 0 0 0 0 0 0 0 0 0 0 0 0 0 0 0 0 0 0 0 0 0 0 0 0 0 0 0 0 0 0 0 0 0 0 0 0 0 0 0 0 0 0 0 0 0 0 0 0 0 0 0 0 0 0 0 0 0 0 0 0 0 0 0 0 0 0 0 0 0 0 0 0 0 0 0 0 0 0 0 0 0 0 0 0 0 0 0 0 0 0 0 0 0 0 0 0 0 0 0 0 0 0 0 0 0 0 0 0 0 0 0 0 0 0 0 0 0 0 0 0 0 0 0 0 0 0 0 0 0 0 0 0 0 0 0 0 0 0 0 0 0 0 0 0 0 0 0 0 0 0 0 0 0 0 0 0 0 0 0 0 0 0 0 0 0 0 0 0 0 0 0 0 0 0 0 0 0 0 0 0 0 0 0 0 0 0 0 0 0 0 0 0 0 0 0 0 0 0 0 0 0 0 0 0 0 0 0 0 0 0 0 0 0 0 0 0 0 0 0 0 0 0 0 0 0 0 0 0 0 0 0 0 0 0 0 0 0 0 0 0 0 0 0 0 0 0 0 0 0 0 0 0 0 0 0 0 0 0 0 0 0 0 0 0 0 0 0 0 0 0 0 0 0 0 0 0 0 0 0 0 0 0 0 0 0 0 0 0 0 0 0 0 0 0 0 0 0 0 0 0 0 0 0 0 0 0 0 0 0 0 0 0 0 0 0 0 0 0 0 0 0 0 0 0 0 0 0 0 0 0 0 0 0 0 0 0 0 0 0 0 0 0 0 0 0 0 0 0 0 0 0 0 0 0 0 0 0 0 0 0 0 0 0 0 0 0 0 0 0 0 0 0 0 0 0 0 0 0 0 0 0 0 0 0 0 0 0 0 0 0 0 0 0 0 0 0 0 0 0 0 0 0 0 0 0 0 0 0 0 0 0 0 0 0 0 0 0 0 0 0 0 0 0 0 0 0 0 0 0 0 0 0 0 0 0 0 0 0 0 0 0 0 0 0 0 0 0 0 0 0 0 0 0 0 0 0 0 0 0 0 0 0 0 0 0 0 0 0 0 0 0 0 0 0 0 0 0 0 0 0 0 0 0 0 0 0 0 0 0 0 0 0 0 0 0 0 0 0 0 0 0 0 0 0 0 0 0 0 0 0 0 0 0 0 0 0 0 0 0 0 0 0 0 0 0 0 0 0 0 0 0 0 0 0 0 0 0 0 0 0 0 0 0 0 0 0 0 0 0 0 0 0 0 0 0 0 0 0 0 0 0 0 0 0 0 0 0 0 0 0 0 0 0 0 0 0 0 0 0 0 0 0 0 0 0 0 0 0 0 0 0 0 0 0 0 0 0 0 0 0 0 0 0 0 0 0 0 0 0 0 0 0 0 0 0 0 0 0 0 0 0 0 0 0 0 0 0 0 0 0 0 0 0 0 0 0 0 0 0 0 0 0 0 0 0 0 0 0 0 0 0 0 0 0 0 0 0 0 0 0 0 0 0 0 0 0 0 0 0 0 0 0 0 0 0 0 0 0 0 0 0 0 0 0 0 0 0 0 0 0 0 0 0 0 0 0 0 0 0 0 0 0 0 0 0 0 0 0 0 0 0 0 0 0 0 0 0 0 0 0 0 0 0 0 0 0 0 0 0 0 0 0 0 0 0 0 0 0 0 0 0 0 0 0 0 0 0 0 0 0 0 0 0 0 0 0 0 0 0 0 0 0 0 0 0 0 0 0 0 0 0 0 0 0 0 0 0 0 0 0 0 0 0 0 0 0 0 0 0 0 0 0 0 0 0 0 0 0 0 0 0 0 0 0 0 0 0 0 0 0 0 0 0 0 0 0 0 0 0 0 0 0 0 0 0 0 0 0 0 0 0 0 0 0 0 0 0 0 0 0 0 0 0 0 0 0 0 0 0 0 0 0 0 0 0 0 0 0 0 0 0 0 0 0 0 0 0 0 0 0 0 0 0 0 0 0 0 0 0 0 0 0 0 0 0 0 0 0 0 0 0 0 0 0 0 0 0 0 0 0 0 0 0 0 0 0 0 0 0 0 0 0 0 0 0 0 0 0 0 0 0 0 0 0 0 0 0 0 0 0 0 0 0 0 0 0 0 0 0 0 0 0 0 0 0 0 0 0 0 0 0 0 0 0 0 0 0 0 0 0 0 0 0 0 0 0 0 0 0 0 0 0 0 0 0 0 0 0 0 0 0 0 0 0 0 0 0 0 0 0 0 0 0 0 0 0 0 0 0 0 0 0 0 0 0 0 0 0 0 0 0 0 0 0 0 0 0 0 0 0 0 0 0 0 0 0 0 0 0 0 0 0 0 0 0 0 0 0 0 0 0 0 0 0 0 0 0 0 0 0 0 0 0 0 0 0 0 0 0 0 0 0 0 0 0 0 0 0 0 0 0 0 0 0 0 0 0 0 0 0 0 0 0 0 0 0 0 0 0 0 0 0 0 0 0 0 0 0 0 0 0 0 0 0 0 0 0 0 0 0 0 0 0 0 0 0 0 0 0 0 0 0 0 0 0 0 0 0 0 0 0 0 0 0 0 0 0 0 0 0 0 0 0 0 0 0 0 0 0 0 0 0 0 0 0 0 0 0 0 0 0 0 0 0 0 0 0 0 0 0 0 0 0 0 0 0 0 0 0 0 0 0 0 0 0 0 0 0 0 0 0 0 0 0 0 0 0 0 0 0 0 0 0 0 0 0 0 0 0 0 0 0 0 0 0 0 0 0 0 0 0 0 0 0 0 0 0 0 0 0 0 0 0 0 0 0 0 0 0 0 0 0 0 0 0 0 0 0 0 0 0 0 0 0 0 0 0 0 0 0 0 0 0 0 0 0 0 0 0 0 0 0 0 0 0 0 0 0 0 0 0 0 0 0 0 0 0 0 0 0 0 0 0 0 0 0 0 0 0 0 0 0 0 0 0 0 0 0 0 0 0 0 0 0 0 0 0 0 0 0 0 0 0 0 0 0 0 0 0 0 0 0 0 0 0 0 0 0 0 0 0 0 0 0 0 0 0 0 0 0 0 0 0 0 0 0 0 0 0 0 0 0 0 0 0 0 0 0 0 0 0 0 0 0 0 0 0 0 0 0 0 0 0 0 0 0 0 0 0 0 0 0 0 0 0 0 0 0 0 0 0 0 0 0 0 0 0 0 0 0 0 0 0 0 0 0 0 0 0 0 0 0 0 0 0 0 0 0 0 0 0 0 0 0 0 0 0 0 0 0 0 0 0 0 0 0 0 0 0 0 0 0 0 0 0 0 0 0 0 0 0 0 0 0 0 0 0 0 0 0 0 0 0 0 0 0 0 0 0 0 0 0 0 0 0 0 0 0 0 0 0 0 0 0 0 0 0 0 0 0 0 0 0 0 0 0 0 0 0 0 0 0 0 0 0 0 0 0 0 0 0 0 0 0 0 0 0 0 0 0 0 0 0 0 0 0 0 0 0 0 0 0 0 0 0 0 0 0 0 0 0 0 0 0 0 0 0 0 0 0 0 0 0 0 0 0 0 0 0 0 0 0 0 0 0 0 0 0 0 0 0 0 0 0 0 0 0 0 0 0 0 0 0 0 0 0 0 0 0 0 0 0 0 0 0 0 0 0 0 0 0 0 0 0 0 0 0 0 0 0 0 0 0 0 0 0 0 0 0 0 0 0 0 0 0 0 0 0 0 0 0 0 0 0 0 0 0 0 0 0 0 0 0 0 0 0 0 0 0 0 0 0 0 0 0 0 0 0 0 0 0 0 0 0 0 0 0 0 0 0 0 0 0 0 0 0 0 0 0 0 0 0 0 0 0 0 0 0 0 0 0 0 0 0 0 0 0 0 0 0 0 0 0 0 0 0 0 0 0 0 0 0 0 0 0 0 0 0 0 0 0 0 0 0 0 0 0 0 0 0 0 0 0 0 0 0 0 0 0 0 0 0 0 0 0 0 0 0 0 0 0 0 0 0 0 0 0 0 0 0 0 0 0 0 0 0 0 0 0 0 0 0 0 0 0 0 0 0 0 0 0 0 0 0 0 0 0 0 0 0 0 0 0 0 0 0 0 0 0 0 0 0 0 0 0 0 0 0 0 0 0 0 0 0 0 0 0 0 0 0 0 0 0 0 0 0 0 0 0 0 0 0 0 0 0 0 0 0 0 0 0 0 0 0 0 0 0 0 0 0 0 0 0 0 0 0 0 0 0 0 0 0 0 0 0 0 0 0 0 0 0 0 0 0 0 0 0 0 0 0 0 0 0 0 0 0 0 0 0 0 0 0 0 0 0 0 0 0 0 0 0 0 0 0 0 0 0 0 0 0 0 0 0 0 0 0 0 0 0 0 0 0 0 0 0 0 0 0 0 0 0 0 0 0 0 0 0 0 0 0 0 0 0 0 0 0 0 0 0 0 0 0 0 0 0 0 0 0 0 0 0 0 0 0 0 0 0 0 0 0 0 0 0 0 0 0 0 0 0 0 0 0 0 0 0 0 0 0 0 0 0 0 0 0 0 0 0 0 0 0 0 0 0 0 0 0 0 0 0 0 0 0 0 0 0 0 0 0 0 0 0 0 0 0 0 0 0 0 0 0 0 0 0 0 0 0 0 0 0 0 0 0 0 0 0 0 0 0 0 0 0 0 0 0 0 0 0 0 0 0 0 0 0 0 0 0 0 0 0 0 0 0 0 0 0 0 0 0 0 0 0 0 0 0 0 0 0 0 0 0 0 0 0 0 0 0 0 0 0 0 0 0 0 0 0 0 0 0 0 0 0 0 0 0 0 0 0 0 0 0 0 0 0 0 0 0 0 0 0 0 0 0 0 0 0 0 0 0 0 0 0 0 0 0 0 0 0 0 0 0 0 0 0 0 0 0 0 0 0 0 0 0 0 0 0 0 0 0 0 0 0 0 0 0 0 0 0 0 0 0 0 0 0 0 0 0 0 0 0 0 0 0 0 0 0 0 0 0 0 0 0 0 0 0 0 0 0 0 0 0 0 0 0 0 0 0 0 0 0 0 0 0 0 0 0 0 0 0 0 0 0 0 0 0 0 0 0 0 0 0 0 0 0 0 0 0 0 0 0 0 0 0 0 0 0 0 0 0 0 0 0 0 0 0 0 0 0 0 0 0 0 0 0 0 0 0 0 0 0 0 0 0 0 0 0 0 0 0 0 0 0 0 0 0 0 0 0 0 0 0 0 0 0 0 0 0 0 0 0 0 0 0 0 0 0 0 0 0 0 0 0 0 0 0 0 0 0 0 0 0 0 0 0 0 0 0 0 0 0 0 0 0 0 0 0 0 0 0 0 0 0 0 0 0 0 0 0 0 0 0 0 0 0 0 0 0 0 0 0 0 0 0 0 0 0 0 0 0 0 0 0 0 0 0 0 0 0 0 0 0 0 0 0 0 0 0 0 0 0 0 0 0 0 0 0 0 0 0 0 0 0 0 0 0 0 0 0 0 0 0 0 0 0 0 0 0 0 0 0 0 0 0 0 0 0 0 0 0 0 0 0 0 0 0 0 0 0 0 0 0 0 0 0 0 0 0 0 0 0 0 0 0 0 0 0 0 0 0 0 0 0 0 0 0 0 0 0 0 0 0 0 0 0 0 0 0 0 0 0 0 0 0 0 0 0 0 0 0 0 0 0 0 0 0 0 0 0 0 0 0 0 0 0 0 0 0 0 0 0 0 0 0 0 0 0 0 0 0 0 0 0 0 0 0 0 0 0 0 0 0 0 0 0 0 0 0 0 0 0 0 0 0 0 0 0 0 0 0 0 0 0 0 0 0 0 0 0 0 0 0 0 0 0 0 0 0 0 0 0 0 0 0 0 0 0 0 0 0 0 0 0 0 0 0 0 0 0 0 0 0 0 0 0 0 0 0 0</v>
				</vertex_weights>
			</skin>
		</controller>
		<controller id="_1_ctrl_id" name="_1_ctrl">
			<skin source="#_1_geo_id">
				<bind_shape_matrix>1 0 0 0 0 1 0 0 0 0 1 0 0 0 0 1</bind_shape_matrix>
				<source id="_1_ctrl_names_id" name="_1_ctrl_names">
					<Name_array id="_1_ctrl_names_array_id" count="2">MW_Garuda metal_00</Name_array>
					<technique_common>
						<accessor source="#_1_ctrl_names_array_id" count="2" stride="1">
							<param name="JOINT" type="Name" />
						</accessor>
					</technique_common>
				</source>
				<source id="_1_ctrl_poses_id" name="_1_ctrl_poses">
					<float_array id="_1_ctrl_poses_array_id" count="32">1 -0 0 0 -0 1 -0 0 0 -0 1 0 0 0 0 1 1 -0 0 0 -0 1 -0 -3.002 0 -0 1 0 0 0 0 1</float_array>
					<technique_common>
						<accessor source="#_1_ctrl_poses_array_id" count="2" stride="16">
							<param name="TRANSFORM" type="float4x4" />
						</accessor>
					</technique_common>
				</source>
				<source id="_1_ctrl_weights_id" name="_1_ctrl_weights">
					<float_array id="_1_ctrl_weights_array_id" count="1">1</float_array>
					<technique_common>
						<accessor source="#_1_ctrl_weights_array_id" count="1" stride="1">
							<param name="WEIGHT" type="float" />
						</accessor>
					</technique_common>
				</source>
				<joints>
					<input semantic="JOINT" source="#_1_ctrl_names_id" />
					<input semantic="INV_BIND_MATRIX" source="#_1_ctrl_poses_id" />
				</joints>
				<vertex_weights count="112">
					<input semantic="JOINT" source="#_1_ctrl_names_id" offset="0" />
					<input semantic="WEIGHT" source="#_1_ctrl_weights_id" offset="1" />
					<vcount>1 1 1 1 1 1 1 1 1 1 1 1 1 1 1 1 1 1 1 1 1 1 1 1 1 1 1 1 1 1 1 1 1 1 1 1 1 1 1 1 1 1 1 1 1 1 1 1 1 1 1 1 1 1 1 1 1 1 1 1 1 1 1 1 1 1 1 1 1 1 1 1 1 1 1 1 1 1 1 1 1 1 1 1 1 1 1 1 1 1 1 1 1 1 1 1 1 1 1 1 1 1 1 1 1 1 1 1 1 1 1 1</vcount>
					<v>0 0 0 0 0 0 0 0 0 0 0 0 0 0 0 0 0 0 0 0 0 0 0 0 0 0 0 0 0 0 0 0 0 0 0 0 0 0 0 0 0 0 0 0 0 0 0 0 0 0 0 0 0 0 0 0 0 0 0 0 0 0 0 0 0 0 0 0 0 0 0 0 0 0 0 0 0 0 0 0 0 0 0 0 0 0 0 0 0 0 0 0 0 0 0 0 0 0 0 0 0 0 0 0 0 0 0 0 0 0 0 0 0 0 0 0 0 0 0 0 0 0 0 0 0 0 0 0 0 0 0 0 0 0 0 0 0 0 0 0 0 0 0 0 0 0 0 0 0 0 0 0 0 0 0 0 0 0 0 0 0 0 0 0 0 0 0 0 0 0 0 0 0 0 0 0 0 0 0 0 0 0 0 0 0 0 0 0 0 0 0 0 0 0 0 0 0 0 0 0 0 0 0 0 0 0 0 0 0 0 0 0 0 0 0 0 0 0 0 0 0 0 0 0</v>
				</vertex_weights>
			</skin>
		</controller>
	</library_controllers>
	<library_visual_scenes>
		<visual_scene id="MW_Garuda_00_id" name="MW_Garuda_00">
			<node id="MW_Garuda_bone_id" name="MW_Garuda" sid="MW_Garuda" type="JOINT">
				<translate sid="translate">0 0 0</translate>
				<rotate sid="rotateZ">0 0 1 0</rotate>
				<rotate sid="rotateY">0 1 0 0</rotate>
				<rotate sid="rotateX">1 0 0 0</rotate>
				<scale sid="scale">1 1 1</scale>
				<node id="metal_00_bone_id" name="metal_00" sid="metal_00" type="JOINT">
					<translate sid="translate">0 3.002 0</translate>
					<rotate sid="rotateZ">0 0 1 0</rotate>
					<rotate sid="rotateY">0 1 0 0</rotate>
					<rotate sid="rotateX">1 0 0 0</rotate>
					<scale sid="scale">1 1 1</scale>
				</node>
			</node>
			<node id="_id" name="" type="NODE">
				<matrix>1 0 0 0 0 1 0 0 0 0 1 0 0 0 0 1</matrix>
				<instance_controller url="#_0_ctrl_id">
					<skeleton>#MW_Garuda_bone_id</skeleton>
					<bind_material>
						<technique_common>
							<instance_material symbol="Mdl_0_Mtl_blinn2" target="#blinn2_id" />
						</technique_common>
					</bind_material>
				</instance_controller>
			</node>
			<node id="_id" name="" type="NODE">
				<matrix>1 0 0 0 0 1 0 0 0 0 1 0 0 0 0 1</matrix>
				<instance_controller url="#_1_ctrl_id">
					<skeleton>#MW_Garuda_bone_id</skeleton>
					<bind_material>
						<technique_common>
							<instance_material symbol="Mdl_0_Mtl_blinn1" target="#blinn1_id" />
						</technique_common>
					</bind_material>
				</instance_controller>
			</node>
		</visual_scene>
	</library_visual_scenes>
	<scene>
		<instance_visual_scene url="#MW_Garuda_00_id" />
	</scene>
</COLLADA>