<?xml version="1.0" encoding="utf-8"?>
<COLLADA xmlns="http://www.collada.org/2005/11/COLLADASchema" version="1.4.1" xmlns:xsi="http://www.w3.org/2001/XMLSchema-instance">
  <asset>
    <contributor>
      <author>Blender User</author>
      <authoring_tool>Blender 4.0.0 commit date:2023-11-13, commit time:17:26, hash:878f71061b8e</authoring_tool>
    </contributor>
    <created>2026-09-10T18:25:38</created>
    <modified>2026-09-10T18:25:38</modified>
    <unit name="meter" meter="1"/>
    <up_axis>Z_UP</up_axis>
  </asset>
  <library_images/>
  <library_geometries>
    <geometry id="Mesh_0559Mesh-mesh" name="Mesh_0559Mesh">
      <mesh>
        <source id="Mesh_0559Mesh-mesh-positions">
          <float_array id="Mesh_0559Mesh-mesh-positions-array" count="16392">13.42773 -12.20703 -5.859375 12.69531 -12.93945 -5.859375 13.42773 -12.93945 -5.859375 0 0 0 13.42773 -12.20703 -5.859375 13.42773 -12.93945 -5.859375 14.16016 -12.69531 -5.859375 11.47461 -6.835937 -5.859375 14.64844 -6.103516 -5.859375 12.93945 -3.173828 -5.859375 6.591797 -12.69531 -5.859375 5.371094 -18.31055 -5.859375 7.324219 -17.57813 -5.859375 3.173828 -16.35742 -5.859375 3.173828 -16.8457 -5.859375 5.371094 -18.31055 -5.859375 10.25391 -10.74219 -5.859375 11.47461 -12.20703 -5.859375 11.96289 -11.71875 -5.859375 2.685547 -17.57813 -5.859375 2.929687 -19.04297 -5.859375 5.371094 -18.31055 -5.859375 2.685547 -17.57813 -5.859375 5.371094 -18.31055 -5.859375 3.173828 -16.8457 -5.859375 11.47461 -12.20703 -5.859375 10.25391 -10.74219 -5.859375 11.96289 -13.67187 -5.859375 11.96289 -13.67187 -5.859375 10.25391 -10.74219 -5.859375 11.71875 -14.64844 -5.859375 11.71875 -14.64844 -5.859375 10.25391 -10.74219 -5.859375 11.23047 -15.625 -5.859375 6.591797 -12.69531 -5.859375 3.417969 -14.16016 -5.859375 5.371094 -18.31055 -5.859375 11.23047 -15.625 -5.859375 10.00977 -15.86914 -5.859375 10.25391 -16.11328 -5.859375 9.033204 -16.60156 -5.859375 7.324219 -17.57813 -5.859375 9.033204 -16.8457 -5.859375 13.42773 -12.20703 -1.953125 14.16016 -12.69531 -2.685547 13.42773 -12.93945 -2.197266 11.47461 -6.835937 -0.2441406 12.93945 -3.173828 -2.685547 14.64844 -6.103516 -2.685547 13.42773 -12.20703 -1.953125 13.42773 -12.93945 -2.197266 12.69531 -12.93945 -2.685547 2.929687 -19.04297 -0.4882813 5.371094 -18.31055 -0.4882813 5.371094 -18.31055 -0.7324219 8.056641 -14.16016 0.4882813 10.00977 -12.45117 0 8.300782 -14.4043 0.4882813 8.056641 -14.16016 0 10.00977 -12.45117 0 8.056641 -14.16016 0.4882813 5.371094 -18.31055 -0.4882813 2.929687 -19.04297 -0.4882813 4.882812 -16.35742 0.7324219 8.056641 -15.38086 0 6.835937 -15.625 0.7324219 8.300782 -15.13672 0.2441406 8.544922 -16.35742 -0.4882813 7.080078 -17.33399 -0.7324219 8.056641 -15.86914 0 10.00977 -12.45117 0 9.521485 -14.4043 0 8.300782 -14.4043 0.4882813 11.47461 -14.4043 -1.464844 10.98633 -15.13672 -1.464844 10.00977 -12.45117 0 11.71875 -13.67187 -1.708984 11.47461 -14.4043 -1.464844 10.00977 -12.45117 0 11.47461 -12.20703 -1.708984 11.71875 -13.67187 -1.708984 10.00977 -12.45117 0 11.23047 -15.625 -5.859375 10.25391 -10.74219 -5.859375 10.00977 -15.86914 -5.859375 9.033204 -16.60156 -5.859375 6.591797 -12.69531 -5.859375 7.324219 -17.57813 -5.859375 8.789063 -16.35742 -0.7324219 8.789063 -15.86914 -0.7324219 8.789063 -16.35742 -0.9765625 11.71875 -13.67187 -1.708984 11.47461 -12.20703 -1.708984 11.96289 -13.67187 -2.197266 10.74219 -10.49805 -2.685547 11.96289 -11.71875 -2.685547 11.47461 -12.20703 -2.685547 11.47461 -12.20703 -2.685547 11.47461 -12.20703 -5.859375 11.47461 -12.20703 -1.708984 12.93945 -3.173828 -5.859375 12.93945 -3.173828 -2.685547 12.93945 -3.173828 0 3.417969 -12.69531 -5.859375 3.173828 -11.96289 -5.859375 3.417969 -12.69531 -2.685547 3.173828 -11.96289 0 3.417969 -12.69531 0 3.417969 -12.69531 -2.685547 3.173828 -11.96289 0 3.417969 -12.69531 -2.685547 3.173828 -11.96289 -5.859375 2.929687 -15.86914 -5.859375 2.929687 -15.86914 -2.685547 3.173828 -16.35742 -5.859375 10.74219 -10.49805 -2.685547 9.765625 -10.98633 -2.685547 9.033204 -9.277344 -2.685547 6.591797 -12.69531 0 4.882812 -15.625 0 3.417969 -14.16016 0 4.882812 -15.625 0 2.929687 -15.86914 0 3.417969 -14.16016 0 6.835937 -14.89258 0 4.882812 -15.625 0 6.591797 -12.69531 0 8.056641 -14.16016 0 6.835937 -14.89258 0 6.591797 -12.69531 0 9.033204 -9.277344 -2.685547 9.033204 -9.277344 -2.685547 9.033204 -9.277344 0 11.47461 -12.20703 -2.685547 11.47461 -12.20703 -2.685547 11.47461 -12.20703 -1.708984 17.33399 5.615234 -5.859375 17.57813 4.638672 -5.859375 18.06641 5.126953 -5.859375 17.33399 5.615234 -5.859375 18.06641 5.126953 -5.859375 18.06641 5.859375 -5.859375 11.47461 6.347656 -5.859375 12.69531 9.521485 -5.859375 9.277344 9.521485 -5.859375 14.16016 -0.4882813 -5.859375 18.79883 -4.394531 -5.859375 19.04297 -2.441406 -5.859375 15.625 -5.126953 -5.859375 16.35742 -5.371094 -5.859375 18.79883 -4.394531 -5.859375 14.4043 3.417969 -5.859375 16.35742 3.662109 -5.859375 16.11328 4.394531 -5.859375 16.60156 -6.103516 -5.859375 17.82227 -6.835937 -5.859375 18.79883 -4.394531 -5.859375 16.60156 -6.103516 -5.859375 18.79883 -4.394531 -5.859375 16.35742 -5.371094 -5.859375 16.35742 3.662109 -5.859375 14.4043 3.417969 -5.859375 17.82227 3.417969 -5.859375 17.82227 3.417969 -5.859375 14.4043 3.417969 -5.859375 18.79883 2.929687 -5.859375 18.79883 2.929687 -5.859375 14.4043 3.417969 -5.859375 19.04297 1.708984 -5.859375 14.16016 -0.4882813 -5.859375 14.16016 -3.90625 -5.859375 18.79883 -4.394531 -5.859375 19.04297 1.708984 -5.859375 18.79883 0.7324219 -5.859375 19.04297 0.7324219 -5.859375 18.79883 -0.2441406 -5.859375 19.04297 -2.441406 -5.859375 19.28711 -0.4882813 -5.859375 17.33399 5.615234 -1.953125 18.06641 5.859375 -2.685547 18.06641 5.126953 -2.197266 11.47461 6.347656 -0.2441406 9.277344 9.521485 -2.685547 12.69531 9.521485 -2.685547 17.33399 5.615234 -1.953125 18.06641 5.126953 -2.197266 17.57813 4.638672 -2.685547 17.82227 -6.835937 -0.4882813 18.55469 -4.394531 -0.4882813 18.79883 -4.394531 -0.7324219 16.35742 0 0.4882813 15.86914 2.197266 0 16.8457 0 0.4882813 16.11328 0 0 15.86914 2.197266 0 16.35742 0 0.4882813 18.55469 -4.394531 -0.4882813 17.82227 -6.835937 -0.4882813 16.8457 -3.90625 0.7324219 17.57813 -0.7324219 0 16.8457 -1.708984 0.7324219 17.33399 -0.2441406 0.2441406 18.31055 -0.7324219 -0.4882813 18.79883 -2.197266 -0.7324219 17.82227 -0.7324219 0 15.86914 2.197266 0 17.33399 0.7324219 0 16.8457 0 0.4882813 18.31055 2.685547 -1.464844 18.55469 1.953125 -1.464844 15.86914 2.197266 0 17.57813 3.173828 -1.708984 18.31055 2.685547 -1.464844 15.86914 2.197266 0 16.35742 3.662109 -1.708984 17.57813 3.173828 -1.708984 15.86914 2.197266 0 19.04297 1.708984 -5.859375 14.4043 3.417969 -5.859375 18.79883 0.7324219 -5.859375 18.79883 -0.2441406 -5.859375 14.16016 -0.4882813 -5.859375 19.04297 -2.441406 -5.859375 18.55469 -0.4882813 -0.7324219 18.31055 -0.2441406 -0.7324219 18.79883 -0.4882813 -0.9765625 17.57813 3.173828 -1.708984 16.35742 3.662109 -1.708984 17.82227 3.417969 -2.197266 14.4043 3.90625 -2.685547 16.11328 4.394531 -2.685547 16.35742 3.662109 -2.685547 16.35742 3.662109 -2.685547 16.35742 3.662109 -5.859375 16.35742 3.662109 -1.708984 9.277344 9.521485 -5.859375 9.277344 9.521485 -2.685547 9.277344 9.521485 0 12.93945 -3.173828 -5.859375 11.96289 -3.173828 -5.859375 12.93945 -3.173828 -2.685547 11.96289 -3.173828 0 12.93945 -3.173828 0 12.93945 -3.173828 -2.685547 11.96289 -3.173828 0 12.93945 -3.173828 -2.685547 11.96289 -3.173828 -5.859375 15.13672 -5.371094 -5.859375 15.13672 -5.371094 -2.685547 15.625 -5.126953 -5.859375 14.4043 3.90625 -2.685547 14.4043 2.685547 -2.685547 12.69531 3.173828 -2.685547 14.16016 -0.4882813 0 15.86914 -3.417969 0 14.16016 -3.90625 0 15.86914 -3.417969 0 15.13672 -5.371094 0 14.16016 -3.90625 0 16.35742 -1.220703 0 15.86914 -3.417969 0 14.16016 -0.4882813 0 16.11328 0 0 16.35742 -1.220703 0 14.16016 -0.4882813 0 12.69531 3.173828 -2.685547 12.69531 3.173828 -2.685547 12.69531 3.173828 0 16.35742 3.662109 -2.685547 16.35742 3.662109 -2.685547 16.35742 3.662109 -1.708984 3.662109 17.82227 -5.859375 4.638672 17.57813 -5.859375 4.394531 18.31055 -5.859375 3.662109 17.82227 -5.859375 4.394531 18.31055 -5.859375 3.90625 18.79883 -5.859375 0 13.18359 -5.859375 -1.953125 15.86914 -5.859375 -3.417969 12.69531 -5.859375 7.568359 12.20703 -5.859375 13.18359 13.91602 -5.859375 11.71875 15.13672 -5.859375 12.45117 10.98633 -5.859375 12.93945 11.23047 -5.859375 13.18359 13.91602 -5.859375 4.150391 14.16016 -5.859375 4.882812 16.11328 -5.859375 4.150391 16.35742 -5.859375 13.67187 11.23047 -5.859375 14.89258 11.96289 -5.859375 13.18359 13.91602 -5.859375 13.67187 11.23047 -5.859375 13.18359 13.91602 -5.859375 12.93945 11.23047 -5.859375 4.882812 16.11328 -5.859375 4.150391 14.16016 -5.859375 5.859375 17.33399 -5.859375 5.859375 17.33399 -5.859375 4.150391 14.16016 -5.859375 6.835937 17.57813 -5.859375 6.835937 17.57813 -5.859375 4.150391 14.16016 -5.859375 7.8125 17.57813 -5.859375 7.568359 12.20703 -5.859375 10.49805 10.00977 -5.859375 13.18359 13.91602 -5.859375 7.8125 17.57813 -5.859375 8.789063 16.60156 -5.859375 8.789063 17.08984 -5.859375 9.765625 16.11328 -5.859375 11.71875 15.13672 -5.859375 10.00977 16.35742 -5.859375 3.662109 17.82227 -1.953125 3.90625 18.79883 -2.685547 4.394531 18.31055 -2.197266 0 13.18359 -0.2441406 -3.417969 12.69531 -2.685547 -1.953125 15.86914 -2.685547 3.662109 17.82227 -1.953125 4.394531 18.31055 -2.197266 4.638672 17.57813 -2.685547 14.89258 11.96289 -0.4882813 12.93945 13.91602 -0.4882813 13.18359 13.91602 -0.7324219 8.056641 14.16016 0.4882813 5.859375 14.89258 0 8.300782 14.64844 0.4882813 8.056641 13.91602 0 5.859375 14.89258 0 8.056641 14.16016 0.4882813 12.93945 13.91602 -0.4882813 14.89258 11.96289 -0.4882813 11.71875 12.45117 0.7324219 9.277344 14.64844 0 10.00977 13.91602 0.7324219 8.789063 14.89258 0.2441406 9.765625 15.38086 -0.4882813 11.47461 14.89258 -0.7324219 9.765625 14.89258 0 5.859375 14.89258 0 7.8125 15.38086 0 8.300782 14.64844 0.4882813 6.591797 17.08984 -1.464844 7.568359 17.08984 -1.464844 5.859375 14.89258 0 5.859375 16.8457 -1.708984 6.591797 17.08984 -1.464844 5.859375 14.89258 0 4.882812 16.11328 -1.708984 5.859375 16.8457 -1.708984 5.859375 14.89258 0 7.8125 17.57813 -5.859375 4.150391 14.16016 -5.859375 8.789063 16.60156 -5.859375 9.765625 16.11328 -5.859375 7.568359 12.20703 -5.859375 11.71875 15.13672 -5.859375 9.765625 15.625 -0.7324219 9.277344 15.625 -0.7324219 9.765625 15.86914 -0.9765625 5.859375 16.8457 -1.708984 4.882812 16.11328 -1.708984 5.859375 17.33399 -2.197266 3.662109 14.64844 -2.685547 4.150391 16.35742 -2.685547 4.882812 16.11328 -2.685547 4.882812 16.11328 -2.685547 4.882812 16.11328 -5.859375 4.882812 16.11328 -1.708984 -3.417969 12.69531 -5.859375 -3.417969 12.69531 -2.685547 -3.417969 12.69531 0 9.277344 9.521485 -5.859375 8.544922 8.544922 -5.859375 9.277344 9.521485 -2.685547 8.544922 8.544922 0 9.277344 9.521485 0 9.277344 9.521485 -2.685547 8.544922 8.544922 0 9.277344 9.521485 -2.685547 8.544922 8.544922 -5.859375 12.20703 10.49805 -5.859375 12.20703 10.49805 -2.685547 12.45117 10.98633 -5.859375 3.662109 14.64844 -2.685547 4.638672 13.91602 -2.685547 3.417969 12.69531 -2.685547 7.568359 12.20703 0 10.98633 11.96289 0 10.49805 10.00977 0 10.98633 11.96289 0 12.20703 10.49805 0 10.49805 10.00977 0 9.277344 13.42773 0 10.98633 11.96289 0 7.568359 12.20703 0 8.056641 13.91602 0 9.277344 13.42773 0 7.568359 12.20703 0 3.417969 12.69531 -2.685547 3.417969 12.69531 -2.685547 3.417969 12.69531 0 4.882812 16.11328 -2.685547 4.882812 16.11328 -2.685547 4.882812 16.11328 -1.708984 -13.42773 12.20703 -5.859375 -12.69531 12.93945 -5.859375 -13.42773 12.93945 -5.859375 -13.42773 12.20703 -5.859375 -13.42773 12.93945 -5.859375 -14.16016 12.69531 -5.859375 -11.47461 6.835937 -5.859375 -14.64844 6.103516 -5.859375 -12.93945 3.173828 -5.859375 -6.591797 12.69531 -5.859375 -5.371094 18.31055 -5.859375 -7.324219 17.57813 -5.859375 -3.173828 16.35742 -5.859375 -3.173828 16.8457 -5.859375 -5.371094 18.31055 -5.859375 -10.25391 10.74219 -5.859375 -11.47461 12.20703 -5.859375 -11.96289 11.71875 -5.859375 -2.685547 17.57813 -5.859375 -2.929687 19.04297 -5.859375 -5.371094 18.31055 -5.859375 -2.685547 17.57813 -5.859375 -5.371094 18.31055 -5.859375 -3.173828 16.8457 -5.859375 -11.47461 12.20703 -5.859375 -10.25391 10.74219 -5.859375 -11.96289 13.67187 -5.859375 -11.96289 13.67187 -5.859375 -10.25391 10.74219 -5.859375 -11.71875 14.64844 -5.859375 -11.71875 14.64844 -5.859375 -10.25391 10.74219 -5.859375 -11.23047 15.625 -5.859375 -6.591797 12.69531 -5.859375 -3.417969 14.16016 -5.859375 -5.371094 18.31055 -5.859375 -11.23047 15.625 -5.859375 -10.00977 15.86914 -5.859375 -10.25391 16.11328 -5.859375 -9.033204 16.60156 -5.859375 -7.324219 17.57813 -5.859375 -9.033204 16.8457 -5.859375 -13.42773 12.20703 -1.953125 -14.16016 12.69531 -2.685547 -13.42773 12.93945 -2.197266 -11.47461 6.835937 -0.2441406 -12.93945 3.173828 -2.685547 -14.64844 6.103516 -2.685547 -13.42773 12.20703 -1.953125 -13.42773 12.93945 -2.197266 -12.69531 12.93945 -2.685547 -2.929687 19.04297 -0.4882813 -5.371094 18.31055 -0.4882813 -5.371094 18.31055 -0.7324219 -8.056641 14.16016 0.4882813 -10.00977 12.45117 0 -8.300782 14.4043 0.4882813 -8.056641 14.16016 0 -10.00977 12.45117 0 -8.056641 14.16016 0.4882813 -5.371094 18.31055 -0.4882813 -2.929687 19.04297 -0.4882813 -4.882812 16.35742 0.7324219 -8.056641 15.38086 0 -6.835937 15.625 0.7324219 -8.300782 15.13672 0.2441406 -8.544922 16.35742 -0.4882813 -7.080078 17.33399 -0.7324219 -8.056641 15.86914 0 -10.00977 12.45117 0 -9.521485 14.4043 0 -8.300782 14.4043 0.4882813 -11.47461 14.4043 -1.464844 -10.98633 15.13672 -1.464844 -10.00977 12.45117 0 -11.71875 13.67187 -1.708984 -11.47461 14.4043 -1.464844 -10.00977 12.45117 0 -11.47461 12.20703 -1.708984 -11.71875 13.67187 -1.708984 -10.00977 12.45117 0 -11.23047 15.625 -5.859375 -10.25391 10.74219 -5.859375 -10.00977 15.86914 -5.859375 -9.033204 16.60156 -5.859375 -6.591797 12.69531 -5.859375 -7.324219 17.57813 -5.859375 -8.789063 16.35742 -0.7324219 -8.789063 15.86914 -0.7324219 -8.789063 16.35742 -0.9765625 -11.71875 13.67187 -1.708984 -11.47461 12.20703 -1.708984 -11.96289 13.67187 -2.197266 -10.74219 10.49805 -2.685547 -11.96289 11.71875 -2.685547 -11.47461 12.20703 -2.685547 -11.47461 12.20703 -2.685547 -11.47461 12.20703 -5.859375 -11.47461 12.20703 -1.708984 -12.93945 3.173828 -5.859375 -12.93945 3.173828 -2.685547 -12.93945 3.173828 0 -3.417969 12.69531 -5.859375 -3.173828 11.96289 -5.859375 -3.417969 12.69531 -2.685547 -3.173828 11.96289 0 -3.417969 12.69531 0 -3.417969 12.69531 -2.685547 -3.173828 11.96289 0 -3.417969 12.69531 -2.685547 -3.173828 11.96289 -5.859375 -2.929687 15.86914 -5.859375 -2.929687 15.86914 -2.685547 -3.173828 16.35742 -5.859375 -10.74219 10.49805 -2.685547 -9.765625 10.98633 -2.685547 -9.033204 9.277344 -2.685547 -6.591797 12.69531 0 -4.882812 15.625 0 -3.417969 14.16016 0 -4.882812 15.625 0 -2.929687 15.86914 0 -3.417969 14.16016 0 -6.835937 14.89258 0 -4.882812 15.625 0 -6.591797 12.69531 0 -8.056641 14.16016 0 -6.835937 14.89258 0 -6.591797 12.69531 0 -9.033204 9.277344 -2.685547 -9.033204 9.277344 -2.685547 -9.033204 9.277344 0 -11.47461 12.20703 -2.685547 -11.47461 12.20703 -2.685547 -11.47461 12.20703 -1.708984 -17.33399 -5.615234 -5.859375 -17.57813 -4.638672 -5.859375 -18.06641 -5.126953 -5.859375 -17.33399 -5.615234 -5.859375 -18.06641 -5.126953 -5.859375 -18.06641 -5.859375 -5.859375 -11.47461 -6.347656 -5.859375 -12.69531 -9.521485 -5.859375 -9.277344 -9.521485 -5.859375 -14.16016 0.4882813 -5.859375 -18.79883 4.394531 -5.859375 -19.04297 2.441406 -5.859375 -15.625 5.126953 -5.859375 -16.35742 5.371094 -5.859375 -18.79883 4.394531 -5.859375 -14.4043 -3.417969 -5.859375 -16.35742 -3.662109 -5.859375 -16.11328 -4.394531 -5.859375 -16.60156 6.103516 -5.859375 -17.82227 6.835937 -5.859375 -18.79883 4.394531 -5.859375 -16.60156 6.103516 -5.859375 -18.79883 4.394531 -5.859375 -16.35742 5.371094 -5.859375 -16.35742 -3.662109 -5.859375 -14.4043 -3.417969 -5.859375 -17.82227 -3.417969 -5.859375 -17.82227 -3.417969 -5.859375 -14.4043 -3.417969 -5.859375 -18.79883 -2.929687 -5.859375 -18.79883 -2.929687 -5.859375 -14.4043 -3.417969 -5.859375 -19.04297 -1.708984 -5.859375 -14.16016 0.4882813 -5.859375 -14.16016 3.90625 -5.859375 -18.79883 4.394531 -5.859375 -19.04297 -1.708984 -5.859375 -18.79883 -0.7324219 -5.859375 -19.04297 -0.7324219 -5.859375 -18.79883 0.2441406 -5.859375 -19.04297 2.441406 -5.859375 -19.28711 0.4882813 -5.859375 -17.33399 -5.615234 -1.953125 -18.06641 -5.859375 -2.685547 -18.06641 -5.126953 -2.197266 -11.47461 -6.347656 -0.2441406 -9.277344 -9.521485 -2.685547 -12.69531 -9.521485 -2.685547 -17.33399 -5.615234 -1.953125 -18.06641 -5.126953 -2.197266 -17.57813 -4.638672 -2.685547 -17.82227 6.835937 -0.4882813 -18.55469 4.394531 -0.4882813 -18.79883 4.394531 -0.7324219 -16.35742 0 0.4882813 -15.86914 -2.197266 0 -16.8457 0 0.4882813 -16.11328 0 0 -15.86914 -2.197266 0 -16.35742 0 0.4882813 -18.55469 4.394531 -0.4882813 -17.82227 6.835937 -0.4882813 -16.8457 3.90625 0.7324219 -17.57813 0.7324219 0 -16.8457 1.708984 0.7324219 -17.33399 0.2441406 0.2441406 -18.31055 0.7324219 -0.4882813 -18.79883 2.197266 -0.7324219 -17.82227 0.7324219 0 -15.86914 -2.197266 0 -17.33399 -0.7324219 0 -16.8457 0 0.4882813 -18.31055 -2.685547 -1.464844 -18.55469 -1.953125 -1.464844 -15.86914 -2.197266 0 -17.57813 -3.173828 -1.708984 -18.31055 -2.685547 -1.464844 -15.86914 -2.197266 0 -16.35742 -3.662109 -1.708984 -17.57813 -3.173828 -1.708984 -15.86914 -2.197266 0 -19.04297 -1.708984 -5.859375 -14.4043 -3.417969 -5.859375 -18.79883 -0.7324219 -5.859375 -18.79883 0.2441406 -5.859375 -14.16016 0.4882813 -5.859375 -19.04297 2.441406 -5.859375 -18.55469 0.4882813 -0.7324219 -18.31055 0.2441406 -0.7324219 -18.79883 0.4882813 -0.9765625 -17.57813 -3.173828 -1.708984 -16.35742 -3.662109 -1.708984 -17.82227 -3.417969 -2.197266 -14.4043 -3.90625 -2.685547 -16.11328 -4.394531 -2.685547 -16.35742 -3.662109 -2.685547 -16.35742 -3.662109 -2.685547 -16.35742 -3.662109 -5.859375 -16.35742 -3.662109 -1.708984 -9.277344 -9.521485 -5.859375 -9.277344 -9.521485 -2.685547 -9.277344 -9.521485 0 -12.93945 3.173828 -5.859375 -11.96289 3.173828 -5.859375 -12.93945 3.173828 -2.685547 -11.96289 3.173828 0 -12.93945 3.173828 0 -12.93945 3.173828 -2.685547 -11.96289 3.173828 0 -12.93945 3.173828 -2.685547 -11.96289 3.173828 -5.859375 -15.13672 5.371094 -5.859375 -15.13672 5.371094 -2.685547 -15.625 5.126953 -5.859375 -14.4043 -3.90625 -2.685547 -14.4043 -2.685547 -2.685547 -12.69531 -3.173828 -2.685547 -14.16016 0.4882813 0 -15.86914 3.417969 0 -14.16016 3.90625 0 -15.86914 3.417969 0 -15.13672 5.371094 0 -14.16016 3.90625 0 -16.35742 1.220703 0 -15.86914 3.417969 0 -14.16016 0.4882813 0 -16.11328 0 0 -16.35742 1.220703 0 -14.16016 0.4882813 0 -12.69531 -3.173828 -2.685547 -12.69531 -3.173828 -2.685547 -12.69531 -3.173828 0 -16.35742 -3.662109 -2.685547 -16.35742 -3.662109 -2.685547 -16.35742 -3.662109 -1.708984 -3.662109 -17.82227 -5.859375 -4.638672 -17.57813 -5.859375 -4.394531 -18.31055 -5.859375 -3.662109 -17.82227 -5.859375 -4.394531 -18.31055 -5.859375 -3.90625 -18.79883 -5.859375 0 -13.18359 -5.859375 1.953125 -15.86914 -5.859375 3.417969 -12.69531 -5.859375 -7.568359 -12.20703 -5.859375 -13.18359 -13.91602 -5.859375 -11.71875 -15.13672 -5.859375 -12.45117 -10.98633 -5.859375 -12.93945 -11.23047 -5.859375 -13.18359 -13.91602 -5.859375 -4.150391 -14.16016 -5.859375 -4.882812 -16.11328 -5.859375 -4.150391 -16.35742 -5.859375 -13.67187 -11.23047 -5.859375 -14.89258 -11.96289 -5.859375 -13.18359 -13.91602 -5.859375 -13.67187 -11.23047 -5.859375 -13.18359 -13.91602 -5.859375 -12.93945 -11.23047 -5.859375 -4.882812 -16.11328 -5.859375 -4.150391 -14.16016 -5.859375 -5.859375 -17.33399 -5.859375 -5.859375 -17.33399 -5.859375 -4.150391 -14.16016 -5.859375 -6.835937 -17.57813 -5.859375 -6.835937 -17.57813 -5.859375 -4.150391 -14.16016 -5.859375 -7.8125 -17.57813 -5.859375 -7.568359 -12.20703 -5.859375 -10.49805 -10.00977 -5.859375 -13.18359 -13.91602 -5.859375 -7.8125 -17.57813 -5.859375 -8.789063 -16.60156 -5.859375 -8.789063 -17.08984 -5.859375 -9.765625 -16.11328 -5.859375 -11.71875 -15.13672 -5.859375 -10.00977 -16.35742 -5.859375 -3.662109 -17.82227 -1.953125 -3.90625 -18.79883 -2.685547 -4.394531 -18.31055 -2.197266 0 -13.18359 -0.2441406 3.417969 -12.69531 -2.685547 1.953125 -15.86914 -2.685547 -3.662109 -17.82227 -1.953125 -4.394531 -18.31055 -2.197266 -4.638672 -17.57813 -2.685547 -14.89258 -11.96289 -0.4882813 -12.93945 -13.91602 -0.4882813 -13.18359 -13.91602 -0.7324219 -8.056641 -14.16016 0.4882813 -5.859375 -14.89258 0 -8.300782 -14.64844 0.4882813 -8.056641 -13.91602 0 -5.859375 -14.89258 0 -8.056641 -14.16016 0.4882813 -12.93945 -13.91602 -0.4882813 -14.89258 -11.96289 -0.4882813 -11.71875 -12.45117 0.7324219 -9.277344 -14.64844 0 -10.00977 -13.91602 0.7324219 -8.789063 -14.89258 0.2441406 -9.765625 -15.38086 -0.4882813 -11.47461 -14.89258 -0.7324219 -9.765625 -14.89258 0 -5.859375 -14.89258 0 -7.8125 -15.38086 0 -8.300782 -14.64844 0.4882813 -6.591797 -17.08984 -1.464844 -7.568359 -17.08984 -1.464844 -5.859375 -14.89258 0 -5.859375 -16.8457 -1.708984 -6.591797 -17.08984 -1.464844 -5.859375 -14.89258 0 -4.882812 -16.11328 -1.708984 -5.859375 -16.8457 -1.708984 -5.859375 -14.89258 0 -7.8125 -17.57813 -5.859375 -4.150391 -14.16016 -5.859375 -8.789063 -16.60156 -5.859375 -9.765625 -16.11328 -5.859375 -7.568359 -12.20703 -5.859375 -11.71875 -15.13672 -5.859375 -9.765625 -15.625 -0.7324219 -9.277344 -15.625 -0.7324219 -9.765625 -15.86914 -0.9765625 -5.859375 -16.8457 -1.708984 -4.882812 -16.11328 -1.708984 -5.859375 -17.33399 -2.197266 -3.662109 -14.64844 -2.685547 -4.150391 -16.35742 -2.685547 -4.882812 -16.11328 -2.685547 -4.882812 -16.11328 -2.685547 -4.882812 -16.11328 -5.859375 -4.882812 -16.11328 -1.708984 3.417969 -12.69531 -5.859375 3.417969 -12.69531 -2.685547 3.417969 -12.69531 0 -9.277344 -9.521485 -5.859375 -8.544922 -8.544922 -5.859375 -9.277344 -9.521485 -2.685547 -8.544922 -8.544922 0 -9.277344 -9.521485 0 -9.277344 -9.521485 -2.685547 -8.544922 -8.544922 0 -9.277344 -9.521485 -2.685547 -8.544922 -8.544922 -5.859375 -12.20703 -10.49805 -5.859375 -12.20703 -10.49805 -2.685547 -12.45117 -10.98633 -5.859375 -3.662109 -14.64844 -2.685547 -4.638672 -13.91602 -2.685547 -3.417969 -12.69531 -2.685547 -7.568359 -12.20703 0 -10.98633 -11.96289 0 -10.49805 -10.00977 0 -10.98633 -11.96289 0 -12.20703 -10.49805 0 -10.49805 -10.00977 0 -9.277344 -13.42773 0 -10.98633 -11.96289 0 -7.568359 -12.20703 0 -8.056641 -13.91602 0 -9.277344 -13.42773 0 -7.568359 -12.20703 0 -3.417969 -12.69531 -2.685547 -3.417969 -12.69531 -2.685547 -3.417969 -12.69531 0 -4.882812 -16.11328 -2.685547 -4.882812 -16.11328 -2.685547 -4.882812 -16.11328 -1.708984 0 13.67187 -0.2441406 0 12.45117 -0.2441406 -1.953125 12.20703 -0.2441406 -6.835937 11.96289 -0.2441406 -4.150391 11.71875 -0.2441406 -6.103516 10.74219 -0.2441406 -6.835937 11.96289 -0.2441406 -6.103516 10.74219 -0.2441406 -8.056641 9.521485 -0.2441406 -11.96289 6.835937 -0.2441406 -9.521485 8.056641 -0.2441406 -10.74219 6.103516 -0.2441406 -11.96289 6.835937 -0.2441406 -10.74219 6.103516 -0.2441406 -11.71875 4.150391 -0.2441406 -13.67187 0 -0.2441406 -12.20703 2.197266 -0.2441406 -12.45117 0 -0.2441406 -6.835937 11.96289 -0.2441406 -3.417969 13.42773 -0.2441406 -4.150391 11.71875 -0.2441406 -11.96289 6.835937 -0.2441406 -9.765625 9.765625 -0.2441406 -9.521485 8.056641 -0.2441406 -11.96289 6.835937 -0.2441406 -11.71875 4.150391 -0.2441406 -13.42773 3.417969 -0.2441406 -13.42773 3.417969 -0.2441406 -12.20703 2.197266 -0.2441406 -13.67187 0 -0.2441406 -13.42773 3.417969 -0.2441406 -11.71875 4.150391 -0.2441406 -12.20703 2.197266 -0.2441406 -9.521485 8.056641 -0.2441406 -9.765625 9.765625 -0.2441406 -8.056641 9.521485 -0.2441406 -8.056641 9.521485 -0.2441406 -9.765625 9.765625 -0.2441406 -6.835937 11.96289 -0.2441406 -4.150391 11.71875 -0.2441406 -3.417969 13.42773 -0.2441406 -1.953125 12.20703 -0.2441406 -3.417969 13.42773 -0.2441406 0 13.67187 -0.2441406 -1.953125 12.20703 -0.2441406 0 13.67187 -5.859375 -2.685547 12.20703 -5.859375 0 12.45117 -5.859375 -6.835937 11.96289 -5.859375 -6.103516 10.74219 -5.859375 -4.150391 11.71875 -5.859375 -6.835937 11.96289 -5.859375 -8.056641 9.521485 -5.859375 -6.103516 10.74219 -5.859375 -11.96289 6.835937 -5.859375 -10.74219 6.103516 -5.859375 -9.521485 8.056641 -5.859375 -11.96289 6.835937 -5.859375 -11.71875 4.150391 -5.859375 -10.74219 6.103516 -5.859375 -13.67187 0 -5.859375 -12.45117 0 -5.859375 -12.20703 1.953125 -5.859375 -6.835937 11.96289 -5.859375 -4.150391 11.71875 -5.859375 -3.417969 13.42773 -5.859375 -11.96289 6.835937 -5.859375 -9.521485 8.056641 -5.859375 -9.765625 9.765625 -5.859375 -11.96289 6.835937 -5.859375 -13.42773 3.417969 -5.859375 -11.71875 4.150391 -5.859375 -13.42773 3.417969 -5.859375 -13.67187 0 -5.859375 -12.20703 1.953125 -5.859375 -13.42773 3.417969 -5.859375 -12.20703 1.953125 -5.859375 -11.71875 4.150391 -5.859375 -9.521485 8.056641 -5.859375 -8.056641 9.521485 -5.859375 -9.765625 9.765625 -5.859375 -8.056641 9.521485 -5.859375 -6.835937 11.96289 -5.859375 -9.765625 9.765625 -5.859375 -4.150391 11.71875 -5.859375 -2.685547 12.20703 -5.859375 -3.417969 13.42773 -5.859375 -3.417969 13.42773 -5.859375 -2.685547 12.20703 -5.859375 0 13.67187 -5.859375 0 -13.67187 -0.2441406 0 -12.45117 -0.2441406 1.953125 -12.20703 -0.2441406 6.835937 -11.96289 -0.2441406 4.150391 -11.71875 -0.2441406 6.103516 -10.74219 -0.2441406 6.835937 -11.96289 -0.2441406 6.103516 -10.74219 -0.2441406 8.056641 -9.521485 -0.2441406 11.96289 -6.835937 -0.2441406 9.521485 -8.056641 -0.2441406 10.74219 -6.103516 -0.2441406 11.96289 -6.835937 -0.2441406 10.74219 -6.103516 -0.2441406 11.71875 -4.150391 -0.2441406 13.67187 0 -0.2441406 12.20703 -2.197266 -0.2441406 12.45117 0 -0.2441406 6.835937 -11.96289 -0.2441406 3.417969 -13.42773 -0.2441406 4.150391 -11.71875 -0.2441406 11.96289 -6.835937 -0.2441406 9.765625 -9.765625 -0.2441406 9.521485 -8.056641 -0.2441406 11.96289 -6.835937 -0.2441406 11.71875 -4.150391 -0.2441406 13.42773 -3.417969 -0.2441406 13.42773 -3.417969 -0.2441406 12.20703 -2.197266 -0.2441406 13.67187 0 -0.2441406 13.42773 -3.417969 -0.2441406 11.71875 -4.150391 -0.2441406 12.20703 -2.197266 -0.2441406 9.521485 -8.056641 -0.2441406 9.765625 -9.765625 -0.2441406 8.056641 -9.521485 -0.2441406 8.056641 -9.521485 -0.2441406 9.765625 -9.765625 -0.2441406 6.835937 -11.96289 -0.2441406 4.150391 -11.71875 -0.2441406 3.417969 -13.42773 -0.2441406 1.953125 -12.20703 -0.2441406 3.417969 -13.42773 -0.2441406 0 -13.67187 -0.2441406 1.953125 -12.20703 -0.2441406 0 -13.67187 -5.859375 2.685547 -12.20703 -5.859375 0 -12.45117 -5.859375 6.835937 -11.96289 -5.859375 6.103516 -10.74219 -5.859375 4.150391 -11.71875 -5.859375 6.835937 -11.96289 -5.859375 8.056641 -9.521485 -5.859375 6.103516 -10.74219 -5.859375 11.96289 -6.835937 -5.859375 10.74219 -6.103516 -5.859375 9.521485 -8.056641 -5.859375 11.96289 -6.835937 -5.859375 11.71875 -4.150391 -5.859375 10.74219 -6.103516 -5.859375 13.67187 0 -5.859375 12.45117 0 -5.859375 12.20703 -1.953125 -5.859375 6.835937 -11.96289 -5.859375 4.150391 -11.71875 -5.859375 3.417969 -13.42773 -5.859375 11.96289 -6.835937 -5.859375 9.521485 -8.056641 -5.859375 9.765625 -9.765625 -5.859375 11.96289 -6.835937 -5.859375 13.42773 -3.417969 -5.859375 11.71875 -4.150391 -5.859375 13.42773 -3.417969 -5.859375 13.67187 0 -5.859375 12.20703 -1.953125 -5.859375 13.42773 -3.417969 -5.859375 12.20703 -1.953125 -5.859375 11.71875 -4.150391 -5.859375 9.521485 -8.056641 -5.859375 8.056641 -9.521485 -5.859375 9.765625 -9.765625 -5.859375 8.056641 -9.521485 -5.859375 6.835937 -11.96289 -5.859375 9.765625 -9.765625 -5.859375 4.150391 -11.71875 -5.859375 2.685547 -12.20703 -5.859375 3.417969 -13.42773 -5.859375 3.417969 -13.42773 -5.859375 2.685547 -12.20703 -5.859375 0 -13.67187 -5.859375 0 13.67187 -0.2441406 1.953125 12.20703 -0.2441406 0 12.45117 -0.2441406 6.835937 11.96289 -0.2441406 6.103516 10.74219 -0.2441406 4.150391 11.71875 -0.2441406 6.835937 11.96289 -0.2441406 8.056641 9.521485 -0.2441406 6.103516 10.74219 -0.2441406 11.96289 6.835937 -0.2441406 10.74219 6.103516 -0.2441406 9.521485 8.056641 -0.2441406 11.96289 6.835937 -0.2441406 11.71875 4.150391 -0.2441406 10.74219 6.103516 -0.2441406 13.67187 0 -0.2441406 12.45117 0 -0.2441406 12.20703 2.197266 -0.2441406 6.835937 11.96289 -0.2441406 4.150391 11.71875 -0.2441406 3.417969 13.42773 -0.2441406 11.96289 6.835937 -0.2441406 9.521485 8.056641 -0.2441406 9.765625 9.765625 -0.2441406 11.96289 6.835937 -0.2441406 13.42773 3.417969 -0.2441406 11.71875 4.150391 -0.2441406 13.42773 3.417969 -0.2441406 13.67187 0 -0.2441406 12.20703 2.197266 -0.2441406 13.42773 3.417969 -0.2441406 12.20703 2.197266 -0.2441406 11.71875 4.150391 -0.2441406 9.521485 8.056641 -0.2441406 8.056641 9.521485 -0.2441406 9.765625 9.765625 -0.2441406 8.056641 9.521485 -0.2441406 6.835937 11.96289 -0.2441406 9.765625 9.765625 -0.2441406 4.150391 11.71875 -0.2441406 1.953125 12.20703 -0.2441406 3.417969 13.42773 -0.2441406 3.417969 13.42773 -0.2441406 1.953125 12.20703 -0.2441406 0 13.67187 -0.2441406 0 13.67187 -5.859375 0 12.45117 -5.859375 2.685547 12.20703 -5.859375 6.835937 11.96289 -5.859375 4.150391 11.71875 -5.859375 6.103516 10.74219 -5.859375 6.835937 11.96289 -5.859375 6.103516 10.74219 -5.859375 8.056641 9.521485 -5.859375 11.96289 6.835937 -5.859375 9.521485 8.056641 -5.859375 10.74219 6.103516 -5.859375 11.96289 6.835937 -5.859375 10.74219 6.103516 -5.859375 11.71875 4.150391 -5.859375 13.67187 0 -5.859375 12.20703 1.953125 -5.859375 12.45117 0 -5.859375 6.835937 11.96289 -5.859375 3.417969 13.42773 -5.859375 4.150391 11.71875 -5.859375 11.96289 6.835937 -5.859375 9.765625 9.765625 -5.859375 9.521485 8.056641 -5.859375 11.96289 6.835937 -5.859375 11.71875 4.150391 -5.859375 13.42773 3.417969 -5.859375 13.42773 3.417969 -5.859375 12.20703 1.953125 -5.859375 13.67187 0 -5.859375 13.42773 3.417969 -5.859375 11.71875 4.150391 -5.859375 12.20703 1.953125 -5.859375 9.521485 8.056641 -5.859375 9.765625 9.765625 -5.859375 8.056641 9.521485 -5.859375 8.056641 9.521485 -5.859375 9.765625 9.765625 -5.859375 6.835937 11.96289 -5.859375 4.150391 11.71875 -5.859375 3.417969 13.42773 -5.859375 2.685547 12.20703 -5.859375 3.417969 13.42773 -5.859375 0 13.67187 -5.859375 2.685547 12.20703 -5.859375 0 -13.67187 -0.2441406 -1.953125 -12.20703 -0.2441406 0 -12.45117 -0.2441406 -6.835937 -11.96289 -0.2441406 -6.103516 -10.74219 -0.2441406 -4.150391 -11.71875 -0.2441406 -6.835937 -11.96289 -0.2441406 -8.056641 -9.521485 -0.2441406 -6.103516 -10.74219 -0.2441406 -11.96289 -6.835937 -0.2441406 -10.74219 -6.103516 -0.2441406 -9.521485 -8.056641 -0.2441406 -11.96289 -6.835937 -0.2441406 -11.71875 -4.150391 -0.2441406 -10.74219 -6.103516 -0.2441406 -13.67187 0 -0.2441406 -12.45117 0 -0.2441406 -12.20703 -2.197266 -0.2441406 -6.835937 -11.96289 -0.2441406 -4.150391 -11.71875 -0.2441406 -3.417969 -13.42773 -0.2441406 -11.96289 -6.835937 -0.2441406 -9.521485 -8.056641 -0.2441406 -9.765625 -9.765625 -0.2441406 -11.96289 -6.835937 -0.2441406 -13.42773 -3.417969 -0.2441406 -11.71875 -4.150391 -0.2441406 -13.42773 -3.417969 -0.2441406 -13.67187 0 -0.2441406 -12.20703 -2.197266 -0.2441406 -13.42773 -3.417969 -0.2441406 -12.20703 -2.197266 -0.2441406 -11.71875 -4.150391 -0.2441406 -9.521485 -8.056641 -0.2441406 -8.056641 -9.521485 -0.2441406 -9.765625 -9.765625 -0.2441406 -8.056641 -9.521485 -0.2441406 -6.835937 -11.96289 -0.2441406 -9.765625 -9.765625 -0.2441406 -4.150391 -11.71875 -0.2441406 -1.953125 -12.20703 -0.2441406 -3.417969 -13.42773 -0.2441406 -3.417969 -13.42773 -0.2441406 -1.953125 -12.20703 -0.2441406 0 -13.67187 -0.2441406 0 -13.67187 -5.859375 0 -12.45117 -5.859375 -2.685547 -12.20703 -5.859375 -6.835937 -11.96289 -5.859375 -4.150391 -11.71875 -5.859375 -6.103516 -10.74219 -5.859375 -6.835937 -11.96289 -5.859375 -6.103516 -10.74219 -5.859375 -8.056641 -9.521485 -5.859375 -11.96289 -6.835937 -5.859375 -9.521485 -8.056641 -5.859375 -10.74219 -6.103516 -5.859375 -11.96289 -6.835937 -5.859375 -10.74219 -6.103516 -5.859375 -11.71875 -4.150391 -5.859375 -13.67187 0 -5.859375 -12.20703 -1.953125 -5.859375 -12.45117 0 -5.859375 -6.835937 -11.96289 -5.859375 -3.417969 -13.42773 -5.859375 -4.150391 -11.71875 -5.859375 -11.96289 -6.835937 -5.859375 -9.765625 -9.765625 -5.859375 -9.521485 -8.056641 -5.859375 -11.96289 -6.835937 -5.859375 -11.71875 -4.150391 -5.859375 -13.42773 -3.417969 -5.859375 -13.42773 -3.417969 -5.859375 -12.20703 -1.953125 -5.859375 -13.67187 0 -5.859375 -13.42773 -3.417969 -5.859375 -11.71875 -4.150391 -5.859375 -12.20703 -1.953125 -5.859375 -8.056641 -9.521485 -5.859375 -9.765625 -9.765625 -5.859375 -6.835937 -11.96289 -5.859375 -4.150391 -11.71875 -5.859375 -3.417969 -13.42773 -5.859375 -2.685547 -12.20703 -5.859375 -3.417969 -13.42773 -5.859375 0 -13.67187 -5.859375 -2.685547 -12.20703 -5.859375 0 8.789063 -5.615234 -2.441406 10.98633 -5.615234 0 11.47461 -5.615234 -5.859375 5.126953 -5.615234 -7.324219 8.789063 -5.615234 -5.615234 9.765625 -5.615234 -7.324219 2.929687 -5.615234 -11.71875 4.150391 -5.615234 -9.521485 4.150391 -5.615234 -7.324219 2.929687 -5.615234 -7.324219 -2.929687 -5.615234 -12.45117 0 -5.615234 -9.521485 8.056641 -5.615234 -9.277344 7.324219 -5.615234 -10.74219 6.103516 -5.615234 0 8.789063 -5.859375 0 11.47461 -5.859375 -2.441406 10.98633 -5.859375 -5.859375 5.126953 -5.859375 -5.615234 9.765625 -5.859375 -7.324219 8.789063 -5.859375 -7.324219 2.929687 -5.859375 -9.521485 4.150391 -5.859375 -11.71875 4.150391 -5.859375 -9.521485 8.056641 -5.859375 -10.74219 6.103516 -5.859375 -9.277344 7.324219 -5.859375 -7.324219 8.789063 -5.615234 -5.859375 5.126953 -5.615234 -8.300782 6.591797 -5.615234 -5.859375 5.126953 -5.859375 -7.324219 8.789063 -5.859375 -8.300782 6.591797 -5.859375 -7.324219 8.789063 -5.615234 -8.300782 6.591797 -5.615234 -8.789063 7.324219 -5.615234 -8.300782 6.591797 -5.859375 -7.324219 8.789063 -5.859375 -8.789063 7.324219 -5.859375 -9.277344 6.347656 -5.615234 -10.00977 5.126953 -5.615234 -10.74219 6.103516 -5.615234 -10.74219 6.103516 -5.859375 -10.00977 5.126953 -5.859375 -9.277344 6.347656 -5.859375 0 8.789063 -5.615234 -3.90625 10.74219 -5.615234 -2.441406 10.98633 -5.615234 -2.441406 10.98633 -5.859375 -3.90625 10.74219 -5.859375 0 8.789063 -5.859375 0 -8.789063 -5.615234 2.441406 -10.98633 -5.615234 0 -11.47461 -5.615234 5.859375 -5.126953 -5.615234 7.324219 -8.789063 -5.615234 5.615234 -9.765625 -5.615234 7.324219 -2.929687 -5.615234 11.71875 -4.150391 -5.615234 9.521485 -4.150391 -5.615234 9.521485 -8.056641 -5.615234 9.277344 -7.324219 -5.615234 10.74219 -6.103516 -5.615234 0 -8.789063 -5.859375 0 -11.47461 -5.859375 2.441406 -10.98633 -5.859375 5.859375 -5.126953 -5.859375 5.615234 -9.765625 -5.859375 7.324219 -8.789063 -5.859375 7.324219 -2.929687 -5.859375 9.521485 -4.150391 -5.859375 11.71875 -4.150391 -5.859375 9.521485 -8.056641 -5.859375 10.74219 -6.103516 -5.859375 9.277344 -7.324219 -5.859375 7.324219 -8.789063 -5.615234 5.859375 -5.126953 -5.615234 8.300782 -6.591797 -5.615234 5.859375 -5.126953 -5.859375 7.324219 -8.789063 -5.859375 8.300782 -6.591797 -5.859375 7.324219 -8.789063 -5.615234 8.300782 -6.591797 -5.615234 8.789063 -7.324219 -5.615234 8.300782 -6.591797 -5.859375 7.324219 -8.789063 -5.859375 8.789063 -7.324219 -5.859375 9.277344 -6.347656 -5.615234 10.00977 -5.126953 -5.615234 10.74219 -6.103516 -5.615234 10.74219 -6.103516 -5.859375 10.00977 -5.126953 -5.859375 9.277344 -6.347656 -5.859375 0 -8.789063 -5.615234 3.90625 -10.74219 -5.615234 2.441406 -10.98633 -5.615234 2.441406 -10.98633 -5.859375 3.90625 -10.74219 -5.859375 0 -8.789063 -5.859375 0 8.789063 -5.615234 0 11.47461 -5.615234 2.441406 10.98633 -5.615234 5.859375 5.126953 -5.615234 5.615234 9.765625 -5.615234 7.324219 8.789063 -5.615234 7.324219 2.929687 -5.615234 9.521485 4.150391 -5.615234 11.71875 4.150391 -5.615234 9.521485 8.056641 -5.615234 10.74219 6.103516 -5.615234 9.277344 7.324219 -5.615234 0 8.789063 -5.859375 2.441406 10.98633 -5.859375 0 11.47461 -5.859375 5.859375 5.126953 -5.859375 7.324219 8.789063 -5.859375 5.615234 9.765625 -5.859375 7.324219 2.929687 -5.859375 11.71875 4.150391 -5.859375 9.521485 4.150391 -5.859375 7.324219 2.929687 -5.859375 7.324219 -2.929687 -5.859375 12.45117 0 -5.859375 9.521485 8.056641 -5.859375 9.277344 7.324219 -5.859375 10.74219 6.103516 -5.859375 7.324219 8.789063 -5.615234 8.300782 6.591797 -5.615234 5.859375 5.126953 -5.615234 5.859375 5.126953 -5.859375 8.300782 6.591797 -5.859375 7.324219 8.789063 -5.859375 7.324219 8.789063 -5.615234 8.789063 7.324219 -5.615234 8.300782 6.591797 -5.615234 8.300782 6.591797 -5.859375 8.789063 7.324219 -5.859375 7.324219 8.789063 -5.859375 9.277344 6.347656 -5.615234 10.74219 6.103516 -5.615234 10.00977 5.126953 -5.615234 10.74219 6.103516 -5.859375 9.277344 6.347656 -5.859375 10.00977 5.126953 -5.859375 0 8.789063 -5.615234 2.441406 10.98633 -5.615234 3.90625 10.74219 -5.615234 2.441406 10.98633 -5.859375 0 8.789063 -5.859375 3.90625 10.74219 -5.859375 0 -8.789063 -5.615234 0 -11.47461 -5.615234 -2.441406 -10.98633 -5.615234 -5.859375 -5.126953 -5.615234 -5.615234 -9.765625 -5.615234 -7.324219 -8.789063 -5.615234 -7.324219 -2.929687 -5.615234 -9.521485 -4.150391 -5.615234 -11.71875 -4.150391 -5.615234 -9.521485 -8.056641 -5.615234 -10.74219 -6.103516 -5.615234 -9.277344 -7.324219 -5.615234 0 -8.789063 -5.859375 -2.441406 -10.98633 -5.859375 0 -11.47461 -5.859375 -5.859375 -5.126953 -5.859375 -7.324219 -8.789063 -5.859375 -5.615234 -9.765625 -5.859375 -7.324219 -2.929687 -5.859375 -11.71875 -4.150391 -5.859375 -9.521485 -4.150391 -5.859375 -9.521485 -8.056641 -5.859375 -9.277344 -7.324219 -5.859375 -10.74219 -6.103516 -5.859375 -7.324219 -8.789063 -5.615234 -8.300782 -6.591797 -5.615234 -5.859375 -5.126953 -5.615234 -5.859375 -5.126953 -5.859375 -8.300782 -6.591797 -5.859375 -7.324219 -8.789063 -5.859375 -7.324219 -8.789063 -5.615234 -8.789063 -7.324219 -5.615234 -8.300782 -6.591797 -5.615234 -8.300782 -6.591797 -5.859375 -8.789063 -7.324219 -5.859375 -7.324219 -8.789063 -5.859375 -9.277344 -6.347656 -5.615234 -10.74219 -6.103516 -5.615234 -10.00977 -5.126953 -5.615234 -10.74219 -6.103516 -5.859375 -9.277344 -6.347656 -5.859375 -10.00977 -5.126953 -5.859375 0 -8.789063 -5.615234 -2.441406 -10.98633 -5.615234 -3.90625 -10.74219 -5.615234 -2.441406 -10.98633 -5.859375 0 -8.789063 -5.859375 -3.90625 -10.74219 -5.859375 -7.324219 2.929687 -5.859375 -12.45117 0 -5.859375 -7.324219 -2.929687 -5.859375 7.324219 2.929687 -5.615234 12.45117 0 -5.615234 7.324219 -2.929687 -5.615234 -9.521485 -8.056641 -5.859375 -9.765625 -9.765625 -5.859375 -8.056641 -9.521485 -5.859375 -1.953125 7.324219 0 -1.953125 5.371094 0 -1.953125 7.568359 -0.2441406 -1.953125 7.568359 -2.441406 -1.953125 12.20703 -0.2441406 -1.953125 7.568359 -0.2441406 1.953125 -7.324219 0 1.953125 -5.371094 0 1.953125 -7.568359 -0.2441406 1.953125 -7.568359 -2.441406 1.953125 -12.20703 -0.2441406 1.953125 -7.568359 -0.2441406 1.953125 7.324219 0 1.953125 7.568359 -0.2441406 1.953125 5.371094 0 1.953125 7.568359 -2.441406 1.953125 7.568359 -0.2441406 1.953125 12.20703 -0.2441406 -1.953125 -7.324219 0 -1.953125 -7.568359 -0.2441406 -1.953125 -5.371094 0 -1.953125 -7.568359 -2.441406 -1.953125 -7.568359 -0.2441406 -1.953125 -12.20703 -0.2441406 -8.789063 7.324219 -5.615234 -8.300782 6.591797 -5.615234 -9.277344 6.347656 -5.615234 -9.277344 7.324219 -5.615234 -8.789063 7.324219 -5.615234 -9.277344 6.347656 -5.615234 -9.277344 7.324219 -5.615234 -9.277344 6.347656 -5.615234 -10.74219 6.103516 -5.615234 -8.789063 7.324219 -5.859375 -9.277344 6.347656 -5.859375 -8.300782 6.591797 -5.859375 -9.277344 7.324219 -5.859375 -10.74219 6.103516 -5.859375 -9.277344 6.347656 -5.859375 -9.277344 7.324219 -5.859375 -9.277344 6.347656 -5.859375 -8.789063 7.324219 -5.859375 9.277344 -6.347656 -5.615234 8.789063 -7.324219 -5.615234 8.300782 -6.591797 -5.615234 9.277344 -6.347656 -5.615234 9.277344 -7.324219 -5.615234 8.789063 -7.324219 -5.615234 10.74219 -6.103516 -5.615234 9.277344 -7.324219 -5.615234 9.277344 -6.347656 -5.615234 9.277344 -6.347656 -5.859375 8.300782 -6.591797 -5.859375 8.789063 -7.324219 -5.859375 10.74219 -6.103516 -5.859375 9.277344 -6.347656 -5.859375 9.277344 -7.324219 -5.859375 9.277344 -6.347656 -5.859375 8.789063 -7.324219 -5.859375 9.277344 -7.324219 -5.859375 8.789063 7.324219 -5.615234 9.277344 6.347656 -5.615234 8.300782 6.591797 -5.615234 9.277344 7.324219 -5.615234 10.74219 6.103516 -5.615234 9.277344 6.347656 -5.615234 9.277344 7.324219 -5.615234 9.277344 6.347656 -5.615234 8.789063 7.324219 -5.615234 8.789063 7.324219 -5.859375 8.300782 6.591797 -5.859375 9.277344 6.347656 -5.859375 9.277344 7.324219 -5.859375 8.789063 7.324219 -5.859375 9.277344 6.347656 -5.859375 9.277344 7.324219 -5.859375 9.277344 6.347656 -5.859375 10.74219 6.103516 -5.859375 -9.277344 -6.347656 -5.615234 -8.300782 -6.591797 -5.615234 -8.789063 -7.324219 -5.615234 -10.74219 -6.103516 -5.615234 -9.277344 -6.347656 -5.615234 -9.277344 -7.324219 -5.615234 -9.277344 -6.347656 -5.615234 -8.789063 -7.324219 -5.615234 -9.277344 -7.324219 -5.615234 -9.277344 -6.347656 -5.859375 -8.789063 -7.324219 -5.859375 -8.300782 -6.591797 -5.859375 -9.277344 -6.347656 -5.859375 -9.277344 -7.324219 -5.859375 -8.789063 -7.324219 -5.859375 -10.74219 -6.103516 -5.859375 -9.277344 -7.324219 -5.859375 -9.277344 -6.347656 -5.859375 -9.521485 4.150391 -5.615234 -7.324219 2.929687 -5.615234 -9.521485 4.150391 -5.615234 -7.080078 2.929687 -5.615234 -7.324219 2.929687 -5.615234 -9.521485 4.150391 -5.615234 -7.080078 2.929687 -5.615234 -7.324219 2.929687 -5.615234 -7.324219 2.929687 -5.615234 -7.080078 2.929687 -5.615234 -7.324219 2.929687 -5.615234 -7.324219 2.929687 -5.615234 -7.080078 2.929687 -5.615234 -7.324219 2.929687 -5.615234 -7.324219 2.929687 -5.615234 -7.080078 2.929687 -5.615234 -7.324219 2.929687 -5.615234 -7.080078 2.929687 -5.615234 -9.521485 4.150391 -5.859375 -7.080078 2.929687 -5.859375 -9.521485 4.150391 -5.615234 -7.080078 2.929687 -5.859375 -7.080078 2.929687 -5.615234 -9.521485 4.150391 -5.615234 -7.080078 2.929687 -5.859375 -7.080078 2.929687 -5.615234 -7.080078 2.929687 -5.615234 7.324219 -2.929687 -5.615234 9.521485 -4.150391 -5.615234 9.521485 -4.150391 -5.615234 7.080078 -2.929687 -5.615234 7.324219 -2.929687 -5.615234 9.521485 -4.150391 -5.615234 7.080078 -2.929687 -5.615234 7.324219 -2.929687 -5.615234 7.324219 -2.929687 -5.615234 7.080078 -2.929687 -5.615234 7.324219 -2.929687 -5.615234 7.324219 -2.929687 -5.615234 7.080078 -2.929687 -5.615234 7.324219 -2.929687 -5.615234 7.324219 -2.929687 -5.615234 7.080078 -2.929687 -5.615234 7.324219 -2.929687 -5.615234 7.080078 -2.929687 -5.615234 9.521485 -4.150391 -5.859375 7.080078 -2.929687 -5.859375 9.521485 -4.150391 -5.615234 7.080078 -2.929687 -5.859375 7.080078 -2.929687 -5.615234 9.521485 -4.150391 -5.615234 7.080078 -2.929687 -5.859375 7.080078 -2.929687 -5.615234 7.080078 -2.929687 -5.615234 -9.277344 14.64844 -0.2441406 -9.765625 15.625 -1.220703 -8.789063 15.86914 -0.7324219 -8.789063 15.86914 -0.7324219 -8.300782 16.11328 -0.7324219 -8.056641 15.38086 0 -8.300782 16.11328 -0.7324219 -8.056641 15.86914 -0.2441406 -8.056641 15.38086 0 -9.765625 15.625 -1.220703 -10.00977 15.86914 -1.953125 -9.033204 16.60156 -1.708984 -10.00977 15.86914 -1.953125 -10.00977 15.86914 -5.859375 -9.033204 16.60156 -5.859375 -17.33399 -0.7324219 -0.2441406 -18.31055 -0.7324219 -1.220703 -18.31055 0.2441406 -0.7324219 -18.31055 0.2441406 -0.7324219 -18.06641 0.4882813 -0.7324219 -17.33399 0.4882813 0 -18.06641 0.4882813 -0.7324219 -17.82227 0.7324219 -0.2441406 -17.33399 0.4882813 0 -18.31055 -0.7324219 -1.220703 -18.79883 -0.7324219 -1.953125 -18.79883 0.2441406 -1.708984 -18.79883 -0.7324219 -1.953125 -18.79883 -0.7324219 -5.859375 -18.79883 0.2441406 -5.859375 -7.8125 -15.38086 -0.2441406 -8.544922 -16.35742 -1.220703 -9.277344 -15.625 -0.7324219 -9.277344 -15.625 -0.7324219 -9.521485 -15.38086 -0.7324219 -9.277344 -14.64844 0 -9.521485 -15.38086 -0.7324219 -9.521485 -14.89258 -0.2441406 -9.277344 -14.64844 0 -8.544922 -16.35742 -1.220703 -8.789063 -16.60156 -1.953125 -9.765625 -16.11328 -1.708984 -8.789063 -16.60156 -1.953125 -8.789063 -16.60156 -5.859375 -9.765625 -16.11328 -5.859375 9.277344 -14.64844 -0.2441406 9.765625 -15.625 -1.220703 8.789063 -15.86914 -0.7324219 8.789063 -15.86914 -0.7324219 8.300782 -16.11328 -0.7324219 8.056641 -15.38086 0 8.300782 -16.11328 -0.7324219 8.056641 -15.86914 -0.2441406 8.056641 -15.38086 0 9.765625 -15.625 -1.220703 10.00977 -15.86914 -1.953125 9.033204 -16.60156 -1.708984 10.00977 -15.86914 -1.953125 10.00977 -15.86914 -5.859375 9.033204 -16.60156 -5.859375 17.33399 0.7324219 -0.2441406 18.31055 0.7324219 -1.220703 18.31055 -0.2441406 -0.7324219 18.31055 -0.2441406 -0.7324219 18.06641 -0.4882813 -0.7324219 17.33399 -0.4882813 0 18.06641 -0.4882813 -0.7324219 17.82227 -0.7324219 -0.2441406 17.33399 -0.4882813 0 18.31055 0.7324219 -1.220703 18.79883 0.7324219 -1.953125 18.79883 -0.2441406 -1.708984 18.79883 0.7324219 -1.953125 18.79883 0.7324219 -5.859375 18.79883 -0.2441406 -5.859375 7.8125 15.38086 -0.2441406 8.544922 16.35742 -1.220703 9.277344 15.625 -0.7324219 9.277344 15.625 -0.7324219 9.521485 15.38086 -0.7324219 9.277344 14.64844 0 9.521485 15.38086 -0.7324219 9.521485 14.89258 -0.2441406 9.277344 14.64844 0 8.544922 16.35742 -1.220703 8.789063 16.60156 -1.953125 9.765625 16.11328 -1.708984 8.789063 16.60156 -1.953125 8.789063 16.60156 -5.859375 9.765625 16.11328 -5.859375 -9.277344 14.64844 -0.2441406 -8.789063 15.86914 -0.7324219 -8.300782 15.13672 0 -8.789063 15.86914 -0.7324219 -8.056641 15.38086 0 -8.300782 15.13672 0 -9.765625 15.625 -1.220703 -9.033204 16.60156 -1.708984 -8.789063 15.86914 -0.7324219 -10.00977 15.86914 -1.953125 -9.033204 16.60156 -5.859375 -9.033204 16.60156 -1.708984 -17.33399 -0.7324219 -0.2441406 -18.31055 0.2441406 -0.7324219 -17.33399 0.2441406 0 -18.31055 0.2441406 -0.7324219 -17.33399 0.4882813 0 -17.33399 0.2441406 0 -18.31055 -0.7324219 -1.220703 -18.79883 0.2441406 -1.708984 -18.31055 0.2441406 -0.7324219 -18.79883 -0.7324219 -1.953125 -18.79883 0.2441406 -5.859375 -18.79883 0.2441406 -1.708984 -7.8125 -15.38086 -0.2441406 -9.277344 -15.625 -0.7324219 -8.789063 -14.64844 0 -9.277344 -15.625 -0.7324219 -9.277344 -14.64844 0 -8.789063 -14.64844 0 -8.544922 -16.35742 -1.220703 -9.765625 -16.11328 -1.708984 -9.277344 -15.625 -0.7324219 -8.789063 -16.60156 -1.953125 -9.765625 -16.11328 -5.859375 -9.765625 -16.11328 -1.708984 9.277344 -14.64844 -0.2441406 8.789063 -15.86914 -0.7324219 8.300782 -15.13672 0 8.789063 -15.86914 -0.7324219 8.056641 -15.38086 0 8.300782 -15.13672 0 9.765625 -15.625 -1.220703 9.033204 -16.60156 -1.708984 8.789063 -15.86914 -0.7324219 10.00977 -15.86914 -1.953125 9.033204 -16.60156 -5.859375 9.033204 -16.60156 -1.708984 17.33399 0.7324219 -0.2441406 18.31055 -0.2441406 -0.7324219 17.33399 -0.2441406 0 18.31055 -0.2441406 -0.7324219 17.33399 -0.4882813 0 17.33399 -0.2441406 0 18.31055 0.7324219 -1.220703 18.79883 -0.2441406 -1.708984 18.31055 -0.2441406 -0.7324219 18.79883 0.7324219 -1.953125 18.79883 -0.2441406 -5.859375 18.79883 -0.2441406 -1.708984 7.8125 15.38086 -0.2441406 9.277344 15.625 -0.7324219 8.789063 14.64844 0 9.277344 15.625 -0.7324219 9.277344 14.64844 0 8.789063 14.64844 0 8.544922 16.35742 -1.220703 9.765625 16.11328 -1.708984 9.277344 15.625 -0.7324219 8.789063 16.60156 -1.953125 9.765625 16.11328 -5.859375 9.765625 16.11328 -1.708984 9.033204 -9.277344 -5.859375 10.25391 -10.74219 -5.859375 11.47461 -6.835937 -5.859375 12.69531 -8.789063 -5.859375 0 0 0 12.69531 -8.789063 -5.859375 10.25391 -10.74219 -5.859375 13.42773 -10.98633 -5.859375 11.96289 -11.71875 -5.859375 13.42773 -10.98633 -5.859375 11.96289 -11.71875 -5.859375 13.42773 -12.20703 -5.859375 12.69531 -12.93945 -5.859375 13.42773 -12.20703 -5.859375 14.16016 -12.69531 -5.859375 13.42773 -10.98633 -5.859375 15.13672 -10.49805 -5.859375 13.42773 -10.98633 -5.859375 15.13672 -10.49805 -5.859375 12.69531 -8.789063 -5.859375 15.13672 -8.056641 -5.859375 11.47461 -6.835937 -5.859375 12.69531 -8.789063 -5.859375 14.64844 -6.103516 -5.859375 15.13672 -8.056641 -5.859375 11.47461 -6.835937 -5.859375 10.74219 -6.103516 -5.859375 9.033204 -9.277344 -5.859375 8.544922 -8.544922 -5.859375 12.93945 -3.173828 -5.859375 11.96289 -3.173828 -5.859375 11.47461 -6.835937 -5.859375 10.74219 -6.103516 -5.859375 6.103516 -10.74219 -5.859375 3.173828 -11.96289 -5.859375 6.591797 -11.23047 -5.859375 3.417969 -12.69531 -5.859375 2.685547 -17.57813 -5.859375 1.953125 -17.82227 -5.859375 2.929687 -19.04297 -5.859375 1.953125 -18.79883 -5.859375 6.591797 -11.23047 -5.859375 3.417969 -12.69531 -5.859375 6.591797 -12.69531 -5.859375 3.417969 -14.16016 -5.859375 6.591797 -11.23047 -5.859375 9.033204 -9.277344 -5.859375 6.103516 -10.74219 -5.859375 8.544922 -8.544922 -5.859375 6.591797 -12.69531 -5.859375 10.25391 -10.74219 -5.859375 6.591797 -11.23047 -5.859375 9.033204 -9.277344 -5.859375 12.93945 -3.173828 -5.859375 14.64844 -6.103516 -5.859375 14.16016 -3.90625 -5.859375 15.13672 -5.371094 -5.859375 3.417969 -14.16016 -5.859375 2.929687 -15.86914 -5.859375 5.371094 -18.31055 -5.859375 3.173828 -16.35742 -5.859375 13.42773 -12.20703 -1.953125 13.42773 -10.98633 -1.220703 14.16016 -12.69531 -2.685547 15.13672 -10.49805 -2.685547 13.42773 -10.98633 -1.220703 12.69531 -8.789063 -0.4882813 15.13672 -10.49805 -2.685547 15.13672 -8.056641 -2.685547 11.47461 -6.835937 -0.2441406 14.64844 -6.103516 -2.685547 12.69531 -8.789063 -0.4882813 15.13672 -8.056641 -2.685547 9.033204 -9.277344 -2.685547 11.47461 -6.835937 -0.2441406 10.74219 -10.49805 -2.685547 12.69531 -8.789063 -0.4882813 12.69531 -8.789063 -0.4882813 13.42773 -10.98633 -1.220703 10.74219 -10.49805 -2.685547 11.96289 -11.71875 -2.685547 13.42773 -10.98633 -1.220703 13.42773 -12.20703 -1.953125 11.96289 -11.71875 -2.685547 12.69531 -12.93945 -2.685547 9.033204 -16.8457 -1.708984 7.324219 -17.57813 -1.220703 8.789063 -16.35742 -0.9765625 7.080078 -17.33399 -0.7324219 7.324219 -17.57813 -1.220703 5.371094 -18.31055 -0.7324219 7.080078 -17.33399 -0.7324219 5.371094 -18.31055 -0.4882813 3.173828 -16.35742 0.7324219 4.882812 -15.86914 0.7324219 3.173828 -16.8457 0.7324219 4.882812 -16.35742 0.7324219 4.882812 -15.86914 0.7324219 6.835937 -15.13672 0.7324219 4.882812 -16.35742 0.7324219 6.835937 -15.625 0.7324219 6.835937 -15.625 0.7324219 6.835937 -15.13672 0.7324219 8.300782 -14.4043 0.4882813 8.056641 -14.16016 0.4882813 4.882812 -15.625 0 6.835937 -14.89258 0 4.882812 -15.86914 0.7324219 6.835937 -15.13672 0.7324219 6.835937 -14.89258 0 8.056641 -14.16016 0 6.835937 -15.13672 0.7324219 8.056641 -14.16016 0.4882813 2.929687 -15.86914 0 4.882812 -15.625 0 3.173828 -16.35742 0.7324219 4.882812 -15.86914 0.7324219 2.685547 -17.57813 0.4882813 2.929687 -19.04297 -0.4882813 1.953125 -17.82227 0.2441406 1.953125 -18.79883 -0.4882813 7.080078 -17.33399 -0.7324219 5.371094 -18.31055 -0.4882813 6.835937 -15.625 0.7324219 4.882812 -16.35742 0.7324219 4.882812 -16.35742 0.7324219 2.929687 -19.04297 -0.4882813 3.173828 -16.8457 0.7324219 2.685547 -17.57813 0.4882813 8.056641 -15.86914 0 7.080078 -17.33399 -0.7324219 8.056641 -15.38086 0 6.835937 -15.625 0.7324219 8.300782 -15.13672 0.2441406 6.835937 -15.625 0.7324219 9.521485 -14.4043 0 8.300782 -14.4043 0.4882813 8.789063 -16.35742 -0.9765625 7.080078 -17.33399 -0.7324219 8.789063 -16.35742 -0.7324219 8.544922 -16.35742 -0.4882813 10.00977 -12.45117 0 10.98633 -15.13672 -1.464844 9.521485 -14.4043 0 10.00977 -15.625 -1.220703 11.47461 -6.835937 0 9.033204 -9.277344 0 10.74219 -6.103516 0 8.544922 -8.544922 0 12.93945 -3.173828 0 11.47461 -6.835937 0 11.96289 -3.173828 0 10.74219 -6.103516 0 6.103516 -10.74219 0 6.591797 -11.23047 0 3.173828 -11.96289 0 3.417969 -12.69531 0 6.591797 -11.23047 0 6.103516 -10.74219 0 9.033204 -9.277344 0 8.544922 -8.544922 0 10.00977 -15.86914 -5.859375 10.25391 -10.74219 -5.859375 9.033204 -16.60156 -5.859375 6.591797 -12.69531 -5.859375 10.00977 -15.86914 -5.859375 10.00977 -15.86914 -1.953125 10.25391 -16.11328 -5.859375 10.25391 -16.11328 -1.953125 10.00977 -15.625 -1.220703 10.25391 -16.11328 -1.953125 9.765625 -15.625 -1.220703 10.00977 -15.86914 -1.953125 9.765625 -15.625 -1.220703 9.277344 -14.64844 -0.2441406 10.00977 -15.625 -1.220703 9.521485 -14.4043 0 9.277344 -14.64844 -0.2441406 8.300782 -15.13672 0 9.521485 -14.4043 0 8.300782 -15.13672 0.2441406 8.789063 -15.86914 -0.7324219 8.789063 -16.35742 -0.7324219 8.300782 -16.11328 -0.7324219 8.544922 -16.35742 -0.4882813 8.056641 -15.38086 0 8.056641 -15.38086 0 8.300782 -15.13672 0 8.300782 -15.13672 0.2441406 8.056641 -15.86914 -0.2441406 8.056641 -15.86914 0 8.056641 -15.38086 0 8.056641 -15.38086 0 8.300782 -16.11328 -0.7324219 8.544922 -16.35742 -0.4882813 8.056641 -15.86914 -0.2441406 8.056641 -15.86914 0 9.033204 -16.60156 -5.859375 9.033204 -16.8457 -5.859375 9.033204 -16.60156 -1.708984 9.033204 -16.8457 -1.708984 9.033204 -16.8457 -1.708984 8.789063 -16.35742 -0.9765625 9.033204 -16.60156 -1.708984 8.789063 -15.86914 -0.7324219 11.47461 -14.4043 -1.464844 11.71875 -13.67187 -1.708984 11.71875 -14.64844 -2.197266 11.96289 -13.67187 -2.197266 10.98633 -15.13672 -1.464844 11.47461 -14.4043 -1.464844 11.23047 -15.625 -2.197266 11.71875 -14.64844 -2.197266 10.00977 -15.625 -1.220703 10.98633 -15.13672 -1.464844 10.25391 -16.11328 -1.953125 11.23047 -15.625 -2.197266 12.93945 -3.173828 -2.685547 14.16016 -3.90625 -2.685547 14.64844 -6.103516 -2.685547 15.13672 -5.371094 -2.685547 12.69531 -12.93945 -2.685547 12.69531 -12.93945 -5.859375 11.96289 -11.71875 -2.685547 11.96289 -11.71875 -5.859375 13.42773 -12.93945 -2.197266 13.42773 -12.93945 -5.859375 12.69531 -12.93945 -2.685547 12.69531 -12.93945 -5.859375 13.42773 -12.93945 -2.197266 14.16016 -12.69531 -2.685547 13.42773 -12.93945 -5.859375 14.16016 -12.69531 -5.859375 14.16016 -12.69531 -2.685547 15.13672 -10.49805 -2.685547 14.16016 -12.69531 -5.859375 15.13672 -10.49805 -5.859375 15.13672 -10.49805 -2.685547 15.13672 -8.056641 -2.685547 15.13672 -10.49805 -5.859375 15.13672 -8.056641 -5.859375 15.13672 -8.056641 -2.685547 14.64844 -6.103516 -2.685547 15.13672 -8.056641 -5.859375 14.64844 -6.103516 -5.859375 12.93945 -3.173828 0 11.96289 -3.173828 0 12.93945 -3.173828 -5.859375 11.96289 -3.173828 -5.859375 1.953125 -18.79883 -0.4882813 1.953125 -18.79883 -5.859375 1.953125 -17.82227 0.2441406 1.953125 -17.82227 -5.859375 2.929687 -19.04297 -0.4882813 2.929687 -19.04297 -5.859375 1.953125 -18.79883 -0.4882813 1.953125 -18.79883 -5.859375 11.47461 -12.20703 -2.685547 11.96289 -11.71875 -2.685547 11.47461 -12.20703 -5.859375 11.96289 -11.71875 -5.859375 5.371094 -18.31055 -0.7324219 5.371094 -18.31055 -5.859375 2.929687 -19.04297 -0.4882813 2.929687 -19.04297 -5.859375 9.033204 -16.8457 -1.708984 9.033204 -16.8457 -5.859375 7.324219 -17.57813 -1.220703 7.324219 -17.57813 -5.859375 7.324219 -17.57813 -1.220703 7.324219 -17.57813 -5.859375 5.371094 -18.31055 -0.7324219 5.371094 -18.31055 -5.859375 11.96289 -13.67187 -2.197266 11.47461 -12.20703 -1.708984 11.96289 -13.67187 -5.859375 11.47461 -12.20703 -5.859375 11.71875 -14.64844 -2.197266 11.96289 -13.67187 -2.197266 11.71875 -14.64844 -5.859375 11.96289 -13.67187 -5.859375 11.23047 -15.625 -2.197266 11.71875 -14.64844 -2.197266 11.23047 -15.625 -5.859375 11.71875 -14.64844 -5.859375 10.25391 -16.11328 -1.953125 11.23047 -15.625 -2.197266 10.25391 -16.11328 -5.859375 11.23047 -15.625 -5.859375 15.13672 -5.371094 -2.685547 14.16016 -3.90625 -2.685547 15.13672 -5.371094 -5.859375 14.16016 -3.90625 -5.859375 14.16016 -3.90625 -2.685547 12.93945 -3.173828 -2.685547 14.16016 -3.90625 -5.859375 12.93945 -3.173828 -5.859375 9.033204 -9.277344 -2.685547 9.033204 -9.277344 0 11.47461 -6.835937 -0.2441406 11.47461 -6.835937 0 11.47461 -6.835937 -0.2441406 11.47461 -6.835937 0 12.93945 -3.173828 -2.685547 12.93945 -3.173828 0 3.417969 -12.69531 -5.859375 3.417969 -12.69531 -2.685547 3.417969 -14.16016 -5.859375 3.417969 -14.16016 -2.685547 3.417969 -12.69531 0 3.417969 -14.16016 0 3.417969 -12.69531 -2.685547 3.417969 -14.16016 -2.685547 3.417969 -14.16016 -5.859375 3.417969 -14.16016 -2.685547 2.929687 -15.86914 -5.859375 2.929687 -15.86914 -2.685547 3.417969 -14.16016 0 2.929687 -15.86914 0 3.417969 -14.16016 -2.685547 2.929687 -15.86914 -2.685547 14.64844 -6.103516 -2.685547 15.13672 -5.371094 -2.685547 14.64844 -6.103516 -5.859375 15.13672 -5.371094 -5.859375 3.173828 -16.8457 0.7324219 3.173828 -16.8457 -5.859375 3.173828 -16.35742 0.7324219 3.173828 -16.35742 -5.859375 2.685547 -17.57813 0.4882813 1.953125 -17.82227 0.2441406 2.685547 -17.57813 -5.859375 1.953125 -17.82227 -5.859375 2.685547 -17.57813 0.4882813 2.685547 -17.57813 -5.859375 3.173828 -16.8457 0.7324219 3.173828 -16.8457 -5.859375 3.173828 -16.35742 -5.859375 2.929687 -15.86914 -2.685547 3.173828 -16.35742 0.7324219 2.929687 -15.86914 0 11.47461 -12.20703 -2.685547 10.00977 -12.45117 -2.685547 10.74219 -10.49805 -2.685547 9.765625 -10.98633 -2.685547 6.591797 -11.23047 0 6.591797 -12.69531 0 3.417969 -12.69531 0 3.417969 -14.16016 0 6.591797 -12.69531 0 6.591797 -11.23047 0 9.765625 -10.98633 0 9.033204 -9.277344 0 10.00977 -12.45117 0 8.056641 -14.16016 0 9.765625 -10.98633 0 6.591797 -12.69531 0 9.033204 -9.277344 -2.685547 9.033204 -9.277344 -2.685547 10.74219 -10.49805 -2.685547 10.74219 -10.49805 -2.685547 10.74219 -10.49805 -2.685547 10.74219 -10.49805 -2.685547 11.47461 -12.20703 -2.685547 11.47461 -12.20703 -2.685547 9.033204 -9.277344 -2.685547 9.765625 -10.98633 -2.685547 9.033204 -9.277344 0 9.765625 -10.98633 0 9.765625 -10.98633 -2.685547 10.00977 -12.45117 -2.685547 9.765625 -10.98633 0 10.00977 -12.45117 0 11.47461 -12.20703 -2.685547 11.47461 -12.20703 -1.708984 10.00977 -12.45117 -2.685547 10.00977 -12.45117 0 8.544922 -8.544922 0 8.544922 -8.544922 -5.859375 10.74219 -6.103516 0 10.74219 -6.103516 -5.859375 10.74219 -6.103516 0 10.74219 -6.103516 -5.859375 11.96289 -3.173828 0 11.96289 -3.173828 -5.859375 6.103516 -10.74219 0 3.173828 -11.96289 0 6.103516 -10.74219 -5.859375 3.173828 -11.96289 -5.859375 6.103516 -10.74219 0 6.103516 -10.74219 -5.859375 8.544922 -8.544922 0 8.544922 -8.544922 -5.859375 12.69531 3.173828 -5.859375 14.4043 3.417969 -5.859375 11.47461 6.347656 -5.859375 13.91602 6.347656 -5.859375 13.91602 6.347656 -5.859375 14.4043 3.417969 -5.859375 16.11328 6.103516 -5.859375 16.11328 4.394531 -5.859375 16.11328 6.103516 -5.859375 16.11328 4.394531 -5.859375 17.33399 5.615234 -5.859375 17.57813 4.638672 -5.859375 17.33399 5.615234 -5.859375 18.06641 5.859375 -5.859375 16.11328 6.103516 -5.859375 16.8457 7.568359 -5.859375 16.11328 6.103516 -5.859375 16.8457 7.568359 -5.859375 13.91602 6.347656 -5.859375 14.64844 9.033204 -5.859375 11.47461 6.347656 -5.859375 13.91602 6.347656 -5.859375 12.69531 9.521485 -5.859375 14.64844 9.033204 -5.859375 11.47461 6.347656 -5.859375 10.74219 6.103516 -5.859375 12.69531 3.173828 -5.859375 11.96289 3.173828 -5.859375 9.277344 9.521485 -5.859375 8.544922 8.544922 -5.859375 11.47461 6.347656 -5.859375 10.74219 6.103516 -5.859375 12.20703 0 -5.859375 11.96289 -3.173828 -5.859375 13.18359 0 -5.859375 12.93945 -3.173828 -5.859375 16.60156 -6.103516 -5.859375 16.60156 -7.080078 -5.859375 17.82227 -6.835937 -5.859375 17.33399 -7.324219 -5.859375 13.18359 0 -5.859375 12.93945 -3.173828 -5.859375 14.16016 -0.4882813 -5.859375 14.16016 -3.90625 -5.859375 13.18359 0 -5.859375 12.69531 3.173828 -5.859375 12.20703 0 -5.859375 11.96289 3.173828 -5.859375 14.16016 -0.4882813 -5.859375 14.4043 3.417969 -5.859375 13.18359 0 -5.859375 12.69531 3.173828 -5.859375 9.277344 9.521485 -5.859375 12.69531 9.521485 -5.859375 10.49805 10.00977 -5.859375 12.20703 10.49805 -5.859375 14.16016 -3.90625 -5.859375 15.13672 -5.371094 -5.859375 18.79883 -4.394531 -5.859375 15.625 -5.126953 -5.859375 17.33399 5.615234 -1.953125 16.11328 6.103516 -1.220703 18.06641 5.859375 -2.685547 16.8457 7.568359 -2.685547 16.11328 6.103516 -1.220703 13.91602 6.347656 -0.4882813 16.8457 7.568359 -2.685547 14.64844 9.033204 -2.685547 11.47461 6.347656 -0.2441406 12.69531 9.521485 -2.685547 13.91602 6.347656 -0.4882813 14.64844 9.033204 -2.685547 12.69531 3.173828 -2.685547 11.47461 6.347656 -0.2441406 14.4043 3.90625 -2.685547 13.91602 6.347656 -0.4882813 13.91602 6.347656 -0.4882813 16.11328 6.103516 -1.220703 14.4043 3.90625 -2.685547 16.11328 4.394531 -2.685547 16.11328 6.103516 -1.220703 17.33399 5.615234 -1.953125 16.11328 4.394531 -2.685547 17.57813 4.638672 -2.685547 19.28711 -0.4882813 -1.708984 19.04297 -2.441406 -1.220703 18.79883 -0.4882813 -0.9765625 18.79883 -2.197266 -0.7324219 19.04297 -2.441406 -1.220703 18.79883 -4.394531 -0.7324219 18.79883 -2.197266 -0.7324219 18.55469 -4.394531 -0.4882813 15.625 -5.126953 0.7324219 16.35742 -3.417969 0.7324219 16.35742 -5.371094 0.7324219 16.8457 -3.90625 0.7324219 16.35742 -3.417969 0.7324219 16.60156 -1.464844 0.7324219 16.8457 -3.90625 0.7324219 16.8457 -1.708984 0.7324219 16.8457 -1.708984 0.7324219 16.60156 -1.464844 0.7324219 16.8457 0 0.4882813 16.35742 0 0.4882813 15.86914 -3.417969 0 16.35742 -1.220703 0 16.35742 -3.417969 0.7324219 16.60156 -1.464844 0.7324219 16.35742 -1.220703 0 16.11328 0 0 16.60156 -1.464844 0.7324219 16.35742 0 0.4882813 15.13672 -5.371094 0 15.86914 -3.417969 0 15.625 -5.126953 0.7324219 16.35742 -3.417969 0.7324219 16.60156 -6.103516 0.4882813 17.82227 -6.835937 -0.4882813 16.60156 -7.080078 0.2441406 17.33399 -7.324219 -0.4882813 18.79883 -2.197266 -0.7324219 18.55469 -4.394531 -0.4882813 16.8457 -1.708984 0.7324219 16.8457 -3.90625 0.7324219 16.8457 -3.90625 0.7324219 17.82227 -6.835937 -0.4882813 16.35742 -5.371094 0.7324219 16.60156 -6.103516 0.4882813 17.82227 -0.7324219 0 18.79883 -2.197266 -0.7324219 17.57813 -0.7324219 0 16.8457 -1.708984 0.7324219 17.33399 -0.2441406 0.2441406 16.8457 -1.708984 0.7324219 17.33399 0.7324219 0 16.8457 0 0.4882813 18.79883 -0.4882813 -0.9765625 18.79883 -2.197266 -0.7324219 18.55469 -0.4882813 -0.7324219 18.31055 -0.7324219 -0.4882813 15.86914 2.197266 0 18.55469 1.953125 -1.464844 17.33399 0.7324219 0 18.79883 0.7324219 -1.220703 11.47461 6.347656 0 12.69531 3.173828 0 10.74219 6.103516 0 11.96289 3.173828 0 9.277344 9.521485 0 11.47461 6.347656 0 8.544922 8.544922 0 10.74219 6.103516 0 12.20703 0 0 13.18359 0 0 11.96289 -3.173828 0 12.93945 -3.173828 0 13.18359 0 0 12.20703 0 0 12.69531 3.173828 0 11.96289 3.173828 0 18.79883 0.7324219 -5.859375 14.4043 3.417969 -5.859375 18.79883 -0.2441406 -5.859375 14.16016 -0.4882813 -5.859375 18.79883 0.7324219 -5.859375 18.79883 0.7324219 -1.953125 19.04297 0.7324219 -5.859375 19.04297 0.7324219 -1.953125 18.79883 0.7324219 -1.220703 19.04297 0.7324219 -1.953125 18.31055 0.7324219 -1.220703 18.79883 0.7324219 -1.953125 18.31055 0.7324219 -1.220703 17.33399 0.7324219 -0.2441406 18.79883 0.7324219 -1.220703 17.33399 0.7324219 0 17.33399 0.7324219 -0.2441406 17.33399 -0.2441406 0 17.33399 0.7324219 0 17.33399 -0.2441406 0.2441406 18.31055 -0.2441406 -0.7324219 18.55469 -0.4882813 -0.7324219 18.06641 -0.4882813 -0.7324219 18.31055 -0.7324219 -0.4882813 17.33399 -0.4882813 0 17.57813 -0.7324219 0 17.33399 -0.2441406 0 17.33399 -0.2441406 0.2441406 17.82227 -0.7324219 -0.2441406 17.82227 -0.7324219 0 17.33399 -0.4882813 0 17.57813 -0.7324219 0 18.06641 -0.4882813 -0.7324219 18.31055 -0.7324219 -0.4882813 17.82227 -0.7324219 -0.2441406 17.82227 -0.7324219 0 18.79883 -0.2441406 -5.859375 19.28711 -0.4882813 -5.859375 18.79883 -0.2441406 -1.708984 19.28711 -0.4882813 -1.708984 19.28711 -0.4882813 -1.708984 18.79883 -0.4882813 -0.9765625 18.79883 -0.2441406 -1.708984 18.31055 -0.2441406 -0.7324219 18.31055 2.685547 -1.464844 17.57813 3.173828 -1.708984 18.79883 2.929687 -2.197266 17.82227 3.417969 -2.197266 18.55469 1.953125 -1.464844 18.31055 2.685547 -1.464844 19.04297 1.708984 -2.197266 18.79883 2.929687 -2.197266 18.79883 0.7324219 -1.220703 18.55469 1.953125 -1.464844 19.04297 0.7324219 -1.953125 19.04297 1.708984 -2.197266 9.277344 9.521485 -2.685547 10.49805 10.00977 -2.685547 12.69531 9.521485 -2.685547 12.20703 10.49805 -2.685547 17.57813 4.638672 -2.685547 17.57813 4.638672 -5.859375 16.11328 4.394531 -2.685547 16.11328 4.394531 -5.859375 18.06641 5.126953 -2.197266 18.06641 5.126953 -5.859375 17.57813 4.638672 -2.685547 17.57813 4.638672 -5.859375 18.06641 5.126953 -2.197266 18.06641 5.859375 -2.685547 18.06641 5.126953 -5.859375 18.06641 5.859375 -5.859375 18.06641 5.859375 -2.685547 16.8457 7.568359 -2.685547 18.06641 5.859375 -5.859375 16.8457 7.568359 -5.859375 16.8457 7.568359 -2.685547 14.64844 9.033204 -2.685547 16.8457 7.568359 -5.859375 14.64844 9.033204 -5.859375 14.64844 9.033204 -2.685547 12.69531 9.521485 -2.685547 14.64844 9.033204 -5.859375 12.69531 9.521485 -5.859375 9.277344 9.521485 0 8.544922 8.544922 0 9.277344 9.521485 -5.859375 8.544922 8.544922 -5.859375 17.33399 -7.324219 -0.4882813 17.33399 -7.324219 -5.859375 16.60156 -7.080078 0.2441406 16.60156 -7.080078 -5.859375 17.82227 -6.835937 -0.4882813 17.82227 -6.835937 -5.859375 17.33399 -7.324219 -0.4882813 17.33399 -7.324219 -5.859375 16.35742 3.662109 -2.685547 16.11328 4.394531 -2.685547 16.35742 3.662109 -5.859375 16.11328 4.394531 -5.859375 18.79883 -4.394531 -0.7324219 18.79883 -4.394531 -5.859375 17.82227 -6.835937 -0.4882813 17.82227 -6.835937 -5.859375 19.28711 -0.4882813 -1.708984 19.28711 -0.4882813 -5.859375 19.04297 -2.441406 -1.220703 19.04297 -2.441406 -5.859375 19.04297 -2.441406 -1.220703 19.04297 -2.441406 -5.859375 18.79883 -4.394531 -0.7324219 18.79883 -4.394531 -5.859375 17.82227 3.417969 -2.197266 16.35742 3.662109 -1.708984 17.82227 3.417969 -5.859375 16.35742 3.662109 -5.859375 18.79883 2.929687 -2.197266 17.82227 3.417969 -2.197266 18.79883 2.929687 -5.859375 17.82227 3.417969 -5.859375 19.04297 1.708984 -2.197266 18.79883 2.929687 -2.197266 19.04297 1.708984 -5.859375 18.79883 2.929687 -5.859375 19.04297 0.7324219 -1.953125 19.04297 1.708984 -2.197266 19.04297 0.7324219 -5.859375 19.04297 1.708984 -5.859375 12.20703 10.49805 -2.685547 10.49805 10.00977 -2.685547 12.20703 10.49805 -5.859375 10.49805 10.00977 -5.859375 10.49805 10.00977 -2.685547 9.277344 9.521485 -2.685547 10.49805 10.00977 -5.859375 9.277344 9.521485 -5.859375 12.69531 3.173828 -2.685547 12.69531 3.173828 0 11.47461 6.347656 -0.2441406 11.47461 6.347656 0 11.47461 6.347656 -0.2441406 11.47461 6.347656 0 9.277344 9.521485 -2.685547 9.277344 9.521485 0 12.93945 -3.173828 -5.859375 12.93945 -3.173828 -2.685547 14.16016 -3.90625 -5.859375 14.16016 -3.90625 -2.685547 12.93945 -3.173828 0 14.16016 -3.90625 0 12.93945 -3.173828 -2.685547 14.16016 -3.90625 -2.685547 14.16016 -3.90625 -5.859375 14.16016 -3.90625 -2.685547 15.13672 -5.371094 -5.859375 15.13672 -5.371094 -2.685547 14.16016 -3.90625 0 15.13672 -5.371094 0 14.16016 -3.90625 -2.685547 15.13672 -5.371094 -2.685547 12.69531 9.521485 -2.685547 12.20703 10.49805 -2.685547 12.69531 9.521485 -5.859375 12.20703 10.49805 -5.859375 16.35742 -5.371094 0.7324219 16.35742 -5.371094 -5.859375 15.625 -5.126953 0.7324219 15.625 -5.126953 -5.859375 16.60156 -6.103516 0.4882813 16.60156 -7.080078 0.2441406 16.60156 -6.103516 -5.859375 16.60156 -7.080078 -5.859375 16.60156 -6.103516 0.4882813 16.60156 -6.103516 -5.859375 16.35742 -5.371094 0.7324219 16.35742 -5.371094 -5.859375 15.625 -5.126953 -5.859375 15.13672 -5.371094 -2.685547 15.625 -5.126953 0.7324219 15.13672 -5.371094 0 16.35742 3.662109 -2.685547 15.86914 2.197266 -2.685547 14.4043 3.90625 -2.685547 14.4043 2.685547 -2.685547 13.18359 0 0 14.16016 -0.4882813 0 12.93945 -3.173828 0 14.16016 -3.90625 0 14.16016 -0.4882813 0 13.18359 0 0 14.4043 2.685547 0 12.69531 3.173828 0 15.86914 2.197266 0 16.11328 0 0 14.4043 2.685547 0 14.16016 -0.4882813 0 12.69531 3.173828 -2.685547 12.69531 3.173828 -2.685547 14.4043 3.90625 -2.685547 14.4043 3.90625 -2.685547 14.4043 3.90625 -2.685547 14.4043 3.90625 -2.685547 16.35742 3.662109 -2.685547 16.35742 3.662109 -2.685547 12.69531 3.173828 -2.685547 14.4043 2.685547 -2.685547 12.69531 3.173828 0 14.4043 2.685547 0 14.4043 2.685547 -2.685547 15.86914 2.197266 -2.685547 14.4043 2.685547 0 15.86914 2.197266 0 16.35742 3.662109 -2.685547 16.35742 3.662109 -1.708984 15.86914 2.197266 -2.685547 15.86914 2.197266 0 11.96289 3.173828 0 11.96289 3.173828 -5.859375 10.74219 6.103516 0 10.74219 6.103516 -5.859375 10.74219 6.103516 0 10.74219 6.103516 -5.859375 8.544922 8.544922 0 8.544922 8.544922 -5.859375 12.20703 0 0 11.96289 -3.173828 0 12.20703 0 -5.859375 11.96289 -3.173828 -5.859375 12.20703 0 0 12.20703 0 -5.859375 11.96289 3.173828 0 11.96289 3.173828 -5.859375 3.417969 12.69531 -5.859375 4.150391 14.16016 -5.859375 0 13.18359 -5.859375 1.220703 15.38086 -5.859375 1.220703 15.38086 -5.859375 4.150391 14.16016 -5.859375 2.685547 17.08984 -5.859375 4.150391 16.35742 -5.859375 2.685547 17.08984 -5.859375 4.150391 16.35742 -5.859375 3.662109 17.82227 -5.859375 4.638672 17.57813 -5.859375 3.662109 17.82227 -5.859375 3.90625 18.79883 -5.859375 2.685547 17.08984 -5.859375 1.708984 18.31055 -5.859375 2.685547 17.08984 -5.859375 1.708984 18.31055 -5.859375 1.220703 15.38086 -5.859375 -0.4882813 17.08984 -5.859375 0 13.18359 -5.859375 1.220703 15.38086 -5.859375 -1.953125 15.86914 -5.859375 -0.4882813 17.08984 -5.859375 3.173828 11.96289 -5.859375 3.417969 12.69531 -5.859375 0 12.20703 -5.859375 0 13.18359 -5.859375 -3.417969 12.69531 -5.859375 -3.173828 11.96289 -5.859375 0 13.18359 -5.859375 0 12.20703 -5.859375 6.103516 10.74219 -5.859375 8.544922 8.544922 -5.859375 6.347656 11.23047 -5.859375 9.277344 9.521485 -5.859375 13.67187 11.23047 -5.859375 14.4043 10.74219 -5.859375 14.89258 11.96289 -5.859375 15.13672 11.23047 -5.859375 6.347656 11.23047 -5.859375 9.277344 9.521485 -5.859375 7.568359 12.20703 -5.859375 10.49805 10.00977 -5.859375 6.347656 11.23047 -5.859375 3.417969 12.69531 -5.859375 6.103516 10.74219 -5.859375 3.173828 11.96289 -5.859375 7.568359 12.20703 -5.859375 4.150391 14.16016 -5.859375 6.347656 11.23047 -5.859375 3.417969 12.69531 -5.859375 -3.417969 12.69531 -5.859375 -1.953125 15.86914 -5.859375 -3.417969 14.16016 -5.859375 -2.929687 15.86914 -5.859375 10.49805 10.00977 -5.859375 12.20703 10.49805 -5.859375 13.18359 13.91602 -5.859375 12.45117 10.98633 -5.859375 3.662109 17.82227 -1.953125 2.685547 17.08984 -1.220703 3.90625 18.79883 -2.685547 1.708984 18.31055 -2.685547 2.685547 17.08984 -1.220703 1.220703 15.38086 -0.4882813 1.708984 18.31055 -2.685547 -0.4882813 17.08984 -2.685547 0 13.18359 -0.2441406 -1.953125 15.86914 -2.685547 1.220703 15.38086 -0.4882813 -0.4882813 17.08984 -2.685547 3.417969 12.69531 -2.685547 0 13.18359 -0.2441406 3.662109 14.64844 -2.685547 1.220703 15.38086 -0.4882813 1.220703 15.38086 -0.4882813 2.685547 17.08984 -1.220703 3.662109 14.64844 -2.685547 4.150391 16.35742 -2.685547 2.685547 17.08984 -1.220703 3.662109 17.82227 -1.953125 4.150391 16.35742 -2.685547 4.638672 17.57813 -2.685547 10.00977 16.35742 -1.708984 11.71875 15.13672 -1.220703 9.765625 15.86914 -0.9765625 11.47461 14.89258 -0.7324219 11.71875 15.13672 -1.220703 13.18359 13.91602 -0.7324219 11.47461 14.89258 -0.7324219 12.93945 13.91602 -0.4882813 12.45117 10.98633 0.7324219 11.23047 12.20703 0.7324219 12.93945 11.23047 0.7324219 11.71875 12.45117 0.7324219 11.23047 12.20703 0.7324219 9.521485 13.67187 0.7324219 11.71875 12.45117 0.7324219 10.00977 13.91602 0.7324219 10.00977 13.91602 0.7324219 9.521485 13.67187 0.7324219 8.300782 14.64844 0.4882813 8.056641 14.16016 0.4882813 10.98633 11.96289 0 9.277344 13.42773 0 11.23047 12.20703 0.7324219 9.521485 13.67187 0.7324219 9.277344 13.42773 0 8.056641 13.91602 0 9.521485 13.67187 0.7324219 8.056641 14.16016 0.4882813 12.20703 10.49805 0 10.98633 11.96289 0 12.45117 10.98633 0.7324219 11.23047 12.20703 0.7324219 13.67187 11.23047 0.4882813 14.89258 11.96289 -0.4882813 14.4043 10.74219 0.2441406 15.13672 11.23047 -0.4882813 11.47461 14.89258 -0.7324219 12.93945 13.91602 -0.4882813 10.00977 13.91602 0.7324219 11.71875 12.45117 0.7324219 11.71875 12.45117 0.7324219 14.89258 11.96289 -0.4882813 12.93945 11.23047 0.7324219 13.67187 11.23047 0.4882813 9.765625 14.89258 0 11.47461 14.89258 -0.7324219 9.277344 14.64844 0 10.00977 13.91602 0.7324219 8.789063 14.89258 0.2441406 10.00977 13.91602 0.7324219 7.8125 15.38086 0 8.300782 14.64844 0.4882813 9.765625 15.86914 -0.9765625 11.47461 14.89258 -0.7324219 9.765625 15.625 -0.7324219 9.765625 15.38086 -0.4882813 5.859375 14.89258 0 7.568359 17.08984 -1.464844 7.8125 15.38086 0 8.544922 16.60156 -1.220703 3.173828 11.96289 0 0 12.20703 0 3.417969 12.69531 0 0 13.18359 0 -3.417969 12.69531 0 0 13.18359 0 -3.173828 11.96289 0 0 12.20703 0 6.103516 10.74219 0 6.347656 11.23047 0 8.544922 8.544922 0 9.277344 9.521485 0 6.347656 11.23047 0 6.103516 10.74219 0 3.417969 12.69531 0 3.173828 11.96289 0 8.789063 16.60156 -5.859375 4.150391 14.16016 -5.859375 9.765625 16.11328 -5.859375 7.568359 12.20703 -5.859375 8.789063 16.60156 -5.859375 8.789063 16.60156 -1.953125 8.789063 17.08984 -5.859375 8.789063 17.08984 -1.953125 8.544922 16.60156 -1.220703 8.789063 17.08984 -1.953125 8.544922 16.35742 -1.220703 8.789063 16.60156 -1.953125 8.544922 16.35742 -1.220703 7.8125 15.38086 -0.2441406 8.544922 16.60156 -1.220703 7.8125 15.38086 0 7.8125 15.38086 -0.2441406 8.789063 14.64844 0 7.8125 15.38086 0 8.789063 14.89258 0.2441406 9.277344 15.625 -0.7324219 9.765625 15.625 -0.7324219 9.521485 15.38086 -0.7324219 9.765625 15.38086 -0.4882813 9.277344 14.64844 0 9.277344 14.64844 0 8.789063 14.64844 0 8.789063 14.89258 0.2441406 9.521485 14.89258 -0.2441406 9.765625 14.89258 0 9.277344 14.64844 0 9.277344 14.64844 0 9.521485 15.38086 -0.7324219 9.765625 15.38086 -0.4882813 9.521485 14.89258 -0.2441406 9.765625 14.89258 0 9.765625 16.11328 -5.859375 10.00977 16.35742 -5.859375 9.765625 16.11328 -1.708984 10.00977 16.35742 -1.708984 10.00977 16.35742 -1.708984 9.765625 15.86914 -0.9765625 9.765625 16.11328 -1.708984 9.277344 15.625 -0.7324219 6.591797 17.08984 -1.464844 5.859375 16.8457 -1.708984 6.835937 17.57813 -2.197266 5.859375 17.33399 -2.197266 7.568359 17.08984 -1.464844 6.591797 17.08984 -1.464844 7.8125 17.57813 -2.197266 6.835937 17.57813 -2.197266 8.544922 16.60156 -1.220703 7.568359 17.08984 -1.464844 8.789063 17.08984 -1.953125 7.8125 17.57813 -2.197266 -3.417969 12.69531 -2.685547 -3.417969 14.16016 -2.685547 -1.953125 15.86914 -2.685547 -2.929687 15.86914 -2.685547 4.638672 17.57813 -2.685547 4.638672 17.57813 -5.859375 4.150391 16.35742 -2.685547 4.150391 16.35742 -5.859375 4.394531 18.31055 -2.197266 4.394531 18.31055 -5.859375 4.638672 17.57813 -2.685547 4.638672 17.57813 -5.859375 4.394531 18.31055 -2.197266 3.90625 18.79883 -2.685547 4.394531 18.31055 -5.859375 3.90625 18.79883 -5.859375 3.90625 18.79883 -2.685547 1.708984 18.31055 -2.685547 3.90625 18.79883 -5.859375 1.708984 18.31055 -5.859375 1.708984 18.31055 -2.685547 -0.4882813 17.08984 -2.685547 1.708984 18.31055 -5.859375 -0.4882813 17.08984 -5.859375 -0.4882813 17.08984 -2.685547 -1.953125 15.86914 -2.685547 -0.4882813 17.08984 -5.859375 -1.953125 15.86914 -5.859375 -3.417969 12.69531 0 -3.173828 11.96289 0 -3.417969 12.69531 -5.859375 -3.173828 11.96289 -5.859375 15.13672 11.23047 -0.4882813 15.13672 11.23047 -5.859375 14.4043 10.74219 0.2441406 14.4043 10.74219 -5.859375 14.89258 11.96289 -0.4882813 14.89258 11.96289 -5.859375 15.13672 11.23047 -0.4882813 15.13672 11.23047 -5.859375 4.882812 16.11328 -2.685547 4.150391 16.35742 -2.685547 4.882812 16.11328 -5.859375 4.150391 16.35742 -5.859375 13.18359 13.91602 -0.7324219 13.18359 13.91602 -5.859375 14.89258 11.96289 -0.4882813 14.89258 11.96289 -5.859375 10.00977 16.35742 -1.708984 10.00977 16.35742 -5.859375 11.71875 15.13672 -1.220703 11.71875 15.13672 -5.859375 11.71875 15.13672 -1.220703 11.71875 15.13672 -5.859375 13.18359 13.91602 -0.7324219 13.18359 13.91602 -5.859375 5.859375 17.33399 -2.197266 4.882812 16.11328 -1.708984 5.859375 17.33399 -5.859375 4.882812 16.11328 -5.859375 6.835937 17.57813 -2.197266 5.859375 17.33399 -2.197266 6.835937 17.57813 -5.859375 5.859375 17.33399 -5.859375 7.8125 17.57813 -2.197266 6.835937 17.57813 -2.197266 7.8125 17.57813 -5.859375 6.835937 17.57813 -5.859375 8.789063 17.08984 -1.953125 7.8125 17.57813 -2.197266 8.789063 17.08984 -5.859375 7.8125 17.57813 -5.859375 -2.929687 15.86914 -2.685547 -3.417969 14.16016 -2.685547 -2.929687 15.86914 -5.859375 -3.417969 14.16016 -5.859375 -3.417969 14.16016 -2.685547 -3.417969 12.69531 -2.685547 -3.417969 14.16016 -5.859375 -3.417969 12.69531 -5.859375 3.417969 12.69531 -2.685547 3.417969 12.69531 0 0 13.18359 -0.2441406 0 13.18359 0 0 13.18359 -0.2441406 0 13.18359 0 -3.417969 12.69531 -2.685547 -3.417969 12.69531 0 9.277344 9.521485 -5.859375 9.277344 9.521485 -2.685547 10.49805 10.00977 -5.859375 10.49805 10.00977 -2.685547 9.277344 9.521485 0 10.49805 10.00977 0 9.277344 9.521485 -2.685547 10.49805 10.00977 -2.685547 10.49805 10.00977 -5.859375 10.49805 10.00977 -2.685547 12.20703 10.49805 -5.859375 12.20703 10.49805 -2.685547 10.49805 10.00977 0 12.20703 10.49805 0 10.49805 10.00977 -2.685547 12.20703 10.49805 -2.685547 -1.953125 15.86914 -2.685547 -2.929687 15.86914 -2.685547 -1.953125 15.86914 -5.859375 -2.929687 15.86914 -5.859375 12.93945 11.23047 0.7324219 12.93945 11.23047 -5.859375 12.45117 10.98633 0.7324219 12.45117 10.98633 -5.859375 13.67187 11.23047 0.4882813 14.4043 10.74219 0.2441406 13.67187 11.23047 -5.859375 14.4043 10.74219 -5.859375 13.67187 11.23047 0.4882813 13.67187 11.23047 -5.859375 12.93945 11.23047 0.7324219 12.93945 11.23047 -5.859375 12.45117 10.98633 -5.859375 12.20703 10.49805 -2.685547 12.45117 10.98633 0.7324219 12.20703 10.49805 0 4.882812 16.11328 -2.685547 5.859375 14.89258 -2.685547 3.662109 14.64844 -2.685547 4.638672 13.91602 -2.685547 6.347656 11.23047 0 7.568359 12.20703 0 9.277344 9.521485 0 10.49805 10.00977 0 7.568359 12.20703 0 6.347656 11.23047 0 4.638672 13.91602 0 3.417969 12.69531 0 5.859375 14.89258 0 8.056641 13.91602 0 4.638672 13.91602 0 7.568359 12.20703 0 3.417969 12.69531 -2.685547 3.417969 12.69531 -2.685547 3.662109 14.64844 -2.685547 3.662109 14.64844 -2.685547 3.662109 14.64844 -2.685547 3.662109 14.64844 -2.685547 4.882812 16.11328 -2.685547 4.882812 16.11328 -2.685547 3.417969 12.69531 -2.685547 4.638672 13.91602 -2.685547 3.417969 12.69531 0 4.638672 13.91602 0 4.638672 13.91602 -2.685547 5.859375 14.89258 -2.685547 4.638672 13.91602 0 5.859375 14.89258 0 4.882812 16.11328 -2.685547 4.882812 16.11328 -1.708984 5.859375 14.89258 -2.685547 5.859375 14.89258 0 3.173828 11.96289 0 3.173828 11.96289 -5.859375 0 12.20703 0 0 12.20703 -5.859375 0 12.20703 0 0 12.20703 -5.859375 -3.173828 11.96289 0 -3.173828 11.96289 -5.859375 6.103516 10.74219 0 8.544922 8.544922 0 6.103516 10.74219 -5.859375 8.544922 8.544922 -5.859375 6.103516 10.74219 0 6.103516 10.74219 -5.859375 3.173828 11.96289 0 3.173828 11.96289 -5.859375 -9.033204 9.277344 -5.859375 -10.25391 10.74219 -5.859375 -11.47461 6.835937 -5.859375 -12.69531 8.789063 -5.859375 -12.69531 8.789063 -5.859375 -10.25391 10.74219 -5.859375 -13.42773 10.98633 -5.859375 -11.96289 11.71875 -5.859375 -13.42773 10.98633 -5.859375 -11.96289 11.71875 -5.859375 -13.42773 12.20703 -5.859375 -12.69531 12.93945 -5.859375 -13.42773 12.20703 -5.859375 -14.16016 12.69531 -5.859375 -13.42773 10.98633 -5.859375 -15.13672 10.49805 -5.859375 -13.42773 10.98633 -5.859375 -15.13672 10.49805 -5.859375 -12.69531 8.789063 -5.859375 -15.13672 8.056641 -5.859375 -11.47461 6.835937 -5.859375 -12.69531 8.789063 -5.859375 -14.64844 6.103516 -5.859375 -15.13672 8.056641 -5.859375 -11.47461 6.835937 -5.859375 -10.74219 6.103516 -5.859375 -9.033204 9.277344 -5.859375 -8.544922 8.544922 -5.859375 -12.93945 3.173828 -5.859375 -11.96289 3.173828 -5.859375 -11.47461 6.835937 -5.859375 -10.74219 6.103516 -5.859375 -6.103516 10.74219 -5.859375 -3.173828 11.96289 -5.859375 -6.591797 11.23047 -5.859375 -3.417969 12.69531 -5.859375 -2.685547 17.57813 -5.859375 -1.953125 17.82227 -5.859375 -2.929687 19.04297 -5.859375 -1.953125 18.79883 -5.859375 -6.591797 11.23047 -5.859375 -3.417969 12.69531 -5.859375 -6.591797 12.69531 -5.859375 -3.417969 14.16016 -5.859375 -6.591797 11.23047 -5.859375 -9.033204 9.277344 -5.859375 -6.103516 10.74219 -5.859375 -8.544922 8.544922 -5.859375 -6.591797 12.69531 -5.859375 -10.25391 10.74219 -5.859375 -6.591797 11.23047 -5.859375 -9.033204 9.277344 -5.859375 -12.93945 3.173828 -5.859375 -14.64844 6.103516 -5.859375 -14.16016 3.90625 -5.859375 -15.13672 5.371094 -5.859375 -3.417969 14.16016 -5.859375 -2.929687 15.86914 -5.859375 -5.371094 18.31055 -5.859375 -3.173828 16.35742 -5.859375 -13.42773 12.20703 -1.953125 -13.42773 10.98633 -1.220703 -14.16016 12.69531 -2.685547 -15.13672 10.49805 -2.685547 -13.42773 10.98633 -1.220703 -12.69531 8.789063 -0.4882813 -15.13672 10.49805 -2.685547 -15.13672 8.056641 -2.685547 -11.47461 6.835937 -0.2441406 -14.64844 6.103516 -2.685547 -12.69531 8.789063 -0.4882813 -15.13672 8.056641 -2.685547 -9.033204 9.277344 -2.685547 -11.47461 6.835937 -0.2441406 -10.74219 10.49805 -2.685547 -12.69531 8.789063 -0.4882813 -12.69531 8.789063 -0.4882813 -13.42773 10.98633 -1.220703 -10.74219 10.49805 -2.685547 -11.96289 11.71875 -2.685547 -13.42773 10.98633 -1.220703 -13.42773 12.20703 -1.953125 -11.96289 11.71875 -2.685547 -12.69531 12.93945 -2.685547 -9.033204 16.8457 -1.708984 -7.324219 17.57813 -1.220703 -8.789063 16.35742 -0.9765625 -7.080078 17.33399 -0.7324219 -7.324219 17.57813 -1.220703 -5.371094 18.31055 -0.7324219 -7.080078 17.33399 -0.7324219 -5.371094 18.31055 -0.4882813 -3.173828 16.35742 0.7324219 -4.882812 15.86914 0.7324219 -3.173828 16.8457 0.7324219 -4.882812 16.35742 0.7324219 -4.882812 15.86914 0.7324219 -6.835937 15.13672 0.7324219 -4.882812 16.35742 0.7324219 -6.835937 15.625 0.7324219 -6.835937 15.625 0.7324219 -6.835937 15.13672 0.7324219 -8.300782 14.4043 0.4882813 -8.056641 14.16016 0.4882813 -4.882812 15.625 0 -6.835937 14.89258 0 -4.882812 15.86914 0.7324219 -6.835937 15.13672 0.7324219 -6.835937 14.89258 0 -8.056641 14.16016 0 -6.835937 15.13672 0.7324219 -8.056641 14.16016 0.4882813 -2.929687 15.86914 0 -4.882812 15.625 0 -3.173828 16.35742 0.7324219 -4.882812 15.86914 0.7324219 -2.685547 17.57813 0.4882813 -2.929687 19.04297 -0.4882813 -1.953125 17.82227 0.2441406 -1.953125 18.79883 -0.4882813 -7.080078 17.33399 -0.7324219 -5.371094 18.31055 -0.4882813 -6.835937 15.625 0.7324219 -4.882812 16.35742 0.7324219 -4.882812 16.35742 0.7324219 -2.929687 19.04297 -0.4882813 -3.173828 16.8457 0.7324219 -2.685547 17.57813 0.4882813 -8.056641 15.86914 0 -7.080078 17.33399 -0.7324219 -8.056641 15.38086 0 -6.835937 15.625 0.7324219 -8.300782 15.13672 0.2441406 -6.835937 15.625 0.7324219 -9.521485 14.4043 0 -8.300782 14.4043 0.4882813 -8.789063 16.35742 -0.9765625 -7.080078 17.33399 -0.7324219 -8.789063 16.35742 -0.7324219 -8.544922 16.35742 -0.4882813 -10.00977 12.45117 0 -10.98633 15.13672 -1.464844 -9.521485 14.4043 0 -10.00977 15.625 -1.220703 -11.47461 6.835937 0 -9.033204 9.277344 0 -10.74219 6.103516 0 -8.544922 8.544922 0 -12.93945 3.173828 0 -11.47461 6.835937 0 -11.96289 3.173828 0 -10.74219 6.103516 0 -6.103516 10.74219 0 -6.591797 11.23047 0 -3.173828 11.96289 0 -3.417969 12.69531 0 -6.591797 11.23047 0 -6.103516 10.74219 0 -9.033204 9.277344 0 -8.544922 8.544922 0 -10.00977 15.86914 -5.859375 -10.25391 10.74219 -5.859375 -9.033204 16.60156 -5.859375 -6.591797 12.69531 -5.859375 -10.00977 15.86914 -5.859375 -10.00977 15.86914 -1.953125 -10.25391 16.11328 -5.859375 -10.25391 16.11328 -1.953125 -10.00977 15.625 -1.220703 -10.25391 16.11328 -1.953125 -9.765625 15.625 -1.220703 -10.00977 15.86914 -1.953125 -9.765625 15.625 -1.220703 -9.277344 14.64844 -0.2441406 -10.00977 15.625 -1.220703 -9.521485 14.4043 0 -9.277344 14.64844 -0.2441406 -8.300782 15.13672 0 -9.521485 14.4043 0 -8.300782 15.13672 0.2441406 -8.789063 15.86914 -0.7324219 -8.789063 16.35742 -0.7324219 -8.300782 16.11328 -0.7324219 -8.544922 16.35742 -0.4882813 -8.056641 15.38086 0 -8.056641 15.38086 0 -8.300782 15.13672 0 -8.300782 15.13672 0.2441406 -8.056641 15.86914 -0.2441406 -8.056641 15.86914 0 -8.056641 15.38086 0 -8.056641 15.38086 0 -8.300782 16.11328 -0.7324219 -8.544922 16.35742 -0.4882813 -8.056641 15.86914 -0.2441406 -8.056641 15.86914 0 -9.033204 16.60156 -5.859375 -9.033204 16.8457 -5.859375 -9.033204 16.60156 -1.708984 -9.033204 16.8457 -1.708984 -9.033204 16.8457 -1.708984 -8.789063 16.35742 -0.9765625 -9.033204 16.60156 -1.708984 -8.789063 15.86914 -0.7324219 -11.47461 14.4043 -1.464844 -11.71875 13.67187 -1.708984 -11.71875 14.64844 -2.197266 -11.96289 13.67187 -2.197266 -10.98633 15.13672 -1.464844 -11.47461 14.4043 -1.464844 -11.23047 15.625 -2.197266 -11.71875 14.64844 -2.197266 -10.00977 15.625 -1.220703 -10.98633 15.13672 -1.464844 -10.25391 16.11328 -1.953125 -11.23047 15.625 -2.197266 -12.93945 3.173828 -2.685547 -14.16016 3.90625 -2.685547 -14.64844 6.103516 -2.685547 -15.13672 5.371094 -2.685547 -12.69531 12.93945 -2.685547 -12.69531 12.93945 -5.859375 -11.96289 11.71875 -2.685547 -11.96289 11.71875 -5.859375 -13.42773 12.93945 -2.197266 -13.42773 12.93945 -5.859375 -12.69531 12.93945 -2.685547 -12.69531 12.93945 -5.859375 -13.42773 12.93945 -2.197266 -14.16016 12.69531 -2.685547 -13.42773 12.93945 -5.859375 -14.16016 12.69531 -5.859375 -14.16016 12.69531 -2.685547 -15.13672 10.49805 -2.685547 -14.16016 12.69531 -5.859375 -15.13672 10.49805 -5.859375 -15.13672 10.49805 -2.685547 -15.13672 8.056641 -2.685547 -15.13672 10.49805 -5.859375 -15.13672 8.056641 -5.859375 -15.13672 8.056641 -2.685547 -14.64844 6.103516 -2.685547 -15.13672 8.056641 -5.859375 -14.64844 6.103516 -5.859375 -12.93945 3.173828 0 -11.96289 3.173828 0 -12.93945 3.173828 -5.859375 -11.96289 3.173828 -5.859375 -1.953125 18.79883 -0.4882813 -1.953125 18.79883 -5.859375 -1.953125 17.82227 0.2441406 -1.953125 17.82227 -5.859375 -2.929687 19.04297 -0.4882813 -2.929687 19.04297 -5.859375 -1.953125 18.79883 -0.4882813 -1.953125 18.79883 -5.859375 -11.47461 12.20703 -2.685547 -11.96289 11.71875 -2.685547 -11.47461 12.20703 -5.859375 -11.96289 11.71875 -5.859375 -5.371094 18.31055 -0.7324219 -5.371094 18.31055 -5.859375 -2.929687 19.04297 -0.4882813 -2.929687 19.04297 -5.859375 -9.033204 16.8457 -1.708984 -9.033204 16.8457 -5.859375 -7.324219 17.57813 -1.220703 -7.324219 17.57813 -5.859375 -7.324219 17.57813 -1.220703 -7.324219 17.57813 -5.859375 -5.371094 18.31055 -0.7324219 -5.371094 18.31055 -5.859375 -11.96289 13.67187 -2.197266 -11.47461 12.20703 -1.708984 -11.96289 13.67187 -5.859375 -11.47461 12.20703 -5.859375 -11.71875 14.64844 -2.197266 -11.96289 13.67187 -2.197266 -11.71875 14.64844 -5.859375 -11.96289 13.67187 -5.859375 -11.23047 15.625 -2.197266 -11.71875 14.64844 -2.197266 -11.23047 15.625 -5.859375 -11.71875 14.64844 -5.859375 -10.25391 16.11328 -1.953125 -11.23047 15.625 -2.197266 -10.25391 16.11328 -5.859375 -11.23047 15.625 -5.859375 -15.13672 5.371094 -2.685547 -14.16016 3.90625 -2.685547 -15.13672 5.371094 -5.859375 -14.16016 3.90625 -5.859375 -14.16016 3.90625 -2.685547 -12.93945 3.173828 -2.685547 -14.16016 3.90625 -5.859375 -12.93945 3.173828 -5.859375 -9.033204 9.277344 -2.685547 -9.033204 9.277344 0 -11.47461 6.835937 -0.2441406 -11.47461 6.835937 0 -11.47461 6.835937 -0.2441406 -11.47461 6.835937 0 -12.93945 3.173828 -2.685547 -12.93945 3.173828 0 -3.417969 12.69531 -5.859375 -3.417969 12.69531 -2.685547 -3.417969 14.16016 -5.859375 -3.417969 14.16016 -2.685547 -3.417969 12.69531 0 -3.417969 14.16016 0 -3.417969 12.69531 -2.685547 -3.417969 14.16016 -2.685547 -3.417969 14.16016 -5.859375 -3.417969 14.16016 -2.685547 -2.929687 15.86914 -5.859375 -2.929687 15.86914 -2.685547 -3.417969 14.16016 0 -2.929687 15.86914 0 -3.417969 14.16016 -2.685547 -2.929687 15.86914 -2.685547 -14.64844 6.103516 -2.685547 -15.13672 5.371094 -2.685547 -14.64844 6.103516 -5.859375 -15.13672 5.371094 -5.859375 -3.173828 16.8457 0.7324219 -3.173828 16.8457 -5.859375 -3.173828 16.35742 0.7324219 -3.173828 16.35742 -5.859375 -2.685547 17.57813 0.4882813 -1.953125 17.82227 0.2441406 -2.685547 17.57813 -5.859375 -1.953125 17.82227 -5.859375 -2.685547 17.57813 0.4882813 -2.685547 17.57813 -5.859375 -3.173828 16.8457 0.7324219 -3.173828 16.8457 -5.859375 -3.173828 16.35742 -5.859375 -2.929687 15.86914 -2.685547 -3.173828 16.35742 0.7324219 -2.929687 15.86914 0 -11.47461 12.20703 -2.685547 -10.00977 12.45117 -2.685547 -10.74219 10.49805 -2.685547 -9.765625 10.98633 -2.685547 -6.591797 11.23047 0 -6.591797 12.69531 0 -3.417969 12.69531 0 -3.417969 14.16016 0 -6.591797 12.69531 0 -6.591797 11.23047 0 -9.765625 10.98633 0 -9.033204 9.277344 0 -10.00977 12.45117 0 -8.056641 14.16016 0 -9.765625 10.98633 0 -6.591797 12.69531 0 -9.033204 9.277344 -2.685547 -9.033204 9.277344 -2.685547 -10.74219 10.49805 -2.685547 -10.74219 10.49805 -2.685547 -10.74219 10.49805 -2.685547 -10.74219 10.49805 -2.685547 -11.47461 12.20703 -2.685547 -11.47461 12.20703 -2.685547 -9.033204 9.277344 -2.685547 -9.765625 10.98633 -2.685547 -9.033204 9.277344 0 -9.765625 10.98633 0 -9.765625 10.98633 -2.685547 -10.00977 12.45117 -2.685547 -9.765625 10.98633 0 -10.00977 12.45117 0 -11.47461 12.20703 -2.685547 -11.47461 12.20703 -1.708984 -10.00977 12.45117 -2.685547 -10.00977 12.45117 0 -8.544922 8.544922 0 -8.544922 8.544922 -5.859375 -10.74219 6.103516 0 -10.74219 6.103516 -5.859375 -10.74219 6.103516 0 -10.74219 6.103516 -5.859375 -11.96289 3.173828 0 -11.96289 3.173828 -5.859375 -6.103516 10.74219 0 -3.173828 11.96289 0 -6.103516 10.74219 -5.859375 -3.173828 11.96289 -5.859375 -6.103516 10.74219 0 -6.103516 10.74219 -5.859375 -8.544922 8.544922 0 -8.544922 8.544922 -5.859375 -12.69531 -3.173828 -5.859375 -14.4043 -3.417969 -5.859375 -11.47461 -6.347656 -5.859375 -13.91602 -6.347656 -5.859375 -13.91602 -6.347656 -5.859375 -14.4043 -3.417969 -5.859375 -16.11328 -6.103516 -5.859375 -16.11328 -4.394531 -5.859375 -16.11328 -6.103516 -5.859375 -16.11328 -4.394531 -5.859375 -17.33399 -5.615234 -5.859375 -17.57813 -4.638672 -5.859375 -17.33399 -5.615234 -5.859375 -18.06641 -5.859375 -5.859375 -16.11328 -6.103516 -5.859375 -16.8457 -7.568359 -5.859375 -16.11328 -6.103516 -5.859375 -16.8457 -7.568359 -5.859375 -13.91602 -6.347656 -5.859375 -14.64844 -9.033204 -5.859375 -11.47461 -6.347656 -5.859375 -13.91602 -6.347656 -5.859375 -12.69531 -9.521485 -5.859375 -14.64844 -9.033204 -5.859375 -11.47461 -6.347656 -5.859375 -10.74219 -6.103516 -5.859375 -12.69531 -3.173828 -5.859375 -11.96289 -3.173828 -5.859375 -9.277344 -9.521485 -5.859375 -8.544922 -8.544922 -5.859375 -11.47461 -6.347656 -5.859375 -10.74219 -6.103516 -5.859375 -12.20703 0 -5.859375 -11.96289 3.173828 -5.859375 -13.18359 0 -5.859375 -12.93945 3.173828 -5.859375 -16.60156 6.103516 -5.859375 -16.60156 7.080078 -5.859375 -17.82227 6.835937 -5.859375 -17.33399 7.324219 -5.859375 -13.18359 0 -5.859375 -12.93945 3.173828 -5.859375 -14.16016 0.4882813 -5.859375 -14.16016 3.90625 -5.859375 -13.18359 0 -5.859375 -12.69531 -3.173828 -5.859375 -12.20703 0 -5.859375 -11.96289 -3.173828 -5.859375 -14.16016 0.4882813 -5.859375 -14.4043 -3.417969 -5.859375 -13.18359 0 -5.859375 -12.69531 -3.173828 -5.859375 -9.277344 -9.521485 -5.859375 -12.69531 -9.521485 -5.859375 -10.49805 -10.00977 -5.859375 -12.20703 -10.49805 -5.859375 -14.16016 3.90625 -5.859375 -15.13672 5.371094 -5.859375 -18.79883 4.394531 -5.859375 -15.625 5.126953 -5.859375 -17.33399 -5.615234 -1.953125 -16.11328 -6.103516 -1.220703 -18.06641 -5.859375 -2.685547 -16.8457 -7.568359 -2.685547 -16.11328 -6.103516 -1.220703 -13.91602 -6.347656 -0.4882813 -16.8457 -7.568359 -2.685547 -14.64844 -9.033204 -2.685547 -11.47461 -6.347656 -0.2441406 -12.69531 -9.521485 -2.685547 -13.91602 -6.347656 -0.4882813 -14.64844 -9.033204 -2.685547 -12.69531 -3.173828 -2.685547 -11.47461 -6.347656 -0.2441406 -14.4043 -3.90625 -2.685547 -13.91602 -6.347656 -0.4882813 -13.91602 -6.347656 -0.4882813 -16.11328 -6.103516 -1.220703 -14.4043 -3.90625 -2.685547 -16.11328 -4.394531 -2.685547 -16.11328 -6.103516 -1.220703 -17.33399 -5.615234 -1.953125 -16.11328 -4.394531 -2.685547 -17.57813 -4.638672 -2.685547 -19.28711 0.4882813 -1.708984 -19.04297 2.441406 -1.220703 -18.79883 0.4882813 -0.9765625 -18.79883 2.197266 -0.7324219 -19.04297 2.441406 -1.220703 -18.79883 4.394531 -0.7324219 -18.79883 2.197266 -0.7324219 -18.55469 4.394531 -0.4882813 -15.625 5.126953 0.7324219 -16.35742 3.417969 0.7324219 -16.35742 5.371094 0.7324219 -16.8457 3.90625 0.7324219 -16.35742 3.417969 0.7324219 -16.60156 1.464844 0.7324219 -16.8457 3.90625 0.7324219 -16.8457 1.708984 0.7324219 -16.8457 1.708984 0.7324219 -16.60156 1.464844 0.7324219 -16.8457 0 0.4882813 -16.35742 0 0.4882813 -15.86914 3.417969 0 -16.35742 1.220703 0 -16.35742 3.417969 0.7324219 -16.60156 1.464844 0.7324219 -16.35742 1.220703 0 -16.11328 0 0 -16.60156 1.464844 0.7324219 -16.35742 0 0.4882813 -15.13672 5.371094 0 -15.86914 3.417969 0 -15.625 5.126953 0.7324219 -16.35742 3.417969 0.7324219 -16.60156 6.103516 0.4882813 -17.82227 6.835937 -0.4882813 -16.60156 7.080078 0.2441406 -17.33399 7.324219 -0.4882813 -18.79883 2.197266 -0.7324219 -18.55469 4.394531 -0.4882813 -16.8457 1.708984 0.7324219 -16.8457 3.90625 0.7324219 -16.8457 3.90625 0.7324219 -17.82227 6.835937 -0.4882813 -16.35742 5.371094 0.7324219 -16.60156 6.103516 0.4882813 -17.82227 0.7324219 0 -18.79883 2.197266 -0.7324219 -17.57813 0.7324219 0 -16.8457 1.708984 0.7324219 -17.33399 0.2441406 0.2441406 -16.8457 1.708984 0.7324219 -17.33399 -0.7324219 0 -16.8457 0 0.4882813 -18.79883 0.4882813 -0.9765625 -18.79883 2.197266 -0.7324219 -18.55469 0.4882813 -0.7324219 -18.31055 0.7324219 -0.4882813 -15.86914 -2.197266 0 -18.55469 -1.953125 -1.464844 -17.33399 -0.7324219 0 -18.79883 -0.7324219 -1.220703 -11.47461 -6.347656 0 -12.69531 -3.173828 0 -10.74219 -6.103516 0 -11.96289 -3.173828 0 -9.277344 -9.521485 0 -11.47461 -6.347656 0 -8.544922 -8.544922 0 -10.74219 -6.103516 0 -12.20703 0 0 -13.18359 0 0 -11.96289 3.173828 0 -12.93945 3.173828 0 -13.18359 0 0 -12.20703 0 0 -12.69531 -3.173828 0 -11.96289 -3.173828 0 -18.79883 -0.7324219 -5.859375 -14.4043 -3.417969 -5.859375 -18.79883 0.2441406 -5.859375 -14.16016 0.4882813 -5.859375 -18.79883 -0.7324219 -5.859375 -18.79883 -0.7324219 -1.953125 -19.04297 -0.7324219 -5.859375 -19.04297 -0.7324219 -1.953125 -18.79883 -0.7324219 -1.220703 -19.04297 -0.7324219 -1.953125 -18.31055 -0.7324219 -1.220703 -18.79883 -0.7324219 -1.953125 -18.31055 -0.7324219 -1.220703 -17.33399 -0.7324219 -0.2441406 -18.79883 -0.7324219 -1.220703 -17.33399 -0.7324219 0 -17.33399 -0.7324219 -0.2441406 -17.33399 0.2441406 0 -17.33399 -0.7324219 0 -17.33399 0.2441406 0.2441406 -18.31055 0.2441406 -0.7324219 -18.55469 0.4882813 -0.7324219 -18.06641 0.4882813 -0.7324219 -18.31055 0.7324219 -0.4882813 -17.33399 0.4882813 0 -17.57813 0.7324219 0 -17.33399 0.2441406 0 -17.33399 0.2441406 0.2441406 -17.82227 0.7324219 -0.2441406 -17.82227 0.7324219 0 -17.33399 0.4882813 0 -17.57813 0.7324219 0 -18.06641 0.4882813 -0.7324219 -18.31055 0.7324219 -0.4882813 -17.82227 0.7324219 -0.2441406 -17.82227 0.7324219 0 -18.79883 0.2441406 -5.859375 -19.28711 0.4882813 -5.859375 -18.79883 0.2441406 -1.708984 -19.28711 0.4882813 -1.708984 -19.28711 0.4882813 -1.708984 -18.79883 0.4882813 -0.9765625 -18.79883 0.2441406 -1.708984 -18.31055 0.2441406 -0.7324219 -18.31055 -2.685547 -1.464844 -17.57813 -3.173828 -1.708984 -18.79883 -2.929687 -2.197266 -17.82227 -3.417969 -2.197266 -18.55469 -1.953125 -1.464844 -18.31055 -2.685547 -1.464844 -19.04297 -1.708984 -2.197266 -18.79883 -2.929687 -2.197266 -18.79883 -0.7324219 -1.220703 -18.55469 -1.953125 -1.464844 -19.04297 -0.7324219 -1.953125 -19.04297 -1.708984 -2.197266 -9.277344 -9.521485 -2.685547 -10.49805 -10.00977 -2.685547 -12.69531 -9.521485 -2.685547 -12.20703 -10.49805 -2.685547 -17.57813 -4.638672 -2.685547 -17.57813 -4.638672 -5.859375 -16.11328 -4.394531 -2.685547 -16.11328 -4.394531 -5.859375 -18.06641 -5.126953 -2.197266 -18.06641 -5.126953 -5.859375 -17.57813 -4.638672 -2.685547 -17.57813 -4.638672 -5.859375 -18.06641 -5.126953 -2.197266 -18.06641 -5.859375 -2.685547 -18.06641 -5.126953 -5.859375 -18.06641 -5.859375 -5.859375 -18.06641 -5.859375 -2.685547 -16.8457 -7.568359 -2.685547 -18.06641 -5.859375 -5.859375 -16.8457 -7.568359 -5.859375 -16.8457 -7.568359 -2.685547 -14.64844 -9.033204 -2.685547 -16.8457 -7.568359 -5.859375 -14.64844 -9.033204 -5.859375 -14.64844 -9.033204 -2.685547 -12.69531 -9.521485 -2.685547 -14.64844 -9.033204 -5.859375 -12.69531 -9.521485 -5.859375 -9.277344 -9.521485 0 -8.544922 -8.544922 0 -9.277344 -9.521485 -5.859375 -8.544922 -8.544922 -5.859375 -17.33399 7.324219 -0.4882813 -17.33399 7.324219 -5.859375 -16.60156 7.080078 0.2441406 -16.60156 7.080078 -5.859375 -17.82227 6.835937 -0.4882813 -17.82227 6.835937 -5.859375 -17.33399 7.324219 -0.4882813 -17.33399 7.324219 -5.859375 -16.35742 -3.662109 -2.685547 -16.11328 -4.394531 -2.685547 -16.35742 -3.662109 -5.859375 -16.11328 -4.394531 -5.859375 -18.79883 4.394531 -0.7324219 -18.79883 4.394531 -5.859375 -17.82227 6.835937 -0.4882813 -17.82227 6.835937 -5.859375 -19.28711 0.4882813 -1.708984 -19.28711 0.4882813 -5.859375 -19.04297 2.441406 -1.220703 -19.04297 2.441406 -5.859375 -19.04297 2.441406 -1.220703 -19.04297 2.441406 -5.859375 -18.79883 4.394531 -0.7324219 -18.79883 4.394531 -5.859375 -17.82227 -3.417969 -2.197266 -16.35742 -3.662109 -1.708984 -17.82227 -3.417969 -5.859375 -16.35742 -3.662109 -5.859375 -18.79883 -2.929687 -2.197266 -17.82227 -3.417969 -2.197266 -18.79883 -2.929687 -5.859375 -17.82227 -3.417969 -5.859375 -19.04297 -1.708984 -2.197266 -18.79883 -2.929687 -2.197266 -19.04297 -1.708984 -5.859375 -18.79883 -2.929687 -5.859375 -19.04297 -0.7324219 -1.953125 -19.04297 -1.708984 -2.197266 -19.04297 -0.7324219 -5.859375 -19.04297 -1.708984 -5.859375 -12.20703 -10.49805 -2.685547 -10.49805 -10.00977 -2.685547 -12.20703 -10.49805 -5.859375 -10.49805 -10.00977 -5.859375 -10.49805 -10.00977 -2.685547 -9.277344 -9.521485 -2.685547 -10.49805 -10.00977 -5.859375 -9.277344 -9.521485 -5.859375 -12.69531 -3.173828 -2.685547 -12.69531 -3.173828 0 -11.47461 -6.347656 -0.2441406 -11.47461 -6.347656 0 -11.47461 -6.347656 -0.2441406 -11.47461 -6.347656 0 -9.277344 -9.521485 -2.685547 -9.277344 -9.521485 0 -12.93945 3.173828 -5.859375 -12.93945 3.173828 -2.685547 -14.16016 3.90625 -5.859375 -14.16016 3.90625 -2.685547 -12.93945 3.173828 0 -14.16016 3.90625 0 -12.93945 3.173828 -2.685547 -14.16016 3.90625 -2.685547 -14.16016 3.90625 -5.859375 -14.16016 3.90625 -2.685547 -15.13672 5.371094 -5.859375 -15.13672 5.371094 -2.685547 -14.16016 3.90625 0 -15.13672 5.371094 0 -14.16016 3.90625 -2.685547 -15.13672 5.371094 -2.685547 -12.69531 -9.521485 -2.685547 -12.20703 -10.49805 -2.685547 -12.69531 -9.521485 -5.859375 -12.20703 -10.49805 -5.859375 -16.35742 5.371094 0.7324219 -16.35742 5.371094 -5.859375 -15.625 5.126953 0.7324219 -15.625 5.126953 -5.859375 -16.60156 6.103516 0.4882813 -16.60156 7.080078 0.2441406 -16.60156 6.103516 -5.859375 -16.60156 7.080078 -5.859375 -16.60156 6.103516 0.4882813 -16.60156 6.103516 -5.859375 -16.35742 5.371094 0.7324219 -16.35742 5.371094 -5.859375 -15.625 5.126953 -5.859375 -15.13672 5.371094 -2.685547 -15.625 5.126953 0.7324219 -15.13672 5.371094 0 -16.35742 -3.662109 -2.685547 -15.86914 -2.197266 -2.685547 -14.4043 -3.90625 -2.685547 -14.4043 -2.685547 -2.685547 -13.18359 0 0 -14.16016 0.4882813 0 -12.93945 3.173828 0 -14.16016 3.90625 0 -14.16016 0.4882813 0 -13.18359 0 0 -14.4043 -2.685547 0 -12.69531 -3.173828 0 -15.86914 -2.197266 0 -16.11328 0 0 -14.4043 -2.685547 0 -14.16016 0.4882813 0 -12.69531 -3.173828 -2.685547 -12.69531 -3.173828 -2.685547 -14.4043 -3.90625 -2.685547 -14.4043 -3.90625 -2.685547 -14.4043 -3.90625 -2.685547 -14.4043 -3.90625 -2.685547 -16.35742 -3.662109 -2.685547 -16.35742 -3.662109 -2.685547 -12.69531 -3.173828 -2.685547 -14.4043 -2.685547 -2.685547 -12.69531 -3.173828 0 -14.4043 -2.685547 0 -14.4043 -2.685547 -2.685547 -15.86914 -2.197266 -2.685547 -14.4043 -2.685547 0 -15.86914 -2.197266 0 -16.35742 -3.662109 -2.685547 -16.35742 -3.662109 -1.708984 -15.86914 -2.197266 -2.685547 -15.86914 -2.197266 0 -11.96289 -3.173828 0 -11.96289 -3.173828 -5.859375 -10.74219 -6.103516 0 -10.74219 -6.103516 -5.859375 -10.74219 -6.103516 0 -10.74219 -6.103516 -5.859375 -8.544922 -8.544922 0 -8.544922 -8.544922 -5.859375 -12.20703 0 0 -11.96289 3.173828 0 -12.20703 0 -5.859375 -11.96289 3.173828 -5.859375 -12.20703 0 0 -12.20703 0 -5.859375 -11.96289 -3.173828 0 -11.96289 -3.173828 -5.859375 -3.417969 -12.69531 -5.859375 -4.150391 -14.16016 -5.859375 0 -13.18359 -5.859375 -1.220703 -15.38086 -5.859375 -1.220703 -15.38086 -5.859375 -4.150391 -14.16016 -5.859375 -2.685547 -17.08984 -5.859375 -4.150391 -16.35742 -5.859375 -2.685547 -17.08984 -5.859375 -4.150391 -16.35742 -5.859375 -3.662109 -17.82227 -5.859375 -4.638672 -17.57813 -5.859375 -3.662109 -17.82227 -5.859375 -3.90625 -18.79883 -5.859375 -2.685547 -17.08984 -5.859375 -1.708984 -18.31055 -5.859375 -2.685547 -17.08984 -5.859375 -1.708984 -18.31055 -5.859375 -1.220703 -15.38086 -5.859375 0.4882813 -17.08984 -5.859375 0 -13.18359 -5.859375 -1.220703 -15.38086 -5.859375 1.953125 -15.86914 -5.859375 0.4882813 -17.08984 -5.859375 -3.173828 -11.96289 -5.859375 -3.417969 -12.69531 -5.859375 0 -12.20703 -5.859375 0 -13.18359 -5.859375 3.417969 -12.69531 -5.859375 3.173828 -11.96289 -5.859375 0 -13.18359 -5.859375 0 -12.20703 -5.859375 -6.103516 -10.74219 -5.859375 -8.544922 -8.544922 -5.859375 -6.347656 -11.23047 -5.859375 -9.277344 -9.521485 -5.859375 -13.67187 -11.23047 -5.859375 -14.4043 -10.74219 -5.859375 -14.89258 -11.96289 -5.859375 -15.13672 -11.23047 -5.859375 -6.347656 -11.23047 -5.859375 -9.277344 -9.521485 -5.859375 -7.568359 -12.20703 -5.859375 -10.49805 -10.00977 -5.859375 -6.347656 -11.23047 -5.859375 -3.417969 -12.69531 -5.859375 -6.103516 -10.74219 -5.859375 -3.173828 -11.96289 -5.859375 -7.568359 -12.20703 -5.859375 -4.150391 -14.16016 -5.859375 -6.347656 -11.23047 -5.859375 -3.417969 -12.69531 -5.859375 3.417969 -12.69531 -5.859375 1.953125 -15.86914 -5.859375 3.417969 -14.16016 -5.859375 2.929687 -15.86914 -5.859375 -10.49805 -10.00977 -5.859375 -12.20703 -10.49805 -5.859375 -13.18359 -13.91602 -5.859375 -12.45117 -10.98633 -5.859375 -3.662109 -17.82227 -1.953125 -2.685547 -17.08984 -1.220703 -3.90625 -18.79883 -2.685547 -1.708984 -18.31055 -2.685547 -2.685547 -17.08984 -1.220703 -1.220703 -15.38086 -0.4882813 -1.708984 -18.31055 -2.685547 0.4882813 -17.08984 -2.685547 0 -13.18359 -0.2441406 1.953125 -15.86914 -2.685547 -1.220703 -15.38086 -0.4882813 0.4882813 -17.08984 -2.685547 -3.417969 -12.69531 -2.685547 0 -13.18359 -0.2441406 -3.662109 -14.64844 -2.685547 -1.220703 -15.38086 -0.4882813 -1.220703 -15.38086 -0.4882813 -2.685547 -17.08984 -1.220703 -3.662109 -14.64844 -2.685547 -4.150391 -16.35742 -2.685547 -2.685547 -17.08984 -1.220703 -3.662109 -17.82227 -1.953125 -4.150391 -16.35742 -2.685547 -4.638672 -17.57813 -2.685547 -10.00977 -16.35742 -1.708984 -11.71875 -15.13672 -1.220703 -9.765625 -15.86914 -0.9765625 -11.47461 -14.89258 -0.7324219 -11.71875 -15.13672 -1.220703 -13.18359 -13.91602 -0.7324219 -11.47461 -14.89258 -0.7324219 -12.93945 -13.91602 -0.4882813 -12.45117 -10.98633 0.7324219 -11.23047 -12.20703 0.7324219 -12.93945 -11.23047 0.7324219 -11.71875 -12.45117 0.7324219 -11.23047 -12.20703 0.7324219 -9.521485 -13.67187 0.7324219 -11.71875 -12.45117 0.7324219 -10.00977 -13.91602 0.7324219 -10.00977 -13.91602 0.7324219 -9.521485 -13.67187 0.7324219 -8.300782 -14.64844 0.4882813 -8.056641 -14.16016 0.4882813 -10.98633 -11.96289 0 -9.277344 -13.42773 0 -11.23047 -12.20703 0.7324219 -9.521485 -13.67187 0.7324219 -9.277344 -13.42773 0 -8.056641 -13.91602 0 -9.521485 -13.67187 0.7324219 -8.056641 -14.16016 0.4882813 -12.20703 -10.49805 0 -10.98633 -11.96289 0 -12.45117 -10.98633 0.7324219 -11.23047 -12.20703 0.7324219 -13.67187 -11.23047 0.4882813 -14.89258 -11.96289 -0.4882813 -14.4043 -10.74219 0.2441406 -15.13672 -11.23047 -0.4882813 -11.47461 -14.89258 -0.7324219 -12.93945 -13.91602 -0.4882813 -10.00977 -13.91602 0.7324219 -11.71875 -12.45117 0.7324219 -11.71875 -12.45117 0.7324219 -14.89258 -11.96289 -0.4882813 -12.93945 -11.23047 0.7324219 -13.67187 -11.23047 0.4882813 -9.765625 -14.89258 0 -11.47461 -14.89258 -0.7324219 -9.277344 -14.64844 0 -10.00977 -13.91602 0.7324219 -8.789063 -14.89258 0.2441406 -10.00977 -13.91602 0.7324219 -7.8125 -15.38086 0 -8.300782 -14.64844 0.4882813 -9.765625 -15.86914 -0.9765625 -11.47461 -14.89258 -0.7324219 -9.765625 -15.625 -0.7324219 -9.765625 -15.38086 -0.4882813 -5.859375 -14.89258 0 -7.568359 -17.08984 -1.464844 -7.8125 -15.38086 0 -8.544922 -16.60156 -1.220703 -3.173828 -11.96289 0 0 -12.20703 0 -3.417969 -12.69531 0 0 -13.18359 0 3.417969 -12.69531 0 0 -13.18359 0 3.173828 -11.96289 0 0 -12.20703 0 -6.103516 -10.74219 0 -6.347656 -11.23047 0 -8.544922 -8.544922 0 -9.277344 -9.521485 0 -6.347656 -11.23047 0 -6.103516 -10.74219 0 -3.417969 -12.69531 0 -3.173828 -11.96289 0 -8.789063 -16.60156 -5.859375 -4.150391 -14.16016 -5.859375 -9.765625 -16.11328 -5.859375 -7.568359 -12.20703 -5.859375 -8.789063 -16.60156 -5.859375 -8.789063 -16.60156 -1.953125 -8.789063 -17.08984 -5.859375 -8.789063 -17.08984 -1.953125 -8.544922 -16.60156 -1.220703 -8.789063 -17.08984 -1.953125 -8.544922 -16.35742 -1.220703 -8.789063 -16.60156 -1.953125 -8.544922 -16.35742 -1.220703 -7.8125 -15.38086 -0.2441406 -8.544922 -16.60156 -1.220703 -7.8125 -15.38086 0 -7.8125 -15.38086 -0.2441406 -8.789063 -14.64844 0 -7.8125 -15.38086 0 -8.789063 -14.89258 0.2441406 -9.277344 -15.625 -0.7324219 -9.765625 -15.625 -0.7324219 -9.521485 -15.38086 -0.7324219 -9.765625 -15.38086 -0.4882813 -9.277344 -14.64844 0 -9.277344 -14.64844 0 -8.789063 -14.64844 0 -8.789063 -14.89258 0.2441406 -9.521485 -14.89258 -0.2441406 -9.765625 -14.89258 0 -9.277344 -14.64844 0 -9.277344 -14.64844 0 -9.521485 -15.38086 -0.7324219 -9.765625 -15.38086 -0.4882813 -9.521485 -14.89258 -0.2441406 -9.765625 -14.89258 0 -9.765625 -16.11328 -5.859375 -10.00977 -16.35742 -5.859375 -9.765625 -16.11328 -1.708984 -10.00977 -16.35742 -1.708984 -10.00977 -16.35742 -1.708984 -9.765625 -15.86914 -0.9765625 -9.765625 -16.11328 -1.708984 -9.277344 -15.625 -0.7324219 -6.591797 -17.08984 -1.464844 -5.859375 -16.8457 -1.708984 -6.835937 -17.57813 -2.197266 -5.859375 -17.33399 -2.197266 -7.568359 -17.08984 -1.464844 -6.591797 -17.08984 -1.464844 -7.8125 -17.57813 -2.197266 -6.835937 -17.57813 -2.197266 -8.544922 -16.60156 -1.220703 -7.568359 -17.08984 -1.464844 -8.789063 -17.08984 -1.953125 -7.8125 -17.57813 -2.197266 3.417969 -12.69531 -2.685547 3.417969 -14.16016 -2.685547 1.953125 -15.86914 -2.685547 2.929687 -15.86914 -2.685547 -4.638672 -17.57813 -2.685547 -4.638672 -17.57813 -5.859375 -4.150391 -16.35742 -2.685547 -4.150391 -16.35742 -5.859375 -4.394531 -18.31055 -2.197266 -4.394531 -18.31055 -5.859375 -4.638672 -17.57813 -2.685547 -4.638672 -17.57813 -5.859375 -4.394531 -18.31055 -2.197266 -3.90625 -18.79883 -2.685547 -4.394531 -18.31055 -5.859375 -3.90625 -18.79883 -5.859375 -3.90625 -18.79883 -2.685547 -1.708984 -18.31055 -2.685547 -3.90625 -18.79883 -5.859375 -1.708984 -18.31055 -5.859375 -1.708984 -18.31055 -2.685547 0.4882813 -17.08984 -2.685547 -1.708984 -18.31055 -5.859375 0.4882813 -17.08984 -5.859375 0.4882813 -17.08984 -2.685547 1.953125 -15.86914 -2.685547 0.4882813 -17.08984 -5.859375 1.953125 -15.86914 -5.859375 3.417969 -12.69531 0 3.173828 -11.96289 0 3.417969 -12.69531 -5.859375 3.173828 -11.96289 -5.859375 -15.13672 -11.23047 -0.4882813 -15.13672 -11.23047 -5.859375 -14.4043 -10.74219 0.2441406 -14.4043 -10.74219 -5.859375 -14.89258 -11.96289 -0.4882813 -14.89258 -11.96289 -5.859375 -15.13672 -11.23047 -0.4882813 -15.13672 -11.23047 -5.859375 -4.882812 -16.11328 -2.685547 -4.150391 -16.35742 -2.685547 -4.882812 -16.11328 -5.859375 -4.150391 -16.35742 -5.859375 -13.18359 -13.91602 -0.7324219 -13.18359 -13.91602 -5.859375 -14.89258 -11.96289 -0.4882813 -14.89258 -11.96289 -5.859375 -10.00977 -16.35742 -1.708984 -10.00977 -16.35742 -5.859375 -11.71875 -15.13672 -1.220703 -11.71875 -15.13672 -5.859375 -11.71875 -15.13672 -1.220703 -11.71875 -15.13672 -5.859375 -13.18359 -13.91602 -0.7324219 -13.18359 -13.91602 -5.859375 -5.859375 -17.33399 -2.197266 -4.882812 -16.11328 -1.708984 -5.859375 -17.33399 -5.859375 -4.882812 -16.11328 -5.859375 -6.835937 -17.57813 -2.197266 -5.859375 -17.33399 -2.197266 -6.835937 -17.57813 -5.859375 -5.859375 -17.33399 -5.859375 -7.8125 -17.57813 -2.197266 -6.835937 -17.57813 -2.197266 -7.8125 -17.57813 -5.859375 -6.835937 -17.57813 -5.859375 -8.789063 -17.08984 -1.953125 -7.8125 -17.57813 -2.197266 -8.789063 -17.08984 -5.859375 -7.8125 -17.57813 -5.859375 2.929687 -15.86914 -2.685547 3.417969 -14.16016 -2.685547 2.929687 -15.86914 -5.859375 3.417969 -14.16016 -5.859375 3.417969 -14.16016 -2.685547 3.417969 -12.69531 -2.685547 3.417969 -14.16016 -5.859375 3.417969 -12.69531 -5.859375 -3.417969 -12.69531 -2.685547 -3.417969 -12.69531 0 0 -13.18359 -0.2441406 0 -13.18359 0 0 -13.18359 -0.2441406 0 -13.18359 0 3.417969 -12.69531 -2.685547 3.417969 -12.69531 0 -9.277344 -9.521485 -5.859375 -9.277344 -9.521485 -2.685547 -10.49805 -10.00977 -5.859375 -10.49805 -10.00977 -2.685547 -9.277344 -9.521485 0 -10.49805 -10.00977 0 -9.277344 -9.521485 -2.685547 -10.49805 -10.00977 -2.685547 -10.49805 -10.00977 -5.859375 -10.49805 -10.00977 -2.685547 -12.20703 -10.49805 -5.859375 -12.20703 -10.49805 -2.685547 -10.49805 -10.00977 0 -12.20703 -10.49805 0 -10.49805 -10.00977 -2.685547 -12.20703 -10.49805 -2.685547 1.953125 -15.86914 -2.685547 2.929687 -15.86914 -2.685547 1.953125 -15.86914 -5.859375 2.929687 -15.86914 -5.859375 -12.93945 -11.23047 0.7324219 -12.93945 -11.23047 -5.859375 -12.45117 -10.98633 0.7324219 -12.45117 -10.98633 -5.859375 -13.67187 -11.23047 0.4882813 -14.4043 -10.74219 0.2441406 -13.67187 -11.23047 -5.859375 -14.4043 -10.74219 -5.859375 -13.67187 -11.23047 0.4882813 -13.67187 -11.23047 -5.859375 -12.93945 -11.23047 0.7324219 -12.93945 -11.23047 -5.859375 -12.45117 -10.98633 -5.859375 -12.20703 -10.49805 -2.685547 -12.45117 -10.98633 0.7324219 -12.20703 -10.49805 0 -4.882812 -16.11328 -2.685547 -5.859375 -14.89258 -2.685547 -3.662109 -14.64844 -2.685547 -4.638672 -13.91602 -2.685547 -6.347656 -11.23047 0 -7.568359 -12.20703 0 -9.277344 -9.521485 0 -10.49805 -10.00977 0 -7.568359 -12.20703 0 -6.347656 -11.23047 0 -4.638672 -13.91602 0 -3.417969 -12.69531 0 -5.859375 -14.89258 0 -8.056641 -13.91602 0 -4.638672 -13.91602 0 -7.568359 -12.20703 0 -3.417969 -12.69531 -2.685547 -3.417969 -12.69531 -2.685547 -3.662109 -14.64844 -2.685547 -3.662109 -14.64844 -2.685547 -3.662109 -14.64844 -2.685547 -3.662109 -14.64844 -2.685547 -4.882812 -16.11328 -2.685547 -4.882812 -16.11328 -2.685547 -3.417969 -12.69531 -2.685547 -4.638672 -13.91602 -2.685547 -3.417969 -12.69531 0 -4.638672 -13.91602 0 -4.638672 -13.91602 -2.685547 -5.859375 -14.89258 -2.685547 -4.638672 -13.91602 0 -5.859375 -14.89258 0 -4.882812 -16.11328 -2.685547 -4.882812 -16.11328 -1.708984 -5.859375 -14.89258 -2.685547 -5.859375 -14.89258 0 -3.173828 -11.96289 0 -3.173828 -11.96289 -5.859375 0 -12.20703 0 0 -12.20703 -5.859375 0 -12.20703 0 0 -12.20703 -5.859375 3.173828 -11.96289 0 3.173828 -11.96289 -5.859375 -6.103516 -10.74219 0 -8.544922 -8.544922 0 -6.103516 -10.74219 -5.859375 -8.544922 -8.544922 -5.859375 -6.103516 -10.74219 0 -6.103516 -10.74219 -5.859375 -3.173828 -11.96289 0 -3.173828 -11.96289 -5.859375 0 7.568359 0 -1.953125 7.324219 0 0 7.8125 -0.2441406 -1.953125 7.568359 -0.2441406 0 12.45117 -5.615234 0 12.45117 -0.2441406 -1.953125 12.20703 -5.615234 -1.953125 12.20703 -0.2441406 0 -7.568359 0 1.953125 -7.324219 0 0 -7.8125 -0.2441406 1.953125 -7.568359 -0.2441406 0 -12.45117 -5.615234 0 -12.45117 -0.2441406 1.953125 -12.20703 -5.615234 1.953125 -12.20703 -0.2441406 0 7.568359 0 0 7.8125 -0.2441406 1.953125 7.324219 0 1.953125 7.568359 -0.2441406 0 12.45117 -5.615234 1.953125 12.20703 -5.615234 0 12.45117 -0.2441406 1.953125 12.20703 -0.2441406 0 -7.568359 0 0 -7.8125 -0.2441406 -1.953125 -7.324219 0 -1.953125 -7.568359 -0.2441406 0 -12.45117 -5.615234 -1.953125 -12.20703 -5.615234 0 -12.45117 -0.2441406 -1.953125 -12.20703 -0.2441406 -5.615234 0 -2.441406 -5.126953 2.197266 -2.441406 -5.615234 0 0 -5.126953 2.197266 0 -5.126953 2.197266 -2.441406 -3.90625 4.150391 -2.441406 -5.126953 2.197266 0 -3.90625 4.150391 0 -3.90625 4.150391 -2.441406 -1.953125 5.371094 -2.441406 -3.90625 4.150391 0 -1.953125 5.371094 0 5.615234 0 -2.441406 5.126953 -2.197266 -2.441406 5.615234 0 0 5.126953 -2.197266 0 5.126953 -2.197266 -2.441406 3.90625 -4.150391 -2.441406 5.126953 -2.197266 0 3.90625 -4.150391 0 3.90625 -4.150391 -2.441406 1.953125 -5.371094 -2.441406 3.90625 -4.150391 0 1.953125 -5.371094 0 5.615234 0 -2.441406 5.615234 0 0 5.126953 2.197266 -2.441406 5.126953 2.197266 0 5.126953 2.197266 -2.441406 5.126953 2.197266 0 3.90625 4.150391 -2.441406 3.90625 4.150391 0 3.90625 4.150391 -2.441406 3.90625 4.150391 0 1.953125 5.371094 -2.441406 1.953125 5.371094 0 -5.615234 0 -2.441406 -5.615234 0 0 -5.126953 -2.197266 -2.441406 -5.126953 -2.197266 0 -5.126953 -2.197266 -2.441406 -5.126953 -2.197266 0 -3.90625 -4.150391 -2.441406 -3.90625 -4.150391 0 -3.90625 -4.150391 -2.441406 -3.90625 -4.150391 0 -1.953125 -5.371094 -2.441406 -1.953125 -5.371094 0 -6.835937 11.96289 -0.2441406 -6.835937 11.96289 -5.859375 -3.417969 13.42773 -0.2441406 -3.417969 13.42773 -5.859375 -11.96289 6.835937 -0.2441406 -11.96289 6.835937 -5.859375 -9.765625 9.765625 -0.2441406 -9.765625 9.765625 -5.859375 -13.42773 3.417969 -0.2441406 -13.42773 3.417969 -5.859375 -11.96289 6.835937 -0.2441406 -11.96289 6.835937 -5.859375 -13.67187 0 -0.2441406 -13.67187 0 -5.859375 -13.42773 3.417969 -0.2441406 -13.42773 3.417969 -5.859375 -9.765625 9.765625 -0.2441406 -9.765625 9.765625 -5.859375 -6.835937 11.96289 -0.2441406 -6.835937 11.96289 -5.859375 -3.417969 13.42773 -0.2441406 -3.417969 13.42773 -5.859375 0 13.67187 -0.2441406 0 13.67187 -5.859375 6.835937 -11.96289 -0.2441406 6.835937 -11.96289 -5.859375 3.417969 -13.42773 -0.2441406 3.417969 -13.42773 -5.859375 11.96289 -6.835937 -0.2441406 11.96289 -6.835937 -5.859375 9.765625 -9.765625 -0.2441406 9.765625 -9.765625 -5.859375 13.42773 -3.417969 -0.2441406 13.42773 -3.417969 -5.859375 11.96289 -6.835937 -0.2441406 11.96289 -6.835937 -5.859375 13.67187 0 -0.2441406 13.67187 0 -5.859375 13.42773 -3.417969 -0.2441406 13.42773 -3.417969 -5.859375 9.765625 -9.765625 -0.2441406 9.765625 -9.765625 -5.859375 6.835937 -11.96289 -0.2441406 6.835937 -11.96289 -5.859375 3.417969 -13.42773 -0.2441406 3.417969 -13.42773 -5.859375 0 -13.67187 -0.2441406 0 -13.67187 -5.859375 6.835937 11.96289 -0.2441406 3.417969 13.42773 -0.2441406 6.835937 11.96289 -5.859375 3.417969 13.42773 -5.859375 11.96289 6.835937 -0.2441406 9.765625 9.765625 -0.2441406 11.96289 6.835937 -5.859375 9.765625 9.765625 -5.859375 13.42773 3.417969 -0.2441406 11.96289 6.835937 -0.2441406 13.42773 3.417969 -5.859375 11.96289 6.835937 -5.859375 13.67187 0 -0.2441406 13.42773 3.417969 -0.2441406 13.67187 0 -5.859375 13.42773 3.417969 -5.859375 9.765625 9.765625 -0.2441406 6.835937 11.96289 -0.2441406 9.765625 9.765625 -5.859375 6.835937 11.96289 -5.859375 3.417969 13.42773 -0.2441406 0 13.67187 -0.2441406 3.417969 13.42773 -5.859375 0 13.67187 -5.859375 -6.835937 -11.96289 -0.2441406 -3.417969 -13.42773 -0.2441406 -6.835937 -11.96289 -5.859375 -3.417969 -13.42773 -5.859375 -11.96289 -6.835937 -0.2441406 -9.765625 -9.765625 -0.2441406 -11.96289 -6.835937 -5.859375 -9.765625 -9.765625 -5.859375 -13.42773 -3.417969 -0.2441406 -11.96289 -6.835937 -0.2441406 -13.42773 -3.417969 -5.859375 -11.96289 -6.835937 -5.859375 -13.67187 0 -0.2441406 -13.42773 -3.417969 -0.2441406 -13.67187 0 -5.859375 -13.42773 -3.417969 -5.859375 -9.765625 -9.765625 -0.2441406 -6.835937 -11.96289 -0.2441406 -9.765625 -9.765625 -5.859375 -6.835937 -11.96289 -5.859375 -3.417969 -13.42773 -0.2441406 0 -13.67187 -0.2441406 -3.417969 -13.42773 -5.859375 0 -13.67187 -5.859375 -3.90625 10.74219 -5.615234 0 8.789063 -5.615234 -5.615234 9.765625 -5.615234 -5.859375 5.126953 -5.615234 0 11.96289 -5.615234 0 11.47461 -5.615234 -2.197266 11.71875 -5.615234 -2.441406 10.98633 -5.615234 -2.685547 12.20703 -5.615234 0 12.45117 -5.615234 -2.197266 11.71875 -5.615234 0 11.96289 -5.615234 -3.90625 10.74219 -5.859375 -5.615234 9.765625 -5.859375 0 8.789063 -5.859375 -5.859375 5.126953 -5.859375 -7.324219 2.929687 -5.859375 -11.71875 4.150391 -5.859375 -12.45117 0 -5.859375 -12.20703 1.953125 -5.859375 0 11.96289 -5.859375 -2.197266 11.71875 -5.859375 0 11.47461 -5.859375 -2.441406 10.98633 -5.859375 -2.685547 12.20703 -5.859375 -2.197266 11.71875 -5.859375 0 12.45117 -5.859375 0 11.96289 -5.859375 -9.521485 4.150391 -5.615234 -11.71875 4.150391 -5.615234 -10.00977 5.126953 -5.615234 -10.74219 6.103516 -5.615234 -9.521485 4.150391 -5.859375 -10.00977 5.126953 -5.859375 -11.71875 4.150391 -5.859375 -10.74219 6.103516 -5.859375 9.277344 -7.324219 -5.859375 9.277344 -7.324219 -5.615234 9.521485 -8.056641 -5.859375 9.521485 -8.056641 -5.615234 3.90625 -10.74219 -5.615234 0 -8.789063 -5.615234 5.615234 -9.765625 -5.615234 5.859375 -5.126953 -5.615234 0 -11.96289 -5.615234 0 -11.47461 -5.615234 2.197266 -11.71875 -5.615234 2.441406 -10.98633 -5.615234 2.685547 -12.20703 -5.615234 0 -12.45117 -5.615234 2.197266 -11.71875 -5.615234 0 -11.96289 -5.615234 3.90625 -10.74219 -5.859375 5.615234 -9.765625 -5.859375 0 -8.789063 -5.859375 5.859375 -5.126953 -5.859375 0 -11.96289 -5.859375 2.197266 -11.71875 -5.859375 0 -11.47461 -5.859375 2.441406 -10.98633 -5.859375 2.685547 -12.20703 -5.859375 2.197266 -11.71875 -5.859375 0 -12.45117 -5.859375 0 -11.96289 -5.859375 9.521485 -4.150391 -5.615234 11.71875 -4.150391 -5.615234 10.00977 -5.126953 -5.615234 10.74219 -6.103516 -5.615234 9.521485 -4.150391 -5.859375 10.00977 -5.126953 -5.859375 11.71875 -4.150391 -5.859375 10.74219 -6.103516 -5.859375 3.90625 10.74219 -5.615234 5.615234 9.765625 -5.615234 0 8.789063 -5.615234 5.859375 5.126953 -5.615234 7.324219 2.929687 -5.615234 11.71875 4.150391 -5.615234 12.45117 0 -5.615234 12.20703 1.953125 -5.615234 0 11.96289 -5.615234 2.197266 11.71875 -5.615234 0 11.47461 -5.615234 2.441406 10.98633 -5.615234 2.685547 12.20703 -5.615234 2.197266 11.71875 -5.615234 0 12.45117 -5.615234 0 11.96289 -5.615234 3.90625 10.74219 -5.859375 0 8.789063 -5.859375 5.615234 9.765625 -5.859375 5.859375 5.126953 -5.859375 0 11.96289 -5.859375 0 11.47461 -5.859375 2.197266 11.71875 -5.859375 2.441406 10.98633 -5.859375 2.685547 12.20703 -5.859375 0 12.45117 -5.859375 2.197266 11.71875 -5.859375 0 11.96289 -5.859375 9.521485 4.150391 -5.615234 10.00977 5.126953 -5.615234 11.71875 4.150391 -5.615234 10.74219 6.103516 -5.615234 9.521485 4.150391 -5.859375 11.71875 4.150391 -5.859375 10.00977 5.126953 -5.859375 10.74219 6.103516 -5.859375 -3.90625 -10.74219 -5.615234 -5.615234 -9.765625 -5.615234 0 -8.789063 -5.615234 -5.859375 -5.126953 -5.615234 0 -11.96289 -5.615234 -2.197266 -11.71875 -5.615234 0 -11.47461 -5.615234 -2.441406 -10.98633 -5.615234 -2.685547 -12.20703 -5.615234 -2.197266 -11.71875 -5.615234 0 -12.45117 -5.615234 0 -11.96289 -5.615234 -3.90625 -10.74219 -5.859375 0 -8.789063 -5.859375 -5.615234 -9.765625 -5.859375 -5.859375 -5.126953 -5.859375 0 -11.96289 -5.859375 0 -11.47461 -5.859375 -2.197266 -11.71875 -5.859375 -2.441406 -10.98633 -5.859375 -2.685547 -12.20703 -5.859375 0 -12.45117 -5.859375 -2.197266 -11.71875 -5.859375 0 -11.96289 -5.859375 -9.521485 -4.150391 -5.615234 -10.00977 -5.126953 -5.615234 -11.71875 -4.150391 -5.615234 -10.74219 -6.103516 -5.615234 -9.521485 -4.150391 -5.859375 -11.71875 -4.150391 -5.859375 -10.00977 -5.126953 -5.859375 -10.74219 -6.103516 -5.859375 -12.45117 0 -5.615234 -7.324219 -2.929687 -5.615234 -12.20703 -1.953125 -5.615234 -11.71875 -4.150391 -5.615234 -7.324219 -2.929687 -5.859375 -12.45117 0 -5.859375 -11.71875 -4.150391 -5.859375 -12.20703 -1.953125 -5.859375 7.324219 -2.929687 -5.615234 12.45117 0 -5.615234 11.71875 -4.150391 -5.615234 12.20703 -1.953125 -5.615234 12.45117 0 -5.859375 7.324219 -2.929687 -5.859375 12.20703 -1.953125 -5.859375 11.71875 -4.150391 -5.859375 7.324219 2.929687 -5.859375 12.45117 0 -5.859375 11.71875 4.150391 -5.859375 12.20703 1.953125 -5.859375 -7.324219 2.929687 -5.615234 -12.45117 0 -5.615234 -11.71875 4.150391 -5.615234 -12.20703 1.953125 -5.615234 -6.103516 10.74219 -5.859375 -6.103516 10.74219 -5.615234 -4.150391 11.71875 -5.859375 -4.150391 11.71875 -5.615234 -8.056641 9.521485 -5.859375 -8.056641 9.521485 -5.615234 -6.103516 10.74219 -5.859375 -6.103516 10.74219 -5.615234 -9.521485 8.056641 -5.859375 -9.521485 8.056641 -5.615234 -8.056641 9.521485 -5.859375 -8.056641 9.521485 -5.615234 -4.150391 11.71875 -5.859375 -4.150391 11.71875 -5.615234 -2.685547 12.20703 -5.859375 -2.685547 12.20703 -5.615234 -1.953125 12.20703 -0.2441406 0 12.45117 -0.2441406 -2.685547 12.20703 -5.615234 0 12.45117 -5.615234 -6.103516 10.74219 -0.2441406 -4.150391 11.71875 -0.2441406 -6.103516 10.74219 -5.615234 -4.150391 11.71875 -5.615234 -8.056641 9.521485 -0.2441406 -6.103516 10.74219 -0.2441406 -8.056641 9.521485 -5.615234 -6.103516 10.74219 -5.615234 -10.74219 6.103516 -0.2441406 -9.521485 8.056641 -0.2441406 -10.74219 6.103516 -5.615234 -9.521485 8.056641 -5.615234 -11.71875 4.150391 -0.2441406 -10.74219 6.103516 -0.2441406 -11.71875 4.150391 -5.615234 -10.74219 6.103516 -5.615234 -12.45117 0 -0.2441406 -12.20703 2.197266 -0.2441406 -12.45117 0 -5.615234 -12.20703 1.953125 -5.615234 -12.20703 2.197266 -0.2441406 -11.71875 4.150391 -0.2441406 -12.20703 1.953125 -5.615234 -11.71875 4.150391 -5.615234 -9.521485 8.056641 -0.2441406 -8.056641 9.521485 -0.2441406 -9.521485 8.056641 -5.615234 -8.056641 9.521485 -5.615234 -4.150391 11.71875 -0.2441406 -1.953125 12.20703 -0.2441406 -4.150391 11.71875 -5.615234 -2.685547 12.20703 -5.615234 6.103516 -10.74219 -5.859375 6.103516 -10.74219 -5.615234 4.150391 -11.71875 -5.859375 4.150391 -11.71875 -5.615234 8.056641 -9.521485 -5.859375 8.056641 -9.521485 -5.615234 6.103516 -10.74219 -5.859375 6.103516 -10.74219 -5.615234 9.521485 -8.056641 -5.859375 9.521485 -8.056641 -5.615234 8.056641 -9.521485 -5.859375 8.056641 -9.521485 -5.615234 4.150391 -11.71875 -5.859375 4.150391 -11.71875 -5.615234 2.685547 -12.20703 -5.859375 2.685547 -12.20703 -5.615234 1.953125 -12.20703 -0.2441406 0 -12.45117 -0.2441406 2.685547 -12.20703 -5.615234 0 -12.45117 -5.615234 6.103516 -10.74219 -0.2441406 4.150391 -11.71875 -0.2441406 6.103516 -10.74219 -5.615234 4.150391 -11.71875 -5.615234 8.056641 -9.521485 -0.2441406 6.103516 -10.74219 -0.2441406 8.056641 -9.521485 -5.615234 6.103516 -10.74219 -5.615234 10.74219 -6.103516 -0.2441406 9.521485 -8.056641 -0.2441406 10.74219 -6.103516 -5.615234 9.521485 -8.056641 -5.615234 11.71875 -4.150391 -0.2441406 10.74219 -6.103516 -0.2441406 11.71875 -4.150391 -5.615234 10.74219 -6.103516 -5.615234 12.45117 0 -0.2441406 12.20703 -2.197266 -0.2441406 12.45117 0 -5.615234 12.20703 -1.953125 -5.615234 12.20703 -2.197266 -0.2441406 11.71875 -4.150391 -0.2441406 12.20703 -1.953125 -5.615234 11.71875 -4.150391 -5.615234 9.521485 -8.056641 -0.2441406 8.056641 -9.521485 -0.2441406 9.521485 -8.056641 -5.615234 8.056641 -9.521485 -5.615234 4.150391 -11.71875 -0.2441406 1.953125 -12.20703 -0.2441406 4.150391 -11.71875 -5.615234 2.685547 -12.20703 -5.615234 6.103516 10.74219 -5.859375 4.150391 11.71875 -5.859375 6.103516 10.74219 -5.615234 4.150391 11.71875 -5.615234 8.056641 9.521485 -5.859375 6.103516 10.74219 -5.859375 8.056641 9.521485 -5.615234 6.103516 10.74219 -5.615234 9.521485 8.056641 -5.859375 8.056641 9.521485 -5.859375 9.521485 8.056641 -5.615234 8.056641 9.521485 -5.615234 4.150391 11.71875 -5.859375 2.685547 12.20703 -5.859375 4.150391 11.71875 -5.615234 2.685547 12.20703 -5.615234 1.953125 12.20703 -0.2441406 2.685547 12.20703 -5.615234 0 12.45117 -0.2441406 0 12.45117 -5.615234 6.103516 10.74219 -0.2441406 6.103516 10.74219 -5.615234 4.150391 11.71875 -0.2441406 4.150391 11.71875 -5.615234 8.056641 9.521485 -0.2441406 8.056641 9.521485 -5.615234 6.103516 10.74219 -0.2441406 6.103516 10.74219 -5.615234 10.74219 6.103516 -0.2441406 10.74219 6.103516 -5.615234 9.521485 8.056641 -0.2441406 9.521485 8.056641 -5.615234 11.71875 4.150391 -0.2441406 11.71875 4.150391 -5.615234 10.74219 6.103516 -0.2441406 10.74219 6.103516 -5.615234 12.45117 0 -0.2441406 12.45117 0 -5.615234 12.20703 2.197266 -0.2441406 12.20703 1.953125 -5.615234 12.20703 2.197266 -0.2441406 12.20703 1.953125 -5.615234 11.71875 4.150391 -0.2441406 11.71875 4.150391 -5.615234 9.521485 8.056641 -0.2441406 9.521485 8.056641 -5.615234 8.056641 9.521485 -0.2441406 8.056641 9.521485 -5.615234 4.150391 11.71875 -0.2441406 4.150391 11.71875 -5.615234 1.953125 12.20703 -0.2441406 2.685547 12.20703 -5.615234 -6.103516 -10.74219 -5.859375 -4.150391 -11.71875 -5.859375 -6.103516 -10.74219 -5.615234 -4.150391 -11.71875 -5.615234 -8.056641 -9.521485 -5.859375 -6.103516 -10.74219 -5.859375 -8.056641 -9.521485 -5.615234 -6.103516 -10.74219 -5.615234 -9.521485 -8.056641 -5.859375 -8.056641 -9.521485 -5.859375 -9.521485 -8.056641 -5.615234 -8.056641 -9.521485 -5.615234 -4.150391 -11.71875 -5.859375 -2.685547 -12.20703 -5.859375 -4.150391 -11.71875 -5.615234 -2.685547 -12.20703 -5.615234 -1.953125 -12.20703 -0.2441406 -2.685547 -12.20703 -5.615234 0 -12.45117 -0.2441406 0 -12.45117 -5.615234 -6.103516 -10.74219 -0.2441406 -6.103516 -10.74219 -5.615234 -4.150391 -11.71875 -0.2441406 -4.150391 -11.71875 -5.615234 -8.056641 -9.521485 -0.2441406 -8.056641 -9.521485 -5.615234 -6.103516 -10.74219 -0.2441406 -6.103516 -10.74219 -5.615234 -10.74219 -6.103516 -0.2441406 -10.74219 -6.103516 -5.615234 -9.521485 -8.056641 -0.2441406 -9.521485 -8.056641 -5.615234 -11.71875 -4.150391 -0.2441406 -11.71875 -4.150391 -5.615234 -10.74219 -6.103516 -0.2441406 -10.74219 -6.103516 -5.615234 -12.45117 0 -0.2441406 -12.45117 0 -5.615234 -12.20703 -2.197266 -0.2441406 -12.20703 -1.953125 -5.615234 -12.20703 -2.197266 -0.2441406 -12.20703 -1.953125 -5.615234 -11.71875 -4.150391 -0.2441406 -11.71875 -4.150391 -5.615234 -9.521485 -8.056641 -0.2441406 -9.521485 -8.056641 -5.615234 -8.056641 -9.521485 -0.2441406 -8.056641 -9.521485 -5.615234 -4.150391 -11.71875 -0.2441406 -4.150391 -11.71875 -5.615234 -1.953125 -12.20703 -0.2441406 -2.685547 -12.20703 -5.615234 -1.464844 3.173828 -2.441406 -1.464844 3.173828 0 0 3.417969 -2.441406 0 3.417969 0 -2.441406 2.441406 -2.441406 -2.441406 2.441406 0 -1.464844 3.173828 -2.441406 -1.464844 3.173828 0 -3.173828 1.464844 -2.441406 -3.173828 1.464844 0 -2.441406 2.441406 -2.441406 -2.441406 2.441406 0 -3.417969 0 -2.441406 -3.417969 0 0 -3.173828 1.464844 -2.441406 -3.173828 1.464844 0 1.464844 -3.173828 -2.441406 1.464844 -3.173828 0 0 -3.417969 -2.441406 0 -3.417969 0 2.441406 -2.441406 -2.441406 2.441406 -2.441406 0 1.464844 -3.173828 -2.441406 1.464844 -3.173828 0 3.173828 -1.464844 -2.441406 3.173828 -1.464844 0 2.441406 -2.441406 -2.441406 2.441406 -2.441406 0 3.417969 0 -2.441406 3.417969 0 0 3.173828 -1.464844 -2.441406 3.173828 -1.464844 0 1.464844 3.173828 -2.441406 0 3.417969 -2.441406 1.464844 3.173828 0 0 3.417969 0 2.441406 2.441406 -2.441406 1.464844 3.173828 -2.441406 2.441406 2.441406 0 1.464844 3.173828 0 3.173828 1.464844 -2.441406 2.441406 2.441406 -2.441406 3.173828 1.464844 0 2.441406 2.441406 0 3.417969 0 -2.441406 3.173828 1.464844 -2.441406 3.417969 0 0 3.173828 1.464844 0 -1.464844 -3.173828 -2.441406 0 -3.417969 -2.441406 -1.464844 -3.173828 0 0 -3.417969 0 -2.441406 -2.441406 -2.441406 -1.464844 -3.173828 -2.441406 -2.441406 -2.441406 0 -1.464844 -3.173828 0 -3.173828 -1.464844 -2.441406 -2.441406 -2.441406 -2.441406 -3.173828 -1.464844 0 -2.441406 -2.441406 0 -3.417969 0 -2.441406 -3.173828 -1.464844 -2.441406 -3.417969 0 0 -3.173828 -1.464844 0 -1.464844 3.173828 0 -1.464844 3.417969 0 0 3.417969 0 0 3.662109 0 -2.441406 2.441406 0 -2.441406 2.685547 0 -1.464844 3.173828 0 -1.464844 3.417969 0 -3.173828 1.464844 0 -3.417969 1.464844 0 -2.441406 2.441406 0 -2.441406 2.685547 0 -3.417969 0 0 -3.662109 0 0 -3.173828 1.464844 0 -3.417969 1.464844 0 1.464844 -3.173828 0 1.464844 -3.417969 0 0 -3.417969 0 0 -3.662109 0 2.441406 -2.441406 0 2.441406 -2.685547 0 1.464844 -3.173828 0 1.464844 -3.417969 0 3.173828 -1.464844 0 3.417969 -1.464844 0 2.441406 -2.441406 0 2.441406 -2.685547 0 3.417969 0 0 3.662109 0 0 3.173828 -1.464844 0 3.417969 -1.464844 0 1.464844 3.173828 0 0 3.417969 0 1.464844 3.417969 0 0 3.662109 0 2.441406 2.441406 0 1.464844 3.173828 0 2.441406 2.685547 0 1.464844 3.417969 0 3.173828 1.464844 0 2.441406 2.441406 0 3.417969 1.464844 0 2.441406 2.685547 0 3.417969 0 0 3.173828 1.464844 0 3.662109 0 0 3.417969 1.464844 0 -1.464844 -3.173828 0 0 -3.417969 0 -1.464844 -3.417969 0 0 -3.662109 0 -2.441406 -2.441406 0 -1.464844 -3.173828 0 -2.441406 -2.685547 0 -1.464844 -3.417969 0 -3.173828 -1.464844 0 -2.441406 -2.441406 0 -3.417969 -1.464844 0 -2.441406 -2.685547 0 -3.417969 0 0 -3.173828 -1.464844 0 -3.662109 0 0 -3.417969 -1.464844 0 -1.464844 3.417969 0 -1.953125 5.371094 0 0 3.662109 0 0 5.615234 0 -2.441406 2.685547 0 -3.90625 4.150391 0 -1.464844 3.417969 0 -1.953125 5.371094 0 -3.417969 1.464844 0 -5.126953 2.197266 0 -2.441406 2.685547 0 -3.90625 4.150391 0 -3.662109 0 0 -5.615234 0 0 -3.417969 1.464844 0 -5.126953 2.197266 0 1.464844 -3.417969 0 1.953125 -5.371094 0 0 -3.662109 0 0 -5.615234 0 2.441406 -2.685547 0 3.90625 -4.150391 0 1.464844 -3.417969 0 1.953125 -5.371094 0 3.417969 -1.464844 0 5.126953 -2.197266 0 2.441406 -2.685547 0 3.90625 -4.150391 0 3.662109 0 0 5.615234 0 0 3.417969 -1.464844 0 5.126953 -2.197266 0 1.464844 3.417969 0 0 3.662109 0 1.953125 5.371094 0 0 5.615234 0 2.441406 2.685547 0 1.464844 3.417969 0 3.90625 4.150391 0 1.953125 5.371094 0 3.417969 1.464844 0 2.441406 2.685547 0 5.126953 2.197266 0 3.90625 4.150391 0 3.662109 0 0 3.417969 1.464844 0 5.615234 0 0 5.126953 2.197266 0 -1.464844 -3.417969 0 0 -3.662109 0 -1.953125 -5.371094 0 0 -5.615234 0 -2.441406 -2.685547 0 -1.464844 -3.417969 0 -3.90625 -4.150391 0 -1.953125 -5.371094 0 -3.417969 -1.464844 0 -2.441406 -2.685547 0 -5.126953 -2.197266 0 -3.90625 -4.150391 0 -3.662109 0 0 -3.417969 -1.464844 0 -5.615234 0 0 -5.126953 -2.197266 0 -1.953125 5.371094 0 -1.953125 7.324219 0 0 5.615234 0 0 7.568359 0 1.953125 -5.371094 0 1.953125 -7.324219 0 0 -5.615234 0 0 -7.568359 0 1.953125 5.371094 0 0 5.615234 0 1.953125 7.324219 0 0 7.568359 0 -1.953125 -5.371094 0 0 -5.615234 0 -1.953125 -7.324219 0 0 -7.568359 0 -1.953125 5.371094 -2.441406 -1.953125 7.568359 -2.441406 -1.953125 5.371094 0 -1.953125 7.568359 -0.2441406 -1.953125 7.568359 -5.615234 -1.953125 12.20703 -5.615234 -1.953125 7.568359 -2.441406 -1.953125 12.20703 -0.2441406 1.953125 -5.371094 -2.441406 1.953125 -7.568359 -2.441406 1.953125 -5.371094 0 1.953125 -7.568359 -0.2441406 1.953125 -7.568359 -5.615234 1.953125 -12.20703 -5.615234 1.953125 -7.568359 -2.441406 1.953125 -12.20703 -0.2441406 1.953125 5.371094 -2.441406 1.953125 5.371094 0 1.953125 7.568359 -2.441406 1.953125 7.568359 -0.2441406 1.953125 7.568359 -5.615234 1.953125 7.568359 -2.441406 1.953125 12.20703 -5.615234 1.953125 12.20703 -0.2441406 -1.953125 -5.371094 -2.441406 -1.953125 -5.371094 0 -1.953125 -7.568359 -2.441406 -1.953125 -7.568359 -0.2441406 -1.953125 -7.568359 -5.615234 -1.953125 -7.568359 -2.441406 -1.953125 -12.20703 -5.615234 -1.953125 -12.20703 -0.2441406 -1.953125 12.20703 -0.2441406 0 12.45117 -0.2441406 -1.953125 7.568359 -0.2441406 0 7.8125 -0.2441406 0 8.789063 -5.615234 -1.953125 7.568359 -5.615234 0 8.789063 -2.441406 -1.953125 7.568359 -2.441406 1.953125 -12.20703 -0.2441406 0 -12.45117 -0.2441406 1.953125 -7.568359 -0.2441406 0 -7.8125 -0.2441406 0 -8.789063 -5.615234 1.953125 -7.568359 -5.615234 0 -8.789063 -2.441406 1.953125 -7.568359 -2.441406 1.953125 12.20703 -0.2441406 1.953125 7.568359 -0.2441406 0 12.45117 -0.2441406 0 7.8125 -0.2441406 0 8.789063 -5.615234 0 8.789063 -2.441406 1.953125 7.568359 -5.615234 1.953125 7.568359 -2.441406 -1.953125 -12.20703 -0.2441406 -1.953125 -7.568359 -0.2441406 0 -12.45117 -0.2441406 0 -7.8125 -0.2441406 0 -8.789063 -5.615234 0 -8.789063 -2.441406 -1.953125 -7.568359 -5.615234 -1.953125 -7.568359 -2.441406 -1.953125 5.371094 -2.441406 0 5.615234 -2.441406 -1.953125 7.568359 -2.441406 0 8.789063 -2.441406 -3.417969 0 -2.441406 -3.173828 1.464844 -2.441406 -5.615234 0 -2.441406 -5.126953 2.197266 -2.441406 -3.173828 1.464844 -2.441406 -2.441406 2.441406 -2.441406 -5.126953 2.197266 -2.441406 -3.90625 4.150391 -2.441406 -2.441406 2.441406 -2.441406 -1.464844 3.173828 -2.441406 -3.90625 4.150391 -2.441406 -1.953125 5.371094 -2.441406 -1.464844 3.173828 -2.441406 0 3.417969 -2.441406 -1.953125 5.371094 -2.441406 0 5.615234 -2.441406 0 12.45117 -5.615234 -1.953125 12.20703 -5.615234 0 8.789063 -5.615234 -1.953125 7.568359 -5.615234 1.953125 -5.371094 -2.441406 0 -5.615234 -2.441406 1.953125 -7.568359 -2.441406 0 -8.789063 -2.441406 3.417969 0 -2.441406 3.173828 -1.464844 -2.441406 5.615234 0 -2.441406 5.126953 -2.197266 -2.441406 3.173828 -1.464844 -2.441406 2.441406 -2.441406 -2.441406 5.126953 -2.197266 -2.441406 3.90625 -4.150391 -2.441406 1.464844 -3.173828 -2.441406 0 -3.417969 -2.441406 1.953125 -5.371094 -2.441406 0 -5.615234 -2.441406 0 -12.45117 -5.615234 1.953125 -12.20703 -5.615234 0 -8.789063 -5.615234 1.953125 -7.568359 -5.615234 1.953125 5.371094 -2.441406 1.953125 7.568359 -2.441406 0 5.615234 -2.441406 0 8.789063 -2.441406 3.417969 0 -2.441406 5.615234 0 -2.441406 3.173828 1.464844 -2.441406 5.126953 2.197266 -2.441406 3.173828 1.464844 -2.441406 5.126953 2.197266 -2.441406 2.441406 2.441406 -2.441406 3.90625 4.150391 -2.441406 2.441406 2.441406 -2.441406 3.90625 4.150391 -2.441406 1.464844 3.173828 -2.441406 1.953125 5.371094 -2.441406 1.464844 3.173828 -2.441406 1.953125 5.371094 -2.441406 0 3.417969 -2.441406 0 5.615234 -2.441406 0 12.45117 -5.615234 0 8.789063 -5.615234 1.953125 12.20703 -5.615234 1.953125 7.568359 -5.615234 -1.953125 -5.371094 -2.441406 -1.953125 -7.568359 -2.441406 0 -5.615234 -2.441406 0 -8.789063 -2.441406 -3.417969 0 -2.441406 -5.615234 0 -2.441406 -3.173828 -1.464844 -2.441406 -5.126953 -2.197266 -2.441406 -3.173828 -1.464844 -2.441406 -5.126953 -2.197266 -2.441406 -2.441406 -2.441406 -2.441406 -3.90625 -4.150391 -2.441406 -2.441406 -2.441406 -2.441406 -3.90625 -4.150391 -2.441406 -1.464844 -3.173828 -2.441406 -1.953125 -5.371094 -2.441406 -1.464844 -3.173828 -2.441406 -1.953125 -5.371094 -2.441406 0 -3.417969 -2.441406 0 -5.615234 -2.441406 0 -12.45117 -5.615234 0 -8.789063 -5.615234 -1.953125 -12.20703 -5.615234 -1.953125 -7.568359 -5.615234 2.441406 -2.441406 -2.441406 1.464844 -3.173828 -2.441406 3.90625 -4.150391 -2.441406 1.953125 -5.371094 -2.441406 -3.90625 10.74219 -5.859375 -2.441406 10.98633 -5.859375 -3.90625 10.74219 -5.615234 -2.441406 10.98633 -5.615234 -5.615234 9.765625 -5.859375 -3.90625 10.74219 -5.859375 -5.615234 9.765625 -5.615234 -3.90625 10.74219 -5.615234 -7.324219 8.789063 -5.859375 -5.615234 9.765625 -5.859375 -7.324219 8.789063 -5.615234 -5.615234 9.765625 -5.615234 -8.789063 7.324219 -5.859375 -7.324219 8.789063 -5.859375 -8.789063 7.324219 -5.615234 -7.324219 8.789063 -5.615234 -8.789063 7.324219 -5.859375 -8.789063 7.324219 -5.615234 -9.277344 7.324219 -5.859375 -9.277344 7.324219 -5.615234 -9.277344 7.324219 -5.859375 -9.277344 7.324219 -5.615234 -9.521485 8.056641 -5.859375 -9.521485 8.056641 -5.615234 -2.441406 10.98633 -5.859375 -2.197266 11.71875 -5.859375 -2.441406 10.98633 -5.615234 -2.197266 11.71875 -5.615234 -2.197266 11.71875 -5.859375 -2.685547 12.20703 -5.859375 -2.197266 11.71875 -5.615234 -2.685547 12.20703 -5.615234 3.90625 -10.74219 -5.859375 2.441406 -10.98633 -5.859375 3.90625 -10.74219 -5.615234 2.441406 -10.98633 -5.615234 5.615234 -9.765625 -5.859375 3.90625 -10.74219 -5.859375 5.615234 -9.765625 -5.615234 3.90625 -10.74219 -5.615234 7.324219 -8.789063 -5.859375 5.615234 -9.765625 -5.859375 7.324219 -8.789063 -5.615234 5.615234 -9.765625 -5.615234 8.789063 -7.324219 -5.859375 7.324219 -8.789063 -5.859375 8.789063 -7.324219 -5.615234 7.324219 -8.789063 -5.615234 8.789063 -7.324219 -5.859375 8.789063 -7.324219 -5.615234 9.277344 -7.324219 -5.859375 9.277344 -7.324219 -5.615234 2.441406 -10.98633 -5.859375 2.197266 -11.71875 -5.859375 2.441406 -10.98633 -5.615234 2.197266 -11.71875 -5.615234 2.197266 -11.71875 -5.859375 2.685547 -12.20703 -5.859375 2.197266 -11.71875 -5.615234 2.685547 -12.20703 -5.615234 3.90625 10.74219 -5.859375 3.90625 10.74219 -5.615234 2.441406 10.98633 -5.859375 2.441406 10.98633 -5.615234 5.615234 9.765625 -5.859375 5.615234 9.765625 -5.615234 3.90625 10.74219 -5.859375 3.90625 10.74219 -5.615234 7.324219 8.789063 -5.859375 7.324219 8.789063 -5.615234 5.615234 9.765625 -5.859375 5.615234 9.765625 -5.615234 8.789063 7.324219 -5.859375 8.789063 7.324219 -5.615234 7.324219 8.789063 -5.859375 7.324219 8.789063 -5.615234 8.789063 7.324219 -5.859375 9.277344 7.324219 -5.859375 8.789063 7.324219 -5.615234 9.277344 7.324219 -5.615234 9.277344 7.324219 -5.859375 9.521485 8.056641 -5.859375 9.277344 7.324219 -5.615234 9.521485 8.056641 -5.615234 2.441406 10.98633 -5.859375 2.441406 10.98633 -5.615234 2.197266 11.71875 -5.859375 2.197266 11.71875 -5.615234 2.197266 11.71875 -5.859375 2.197266 11.71875 -5.615234 2.685547 12.20703 -5.859375 2.685547 12.20703 -5.615234 -3.90625 -10.74219 -5.859375 -3.90625 -10.74219 -5.615234 -2.441406 -10.98633 -5.859375 -2.441406 -10.98633 -5.615234 -5.615234 -9.765625 -5.859375 -5.615234 -9.765625 -5.615234 -3.90625 -10.74219 -5.859375 -3.90625 -10.74219 -5.615234 -7.324219 -8.789063 -5.859375 -7.324219 -8.789063 -5.615234 -5.615234 -9.765625 -5.859375 -5.615234 -9.765625 -5.615234 -8.789063 -7.324219 -5.859375 -8.789063 -7.324219 -5.615234 -7.324219 -8.789063 -5.859375 -7.324219 -8.789063 -5.615234 -8.789063 -7.324219 -5.859375 -9.277344 -7.324219 -5.859375 -8.789063 -7.324219 -5.615234 -9.277344 -7.324219 -5.615234 -9.277344 -7.324219 -5.859375 -9.521485 -8.056641 -5.859375 -9.277344 -7.324219 -5.615234 -9.521485 -8.056641 -5.615234 -2.441406 -10.98633 -5.859375 -2.441406 -10.98633 -5.615234 -2.197266 -11.71875 -5.859375 -2.197266 -11.71875 -5.615234 -2.197266 -11.71875 -5.859375 -2.197266 -11.71875 -5.615234 -2.685547 -12.20703 -5.859375 -2.685547 -12.20703 -5.615234 -7.080078 2.929687 -5.615234 -7.080078 2.929687 -5.859375 -7.080078 -2.929687 -5.615234 -7.080078 -2.929687 -5.859375 -5.859375 4.882812 -5.859375 -5.859375 4.882812 -5.615234 0 8.300782 -5.859375 0 8.300782 -5.615234 0 8.300782 -5.859375 0 8.300782 -5.615234 0 8.789063 -5.859375 0 8.789063 -5.615234 0 8.300782 -5.859375 0 8.789063 -5.859375 0 8.300782 -5.615234 0 8.789063 -5.615234 -5.859375 4.882812 -5.615234 -5.859375 5.126953 -5.615234 0 8.300782 -5.615234 0 8.789063 -5.615234 -5.859375 4.882812 -5.859375 0 8.300782 -5.859375 -5.859375 5.126953 -5.859375 0 8.789063 -5.859375 -8.300782 6.347656 -5.859375 -9.277344 6.103516 -5.859375 -8.300782 6.347656 -5.615234 -9.277344 6.103516 -5.615234 -9.277344 6.103516 -5.859375 -9.765625 5.126953 -5.859375 -9.277344 6.103516 -5.615234 -9.765625 5.126953 -5.615234 -9.521485 4.150391 -5.859375 -9.521485 4.150391 -5.615234 -9.765625 5.126953 -5.859375 -9.765625 5.126953 -5.615234 -9.277344 6.103516 -5.615234 -9.277344 6.347656 -5.615234 -8.300782 6.347656 -5.615234 -8.300782 6.591797 -5.615234 -9.277344 6.103516 -5.859375 -8.300782 6.347656 -5.859375 -9.277344 6.347656 -5.859375 -8.300782 6.591797 -5.859375 -9.765625 5.126953 -5.615234 -10.00977 5.126953 -5.615234 -9.277344 6.103516 -5.615234 -9.277344 6.347656 -5.615234 -9.765625 5.126953 -5.859375 -9.277344 6.103516 -5.859375 -10.00977 5.126953 -5.859375 -9.277344 6.347656 -5.859375 -9.521485 4.150391 -5.859375 -9.765625 5.126953 -5.859375 -9.521485 4.150391 -5.859375 -10.00977 5.126953 -5.859375 -9.521485 4.150391 -5.615234 -9.521485 4.150391 -5.615234 -9.765625 5.126953 -5.615234 -10.00977 5.126953 -5.615234 -9.521485 4.150391 -5.859375 -7.324219 2.929687 -5.859375 -9.521485 4.150391 -5.859375 -7.080078 2.929687 -5.859375 -8.300782 6.347656 -5.859375 -8.300782 6.347656 -5.615234 -5.859375 4.882812 -5.859375 -5.859375 4.882812 -5.615234 -5.859375 5.126953 -5.859375 -8.300782 6.591797 -5.859375 -5.859375 4.882812 -5.859375 -8.300782 6.347656 -5.859375 -5.859375 4.882812 -5.615234 -8.300782 6.347656 -5.615234 -5.859375 5.126953 -5.615234 -8.300782 6.591797 -5.615234 7.080078 2.929687 -5.615234 7.080078 -2.929687 -5.615234 7.080078 2.929687 -5.859375 7.080078 -2.929687 -5.859375 5.859375 -4.882812 -5.859375 5.859375 -4.882812 -5.615234 0 -8.300782 -5.859375 0 -8.300782 -5.615234 0 -8.300782 -5.859375 0 -8.300782 -5.615234 0 -8.789063 -5.859375 0 -8.789063 -5.615234 0 -8.300782 -5.859375 0 -8.789063 -5.859375 0 -8.300782 -5.615234 0 -8.789063 -5.615234 7.080078 2.929687 -5.615234 7.324219 2.929687 -5.615234 7.080078 -2.929687 -5.615234 7.324219 -2.929687 -5.615234 5.859375 -4.882812 -5.615234 5.859375 -5.126953 -5.615234 0 -8.300782 -5.615234 0 -8.789063 -5.615234 7.080078 2.929687 -5.859375 7.080078 -2.929687 -5.859375 7.324219 2.929687 -5.859375 7.324219 -2.929687 -5.859375 5.859375 -4.882812 -5.859375 0 -8.300782 -5.859375 5.859375 -5.126953 -5.859375 0 -8.789063 -5.859375 8.300782 -6.347656 -5.859375 9.277344 -6.103516 -5.859375 8.300782 -6.347656 -5.615234 9.277344 -6.103516 -5.615234 9.277344 -6.103516 -5.859375 9.765625 -5.126953 -5.859375 9.277344 -6.103516 -5.615234 9.765625 -5.126953 -5.615234 9.521485 -4.150391 -5.859375 9.521485 -4.150391 -5.615234 9.765625 -5.126953 -5.859375 9.765625 -5.126953 -5.615234 9.277344 -6.103516 -5.615234 9.277344 -6.347656 -5.615234 8.300782 -6.347656 -5.615234 8.300782 -6.591797 -5.615234 9.277344 -6.103516 -5.859375 8.300782 -6.347656 -5.859375 9.277344 -6.347656 -5.859375 8.300782 -6.591797 -5.859375 9.765625 -5.126953 -5.615234 10.00977 -5.126953 -5.615234 9.277344 -6.103516 -5.615234 9.277344 -6.347656 -5.615234 9.765625 -5.126953 -5.859375 9.277344 -6.103516 -5.859375 10.00977 -5.126953 -5.859375 9.277344 -6.347656 -5.859375 9.521485 -4.150391 -5.859375 9.765625 -5.126953 -5.859375 9.521485 -4.150391 -5.859375 10.00977 -5.126953 -5.859375 9.521485 -4.150391 -5.615234 9.521485 -4.150391 -5.615234 9.765625 -5.126953 -5.615234 10.00977 -5.126953 -5.615234 9.521485 -4.150391 -5.859375 7.324219 -2.929687 -5.859375 9.521485 -4.150391 -5.859375 7.080078 -2.929687 -5.859375 8.300782 -6.347656 -5.859375 8.300782 -6.347656 -5.615234 5.859375 -4.882812 -5.859375 5.859375 -4.882812 -5.615234 5.859375 -5.126953 -5.859375 8.300782 -6.591797 -5.859375 5.859375 -4.882812 -5.859375 8.300782 -6.347656 -5.859375 5.859375 -4.882812 -5.615234 8.300782 -6.347656 -5.615234 5.859375 -5.126953 -5.615234 8.300782 -6.591797 -5.615234 5.859375 4.882812 -5.859375 0 8.300782 -5.859375 5.859375 4.882812 -5.615234 0 8.300782 -5.615234 0 8.300782 -5.859375 0 8.789063 -5.859375 0 8.300782 -5.615234 0 8.789063 -5.615234 0 8.300782 -5.859375 0 8.300782 -5.615234 0 8.789063 -5.859375 0 8.789063 -5.615234 5.859375 4.882812 -5.615234 0 8.300782 -5.615234 5.859375 5.126953 -5.615234 0 8.789063 -5.615234 5.859375 4.882812 -5.859375 5.859375 5.126953 -5.859375 0 8.300782 -5.859375 0 8.789063 -5.859375 8.300782 6.347656 -5.859375 8.300782 6.347656 -5.615234 9.277344 6.103516 -5.859375 9.277344 6.103516 -5.615234 9.277344 6.103516 -5.859375 9.277344 6.103516 -5.615234 9.765625 5.126953 -5.859375 9.765625 5.126953 -5.615234 9.521485 4.150391 -5.859375 9.765625 5.126953 -5.859375 9.521485 4.150391 -5.615234 9.765625 5.126953 -5.615234 9.277344 6.103516 -5.615234 8.300782 6.347656 -5.615234 9.277344 6.347656 -5.615234 8.300782 6.591797 -5.615234 9.277344 6.103516 -5.859375 9.277344 6.347656 -5.859375 8.300782 6.347656 -5.859375 8.300782 6.591797 -5.859375 9.765625 5.126953 -5.615234 9.277344 6.103516 -5.615234 10.00977 5.126953 -5.615234 9.277344 6.347656 -5.615234 9.765625 5.126953 -5.859375 10.00977 5.126953 -5.859375 9.277344 6.103516 -5.859375 9.277344 6.347656 -5.859375 9.521485 4.150391 -5.859375 9.521485 4.150391 -5.859375 9.765625 5.126953 -5.859375 10.00977 5.126953 -5.859375 9.521485 4.150391 -5.615234 9.765625 5.126953 -5.615234 9.521485 4.150391 -5.615234 10.00977 5.126953 -5.615234 9.521485 4.150391 -5.615234 9.521485 4.150391 -5.615234 7.080078 2.929687 -5.615234 7.324219 2.929687 -5.615234 9.521485 4.150391 -5.859375 9.521485 4.150391 -5.615234 7.080078 2.929687 -5.859375 7.080078 2.929687 -5.615234 9.521485 4.150391 -5.859375 9.521485 4.150391 -5.859375 7.324219 2.929687 -5.859375 7.080078 2.929687 -5.859375 8.300782 6.347656 -5.859375 5.859375 4.882812 -5.859375 8.300782 6.347656 -5.615234 5.859375 4.882812 -5.615234 5.859375 5.126953 -5.859375 5.859375 4.882812 -5.859375 8.300782 6.591797 -5.859375 8.300782 6.347656 -5.859375 5.859375 4.882812 -5.615234 5.859375 5.126953 -5.615234 8.300782 6.347656 -5.615234 8.300782 6.591797 -5.615234 -5.859375 -4.882812 -5.859375 0 -8.300782 -5.859375 -5.859375 -4.882812 -5.615234 0 -8.300782 -5.615234 0 -8.300782 -5.859375 0 -8.789063 -5.859375 0 -8.300782 -5.615234 0 -8.789063 -5.615234 0 -8.300782 -5.859375 0 -8.300782 -5.615234 0 -8.789063 -5.859375 0 -8.789063 -5.615234 -7.080078 2.929687 -5.615234 -7.080078 -2.929687 -5.615234 -7.324219 2.929687 -5.615234 -7.324219 -2.929687 -5.615234 -5.859375 -4.882812 -5.615234 0 -8.300782 -5.615234 -5.859375 -5.126953 -5.615234 0 -8.789063 -5.615234 -7.080078 2.929687 -5.859375 -7.324219 2.929687 -5.859375 -7.080078 -2.929687 -5.859375 -7.324219 -2.929687 -5.859375 -5.859375 -4.882812 -5.859375 -5.859375 -5.126953 -5.859375 0 -8.300782 -5.859375 0 -8.789063 -5.859375 -8.300782 -6.347656 -5.859375 -8.300782 -6.347656 -5.615234 -9.277344 -6.103516 -5.859375 -9.277344 -6.103516 -5.615234 -9.277344 -6.103516 -5.859375 -9.277344 -6.103516 -5.615234 -9.765625 -5.126953 -5.859375 -9.765625 -5.126953 -5.615234 -9.521485 -4.150391 -5.859375 -9.765625 -5.126953 -5.859375 -9.521485 -4.150391 -5.615234 -9.765625 -5.126953 -5.615234 -9.277344 -6.103516 -5.615234 -8.300782 -6.347656 -5.615234 -9.277344 -6.347656 -5.615234 -8.300782 -6.591797 -5.615234 -9.277344 -6.103516 -5.859375 -9.277344 -6.347656 -5.859375 -8.300782 -6.347656 -5.859375 -8.300782 -6.591797 -5.859375 -9.765625 -5.126953 -5.615234 -9.277344 -6.103516 -5.615234 -10.00977 -5.126953 -5.615234 -9.277344 -6.347656 -5.615234 -9.765625 -5.126953 -5.859375 -10.00977 -5.126953 -5.859375 -9.277344 -6.103516 -5.859375 -9.277344 -6.347656 -5.859375 -9.521485 -4.150391 -5.859375 -9.521485 -4.150391 -5.859375 -9.765625 -5.126953 -5.859375 -10.00977 -5.126953 -5.859375 -9.521485 -4.150391 -5.615234 -9.765625 -5.126953 -5.615234 -9.521485 -4.150391 -5.615234 -10.00977 -5.126953 -5.615234 -9.521485 -4.150391 -5.615234 -9.521485 -4.150391 -5.615234 -7.080078 -2.929687 -5.615234 -7.324219 -2.929687 -5.615234 -9.521485 -4.150391 -5.859375 -9.521485 -4.150391 -5.615234 -7.080078 -2.929687 -5.859375 -7.080078 -2.929687 -5.615234 -9.521485 -4.150391 -5.859375 -9.521485 -4.150391 -5.859375 -7.324219 -2.929687 -5.859375 -7.080078 -2.929687 -5.859375 -8.300782 -6.347656 -5.859375 -5.859375 -4.882812 -5.859375 -8.300782 -6.347656 -5.615234 -5.859375 -4.882812 -5.615234 -5.859375 -5.126953 -5.859375 -5.859375 -4.882812 -5.859375 -8.300782 -6.591797 -5.859375 -8.300782 -6.347656 -5.859375 -5.859375 -4.882812 -5.615234 -5.859375 -5.126953 -5.615234 -8.300782 -6.347656 -5.615234 -8.300782 -6.591797 -5.615234 5.615234 -7.568359 -5.615234 5.615234 -7.568359 -0.2441406 3.90625 -8.544922 -5.615234 3.90625 -8.544922 -0.2441406 3.90625 -8.544922 -5.615234 3.90625 -8.544922 -0.2441406 1.953125 -9.277344 -5.615234 1.953125 -9.277344 -0.2441406 5.859375 -7.8125 -5.615234 4.150391 -9.033204 -5.615234 5.859375 -7.8125 -0.2441406 4.150391 -9.033204 -0.2441406 4.150391 -9.033204 -5.615234 1.953125 -9.765625 -5.615234 4.150391 -9.033204 -0.2441406 1.953125 -9.765625 -0.2441406 5.615234 -7.568359 -0.2441406 5.615234 -7.568359 -5.615234 5.859375 -7.8125 -0.2441406 5.859375 -7.8125 -5.615234 -5.615234 7.568359 -5.615234 -5.615234 7.568359 -0.2441406 -3.90625 8.544922 -5.615234 -3.90625 8.544922 -0.2441406 -3.90625 8.544922 -5.615234 -3.90625 8.544922 -0.2441406 -1.953125 9.277344 -5.615234 -1.953125 9.277344 -0.2441406 -5.859375 7.8125 -5.615234 -4.150391 9.033204 -5.615234 -5.859375 7.8125 -0.2441406 -4.150391 9.033204 -0.2441406 -4.150391 9.033204 -5.615234 -1.953125 9.765625 -5.615234 -4.150391 9.033204 -0.2441406 -1.953125 9.765625 -0.2441406 -5.615234 7.568359 -0.2441406 -5.615234 7.568359 -5.615234 -5.859375 7.8125 -0.2441406 -5.859375 7.8125 -5.615234 5.615234 -7.568359 -0.2441406 5.859375 -7.8125 -0.2441406 3.90625 -8.544922 -0.2441406 4.150391 -9.033204 -0.2441406 3.90625 -8.544922 -0.2441406 4.150391 -9.033204 -0.2441406 1.953125 -9.277344 -0.2441406 1.953125 -9.765625 -0.2441406 -5.615234 7.568359 -0.2441406 -5.859375 7.8125 -0.2441406 -3.90625 8.544922 -0.2441406 -4.150391 9.033204 -0.2441406 -3.90625 8.544922 -0.2441406 -4.150391 9.033204 -0.2441406 -1.953125 9.277344 -0.2441406 -1.953125 9.765625 -0.2441406</float_array>
          <technique_common>
            <accessor source="#Mesh_0559Mesh-mesh-positions-array" count="5464" stride="3">
              <param name="X" type="float"/>
              <param name="Y" type="float"/>
              <param name="Z" type="float"/>
            </accessor>
          </technique_common>
        </source>
        <source id="Mesh_0559Mesh-mesh-normals">
          <float_array id="Mesh_0559Mesh-mesh-normals-array" count="4464">0 0 1 -0.5937322 0.2544566 -0.76337 -0.5937323 0.2544567 -0.7633701 -0.5937322 0.2544566 -0.7633701 -0.5333123 -0.3110988 -0.7866355 -0.5333123 -0.3110988 -0.7866356 -0.5333123 -0.3110988 -0.7866356 0.5345225 0.2672612 -0.8017837 0.5345225 0.2672612 -0.8017838 -0.2873479 0.9578263 0 -0.2873479 0.9578263 0 -0.1310243 -0.1310243 -0.9826827 -0.1310243 -0.1310243 -0.9826828 0.6585046 -0.7525767 0 0.6585047 -0.7525768 0 0.6585046 -0.7525767 0 -0.1491006 0.4970021 -0.8548437 -0.1491006 0.4970022 -0.8548438 -0.1491006 0.4970022 -0.8548437 -0.4082483 0.8164966 -0.4082483 -0.4082483 0.8164967 -0.4082483 -0.2386672 0.5568901 -0.7955574 -0.2386671 0.5568901 -0.7955573 -0.3698002 0.09245002 -0.9245004 -0.3698001 0.09245002 -0.9245004 -0.3698002 0.09245002 -0.9245004 -0.4466626 0.297775 -0.8436959 -0.4466626 0.297775 -0.8436959 -0.7071068 0 -0.7071068 -0.7445592 -0.1240932 -0.6559212 -0.7445592 -0.1240932 -0.6559212 -1 0 0 -0.8846517 -0.1474419 -0.4423258 -0.8846518 -0.1474419 -0.4423259 0 0 -1 0.6465102 -0.6877768 -0.3301329 0.6813741 -0.7248661 -0.1014812 0.8890315 -0.2180643 -0.4025803 0.9712109 -0.2382215 0 0.9486834 0.3162278 0 0.9486833 0.3162278 0 0.9486834 0.3162277 0 0.9486833 0.3162277 0 0.8944273 0.4472137 0 0.8944272 0.4472136 0 0.6976167 -0.7164712 0 -0.5433053 -0.4656903 -0.6985355 -0.5433054 -0.4656903 -0.6985355 -0.5433053 -0.4656903 -0.6985355 0 -0.6097108 -0.7926241 0 -0.6097108 -0.792624 0 -0.6097108 -0.7926239 0.1543033 0.6172134 -0.7715167 0.1543033 0.6172134 -0.7715168 -0.6917145 0.2075143 -0.6917145 -0.6917145 0.2075143 -0.6917145 0 -0.2169305 -0.9761871 0 -0.2169305 -0.9761871 0.8900427 0.09889364 -0.4450213 0.8900428 0.09889364 -0.4450214 0.8900427 0.09889364 -0.4450213 -0.5422943 0.1626882 -0.8242872 -0.5422943 0.1626883 -0.8242873 -0.5422943 0.1626883 -0.8242874 -0.7071068 0 -0.7071068 -0.7022469 -0.1170411 -0.7022469 -0.7022469 -0.1170411 -0.7022469 -0.3481553 -0.3481553 -0.8703883 -0.3481553 -0.3481553 -0.8703884 -0.483843 -0.1612809 -0.8601654 -0.483843 -0.161281 -0.8601654 -0.483843 -0.161281 -0.8601654 -0.2531848 -0.7089176 -0.6582806 -0.2531848 -0.7089176 -0.6582806 -0.2531849 -0.7089176 -0.6582806 -0.2757851 -0.6894628 -0.6697639 -0.2757851 -0.6894629 -0.6697639 -0.5773503 -0.5773503 -0.5773503 -0.3113996 -0.7784989 -0.5449493 -0.3113996 -0.778499 -0.5449493 -0.3113996 -0.778499 -0.5449493 0.9211852 0.2062355 -0.3299768 0.9708106 0.2173456 -0.1014279 0.6385878 0.6553928 -0.4033186 0.6978648 0.7162296 0 0 1 0 -0.4472137 0.8944273 0 -0.4472136 0.8944272 0 0.9701426 0.2425356 0 0.1543033 -0.6172134 -0.7715167 0.1543033 -0.6172134 -0.7715168 0.5848977 -0.2699528 -0.7648662 0.5848976 -0.2699527 -0.7648662 -0.5012805 0.3580574 -0.7877264 -0.5012804 0.3580574 -0.7877263 -0.5773503 -0.5773503 -0.5773503 0.186298 -0.093149 -0.9780676 0.186298 -0.093149 -0.9780676 0.186298 -0.093149 -0.9780677 0.3694056 0.8311628 -0.4155814 0.3694057 0.8311628 -0.4155814 0.3694057 0.8311628 -0.4155814 -0.3823595 -0.3823595 -0.841191 -0.3823596 -0.3823596 -0.8411911 -0.3823595 -0.3823595 -0.841191 -0.5345225 -0.8017838 -0.2672612 -0.290021 -0.6767156 -0.6767156 -0.2900209 -0.6767156 -0.6767156 0.1230915 -0.492366 -0.8616405 0.1230915 -0.492366 -0.8616405 0 -0.5547002 -0.8320503 0 -0.5547001 -0.8320503 0.4256283 -0.5958796 -0.6810052 0.4256283 -0.5958796 -0.6810052 0.4256283 -0.5958796 -0.6810052 0.4428173 -0.5904231 -0.6747692 0.4428173 -0.5904231 -0.6747692 0 -0.7071068 -0.7071068 0.4685213 -0.6246951 -0.6246951 0.2738955 0.9038552 -0.3286746 0.2885249 0.9521322 -0.1009837 -0.2374587 0.8819897 -0.4070721 -0.2599735 0.9656159 0 -0.8 0.6 0 -0.8 0.6 0 -0.8000001 0.6 0 -0.8000001 0.6 0 -0.8944281 0.4472119 0 -0.8944281 0.4472119 0 -0.8944281 0.4472119 0 0.2599735 0.9656159 0 0.5937322 -0.2544566 -0.76337 0.5937323 -0.2544567 -0.7633701 0.5937322 -0.2544566 -0.7633701 0.5333123 0.3110988 -0.7866355 0.5333123 0.3110988 -0.7866356 0.5333123 0.3110988 -0.7866356 -0.5345225 -0.2672612 -0.8017837 -0.5345225 -0.2672612 -0.8017838 0.2873479 -0.9578263 0 0.2873479 -0.9578263 0 0.1310243 0.1310243 -0.9826827 0.1310243 0.1310243 -0.9826828 -0.6585046 0.7525767 0 -0.6585047 0.7525768 0 -0.6585046 0.7525767 0 0.1491006 -0.4970021 -0.8548437 0.1491006 -0.4970022 -0.8548438 0.1491006 -0.4970022 -0.8548437 0.4082483 -0.8164966 -0.4082483 0.4082483 -0.8164967 -0.4082483 0.2386672 -0.5568901 -0.7955574 0.2386671 -0.5568901 -0.7955573 0.3698002 -0.09245002 -0.9245004 0.3698001 -0.09245002 -0.9245004 0.3698002 -0.09245002 -0.9245004 0.4466626 -0.297775 -0.8436959 0.4466626 -0.297775 -0.8436959 0.7071068 0 -0.7071068 0.7445592 0.1240932 -0.6559212 0.7445592 0.1240932 -0.6559212 1 0 0 0.8846517 0.1474419 -0.4423258 0.8846518 0.1474419 -0.4423259 -0.6465102 0.6877768 -0.3301329 -0.6813741 0.7248661 -0.1014812 -0.8890315 0.2180643 -0.4025803 -0.9712109 0.2382215 0 -0.9486834 -0.3162278 0 -0.9486833 -0.3162278 0 -0.9486834 -0.3162277 0 -0.9486833 -0.3162277 0 -0.8944273 -0.4472137 0 -0.8944272 -0.4472136 0 -0.6976167 0.7164712 0 0.5433053 0.4656903 -0.6985355 0.5433054 0.4656903 -0.6985355 0.5433053 0.4656903 -0.6985355 0 0.6097108 -0.7926241 0 0.6097108 -0.792624 0 0.6097108 -0.7926239 -0.1543033 -0.6172134 -0.7715167 -0.1543033 -0.6172134 -0.7715168 0.6917145 -0.2075143 -0.6917145 0.6917145 -0.2075143 -0.6917145 0 0.2169305 -0.9761871 0 0.2169305 -0.9761871 -0.8900427 -0.09889364 -0.4450213 -0.8900428 -0.09889364 -0.4450214 -0.8900427 -0.09889364 -0.4450213 0.5422943 -0.1626882 -0.8242872 0.5422943 -0.1626883 -0.8242873 0.5422943 -0.1626883 -0.8242874 0.7071068 0 -0.7071068 0.7022469 0.1170411 -0.7022469 0.7022469 0.1170411 -0.7022469 0.3481553 0.3481553 -0.8703883 0.3481553 0.3481553 -0.8703884 0.483843 0.1612809 -0.8601654 0.483843 0.161281 -0.8601654 0.483843 0.161281 -0.8601654 0.2531848 0.7089176 -0.6582806 0.2531848 0.7089176 -0.6582806 0.2531849 0.7089176 -0.6582806 0.2757851 0.6894628 -0.6697639 0.2757851 0.6894629 -0.6697639 0.5773503 0.5773503 -0.5773503 0.3113996 0.7784989 -0.5449493 0.3113996 0.778499 -0.5449493 0.3113996 0.778499 -0.5449493 -0.9211852 -0.2062355 -0.3299768 -0.9708106 -0.2173456 -0.1014279 -0.6385878 -0.6553928 -0.4033186 -0.6978648 -0.7162296 0 0 -1 0 0.4472137 -0.8944273 0 0.4472136 -0.8944272 0 -0.9701426 -0.2425356 0 -0.1543033 0.6172134 -0.7715167 -0.1543033 0.6172134 -0.7715168 -0.5848977 0.2699528 -0.7648662 -0.5848976 0.2699527 -0.7648662 0.5012805 -0.3580574 -0.7877264 0.5012804 -0.3580574 -0.7877263 0.5773503 0.5773503 -0.5773503 -0.186298 0.093149 -0.9780676 -0.186298 0.093149 -0.9780676 -0.186298 0.093149 -0.9780677 -0.3694056 -0.8311628 -0.4155814 -0.3694057 -0.8311628 -0.4155814 -0.3694057 -0.8311628 -0.4155814 0.3823595 0.3823595 -0.841191 0.3823596 0.3823596 -0.8411911 0.3823595 0.3823595 -0.841191 0.5345225 0.8017838 -0.2672612 0.290021 0.6767156 -0.6767156 0.2900209 0.6767156 -0.6767156 -0.1230915 0.492366 -0.8616405 -0.1230915 0.492366 -0.8616405 0 0.5547002 -0.8320503 0 0.5547001 -0.8320503 -0.4256283 0.5958796 -0.6810052 -0.4256283 0.5958796 -0.6810052 -0.4256283 0.5958796 -0.6810052 -0.4428173 0.5904231 -0.6747692 -0.4428173 0.5904231 -0.6747692 0 0.7071068 -0.7071068 -0.4685213 0.6246951 -0.6246951 -0.2738955 -0.9038552 -0.3286746 -0.2885249 -0.9521322 -0.1009837 0.2374587 -0.8819897 -0.4070721 0.2599735 -0.9656159 0 0.8 -0.6 0 0.8 -0.6 0 0.8000001 -0.6 0 0.8000001 -0.6 0 0.8944281 -0.4472119 0 0.8944281 -0.4472119 0 0.8944281 -0.4472119 0 -0.2599735 -0.9656159 0 -0.7564094 0.3025637 -0.5799139 -0.7453068 0.3084028 -0.5911054 -0.4472137 -0.8944273 0 -0.4472136 -0.8944272 0 -0.7340009 0.3037245 -0.6074489 0.7564094 -0.3025637 -0.5799139 0.7453068 -0.3084028 -0.5911054 0.4472137 0.8944273 0 0.4472136 0.8944272 0 0.7340009 -0.3037245 -0.6074489 0.4850713 -0.4850713 -0.7276068 0.4850713 -0.4850713 -0.7276069 0.4850713 -0.4850713 -0.7276069 0.3094264 -0.6188527 -0.7219949 0.8017838 -0.2672612 -0.5345225 0.8017838 -0.2672612 -0.5345225 0.6085807 -0.6694387 -0.4260064 0.6085807 -0.6694387 -0.4260064 0.6 -0.8 0 0.6666667 0.3333333 -0.6666667 0.5773503 -0.5773503 -0.5773503 0.8241634 0.1373605 -0.5494422 0.8241635 0.1373605 -0.5494422 0.1431312 0.6440906 -0.7514391 0.1431312 0.6440907 -0.7514392 0.5144958 0.5144958 -0.6859944 0.5144958 0.5144958 -0.6859943 0.3296902 0.8571947 -0.3956283 0.3296902 0.8571947 -0.3956283 -0.4850713 0.4850713 -0.7276068 -0.4850713 0.4850713 -0.7276069 -0.4850713 0.4850713 -0.7276069 -0.3094264 0.6188527 -0.7219949 -0.8017838 0.2672612 -0.5345225 -0.8017838 0.2672612 -0.5345225 -0.6085807 0.6694387 -0.4260064 -0.6085807 0.6694387 -0.4260064 -0.6 0.8 0 -0.6666667 -0.3333333 -0.6666667 -0.5773503 0.5773503 -0.5773503 -0.8241634 -0.1373605 -0.5494422 -0.8241635 -0.1373605 -0.5494422 -0.1431312 -0.6440906 -0.7514391 -0.1431312 -0.6440907 -0.7514392 -0.5144958 -0.5144958 -0.6859944 -0.5144958 -0.5144958 -0.6859943 -0.3296902 -0.8571947 -0.3956283 -0.3296902 -0.8571947 -0.3956283 0.4305284 -0.4783649 -0.7653838 0.4305284 -0.4783649 -0.7653839 0.4574958 -0.4574958 -0.7624928 0.4574958 -0.4574958 -0.7624929 0.4637389 -0.6492345 -0.6028606 0.4637389 -0.6492345 -0.6028606 0.6 -0.8 0 0.5883485 0.1961161 -0.7844646 0.5883484 0.1961161 -0.7844645 0.6 0 -0.8000001 0.6 0 -0.8 0.8728716 0.2182179 -0.4364358 0.1883109 0.5272706 -0.8285679 0.1883109 0.5272705 -0.8285679 0.1883109 0.5272705 -0.8285679 0 0.6 -0.8 0 0.6 -0.8000001 0.3713907 0.7427814 -0.5570861 0.3713907 0.7427814 -0.5570861 -0.4305284 0.4783649 -0.7653838 -0.4305284 0.4783649 -0.7653839 -0.4574958 0.4574958 -0.7624928 -0.4574958 0.4574958 -0.7624929 -0.4637389 0.6492345 -0.6028606 -0.4637389 0.6492345 -0.6028606 -0.6 0.8 0 -0.5883485 -0.1961161 -0.7844646 -0.5883484 -0.1961161 -0.7844645 -0.6 0 -0.8000001 -0.6 0 -0.8 -0.8728716 -0.2182179 -0.4364358 -0.1883109 -0.5272706 -0.8285679 -0.1883109 -0.5272705 -0.8285679 -0.1883109 -0.5272705 -0.8285679 0 -0.6 -0.8 0 -0.6 -0.8000001 -0.3713907 -0.7427814 -0.5570861 -0.3713907 -0.7427814 -0.5570861 -0.4574958 0.4574958 -0.762493 -0.6210806 0.3393632 -0.7064641 -0.6089066 0.3494361 -0.7121286 -0.6689134 0.2972949 -0.6813007 -0.6558258 0.03279125 -0.7541998 -0.6627408 0.01581841 -0.7486819 -0.6639654 0.01274842 -0.7476547 -0.6689648 0 -0.7432942 -0.554332 -0.2471118 -0.7947652 -0.6057534 -0.1913369 -0.7723037 -0.5780705 -0.2220223 -0.785201 -0.6338264 -0.1584566 -0.7570704 0.3386427 0.4740998 -0.8127425 0.4434831 0.4340746 -0.7841569 0.3894808 0.4557034 -0.8003994 0.5009644 0.4084786 -0.7630072 0.492366 0.4185111 -0.7631673 0.4904424 0.4390554 -0.7527927 0.4890708 0.4521098 -0.7459266 0.4850713 0.4850713 -0.7276069 0.5146502 0.4411288 -0.7352147 0.5124766 0.3895243 -0.7652703 0.5110735 0.3681983 -0.7766814 0.5050763 0.3030458 -0.8081221 -0.4542568 0.6639137 -0.5940281 -0.4641708 0.672333 -0.5766403 -0.4567143 0.666013 -0.5897786 -0.4672567 0.6749264 -0.5710915 -0.4098525 0.7172417 -0.5635471 -0.4942534 0.8649435 -0.0871008 -0.4202005 0.735351 -0.5316866 -0.496139 0.8682432 0 -0.164399 0 -0.986394 -0.159403 -0.01024746 -0.9871605 -0.1183503 -0.09283995 -0.9886223 -0.1097642 -0.1097642 -0.9878784 0.3351776 -0.8938068 -0.2979356 0.3351776 -0.8938067 -0.2979356 0.4946848 -0.8244746 -0.2748249 0.5930771 -0.8011831 -0.07978218 0.5289659 -0.8213441 -0.2135157 0.624695 -0.7808689 0 0.1014765 -0.8118122 -0.5750336 0.2162125 -0.8948965 -0.3904007 0.1400263 -0.8441787 -0.5174505 0.2616124 -0.9156436 -0.3052145 0.08654844 0.562565 -0.8222104 0.1250775 0.582118 -0.8034266 0.1053484 0.5722496 -0.8132848 0.1483404 0.5933618 -0.7911491 -0.4198785 0.5553231 -0.7178568 -0.3092299 0.5281465 -0.7908466 -0.2908987 0.5228714 -0.8012387 -0.1829132 0.4877687 -0.8535951 -0.1407753 0.4927135 -0.8587293 -0.2030224 0.4926704 -0.8462021 -0.1793132 0.4929215 -0.8513961 -0.3244429 0.4866642 -0.8111071 0.6 0 -0.8 -0.3619309 0.4805212 -0.7988151 -0.2013131 0.430586 -0.8798118 -0.5144958 0.5144958 -0.6859944 -0.4082483 0.4082483 -0.8164967 -0.3750234 0.2984567 -0.8776566 -0.3721805 0.2897267 -0.8817824 -0.3594433 0.2516103 -0.898606 -0.4799592 0.8399285 -0.253297 -0.4891636 0.8560363 -0.1670957 -0.4444445 0.7777779 -0.4444445 -0.6553856 0.1638464 -0.7373088 -0.5453208 0.3916095 -0.7411257 -0.6167159 0.255621 -0.7445264 -0.4472137 0.5366563 -0.7155418 0.7071068 0.7071068 0 0 0.8320503 -0.5547002 0.5924591 0.7942848 -0.1345505 0.1748535 0.8690487 -0.4627968 -0.4866642 0.8111071 -0.3244428 -0.5140389 0.8567315 -0.04213368 -0.4967923 0.8279871 -0.2600668 -0.5144957 0.8574929 0 -0.2157224 -0.4314448 -0.8759676 -0.2056775 -0.4113551 -0.8879661 -0.4082483 -0.8164966 -0.4082483 -0.2579674 0.2579674 0.9310777 -0.7071068 0.7071068 3.80711e-4 -0.7071068 0.7071068 0 -0.2830926 0 0.9590927 -0.7071068 -0.7071068 0 -0.9486833 0 -0.3162278 -0.9179984 0.1645327 -0.3608437 -0.945558 0.02735024 -0.3243027 -0.912871 0.1825742 -0.3651484 -0.912871 0.1825742 -0.3651484 -0.890433 0.2035334 -0.4070668 -0.8983168 0.1964825 -0.3929651 -0.8728716 0.2182179 -0.4364358 -0.6985355 0.4656903 -0.5433054 -0.7686835 0.435063 -0.4688773 -0.7593128 0.4396871 -0.4797076 -0.8164966 0.4082483 -0.4082483 -0.4738791 0.6515838 -0.5923489 -0.473879 0.6515837 -0.5923489 0.8574926 0.5144964 0 0.8574931 0.5144955 0 0.8574928 0.514496 0 0.8574934 0.5144951 0 -0.3162282 0.9486832 0 -0.3162281 0.9486833 0 -0.3162274 0.9486835 0 -0.3162273 0.9486835 0 -0.9138116 0.4061384 0 -0.9138116 0.4061385 0 -0.9701426 -0.2425356 0 0.2425356 0.9701426 0 -0.2873479 0.9578264 0 -0.2873479 0.9578264 0 -0.3939191 0.9191452 0 -0.3939194 0.9191451 0 -0.3939192 0.9191451 0 -0.3939195 0.919145 0 -0.3511235 0.9363293 0 -0.3511234 0.9363292 0 -0.3511234 0.9363293 0 -0.9701423 0.2425366 0 -0.9701424 0.2425363 0 -0.9701427 0.2425349 0 -0.9701429 0.2425346 0 -0.8944273 0.4472137 0 -0.8944272 0.4472136 0 -0.8320504 -0.5547002 0 -0.8320503 -0.5547003 0 -0.5144962 -0.8574928 0 -0.514496 -0.8574928 0 -0.5144956 -0.8574931 0 -0.5144954 -0.8574932 0 -0.9284767 0.3713907 0 -0.9284768 0.3713907 0 -0.9284768 0.3713907 0 0.961524 -0.2747211 0 0.961524 -0.2747212 0 -0.8320504 0.5547002 0 -0.8320503 0.5547002 0 0.3162278 -0.9486834 0 0.3162278 -0.9486833 0 0.3162278 -0.9486833 0 0.8320503 -0.5547002 0 0.8320504 -0.5547002 0 0.8320503 -0.5547002 0 -0.9191451 -0.3939192 0 -0.986394 -0.164399 0 0.164399 -0.986394 0 0.164399 -0.986394 0 0.164399 -0.9863939 0 0.7432942 -0.6689647 0 0.923077 -0.3846154 0 0.3846154 -0.923077 0 0.6689647 -0.7432942 0 -0.5833834 -0.3889222 -0.7130241 -0.5798332 -0.4082547 -0.7050685 -0.5800787 -0.4069679 -0.7056103 -0.5788288 -0.4134491 -0.7028635 -0.3137857 -0.588349 -0.7452409 -0.3376519 -0.5563251 -0.7592719 -0.3410173 -0.5516614 -0.7611681 -0.3547874 -0.5321812 -0.7687062 -0.08047723 -0.5881028 -0.8047724 -0.1251322 -0.5968211 -0.7925571 -0.1002489 -0.5921196 -0.7995902 -0.1502925 -0.6011701 -0.784861 -0.2298462 0.536308 -0.8121235 -0.1291339 0.619412 -0.7743728 -0.1808935 0.5783836 -0.7954558 -0.07486069 0.6587742 -0.748607 -0.1786991 0.6382113 -0.7488345 -0.1799934 0.6387211 -0.7480894 -0.1808083 0.6390414 -0.7476192 -0.182807 0.6398248 -0.7464622 -0.1916195 0.6387317 -0.7451871 -0.1552762 0.6177915 -0.7708587 -0.1445987 0.6113985 -0.7779995 -0.09692555 0.5815536 -0.8077133 -0.8315508 -0.03464794 -0.5543671 -0.8841536 -0.05248939 -0.4642383 -0.8456032 -0.03915357 -0.5323742 -0.9045341 -0.06030225 -0.4221159 -0.8944272 0 -0.4472136 -0.7396011 0 -0.6730455 -0.8768156 0 -0.4808269 -0.1400279 -0.1400279 -0.9801961 -0.1219691 -0.1433595 -0.9821261 -0.01466983 -0.1620019 -0.9866814 0 -0.164399 -0.986394 0.8181819 -0.1818182 -0.5454546 0.9030506 -0.1358307 -0.4074922 0.8454031 -0.1689063 -0.5067191 0.9299812 -0.1162476 -0.3487429 0.9486833 0.1897366 -0.2529822 0.9146391 0.1104315 -0.3888964 0.937094 0.1562993 -0.3121306 0.8919531 0.07432937 -0.4459765 0.8350669 -0.3131501 -0.4523279 0.7974892 -0.3303062 -0.5048848 0.8237214 -0.3186634 -0.4689743 0.7837131 -0.335877 -0.5224754 -0.5333965 0.2051525 -0.82061 -0.5304715 0.381813 -0.7568482 -0.5344689 0.2806617 -0.7972277 -0.5144958 0.5144958 -0.6859943 -0.6033026 -0.02154648 -0.7972213 -0.5933858 -0.01177638 -0.8048321 -0.5927326 -0.0111379 -0.8053224 -0.5812382 0 -0.8137335 -0.5219168 0.1739722 -0.8350669 -0.5483182 0.1388943 -0.8246549 -0.5377286 0.153177 -0.8290867 -0.5986711 0.06651902 -0.7982282 0 0.4472137 -0.8944273 -0.5510373 -0.0424987 -0.8333978 -0.4232626 0.09764599 -0.9007297 -0.6149401 -0.122988 -0.7789241 -0.2357022 -0.2357022 -0.9428091 -0.4979957 -0.1562944 -0.8529786 -0.504482 -0.153978 -0.8495815 -0.6139602 -0.1116291 -0.7814038 -0.7035265 -0.1005038 -0.7035265 -0.6778798 -0.09683996 -0.7287668 -0.683838 -0.09769111 -0.7230644 -0.6556101 -0.09365856 -0.7492687 -0.4574957 -0.4574957 -0.7624928 -0.552787 -0.3530308 -0.7548483 -0.5041182 -0.4087923 -0.7607588 -0.6162049 -0.2711302 -0.7394458 0 -0.4196958 -0.9076648 -0.7103604 -0.3551802 0.6076474 -0.8578385 -0.4289193 0.2830926 -0.4289193 -0.8578385 -0.2830926 -0.3551802 -0.7103604 -0.6076474 -0.2672612 -0.8017838 -0.5345225 -0.2216184 -0.8685773 -0.4432368 -0.07512462 -0.9857898 -0.1502493 -0.4472122 -0.8944279 0 -0.4285714 -0.8571429 -0.2857143 -0.5071519 -0.817629 -0.272543 -0.4589897 -0.8428498 -0.2809499 -0.3580574 -0.7877264 -0.5012804 -0.3656867 -0.763319 -0.5325574 -0.3633221 -0.7712261 -0.5226923 -0.8392544 -0.2797515 -0.4662525 -0.8151019 -0.2049319 -0.5418595 -0.8176153 -0.21161 -0.5354685 -0.7961174 -0.1592234 -0.5838194 -0.919709 -0.2452557 -0.3065696 -0.8830011 -0.1797679 -0.4335812 -0.8973717 -0.2020227 -0.3923148 -0.8444407 -0.1299139 -0.5196558 -0.164399 0.986394 0 -0.8137338 -0.5812378 0 -0.8137335 -0.5812382 0 -0.8137334 -0.5812383 0 -0.8137333 -0.5812386 0 -0.5547 -0.8320505 0 -0.5547002 -0.8320503 0 -0.5547002 -0.8320503 0 -0.5547004 -0.8320502 0 -0.2425356 -0.9701426 0 -0.2425356 -0.9701426 0 0.3162283 0.9486832 0 0.3162276 0.9486835 0 0.3162282 0.9486832 0 0.3162276 0.9486835 0 -0.7071068 0.7071068 0 -0.9486829 -0.3162292 0 -0.948683 -0.3162288 0 -0.9486837 -0.3162268 0 -0.9486838 -0.3162264 0 -0.9284768 0.3713907 0 -0.9284767 0.3713907 0 -0.992278 0.1240342 0 -0.9922779 0.1240349 0 -0.9922779 0.1240345 0 -0.9922779 0.1240351 0 -0.992278 0.1240335 0 -0.9922779 0.1240353 0 -0.992278 0.1240341 0 -0.9922778 0.1240358 0 -0.1643987 -0.9863941 0 -0.1643989 -0.986394 0 -0.1643991 -0.986394 0 -0.1643992 -0.986394 0 -0.4472121 -0.894428 0 -0.4472126 -0.8944277 0 -0.4472146 -0.8944267 0 -0.4472151 -0.8944265 0 -0.9805806 -0.1961169 0 -0.9805808 -0.1961163 0 -0.9805811 -0.1961144 0 -0.9805812 -0.1961137 0 0.274721 -0.9615241 0 0.2747211 -0.961524 0 0.2747212 -0.961524 0 0.2747213 -0.9615239 0 0.3713907 -0.9284768 0 0.3713907 -0.9284767 0 -0.9333456 -0.3589791 0 -0.9333456 -0.3589791 0 -0.9333457 -0.3589791 0 -0.8221923 -0.56921 0 -0.8221923 -0.56921 0 -0.8221922 -0.56921 0 0.5144954 0.8574932 0 0.514496 0.8574928 0 0.5144956 0.8574931 0 0.5144962 0.8574928 0 0.5144962 0.8574926 0 0.514496 0.8574929 0 0.5144954 0.8574933 0 0.8320504 0.5547002 0 0.8320503 0.5547003 0 0.8320503 0.5547002 0 0.316228 0.9486833 0 0.316228 0.9486833 0 0.9486829 0.3162292 0 0.9486832 0.3162285 0 0.9486829 0.3162291 0 0.9486832 0.3162285 0 -0.2747213 -0.9615239 0 -0.2747212 -0.961524 0 -0.2747211 -0.9615241 0 -0.2747209 -0.961524 0 -0.3162278 -0.9486834 0 0.9486833 -0.3162278 0 0.9486833 -0.3162277 0 0.9486834 -0.3162278 0 0.923077 0.3846154 0 0.7432942 0.6689647 0 0.9970545 -0.07669645 0 0.9970545 0.07669645 0 -0.1864109 -0.5592328 -0.8077808 0.08463054 -0.6826162 -0.7258601 0.07173556 -0.6781589 -0.7314058 0.1566387 -0.7048743 -0.6918211 0.3375791 -0.6001407 -0.72517 0.3353881 -0.6003857 -0.7259834 0.3351535 -0.6004118 -0.7260702 0.333654 -0.6005772 -0.7266238 0.4924626 -0.3615549 -0.7916809 0.4571278 -0.4584095 -0.7621647 0.4771314 -0.4060226 -0.7794173 0.4316162 -0.5179395 -0.7385433 -0.5729507 0.07161879 -0.8164547 -0.5957853 0.1881329 -0.7807983 -0.5857132 0.1312472 -0.7998214 -0.6045513 0.2518964 -0.7556892 -0.6195856 0.2065285 -0.7572712 -0.6284809 0.1996646 -0.7517617 -0.6339778 0.195369 -0.7482668 -0.6471502 0.1849001 -0.7396003 -0.6616932 0.1470429 -0.7352146 -0.6229457 0.1737177 -0.7627326 -0.6034527 0.1864913 -0.7752844 -0.5495575 0.219823 -0.8060178 -0.345953 -0.7233563 -0.5975552 -0.350685 -0.7468026 -0.5650716 -0.3470845 -0.7288206 -0.5902143 -0.3522083 -0.754732 -0.5534701 -0.4098524 -0.7172417 -0.5635471 -0.4365416 -0.7639477 -0.4752007 -0.4135875 -0.7237781 -0.5523501 -0.4444445 -0.7777779 -0.4444445 0.07580977 -0.1516196 -0.9855275 0.0855661 -0.139666 -0.9864948 0.130432 -0.08393454 -0.9878981 0.1410691 -0.07053452 -0.9874839 0.588978 0.687141 -0.425373 0.588978 0.6871411 -0.425373 0.3407771 0.8519428 -0.3975733 0.3467986 0.8421811 -0.4128702 0.3430972 0.8482422 -0.403447 0.3492152 0.8381164 -0.4190582 0.6344167 0.5286805 -0.5639259 0.6401508 0.6083928 -0.4691112 0.6375643 0.5578323 -0.5313521 0.6396022 0.6396022 -0.4264014 -0.4773594 -0.3037741 -0.8245298 -0.5652312 -0.2462923 -0.787308 -0.5154934 -0.279765 -0.8099372 -0.6195855 -0.2065285 -0.7572713 -0.2992082 -0.6283372 -0.7180996 -0.3278406 -0.5229139 -0.7868175 -0.3317663 -0.5058996 -0.7962392 -0.3509072 -0.4093918 -0.8421773 -0.3823596 -0.3823596 -0.8411911 -0.3517166 -0.4395648 -0.8264855 -0.3627824 -0.419463 -0.8321297 -0.2544566 -0.5937322 -0.76337 -0.3094249 0.6188498 -0.7219981 -0.1947181 -0.5925263 -0.7816634 -0.2253064 -0.4931046 -0.8402886 -0.1270002 -0.7620015 -0.6349999 0 -0.4472136 -0.8944272 -0.1116031 -0.57327 -0.8117305 -0.1192653 -0.5813358 -0.8048754 -0.1543033 -0.6172134 -0.7715169 -0.290021 -0.6767156 -0.6767156 0.157405 -0.6296199 -0.7607907 -0.01792132 -0.6521615 -0.7578682 0.08676838 -0.6411623 -0.7624843 -0.1425665 -0.6558059 -0.7413457 -0.9486834 0 -0.3162278 -0.9486833 0 -0.3162278 -0.9486834 0 -0.3162278 -0.8 0 -0.6 -0.867361 0.4968037 -0.02951604 -0.8351884 0.06414473 -0.5462103 -0.8574929 0.5144957 0 -0.6 -0.8 0 -0.5021395 -0.6695193 0.5473572 -0.5970967 -0.7961288 0.09825795 -0.4685214 -0.6246951 0.6246951 0.3704828 -0.3704828 -0.8517541 0.2586636 -0.2586636 -0.9306913 0.5773503 -0.5773503 -0.5773503 0 -0.212021 0.9772651 0 -0.7071068 0.7071068 0.4082483 -0.8164966 -0.4082483 0.1948536 -0.3897072 0.9000892 0.7071081 -0.7071055 0 0.707108 -0.7071056 0 0.7071056 -0.707108 0 0.7071055 -0.7071081 0 0.6882472 -0.6882472 -0.2294157 0.3648488 -0.8832876 -0.2944292 0.6218306 -0.7429631 -0.2476543 0.3015114 -0.9045341 -0.3015114 0.2895076 -0.7674005 -0.5720856 0.3077325 -0.7766982 -0.5495824 0.1740776 -0.6963106 -0.6963106 0 -0.8320503 -0.5547002 -0.2369395 -0.7700535 -0.5923489 -0.2369395 -0.7700536 -0.5923489 0.2169305 -0.9761871 0 0.4856429 -0.8741573 0 0.6401844 -0.7682214 0 0.6401844 -0.7682213 0 0.9486833 0.3162277 0 -0.5546995 0.8320508 0 -0.554701 0.8320499 0 -0.5546998 0.8320506 0 -0.5547012 0.8320497 0 -0.9486839 -0.3162261 0 -0.9486829 -0.3162291 0 -0.9486839 -0.3162264 0 -0.9486829 -0.3162295 0 -0.3162278 -0.9486833 0 -0.7525771 -0.6585041 0 -0.7525767 -0.6585047 0 -0.752577 -0.6585044 0 -0.7525764 -0.6585049 0 -0.581238 -0.8137336 0 -0.5812383 -0.8137335 0 -0.5812381 -0.8137335 0 -0.5812384 -0.8137333 0 -0.6401844 -0.7682213 0 -0.6401844 -0.7682213 0 0.7808688 -0.6246951 0 0.7808688 -0.6246951 0 0.2425356 -0.9701426 0 0.2425356 -0.9701426 0 -0.1414213 -0.9899496 0 -0.1414213 -0.9899496 0 -0.1414213 -0.9899495 0 -0.1414213 -0.9899495 0 0.1414213 -0.9899495 0 0.1414213 -0.9899496 0 0.1414213 -0.9899495 0 -0.3713907 0.9284768 0 -0.3713907 0.9284767 0 -0.3713907 0.9284767 0 -0.2747213 0.9615239 0 -0.2747211 0.961524 0 -0.2747212 0.961524 0 -0.274721 0.9615241 0 -0.2747211 0.961524 0 -0.4472128 0.8944277 0 -0.4472128 0.8944276 0 0.5546997 0.8320508 0 0.5546998 0.8320506 0 0.5546999 0.8320506 0 -0.8944276 0.4472128 0 -0.8944275 0.4472129 0 -0.8944265 0.4472149 0 -0.8944262 0.4472157 0 0.7071068 -0.7071068 0 0.6246951 -0.7808688 0 0.6246951 -0.7808688 0 0.7808688 0.6246951 0 0.7808688 0.624695 0 0.07669645 0.9970545 0 -0.07669645 0.9970545 0 0.6689647 0.7432942 0 0.3846154 0.923077 0 0.4574958 -0.4574958 -0.762493 0.6210806 -0.3393632 -0.7064641 0.6089066 -0.3494361 -0.7121286 0.6689134 -0.2972949 -0.6813007 0.6558258 -0.03279125 -0.7541998 0.6627408 -0.01581841 -0.7486819 0.6639654 -0.01274842 -0.7476547 0.6689648 0 -0.7432942 0.554332 0.2471118 -0.7947652 0.6057534 0.1913369 -0.7723037 0.5780705 0.2220223 -0.785201 0.6338264 0.1584566 -0.7570704 -0.3386427 -0.4740998 -0.8127425 -0.4434831 -0.4340746 -0.7841569 -0.3894808 -0.4557034 -0.8003994 -0.5009644 -0.4084786 -0.7630072 -0.492366 -0.4185111 -0.7631673 -0.4904424 -0.4390554 -0.7527927 -0.4890708 -0.4521098 -0.7459266 -0.4850713 -0.4850713 -0.7276069 -0.5146502 -0.4411288 -0.7352147 -0.5124766 -0.3895243 -0.7652703 -0.5110735 -0.3681983 -0.7766814 -0.5050763 -0.3030458 -0.8081221 0.4542568 -0.6639137 -0.5940281 0.4641708 -0.672333 -0.5766403 0.4567143 -0.666013 -0.5897786 0.4672567 -0.6749264 -0.5710915 0.4098525 -0.7172417 -0.5635471 0.4942534 -0.8649435 -0.0871008 0.4202005 -0.735351 -0.5316866 0.496139 -0.8682432 0 0.164399 0 -0.986394 0.159403 0.01024746 -0.9871605 0.1183503 0.09283995 -0.9886223 0.1097642 0.1097642 -0.9878784 -0.3351776 0.8938068 -0.2979356 -0.3351776 0.8938067 -0.2979356 -0.4946848 0.8244746 -0.2748249 -0.5930771 0.8011831 -0.07978218 -0.5289659 0.8213441 -0.2135157 -0.624695 0.7808689 0 -0.1014765 0.8118122 -0.5750336 -0.2162125 0.8948965 -0.3904007 -0.1400263 0.8441787 -0.5174505 -0.2616124 0.9156436 -0.3052145 -0.08654844 -0.562565 -0.8222104 -0.1250775 -0.582118 -0.8034266 -0.1053484 -0.5722496 -0.8132848 -0.1483404 -0.5933618 -0.7911491 0.4198785 -0.5553231 -0.7178568 0.3092299 -0.5281465 -0.7908466 0.2908987 -0.5228714 -0.8012387 0.1829132 -0.4877687 -0.8535951 0.1407753 -0.4927135 -0.8587293 0.2030224 -0.4926704 -0.8462021 0.1793132 -0.4929215 -0.8513961 0.3244429 -0.4866642 -0.8111071 -0.6 0 -0.8 0.3619309 -0.4805212 -0.7988151 0.2013131 -0.430586 -0.8798118 0.5144958 -0.5144958 -0.6859944 0.4082483 -0.4082483 -0.8164967 0.3750234 -0.2984567 -0.8776566 0.3721805 -0.2897267 -0.8817824 0.3594433 -0.2516103 -0.898606 0.4799592 -0.8399285 -0.253297 0.4891636 -0.8560363 -0.1670957 0.4444445 -0.7777779 -0.4444445 0.6553856 -0.1638464 -0.7373088 0.5453208 -0.3916095 -0.7411257 0.6167159 -0.255621 -0.7445264 0.4472137 -0.5366563 -0.7155418 -0.5924591 -0.7942848 -0.1345505 -0.1748535 -0.8690487 -0.4627968 0.4866642 -0.8111071 -0.3244428 0.5140389 -0.8567315 -0.04213368 0.4967923 -0.8279871 -0.2600668 0.5144957 -0.8574929 0 0.2157224 0.4314448 -0.8759676 0.2056775 0.4113551 -0.8879661 0.4082483 0.8164966 -0.4082483 0.2579674 -0.2579674 0.9310777 0.7071068 -0.7071068 3.80711e-4 0.2830926 0 0.9590927 0.9486833 0 -0.3162278 0.9179984 -0.1645327 -0.3608437 0.945558 -0.02735024 -0.3243027 0.912871 -0.1825742 -0.3651484 0.912871 -0.1825742 -0.3651484 0.890433 -0.2035334 -0.4070668 0.8983168 -0.1964825 -0.3929651 0.8728716 -0.2182179 -0.4364358 0.6985355 -0.4656903 -0.5433054 0.7686835 -0.435063 -0.4688773 0.7593128 -0.4396871 -0.4797076 0.8164966 -0.4082483 -0.4082483 0.4738791 -0.6515838 -0.5923489 0.473879 -0.6515837 -0.5923489 -0.8574926 -0.5144964 0 -0.8574931 -0.5144955 0 -0.8574928 -0.514496 0 -0.8574934 -0.5144951 0 0.3162282 -0.9486832 0 0.3162281 -0.9486833 0 0.3162274 -0.9486835 0 0.3162273 -0.9486835 0 0.9138116 -0.4061384 0 0.9138116 -0.4061385 0 0.9701426 0.2425356 0 0.2873479 -0.9578264 0 0.2873479 -0.9578264 0 0.3939191 -0.9191452 0 0.3939194 -0.9191451 0 0.3939192 -0.9191451 0 0.3939195 -0.919145 0 0.3511235 -0.9363293 0 0.3511234 -0.9363292 0 0.3511234 -0.9363293 0 0.9701423 -0.2425366 0 0.9701424 -0.2425363 0 0.9701427 -0.2425349 0 0.9701429 -0.2425346 0 0.8944273 -0.4472137 0 0.8944272 -0.4472136 0 0.9284767 -0.3713907 0 0.9284768 -0.3713907 0 0.9284768 -0.3713907 0 -0.961524 0.2747211 0 -0.961524 0.2747212 0 -0.3162278 0.9486834 0 -0.3162278 0.9486833 0 -0.3162278 0.9486833 0 -0.8320503 0.5547002 0 0.9191451 0.3939192 0 0.986394 0.164399 0 -0.164399 0.986394 0 -0.164399 0.9863939 0 -0.7432942 0.6689647 0 -0.923077 0.3846154 0 -0.3846154 0.923077 0 -0.6689647 0.7432942 0 0.5833834 0.3889222 -0.7130241 0.5798332 0.4082547 -0.7050685 0.5800787 0.4069679 -0.7056103 0.5788288 0.4134491 -0.7028635 0.3137857 0.588349 -0.7452409 0.3376519 0.5563251 -0.7592719 0.3410173 0.5516614 -0.7611681 0.3547874 0.5321812 -0.7687062 0.08047723 0.5881028 -0.8047724 0.1251322 0.5968211 -0.7925571 0.1002489 0.5921196 -0.7995902 0.1502925 0.6011701 -0.784861 0.2298462 -0.536308 -0.8121235 0.1291339 -0.619412 -0.7743728 0.1808935 -0.5783836 -0.7954558 0.07486069 -0.6587742 -0.748607 0.1786991 -0.6382113 -0.7488345 0.1799934 -0.6387211 -0.7480894 0.1808083 -0.6390414 -0.7476192 0.182807 -0.6398248 -0.7464622 0.1916195 -0.6387317 -0.7451871 0.1552762 -0.6177915 -0.7708587 0.1445987 -0.6113985 -0.7779995 0.09692555 -0.5815536 -0.8077133 0.8315508 0.03464794 -0.5543671 0.8841536 0.05248939 -0.4642383 0.8456032 0.03915357 -0.5323742 0.9045341 0.06030225 -0.4221159 0.8944272 0 -0.4472136 0.7396011 0 -0.6730455 0.8768156 0 -0.4808269 0.1400279 0.1400279 -0.9801961 0.1219691 0.1433595 -0.9821261 0.01466983 0.1620019 -0.9866814 0 0.164399 -0.986394 -0.8181819 0.1818182 -0.5454546 -0.9030506 0.1358307 -0.4074922 -0.8454031 0.1689063 -0.5067191 -0.9299812 0.1162476 -0.3487429 -0.9486833 -0.1897366 -0.2529822 -0.9146391 -0.1104315 -0.3888964 -0.937094 -0.1562993 -0.3121306 -0.8919531 -0.07432937 -0.4459765 -0.8350669 0.3131501 -0.4523279 -0.7974892 0.3303062 -0.5048848 -0.8237214 0.3186634 -0.4689743 -0.7837131 0.335877 -0.5224754 0.5333965 -0.2051525 -0.82061 0.5304715 -0.381813 -0.7568482 0.5344689 -0.2806617 -0.7972277 0.5144958 -0.5144958 -0.6859943 0.6033026 0.02154648 -0.7972213 0.5933858 0.01177638 -0.8048321 0.5927326 0.0111379 -0.8053224 0.5812382 0 -0.8137335 0.5219168 -0.1739722 -0.8350669 0.5483182 -0.1388943 -0.8246549 0.5377286 -0.153177 -0.8290867 0.5986711 -0.06651902 -0.7982282 0 -0.4472137 -0.8944273 0.5510373 0.0424987 -0.8333978 0.4232626 -0.09764599 -0.9007297 0.6149401 0.122988 -0.7789241 0.2357022 0.2357022 -0.9428091 0.4979957 0.1562944 -0.8529786 0.504482 0.153978 -0.8495815 0.6139602 0.1116291 -0.7814038 0.7035265 0.1005038 -0.7035265 0.6778798 0.09683996 -0.7287668 0.683838 0.09769111 -0.7230644 0.6556101 0.09365856 -0.7492687 0.4574957 0.4574957 -0.7624928 0.552787 0.3530308 -0.7548483 0.5041182 0.4087923 -0.7607588 0.6162049 0.2711302 -0.7394458 0 0.4196958 -0.9076648 0.7103604 0.3551802 0.6076474 0.8578385 0.4289193 0.2830926 0.4289193 0.8578385 -0.2830926 0.3551802 0.7103604 -0.6076474 0.2672612 0.8017838 -0.5345225 0.2216184 0.8685773 -0.4432368 0.07512462 0.9857898 -0.1502493 0.4472122 0.8944279 0 0.4285714 0.8571429 -0.2857143 0.5071519 0.817629 -0.272543 0.4589897 0.8428498 -0.2809499 0.3580574 0.7877264 -0.5012804 0.3656867 0.763319 -0.5325574 0.3633221 0.7712261 -0.5226923 0.8392544 0.2797515 -0.4662525 0.8151019 0.2049319 -0.5418595 0.8176153 0.21161 -0.5354685 0.7961174 0.1592234 -0.5838194 0.919709 0.2452557 -0.3065696 0.8830011 0.1797679 -0.4335812 0.8973717 0.2020227 -0.3923148 0.8444407 0.1299139 -0.5196558 0.8137338 0.5812378 0 0.8137335 0.5812382 0 0.8137334 0.5812383 0 0.8137333 0.5812386 0 0.5547 0.8320505 0 0.5547002 0.8320503 0 0.5547002 0.8320503 0 0.5547004 0.8320502 0 0.2425356 0.9701426 0 -0.3162283 -0.9486832 0 -0.3162276 -0.9486835 0 -0.3162282 -0.9486832 0 -0.3162276 -0.9486835 0 0.7071068 -0.7071068 0 0.948683 0.3162288 0 0.9486837 0.3162268 0 0.9486838 0.3162264 0 0.9284768 -0.3713907 0 0.9284767 -0.3713907 0 0.992278 -0.1240342 0 0.9922779 -0.1240349 0 0.9922779 -0.1240345 0 0.9922779 -0.1240351 0 0.992278 -0.1240335 0 0.9922779 -0.1240353 0 0.992278 -0.1240341 0 0.9922778 -0.1240358 0 0.1643987 0.9863941 0 0.1643989 0.986394 0 0.1643991 0.986394 0 0.1643992 0.986394 0 0.4472121 0.894428 0 0.4472126 0.8944277 0 0.4472146 0.8944267 0 0.4472151 0.8944265 0 0.9805806 0.1961169 0 0.9805808 0.1961163 0 0.9805811 0.1961144 0 0.9805812 0.1961137 0 0.9333456 0.3589791 0 0.9333456 0.3589791 0 0.9333457 0.3589791 0 0.8221923 0.56921 0 0.8221923 0.56921 0 0.8221922 0.56921 0 -0.5144962 -0.8574926 0 -0.514496 -0.8574929 0 -0.5144954 -0.8574933 0 -0.8320503 -0.5547002 0 -0.316228 -0.9486833 0 -0.316228 -0.9486833 0 -0.9486832 -0.3162285 0 -0.9486829 -0.3162291 0 -0.9486832 -0.3162285 0 0.2747213 0.9615239 0 0.2747212 0.961524 0 0.2747211 0.9615241 0 0.2747209 0.961524 0 0.3162278 0.9486834 0 -0.9486833 0.3162278 0 -0.9486833 0.3162277 0 -0.9486834 0.3162278 0 -0.923077 -0.3846154 0 -0.7432942 -0.6689647 0 -0.9970545 0.07669645 0 -0.9970545 -0.07669645 0 0.1864109 0.5592328 -0.8077808 -0.08463054 0.6826162 -0.7258601 -0.07173556 0.6781589 -0.7314058 -0.1566387 0.7048743 -0.6918211 -0.3375791 0.6001407 -0.72517 -0.3353881 0.6003857 -0.7259834 -0.3351535 0.6004118 -0.7260702 -0.333654 0.6005772 -0.7266238 -0.4924626 0.3615549 -0.7916809 -0.4571278 0.4584095 -0.7621647 -0.4771314 0.4060226 -0.7794173 -0.4316162 0.5179395 -0.7385433 0.5729507 -0.07161879 -0.8164547 0.5957853 -0.1881329 -0.7807983 0.5857132 -0.1312472 -0.7998214 0.6045513 -0.2518964 -0.7556892 0.6195856 -0.2065285 -0.7572712 0.6284809 -0.1996646 -0.7517617 0.6339778 -0.195369 -0.7482668 0.6471502 -0.1849001 -0.7396003 0.6616932 -0.1470429 -0.7352146 0.6229457 -0.1737177 -0.7627326 0.6034527 -0.1864913 -0.7752844 0.5495575 -0.219823 -0.8060178 0.345953 0.7233563 -0.5975552 0.350685 0.7468026 -0.5650716 0.3470845 0.7288206 -0.5902143 0.3522083 0.754732 -0.5534701 0.4098524 0.7172417 -0.5635471 0.4365416 0.7639477 -0.4752007 0.4135875 0.7237781 -0.5523501 0.4444445 0.7777779 -0.4444445 -0.07580977 0.1516196 -0.9855275 -0.0855661 0.139666 -0.9864948 -0.130432 0.08393454 -0.9878981 -0.1410691 0.07053452 -0.9874839 -0.588978 -0.687141 -0.425373 -0.588978 -0.6871411 -0.425373 -0.3407771 -0.8519428 -0.3975733 -0.3467986 -0.8421811 -0.4128702 -0.3430972 -0.8482422 -0.403447 -0.3492152 -0.8381164 -0.4190582 -0.6344167 -0.5286805 -0.5639259 -0.6401508 -0.6083928 -0.4691112 -0.6375643 -0.5578323 -0.5313521 -0.6396022 -0.6396022 -0.4264014 0.4773594 0.3037741 -0.8245298 0.5652312 0.2462923 -0.787308 0.5154934 0.279765 -0.8099372 0.6195855 0.2065285 -0.7572713 0.2992082 0.6283372 -0.7180996 0.3278406 0.5229139 -0.7868175 0.3317663 0.5058996 -0.7962392 0.3509072 0.4093918 -0.8421773 0.3823596 0.3823596 -0.8411911 0.3517166 0.4395648 -0.8264855 0.3627824 0.419463 -0.8321297 0.2544566 0.5937322 -0.76337 0.3094249 -0.6188498 -0.7219981 0.1947181 0.5925263 -0.7816634 0.2253064 0.4931046 -0.8402886 0.1270002 0.7620015 -0.6349999 0 0.4472136 -0.8944272 0.1116031 0.57327 -0.8117305 0.1192653 0.5813358 -0.8048754 0.1543033 0.6172134 -0.7715169 0.290021 0.6767156 -0.6767156 -0.157405 0.6296199 -0.7607907 0.01792132 0.6521615 -0.7578682 -0.08676838 0.6411623 -0.7624843 0.1425665 0.6558059 -0.7413457 0.9486834 0 -0.3162278 0.9486833 0 -0.3162278 0.9486834 0 -0.3162278 0.8 0 -0.6 0.867361 -0.4968037 -0.02951604 0.8351884 -0.06414473 -0.5462103 0.8574929 -0.5144957 0 0.6 0.8 0 0.5021395 0.6695193 0.5473572 0.5970967 0.7961288 0.09825795 0.4685214 0.6246951 0.6246951 -0.3704828 0.3704828 -0.8517541 -0.2586636 0.2586636 -0.9306913 -0.5773503 0.5773503 -0.5773503 0 0.212021 0.9772651 0 0.7071068 0.7071068 -0.4082483 0.8164966 -0.4082483 -0.1948536 0.3897072 0.9000892 -0.7071081 0.7071055 0 -0.707108 0.7071056 0 -0.7071056 0.707108 0 -0.7071055 0.7071081 0 -0.6882472 0.6882472 -0.2294157 -0.3648488 0.8832876 -0.2944292 -0.6218306 0.7429631 -0.2476543 -0.3015114 0.9045341 -0.3015114 -0.2895076 0.7674005 -0.5720856 -0.3077325 0.7766982 -0.5495824 -0.1740776 0.6963106 -0.6963106 0.2369395 0.7700535 -0.5923489 0.2369395 0.7700536 -0.5923489 -0.2169305 0.9761871 0 -0.4856429 0.8741573 0 -0.6401844 0.7682214 0 -0.6401844 0.7682213 0 -0.9486833 -0.3162277 0 0.5546995 -0.8320508 0 0.554701 -0.8320499 0 0.5546998 -0.8320506 0 0.5547012 -0.8320497 0 0.9486839 0.3162261 0 0.9486829 0.3162291 0 0.9486839 0.3162264 0 0.9486829 0.3162295 0 0.3162278 0.9486833 0 0.7525771 0.6585041 0 0.7525767 0.6585047 0 0.752577 0.6585044 0 0.7525764 0.6585049 0 0.581238 0.8137336 0 0.5812383 0.8137335 0 0.5812381 0.8137335 0 0.5812384 0.8137333 0 0.6401844 0.7682213 0 0.6401844 0.7682213 0 -0.7808688 0.6246951 0 -0.7808688 0.6246951 0 -0.2425356 0.9701426 0 -0.2425356 0.9701426 0 0.1414213 0.9899496 0 0.1414213 0.9899496 0 0.1414213 0.9899495 0 0.1414213 0.9899495 0 -0.1414213 0.9899495 0 -0.1414213 0.9899496 0 -0.1414213 0.9899495 0 0.3713907 -0.9284767 0 0.2747211 -0.961524 0 0.4472128 -0.8944277 0 0.4472128 -0.8944276 0 -0.5546997 -0.8320508 0 -0.5546998 -0.8320506 0 -0.5546999 -0.8320506 0 0.8944276 -0.4472128 0 0.8944275 -0.4472129 0 0.8944265 -0.4472149 0 0.8944262 -0.4472157 0 -0.6246951 0.7808688 0 -0.6246951 0.7808688 0 -0.7808688 -0.6246951 0 -0.7808688 -0.624695 0 -0.07669645 -0.9970545 0 0.07669645 -0.9970545 0 -0.6689647 -0.7432942 0 -0.3846154 -0.923077 0 0.08804506 -0.7043607 -0.7043607 0.1240347 -0.992278 0 -0.08804506 0.7043607 -0.7043607 -0.1240347 0.992278 0 -0.08804506 -0.7043607 -0.7043607 -0.1240347 -0.992278 0 0.08804506 0.7043607 -0.7043607 0.1240347 0.992278 0 0.9761871 -0.2169304 0 0.9761871 -0.2169304 0 0.8479983 -0.5299989 0 0.8479984 -0.529999 0 0.5299989 -0.8479983 0 0.529999 -0.8479984 0 -0.9761871 0.2169304 0 -0.9761871 0.2169304 0 -0.8479983 0.5299989 0 -0.8479984 0.529999 0 -0.5299989 0.8479983 0 -0.529999 0.8479984 0 -0.9761871 -0.2169304 0 -0.9761871 -0.2169304 0 -0.8479983 -0.5299989 0 -0.8479984 -0.529999 0 -0.5299989 -0.8479983 0 -0.529999 -0.8479984 0 0.9761871 0.2169304 0 0.9761871 0.2169304 0 0.8479983 0.5299989 0 0.8479984 0.529999 0 0.5299989 0.8479983 0 0.529999 0.8479984 0 0.3939193 -0.9191451 0 0.8 -0.6000002 0 0.9191452 -0.393919 0 0.9191452 -0.3939191 0 0.9974587 -0.07124722 0 0.07124704 -0.9974587 0 -0.3939193 0.9191451 0 -0.8 0.6000002 0 -0.9191452 0.393919 0 -0.9191452 0.3939191 0 -0.9974587 0.07124722 0 -0.07124704 0.9974587 0 -0.3939193 -0.9191451 0 -0.8 -0.6000002 0 -0.9191452 -0.393919 0 -0.9191452 -0.3939191 0 -0.9974587 -0.07124722 0 -0.6 -0.8 0 -0.07124704 -0.9974587 0 0.3939193 0.9191451 0 0.8 0.6000002 0 0.9191452 0.393919 0 0.9191452 0.3939191 0 0.9974587 0.07124722 0 0.6 0.8 0 0.07124704 0.9974587 0 -0.529999 0.8479983 0 -0.124017 0.9921361 0.01691174 -0.114118 0.9933959 0.01190489 -0.09825456 0.9951537 0.003893077 -0.0905357 0.9958933 0 -0.529999 0.8479983 0 -0.8479983 0.529999 0 -0.8479983 0.529999 0 -0.9938839 0.1104308 0 -0.9935358 0.1135122 -0.001276195 -0.9926856 0.1206547 -0.004236459 -0.9922621 0.1240335 -0.005637824 -0.9700835 0.2425209 -0.01102364 -0.9717 0.2360746 -0.008239567 -0.9748477 0.2228577 -0.002546489 -0.2169304 0.9761871 0 -0.2354448 0.9718551 0.007967829 -0.2913004 0.9560879 0.03225123 -0.3159341 0.9478026 0.04308187 0.529999 -0.8479983 0 0.124017 -0.9921361 0.01691174 0.114118 -0.9933959 0.01190489 0.09825456 -0.9951537 0.003893077 0.0905357 -0.9958933 0 0.529999 -0.8479983 0 0.8479983 -0.529999 0 0.8479983 -0.529999 0 0.9938839 -0.1104308 0 0.9935358 -0.1135122 -0.001276195 0.9926856 -0.1206547 -0.004236459 0.9922621 -0.1240335 -0.005637824 0.9700835 -0.2425209 -0.01102364 0.9717 -0.2360746 -0.008239567 0.9748477 -0.2228577 -0.002546489 0.2169304 -0.9761871 0 0.2354448 -0.9718551 0.007967829 0.2913004 -0.9560879 0.03225123 0.3159341 -0.9478026 0.04308187 0.529999 0.8479983 0 0.124017 0.9921361 0.01691174 0.09825456 0.9951537 0.003893077 0.114118 0.9933959 0.01190489 0.0905357 0.9958933 0 0.529999 0.8479983 0 0.8479983 0.529999 0 0.8479983 0.529999 0 0.9938839 0.1104308 0 0.9926856 0.1206547 -0.004236459 0.9935358 0.1135122 -0.001276195 0.9922621 0.1240335 -0.005637824 0.9700835 0.2425209 -0.01102364 0.9748477 0.2228577 -0.002546489 0.9717 0.2360746 -0.008239567 0.2169304 0.9761871 0 0.2913004 0.9560879 0.03225123 0.2354448 0.9718551 0.007967829 0.3159341 0.9478026 0.04308187 -0.529999 -0.8479983 0 -0.124017 -0.9921361 0.01691174 -0.09825456 -0.9951537 0.003893077 -0.114118 -0.9933959 0.01190489 -0.0905357 -0.9958933 0 -0.529999 -0.8479983 0 -0.8479983 -0.529999 0 -0.8479983 -0.529999 0 -0.9938839 -0.1104308 0 -0.9926856 -0.1206547 -0.004236459 -0.9935358 -0.1135122 -0.001276195 -0.9922621 -0.1240335 -0.005637824 -0.9700835 -0.2425209 -0.01102364 -0.9748477 -0.2228577 -0.002546489 -0.9717 -0.2360746 -0.008239567 -0.2169304 -0.9761871 0 -0.2913004 -0.9560879 0.03225123 -0.2354448 -0.9718551 0.007967829 -0.3159341 -0.9478026 0.04308187 -0.986394 0.164399 0 -0.986394 0.164399 0 0.986394 -0.164399 0 0.986394 -0.164399 0 0.164399 0.986394 0 0.164399 0.986394 0 0.8 0.6 0 0.986394 0.164399 0 -0.164399 -0.986394 0 -0.164399 -0.986394 0 -0.8 -0.6 0 -0.986394 -0.164399 0 0.4961389 -0.8682432 0 0.4961389 -0.8682432 0 -0.4961389 0.8682432 0 -0.4961389 0.8682432 0 -0.4961389 -0.8682432 0 -0.4961389 -0.8682432 0 0.4961389 0.8682432 0 0.4961389 0.8682432 0 -0.503871 0.863779 0 -0.503871 0.8637789 0 0.5144958 0.857493 0 0.5144957 0.857493 0 0.503871 -0.863779 0 0.503871 -0.8637789 0 -0.5144958 -0.857493 0 -0.5144957 -0.857493 0 0.503871 0.863779 0 0.503871 0.8637789 0 0.9701426 -0.2425356 0 -0.5144958 0.857493 0 -0.5144957 0.857493 0 -0.503871 -0.863779 0 -0.503871 -0.8637789 0 -0.9701426 0.2425356 0 0.5144958 -0.857493 0 0.5144957 -0.857493 0 0.4961389 -0.8682432 0 0.3511234 -0.9363293 0 -0.5812382 0.8137335 0 -0.4961389 0.8682432 0 -0.3511234 0.9363293 0 0.5812382 -0.8137335 0</float_array>
          <technique_common>
            <accessor source="#Mesh_0559Mesh-mesh-normals-array" count="1488" stride="3">
              <param name="X" type="float"/>
              <param name="Y" type="float"/>
              <param name="Z" type="float"/>
            </accessor>
          </technique_common>
        </source>
        <source id="Mesh_0559Mesh-mesh-map-0">
          <float_array id="Mesh_0559Mesh-mesh-map-0-array" count="14700">0.0625 0.15625 0.0625 0.03515625 0.1835937 0.03515625 0.0625 0.15625 0.0625 0.03515625 0.1835937 0.03515625 0.0625 0.03515625 0.1835937 0.03515625 0.0625 0.15625 0.0625 0.15625 0.0625 0.03515625 0.1835937 0.03515625 0.0625 0.15625 0.0625 0.03515625 0.1835937 0.03515625 0.0625 0.15625 0.0625 0.03515625 0.1835937 0.03515625 0.0625 0.03515625 0.1835937 0.03515625 0.0625 0.15625 0.0625 0.03515625 0.1835937 0.03515625 0.0625 0.15625 0.1835937 0.03515625 0.0625 0.15625 0.0625 0.03515625 0.1835937 0.03515625 0.0625 0.15625 0.0625 0.03515625 0.1835937 0.03515625 0.0625 0.15625 0.0625 0.03515625 0.0625 0.15625 0.0625 0.03515625 0.1835937 0.03515625 0.0625 0.15625 0.0625 0.03515625 0.1835937 0.03515625 0.0625 0.15625 0.0625 0.03515625 0.1835937 0.03515625 0.0625 0.15625 0.0625 0.03515625 0.1835937 0.03515625 0.1835937 0.03515625 0.0625 0.15625 0.0625 0.03515625 0.0625 0.15625 0.0625 0.03515625 0.1835937 0.03515625 0.1835937 0.03515625 0.0625 0.15625 0.0625 0.03515625 0.1835937 0.03515625 0.0625 0.15625 0.0625 0.03515625 0.1835937 0.03515625 0.0625 0.15625 0.0625 0.03515625 0.0625 0.03515625 0.1835937 0.03515625 0.0625 0.15625 0.0625 0.03515625 0.1835937 0.03515625 0.0625 0.15625 0.0625 0.03515625 0.1835937 0.03515625 0.0625 0.15625 0.0625 0.15625 0.0625 0.03515625 0.1835937 0.03515625 0.0625 0.03515625 0.1835937 0.03515625 0.0625 0.15625 0.0625 0.03515625 0.1835937 0.03515625 0.0625 0.15625 0.0625 0.03515625 0.1835937 0.03515625 0.0625 0.15625 0.1835937 0.03515625 0.0625 0.15625 0.0625 0.03515625 0.1835937 0.03515625 0.0625 0.15625 0.0625 0.03515625 0.1835937 0.03515625 0.0625 0.15625 0.0625 0.03515625 0.1835937 0.03515625 0.0625 0.15625 0.0625 0.03515625 0.0625 0.15625 0.0625 0.03515625 0.1835937 0.03515625 0.0625 0.03515625 0.1835937 0.03515625 0.0625 0.15625 0.0625 0.03515625 0.1835937 0.03515625 0.0625 0.15625 0.0625 0.03515625 0.1835937 0.03515625 0.0625 0.15625 0.0625 0.15625 0.0625 0.03515625 0.1835937 0.03515625 0.0625 0.15625 0.0625 0.03515625 0.1835937 0.03515625 0.1835937 0.03515625 0.0625 0.15625 0.0625 0.03515625 0.0625 0.03515625 0.1835937 0.03515625 0.0625 0.15625 0.0625 0.15625 0.0625 0.03515625 0.1835937 0.03515625 0.0625 0.03515625 0.1835937 0.03515625 0.0625 0.15625 0.0625 0.03515625 0.1835937 0.03515625 0.0625 0.15625 0.0625 0.03515625 0.1835937 0.03515625 0.0625 0.15625 0.0625 0.03515625 0.1835937 0.03515625 0.0625 0.15625 0.0625 0.03515625 0.1835937 0.03515625 0.0625 0.15625 0.0625 0.15625 0.0625 0.03515625 0.1835937 0.03515625 0.0625 0.03515625 0.1835937 0.03515625 0.0625 0.15625 0.1835937 0.03515625 0.0625 0.15625 0.0625 0.03515625 0.0625 0.15625 0.0625 0.03515625 0.1835937 0.03515625 0.0625 0.03515625 0.1835937 0.03515625 0.0625 0.15625 0.0625 0.03515625 0.1835937 0.03515625 0.0625 0.15625 0.0625 0.03515625 0.1835937 0.03515625 0.0625 0.15625 0.1835937 0.03515625 0.0625 0.15625 0.0625 0.03515625 0.0625 0.03515625 0.1835937 0.03515625 0.0625 0.15625 0.0625 0.15625 0.0625 0.03515625 0.1835937 0.03515625 0.0625 0.15625 0.0625 0.03515625 0.1835937 0.03515625 0.0625 0.15625 0.0625 0.03515625 0.1835937 0.03515625 0.0625 0.15625 0.0625 0.03515625 0.1835937 0.03515625 0.0625 0.15625 0.0625 0.03515625 0.1835937 0.03515625 0.0625 0.15625 0.0625 0.03515625 0.1835937 0.03515625 0.0625 0.15625 0.0625 0.03515625 0.1835937 0.03515625 0.0625 0.15625 0.0625 0.03515625 0.1835937 0.03515625 0.1835937 0.03515625 0.0625 0.15625 0.0625 0.03515625 0.1835937 0.03515625 0.0625 0.15625 0.0625 0.03515625 0.1835937 0.03515625 0.0625 0.15625 0.0625 0.03515625 0.0625 0.03515625 0.1835937 0.03515625 0.0625 0.15625 0.0625 0.03515625 0.1835937 0.03515625 0.0625 0.15625 0.0625 0.03515625 0.1835937 0.03515625 0.0625 0.15625 0.0625 0.15625 0.0625 0.03515625 0.1835937 0.03515625 0.0625 0.03515625 0.1835937 0.03515625 0.0625 0.15625 0.0625 0.03515625 0.1835937 0.03515625 0.0625 0.15625 0.0625 0.03515625 0.1835937 0.03515625 0.0625 0.15625 0.0625 0.15625 0.0625 0.03515625 0.1835937 0.03515625 0.0625 0.15625 0.0625 0.03515625 0.1835937 0.03515625 0.0625 0.15625 0.0625 0.03515625 0.1835937 0.03515625 0.0625 0.15625 0.0625 0.03515625 0.1835937 0.03515625 0.1835937 0.03515625 0.0625 0.15625 0.0625 0.03515625 0.0625 0.03515625 0.1835937 0.03515625 0.0625 0.15625 0.0625 0.03515625 0.1835937 0.03515625 0.0625 0.15625 0.0625 0.03515625 0.1835937 0.03515625 0.0625 0.15625 0.1835937 0.03515625 0.0625 0.15625 0.0625 0.03515625 0.0625 0.15625 0.0625 0.03515625 0.1835937 0.03515625 0.1835937 0.03515625 0.0625 0.15625 0.0625 0.03515625 0.0625 0.15625 0.0625 0.03515625 0.1835937 0.03515625 0.0625 0.15625 0.0625 0.03515625 0.1835937 0.03515625 0.0625 0.15625 0.0625 0.03515625 0.1835937 0.03515625 0.0625 0.03515625 0.1835937 0.03515625 0.0625 0.15625 0.0625 0.15625 0.0625 0.03515625 0.1835937 0.03515625 0.0625 0.03515625 0.1835937 0.03515625 0.0625 0.15625 0.0625 0.03515625 0.1835937 0.03515625 0.0625 0.15625 0.0625 0.03515625 0.1835937 0.03515625 0.0625 0.15625 0.0625 0.03515625 0.1835937 0.03515625 0.0625 0.15625 0.1835937 0.03515625 0.0625 0.15625 0.0625 0.03515625 0.0625 0.03515625 0.1835937 0.03515625 0.0625 0.15625 0.0625 0.03515625 0.1835937 0.03515625 0.0625 0.15625 0.1835937 0.03515625 0.0625 0.15625 0.0625 0.03515625 0.0625 0.03515625 0.1835937 0.03515625 0.0625 0.15625 0.1835937 0.03515625 0.0625 0.15625 0.0625 0.03515625 0.0625 0.03515625 0.1835937 0.03515625 0.0625 0.15625 0.0625 0.03515625 0.1835937 0.03515625 0.0625 0.15625 0.0625 0.03515625 0.1835937 0.03515625 0.0625 0.15625 0.0625 0.03515625 0.1835937 0.03515625 0.0625 0.15625 0.0625 0.15625 0.0625 0.03515625 0.1835937 0.03515625 0.0625 0.03515625 0.1835937 0.03515625 0.0625 0.15625 0.0625 0.15625 0.0625 0.03515625 0.1835937 0.03515625 0.0625 0.15625 0.0625 0.03515625 0.1835937 0.03515625 0.0625 0.15625 0.0625 0.03515625 0.1835937 0.03515625 0.1835937 0.03515625 0.0625 0.15625 0.0625 0.03515625 0.0625 0.03515625 0.1835937 0.03515625 0.0625 0.15625 0.0625 0.03515625 0.1835937 0.03515625 0.0625 0.15625 0.0625 0.03515625 0.1835937 0.03515625 0.0625 0.15625 0.1835937 0.03515625 0.0625 0.15625 0.0625 0.03515625 0.0625 0.03515625 0.1835937 0.03515625 0.0625 0.15625 0.0625 0.03515625 0.1835937 0.03515625 0.0625 0.15625 0.1835937 0.03515625 0.0625 0.15625 0.0625 0.03515625 0.0625 0.03515625 0.1835937 0.03515625 0.0625 0.15625 0.0625 0.03515625 0.1835937 0.03515625 0.0625 0.15625 0.0625 0.15625 0.0625 0.03515625 0.1835937 0.03515625 0.0625 0.15625 0.0625 0.03515625 0.1835937 0.03515625 0.0625 0.15625 0.0625 0.03515625 0.1835937 0.03515625 0.0625 0.15625 0.0625 0.03515625 0.1835937 0.03515625 0.0625 0.03515625 0.1835937 0.03515625 0.0625 0.15625 0.0625 0.03515625 0.1835937 0.03515625 0.0625 0.15625 0.0625 0.03515625 0.1835937 0.03515625 0.0625 0.15625 0.0625 0.03515625 0.1835937 0.03515625 0.0625 0.15625 0.1835937 0.03515625 0.0625 0.15625 0.0625 0.03515625 0.0625 0.15625 0.0625 0.03515625 0.1835937 0.03515625 0.1835937 0.03515625 0.0625 0.15625 0.0625 0.03515625 0.0625 0.15625 0.0625 0.03515625 0.1835937 0.03515625 0.1835937 0.03515625 0.0625 0.15625 0.0625 0.03515625 0.0625 0.15625 0.0625 0.03515625 0.1835937 0.03515625 0.0625 0.15625 0.0625 0.03515625 0.1835937 0.03515625 0.0625 0.15625 0.0625 0.03515625 0.1835937 0.03515625 0.0625 0.03515625 0.1835937 0.03515625 0.0625 0.15625 0.0625 0.03515625 0.1835937 0.03515625 0.0625 0.15625 0.1835937 0.03515625 0.0625 0.15625 0.0625 0.03515625 0.1835937 0.03515625 0.0625 0.15625 0.0625 0.03515625 0.0625 0.15625 0.0625 0.03515625 0.1835937 0.03515625 0.1835937 0.03515625 0.0625 0.15625 0.0625 0.03515625 0.0625 0.03515625 0.1835937 0.03515625 0.0625 0.15625 0.1835937 0.03515625 0.0625 0.15625 0.0625 0.03515625 0.1835937 0.03515625 0.0625 0.15625 0.0625 0.03515625 0.0625 0.15625 0.0625 0.03515625 0.1835937 0.03515625 0.0625 0.03515625 0.1835937 0.03515625 0.0625 0.15625 0.0625 0.03515625 0.1835937 0.03515625 0.0625 0.15625 0.0625 0.03515625 0.1835937 0.03515625 0.0625 0.15625 0.0625 0.03515625 0.1835937 0.03515625 0.0625 0.15625 0.1835937 0.03515625 0.0625 0.15625 0.0625 0.03515625 0.1835937 0.03515625 0.0625 0.15625 0.0625 0.03515625 0.0625 0.03515625 0.1835937 0.03515625 0.0625 0.15625 0.0625 0.15625 0.0625 0.03515625 0.1835937 0.03515625 0.1835937 0.03515625 0.0625 0.15625 0.0625 0.03515625 0.0625 0.15625 0.0625 0.03515625 0.1835937 0.03515625 0.0625 0.03515625 0.1835937 0.03515625 0.0625 0.15625 0.0625 0.03515625 0.1835937 0.03515625 0.0625 0.15625 0.1835937 0.03515625 0.0625 0.15625 0.0625 0.03515625 0.1835937 0.03515625 0.0625 0.15625 0.0625 0.03515625 0.1835937 0.03515625 0.0625 0.15625 0.0625 0.03515625 0.0625 0.03515625 0.1835937 0.03515625 0.0625 0.15625 0.0625 0.03515625 0.1835937 0.03515625 0.0625 0.15625 0.0625 0.03515625 0.1835937 0.03515625 0.0625 0.15625 0.0625 0.03515625 0.1835937 0.03515625 0.0625 0.15625 0.0625 0.03515625 0.1835937 0.03515625 0.0625 0.15625 0.0625 0.03515625 0.1835937 0.03515625 0.0625 0.15625 0.0625 0.15625 0.0625 0.03515625 0.1835937 0.03515625 0.0625 0.15625 0.0625 0.03515625 0.1835937 0.03515625 0.0625 0.03515625 0.1835937 0.03515625 0.0625 0.15625 0.0625 0.03515625 0.1835937 0.03515625 0.0625 0.15625 0.0625 0.03515625 0.1835937 0.03515625 0.0625 0.15625 0.0625 0.03515625 0.1835937 0.03515625 0.0625 0.15625 0.1835937 0.03515625 0.0625 0.15625 0.0625 0.03515625 0.0625 0.15625 0.0625 0.03515625 0.1835937 0.03515625 0.1835937 0.03515625 0.0625 0.15625 0.0625 0.03515625 0.1835937 0.03515625 0.0625 0.15625 0.0625 0.03515625 0.1835937 0.03515625 0.0625 0.15625 0.0625 0.03515625 0.1835937 0.03515625 0.0625 0.15625 0.0625 0.03515625 0.1835937 0.03515625 0.0625 0.15625 0.0625 0.03515625 0.1835937 0.03515625 0.0625 0.15625 0.0625 0.03515625 0.0625 0.03515625 0.1835937 0.03515625 0.0625 0.15625 0.0625 0.03515625 0.1835937 0.03515625 0.0625 0.15625 0.1835937 0.03515625 0.0625 0.15625 0.0625 0.03515625 0.1835937 0.03515625 0.0625 0.15625 0.0625 0.03515625 0.0625 0.15625 0.0625 0.03515625 0.1835937 0.03515625 0.1835937 0.03515625 0.0625 0.15625 0.0625 0.03515625 0.1835937 0.03515625 0.0625 0.15625 0.0625 0.03515625 0.0625 0.15625 0.0625 0.03515625 0.1835937 0.03515625 0.1835937 0.03515625 0.0625 0.15625 0.0625 0.03515625 0.0625 0.15625 0.0625 0.03515625 0.1835937 0.03515625 0.1835937 0.03515625 0.0625 0.15625 0.0625 0.03515625 0.1835937 0.03515625 0.0625 0.15625 0.0625 0.03515625 0.1835937 0.03515625 0.0625 0.15625 0.0625 0.03515625 0.1835937 0.03515625 0.0625 0.15625 0.0625 0.03515625 0.1835937 0.03515625 0.0625 0.15625 0.0625 0.03515625 0.1835937 0.03515625 0.0625 0.15625 0.0625 0.03515625 0.0625 0.15625 0.0625 0.03515625 0.1835937 0.03515625 0.0625 0.15625 0.0625 0.03515625 0.1835937 0.03515625 0.0625 0.15625 0.0625 0.03515625 0.1835937 0.03515625 0.0625 0.15625 0.0625 0.03515625 0.1835937 0.03515625 0.0625 0.15625 0.0625 0.03515625 0.1835937 0.03515625 0.0625 0.03515625 0.1835937 0.03515625 0.0625 0.15625 0.1835937 0.03515625 0.0625 0.15625 0.0625 0.03515625 0.1835937 0.03515625 0.0625 0.15625 0.0625 0.03515625 0.1835937 0.03515625 0.0625 0.15625 0.0625 0.03515625 0.0625 0.03515625 0.1835937 0.03515625 0.0625 0.15625 0.0625 0.03515625 0.1835937 0.03515625 0.0625 0.15625 0.0625 0.03515625 0.1835937 0.03515625 0.0625 0.15625 0.0625 0.03515625 0.1835937 0.03515625 0.0625 0.15625 0.0625 0.03515625 0.1835937 0.03515625 0.0625 0.15625 0.0625 0.03515625 0.1835937 0.03515625 0.0625 0.15625 0.0625 0.15625 0.0625 0.03515625 0.1835937 0.03515625 0.0625 0.15625 0.0625 0.03515625 0.1835937 0.03515625 0.0625 0.15625 0.0625 0.03515625 0.1835937 0.03515625 0.0625 0.03515625 0.1835937 0.03515625 0.0625 0.15625 0.0625 0.03515625 0.1835937 0.03515625 0.0625 0.15625 0.0625 0.03515625 0.1835937 0.03515625 0.0625 0.15625 0.0625 0.15625 0.0625 0.03515625 0.1835937 0.03515625 0.0625 0.15625 0.0625 0.03515625 0.1835937 0.03515625 0.1835937 0.03515625 0.0625 0.15625 0.0625 0.03515625 0.0625 0.03515625 0.1835937 0.03515625 0.0625 0.15625 0.0625 0.03515625 0.1835937 0.03515625 0.0625 0.15625 0.1835937 0.03515625 0.0625 0.15625 0.0625 0.03515625 0.1835937 0.03515625 0.0625 0.15625 0.0625 0.03515625 0.1835937 0.03515625 0.0625 0.15625 0.0625 0.03515625 0.0625 0.03515625 0.1835937 0.03515625 0.0625 0.15625 0.0625 0.03515625 0.1835937 0.03515625 0.0625 0.15625 0.0625 0.15625 0.0625 0.03515625 0.1835937 0.03515625 0.0625 0.15625 0.0625 0.03515625 0.1835937 0.03515625 0.0625 0.03515625 0.1835937 0.03515625 0.0625 0.15625 0.0625 0.15625 0.0625 0.03515625 0.1835937 0.03515625 0.0625 0.15625 0.0625 0.03515625 0.1835937 0.03515625 0.0625 0.15625 0.0625 0.03515625 0.1835937 0.03515625 0.0625 0.15625 0.0625 0.03515625 0.1835937 0.03515625 0.0625 0.03515625 0.1835937 0.03515625 0.0625 0.15625 0.1835937 0.03515625 0.0625 0.15625 0.0625 0.03515625 0.1835937 0.03515625 0.0625 0.15625 0.0625 0.03515625 0.1835937 0.03515625 0.0625 0.15625 0.0625 0.03515625 0.1835937 0.03515625 0.0625 0.15625 0.0625 0.03515625 0.1835937 0.03515625 0.0625 0.15625 0.0625 0.03515625 0.1835937 0.03515625 0.0625 0.15625 0.0625 0.03515625 0.0625 0.15625 0.0625 0.03515625 0.1835937 0.03515625 0.0625 0.15625 0.0625 0.03515625 0.1835937 0.03515625 0.0625 0.15625 0.0625 0.03515625 0.1835937 0.03515625 0.0625 0.15625 0.0625 0.03515625 0.1835937 0.03515625 0.0625 0.15625 0.0625 0.03515625 0.1835937 0.03515625 0.0625 0.03515625 0.1835937 0.03515625 0.0625 0.15625 0.0625 0.03515625 0.1835937 0.03515625 0.0625 0.15625 0.1835937 0.03515625 0.0625 0.15625 0.0625 0.03515625 0.0625 0.03515625 0.1835937 0.03515625 0.0625 0.15625 0.0625 0.03515625 0.1835937 0.03515625 0.0625 0.15625 0.0625 0.03515625 0.1835937 0.03515625 0.0625 0.15625 0.0625 0.03515625 0.1835937 0.03515625 0.0625 0.15625 0.0625 0.03515625 0.1835937 0.03515625 0.0625 0.15625 0.1835937 0.03515625 0.0625 0.15625 0.0625 0.03515625 0.1835937 0.03515625 0.0625 0.15625 0.0625 0.03515625 0.1835937 0.03515625 0.0625 0.15625 0.0625 0.03515625 0.1835937 0.03515625 0.0625 0.15625 0.0625 0.03515625 0.0625 0.15625 0.0625 0.03515625 0.1835937 0.03515625 0.0625 0.03515625 0.1835937 0.03515625 0.0625 0.15625 0.0625 0.03515625 0.1835937 0.03515625 0.0625 0.15625 0.0625 0.03515625 0.1835937 0.03515625 0.0625 0.15625 0.0625 0.15625 0.0625 0.03515625 0.1835937 0.03515625 0.0625 0.15625 0.0625 0.03515625 0.1835937 0.03515625 0.1835937 0.03515625 0.0625 0.15625 0.0625 0.03515625 0.0625 0.03515625 0.1835937 0.03515625 0.0625 0.15625 0.0625 0.03515625 0.1835937 0.03515625 0.0625 0.15625 0.0625 0.03515625 0.1835937 0.03515625 0.0625 0.15625 0.0625 0.03515625 0.1835937 0.03515625 0.0625 0.15625 0.0625 0.03515625 0.1835937 0.03515625 0.0625 0.15625 0.0625 0.03515625 0.1835937 0.03515625 0.0625 0.15625 0.0625 0.03515625 0.1835937 0.03515625 0.0625 0.15625 0.0625 0.15625 0.0625 0.03515625 0.1835937 0.03515625 0.1835937 0.03515625 0.0625 0.15625 0.0625 0.03515625 0.0625 0.15625 0.0625 0.03515625 0.1835937 0.03515625 0.1835937 0.03515625 0.0625 0.15625 0.0625 0.03515625 0.0625 0.15625 0.0625 0.03515625 0.1835937 0.03515625 0.1835937 0.03515625 0.0625 0.15625 0.0625 0.03515625 0.1835937 0.03515625 0.0625 0.15625 0.0625 0.03515625 0.1835937 0.03515625 0.0625 0.15625 0.0625 0.03515625 0.0625 0.15625 0.0625 0.03515625 0.1835937 0.03515625 0.0625 0.15625 0.0625 0.03515625 0.1835937 0.03515625 0.1835937 0.03515625 0.0625 0.15625 0.0625 0.03515625 0.0625 0.03515625 0.1835937 0.03515625 0.0625 0.15625 0.0625 0.03515625 0.1835937 0.03515625 0.0625 0.15625 0.1835937 0.03515625 0.0625 0.15625 0.0625 0.03515625 0.0625 0.03515625 0.1835937 0.03515625 0.0625 0.15625 0.0625 0.15625 0.0625 0.03515625 0.1835937 0.03515625 0.0625 0.03515625 0.1835937 0.03515625 0.0625 0.15625 0.0625 0.15625 0.0625 0.03515625 0.1835937 0.03515625 0.0625 0.03515625 0.1835937 0.03515625 0.0625 0.15625 0.0625 0.15625 0.0625 0.03515625 0.1835937 0.03515625 0.0625 0.03515625 0.1835937 0.03515625 0.0625 0.15625 0.0625 0.03515625 0.1835937 0.03515625 0.0625 0.15625 0.0625 0.03515625 0.1835937 0.03515625 0.0625 0.15625 0.0625 0.15625 0.0625 0.03515625 0.1835937 0.03515625 0.0625 0.15625 0.0625 0.03515625 0.1835937 0.03515625 0.0625 0.03515625 0.1835937 0.03515625 0.0625 0.15625 0.1835937 0.03515625 0.0625 0.15625 0.0625 0.03515625 0.1835937 0.03515625 0.0625 0.15625 0.0625 0.03515625 0.0625 0.03515625 0.1835937 0.03515625 0.0625 0.15625 0.1835937 0.03515625 0.0625 0.15625 0.0625 0.03515625 0.0625 0.03515625 0.1835937 0.03515625 0.0625 0.15625 0.0625 0.03515625 0.1835937 0.03515625 0.0625 0.15625 0.0625 0.03515625 0.1835937 0.03515625 0.0625 0.15625 0.0625 0.03515625 0.1835937 0.03515625 0.0625 0.15625 0.0625 0.03515625 0.1835937 0.03515625 0.0625 0.15625 0.0625 0.15625 0.0625 0.03515625 0.1835937 0.03515625 0.0625 0.15625 0.0625 0.03515625 0.1835937 0.03515625 0.0625 0.15625 0.0625 0.03515625 0.1835937 0.03515625 0.0625 0.03515625 0.1835937 0.03515625 0.0625 0.15625 0.0625 0.03515625 0.1835937 0.03515625 0.0625 0.15625 0.0625 0.03515625 0.1835937 0.03515625 0.0625 0.15625 0.0625 0.15625 0.0625 0.03515625 0.1835937 0.03515625 0.1835937 0.03515625 0.0625 0.15625 0.0625 0.03515625 0.0625 0.15625 0.0625 0.03515625 0.1835937 0.03515625 0.0625 0.15625 0.0625 0.03515625 0.1835937 0.03515625 0.1835937 0.03515625 0.0625 0.15625 0.0625 0.03515625 0.1835937 0.03515625 0.0625 0.15625 0.0625 0.03515625 0.1835937 0.03515625 0.0625 0.15625 0.0625 0.03515625 0.1835937 0.03515625 0.0625 0.15625 0.0625 0.03515625 0.1835937 0.03515625 0.0625 0.15625 0.0625 0.03515625 0.0625 0.15625 0.0625 0.03515625 0.1835937 0.03515625 0.0625 0.15625 0.0625 0.03515625 0.1835937 0.03515625 0.0625 0.15625 0.0625 0.03515625 0.1835937 0.03515625 0.1835937 0.03515625 0.0625 0.15625 0.0625 0.03515625 0.1835937 0.03515625 0.0625 0.15625 0.0625 0.03515625 0.1835937 0.03515625 0.0625 0.15625 0.0625 0.03515625 0.0625 0.15625 0.0625 0.03515625 0.1835937 0.03515625 0.0625 0.03515625 0.1835937 0.03515625 0.0625 0.15625 0.0625 0.15625 0.0625 0.03515625 0.1835937 0.03515625 0.0625 0.15625 0.0625 0.03515625 0.1835937 0.03515625 0.0625 0.15625 0.0625 0.03515625 0.1835937 0.03515625 0.0625 0.15625 0.0625 0.03515625 0.1835937 0.03515625 0.0625 0.15625 0.0625 0.03515625 0.1835937 0.03515625 0.0625 0.03515625 0.1835937 0.03515625 0.0625 0.15625 0.0625 0.15625 0.0625 0.03515625 0.1835937 0.03515625 0.0625 0.03515625 0.1835937 0.03515625 0.0625 0.15625 0.0625 0.03515625 0.1835937 0.03515625 0.0625 0.15625 0.0625 0.03515625 0.1835937 0.03515625 0.0625 0.15625 0.0625 0.15625 0.0625 0.03515625 0.1835937 0.03515625 0.0625 0.15625 0.0625 0.03515625 0.1835937 0.03515625 0.0625 0.03515625 0.1835937 0.03515625 0.0625 0.15625 0.0625 0.03515625 0.1835937 0.03515625 0.0625 0.15625 0.1835937 0.03515625 0.0625 0.15625 0.0625 0.03515625 0.0625 0.03515625 0.1835937 0.03515625 0.0625 0.15625 0.0625 0.03515625 0.1835937 0.03515625 0.0625 0.15625 0.0625 0.15625 0.0625 0.03515625 0.1835937 0.03515625 0.0625 0.15625 0.0625 0.03515625 0.1835937 0.03515625 0.0625 0.15625 0.0625 0.03515625 0.1835937 0.03515625 0.1835937 0.03515625 0.0625 0.15625 0.0625 0.03515625 0.0625 0.15625 0.0625 0.03515625 0.1835937 0.03515625 0.1835937 0.03515625 0.0625 0.15625 0.0625 0.03515625 0.1835937 0.03515625 0.0625 0.15625 0.0625 0.03515625 0.1835937 0.03515625 0.0625 0.15625 0.0625 0.03515625 0.0625 0.15625 0.0625 0.03515625 0.1835937 0.03515625 0.0625 0.15625 0.0625 0.03515625 0.1835937 0.03515625 0.1835937 0.03515625 0.0625 0.15625 0.0625 0.03515625 0.1835937 0.03515625 0.0625 0.15625 0.0625 0.03515625 0.0625 0.03515625 0.1835937 0.03515625 0.0625 0.15625 0.1835937 0.03515625 0.0625 0.15625 0.0625 0.03515625 0.1835937 0.03515625 0.0625 0.15625 0.0625 0.03515625 0.0625 0.03515625 0.1835937 0.03515625 0.0625 0.15625 0.1835937 0.03515625 0.0625 0.15625 0.0625 0.03515625 0.1835937 0.03515625 0.0625 0.15625 0.0625 0.03515625 0.1835937 0.03515625 0.0625 0.15625 0.0625 0.03515625 0.1835937 0.03515625 0.0625 0.15625 0.0625 0.03515625 0.1835937 0.03515625 0.0625 0.15625 0.0625 0.03515625 0.1835937 0.03515625 0.0625 0.15625 0.0625 0.03515625 0.0625 0.15625 0.0625 0.03515625 0.1835937 0.03515625 0.1835937 0.03515625 0.0625 0.15625 0.0625 0.03515625 0.1835937 0.03515625 0.0625 0.15625 0.0625 0.03515625 0.1835937 0.03515625 0.0625 0.15625 0.0625 0.03515625 0.0625 0.15625 0.0625 0.03515625 0.1835937 0.03515625 0.0625 0.15625 0.0625 0.03515625 0.1835937 0.03515625 0.1835937 0.03515625 0.0625 0.15625 0.0625 0.03515625 0.0625 0.15625 0.0625 0.03515625 0.1835937 0.03515625 0.1835937 0.03515625 0.0625 0.15625 0.0625 0.03515625 0.0625 0.03515625 0.1835937 0.03515625 0.0625 0.15625 0.0625 0.03515625 0.1835937 0.03515625 0.0625 0.15625 0.0625 0.03515625 0.1835937 0.03515625 0.0625 0.15625 0.0625 0.03515625 0.1835937 0.03515625 0.0625 0.15625 0.0625 0.03515625 0.1835937 0.03515625 0.0625 0.15625 0.0625 0.03515625 0.1835937 0.03515625 0.0625 0.15625 0.0625 0.15625 0.0625 0.03515625 0.1835937 0.03515625 0.0625 0.03515625 0.1835937 0.03515625 0.0625 0.15625 0.0625 0.03515625 0.1835937 0.03515625 0.0625 0.15625 0.0625 0.03515625 0.1835937 0.03515625 0.0625 0.15625 0.0625 0.15625 0.0625 0.03515625 0.1835937 0.03515625 0.0625 0.03515625 0.1835937 0.03515625 0.0625 0.15625 0.0625 0.15625 0.0625 0.03515625 0.1835937 0.03515625 0.0625 0.03515625 0.1835937 0.03515625 0.0625 0.15625 0.0625 0.03515625 0.1835937 0.03515625 0.0625 0.15625 0.0625 0.03515625 0.1835937 0.03515625 0.0625 0.15625 0.0625 0.15625 0.0625 0.03515625 0.1835937 0.03515625 0.0625 0.15625 0.0625 0.03515625 0.1835937 0.03515625 0.1835937 0.03515625 0.0625 0.15625 0.0625 0.03515625 0.1835937 0.03515625 0.0625 0.15625 0.0625 0.03515625 0.1835937 0.03515625 0.0625 0.15625 0.0625 0.03515625 0.0625 0.15625 0.0625 0.03515625 0.1835937 0.03515625 0.0625 0.15625 0.0625 0.03515625 0.1835937 0.03515625 0.1835937 0.03515625 0.0625 0.15625 0.0625 0.03515625 0.0625 0.15625 0.0625 0.03515625 0.1835937 0.03515625 0.1835937 0.03515625 0.0625 0.15625 0.0625 0.03515625 0.0625 0.15625 0.0625 0.03515625 0.1835937 0.03515625 0.0625 0.03515625 0.1835937 0.03515625 0.0625 0.15625 0.0625 0.03515625 0.1835937 0.03515625 0.0625 0.15625 0.0625 0.03515625 0.1835937 0.03515625 0.0625 0.15625 0.0625 0.15625 0.0625 0.03515625 0.1835937 0.03515625 0.0625 0.15625 0.0625 0.03515625 0.1835937 0.03515625 0.1835937 0.03515625 0.0625 0.15625 0.0625 0.03515625 0.0625 0.03515625 0.1835937 0.03515625 0.0625 0.15625 0.0625 0.15625 0.0625 0.03515625 0.1835937 0.03515625 0.0625 0.15625 0.0625 0.03515625 0.1835937 0.03515625 0.0625 0.03515625 0.1835937 0.03515625 0.0625 0.15625 0.1835937 0.03515625 0.0625 0.15625 0.0625 0.03515625 0.1835937 0.03515625 0.0625 0.15625 0.0625 0.03515625 0.0625 0.15625 0.0625 0.03515625 0.1835937 0.03515625 0.1835937 0.03515625 0.0625 0.15625 0.0625 0.03515625 0.0625 0.15625 0.0625 0.03515625 0.1835937 0.03515625 0.1835937 0.03515625 0.0625 0.15625 0.0625 0.03515625 0.1835937 0.03515625 0.0625 0.15625 0.0625 0.03515625 0.0625 0.15625 0.0625 0.03515625 0.1835937 0.03515625 0.1835937 0.03515625 0.0625 0.15625 0.0625 0.03515625 0.0625 0.03515625 0.1835937 0.03515625 0.0625 0.15625 0.1835937 0.03515625 0.0625 0.15625 0.0625 0.03515625 0.0625 0.03515625 0.1835937 0.03515625 0.0625 0.15625 0.0625 0.15625 0.0625 0.03515625 0.1835937 0.03515625 0.1835937 0.03515625 0.0625 0.15625 0.0625 0.03515625 0.0625 0.03515625 0.1835937 0.03515625 0.0625 0.15625 0.1835937 0.03515625 0.0625 0.15625 0.0625 0.03515625 0.0625 0.15625 0.0625 0.03515625 0.1835937 0.03515625 0.0625 0.15625 0.0625 0.03515625 0.1835937 0.03515625 0.0625 0.15625 0.0625 0.03515625 0.1835937 0.03515625 0.0625 0.03515625 0.1835937 0.03515625 0.0625 0.15625 0.0625 0.15625 0.0625 0.03515625 0.1835937 0.03515625 0.0625 0.03515625 0.1835937 0.03515625 0.0625 0.15625 0.1835937 0.03515625 0.0625 0.15625 0.0625 0.03515625 0.0625 0.15625 0.0625 0.03515625 0.1835937 0.03515625 0.0625 0.03515625 0.1835937 0.03515625 0.0625 0.15625 0.0625 0.15625 0.0625 0.03515625 0.1835937 0.03515625 0.0625 0.15625 0.0625 0.03515625 0.1835937 0.03515625 0.0625 0.15625 0.0625 0.03515625 0.1835937 0.03515625 0.0625 0.15625 0.0625 0.03515625 0.1835937 0.03515625 0.1835937 0.03515625 0.0625 0.15625 0.0625 0.03515625 0.0625 0.15625 0.0625 0.03515625 0.1835937 0.03515625 0.0625 0.15625 0.0625 0.03515625 0.1835937 0.03515625 0.0625 0.15625 0.0625 0.03515625 0.1835937 0.03515625 0.0625 0.03515625 0.1835937 0.03515625 0.0625 0.15625 0.0625 0.03515625 0.1835937 0.03515625 0.0625 0.15625 0.0625 0.15625 0.0625 0.03515625 0.1835937 0.03515625 0.0625 0.03515625 0.1835937 0.03515625 0.0625 0.15625 0.0625 0.15625 0.0625 0.03515625 0.1835937 0.03515625 0.0625 0.03515625 0.1835937 0.03515625 0.0625 0.15625 0.0625 0.03515625 0.1835937 0.03515625 0.0625 0.15625 0.0625 0.15625 0.0625 0.03515625 0.1835937 0.03515625 0.0625 0.03515625 0.1835937 0.03515625 0.0625 0.15625 0.0625 0.15625 0.0625 0.03515625 0.1835937 0.03515625 0.0625 0.15625 0.0625 0.03515625 0.1835937 0.03515625 0.0625 0.15625 0.0625 0.03515625 0.1835937 0.03515625 0.0625 0.15625 0.0625 0.03515625 0.1835937 0.03515625 0.1835937 0.03515625 0.0625 0.15625 0.0625 0.03515625 0.1835937 0.03515625 0.0625 0.15625 0.0625 0.03515625 0.0625 0.03515625 0.1835937 0.03515625 0.0625 0.15625 0.0625 0.15625 0.0625 0.03515625 0.1835937 0.03515625 0.0625 0.03515625 0.1835937 0.03515625 0.0625 0.15625 0.0625 0.03515625 0.1835937 0.03515625 0.0625 0.15625 0.1835937 0.03515625 0.0625 0.15625 0.0625 0.03515625 0.0625 0.15625 0.0625 0.03515625 0.1835937 0.03515625 0.1835937 0.03515625 0.0625 0.15625 0.0625 0.03515625 0.0625 0.15625 0.0625 0.03515625 0.1835937 0.03515625 0.0625 0.15625 0.0625 0.03515625 0.1835937 0.03515625 0.0625 0.15625 0.0625 0.03515625 0.1835937 0.03515625 0.0625 0.03515625 0.1835937 0.03515625 0.0625 0.15625 0.0625 0.15625 0.0625 0.03515625 0.1835937 0.03515625 0.0625 0.15625 0.0625 0.03515625 0.1835937 0.03515625 0.0625 0.15625 0.0625 0.03515625 0.1835937 0.03515625 0.0625 0.15625 0.0625 0.03515625 0.1835937 0.03515625 0.0625 0.15625 0.0625 0.03515625 0.1835937 0.03515625 0.0625 0.15625 0.0625 0.03515625 0.1835937 0.03515625 0.0625 0.15625 0.0625 0.03515625 0.1835937 0.03515625 0.0625 0.15625 0.0625 0.03515625 0.1835937 0.03515625 0.0625 0.15625 0.0625 0.03515625 0.1835937 0.03515625 0.0625 0.15625 0.0625 0.03515625 0.1835937 0.03515625 0.0625 0.15625 0.0625 0.03515625 0.1835937 0.03515625 0.0625 0.15625 0.0625 0.03515625 0.1835937 0.03515625 0.1835937 0.03515625 0.0625 0.15625 0.0625 0.03515625 0.1835937 0.03515625 0.0625 0.15625 0.0625 0.03515625 0.0625 0.15625 0.0625 0.03515625 0.1835937 0.03515625 0.0625 0.03515625 0.1835937 0.03515625 0.0625 0.15625 0.0625 0.15625 0.0625 0.03515625 0.1835937 0.03515625 0.0625 0.03515625 0.1835937 0.03515625 0.0625 0.15625 0.0625 0.15625 0.0625 0.03515625 0.1835937 0.03515625 0.0625 0.03515625 0.1835937 0.03515625 0.0625 0.15625 0.0625 0.15625 0.0625 0.03515625 0.1835937 0.03515625 0.0625 0.15625 0.0625 0.03515625 0.1835937 0.03515625 0.0625 0.15625 0.0625 0.03515625 0.1835937 0.03515625 0.0625 0.15625 0.0625 0.03515625 0.1835937 0.03515625 0.0625 0.03515625 0.1835937 0.03515625 0.0625 0.15625 0.0625 0.03515625 0.1835937 0.03515625 0.0625 0.15625 0.0625 0.03515625 0.1835937 0.03515625 0.0625 0.15625 0.0625 0.15625 0.0625 0.03515625 0.1835937 0.03515625 0.1835937 0.03515625 0.0625 0.15625 0.0625 0.03515625 0.0625 0.03515625 0.1835937 0.03515625 0.0625 0.15625 0.0625 0.03515625 0.1835937 0.03515625 0.0625 0.15625 0.0625 0.03515625 0.1835937 0.03515625 0.0625 0.15625 0.1835937 0.03515625 0.0625 0.15625 0.0625 0.03515625 0.1835937 0.03515625 0.0625 0.15625 0.0625 0.03515625 0.1835937 0.03515625 0.0625 0.15625 0.0625 0.03515625 0.0625 0.03515625 0.1835937 0.03515625 0.0625 0.15625 0.0625 0.03515625 0.1835937 0.03515625 0.0625 0.15625 0.0625 0.03515625 0.1835937 0.03515625 0.0625 0.15625 0.0625 0.03515625 0.1835937 0.03515625 0.0625 0.15625 0.0625 0.03515625 0.1835937 0.03515625 0.0625 0.15625 0.0625 0.15625 0.0625 0.03515625 0.1835937 0.03515625 0.0625 0.15625 0.0625 0.03515625 0.1835937 0.03515625 0.0625 0.03515625 0.1835937 0.03515625 0.0625 0.15625 0.0625 0.03515625 0.1835937 0.03515625 0.0625 0.15625 0.0625 0.15625 0.0625 0.03515625 0.1835937 0.03515625 0.0625 0.15625 0.0625 0.03515625 0.1835937 0.03515625 0.0625 0.15625 0.0625 0.03515625 0.1835937 0.03515625 0.0625 0.03515625 0.1835937 0.03515625 0.0625 0.15625 0.0625 0.03515625 0.1835937 0.03515625 0.0625 0.15625 0.0625 0.15625 0.0625 0.03515625 0.1835937 0.03515625 0.0625 0.15625 0.0625 0.03515625 0.1835937 0.03515625 0.0625 0.15625 0.0625 0.03515625 0.1835937 0.03515625 0.0625 0.03515625 0.1835937 0.03515625 0.0625 0.15625 0.0625 0.03515625 0.1835937 0.03515625 0.0625 0.15625 0.0625 0.15625 0.0625 0.03515625 0.1835937 0.03515625 0.0625 0.15625 0.0625 0.03515625 0.1835937 0.03515625 0.0625 0.15625 0.0625 0.03515625 0.1835937 0.03515625 0.0625 0.03515625 0.1835937 0.03515625 0.0625 0.15625 0.0625 0.03515625 0.1835937 0.03515625 0.0625 0.15625 0.0625 0.15625 0.0625 0.03515625 0.1835937 0.03515625 0.0625 0.15625 0.0625 0.03515625 0.1835937 0.03515625 0.0625 0.15625 0.0625 0.03515625 0.1835937 0.03515625 0.0625 0.03515625 0.1835937 0.03515625 0.0625 0.15625 0.0625 0.03515625 0.1835937 0.03515625 0.0625 0.15625 0.0625 0.15625 0.0625 0.03515625 0.1835937 0.03515625 0.0625 0.15625 0.0625 0.03515625 0.1835937 0.03515625 0.0625 0.03515625 0.1835937 0.03515625 0.0625 0.15625 0.1835937 0.03515625 0.0625 0.15625 0.0625 0.03515625 0.0625 0.03515625 0.1835937 0.03515625 0.0625 0.15625 0.0625 0.03515625 0.1835937 0.03515625 0.0625 0.15625 0.0625 0.03515625 0.1835937 0.03515625 0.0625 0.15625 0.1835937 0.03515625 0.0625 0.15625 0.0625 0.03515625 0.0625 0.03515625 0.1835937 0.03515625 0.0625 0.15625 0.0625 0.03515625 0.1835937 0.03515625 0.0625 0.15625 0.0625 0.03515625 0.1835937 0.03515625 0.0625 0.15625 0.0625 0.03515625 0.1835937 0.03515625 0.0625 0.15625 0.0625 0.03515625 0.1835937 0.03515625 0.0625 0.15625 0.0625 0.03515625 0.1835937 0.03515625 0.0625 0.15625 0.0625 0.15625 0.0625 0.03515625 0.1835937 0.03515625 0.0625 0.03515625 0.1835937 0.03515625 0.0625 0.15625 0.0625 0.15625 0.0625 0.03515625 0.1835937 0.03515625 0.0625 0.15625 0.0625 0.03515625 0.1835937 0.03515625 0.0625 0.15625 0.0625 0.03515625 0.1835937 0.03515625 0.0625 0.03515625 0.1835937 0.03515625 0.0625 0.15625 0.0625 0.15625 0.0625 0.03515625 0.1835937 0.03515625 0.0625 0.15625 0.0625 0.03515625 0.1835937 0.03515625 0.0625 0.03515625 0.1835937 0.03515625 0.0625 0.15625 0.1835937 0.03515625 0.0625 0.15625 0.0625 0.03515625 0.0625 0.03515625 0.1835937 0.03515625 0.0625 0.15625 0.0625 0.03515625 0.1835937 0.03515625 0.0625 0.15625 0.0625 0.03515625 0.1835937 0.03515625 0.0625 0.15625 0.0625 0.15625 0.1835937 0.03515625 0.1835937 0.15625 0.0625 0.15625 0.0625 0.03515625 0.1835937 0.15625 0.1835937 0.15625 0.0625 0.03515625 0.1835937 0.03515625 0.0625 0.15625 0.0625 0.03515625 0.1835937 0.15625 0.1835937 0.15625 0.0625 0.03515625 0.1835937 0.03515625 0.0625 0.03515625 0.1835937 0.03515625 0.0625 0.15625 0.0625 0.15625 0.1835937 0.03515625 0.1835937 0.15625 0.0625 0.03515625 0.1835937 0.03515625 0.0625 0.15625 0.0625 0.15625 0.1835937 0.03515625 0.1835937 0.15625 0.0625 0.03515625 0.1835937 0.03515625 0.0625 0.15625 0.0625 0.15625 0.1835937 0.03515625 0.1835937 0.15625 0.1835937 0.15625 0.0625 0.15625 0.1835937 0.03515625 0.1835937 0.03515625 0.0625 0.15625 0.0625 0.03515625 0.1835937 0.15625 0.0625 0.15625 0.1835937 0.03515625 0.1835937 0.03515625 0.0625 0.15625 0.0625 0.03515625 0.0625 0.15625 0.0625 0.03515625 0.1835937 0.15625 0.1835937 0.15625 0.0625 0.03515625 0.1835937 0.03515625 0.1835937 0.15625 0.0625 0.15625 0.1835937 0.03515625 0.1835937 0.03515625 0.0625 0.15625 0.0625 0.03515625 0.0625 0.15625 0.0625 0.03515625 0.1835937 0.15625 0.1835937 0.15625 0.0625 0.03515625 0.1835937 0.03515625 0.1835937 0.03515625 0.1835937 0.15625 0.0625 0.03515625 0.0625 0.03515625 0.1835937 0.15625 0.0625 0.15625 0.1835937 0.03515625 0.1835937 0.15625 0.0625 0.03515625 0.0625 0.03515625 0.1835937 0.15625 0.0625 0.15625 0.0625 0.15625 0.0625 0.03515625 0.1835937 0.15625 0.1835937 0.15625 0.0625 0.03515625 0.1835937 0.03515625 0.1835937 0.15625 0.0625 0.15625 0.1835937 0.03515625 0.1835937 0.03515625 0.0625 0.15625 0.0625 0.03515625 0.1835937 0.03515625 0.1835937 0.15625 0.0625 0.03515625 0.0625 0.03515625 0.1835937 0.15625 0.0625 0.15625 0.1835937 0.03515625 0.1835937 0.15625 0.0625 0.03515625 0.0625 0.03515625 0.1835937 0.15625 0.0625 0.15625 0.1835937 0.15625 0.0625 0.15625 0.1835937 0.03515625 0.1835937 0.03515625 0.0625 0.15625 0.0625 0.03515625 0.1835937 0.03515625 0.1835937 0.15625 0.0625 0.03515625 0.0625 0.03515625 0.1835937 0.15625 0.0625 0.15625 0.1835937 0.15625 0.0625 0.15625 0.1835937 0.03515625 0.1835937 0.03515625 0.0625 0.15625 0.0625 0.03515625 0.1835937 0.15625 0.0625 0.15625 0.1835937 0.03515625 0.1835937 0.03515625 0.0625 0.15625 0.0625 0.03515625 0.0625 0.03515625 0.1835937 0.03515625 0.0625 0.15625 0.0625 0.15625 0.1835937 0.03515625 0.1835937 0.15625 0.0625 0.15625 0.0625 0.03515625 0.1835937 0.15625 0.1835937 0.15625 0.0625 0.03515625 0.1835937 0.03515625 0.1835937 0.03515625 0.1835937 0.15625 0.0625 0.03515625 0.0625 0.03515625 0.1835937 0.15625 0.0625 0.15625 0.1835937 0.03515625 0.1835937 0.15625 0.0625 0.03515625 0.0625 0.03515625 0.1835937 0.15625 0.0625 0.15625 0.0625 0.03515625 0.1835937 0.03515625 0.0625 0.15625 0.0625 0.15625 0.1835937 0.03515625 0.1835937 0.15625 0.1835937 0.03515625 0.1835937 0.15625 0.0625 0.03515625 0.0625 0.03515625 0.1835937 0.15625 0.0625 0.15625 0.1835937 0.03515625 0.1835937 0.15625 0.0625 0.03515625 0.0625 0.03515625 0.1835937 0.15625 0.0625 0.15625 0.1835937 0.03515625 0.1835937 0.15625 0.0625 0.03515625 0.0625 0.03515625 0.1835937 0.15625 0.0625 0.15625 0.0625 0.15625 0.0625 0.03515625 0.1835937 0.15625 0.1835937 0.15625 0.0625 0.03515625 0.1835937 0.03515625 0.0625 0.03515625 0.1835937 0.03515625 0.0625 0.15625 0.0625 0.15625 0.1835937 0.03515625 0.1835937 0.15625 0.0625 0.15625 0.0625 0.03515625 0.1835937 0.15625 0.1835937 0.15625 0.0625 0.03515625 0.1835937 0.03515625 0.0625 0.03515625 0.1835937 0.03515625 0.0625 0.15625 0.0625 0.15625 0.1835937 0.03515625 0.1835937 0.15625 0.0625 0.03515625 0.1835937 0.03515625 0.0625 0.15625 0.0625 0.15625 0.1835937 0.03515625 0.1835937 0.15625 0.0625 0.03515625 0.1835937 0.03515625 0.0625 0.15625 0.0625 0.15625 0.1835937 0.03515625 0.1835937 0.15625 0.0625 0.15625 0.0625 0.03515625 0.1835937 0.15625 0.1835937 0.15625 0.0625 0.03515625 0.1835937 0.03515625 0.0625 0.15625 0.0625 0.03515625 0.1835937 0.15625 0.1835937 0.15625 0.0625 0.03515625 0.1835937 0.03515625 0.0625 0.15625 0.0625 0.03515625 0.1835937 0.15625 0.1835937 0.15625 0.0625 0.03515625 0.1835937 0.03515625 0.1835937 0.15625 0.0625 0.15625 0.1835937 0.03515625 0.1835937 0.03515625 0.0625 0.15625 0.0625 0.03515625 0.0625 0.03515625 0.1835937 0.03515625 0.0625 0.15625 0.0625 0.15625 0.1835937 0.03515625 0.1835937 0.15625 0.1835937 0.03515625 0.1835937 0.15625 0.0625 0.03515625 0.0625 0.03515625 0.1835937 0.15625 0.0625 0.15625 0.1835937 0.03515625 0.1835937 0.15625 0.0625 0.03515625 0.0625 0.03515625 0.1835937 0.15625 0.0625 0.15625 0.0625 0.15625 0.0625 0.03515625 0.1835937 0.15625 0.1835937 0.15625 0.0625 0.03515625 0.1835937 0.03515625 0.1835937 0.03515625 0.1835937 0.15625 0.0625 0.03515625 0.0625 0.03515625 0.1835937 0.15625 0.0625 0.15625 0.0625 0.03515625 0.1835937 0.03515625 0.0625 0.15625 0.0625 0.15625 0.1835937 0.03515625 0.1835937 0.15625 0.0625 0.03515625 0.1835937 0.03515625 0.0625 0.15625 0.0625 0.15625 0.1835937 0.03515625 0.1835937 0.15625 0.0625 0.03515625 0.1835937 0.03515625 0.0625 0.15625 0.0625 0.15625 0.1835937 0.03515625 0.1835937 0.15625 0.0625 0.03515625 0.1835937 0.03515625 0.0625 0.15625 0.0625 0.15625 0.1835937 0.03515625 0.1835937 0.15625 0.0625 0.03515625 0.1835937 0.03515625 0.0625 0.15625 0.0625 0.15625 0.1835937 0.03515625 0.1835937 0.15625 0.0625 0.03515625 0.1835937 0.03515625 0.0625 0.15625 0.0625 0.15625 0.1835937 0.03515625 0.1835937 0.15625 0.1835937 0.03515625 0.1835937 0.15625 0.0625 0.03515625 0.0625 0.03515625 0.1835937 0.15625 0.0625 0.15625 0.1835937 0.15625 0.0625 0.15625 0.1835937 0.03515625 0.1835937 0.03515625 0.0625 0.15625 0.0625 0.03515625 0.1835937 0.15625 0.0625 0.15625 0.1835937 0.03515625 0.1835937 0.03515625 0.0625 0.15625 0.0625 0.03515625 0.1835937 0.15625 0.0625 0.15625 0.1835937 0.03515625 0.1835937 0.03515625 0.0625 0.15625 0.0625 0.03515625 0.1835937 0.15625 0.0625 0.15625 0.1835937 0.03515625 0.1835937 0.03515625 0.0625 0.15625 0.0625 0.03515625 0.0625 0.15625 0.0625 0.03515625 0.1835937 0.15625 0.1835937 0.15625 0.0625 0.03515625 0.1835937 0.03515625 0.0625 0.15625 0.0625 0.03515625 0.1835937 0.15625 0.1835937 0.15625 0.0625 0.03515625 0.1835937 0.03515625 0.1835937 0.15625 0.0625 0.15625 0.1835937 0.03515625 0.1835937 0.03515625 0.0625 0.15625 0.0625 0.03515625 0.1835937 0.15625 0.0625 0.15625 0.1835937 0.03515625 0.1835937 0.03515625 0.0625 0.15625 0.0625 0.03515625 0.1835937 0.15625 0.0625 0.15625 0.1835937 0.03515625 0.1835937 0.03515625 0.0625 0.15625 0.0625 0.03515625 0.1835937 0.15625 0.0625 0.15625 0.1835937 0.03515625 0.1835937 0.03515625 0.0625 0.15625 0.0625 0.03515625 0.1835937 0.15625 0.0625 0.15625 0.1835937 0.03515625 0.1835937 0.03515625 0.0625 0.15625 0.0625 0.03515625 0.0625 0.15625 0.0625 0.03515625 0.1835937 0.15625 0.1835937 0.15625 0.0625 0.03515625 0.1835937 0.03515625 0.0625 0.15625 0.0625 0.03515625 0.1835937 0.15625 0.1835937 0.15625 0.0625 0.03515625 0.1835937 0.03515625 0.1835937 0.15625 0.0625 0.15625 0.1835937 0.03515625 0.1835937 0.03515625 0.0625 0.15625 0.0625 0.03515625 0.0625 0.15625 0.0625 0.03515625 0.1835937 0.15625 0.1835937 0.15625 0.0625 0.03515625 0.1835937 0.03515625 0.0625 0.15625 0.0625 0.03515625 0.1835937 0.15625 0.1835937 0.15625 0.0625 0.03515625 0.1835937 0.03515625 0.0625 0.15625 0.0625 0.03515625 0.1835937 0.15625 0.1835937 0.15625 0.0625 0.03515625 0.1835937 0.03515625 0.1835937 0.15625 0.0625 0.15625 0.1835937 0.03515625 0.1835937 0.03515625 0.0625 0.15625 0.0625 0.03515625 0.1835937 0.15625 0.0625 0.15625 0.1835937 0.03515625 0.1835937 0.03515625 0.0625 0.15625 0.0625 0.03515625 0.1835937 0.15625 0.0625 0.15625 0.1835937 0.03515625 0.1835937 0.03515625 0.0625 0.15625 0.0625 0.03515625 0.1835937 0.15625 0.0625 0.15625 0.1835937 0.03515625 0.1835937 0.03515625 0.0625 0.15625 0.0625 0.03515625 0.1835937 0.15625 0.0625 0.15625 0.1835937 0.03515625 0.1835937 0.03515625 0.0625 0.15625 0.0625 0.03515625 0.1835937 0.15625 0.0625 0.15625 0.1835937 0.03515625 0.1835937 0.03515625 0.0625 0.15625 0.0625 0.03515625 0.0625 0.03515625 0.1835937 0.03515625 0.0625 0.15625 0.0625 0.15625 0.1835937 0.03515625 0.1835937 0.15625 0.1835937 0.03515625 0.1835937 0.15625 0.0625 0.03515625 0.0625 0.03515625 0.1835937 0.15625 0.0625 0.15625 0.1835937 0.03515625 0.1835937 0.15625 0.0625 0.03515625 0.0625 0.03515625 0.1835937 0.15625 0.0625 0.15625 0.1835937 0.15625 0.0625 0.15625 0.1835937 0.03515625 0.1835937 0.03515625 0.0625 0.15625 0.0625 0.03515625 0.1835937 0.03515625 0.1835937 0.15625 0.0625 0.03515625 0.0625 0.03515625 0.1835937 0.15625 0.0625 0.15625 0.1835937 0.15625 0.0625 0.15625 0.1835937 0.03515625 0.1835937 0.03515625 0.0625 0.15625 0.0625 0.03515625 0.1835937 0.15625 0.0625 0.15625 0.1835937 0.03515625 0.1835937 0.03515625 0.0625 0.15625 0.0625 0.03515625 0.0625 0.15625 0.0625 0.03515625 0.1835937 0.15625 0.1835937 0.15625 0.0625 0.03515625 0.1835937 0.03515625 0.1835937 0.15625 0.0625 0.15625 0.1835937 0.03515625 0.1835937 0.03515625 0.0625 0.15625 0.0625 0.03515625 0.0625 0.15625 0.0625 0.03515625 0.1835937 0.15625 0.1835937 0.15625 0.0625 0.03515625 0.1835937 0.03515625 0.0625 0.03515625 0.1835937 0.03515625 0.0625 0.15625 0.0625 0.15625 0.1835937 0.03515625 0.1835937 0.15625 0.0625 0.03515625 0.1835937 0.03515625 0.0625 0.15625 0.0625 0.15625 0.1835937 0.03515625 0.1835937 0.15625 0.1835937 0.15625 0.0625 0.15625 0.1835937 0.03515625 0.1835937 0.03515625 0.0625 0.15625 0.0625 0.03515625 0.0625 0.03515625 0.1835937 0.03515625 0.0625 0.15625 0.0625 0.15625 0.1835937 0.03515625 0.1835937 0.15625 0.0625 0.15625 0.0625 0.03515625 0.1835937 0.15625 0.1835937 0.15625 0.0625 0.03515625 0.1835937 0.03515625 0.1835937 0.15625 0.0625 0.15625 0.1835937 0.03515625 0.1835937 0.03515625 0.0625 0.15625 0.0625 0.03515625 0.1835937 0.15625 0.0625 0.15625 0.1835937 0.03515625 0.1835937 0.03515625 0.0625 0.15625 0.0625 0.03515625 0.0625 0.03515625 0.1835937 0.03515625 0.0625 0.15625 0.0625 0.15625 0.1835937 0.03515625 0.1835937 0.15625 0.0625 0.03515625 0.1835937 0.03515625 0.0625 0.15625 0.0625 0.15625 0.1835937 0.03515625 0.1835937 0.15625 0.1835937 0.03515625 0.1835937 0.15625 0.0625 0.03515625 0.0625 0.03515625 0.1835937 0.15625 0.0625 0.15625 0.0625 0.15625 0.0625 0.03515625 0.1835937 0.15625 0.1835937 0.15625 0.0625 0.03515625 0.1835937 0.03515625 0.0625 0.15625 0.0625 0.03515625 0.1835937 0.15625 0.1835937 0.15625 0.0625 0.03515625 0.1835937 0.03515625 0.1835937 0.15625 0.0625 0.15625 0.1835937 0.03515625 0.1835937 0.03515625 0.0625 0.15625 0.0625 0.03515625 0.0625 0.15625 0.0625 0.03515625 0.1835937 0.15625 0.1835937 0.15625 0.0625 0.03515625 0.1835937 0.03515625 0.0625 0.03515625 0.1835937 0.03515625 0.0625 0.15625 0.0625 0.15625 0.1835937 0.03515625 0.1835937 0.15625 0.0625 0.15625 0.0625 0.03515625 0.1835937 0.15625 0.1835937 0.15625 0.0625 0.03515625 0.1835937 0.03515625 0.0625 0.15625 0.0625 0.03515625 0.1835937 0.15625 0.1835937 0.15625 0.0625 0.03515625 0.1835937 0.03515625 0.1835937 0.03515625 0.1835937 0.15625 0.0625 0.03515625 0.0625 0.03515625 0.1835937 0.15625 0.0625 0.15625 0.1835937 0.03515625 0.1835937 0.15625 0.0625 0.03515625 0.0625 0.03515625 0.1835937 0.15625 0.0625 0.15625 0.0625 0.03515625 0.1835937 0.03515625 0.0625 0.15625 0.0625 0.15625 0.1835937 0.03515625 0.1835937 0.15625 0.1835937 0.15625 0.0625 0.15625 0.1835937 0.03515625 0.1835937 0.03515625 0.0625 0.15625 0.0625 0.03515625 0.1835937 0.15625 0.0625 0.15625 0.1835937 0.03515625 0.1835937 0.03515625 0.0625 0.15625 0.0625 0.03515625 0.0625 0.15625 0.0625 0.03515625 0.1835937 0.15625 0.1835937 0.15625 0.0625 0.03515625 0.1835937 0.03515625 0.0625 0.15625 0.0625 0.03515625 0.1835937 0.15625 0.1835937 0.15625 0.0625 0.03515625 0.1835937 0.03515625 0.0625 0.15625 0.0625 0.03515625 0.1835937 0.15625 0.1835937 0.15625 0.0625 0.03515625 0.1835937 0.03515625 0.1835937 0.03515625 0.1835937 0.15625 0.0625 0.03515625 0.0625 0.03515625 0.1835937 0.15625 0.0625 0.15625 0.1835937 0.03515625 0.1835937 0.15625 0.0625 0.03515625 0.0625 0.03515625 0.1835937 0.15625 0.0625 0.15625 0.1835937 0.03515625 0.1835937 0.15625 0.0625 0.03515625 0.0625 0.03515625 0.1835937 0.15625 0.0625 0.15625 0.0625 0.15625 0.0625 0.03515625 0.1835937 0.15625 0.1835937 0.15625 0.0625 0.03515625 0.1835937 0.03515625 0.1835937 0.03515625 0.1835937 0.15625 0.0625 0.03515625 0.0625 0.03515625 0.1835937 0.15625 0.0625 0.15625 0.1835937 0.03515625 0.1835937 0.15625 0.0625 0.03515625 0.0625 0.03515625 0.1835937 0.15625 0.0625 0.15625 0.0625 0.03515625 0.1835937 0.03515625 0.0625 0.15625 0.0625 0.15625 0.1835937 0.03515625 0.1835937 0.15625 0.1835937 0.03515625 0.1835937 0.15625 0.0625 0.03515625 0.0625 0.03515625 0.1835937 0.15625 0.0625 0.15625 0.1835937 0.15625 0.0625 0.15625 0.1835937 0.03515625 0.1835937 0.03515625 0.0625 0.15625 0.0625 0.03515625 0.1835937 0.15625 0.0625 0.15625 0.1835937 0.03515625 0.1835937 0.03515625 0.0625 0.15625 0.0625 0.03515625 0.0625 0.15625 0.0625 0.03515625 0.1835937 0.15625 0.1835937 0.15625 0.0625 0.03515625 0.1835937 0.03515625 0.0625 0.15625 0.0625 0.03515625 0.1835937 0.15625 0.1835937 0.15625 0.0625 0.03515625 0.1835937 0.03515625 0.1835937 0.03515625 0.1835937 0.15625 0.0625 0.03515625 0.0625 0.03515625 0.1835937 0.15625 0.0625 0.15625 0.1835937 0.03515625 0.1835937 0.15625 0.0625 0.03515625 0.0625 0.03515625 0.1835937 0.15625 0.0625 0.15625 0.0625 0.03515625 0.1835937 0.03515625 0.0625 0.15625 0.0625 0.15625 0.1835937 0.03515625 0.1835937 0.15625 0.1835937 0.03515625 0.1835937 0.15625 0.0625 0.03515625 0.0625 0.03515625 0.1835937 0.15625 0.0625 0.15625 0.1835937 0.03515625 0.1835937 0.15625 0.0625 0.03515625 0.0625 0.03515625 0.1835937 0.15625 0.0625 0.15625 0.1835937 0.03515625 0.1835937 0.15625 0.0625 0.03515625 0.0625 0.03515625 0.1835937 0.15625 0.0625 0.15625 0.0625 0.15625 0.0625 0.03515625 0.1835937 0.15625 0.1835937 0.15625 0.0625 0.03515625 0.1835937 0.03515625 0.0625 0.03515625 0.1835937 0.03515625 0.0625 0.15625 0.0625 0.15625 0.1835937 0.03515625 0.1835937 0.15625 0.0625 0.15625 0.0625 0.03515625 0.1835937 0.15625 0.1835937 0.15625 0.0625 0.03515625 0.1835937 0.03515625 0.0625 0.03515625 0.1835937 0.03515625 0.0625 0.15625 0.0625 0.15625 0.1835937 0.03515625 0.1835937 0.15625 0.0625 0.03515625 0.1835937 0.03515625 0.0625 0.15625 0.0625 0.15625 0.1835937 0.03515625 0.1835937 0.15625 0.0625 0.03515625 0.1835937 0.03515625 0.0625 0.15625 0.0625 0.15625 0.1835937 0.03515625 0.1835937 0.15625 0.0625 0.15625 0.0625 0.03515625 0.1835937 0.15625 0.1835937 0.15625 0.0625 0.03515625 0.1835937 0.03515625 0.0625 0.15625 0.0625 0.03515625 0.1835937 0.15625 0.1835937 0.15625 0.0625 0.03515625 0.1835937 0.03515625 0.0625 0.15625 0.0625 0.03515625 0.1835937 0.15625 0.1835937 0.15625 0.0625 0.03515625 0.1835937 0.03515625 0.1835937 0.15625 0.0625 0.15625 0.1835937 0.03515625 0.1835937 0.03515625 0.0625 0.15625 0.0625 0.03515625 0.0625 0.03515625 0.1835937 0.03515625 0.0625 0.15625 0.0625 0.15625 0.1835937 0.03515625 0.1835937 0.15625 0.1835937 0.15625 0.0625 0.15625 0.1835937 0.03515625 0.1835937 0.03515625 0.0625 0.15625 0.0625 0.03515625 0.1835937 0.03515625 0.1835937 0.15625 0.0625 0.03515625 0.0625 0.03515625 0.1835937 0.15625 0.0625 0.15625 0.0625 0.15625 0.0625 0.03515625 0.1835937 0.15625 0.1835937 0.15625 0.0625 0.03515625 0.1835937 0.03515625 0.1835937 0.03515625 0.1835937 0.15625 0.0625 0.03515625 0.0625 0.03515625 0.1835937 0.15625 0.0625 0.15625 0.0625 0.15625 0.0625 0.03515625 0.1835937 0.15625 0.1835937 0.15625 0.0625 0.03515625 0.1835937 0.03515625 0.1835937 0.03515625 0.1835937 0.15625 0.0625 0.03515625 0.0625 0.03515625 0.1835937 0.15625 0.0625 0.15625 0.0625 0.03515625 0.1835937 0.03515625 0.0625 0.15625 0.0625 0.15625 0.1835937 0.03515625 0.1835937 0.15625 0.0625 0.03515625 0.1835937 0.03515625 0.0625 0.15625 0.0625 0.15625 0.1835937 0.03515625 0.1835937 0.15625 0.0625 0.03515625 0.1835937 0.03515625 0.0625 0.15625 0.0625 0.15625 0.1835937 0.03515625 0.1835937 0.15625 0.0625 0.03515625 0.1835937 0.03515625 0.0625 0.15625 0.0625 0.15625 0.1835937 0.03515625 0.1835937 0.15625 0.1835937 0.03515625 0.1835937 0.15625 0.0625 0.03515625 0.0625 0.03515625 0.1835937 0.15625 0.0625 0.15625 0.1835937 0.15625 0.0625 0.15625 0.1835937 0.03515625 0.1835937 0.03515625 0.0625 0.15625 0.0625 0.03515625 0.1835937 0.15625 0.0625 0.15625 0.1835937 0.03515625 0.1835937 0.03515625 0.0625 0.15625 0.0625 0.03515625 0.1835937 0.15625 0.0625 0.15625 0.1835937 0.03515625 0.1835937 0.03515625 0.0625 0.15625 0.0625 0.03515625 0.0625 0.03515625 0.1835937 0.03515625 0.0625 0.15625 0.0625 0.15625 0.1835937 0.03515625 0.1835937 0.15625 0.0625 0.15625 0.0625 0.03515625 0.1835937 0.15625 0.1835937 0.15625 0.0625 0.03515625 0.1835937 0.03515625 0.0625 0.15625 0.0625 0.03515625 0.1835937 0.15625 0.1835937 0.15625 0.0625 0.03515625 0.1835937 0.03515625 0.1835937 0.15625 0.0625 0.15625 0.1835937 0.03515625 0.1835937 0.03515625 0.0625 0.15625 0.0625 0.03515625 0.1835937 0.15625 0.0625 0.15625 0.1835937 0.03515625 0.1835937 0.03515625 0.0625 0.15625 0.0625 0.03515625 0.1835937 0.15625 0.0625 0.15625 0.1835937 0.03515625 0.1835937 0.03515625 0.0625 0.15625 0.0625 0.03515625 0.1835937 0.15625 0.0625 0.15625 0.1835937 0.03515625 0.1835937 0.03515625 0.0625 0.15625 0.0625 0.03515625 0.1835937 0.15625 0.0625 0.15625 0.1835937 0.03515625 0.1835937 0.03515625 0.0625 0.15625 0.0625 0.03515625 0.0625 0.15625 0.0625 0.03515625 0.1835937 0.15625 0.1835937 0.15625 0.0625 0.03515625 0.1835937 0.03515625 0.0625 0.15625 0.0625 0.03515625 0.1835937 0.15625 0.1835937 0.15625 0.0625 0.03515625 0.1835937 0.03515625 0.1835937 0.15625 0.0625 0.15625 0.1835937 0.03515625 0.1835937 0.03515625 0.0625 0.15625 0.0625 0.03515625 0.0625 0.15625 0.0625 0.03515625 0.1835937 0.15625 0.1835937 0.15625 0.0625 0.03515625 0.1835937 0.03515625 0.0625 0.15625 0.0625 0.03515625 0.1835937 0.15625 0.1835937 0.15625 0.0625 0.03515625 0.1835937 0.03515625 0.0625 0.15625 0.0625 0.03515625 0.1835937 0.15625 0.1835937 0.15625 0.0625 0.03515625 0.1835937 0.03515625 0.1835937 0.15625 0.0625 0.15625 0.1835937 0.03515625 0.1835937 0.03515625 0.0625 0.15625 0.0625 0.03515625 0.1835937 0.15625 0.0625 0.15625 0.1835937 0.03515625 0.1835937 0.03515625 0.0625 0.15625 0.0625 0.03515625 0.1835937 0.15625 0.0625 0.15625 0.1835937 0.03515625 0.1835937 0.03515625 0.0625 0.15625 0.0625 0.03515625 0.1835937 0.15625 0.0625 0.15625 0.1835937 0.03515625 0.1835937 0.03515625 0.0625 0.15625 0.0625 0.03515625 0.1835937 0.15625 0.0625 0.15625 0.1835937 0.03515625 0.1835937 0.03515625 0.0625 0.15625 0.0625 0.03515625 0.1835937 0.15625 0.0625 0.15625 0.1835937 0.03515625 0.1835937 0.03515625 0.0625 0.15625 0.0625 0.03515625 0.0625 0.03515625 0.1835937 0.03515625 0.0625 0.15625 0.0625 0.15625 0.1835937 0.03515625 0.1835937 0.15625 0.1835937 0.03515625 0.1835937 0.15625 0.0625 0.03515625 0.0625 0.03515625 0.1835937 0.15625 0.0625 0.15625 0.1835937 0.03515625 0.1835937 0.15625 0.0625 0.03515625 0.0625 0.03515625 0.1835937 0.15625 0.0625 0.15625 0.1835937 0.15625 0.0625 0.15625 0.1835937 0.03515625 0.1835937 0.03515625 0.0625 0.15625 0.0625 0.03515625 0.1835937 0.03515625 0.1835937 0.15625 0.0625 0.03515625 0.0625 0.03515625 0.1835937 0.15625 0.0625 0.15625 0.1835937 0.15625 0.0625 0.15625 0.1835937 0.03515625 0.1835937 0.03515625 0.0625 0.15625 0.0625 0.03515625 0.1835937 0.15625 0.0625 0.15625 0.1835937 0.03515625 0.1835937 0.03515625 0.0625 0.15625 0.0625 0.03515625 0.0625 0.15625 0.0625 0.03515625 0.1835937 0.15625 0.1835937 0.15625 0.0625 0.03515625 0.1835937 0.03515625 0.1835937 0.15625 0.0625 0.15625 0.1835937 0.03515625 0.1835937 0.03515625 0.0625 0.15625 0.0625 0.03515625 0.0625 0.15625 0.0625 0.03515625 0.1835937 0.15625 0.1835937 0.15625 0.0625 0.03515625 0.1835937 0.03515625 0.0625 0.03515625 0.1835937 0.03515625 0.0625 0.15625 0.0625 0.15625 0.1835937 0.03515625 0.1835937 0.15625 0.0625 0.15625 0.0625 0.03515625 0.1835937 0.15625 0.1835937 0.15625 0.0625 0.03515625 0.1835937 0.03515625 0.1835937 0.15625 0.0625 0.15625 0.1835937 0.03515625 0.1835937 0.03515625 0.0625 0.15625 0.0625 0.03515625 0.0625 0.03515625 0.1835937 0.03515625 0.0625 0.15625 0.0625 0.15625 0.1835937 0.03515625 0.1835937 0.15625 0.0625 0.15625 0.0625 0.03515625 0.1835937 0.15625 0.1835937 0.15625 0.0625 0.03515625 0.1835937 0.03515625 0.0625 0.03515625 0.1835937 0.03515625 0.0625 0.15625 0.0625 0.15625 0.1835937 0.03515625 0.1835937 0.15625 0.0625 0.03515625 0.1835937 0.03515625 0.0625 0.15625 0.0625 0.15625 0.1835937 0.03515625 0.1835937 0.15625 0.0625 0.03515625 0.1835937 0.03515625 0.0625 0.15625 0.0625 0.15625 0.1835937 0.03515625 0.1835937 0.15625 0.0625 0.03515625 0.1835937 0.03515625 0.0625 0.15625 0.0625 0.15625 0.1835937 0.03515625 0.1835937 0.15625 0.1835937 0.03515625 0.1835937 0.15625 0.0625 0.03515625 0.0625 0.03515625 0.1835937 0.15625 0.0625 0.15625 0.0625 0.15625 0.0625 0.03515625 0.1835937 0.15625 0.1835937 0.15625 0.0625 0.03515625 0.1835937 0.03515625 0.0625 0.15625 0.0625 0.03515625 0.1835937 0.15625 0.1835937 0.15625 0.0625 0.03515625 0.1835937 0.03515625 0.1835937 0.15625 0.0625 0.15625 0.1835937 0.03515625 0.1835937 0.03515625 0.0625 0.15625 0.0625 0.03515625 0.0625 0.15625 0.0625 0.03515625 0.1835937 0.15625 0.1835937 0.15625 0.0625 0.03515625 0.1835937 0.03515625 0.1835937 0.03515625 0.1835937 0.15625 0.0625 0.03515625 0.0625 0.03515625 0.1835937 0.15625 0.0625 0.15625 0.0625 0.03515625 0.1835937 0.03515625 0.0625 0.15625 0.0625 0.15625 0.1835937 0.03515625 0.1835937 0.15625 0.0625 0.03515625 0.1835937 0.03515625 0.0625 0.15625 0.0625 0.15625 0.1835937 0.03515625 0.1835937 0.15625 0.1835937 0.15625 0.0625 0.15625 0.1835937 0.03515625 0.1835937 0.03515625 0.0625 0.15625 0.0625 0.03515625 0.1835937 0.15625 0.0625 0.15625 0.1835937 0.03515625 0.1835937 0.03515625 0.0625 0.15625 0.0625 0.03515625 0.1835937 0.03515625 0.1835937 0.15625 0.0625 0.03515625 0.0625 0.03515625 0.1835937 0.15625 0.0625 0.15625 0.0625 0.15625 0.0625 0.03515625 0.1835937 0.15625 0.1835937 0.15625 0.0625 0.03515625 0.1835937 0.03515625 0.0625 0.03515625 0.1835937 0.03515625 0.0625 0.15625 0.0625 0.15625 0.1835937 0.03515625 0.1835937 0.15625 0.0625 0.03515625 0.1835937 0.03515625 0.0625 0.15625 0.0625 0.15625 0.1835937 0.03515625 0.1835937 0.15625 0.0625 0.03515625 0.1835937 0.03515625 0.0625 0.15625 0.0625 0.15625 0.1835937 0.03515625 0.1835937 0.15625 0.0625 0.03515625 0.1835937 0.03515625 0.0625 0.15625 0.0625 0.15625 0.1835937 0.03515625 0.1835937 0.15625 0.1835937 0.15625 0.0625 0.15625 0.1835937 0.03515625 0.1835937 0.03515625 0.0625 0.15625 0.0625 0.03515625 0.1835937 0.15625 0.0625 0.15625 0.1835937 0.03515625 0.1835937 0.03515625 0.0625 0.15625 0.0625 0.03515625 0.1835937 0.03515625 0.1835937 0.15625 0.0625 0.03515625 0.0625 0.03515625 0.1835937 0.15625 0.0625 0.15625 0.0625 0.03515625 0.1835937 0.03515625 0.0625 0.15625 0.0625 0.15625 0.1835937 0.03515625 0.1835937 0.15625 0.1835937 0.15625 0.0625 0.15625 0.1835937 0.03515625 0.1835937 0.03515625 0.0625 0.15625 0.0625 0.03515625 0.1835937 0.15625 0.0625 0.15625 0.1835937 0.03515625 0.1835937 0.03515625 0.0625 0.15625 0.0625 0.03515625 0.0625 0.15625 0.0625 0.03515625 0.1835937 0.15625 0.1835937 0.15625 0.0625 0.03515625 0.1835937 0.03515625 0.1835937 0.03515625 0.1835937 0.15625 0.0625 0.03515625 0.0625 0.03515625 0.1835937 0.15625 0.0625 0.15625 0.1835937 0.15625 0.0625 0.15625 0.1835937 0.03515625 0.1835937 0.03515625 0.0625 0.15625 0.0625 0.03515625 0.1835937 0.15625 0.0625 0.15625 0.1835937 0.03515625 0.1835937 0.03515625 0.0625 0.15625 0.0625 0.03515625 0.0625 0.03515625 0.1835937 0.03515625 0.0625 0.15625 0.0625 0.15625 0.1835937 0.03515625 0.1835937 0.15625 0.0625 0.03515625 0.1835937 0.03515625 0.0625 0.15625 0.0625 0.15625 0.1835937 0.03515625 0.1835937 0.15625 0.1835937 0.03515625 0.1835937 0.15625 0.0625 0.03515625 0.0625 0.03515625 0.1835937 0.15625 0.0625 0.15625 0.1835937 0.03515625 0.1835937 0.15625 0.0625 0.03515625 0.0625 0.03515625 0.1835937 0.15625 0.0625 0.15625 0.0625 0.15625 0.0625 0.03515625 0.1835937 0.15625 0.1835937 0.15625 0.0625 0.03515625 0.1835937 0.03515625 0.0625 0.03515625 0.1835937 0.03515625 0.0625 0.15625 0.0625 0.15625 0.1835937 0.03515625 0.1835937 0.15625 0.0625 0.03515625 0.1835937 0.03515625 0.0625 0.15625 0.0625 0.15625 0.1835937 0.03515625 0.1835937 0.15625 0.0625 0.03515625 0.1835937 0.03515625 0.0625 0.15625 0.0625 0.15625 0.1835937 0.03515625 0.1835937 0.15625 0.0625 0.15625 0.0625 0.03515625 0.1835937 0.15625 0.1835937 0.15625 0.0625 0.03515625 0.1835937 0.03515625 0.0625 0.03515625 0.1835937 0.03515625 0.0625 0.15625 0.0625 0.15625 0.1835937 0.03515625 0.1835937 0.15625 0.0625 0.15625 0.0625 0.03515625 0.1835937 0.15625 0.1835937 0.15625 0.0625 0.03515625 0.1835937 0.03515625 0.0625 0.03515625 0.1835937 0.03515625 0.0625 0.15625 0.0625 0.15625 0.1835937 0.03515625 0.1835937 0.15625 0.1835937 0.03515625 0.1835937 0.15625 0.0625 0.03515625 0.0625 0.03515625 0.1835937 0.15625 0.0625 0.15625 0.1835937 0.03515625 0.1835937 0.15625 0.0625 0.03515625 0.0625 0.03515625 0.1835937 0.15625 0.0625 0.15625 0.0625 0.03515625 0.1835937 0.03515625 0.0625 0.15625 0.0625 0.15625 0.1835937 0.03515625 0.1835937 0.15625 0.1835937 0.15625 0.0625 0.15625 0.1835937 0.03515625 0.1835937 0.03515625 0.0625 0.15625 0.0625 0.03515625 0.1835937 0.03515625 0.1835937 0.15625 0.0625 0.03515625 0.0625 0.03515625 0.1835937 0.15625 0.0625 0.15625 0.1835937 0.03515625 0.1835937 0.15625 0.0625 0.03515625 0.0625 0.03515625 0.1835937 0.15625 0.0625 0.15625 0.0625 0.15625 0.0625 0.03515625 0.1835937 0.15625 0.1835937 0.15625 0.0625 0.03515625 0.1835937 0.03515625 0.0625 0.15625 0.0625 0.03515625 0.1835937 0.15625 0.1835937 0.15625 0.0625 0.03515625 0.1835937 0.03515625 0.1835937 0.03515625 0.1835937 0.15625 0.0625 0.03515625 0.0625 0.03515625 0.1835937 0.15625 0.0625 0.15625 0.0625 0.15625 0.0625 0.03515625 0.1835937 0.15625 0.1835937 0.15625 0.0625 0.03515625 0.1835937 0.03515625 0.0625 0.03515625 0.1835937 0.03515625 0.0625 0.15625 0.0625 0.15625 0.1835937 0.03515625 0.1835937 0.15625 0.1835937 0.03515625 0.1835937 0.15625 0.0625 0.03515625 0.0625 0.03515625 0.1835937 0.15625 0.0625 0.15625 0.1835937 0.03515625 0.1835937 0.15625 0.0625 0.03515625 0.0625 0.03515625 0.1835937 0.15625 0.0625 0.15625 0.1835937 0.03515625 0.1835937 0.15625 0.0625 0.03515625 0.0625 0.03515625 0.1835937 0.15625 0.0625 0.15625 0.1835937 0.03515625 0.1835937 0.15625 0.0625 0.03515625 0.0625 0.03515625 0.1835937 0.15625 0.0625 0.15625 0.1835937 0.03515625 0.1835937 0.15625 0.0625 0.03515625 0.0625 0.03515625 0.1835937 0.15625 0.0625 0.15625 0.0625 0.03515625 0.1835937 0.03515625 0.0625 0.15625 0.0625 0.15625 0.1835937 0.03515625 0.1835937 0.15625 0.1835937 0.03515625 0.1835937 0.15625 0.0625 0.03515625 0.0625 0.03515625 0.1835937 0.15625 0.0625 0.15625 0.0625 0.15625 0.0625 0.03515625 0.1835937 0.15625 0.1835937 0.15625 0.0625 0.03515625 0.1835937 0.03515625 0.1835937 0.15625 0.0625 0.15625 0.1835937 0.03515625 0.1835937 0.03515625 0.0625 0.15625 0.0625 0.03515625 0.1835937 0.15625 0.0625 0.15625 0.1835937 0.03515625 0.1835937 0.03515625 0.0625 0.15625 0.0625 0.03515625 0.0625 0.03515625 0.1835937 0.03515625 0.0625 0.15625 0.0625 0.15625 0.1835937 0.03515625 0.1835937 0.15625 0.0625 0.15625 0.0625 0.03515625 0.1835937 0.15625 0.1835937 0.15625 0.0625 0.03515625 0.1835937 0.03515625 0.0625 0.15625 0.0625 0.03515625 0.1835937 0.15625 0.1835937 0.15625 0.0625 0.03515625 0.1835937 0.03515625 0.1835937 0.15625 0.0625 0.15625 0.1835937 0.03515625 0.1835937 0.03515625 0.0625 0.15625 0.0625 0.03515625 0.1835937 0.15625 0.0625 0.15625 0.1835937 0.03515625 0.1835937 0.03515625 0.0625 0.15625 0.0625 0.03515625 0.1835937 0.15625 0.0625 0.15625 0.1835937 0.03515625 0.1835937 0.03515625 0.0625 0.15625 0.0625 0.03515625 0.1835937 0.15625 0.0625 0.15625 0.1835937 0.03515625 0.1835937 0.03515625 0.0625 0.15625 0.0625 0.03515625 0.1835937 0.15625 0.0625 0.15625 0.1835937 0.03515625 0.1835937 0.03515625 0.0625 0.15625 0.0625 0.03515625 0.0625 0.15625 0.0625 0.03515625 0.1835937 0.15625 0.1835937 0.15625 0.0625 0.03515625 0.1835937 0.03515625 0.0625 0.15625 0.0625 0.03515625 0.1835937 0.15625 0.1835937 0.15625 0.0625 0.03515625 0.1835937 0.03515625 0.1835937 0.15625 0.0625 0.15625 0.1835937 0.03515625 0.1835937 0.03515625 0.0625 0.15625 0.0625 0.03515625 0.0625 0.15625 0.0625 0.03515625 0.1835937 0.15625 0.1835937 0.15625 0.0625 0.03515625 0.1835937 0.03515625 0.0625 0.15625 0.0625 0.03515625 0.1835937 0.15625 0.1835937 0.15625 0.0625 0.03515625 0.1835937 0.03515625 0.0625 0.15625 0.0625 0.03515625 0.1835937 0.15625 0.1835937 0.15625 0.0625 0.03515625 0.1835937 0.03515625 0.1835937 0.15625 0.0625 0.15625 0.1835937 0.03515625 0.1835937 0.03515625 0.0625 0.15625 0.0625 0.03515625 0.1835937 0.15625 0.0625 0.15625 0.1835937 0.03515625 0.1835937 0.03515625 0.0625 0.15625 0.0625 0.03515625 0.1835937 0.15625 0.0625 0.15625 0.1835937 0.03515625 0.1835937 0.03515625 0.0625 0.15625 0.0625 0.03515625 0.1835937 0.15625 0.0625 0.15625 0.1835937 0.03515625 0.1835937 0.03515625 0.0625 0.15625 0.0625 0.03515625 0.1835937 0.15625 0.0625 0.15625 0.1835937 0.03515625 0.1835937 0.03515625 0.0625 0.15625 0.0625 0.03515625 0.1835937 0.15625 0.0625 0.15625 0.1835937 0.03515625 0.1835937 0.03515625 0.0625 0.15625 0.0625 0.03515625 0.1835937 0.03515625 0.1835937 0.15625 0.0625 0.03515625 0.0625 0.03515625 0.1835937 0.15625 0.0625 0.15625 0.1835937 0.15625 0.0625 0.15625 0.1835937 0.03515625 0.1835937 0.03515625 0.0625 0.15625 0.0625 0.03515625 0.1835937 0.03515625 0.1835937 0.15625 0.0625 0.03515625 0.0625 0.03515625 0.1835937 0.15625 0.0625 0.15625 0.1835937 0.15625 0.0625 0.15625 0.1835937 0.03515625 0.1835937 0.03515625 0.0625 0.15625 0.0625 0.03515625 0.1835937 0.03515625 0.1835937 0.15625 0.0625 0.03515625 0.0625 0.03515625 0.1835937 0.15625 0.0625 0.15625 0.1835937 0.15625 0.0625 0.15625 0.1835937 0.03515625 0.1835937 0.03515625 0.0625 0.15625 0.0625 0.03515625 0.1835937 0.15625 0.0625 0.15625 0.1835937 0.03515625 0.1835937 0.03515625 0.0625 0.15625 0.0625 0.03515625 0.0625 0.15625 0.0625 0.03515625 0.1835937 0.15625 0.1835937 0.15625 0.0625 0.03515625 0.1835937 0.03515625 0.1835937 0.15625 0.0625 0.15625 0.1835937 0.03515625 0.1835937 0.03515625 0.0625 0.15625 0.0625 0.03515625 0.0625 0.15625 0.0625 0.03515625 0.1835937 0.15625 0.1835937 0.15625 0.0625 0.03515625 0.1835937 0.03515625 0.0625 0.03515625 0.1835937 0.03515625 0.0625 0.15625 0.0625 0.15625 0.1835937 0.03515625 0.1835937 0.15625 0.1835937 0.15625 0.0625 0.15625 0.1835937 0.03515625 0.1835937 0.03515625 0.0625 0.15625 0.0625 0.03515625 0.1835937 0.03515625 0.1835937 0.15625 0.0625 0.03515625 0.0625 0.03515625 0.1835937 0.15625 0.0625 0.15625 0.0625 0.15625 0.0625 0.03515625 0.1835937 0.15625 0.1835937 0.15625 0.0625 0.03515625 0.1835937 0.03515625 0.1835937 0.15625 0.0625 0.15625 0.1835937 0.03515625 0.1835937 0.03515625 0.0625 0.15625 0.0625 0.03515625 0.0625 0.03515625 0.1835937 0.03515625 0.0625 0.15625 0.0625 0.15625 0.1835937 0.03515625 0.1835937 0.15625 0.0625 0.03515625 0.1835937 0.03515625 0.0625 0.15625 0.0625 0.15625 0.1835937 0.03515625 0.1835937 0.15625 0.0625 0.03515625 0.1835937 0.03515625 0.0625 0.15625 0.0625 0.15625 0.1835937 0.03515625 0.1835937 0.15625 0.0625 0.03515625 0.1835937 0.03515625 0.0625 0.15625 0.0625 0.15625 0.1835937 0.03515625 0.1835937 0.15625 0.1835937 0.03515625 0.1835937 0.15625 0.0625 0.03515625 0.0625 0.03515625 0.1835937 0.15625 0.0625 0.15625 0.0625 0.15625 0.0625 0.03515625 0.1835937 0.15625 0.1835937 0.15625 0.0625 0.03515625 0.1835937 0.03515625 0.0625 0.15625 0.0625 0.03515625 0.1835937 0.15625 0.1835937 0.15625 0.0625 0.03515625 0.1835937 0.03515625 0.1835937 0.15625 0.0625 0.15625 0.1835937 0.03515625 0.1835937 0.03515625 0.0625 0.15625 0.0625 0.03515625 0.0625 0.15625 0.0625 0.03515625 0.1835937 0.15625 0.1835937 0.15625 0.0625 0.03515625 0.1835937 0.03515625 0.1835937 0.15625 0.0625 0.15625 0.1835937 0.03515625 0.1835937 0.03515625 0.0625 0.15625 0.0625 0.03515625 0.1835937 0.03515625 0.1835937 0.15625 0.0625 0.03515625 0.0625 0.03515625 0.1835937 0.15625 0.0625 0.15625 0.1835937 0.03515625 0.1835937 0.15625 0.0625 0.03515625 0.0625 0.03515625 0.1835937 0.15625 0.0625 0.15625 0.1835937 0.15625 0.0625 0.15625 0.1835937 0.03515625 0.1835937 0.03515625 0.0625 0.15625 0.0625 0.03515625 0.1835937 0.15625 0.0625 0.15625 0.1835937 0.03515625 0.1835937 0.03515625 0.0625 0.15625 0.0625 0.03515625 0.1835937 0.15625 0.0625 0.15625 0.1835937 0.03515625 0.1835937 0.03515625 0.0625 0.15625 0.0625 0.03515625 0.0625 0.03515625 0.1835937 0.03515625 0.0625 0.15625 0.0625 0.15625 0.1835937 0.03515625 0.1835937 0.15625 0.0625 0.03515625 0.1835937 0.03515625 0.0625 0.15625 0.0625 0.15625 0.1835937 0.03515625 0.1835937 0.15625 0.1835937 0.03515625 0.1835937 0.15625 0.0625 0.03515625 0.0625 0.03515625 0.1835937 0.15625 0.0625 0.15625 0.0625 0.03515625 0.1835937 0.03515625 0.0625 0.15625 0.0625 0.15625 0.1835937 0.03515625 0.1835937 0.15625 0.1835937 0.03515625 0.1835937 0.15625 0.0625 0.03515625 0.0625 0.03515625 0.1835937 0.15625 0.0625 0.15625 0.0625 0.15625 0.0625 0.03515625 0.1835937 0.15625 0.1835937 0.15625 0.0625 0.03515625 0.1835937 0.03515625 0.0625 0.15625 0.0625 0.03515625 0.1835937 0.15625 0.1835937 0.15625 0.0625 0.03515625 0.1835937 0.03515625 0.1835937 0.03515625 0.1835937 0.15625 0.0625 0.03515625 0.0625 0.03515625 0.1835937 0.15625 0.0625 0.15625 0.0625 0.03515625 0.1835937 0.03515625 0.0625 0.15625 0.0625 0.15625 0.1835937 0.03515625 0.1835937 0.15625 0.1835937 0.15625 0.0625 0.15625 0.1835937 0.03515625 0.1835937 0.03515625 0.0625 0.15625 0.0625 0.03515625 0.1835937 0.15625 0.0625 0.15625 0.1835937 0.03515625 0.1835937 0.03515625 0.0625 0.15625 0.0625 0.03515625 0.0625 0.15625 0.0625 0.03515625 0.1835937 0.15625 0.1835937 0.15625 0.0625 0.03515625 0.1835937 0.03515625 0.0625 0.03515625 0.1835937 0.03515625 0.0625 0.15625 0.0625 0.15625 0.1835937 0.03515625 0.1835937 0.15625 0.1835937 0.15625 0.0625 0.15625 0.1835937 0.03515625 0.1835937 0.03515625 0.0625 0.15625 0.0625 0.03515625 0.1835937 0.15625 0.0625 0.15625 0.1835937 0.03515625 0.1835937 0.03515625 0.0625 0.15625 0.0625 0.03515625 0.1835937 0.03515625 0.1835937 0.15625 0.0625 0.03515625 0.0625 0.03515625 0.1835937 0.15625 0.0625 0.15625 0.1835937 0.03515625 0.1835937 0.15625 0.0625 0.03515625 0.0625 0.03515625 0.1835937 0.15625 0.0625 0.15625 0.0625 0.15625 0.0625 0.03515625 0.1835937 0.15625 0.1835937 0.15625 0.0625 0.03515625 0.1835937 0.03515625 0.0625 0.15625 0.0625 0.03515625 0.1835937 0.15625 0.1835937 0.15625 0.0625 0.03515625 0.1835937 0.03515625 0.1835937 0.15625 0.0625 0.15625 0.1835937 0.03515625 0.1835937 0.03515625 0.0625 0.15625 0.0625 0.03515625 0.0625 0.03515625 0.1835937 0.03515625 0.0625 0.15625 0.0625 0.15625 0.1835937 0.03515625 0.1835937 0.15625 0.0625 0.15625 0.0625 0.03515625 0.1835937 0.15625 0.1835937 0.15625 0.0625 0.03515625 0.1835937 0.03515625 0.0625 0.03515625 0.1835937 0.03515625 0.0625 0.15625 0.0625 0.15625 0.1835937 0.03515625 0.1835937 0.15625 0.0625 0.15625 0.0625 0.03515625 0.1835937 0.15625 0.1835937 0.15625 0.0625 0.03515625 0.1835937 0.03515625 0.1835937 0.03515625 0.1835937 0.15625 0.0625 0.03515625 0.0625 0.03515625 0.1835937 0.15625 0.0625 0.15625 0.0625 0.03515625 0.1835937 0.03515625 0.0625 0.15625 0.0625 0.15625 0.1835937 0.03515625 0.1835937 0.15625 0.1835937 0.03515625 0.1835937 0.15625 0.0625 0.03515625 0.0625 0.03515625 0.1835937 0.15625 0.0625 0.15625 0.1835937 0.15625 0.0625 0.15625 0.1835937 0.03515625 0.1835937 0.03515625 0.0625 0.15625 0.0625 0.03515625 0.1835937 0.03515625 0.1835937 0.15625 0.0625 0.03515625 0.0625 0.03515625 0.1835937 0.15625 0.0625 0.15625 0.0625 0.03515625 0.1835937 0.03515625 0.0625 0.15625 0.0625 0.15625 0.1835937 0.03515625 0.1835937 0.15625 0.1835937 0.03515625 0.1835937 0.15625 0.0625 0.03515625 0.0625 0.03515625 0.1835937 0.15625 0.0625 0.15625 0.1835937 0.03515625 0.1835937 0.15625 0.0625 0.03515625 0.0625 0.03515625 0.1835937 0.15625 0.0625 0.15625 0.0625 0.03515625 0.1835937 0.03515625 0.0625 0.15625 0.0625 0.15625 0.1835937 0.03515625 0.1835937 0.15625 0.1835937 0.15625 0.0625 0.15625 0.1835937 0.03515625 0.1835937 0.03515625 0.0625 0.15625 0.0625 0.03515625 0.0625 0.15625 0.0625 0.03515625 0.1835937 0.15625 0.1835937 0.15625 0.0625 0.03515625 0.1835937 0.03515625 0.1835937 0.03515625 0.1835937 0.15625 0.0625 0.03515625 0.0625 0.03515625 0.1835937 0.15625 0.0625 0.15625 0.0625 0.15625 0.0625 0.03515625 0.1835937 0.15625 0.1835937 0.15625 0.0625 0.03515625 0.1835937 0.03515625 0.1835937 0.03515625 0.1835937 0.15625 0.0625 0.03515625 0.0625 0.03515625 0.1835937 0.15625 0.0625 0.15625 0.1835937 0.03515625 0.1835937 0.15625 0.0625 0.03515625 0.0625 0.03515625 0.1835937 0.15625 0.0625 0.15625 0.0625 0.03515625 0.1835937 0.03515625 0.0625 0.15625 0.0625 0.15625 0.1835937 0.03515625 0.1835937 0.15625 0.1835937 0.03515625 0.1835937 0.15625 0.0625 0.03515625 0.0625 0.03515625 0.1835937 0.15625 0.0625 0.15625 0.1835937 0.03515625 0.1835937 0.15625 0.0625 0.03515625 0.0625 0.03515625 0.1835937 0.15625 0.0625 0.15625 0.0625 0.03515625 0.1835937 0.03515625 0.0625 0.15625 0.0625 0.15625 0.1835937 0.03515625 0.1835937 0.15625 0.0625 0.03515625 0.1835937 0.03515625 0.0625 0.15625 0.0625 0.15625 0.1835937 0.03515625 0.1835937 0.15625 0.1835937 0.03515625 0.1835937 0.15625 0.0625 0.03515625 0.0625 0.03515625 0.1835937 0.15625 0.0625 0.15625 0.0625 0.15625 0.0625 0.03515625 0.1835937 0.15625 0.1835937 0.15625 0.0625 0.03515625 0.1835937 0.03515625 0.0625 0.15625 0.0625 0.03515625 0.1835937 0.15625 0.1835937 0.15625 0.0625 0.03515625 0.1835937 0.03515625 0.0625 0.15625 0.0625 0.03515625 0.1835937 0.15625 0.1835937 0.15625 0.0625 0.03515625 0.1835937 0.03515625 0.0625 0.03515625 0.1835937 0.03515625 0.0625 0.15625 0.0625 0.15625 0.1835937 0.03515625 0.1835937 0.15625 0.0625 0.15625 0.0625 0.03515625 0.1835937 0.15625 0.1835937 0.15625 0.0625 0.03515625 0.1835937 0.03515625 0.0625 0.15625 0.0625 0.03515625 0.1835937 0.15625 0.1835937 0.15625 0.0625 0.03515625 0.1835937 0.03515625 0.1835937 0.15625 0.0625 0.15625 0.1835937 0.03515625 0.1835937 0.03515625 0.0625 0.15625 0.0625 0.03515625 0.1835937 0.15625 0.0625 0.15625 0.1835937 0.03515625 0.1835937 0.03515625 0.0625 0.15625 0.0625 0.03515625 0.1835937 0.15625 0.0625 0.15625 0.1835937 0.03515625 0.1835937 0.03515625 0.0625 0.15625 0.0625 0.03515625 0.1835937 0.15625 0.0625 0.15625 0.1835937 0.03515625 0.1835937 0.03515625 0.0625 0.15625 0.0625 0.03515625 0.1835937 0.15625 0.0625 0.15625 0.1835937 0.03515625 0.1835937 0.03515625 0.0625 0.15625 0.0625 0.03515625 0.0625 0.15625 0.0625 0.03515625 0.1835937 0.15625 0.1835937 0.15625 0.0625 0.03515625 0.1835937 0.03515625 0.0625 0.15625 0.0625 0.03515625 0.1835937 0.15625 0.1835937 0.15625 0.0625 0.03515625 0.1835937 0.03515625 0.1835937 0.15625 0.0625 0.15625 0.1835937 0.03515625 0.1835937 0.03515625 0.0625 0.15625 0.0625 0.03515625 0.0625 0.15625 0.0625 0.03515625 0.1835937 0.15625 0.1835937 0.15625 0.0625 0.03515625 0.1835937 0.03515625 0.0625 0.15625 0.0625 0.03515625 0.1835937 0.15625 0.1835937 0.15625 0.0625 0.03515625 0.1835937 0.03515625 0.0625 0.15625 0.0625 0.03515625 0.1835937 0.15625 0.1835937 0.15625 0.0625 0.03515625 0.1835937 0.03515625 0.1835937 0.15625 0.0625 0.15625 0.1835937 0.03515625 0.1835937 0.03515625 0.0625 0.15625 0.0625 0.03515625 0.1835937 0.15625 0.0625 0.15625 0.1835937 0.03515625 0.1835937 0.03515625 0.0625 0.15625 0.0625 0.03515625 0.1835937 0.15625 0.0625 0.15625 0.1835937 0.03515625 0.1835937 0.03515625 0.0625 0.15625 0.0625 0.03515625 0.1835937 0.15625 0.0625 0.15625 0.1835937 0.03515625 0.1835937 0.03515625 0.0625 0.15625 0.0625 0.03515625 0.1835937 0.15625 0.0625 0.15625 0.1835937 0.03515625 0.1835937 0.03515625 0.0625 0.15625 0.0625 0.03515625 0.1835937 0.15625 0.0625 0.15625 0.1835937 0.03515625 0.1835937 0.03515625 0.0625 0.15625 0.0625 0.03515625 0.1835937 0.03515625 0.1835937 0.15625 0.0625 0.03515625 0.0625 0.03515625 0.1835937 0.15625 0.0625 0.15625 0.1835937 0.15625 0.0625 0.15625 0.1835937 0.03515625 0.1835937 0.03515625 0.0625 0.15625 0.0625 0.03515625 0.1835937 0.03515625 0.1835937 0.15625 0.0625 0.03515625 0.0625 0.03515625 0.1835937 0.15625 0.0625 0.15625 0.1835937 0.15625 0.0625 0.15625 0.1835937 0.03515625 0.1835937 0.03515625 0.0625 0.15625 0.0625 0.03515625 0.1835937 0.03515625 0.1835937 0.15625 0.0625 0.03515625 0.0625 0.03515625 0.1835937 0.15625 0.0625 0.15625 0.1835937 0.15625 0.0625 0.15625 0.1835937 0.03515625 0.1835937 0.03515625 0.0625 0.15625 0.0625 0.03515625 0.1835937 0.15625 0.0625 0.15625 0.1835937 0.03515625 0.1835937 0.03515625 0.0625 0.15625 0.0625 0.03515625 0.0625 0.15625 0.0625 0.03515625 0.1835937 0.15625 0.1835937 0.15625 0.0625 0.03515625 0.1835937 0.03515625 0.1835937 0.15625 0.0625 0.15625 0.1835937 0.03515625 0.1835937 0.03515625 0.0625 0.15625 0.0625 0.03515625 0.0625 0.15625 0.0625 0.03515625 0.1835937 0.15625 0.1835937 0.15625 0.0625 0.03515625 0.1835937 0.03515625 0.0625 0.03515625 0.1835937 0.03515625 0.0625 0.15625 0.0625 0.15625 0.1835937 0.03515625 0.1835937 0.15625 0.1835937 0.15625 0.0625 0.15625 0.1835937 0.03515625 0.1835937 0.03515625 0.0625 0.15625 0.0625 0.03515625 0.0625 0.03515625 0.1835937 0.03515625 0.0625 0.15625 0.0625 0.15625 0.1835937 0.03515625 0.1835937 0.15625 0.1835937 0.15625 0.0625 0.15625 0.1835937 0.03515625 0.1835937 0.03515625 0.0625 0.15625 0.0625 0.03515625 0.1835937 0.03515625 0.1835937 0.15625 0.0625 0.03515625 0.0625 0.03515625 0.1835937 0.15625 0.0625 0.15625 0.0625 0.03515625 0.1835937 0.03515625 0.0625 0.15625 0.0625 0.15625 0.1835937 0.03515625 0.1835937 0.15625 0.0625 0.03515625 0.1835937 0.03515625 0.0625 0.15625 0.0625 0.15625 0.1835937 0.03515625 0.1835937 0.15625 0.0625 0.03515625 0.1835937 0.03515625 0.0625 0.15625 0.0625 0.15625 0.1835937 0.03515625 0.1835937 0.15625 0.0625 0.03515625 0.1835937 0.03515625 0.0625 0.15625 0.0625 0.15625 0.1835937 0.03515625 0.1835937 0.15625 0.1835937 0.03515625 0.1835937 0.15625 0.0625 0.03515625 0.0625 0.03515625 0.1835937 0.15625 0.0625 0.15625 0.0625 0.15625 0.0625 0.03515625 0.1835937 0.15625 0.1835937 0.15625 0.0625 0.03515625 0.1835937 0.03515625 0.0625 0.15625 0.0625 0.03515625 0.1835937 0.15625 0.1835937 0.15625 0.0625 0.03515625 0.1835937 0.03515625 0.1835937 0.15625 0.0625 0.15625 0.1835937 0.03515625 0.1835937 0.03515625 0.0625 0.15625 0.0625 0.03515625 0.0625 0.15625 0.0625 0.03515625 0.1835937 0.15625 0.1835937 0.15625 0.0625 0.03515625 0.1835937 0.03515625 0.1835937 0.15625 0.0625 0.15625 0.1835937 0.03515625 0.1835937 0.03515625 0.0625 0.15625 0.0625 0.03515625 0.1835937 0.03515625 0.1835937 0.15625 0.0625 0.03515625 0.0625 0.03515625 0.1835937 0.15625 0.0625 0.15625 0.1835937 0.03515625 0.1835937 0.15625 0.0625 0.03515625 0.0625 0.03515625 0.1835937 0.15625 0.0625 0.15625 0.0625 0.15625 0.0625 0.03515625 0.1835937 0.15625 0.1835937 0.15625 0.0625 0.03515625 0.1835937 0.03515625 0.0625 0.15625 0.0625 0.03515625 0.1835937 0.15625 0.1835937 0.15625 0.0625 0.03515625 0.1835937 0.03515625 0.1835937 0.15625 0.0625 0.15625 0.1835937 0.03515625 0.1835937 0.03515625 0.0625 0.15625 0.0625 0.03515625 0.0625 0.03515625 0.1835937 0.03515625 0.0625 0.15625 0.0625 0.15625 0.1835937 0.03515625 0.1835937 0.15625 0.0625 0.03515625 0.1835937 0.03515625 0.0625 0.15625 0.0625 0.15625 0.1835937 0.03515625 0.1835937 0.15625 0.1835937 0.03515625 0.1835937 0.15625 0.0625 0.03515625 0.0625 0.03515625 0.1835937 0.15625 0.0625 0.15625 0.1835937 0.03515625 0.1835937 0.15625 0.0625 0.03515625 0.0625 0.03515625 0.1835937 0.15625 0.0625 0.15625 0.1835937 0.03515625 0.1835937 0.15625 0.0625 0.03515625 0.0625 0.03515625 0.1835937 0.15625 0.0625 0.15625 0.0625 0.15625 0.0625 0.03515625 0.1835937 0.15625 0.1835937 0.15625 0.0625 0.03515625 0.1835937 0.03515625 0.0625 0.15625 0.0625 0.03515625 0.1835937 0.15625 0.1835937 0.15625 0.0625 0.03515625 0.1835937 0.03515625 0.0625 0.15625 0.0625 0.03515625 0.1835937 0.15625 0.1835937 0.15625 0.0625 0.03515625 0.1835937 0.03515625 0.1835937 0.03515625 0.1835937 0.15625 0.0625 0.03515625 0.0625 0.03515625 0.1835937 0.15625 0.0625 0.15625 0.1835937 0.15625 0.0625 0.15625 0.1835937 0.03515625 0.1835937 0.03515625 0.0625 0.15625 0.0625 0.03515625 0.1835937 0.15625 0.0625 0.15625 0.1835937 0.03515625 0.1835937 0.03515625 0.0625 0.15625 0.0625 0.03515625 0.0625 0.15625 0.0625 0.03515625 0.1835937 0.15625 0.1835937 0.15625 0.0625 0.03515625 0.1835937 0.03515625 0.1835937 0.15625 0.0625 0.15625 0.1835937 0.03515625 0.1835937 0.03515625 0.0625 0.15625 0.0625 0.03515625 0.0625 0.15625 0.0625 0.03515625 0.1835937 0.15625 0.1835937 0.15625 0.0625 0.03515625 0.1835937 0.03515625 0.0625 0.15625 0.0625 0.03515625 0.1835937 0.15625 0.1835937 0.15625 0.0625 0.03515625 0.1835937 0.03515625 0.1835937 0.03515625 0.1835937 0.15625 0.0625 0.03515625 0.0625 0.03515625 0.1835937 0.15625 0.0625 0.15625 0.1835937 0.03515625 0.1835937 0.15625 0.0625 0.03515625 0.0625 0.03515625 0.1835937 0.15625 0.0625 0.15625 0.0625 0.15625 0.0625 0.03515625 0.1835937 0.15625 0.1835937 0.15625 0.0625 0.03515625 0.1835937 0.03515625 0.0625 0.15625 0.0625 0.03515625 0.1835937 0.15625 0.1835937 0.15625 0.0625 0.03515625 0.1835937 0.03515625 0.1835937 0.15625 0.0625 0.15625 0.1835937 0.03515625 0.1835937 0.03515625 0.0625 0.15625 0.0625 0.03515625 0.0625 0.15625 0.0625 0.03515625 0.1835937 0.15625 0.1835937 0.15625 0.0625 0.03515625 0.1835937 0.03515625 0.0625 0.15625 0.0625 0.03515625 0.1835937 0.15625 0.1835937 0.15625 0.0625 0.03515625 0.1835937 0.03515625 0.0625 0.15625 0.0625 0.03515625 0.1835937 0.15625 0.1835937 0.15625 0.0625 0.03515625 0.1835937 0.03515625 0.0625 0.15625 0.0625 0.03515625 0.1835937 0.15625 0.1835937 0.15625 0.0625 0.03515625 0.1835937 0.03515625 0.0625 0.03515625 0.1835937 0.03515625 0.0625 0.15625 0.0625 0.15625 0.1835937 0.03515625 0.1835937 0.15625 0.0625 0.03515625 0.1835937 0.03515625 0.0625 0.15625 0.0625 0.15625 0.1835937 0.03515625 0.1835937 0.15625 0.0625 0.03515625 0.1835937 0.03515625 0.0625 0.15625 0.0625 0.15625 0.1835937 0.03515625 0.1835937 0.15625 0.1835937 0.03515625 0.1835937 0.15625 0.0625 0.03515625 0.0625 0.03515625 0.1835937 0.15625 0.0625 0.15625 0.1835937 0.03515625 0.1835937 0.15625 0.0625 0.03515625 0.0625 0.03515625 0.1835937 0.15625 0.0625 0.15625 0.0625 0.15625 0.0625 0.03515625 0.1835937 0.15625 0.1835937 0.15625 0.0625 0.03515625 0.1835937 0.03515625 0.1835937 0.03515625 0.1835937 0.15625 0.0625 0.03515625 0.0625 0.03515625 0.1835937 0.15625 0.0625 0.15625 0.1835937 0.03515625 0.1835937 0.15625 0.0625 0.03515625 0.0625 0.03515625 0.1835937 0.15625 0.0625 0.15625 0.0625 0.03515625 0.1835937 0.03515625 0.0625 0.15625 0.0625 0.15625 0.1835937 0.03515625 0.1835937 0.15625 0.1835937 0.15625 0.0625 0.15625 0.1835937 0.03515625 0.1835937 0.03515625 0.0625 0.15625 0.0625 0.03515625 0.0625 0.03515625 0.1835937 0.03515625 0.0625 0.15625 0.0625 0.15625 0.1835937 0.03515625 0.1835937 0.15625 0.1835937 0.03515625 0.1835937 0.15625 0.0625 0.03515625 0.0625 0.03515625 0.1835937 0.15625 0.0625 0.15625 0.0625 0.15625 0.0625 0.03515625 0.1835937 0.15625 0.1835937 0.15625 0.0625 0.03515625 0.1835937 0.03515625 0.1835937 0.03515625 0.1835937 0.15625 0.0625 0.03515625 0.0625 0.03515625 0.1835937 0.15625 0.0625 0.15625 0.1835937 0.03515625 0.1835937 0.15625 0.0625 0.03515625 0.0625 0.03515625 0.1835937 0.15625 0.0625 0.15625 0.0625 0.03515625 0.1835937 0.03515625 0.0625 0.15625 0.0625 0.15625 0.1835937 0.03515625 0.1835937 0.15625 0.1835937 0.03515625 0.1835937 0.15625 0.0625 0.03515625 0.0625 0.03515625 0.1835937 0.15625 0.0625 0.15625 0.0625 0.03515625 0.1835937 0.03515625 0.0625 0.15625 0.0625 0.15625 0.1835937 0.03515625 0.1835937 0.15625 0.0625 0.03515625 0.1835937 0.03515625 0.0625 0.15625 0.0625 0.15625 0.1835937 0.03515625 0.1835937 0.15625 0.0625 0.03515625 0.1835937 0.03515625 0.0625 0.15625 0.0625 0.15625 0.1835937 0.03515625 0.1835937 0.15625 0.1835937 0.03515625 0.1835937 0.15625 0.0625 0.03515625 0.0625 0.03515625 0.1835937 0.15625 0.0625 0.15625 0.1835937 0.15625 0.0625 0.15625 0.1835937 0.03515625 0.1835937 0.03515625 0.0625 0.15625 0.0625 0.03515625 0.1835937 0.15625 0.0625 0.15625 0.1835937 0.03515625 0.1835937 0.03515625 0.0625 0.15625 0.0625 0.03515625 0.1835937 0.15625 0.0625 0.15625 0.1835937 0.03515625 0.1835937 0.03515625 0.0625 0.15625 0.0625 0.03515625 0.1835937 0.15625 0.0625 0.15625 0.1835937 0.03515625 0.1835937 0.03515625 0.0625 0.15625 0.0625 0.03515625 0.0625 0.15625 0.0625 0.03515625 0.1835937 0.15625 0.1835937 0.15625 0.0625 0.03515625 0.1835937 0.03515625 0.0625 0.15625 0.0625 0.03515625 0.1835937 0.15625 0.1835937 0.15625 0.0625 0.03515625 0.1835937 0.03515625 0.1835937 0.15625 0.0625 0.15625 0.1835937 0.03515625 0.1835937 0.03515625 0.0625 0.15625 0.0625 0.03515625 0.1835937 0.15625 0.0625 0.15625 0.1835937 0.03515625 0.1835937 0.03515625 0.0625 0.15625 0.0625 0.03515625 0.1835937 0.15625 0.0625 0.15625 0.1835937 0.03515625 0.1835937 0.03515625 0.0625 0.15625 0.0625 0.03515625 0.1835937 0.15625 0.0625 0.15625 0.1835937 0.03515625 0.1835937 0.03515625 0.0625 0.15625 0.0625 0.03515625 0.1835937 0.15625 0.0625 0.15625 0.1835937 0.03515625 0.1835937 0.03515625 0.0625 0.15625 0.0625 0.03515625 0.0625 0.15625 0.0625 0.03515625 0.1835937 0.15625 0.1835937 0.15625 0.0625 0.03515625 0.1835937 0.03515625 0.0625 0.15625 0.0625 0.03515625 0.1835937 0.15625 0.1835937 0.15625 0.0625 0.03515625 0.1835937 0.03515625 0.1835937 0.15625 0.0625 0.15625 0.1835937 0.03515625 0.1835937 0.03515625 0.0625 0.15625 0.0625 0.03515625 0.0625 0.15625 0.0625 0.03515625 0.1835937 0.15625 0.1835937 0.15625 0.0625 0.03515625 0.1835937 0.03515625 0.0625 0.15625 0.0625 0.03515625 0.1835937 0.15625 0.1835937 0.15625 0.0625 0.03515625 0.1835937 0.03515625 0.0625 0.15625 0.0625 0.03515625 0.1835937 0.15625 0.1835937 0.15625 0.0625 0.03515625 0.1835937 0.03515625 0.1835937 0.15625 0.0625 0.15625 0.1835937 0.03515625 0.1835937 0.03515625 0.0625 0.15625 0.0625 0.03515625 0.1835937 0.15625 0.0625 0.15625 0.1835937 0.03515625 0.1835937 0.03515625 0.0625 0.15625 0.0625 0.03515625 0.1835937 0.15625 0.0625 0.15625 0.1835937 0.03515625 0.1835937 0.03515625 0.0625 0.15625 0.0625 0.03515625 0.1835937 0.15625 0.0625 0.15625 0.1835937 0.03515625 0.1835937 0.03515625 0.0625 0.15625 0.0625 0.03515625 0.1835937 0.15625 0.0625 0.15625 0.1835937 0.03515625 0.1835937 0.03515625 0.0625 0.15625 0.0625 0.03515625 0.1835937 0.15625 0.0625 0.15625 0.1835937 0.03515625 0.1835937 0.03515625 0.0625 0.15625 0.0625 0.03515625 0.1835937 0.03515625 0.1835937 0.15625 0.0625 0.03515625 0.0625 0.03515625 0.1835937 0.15625 0.0625 0.15625 0.1835937 0.15625 0.0625 0.15625 0.1835937 0.03515625 0.1835937 0.03515625 0.0625 0.15625 0.0625 0.03515625 0.1835937 0.03515625 0.1835937 0.15625 0.0625 0.03515625 0.0625 0.03515625 0.1835937 0.15625 0.0625 0.15625 0.1835937 0.15625 0.0625 0.15625 0.1835937 0.03515625 0.1835937 0.03515625 0.0625 0.15625 0.0625 0.03515625 0.1835937 0.03515625 0.1835937 0.15625 0.0625 0.03515625 0.0625 0.03515625 0.1835937 0.15625 0.0625 0.15625 0.1835937 0.15625 0.0625 0.15625 0.1835937 0.03515625 0.1835937 0.03515625 0.0625 0.15625 0.0625 0.03515625 0.1835937 0.15625 0.0625 0.15625 0.1835937 0.03515625 0.1835937 0.03515625 0.0625 0.15625 0.0625 0.03515625 0.0625 0.15625 0.0625 0.03515625 0.1835937 0.15625 0.1835937 0.15625 0.0625 0.03515625 0.1835937 0.03515625 0.1835937 0.15625 0.0625 0.15625 0.1835937 0.03515625 0.1835937 0.03515625 0.0625 0.15625 0.0625 0.03515625 0.0625 0.15625 0.0625 0.03515625 0.1835937 0.15625 0.1835937 0.15625 0.0625 0.03515625 0.1835937 0.03515625 0.0625 0.03515625 0.1835937 0.03515625 0.0625 0.15625 0.0625 0.15625 0.1835937 0.03515625 0.1835937 0.15625 0.1835937 0.03515625 0.1835937 0.15625 0.0625 0.03515625 0.0625 0.03515625 0.1835937 0.15625 0.0625 0.15625 0.0625 0.03515625 0.1835937 0.03515625 0.0625 0.15625 0.0625 0.15625 0.1835937 0.03515625 0.1835937 0.15625 0.1835937 0.15625 0.0625 0.15625 0.1835937 0.03515625 0.1835937 0.03515625 0.0625 0.15625 0.0625 0.03515625 0.1835937 0.03515625 0.1835937 0.15625 0.0625 0.03515625 0.0625 0.03515625 0.1835937 0.15625 0.0625 0.15625 0.1835937 0.15625 0.0625 0.15625 0.1835937 0.03515625 0.1835937 0.03515625 0.0625 0.15625 0.0625 0.03515625 0.1835937 0.15625 0.0625 0.15625 0.1835937 0.03515625 0.1835937 0.03515625 0.0625 0.15625 0.0625 0.03515625 0.0625 0.03515625 0.1835937 0.03515625 0.0625 0.15625 0.0625 0.15625 0.1835937 0.03515625 0.1835937 0.15625 0.0625 0.03515625 0.1835937 0.03515625 0.0625 0.15625 0.0625 0.15625 0.1835937 0.03515625 0.1835937 0.15625 0.1835937 0.03515625 0.1835937 0.15625 0.0625 0.03515625 0.0625 0.03515625 0.1835937 0.15625 0.0625 0.15625 0.0625 0.15625 0.0625 0.03515625 0.1835937 0.15625 0.1835937 0.15625 0.0625 0.03515625 0.1835937 0.03515625 0.0625 0.15625 0.0625 0.03515625 0.1835937 0.15625 0.1835937 0.15625 0.0625 0.03515625 0.1835937 0.03515625 0.1835937 0.15625 0.0625 0.15625 0.1835937 0.03515625 0.1835937 0.03515625 0.0625 0.15625 0.0625 0.03515625 0.0625 0.15625 0.0625 0.03515625 0.1835937 0.15625 0.1835937 0.15625 0.0625 0.03515625 0.1835937 0.03515625 0.0625 0.15625 0.0625 0.03515625 0.1835937 0.15625 0.1835937 0.15625 0.0625 0.03515625 0.1835937 0.03515625 0.1835937 0.15625 0.0625 0.15625 0.1835937 0.03515625 0.1835937 0.03515625 0.0625 0.15625 0.0625 0.03515625 0.1835937 0.15625 0.0625 0.15625 0.1835937 0.03515625 0.1835937 0.03515625 0.0625 0.15625 0.0625 0.03515625 0.0625 0.03515625 0.1835937 0.03515625 0.0625 0.15625 0.0625 0.15625 0.1835937 0.03515625 0.1835937 0.15625 0.0625 0.03515625 0.1835937 0.03515625 0.0625 0.15625 0.0625 0.15625 0.1835937 0.03515625 0.1835937 0.15625 0.0625 0.15625 0.0625 0.03515625 0.1835937 0.15625 0.1835937 0.15625 0.0625 0.03515625 0.1835937 0.03515625 0.1835937 0.03515625 0.1835937 0.15625 0.0625 0.03515625 0.0625 0.03515625 0.1835937 0.15625 0.0625 0.15625 0.1835937 0.15625 0.0625 0.15625 0.1835937 0.03515625 0.1835937 0.03515625 0.0625 0.15625 0.0625 0.03515625 0.1835937 0.15625 0.0625 0.15625 0.1835937 0.03515625 0.1835937 0.03515625 0.0625 0.15625 0.0625 0.03515625 0.1835937 0.15625 0.0625 0.15625 0.1835937 0.03515625 0.1835937 0.03515625 0.0625 0.15625 0.0625 0.03515625 0.1835937 0.15625 0.0625 0.15625 0.1835937 0.03515625 0.1835937 0.03515625 0.0625 0.15625 0.0625 0.03515625 0.0625 0.03515625 0.1835937 0.03515625 0.0625 0.15625 0.0625 0.15625 0.1835937 0.03515625 0.1835937 0.15625 0.0625 0.03515625 0.1835937 0.03515625 0.0625 0.15625 0.0625 0.15625 0.1835937 0.03515625 0.1835937 0.15625 0.0625 0.15625 0.0625 0.03515625 0.1835937 0.15625 0.1835937 0.15625 0.0625 0.03515625 0.1835937 0.03515625 0.1835937 0.15625 0.0625 0.15625 0.1835937 0.03515625 0.1835937 0.03515625 0.0625 0.15625 0.0625 0.03515625 0.1835937 0.15625 0.0625 0.15625 0.1835937 0.03515625 0.1835937 0.03515625 0.0625 0.15625 0.0625 0.03515625 0.1835937 0.15625 0.0625 0.15625 0.1835937 0.03515625 0.1835937 0.03515625 0.0625 0.15625 0.0625 0.03515625 0.0625 0.15625 0.0625 0.03515625 0.1835937 0.15625 0.1835937 0.15625 0.0625 0.03515625 0.1835937 0.03515625 0.1835937 0.03515625 0.1835937 0.15625 0.0625 0.03515625 0.0625 0.03515625 0.1835937 0.15625 0.0625 0.15625 0.1835937 0.15625 0.0625 0.15625 0.1835937 0.03515625 0.1835937 0.03515625 0.0625 0.15625 0.0625 0.03515625 0.0625 0.15625 0.0625 0.03515625 0.1835937 0.15625 0.1835937 0.15625 0.0625 0.03515625 0.1835937 0.03515625 0.0625 0.03515625 0.1835937 0.03515625 0.0625 0.15625 0.0625 0.15625 0.1835937 0.03515625 0.1835937 0.15625 0.1835937 0.03515625 0.1835937 0.15625 0.0625 0.03515625 0.0625 0.03515625 0.1835937 0.15625 0.0625 0.15625 0.0625 0.15625 0.0625 0.03515625 0.1835937 0.15625 0.1835937 0.15625 0.0625 0.03515625 0.1835937 0.03515625 0.0625 0.15625 0.0625 0.03515625 0.1835937 0.15625 0.1835937 0.15625 0.0625 0.03515625 0.1835937 0.03515625 0.1835937 0.15625 0.0625 0.15625 0.1835937 0.03515625 0.1835937 0.03515625 0.0625 0.15625 0.0625 0.03515625 0.0625 0.03515625 0.1835937 0.03515625 0.0625 0.15625 0.0625 0.15625 0.1835937 0.03515625 0.1835937 0.15625 0.0625 0.03515625 0.1835937 0.03515625 0.0625 0.15625 0.0625 0.15625 0.1835937 0.03515625 0.1835937 0.15625 0.0625 0.03515625 0.1835937 0.03515625 0.0625 0.15625 0.0625 0.15625 0.1835937 0.03515625 0.1835937 0.15625 0.0625 0.15625 0.0625 0.03515625 0.1835937 0.15625 0.1835937 0.15625 0.0625 0.03515625 0.1835937 0.03515625 0.0625 0.03515625 0.1835937 0.03515625 0.0625 0.15625 0.0625 0.15625 0.1835937 0.03515625 0.1835937 0.15625 0.0625 0.03515625 0.1835937 0.03515625 0.0625 0.15625 0.0625 0.15625 0.1835937 0.03515625 0.1835937 0.15625 0.0625 0.03515625 0.1835937 0.03515625 0.0625 0.15625 0.0625 0.15625 0.1835937 0.03515625 0.1835937 0.15625 0.1835937 0.03515625 0.1835937 0.15625 0.0625 0.03515625 0.0625 0.03515625 0.1835937 0.15625 0.0625 0.15625 0.1835937 0.03515625 0.1835937 0.15625 0.0625 0.03515625 0.0625 0.03515625 0.1835937 0.15625 0.0625 0.15625 0.0625 0.15625 0.0625 0.03515625 0.1835937 0.15625 0.1835937 0.15625 0.0625 0.03515625 0.1835937 0.03515625 0.0625 0.03515625 0.1835937 0.03515625 0.0625 0.15625 0.0625 0.15625 0.1835937 0.03515625 0.1835937 0.15625 0.0625 0.15625 0.0625 0.03515625 0.1835937 0.15625 0.1835937 0.15625 0.0625 0.03515625 0.1835937 0.03515625 0.0625 0.15625 0.0625 0.03515625 0.1835937 0.15625 0.1835937 0.15625 0.0625 0.03515625 0.1835937 0.03515625 0.1835937 0.03515625 0.1835937 0.15625 0.0625 0.03515625 0.0625 0.03515625 0.1835937 0.15625 0.0625 0.15625 0.1835937 0.03515625 0.1835937 0.15625 0.0625 0.03515625 0.0625 0.03515625 0.1835937 0.15625 0.0625 0.15625 0.1835937 0.03515625 0.1835937 0.15625 0.0625 0.03515625 0.0625 0.03515625 0.1835937 0.15625 0.0625 0.15625 0.0625 0.15625 0.0625 0.03515625 0.1835937 0.15625 0.1835937 0.15625 0.0625 0.03515625 0.1835937 0.03515625 0.1835937 0.03515625 0.1835937 0.15625 0.0625 0.03515625 0.0625 0.03515625 0.1835937 0.15625 0.0625 0.15625 0.1835937 0.03515625 0.1835937 0.15625 0.0625 0.03515625 0.0625 0.03515625 0.1835937 0.15625 0.0625 0.15625 0.0625 0.03515625 0.1835937 0.03515625 0.0625 0.15625 0.0625 0.15625 0.1835937 0.03515625 0.1835937 0.15625 0.1835937 0.03515625 0.1835937 0.15625 0.0625 0.03515625 0.0625 0.03515625 0.1835937 0.15625 0.0625 0.15625 0.0625 0.03515625 0.1835937 0.03515625 0.0625 0.15625 0.0625 0.15625 0.1835937 0.03515625 0.1835937 0.15625 0.0625 0.03515625 0.1835937 0.03515625 0.0625 0.15625 0.0625 0.15625 0.1835937 0.03515625 0.1835937 0.15625 0.0625 0.03515625 0.1835937 0.03515625 0.0625 0.15625 0.0625 0.15625 0.1835937 0.03515625 0.1835937 0.15625 0.1835937 0.03515625 0.1835937 0.15625 0.0625 0.03515625 0.0625 0.03515625 0.1835937 0.15625 0.0625 0.15625 0.1835937 0.15625 0.0625 0.15625 0.1835937 0.03515625 0.1835937 0.03515625 0.0625 0.15625 0.0625 0.03515625 0.1835937 0.15625 0.0625 0.15625 0.1835937 0.03515625 0.1835937 0.03515625 0.0625 0.15625 0.0625 0.03515625 0.1835937 0.15625 0.0625 0.15625 0.1835937 0.03515625 0.1835937 0.03515625 0.0625 0.15625 0.0625 0.03515625 0.1835937 0.15625 0.0625 0.15625 0.1835937 0.03515625 0.1835937 0.03515625 0.0625 0.15625 0.0625 0.03515625 0.0625 0.15625 0.0625 0.03515625 0.1835937 0.15625 0.1835937 0.15625 0.0625 0.03515625 0.1835937 0.03515625 0.0625 0.15625 0.0625 0.03515625 0.1835937 0.15625 0.1835937 0.15625 0.0625 0.03515625 0.1835937 0.03515625 0.1835937 0.15625 0.0625 0.15625 0.1835937 0.03515625 0.1835937 0.03515625 0.0625 0.15625 0.0625 0.03515625 0.1835937 0.15625 0.0625 0.15625 0.1835937 0.03515625 0.1835937 0.03515625 0.0625 0.15625 0.0625 0.03515625 0.1835937 0.15625 0.0625 0.15625 0.1835937 0.03515625 0.1835937 0.03515625 0.0625 0.15625 0.0625 0.03515625 0.1835937 0.15625 0.0625 0.15625 0.1835937 0.03515625 0.1835937 0.03515625 0.0625 0.15625 0.0625 0.03515625 0.1835937 0.15625 0.0625 0.15625 0.1835937 0.03515625 0.1835937 0.03515625 0.0625 0.15625 0.0625 0.03515625 0.0625 0.15625 0.0625 0.03515625 0.1835937 0.15625 0.1835937 0.15625 0.0625 0.03515625 0.1835937 0.03515625 0.0625 0.15625 0.0625 0.03515625 0.1835937 0.15625 0.1835937 0.15625 0.0625 0.03515625 0.1835937 0.03515625 0.1835937 0.15625 0.0625 0.15625 0.1835937 0.03515625 0.1835937 0.03515625 0.0625 0.15625 0.0625 0.03515625 0.0625 0.15625 0.0625 0.03515625 0.1835937 0.15625 0.1835937 0.15625 0.0625 0.03515625 0.1835937 0.03515625 0.0625 0.15625 0.0625 0.03515625 0.1835937 0.15625 0.1835937 0.15625 0.0625 0.03515625 0.1835937 0.03515625 0.0625 0.15625 0.0625 0.03515625 0.1835937 0.15625 0.1835937 0.15625 0.0625 0.03515625 0.1835937 0.03515625 0.1835937 0.15625 0.0625 0.15625 0.1835937 0.03515625 0.1835937 0.03515625 0.0625 0.15625 0.0625 0.03515625 0.1835937 0.15625 0.0625 0.15625 0.1835937 0.03515625 0.1835937 0.03515625 0.0625 0.15625 0.0625 0.03515625 0.1835937 0.15625 0.0625 0.15625 0.1835937 0.03515625 0.1835937 0.03515625 0.0625 0.15625 0.0625 0.03515625 0.1835937 0.15625 0.0625 0.15625 0.1835937 0.03515625 0.1835937 0.03515625 0.0625 0.15625 0.0625 0.03515625 0.1835937 0.15625 0.0625 0.15625 0.1835937 0.03515625 0.1835937 0.03515625 0.0625 0.15625 0.0625 0.03515625 0.1835937 0.15625 0.0625 0.15625 0.1835937 0.03515625 0.1835937 0.03515625 0.0625 0.15625 0.0625 0.03515625 0.0625 0.03515625 0.1835937 0.03515625 0.0625 0.15625 0.0625 0.15625 0.1835937 0.03515625 0.1835937 0.15625 0.1835937 0.03515625 0.1835937 0.15625 0.0625 0.03515625 0.0625 0.03515625 0.1835937 0.15625 0.0625 0.15625 0.1835937 0.03515625 0.1835937 0.15625 0.0625 0.03515625 0.0625 0.03515625 0.1835937 0.15625 0.0625 0.15625 0.1835937 0.15625 0.0625 0.15625 0.1835937 0.03515625 0.1835937 0.03515625 0.0625 0.15625 0.0625 0.03515625 0.1835937 0.03515625 0.1835937 0.15625 0.0625 0.03515625 0.0625 0.03515625 0.1835937 0.15625 0.0625 0.15625 0.1835937 0.15625 0.0625 0.15625 0.1835937 0.03515625 0.1835937 0.03515625 0.0625 0.15625 0.0625 0.03515625 0.1835937 0.15625 0.0625 0.15625 0.1835937 0.03515625 0.1835937 0.03515625 0.0625 0.15625 0.0625 0.03515625 0.0625 0.15625 0.0625 0.03515625 0.1835937 0.15625 0.1835937 0.15625 0.0625 0.03515625 0.1835937 0.03515625 0.1835937 0.15625 0.0625 0.15625 0.1835937 0.03515625 0.1835937 0.03515625 0.0625 0.15625 0.0625 0.03515625 0.0625 0.15625 0.0625 0.03515625 0.1835937 0.15625 0.1835937 0.15625 0.0625 0.03515625 0.1835937 0.03515625 0.0625 0.03515625 0.1835937 0.03515625 0.0625 0.15625 0.0625 0.15625 0.1835937 0.03515625 0.1835937 0.15625 0.0625 0.03515625 0.1835937 0.03515625 0.0625 0.15625 0.0625 0.15625 0.1835937 0.03515625 0.1835937 0.15625 0.0625 0.15625 0.0625 0.03515625 0.1835937 0.15625 0.1835937 0.15625 0.0625 0.03515625 0.1835937 0.03515625 0.1835937 0.03515625 0.1835937 0.15625 0.0625 0.03515625 0.0625 0.03515625 0.1835937 0.15625 0.0625 0.15625 0.0625 0.03515625 0.1835937 0.03515625 0.0625 0.15625 0.0625 0.15625 0.1835937 0.03515625 0.1835937 0.15625 0.1835937 0.15625 0.0625 0.15625 0.1835937 0.03515625 0.1835937 0.03515625 0.0625 0.15625 0.0625 0.03515625 0.1835937 0.15625 0.0625 0.15625 0.1835937 0.03515625 0.1835937 0.03515625 0.0625 0.15625 0.0625 0.03515625 0.0625 0.03515625 0.1835937 0.03515625 0.0625 0.15625 0.0625 0.15625 0.1835937 0.03515625 0.1835937 0.15625 0.0625 0.03515625 0.1835937 0.03515625 0.0625 0.15625 0.0625 0.15625 0.1835937 0.03515625 0.1835937 0.15625 0.1835937 0.03515625 0.1835937 0.15625 0.0625 0.03515625 0.0625 0.03515625 0.1835937 0.15625 0.0625 0.15625 0.0625 0.15625 0.0625 0.03515625 0.1835937 0.15625 0.1835937 0.15625 0.0625 0.03515625 0.1835937 0.03515625 0.0625 0.15625 0.0625 0.03515625 0.1835937 0.15625 0.1835937 0.15625 0.0625 0.03515625 0.1835937 0.03515625 0.1835937 0.15625 0.0625 0.15625 0.1835937 0.03515625 0.1835937 0.03515625 0.0625 0.15625 0.0625 0.03515625 0.0625 0.15625 0.0625 0.03515625 0.1835937 0.15625 0.1835937 0.15625 0.0625 0.03515625 0.1835937 0.03515625 0.0625 0.15625 0.0625 0.03515625 0.1835937 0.15625 0.1835937 0.15625 0.0625 0.03515625 0.1835937 0.03515625 0.1835937 0.03515625 0.1835937 0.15625 0.0625 0.03515625 0.0625 0.03515625 0.1835937 0.15625 0.0625 0.15625 0.1835937 0.03515625 0.1835937 0.15625 0.0625 0.03515625 0.0625 0.03515625 0.1835937 0.15625 0.0625 0.15625 0.1835937 0.03515625 0.1835937 0.15625 0.0625 0.03515625 0.0625 0.03515625 0.1835937 0.15625 0.0625 0.15625 0.0625 0.03515625 0.1835937 0.03515625 0.0625 0.15625 0.0625 0.15625 0.1835937 0.03515625 0.1835937 0.15625 0.0625 0.03515625 0.1835937 0.03515625 0.0625 0.15625 0.0625 0.15625 0.1835937 0.03515625 0.1835937 0.15625 0.0625 0.15625 0.0625 0.03515625 0.1835937 0.15625 0.1835937 0.15625 0.0625 0.03515625 0.1835937 0.03515625 0.0625 0.03515625 0.1835937 0.03515625 0.0625 0.15625 0.0625 0.15625 0.1835937 0.03515625 0.1835937 0.15625 0.1835937 0.03515625 0.1835937 0.15625 0.0625 0.03515625 0.0625 0.03515625 0.1835937 0.15625 0.0625 0.15625 0.0625 0.03515625 0.1835937 0.03515625 0.0625 0.15625 0.0625 0.15625 0.1835937 0.03515625 0.1835937 0.15625 0.0625 0.03515625 0.1835937 0.03515625 0.0625 0.15625 0.0625 0.15625 0.1835937 0.03515625 0.1835937 0.15625 0.0625 0.15625 0.0625 0.03515625 0.1835937 0.15625 0.1835937 0.15625 0.0625 0.03515625 0.1835937 0.03515625 0.0625 0.03515625 0.1835937 0.03515625 0.0625 0.15625 0.0625 0.15625 0.1835937 0.03515625 0.1835937 0.15625 0.0625 0.03515625 0.1835937 0.03515625 0.0625 0.15625 0.0625 0.15625 0.1835937 0.03515625 0.1835937 0.15625 0.1835937 0.03515625 0.1835937 0.15625 0.0625 0.03515625 0.0625 0.03515625 0.1835937 0.15625 0.0625 0.15625 0.1835937 0.03515625 0.1835937 0.15625 0.0625 0.03515625 0.0625 0.03515625 0.1835937 0.15625 0.0625 0.15625 0.1835937 0.03515625 0.1835937 0.15625 0.0625 0.03515625 0.0625 0.03515625 0.1835937 0.15625 0.0625 0.15625 0.1835937 0.03515625 0.1835937 0.15625 0.0625 0.03515625 0.0625 0.03515625 0.1835937 0.15625 0.0625 0.15625 0.1835937 0.03515625 0.1835937 0.15625 0.0625 0.03515625 0.0625 0.03515625 0.1835937 0.15625 0.0625 0.15625 0.1835937 0.03515625 0.1835937 0.15625 0.0625 0.03515625 0.0625 0.03515625 0.1835937 0.15625 0.0625 0.15625 0.0625 0.15625 0.0625 0.03515625 0.1835937 0.15625 0.1835937 0.15625 0.0625 0.03515625 0.1835937 0.03515625 0.0625 0.15625 0.0625 0.03515625 0.1835937 0.15625 0.1835937 0.15625 0.0625 0.03515625 0.1835937 0.03515625 0.0625 0.15625 0.0625 0.03515625 0.1835937 0.15625 0.1835937 0.15625 0.0625 0.03515625 0.1835937 0.03515625 0.0625 0.15625 0.0625 0.03515625 0.1835937 0.15625 0.1835937 0.15625 0.0625 0.03515625 0.1835937 0.03515625 0.0625 0.15625 0.0625 0.03515625 0.1835937 0.15625 0.1835937 0.15625 0.0625 0.03515625 0.1835937 0.03515625 0.0625 0.15625 0.0625 0.03515625 0.1835937 0.15625 0.1835937 0.15625 0.0625 0.03515625 0.1835937 0.03515625 0.0625 0.15625 0.0625 0.03515625 0.1835937 0.15625 0.1835937 0.15625 0.0625 0.03515625 0.1835937 0.03515625 0.0625 0.15625 0.0625 0.03515625 0.1835937 0.15625 0.1835937 0.15625 0.0625 0.03515625 0.1835937 0.03515625 0.0625 0.15625 0.0625 0.03515625 0.1835937 0.15625 0.1835937 0.15625 0.0625 0.03515625 0.1835937 0.03515625 0.0625 0.15625 0.0625 0.03515625 0.1835937 0.15625 0.1835937 0.15625 0.0625 0.03515625 0.1835937 0.03515625 0.0625 0.15625 0.0625 0.03515625 0.1835937 0.15625 0.1835937 0.15625 0.0625 0.03515625 0.1835937 0.03515625 0.0625 0.15625 0.0625 0.03515625 0.1835937 0.15625 0.1835937 0.15625 0.0625 0.03515625 0.1835937 0.03515625 0.1835937 0.15625 0.0625 0.15625 0.1835937 0.03515625 0.1835937 0.03515625 0.0625 0.15625 0.0625 0.03515625 0.1835937 0.15625 0.0625 0.15625 0.1835937 0.03515625 0.1835937 0.03515625 0.0625 0.15625 0.0625 0.03515625 0.1835937 0.15625 0.0625 0.15625 0.1835937 0.03515625 0.1835937 0.03515625 0.0625 0.15625 0.0625 0.03515625 0.1835937 0.15625 0.0625 0.15625 0.1835937 0.03515625 0.1835937 0.03515625 0.0625 0.15625 0.0625 0.03515625 0.1835937 0.15625 0.0625 0.15625 0.1835937 0.03515625 0.1835937 0.03515625 0.0625 0.15625 0.0625 0.03515625 0.1835937 0.15625 0.0625 0.15625 0.1835937 0.03515625 0.1835937 0.03515625 0.0625 0.15625 0.0625 0.03515625 0.1835937 0.15625 0.0625 0.15625 0.1835937 0.03515625 0.1835937 0.03515625 0.0625 0.15625 0.0625 0.03515625 0.1835937 0.15625 0.0625 0.15625 0.1835937 0.03515625 0.1835937 0.03515625 0.0625 0.15625 0.0625 0.03515625 0.1835937 0.15625 0.0625 0.15625 0.1835937 0.03515625 0.1835937 0.03515625 0.0625 0.15625 0.0625 0.03515625 0.1835937 0.15625 0.0625 0.15625 0.1835937 0.03515625 0.1835937 0.03515625 0.0625 0.15625 0.0625 0.03515625 0.1835937 0.15625 0.0625 0.15625 0.1835937 0.03515625 0.1835937 0.03515625 0.0625 0.15625 0.0625 0.03515625 0.1835937 0.15625 0.0625 0.15625 0.1835937 0.03515625 0.1835937 0.03515625 0.0625 0.15625 0.0625 0.03515625 0.0625 0.03515625 0.1835937 0.03515625 0.0625 0.15625 0.0625 0.15625 0.1835937 0.03515625 0.1835937 0.15625 0.1835937 0.15625 0.0625 0.15625 0.1835937 0.03515625 0.1835937 0.03515625 0.0625 0.15625 0.0625 0.03515625 0.1835937 0.03515625 0.1835937 0.15625 0.0625 0.03515625 0.0625 0.03515625 0.1835937 0.15625 0.0625 0.15625 0.1835937 0.03515625 0.1835937 0.15625 0.0625 0.03515625 0.0625 0.03515625 0.1835937 0.15625 0.0625 0.15625 0.1835937 0.15625 0.0625 0.15625 0.1835937 0.03515625 0.1835937 0.03515625 0.0625 0.15625 0.0625 0.03515625 0.0625 0.15625 0.0625 0.03515625 0.1835937 0.15625 0.1835937 0.15625 0.0625 0.03515625 0.1835937 0.03515625 0.0625 0.03515625 0.1835937 0.03515625 0.0625 0.15625 0.0625 0.15625 0.1835937 0.03515625 0.1835937 0.15625 0.0625 0.03515625 0.1835937 0.03515625 0.0625 0.15625 0.0625 0.15625 0.1835937 0.03515625 0.1835937 0.15625 0.1835937 0.03515625 0.1835937 0.15625 0.0625 0.03515625 0.0625 0.03515625 0.1835937 0.15625 0.0625 0.15625 0.1835937 0.15625 0.0625 0.15625 0.1835937 0.03515625 0.1835937 0.03515625 0.0625 0.15625 0.0625 0.03515625 0.1835937 0.15625 0.0625 0.15625 0.1835937 0.03515625 0.1835937 0.03515625 0.0625 0.15625 0.0625 0.03515625 0.0625 0.03515625 0.1835937 0.03515625 0.0625 0.15625 0.0625 0.15625 0.1835937 0.03515625 0.1835937 0.15625 0.0625 0.15625 0.0625 0.03515625 0.1835937 0.15625 0.1835937 0.15625 0.0625 0.03515625 0.1835937 0.03515625 0.0625 0.15625 0.0625 0.03515625 0.1835937 0.15625 0.1835937 0.15625 0.0625 0.03515625 0.1835937 0.03515625 0.1835937 0.03515625 0.1835937 0.15625 0.0625 0.03515625 0.0625 0.03515625 0.1835937 0.15625 0.0625 0.15625 0.1835937 0.15625 0.0625 0.15625 0.1835937 0.03515625 0.1835937 0.03515625 0.0625 0.15625 0.0625 0.03515625 0.1835937 0.15625 0.0625 0.15625 0.1835937 0.03515625 0.1835937 0.03515625 0.0625 0.15625 0.0625 0.03515625 0.0625 0.15625 0.0625 0.03515625 0.1835937 0.15625 0.1835937 0.15625 0.0625 0.03515625 0.1835937 0.03515625 0.0625 0.03515625 0.1835937 0.03515625 0.0625 0.15625 0.0625 0.15625 0.1835937 0.03515625 0.1835937 0.15625 0.1835937 0.03515625 0.1835937 0.15625 0.0625 0.03515625 0.0625 0.03515625 0.1835937 0.15625 0.0625 0.15625 0.1835937 0.03515625 0.1835937 0.15625 0.0625 0.03515625 0.0625 0.03515625 0.1835937 0.15625 0.0625 0.15625 0.1835937 0.15625 0.0625 0.15625 0.1835937 0.03515625 0.1835937 0.03515625 0.0625 0.15625 0.0625 0.03515625 0.1835937 0.03515625 0.1835937 0.15625 0.0625 0.03515625 0.0625 0.03515625 0.1835937 0.15625 0.0625 0.15625 0.0625 0.03515625 0.1835937 0.03515625 0.0625 0.15625 0.0625 0.15625 0.1835937 0.03515625 0.1835937 0.15625 0.0625 0.15625 0.0625 0.03515625 0.1835937 0.15625 0.1835937 0.15625 0.0625 0.03515625 0.1835937 0.03515625 0.1835937 0.03515625 0.1835937 0.15625 0.0625 0.03515625 0.0625 0.03515625 0.1835937 0.15625 0.0625 0.15625 0.0625 0.03515625 0.1835937 0.03515625 0.0625 0.15625 0.0625 0.15625 0.1835937 0.03515625 0.1835937 0.15625 0.1835937 0.15625 0.0625 0.15625 0.1835937 0.03515625 0.1835937 0.03515625 0.0625 0.15625 0.0625 0.03515625 0.0625 0.15625 0.0625 0.03515625 0.1835937 0.15625 0.1835937 0.15625 0.0625 0.03515625 0.1835937 0.03515625 0.0625 0.03515625 0.1835937 0.03515625 0.0625 0.15625 0.0625 0.15625 0.1835937 0.03515625 0.1835937 0.15625 0.0625 0.15625 0.0625 0.03515625 0.1835937 0.15625 0.1835937 0.15625 0.0625 0.03515625 0.1835937 0.03515625 0.1835937 0.15625 0.0625 0.15625 0.1835937 0.03515625 0.1835937 0.03515625 0.0625 0.15625 0.0625 0.03515625 0.1835937 0.03515625 0.1835937 0.15625 0.0625 0.03515625 0.0625 0.03515625 0.1835937 0.15625 0.0625 0.15625 0.0625 0.15625 0.0625 0.03515625 0.1835937 0.15625 0.1835937 0.15625 0.0625 0.03515625 0.1835937 0.03515625 0.1835937 0.15625 0.0625 0.15625 0.1835937 0.03515625 0.1835937 0.03515625 0.0625 0.15625 0.0625 0.03515625 0.1835937 0.15625 0.0625 0.15625 0.1835937 0.03515625 0.1835937 0.03515625 0.0625 0.15625 0.0625 0.03515625 0.1835937 0.15625 0.0625 0.15625 0.1835937 0.03515625 0.1835937 0.03515625 0.0625 0.15625 0.0625 0.03515625 0.1835937 0.03515625 0.1835937 0.15625 0.0625 0.03515625 0.0625 0.03515625 0.1835937 0.15625 0.0625 0.15625 0.0625 0.15625 0.0625 0.03515625 0.1835937 0.15625 0.1835937 0.15625 0.0625 0.03515625 0.1835937 0.03515625 0.0625 0.03515625 0.1835937 0.03515625 0.0625 0.15625 0.0625 0.15625 0.1835937 0.03515625 0.1835937 0.15625 0.0625 0.15625 0.0625 0.03515625 0.1835937 0.15625 0.1835937 0.15625 0.0625 0.03515625 0.1835937 0.03515625 0.0625 0.03515625 0.1835937 0.03515625 0.0625 0.15625 0.0625 0.15625 0.1835937 0.03515625 0.1835937 0.15625 0.0625 0.03515625 0.1835937 0.03515625 0.0625 0.15625 0.0625 0.15625 0.1835937 0.03515625 0.1835937 0.15625 0.0625 0.03515625 0.1835937 0.03515625 0.0625 0.15625 0.0625 0.15625 0.1835937 0.03515625 0.1835937 0.15625 0.0625 0.03515625 0.1835937 0.03515625 0.0625 0.15625 0.0625 0.15625 0.1835937 0.03515625 0.1835937 0.15625 0.1835937 0.15625 0.0625 0.15625 0.1835937 0.03515625 0.1835937 0.03515625 0.0625 0.15625 0.0625 0.03515625 0.1835937 0.15625 0.0625 0.15625 0.1835937 0.03515625 0.1835937 0.03515625 0.0625 0.15625 0.0625 0.03515625 0.1835937 0.15625 0.0625 0.15625 0.1835937 0.03515625 0.1835937 0.03515625 0.0625 0.15625 0.0625 0.03515625 0.1835937 0.15625 0.0625 0.15625 0.1835937 0.03515625 0.1835937 0.03515625 0.0625 0.15625 0.0625 0.03515625 0.1835937 0.15625 0.0625 0.15625 0.1835937 0.03515625 0.1835937 0.03515625 0.0625 0.15625 0.0625 0.03515625 0.1835937 0.15625 0.0625 0.15625 0.1835937 0.03515625 0.1835937 0.03515625 0.0625 0.15625 0.0625 0.03515625 0.1835937 0.15625 0.0625 0.15625 0.1835937 0.03515625 0.1835937 0.03515625 0.0625 0.15625 0.0625 0.03515625 0.1835937 0.15625 0.0625 0.15625 0.1835937 0.03515625 0.1835937 0.03515625 0.0625 0.15625 0.0625 0.03515625 0.1835937 0.15625 0.0625 0.15625 0.1835937 0.03515625 0.1835937 0.03515625 0.0625 0.15625 0.0625 0.03515625 0.1835937 0.15625 0.0625 0.15625 0.1835937 0.03515625 0.1835937 0.03515625 0.0625 0.15625 0.0625 0.03515625 0.1835937 0.15625 0.0625 0.15625 0.1835937 0.03515625 0.1835937 0.03515625 0.0625 0.15625 0.0625 0.03515625 0.1835937 0.15625 0.0625 0.15625 0.1835937 0.03515625 0.1835937 0.03515625 0.0625 0.15625 0.0625 0.03515625 0.1835937 0.15625 0.0625 0.15625 0.1835937 0.03515625 0.1835937 0.03515625 0.0625 0.15625 0.0625 0.03515625 0.1835937 0.15625 0.0625 0.15625 0.1835937 0.03515625 0.1835937 0.03515625 0.0625 0.15625 0.0625 0.03515625 0.1835937 0.15625 0.0625 0.15625 0.1835937 0.03515625 0.1835937 0.03515625 0.0625 0.15625 0.0625 0.03515625 0.1835937 0.15625 0.0625 0.15625 0.1835937 0.03515625 0.1835937 0.03515625 0.0625 0.15625 0.0625 0.03515625 0.1835937 0.15625 0.0625 0.15625 0.1835937 0.03515625 0.1835937 0.03515625 0.0625 0.15625 0.0625 0.03515625 0.1835937 0.15625 0.0625 0.15625 0.1835937 0.03515625 0.1835937 0.03515625 0.0625 0.15625 0.0625 0.03515625 0.1835937 0.15625 0.0625 0.15625 0.1835937 0.03515625 0.1835937 0.03515625 0.0625 0.15625 0.0625 0.03515625 0.1835937 0.15625 0.0625 0.15625 0.1835937 0.03515625 0.1835937 0.03515625 0.0625 0.15625 0.0625 0.03515625 0.1835937 0.15625 0.0625 0.15625 0.1835937 0.03515625 0.1835937 0.03515625 0.0625 0.15625 0.0625 0.03515625 0.1835937 0.15625 0.0625 0.15625 0.1835937 0.03515625 0.1835937 0.03515625 0.0625 0.15625 0.0625 0.03515625 0.0625 0.03515625 0.1835937 0.03515625 0.0625 0.15625 0.0625 0.15625 0.1835937 0.03515625 0.1835937 0.15625 0.1835937 0.03515625 0.1835937 0.15625 0.0625 0.03515625 0.0625 0.03515625 0.1835937 0.15625 0.0625 0.15625 0.1835937 0.03515625 0.1835937 0.15625 0.0625 0.03515625 0.0625 0.03515625 0.1835937 0.15625 0.0625 0.15625 0.0625 0.03515625 0.1835937 0.03515625 0.0625 0.15625 0.0625 0.15625 0.1835937 0.03515625 0.1835937 0.15625 0.0625 0.15625 0.0625 0.03515625 0.1835937 0.15625 0.1835937 0.15625 0.0625 0.03515625 0.1835937 0.03515625 0.0625 0.15625 0.0625 0.03515625 0.1835937 0.15625 0.1835937 0.15625 0.0625 0.03515625 0.1835937 0.03515625 0.0625 0.15625 0.0625 0.03515625 0.1835937 0.15625 0.1835937 0.15625 0.0625 0.03515625 0.1835937 0.03515625 0.0625 0.15625 0.0625 0.03515625 0.1835937 0.15625 0.1835937 0.15625 0.0625 0.03515625 0.1835937 0.03515625 0.0625 0.15625 0.0625 0.03515625 0.1835937 0.15625 0.1835937 0.15625 0.0625 0.03515625 0.1835937 0.03515625 0.0625 0.15625 0.0625 0.03515625 0.1835937 0.15625 0.1835937 0.15625 0.0625 0.03515625 0.1835937 0.03515625 0.0625 0.15625 0.0625 0.03515625 0.1835937 0.15625 0.1835937 0.15625 0.0625 0.03515625 0.1835937 0.03515625 0.0625 0.15625 0.0625 0.03515625 0.1835937 0.15625 0.1835937 0.15625 0.0625 0.03515625 0.1835937 0.03515625 0.0625 0.15625 0.0625 0.03515625 0.1835937 0.15625 0.1835937 0.15625 0.0625 0.03515625 0.1835937 0.03515625 0.0625 0.03515625 0.1835937 0.03515625 0.0625 0.15625 0.0625 0.15625 0.1835937 0.03515625 0.1835937 0.15625 0.0625 0.15625 0.0625 0.03515625 0.1835937 0.15625 0.1835937 0.15625 0.0625 0.03515625 0.1835937 0.03515625 0.0625 0.15625 0.0625 0.03515625 0.1835937 0.15625 0.1835937 0.15625 0.0625 0.03515625 0.1835937 0.03515625 0.0625 0.03515625 0.1835937 0.03515625 0.0625 0.15625 0.0625 0.15625 0.1835937 0.03515625 0.1835937 0.15625 0.0625 0.15625 0.0625 0.03515625 0.1835937 0.15625 0.1835937 0.15625 0.0625 0.03515625 0.1835937 0.03515625 0.0625 0.15625 0.0625 0.03515625 0.1835937 0.15625 0.1835937 0.15625 0.0625 0.03515625 0.1835937 0.03515625 0.0625 0.15625 0.0625 0.03515625 0.1835937 0.15625 0.1835937 0.15625 0.0625 0.03515625 0.1835937 0.03515625 0.0625 0.15625 0.0625 0.03515625 0.1835937 0.15625 0.1835937 0.15625 0.0625 0.03515625 0.1835937 0.03515625 0.0625 0.15625 0.0625 0.03515625 0.1835937 0.15625 0.1835937 0.15625 0.0625 0.03515625 0.1835937 0.03515625 0.0625 0.15625 0.0625 0.03515625 0.1835937 0.15625 0.1835937 0.15625 0.0625 0.03515625 0.1835937 0.03515625 0.0625 0.15625 0.0625 0.03515625 0.1835937 0.15625 0.1835937 0.15625 0.0625 0.03515625 0.1835937 0.03515625 0.0625 0.15625 0.0625 0.03515625 0.1835937 0.15625 0.1835937 0.15625 0.0625 0.03515625 0.1835937 0.03515625 0.0625 0.15625 0.0625 0.03515625 0.1835937 0.15625 0.1835937 0.15625 0.0625 0.03515625 0.1835937 0.03515625 0.1835937 0.03515625 0.1835937 0.15625 0.0625 0.03515625 0.0625 0.03515625 0.1835937 0.15625 0.0625 0.15625 0.1835937 0.03515625 0.1835937 0.15625 0.0625 0.03515625 0.0625 0.03515625 0.1835937 0.15625 0.0625 0.15625 0.1835937 0.03515625 0.1835937 0.15625 0.0625 0.03515625 0.0625 0.03515625 0.1835937 0.15625 0.0625 0.15625 0.1835937 0.03515625 0.1835937 0.15625 0.0625 0.03515625 0.0625 0.03515625 0.1835937 0.15625 0.0625 0.15625 0.1835937 0.03515625 0.1835937 0.15625 0.0625 0.03515625 0.0625 0.03515625 0.1835937 0.15625 0.0625 0.15625 0.1835937 0.03515625 0.1835937 0.15625 0.0625 0.03515625 0.0625 0.03515625 0.1835937 0.15625 0.0625 0.15625 0.1835937 0.03515625 0.1835937 0.15625 0.0625 0.03515625 0.0625 0.03515625 0.1835937 0.15625 0.0625 0.15625 0.1835937 0.03515625 0.1835937 0.15625 0.0625 0.03515625 0.0625 0.03515625 0.1835937 0.15625 0.0625 0.15625 0.0625 0.03515625 0.1835937 0.03515625 0.0625 0.15625 0.0625 0.15625 0.1835937 0.03515625 0.1835937 0.15625 0.0625 0.03515625 0.1835937 0.03515625 0.0625 0.15625 0.0625 0.15625 0.1835937 0.03515625 0.1835937 0.15625 0.0625 0.03515625 0.1835937 0.03515625 0.0625 0.15625 0.0625 0.15625 0.1835937 0.03515625 0.1835937 0.15625 0.0625 0.03515625 0.1835937 0.03515625 0.0625 0.15625 0.0625 0.15625 0.1835937 0.03515625 0.1835937 0.15625 0.0625 0.03515625 0.1835937 0.03515625 0.0625 0.15625 0.0625 0.15625 0.1835937 0.03515625 0.1835937 0.15625 0.0625 0.03515625 0.1835937 0.03515625 0.0625 0.15625 0.0625 0.15625 0.1835937 0.03515625 0.1835937 0.15625 0.0625 0.03515625 0.1835937 0.03515625 0.0625 0.15625 0.0625 0.15625 0.1835937 0.03515625 0.1835937 0.15625 0.0625 0.03515625 0.1835937 0.03515625 0.0625 0.15625 0.0625 0.15625 0.1835937 0.03515625 0.1835937 0.15625 0.0625 0.03515625 0.1835937 0.03515625 0.0625 0.15625 0.0625 0.15625 0.1835937 0.03515625 0.1835937 0.15625 0.0625 0.03515625 0.1835937 0.03515625 0.0625 0.15625 0.0625 0.15625 0.1835937 0.03515625 0.1835937 0.15625 0.0625 0.03515625 0.1835937 0.03515625 0.0625 0.15625 0.0625 0.15625 0.1835937 0.03515625 0.1835937 0.15625 0.0625 0.03515625 0.1835937 0.03515625 0.0625 0.15625 0.0625 0.15625 0.1835937 0.03515625 0.1835937 0.15625 0.1835937 0.15625 0.0625 0.15625 0.1835937 0.03515625 0.1835937 0.03515625 0.0625 0.15625 0.0625 0.03515625 0.1835937 0.15625 0.0625 0.15625 0.1835937 0.03515625 0.1835937 0.03515625 0.0625 0.15625 0.0625 0.03515625 0.1835937 0.15625 0.0625 0.15625 0.1835937 0.03515625 0.1835937 0.03515625 0.0625 0.15625 0.0625 0.03515625 0.1835937 0.15625 0.0625 0.15625 0.1835937 0.03515625 0.1835937 0.03515625 0.0625 0.15625 0.0625 0.03515625 0.0625 0.03515625 0.1835937 0.03515625 0.0625 0.15625 0.0625 0.15625 0.1835937 0.03515625 0.1835937 0.15625 0.0625 0.03515625 0.1835937 0.03515625 0.0625 0.15625 0.0625 0.15625 0.1835937 0.03515625 0.1835937 0.15625 0.1835937 0.03515625 0.1835937 0.15625 0.0625 0.03515625 0.0625 0.03515625 0.1835937 0.15625 0.0625 0.15625 0.1835937 0.03515625 0.1835937 0.15625 0.0625 0.03515625 0.0625 0.03515625 0.1835937 0.15625 0.0625 0.15625 0.1835937 0.03515625 0.1835937 0.15625 0.0625 0.03515625 0.0625 0.03515625 0.1835937 0.15625 0.0625 0.15625 0.0625 0.15625 0.0625 0.03515625 0.1835937 0.15625 0.1835937 0.15625 0.0625 0.03515625 0.1835937 0.03515625 0.0625 0.15625 0.0625 0.03515625 0.1835937 0.15625 0.1835937 0.15625 0.0625 0.03515625 0.1835937 0.03515625 0.0625 0.15625 0.0625 0.03515625 0.1835937 0.15625 0.1835937 0.15625 0.0625 0.03515625 0.1835937 0.03515625 0.1835937 0.03515625 0.1835937 0.15625 0.0625 0.03515625 0.0625 0.03515625 0.1835937 0.15625 0.0625 0.15625 0.0625 0.03515625 0.1835937 0.03515625 0.0625 0.15625 0.0625 0.15625 0.1835937 0.03515625 0.1835937 0.15625 0.0625 0.03515625 0.1835937 0.03515625 0.0625 0.15625 0.0625 0.15625 0.1835937 0.03515625 0.1835937 0.15625 0.0625 0.03515625 0.1835937 0.03515625 0.0625 0.15625 0.0625 0.15625 0.1835937 0.03515625 0.1835937 0.15625 0.0625 0.15625 0.0625 0.03515625 0.1835937 0.15625 0.1835937 0.15625 0.0625 0.03515625 0.1835937 0.03515625 0.1835937 0.15625 0.0625 0.15625 0.1835937 0.03515625 0.1835937 0.03515625 0.0625 0.15625 0.0625 0.03515625 0.1835937 0.15625 0.0625 0.15625 0.1835937 0.03515625 0.1835937 0.03515625 0.0625 0.15625 0.0625 0.03515625 0.1835937 0.15625 0.0625 0.15625 0.1835937 0.03515625 0.1835937 0.03515625 0.0625 0.15625 0.0625 0.03515625 0.0625 0.03515625 0.1835937 0.03515625 0.0625 0.15625 0.0625 0.15625 0.1835937 0.03515625 0.1835937 0.15625 0.0625 0.03515625 0.1835937 0.03515625 0.0625 0.15625 0.0625 0.15625 0.1835937 0.03515625 0.1835937 0.15625 0.0625 0.03515625 0.1835937 0.03515625 0.0625 0.15625 0.0625 0.15625 0.1835937 0.03515625 0.1835937 0.15625 0.1835937 0.03515625 0.1835937 0.15625 0.0625 0.03515625 0.0625 0.03515625 0.1835937 0.15625 0.0625 0.15625 0.1835937 0.15625 0.0625 0.15625 0.1835937 0.03515625 0.1835937 0.03515625 0.0625 0.15625 0.0625 0.03515625 0.1835937 0.15625 0.0625 0.15625 0.1835937 0.03515625 0.1835937 0.03515625 0.0625 0.15625 0.0625 0.03515625 0.1835937 0.15625 0.0625 0.15625 0.1835937 0.03515625 0.1835937 0.03515625 0.0625 0.15625 0.0625 0.03515625 0.0625 0.15625 0.0625 0.03515625 0.1835937 0.15625 0.1835937 0.15625 0.0625 0.03515625 0.1835937 0.03515625 0.1835937 0.03515625 0.1835937 0.15625 0.0625 0.03515625 0.0625 0.03515625 0.1835937 0.15625 0.0625 0.15625 0.0625 0.15625 0.0625 0.03515625 0.1835937 0.15625 0.1835937 0.15625 0.0625 0.03515625 0.1835937 0.03515625 0.0625 0.03515625 0.1835937 0.03515625 0.0625 0.15625 0.0625 0.15625 0.1835937 0.03515625 0.1835937 0.15625 0.1835937 0.15625 0.0625 0.15625 0.1835937 0.03515625 0.1835937 0.03515625 0.0625 0.15625 0.0625 0.03515625 0.0625 0.03515625 0.1835937 0.03515625 0.0625 0.15625 0.0625 0.15625 0.1835937 0.03515625 0.1835937 0.15625 0.0625 0.03515625 0.1835937 0.03515625 0.0625 0.15625 0.0625 0.15625 0.1835937 0.03515625 0.1835937 0.15625 0.0625 0.15625 0.0625 0.03515625 0.1835937 0.15625 0.1835937 0.15625 0.0625 0.03515625 0.1835937 0.03515625 0.0625 0.03515625 0.1835937 0.03515625 0.0625 0.15625 0.0625 0.15625 0.1835937 0.03515625 0.1835937 0.15625 0.1835937 0.03515625 0.1835937 0.15625 0.0625 0.03515625 0.0625 0.03515625 0.1835937 0.15625 0.0625 0.15625 0.1835937 0.03515625 0.1835937 0.15625 0.0625 0.03515625 0.0625 0.03515625 0.1835937 0.15625 0.0625 0.15625 0.1835937 0.15625 0.0625 0.15625 0.1835937 0.03515625 0.1835937 0.03515625 0.0625 0.15625 0.0625 0.03515625 0.1835937 0.03515625 0.1835937 0.15625 0.0625 0.03515625 0.0625 0.03515625 0.1835937 0.15625 0.0625 0.15625 0.1835937 0.15625 0.0625 0.15625 0.1835937 0.03515625 0.1835937 0.03515625 0.0625 0.15625 0.0625 0.03515625 0.0625 0.03515625 0.1835937 0.03515625 0.0625 0.15625 0.0625 0.15625 0.1835937 0.03515625 0.1835937 0.15625 0.0625 0.03515625 0.1835937 0.03515625 0.0625 0.15625 0.0625 0.15625 0.1835937 0.03515625 0.1835937 0.15625 0.0625 0.03515625 0.1835937 0.03515625 0.0625 0.15625 0.0625 0.15625 0.1835937 0.03515625 0.1835937 0.15625 0.0625 0.15625 0.0625 0.03515625 0.1835937 0.15625 0.1835937 0.15625 0.0625 0.03515625 0.1835937 0.03515625 0.1835937 0.03515625 0.1835937 0.15625 0.0625 0.03515625 0.0625 0.03515625 0.1835937 0.15625 0.0625 0.15625 0.1835937 0.03515625 0.1835937 0.15625 0.0625 0.03515625 0.0625 0.03515625 0.1835937 0.15625 0.0625 0.15625 0.1835937 0.03515625 0.1835937 0.15625 0.0625 0.03515625 0.0625 0.03515625 0.1835937 0.15625 0.0625 0.15625 0.0625 0.03515625 0.1835937 0.03515625 0.0625 0.15625 0.0625 0.15625 0.1835937 0.03515625 0.1835937 0.15625 0.1835937 0.03515625 0.1835937 0.15625 0.0625 0.03515625 0.0625 0.03515625 0.1835937 0.15625 0.0625 0.15625 0.1835937 0.03515625 0.1835937 0.15625 0.0625 0.03515625 0.0625 0.03515625 0.1835937 0.15625 0.0625 0.15625 0.1835937 0.03515625 0.1835937 0.15625 0.0625 0.03515625 0.0625 0.03515625 0.1835937 0.15625 0.0625 0.15625 0.0625 0.03515625 0.1835937 0.03515625 0.0625 0.15625 0.0625 0.15625 0.1835937 0.03515625 0.1835937 0.15625 0.1835937 0.15625 0.0625 0.15625 0.1835937 0.03515625 0.1835937 0.03515625 0.0625 0.15625 0.0625 0.03515625 0.1835937 0.15625 0.0625 0.15625 0.1835937 0.03515625 0.1835937 0.03515625 0.0625 0.15625 0.0625 0.03515625 0.0625 0.15625 0.0625 0.03515625 0.1835937 0.15625 0.1835937 0.15625 0.0625 0.03515625 0.1835937 0.03515625 0.0625 0.15625 0.0625 0.03515625 0.1835937 0.15625 0.1835937 0.15625 0.0625 0.03515625 0.1835937 0.03515625 0.1835937 0.15625 0.0625 0.15625 0.1835937 0.03515625 0.1835937 0.03515625 0.0625 0.15625 0.0625 0.03515625 0.0625 0.03515625 0.1835937 0.03515625 0.0625 0.15625 0.0625 0.15625 0.1835937 0.03515625 0.1835937 0.15625 0.1835937 0.03515625 0.1835937 0.15625 0.0625 0.03515625 0.0625 0.03515625 0.1835937 0.15625 0.0625 0.15625 0.0625 0.03515625 0.1835937 0.03515625 0.0625 0.15625 0.0625 0.15625 0.1835937 0.03515625 0.1835937 0.15625 0.1835937 0.03515625 0.1835937 0.15625 0.0625 0.03515625 0.0625 0.03515625 0.1835937 0.15625 0.0625 0.15625 0.1835937 0.03515625 0.1835937 0.15625 0.0625 0.03515625 0.0625 0.03515625 0.1835937 0.15625 0.0625 0.15625 0.1835937 0.03515625 0.1835937 0.15625 0.0625 0.03515625 0.0625 0.03515625 0.1835937 0.15625 0.0625 0.15625 0.0625 0.15625 0.0625 0.03515625 0.1835937 0.15625 0.1835937 0.15625 0.0625 0.03515625 0.1835937 0.03515625 0.0625 0.15625 0.0625 0.03515625 0.1835937 0.15625 0.1835937 0.15625 0.0625 0.03515625 0.1835937 0.03515625 0.1835937 0.15625 0.0625 0.15625 0.1835937 0.03515625 0.1835937 0.03515625 0.0625 0.15625 0.0625 0.03515625 0.0625 0.15625 0.0625 0.03515625 0.1835937 0.15625 0.1835937 0.15625 0.0625 0.03515625 0.1835937 0.03515625 0.0625 0.15625 0.0625 0.03515625 0.1835937 0.15625 0.1835937 0.15625 0.0625 0.03515625 0.1835937 0.03515625 0.0625 0.15625 0.0625 0.03515625 0.1835937 0.15625 0.1835937 0.15625 0.0625 0.03515625 0.1835937 0.03515625 0.1835937 0.03515625 0.1835937 0.15625 0.0625 0.03515625 0.0625 0.03515625 0.1835937 0.15625 0.0625 0.15625 0.0625 0.15625 0.0625 0.03515625 0.1835937 0.15625 0.1835937 0.15625 0.0625 0.03515625 0.1835937 0.03515625 0.1835937 0.03515625 0.1835937 0.15625 0.0625 0.03515625 0.0625 0.03515625 0.1835937 0.15625 0.0625 0.15625 0.1835937 0.03515625 0.1835937 0.15625 0.0625 0.03515625 0.0625 0.03515625 0.1835937 0.15625 0.0625 0.15625 0.1835937 0.03515625 0.1835937 0.15625 0.0625 0.03515625 0.0625 0.03515625 0.1835937 0.15625 0.0625 0.15625 0.1835937 0.03515625 0.1835937 0.15625 0.0625 0.03515625 0.0625 0.03515625 0.1835937 0.15625 0.0625 0.15625 0.1835937 0.03515625 0.1835937 0.15625 0.0625 0.03515625 0.0625 0.03515625 0.1835937 0.15625 0.0625 0.15625 0.0625 0.03515625 0.1835937 0.03515625 0.0625 0.15625 0.0625 0.15625 0.1835937 0.03515625 0.1835937 0.15625 0.1835937 0.03515625 0.1835937 0.15625 0.0625 0.03515625 0.0625 0.03515625 0.1835937 0.15625 0.0625 0.15625 0.0625 0.03515625 0.1835937 0.03515625 0.0625 0.15625 0.0625 0.15625 0.1835937 0.03515625 0.1835937 0.15625 0.0625 0.15625 0.0625 0.03515625 0.1835937 0.15625 0.1835937 0.15625 0.0625 0.03515625 0.1835937 0.03515625 0.0625 0.15625 0.0625 0.03515625 0.1835937 0.15625 0.1835937 0.15625 0.0625 0.03515625 0.1835937 0.03515625 0.0625 0.15625 0.0625 0.03515625 0.1835937 0.15625 0.1835937 0.15625 0.0625 0.03515625 0.1835937 0.03515625 0.0625 0.15625 0.0625 0.03515625 0.1835937 0.15625 0.1835937 0.15625 0.0625 0.03515625 0.1835937 0.03515625 0.1835937 0.03515625 0.1835937 0.15625 0.0625 0.03515625 0.0625 0.03515625 0.1835937 0.15625 0.0625 0.15625 0.0625 0.15625 0.0625 0.03515625 0.1835937 0.15625 0.1835937 0.15625 0.0625 0.03515625 0.1835937 0.03515625 0.0625 0.03515625 0.1835937 0.03515625 0.0625 0.15625 0.0625 0.15625 0.1835937 0.03515625 0.1835937 0.15625 0.1835937 0.03515625 0.1835937 0.15625 0.0625 0.03515625 0.0625 0.03515625 0.1835937 0.15625 0.0625 0.15625 0.1835937 0.03515625 0.1835937 0.15625 0.0625 0.03515625 0.0625 0.03515625 0.1835937 0.15625 0.0625 0.15625 0.0625 0.03515625 0.1835937 0.03515625 0.0625 0.15625 0.0625 0.15625 0.1835937 0.03515625 0.1835937 0.15625 0.0625 0.03515625 0.1835937 0.03515625 0.0625 0.15625 0.0625 0.15625 0.1835937 0.03515625 0.1835937 0.15625 0.1835937 0.03515625 0.1835937 0.15625 0.0625 0.03515625 0.0625 0.03515625 0.1835937 0.15625 0.0625 0.15625 0.1835937 0.03515625 0.1835937 0.15625 0.0625 0.03515625 0.0625 0.03515625 0.1835937 0.15625 0.0625 0.15625 0.0625 0.03515625 0.1835937 0.03515625 0.0625 0.15625 0.0625 0.15625 0.1835937 0.03515625 0.1835937 0.15625 0.0625 0.03515625 0.1835937 0.03515625 0.0625 0.15625 0.0625 0.15625 0.1835937 0.03515625 0.1835937 0.15625 0.1835937 0.03515625 0.1835937 0.15625 0.0625 0.03515625 0.0625 0.03515625 0.1835937 0.15625 0.0625 0.15625 0.1835937 0.03515625 0.1835937 0.15625 0.0625 0.03515625 0.0625 0.03515625 0.1835937 0.15625 0.0625 0.15625 0.1835937 0.15625 0.0625 0.15625 0.1835937 0.03515625 0.1835937 0.03515625 0.0625 0.15625 0.0625 0.03515625 0.1835937 0.15625 0.0625 0.15625 0.1835937 0.03515625 0.1835937 0.03515625 0.0625 0.15625 0.0625 0.03515625 0.0625 0.15625 0.0625 0.03515625 0.1835937 0.15625 0.1835937 0.15625 0.0625 0.03515625 0.1835937 0.03515625 0.0625 0.15625 0.0625 0.03515625 0.1835937 0.15625 0.1835937 0.15625 0.0625 0.03515625 0.1835937 0.03515625 0.1835937 0.15625 0.0625 0.15625 0.1835937 0.03515625 0.1835937 0.03515625 0.0625 0.15625 0.0625 0.03515625 0.1835937 0.15625 0.0625 0.15625 0.1835937 0.03515625 0.1835937 0.03515625 0.0625 0.15625 0.0625 0.03515625 0.1835937 0.15625 0.0625 0.15625 0.1835937 0.03515625 0.1835937 0.03515625 0.0625 0.15625 0.0625 0.03515625 0.0625 0.03515625 0.1835937 0.03515625 0.0625 0.15625 0.0625 0.15625 0.1835937 0.03515625 0.1835937 0.15625 0.0625 0.03515625 0.1835937 0.03515625 0.0625 0.15625 0.0625 0.15625 0.1835937 0.03515625 0.1835937 0.15625 0.1835937 0.03515625 0.1835937 0.15625 0.0625 0.03515625 0.0625 0.03515625 0.1835937 0.15625 0.0625 0.15625 0.0625 0.03515625 0.1835937 0.03515625 0.0625 0.15625 0.0625 0.15625 0.1835937 0.03515625 0.1835937 0.15625 0.1835937 0.03515625 0.1835937 0.15625 0.0625 0.03515625 0.0625 0.03515625 0.1835937 0.15625 0.0625 0.15625 0.0625 0.15625 0.0625 0.03515625 0.1835937 0.15625 0.1835937 0.15625 0.0625 0.03515625 0.1835937 0.03515625 0.0625 0.15625 0.0625 0.03515625 0.1835937 0.15625 0.1835937 0.15625 0.0625 0.03515625 0.1835937 0.03515625 0.0625 0.03515625 0.1835937 0.03515625 0.0625 0.15625 0.0625 0.15625 0.1835937 0.03515625 0.1835937 0.15625 0.0625 0.03515625 0.1835937 0.03515625 0.0625 0.15625 0.0625 0.15625 0.1835937 0.03515625 0.1835937 0.15625 0.1835937 0.03515625 0.1835937 0.15625 0.0625 0.03515625 0.0625 0.03515625 0.1835937 0.15625 0.0625 0.15625 0.0625 0.03515625 0.1835937 0.03515625 0.0625 0.15625 0.0625 0.15625 0.1835937 0.03515625 0.1835937 0.15625 0.1835937 0.03515625 0.1835937 0.15625 0.0625 0.03515625 0.0625 0.03515625 0.1835937 0.15625 0.0625 0.15625 0.1835937 0.03515625 0.1835937 0.15625 0.0625 0.03515625 0.0625 0.03515625 0.1835937 0.15625 0.0625 0.15625 0.0625 0.03515625 0.1835937 0.03515625 0.0625 0.15625 0.0625 0.15625 0.1835937 0.03515625 0.1835937 0.15625 0.0625 0.03515625 0.1835937 0.03515625 0.0625 0.15625 0.0625 0.15625 0.1835937 0.03515625 0.1835937 0.15625 0.1835937 0.15625 0.0625 0.15625 0.1835937 0.03515625 0.1835937 0.03515625 0.0625 0.15625 0.0625 0.03515625 0.1835937 0.03515625 0.1835937 0.15625 0.0625 0.03515625 0.0625 0.03515625 0.1835937 0.15625 0.0625 0.15625 0.0625 0.03515625 0.1835937 0.03515625 0.0625 0.15625 0.0625 0.15625 0.1835937 0.03515625 0.1835937 0.15625 0.0625 0.15625 0.0625 0.03515625 0.1835937 0.15625 0.1835937 0.15625 0.0625 0.03515625 0.1835937 0.03515625 0.1835937 0.15625 0.0625 0.15625 0.1835937 0.03515625 0.1835937 0.03515625 0.0625 0.15625 0.0625 0.03515625 0.1835937 0.15625 0.0625 0.15625 0.1835937 0.03515625 0.1835937 0.03515625 0.0625 0.15625 0.0625 0.03515625 0.0625 0.15625 0.0625 0.03515625 0.1835937 0.15625 0.1835937 0.15625 0.0625 0.03515625 0.1835937 0.03515625 0.1835937 0.15625 0.0625 0.15625 0.1835937 0.03515625 0.1835937 0.03515625 0.0625 0.15625 0.0625 0.03515625 0.1835937 0.15625 0.0625 0.15625 0.1835937 0.03515625 0.1835937 0.03515625 0.0625 0.15625 0.0625 0.03515625 0.0625 0.15625 0.0625 0.03515625 0.1835937 0.15625 0.1835937 0.15625 0.0625 0.03515625 0.1835937 0.03515625 0.0625 0.15625 0.0625 0.03515625 0.1835937 0.15625 0.1835937 0.15625 0.0625 0.03515625 0.1835937 0.03515625 0.1835937 0.03515625 0.1835937 0.15625 0.0625 0.03515625 0.0625 0.03515625 0.1835937 0.15625 0.0625 0.15625 0.1835937 0.03515625 0.1835937 0.15625 0.0625 0.03515625 0.0625 0.03515625 0.1835937 0.15625 0.0625 0.15625 0.1835937 0.15625 0.0625 0.15625 0.1835937 0.03515625 0.1835937 0.03515625 0.0625 0.15625 0.0625 0.03515625 0.1835937 0.15625 0.0625 0.15625 0.1835937 0.03515625 0.1835937 0.03515625 0.0625 0.15625 0.0625 0.03515625 0.0625 0.15625 0.0625 0.03515625 0.1835937 0.15625 0.1835937 0.15625 0.0625 0.03515625 0.1835937 0.03515625 0.1835937 0.15625 0.0625 0.15625 0.1835937 0.03515625 0.1835937 0.03515625 0.0625 0.15625 0.0625 0.03515625 0.0625 0.15625 0.0625 0.03515625 0.1835937 0.15625 0.1835937 0.15625 0.0625 0.03515625 0.1835937 0.03515625 0.0625 0.15625 0.0625 0.03515625 0.1835937 0.15625 0.1835937 0.15625 0.0625 0.03515625 0.1835937 0.03515625 0.1835937 0.15625 0.0625 0.15625 0.1835937 0.03515625 0.1835937 0.03515625 0.0625 0.15625 0.0625 0.03515625 0.1835937 0.03515625 0.1835937 0.15625 0.0625 0.03515625 0.0625 0.03515625 0.1835937 0.15625 0.0625 0.15625 0.0625 0.03515625 0.1835937 0.03515625 0.0625 0.15625 0.0625 0.15625 0.1835937 0.03515625 0.1835937 0.15625 0.0625 0.03515625 0.1835937 0.03515625 0.0625 0.15625 0.0625 0.15625 0.1835937 0.03515625 0.1835937 0.15625 0.0625 0.15625 0.0625 0.03515625 0.1835937 0.15625 0.1835937 0.15625 0.0625 0.03515625 0.1835937 0.03515625 0.1835937 0.03515625 0.1835937 0.15625 0.0625 0.03515625 0.0625 0.03515625 0.1835937 0.15625 0.0625 0.15625 0.1835937 0.03515625 0.1835937 0.15625 0.0625 0.03515625 0.0625 0.03515625 0.1835937 0.15625 0.0625 0.15625 0.0625 0.03515625 0.1835937 0.03515625 0.0625 0.15625 0.0625 0.15625 0.1835937 0.03515625 0.1835937 0.15625 0.1835937 0.03515625 0.1835937 0.15625 0.0625 0.03515625 0.0625 0.03515625 0.1835937 0.15625 0.0625 0.15625 0.0625 0.03515625 0.1835937 0.03515625 0.0625 0.15625 0.0625 0.15625 0.1835937 0.03515625 0.1835937 0.15625 0.1835937 0.03515625 0.1835937 0.15625 0.0625 0.03515625 0.0625 0.03515625 0.1835937 0.15625 0.0625 0.15625 0.1835937 0.15625 0.0625 0.15625 0.1835937 0.03515625 0.1835937 0.03515625 0.0625 0.15625 0.0625 0.03515625 0.1835937 0.03515625 0.1835937 0.15625 0.0625 0.03515625 0.0625 0.03515625 0.1835937 0.15625 0.0625 0.15625 0.0625 0.03515625 0.1835937 0.03515625 0.0625 0.15625 0.0625 0.15625 0.1835937 0.03515625 0.1835937 0.15625 0.1835937 0.03515625 0.1835937 0.15625 0.0625 0.03515625 0.0625 0.03515625 0.1835937 0.15625 0.0625 0.15625 0.1835937 0.03515625 0.1835937 0.15625 0.0625 0.03515625 0.0625 0.03515625 0.1835937 0.15625 0.0625 0.15625 0.0625 0.03515625 0.1835937 0.03515625 0.0625 0.15625 0.0625 0.15625 0.1835937 0.03515625 0.1835937 0.15625 0.0625 0.03515625 0.1835937 0.03515625 0.0625 0.15625 0.0625 0.15625 0.1835937 0.03515625 0.1835937 0.15625 0.1835937 0.03515625 0.1835937 0.15625 0.0625 0.03515625 0.0625 0.03515625 0.1835937 0.15625 0.0625 0.15625 0.1835937 0.15625 0.0625 0.15625 0.1835937 0.03515625 0.1835937 0.03515625 0.0625 0.15625 0.0625 0.03515625 0.1835937 0.15625 0.0625 0.15625 0.1835937 0.03515625 0.1835937 0.03515625 0.0625 0.15625 0.0625 0.03515625 0.1835937 0.15625 0.0625 0.15625 0.1835937 0.03515625 0.1835937 0.03515625 0.0625 0.15625 0.0625 0.03515625 0.0625 0.15625 0.0625 0.03515625 0.1835937 0.15625 0.1835937 0.15625 0.0625 0.03515625 0.1835937 0.03515625 0.0625 0.03515625 0.1835937 0.03515625 0.0625 0.15625 0.0625 0.15625 0.1835937 0.03515625 0.1835937 0.15625 0.0625 0.03515625 0.1835937 0.03515625 0.0625 0.15625 0.0625 0.15625 0.1835937 0.03515625 0.1835937 0.15625 0.0625 0.15625 0.0625 0.03515625 0.1835937 0.15625 0.1835937 0.15625 0.0625 0.03515625 0.1835937 0.03515625 0.0625 0.15625 0.0625 0.03515625 0.1835937 0.15625 0.1835937 0.15625 0.0625 0.03515625 0.1835937 0.03515625 0.1835937 0.15625 0.0625 0.15625 0.1835937 0.03515625 0.1835937 0.03515625 0.0625 0.15625 0.0625 0.03515625 0.0625 0.15625 0.0625 0.03515625 0.1835937 0.15625 0.1835937 0.15625 0.0625 0.03515625 0.1835937 0.03515625 0.0625 0.15625 0.0625 0.03515625 0.1835937 0.15625 0.1835937 0.15625 0.0625 0.03515625 0.1835937 0.03515625 0.1835937 0.15625 0.0625 0.15625 0.1835937 0.03515625 0.1835937 0.03515625 0.0625 0.15625 0.0625 0.03515625 0.1835937 0.15625 0.0625 0.15625 0.1835937 0.03515625 0.1835937 0.03515625 0.0625 0.15625 0.0625 0.03515625 0.1835937 0.03515625 0.1835937 0.15625 0.0625 0.03515625 0.0625 0.03515625 0.1835937 0.15625 0.0625 0.15625 0.0625 0.03515625 0.1835937 0.03515625 0.0625 0.15625 0.0625 0.15625 0.1835937 0.03515625 0.1835937 0.15625 0.0625 0.15625 0.0625 0.03515625 0.1835937 0.15625 0.1835937 0.15625 0.0625 0.03515625 0.1835937 0.03515625 0.1835937 0.15625 0.0625 0.15625 0.1835937 0.03515625 0.1835937 0.03515625 0.0625 0.15625 0.0625 0.03515625 0.0625 0.15625 0.0625 0.03515625 0.1835937 0.15625 0.1835937 0.15625 0.0625 0.03515625 0.1835937 0.03515625 0.0625 0.15625 0.0625 0.03515625 0.1835937 0.15625 0.1835937 0.15625 0.0625 0.03515625 0.1835937 0.03515625 0.1835937 0.15625 0.0625 0.15625 0.1835937 0.03515625 0.1835937 0.03515625 0.0625 0.15625 0.0625 0.03515625 0.1835937 0.15625 0.0625 0.15625 0.1835937 0.03515625 0.1835937 0.03515625 0.0625 0.15625 0.0625 0.03515625 0.0625 0.15625 0.0625 0.03515625 0.1835937 0.15625 0.1835937 0.15625 0.0625 0.03515625 0.1835937 0.03515625 0.0625 0.03515625 0.1835937 0.03515625 0.0625 0.15625 0.0625 0.15625 0.1835937 0.03515625 0.1835937 0.15625 0.0625 0.03515625 0.1835937 0.03515625 0.0625 0.15625 0.0625 0.15625 0.1835937 0.03515625 0.1835937 0.15625 0.0625 0.03515625 0.1835937 0.03515625 0.0625 0.15625 0.0625 0.15625 0.1835937 0.03515625 0.1835937 0.15625 0.1835937 0.03515625 0.1835937 0.15625 0.0625 0.03515625 0.0625 0.03515625 0.1835937 0.15625 0.0625 0.15625 0.1835937 0.15625 0.0625 0.15625 0.1835937 0.03515625 0.1835937 0.03515625 0.0625 0.15625 0.0625 0.03515625 0.1835937 0.15625 0.0625 0.15625 0.1835937 0.03515625 0.1835937 0.03515625 0.0625 0.15625 0.0625 0.03515625 0.08404541 0.05895996 0.08404541 0.1384887 0.125061 0.05895996 0.125061 0.05895996 0.08404541 0.1384887 0.125061 0.1384887 0.125061 0.05895996 0.125061 0.1384887 0.170227 0.05895996 0.170227 0.05895996 0.125061 0.1384887 0.170227 0.1384887 0.0783081 0.05895996 0.1210327 0.05895996 0.0783081 0.1384887 0.0783081 0.1384887 0.1210327 0.05895996 0.1210327 0.1384887 0.1210327 0.05895996 0.170227 0.05895996 0.1210327 0.1384887 0.1210327 0.1384887 0.170227 0.05895996 0.170227 0.1384887 0.08404541 0.1384887 0.08404541 0.05895996 0.0783081 0.1384887 0.0783081 0.1384887 0.08404541 0.05895996 0.0783081 0.05895996 0.1596069 0.05895996 0.1596069 0.1384887 0.1185913 0.05895996 0.1185913 0.05895996 0.1596069 0.1384887 0.1185913 0.1384887 0.1185913 0.05895996 0.1185913 0.1384887 0.07342529 0.05895996 0.07342529 0.05895996 0.1185913 0.1384887 0.07342529 0.1384887 0.1653442 0.05895996 0.1226196 0.05895996 0.1653442 0.1384887 0.1653442 0.1384887 0.1226196 0.05895996 0.1226196 0.1384887 0.1226196 0.05895996 0.07342529 0.05895996 0.1226196 0.1384887 0.1226196 0.1384887 0.07342529 0.05895996 0.07342529 0.1384887 0.1596069 0.1384887 0.1596069 0.05895996 0.1653442 0.1384887 0.1653442 0.1384887 0.1596069 0.05895996 0.1653442 0.05895996 0.08404541 0.1384887 0.0783081 0.1384887 0.125061 0.1384887 0.125061 0.1384887 0.0783081 0.1384887 0.1210327 0.1384887 0.125061 0.1384887 0.1210327 0.1384887 0.170227 0.1384887 0.170227 0.1384887 0.1210327 0.1384887 0.170227 0.1384887 0.1596069 0.1384887 0.1653442 0.1384887 0.1185913 0.1384887 0.1185913 0.1384887 0.1653442 0.1384887 0.1226196 0.1384887 0.1185913 0.1384887 0.1226196 0.1384887 0.07342529 0.1384887 0.07342529 0.1384887 0.1226196 0.1384887 0.07342529 0.1384887</float_array>
          <technique_common>
            <accessor source="#Mesh_0559Mesh-mesh-map-0-array" count="7350" stride="2">
              <param name="S" type="float"/>
              <param name="T" type="float"/>
            </accessor>
          </technique_common>
        </source>
        <vertices id="Mesh_0559Mesh-mesh-vertices">
          <input semantic="POSITION" source="#Mesh_0559Mesh-mesh-positions"/>
        </vertices>
        <triangles count="2450">
          <input semantic="VERTEX" source="#Mesh_0559Mesh-mesh-vertices" offset="0"/>
          <input semantic="NORMAL" source="#Mesh_0559Mesh-mesh-normals" offset="1"/>
          <input semantic="TEXCOORD" source="#Mesh_0559Mesh-mesh-map-0" offset="2" set="0"/>
          <p>0 0 0 1 0 1 2 0 2 4 0 3 5 0 4 6 0 5 7 0 6 8 0 7 9 0 8 10 0 9 11 0 10 12 0 11 13 0 12 14 0 13 15 0 14 16 0 15 17 0 16 18 0 17 19 0 18 20 0 19 21 0 20 22 0 21 23 0 22 24 0 23 25 0 24 26 0 25 27 0 26 28 0 27 29 0 28 30 0 29 31 0 30 32 0 31 33 0 32 34 0 33 35 0 34 36 0 35 37 0 36 38 0 37 39 0 38 40 0 39 41 0 40 42 0 41 43 1 42 44 2 43 45 3 44 46 4 45 47 5 46 48 6 47 49 7 48 50 8 49 51 7 50 52 9 51 53 9 52 54 10 53 55 11 54 56 12 55 57 11 56 58 13 57 59 14 58 60 15 59 61 16 60 62 17 61 63 18 62 64 19 63 65 20 64 66 19 65 67 21 66 68 22 67 69 21 68 70 23 69 71 24 70 72 25 71 73 26 72 74 26 73 75 27 74 76 28 75 77 28 76 78 28 77 79 29 78 80 30 79 81 29 80 82 0 81 83 0 82 84 0 83 85 0 84 86 0 85 87 0 86 88 31 87 89 31 88 90 31 89 91 32 90 92 33 91 93 32 92 94 34 93 95 34 94 96 34 95 97 0 96 98 35 97 99 36 98 100 37 99 101 0 100 102 38 101 103 39 102 104 40 103 105 40 104 106 41 105 107 39 106 108 42 107 109 42 108 110 42 109 111 42 110 112 43 111 113 44 112 114 43 113 115 34 114 116 34 115 117 34 116 118 34 117 119 34 118 120 34 119 121 34 120 122 34 121 123 34 122 124 34 123 125 34 124 126 34 125 127 34 126 128 34 127 129 34 128 130 0 129 131 0 130 132 45 131 133 0 132 134 0 133 135 36 134 136 0 135 137 0 136 138 0 137 139 0 138 140 0 139 141 0 140 142 0 141 143 0 142 144 0 143 145 0 144 146 0 145 147 0 146 148 0 147 149 0 148 150 0 149 151 0 150 152 0 151 153 0 152 154 0 153 155 0 154 156 0 155 157 0 156 158 0 157 159 0 158 160 0 159 161 0 160 162 0 161 163 0 162 164 0 163 165 0 164 166 0 165 167 0 166 168 0 167 169 0 168 170 0 169 171 0 170 172 0 171 173 0 172 174 0 173 175 0 174 176 0 175 177 0 176 178 46 177 179 47 178 180 48 179 181 49 180 182 50 181 183 51 182 184 52 183 185 53 184 186 53 185 187 54 186 188 54 187 189 55 188 190 56 189 191 57 190 192 57 191 193 58 192 194 59 193 195 60 194 196 61 195 197 62 196 198 63 197 199 64 198 200 64 199 201 64 200 202 65 201 203 66 202 204 65 203 205 67 204 206 68 205 207 67 206 208 69 207 209 70 208 210 71 209 211 72 210 212 73 211 213 74 212 214 75 213 215 76 214 216 75 215 217 0 216 218 0 217 219 0 218 220 0 219 221 0 220 222 0 221 223 77 222 224 77 223 225 77 224 226 78 225 227 79 226 228 80 227 229 34 228 230 34 229 231 34 230 232 0 231 233 81 232 234 82 233 235 83 234 236 0 235 237 84 236 238 85 237 239 85 238 240 85 239 241 85 240 242 85 241 243 85 242 244 85 243 245 85 244 246 85 245 247 86 246 248 87 247 249 86 248 250 34 249 251 34 250 252 34 251 253 34 252 254 34 253 255 34 254 256 34 255 257 34 256 258 34 257 259 34 258 260 34 259 261 34 260 262 34 261 263 34 262 264 34 263 265 0 264 266 0 265 267 88 266 268 0 267 269 0 268 270 82 269 271 0 270 272 0 271 273 0 272 274 0 273 275 0 274 276 0 275 277 0 276 278 0 277 279 0 278 280 0 279 281 0 280 282 0 281 283 0 282 284 0 283 285 0 284 286 0 285 287 0 286 288 0 287 289 0 288 290 0 289 291 0 290 292 0 291 293 0 292 294 0 293 295 0 294 296 0 295 297 0 296 298 0 297 299 0 298 300 0 299 301 0 300 302 0 301 303 0 302 304 0 303 305 0 304 306 0 305 307 0 306 308 0 307 309 0 308 310 0 309 311 0 310 312 0 311 313 89 312 314 90 313 315 90 314 316 91 315 317 92 316 318 92 317 319 93 318 320 94 319 321 93 320 322 95 321 323 95 322 324 77 323 325 96 324 326 97 325 327 98 326 328 99 327 329 100 328 330 101 329 331 102 330 332 103 331 333 104 332 334 105 333 335 105 334 336 105 335 337 106 336 338 107 337 339 106 338 340 108 339 341 108 340 342 109 341 343 110 342 344 111 343 345 110 344 346 112 345 347 113 346 348 114 347 349 115 348 350 116 349 351 115 350 352 0 351 353 0 352 354 0 353 355 0 354 356 0 355 357 0 356 358 117 357 359 117 358 360 117 359 361 118 360 362 118 361 363 118 362 364 34 363 365 34 364 366 34 365 367 0 366 368 119 367 369 120 368 370 121 369 371 0 370 372 122 371 373 123 372 374 123 373 375 123 374 376 124 375 377 124 376 378 125 377 379 123 378 380 126 379 381 123 380 382 127 381 383 128 382 384 129 383 385 34 384 386 34 385 387 34 386 388 34 387 389 34 388 390 34 389 391 34 390 392 34 391 393 34 392 394 34 393 395 34 394 396 34 395 397 34 396 398 34 397 399 34 398 400 0 399 401 0 400 402 130 401 403 0 402 404 0 403 405 120 404 406 0 405 407 0 406 408 0 407 409 0 408 410 0 409 411 0 410 412 0 411 413 0 412 414 0 413 415 0 414 416 0 415 417 0 416 418 0 417 419 0 418 420 0 419 421 0 420 422 0 421 423 0 422 424 0 423 425 0 424 426 0 425 427 0 426 428 0 427 429 0 428 430 0 429 431 0 430 432 0 431 433 0 432 434 0 433 435 0 434 436 0 435 437 0 436 438 0 437 439 0 438 440 0 439 441 0 440 442 0 441 443 0 442 444 0 443 445 0 444 446 0 445 447 0 446 448 131 447 449 132 448 450 133 449 451 134 450 452 135 451 453 136 452 454 137 453 455 138 454 456 137 455 457 139 456 458 139 457 459 140 458 460 141 459 461 142 460 462 141 461 463 143 462 464 144 463 465 145 464 466 146 465 467 147 466 468 148 467 469 149 468 470 150 469 471 149 470 472 151 471 473 152 472 474 151 473 475 153 474 476 154 475 477 155 476 478 156 477 479 156 478 480 157 479 481 158 480 482 158 481 483 158 482 484 159 483 485 160 484 486 159 485 487 0 486 488 0 487 489 0 488 490 0 489 491 0 490 492 0 491 493 161 492 494 161 493 495 161 494 496 162 495 497 163 496 498 162 497 499 34 498 500 34 499 501 34 500 502 0 501 503 164 502 504 165 503 505 166 504 506 0 505 507 167 506 508 168 507 509 169 508 510 169 509 511 170 510 512 168 511 513 171 512 514 171 513 515 171 514 516 171 515 517 172 516 518 173 517 519 172 518 520 34 519 521 34 520 522 34 521 523 34 522 524 34 523 525 34 524 526 34 525 527 34 526 528 34 527 529 34 528 530 34 529 531 34 530 532 34 531 533 34 532 534 34 533 535 0 534 536 0 535 537 174 536 538 0 537 539 0 538 540 165 539 541 0 540 542 0 541 543 0 542 544 0 543 545 0 544 546 0 545 547 0 546 548 0 547 549 0 548 550 0 549 551 0 550 552 0 551 553 0 552 554 0 553 555 0 554 556 0 555 557 0 556 558 0 557 559 0 558 560 0 559 561 0 560 562 0 561 563 0 562 564 0 563 565 0 564 566 0 565 567 0 566 568 0 567 569 0 568 570 0 569 571 0 570 572 0 571 573 0 572 574 0 573 575 0 574 576 0 575 577 0 576 578 0 577 579 0 578 580 0 579 581 0 580 582 0 581 583 175 582 584 176 583 585 177 584 586 178 585 587 179 586 588 180 587 589 181 588 590 182 589 591 182 590 592 183 591 593 183 592 594 184 593 595 185 594 596 186 595 597 186 596 598 187 597 599 188 598 600 189 599 601 190 600 602 191 601 603 192 602 604 193 603 605 193 604 606 193 605 607 194 606 608 195 607 609 194 608 610 196 609 611 197 610 612 196 611 613 198 612 614 199 613 615 200 614 616 201 615 617 202 616 618 203 617 619 204 618 620 205 619 621 204 620 622 0 621 623 0 622 624 0 623 625 0 624 626 0 625 627 0 626 628 206 627 629 206 628 630 206 629 631 207 630 632 208 631 633 209 632 634 34 633 635 34 634 636 34 635 637 0 636 638 210 637 639 211 638 640 212 639 641 0 640 642 213 641 643 214 642 644 214 643 645 214 644 646 214 645 647 214 646 648 214 647 649 214 648 650 214 649 651 214 650 652 215 651 653 216 652 654 215 653 655 34 654 656 34 655 657 34 656 658 34 657 659 34 658 660 34 659 661 34 660 662 34 661 663 34 662 664 34 663 665 34 664 666 34 665 667 34 666 668 34 667 669 34 668 670 0 669 671 0 670 672 217 671 673 0 672 674 0 673 675 211 674 676 0 675 677 0 676 678 0 677 679 0 678 680 0 679 681 0 680 682 0 681 683 0 682 684 0 683 685 0 684 686 0 685 687 0 686 688 0 687 689 0 688 690 0 689 691 0 690 692 0 691 693 0 692 694 0 693 695 0 694 696 0 695 697 0 696 698 0 697 699 0 698 700 0 699 701 0 700 702 0 701 703 0 702 704 0 703 705 0 704 706 0 705 707 0 706 708 0 707 709 0 708 710 0 709 711 0 710 712 0 711 713 0 712 714 0 713 715 0 714 716 0 715 717 0 716 718 218 717 719 219 718 720 219 719 721 220 720 722 221 721 723 221 722 724 222 723 725 223 724 726 222 725 727 224 726 728 224 727 729 206 728 730 225 729 731 226 730 732 227 731 733 228 732 734 229 733 735 230 734 736 231 735 737 232 736 738 233 737 739 234 738 740 234 739 741 234 740 742 235 741 743 236 742 744 235 743 745 237 744 746 237 745 747 238 746 748 239 747 749 240 748 750 239 749 751 241 750 752 242 751 753 243 752 754 244 753 755 245 754 756 244 755 757 0 756 758 0 757 759 0 758 760 0 759 761 0 760 762 0 761 763 246 762 764 246 763 765 246 764 766 247 765 767 247 766 768 247 767 769 34 768 770 34 769 771 34 770 772 0 771 773 248 772 774 249 773 775 250 774 776 0 775 777 251 776 778 252 777 779 252 778 780 252 779 781 253 780 782 253 781 783 254 782 784 252 783 785 255 784 786 252 785 787 256 786 788 257 787 789 258 788 790 34 789 791 34 790 792 34 791 793 34 792 794 34 793 795 34 794 796 34 795 797 34 796 798 34 797 799 34 798 800 34 799 801 34 800 802 34 801 803 34 802 804 34 803 805 0 804 806 0 805 807 259 806 808 0 807 809 0 808 810 249 809 811 34 810 812 34 811 813 34 812 814 34 813 815 34 814 816 34 815 817 34 816 818 34 817 819 34 818 820 34 819 821 34 820 822 34 821 823 34 822 824 34 823 825 34 824 826 34 825 827 34 826 828 34 827 829 34 828 830 34 829 831 34 830 832 34 831 833 34 832 834 34 833 835 34 834 836 34 835 837 34 836 838 34 837 839 34 838 840 34 839 841 34 840 842 34 841 843 34 842 844 34 843 845 34 844 846 34 845 847 34 846 848 34 847 849 34 848 850 34 849 851 34 850 852 34 851 853 34 852 854 34 853 855 34 854 856 0 855 857 0 856 858 0 857 859 0 858 860 0 859 861 0 860 862 0 861 863 0 862 864 0 863 865 0 864 866 0 865 867 0 866 868 0 867 869 0 868 870 0 869 871 0 870 872 0 871 873 0 872 874 0 873 875 0 874 876 0 875 877 0 876 878 0 877 879 0 878 880 0 879 881 0 880 882 0 881 883 0 882 884 0 883 885 0 884 886 0 885 887 0 886 888 0 887 889 0 888 890 0 889 891 0 890 892 0 891 893 0 892 894 0 893 895 0 894 896 0 895 897 0 896 898 0 897 899 0 898 900 0 899 901 34 900 902 34 901 903 34 902 904 34 903 905 34 904 906 34 905 907 34 906 908 34 907 909 34 908 910 34 909 911 34 910 912 34 911 913 34 912 914 34 913 915 34 914 916 34 915 917 34 916 918 34 917 919 34 918 920 34 919 921 34 920 922 34 921 923 34 922 924 34 923 925 34 924 926 34 925 927 34 926 928 34 927 929 34 928 930 34 929 931 34 930 932 34 931 933 34 932 934 34 933 935 34 934 936 34 935 937 34 936 938 34 937 939 34 938 940 34 939 941 34 940 942 34 941 943 34 942 944 34 943 945 34 944 946 0 945 947 0 946 948 0 947 949 0 948 950 0 949 951 0 950 952 0 951 953 0 952 954 0 953 955 0 954 956 0 955 957 0 956 958 0 957 959 0 958 960 0 959 961 0 960 962 0 961 963 0 962 964 0 963 965 0 964 966 0 965 967 0 966 968 0 967 969 0 968 970 0 969 971 0 970 972 0 971 973 0 972 974 0 973 975 0 974 976 0 975 977 0 976 978 0 977 979 0 978 980 0 979 981 0 980 982 0 981 983 0 982 984 0 983 985 0 984 986 0 985 987 0 986 988 0 987 989 0 988 990 0 989 991 34 990 992 34 991 993 34 992 994 34 993 995 34 994 996 34 995 997 34 996 998 34 997 999 34 998 1000 34 999 1001 34 1000 1002 34 1001 1003 34 1002 1004 34 1003 1005 34 1004 1006 34 1005 1007 34 1006 1008 34 1007 1009 34 1008 1010 34 1009 1011 34 1010 1012 34 1011 1013 34 1012 1014 34 1013 1015 34 1014 1016 34 1015 1017 34 1016 1018 34 1017 1019 34 1018 1020 34 1019 1021 34 1020 1022 34 1021 1023 34 1022 1024 34 1023 1025 34 1024 1026 34 1025 1027 34 1026 1028 34 1027 1029 34 1028 1030 34 1029 1031 34 1030 1032 34 1031 1033 34 1032 1034 34 1033 1035 34 1034 1036 0 1035 1037 0 1036 1038 0 1037 1039 0 1038 1040 0 1039 1041 0 1040 1042 0 1041 1043 0 1042 1044 0 1043 1045 0 1044 1046 0 1045 1047 0 1046 1048 0 1047 1049 0 1048 1050 0 1049 1051 0 1050 1052 0 1051 1053 0 1052 1054 0 1053 1055 0 1054 1056 0 1055 1057 0 1056 1058 0 1057 1059 0 1058 1060 0 1059 1061 0 1060 1062 0 1061 1063 0 1062 1064 0 1063 1065 0 1064 1066 0 1065 1067 0 1066 1068 0 1067 1069 0 1068 1070 0 1069 1071 0 1070 1072 0 1071 1073 0 1072 1074 0 1073 1075 0 1074 1076 0 1075 1077 0 1076 1078 0 1077 1079 0 1078 1080 0 1079 1081 34 1080 1082 34 1081 1083 34 1082 1084 34 1083 1085 34 1084 1086 34 1085 1087 34 1086 1088 34 1087 1089 34 1088 1090 34 1089 1091 34 1090 1092 34 1091 1093 34 1092 1094 34 1093 1095 34 1094 1096 34 1095 1097 34 1096 1098 34 1097 1099 34 1098 1100 34 1099 1101 34 1100 1102 34 1101 1103 34 1102 1104 34 1103 1105 34 1104 1106 34 1105 1107 34 1106 1108 34 1107 1109 34 1108 1110 34 1109 1111 34 1110 1112 34 1111 1113 34 1112 1114 34 1113 1115 34 1114 1116 34 1115 1117 34 1116 1118 34 1117 1119 34 1118 1120 34 1119 1121 34 1120 1122 34 1121 1123 34 1122 1124 34 1123 1125 34 1124 1126 0 1125 1127 0 1126 1128 0 1127 1129 0 1128 1130 0 1129 1131 0 1130 1132 0 1131 1133 0 1132 1134 0 1133 1135 0 1134 1136 0 1135 1137 0 1136 1138 0 1137 1139 0 1138 1140 0 1139 1141 0 1140 1142 0 1141 1143 0 1142 1144 0 1143 1145 0 1144 1146 0 1145 1147 0 1146 1148 0 1147 1149 0 1148 1150 0 1149 1151 0 1150 1152 0 1151 1153 0 1152 1154 0 1153 1155 0 1154 1156 0 1155 1157 0 1156 1158 0 1157 1159 0 1158 1160 0 1159 1161 0 1160 1162 0 1161 1163 0 1162 1164 0 1163 1165 0 1164 1166 0 1165 1167 0 1166 1168 34 1167 1169 34 1168 1170 34 1169 1171 34 1170 1172 34 1171 1173 34 1172 1174 34 1173 1175 34 1174 1176 34 1175 1177 34 1176 1178 34 1177 1179 34 1178 1180 34 1179 1181 34 1180 1182 34 1181 1183 0 1182 1184 0 1183 1185 0 1184 1186 0 1185 1187 0 1186 1188 0 1187 1189 0 1188 1190 0 1189 1191 0 1190 1192 0 1191 1193 0 1192 1194 0 1193 1195 34 1194 1196 34 1195 1197 34 1196 1198 0 1197 1199 0 1198 1200 0 1199 1201 34 1200 1202 34 1201 1203 34 1202 1204 0 1203 1205 0 1204 1206 0 1205 1207 34 1206 1208 34 1207 1209 34 1208 1210 0 1209 1211 0 1210 1212 0 1211 1213 34 1212 1214 34 1213 1215 34 1214 1216 0 1215 1217 0 1216 1218 0 1217 1219 34 1218 1220 34 1219 1221 34 1220 1222 34 1221 1223 34 1222 1224 34 1223 1225 34 1224 1226 34 1225 1227 34 1226 1228 34 1227 1229 34 1228 1230 34 1229 1231 0 1230 1232 0 1231 1233 0 1232 1234 0 1233 1235 0 1234 1236 0 1235 1237 0 1236 1238 0 1237 1239 0 1238 1240 0 1239 1241 0 1240 1242 0 1241 1243 34 1242 1244 34 1243 1245 34 1244 1246 0 1245 1247 0 1246 1248 0 1247 1249 34 1248 1250 34 1249 1251 34 1250 1252 0 1251 1253 0 1252 1254 0 1253 1255 34 1254 1256 34 1255 1257 34 1256 1258 0 1257 1259 0 1258 1260 0 1259 1261 34 1260 1262 34 1261 1263 34 1262 1264 0 1263 1265 0 1264 1266 0 1265 1267 34 1266 1268 34 1267 1269 34 1268 1270 34 1269 1271 34 1270 1272 34 1271 1273 34 1272 1274 34 1273 1275 34 1274 1276 34 1275 1277 34 1276 1278 34 1277 1279 0 1278 1280 0 1279 1281 0 1280 1282 0 1281 1283 0 1282 1284 0 1283 1285 0 1284 1286 0 1285 1287 0 1286 1288 0 1287 1289 0 1288 1290 0 1289 1291 0 1290 1292 0 1291 1293 0 1292 1294 34 1293 1295 34 1294 1296 34 1295 1297 0 1296 1298 0 1297 1299 0 1298 1300 34 1299 1301 34 1300 1302 34 1301 1303 0 1302 1304 0 1303 1305 0 1304 1306 34 1305 1307 34 1306 1308 34 1307 1309 0 1308 1310 0 1309 1311 0 1310 1312 34 1311 1313 34 1312 1314 34 1313 1315 0 1314 1316 0 1315 1317 0 1316 1318 34 1317 1319 34 1318 1320 34 1319 1321 34 1320 1322 34 1321 1323 34 1322 1324 34 1323 1325 34 1324 1326 34 1325 1327 34 1326 1328 34 1327 1329 34 1328 1330 0 1329 1331 0 1330 1332 0 1331 1333 0 1332 1334 0 1333 1335 0 1334 1336 0 1335 1337 0 1336 1338 0 1337 1339 0 1338 1340 0 1339 1341 0 1340 1342 34 1341 1343 34 1342 1344 34 1343 1345 0 1344 1346 0 1345 1347 0 1346 1348 34 1347 1349 34 1348 1350 34 1349 1351 0 1350 1352 0 1351 1353 0 1352 1354 34 1353 1355 34 1354 1356 34 1355 1357 0 1356 1358 0 1357 1359 0 1358 1360 34 1359 1361 34 1360 1362 34 1361 1363 0 1362 1364 0 1363 1365 0 1364 1366 0 1365 1367 0 1366 1368 0 1367 1369 34 1368 1370 34 1369 1371 34 1370 1372 0 1371 1373 0 1372 1374 0 1373 1375 161 1374 1376 161 1375 1377 161 1376 1378 161 1377 1379 161 1378 1380 161 1379 1381 31 1380 1382 31 1381 1383 31 1382 1384 31 1383 1385 31 1384 1386 31 1385 1387 31 1386 1388 31 1387 1389 31 1388 1390 31 1389 1391 31 1390 1392 31 1391 1393 161 1392 1394 161 1393 1395 161 1394 1396 161 1395 1397 161 1396 1398 161 1397 1399 34 1398 1400 34 1399 1401 34 1400 1402 34 1401 1403 34 1402 1404 34 1403 1405 34 1404 1406 34 1405 1407 34 1406 1408 0 1407 1409 0 1408 1410 0 1409 1411 0 1410 1412 0 1411 1413 0 1412 1414 0 1413 1415 0 1414 1416 0 1415 1417 34 1416 1418 34 1417 1419 34 1418 1420 34 1419 1421 34 1420 1422 34 1421 1423 34 1422 1424 34 1423 1425 34 1424 1426 0 1425 1427 0 1426 1428 0 1427 1429 0 1428 1430 0 1429 1431 0 1430 1432 0 1431 1433 0 1432 1434 0 1433 1435 34 1434 1436 34 1435 1437 34 1436 1438 34 1437 1439 34 1438 1440 34 1439 1441 34 1440 1442 34 1441 1443 34 1442 1444 0 1443 1445 0 1444 1446 0 1445 1447 0 1446 1448 0 1447 1449 0 1448 1450 0 1449 1451 0 1450 1452 0 1451 1453 34 1452 1454 34 1453 1455 34 1454 1456 34 1455 1457 34 1456 1458 34 1457 1459 34 1458 1460 34 1459 1461 34 1460 1462 0 1461 1463 0 1462 1464 0 1463 1465 0 1464 1466 0 1465 1467 0 1466 1468 0 1467 1469 0 1468 1470 0 1469 1471 0 1470 1472 260 1471 1473 0 1472 1474 34 1473 1475 34 1474 1476 34 1475 1477 261 1476 1478 0 1477 1479 0 1478 1480 261 1479 1481 0 1480 1482 0 1481 1483 261 1482 1484 0 1483 1485 0 1484 1486 0 1485 1487 260 1486 1488 0 1487 1489 262 1488 1490 263 1489 1491 263 1490 1492 263 1491 1493 262 1492 1494 263 1493 1495 264 1494 1496 0 1495 1497 0 1496 1498 265 1497 1499 0 1498 1500 0 1499 1501 34 1500 1502 34 1501 1503 34 1502 1504 266 1503 1505 0 1504 1506 0 1505 1507 266 1506 1508 0 1507 1509 0 1508 1510 266 1509 1511 0 1510 1512 0 1511 1513 0 1512 1514 265 1513 1515 0 1514 1516 267 1515 1517 268 1516 1518 268 1517 1519 268 1518 1520 267 1519 1521 268 1520 1522 269 1521 1523 0 1522 1524 0 1523 1525 270 1524 1526 271 1525 1527 272 1526 1528 273 1527 1529 273 1528 1530 273 1529 1531 274 1530 1532 275 1531 1533 275 1532 1534 276 1533 1535 276 1534 1536 277 1535 1537 278 1536 1538 278 1537 1539 278 1538 1540 279 1539 1541 279 1540 1542 279 1541 1543 280 1542 1544 280 1543 1545 280 1544 1546 206 1545 1547 206 1546 1548 206 1547 1549 281 1548 1550 281 1549 1551 282 1550 1552 161 1551 1553 161 1552 1554 161 1553 1555 283 1554 1556 284 1555 1557 284 1556 1558 285 1557 1559 286 1558 1560 285 1559 1561 246 1560 1562 246 1561 1563 246 1562 1564 287 1563 1565 288 1564 1566 287 1565 1567 268 1566 1568 267 1567 1569 268 1568 1570 289 1569 1571 290 1570 1572 291 1571 1573 292 1572 1574 292 1573 1575 292 1574 1576 293 1575 1577 294 1576 1578 294 1577 1579 295 1578 1580 295 1579 1581 296 1580 1582 297 1581 1583 297 1582 1584 297 1583 1585 298 1584 1586 298 1585 1587 298 1586 1588 299 1587 1589 299 1588 1590 299 1589 1591 77 1590 1592 77 1591 1593 77 1592 1594 300 1593 1595 300 1594 1596 301 1595 1597 31 1596 1598 31 1597 1599 31 1598 1600 302 1599 1601 303 1600 1602 303 1601 1603 304 1602 1604 305 1603 1605 304 1604 1606 117 1605 1607 117 1606 1608 117 1607 1609 306 1608 1610 307 1609 1611 306 1610 1612 263 1611 1613 262 1612 1614 263 1613 1615 308 1614 1616 309 1615 1617 309 1616 1618 310 1617 1619 311 1618 1620 311 1619 1621 312 1620 1622 312 1621 1623 313 1622 1624 314 1623 1625 314 1624 1626 314 1625 1627 315 1626 1628 315 1627 1629 316 1628 1630 317 1629 1631 318 1630 1632 318 1631 1633 319 1632 1634 319 1633 1635 319 1634 1636 161 1635 1637 161 1636 1638 161 1637 1639 320 1638 1640 321 1639 1641 322 1640 1642 323 1641 1643 323 1642 1644 324 1643 1645 325 1644 1646 325 1645 1647 326 1646 1648 268 1647 1649 268 1648 1650 267 1649 1651 327 1650 1652 328 1651 1653 328 1652 1654 329 1653 1655 330 1654 1656 330 1655 1657 331 1656 1658 331 1657 1659 332 1658 1660 333 1659 1661 333 1660 1662 333 1661 1663 334 1662 1664 334 1663 1665 335 1664 1666 336 1665 1667 337 1666 1668 337 1667 1669 338 1668 1670 338 1669 1671 338 1670 1672 31 1671 1673 31 1672 1674 31 1673 1675 339 1674 1676 340 1675 1677 341 1676 1678 342 1677 1679 342 1678 1680 343 1679 1681 344 1680 1682 344 1681 1683 345 1682 1684 263 1683 1685 263 1684 1686 262 1685 1687 0 1686 1688 0 1687 1689 0 1688 1689 0 1689 1688 0 1690 1690 0 1691 1692 0 1692 1693 0 1693 1694 0 1694 1694 0 1695 1693 0 1696 1695 0 1697 1696 0 1698 1697 0 1699 1698 0 1700 1698 0 1701 1697 0 1702 1699 0 1703 1700 0 1704 1701 0 1705 1702 0 1706 1702 0 1707 1701 0 1708 1703 0 1709 1704 0 1710 1705 0 1711 1706 0 1712 1706 0 1713 1705 0 1714 1707 0 1715 1708 0 1716 1709 0 1717 1710 0 1718 1710 0 1719 1709 0 1720 1711 0 1721 1712 0 1722 1713 0 1723 1714 0 1724 1714 0 1725 1713 0 1726 1715 0 1727 1716 0 1728 1717 0 1729 1718 0 1730 1718 0 1731 1717 0 1732 1719 0 1733 1720 0 1734 1721 0 1735 1722 0 1736 1722 0 1737 1721 0 1738 1723 0 1739 1724 0 1740 1725 0 1741 1726 0 1742 1726 0 1743 1725 0 1744 1727 0 1745 1728 0 1746 1729 0 1747 1730 0 1748 1730 0 1749 1729 0 1750 1731 0 1751 1732 0 1752 1733 0 1753 1734 0 1754 1734 0 1755 1733 0 1756 1735 0 1757 1736 0 1758 1737 0 1759 1738 0 1760 1738 0 1761 1737 0 1762 1739 0 1763 1740 0 1764 1741 0 1765 1742 0 1766 1742 0 1767 1741 0 1768 1743 0 1769 1744 0 1770 1745 0 1771 1746 0 1772 1746 0 1773 1745 0 1774 1747 0 1775 1748 346 1776 1749 347 1777 1750 348 1778 1750 348 1779 1749 347 1780 1751 349 1781 1752 350 1782 1753 351 1783 1754 352 1784 1754 352 1785 1753 351 1786 1755 353 1787 1756 354 1788 1757 355 1789 1758 356 1790 1758 356 1791 1757 355 1792 1759 357 1793 1760 358 1794 1761 359 1795 1762 360 1796 1762 360 1797 1761 359 1798 1763 361 1799 1764 362 1800 1765 363 1801 1766 364 1802 1766 364 1803 1765 363 1804 1767 365 1805 1768 366 1806 1769 367 1807 1770 368 1808 1770 368 1809 1769 367 1810 1771 369 1811 1772 370 1812 1773 371 1813 1774 372 1814 1774 372 1815 1773 371 1816 1775 373 1817 1776 374 1818 1777 375 1819 1778 376 1820 1778 376 1821 1777 375 1822 1779 377 1823 1780 34 1824 1781 34 1825 1782 34 1826 1782 34 1827 1781 34 1828 1783 34 1829 1784 34 1830 1785 34 1831 1786 34 1832 1786 34 1833 1785 34 1834 1787 34 1835 1788 378 1836 1789 379 1837 1790 380 1838 1790 380 1839 1789 379 1840 1791 381 1841 1792 382 1842 1793 383 1843 1794 383 1844 1794 383 1845 1793 383 1846 1795 382 1847 1796 384 1848 1797 385 1849 1798 386 1850 1798 386 1851 1797 385 1852 1799 387 1853 1800 388 1854 1801 389 1855 1802 390 1856 1802 390 1857 1801 389 1858 1803 391 1859 1804 392 1860 1805 393 1861 1806 394 1862 1806 394 1863 1805 393 1864 1807 395 1865 1808 396 1866 1809 397 1867 1810 398 1868 1810 398 1869 1809 397 1870 1811 399 1871 1812 400 1872 1813 401 1873 1814 402 1874 1814 402 1875 1813 401 1876 1815 403 1877 1816 404 1878 1817 405 1879 1818 406 1880 1818 406 1881 1817 405 1882 1819 407 1883 1820 408 1884 1821 409 1885 1822 410 1886 1822 410 1887 1821 409 1888 1823 411 1889 1824 377 1890 1825 412 1891 1826 413 1892 1826 413 1893 1825 412 1894 1827 414 1895 1828 415 1896 1829 416 1897 1830 417 1898 1830 417 1899 1829 416 1900 1831 418 1901 1832 34 1902 1833 34 1903 1834 34 1904 1834 34 1905 1833 34 1906 1835 34 1907 1836 34 1908 1837 34 1909 1838 34 1910 1838 34 1911 1837 34 1912 1839 34 1913 1840 34 1914 1841 34 1915 1842 34 1916 1842 34 1917 1841 34 1918 1843 34 1919 1844 34 1920 1845 34 1921 1846 34 1922 1846 34 1923 1845 34 1924 1847 34 1925 1848 0 1926 1849 0 1927 1850 0 1928 1850 0 1929 1849 0 1930 1851 0 1931 1852 419 1932 1853 419 1933 1854 419 1934 1854 419 1935 1853 419 1936 1855 419 1937 1856 420 1938 1857 421 1939 1858 422 1940 1858 422 1941 1857 421 1942 1859 419 1943 1860 246 1944 1861 246 1945 1862 246 1946 1862 246 1947 1861 246 1948 1863 246 1949 1864 423 1950 1865 424 1951 1866 425 1952 1866 425 1953 1865 424 1954 1867 426 1955 1868 34 1956 1869 427 1957 1870 428 1958 1870 428 1959 1869 427 1960 1871 429 1961 1872 0 1962 1873 430 1963 1874 431 1964 1874 431 1965 1873 430 1966 1875 432 1967 1876 31 1968 1877 31 1969 1878 433 1970 1878 433 1971 1877 31 1972 1879 0 1973 1880 434 1974 1881 434 1975 1882 434 1976 1882 434 1977 1881 434 1978 1883 434 1979 1884 31 1980 1885 31 1981 1886 31 1982 1886 31 1983 1885 31 1984 1887 31 1985 1888 435 1986 1889 436 1987 1890 437 1988 1890 437 1989 1889 436 1990 1891 438 1991 1892 439 1992 1893 440 1993 1894 441 1994 1894 441 1995 1893 440 1996 1895 442 1997 1896 443 1998 1897 444 1999 1898 445 2000 1898 445 2001 1897 444 2002 1899 446 2003 1900 447 2004 1901 448 2005 1902 448 2006 1902 448 2007 1901 448 2008 1903 447 2009 1904 34 2010 1905 34 2011 1906 34 2012 1906 34 2013 1905 34 2014 1907 34 2015 1908 449 2016 1909 450 2017 1910 451 2018 1910 451 2019 1909 450 2020 1911 452 2021 1912 85 2022 1913 85 2023 1914 85 2024 1914 85 2025 1913 85 2026 1915 85 2027 1916 453 2028 1917 454 2029 1918 455 2030 1918 455 2031 1917 454 2032 1919 456 2033 1920 457 2034 1921 458 2035 1922 458 2036 1922 458 2037 1921 458 2038 1923 457 2039 1924 31 2040 1925 31 2041 1926 31 2042 1926 31 2043 1925 31 2044 1927 31 2045 1928 459 2046 1929 217 2047 1930 217 2048 1930 217 2049 1929 217 2050 1931 459 2051 1932 214 2052 1933 214 2053 1934 214 2054 1934 214 2055 1933 214 2056 1935 214 2057 1936 161 2058 1937 161 2059 1938 161 2060 1938 161 2061 1937 161 2062 1939 161 2063 1940 460 2064 1941 460 2065 1942 460 2066 1942 460 2067 1941 460 2068 1943 460 2069 1944 432 2070 1945 432 2071 1946 432 2072 1946 432 2073 1945 432 2074 1947 432 2075 1948 461 2076 1949 9 2077 1950 462 2078 1950 462 2079 1949 9 2080 1951 10 2081 1952 463 2082 1953 464 2083 1954 465 2084 1954 465 2085 1953 464 2086 1955 466 2087 1956 467 2088 1957 468 2089 1958 467 2090 1958 467 2091 1957 468 2092 1959 469 2093 1960 168 2094 1961 168 2095 1962 170 2096 1962 170 2097 1961 168 2098 1963 170 2099 1964 470 2100 1965 471 2101 1966 472 2102 1966 472 2103 1965 471 2104 1967 473 2105 1968 474 2106 1969 475 2107 1970 475 2108 1970 475 2109 1969 475 2110 1971 474 2111 1972 86 2112 1973 86 2113 1974 87 2114 1974 87 2115 1973 86 2116 1975 86 2117 1976 476 2118 1977 477 2119 1978 477 2120 1978 477 2121 1977 477 2122 1979 476 2123 1980 478 2124 1981 479 2125 1982 480 2126 1982 480 2127 1981 479 2128 1983 481 2129 1984 432 2130 1985 432 2131 1986 432 2132 1986 432 2133 1985 432 2134 1987 432 2135 1988 482 2136 1989 483 2137 1990 484 2138 1990 484 2139 1989 483 2140 1991 482 2141 1992 161 2142 1993 161 2143 1994 161 2144 1994 161 2145 1993 161 2146 1995 161 2147 1996 161 2148 1997 161 2149 1998 161 2150 1998 161 2151 1997 161 2152 1999 161 2153 2000 485 2154 2001 486 2155 2002 486 2156 2002 486 2157 2001 486 2158 2003 485 2159 2004 485 2160 2005 485 2161 2006 485 2162 2006 485 2163 2005 485 2164 2007 485 2165 2008 487 2166 2009 488 2167 2010 488 2168 2010 488 2169 2009 488 2170 2011 487 2171 2012 161 2172 2013 161 2173 2014 161 2174 2014 161 2175 2013 161 2176 2015 161 2177 2016 489 2178 2017 490 2179 2018 489 2180 2018 489 2181 2017 490 2182 2019 491 2183 2020 492 2184 2021 493 2185 2022 492 2186 2022 492 2187 2021 493 2188 2023 494 2189 2024 43 2190 2025 44 2191 2026 44 2192 2026 44 2193 2025 44 2194 2027 43 2195 2028 34 2196 2029 34 2197 2030 34 2198 2030 34 2199 2029 34 2200 2031 34 2201 2032 34 2202 2033 34 2203 2034 34 2204 2034 34 2205 2033 34 2206 2035 34 2207 2036 34 2208 2037 34 2209 2038 34 2210 2038 34 2211 2037 34 2212 2039 34 2213 2040 34 2214 2041 34 2215 2042 34 2216 2042 34 2217 2041 34 2218 2043 34 2219 2044 0 2220 2045 0 2221 2046 0 2222 2046 0 2223 2045 0 2224 2047 0 2225 2048 0 2226 2049 0 2227 2050 0 2228 2050 0 2229 2049 0 2230 2051 0 2231 2052 495 2232 2053 495 2233 2054 495 2234 2054 495 2235 2053 495 2236 2055 495 2237 2056 496 2238 2057 496 2239 2058 496 2240 2058 496 2241 2057 496 2242 2059 496 2243 2060 497 2244 2061 498 2245 2062 497 2246 2062 497 2247 2061 498 2248 2063 499 2249 2064 500 2250 2065 500 2251 2066 500 2252 2066 500 2253 2065 500 2254 2067 500 2255 2068 501 2256 2069 501 2257 2070 501 2258 2070 501 2259 2069 501 2260 2071 501 2261 2072 502 2262 2073 502 2263 2074 502 2264 2074 502 2265 2073 502 2266 2075 502 2267 2076 503 2268 2077 503 2269 2078 503 2270 2078 503 2271 2077 503 2272 2079 503 2273 2080 0 2274 2081 0 2275 2082 0 2276 2082 0 2277 2081 0 2278 2083 0 2279 2084 0 2280 2085 0 2281 2086 0 2282 2086 0 2283 2085 0 2284 2087 0 2285 2088 0 2286 2089 0 2287 2090 0 2288 2090 0 2289 2089 0 2290 2091 0 2291 2092 0 2292 2093 0 2293 2094 0 2294 2094 0 2295 2093 0 2296 2095 0 2297 2096 0 2298 2097 0 2299 2098 0 2300 2098 0 2301 2097 0 2302 2099 0 2303 2100 0 2304 2101 0 2305 2102 0 2306 2102 0 2307 2101 0 2308 2103 0 2309 2104 0 2310 2105 0 2311 2106 0 2312 2106 0 2313 2105 0 2314 2107 0 2315 2108 0 2316 2109 0 2317 2110 0 2318 2110 0 2319 2109 0 2320 2111 0 2321 2112 0 2322 2113 0 2323 2114 0 2324 2114 0 2325 2113 0 2326 2115 0 2327 2116 0 2328 2117 0 2329 2118 0 2330 2118 0 2331 2117 0 2332 2119 0 2333 2120 0 2334 2121 0 2335 2122 0 2336 2122 0 2337 2121 0 2338 2123 0 2339 2124 0 2340 2125 0 2341 2126 0 2342 2126 0 2343 2125 0 2344 2127 0 2345 2128 0 2346 2129 0 2347 2130 0 2348 2130 0 2349 2129 0 2350 2131 0 2351 2132 0 2352 2133 0 2353 2134 0 2354 2134 0 2355 2133 0 2356 2135 0 2357 2136 0 2358 2137 0 2359 2138 0 2360 2138 0 2361 2137 0 2362 2139 34 2363 2140 504 2364 2141 505 2365 2142 506 2366 2142 506 2367 2141 505 2368 2143 507 2369 2144 508 2370 2145 509 2371 2146 510 2372 2146 510 2373 2145 509 2374 2147 511 2375 2148 512 2376 2149 513 2377 2150 514 2378 2150 514 2379 2149 513 2380 2151 515 2381 2152 516 2382 2153 517 2383 2154 518 2384 2154 518 2385 2153 517 2386 2155 519 2387 2156 520 2388 2157 521 2389 2158 522 2390 2158 522 2391 2157 521 2392 2159 523 2393 2160 524 2394 2161 525 2395 2162 526 2396 2162 526 2397 2161 525 2398 2163 527 2399 2164 528 2400 2165 529 2401 2166 530 2402 2166 530 2403 2165 529 2404 2167 531 2405 2168 532 2406 2169 533 2407 2170 534 2408 2170 534 2409 2169 533 2410 2171 64 2411 2172 34 2412 2173 34 2413 2174 34 2414 2174 34 2415 2173 34 2416 2175 34 2417 2176 34 2418 2177 34 2419 2178 34 2420 2178 34 2421 2177 34 2422 2179 34 2423 2180 535 2424 2181 536 2425 2182 537 2426 2182 537 2427 2181 536 2428 2183 538 2429 2184 539 2430 2185 540 2431 2186 541 2432 2186 541 2433 2185 540 2434 2187 542 2435 2188 543 2436 2189 544 2437 2190 545 2438 2190 545 2439 2189 544 2440 2191 546 2441 2192 547 2442 2193 548 2443 2194 549 2444 2194 549 2445 2193 548 2446 2195 550 2447 2196 551 2448 2197 552 2449 2198 553 2450 2198 553 2451 2197 552 2452 2199 554 2453 2200 555 2454 2201 556 2455 2202 557 2456 2202 557 2457 2201 556 2458 2203 558 2459 2204 559 2460 2205 560 2461 2206 561 2462 2206 561 2463 2205 560 2464 2207 562 2465 2208 563 2466 2209 564 2467 2210 565 2468 2210 565 2469 2209 564 2470 2211 566 2471 2212 567 2472 2213 568 2473 2214 569 2474 2214 569 2475 2213 568 2476 2215 570 2477 2216 571 2478 2217 572 2479 2218 573 2480 2218 573 2481 2217 572 2482 2219 574 2483 2220 575 2484 2221 576 2485 2222 577 2486 2222 577 2487 2221 576 2488 2223 578 2489 2224 34 2490 2225 34 2491 2226 34 2492 2226 34 2493 2225 34 2494 2227 34 2495 2228 34 2496 2229 34 2497 2230 34 2498 2230 34 2499 2229 34 2500 2231 34 2501 2232 34 2502 2233 34 2503 2234 34 2504 2234 34 2505 2233 34 2506 2235 34 2507 2236 34 2508 2237 34 2509 2238 34 2510 2238 34 2511 2237 34 2512 2239 34 2513 2240 0 2514 2241 0 2515 2242 0 2516 2242 0 2517 2241 0 2518 2243 0 2519 2244 85 2520 2245 85 2521 2246 85 2522 2246 85 2523 2245 85 2524 2247 85 2525 2248 85 2526 2249 85 2527 2250 85 2528 2250 85 2529 2249 85 2530 2251 85 2531 2252 85 2532 2253 85 2533 2254 85 2534 2254 85 2535 2253 85 2536 2255 85 2537 2256 31 2538 2257 31 2539 2258 31 2540 2258 31 2541 2257 31 2542 2259 31 2543 2260 34 2544 2261 579 2545 2262 579 2546 2262 579 2547 2261 579 2548 2263 117 2549 2264 0 2550 2265 580 2551 2266 581 2552 2266 581 2553 2265 580 2554 2267 173 2555 2268 263 2556 2269 582 2557 2270 583 2558 2270 583 2559 2269 582 2560 2271 34 2561 2272 584 2562 2273 585 2563 2274 586 2564 2274 586 2565 2273 585 2566 2275 214 2567 2276 587 2568 2277 587 2569 2278 587 2570 2278 587 2571 2277 587 2572 2279 587 2573 2280 588 2574 2281 589 2575 2282 590 2576 2282 590 2577 2281 589 2578 2283 105 2579 2284 591 2580 2285 592 2581 2286 593 2582 2286 593 2583 2285 592 2584 2287 344 2585 2288 594 2586 2289 595 2587 2290 596 2588 2290 596 2589 2289 595 2590 2291 597 2591 2292 598 2592 2293 599 2593 2294 600 2594 2294 600 2595 2293 599 2596 2295 601 2597 2296 34 2598 2297 34 2599 2298 34 2600 2298 34 2601 2297 34 2602 2299 34 2603 2300 602 2604 2301 602 2605 2302 602 2606 2302 602 2607 2301 602 2608 2303 602 2609 2304 432 2610 2305 432 2611 2306 432 2612 2306 432 2613 2305 432 2614 2307 432 2615 2308 31 2616 2309 31 2617 2310 31 2618 2310 31 2619 2309 31 2620 2311 31 2621 2312 603 2622 2313 604 2623 2314 605 2624 2314 605 2625 2313 604 2626 2315 606 2627 2316 607 2628 2317 608 2629 2318 609 2630 2318 609 2631 2317 608 2632 2319 610 2633 2320 611 2634 2321 612 2635 2322 612 2636 2322 612 2637 2321 612 2638 2323 611 2639 2324 253 2640 2325 252 2641 2326 252 2642 2326 252 2643 2325 252 2644 2327 253 2645 2328 613 2646 2329 614 2647 2330 615 2648 2330 615 2649 2329 614 2650 2331 616 2651 2332 432 2652 2333 617 2653 2334 617 2654 2334 617 2655 2333 617 2656 2335 432 2657 2336 618 2658 2337 619 2659 2338 620 2660 2338 620 2661 2337 619 2662 2339 621 2663 2340 622 2664 2341 623 2665 2342 484 2666 2342 484 2667 2341 623 2668 2343 484 2669 2344 624 2670 2345 625 2671 2346 626 2672 2346 626 2673 2345 625 2674 2347 627 2675 2348 628 2676 2349 629 2677 2350 630 2678 2350 630 2679 2349 629 2680 2351 631 2681 2352 632 2682 2353 633 2683 2354 634 2684 2354 634 2685 2353 633 2686 2355 635 2687 2356 636 2688 2357 637 2689 2358 638 2690 2358 638 2691 2357 637 2692 2359 639 2693 2360 640 2694 2361 641 2695 2362 642 2696 2362 642 2697 2361 641 2698 2363 643 2699 2364 31 2700 2365 31 2701 2366 31 2702 2366 31 2703 2365 31 2704 2367 31 2705 2368 644 2706 2369 645 2707 2370 646 2708 2370 646 2709 2369 645 2710 2371 647 2711 2372 648 2712 2373 649 2713 2374 649 2714 2374 649 2715 2373 649 2716 2375 648 2717 2376 650 2718 2377 651 2719 2378 652 2720 2378 652 2721 2377 651 2722 2379 651 2723 2380 653 2724 2381 653 2725 2382 654 2726 2382 654 2727 2381 653 2728 2383 655 2729 2384 656 2730 2385 657 2731 2386 658 2732 2386 658 2733 2385 657 2734 2387 659 2735 2388 660 2736 2389 661 2737 2390 658 2738 2390 658 2739 2389 661 2740 2391 662 2741 2392 663 2742 2393 664 2743 2394 664 2744 2394 664 2745 2393 664 2746 2395 663 2747 2396 665 2748 2397 665 2749 2398 665 2750 2398 665 2751 2397 665 2752 2399 665 2753 2400 172 2754 2401 172 2755 2402 172 2756 2402 172 2757 2401 172 2758 2403 172 2759 2404 666 2760 2405 667 2761 2406 667 2762 2406 667 2763 2405 667 2764 2407 666 2765 2408 161 2766 2409 161 2767 2410 161 2768 2410 161 2769 2409 161 2770 2411 161 2771 2412 668 2772 2413 669 2773 2414 670 2774 2414 670 2775 2413 669 2776 2415 671 2777 2416 86 2778 2417 87 2779 2418 87 2780 2418 87 2781 2417 87 2782 2419 86 2783 2420 34 2784 2421 34 2785 2422 34 2786 2422 34 2787 2421 34 2788 2423 34 2789 2424 34 2790 2425 34 2791 2426 34 2792 2426 34 2793 2425 34 2794 2427 34 2795 2428 34 2796 2429 34 2797 2430 34 2798 2430 34 2799 2429 34 2800 2431 34 2801 2432 34 2802 2433 34 2803 2434 34 2804 2434 34 2805 2433 34 2806 2435 34 2807 2436 0 2808 2437 0 2809 2438 0 2810 2438 0 2811 2437 0 2812 2439 0 2813 2440 0 2814 2441 0 2815 2442 0 2816 2442 0 2817 2441 0 2818 2443 0 2819 2444 672 2820 2445 673 2821 2446 674 2822 2446 674 2823 2445 673 2824 2447 675 2825 2448 676 2826 2449 676 2827 2450 676 2828 2450 676 2829 2449 676 2830 2451 676 2831 2452 677 2832 2453 678 2833 2454 679 2834 2454 679 2835 2453 678 2836 2455 678 2837 2456 680 2838 2457 680 2839 2458 680 2840 2458 680 2841 2457 680 2842 2459 680 2843 2460 681 2844 2461 681 2845 2462 681 2846 2462 681 2847 2461 681 2848 2463 681 2849 2464 682 2850 2465 682 2851 2466 682 2852 2466 682 2853 2465 682 2854 2467 682 2855 2468 683 2856 2469 683 2857 2470 683 2858 2470 683 2859 2469 683 2860 2471 683 2861 2472 0 2862 2473 0 2863 2474 0 2864 2474 0 2865 2473 0 2866 2475 0 2867 2476 0 2868 2477 0 2869 2478 0 2870 2478 0 2871 2477 0 2872 2479 0 2873 2480 0 2874 2481 0 2875 2482 0 2876 2482 0 2877 2481 0 2878 2483 0 2879 2484 0 2880 2485 0 2881 2486 0 2882 2486 0 2883 2485 0 2884 2487 0 2885 2488 0 2886 2489 0 2887 2490 0 2888 2490 0 2889 2489 0 2890 2491 0 2891 2492 0 2892 2493 0 2893 2494 0 2894 2494 0 2895 2493 0 2896 2495 0 2897 2496 0 2898 2497 0 2899 2498 0 2900 2498 0 2901 2497 0 2902 2499 0 2903 2500 0 2904 2501 0 2905 2502 0 2906 2502 0 2907 2501 0 2908 2503 0 2909 2504 0 2910 2505 0 2911 2506 0 2912 2506 0 2913 2505 0 2914 2507 0 2915 2508 0 2916 2509 0 2917 2510 0 2918 2510 0 2919 2509 0 2920 2511 0 2921 2512 0 2922 2513 0 2923 2514 0 2924 2514 0 2925 2513 0 2926 2515 0 2927 2516 0 2928 2517 0 2929 2518 0 2930 2518 0 2931 2517 0 2932 2519 0 2933 2520 0 2934 2521 0 2935 2522 0 2936 2522 0 2937 2521 0 2938 2523 0 2939 2524 0 2940 2525 0 2941 2526 0 2942 2526 0 2943 2525 0 2944 2527 0 2945 2528 0 2946 2529 0 2947 2530 0 2948 2530 0 2949 2529 0 2950 2531 0 2951 2532 684 2952 2533 685 2953 2534 686 2954 2534 686 2955 2533 685 2956 2535 687 2957 2536 688 2958 2537 689 2959 2538 690 2960 2538 690 2961 2537 689 2962 2539 691 2963 2540 692 2964 2541 693 2965 2542 694 2966 2542 694 2967 2541 693 2968 2543 695 2969 2544 696 2970 2545 697 2971 2546 698 2972 2546 698 2973 2545 697 2974 2547 699 2975 2548 700 2976 2549 701 2977 2550 702 2978 2550 702 2979 2549 701 2980 2551 703 2981 2552 704 2982 2553 705 2983 2554 706 2984 2554 706 2985 2553 705 2986 2555 707 2987 2556 708 2988 2557 709 2989 2558 710 2990 2558 710 2991 2557 709 2992 2559 711 2993 2560 712 2994 2561 713 2995 2562 714 2996 2562 714 2997 2561 713 2998 2563 715 2999 2564 34 3000 2565 34 3001 2566 34 3002 2566 34 3003 2565 34 3004 2567 34 3005 2568 34 3006 2569 34 3007 2570 34 3008 2570 34 3009 2569 34 3010 2571 34 3011 2572 716 3012 2573 717 3013 2574 718 3014 2574 718 3015 2573 717 3016 2575 719 3017 2576 720 3018 2577 721 3019 2578 721 3020 2578 721 3021 2577 721 3022 2579 720 3023 2580 722 3024 2581 723 3025 2582 724 3026 2582 724 3027 2581 723 3028 2583 725 3029 2584 726 3030 2585 727 3031 2586 728 3032 2586 728 3033 2585 727 3034 2587 729 3035 2588 730 3036 2589 731 3037 2590 732 3038 2590 732 3039 2589 731 3040 2591 733 3041 2592 734 3042 2593 735 3043 2594 736 3044 2594 736 3045 2593 735 3046 2595 737 3047 2596 738 3048 2597 739 3049 2598 740 3050 2598 740 3051 2597 739 3052 2599 741 3053 2600 742 3054 2601 743 3055 2602 744 3056 2602 744 3057 2601 743 3058 2603 745 3059 2604 746 3060 2605 747 3061 2606 748 3062 2606 748 3063 2605 747 3064 2607 749 3065 2608 106 3066 2609 106 3067 2610 106 3068 2610 106 3069 2609 106 3070 2611 750 3071 2612 751 3072 2613 752 3073 2614 753 3074 2614 753 3075 2613 752 3076 2615 754 3077 2616 34 3078 2617 34 3079 2618 34 3080 2618 34 3081 2617 34 3082 2619 34 3083 2620 34 3084 2621 34 3085 2622 34 3086 2622 34 3087 2621 34 3088 2623 34 3089 2624 34 3090 2625 34 3091 2626 34 3092 2626 34 3093 2625 34 3094 2627 34 3095 2628 34 3096 2629 34 3097 2630 34 3098 2630 34 3099 2629 34 3100 2631 34 3101 2632 0 3102 2633 0 3103 2634 0 3104 2634 0 3105 2633 0 3106 2635 0 3107 2636 31 3108 2637 31 3109 2638 31 3110 2638 31 3111 2637 31 3112 2639 31 3113 2640 755 3114 2641 756 3115 2642 757 3116 2642 757 3117 2641 756 3118 2643 756 3119 2644 758 3120 2645 759 3121 2646 760 3122 2646 760 3123 2645 759 3124 2647 761 3125 2648 762 3126 2649 763 3127 2650 764 3128 2650 764 3129 2649 763 3130 2651 765 3131 2652 34 3132 2653 766 3133 2654 767 3134 2654 767 3135 2653 766 3136 2655 768 3137 2656 0 3138 2657 769 3139 2658 770 3140 2658 770 3141 2657 769 3142 2659 770 3143 2660 771 3144 2661 150 3145 2662 772 3146 2662 772 3147 2661 150 3148 2663 0 3149 2664 768 3150 2665 768 3151 2666 768 3152 2666 768 3153 2665 768 3154 2667 768 3155 2668 773 3156 2669 774 3157 2670 775 3158 2670 775 3159 2669 774 3160 2671 776 3161 2672 777 3162 2673 778 3163 2674 779 3164 2674 779 3165 2673 778 3166 2675 780 3167 2676 149 3168 2677 781 3169 2678 782 3170 2678 782 3171 2677 781 3172 2679 783 3173 2680 784 3174 2681 784 3175 2682 784 3176 2682 784 3177 2681 784 3178 2683 784 3179 2684 785 3180 2685 786 3181 2686 786 3182 2686 786 3183 2685 786 3184 2687 785 3185 2688 34 3186 2689 34 3187 2690 34 3188 2690 34 3189 2689 34 3190 2691 34 3191 2692 484 3192 2693 623 3193 2694 623 3194 2694 623 3195 2693 623 3196 2695 484 3197 2696 169 3198 2697 169 3199 2698 168 3200 2698 168 3201 2697 169 3202 2699 168 3203 2700 434 3204 2701 434 3205 2702 434 3206 2702 434 3207 2701 434 3208 2703 434 3209 2704 787 3210 2705 787 3211 2706 787 3212 2706 787 3213 2705 787 3214 2707 787 3215 2708 788 3216 2709 788 3217 2710 788 3218 2710 788 3219 2709 788 3220 2711 788 3221 2712 789 3222 2713 790 3223 2714 790 3224 2714 790 3225 2713 790 3226 2715 789 3227 2716 41 3228 2717 791 3229 2718 791 3230 2718 791 3231 2717 791 3232 2719 41 3233 2720 792 3234 2721 793 3235 2722 794 3236 2722 794 3237 2721 793 3238 2723 795 3239 2724 796 3240 2725 797 3241 2726 798 3242 2726 798 3243 2725 797 3244 2727 799 3245 2728 676 3246 2729 800 3247 2730 800 3248 2730 800 3249 2729 800 3250 2731 676 3251 2732 801 3252 2733 802 3253 2734 803 3254 2734 803 3255 2733 802 3256 2735 804 3257 2736 805 3258 2737 806 3259 2738 807 3260 2738 807 3261 2737 806 3262 2739 808 3263 2740 809 3264 2741 810 3265 2742 809 3266 2742 809 3267 2741 810 3268 2743 810 3269 2744 811 3270 2745 812 3271 2746 812 3272 2746 812 3273 2745 812 3274 2747 811 3275 2748 813 3276 2749 814 3277 2750 814 3278 2750 814 3279 2749 814 3280 2751 813 3281 2752 214 3282 2753 214 3283 2754 214 3284 2754 214 3285 2753 214 3286 2755 214 3287 2756 262 3288 2757 262 3289 2758 263 3290 2758 263 3291 2757 262 3292 2759 262 3293 2760 485 3294 2761 486 3295 2762 486 3296 2762 486 3297 2761 486 3298 2763 485 3299 2764 161 3300 2765 161 3301 2766 161 3302 2766 161 3303 2765 161 3304 2767 161 3305 2768 815 3306 2769 816 3307 2770 817 3308 2770 817 3309 2769 816 3310 2771 818 3311 2772 819 3312 2773 820 3313 2774 821 3314 2774 821 3315 2773 820 3316 2775 821 3317 2776 822 3318 2777 823 3319 2778 823 3320 2778 823 3321 2777 823 3322 2779 822 3323 2780 822 3324 2781 824 3325 2782 824 3326 2782 824 3327 2781 824 3328 2783 822 3329 2784 825 3330 2785 826 3331 2786 827 3332 2786 827 3333 2785 826 3334 2787 828 3335 2788 829 3336 2789 829 3337 2790 829 3338 2790 829 3339 2789 829 3340 2791 829 3341 2792 214 3342 2793 214 3343 2794 214 3344 2794 214 3345 2793 214 3346 2795 214 3347 2796 830 3348 2797 831 3349 2798 831 3350 2798 831 3351 2797 831 3352 2799 830 3353 2800 832 3354 2801 832 3355 2802 833 3356 2802 833 3357 2801 832 3358 2803 834 3359 2804 85 3360 2805 85 3361 2806 85 3362 2806 85 3363 2805 85 3364 2807 85 3365 2808 835 3366 2809 836 3367 2810 837 3368 2810 837 3369 2809 836 3370 2811 838 3371 2812 34 3372 2813 34 3373 2814 34 3374 2814 34 3375 2813 34 3376 2815 34 3377 2816 34 3378 2817 34 3379 2818 34 3380 2818 34 3381 2817 34 3382 2819 34 3383 2820 34 3384 2821 34 3385 2822 34 3386 2822 34 3387 2821 34 3388 2823 34 3389 2824 34 3390 2825 34 3391 2826 34 3392 2826 34 3393 2825 34 3394 2827 34 3395 2828 0 3396 2829 0 3397 2830 0 3398 2830 0 3399 2829 0 3400 2831 0 3401 2832 0 3402 2833 0 3403 2834 0 3404 2834 0 3405 2833 0 3406 2835 0 3407 2836 839 3408 2837 839 3409 2838 839 3410 2838 839 3411 2837 839 3412 2839 839 3413 2840 840 3414 2841 841 3415 2842 841 3416 2842 841 3417 2841 841 3418 2843 840 3419 2844 842 3420 2845 843 3421 2846 842 3422 2846 842 3423 2845 843 3424 2847 842 3425 2848 844 3426 2849 844 3427 2850 844 3428 2850 844 3429 2849 844 3430 2851 844 3431 2852 845 3432 2853 845 3433 2854 845 3434 2854 845 3435 2853 845 3436 2855 845 3437 2856 846 3438 2857 846 3439 2858 846 3440 2858 846 3441 2857 846 3442 2859 846 3443 2860 847 3444 2861 847 3445 2862 847 3446 2862 847 3447 2861 847 3448 2863 847 3449 2864 0 3450 2865 0 3451 2866 0 3452 2866 0 3453 2865 0 3454 2867 0 3455 2868 0 3456 2869 0 3457 2870 0 3458 2870 0 3459 2869 0 3460 2871 0 3461 2872 0 3462 2873 0 3463 2874 0 3464 2874 0 3465 2873 0 3466 2875 0 3467 2876 0 3468 2877 0 3469 2878 0 3470 2878 0 3471 2877 0 3472 2879 0 3473 2880 0 3474 2881 0 3475 2882 0 3476 2882 0 3477 2881 0 3478 2883 0 3479 2884 0 3480 2885 0 3481 2886 0 3482 2886 0 3483 2885 0 3484 2887 0 3485 2888 0 3486 2889 0 3487 2890 0 3488 2890 0 3489 2889 0 3490 2891 0 3491 2892 0 3492 2893 0 3493 2894 0 3494 2894 0 3495 2893 0 3496 2895 0 3497 2896 0 3498 2897 0 3499 2898 0 3500 2898 0 3501 2897 0 3502 2899 0 3503 2900 0 3504 2901 0 3505 2902 0 3506 2902 0 3507 2901 0 3508 2903 0 3509 2904 0 3510 2905 0 3511 2906 0 3512 2906 0 3513 2905 0 3514 2907 0 3515 2908 0 3516 2909 0 3517 2910 0 3518 2910 0 3519 2909 0 3520 2911 0 3521 2912 0 3522 2913 0 3523 2914 0 3524 2914 0 3525 2913 0 3526 2915 0 3527 2916 0 3528 2917 0 3529 2918 0 3530 2918 0 3531 2917 0 3532 2919 0 3533 2920 0 3534 2921 0 3535 2922 0 3536 2922 0 3537 2921 0 3538 2923 0 3539 2924 848 3540 2925 849 3541 2926 850 3542 2926 850 3543 2925 849 3544 2927 851 3545 2928 852 3546 2929 853 3547 2930 854 3548 2930 854 3549 2929 853 3550 2931 855 3551 2932 856 3552 2933 857 3553 2934 858 3554 2934 858 3555 2933 857 3556 2935 859 3557 2936 860 3558 2937 861 3559 2938 862 3560 2938 862 3561 2937 861 3562 2939 863 3563 2940 864 3564 2941 865 3565 2942 866 3566 2942 866 3567 2941 865 3568 2943 867 3569 2944 868 3570 2945 869 3571 2946 870 3572 2946 870 3573 2945 869 3574 2947 871 3575 2948 872 3576 2949 873 3577 2950 874 3578 2950 874 3579 2949 873 3580 2951 875 3581 2952 876 3582 2953 877 3583 2954 878 3584 2954 878 3585 2953 877 3586 2955 879 3587 2956 34 3588 2957 34 3589 2958 34 3590 2958 34 3591 2957 34 3592 2959 34 3593 2960 34 3594 2961 34 3595 2962 34 3596 2962 34 3597 2961 34 3598 2963 34 3599 2964 880 3600 2965 881 3601 2966 882 3602 2966 882 3603 2965 881 3604 2967 883 3605 2968 884 3606 2969 885 3607 2970 885 3608 2970 885 3609 2969 885 3610 2971 884 3611 2972 886 3612 2973 887 3613 2974 888 3614 2974 888 3615 2973 887 3616 2975 889 3617 2976 890 3618 2977 891 3619 2978 892 3620 2978 892 3621 2977 891 3622 2979 893 3623 2980 894 3624 2981 895 3625 2982 896 3626 2982 896 3627 2981 895 3628 2983 897 3629 2984 898 3630 2985 899 3631 2986 900 3632 2986 900 3633 2985 899 3634 2987 901 3635 2988 902 3636 2989 903 3637 2990 904 3638 2990 904 3639 2989 903 3640 2991 905 3641 2992 906 3642 2993 907 3643 2994 908 3644 2994 908 3645 2993 907 3646 2995 909 3647 2996 910 3648 2997 911 3649 2998 912 3650 2998 912 3651 2997 911 3652 2999 913 3653 3000 879 3654 3001 914 3655 3002 915 3656 3002 915 3657 3001 914 3658 3003 916 3659 3004 917 3660 3005 918 3661 3006 919 3662 3006 919 3663 3005 918 3664 3007 920 3665 3008 34 3666 3009 34 3667 3010 34 3668 3010 34 3669 3009 34 3670 3011 34 3671 3012 34 3672 3013 34 3673 3014 34 3674 3014 34 3675 3013 34 3676 3015 34 3677 3016 34 3678 3017 34 3679 3018 34 3680 3018 34 3681 3017 34 3682 3019 34 3683 3020 34 3684 3021 34 3685 3022 34 3686 3022 34 3687 3021 34 3688 3023 34 3689 3024 0 3690 3025 0 3691 3026 0 3692 3026 0 3693 3025 0 3694 3027 0 3695 3028 434 3696 3029 434 3697 3030 434 3698 3030 434 3699 3029 434 3700 3031 434 3701 3032 784 3702 3033 921 3703 3034 922 3704 3034 922 3705 3033 921 3706 3035 434 3707 3036 117 3708 3037 117 3709 3038 117 3710 3038 117 3711 3037 117 3712 3039 117 3713 3040 923 3714 3041 924 3715 3042 925 3716 3042 925 3717 3041 924 3718 3043 926 3719 3044 34 3720 3045 927 3721 3046 928 3722 3046 928 3723 3045 927 3724 3047 929 3725 3048 0 3726 3049 930 3727 3050 931 3728 3050 931 3729 3049 930 3730 3051 839 3731 3052 161 3732 3053 161 3733 3054 932 3734 3054 932 3735 3053 161 3736 3055 0 3737 3056 419 3738 3057 419 3739 3058 419 3740 3058 419 3741 3057 419 3742 3059 419 3743 3060 161 3744 3061 161 3745 3062 161 3746 3062 161 3747 3061 161 3748 3063 161 3749 3064 933 3750 3065 934 3751 3066 935 3752 3066 935 3753 3065 934 3754 3067 936 3755 3068 937 3756 3069 938 3757 3070 939 3758 3070 939 3759 3069 938 3760 3071 940 3761 3072 941 3762 3073 942 3763 3074 943 3764 3074 943 3765 3073 942 3766 3075 944 3767 3076 945 3768 3077 946 3769 3078 946 3770 3078 946 3771 3077 946 3772 3079 945 3773 3080 34 3774 3081 34 3775 3082 34 3776 3082 34 3777 3081 34 3778 3083 34 3779 3084 947 3780 3085 948 3781 3086 949 3782 3086 949 3783 3085 948 3784 3087 950 3785 3088 214 3786 3089 214 3787 3090 214 3788 3090 214 3789 3089 214 3790 3091 214 3791 3092 951 3792 3093 952 3793 3094 953 3794 3094 953 3795 3093 952 3796 3095 954 3797 3096 955 3798 3097 956 3799 3098 956 3800 3098 956 3801 3097 956 3802 3099 955 3803 3100 161 3804 3101 161 3805 3102 161 3806 3102 161 3807 3101 161 3808 3103 161 3809 3104 957 3810 3105 88 3811 3106 88 3812 3106 88 3813 3105 88 3814 3107 957 3815 3108 85 3816 3109 85 3817 3110 85 3818 3110 85 3819 3109 85 3820 3111 85 3821 3112 31 3822 3113 31 3823 3114 31 3824 3114 31 3825 3113 31 3826 3115 31 3827 3116 611 3828 3117 611 3829 3118 611 3830 3118 611 3831 3117 611 3832 3119 611 3833 3120 839 3834 3121 839 3835 3122 839 3836 3122 839 3837 3121 839 3838 3123 839 3839 3124 958 3840 3125 139 3841 3126 959 3842 3126 959 3843 3125 139 3844 3127 140 3845 3128 960 3846 3129 961 3847 3130 962 3848 3130 962 3849 3129 961 3850 3131 963 3851 3132 964 3852 3133 965 3853 3134 964 3854 3134 964 3855 3133 965 3856 3135 966 3857 3136 39 3858 3137 39 3859 3138 41 3860 3138 41 3861 3137 39 3862 3139 41 3863 3140 967 3864 3141 968 3865 3142 969 3866 3142 969 3867 3141 968 3868 3143 970 3869 3144 971 3870 3145 972 3871 3146 972 3872 3146 972 3873 3145 972 3874 3147 971 3875 3148 215 3876 3149 215 3877 3150 216 3878 3150 216 3879 3149 215 3880 3151 215 3881 3152 663 3882 3153 664 3883 3154 664 3884 3154 664 3885 3153 664 3886 3155 663 3887 3156 659 3888 3157 657 3889 3158 658 3890 3158 658 3891 3157 657 3892 3159 656 3893 3160 839 3894 3161 839 3895 3162 839 3896 3162 839 3897 3161 839 3898 3163 839 3899 3164 973 3900 3165 974 3901 3166 975 3902 3166 975 3903 3165 974 3904 3167 973 3905 3168 31 3906 3169 31 3907 3170 31 3908 3170 31 3909 3169 31 3910 3171 31 3911 3172 31 3912 3173 31 3913 3174 31 3914 3174 31 3915 3173 31 3916 3175 31 3917 3176 976 3918 3177 977 3919 3178 977 3920 3178 977 3921 3177 977 3922 3179 976 3923 3180 976 3924 3181 976 3925 3182 976 3926 3182 976 3927 3181 976 3928 3183 976 3929 3184 493 3930 3185 492 3931 3186 492 3932 3186 492 3933 3185 492 3934 3187 493 3935 3188 31 3936 3189 31 3937 3190 31 3938 3190 31 3939 3189 31 3940 3191 31 3941 3192 978 3942 3193 979 3943 3194 978 3944 3194 978 3945 3193 979 3946 3195 980 3947 3196 488 3948 3197 487 3949 3198 488 3950 3198 488 3951 3197 487 3952 3199 981 3953 3200 172 3954 3201 173 3955 3202 173 3956 3202 173 3957 3201 173 3958 3203 172 3959 3204 34 3960 3205 34 3961 3206 34 3962 3206 34 3963 3205 34 3964 3207 34 3965 3208 34 3966 3209 34 3967 3210 34 3968 3210 34 3969 3209 34 3970 3211 34 3971 3212 34 3972 3213 34 3973 3214 34 3974 3214 34 3975 3213 34 3976 3215 34 3977 3216 34 3978 3217 34 3979 3218 34 3980 3218 34 3981 3217 34 3982 3219 34 3983 3220 0 3984 3221 0 3985 3222 0 3986 3222 0 3987 3221 0 3988 3223 0 3989 3224 0 3990 3225 0 3991 3226 0 3992 3226 0 3993 3225 0 3994 3227 0 3995 3228 982 3996 3229 982 3997 3230 982 3998 3230 982 3999 3229 982 4000 3231 982 4001 3232 983 4002 3233 983 4003 3234 983 4004 3234 983 4005 3233 983 4006 3235 983 4007 3236 602 4008 3237 984 4009 3238 602 4010 3238 602 4011 3237 984 4012 3239 985 4013 3240 986 4014 3241 986 4015 3242 986 4016 3242 986 4017 3241 986 4018 3243 986 4019 3244 987 4020 3245 987 4021 3246 987 4022 3246 987 4023 3245 987 4024 3247 987 4025 3248 988 4026 3249 988 4027 3250 988 4028 3250 988 4029 3249 988 4030 3251 988 4031 3252 989 4032 3253 989 4033 3254 989 4034 3254 989 4035 3253 989 4036 3255 989 4037 3256 0 4038 3257 0 4039 3258 0 4040 3258 0 4041 3257 0 4042 3259 0 4043 3260 0 4044 3261 0 4045 3262 0 4046 3262 0 4047 3261 0 4048 3263 0 4049 3264 0 4050 3265 0 4051 3266 0 4052 3266 0 4053 3265 0 4054 3267 0 4055 3268 0 4056 3269 0 4057 3270 0 4058 3270 0 4059 3269 0 4060 3271 0 4061 3272 0 4062 3273 0 4063 3274 0 4064 3274 0 4065 3273 0 4066 3275 0 4067 3276 0 4068 3277 0 4069 3278 0 4070 3278 0 4071 3277 0 4072 3279 0 4073 3280 0 4074 3281 0 4075 3282 0 4076 3282 0 4077 3281 0 4078 3283 0 4079 3284 0 4080 3285 0 4081 3286 0 4082 3286 0 4083 3285 0 4084 3287 0 4085 3288 0 4086 3289 0 4087 3290 0 4088 3290 0 4089 3289 0 4090 3291 0 4091 3292 0 4092 3293 0 4093 3294 0 4094 3294 0 4095 3293 0 4096 3295 0 4097 3296 0 4098 3297 0 4099 3298 0 4100 3298 0 4101 3297 0 4102 3299 0 4103 3300 0 4104 3301 0 4105 3302 0 4106 3302 0 4107 3301 0 4108 3303 0 4109 3304 0 4110 3305 0 4111 3306 0 4112 3306 0 4113 3305 0 4114 3307 0 4115 3308 0 4116 3309 0 4117 3310 0 4118 3310 0 4119 3309 0 4120 3311 0 4121 3312 0 4122 3313 0 4123 3314 0 4124 3314 0 4125 3313 0 4126 3315 34 4127 3316 990 4128 3317 991 4129 3318 992 4130 3318 992 4131 3317 991 4132 3319 993 4133 3320 994 4134 3321 995 4135 3322 996 4136 3322 996 4137 3321 995 4138 3323 997 4139 3324 998 4140 3325 999 4141 3326 1000 4142 3326 1000 4143 3325 999 4144 3327 1001 4145 3328 1002 4146 3329 1003 4147 3330 1004 4148 3330 1004 4149 3329 1003 4150 3331 1005 4151 3332 1006 4152 3333 1007 4153 3334 1008 4154 3334 1008 4155 3333 1007 4156 3335 1009 4157 3336 1010 4158 3337 1011 4159 3338 1012 4160 3338 1012 4161 3337 1011 4162 3339 1013 4163 3340 1014 4164 3341 1015 4165 3342 1016 4166 3342 1016 4167 3341 1015 4168 3343 1017 4169 3344 1018 4170 3345 1019 4171 3346 1020 4172 3346 1020 4173 3345 1019 4174 3347 193 4175 3348 34 4176 3349 34 4177 3350 34 4178 3350 34 4179 3349 34 4180 3351 34 4181 3352 34 4182 3353 34 4183 3354 34 4184 3354 34 4185 3353 34 4186 3355 34 4187 3356 1021 4188 3357 1022 4189 3358 1023 4190 3358 1023 4191 3357 1022 4192 3359 1024 4193 3360 1025 4194 3361 1026 4195 3362 1027 4196 3362 1027 4197 3361 1026 4198 3363 1028 4199 3364 1029 4200 3365 1030 4201 3366 1031 4202 3366 1031 4203 3365 1030 4204 3367 1032 4205 3368 1033 4206 3369 1034 4207 3370 1035 4208 3370 1035 4209 3369 1034 4210 3371 1036 4211 3372 1037 4212 3373 1038 4213 3374 1039 4214 3374 1039 4215 3373 1038 4216 3375 1040 4217 3376 1041 4218 3377 1042 4219 3378 1043 4220 3378 1043 4221 3377 1042 4222 3379 1044 4223 3380 1045 4224 3381 1046 4225 3382 1047 4226 3382 1047 4227 3381 1046 4228 3383 1048 4229 3384 1049 4230 3385 1050 4231 3386 1051 4232 3386 1051 4233 3385 1050 4234 3387 1052 4235 3388 1053 4236 3389 1054 4237 3390 1055 4238 3390 1055 4239 3389 1054 4240 3391 1056 4241 3392 1057 4242 3393 1058 4243 3394 1059 4244 3394 1059 4245 3393 1058 4246 3395 1060 4247 3396 1061 4248 3397 1062 4249 3398 1063 4250 3398 1063 4251 3397 1062 4252 3399 1064 4253 3400 34 4254 3401 34 4255 3402 34 4256 3402 34 4257 3401 34 4258 3403 34 4259 3404 34 4260 3405 34 4261 3406 34 4262 3406 34 4263 3405 34 4264 3407 34 4265 3408 34 4266 3409 34 4267 3410 34 4268 3410 34 4269 3409 34 4270 3411 34 4271 3412 34 4272 3413 34 4273 3414 34 4274 3414 34 4275 3413 34 4276 3415 34 4277 3416 0 4278 3417 0 4279 3418 0 4280 3418 0 4281 3417 0 4282 3419 0 4283 3420 214 4284 3421 214 4285 3422 214 4286 3422 214 4287 3421 214 4288 3423 214 4289 3424 214 4290 3425 214 4291 3426 214 4292 3426 214 4293 3425 214 4294 3427 214 4295 3428 214 4296 3429 214 4297 3430 214 4298 3430 214 4299 3429 214 4300 3431 214 4301 3432 161 4302 3433 161 4303 3434 161 4304 3434 161 4305 3433 161 4306 3435 161 4307 3436 34 4308 3437 1065 4309 3438 1065 4310 3438 1065 4311 3437 1065 4312 3439 246 4313 3440 0 4314 3441 1066 4315 3442 1067 4316 3442 1067 4317 3441 1066 4318 3443 44 4319 3444 268 4320 3445 1068 4321 3446 1069 4322 3446 1069 4323 3445 1068 4324 3447 34 4325 3448 1070 4326 3449 1071 4327 3450 1072 4328 3450 1072 4329 3449 1071 4330 3451 85 4331 3452 1073 4332 3453 1073 4333 3454 1073 4334 3454 1073 4335 3453 1073 4336 3455 1073 4337 3456 1074 4338 3457 1075 4339 3458 1076 4340 3458 1076 4341 3457 1075 4342 3459 234 4343 3460 1077 4344 3461 1078 4345 3462 1079 4346 3462 1079 4347 3461 1078 4348 3463 325 4349 3464 1080 4350 3465 1081 4351 3466 1082 4352 3466 1082 4353 3465 1081 4354 3467 1083 4355 3468 1084 4356 3469 1085 4357 3470 1086 4358 3470 1086 4359 3469 1085 4360 3471 1087 4361 3472 34 4362 3473 34 4363 3474 34 4364 3474 34 4365 3473 34 4366 3475 34 4367 3476 497 4368 3477 497 4369 3478 497 4370 3478 497 4371 3477 497 4372 3479 497 4373 3480 839 4374 3481 839 4375 3482 839 4376 3482 839 4377 3481 839 4378 3483 839 4379 3484 161 4380 3485 161 4381 3486 161 4382 3486 161 4383 3485 161 4384 3487 161 4385 3488 1088 4386 3489 1089 4387 3490 1090 4388 3490 1090 4389 3489 1089 4390 3491 1091 4391 3492 1092 4392 3493 1093 4393 3494 1094 4394 3494 1094 4395 3493 1093 4396 3495 1095 4397 3496 460 4398 3497 1096 4399 3498 1096 4400 3498 1096 4401 3497 1096 4402 3499 460 4403 3500 124 4404 3501 123 4405 3502 123 4406 3502 123 4407 3501 123 4408 3503 124 4409 3504 1097 4410 3505 1098 4411 3506 1099 4412 3506 1099 4413 3505 1098 4414 3507 1100 4415 3508 839 4416 3509 1101 4417 3510 1101 4418 3510 1101 4419 3509 1101 4420 3511 839 4421 3512 668 4422 3513 1102 4423 3514 1103 4424 3514 1103 4425 3513 1102 4426 3515 1104 4427 3516 1105 4428 3517 1106 4429 3518 975 4430 3518 975 4431 3517 1106 4432 3519 975 4433 3520 1107 4434 3521 1108 4435 3522 1109 4436 3522 1109 4437 3521 1108 4438 3523 1110 4439 3524 1111 4440 3525 1112 4441 3526 1113 4442 3526 1113 4443 3525 1112 4444 3527 1114 4445 3528 1115 4446 3529 1116 4447 3530 1117 4448 3530 1117 4449 3529 1116 4450 3531 1118 4451 3532 1119 4452 3533 1120 4453 3534 1121 4454 3534 1121 4455 3533 1120 4456 3535 1122 4457 3536 1123 4458 3537 1124 4459 3538 1125 4460 3538 1125 4461 3537 1124 4462 3539 1126 4463 3540 161 4464 3541 161 4465 3542 161 4466 3542 161 4467 3541 161 4468 3543 161 4469 3544 828 4470 3545 826 4471 3546 827 4472 3546 827 4473 3545 826 4474 3547 825 4475 3548 822 4476 3549 823 4477 3550 823 4478 3550 823 4479 3549 823 4480 3551 822 4481 3552 1127 4482 3553 1128 4483 3554 1129 4484 3554 1129 4485 3553 1128 4486 3555 1128 4487 3556 1130 4488 3557 1130 4489 3558 1131 4490 3558 1131 4491 3557 1130 4492 3559 1132 4493 3560 481 4494 3561 479 4495 3562 480 4496 3562 480 4497 3561 479 4498 3563 478 4499 3564 1133 4500 3565 1134 4501 3566 480 4502 3566 480 4503 3565 1134 4504 3567 1135 4505 3568 476 4506 3569 477 4507 3570 477 4508 3570 477 4509 3569 477 4510 3571 476 4511 3572 1136 4512 3573 1136 4513 3574 1136 4514 3574 1136 4515 3573 1136 4516 3575 1136 4517 3576 43 4518 3577 43 4519 3578 43 4520 3578 43 4521 3577 43 4522 3579 43 4523 3580 1137 4524 3581 1138 4525 3582 1138 4526 3582 1138 4527 3581 1138 4528 3583 1137 4529 3584 31 4530 3585 31 4531 3586 31 4532 3586 31 4533 3585 31 4534 3587 31 4535 3588 618 4536 3589 1139 4537 3590 1140 4538 3590 1140 4539 3589 1139 4540 3591 1141 4541 3592 215 4542 3593 216 4543 3594 216 4544 3594 216 4545 3593 216 4546 3595 215 4547 3596 34 4548 3597 34 4549 3598 34 4550 3598 34 4551 3597 34 4552 3599 34 4553 3600 34 4554 3601 34 4555 3602 34 4556 3602 34 4557 3601 34 4558 3603 34 4559 3604 34 4560 3605 34 4561 3606 34 4562 3606 34 4563 3605 34 4564 3607 34 4565 3608 34 4566 3609 34 4567 3610 34 4568 3610 34 4569 3609 34 4570 3611 34 4571 3612 0 4572 3613 0 4573 3614 0 4574 3614 0 4575 3613 0 4576 3615 0 4577 3616 0 4578 3617 0 4579 3618 0 4580 3618 0 4581 3617 0 4582 3619 0 4583 3620 1142 4584 3621 1143 4585 3622 1144 4586 3622 1144 4587 3621 1143 4588 3623 1145 4589 3624 1146 4590 3625 1146 4591 3626 1146 4592 3626 1146 4593 3625 1146 4594 3627 1146 4595 3628 1147 4596 3629 1148 4597 3630 1149 4598 3630 1149 4599 3629 1148 4600 3631 1148 4601 3632 1150 4602 3633 1150 4603 3634 1150 4604 3634 1150 4605 3633 1150 4606 3635 1150 4607 3636 1151 4608 3637 1151 4609 3638 1151 4610 3638 1151 4611 3637 1151 4612 3639 1151 4613 3640 1152 4614 3641 1152 4615 3642 1152 4616 3642 1152 4617 3641 1152 4618 3643 1152 4619 3644 1153 4620 3645 1153 4621 3646 1153 4622 3646 1153 4623 3645 1153 4624 3647 1153 4625 3648 0 4626 3649 0 4627 3650 0 4628 3650 0 4629 3649 0 4630 3651 0 4631 3652 0 4632 3653 0 4633 3654 0 4634 3654 0 4635 3653 0 4636 3655 0 4637 3656 0 4638 3657 0 4639 3658 0 4640 3658 0 4641 3657 0 4642 3659 0 4643 3660 0 4644 3661 0 4645 3662 0 4646 3662 0 4647 3661 0 4648 3663 0 4649 3664 0 4650 3665 0 4651 3666 0 4652 3666 0 4653 3665 0 4654 3667 0 4655 3668 0 4656 3669 0 4657 3670 0 4658 3670 0 4659 3669 0 4660 3671 0 4661 3672 0 4662 3673 0 4663 3674 0 4664 3674 0 4665 3673 0 4666 3675 0 4667 3676 0 4668 3677 0 4669 3678 0 4670 3678 0 4671 3677 0 4672 3679 0 4673 3680 0 4674 3681 0 4675 3682 0 4676 3682 0 4677 3681 0 4678 3683 0 4679 3684 0 4680 3685 0 4681 3686 0 4682 3686 0 4683 3685 0 4684 3687 0 4685 3688 0 4686 3689 0 4687 3690 0 4688 3690 0 4689 3689 0 4690 3691 0 4691 3692 0 4692 3693 0 4693 3694 0 4694 3694 0 4695 3693 0 4696 3695 0 4697 3696 0 4698 3697 0 4699 3698 0 4700 3698 0 4701 3697 0 4702 3699 0 4703 3700 0 4704 3701 0 4705 3702 0 4706 3702 0 4707 3701 0 4708 3703 0 4709 3704 0 4710 3705 0 4711 3706 0 4712 3706 0 4713 3705 0 4714 3707 0 4715 3708 1154 4716 3709 1155 4717 3710 1156 4718 3710 1156 4719 3709 1155 4720 3711 1157 4721 3712 1158 4722 3713 1159 4723 3714 1160 4724 3714 1160 4725 3713 1159 4726 3715 1161 4727 3716 1162 4728 3717 1163 4729 3718 1164 4730 3718 1164 4731 3717 1163 4732 3719 1165 4733 3720 1166 4734 3721 1167 4735 3722 1168 4736 3722 1168 4737 3721 1167 4738 3723 1169 4739 3724 1170 4740 3725 1171 4741 3726 1172 4742 3726 1172 4743 3725 1171 4744 3727 1173 4745 3728 1174 4746 3729 1175 4747 3730 1176 4748 3730 1176 4749 3729 1175 4750 3731 1177 4751 3732 1178 4752 3733 1179 4753 3734 1180 4754 3734 1180 4755 3733 1179 4756 3735 1181 4757 3736 1182 4758 3737 1183 4759 3738 1184 4760 3738 1184 4761 3737 1183 4762 3739 1185 4763 3740 34 4764 3741 34 4765 3742 34 4766 3742 34 4767 3741 34 4768 3743 34 4769 3744 34 4770 3745 34 4771 3746 34 4772 3746 34 4773 3745 34 4774 3747 34 4775 3748 1186 4776 3749 1187 4777 3750 1188 4778 3750 1188 4779 3749 1187 4780 3751 1189 4781 3752 1190 4782 3753 1191 4783 3754 1191 4784 3754 1191 4785 3753 1191 4786 3755 1190 4787 3756 1192 4788 3757 1193 4789 3758 1194 4790 3758 1194 4791 3757 1193 4792 3759 1195 4793 3760 1196 4794 3761 1197 4795 3762 1198 4796 3762 1198 4797 3761 1197 4798 3763 1199 4799 3764 1200 4800 3765 1201 4801 3766 1202 4802 3766 1202 4803 3765 1201 4804 3767 1203 4805 3768 1204 4806 3769 1205 4807 3770 1206 4808 3770 1206 4809 3769 1205 4810 3771 1207 4811 3772 1208 4812 3773 1209 4813 3774 1210 4814 3774 1210 4815 3773 1209 4816 3775 1211 4817 3776 1212 4818 3777 1213 4819 3778 1214 4820 3778 1214 4821 3777 1213 4822 3779 1215 4823 3780 1216 4824 3781 1217 4825 3782 1218 4826 3782 1218 4827 3781 1217 4828 3783 1219 4829 3784 235 4830 3785 235 4831 3786 235 4832 3786 235 4833 3785 235 4834 3787 1220 4835 3788 1221 4836 3789 1222 4837 3790 1223 4838 3790 1223 4839 3789 1222 4840 3791 1224 4841 3792 34 4842 3793 34 4843 3794 34 4844 3794 34 4845 3793 34 4846 3795 34 4847 3796 34 4848 3797 34 4849 3798 34 4850 3798 34 4851 3797 34 4852 3799 34 4853 3800 34 4854 3801 34 4855 3802 34 4856 3802 34 4857 3801 34 4858 3803 34 4859 3804 34 4860 3805 34 4861 3806 34 4862 3806 34 4863 3805 34 4864 3807 34 4865 3808 0 4866 3809 0 4867 3810 0 4868 3810 0 4869 3809 0 4870 3811 0 4871 3812 161 4872 3813 161 4873 3814 161 4874 3814 161 4875 3813 161 4876 3815 161 4877 3816 1225 4878 3817 1226 4879 3818 1227 4880 3818 1227 4881 3817 1226 4882 3819 1226 4883 3820 1228 4884 3821 1229 4885 3822 1230 4886 3822 1230 4887 3821 1229 4888 3823 1231 4889 3824 1232 4890 3825 1233 4891 3826 1234 4892 3826 1234 4893 3825 1233 4894 3827 1235 4895 3828 34 4896 3829 1236 4897 3830 1237 4898 3830 1237 4899 3829 1236 4900 3831 1238 4901 3832 0 4902 3833 1239 4903 3834 1240 4904 3834 1240 4905 3833 1239 4906 3835 1240 4907 3836 1241 4908 3837 20 4909 3838 1242 4910 3838 1242 4911 3837 20 4912 3839 0 4913 3840 1238 4914 3841 1238 4915 3842 1238 4916 3842 1238 4917 3841 1238 4918 3843 1238 4919 3844 1243 4920 3845 1244 4921 3846 1245 4922 3846 1245 4923 3845 1244 4924 3847 1246 4925 3848 1247 4926 3849 1248 4927 3850 1249 4928 3850 1249 4929 3849 1248 4930 3851 1250 4931 3852 19 4932 3853 1251 4933 3854 1252 4934 3854 1252 4935 3853 1251 4936 3855 1253 4937 3856 420 4938 3857 420 4939 3858 420 4940 3858 420 4941 3857 420 4942 3859 420 4943 3860 1254 4944 3861 1255 4945 3862 1255 4946 3862 1255 4947 3861 1255 4948 3863 1254 4949 3864 34 4950 3865 34 4951 3866 34 4952 3866 34 4953 3865 34 4954 3867 34 4955 3868 975 4956 3869 1106 4957 3870 1106 4958 3870 1106 4959 3869 1106 4960 3871 975 4961 3872 40 4962 3873 40 4963 3874 39 4964 3874 39 4965 3873 40 4966 3875 39 4967 3876 419 4968 3877 419 4969 3878 419 4970 3878 419 4971 3877 419 4972 3879 419 4973 3880 1256 4974 3881 1256 4975 3882 1256 4976 3882 1256 4977 3881 1256 4978 3883 1256 4979 3884 1257 4980 3885 1257 4981 3886 1257 4982 3886 1257 4983 3885 1257 4984 3887 1257 4985 3888 1258 4986 3889 1259 4987 3890 1259 4988 3890 1259 4989 3889 1259 4990 3891 1258 4991 3892 170 4992 3893 1260 4993 3894 1260 4994 3894 1260 4995 3893 1260 4996 3895 170 4997 3896 1261 4998 3897 1262 4999 3898 1263 5000 3898 1263 5001 3897 1262 5002 3899 1264 5003 3900 1265 5004 3901 1266 5005 3902 1267 5006 3902 1267 5007 3901 1266 5008 3903 1268 5009 3904 1146 5010 3905 1269 5011 3906 1269 5012 3906 1269 5013 3905 1269 5014 3907 1146 5015 3908 1270 5016 3909 1271 5017 3910 1272 5018 3910 1272 5019 3909 1271 5020 3911 1273 5021 3912 1274 5022 3913 1275 5023 3914 1276 5024 3914 1276 5025 3913 1275 5026 3915 1277 5027 3916 1278 5028 3917 1279 5029 3918 1278 5030 3918 1278 5031 3917 1279 5032 3919 1279 5033 3920 1280 5034 3921 1281 5035 3922 1281 5036 3922 1281 5037 3921 1281 5038 3923 1280 5039 3924 1282 5040 3925 1283 5041 3926 1283 5042 3926 1283 5043 3925 1283 5044 3927 1282 5045 3928 85 5046 3929 85 5047 3930 85 5048 3930 85 5049 3929 85 5050 3931 85 5051 3932 267 5052 3933 267 5053 3934 268 5054 3934 268 5055 3933 267 5056 3935 267 5057 3936 976 5058 3937 977 5059 3938 977 5060 3938 977 5061 3937 977 5062 3939 976 5063 3940 31 5064 3941 31 5065 3942 31 5066 3942 31 5067 3941 31 5068 3943 31 5069 3944 1284 5070 3945 1285 5071 3946 1286 5072 3946 1286 5073 3945 1285 5074 3947 1287 5075 3948 1288 5076 3949 1289 5077 3950 1290 5078 3950 1290 5079 3949 1289 5080 3951 1290 5081 3952 648 5082 3953 649 5083 3954 649 5084 3954 649 5085 3953 649 5086 3955 648 5087 3956 648 5088 3957 1291 5089 3958 1291 5090 3958 1291 5091 3957 1291 5092 3959 648 5093 3960 647 5094 3961 645 5095 3962 646 5096 3962 646 5097 3961 645 5098 3963 644 5099 3964 1292 5100 3965 1292 5101 3966 1292 5102 3966 1292 5103 3965 1292 5104 3967 1292 5105 3968 85 5106 3969 85 5107 3970 85 5108 3970 85 5109 3969 85 5110 3971 85 5111 3972 1293 5112 3973 1294 5113 3974 1294 5114 3974 1294 5115 3973 1294 5116 3975 1293 5117 3976 1295 5118 3977 1295 5119 3978 1296 5120 3978 1296 5121 3977 1295 5122 3979 1297 5123 3980 214 5124 3981 214 5125 3982 214 5126 3982 214 5127 3981 214 5128 3983 214 5129 3984 1298 5130 3985 1299 5131 3986 1300 5132 3986 1300 5133 3985 1299 5134 3987 1301 5135 3988 34 5136 3989 34 5137 3990 34 5138 3990 34 5139 3989 34 5140 3991 34 5141 3992 34 5142 3993 34 5143 3994 34 5144 3994 34 5145 3993 34 5146 3995 34 5147 3996 34 5148 3997 34 5149 3998 34 5150 3998 34 5151 3997 34 5152 3999 34 5153 4000 34 5154 4001 34 5155 4002 34 5156 4002 34 5157 4001 34 5158 4003 34 5159 4004 0 5160 4005 0 5161 4006 0 5162 4006 0 5163 4005 0 5164 4007 0 5165 4008 0 5166 4009 0 5167 4010 0 5168 4010 0 5169 4009 0 5170 4011 0 5171 4012 432 5172 4013 432 5173 4014 432 5174 4014 432 5175 4013 432 5176 4015 432 5177 4016 1302 5178 4017 1303 5179 4018 1303 5180 4018 1303 5181 4017 1303 5182 4019 1302 5183 4020 1304 5184 4021 1305 5185 4022 1304 5186 4022 1304 5187 4021 1305 5188 4023 1304 5189 4024 1306 5190 4025 1306 5191 4026 1306 5192 4026 1306 5193 4025 1306 5194 4027 1306 5195 4028 1307 5196 4029 1307 5197 4030 1307 5198 4030 1307 5199 4029 1307 5200 4031 1307 5201 4032 1308 5202 4033 1308 5203 4034 1308 5204 4034 1308 5205 4033 1308 5206 4035 1308 5207 4036 1309 5208 4037 1309 5209 4038 1309 5210 4038 1309 5211 4037 1309 5212 4039 1309 5213 4040 1310 5214 4041 1310 5215 4042 1310 5216 4042 1310 5217 4041 1310 5218 4043 1310 5219 4044 1311 5220 4045 1311 5221 4046 1311 5222 4046 1311 5223 4045 1311 5224 4047 1311 5225 4048 1312 5226 4049 1312 5227 4050 1312 5228 4050 1312 5229 4049 1312 5230 4051 1312 5231 4052 1313 5232 4053 1313 5233 4054 1313 5234 4054 1313 5235 4053 1313 5236 4055 1313 5237 4056 1314 5238 4057 1314 5239 4058 1314 5240 4058 1314 5241 4057 1314 5242 4059 1314 5243 4060 1315 5244 4061 1315 5245 4062 1315 5246 4062 1315 5247 4061 1315 5248 4063 1315 5249 4064 1316 5250 4065 1316 5251 4066 1316 5252 4066 1316 5253 4065 1316 5254 4067 1316 5255 4068 1317 5256 4069 1317 5257 4070 1317 5258 4070 1317 5259 4069 1317 5260 4071 1317 5261 4072 1318 5262 4073 1319 5263 4074 1319 5264 4074 1319 5265 4073 1319 5266 4075 1318 5267 4076 1320 5268 4077 1321 5269 4078 1321 5270 4078 1321 5271 4077 1321 5272 4079 1320 5273 4080 1322 5274 4081 1323 5275 4082 1323 5276 4082 1323 5277 4081 1323 5278 4083 1322 5279 4084 1324 5280 4085 1325 5281 4086 1325 5282 4086 1325 5283 4085 1325 5284 4087 1324 5285 4088 1326 5286 4089 1327 5287 4090 1327 5288 4090 1327 5289 4089 1327 5290 4091 1326 5291 4092 1328 5292 4093 1329 5293 4094 1329 5294 4094 1329 5295 4093 1329 5296 4095 1328 5297 4096 1330 5298 4097 1331 5299 4098 1331 5300 4098 1331 5301 4097 1331 5302 4099 1330 5303 4100 1332 5304 4101 1333 5305 4102 1333 5306 4102 1333 5307 4101 1333 5308 4103 1332 5309 4104 1334 5310 4105 1335 5311 4106 1335 5312 4106 1335 5313 4105 1335 5314 4107 1334 5315 4108 1336 5316 4109 1337 5317 4110 1337 5318 4110 1337 5319 4109 1337 5320 4111 1336 5321 4112 1338 5322 4113 1339 5323 4114 1339 5324 4114 1339 5325 4113 1339 5326 4115 1338 5327 4116 1340 5328 4117 1341 5329 4118 1341 5330 4118 1341 5331 4117 1341 5332 4119 1340 5333 4120 1342 5334 4121 1342 5335 4122 1342 5336 4122 1342 5337 4121 1342 5338 4123 1342 5339 4124 1343 5340 4125 1343 5341 4126 1343 5342 4126 1343 5343 4125 1343 5344 4127 1343 5345 4128 1344 5346 4129 1345 5347 4130 1345 5348 4130 1345 5349 4129 1345 5350 4131 1344 5351 4132 1346 5352 4133 1346 5353 4134 1346 5354 4134 1346 5355 4133 1346 5356 4135 1346 5357 4136 278 5358 4137 314 5359 4138 314 5360 4138 314 5361 4137 314 5362 4139 278 5363 4140 1347 5364 4141 1347 5365 4142 1347 5366 4142 1347 5367 4141 1347 5368 4143 1347 5369 4144 1348 5370 4145 1348 5371 4146 1348 5372 4146 1348 5373 4145 1348 5374 4147 1348 5375 4148 1349 5376 4149 1349 5377 4150 1349 5378 4150 1349 5379 4149 1349 5380 4151 1349 5381 4152 1350 5382 4153 1351 5383 4154 1351 5384 4154 1351 5385 4153 1351 5386 4155 1350 5387 4156 1352 5388 4157 1352 5389 4158 1352 5390 4158 1352 5391 4157 1352 5392 4159 1352 5393 4160 297 5394 4161 333 5395 4162 333 5396 4162 333 5397 4161 333 5398 4163 297 5399 4164 1353 5400 4165 1353 5401 4166 1353 5402 4166 1353 5403 4165 1353 5404 4167 1353 5405 4168 1354 5406 4169 1354 5407 4170 1354 5408 4170 1354 5409 4169 1354 5410 4171 1354 5411 4172 1355 5412 4173 1355 5413 4174 1355 5414 4174 1355 5415 4173 1355 5416 4175 1355 5417 4176 1356 5418 4177 1357 5419 4178 1357 5420 4178 1357 5421 4177 1357 5422 4179 1356 5423 4180 1358 5424 4181 1358 5425 4182 1358 5426 4182 1358 5427 4181 1358 5428 4183 1358 5429 4184 762 5430 4185 1359 5431 4186 1359 5432 4186 1359 5433 4185 1359 5434 4187 762 5435 4188 1360 5436 4189 1360 5437 4190 1360 5438 4190 1360 5439 4189 1360 5440 4191 1360 5441 4192 1361 5442 4193 1361 5443 4194 1361 5444 4194 1361 5445 4193 1361 5446 4195 1361 5447 4196 1362 5448 4197 1362 5449 4198 1362 5450 4198 1362 5451 4197 1362 5452 4199 1362 5453 4200 1363 5454 4201 1364 5455 4202 1364 5456 4202 1364 5457 4201 1364 5458 4203 1363 5459 4204 1365 5460 4205 1365 5461 4206 1365 5462 4206 1365 5463 4205 1365 5464 4207 1365 5465 4208 1232 5466 4209 1366 5467 4210 1366 5468 4210 1366 5469 4209 1366 5470 4211 1232 5471 4212 1367 5472 4213 1367 5473 4214 1367 5474 4214 1367 5475 4213 1367 5476 4215 1367 5477 4216 34 5478 4217 34 5479 4218 34 5480 4218 34 5481 4217 34 5482 4219 34 5483 4220 34 5484 4221 34 5485 4222 34 5486 4222 34 5487 4221 34 5488 4223 34 5489 4224 34 5490 4225 34 5491 4226 34 5492 4226 34 5493 4225 34 5494 4227 34 5495 4228 0 5496 4229 0 5497 4230 0 5498 4230 0 5499 4229 0 5500 4231 0 5501 4232 0 5502 4233 0 5503 4234 0 5504 4234 0 5505 4233 0 5506 4235 0 5507 4236 0 5508 4237 0 5509 4238 0 5510 4238 0 5511 4237 0 5512 4239 0 5513 4240 0 5514 4241 0 5515 4242 0 5516 4242 0 5517 4241 0 5518 4243 0 5519 4244 34 5520 4245 34 5521 4246 34 5522 4246 34 5523 4245 34 5524 4247 34 5525 4248 0 5526 4249 0 5527 4250 0 5528 4250 0 5529 4249 0 5530 4251 0 5531 4252 40 5532 4253 39 5533 4254 39 5534 4254 39 5535 4253 39 5536 4255 40 5537 4256 34 5538 4257 34 5539 4258 34 5540 4258 34 5541 4257 34 5542 4259 34 5543 4260 34 5544 4261 34 5545 4262 34 5546 4262 34 5547 4261 34 5548 4263 34 5549 4264 34 5550 4265 34 5551 4266 34 5552 4266 34 5553 4265 34 5554 4267 34 5555 4268 0 5556 4269 0 5557 4270 0 5558 4270 0 5559 4269 0 5560 4271 0 5561 4272 0 5562 4273 0 5563 4274 0 5564 4274 0 5565 4273 0 5566 4275 0 5567 4276 0 5568 4277 0 5569 4278 0 5570 4278 0 5571 4277 0 5572 4279 0 5573 4280 34 5574 4281 34 5575 4282 34 5576 4282 34 5577 4281 34 5578 4283 34 5579 4284 0 5580 4285 0 5581 4286 0 5582 4286 0 5583 4285 0 5584 4287 0 5585 4288 34 5586 4289 34 5587 4290 34 5588 4290 34 5589 4289 34 5590 4291 34 5591 4292 34 5592 4293 34 5593 4294 34 5594 4294 34 5595 4293 34 5596 4295 34 5597 4296 34 5598 4297 34 5599 4298 34 5600 4298 34 5601 4297 34 5602 4299 34 5603 4300 34 5604 4301 34 5605 4302 34 5606 4302 34 5607 4301 34 5608 4303 34 5609 4304 0 5610 4305 0 5611 4306 0 5612 4306 0 5613 4305 0 5614 4307 0 5615 4308 0 5616 4309 0 5617 4310 0 5618 4310 0 5619 4309 0 5620 4311 0 5621 4312 0 5622 4313 0 5623 4314 0 5624 4314 0 5625 4313 0 5626 4315 0 5627 4316 34 5628 4317 34 5629 4318 34 5630 4318 34 5631 4317 34 5632 4319 34 5633 4320 0 5634 4321 0 5635 4322 0 5636 4322 0 5637 4321 0 5638 4323 0 5639 4324 34 5640 4325 34 5641 4326 34 5642 4326 34 5643 4325 34 5644 4327 34 5645 4328 34 5646 4329 34 5647 4330 34 5648 4330 34 5649 4329 34 5650 4331 34 5651 4332 34 5652 4333 34 5653 4334 34 5654 4334 34 5655 4333 34 5656 4335 34 5657 4336 0 5658 4337 0 5659 4338 0 5660 4338 0 5661 4337 0 5662 4339 0 5663 4340 0 5664 4341 0 5665 4342 0 5666 4342 0 5667 4341 0 5668 4343 0 5669 4344 0 5670 4345 0 5671 4346 0 5672 4346 0 5673 4345 0 5674 4347 0 5675 4348 34 5676 4349 34 5677 4350 34 5678 4350 34 5679 4349 34 5680 4351 34 5681 4352 0 5682 4353 0 5683 4354 0 5684 4354 0 5685 4353 0 5686 4355 0 5687 4356 34 5688 4357 34 5689 4358 34 5690 4358 34 5691 4357 34 5692 4359 34 5693 4360 0 5694 4361 0 5695 4362 0 5696 4362 0 5697 4361 0 5698 4363 0 5699 4364 34 5700 4365 34 5701 4366 34 5702 4366 34 5703 4365 34 5704 4367 34 5705 4368 0 5706 4369 0 5707 4370 0 5708 4370 0 5709 4369 0 5710 4371 0 5711 4372 0 5712 4373 0 5713 4374 0 5714 4374 0 5715 4373 0 5716 4375 0 5717 4376 34 5718 4377 34 5719 4378 34 5720 4378 34 5721 4377 34 5722 4379 34 5723 4380 86 5724 4381 87 5725 4382 87 5726 4382 87 5727 4381 87 5728 4383 86 5729 4384 1368 5730 4385 1328 5731 4386 1328 5732 4386 1328 5733 4385 1328 5734 4387 1368 5735 4388 432 5736 4389 432 5737 4390 432 5738 4390 432 5739 4389 432 5740 4391 432 5741 4392 980 5742 4393 980 5743 4394 980 5744 4394 980 5745 4393 980 5746 4395 980 5747 4396 1369 5748 4397 1370 5749 4398 1371 5750 4398 1371 5751 4397 1370 5752 4399 1372 5753 4400 86 5754 4401 86 5755 4402 86 5756 4402 86 5757 4401 86 5758 4403 86 5759 4404 1373 5760 4405 1368 5761 4406 1368 5762 4406 1368 5763 4405 1368 5764 4407 1373 5765 4408 1374 5766 4409 1375 5767 4410 1375 5768 4410 1375 5769 4409 1375 5770 4411 1374 5771 4412 474 5772 4413 474 5773 4414 474 5774 4414 474 5775 4413 474 5776 4415 474 5777 4416 1376 5778 4417 1377 5779 4418 1378 5780 4418 1378 5781 4417 1377 5782 4419 1379 5783 4420 1380 5784 4421 1381 5785 4422 1382 5786 4422 1382 5787 4421 1381 5788 4423 1324 5789 4424 432 5790 4425 432 5791 4426 432 5792 4426 432 5793 4425 432 5794 4427 432 5795 4428 1383 5796 4429 1384 5797 4430 1385 5798 4430 1385 5799 4429 1384 5800 4431 1386 5801 4432 215 5802 4433 216 5803 4434 216 5804 4434 216 5805 4433 216 5806 4435 215 5807 4436 1387 5808 4437 1322 5809 4438 1322 5810 4438 1322 5811 4437 1322 5812 4439 1387 5813 4440 839 5814 4441 839 5815 4442 839 5816 4442 839 5817 4441 839 5818 4443 839 5819 4444 491 5820 4445 491 5821 4446 491 5822 4446 491 5823 4445 491 5824 4447 491 5825 4448 1388 5826 4449 1389 5827 4450 1390 5828 4450 1390 5829 4449 1389 5830 4451 1391 5831 4452 215 5832 4453 215 5833 4454 215 5834 4454 215 5835 4453 215 5836 4455 215 5837 4456 1392 5838 4457 1387 5839 4458 1387 5840 4458 1387 5841 4457 1387 5842 4459 1392 5843 4460 1393 5844 4461 1394 5845 4462 1394 5846 4462 1394 5847 4461 1394 5848 4463 1393 5849 4464 971 5850 4465 971 5851 4466 971 5852 4466 971 5853 4465 971 5854 4467 971 5855 4468 1395 5856 4469 1396 5857 4470 1397 5858 4470 1397 5859 4469 1396 5860 4471 1398 5861 4472 1399 5862 4473 1400 5863 4474 1401 5864 4474 1401 5865 4473 1400 5866 4475 1318 5867 4476 839 5868 4477 839 5869 4478 839 5870 4478 839 5871 4477 839 5872 4479 839 5873 4480 1402 5874 4481 1403 5875 4482 1404 5876 4482 1404 5877 4481 1403 5878 4483 1405 5879 4484 267 5880 4485 268 5881 4486 268 5882 4486 268 5883 4485 268 5884 4487 267 5885 4488 1406 5886 4489 1340 5887 4490 1340 5888 4490 1340 5889 4489 1340 5890 4491 1406 5891 4492 419 5892 4493 419 5893 4494 419 5894 4494 419 5895 4493 419 5896 4495 419 5897 4496 1269 5898 4497 1269 5899 4498 1269 5900 4498 1269 5901 4497 1269 5902 4499 1269 5903 4500 1407 5904 4501 1408 5905 4502 1409 5906 4502 1409 5907 4501 1408 5908 4503 1410 5909 4504 267 5910 4505 267 5911 4506 267 5912 4506 267 5913 4505 267 5914 4507 267 5915 4508 1411 5916 4509 1406 5917 4510 1406 5918 4510 1406 5919 4509 1406 5920 4511 1411 5921 4512 1412 5922 4513 1413 5923 4514 1413 5924 4514 1413 5925 4513 1413 5926 4515 1412 5927 4516 43 5928 4517 43 5929 4518 43 5930 4518 43 5931 4517 43 5932 4519 43 5933 4520 1414 5934 4521 1415 5935 4522 1416 5936 4522 1416 5937 4521 1415 5938 4523 1417 5939 4524 1418 5940 4525 1419 5941 4526 1420 5942 4526 1420 5943 4525 1419 5944 4527 1336 5945 4528 419 5946 4529 419 5947 4530 419 5948 4530 419 5949 4529 419 5950 4531 419 5951 4532 1421 5952 4533 1422 5953 4534 1423 5954 4534 1423 5955 4533 1422 5956 4535 1424 5957 4536 262 5958 4537 263 5959 4538 263 5960 4538 263 5961 4537 263 5962 4539 262 5963 4540 1425 5964 4541 1334 5965 4542 1334 5966 4542 1334 5967 4541 1334 5968 4543 1425 5969 4544 434 5970 4545 434 5971 4546 434 5972 4546 434 5973 4545 434 5974 4547 434 5975 4548 800 5976 4549 800 5977 4550 800 5978 4550 800 5979 4549 800 5980 4551 800 5981 4552 1426 5982 4553 1427 5983 4554 1428 5984 4554 1428 5985 4553 1427 5986 4555 1429 5987 4556 262 5988 4557 262 5989 4558 262 5990 4558 262 5991 4557 262 5992 4559 262 5993 4560 1430 5994 4561 1425 5995 4562 1425 5996 4562 1425 5997 4561 1425 5998 4563 1430 5999 4564 1431 6000 4565 1432 6001 4566 1432 6002 4566 1432 6003 4565 1432 6004 4567 1431 6005 4568 172 6006 4569 172 6007 4570 172 6008 4570 172 6009 4569 172 6010 4571 172 6011 4572 1433 6012 4573 1434 6013 4574 1435 6014 4574 1435 6015 4573 1434 6016 4575 1436 6017 4576 1437 6018 4577 1438 6019 4578 1439 6020 4578 1439 6021 4577 1438 6022 4579 1330 6023 4580 434 6024 4581 434 6025 4582 434 6026 4582 434 6027 4581 434 6028 4583 434 6029 4584 1440 6030 4585 1441 6031 4586 1442 6032 4586 1442 6033 4585 1441 6034 4587 1443 6035 4588 602 6036 4589 984 6037 4590 984 6038 4590 984 6039 4589 984 6040 4591 602 6041 4592 297 6042 4593 297 6043 4594 297 6044 4594 297 6045 4593 297 6046 4595 297 6047 4596 124 6048 4597 124 6049 4598 124 6050 4598 124 6051 4597 124 6052 4599 124 6053 4600 1444 6054 4601 1445 6055 4602 1445 6056 4602 1445 6057 4601 1445 6058 4603 1444 6059 4604 497 6060 4605 498 6061 4606 498 6062 4606 498 6063 4605 498 6064 4607 497 6065 4608 278 6066 4609 278 6067 4610 278 6068 4610 278 6069 4609 278 6070 4611 278 6071 4612 253 6072 4613 253 6073 4614 253 6074 4614 253 6075 4613 253 6076 4615 253 6077 4616 1446 6078 4617 1447 6079 4618 1447 6080 4618 1447 6081 4617 1447 6082 4619 1446 6083 4620 1448 6084 4621 1449 6085 4622 1449 6086 4622 1449 6087 4621 1449 6088 4623 1448 6089 4624 1232 6090 4625 1232 6091 4626 1232 6092 4626 1232 6093 4625 1232 6094 4627 1232 6095 4628 1450 6096 4629 1450 6097 4630 1450 6098 4630 1450 6099 4629 1450 6100 4631 1450 6101 4632 983 6102 4633 1451 6103 4634 1451 6104 4634 1451 6105 4633 1451 6106 4635 983 6107 4636 1452 6108 4637 1453 6109 4638 1453 6110 4638 1453 6111 4637 1453 6112 4639 1452 6113 4640 762 6114 4641 762 6115 4642 762 6116 4642 762 6117 4641 762 6118 4643 762 6119 4644 1454 6120 4645 1454 6121 4646 1454 6122 4646 1454 6123 4645 1454 6124 4647 1454 6125 4648 496 6126 4649 1455 6127 4650 1455 6128 4650 1455 6129 4649 1455 6130 4651 496 6131 4652 34 6132 4653 34 6133 4654 34 6134 4654 34 6135 4653 34 6136 4655 34 6137 4656 34 6138 4657 34 6139 4658 34 6140 4658 34 6141 4657 34 6142 4659 34 6143 4660 34 6144 4661 34 6145 4662 34 6146 4662 34 6147 4661 34 6148 4663 34 6149 4664 34 6150 4665 34 6151 4666 34 6152 4666 34 6153 4665 34 6154 4667 34 6155 4668 34 6156 4669 34 6157 4670 34 6158 4670 34 6159 4669 34 6160 4671 34 6161 4672 34 6162 4673 34 6163 4674 34 6164 4674 34 6165 4673 34 6166 4675 34 6167 4676 34 6168 4677 34 6169 4678 34 6170 4678 34 6171 4677 34 6172 4679 34 6173 4680 34 6174 4681 34 6175 4682 34 6176 4682 34 6177 4681 34 6178 4683 34 6179 4684 34 6180 4685 34 6181 4686 34 6182 4686 34 6183 4685 34 6184 4687 34 6185 4688 34 6186 4689 34 6187 4690 34 6188 4690 34 6189 4689 34 6190 4691 34 6191 4692 34 6192 4693 34 6193 4694 34 6194 4694 34 6195 4693 34 6196 4695 34 6197 4696 34 6198 4697 34 6199 4698 34 6200 4698 34 6201 4697 34 6202 4699 34 6203 4700 34 6204 4701 34 6205 4702 34 6206 4702 34 6207 4701 34 6208 4703 34 6209 4704 34 6210 4705 34 6211 4706 34 6212 4706 34 6213 4705 34 6214 4707 34 6215 4708 34 6216 4709 34 6217 4710 34 6218 4710 34 6219 4709 34 6220 4711 34 6221 4712 34 6222 4713 34 6223 4714 34 6224 4714 34 6225 4713 34 6226 4715 34 6227 4716 34 6228 4717 34 6229 4718 34 6230 4718 34 6231 4717 34 6232 4719 34 6233 4720 34 6234 4721 34 6235 4722 34 6236 4722 34 6237 4721 34 6238 4723 34 6239 4724 34 6240 4725 34 6241 4726 34 6242 4726 34 6243 4725 34 6244 4727 34 6245 4728 34 6246 4729 34 6247 4730 34 6248 4730 34 6249 4729 34 6250 4731 34 6251 4732 34 6252 4733 34 6253 4734 34 6254 4734 34 6255 4733 34 6256 4735 34 6257 4736 34 6258 4737 34 6259 4738 34 6260 4738 34 6261 4737 34 6262 4739 34 6263 4740 34 6264 4741 34 6265 4742 34 6266 4742 34 6267 4741 34 6268 4743 34 6269 4744 34 6270 4745 34 6271 4746 34 6272 4746 34 6273 4745 34 6274 4747 34 6275 4748 34 6276 4749 34 6277 4750 34 6278 4750 34 6279 4749 34 6280 4751 34 6281 4752 34 6282 4753 34 6283 4754 34 6284 4754 34 6285 4753 34 6286 4755 34 6287 4756 34 6288 4757 34 6289 4758 34 6290 4758 34 6291 4757 34 6292 4759 34 6293 4760 34 6294 4761 34 6295 4762 34 6296 4762 34 6297 4761 34 6298 4763 34 6299 4764 34 6300 4765 34 6301 4766 34 6302 4766 34 6303 4765 34 6304 4767 34 6305 4768 34 6306 4769 34 6307 4770 34 6308 4770 34 6309 4769 34 6310 4771 34 6311 4772 34 6312 4773 34 6313 4774 34 6314 4774 34 6315 4773 34 6316 4775 34 6317 4776 34 6318 4777 34 6319 4778 34 6320 4778 34 6321 4777 34 6322 4779 34 6323 4780 34 6324 4781 34 6325 4782 34 6326 4782 34 6327 4781 34 6328 4783 34 6329 4784 34 6330 4785 34 6331 4786 34 6332 4786 34 6333 4785 34 6334 4787 34 6335 4788 34 6336 4789 34 6337 4790 34 6338 4790 34 6339 4789 34 6340 4791 34 6341 4792 34 6342 4793 34 6343 4794 34 6344 4794 34 6345 4793 34 6346 4795 34 6347 4796 161 6348 4797 161 6349 4798 161 6350 4798 161 6351 4797 161 6352 4799 161 6353 4800 161 6354 4801 161 6355 4802 161 6356 4802 161 6357 4801 161 6358 4803 161 6359 4804 31 6360 4805 31 6361 4806 31 6362 4806 31 6363 4805 31 6364 4807 31 6365 4808 31 6366 4809 31 6367 4810 31 6368 4810 31 6369 4809 31 6370 4811 31 6371 4812 31 6372 4813 31 6373 4814 31 6374 4814 31 6375 4813 31 6376 4815 31 6377 4816 31 6378 4817 31 6379 4818 31 6380 4818 31 6381 4817 31 6382 4819 31 6383 4820 161 6384 4821 161 6385 4822 161 6386 4822 161 6387 4821 161 6388 4823 161 6389 4824 161 6390 4825 161 6391 4826 161 6392 4826 161 6393 4825 161 6394 4827 161 6395 4828 34 6396 4829 34 6397 4830 34 6398 4830 34 6399 4829 34 6400 4831 34 6401 4832 1368 6402 4833 1328 6403 4834 1328 6404 4834 1328 6405 4833 1328 6406 4835 1368 6407 4836 34 6408 4837 34 6409 4838 34 6410 4838 34 6411 4837 34 6412 4839 34 6413 4840 1387 6414 4841 1322 6415 4842 1322 6416 4842 1322 6417 4841 1322 6418 4843 1387 6419 4844 34 6420 4845 34 6421 4846 34 6422 4846 34 6423 4845 34 6424 4847 34 6425 4848 1406 6426 4849 1340 6427 4850 1340 6428 4850 1340 6429 4849 1340 6430 4851 1406 6431 4852 34 6432 4853 34 6433 4854 34 6434 4854 34 6435 4853 34 6436 4855 34 6437 4856 1425 6438 4857 1334 6439 4858 1334 6440 4858 1334 6441 4857 1334 6442 4859 1425 6443 4860 0 6444 4861 0 6445 4862 0 6446 4862 0 6447 4861 0 6448 4863 0 6449 4864 0 6450 4865 0 6451 4866 0 6452 4866 0 6453 4865 0 6454 4867 0 6455 4868 0 6456 4869 0 6457 4870 0 6458 4870 0 6459 4869 0 6460 4871 0 6461 4872 0 6462 4873 0 6463 4874 0 6464 4874 0 6465 4873 0 6466 4875 0 6467 4876 0 6468 4877 0 6469 4878 0 6470 4878 0 6471 4877 0 6472 4879 0 6473 4880 0 6474 4881 0 6475 4882 0 6476 4882 0 6477 4881 0 6478 4883 0 6479 4884 0 6480 4885 0 6481 4886 0 6482 4886 0 6483 4885 0 6484 4887 0 6485 4888 0 6486 4889 0 6487 4890 0 6488 4890 0 6489 4889 0 6490 4891 0 6491 4892 0 6492 4893 0 6493 4894 0 6494 4894 0 6495 4893 0 6496 4895 0 6497 4896 0 6498 4897 0 6499 4898 0 6500 4898 0 6501 4897 0 6502 4899 0 6503 4900 0 6504 4901 0 6505 4902 0 6506 4902 0 6507 4901 0 6508 4903 0 6509 4904 0 6510 4905 0 6511 4906 0 6512 4906 0 6513 4905 0 6514 4907 0 6515 4908 0 6516 4909 0 6517 4910 0 6518 4910 0 6519 4909 0 6520 4911 0 6521 4912 0 6522 4913 0 6523 4914 0 6524 4914 0 6525 4913 0 6526 4915 0 6527 4916 0 6528 4917 0 6529 4918 0 6530 4918 0 6531 4917 0 6532 4919 0 6533 4920 0 6534 4921 0 6535 4922 0 6536 4922 0 6537 4921 0 6538 4923 0 6539 4924 0 6540 4925 0 6541 4926 0 6542 4926 0 6543 4925 0 6544 4927 0 6545 4928 0 6546 4929 0 6547 4930 0 6548 4930 0 6549 4929 0 6550 4931 0 6551 4932 0 6552 4933 0 6553 4934 0 6554 4934 0 6555 4933 0 6556 4935 0 6557 4936 0 6558 4937 0 6559 4938 0 6560 4938 0 6561 4937 0 6562 4939 0 6563 4940 0 6564 4941 0 6565 4942 0 6566 4942 0 6567 4941 0 6568 4943 0 6569 4944 0 6570 4945 0 6571 4946 0 6572 4946 0 6573 4945 0 6574 4947 0 6575 4948 0 6576 4949 0 6577 4950 0 6578 4950 0 6579 4949 0 6580 4951 0 6581 4952 0 6582 4953 0 6583 4954 0 6584 4954 0 6585 4953 0 6586 4955 0 6587 4956 497 6588 4957 498 6589 4958 498 6590 4958 498 6591 4957 498 6592 4959 497 6593 4960 1456 6594 4961 1457 6595 4962 1457 6596 4962 1457 6597 4961 1457 6598 4963 1456 6599 4964 1456 6600 4965 1457 6601 4966 1457 6602 4966 1457 6603 4965 1457 6604 4967 1456 6605 4968 839 6606 4969 839 6607 4970 839 6608 4970 839 6609 4969 839 6610 4971 839 6611 4972 214 6612 4973 214 6613 4974 214 6614 4974 214 6615 4973 214 6616 4975 214 6617 4976 169 6618 4977 168 6619 4978 168 6620 4978 168 6621 4977 168 6622 4979 169 6623 4980 677 6624 4981 679 6625 4982 679 6626 4982 679 6627 4981 679 6628 4983 677 6629 4984 419 6630 4985 419 6631 4986 419 6632 4986 419 6633 4985 419 6634 4987 419 6635 4988 602 6636 4989 984 6637 4990 984 6638 4990 984 6639 4989 984 6640 4991 602 6641 4992 1458 6642 4993 1459 6643 4994 1459 6644 4994 1459 6645 4993 1459 6646 4995 1458 6647 4996 1458 6648 4997 1459 6649 4998 1459 6650 4998 1459 6651 4997 1459 6652 4999 1458 6653 5000 432 6654 5001 432 6655 5002 432 6656 5002 432 6657 5001 432 6658 5003 432 6659 5004 85 6660 5005 85 6661 5006 85 6662 5006 85 6663 5005 85 6664 5007 85 6665 5008 1147 6666 5009 1149 6667 5010 1149 6668 5010 1149 6669 5009 1149 6670 5011 1147 6671 5012 434 6672 5013 434 6673 5014 434 6674 5014 434 6675 5013 434 6676 5015 434 6677 5016 1452 6678 5017 1453 6679 5018 1453 6680 5018 1453 6681 5017 1453 6682 5019 1452 6683 5020 1460 6684 5021 1461 6685 5022 1461 6686 5022 1461 6687 5021 1461 6688 5023 1460 6689 5024 1460 6690 5025 1461 6691 5026 1461 6692 5026 1461 6693 5025 1461 6694 5027 1460 6695 5028 434 6696 5029 434 6697 5030 434 6698 5030 434 6699 5029 434 6700 5031 434 6701 5032 214 6702 5033 214 6703 5034 214 6704 5034 214 6705 5033 214 6706 5035 214 6707 5036 677 6708 5037 679 6709 5038 679 6710 5038 679 6711 5037 679 6712 5039 677 6713 5040 169 6714 5041 168 6715 5042 168 6716 5042 168 6717 5041 168 6718 5043 169 6719 5044 432 6720 5045 432 6721 5046 432 6722 5046 432 6723 5045 432 6724 5047 432 6725 5048 1448 6726 5049 1449 6727 5050 1449 6728 5050 1449 6729 5049 1449 6730 5051 1448 6731 5052 1462 6732 5053 1463 6733 5054 1463 6734 5054 1463 6735 5053 1463 6736 5055 1462 6737 5056 1462 6738 5057 1463 6739 5058 1463 6740 5058 1463 6741 5057 1463 6742 5059 1462 6743 5060 419 6744 5061 419 6745 5062 419 6746 5062 419 6747 5061 419 6748 5063 419 6749 5064 85 6750 5065 85 6751 5066 85 6752 5066 85 6753 5065 85 6754 5067 85 6755 5068 1147 6756 5069 1149 6757 5070 1149 6758 5070 1149 6759 5069 1149 6760 5071 1147 6761 5072 40 6762 5073 39 6763 5074 39 6764 5074 39 6765 5073 39 6766 5075 40 6767 5076 839 6768 5077 839 6769 5078 839 6770 5078 839 6771 5077 839 6772 5079 839 6773 5080 31 6774 5081 31 6775 5082 31 6776 5082 31 6777 5081 31 6778 5083 31 6779 5084 1464 6780 5085 1465 6781 5086 1465 6782 5086 1465 6783 5085 1465 6784 5087 1464 6785 5088 31 6786 5089 31 6787 5090 31 6788 5090 31 6789 5089 31 6790 5091 31 6791 5092 161 6792 5093 161 6793 5094 161 6794 5094 161 6795 5093 161 6796 5095 161 6797 5096 34 6798 5097 34 6799 5098 34 6800 5098 34 6801 5097 34 6802 5099 34 6803 5100 0 6804 5101 0 6805 5102 0 6806 5102 0 6807 5101 0 6808 5103 0 6809 5104 1282 6810 5105 1282 6811 5106 1282 6812 5106 1282 6813 5105 1282 6814 5107 1282 6815 5108 474 6816 5109 474 6817 5110 474 6818 5110 474 6819 5109 474 6820 5111 474 6821 5112 459 6822 5113 459 6823 5114 459 6824 5114 459 6825 5113 459 6826 5115 459 6827 5116 34 6828 5117 34 6829 5118 34 6830 5118 34 6831 5117 34 6832 5119 34 6833 5120 0 6834 5121 0 6835 5122 0 6836 5122 0 6837 5121 0 6838 5123 0 6839 5124 34 6840 5125 34 6841 5126 34 6842 5126 34 6843 5125 34 6844 5127 34 6845 5128 0 6846 5129 0 6847 5130 0 6848 5130 0 6849 5129 0 6850 5131 0 6851 5132 0 6852 5133 0 6853 5134 0 6854 5134 0 6855 5133 0 6856 5135 0 6857 5136 0 6858 5137 0 6859 5138 34 6860 5138 34 6861 5137 0 6862 5139 34 6863 5140 0 6864 5141 0 6865 5142 0 6866 5142 0 6867 5141 0 6868 5143 0 6869 5144 1466 6870 5145 1467 6871 5146 1467 6872 5146 1467 6873 5145 1467 6874 5147 1466 6875 5148 0 6876 5149 0 6877 5150 0 6878 5150 0 6879 5149 0 6880 5151 0 6881 5152 34 6882 5153 34 6883 5154 34 6884 5154 34 6885 5153 34 6886 5155 34 6887 5156 161 6888 5157 161 6889 5158 161 6890 5158 161 6891 5157 161 6892 5159 161 6893 5160 1468 6894 5161 1469 6895 5162 1469 6896 5162 1469 6897 5161 1469 6898 5163 1468 6899 5164 161 6900 5165 161 6901 5166 161 6902 5166 161 6903 5165 161 6904 5167 161 6905 5168 31 6906 5169 31 6907 5170 31 6908 5170 31 6909 5169 31 6910 5171 31 6911 5172 34 6912 5173 34 6913 5174 34 6914 5174 34 6915 5173 34 6916 5175 34 6917 5176 34 6918 5177 34 6919 5178 34 6920 5178 34 6921 5177 34 6922 5179 34 6923 5180 0 6924 5181 0 6925 5182 0 6926 5182 0 6927 5181 0 6928 5183 0 6929 5184 0 6930 5185 0 6931 5186 0 6932 5186 0 6933 5185 0 6934 5187 0 6935 5188 813 6936 5189 813 6937 5190 813 6938 5190 813 6939 5189 813 6940 5191 813 6941 5192 971 6942 5193 971 6943 5194 971 6944 5194 971 6945 5193 971 6946 5195 971 6947 5196 957 6948 5197 957 6949 5198 957 6950 5198 957 6951 5197 957 6952 5199 957 6953 5200 34 6954 5201 34 6955 5202 34 6956 5202 34 6957 5201 34 6958 5203 34 6959 5204 0 6960 5205 0 6961 5206 0 6962 5206 0 6963 5205 0 6964 5207 0 6965 5208 34 6966 5209 34 6967 5210 34 6968 5210 34 6969 5209 34 6970 5211 34 6971 5212 0 6972 5213 0 6973 5214 0 6974 5214 0 6975 5213 0 6976 5215 0 6977 5216 0 6978 5217 0 6979 5218 0 6980 5218 0 6981 5217 0 6982 5219 0 6983 5220 0 6984 5221 0 6985 5222 34 6986 5222 34 6987 5221 0 6988 5223 34 6989 5224 0 6990 5225 0 6991 5226 0 6992 5226 0 6993 5225 0 6994 5227 0 6995 5228 1470 6996 5229 1471 6997 5230 1471 6998 5230 1471 6999 5229 1471 7000 5231 1470 7001 5232 0 7002 5233 0 7003 5234 0 7004 5234 0 7005 5233 0 7006 5235 0 7007 5236 34 7008 5237 34 7009 5238 34 7010 5238 34 7011 5237 34 7012 5239 34 7013 5240 1472 7014 5241 1473 7015 5242 1473 7016 5242 1473 7017 5241 1473 7018 5243 1472 7019 5244 161 7020 5245 161 7021 5246 161 7022 5246 161 7023 5245 161 7024 5247 161 7025 5248 31 7026 5249 31 7027 5250 31 7028 5250 31 7029 5249 31 7030 5251 31 7031 5252 34 7032 5253 34 7033 5254 34 7034 5254 34 7035 5253 34 7036 5255 34 7037 5256 0 7038 5257 0 7039 5258 0 7040 5258 0 7041 5257 0 7042 5259 0 7043 5260 460 7044 5261 460 7045 5262 460 7046 5262 460 7047 5261 460 7048 5263 460 7049 5264 43 7050 5265 43 7051 5266 43 7052 5266 43 7053 5265 43 7054 5267 43 7055 5268 1474 7056 5269 1474 7057 5270 1474 7058 5270 1474 7059 5269 1474 7060 5271 1474 7061 5272 34 7062 5273 34 7063 5274 34 7064 5274 34 7065 5273 34 7066 5275 34 7067 5276 0 7068 5277 0 7069 5278 0 7070 5278 0 7071 5277 0 7072 5279 0 7073 5280 34 7074 5281 34 7075 5282 34 7076 5282 34 7077 5281 34 7078 5283 34 7079 5284 0 7080 5285 0 7081 5286 0 7082 5286 0 7083 5285 0 7084 5287 0 7085 5288 0 7086 5289 0 7087 5290 0 7088 5290 0 7089 5289 0 7090 5291 0 7091 5292 0 7092 5293 34 7093 5294 0 7094 5294 0 7095 5293 34 7096 5295 34 7097 5296 0 7098 5297 0 7099 5298 34 7100 5298 34 7101 5297 0 7102 5299 34 7103 5300 215 7104 5301 215 7105 5302 215 7106 5302 215 7107 5301 215 7108 5303 215 7109 5304 0 7110 5305 0 7111 5306 0 7112 5306 0 7113 5305 0 7114 5307 0 7115 5308 1475 7116 5309 1476 7117 5310 1476 7118 5310 1476 7119 5309 1476 7120 5311 1475 7121 5312 0 7122 5313 0 7123 5314 0 7124 5314 0 7125 5313 0 7126 5315 0 7127 5316 34 7128 5317 34 7129 5318 34 7130 5318 34 7131 5317 34 7132 5319 34 7133 5320 1477 7134 5321 1478 7135 5322 1478 7136 5322 1478 7137 5321 1478 7138 5323 1477 7139 5324 31 7140 5325 31 7141 5326 31 7142 5326 31 7143 5325 31 7144 5327 31 7145 5328 161 7146 5329 161 7147 5330 161 7148 5330 161 7149 5329 161 7150 5331 161 7151 5332 34 7152 5333 34 7153 5334 34 7154 5334 34 7155 5333 34 7156 5335 34 7157 5336 34 7158 5337 34 7159 5338 34 7160 5338 34 7161 5337 34 7162 5339 34 7163 5340 0 7164 5341 0 7165 5342 0 7166 5342 0 7167 5341 0 7168 5343 0 7169 5344 0 7170 5345 0 7171 5346 0 7172 5346 0 7173 5345 0 7174 5347 0 7175 5348 611 7176 5349 611 7177 5350 611 7178 5350 611 7179 5349 611 7180 5351 611 7181 5352 172 7182 5353 172 7183 5354 172 7184 5354 172 7185 5353 172 7186 5355 172 7187 5356 1479 7188 5357 1479 7189 5358 1479 7190 5358 1479 7191 5357 1479 7192 5359 1479 7193 5360 34 7194 5361 34 7195 5362 34 7196 5362 34 7197 5361 34 7198 5363 34 7199 5364 0 7200 5365 0 7201 5366 0 7202 5366 0 7203 5365 0 7204 5367 0 7205 5368 34 7206 5369 34 7207 5370 34 7208 5370 34 7209 5369 34 7210 5371 34 7211 5372 0 7212 5373 0 7213 5374 0 7214 5374 0 7215 5373 0 7216 5375 0 7217 5376 0 7218 5377 0 7219 5378 0 7220 5378 0 7221 5377 0 7222 5379 0 7223 5380 0 7224 5381 34 7225 5382 0 7226 5382 0 7227 5381 34 7228 5383 34 7229 5384 0 7230 5385 0 7231 5386 34 7232 5386 34 7233 5385 0 7234 5387 34 7235 5388 86 7236 5389 86 7237 5390 86 7238 5390 86 7239 5389 86 7240 5391 86 7241 5392 0 7242 5393 0 7243 5394 0 7244 5394 0 7245 5393 0 7246 5395 0 7247 5396 1480 7248 5397 1481 7249 5398 1481 7250 5398 1481 7251 5397 1481 7252 5399 1480 7253 5400 0 7254 5401 0 7255 5402 0 7256 5402 0 7257 5401 0 7258 5403 0 7259 5404 34 7260 5405 34 7261 5406 34 7262 5406 34 7263 5405 34 7264 5407 34 7265 5408 1456 7266 5409 1482 7267 5410 1482 7268 5410 1482 7269 5409 1482 7270 5411 1456 7271 5412 1483 7272 5413 964 7273 5414 964 7274 5414 964 7275 5413 964 7276 5415 1483 7277 5416 1484 7278 5417 1484 7279 5418 1484 7280 5418 1484 7281 5417 1484 7282 5419 1484 7283 5420 978 7284 5421 978 7285 5422 978 7286 5422 978 7287 5421 978 7288 5423 978 7289 5424 434 7290 5425 434 7291 5426 434 7292 5426 434 7293 5425 434 7294 5427 434 7295 5428 1458 7296 5429 1485 7297 5430 1485 7298 5430 1485 7299 5429 1485 7300 5431 1458 7301 5432 1486 7302 5433 467 7303 5434 467 7304 5434 467 7305 5433 467 7306 5435 1486 7307 5436 1487 7308 5437 1487 7309 5438 1487 7310 5438 1487 7311 5437 1487 7312 5439 1487 7313 5440 489 7314 5441 489 7315 5442 489 7316 5442 489 7317 5441 489 7318 5443 489 7319 5444 419 7320 5445 419 7321 5446 419 7322 5446 419 7323 5445 419 7324 5447 419 7325 5448 34 7326 5449 34 7327 5450 34 7328 5450 34 7329 5449 34 7330 5451 34 7331 5452 34 7332 5453 34 7333 5454 34 7334 5454 34 7335 5453 34 7336 5455 34 7337 5456 34 7338 5457 34 7339 5458 34 7340 5458 34 7341 5457 34 7342 5459 34 7343 5460 34 7344 5461 34 7345 5462 34 7346 5462 34 7347 5461 34 7348 5463 34 7349</p>
        </triangles>
      </mesh>
    </geometry>
  </library_geometries>
  <library_visual_scenes>
    <visual_scene id="Scene" name="Scene">
      <node id="Mesh_0559" name="Mesh_0559" type="NODE">
        <matrix sid="transform">1 0 0 0 0 1 0 0 0 0 1 0 0 0 0 1</matrix>
        <instance_geometry url="#Mesh_0559Mesh-mesh" name="Mesh_0559"/>
      </node>
    </visual_scene>
  </library_visual_scenes>
  <scene>
    <instance_visual_scene url="#Scene"/>
  </scene>
</COLLADA>