# Blender 3.6.0
# www.blender.org
mtllib Com3d_BbAI_condl2_N000out.mtl
o Com3d_BbAI_condl2_N000out
v 10.905739 6.680772 -1.166956
v 10.406241 6.680771 -3.789315
v 11.030613 6.680772 -0.043089
v 9.532122 6.680771 -3.539567
v 10.156493 6.680772 -0.043089
v 10.655991 6.680772 2.329523
v 11.030613 6.680772 -0.043089
v 10.406241 6.680772 3.828012
v 10.156493 6.680772 -0.043089
v 9.532122 6.680772 3.453391
v 13.278350 4.932533 0.581283
v 13.902721 3.558915 -2.790321
v 13.278350 5.931527 0.581282
v 13.902721 4.807659 -2.790322
v 13.777846 5.432030 -0.667459
v 9.532122 1.311179 -3.539567
v 13.278350 1.311179 -6.661423
v 10.156493 1.311179 -0.043088
v 13.902721 1.311179 -2.790321
v 13.902721 1.311179 -0.043088
v -6.451781 6.680771 -8.784286
v -8.449768 6.680771 -7.160921
v -5.577662 6.680771 -9.658405
v -7.825397 6.680771 -6.536549
v -5.078164 6.680771 -8.784286
v -3.329925 6.680771 -10.407651
v -5.577662 6.680771 -9.658405
v -1.956308 6.680771 -10.907147
v -5.078164 6.680771 -8.784286
v -1.831434 6.680771 -10.033028
v -6.077158 4.932532 -11.781266
v -9.448762 3.558914 -10.657398
v -6.077158 5.931526 -11.781266
v -9.448762 4.807658 -10.657398
v -7.575649 5.432029 -11.531518
v -7.825397 1.311179 -6.536548
v -12.445745 1.311178 -8.159914
v -5.078164 1.311178 -8.784285
v -9.448762 1.311178 -10.657398
v -6.951278 1.311178 -12.031014
v -4.453793 6.680773 10.071724
v -1.956308 6.680773 10.945845
v -5.577662 6.680773 9.572227
v -1.831434 6.680773 10.071724
v -5.078164 6.680772 8.822982
v -7.325901 6.680772 8.073737
v -5.577662 6.680773 9.572227
v -8.449768 6.680772 7.074744
v -5.078164 6.680772 8.822982
v -7.825397 6.680772 6.575246
v -7.201026 4.932534 11.195595
v -4.453793 3.558916 13.443331
v -7.201026 5.931528 11.195595
v -4.453793 4.807660 13.443331
v -6.202033 5.432031 12.319463
v -1.831434 1.311180 10.071725
v -0.957314 1.311180 14.816947
v -5.078164 1.311180 8.822983
v -4.578667 1.311180 13.443331
v -6.951278 1.311180 12.069714
v 3.663033 3.309167 -4.163939
v 3.663033 3.683790 -4.163939
v 3.663033 3.309167 -4.413686
v 3.787907 3.683789 -5.038058
v 3.787907 3.309166 -5.038058
v -3.704547 3.683789 -5.038058
v -3.579673 3.683790 -4.163939
v -3.704547 3.309166 -5.038058
v -3.579673 3.309167 -4.163939
v -3.579673 3.309167 -4.413686
v -2.955302 3.683789 -5.662429
v -3.704547 3.683789 -5.038058
v -2.955302 3.309166 -5.662429
v -3.704547 3.309166 -5.038058
v -2.955302 3.309166 -5.038058
v -2.580679 0.936557 -4.413686
v -3.579673 3.309167 -4.413686
v -3.954296 0.936557 -3.289818
v -4.453793 3.309167 -3.789315
v -2.081182 3.309166 -5.287807
v -0.957314 3.309166 -5.662429
v -2.955302 3.309166 -5.038058
v -0.832440 0.936557 -5.038058
v -2.580679 0.936557 -4.413686
v 2.913787 3.309166 -5.038058
v 2.539165 0.936557 -4.413686
v 2.164542 3.309166 -5.287807
v 0.915800 0.936557 -5.038058
v 1.040674 3.309166 -5.662429
v 3.663033 3.309167 -4.413686
v 4.412278 3.309167 -3.789315
v 2.913787 3.309166 -5.038058
v 3.912781 0.936557 -3.289818
v 2.539165 0.936557 -4.413686
v -3.704547 3.683789 -5.038058
v -2.955302 3.683789 -5.662429
v -7.825397 3.683789 -6.536549
v -5.078164 3.683789 -8.784285
v -3.704547 3.309167 4.077762
v -3.704547 3.683790 4.077762
v -3.704547 3.309167 4.327509
v -3.829422 3.683790 5.076756
v -3.829422 3.309167 5.076756
v 3.663033 3.683790 5.076756
v 3.538159 3.683790 4.077762
v 3.663033 3.309167 5.076756
v 3.538159 3.309167 4.077762
v 3.663033 3.309167 4.452384
v 2.913787 3.683790 5.701128
v 3.663033 3.683790 5.076756
v 2.913787 3.309167 5.701128
v 3.663033 3.309167 5.076756
v 2.913787 3.309167 5.076756
v 2.539165 0.936557 4.452384
v 3.663033 3.309167 4.452384
v 3.912781 0.936557 3.328516
v 4.412278 3.309167 3.703139
v 2.164542 3.309167 5.326505
v 1.040674 3.309167 5.701128
v 2.913787 3.309167 5.076756
v 0.915800 0.936557 5.076756
v 2.539165 0.936557 4.452384
v -2.955302 3.309167 4.951881
v -2.580679 0.936557 4.452384
v -2.206056 3.309167 5.326505
v -0.832440 0.936557 5.076756
v -0.957314 3.309167 5.701128
v -3.704547 3.309167 4.327509
v -4.453793 3.309167 3.703139
v -2.955302 3.309167 4.951881
v -3.954296 0.936557 3.328516
v -2.580679 0.936557 4.452384
v -6.576655 7.679767 3.578264
v -7.076152 7.679766 2.579271
v -6.451781 7.679767 3.703139
v -7.201026 7.679766 2.454396
v -6.701530 7.679767 3.703139
v -6.576655 7.679766 -3.539567
v -6.451781 7.679766 -3.789315
v -6.951278 7.679766 -2.540573
v -6.701530 7.679766 -3.789315
v -7.201026 7.679766 -2.415699
v -3.579673 6.181275 2.953893
v -3.579673 6.181275 2.829020
v -5.078164 7.679766 2.829020
v -5.078164 7.554892 2.704144
v -5.078164 7.679766 2.829020
v -5.078164 7.679766 -2.790322
v -5.577662 7.679766 -2.041076
v -5.078164 7.679766 -2.915195
v -5.452787 7.679766 -1.916203
v -4.953290 7.679766 -2.790322
v 6.535141 7.679766 -3.539567
v 7.034637 7.679766 -2.540573
v 6.535141 7.679766 -3.664442
v 7.284386 7.679766 -2.415699
v 6.784889 7.679766 -3.664442
v 6.535141 7.679767 3.578264
v 6.410266 7.679767 3.828012
v 7.034637 7.679766 2.579271
v 6.660015 7.679767 3.703139
v 7.159512 7.679766 2.454396
v 3.538159 6.181275 -2.915195
v 3.663033 6.181275 -2.790322
v 5.036649 7.679766 -2.915195
v 5.036649 7.554892 -2.665447
v 5.161524 7.679766 -2.790322
v 5.161524 7.679766 2.829020
v 5.536146 7.679766 2.079773
v 5.036649 7.679766 2.953893
v 5.411272 7.679766 1.954899
v 4.911775 7.679766 2.704144
v 10.156493 6.680772 -0.043089
v 9.532122 6.680771 -3.539567
v 10.156493 1.311179 -0.043088
v 9.532122 1.311179 -3.539567
v 9.532122 6.680771 -3.539567
v 7.783883 6.680771 -6.536549
v 9.532122 1.311179 -3.539567
v 7.783883 1.311179 -6.536548
v 5.536146 6.680771 -9.658405
v 1.914793 6.680771 -10.907147
v 5.161524 6.680771 -8.784286
v 1.789919 6.680771 -10.033028
v 5.161524 6.680771 -8.784286
v 1.789919 6.680771 -10.033028
v 5.161524 1.311178 -8.784285
v 1.789919 1.311178 -10.033027
v 1.914793 6.680771 -10.907147
v -1.956308 6.680771 -10.907147
v 1.789919 6.680771 -10.033028
v -1.831434 6.680771 -10.033028
v 10.406241 6.680771 -3.789315
v 8.533129 6.680771 -7.160921
v 9.532122 6.680771 -3.539567
v 7.783883 6.680771 -6.536549
v 7.783883 6.680771 -6.536549
v 5.161524 6.680771 -8.784286
v 7.783883 1.311179 -6.536548
v 5.161524 1.311178 -8.784285
v 1.789919 6.680771 -10.033028
v -1.831434 6.680771 -10.033028
v 1.789919 1.311178 -10.033027
v -1.831434 1.311178 -10.033027
v 8.533129 6.680771 -7.160921
v 5.536146 6.680771 -9.658405
v 7.783883 6.680771 -6.536549
v 5.161524 6.680771 -8.784286
v 3.038661 5.806652 -11.906140
v 3.038661 4.932532 -11.906140
v -0.457817 5.931526 -12.155889
v -0.457817 4.932532 -12.155889
v 9.282373 5.931527 -7.910165
v 11.030613 6.181274 -4.288813
v 9.282373 5.307156 -7.910165
v 11.030613 5.681777 -4.288813
v 8.533129 1.311178 -12.905134
v 5.036649 1.311178 -14.903123
v 8.533129 2.559921 -12.905134
v 5.036649 2.559921 -14.903123
v 9.282373 5.307156 -7.910165
v 6.535141 5.931526 -10.532524
v 6.535141 5.057406 -10.532524
v 9.532122 6.680772 3.453391
v 10.156493 6.680772 -0.043089
v 9.532122 1.311179 3.453391
v 10.156493 1.311179 -0.043088
v 13.902721 2.809670 -0.043088
v 12.279355 3.059419 2.704145
v 13.902721 1.311179 -0.043088
v 12.279355 1.311179 2.704145
v 11.030613 4.807659 -0.043088
v 10.406241 5.806653 3.828012
v 11.030613 3.059419 -0.043088
v 10.406241 3.059419 3.828013
v 8.533129 2.559921 -12.905134
v 11.280361 2.934543 -9.908153
v 8.533129 1.311178 -12.905134
v 11.280361 1.311178 -9.908153
v 7.284386 4.433035 -11.406644
v 10.281367 4.682785 -8.909159
v 7.284386 3.184292 -11.406644
v 10.281367 3.434040 -8.909159
v 6.535141 5.057406 -10.532524
v 3.038661 5.806652 -11.906140
v 7.284386 3.184292 -11.406644
v 4.037656 3.059418 -12.780260
v 7.284386 4.433035 -11.406644
v 4.037656 4.308161 -12.780260
v 10.281367 4.682785 -8.909159
v 11.904733 5.057406 -5.287807
v 10.281367 3.434040 -8.909159
v 11.904733 4.433035 -5.287807
v 1.665045 2.435046 -16.276739
v 5.036649 2.559921 -14.903123
v 1.665045 1.311178 -16.276739
v 5.036649 1.311178 -14.903123
v 0.166554 4.433035 -14.029003
v 4.037656 4.308161 -12.780260
v 0.166554 3.059418 -14.029003
v 4.037656 3.059418 -12.780260
v 13.278350 2.310173 -6.661423
v 13.902721 2.559922 -2.790321
v 13.278350 1.311179 -6.661423
v 13.902721 1.311179 -2.790321
v 13.278350 3.683789 -6.661424
v 13.902721 4.807659 -2.790322
v 13.278350 2.310173 -6.661423
v 13.902721 3.558915 -2.790321
v 10.406241 6.680771 -3.789315
v 10.905739 6.680772 -1.166956
v 11.030613 6.181274 -4.288813
v 11.530109 6.306149 -2.165951
v -1.956308 4.932532 -10.907146
v -1.956308 6.680771 -10.907147
v -0.457817 4.932532 -12.155889
v -0.457817 5.931526 -12.155889
v -1.956308 6.680771 -10.907147
v 1.914793 6.680771 -10.907147
v -0.457817 5.931526 -12.155889
v 3.038661 5.806652 -11.906140
v 8.533129 6.680771 -7.160921
v 10.406241 6.680771 -3.789315
v 9.282373 5.931527 -7.910165
v 11.030613 6.181274 -4.288813
v 5.536146 6.680771 -9.658405
v 8.533129 6.680771 -7.160921
v 6.535141 5.931526 -10.532524
v 9.282373 5.931527 -7.910165
v 1.914793 6.680771 -10.907147
v 5.536146 6.680771 -9.658405
v 3.038661 5.806652 -11.906140
v 6.535141 5.931526 -10.532524
v -2.955302 1.311178 -16.901110
v -2.955302 3.059418 -16.901110
v -1.831434 1.311178 -17.025986
v -1.831434 2.435046 -17.025986
v -3.205050 3.059418 -14.029003
v -3.205050 4.932532 -14.029003
v -1.456811 3.059418 -14.029003
v -1.456811 4.433035 -14.029003
v 6.535141 5.057406 -10.532524
v 9.282373 5.307156 -7.910165
v 7.284386 4.433035 -11.406644
v 10.281367 4.682785 -8.909159
v 3.038661 4.932532 -11.906140
v 6.535141 5.057406 -10.532524
v 4.037656 4.308161 -12.780260
v 7.284386 4.433035 -11.406644
v 9.282373 5.307156 -7.910165
v 11.030613 5.681777 -4.288813
v 10.281367 4.682785 -8.909159
v 11.904733 5.057406 -5.287807
v -0.457817 4.932532 -12.155889
v 3.038661 4.932532 -11.906140
v 0.166554 4.433035 -14.029003
v 4.037656 4.308161 -12.780260
v -5.327912 1.311178 -14.903123
v -5.327912 3.059418 -14.903123
v -2.955302 1.311178 -16.901110
v -2.955302 3.059418 -16.901110
v -5.203038 3.059418 -12.780260
v -5.203038 4.932532 -12.780260
v -3.205050 3.059418 -14.029003
v -3.205050 4.932532 -14.029003
v 10.406241 6.680772 3.828012
v 10.406241 5.806653 3.828012
v 12.529104 6.306149 1.705150
v 12.529104 5.182281 1.705151
v 10.655991 6.680772 2.329523
v 10.406241 6.680772 3.828012
v 12.404229 6.431024 0.081786
v 12.529104 6.306149 1.705150
v 5.161524 1.311178 -8.784285
v 1.789919 1.311178 -10.033027
v 8.533129 1.311178 -12.905134
v 5.036649 1.311178 -14.903123
v 4.037656 3.059418 -12.780260
v 7.284386 3.184292 -11.406644
v 5.036649 2.559921 -14.903123
v 8.533129 2.559921 -12.905134
v 7.284386 3.184292 -11.406644
v 10.281367 3.434040 -8.909159
v 8.533129 2.559921 -12.905134
v 11.280361 2.934543 -9.908153
v 7.783883 1.311179 -6.536548
v 5.161524 1.311178 -8.784285
v 11.280361 1.311178 -9.908153
v 8.533129 1.311178 -12.905134
v 0.166554 3.059418 -14.029003
v 4.037656 3.059418 -12.780260
v 1.665045 2.435046 -16.276739
v 5.036649 2.559921 -14.903123
v 11.904733 4.433035 -5.287807
v 12.653978 5.681778 -1.666453
v 13.278350 3.683789 -6.661424
v 13.902721 4.807659 -2.790322
v 10.281367 3.434040 -8.909159
v 11.904733 4.433035 -5.287807
v 11.280361 2.934543 -9.908153
v 13.278350 3.683789 -6.661424
v -1.956308 1.311178 -10.907146
v -1.956308 3.059418 -10.907146
v -1.207063 1.311178 -13.154883
v -1.082188 3.059418 -13.529507
v 12.529104 6.306149 1.705150
v 12.529104 5.182281 1.705151
v 13.278350 5.931527 0.581282
v 13.278350 4.932533 0.581283
v 12.653978 5.681778 -1.666453
v 12.404229 6.431024 0.081786
v 13.902721 4.807659 -2.790322
v 13.777846 5.432030 -0.667459
v 12.404229 6.431024 0.081786
v 12.529104 6.306149 1.705150
v 13.777846 5.432030 -0.667459
v 13.278350 5.931527 0.581282
v 11.030613 6.680772 -0.043089
v 10.655991 6.680772 2.329523
v 12.653978 6.056401 -1.791327
v 12.404229 6.431024 0.081786
v 11.030613 5.681777 -4.288813
v 11.530109 6.306149 -2.165951
v 11.904733 5.057406 -5.287807
v 12.653978 6.056401 -1.791327
v 11.030613 3.059419 -0.043088
v 10.406241 3.059419 3.828013
v 13.902721 2.809670 -0.043088
v 12.279355 3.059419 2.704145
v 10.406241 3.059419 3.828013
v 10.406241 1.311179 3.828013
v 12.279355 3.059419 2.704145
v 12.279355 1.311179 2.704145
v 10.406241 1.311179 3.828013
v 10.156493 1.311179 -0.043088
v 12.279355 1.311179 2.704145
v 13.902721 1.311179 -0.043088
v 10.406241 3.059419 -3.789315
v 11.030613 3.059419 -0.043088
v 13.278350 2.310173 -6.661423
v 13.902721 2.559922 -2.790321
v 9.532122 1.311179 -3.539567
v 7.783883 1.311179 -6.536548
v 13.278350 1.311179 -6.661423
v 11.280361 1.311178 -9.908153
v 13.902721 1.311179 -2.790321
v 13.902721 2.809670 -0.043088
v 0.166554 4.433035 -14.029003
v -3.205050 4.932532 -14.029003
v -1.456811 4.433035 -14.029003
v 0.166554 3.059418 -14.029003
v -1.456811 4.433035 -14.029003
v -1.456811 3.059418 -14.029003
v 0.166554 3.059418 -14.029003
v -1.082188 3.059418 -13.529507
v -1.456811 3.059418 -14.029003
v -3.205050 3.059418 -14.029003
v -1.956308 3.059418 -10.907146
v -1.956308 4.932532 -10.907146
v -5.203038 3.059418 -12.780260
v -5.203038 4.932532 -12.780260
v -1.956308 4.932532 -10.907146
v -0.457817 4.932532 -12.155889
v -5.203038 4.932532 -12.780260
v -3.205050 4.932532 -14.029003
v -1.082188 3.059418 -13.529507
v -1.956308 3.059418 -10.907146
v -3.205050 3.059418 -14.029003
v -5.203038 3.059418 -12.780260
v 1.665045 2.435046 -16.276739
v -2.955302 3.059418 -16.901110
v -1.831434 2.435046 -17.025986
v 1.665045 1.311178 -16.276739
v -1.831434 2.435046 -17.025986
v -1.831434 1.311178 -17.025986
v 1.665045 1.311178 -16.276739
v -1.207063 1.311178 -13.154883
v -1.831434 1.311178 -17.025986
v -2.955302 1.311178 -16.901110
v -1.207063 1.311178 -13.154883
v -1.082188 3.059418 -13.529507
v -5.327912 1.311178 -14.903123
v -5.327912 3.059418 -14.903123
v -1.082188 3.059418 -13.529507
v 0.166554 3.059418 -14.029003
v -5.327912 3.059418 -14.903123
v -2.955302 3.059418 -16.901110
v -5.078164 6.680771 -8.784286
v -7.825397 6.680771 -6.536549
v -5.078164 1.311178 -8.784285
v -7.825397 1.311179 -6.536548
v -7.825397 6.680771 -6.536549
v -9.573637 6.680771 -3.539567
v -7.825397 1.311179 -6.536548
v -9.573637 1.311179 -3.539567
v -11.072127 6.680772 -0.043089
v -10.447756 6.680772 3.828012
v -10.198008 6.680772 -0.043089
v -9.573637 6.680772 3.453391
v -10.198008 6.680772 -0.043089
v -9.573637 6.680772 3.453391
v -10.198008 1.311179 -0.043088
v -9.573637 1.311179 3.453391
v -10.447756 6.680772 3.828012
v -8.449768 6.680772 7.074744
v -9.573637 6.680772 3.453391
v -7.825397 6.680772 6.575246
v -8.449768 6.680771 -7.160921
v -10.447756 6.680771 -3.789315
v -7.825397 6.680771 -6.536549
v -9.573637 6.680771 -3.539567
v -9.573637 6.680771 -3.539567
v -10.198008 6.680772 -0.043089
v -9.573637 1.311179 -3.539567
v -10.198008 1.311179 -0.043088
v -9.573637 6.680772 3.453391
v -7.825397 6.680772 6.575246
v -9.573637 1.311179 3.453391
v -7.825397 1.311180 6.575247
v -10.447756 6.680771 -3.789315
v -11.072127 6.680772 -0.043089
v -9.573637 6.680771 -3.539567
v -10.198008 6.680772 -0.043089
v -11.821374 5.806653 3.328516
v -11.821374 4.932533 3.328516
v -10.322882 5.931528 6.450373
v -10.322882 4.932533 6.450373
v -11.446751 5.931527 -4.039064
v -9.199014 6.181274 -7.285794
v -11.446751 5.307156 -4.039064
v -9.199014 5.681777 -7.285794
v -15.442726 1.311179 -0.917208
v -15.442726 1.311179 3.203642
v -15.442726 2.559922 -0.917208
v -15.442726 2.559922 3.203642
v -11.446751 5.307156 -4.039064
v -12.445745 5.931527 -0.417711
v -12.445745 5.057407 -0.417711
v -1.831434 6.680771 -10.033028
v -5.078164 6.680771 -8.784286
v -1.831434 1.311178 -10.033027
v -5.078164 1.311178 -8.784285
v -6.951278 2.809669 -12.031014
v -3.829422 3.059418 -12.031014
v -6.951278 1.311178 -12.031014
v -3.829422 1.311178 -12.031014
v -5.577662 4.807658 -9.658404
v -1.956308 5.806652 -10.907146
v -5.577662 3.059418 -9.658404
v -1.956308 3.059418 -10.907146
v -15.442726 2.559922 -0.917208
v -14.318858 2.934544 -4.788309
v -15.442726 1.311179 -0.917208
v -14.318858 1.311179 -4.788309
v -13.569613 4.433036 -0.667459
v -12.945242 4.682785 -4.413686
v -13.569613 3.184293 -0.667459
v -12.945242 3.434041 -4.413686
v -12.445745 5.057407 -0.417711
v -11.821374 5.806653 3.328516
v -13.569613 3.184293 -0.667459
v -13.070116 3.059419 2.953894
v -13.569613 4.433036 -0.667459
v -13.070116 4.308162 2.953894
v -12.945242 4.682785 -4.413686
v -10.572630 5.057406 -7.660418
v -12.945242 3.434041 -4.413686
v -10.572630 4.433035 -7.660418
v -14.943230 2.435047 6.700121
v -15.442726 2.559922 3.203642
v -14.943230 1.311180 6.700121
v -15.442726 1.311179 3.203642
v -12.195996 4.433036 6.824996
v -13.070116 4.308162 2.953894
v -12.195996 3.059419 6.824996
v -13.070116 3.059419 2.953894
v -12.320870 2.310172 -8.159914
v -9.448762 2.559921 -10.657398
v -12.445745 1.311178 -8.159914
v -9.448762 1.311178 -10.657398
v -12.320870 3.683789 -8.159914
v -9.448762 4.807658 -10.657398
v -12.320870 2.310172 -8.159914
v -9.448762 3.558914 -10.657398
v -8.449768 6.680771 -7.160921
v -6.451781 6.680771 -8.784286
v -9.199014 6.181274 -7.285794
v -7.700523 6.306149 -8.909159
v -8.449768 4.932533 7.074744
v -8.449768 6.680772 7.074744
v -10.322882 4.932533 6.450373
v -10.322882 5.931528 6.450373
v -8.449768 6.680772 7.074744
v -10.447756 6.680772 3.828012
v -10.322882 5.931528 6.450373
v -11.821374 5.806653 3.328516
v -10.447756 6.680771 -3.789315
v -8.449768 6.680771 -7.160921
v -11.446751 5.931527 -4.039064
v -9.199014 6.181274 -7.285794
v -11.072127 6.680772 -0.043089
v -10.447756 6.680771 -3.789315
v -12.445745 5.931527 -0.417711
v -11.446751 5.931527 -4.039064
v -10.447756 6.680772 3.828012
v -11.072127 6.680772 -0.043089
v -11.821374 5.806653 3.328516
v -12.445745 5.931527 -0.417711
v -13.070116 1.311180 10.945846
v -13.070116 3.059420 10.945846
v -13.819362 1.311180 10.071725
v -13.819362 2.435048 10.071725
v -10.447756 3.059420 9.821977
v -10.447756 4.932534 9.821977
v -11.446751 3.059420 8.323486
v -11.446751 4.433036 8.323486
v -12.445745 5.057407 -0.417711
v -11.446751 5.307156 -4.039064
v -13.569613 4.433036 -0.667459
v -12.945242 4.682785 -4.413686
v -11.821374 4.932533 3.328516
v -12.445745 5.057407 -0.417711
v -13.070116 4.308162 2.953894
v -13.569613 4.433036 -0.667459
v -11.446751 5.307156 -4.039064
v -9.199014 5.681777 -7.285794
v -12.945242 4.682785 -4.413686
v -10.572630 5.057406 -7.660418
v -10.322882 4.932533 6.450373
v -11.821374 4.932533 3.328516
v -12.195996 4.433036 6.824996
v -13.070116 4.308162 2.953894
v -10.322882 1.311180 12.069714
v -10.322882 3.059420 12.069714
v -13.070116 1.311180 10.945846
v -13.070116 3.059420 10.945846
v -8.449768 3.059420 10.945846
v -8.449768 4.932534 10.945846
v -10.447756 3.059420 9.821977
v -10.447756 4.932534 9.821977
v -1.956308 6.680771 -10.907147
v -1.956308 5.806652 -10.907146
v -4.703541 6.306148 -11.656392
v -4.703541 5.182280 -11.656392
v -3.329925 6.680771 -10.407651
v -1.956308 6.680771 -10.907147
v -6.202033 6.431023 -10.782273
v -4.703541 6.306148 -11.656392
v -10.198008 1.311179 -0.043088
v -9.573637 1.311179 3.453391
v -15.442726 1.311179 -0.917208
v -15.442726 1.311179 3.203642
v -13.070116 3.059419 2.953894
v -13.569613 3.184293 -0.667459
v -15.442726 2.559922 3.203642
v -15.442726 2.559922 -0.917208
v -13.569613 3.184293 -0.667459
v -12.945242 3.434041 -4.413686
v -15.442726 2.559922 -0.917208
v -14.318858 2.934544 -4.788309
v -9.573637 1.311179 -3.539567
v -10.198008 1.311179 -0.043088
v -14.318858 1.311179 -4.788309
v -15.442726 1.311179 -0.917208
v -12.195996 3.059419 6.824996
v -13.070116 3.059419 2.953894
v -14.943230 2.435047 6.700121
v -15.442726 2.559922 3.203642
v -10.572630 4.433035 -7.660418
v -7.825397 5.681777 -10.157902
v -12.320870 3.683789 -8.159914
v -9.448762 4.807658 -10.657398
v -12.945242 3.434041 -4.413686
v -10.572630 4.433035 -7.660418
v -14.318858 2.934544 -4.788309
v -12.320870 3.683789 -8.159914
v -8.449768 1.311180 7.074744
v -8.449768 3.059419 7.074744
v -10.822379 1.311180 7.699115
v -11.197001 3.059419 7.699115
v -4.703541 6.306148 -11.656392
v -4.703541 5.182280 -11.656392
v -6.077158 5.931526 -11.781266
v -6.077158 4.932532 -11.781266
v -7.825397 5.681777 -10.157902
v -6.202033 6.431023 -10.782273
v -9.448762 4.807658 -10.657398
v -7.575649 5.432029 -11.531518
v -6.202033 6.431023 -10.782273
v -4.703541 6.306148 -11.656392
v -7.575649 5.432029 -11.531518
v -6.077158 5.931526 -11.781266
v -5.577662 6.680771 -9.658405
v -3.329925 6.680771 -10.407651
v -7.950272 6.056400 -10.033027
v -6.202033 6.431023 -10.782273
v -9.199014 5.681777 -7.285794
v -7.700523 6.306149 -8.909159
v -10.572630 5.057406 -7.660418
v -7.950272 6.056400 -10.033027
v -5.577662 3.059418 -9.658404
v -1.956308 3.059418 -10.907146
v -6.951278 2.809669 -12.031014
v -3.829422 3.059418 -12.031014
v -1.956308 3.059418 -10.907146
v -1.956308 1.311178 -10.907146
v -3.829422 3.059418 -12.031014
v -3.829422 1.311178 -12.031014
v -1.956308 1.311178 -10.907146
v -5.078164 1.311178 -8.784285
v -3.829422 1.311178 -12.031014
v -6.951278 1.311178 -12.031014
v -8.449768 3.059418 -7.160920
v -5.577662 3.059418 -9.658404
v -12.320870 2.310172 -8.159914
v -9.448762 2.559921 -10.657398
v -7.825397 1.311179 -6.536548
v -9.573637 1.311179 -3.539567
v -12.445745 1.311178 -8.159914
v -14.318858 1.311179 -4.788309
v -9.448762 1.311178 -10.657398
v -6.951278 2.809669 -12.031014
v -12.195996 4.433036 6.824996
v -10.447756 4.932534 9.821977
v -11.446751 4.433036 8.323486
v -12.195996 3.059419 6.824996
v -11.446751 4.433036 8.323486
v -11.446751 3.059420 8.323486
v -12.195996 3.059419 6.824996
v -11.197001 3.059419 7.699115
v -11.446751 3.059420 8.323486
v -10.447756 3.059420 9.821977
v -8.449768 3.059419 7.074744
v -8.449768 4.932533 7.074744
v -8.449768 3.059420 10.945846
v -8.449768 4.932534 10.945846
v -8.449768 4.932533 7.074744
v -10.322882 4.932533 6.450373
v -8.449768 4.932534 10.945846
v -10.447756 4.932534 9.821977
v -11.197001 3.059419 7.699115
v -8.449768 3.059419 7.074744
v -10.447756 3.059420 9.821977
v -8.449768 3.059420 10.945846
v -14.943230 2.435047 6.700121
v -13.070116 3.059420 10.945846
v -13.819362 2.435048 10.071725
v -14.943230 1.311180 6.700121
v -13.819362 2.435048 10.071725
v -13.819362 1.311180 10.071725
v -14.943230 1.311180 6.700121
v -10.822379 1.311180 7.699115
v -13.819362 1.311180 10.071725
v -13.070116 1.311180 10.945846
v -10.822379 1.311180 7.699115
v -11.197001 3.059419 7.699115
v -10.322882 1.311180 12.069714
v -10.322882 3.059420 12.069714
v -11.197001 3.059419 7.699115
v -12.195996 3.059419 6.824996
v -10.322882 3.059420 12.069714
v -13.070116 3.059420 10.945846
v -5.078164 6.680772 8.822982
v -1.831434 6.680773 10.071724
v -5.078164 1.311180 8.822983
v -1.831434 1.311180 10.071725
v -1.831434 6.680773 10.071724
v 1.789919 6.680773 10.071724
v -1.831434 1.311180 10.071725
v 1.789919 1.311180 10.071725
v 5.536146 6.680773 9.572227
v 8.533129 6.680772 7.074744
v 5.161524 6.680772 8.822982
v 7.783883 6.680772 6.575246
v 5.161524 6.680772 8.822982
v 7.783883 6.680772 6.575246
v 5.161524 1.311180 8.822983
v 7.783883 1.311180 6.575247
v 8.533129 6.680772 7.074744
v 10.406241 6.680772 3.828012
v 7.783883 6.680772 6.575246
v 9.532122 6.680772 3.453391
v -1.956308 6.680773 10.945845
v 1.914793 6.680773 10.945845
v -1.831434 6.680773 10.071724
v 1.789919 6.680773 10.071724
v 1.789919 6.680773 10.071724
v 5.161524 6.680772 8.822982
v 1.789919 1.311180 10.071725
v 5.161524 1.311180 8.822983
v 7.783883 6.680772 6.575246
v 9.532122 6.680772 3.453391
v 7.783883 1.311180 6.575247
v 9.532122 1.311179 3.453391
v 1.914793 6.680773 10.945845
v 5.536146 6.680773 9.572227
v 1.789919 6.680773 10.071724
v 5.161524 6.680772 8.822982
v 8.782877 5.806653 8.573235
v 8.782877 4.932533 8.573235
v 10.780865 5.931528 5.701128
v 10.780865 4.932533 5.701128
v 2.164542 5.931528 11.944839
v -1.706560 6.181276 11.695091
v 2.164542 5.307157 11.944839
v -1.706560 5.681779 11.695091
v 6.909763 1.311180 13.817953
v 10.406241 1.311180 11.819965
v 6.909763 2.559923 13.817953
v 10.406241 2.559923 11.819965
v 2.164542 5.307157 11.944839
v 5.785895 5.931528 10.945846
v 5.785895 5.057408 10.945846
v -7.825397 6.680772 6.575246
v -5.078164 6.680772 8.822982
v -7.825397 1.311180 6.575247
v -5.078164 1.311180 8.822983
v -6.951278 2.809671 12.069714
v -8.449768 3.059420 9.322480
v -6.951278 1.311180 12.069714
v -8.449768 1.311180 9.322480
v -5.577662 4.807660 9.572228
v -8.449768 5.806653 7.074744
v -5.577662 3.059420 9.572228
v -8.449768 3.059419 7.074744
v 6.909763 2.559923 13.817953
v 2.913787 2.934545 14.816947
v 6.909763 1.311180 13.817953
v 2.913787 1.311180 14.816947
v 6.160518 4.433037 12.069714
v 2.664039 4.682786 13.318457
v 6.160518 3.184294 12.069714
v 2.664039 3.434042 13.318457
v 5.785895 5.057408 10.945846
v 8.782877 5.806653 8.573235
v 6.160518 3.184294 12.069714
v 9.032625 3.059420 9.821977
v 6.160518 4.433037 12.069714
v 9.032625 4.308163 9.821977
v 2.664039 4.682786 13.318457
v -1.331937 5.057408 12.943833
v 2.664039 3.434042 13.318457
v -1.331937 4.433037 12.943833
v 13.278350 2.435048 9.572228
v 10.406241 2.559923 11.819965
v 13.278350 1.311180 9.572228
v 10.406241 1.311180 11.819965
v 12.029607 4.433036 7.199617
v 9.032625 4.308163 9.821977
v 12.029607 3.059419 7.199618
v 9.032625 3.059420 9.821977
v -0.832440 2.310174 14.816947
v -4.578667 2.559923 13.443331
v -0.957314 1.311180 14.816947
v -4.578667 1.311180 13.443331
v -0.832440 3.683791 14.816947
v -4.453793 4.807660 13.443331
v -0.832440 2.310174 14.816947
v -4.453793 3.558916 13.443331
v -1.956308 6.680773 10.945845
v -4.453793 6.680773 10.071724
v -1.706560 6.181276 11.695091
v -3.829422 6.306150 11.070720
v 10.406241 4.932533 3.828012
v 10.406241 6.680772 3.828012
v 10.780865 4.932533 5.701128
v 10.780865 5.931528 5.701128
v 10.406241 6.680772 3.828012
v 8.533129 6.680772 7.074744
v 10.780865 5.931528 5.701128
v 8.782877 5.806653 8.573235
v 1.914793 6.680773 10.945845
v -1.956308 6.680773 10.945845
v 2.164542 5.931528 11.944839
v -1.706560 6.181276 11.695091
v 5.536146 6.680773 9.572227
v 1.914793 6.680773 10.945845
v 5.785895 5.931528 10.945846
v 2.164542 5.931528 11.944839
v 8.533129 6.680772 7.074744
v 5.536146 6.680773 9.572227
v 8.782877 5.806653 8.573235
v 5.785895 5.931528 10.945846
v 16.025583 1.311180 5.826002
v 16.025583 3.059419 5.826002
v 15.650960 1.311180 6.949870
v 15.650960 2.435047 6.949870
v 13.777846 3.059419 4.202636
v 13.777846 4.932533 4.202635
v 12.903728 3.059419 5.826002
v 12.903728 4.433036 5.826002
v 5.785895 5.057408 10.945846
v 2.164542 5.307157 11.944839
v 6.160518 4.433037 12.069714
v 2.664039 4.682786 13.318457
v 8.782877 4.932533 8.573235
v 5.785895 5.057408 10.945846
v 9.032625 4.308163 9.821977
v 6.160518 4.433037 12.069714
v 2.164542 5.307157 11.944839
v -1.706560 5.681779 11.695091
v 2.664039 4.682786 13.318457
v -1.331937 5.057408 12.943833
v 10.780865 4.932533 5.701128
v 8.782877 4.932533 8.573235
v 12.029607 4.433036 7.199617
v 9.032625 4.308163 9.821977
v 15.526086 1.311179 2.829020
v 15.526086 3.059419 2.829020
v 16.025583 1.311180 5.826002
v 16.025583 3.059419 5.826002
v 13.652972 3.059419 1.830026
v 13.652972 4.932533 1.830026
v 13.777846 3.059419 4.202636
v 13.777846 4.932533 4.202635
v -8.449768 6.680772 7.074744
v -8.449768 5.806653 7.074744
v -7.700523 6.306150 9.946851
v -7.700523 5.182282 9.946851
v -7.325901 6.680772 8.073737
v -8.449768 6.680772 7.074744
v -6.326907 6.431025 10.820970
v -7.700523 6.306150 9.946851
v 5.161524 1.311180 8.822983
v 7.783883 1.311180 6.575247
v 6.909763 1.311180 13.817953
v 10.406241 1.311180 11.819965
v 9.032625 3.059420 9.821977
v 6.160518 3.184294 12.069714
v 10.406241 2.559923 11.819965
v 6.909763 2.559923 13.817953
v 6.160518 3.184294 12.069714
v 2.664039 3.434042 13.318457
v 6.909763 2.559923 13.817953
v 2.913787 2.934545 14.816947
v 1.789919 1.311180 10.071725
v 5.161524 1.311180 8.822983
v 2.913787 1.311180 14.816947
v 6.909763 1.311180 13.817953
v 12.029607 3.059419 7.199618
v 9.032625 3.059420 9.821977
v 13.278350 2.435048 9.572228
v 10.406241 2.559923 11.819965
v -1.331937 4.433037 12.943833
v -4.828415 5.681779 11.819965
v -0.832440 3.683791 14.816947
v -4.453793 4.807660 13.443331
v 2.664039 3.434042 13.318457
v -1.331937 4.433037 12.943833
v 2.913787 2.934545 14.816947
v -0.832440 3.683791 14.816947
v 10.406241 1.311179 3.828013
v 10.406241 3.059419 3.828013
v 12.029607 1.311180 5.576253
v 12.279355 3.059419 5.826002
v -7.700523 6.306150 9.946851
v -7.700523 5.182282 9.946851
v -7.201026 5.931528 11.195595
v -7.201026 4.932534 11.195595
v -4.828415 5.681779 11.819965
v -6.326907 6.431025 10.820970
v -4.453793 4.807660 13.443331
v -6.202033 5.432031 12.319463
v -6.326907 6.431025 10.820970
v -7.700523 6.306150 9.946851
v -6.202033 5.432031 12.319463
v -7.201026 5.931528 11.195595
v -5.577662 6.680773 9.572227
v -7.325901 6.680772 8.073737
v -4.703541 6.056402 11.944839
v -6.326907 6.431025 10.820970
v -1.706560 5.681779 11.695091
v -3.829422 6.306150 11.070720
v -1.331937 5.057408 12.943833
v -4.703541 6.056402 11.944839
v -5.577662 3.059420 9.572228
v -8.449768 3.059419 7.074744
v -6.951278 2.809671 12.069714
v -8.449768 3.059420 9.322480
v -8.449768 3.059419 7.074744
v -8.449768 1.311180 7.074744
v -8.449768 3.059420 9.322480
v -8.449768 1.311180 9.322480
v -8.449768 1.311180 7.074744
v -5.078164 1.311180 8.822983
v -8.449768 1.311180 9.322480
v -6.951278 1.311180 12.069714
v -1.956308 3.059420 10.945846
v -5.577662 3.059420 9.572228
v -0.832440 2.310174 14.816947
v -4.578667 2.559923 13.443331
v -1.831434 1.311180 10.071725
v 1.789919 1.311180 10.071725
v -0.957314 1.311180 14.816947
v 2.913787 1.311180 14.816947
v -4.578667 1.311180 13.443331
v -6.951278 2.809671 12.069714
v 12.029607 4.433036 7.199617
v 13.777846 4.932533 4.202635
v 12.903728 4.433036 5.826002
v 12.029607 3.059419 7.199618
v 12.903728 4.433036 5.826002
v 12.903728 3.059419 5.826002
v 12.029607 3.059419 7.199618
v 12.279355 3.059419 5.826002
v 12.903728 3.059419 5.826002
v 13.777846 3.059419 4.202636
v 10.406241 3.059419 3.828013
v 10.406241 4.932533 3.828012
v 13.652972 3.059419 1.830026
v 13.652972 4.932533 1.830026
v 10.406241 4.932533 3.828012
v 10.780865 4.932533 5.701128
v 13.652972 4.932533 1.830026
v 13.777846 4.932533 4.202635
v 12.279355 3.059419 5.826002
v 10.406241 3.059419 3.828013
v 13.777846 3.059419 4.202636
v 13.652972 3.059419 1.830026
v 13.278350 2.435048 9.572228
v 16.025583 3.059419 5.826002
v 15.650960 2.435047 6.949870
v 13.278350 1.311180 9.572228
v 15.650960 2.435047 6.949870
v 15.650960 1.311180 6.949870
v 13.278350 1.311180 9.572228
v 12.029607 1.311180 5.576253
v 15.650960 1.311180 6.949870
v 16.025583 1.311180 5.826002
v 12.029607 1.311180 5.576253
v 12.279355 3.059419 5.826002
v 15.526086 1.311179 2.829020
v 15.526086 3.059419 2.829020
v 12.279355 3.059419 5.826002
v 12.029607 3.059419 7.199618
v 15.526086 3.059419 2.829020
v 16.025583 3.059419 5.826002
v 1.540171 3.683790 -1.416705
v 1.540171 3.309167 -1.416705
v 0.041680 3.683790 -2.665447
v 0.041680 3.309167 -2.665447
v 0.041680 3.683790 -2.665447
v 0.041680 3.309167 -2.665447
v 2.164542 3.683789 -5.287807
v 2.164542 3.309166 -5.287807
v 3.663033 3.683790 -4.163939
v 3.663033 3.309167 -4.163939
v 1.540171 3.683790 -1.416705
v 1.540171 3.309167 -1.416705
v 3.038661 3.309166 -5.662429
v 3.038661 3.683789 -5.662429
v 2.164542 3.309166 -5.287807
v 2.164542 3.683789 -5.287807
v 3.787907 3.309166 -5.038058
v 3.787907 3.683789 -5.038058
v 3.038661 3.309166 -5.662429
v 3.038661 3.683789 -5.662429
v 3.787907 3.683789 -5.038058
v 7.783883 3.683789 -6.536549
v 3.038661 3.683789 -5.662429
v 5.161524 3.683789 -8.784285
v -2.580679 0.936557 -0.043088
v -2.330931 0.936557 -0.917208
v -2.580679 0.561934 -0.043088
v -2.330931 0.561934 -0.917208
v 3.038661 3.683789 -5.662429
v 5.161524 3.683789 -8.784285
v 2.164542 3.683789 -5.287807
v 1.789919 3.683789 -10.033027
v -5.078164 0.936557 -0.043088
v -4.828415 0.936557 -1.791327
v -2.580679 0.936557 -0.043088
v -2.330931 0.936557 -0.917208
v -2.330931 0.936557 -0.917208
v -1.956308 0.936557 -1.666453
v -2.330931 0.561934 -0.917208
v -1.956308 0.561934 -1.666453
v -10.198008 3.309167 -0.043088
v -9.573637 3.309167 -3.539567
v -5.827410 3.309167 -0.043088
v -5.452787 3.309167 -2.041076
v -1.456811 3.683790 -1.416705
v -1.456811 3.309167 -1.416705
v -3.579673 3.683790 -4.163939
v -3.579673 3.309167 -4.163939
v 0.041680 3.683790 -2.665447
v 0.041680 3.309167 -2.665447
v -1.456811 3.683790 -1.416705
v -1.456811 3.309167 -1.416705
v -5.827410 3.309167 -0.043088
v -5.452787 3.309167 -2.041076
v -5.078164 0.936557 -0.043088
v -4.828415 0.936557 -1.791327
v -4.828415 0.936557 -1.791327
v -3.954296 0.936557 -3.289818
v -2.330931 0.936557 -0.917208
v -1.956308 0.936557 -1.666453
v -1.956308 0.936557 -1.666453
v -1.331937 0.936557 -2.165950
v -1.956308 0.561934 -1.666453
v -1.331937 0.561934 -2.165950
v -9.573637 3.309167 -3.539567
v -7.825397 3.309166 -6.536549
v -5.452787 3.309167 -2.041076
v -4.453793 3.309167 -3.789315
v -7.700523 3.683789 -6.411674
v -3.579673 3.683790 -4.163939
v 0.041680 3.683790 -2.665447
v -2.081182 3.683789 -5.287807
v 0.041680 3.309167 -2.665447
v -2.081182 3.309166 -5.287807
v -5.452787 3.309167 -2.041076
v -4.453793 3.309167 -3.789315
v -4.828415 0.936557 -1.791327
v -3.954296 0.936557 -3.289818
v -3.954296 0.936557 -3.289818
v -2.580679 0.936557 -4.413686
v -1.956308 0.936557 -1.666453
v -1.331937 0.936557 -2.165950
v -1.331937 0.936557 -2.165950
v -0.457817 0.936557 -2.540573
v -1.331937 0.561934 -2.165950
v -0.457817 0.561934 -2.540573
v 2.414290 0.936557 -0.917208
v 2.539165 0.936557 -0.043088
v 2.414290 0.561934 -0.917208
v 2.539165 0.561934 -0.043088
v -3.579673 3.309167 -4.413686
v -7.825397 3.309166 -6.536549
v -3.704547 3.309166 -5.038058
v -2.081182 3.309166 -5.287807
v -2.081182 3.683789 -5.287807
v -2.955302 3.309166 -5.662429
v -2.955302 3.683789 -5.662429
v -2.580679 0.936557 -4.413686
v -0.832440 0.936557 -5.038058
v -1.331937 0.936557 -2.165950
v -0.457817 0.936557 -2.540573
v -0.457817 0.936557 -2.540573
v 0.416303 0.936557 -2.540573
v -0.457817 0.561934 -2.540573
v 0.416303 0.561934 -2.540573
v 1.914793 0.936557 -1.666453
v 2.414290 0.936557 -0.917208
v 1.914793 0.561934 -1.666453
v 2.414290 0.561934 -0.917208
v 4.786901 0.936557 -1.791327
v 5.036649 0.936557 -0.043088
v 2.414290 0.936557 -0.917208
v 2.539165 0.936557 -0.043088
v -0.832440 0.936557 -5.038058
v 0.915800 0.936557 -5.038058
v -0.457817 0.936557 -2.540573
v 0.416303 0.936557 -2.540573
v 0.416303 0.936557 -2.540573
v 1.290422 0.936557 -2.165950
v 0.416303 0.561934 -2.540573
v 1.290422 0.561934 -2.165950
v 1.290422 0.936557 -2.165950
v 1.914793 0.936557 -1.666453
v 1.290422 0.561934 -2.165950
v 1.914793 0.561934 -1.666453
v 3.912781 0.936557 -3.289818
v 4.786901 0.936557 -1.791327
v 1.914793 0.936557 -1.666453
v 2.414290 0.936557 -0.917208
v 5.411272 3.309167 -2.041076
v 5.785895 3.309167 -0.043088
v 4.786901 0.936557 -1.791327
v 5.036649 0.936557 -0.043088
v 9.532122 3.309167 -3.539567
v 10.156493 3.309167 -0.043088
v 5.411272 3.309167 -2.041076
v 5.785895 3.309167 -0.043088
v -1.831434 3.309166 -10.033027
v 1.789919 3.309166 -10.033027
v -0.957314 3.309166 -5.662429
v 1.040674 3.309166 -5.662429
v -0.957314 3.309166 -5.662429
v 1.040674 3.309166 -5.662429
v -0.832440 0.936557 -5.038058
v 0.915800 0.936557 -5.038058
v 0.915800 0.936557 -5.038058
v 2.539165 0.936557 -4.413686
v 0.416303 0.936557 -2.540573
v 1.290422 0.936557 -2.165950
v 2.539165 0.936557 -4.413686
v 3.912781 0.936557 -3.289818
v 1.290422 0.936557 -2.165950
v 1.914793 0.936557 -1.666453
v 4.412278 3.309167 -3.789315
v 5.411272 3.309167 -2.041076
v 3.912781 0.936557 -3.289818
v 4.786901 0.936557 -1.791327
v 7.783883 3.309166 -6.536549
v 9.532122 3.309167 -3.539567
v 4.412278 3.309167 -3.789315
v 5.411272 3.309167 -2.041076
v 0.041680 3.683790 -0.043088
v -9.573637 3.683790 -3.539567
v -7.825397 3.683789 -6.536549
v -7.700523 3.683789 -6.411674
v -1.456811 3.683790 -1.416705
v -2.955302 3.683789 -5.662429
v -2.081182 3.683789 -5.287807
v -5.078164 3.683789 -8.784285
v -1.831434 3.683789 -10.033027
v 3.663033 3.683790 -4.163939
v 1.540171 3.683790 -1.416705
v -5.078164 3.309166 -8.784285
v -2.955302 3.309166 -5.662429
v 7.783883 3.309166 -6.536549
v 3.787907 3.309166 -5.038058
v 5.161524 3.309166 -8.784285
v 3.038661 3.309166 -5.662429
v 3.038661 3.309166 -5.662429
v 2.164542 3.309166 -5.287807
v 5.161524 3.309166 -8.784285
v 1.789919 3.309166 -10.033027
v -2.081182 3.309166 -5.287807
v -2.955302 3.309166 -5.662429
v -1.831434 3.309166 -10.033027
v -5.078164 3.309166 -8.784285
v -1.581685 3.683790 1.455403
v -1.581685 3.309167 1.455403
v -0.083194 3.683790 2.579271
v -0.083194 3.309167 2.579271
v -0.083194 3.683790 2.579271
v -0.083194 3.309167 2.579271
v -2.081182 3.683790 5.326505
v -2.206056 3.309167 5.326505
v -3.704547 3.683790 4.077762
v -3.704547 3.309167 4.077762
v -1.581685 3.683790 1.455403
v -1.581685 3.309167 1.455403
v -2.955302 3.309167 5.701128
v -2.955302 3.683790 5.701128
v -2.206056 3.309167 5.326505
v -2.081182 3.683790 5.326505
v -3.829422 3.309167 5.076756
v -3.829422 3.683790 5.076756
v -2.955302 3.309167 5.701128
v -2.955302 3.683790 5.701128
v -3.829422 3.683790 5.076756
v -7.825397 3.683790 6.575246
v -2.955302 3.683790 5.701128
v -5.078164 3.683791 8.822983
v 2.539165 0.936557 -0.043088
v 2.414290 0.936557 0.831032
v 2.539165 0.561934 -0.043088
v 2.414290 0.561934 0.831032
v -2.955302 3.683790 5.701128
v -5.078164 3.683791 8.822983
v -2.081182 3.683790 5.326505
v -1.831434 3.683791 10.071725
v 5.036649 0.936557 -0.043088
v 4.786901 0.936557 1.705151
v 2.539165 0.936557 -0.043088
v 2.414290 0.936557 0.831032
v 2.414290 0.936557 0.831032
v 1.914793 0.936557 1.580277
v 2.414290 0.561934 0.831032
v 1.914793 0.561934 1.580277
v 10.156493 3.309167 -0.043088
v 9.532122 3.309167 3.453391
v 5.785895 3.309167 -0.043088
v 5.411272 3.309167 1.954900
v 1.540171 3.683790 1.455403
v 1.540171 3.309167 1.455403
v 3.538159 3.683790 4.077762
v 3.538159 3.309167 4.077762
v -0.083194 3.683790 2.579271
v -0.083194 3.309167 2.579271
v 1.540171 3.683790 1.455403
v 1.540171 3.309167 1.455403
v 5.785895 3.309167 -0.043088
v 5.411272 3.309167 1.954900
v 5.036649 0.936557 -0.043088
v 4.786901 0.936557 1.705151
v 4.786901 0.936557 1.705151
v 3.912781 0.936557 3.328516
v 2.414290 0.936557 0.831032
v 1.914793 0.936557 1.580277
v 1.914793 0.936557 1.580277
v 1.290422 0.936557 2.204648
v 1.914793 0.561934 1.580277
v 1.290422 0.561934 2.204648
v 9.532122 3.309167 3.453391
v 7.783883 3.309167 6.575246
v 5.411272 3.309167 1.954900
v 4.412278 3.309167 3.703139
v -0.083194 3.683790 2.579271
v 2.039668 3.683790 5.326505
v -0.083194 3.309167 2.579271
v 2.164542 3.309167 5.326505
v 5.411272 3.309167 1.954900
v 4.412278 3.309167 3.703139
v 4.786901 0.936557 1.705151
v 3.912781 0.936557 3.328516
v 3.912781 0.936557 3.328516
v 2.539165 0.936557 4.452384
v 1.914793 0.936557 1.580277
v 1.290422 0.936557 2.204648
v 1.290422 0.936557 2.204648
v 0.416303 0.936557 2.454397
v 1.290422 0.561934 2.204648
v 0.416303 0.561934 2.454397
v -2.330931 0.936557 0.831032
v -2.580679 0.936557 -0.043088
v -2.330931 0.561934 0.831032
v -2.580679 0.561934 -0.043088
v 3.663033 3.309167 4.452384
v 7.783883 3.309167 6.575246
v 3.663033 3.309167 5.076756
v 2.164542 3.309167 5.326505
v 2.039668 3.683790 5.326505
v 2.913787 3.309167 5.701128
v 2.913787 3.683790 5.701128
v 2.539165 0.936557 4.452384
v 0.915800 0.936557 5.076756
v 1.290422 0.936557 2.204648
v 0.416303 0.936557 2.454397
v 0.416303 0.936557 2.454397
v -0.457817 0.936557 2.454397
v 0.416303 0.561934 2.454397
v -0.457817 0.561934 2.454397
v -1.956308 0.936557 1.580277
v -2.330931 0.936557 0.831032
v -1.956308 0.561934 1.580277
v -2.330931 0.561934 0.831032
v -4.828415 0.936557 1.705151
v -5.078164 0.936557 -0.043088
v -2.330931 0.936557 0.831032
v -2.580679 0.936557 -0.043088
v 0.915800 0.936557 5.076756
v -0.832440 0.936557 5.076756
v 0.416303 0.936557 2.454397
v -0.457817 0.936557 2.454397
v -0.457817 0.936557 2.454397
v -1.331937 0.936557 2.204648
v -0.457817 0.561934 2.454397
v -1.331937 0.561934 2.204648
v -1.331937 0.936557 2.204648
v -1.956308 0.936557 1.580277
v -1.331937 0.561934 2.204648
v -1.956308 0.561934 1.580277
v -3.954296 0.936557 3.328516
v -4.828415 0.936557 1.705151
v -1.956308 0.936557 1.580277
v -2.330931 0.936557 0.831032
v -5.452787 3.309167 1.954900
v -5.827410 3.309167 -0.043088
v -4.828415 0.936557 1.705151
v -5.078164 0.936557 -0.043088
v -9.573637 3.309167 3.453391
v -10.198008 3.309167 -0.043088
v -5.452787 3.309167 1.954900
v -5.827410 3.309167 -0.043088
v 1.789919 3.309168 10.071725
v -1.831434 3.309168 10.071725
v 1.040674 3.309167 5.701128
v -0.957314 3.309167 5.701128
v 1.040674 3.309167 5.701128
v -0.957314 3.309167 5.701128
v 0.915800 0.936557 5.076756
v -0.832440 0.936557 5.076756
v -0.832440 0.936557 5.076756
v -2.580679 0.936557 4.452384
v -0.457817 0.936557 2.454397
v -1.331937 0.936557 2.204648
v -2.580679 0.936557 4.452384
v -3.954296 0.936557 3.328516
v -1.331937 0.936557 2.204648
v -1.956308 0.936557 1.580277
v -4.453793 3.309167 3.703139
v -5.452787 3.309167 1.954900
v -3.954296 0.936557 3.328516
v -4.828415 0.936557 1.705151
v -7.825397 3.309167 6.575246
v -9.573637 3.309167 3.453391
v -4.453793 3.309167 3.703139
v -5.452787 3.309167 1.954900
v 7.783883 3.683790 6.575246
v 3.663033 3.683790 5.076756
v 5.161524 3.683791 8.822983
v 2.913787 3.683790 5.701128
v 1.540171 3.683790 1.455403
v 3.538159 3.683790 4.077762
v 2.913787 3.683790 5.701128
v 2.039668 3.683790 5.326505
v 5.161524 3.683791 8.822983
v 1.789919 3.683791 10.071725
v -3.704547 3.683790 4.077762
v -1.581685 3.683790 1.455403
v 2.913787 3.309167 5.701128
v 5.161524 3.309168 8.822983
v -7.825397 3.309167 6.575246
v -3.829422 3.309167 5.076756
v -5.078164 3.309168 8.822983
v -2.955302 3.309167 5.701128
v -2.955302 3.309167 5.701128
v -2.206056 3.309167 5.326505
v -5.078164 3.309168 8.822983
v -1.831434 3.309168 10.071725
v 2.164542 3.309167 5.326505
v 2.913787 3.309167 5.701128
v 1.789919 3.309168 10.071725
v 5.161524 3.309168 8.822983
v 7.783883 6.555898 -4.913184
v 7.284386 7.180268 -3.789315
v 7.783883 6.680771 -4.913184
v 7.409260 7.305142 -3.789315
v 8.158505 7.180269 -0.917209
v 7.659009 7.430017 -0.043089
v 8.283380 7.430017 -0.917209
v 7.783883 7.679766 -0.043089
v 7.659009 7.430017 -0.043089
v 8.158505 7.180269 0.955905
v 7.783883 7.679766 -0.043089
v 8.158505 7.430017 0.955905
v 7.159512 7.180269 4.202635
v 7.534134 6.555899 5.201631
v 7.159512 7.305143 4.202635
v 7.534134 6.680772 5.326505
v 9.032625 6.680772 0.955905
v 9.532122 6.431024 0.081786
v 9.282373 6.805646 0.955905
v 9.656997 6.431024 0.081786
v 9.532122 6.431024 0.081786
v 9.032625 6.680772 -0.917208
v 9.656997 6.431024 0.081786
v 9.282373 6.680772 -0.917208
v 7.908757 7.305143 -0.792334
v 8.033631 7.554892 -0.792334
v 7.783883 7.430017 -1.042083
v 7.908757 7.679766 -1.042083
v 8.283380 7.430017 -0.917209
v 9.282373 6.805646 -0.917209
v 8.158505 7.554892 -1.042083
v 9.282373 6.805646 -1.042082
v 9.656997 6.555898 -1.042082
v 9.407248 6.431024 -1.042082
v 9.656997 6.680772 -1.291830
v 9.407248 6.555898 -1.291830
v 9.407248 6.555898 1.205655
v 9.656997 6.680772 1.080780
v 9.407248 6.555898 1.330528
v 9.656997 6.680772 1.330528
v 9.282373 6.805646 0.955905
v 8.283380 7.430017 0.955905
v 9.157499 6.805646 1.080780
v 8.158505 7.554892 1.205654
v 8.033631 7.554892 0.955905
v 7.908757 7.305143 0.955905
v 7.908757 7.804640 1.080779
v 7.783883 7.430017 1.080779
v 8.158505 7.180269 -0.917209
v 8.283380 7.430017 -0.917209
v 7.908757 7.305143 -0.792334
v 8.033631 7.554892 -0.792334
v 8.158505 7.554892 -1.042083
v 8.033631 7.554892 -0.792334
v 7.908757 7.679766 -1.042083
v 8.033631 7.554892 -1.291831
v 7.908757 7.180269 -1.291831
v 7.908757 7.679766 -1.291831
v 7.783883 7.305143 -1.291831
v 9.282373 6.680772 -0.917208
v 9.032625 6.680772 -0.917208
v 9.656997 6.555898 -1.042082
v 9.407248 6.431024 -1.042082
v 9.032625 6.555898 -1.042082
v 9.032625 6.680772 -1.042082
v 9.407248 6.555898 -1.291830
v 9.656997 6.680772 -1.291830
v 9.282373 6.805646 -1.042082
v 9.656997 6.680772 -1.291830
v 9.656997 6.555898 -1.042082
v 9.032625 6.680772 0.955905
v 9.282373 6.805646 0.955905
v 9.407248 6.555898 1.205655
v 9.656997 6.680772 1.080780
v 9.157499 6.805646 1.080780
v 9.656997 6.680772 1.080780
v 9.656997 6.680772 1.330528
v 9.157499 6.680772 1.205655
v 9.032625 6.680772 1.205655
v 9.656997 6.680772 1.330528
v 9.407248 6.555898 1.330528
v 8.158505 7.430017 0.955905
v 8.158505 7.180269 0.955905
v 8.033631 7.554892 0.955905
v 7.908757 7.305143 0.955905
v 7.908757 7.180269 1.455402
v 8.033631 7.679766 1.455402
v 7.783883 7.305143 1.330528
v 7.908757 7.804640 1.330528
v 8.158505 7.554892 1.205654
v 7.908757 7.804640 1.080779
v 8.033631 7.554892 0.955905
v 8.033631 7.305143 -1.166957
v 8.033631 7.180269 -1.042083
v 8.033631 7.554892 -1.291831
v 7.908757 7.180269 -1.291831
v 7.783883 7.430017 -1.042083
v 7.908757 7.679766 -1.042083
v 7.783883 7.305143 -1.291831
v 7.908757 7.679766 -1.291831
v 7.908757 7.679766 -1.042083
v 7.908757 7.679766 -1.291831
v 8.033631 7.554892 -1.291831
v 8.033631 7.180269 1.205654
v 8.033631 7.430017 1.080779
v 7.908757 7.180269 1.455402
v 8.033631 7.679766 1.455402
v 7.908757 7.804640 1.080779
v 8.033631 7.679766 1.455402
v 7.908757 7.804640 1.330528
v 7.908757 7.804640 1.080779
v 7.783883 7.430017 1.080779
v 7.908757 7.804640 1.330528
v 7.783883 7.305143 1.330528
v 8.033631 7.180269 -1.042083
v 8.033631 7.305143 -1.166957
v 7.409260 7.180269 -3.040071
v 7.534134 7.430017 -3.040071
v 8.033631 7.305143 -1.166957
v 9.032625 6.680772 -1.042082
v 7.534134 7.430017 -3.040071
v 8.658003 6.680772 -3.040071
v 9.032625 6.680772 -1.042082
v 9.032625 6.555898 -1.042082
v 8.658003 6.680772 -3.040071
v 8.658003 6.555898 -3.040071
v 9.032625 6.680772 1.205655
v 9.157499 6.680772 1.205655
v 8.533129 6.680772 3.328516
v 8.533129 6.680772 3.328516
v 9.157499 6.680772 1.205655
v 8.033631 7.430017 1.080779
v 8.533129 6.680772 3.328516
v 7.409260 7.430017 3.203641
v 8.033631 7.430017 1.080779
v 8.033631 7.180269 1.205654
v 7.409260 7.430017 3.203641
v 7.409260 7.180269 3.203641
v 7.409260 7.180269 -3.040071
v 7.534134 7.430017 -3.040071
v 7.284386 7.180268 -3.789315
v 7.409260 7.305142 -3.789315
v 7.409260 7.305142 -3.789315
v 7.783883 6.680771 -4.913184
v 8.658003 6.680772 -3.040071
v 8.658003 6.555898 -3.040071
v 7.783883 6.680771 -4.913184
v 7.783883 6.555898 -4.913184
v 8.533129 6.680772 3.328516
v 8.533129 6.680772 3.328516
v 7.534134 6.555899 5.201631
v 7.534134 6.680772 5.326505
v 7.534134 6.680772 5.326505
v 7.159512 7.305143 4.202635
v 7.409260 7.430017 3.203641
v 7.409260 7.180269 3.203641
v 7.159512 7.305143 4.202635
v 7.159512 7.180269 4.202635
v 8.283380 7.430017 -0.917209
v 9.282373 6.680772 -0.917208
v 8.283380 7.430017 -0.917209
v 9.282373 6.805646 -0.917209
v 9.032625 6.680772 -1.042082
v 8.033631 7.305143 -1.166957
v 9.282373 6.805646 -1.042082
v 8.158505 7.554892 -1.042083
v 9.282373 6.805646 0.955905
v 8.158505 7.430017 0.955905
v 9.282373 6.805646 0.955905
v 8.283380 7.430017 0.955905
v 8.033631 7.430017 1.080779
v 9.157499 6.680772 1.205655
v 8.158505 7.554892 1.205654
v 9.157499 6.805646 1.080780
v -1.706560 5.182281 4.452384
v -0.083194 5.182281 4.702133
v -1.706560 6.930521 4.452384
v -0.083194 6.930521 4.702133
v 1.665045 5.182281 4.327509
v 2.913787 5.182281 3.578264
v 1.665045 6.930521 4.327509
v 2.913787 6.930521 3.578264
v 4.037656 5.182281 2.454396
v 4.662027 5.182281 0.831032
v 4.037656 6.930521 2.454396
v 4.662027 6.930521 0.831031
v 4.662027 5.182281 -0.792333
v 4.162530 5.182281 -2.290824
v 4.662027 6.930521 -0.792334
v 4.162530 6.930521 -2.290824
v 3.038661 5.182281 -3.539567
v 1.789919 5.182281 -4.288813
v 3.038661 6.930521 -3.539567
v 1.789919 6.930521 -4.288813
v 0.041680 5.182281 -4.788310
v -1.581685 5.182281 -4.413686
v 0.041680 6.930521 -4.788310
v -1.581685 6.930521 -4.413686
v -2.955302 5.182281 -3.539567
v -3.954296 5.182281 -2.415699
v -2.955302 6.930521 -3.539567
v -3.954296 6.930521 -2.415699
v -4.703541 5.182281 -0.917208
v -4.703541 5.182281 0.831032
v -4.703541 6.930521 -0.917209
v -4.703541 6.930521 0.831031
v -3.954296 5.182281 2.329523
v -3.080176 5.182281 3.578264
v -3.954296 6.930521 2.329523
v -3.080176 6.930521 3.578264
v -1.706560 5.182281 4.327509
v -1.706560 6.930521 4.327509
v -3.080176 5.182281 3.578264
v -3.080176 6.930521 3.578264
v -0.083194 6.930521 4.702133
v 1.540171 6.930521 4.452384
v 1.540171 5.182281 4.452384
v 2.913787 6.930521 3.578264
v 2.913787 5.182281 3.578264
v 3.912781 6.930521 2.454396
v 3.912781 5.182281 2.454396
v 4.662027 6.930521 0.831031
v 4.662027 5.182281 -0.792333
v 3.912781 6.930521 -2.415699
v 3.912781 5.182281 -2.415699
v 3.038661 6.930521 -3.539567
v 3.038661 5.182281 -3.539567
v 1.665045 6.930521 -4.413686
v 1.665045 5.182281 -4.413686
v 0.041680 5.182281 -4.788310
v -1.706560 6.930521 -4.288813
v -1.706560 5.182281 -4.288813
v -2.955302 6.930521 -3.539567
v -2.955302 5.182281 -3.539567
v -4.079170 6.930521 -2.415699
v -4.079170 5.182281 -2.415699
v -4.703541 5.182281 -0.917208
v -4.703541 6.930521 0.831031
v -4.079170 6.930521 2.329523
v -4.079170 5.182281 2.329523
v 2.289416 8.429011 0.581282
v 2.039668 8.803634 0.581282
v 1.665045 8.429011 1.705150
v 1.415297 8.803634 1.455402
v 1.665045 8.429011 -1.666454
v 1.415297 8.803634 -1.416706
v 2.289416 8.429011 -0.542586
v 2.039668 8.803634 -0.542586
v 1.040674 8.553885 -2.415700
v 1.540171 8.553885 -2.165951
v 1.165548 8.429011 -2.665448
v 1.540171 8.429011 -2.540574
v -0.582691 8.803634 -2.041077
v 0.541177 8.803634 -2.041077
v -0.582691 8.429011 -2.290825
v 0.541177 8.429011 -2.290825
v -1.956308 8.803634 -0.542586
v -1.456811 8.803634 -1.416706
v -2.206056 8.429011 -0.542586
v -1.706560 8.429011 -1.666454
v -1.456811 8.803634 1.455402
v -1.956308 8.803634 0.581282
v -1.706560 8.429011 1.705150
v -2.206056 8.429011 0.581282
v -1.082188 8.429011 2.704144
v -1.082188 8.553885 2.454396
v -1.456811 8.429011 2.579270
v -1.581685 8.553885 2.204647
v 0.541177 8.429011 2.204647
v 0.541177 8.803634 2.079773
v -0.582691 8.429011 2.204647
v -0.582691 8.803634 2.079773
v 2.039668 8.803634 0.581282
v 1.665045 8.928508 0.456408
v 1.415297 8.803634 1.455402
v 1.165548 8.928508 1.205654
v -1.581685 8.928508 -0.417712
v -1.207063 8.928508 -1.166957
v -1.956308 8.803634 -0.542586
v -1.456811 8.803634 -1.416706
v 2.039668 8.803634 0.581282
v 2.039668 8.803634 -0.542586
v 1.665045 8.429011 0.456408
v 1.665045 8.429011 -0.417712
v 2.039668 8.803634 -0.542586
v 1.415297 8.803634 -1.416706
v 1.665045 8.429011 -0.417712
v 1.165548 8.429011 -1.166957
v 1.165548 8.429011 -1.166957
v 0.416303 8.429011 -1.666454
v 0.541177 8.803634 -2.041077
v 0.416303 8.429011 -1.666454
v 0.541177 8.803634 -2.041077
v -0.457817 8.429011 -1.666454
v -0.582691 8.803634 -2.041077
v -0.457817 8.429011 -1.666454
v -0.582691 8.803634 -2.041077
v -1.207063 8.429011 -1.166957
v -1.456811 8.803634 -1.416706
v -1.706560 8.429011 -0.417712
v -1.956308 8.803634 -0.542586
v -1.706560 8.429011 0.456408
v -1.956308 8.803634 0.581282
v -1.706560 8.429011 0.456408
v -1.956308 8.803634 0.581282
v -1.207063 8.429011 1.205654
v -1.456811 8.803634 1.455402
v -1.456811 8.803634 1.455402
v -0.582691 8.803634 2.079773
v -0.457817 8.429011 1.705150
v -0.582691 8.803634 2.079773
v 0.541177 8.803634 2.079773
v -0.457817 8.429011 1.705150
v 0.416303 8.429011 1.705150
v 0.541177 8.803634 2.079773
v 1.415297 8.803634 1.455402
v 0.416303 8.429011 1.705150
v 1.165548 8.429011 1.205654
v 1.165548 8.928508 1.205654
v 1.040674 8.678760 0.955905
v 1.415297 8.678760 0.331534
v 1.415297 8.678760 0.331534
v 1.665045 8.928508 0.456408
v 1.665045 8.429011 0.456408
v 2.039668 8.803634 0.581282
v -1.456811 8.803634 -1.416706
v -1.207063 8.928508 -1.166957
v -1.207063 8.429011 -1.166957
v -0.957314 8.678760 -1.042083
v -0.957314 8.678760 -1.042083
v -1.331937 8.678760 -0.417712
v -1.581685 8.928508 -0.417712
v -1.331937 8.678760 -0.417712
v -1.581685 8.928508 -0.417712
v -1.706560 8.429011 -0.417712
v -1.956308 8.803634 -0.542586
v 1.415297 8.803634 1.455402
v 1.165548 8.928508 1.205654
v 1.165548 8.429011 1.205654
v 1.040674 8.678760 0.955905
v 1.665045 8.429011 -0.417712
v 1.415297 8.678760 -0.417712
v 1.665045 8.429011 0.456408
v 1.415297 8.678760 0.331534
v 1.040674 8.678760 -1.042083
v 1.165548 8.429011 -1.166957
v 0.416303 8.429011 -1.666454
v 0.416303 8.678760 -1.416706
v -0.332943 8.678760 -1.416706
v -0.457817 8.429011 -1.666454
v -1.331937 8.678760 0.331534
v -1.331937 8.678760 -0.417712
v -1.706560 8.429011 0.456408
v -1.706560 8.429011 -0.417712
v -0.957314 8.678760 0.955905
v -1.207063 8.429011 1.205654
v -0.332943 8.678760 1.330528
v -0.457817 8.429011 1.705150
v 0.416303 8.678760 1.330528
v 0.416303 8.429011 1.705150
v 1.165548 8.429011 1.205654
v 1.040674 8.678760 0.955905
v 0.666051 8.928508 0.206660
v 0.541177 8.928508 0.581282
v 0.666051 8.928508 -0.167963
v 0.541177 8.928508 -0.542586
v 0.166554 8.928508 -0.667460
v -0.208069 8.928508 -0.667460
v -0.957314 8.678760 -1.042083
v -0.582691 8.928508 -0.542586
v -0.707566 8.928508 -0.167963
v -0.707566 8.928508 0.206660
v -0.582691 8.928508 0.581282
v -0.208069 8.928508 0.706157
v 0.166554 8.928508 0.706157
v 1.789919 8.429011 -2.290825
v 1.540171 8.553885 -2.165951
v 1.665045 8.429011 -1.666454
v 1.415297 8.803634 -1.416706
v 1.415297 8.803634 -1.416706
v 1.540171 8.553885 -2.165951
v 0.541177 8.803634 -2.041077
v 1.040674 8.553885 -2.415700
v 0.541177 8.803634 -2.041077
v 1.040674 8.553885 -2.415700
v 0.541177 8.429011 -2.290825
v 1.165548 8.429011 -2.665448
v -1.706560 8.429011 2.329522
v -1.581685 8.553885 2.204647
v -1.706560 8.429011 1.705150
v -1.456811 8.803634 1.455402
v -1.581685 8.553885 2.204647
v -1.082188 8.553885 2.454396
v -1.456811 8.803634 1.455402
v -0.582691 8.803634 2.079773
v -0.582691 8.803634 2.079773
v -1.082188 8.553885 2.454396
v -0.582691 8.429011 2.204647
v -1.082188 8.429011 2.704144
v 1.540171 8.553885 2.204647
v 1.040674 8.553885 2.454396
v 1.789919 8.429011 2.329522
v 1.540171 8.429011 2.579270
v -1.706560 8.429011 -2.290825
v -1.581685 8.553885 -2.165951
v -1.456811 8.429011 -2.540574
v -1.082188 8.553885 -2.415700
v 1.165548 8.429011 2.704144
v 1.040674 8.553885 2.454396
v 0.541177 8.429011 2.204647
v 0.541177 8.803634 2.079773
v 0.541177 8.803634 2.079773
v 1.040674 8.553885 2.454396
v 1.415297 8.803634 1.455402
v 1.540171 8.553885 2.204647
v 1.415297 8.803634 1.455402
v 1.540171 8.553885 2.204647
v 1.665045 8.429011 1.705150
v 1.789919 8.429011 2.329522
v -1.082188 8.429011 -2.665448
v -1.082188 8.553885 -2.415700
v -0.582691 8.429011 -2.290825
v -0.582691 8.803634 -2.041077
v -1.082188 8.553885 -2.415700
v -1.581685 8.553885 -2.165951
v -0.582691 8.803634 -2.041077
v -1.456811 8.803634 -1.416706
v -1.456811 8.803634 -1.416706
v -1.581685 8.553885 -2.165951
v -1.706560 8.429011 -1.666454
v -1.706560 8.429011 -2.290825
v 2.664039 8.553885 -0.292837
v 2.664039 8.553885 0.331534
v 2.913787 8.429011 -0.417712
v 2.913787 8.429011 -0.043089
v -2.830428 8.429011 0.331534
v -2.705554 8.553885 0.331534
v -2.955302 8.429011 -0.043089
v -2.705554 8.553885 -0.292837
v 2.913787 8.429011 0.331534
v 2.664039 8.553885 0.331534
v 2.289416 8.429011 0.581282
v 2.039668 8.803634 0.581282
v 2.039668 8.803634 0.581282
v 2.664039 8.553885 0.331534
v 2.039668 8.803634 -0.542586
v 2.664039 8.553885 -0.292837
v 2.039668 8.803634 -0.542586
v 2.664039 8.553885 -0.292837
v 2.289416 8.429011 -0.542586
v 2.913787 8.429011 -0.417712
v -2.830428 8.429011 -0.417712
v -2.705554 8.553885 -0.292837
v -2.206056 8.429011 -0.542586
v -1.956308 8.803634 -0.542586
v -2.705554 8.553885 -0.292837
v -2.705554 8.553885 0.331534
v -1.956308 8.803634 -0.542586
v -1.956308 8.803634 0.581282
v -1.956308 8.803634 0.581282
v -2.705554 8.553885 0.331534
v -2.206056 8.429011 0.581282
v -2.830428 8.429011 0.331534
v 4.662027 6.930521 0.831031
v 4.662027 6.930521 -0.792334
v 3.038661 6.930521 0.581282
v 3.038661 6.930521 -0.542586
v 4.662027 6.930521 -0.792334
v 4.162530 6.930521 -2.290824
v 3.038661 6.930521 -0.542586
v 2.664039 6.930521 -1.541579
v 3.912781 6.930521 -2.415699
v 3.038661 6.930521 -3.539567
v 2.664039 6.930521 -1.666453
v 2.039668 6.930521 -2.415699
v 1.789919 6.930521 -4.288813
v 1.290422 6.930521 -2.915195
v 1.665045 6.930521 -4.413686
v 0.041680 6.930521 -4.788310
v 1.040674 6.930521 -2.915195
v 0.041680 6.930521 -3.040071
v 0.041680 6.930521 -4.788310
v -1.581685 6.930521 -4.413686
v 0.041680 6.930521 -3.040071
v -1.082188 6.930521 -2.915195
v -1.706560 6.930521 -4.288813
v -2.955302 6.930521 -3.539567
v -1.207063 6.930521 -2.915195
v -2.081182 6.930521 -2.540573
v -3.954296 6.930521 -2.415699
v -2.705554 6.930521 -1.791327
v -4.079170 6.930521 -2.415699
v -4.703541 6.930521 -0.917209
v -2.705554 6.930521 -1.541579
v -3.080176 6.930521 -0.542586
v -4.703541 6.930521 -0.917209
v -4.703541 6.930521 0.831031
v -3.080176 6.930521 -0.542586
v -3.080176 6.930521 0.456408
v -4.703541 6.930521 0.831031
v -4.079170 6.930521 2.329523
v -3.080176 6.930521 0.456408
v -2.705554 6.930521 1.580276
v -3.954296 6.930521 2.329523
v -3.080176 6.930521 3.578264
v -2.705554 6.930521 1.705150
v -2.081182 6.930521 2.454396
v -1.706560 6.930521 4.327509
v -1.207063 6.930521 2.953893
v -1.706560 6.930521 4.452384
v -0.083194 6.930521 4.702133
v -1.082188 6.930521 2.829020
v -0.083194 6.930521 3.078768
v -0.083194 6.930521 4.702133
v 1.540171 6.930521 4.452384
v -0.083194 6.930521 3.078768
v 1.040674 6.930521 2.953893
v 1.665045 6.930521 4.327509
v 2.913787 6.930521 3.578264
v 1.165548 6.930521 2.953893
v 2.039668 6.930521 2.454396
v 3.912781 6.930521 2.454396
v 2.039668 6.930521 2.454396
v 2.664039 6.930521 1.705150
v 4.037656 6.930521 2.454396
v 4.662027 6.930521 0.831031
v 2.664039 6.930521 1.580276
v 3.038661 6.930521 0.581282
v -7.825397 6.555899 4.827006
v -7.325901 7.180269 3.828012
v -7.825397 6.680772 4.951881
v -7.325901 7.305143 3.828012
v -8.075146 7.180269 0.955905
v -7.700523 7.430017 -0.043089
v -8.200020 7.430017 0.955905
v -7.700523 7.679766 -0.043089
v -7.700523 7.430017 -0.043089
v -8.075146 7.180269 -0.917209
v -7.700523 7.679766 -0.043089
v -8.200020 7.430017 -0.917209
v -7.201026 7.180268 -4.163939
v -7.575649 6.555898 -5.162932
v -7.201026 7.305142 -4.163939
v -7.575649 6.680771 -5.287807
v -9.074140 6.680772 -0.917208
v -9.573637 6.431024 -0.043088
v -9.323888 6.805646 -0.917209
v -9.698511 6.431024 -0.043088
v -9.573637 6.431024 -0.043088
v -9.074140 6.680772 0.955905
v -9.698511 6.431024 -0.043088
v -9.323888 6.680772 0.955905
v -7.950272 7.305143 0.831031
v -8.075146 7.554892 0.831031
v -7.700523 7.430017 1.080779
v -7.950272 7.679766 1.080779
v -8.200020 7.430017 0.955905
v -9.323888 6.805646 0.955905
v -8.200020 7.554892 1.080779
v -9.199014 6.805646 1.080780
v -9.698511 6.555898 1.080780
v -9.448762 6.431024 1.080780
v -9.698511 6.680772 1.330528
v -9.448762 6.555898 1.330528
v -9.448762 6.555898 -1.166956
v -9.573637 6.680772 -1.166956
v -9.448762 6.555898 -1.291830
v -9.698511 6.680772 -1.291830
v -9.199014 6.805646 -0.917209
v -8.200020 7.430017 -0.917209
v -9.199014 6.805646 -1.042082
v -8.200020 7.554892 -1.166957
v -7.950272 7.554892 -0.917209
v -7.825397 7.305143 -0.917209
v -7.825397 7.804640 -1.042083
v -7.700523 7.430017 -1.042083
v -8.075146 7.180269 0.955905
v -8.200020 7.430017 0.955905
v -7.950272 7.305143 0.831031
v -8.075146 7.554892 0.831031
v -8.200020 7.554892 1.080779
v -8.075146 7.554892 0.831031
v -7.950272 7.679766 1.080779
v -8.075146 7.554892 1.330528
v -7.950272 7.180269 1.330528
v -7.950272 7.679766 1.330528
v -7.825397 7.305143 1.330528
v -9.323888 6.680772 0.955905
v -9.074140 6.680772 0.955905
v -9.698511 6.555898 1.080780
v -9.448762 6.431024 1.080780
v -9.074140 6.555898 1.080780
v -9.074140 6.680772 1.080780
v -9.448762 6.555898 1.330528
v -9.698511 6.680772 1.330528
v -9.199014 6.805646 1.080780
v -9.698511 6.680772 1.330528
v -9.698511 6.555898 1.080780
v -9.074140 6.680772 -0.917208
v -9.323888 6.805646 -0.917209
v -9.448762 6.555898 -1.166956
v -9.573637 6.680772 -1.166956
v -9.199014 6.805646 -1.042082
v -9.573637 6.680772 -1.166956
v -9.698511 6.680772 -1.291830
v -9.074140 6.680772 -1.166956
v -8.949265 6.680772 -1.166956
v -9.698511 6.680772 -1.291830
v -9.448762 6.555898 -1.291830
v -8.200020 7.430017 -0.917209
v -8.075146 7.180269 -0.917209
v -7.950272 7.554892 -0.917209
v -7.825397 7.305143 -0.917209
v -7.825397 7.180269 -1.416706
v -8.075146 7.679766 -1.416706
v -7.825397 7.305143 -1.291831
v -7.950272 7.804640 -1.291831
v -8.200020 7.554892 -1.166957
v -7.825397 7.804640 -1.042083
v -7.950272 7.554892 -0.917209
v -8.075146 7.305143 1.080779
v -8.075146 7.180269 1.080779
v -8.075146 7.554892 1.330528
v -7.950272 7.180269 1.330528
v -7.700523 7.430017 1.080779
v -7.950272 7.679766 1.080779
v -7.825397 7.305143 1.330528
v -7.950272 7.679766 1.330528
v -7.950272 7.679766 1.080779
v -7.950272 7.679766 1.330528
v -8.075146 7.554892 1.330528
v -7.950272 7.180269 -1.166957
v -8.075146 7.430017 -1.166957
v -7.825397 7.180269 -1.416706
v -8.075146 7.679766 -1.416706
v -7.825397 7.804640 -1.042083
v -8.075146 7.679766 -1.416706
v -7.950272 7.804640 -1.291831
v -7.825397 7.804640 -1.042083
v -7.700523 7.430017 -1.042083
v -7.950272 7.804640 -1.291831
v -7.825397 7.305143 -1.291831
v -8.075146 7.180269 1.080779
v -8.075146 7.305143 1.080779
v -7.450775 7.180269 2.953893
v -7.575649 7.430017 3.078768
v -8.075146 7.305143 1.080779
v -9.074140 6.680772 1.080780
v -7.575649 7.430017 3.078768
v -8.699517 6.680772 3.078768
v -9.074140 6.680772 1.080780
v -9.074140 6.555898 1.080780
v -8.699517 6.680772 3.078768
v -8.574643 6.555898 3.078768
v -8.949265 6.680772 -1.166956
v -9.074140 6.680772 -1.166956
v -8.574643 6.680771 -3.289819
v -8.574643 6.680771 -3.289819
v -9.074140 6.680772 -1.166956
v -8.075146 7.430017 -1.166957
v -8.574643 6.680771 -3.289819
v -7.450775 7.430017 -3.289819
v -8.075146 7.430017 -1.166957
v -7.950272 7.180269 -1.166957
v -7.450775 7.430017 -3.289819
v -7.325901 7.180268 -3.164944
v -7.450775 7.180269 2.953893
v -7.575649 7.430017 3.078768
v -7.325901 7.180269 3.828012
v -7.325901 7.305143 3.828012
v -7.325901 7.305143 3.828012
v -7.825397 6.680772 4.951881
v -8.699517 6.680772 3.078768
v -8.574643 6.555898 3.078768
v -7.825397 6.680772 4.951881
v -7.825397 6.555899 4.827006
v -8.574643 6.680771 -3.289819
v -8.574643 6.680771 -3.289819
v -7.575649 6.555898 -5.162932
v -7.575649 6.680771 -5.287807
v -7.575649 6.680771 -5.287807
v -7.201026 7.305142 -4.163939
v -7.450775 7.430017 -3.289819
v -7.325901 7.180268 -3.164944
v -7.201026 7.305142 -4.163939
v -7.201026 7.180268 -4.163939
v -8.200020 7.430017 0.955905
v -9.323888 6.680772 0.955905
v -8.200020 7.430017 0.955905
v -9.323888 6.805646 0.955905
v -9.074140 6.680772 1.080780
v -8.075146 7.305143 1.080779
v -9.199014 6.805646 1.080780
v -8.200020 7.554892 1.080779
v -9.323888 6.805646 -0.917209
v -8.200020 7.430017 -0.917209
v -9.199014 6.805646 -0.917209
v -8.200020 7.430017 -0.917209
v -8.075146 7.430017 -1.166957
v -9.074140 6.680772 -1.166956
v -8.200020 7.554892 -1.166957
v -9.199014 6.805646 -1.042082
v 1.789919 5.182281 -4.288813
v 3.038661 5.182281 -3.539567
v 1.665045 5.182281 -4.413686
v 1.665045 6.930521 -4.413686
v 1.789919 6.930521 -4.288813
v 4.162530 6.930521 -2.290824
v 4.162530 5.182281 -2.290824
v 3.912781 6.930521 -2.415699
v 3.912781 5.182281 -2.415699
v 4.162530 5.182281 -2.290824
v 3.038661 5.182281 -3.539567
v 3.912781 5.182281 -2.415699
v 2.039668 6.930521 -2.290824
v 2.664039 6.930521 -1.541579
v 2.039668 6.930521 -2.415699
v 2.664039 6.930521 -1.666453
v 2.664039 6.930521 -1.541579
v 4.162530 6.930521 -2.290824
v 2.664039 6.930521 -1.666453
v 3.912781 6.930521 -2.415699
v 1.665045 6.930521 -4.413686
v 1.040674 6.930521 -2.915195
v 1.789919 6.930521 -4.288813
v 1.290422 6.930521 -2.915195
v 2.039668 6.930521 -2.290824
v 2.039668 6.930521 -2.415699
v -2.955302 5.182281 -3.664442
v -4.079170 5.182281 -2.415699
v -2.955302 5.182281 -3.539567
v -3.954296 5.182281 -2.415699
v -4.079170 5.182281 -2.415699
v -4.079170 6.930521 -2.415699
v -3.954296 5.182281 -2.415699
v -3.954296 6.930521 -2.415699
v -1.581685 6.930521 -4.413686
v -1.581685 5.182281 -4.413686
v -1.706560 6.930521 -4.288813
v -1.706560 5.182281 -4.288813
v -1.581685 5.182281 -4.413686
v -2.955302 5.182281 -3.664442
v -1.706560 5.182281 -4.288813
v -2.955302 5.182281 -3.539567
v -1.956308 6.930521 -2.415699
v -1.082188 6.930521 -2.915195
v -2.081182 6.930521 -2.540573
v -1.207063 6.930521 -2.915195
v -1.581685 6.930521 -4.413686
v -1.706560 6.930521 -4.288813
v -4.079170 6.930521 -2.415699
v -2.705554 6.930521 -1.541579
v -3.954296 6.930521 -2.415699
v -2.705554 6.930521 -1.791327
v -4.079170 5.182281 2.329523
v -3.080176 5.182281 3.578264
v -3.954296 5.182281 2.329523
v -4.079170 6.930521 2.329523
v -4.079170 5.182281 2.329523
v -3.954296 6.930521 2.329523
v -3.954296 5.182281 2.329523
v -1.706560 5.182281 4.452384
v -1.706560 6.930521 4.452384
v -1.706560 5.182281 4.327509
v -1.706560 6.930521 4.327509
v -1.706560 5.182281 4.327509
v -3.080176 5.182281 3.578264
v -1.706560 5.182281 4.452384
v -1.956308 6.930521 2.329523
v -2.705554 6.930521 1.580276
v -2.081182 6.930521 2.454396
v -2.705554 6.930521 1.705150
v -2.705554 6.930521 1.580276
v -4.079170 6.930521 2.329523
v -2.705554 6.930521 1.705150
v -3.954296 6.930521 2.329523
v -1.082188 6.930521 2.829020
v -1.207063 6.930521 2.953893
v -1.956308 6.930521 2.329523
v -2.081182 6.930521 2.454396
v 1.540171 5.182281 4.452384
v 3.038661 5.182281 3.703139
v 1.665045 5.182281 4.327509
v 2.913787 5.182281 3.578264
v 1.540171 6.930521 4.452384
v 1.540171 5.182281 4.452384
v 1.665045 6.930521 4.327509
v 1.665045 5.182281 4.327509
v 3.038661 5.182281 3.703139
v 4.037656 5.182281 2.454396
v 2.913787 5.182281 3.578264
v 3.912781 5.182281 2.454396
v 4.037656 5.182281 2.454396
v 4.037656 6.930521 2.454396
v 3.912781 5.182281 2.454396
v 3.912781 6.930521 2.454396
v 1.914793 6.930521 2.329523
v 1.040674 6.930521 2.953893
v 2.039668 6.930521 2.454396
v 1.165548 6.930521 2.953893
v 1.540171 6.930521 4.452384
v 1.665045 6.930521 4.327509
v 4.037656 6.930521 2.454396
v 2.664039 6.930521 1.580276
v 3.912781 6.930521 2.454396
v 2.664039 6.930521 1.705150
v -9.823385 4.183288 -0.043088
v -9.323888 4.183289 3.328516
v -9.823385 6.306149 -0.043088
v -9.323888 6.306149 3.328516
v -9.323888 4.183289 3.328516
v -7.575649 4.183289 6.325499
v -9.323888 6.306149 3.328516
v -7.575649 5.681778 6.325499
v -7.575649 4.183289 6.325499
v -4.953290 4.183289 8.573235
v -7.575649 5.681778 6.325499
v -4.953290 5.681778 8.573235
v -4.953290 5.681778 8.573235
v -3.080176 5.681778 8.323486
v -3.080176 4.183289 8.323486
v 1.789919 4.183287 -9.658404
v -1.706560 4.183287 -9.658404
v 1.789919 5.681777 -9.658404
v -1.706560 5.681777 -9.658404
v -1.706560 5.681777 -9.658404
v -2.955302 5.681777 -8.284788
v -2.955302 4.183288 -8.284788
v -4.953290 4.183288 -8.534536
v -7.575649 4.183288 -6.411674
v -4.953290 5.681777 -8.534536
v -7.575649 5.681777 -6.411674
v -7.575649 4.183288 -6.411674
v -9.199014 4.183288 -3.414692
v -7.575649 5.681777 -6.411674
v -9.199014 6.306149 -3.414692
v -9.199014 4.183288 -3.414692
v -9.823385 4.183288 -0.043088
v -9.199014 6.306149 -3.414692
v -9.823385 6.306149 -0.043088
v -5.078164 7.679766 2.829020
v -5.577662 7.679766 1.954899
v -6.576655 7.679767 3.578264
v -7.076152 7.679766 2.579271
v -7.575649 5.681777 -6.411674
v -4.953290 5.681777 -4.163939
v -4.953290 5.681777 -8.534536
v -2.830428 5.556903 -6.161926
v -5.078164 7.679766 -2.915195
v -4.953290 6.306149 -4.163939
v -6.451781 7.679766 -3.789315
v -6.202033 6.306149 -5.287807
v -6.077158 4.183288 2.204648
v -6.451781 4.183288 -0.043088
v -6.077158 5.681778 2.204648
v -6.451781 5.681778 -0.043088
v 1.789919 4.183288 -6.536549
v 2.913787 4.183288 -6.161926
v 1.789919 5.556903 -6.536549
v 2.913787 5.681777 -6.161926
v -2.830428 4.183288 -6.161926
v -1.831434 4.183288 -6.536549
v -2.830428 5.556903 -6.161926
v -1.831434 5.556903 -6.536549
v -4.953290 4.183288 -4.163939
v -2.830428 4.183288 -6.161926
v -4.953290 5.681777 -4.163939
v -2.830428 5.556903 -6.161926
v -6.077158 4.183288 -2.165950
v -4.953290 4.183288 -4.163939
v -6.077158 5.681778 -2.165951
v -4.953290 5.681777 -4.163939
v -6.451781 4.183288 -0.043088
v -6.077158 4.183288 -2.165950
v -6.451781 5.681778 -0.043088
v -6.077158 5.681778 -2.165951
v -5.702536 7.679766 -0.043089
v -5.452787 7.679766 1.954899
v -4.578667 6.181275 -0.043088
v -4.328918 6.181275 1.455402
v -5.078164 7.554892 2.704144
v -3.579673 6.181275 2.829020
v -4.953290 6.306149 4.077762
v -4.953290 5.681778 4.077762
v -3.579673 6.181275 2.953893
v -3.579673 5.806653 2.953893
v -4.953290 5.681777 -4.163939
v -4.953290 6.306149 -4.163939
v -3.579673 5.806653 -3.040071
v -3.579673 6.181275 -3.040071
v -5.452787 7.679766 -1.916203
v -4.328918 6.181275 -1.541579
v -9.698511 6.306149 -0.043088
v -9.199014 6.306149 3.203641
v -7.700523 7.679766 -0.043089
v -7.201026 7.679766 2.454396
v -7.450775 7.679766 -0.043089
v -5.952284 7.679766 -0.043089
v -6.701530 7.679767 3.703139
v -7.575649 6.306149 5.950876
v -6.202033 6.306149 5.201631
v -4.953290 6.306149 4.077762
v -6.451781 7.679767 3.703139
v -5.078164 7.679766 2.829020
v 1.789919 5.556903 -6.536549
v 1.789919 5.681777 -9.658404
v -1.831434 5.556903 -6.536549
v -1.706560 5.681777 -9.658404
v -7.575649 6.306149 -6.037052
v -9.199014 6.306149 -3.289819
v -6.701530 7.679766 -3.789315
v -7.201026 7.679766 -2.415699
v -6.951278 7.679766 -2.540573
v -5.577662 7.679766 -2.041076
v -6.576655 7.679766 -3.539567
v -5.078164 7.679766 -2.790322
v -7.575649 5.681778 6.325499
v -4.953290 5.681778 8.573235
v -4.953290 5.681778 4.077762
v -2.830428 5.681778 6.200624
v 3.038661 5.681777 -8.284788
v 1.789919 5.556903 -6.536549
v 4.911775 5.681777 -8.534536
v 2.913787 5.681777 -6.161926
v -2.830428 5.556903 -6.161926
v -1.831434 5.556903 -6.536549
v -4.953290 5.681777 -8.534536
v -2.955302 5.681777 -8.284788
v -4.953290 7.679766 -2.790322
v -3.579673 6.181275 -2.915195
v -2.955302 4.183288 -8.284788
v -4.953290 4.183288 -8.534536
v -2.955302 5.681777 -8.284788
v -4.953290 5.681777 -8.534536
v -9.823385 6.306149 -0.043088
v -9.323888 6.306149 3.328516
v -9.698511 6.306149 -0.043088
v -9.199014 6.306149 3.203641
v -7.076152 7.679766 2.579271
v -7.450775 7.679766 -0.043089
v -7.201026 7.679766 2.454396
v -7.700523 7.679766 -0.043089
v -9.323888 6.306149 3.328516
v -7.575649 6.306149 6.325499
v -9.199014 6.306149 3.203641
v -7.575649 6.306149 5.950876
v -7.575649 6.306149 6.325499
v -6.451781 7.679767 3.703139
v -7.575649 6.306149 5.950876
v -6.701530 7.679767 3.703139
v -7.575649 6.306149 -6.411674
v -9.199014 6.306149 -3.414692
v -7.575649 6.306149 -6.037052
v -9.199014 6.306149 -3.289819
v -6.451781 7.679766 -3.789315
v -7.575649 6.306149 -6.411674
v -6.701530 7.679766 -3.789315
v -7.575649 6.306149 -6.037052
v -9.199014 6.306149 -3.414692
v -9.823385 6.306149 -0.043088
v -9.199014 6.306149 -3.289819
v -9.698511 6.306149 -0.043088
v -7.450775 7.679766 -0.043089
v -6.951278 7.679766 -2.540573
v -7.700523 7.679766 -0.043089
v -7.201026 7.679766 -2.415699
v -5.078164 7.679766 2.829020
v -6.576655 7.679767 3.578264
v -5.078164 7.679766 2.829020
v -6.451781 7.679766 -3.789315
v -5.078164 7.679766 -2.790322
v -6.576655 7.679766 -3.539567
v -5.952284 7.679766 -0.043089
v -5.577662 7.679766 1.954899
v -5.702536 7.679766 -0.043089
v -5.452787 7.679766 1.954899
v -5.577662 7.679766 -2.041076
v -5.952284 7.679766 -0.043089
v -5.452787 7.679766 -1.916203
v -5.702536 7.679766 -0.043089
v -3.579673 6.181275 -3.040071
v -5.078164 7.679766 -2.915195
v -3.579673 6.181275 -2.915195
v -4.953290 7.679766 -2.790322
v -1.831434 4.183288 -6.536549
v 1.789919 4.183288 -6.536549
v -1.831434 5.556903 -6.536549
v 1.789919 5.556903 -6.536549
v -1.831434 5.681778 6.575246
v -1.831434 4.183289 6.575246
v -2.830428 5.681778 6.200624
v -2.830428 4.183289 6.200624
v 3.038661 5.681777 -8.284788
v 3.038661 4.183288 -8.284788
v 1.789919 4.183287 -9.658404
v 9.781871 4.183288 0.081786
v 9.282373 4.183288 -3.289818
v 9.781871 6.306149 0.081786
v 9.282373 6.306149 -3.289819
v 9.282373 4.183288 -3.289818
v 7.534134 4.183288 -6.286800
v 9.282373 6.306149 -3.289819
v 7.534134 5.681777 -6.286800
v 7.534134 4.183288 -6.286800
v 4.911775 4.183288 -8.534536
v 7.534134 5.681777 -6.286800
v 4.911775 5.681777 -8.534536
v 4.911775 5.681777 -8.534536
v 3.038661 5.681777 -8.284788
v 3.038661 4.183288 -8.284788
v -1.706560 4.183289 9.697103
v 1.665045 4.183289 9.697103
v -1.706560 5.681779 9.697103
v 1.665045 5.681779 9.697103
v 1.665045 5.681779 9.697103
v 3.038661 5.681778 8.323486
v 3.038661 4.183289 8.323486
v 4.911775 4.183289 8.573235
v 7.534134 4.183289 6.325499
v 4.911775 5.681778 8.573235
v 7.534134 5.681778 6.325499
v 7.534134 4.183289 6.325499
v 9.282373 4.183289 3.453391
v 7.534134 5.681778 6.325499
v 9.282373 6.306149 3.453391
v 9.282373 4.183289 3.453391
v 9.781871 4.183288 0.081786
v 9.282373 6.306149 3.453391
v 9.781871 6.306149 0.081786
v 5.161524 7.679766 -2.790322
v 5.536146 7.679766 -2.041076
v 6.535141 7.679766 -3.539567
v 7.034637 7.679766 -2.540573
v 5.036649 7.679766 2.953893
v 4.911775 6.306149 4.202635
v 6.410266 7.679767 3.828012
v 6.160518 6.306149 5.201631
v 6.035643 4.183288 -2.165950
v 6.410266 4.183288 0.081786
v 6.035643 5.681778 -2.165951
v 6.410266 5.681778 0.081786
v 2.788913 4.183289 6.200624
v 1.789919 4.183289 6.575246
v 2.788913 5.681778 6.200624
v 1.789919 5.681778 6.575246
v 4.911775 4.183289 4.202635
v 2.788913 4.183289 6.200624
v 4.911775 5.681778 4.202635
v 2.788913 5.681778 6.200624
v 6.035643 4.183288 2.204648
v 6.410266 4.183288 0.081786
v 6.410266 5.681778 0.081786
v 6.035643 5.681778 2.204648
v 5.785895 7.679766 -0.043089
v 5.411272 7.679766 -1.916203
v 4.662027 6.181275 0.081786
v 4.412278 6.181275 -1.541579
v 5.036649 7.554892 -2.665447
v 3.663033 6.181275 -2.790322
v 4.911775 6.306149 -4.163939
v 4.911775 5.681777 -4.163939
v 3.538159 6.181275 -2.915195
v 3.538159 5.806653 -2.915195
v 4.911775 5.681778 4.202635
v 4.911775 6.306149 4.202635
v 3.538159 5.806653 2.953893
v 3.538159 6.181275 2.953893
v 4.412278 6.181275 1.580276
v 5.411272 7.679766 1.954899
v 9.781871 6.306149 0.081786
v 9.157499 6.306149 -3.164944
v 7.659009 7.679766 0.081785
v 7.284386 7.679766 -2.415699
v 7.409260 7.679766 0.081785
v 5.910769 7.679766 0.081785
v 6.784889 7.679766 -3.664442
v 7.534134 6.306149 -6.037052
v 6.285392 6.306149 -5.162932
v 4.911775 6.306149 -4.163939
v 6.535141 7.679766 -3.664442
v 5.036649 7.679766 -2.915195
v -1.831434 5.681778 6.575246
v -1.706560 5.681779 9.697103
v 1.789919 5.681778 6.575246
v 1.665045 5.681779 9.697103
v 7.534134 6.306149 6.075749
v 9.157499 6.306149 3.203641
v 6.660015 7.679767 3.703139
v 7.159512 7.679766 2.454396
v 7.034637 7.679766 2.579271
v 5.536146 7.679766 2.079773
v 6.535141 7.679767 3.578264
v 5.161524 7.679766 2.829020
v 7.534134 5.681777 -6.286800
v 4.911775 5.681777 -8.534536
v 4.911775 5.681777 -4.163939
v 2.913787 5.681777 -6.161926
v -1.831434 5.681778 6.575246
v -2.830428 5.681778 6.200624
v -1.706560 5.681779 9.697103
v -3.080176 5.681778 8.323486
v 3.038661 5.681778 8.323486
v 2.788913 5.681778 6.200624
v 1.665045 5.681779 9.697103
v 1.789919 5.681778 6.575246
v 4.911775 5.681778 4.202635
v 2.788913 5.681778 6.200624
v 7.534134 5.681778 6.325499
v 4.911775 5.681778 8.573235
v 3.538159 6.181275 2.829020
v 4.911775 7.679766 2.704144
v 3.038661 4.183289 8.323486
v 4.911775 4.183289 8.573235
v 3.038661 5.681778 8.323486
v 4.911775 5.681778 8.573235
v 9.781871 6.306149 0.081786
v 9.282373 6.306149 -3.289819
v 9.781871 6.306149 0.081786
v 9.157499 6.306149 -3.164944
v 7.034637 7.679766 -2.540573
v 7.409260 7.679766 0.081785
v 7.284386 7.679766 -2.415699
v 7.659009 7.679766 0.081785
v 9.282373 6.306149 -3.289819
v 7.534134 6.306149 -6.286800
v 9.157499 6.306149 -3.164944
v 7.534134 6.306149 -6.037052
v 7.534134 6.306149 -6.286800
v 6.535141 7.679766 -3.664442
v 7.534134 6.306149 -6.037052
v 6.784889 7.679766 -3.664442
v 7.534134 6.306149 6.325499
v 9.282373 6.306149 3.453391
v 7.534134 6.306149 6.075749
v 9.157499 6.306149 3.203641
v 6.410266 7.679767 3.828012
v 7.534134 6.306149 6.325499
v 6.660015 7.679767 3.703139
v 7.534134 6.306149 6.075749
v 9.282373 6.306149 3.453391
v 9.781871 6.306149 0.081786
v 9.157499 6.306149 3.203641
v 9.781871 6.306149 0.081786
v 7.409260 7.679766 0.081785
v 7.034637 7.679766 2.579271
v 7.659009 7.679766 0.081785
v 7.159512 7.679766 2.454396
v 5.036649 7.679766 -2.915195
v 6.535141 7.679766 -3.539567
v 5.161524 7.679766 -2.790322
v 6.410266 7.679767 3.828012
v 5.161524 7.679766 2.829020
v 6.535141 7.679767 3.578264
v 5.910769 7.679766 0.081785
v 5.536146 7.679766 -2.041076
v 5.785895 7.679766 -0.043089
v 5.411272 7.679766 -1.916203
v 5.536146 7.679766 2.079773
v 5.910769 7.679766 0.081785
v 5.411272 7.679766 1.954899
v 5.785895 7.679766 -0.043089
v 3.538159 6.181275 2.953893
v 5.036649 7.679766 2.953893
v 3.538159 6.181275 2.829020
v 4.911775 7.679766 2.704144
v 1.789919 4.183289 6.575246
v -1.831434 4.183289 6.575246
v 1.789919 5.681778 6.575246
v -1.831434 5.681778 6.575246
v -3.080176 5.681778 8.323486
v -3.080176 4.183289 8.323486
v -1.706560 4.183289 9.697103
v 2.913787 5.681777 -6.161926
v 2.913787 4.183288 -6.161926
v 4.911775 5.681777 -4.163939
v 4.911775 4.183288 -4.163939
v 7.534134 6.306149 -6.286800
v 7.534134 5.681777 -6.286800
v 6.285392 6.306149 -5.162932
v 4.911775 5.681777 -4.163939
v 4.911775 4.183288 -4.163939
v 4.911775 5.681777 -4.163939
v -7.575649 5.681777 -6.411674
v -6.202033 6.306149 -5.287807
v -4.953290 5.681777 -4.163939
v -4.953290 6.306149 -4.163939
v -7.575649 6.306149 6.325499
v -7.575649 5.681778 6.325499
v -6.202033 6.306149 5.201631
v -4.953290 5.681778 4.077762
v -4.953290 4.183289 4.077762
v -4.953290 5.681778 4.077762
v 7.534134 5.681778 6.325499
v 7.534134 6.306149 6.325499
v 4.911775 5.681778 4.202635
v 6.160518 6.306149 5.201631
v -4.953290 5.681778 4.077762
v -2.830428 5.681778 6.200624
v -4.953290 4.183289 4.077762
v -2.830428 4.183289 6.200624
v -5.702536 5.556904 5.826002
v -3.704547 5.556904 8.198612
v -4.953290 6.431025 6.075749
v -3.454799 6.930521 7.324492
v -1.456811 7.055396 7.948864
v -1.831434 5.556904 9.197606
v 0.915800 7.055396 7.948864
v 0.790925 5.556904 9.322480
v 2.414290 6.306149 8.698109
v 2.039668 5.806653 8.947857
v 2.788913 6.805646 8.323485
v 2.664039 7.430017 7.699114
v 4.287404 7.679767 6.824996
v 3.912781 7.055396 7.574241
v 3.538159 6.930521 8.198611
v 3.288410 6.431025 8.198611
v 3.163536 6.306149 8.448360
v 2.788913 5.931528 8.698109
v -5.577662 5.556904 5.451378
v -4.703541 6.431025 5.826002
v -3.704547 5.556904 7.948864
v -3.329925 6.930521 6.949870
v -1.456811 7.055396 7.449367
v -1.831434 5.556904 8.822983
v 0.915800 7.055396 7.449367
v 0.790925 5.556904 8.947857
v 0.915800 7.055396 7.449367
v 2.539165 6.306149 8.323486
v 0.790925 5.556904 8.947857
v 2.039668 5.806653 8.573235
v 2.788913 7.305143 7.074744
v 4.287404 7.679767 6.450373
v 2.788913 6.805646 7.948864
v 3.912781 7.055396 7.324492
v 2.788913 6.805646 7.948864
v 3.538159 6.930521 7.823988
v 2.539165 6.306149 8.323486
v 3.288410 6.431025 7.823988
v 2.539165 6.306149 8.323486
v 3.288410 6.306149 8.073738
v 2.039668 5.806653 8.573235
v 2.788913 5.931528 8.323486
v -5.577662 5.556904 5.451378
v -3.704547 5.556904 7.948864
v -5.702536 5.556904 5.826002
v -3.704547 5.556904 8.198612
v -3.329925 6.930521 6.949870
v -4.703541 6.431025 5.826002
v -3.454799 6.930521 7.324492
v -4.953290 6.431025 6.075749
v -4.703541 6.431025 5.826002
v -5.577662 5.556904 5.451378
v -4.953290 6.431025 6.075749
v -5.702536 5.556904 5.826002
v -1.831434 5.556904 8.822983
v -1.831434 5.556904 9.197606
v -1.456811 7.055396 7.449367
v -1.456811 7.055396 7.948864
v 0.790925 5.556904 8.947857
v 0.790925 5.556904 9.322480
v 0.915800 7.055396 7.948864
v 0.915800 7.055396 7.449367
v 1.540171 5.556904 8.698109
v 1.415297 5.556904 9.072732
v 1.540171 5.556904 8.698109
v 2.039668 5.806653 8.573235
v 1.415297 5.556904 9.072732
v 2.039668 5.806653 8.947857
v 2.664039 7.430017 7.699114
v 2.788913 7.305143 7.074744
v 2.788913 6.805646 7.948864
v 3.912781 7.055396 7.324492
v 2.788913 6.805646 8.323485
v 3.912781 7.055396 7.574241
v 3.912781 7.055396 7.324492
v 4.287404 7.679767 6.450373
v 3.912781 7.055396 7.574241
v 4.287404 7.679767 6.824996
v 4.287404 7.679767 6.450373
v 4.287404 7.679767 6.824996
v 2.539165 6.306149 8.323486
v 3.288410 6.431025 7.823988
v 2.414290 6.306149 8.698109
v 3.288410 6.431025 8.198611
v 3.288410 6.431025 7.823988
v 3.538159 6.930521 7.823988
v 3.288410 6.431025 8.198611
v 3.538159 6.930521 8.198611
v 3.538159 6.930521 7.823988
v 2.788913 6.805646 7.948864
v 3.538159 6.930521 8.198611
v 2.788913 6.805646 8.323485
v 2.039668 5.806653 8.573235
v 2.788913 5.931528 8.323486
v 2.039668 5.806653 8.947857
v 2.788913 5.931528 8.698109
v 2.788913 5.931528 8.323486
v 3.288410 6.306149 8.073738
v 2.788913 5.931528 8.698109
v 3.163536 6.306149 8.448360
v 3.288410 6.306149 8.073738
v 2.539165 6.306149 8.323486
v 3.163536 6.306149 8.448360
v 2.414290 6.306149 8.698109
v -6.077158 5.556904 5.076756
v -3.329925 5.556904 7.574241
v -4.953290 7.055396 5.576252
v -3.205050 7.804640 6.700120
v -0.707566 7.929514 7.324492
v -0.832440 5.556904 8.323486
v 2.289416 8.179264 6.949870
v 2.164542 5.556904 7.948864
v 4.162530 6.680772 6.824996
v 3.787907 5.931528 7.199617
v 4.537153 7.554893 6.325499
v 4.537153 8.429011 5.826002
v 6.035643 9.053383 4.202635
v 5.785895 8.054389 5.201631
v 5.411272 7.804640 5.950876
v 5.036649 7.055396 6.075749
v 5.036649 6.680772 6.325499
v 4.537153 6.181275 6.700120
v -5.952284 5.556904 4.577259
v -4.953290 7.055396 5.076756
v -3.205050 5.556904 6.200624
v -3.205050 7.804640 6.200624
v -0.832440 7.929514 6.824996
v -0.832440 5.556904 6.824996
v 2.289416 8.179264 6.575246
v 2.289416 5.556904 6.575246
v 4.162530 6.680772 6.325499
v 3.663033 5.931528 6.700120
v 4.537153 8.429011 5.326505
v 6.035643 9.053383 3.703138
v 4.537153 7.554893 5.826002
v 5.661021 8.054389 4.702133
v 5.411272 7.804640 5.451378
v 5.036649 7.055396 5.576252
v 5.036649 6.680772 5.826002
v 4.537153 6.181275 6.325499
v -5.952284 5.556904 4.577259
v -3.205050 5.556904 6.200624
v -6.077158 5.556904 5.076756
v -3.329925 5.556904 7.574241
v -3.205050 7.804640 6.200624
v -4.953290 7.055396 5.076756
v -3.205050 7.804640 6.700120
v -4.953290 7.055396 5.576252
v -4.953290 7.055396 5.076756
v -5.952284 5.556904 4.577259
v -4.953290 7.055396 5.576252
v -6.077158 5.556904 5.076756
v -0.832440 5.556904 6.824996
v -0.832440 5.556904 8.323486
v -0.832440 7.929514 6.824996
v -0.707566 7.929514 7.324492
v 2.289416 5.556904 6.575246
v 2.164542 5.556904 7.948864
v 2.289416 8.179264 6.949870
v 2.289416 8.179264 6.575246
v 3.038661 5.556904 6.949870
v 3.038661 5.556904 7.449367
v 3.038661 5.556904 6.949870
v 3.038661 5.556904 7.449367
v 4.537153 8.429011 5.326505
v 4.537153 8.429011 5.826002
v 4.537153 7.554893 5.826002
v 5.661021 8.054389 4.702133
v 4.537153 7.554893 6.325499
v 5.785895 8.054389 5.201631
v 5.661021 8.054389 4.702133
v 6.035643 9.053383 3.703138
v 5.785895 8.054389 5.201631
v 6.035643 9.053383 4.202635
v 6.035643 9.053383 4.202635
v 6.035643 9.053383 3.703138
v 4.162530 6.680772 6.325499
v 5.036649 7.055396 5.576252
v 4.162530 6.680772 6.824996
v 5.036649 7.055396 6.075749
v 5.036649 7.055396 5.576252
v 5.411272 7.804640 5.451378
v 5.036649 7.055396 6.075749
v 5.411272 7.804640 5.950876
v 5.411272 7.804640 5.451378
v 4.537153 7.554893 5.826002
v 5.411272 7.804640 5.950876
v 4.537153 7.554893 6.325499
v 3.663033 5.931528 6.700120
v 4.537153 6.181275 6.325499
v 3.787907 5.931528 7.199617
v 4.537153 6.181275 6.700120
v 4.537153 6.181275 6.325499
v 5.036649 6.680772 5.826002
v 4.537153 6.181275 6.700120
v 5.036649 6.680772 6.325499
v 5.036649 6.680772 5.826002
v 4.162530 6.680772 6.325499
v 5.036649 6.680772 6.325499
v 4.162530 6.680772 6.824996
v 5.661021 5.556903 -5.787303
v 3.663033 5.556903 -8.284788
v 4.911775 6.431024 -6.161926
v 3.413284 6.930521 -7.285794
v 1.415297 7.055395 -7.910165
v 1.914793 5.556903 -9.158908
v -0.957314 7.055395 -7.910165
v -0.707566 5.556903 -9.283782
v -2.455805 6.306149 -8.659410
v -2.081182 5.806653 -8.909159
v -2.830428 6.805645 -8.284789
v -2.705554 7.430017 -7.660418
v -4.204044 7.679766 -6.786297
v -3.829422 7.055395 -7.660418
v -3.454799 6.930521 -8.159915
v -3.205050 6.431024 -8.159915
v -3.205050 6.306149 -8.409662
v -2.705554 5.931527 -8.659410
v 5.536146 5.556903 -5.412681
v 4.786901 6.431024 -5.787303
v 3.663033 5.556903 -7.910165
v 3.288410 6.930521 -6.911171
v 1.415297 7.055395 -7.410668
v 1.789919 5.556903 -8.784285
v -0.957314 7.055395 -7.410668
v -0.832440 5.556903 -8.909159
v -0.957314 7.055395 -7.410668
v -2.455805 6.306149 -8.284788
v -0.832440 5.556903 -8.909159
v -2.081182 5.806653 -8.534536
v -2.830428 7.305142 -7.036047
v -4.328918 7.679766 -6.411674
v -2.830428 6.805645 -7.910165
v -3.954296 7.055395 -7.285794
v -2.830428 6.805645 -7.910165
v -3.579673 6.930521 -7.785292
v -2.455805 6.306149 -8.284788
v -3.205050 6.431024 -7.785292
v -2.455805 6.306149 -8.284788
v -3.205050 6.306149 -8.035040
v -2.081182 5.806653 -8.534536
v -2.830428 5.931527 -8.284788
v 5.536146 5.556903 -5.412681
v 3.663033 5.556903 -7.910165
v 5.661021 5.556903 -5.787303
v 3.663033 5.556903 -8.284788
v 3.288410 6.930521 -6.911171
v 4.786901 6.431024 -5.787303
v 3.413284 6.930521 -7.285794
v 4.911775 6.431024 -6.161926
v 4.786901 6.431024 -5.787303
v 5.536146 5.556903 -5.412681
v 4.911775 6.431024 -6.161926
v 5.661021 5.556903 -5.787303
v 1.789919 5.556903 -8.784285
v 1.914793 5.556903 -9.158908
v 1.415297 7.055395 -7.410668
v 1.415297 7.055395 -7.910165
v -0.832440 5.556903 -8.909159
v -0.707566 5.556903 -9.283782
v -0.957314 7.055395 -7.910165
v -0.957314 7.055395 -7.410668
v -1.456811 5.556903 -8.659410
v -1.456811 5.556903 -9.034034
v -1.456811 5.556903 -8.659410
v -2.081182 5.806653 -8.534536
v -1.456811 5.556903 -9.034034
v -2.081182 5.806653 -8.909159
v -2.830428 7.305142 -7.036047
v -2.705554 7.430017 -7.660418
v -2.830428 6.805645 -7.910165
v -3.954296 7.055395 -7.285794
v -2.830428 6.805645 -8.284789
v -3.829422 7.055395 -7.660418
v -3.954296 7.055395 -7.285794
v -4.328918 7.679766 -6.411674
v -3.829422 7.055395 -7.660418
v -4.204044 7.679766 -6.786297
v -4.204044 7.679766 -6.786297
v -4.328918 7.679766 -6.411674
v -2.455805 6.306149 -8.284788
v -3.205050 6.431024 -7.785292
v -2.455805 6.306149 -8.659410
v -3.205050 6.431024 -8.159915
v -3.205050 6.431024 -7.785292
v -3.579673 6.930521 -7.785292
v -3.205050 6.431024 -8.159915
v -3.454799 6.930521 -8.159915
v -3.579673 6.930521 -7.785292
v -2.830428 6.805645 -7.910165
v -3.454799 6.930521 -8.159915
v -2.830428 6.805645 -8.284789
v -2.081182 5.806653 -8.534536
v -2.830428 5.931527 -8.284788
v -2.081182 5.806653 -8.909159
v -2.705554 5.931527 -8.659410
v -2.830428 5.931527 -8.284788
v -3.205050 6.306149 -8.035040
v -2.705554 5.931527 -8.659410
v -3.205050 6.306149 -8.409662
v -3.205050 6.306149 -8.035040
v -2.455805 6.306149 -8.284788
v -3.205050 6.306149 -8.409662
v -2.455805 6.306149 -8.659410
v 6.035643 5.556903 -5.038058
v 3.288410 5.556903 -7.535542
v 5.036649 7.055395 -5.537554
v 3.163536 7.804639 -6.661424
v 0.790925 7.929513 -7.285794
v 0.790925 5.556903 -8.284788
v -2.330931 8.179262 -6.911171
v -2.206056 5.556903 -7.910165
v -4.204044 6.680771 -6.786297
v -3.704547 5.931527 -7.160921
v -4.578667 7.554892 -6.286800
v -4.578667 8.429011 -5.787303
v -6.077158 9.053383 -4.163939
v -5.702536 8.054389 -5.162932
v -5.452787 7.804639 -5.912178
v -5.078164 7.055395 -6.037052
v -5.078164 6.680771 -6.286800
v -4.578667 6.181274 -6.661424
v 6.035643 5.556903 -4.538561
v 5.036649 7.055395 -5.162932
v 3.288410 5.556903 -6.161926
v 3.288410 7.804639 -6.161926
v 0.790925 7.929513 -6.911171
v 0.790925 5.556903 -6.911171
v -2.206056 8.179262 -6.536549
v -2.206056 5.556903 -6.536549
v -4.079170 6.680771 -6.286800
v -3.704547 5.931527 -6.661424
v -4.453793 8.429011 -5.287807
v -4.578667 7.554892 -5.787303
v -5.952284 9.053383 -3.664442
v -5.702536 8.054389 -4.663435
v -5.327912 7.804639 -5.412681
v -4.953290 7.055395 -5.537554
v -5.078164 6.680771 -5.787303
v -4.578667 6.181274 -6.286800
v 6.035643 5.556903 -4.538561
v 3.288410 5.556903 -6.161926
v 6.035643 5.556903 -5.038058
v 3.288410 5.556903 -7.535542
v 3.288410 7.804639 -6.161926
v 5.036649 7.055395 -5.162932
v 3.163536 7.804639 -6.661424
v 5.036649 7.055395 -5.537554
v 5.036649 7.055395 -5.162932
v 6.035643 5.556903 -4.538561
v 5.036649 7.055395 -5.537554
v 6.035643 5.556903 -5.038058
v 0.790925 5.556903 -6.911171
v 0.790925 5.556903 -8.284788
v 0.790925 7.929513 -7.285794
v 0.790925 7.929513 -6.911171
v -2.206056 5.556903 -6.536549
v -2.206056 5.556903 -7.910165
v -2.206056 8.179262 -6.536549
v -2.330931 8.179262 -6.911171
v -2.955302 5.556903 -6.911171
v -3.080176 5.556903 -7.410668
v -2.955302 5.556903 -6.911171
v -3.080176 5.556903 -7.410668
v -4.578667 8.429011 -5.787303
v -4.453793 8.429011 -5.287807
v -4.578667 7.554892 -5.787303
v -5.702536 8.054389 -4.663435
v -4.578667 7.554892 -6.286800
v -5.702536 8.054389 -5.162932
v -5.702536 8.054389 -4.663435
v -5.952284 9.053383 -3.664442
v -5.702536 8.054389 -5.162932
v -6.077158 9.053383 -4.163939
v -6.077158 9.053383 -4.163939
v -5.952284 9.053383 -3.664442
v -4.079170 6.680771 -6.286800
v -4.953290 7.055395 -5.537554
v -4.204044 6.680771 -6.786297
v -5.078164 7.055395 -6.037052
v -4.953290 7.055395 -5.537554
v -5.327912 7.804639 -5.412681
v -5.078164 7.055395 -6.037052
v -5.452787 7.804639 -5.912178
v -5.327912 7.804639 -5.412681
v -4.578667 7.554892 -5.787303
v -5.452787 7.804639 -5.912178
v -4.578667 7.554892 -6.286800
v -3.704547 5.931527 -6.661424
v -4.578667 6.181274 -6.286800
v -3.704547 5.931527 -7.160921
v -4.578667 6.181274 -6.661424
v -4.578667 6.181274 -6.286800
v -5.078164 6.680771 -5.787303
v -4.578667 6.181274 -6.661424
v -5.078164 6.680771 -6.286800
v -5.078164 6.680771 -5.787303
v -4.079170 6.680771 -6.286800
v -5.078164 6.680771 -6.286800
v -4.204044 6.680771 -6.786297
v 11.530109 6.306149 -2.165951
v 11.030613 5.681777 -4.288813
v 11.030613 6.181274 -4.288813
v -1.831434 1.311178 -10.033027
v 12.404229 6.431024 0.081786
v 12.653978 5.681778 -1.666453
v 12.653978 6.056401 -1.791327
v 10.406241 1.311179 3.828013
v 9.532122 1.311179 3.453391
v 11.280361 2.934543 -9.908153
v 13.278350 2.310173 -6.661423
v 11.904733 5.057406 -5.287807
v 11.030613 3.059419 -0.043088
v 10.406241 3.059419 -3.789315
v 13.278350 1.311179 -6.661423
v 11.280361 1.311178 -9.908153
v 13.278350 3.683789 -6.661424
v 13.278350 2.310173 -6.661423
v 12.653978 6.056401 -1.791327
v 11.904733 5.057406 -5.287807
v 10.905739 6.680772 -1.166956
v 11.030613 6.680772 -0.043089
v 11.030613 4.807659 -0.043088
v 10.406241 3.059419 -3.789315
v 13.902721 3.558915 -2.790321
v -1.956308 1.311178 -10.907146
v 1.789919 1.311178 -10.033027
v -1.207063 1.311178 -13.154883
v 10.406241 5.806653 3.828012
v 11.030613 4.807659 -0.043088
v 12.529104 5.182281 1.705151
v 1.665045 1.311178 -16.276739
v 13.902721 3.558915 -2.790321
v 13.278350 2.310173 -6.661423
v 1.665045 1.311178 -16.276739
v 11.530109 6.306149 -2.165951
v 13.902721 2.809670 -0.043088
v -1.207063 1.311178 -13.154883
v -5.327912 1.311178 -14.903123
v 13.278350 4.932533 0.581283
v 13.278350 4.932533 0.581283
v -7.700523 6.306149 -8.909159
v -9.199014 5.681777 -7.285794
v -9.199014 6.181274 -7.285794
v -7.825397 1.311180 6.575247
v -6.202033 6.431023 -10.782273
v -7.825397 5.681777 -10.157902
v -7.950272 6.056400 -10.033027
v -14.318858 2.934544 -4.788309
v -12.320870 2.310172 -8.159914
v -10.572630 5.057406 -7.660418
v -5.577662 3.059418 -9.658404
v -8.449768 3.059418 -7.160920
v -12.445745 1.311178 -8.159914
v -14.318858 1.311179 -4.788309
v -12.320870 3.683789 -8.159914
v -12.320870 2.310172 -8.159914
v -7.950272 6.056400 -10.033027
v -10.572630 5.057406 -7.660418
v -6.451781 6.680771 -8.784286
v -5.577662 6.680771 -9.658405
v -5.577662 4.807658 -9.658404
v -8.449768 3.059418 -7.160920
v -9.448762 3.558914 -10.657398
v -8.449768 1.311180 7.074744
v -9.573637 1.311179 3.453391
v -10.822379 1.311180 7.699115
v -1.956308 5.806652 -10.907146
v -5.577662 4.807658 -9.658404
v -4.703541 5.182280 -11.656392
v -14.943230 1.311180 6.700121
v -9.448762 3.558914 -10.657398
v -12.320870 2.310172 -8.159914
v -14.943230 1.311180 6.700121
v -7.700523 6.306149 -8.909159
v -6.951278 2.809669 -12.031014
v -10.822379 1.311180 7.699115
v -10.322882 1.311180 12.069714
v -6.077158 4.932532 -11.781266
v -6.077158 4.932532 -11.781266
v -3.829422 6.306150 11.070720
v -1.706560 5.681779 11.695091
v -1.706560 6.181276 11.695091
v -6.326907 6.431025 10.820970
v -4.828415 5.681779 11.819965
v -4.703541 6.056402 11.944839
v 2.913787 2.934545 14.816947
v -0.832440 2.310174 14.816947
v -1.331937 5.057408 12.943833
v -5.577662 3.059420 9.572228
v -1.956308 3.059420 10.945846
v -0.957314 1.311180 14.816947
v 2.913787 1.311180 14.816947
v -0.832440 3.683791 14.816947
v -0.832440 2.310174 14.816947
v -4.703541 6.056402 11.944839
v -1.331937 5.057408 12.943833
v -4.453793 6.680773 10.071724
v -5.577662 6.680773 9.572227
v -5.577662 4.807660 9.572228
v -1.956308 3.059420 10.945846
v -4.453793 3.558916 13.443331
v 7.783883 1.311180 6.575247
v 12.029607 1.311180 5.576253
v -8.449768 5.806653 7.074744
v -5.577662 4.807660 9.572228
v -7.700523 5.182282 9.946851
v 13.278350 1.311180 9.572228
v -4.453793 3.558916 13.443331
v -0.832440 2.310174 14.816947
v 13.278350 1.311180 9.572228
v -3.829422 6.306150 11.070720
v -6.951278 2.809671 12.069714
v 12.029607 1.311180 5.576253
v 15.526086 1.311179 2.829020
v -7.201026 4.932534 11.195595
v -7.201026 4.932534 11.195595
v 1.540171 3.309167 -1.416705
v 2.913787 3.309166 -5.038058
v 0.041680 3.309167 -2.665447
v 2.164542 3.309166 -5.287807
v 3.663033 3.309167 -4.163939
v 3.663033 3.309167 -4.413686
v 9.532122 3.683790 -3.539567
v 10.156493 3.683790 -0.043088
v 7.783883 3.683789 -6.536549
v 9.532122 3.683790 -3.539567
v -2.330931 0.561934 -0.917208
v 0.041680 -0.062437 -0.043088
v -2.580679 0.561934 -0.043088
v -1.956308 0.561934 -1.666453
v -2.330931 0.561934 -0.917208
v -10.198008 3.683790 -0.043088
v -9.573637 3.683790 -3.539567
v 1.540171 3.683790 -1.416705
v 0.041680 3.683790 -2.665447
v -1.331937 0.561934 -2.165950
v -1.956308 0.561934 -1.666453
v 0.041680 3.683790 -2.665447
v -1.456811 3.683790 -1.416705
v 0.041680 3.683790 -2.665447
v 1.789919 3.683789 -10.033027
v -1.831434 3.683789 -10.033027
v -1.456811 3.309167 -1.416705
v -2.955302 3.309166 -5.038058
v -3.579673 3.309167 -4.163939
v -0.457817 0.561934 -2.540573
v -1.331937 0.561934 -2.165950
v 2.539165 0.561934 -0.043088
v 2.414290 0.561934 -0.917208
v 0.041680 3.683790 -2.665447
v -2.081182 3.309166 -5.287807
v -3.579673 3.309167 -4.413686
v 0.416303 0.561934 -2.540573
v -0.457817 0.561934 -2.540573
v 2.414290 0.561934 -0.917208
v 1.914793 0.561934 -1.666453
v 1.290422 0.561934 -2.165950
v 0.416303 0.561934 -2.540573
v 1.914793 0.561934 -1.666453
v 1.290422 0.561934 -2.165950
v -0.957314 3.309166 -5.662429
v 1.040674 3.309166 -5.662429
v 3.663033 3.309167 -4.413686
v 4.412278 3.309167 -3.789315
v 0.041680 3.683790 -2.665447
v -4.453793 3.309167 -3.789315
v -1.581685 3.309167 1.455403
v -2.955302 3.309167 4.951881
v -0.083194 3.309167 2.579271
v -2.206056 3.309167 5.326505
v -3.704547 3.309167 4.077762
v -3.704547 3.309167 4.327509
v -9.573637 3.683790 3.453391
v -10.198008 3.683790 -0.043088
v -7.825397 3.683790 6.575246
v -9.573637 3.683790 3.453391
v 2.414290 0.561934 0.831032
v 2.539165 0.561934 -0.043088
v 1.914793 0.561934 1.580277
v 2.414290 0.561934 0.831032
v 10.156493 3.683790 -0.043088
v 9.532122 3.683790 3.453391
v -1.581685 3.683790 1.455403
v -0.083194 3.683790 2.579271
v 1.290422 0.561934 2.204648
v 1.914793 0.561934 1.580277
v -0.083194 3.683790 2.579271
v 1.540171 3.683790 1.455403
v -0.083194 3.683790 2.579271
v -1.831434 3.683791 10.071725
v 1.789919 3.683791 10.071725
v 1.540171 3.309167 1.455403
v 2.913787 3.309167 5.076756
v 3.538159 3.309167 4.077762
v 0.416303 0.561934 2.454397
v 1.290422 0.561934 2.204648
v -2.580679 0.561934 -0.043088
v -2.330931 0.561934 0.831032
v -0.083194 3.683790 2.579271
v 2.164542 3.309167 5.326505
v 3.663033 3.309167 4.452384
v -0.457817 0.561934 2.454397
v 0.416303 0.561934 2.454397
v -2.330931 0.561934 0.831032
v -1.956308 0.561934 1.580277
v -1.331937 0.561934 2.204648
v -0.457817 0.561934 2.454397
v -1.956308 0.561934 1.580277
v -1.331937 0.561934 2.204648
v 1.040674 3.309167 5.701128
v -0.957314 3.309167 5.701128
v -3.704547 3.309167 4.327509
v -4.453793 3.309167 3.703139
v 9.532122 3.683790 3.453391
v 7.783883 3.683790 6.575246
v -0.083194 3.683790 2.579271
v 4.412278 3.309167 3.703139
v 9.282373 6.680772 -0.917208
v 8.283380 7.430017 -0.917209
v 8.658003 7.180269 0.081785
v 7.783883 7.679766 -0.043089
v 8.158505 7.430017 0.955905
v 9.282373 6.805646 0.955905
v 9.656997 6.431024 0.081786
v 8.033631 7.554892 -0.792334
v 8.283380 7.430017 -0.917209
v 8.283380 7.430017 -0.917209
v 9.282373 6.680772 -0.917208
v 9.656997 6.555898 -1.042082
v 9.282373 6.805646 -0.917209
v 9.656997 6.680772 -1.291830
v 9.032625 6.680772 -1.042082
v 9.282373 6.805646 -1.042082
v 8.033631 7.305143 -1.166957
v 8.033631 7.554892 -1.291831
v 8.158505 7.554892 -1.042083
v 9.157499 6.680772 1.205655
v 9.656997 6.680772 1.330528
v 9.157499 6.805646 1.080780
v 9.656997 6.680772 1.080780
v 9.282373 6.805646 0.955905
v 9.282373 6.805646 0.955905
v 8.158505 7.430017 0.955905
v 8.033631 7.554892 0.955905
v 8.283380 7.430017 0.955905
v 8.033631 7.679766 1.455402
v 8.033631 7.430017 1.080779
v 8.158505 7.554892 1.205654
v 3.038661 6.805646 -1.791327
v 3.038661 8.179263 1.830025
v 3.038661 6.805646 1.830026
v 3.038661 8.179263 -1.791328
v 3.038661 6.805646 -1.791327
v -3.080176 8.179263 1.705150
v -3.080176 6.805646 -1.791327
v -3.080176 6.805646 1.705150
v -3.080176 8.179263 -1.791328
v -3.080176 6.805646 -1.791327
v 0.041680 8.179263 3.578264
v -0.332943 7.180269 3.328516
v 0.041680 6.805646 3.578264
v -0.332943 7.929514 3.328515
v -0.332943 7.180269 3.328516
v -0.332943 7.929514 3.328515
v 0.041680 8.179263 3.578264
v -2.705554 7.929514 2.079773
v -3.080176 8.179263 1.705150
v -2.705554 7.929514 2.079773
v -2.705554 7.180269 2.079773
v -2.705554 7.929514 2.079773
v -0.332943 7.180269 3.328516
v -2.705554 7.180269 2.079773
v -3.080176 6.805646 1.705150
v -0.332943 7.180268 -3.414692
v 0.041680 8.179263 -3.539568
v 0.041680 6.805645 -3.539567
v -0.332943 7.929513 -3.414693
v -0.332943 7.180268 -3.414692
v 0.041680 8.179263 -3.539568
v -0.332943 7.929513 -3.414693
v -2.705554 7.929514 -2.041077
v -3.080176 8.179263 -1.791328
v -2.705554 7.929514 -2.041077
v -2.705554 7.929514 -2.041077
v -2.705554 7.180269 -2.041076
v -2.705554 7.180269 -2.041076
v 0.041680 6.805645 -3.539567
v -0.332943 7.180268 -3.414692
v 0.416303 7.180268 -3.414692
v 0.416303 7.929513 -3.414693
v 0.416303 7.180268 -3.414692
v 0.416303 7.929513 -3.414693
v 2.664039 7.929514 -2.041077
v 3.038661 8.179263 -1.791328
v 2.664039 7.929514 -2.041077
v 2.664039 7.180269 -2.041076
v 2.664039 7.929514 -2.041077
v 0.416303 7.180268 -3.414692
v 2.664039 7.180269 -2.041076
v 0.041680 6.805645 -3.539567
v 0.291428 7.180269 3.328516
v 0.291428 7.929514 3.328515
v 0.291428 7.180269 3.328516
v 0.291428 7.929514 3.328515
v 2.664039 7.929514 2.079773
v 3.038661 8.179263 1.830025
v 2.664039 7.929514 2.079773
v 2.664039 7.929514 2.079773
v 2.664039 7.180269 2.079773
v 3.038661 6.805646 1.830026
v 2.664039 7.180269 2.079773
v 2.664039 7.180269 2.079773
v 0.291428 7.180269 3.328516
v 0.041680 8.179263 -3.539568
v 3.038661 8.429011 -1.666454
v 3.038661 8.179263 -1.791328
v 0.041680 8.429011 -3.414693
v 0.041680 8.179263 -3.539568
v 3.038661 8.179263 -1.791328
v 2.913787 8.429011 1.705150
v 3.038661 8.179263 1.830025
v 3.038661 8.429011 -1.666454
v 2.913787 8.429011 1.705150
v 0.041680 8.429011 3.453390
v 0.041680 8.179263 3.578264
v 3.038661 8.179263 1.830025
v -2.955302 8.429011 1.705150
v -3.080176 8.179263 1.705150
v 0.041680 8.429011 3.453390
v -2.955302 8.429011 1.705150
v -3.080176 8.179263 -1.791328
v -3.080176 8.179263 1.705150
v -2.955302 8.429011 -1.791328
v -3.080176 8.179263 -1.791328
v -2.955302 8.429011 -1.791328
v 0.041680 8.179263 -3.539568
v 0.041680 8.429011 -3.414693
v 2.913787 8.429011 1.705150
v 3.038661 8.429011 -1.666454
v 0.041680 8.429011 3.453390
v 3.038661 8.429011 -1.666454
v 0.041680 8.429011 -3.414693
v 0.041680 8.429011 -3.414693
v -2.955302 8.429011 1.705150
v -2.955302 8.429011 -1.791328
v -2.955302 8.429011 1.705150
v -2.580679 7.180269 -0.417712
v -2.580679 7.804640 -0.417712
v -0.332943 7.180269 -0.417712
v -2.580679 7.804640 -0.417712
v -0.332943 7.804640 -0.417712
v 2.664039 7.804640 -0.417712
v 2.664039 7.180269 -0.417712
v 0.416303 7.180269 -0.417712
v 0.416303 7.804640 -0.417712
v 2.664039 7.804640 -0.417712
v 2.664039 7.804640 -0.417712
v 2.664039 7.929514 -2.041077
v 2.664039 7.180269 -0.417712
v 2.664039 7.929514 -2.041077
v 2.664039 7.180269 -2.041076
v 2.664039 7.180269 -2.041076
v 0.416303 7.180268 -3.414692
v 0.416303 7.180269 -0.417712
v 2.664039 7.180269 -0.417712
v 2.664039 7.180269 -2.041076
v 2.664039 7.929514 -2.041077
v 2.664039 7.804640 -0.417712
v 0.416303 7.804640 -0.417712
v 0.416303 7.929513 -3.414693
v 2.664039 7.929514 -2.041077
v -0.332943 7.804640 -0.417712
v -0.332943 7.929513 -3.414693
v -0.332943 7.180269 -0.417712
v -0.332943 7.929513 -3.414693
v -0.332943 7.180268 -3.414692
v -2.705554 7.929514 -2.041077
v -2.580679 7.804640 -0.417712
v -2.580679 7.180269 -0.417712
v -2.705554 7.180269 -2.041076
v -2.705554 7.929514 -2.041077
v -2.580679 7.180269 -0.417712
v -2.705554 7.929514 -2.041077
v -0.332943 7.929513 -3.414693
v -0.332943 7.804640 -0.417712
v -2.580679 7.804640 -0.417712
v -2.705554 7.929514 -2.041077
v -2.705554 7.180269 -2.041076
v -2.580679 7.180269 -0.417712
v -0.332943 7.180269 -0.417712
v -0.332943 7.180268 -3.414692
v -2.705554 7.180269 -2.041076
v 0.416303 7.929513 -3.414693
v 0.416303 7.804640 -0.417712
v 0.416303 7.180269 -0.417712
v 0.416303 7.180268 -3.414692
v 0.416303 7.929513 -3.414693
v -2.580679 7.804640 0.456408
v -2.580679 7.180269 0.456408
v -0.332943 7.180269 0.456408
v -0.332943 7.804640 0.456408
v -2.580679 7.804640 0.456408
v 2.664039 7.180269 0.456408
v 2.664039 7.804640 0.456408
v 0.416303 7.180269 0.456408
v 2.664039 7.804640 0.456408
v 0.416303 7.804640 0.456408
v -2.580679 7.180269 0.456408
v -2.705554 7.180269 2.079773
v -0.332943 7.180269 0.456408
v -2.705554 7.180269 2.079773
v -0.332943 7.180269 3.328516
v -0.332943 7.929514 3.328515
v -0.332943 7.804640 0.456408
v -0.332943 7.180269 0.456408
v -0.332943 7.180269 3.328516
v -0.332943 7.929514 3.328515
v -0.332943 7.929514 3.328515
v -2.705554 7.929514 2.079773
v -0.332943 7.804640 0.456408
v -2.705554 7.929514 2.079773
v -2.580679 7.804640 0.456408
v -2.580679 7.804640 0.456408
v -2.705554 7.929514 2.079773
v -2.580679 7.180269 0.456408
v -2.705554 7.929514 2.079773
v -2.705554 7.180269 2.079773
v -2.580679 7.180269 0.456408
v 0.416303 7.804640 0.456408
v 0.291428 7.929514 3.328515
v 0.416303 7.180269 0.456408
v 0.291428 7.929514 3.328515
v 0.291428 7.180269 3.328516
v 2.664039 7.804640 0.456408
v 2.664039 7.929514 2.079773
v 0.416303 7.804640 0.456408
v 2.664039 7.929514 2.079773
v 0.291428 7.929514 3.328515
v 2.664039 7.929514 2.079773
v 2.664039 7.804640 0.456408
v 2.664039 7.180269 0.456408
v 2.664039 7.180269 2.079773
v 2.664039 7.929514 2.079773
v 0.291428 7.180269 3.328516
v 2.664039 7.180269 2.079773
v 0.416303 7.180269 0.456408
v 2.664039 7.180269 2.079773
v 2.664039 7.180269 0.456408
v 1.540171 8.429011 -2.540574
v 1.789919 8.429011 -2.290825
v -1.581685 8.553885 2.204647
v -1.706560 8.429011 2.329522
v -1.456811 8.429011 2.579270
v -1.207063 8.429011 -1.166957
v 0.041680 9.053383 -0.043089
v 1.540171 8.429011 2.579270
v 1.165548 8.429011 2.704144
v -1.082188 8.553885 -2.415700
v -1.082188 8.429011 -2.665448
v -1.456811 8.429011 -2.540574
v 2.913787 8.429011 -0.043089
v 2.913787 8.429011 0.331534
v -2.705554 8.553885 -0.292837
v -2.830428 8.429011 -0.417712
v -2.955302 8.429011 -0.043089
v -9.323888 6.680772 0.955905
v -8.200020 7.430017 0.955905
v -8.699517 7.180269 -0.043089
v -7.700523 7.679766 -0.043089
v -8.200020 7.430017 -0.917209
v -9.323888 6.805646 -0.917209
v -9.698511 6.431024 -0.043088
v -8.075146 7.554892 0.831031
v -8.200020 7.430017 0.955905
v -8.200020 7.430017 0.955905
v -9.323888 6.680772 0.955905
v -9.698511 6.555898 1.080780
v -9.323888 6.805646 0.955905
v -9.698511 6.680772 1.330528
v -9.074140 6.680772 1.080780
v -9.199014 6.805646 1.080780
v -8.075146 7.305143 1.080779
v -8.075146 7.554892 1.330528
v -8.200020 7.554892 1.080779
v -9.074140 6.680772 -1.166956
v -9.698511 6.680772 -1.291830
v -9.199014 6.805646 -1.042082
v -9.573637 6.680772 -1.166956
v -9.323888 6.805646 -0.917209
v -9.199014 6.805646 -0.917209
v -8.200020 7.430017 -0.917209
v -7.950272 7.554892 -0.917209
v -8.200020 7.430017 -0.917209
v -8.075146 7.679766 -1.416706
v -8.075146 7.430017 -1.166957
v -8.200020 7.554892 -1.166957
v -7.575649 5.681777 -6.411674
v -9.199014 6.306149 -3.414692
v -7.575649 6.306149 -6.411674
v -3.579673 6.181275 -3.040071
v -7.575649 6.306149 6.325499
v -2.830428 5.681778 6.200624
v -4.953290 5.681778 8.573235
v -3.080176 5.681778 8.323486
v -3.579673 6.181275 2.953893
v -9.323888 6.306149 3.328516
v -7.575649 5.681778 6.325499
v -7.575649 6.306149 6.325499
v -7.575649 6.306149 -6.411674
v -1.831434 5.556903 -6.536549
v -1.706560 5.681777 -9.658404
v -2.955302 5.681777 -8.284788
v -5.577662 7.679766 1.954899
v -5.078164 7.679766 2.829020
v -5.452787 7.679766 1.954899
v 3.038661 5.681777 -8.284788
v 1.789919 5.681777 -9.658404
v 1.789919 5.556903 -6.536549
v 7.534134 5.681778 6.325499
v 9.282373 6.306149 3.453391
v 7.534134 6.306149 6.325499
v 3.538159 6.181275 2.953893
v 7.534134 6.306149 -6.286800
v 3.538159 6.181275 -2.915195
v 9.282373 6.306149 -3.289819
v 7.534134 5.681777 -6.286800
v 7.534134 6.306149 -6.286800
v 7.534134 6.306149 6.325499
v 3.038661 5.681778 8.323486
v 2.788913 5.681778 6.200624
v 5.536146 7.679766 -2.041076
v 5.161524 7.679766 -2.790322
v 5.411272 7.679766 -1.916203
v 6.285392 6.306149 -5.162932
v 4.911775 5.681777 -4.163939
v 4.911775 6.306149 -4.163939
v -7.575649 6.306149 -6.411674
v -4.953290 6.306149 4.077762
v 4.911775 6.306149 4.202635
v 1.415297 5.556904 9.072732
v 0.790925 5.556904 8.947857
v 0.915800 7.055396 7.449367
v 0.915800 7.055396 7.449367
v 2.788913 6.805646 7.948864
v 2.539165 6.306149 8.323486
v -1.456811 5.556903 -9.034034
v -0.832440 5.556903 -8.909159
v -0.957314 7.055395 -7.410668
v -0.957314 7.055395 -7.410668
v -2.830428 6.805645 -7.910165
v -2.455805 6.306149 -8.284788
vn -0.0000 1.0000 -0.0000
vn 0.9149 -0.0626 0.3988
vn 0.9977 -0.0628 0.0236
vn 0.9977 -0.0629 0.0236
vn 0.9149 -0.0625 0.3988
vn 0.9670 -0.1170 0.2261
vn -0.0000 -1.0000 -0.0000
vn -0.0000 1.0000 -0.0003
vn -0.1170 -0.0624 -0.9912
vn -0.4774 -0.0626 -0.8765
vn -0.1171 -0.0624 -0.9912
vn -0.4773 -0.0625 -0.8765
vn -0.2883 -0.1169 -0.9504
vn -0.8031 -0.0624 0.5926
vn -0.5227 -0.0624 0.8503
vn -0.5226 -0.0625 0.8503
vn -0.6784 -0.1170 0.7253
vn -0.9922 -0.0000 -0.1250
vn 0.9922 -0.0000 -0.1250
vn 0.9921 -0.0000 -0.1251
vn 0.6025 -0.0000 0.7981
vn -0.4785 -0.2824 -0.8315
vn -0.6174 -0.2813 -0.7346
vn -0.7346 -0.2814 -0.6174
vn -0.3291 -0.2822 -0.9011
vn -0.1641 -0.2813 -0.9455
vn -0.4785 -0.2824 -0.8314
vn 0.4845 -0.2813 -0.8283
vn 0.3291 -0.2821 -0.9012
vn 0.1641 -0.2813 -0.9455
vn 0.6174 -0.2814 -0.7346
vn 0.7346 -0.2814 -0.6174
vn 0.4846 -0.2813 -0.8283
vn 0.7346 -0.2813 -0.6174
vn 0.9922 -0.0000 0.1250
vn -0.9922 -0.0000 0.1249
vn -0.9922 -0.0000 0.1250
vn -0.6025 -0.0000 -0.7981
vn 0.4785 -0.2824 0.8315
vn 0.6174 -0.2813 0.7346
vn 0.7346 -0.2814 0.6174
vn 0.7346 -0.2813 0.6174
vn 0.3291 -0.2821 0.9012
vn 0.1640 -0.2813 0.9455
vn 0.1641 -0.2813 0.9455
vn 0.4785 -0.2824 0.8314
vn -0.4845 -0.2813 0.8283
vn -0.3291 -0.2821 0.9012
vn -0.1641 -0.2813 0.9455
vn -0.6174 -0.2813 0.7346
vn -0.7347 -0.2813 0.6173
vn -0.7346 -0.2814 0.6174
vn -0.7346 -0.2813 0.6174
vn -0.1017 0.9945 0.0235
vn -0.1793 0.9823 0.0546
vn -0.2110 0.9694 0.1251
vn -0.2111 0.9694 0.1251
vn -0.3054 0.9319 0.1958
vn -0.0863 0.9958 -0.0314
vn -0.1959 0.9715 -0.1332
vn -0.1718 0.9836 -0.0546
vn -0.2961 0.9351 -0.1948
vn -0.1717 0.9836 -0.0547
vn -0.1717 0.9836 -0.0546
vn 0.6896 0.7053 -0.1645
vn 0.3681 0.9242 -0.1018
vn 0.5915 0.7861 -0.1790
vn 0.6896 0.7052 -0.1646
vn 0.5915 0.7862 -0.1791
vn -0.0000 -0.0000 -1.0000
vn 0.0939 0.9941 0.0548
vn 0.2270 0.9707 0.0783
vn 0.3209 0.9471 -0.0000
vn 0.4750 0.8800 -0.0000
vn 0.1018 0.9945 -0.0235
vn 0.1793 0.9823 -0.0546
vn 0.2111 0.9694 -0.1251
vn 0.3054 0.9319 -0.1958
vn 0.0863 0.9958 0.0314
vn 0.1959 0.9715 0.1332
vn 0.1718 0.9836 0.0547
vn 0.2961 0.9351 0.1948
vn 0.1717 0.9836 0.0546
vn -0.6896 0.7052 0.1646
vn -0.6896 0.7053 0.1646
vn -0.3681 0.9242 0.1018
vn -0.5916 0.7861 0.1790
vn -0.6896 0.7053 0.1645
vn -0.3603 0.9244 0.1253
vn -0.0939 0.9941 -0.0548
vn -0.2270 0.9707 -0.0783
vn -0.3209 0.9471 -0.0000
vn -0.4750 0.8800 -0.0000
vn -1.0000 -0.0000 -0.0000
vn -0.9389 -0.0000 0.3443
vn -0.7670 -0.0000 0.6417
vn -0.4995 -0.0000 0.8663
vn -0.1720 -0.0000 0.9851
vn -0.7669 -0.0000 0.6417
vn 0.1720 -0.0000 0.9851
vn 0.2260 -0.0000 -0.9741
vn 0.0779 -0.0000 -0.9970
vn 0.8111 -0.0000 -0.5849
vn 0.9414 -0.0000 -0.3373
vn 0.6161 -0.0000 -0.7877
vn 0.4535 -0.0000 -0.8913
vn 0.5384 -0.0000 -0.8427
vn -0.9389 -0.0000 -0.3443
vn 0.9639 -0.0000 0.2664
vn 0.8575 -0.0000 0.5145
vn 0.9638 -0.0000 0.2665
vn 1.0000 -0.0000 -0.0000
vn 0.9851 -0.0000 0.1720
vn 0.8211 -0.0000 -0.5708
vn 0.8210 0.0078 -0.5708
vn 0.5145 -0.0000 -0.8575
vn 0.7981 -0.0000 -0.6025
vn 0.3442 -0.0000 -0.9389
vn 0.9575 -0.0156 -0.2880
vn 0.9471 -0.0000 -0.3209
vn 0.2902 -0.0000 -0.9570
vn 0.4534 -0.0000 -0.8913
vn 0.1796 -0.0000 -0.9837
vn 0.3443 -0.0000 -0.9389
vn 0.9274 -0.0000 -0.3741
vn 0.9963 -0.0000 -0.0863
vn 0.9388 0.0078 -0.3443
vn 0.9389 -0.0000 -0.3442
vn 0.4696 0.8609 -0.1957
vn 0.4390 0.8936 -0.0941
vn 0.3283 0.9302 -0.1642
vn -0.6417 -0.0000 -0.7669
vn 0.0233 0.8330 -0.5527
vn 0.1018 0.8453 -0.5244
vn 0.4067 0.8525 -0.3285
vn 0.2583 0.8609 -0.4383
vn 0.1018 0.8454 -0.5244
vn 0.1017 0.8454 -0.5244
vn -0.4061 -0.0000 -0.9138
vn -0.1567 -0.0000 -0.9876
vn -0.1568 -0.0000 -0.9876
vn -0.2902 -0.0000 -0.9570
vn -0.0624 -0.0000 -0.9981
vn 0.1872 0.9049 -0.3822
vn 0.2737 0.9148 -0.2971
vn 0.1171 0.9132 -0.3903
vn 0.2887 0.9129 -0.2887
vn 0.2736 0.9148 -0.2971
vn 0.0782 0.9690 -0.2344
vn 0.1097 0.9323 -0.3447
vn -0.6333 -0.0000 -0.7739
vn -0.5087 -0.0000 -0.8609
vn 0.7032 -0.0000 0.7110
vn 0.7740 -0.0000 0.6332
vn 0.1720 0.9851 -0.0000
vn 0.1959 0.9795 0.0470
vn 0.3528 0.9330 -0.0705
vn 0.3966 0.9177 0.0233
vn 0.3528 0.9330 -0.0706
vn 0.0778 0.9729 -0.2179
vn 0.1172 0.9611 -0.2500
vn 0.1172 0.9611 -0.2501
vn 0.1646 0.9403 -0.2978
vn 0.1645 0.9403 -0.2978
vn 0.0779 0.9821 -0.1715
vn 0.1095 0.9620 -0.2503
vn 0.2182 0.9194 -0.3273
vn 0.3523 0.8847 -0.3053
vn 0.2182 0.9194 -0.3272
vn -0.9568 0.0157 -0.2902
vn 0.7739 -0.0000 0.6333
vn 0.5219 0.8414 -0.1403
vn 0.5219 0.8414 -0.1402
vn 0.5798 0.8148 -0.0000
vn 0.3966 0.9177 0.0234
vn 0.2489 0.9647 -0.0856
vn 0.1947 0.9658 -0.1713
vn 0.1947 0.9658 -0.1714
vn 0.3283 0.9302 -0.1641
vn 0.1017 0.9933 -0.0547
vn 0.0550 0.9982 -0.0236
vn 0.0784 0.9958 -0.0471
vn 0.4936 -0.0000 0.8697
vn 0.1488 0.9869 -0.0627
vn 0.1247 0.9902 -0.0624
vn 0.0781 0.9690 -0.2344
vn 0.1481 0.9276 -0.3430
vn 0.0546 -0.0000 -0.9985
vn 0.1796 0.0001 -0.9837
vn -0.4936 -0.0000 0.8697
vn 0.0780 0.9821 -0.1715
vn 0.0782 0.9858 -0.1486
vn 0.1561 0.9446 -0.2888
vn 0.0782 0.9858 -0.1487
vn 0.1094 0.9620 -0.2503
vn 0.1946 -0.0000 -0.9809
vn -0.3524 0.0861 0.9319
vn -0.3524 0.0862 0.9319
vn 0.4995 -0.0000 0.8663
vn 0.7669 -0.0000 0.6417
vn 0.7670 -0.0000 0.6417
vn 0.9389 -0.0000 0.3442
vn 0.9389 -0.0000 -0.3443
vn 0.9389 -0.0000 0.3443
vn 0.7669 -0.0000 -0.6417
vn -0.9570 -0.0000 0.2902
vn -0.9036 -0.0000 0.4284
vn -0.9109 -0.0000 -0.4126
vn -0.7631 -0.0000 -0.6463
vn -0.9901 -0.0000 -0.1403
vn -0.9985 -0.0000 0.0546
vn -0.9989 -0.0001 -0.0468
vn -0.9989 -0.0000 -0.0468
vn -0.2572 -0.0000 -0.9664
vn 0.0156 -0.0000 -0.9999
vn -0.4995 -0.0000 -0.8663
vn -0.3442 -0.0000 -0.9389
vn -0.9066 -0.0000 -0.4220
vn -0.9066 0.0078 -0.4220
vn -0.9999 -0.0000 -0.0156
vn -0.9207 -0.0000 -0.3902
vn -0.9851 -0.0000 0.1720
vn -0.9208 -0.0000 -0.3901
vn -0.7263 -0.0156 -0.6872
vn -0.7487 -0.0000 -0.6629
vn -0.9741 -0.0000 0.2260
vn -0.9423 -0.0000 0.3349
vn -0.7877 -0.0000 -0.6161
vn -0.5761 -0.0000 -0.8174
vn -0.7669 0.0078 -0.6417
vn -0.7669 -0.0000 -0.6417
vn -0.4060 0.8588 -0.3123
vn -0.3057 0.8934 -0.3292
vn -0.3120 0.9282 -0.2028
vn -0.4060 0.8589 -0.3123
vn -0.3056 0.8934 -0.3291
vn -0.3442 -0.0000 0.9389
vn -0.4913 0.8345 0.2496
vn -0.5080 0.8440 0.1720
vn -0.5080 0.8440 0.1719
vn -0.4913 0.8344 0.2496
vn -0.4856 0.8537 -0.1880
vn -0.5087 0.8609 -0.0000
vn -0.5849 -0.0000 0.8111
vn -0.7809 -0.0000 0.6247
vn -0.6873 -0.0000 0.7264
vn -0.8368 -0.0000 0.5475
vn -0.4282 0.9031 0.0311
vn -0.3912 0.9155 -0.0939
vn -0.3912 0.9155 0.0939
vn -0.3913 0.9155 -0.0939
vn -0.3973 0.9121 -0.1010
vn -0.3975 0.9120 -0.1013
vn -0.2423 0.9691 0.0469
vn -0.3526 0.9325 0.0783
vn -0.3526 0.9325 0.0784
vn -0.3511 -0.0000 0.9363
vn 0.2664 -0.0000 -0.9639
vn 0.1644 -0.0000 -0.9864
vn -0.0860 0.9852 -0.1486
vn -0.0549 0.9806 -0.1883
vn -0.2351 0.9325 -0.2743
vn -0.1792 0.9192 -0.3506
vn -0.2258 0.9734 0.0389
vn -0.2809 0.9596 0.0156
vn -0.3511 0.9363 -0.0000
vn -0.2808 0.9596 0.0152
vn -0.1870 0.9821 0.0234
vn -0.2258 0.9734 0.0390
vn -0.2736 0.9613 0.0313
vn -0.3994 0.9162 -0.0313
vn -0.4449 0.8819 -0.1561
vn -0.4448 0.8819 -0.1561
vn 0.2260 0.0156 0.9740
vn -0.3819 0.8416 -0.3819
vn -0.2351 0.9325 -0.2742
vn -0.1792 0.9192 -0.3505
vn -0.2900 0.8151 -0.5016
vn -0.1791 0.9193 -0.3506
vn -0.1947 0.9658 -0.1713
vn -0.0860 0.9852 -0.1485
vn -0.2491 0.9653 -0.0779
vn -0.2491 0.9653 -0.0778
vn -0.0939 0.9936 -0.0626
vn -0.0472 0.9984 -0.0314
vn -0.0784 0.9958 -0.0471
vn -0.0784 0.9958 -0.0470
vn 0.5087 -0.0000 -0.8609
vn -0.1330 0.9859 -0.1017
vn -0.1169 0.9901 -0.0780
vn -0.3670 0.9291 0.0468
vn -0.8913 -0.0000 0.4535
vn 1.0000 -0.0000 -0.0079
vn -0.1871 0.9821 0.0234
vn -0.2735 0.9614 0.0312
vn -0.1644 0.9864 0.0078
vn -0.3279 0.9447 0.0078
vn -0.2735 0.9614 0.0313
vn -0.9471 -0.0000 0.3209
vn 0.9828 0.0858 -0.1638
vn 0.4995 -0.0000 -0.8663
vn 0.1720 -0.0000 -0.9851
vn -0.1720 -0.0000 -0.9851
vn -0.9389 -0.0000 -0.3442
vn 0.7339 -0.0000 0.6792
vn 0.8209 -0.0000 0.5711
vn 0.1018 -0.0000 0.9948
vn -0.1796 -0.0000 0.9837
vn 0.3741 -0.0000 0.9274
vn 0.5474 -0.0000 0.8368
vn 0.4597 -0.0000 0.8881
vn -0.7110 -0.0000 0.7032
vn -0.8749 -0.0000 0.4843
vn -0.6417 -0.0000 0.7669
vn 0.0863 -0.0000 0.9963
vn 0.0863 0.0078 0.9962
vn 0.4843 -0.0000 0.8749
vn 0.1250 -0.0000 0.9922
vn 0.4596 -0.0000 0.8881
vn 0.7339 -0.0000 0.6793
vn 0.6417 -0.0000 0.7669
vn -0.2333 -0.0155 0.9723
vn -0.1961 -0.0000 0.9806
vn -0.2333 -0.0156 0.9723
vn 0.6792 -0.0000 0.7339
vn 0.5475 -0.0000 0.8368
vn 0.7598 -0.0000 0.6501
vn -0.1403 -0.0000 0.9901
vn -0.4220 -0.0000 0.9066
vn -0.1720 0.0078 0.9851
vn -0.5226 -0.0624 0.8503
vn -0.0625 0.8592 0.5077
vn -0.1331 0.8926 0.4307
vn -0.0235 0.9298 0.3672
vn 0.9851 -0.0000 -0.1720
vn 0.4611 0.8362 0.2970
vn 0.3996 0.8462 0.3526
vn 0.0860 0.8522 0.5160
vn -0.0625 0.8592 0.5078
vn 0.2501 0.8597 0.4455
vn 0.9948 -0.0000 0.1018
vn 0.9327 -0.0000 0.3606
vn 0.9741 -0.0000 0.2260
vn 0.8944 -0.0000 0.4472
vn 0.2418 0.9046 0.3510
vn 0.1174 0.9160 0.3836
vn 0.2417 0.9046 0.3510
vn 0.2418 0.9047 0.3509
vn 0.2737 0.9148 0.2971
vn 0.2417 0.9047 0.3509
vn 0.1175 0.9160 0.3836
vn 0.1091 0.9112 0.3972
vn 0.1090 0.9112 0.3972
vn 0.1642 0.9699 0.1799
vn 0.2430 0.9327 0.2665
vn 0.2736 0.9148 0.2971
vn 0.9864 -0.0000 -0.1644
vn 0.9741 0.0001 0.2260
vn -0.9683 -0.0000 0.2499
vn -0.9363 -0.0000 0.3511
vn -0.0860 0.9852 0.1486
vn -0.1411 0.9799 0.1411
vn -0.1174 0.9315 0.3444
vn -0.2182 0.9194 0.3272
vn -0.1174 0.9314 0.3444
vn 0.1478 0.9727 0.1790
vn 0.1563 0.9613 0.2267
vn 0.1479 0.9727 0.1790
vn 0.1563 0.9614 0.2266
vn 0.1713 0.9422 0.2881
vn 0.1092 0.9829 0.1482
vn 0.1642 0.9618 0.2189
vn 0.1642 0.9618 0.2190
vn 0.1716 0.9205 0.3510
vn 0.0860 0.8832 0.4611
vn 0.1713 0.9421 0.2881
vn 0.7263 0.0156 -0.6872
vn -0.1402 0.8414 0.5220
vn -0.1403 0.8414 0.5220
vn -0.2888 0.8119 0.5074
vn -0.1402 0.8414 0.5219
vn -0.2182 0.9194 0.3273
vn -0.0545 0.9649 0.2568
vn 0.0545 0.9649 0.2568
vn -0.0234 0.9298 0.3672
vn -0.0234 0.9298 0.3673
vn -0.0078 0.9931 0.1173
vn -0.0079 0.9980 0.0629
vn -0.0000 0.9956 0.0941
vn -0.0078 0.9980 0.0629
vn -1.0000 -0.0000 -0.0078
vn -0.0156 0.9863 0.1644
vn -0.0157 0.9863 0.1644
vn -0.0078 0.9901 0.1403
vn 0.1643 0.9699 0.1799
vn 0.2187 0.9295 0.2968
vn 0.2429 0.9327 0.2665
vn 0.8368 -0.0000 0.5475
vn 0.7598 0.0001 0.6501
vn -0.5053 -0.0000 -0.8629
vn 0.0861 0.9863 0.1409
vn 0.1717 0.9442 0.2810
vn 0.6793 -0.0000 0.7339
vn 0.7526 -0.0000 0.6585
vn -0.6309 0.0857 -0.7711
vn 0.6025 -0.0000 -0.7981
vn 0.7843 0.0314 0.6196
vn 0.3901 -0.0000 0.9208
vn -0.6025 -0.0000 0.7981
vn 0.7877 -0.0000 -0.6161
vn -0.9597 -0.2809 -0.0000
vn -0.9012 -0.2821 -0.3291
vn -0.7835 0.0548 0.6190
vn -0.7346 -0.2813 -0.6174
vn -0.3902 -0.0000 0.9207
vn -0.3901 -0.0000 0.9208
vn 0.9012 -0.2821 -0.3291
vn 0.9597 -0.2809 -0.0000
vn -0.7843 0.0314 -0.6196
vn 0.7877 -0.0000 0.6161
vn -0.3902 -0.0000 -0.9207
vn -0.3901 -0.0000 -0.9208
vn -0.7877 -0.0000 0.6161
vn 0.9012 -0.2821 0.3291
vn 0.7835 0.0548 -0.6190
vn 0.7835 0.0549 -0.6190
vn 0.4995 -0.0001 0.8663
vn 0.3902 -0.0000 -0.9208
vn 0.3901 -0.0000 -0.9208
vn -0.9389 -0.0000 0.3442
vn -0.9012 -0.2821 0.3291
vn -0.9256 -0.0863 -0.3687
vn -0.9256 -0.0863 -0.3686
vn -0.9255 -0.0863 -0.3687
vn -0.7639 0.3897 -0.5144
vn -0.7743 0.4067 0.4849
vn -0.9388 -0.2660 0.2190
vn -0.9388 -0.2660 0.2191
vn 0.3583 -0.8335 0.4206
vn 0.2504 -0.9078 -0.3365
vn -0.7242 0.2959 0.6229
vn 0.5761 0.8174 0.0078
vn 0.4521 0.8886 -0.0779
vn 0.6196 0.7843 0.0314
vn 0.4521 0.8886 -0.0780
vn 0.4605 -0.8819 -0.1014
vn 0.4604 -0.8819 -0.1014
vn 0.5407 -0.8306 0.1332
vn 0.4531 0.8906 0.0391
vn 0.5702 0.8201 -0.0468
vn 0.6190 0.7835 -0.0549
vn 0.5702 0.8202 -0.0468
vn -0.5617 0.2263 -0.7958
vn -0.5617 0.2262 -0.7958
vn 0.2901 -0.1254 0.9487
vn 0.5760 0.8174 0.0078
vn 0.5934 0.7964 0.1171
vn 0.6506 0.7525 0.1019
vn -0.4211 0.1794 -0.8891
vn -0.4211 0.1793 -0.8891
vn 0.2661 -0.3835 0.8844
vn -0.3053 0.4070 -0.8609
vn -0.3052 0.4070 -0.8609
vn 0.3507 0.9353 -0.0468
vn 0.4520 0.8886 -0.0779
vn 0.1484 -0.6795 -0.7185
vn 0.3511 0.9362 0.0156
vn -0.1801 0.5952 0.7832
vn -0.1801 0.5952 0.7831
vn 0.0940 -0.0470 -0.9945
vn -0.2898 0.1331 0.9478
vn -0.2898 0.1332 0.9478
vn 0.5702 0.8202 -0.0469
vn 0.6495 0.7512 -0.1174
vn 0.5888 0.7929 -0.1570
vn 0.6495 0.7513 -0.1174
vn 0.8594 -0.3203 -0.3985
vn 0.8594 -0.3204 -0.3984
vn 0.8594 -0.3203 -0.3984
vn -0.8946 0.3811 -0.2334
vn -0.8946 0.3812 -0.2334
vn 0.7049 0.7050 0.0783
vn 0.7049 0.7049 0.0783
vn 0.8368 -0.3285 0.4379
vn 0.8368 -0.3285 0.4380
vn 0.6189 0.7835 -0.0548
vn 0.7015 0.7093 -0.0701
vn -0.9074 0.3833 0.1721
vn -0.9271 0.2571 0.2727
vn 0.5252 0.8466 -0.0862
vn 0.5073 0.8429 -0.1795
vn 0.9217 -0.3515 -0.1640
vn 0.9217 -0.3515 -0.1641
vn 0.7014 -0.6937 0.1637
vn 0.7014 -0.6937 0.1636
vn -0.0000 -0.0000 1.0000
vn 0.7015 -0.6936 0.1637
vn 0.5086 0.8529 0.1174
vn 0.5083 0.8368 0.2033
vn -0.8978 0.3513 -0.2655
vn -0.8978 0.3513 -0.2654
vn -0.9468 0.2895 0.1408
vn -0.9468 0.2895 0.1409
vn 0.4774 0.8374 -0.2661
vn 0.8076 -0.4783 -0.3450
vn 0.6873 -0.6482 0.3280
vn 0.6872 -0.6482 0.3280
vn 0.5083 0.8368 0.2034
vn 0.4995 0.8195 0.2810
vn 0.5084 0.8368 0.2033
vn -0.9233 0.3208 -0.2112
vn -0.9233 0.3208 -0.2113
vn 0.0236 -0.0000 0.9997
vn 0.0312 -0.0078 -0.9995
vn 0.0468 0.1171 -0.9920
vn 0.0469 0.1171 -0.9920
vn 0.0627 0.0783 0.9950
vn 0.0627 0.0784 0.9950
vn 0.0626 0.0784 0.9950
vn -0.0079 -0.0000 1.0000
vn 0.6332 -0.0000 0.7740
vn 0.9363 -0.0000 0.3511
vn 0.9837 -0.0000 0.1796
vn 0.9837 -0.0001 0.1796
vn 0.9423 -0.0000 -0.3349
vn 0.6501 -0.0000 -0.7598
vn 0.0078 -0.0000 -1.0000
vn -0.1644 -0.0000 -0.9864
vn -0.6332 -0.0000 -0.7740
vn -0.7598 -0.0000 -0.6501
vn -0.9837 0.0001 -0.1796
vn -0.9864 -0.0000 0.1644
vn -0.9837 -0.0000 -0.1796
vn -0.7739 -0.0000 0.6333
vn -0.6501 -0.0000 0.7598
vn -0.6501 -0.0001 0.7598
vn -0.5087 -0.0000 0.8609
vn -0.6502 -0.0000 0.7598
vn 0.1644 -0.0000 0.9864
vn 0.9837 0.0001 0.1796
vn 0.7740 -0.0000 -0.6332
vn 0.6502 -0.0000 -0.7598
vn -0.4936 -0.0000 -0.8697
vn -0.9363 -0.0000 -0.3511
vn -0.9423 -0.0000 0.3348
vn 0.7315 0.5370 0.4202
vn 0.5611 0.7636 0.3195
vn 0.5610 0.7636 0.3195
vn 0.7315 0.5369 -0.4202
vn 0.7315 0.5370 -0.4202
vn 0.2271 0.8302 -0.5091
vn 0.3437 0.8046 -0.4843
vn -0.0000 0.5384 -0.8427
vn -0.5394 0.7818 -0.3127
vn -0.7315 0.5369 -0.4202
vn -0.7315 0.5370 -0.4202
vn -0.7315 0.5369 0.4202
vn -0.7315 0.5370 0.4202
vn -0.2271 0.8302 0.5091
vn -0.3437 0.8046 0.4843
vn -0.0000 0.5384 0.8427
vn -0.0862 0.9952 -0.0470
vn 0.1800 0.9784 0.1017
vn 0.1800 0.9784 0.1018
vn -0.6711 0.7413 -0.0000
vn -0.6398 0.7491 0.1716
vn -0.6399 0.7491 0.1717
vn -0.6398 0.7491 0.1717
vn -0.4683 0.7493 0.4683
vn -0.1717 0.7491 0.6398
vn -0.1717 0.7491 0.6399
vn -0.1716 0.7491 0.6398
vn 0.1716 0.7491 0.6399
vn 0.1717 0.7491 0.6399
vn 0.1716 0.7491 0.6398
vn 0.1717 0.7491 0.6398
vn 0.3347 0.7396 0.5839
vn 0.3348 0.7396 0.5839
vn 0.6711 0.7413 -0.0000
vn 0.6398 0.7491 -0.1716
vn 0.6399 0.7491 -0.1717
vn 0.6398 0.7491 -0.1717
vn 0.4683 0.7493 -0.4683
vn 0.1717 0.7491 -0.6398
vn 0.1717 0.7491 -0.6399
vn -0.1716 0.7491 -0.6398
vn 0.1716 0.7491 -0.6398
vn -0.1717 0.7491 -0.6399
vn 0.1716 0.7491 -0.6399
vn -0.1717 0.7491 -0.6398
vn -0.3348 0.7396 -0.5839
vn -0.4904 0.8252 -0.2803
vn -0.4904 0.8252 -0.2802
vn 0.2571 0.0234 -0.9661
vn 0.7030 -0.0234 -0.7108
vn 0.7030 -0.0235 -0.7108
vn 0.5942 0.7271 0.3440
vn -0.2571 -0.0234 0.9661
vn -0.7108 0.0234 0.7030
vn 0.6239 0.7642 -0.1638
vn 0.5018 0.8546 -0.1333
vn 0.6585 0.7526 -0.0000
vn 0.4678 0.8810 0.0702
vn 0.6238 0.7642 -0.1638
vn 0.3682 0.8538 -0.3682
vn 0.4538 0.7668 -0.4539
vn 0.3681 0.8538 -0.3682
vn 0.6239 0.7642 -0.1637
vn 0.4539 0.7668 -0.4538
vn 0.1637 0.7642 -0.6239
vn 0.1333 0.8546 -0.5018
vn 0.3682 0.8538 -0.3681
vn 0.1638 0.7642 -0.6238
vn -0.1333 0.8546 -0.5018
vn -0.2182 0.7636 -0.6077
vn 0.1638 0.7642 -0.6239
vn -0.5018 0.8546 0.1333
vn -0.4678 0.8810 -0.0702
vn -0.6238 0.7642 0.1638
vn -0.6585 0.7526 -0.0000
vn -0.3681 0.8538 0.3682
vn -0.4538 0.7668 0.4538
vn -0.6239 0.7642 0.1638
vn -0.4538 0.7668 0.4539
vn -0.5018 0.8547 0.1333
vn -0.1333 0.8546 0.5018
vn -0.1638 0.7642 0.6239
vn -0.4538 0.7669 0.4538
vn -0.1638 0.7642 0.6238
vn 0.1333 0.8546 0.5018
vn 0.1638 0.7642 0.6238
vn 0.3289 0.7517 0.5716
vn 0.2957 0.8793 0.3735
vn 0.1637 0.7642 0.6238
vn 0.1333 0.8547 0.5018
vn 0.2957 0.8792 0.3735
vn 0.2585 0.9634 0.0705
vn 0.1881 0.9640 0.1881
vn 0.5018 0.8547 -0.1333
vn 0.2585 0.9634 -0.0705
vn 0.3681 0.8538 -0.3681
vn 0.1881 0.9640 -0.1881
vn 0.1333 0.8547 -0.5018
vn -0.1333 0.8547 -0.5018
vn 0.0705 0.9634 -0.2585
vn -0.0705 0.9634 -0.2585
vn -0.3043 0.8504 -0.4291
vn -0.2182 0.7636 -0.6078
vn -0.3043 0.8505 -0.4291
vn -0.1881 0.9640 -0.1881
vn -0.2585 0.9634 -0.0705
vn -0.2585 0.9634 0.0705
vn -0.3681 0.8538 0.3681
vn -0.1881 0.9640 0.1881
vn -0.0705 0.9634 0.2585
vn -0.3682 0.8538 0.3681
vn 0.0705 0.9634 0.2585
vn 0.8630 0.5021 0.0550
vn 0.8630 0.5021 0.0549
vn 0.1407 0.9619 -0.2346
vn 0.1408 0.9619 -0.2346
vn 0.1408 0.9618 -0.2346
vn -0.4781 0.5016 -0.7210
vn -0.8630 0.5021 -0.0549
vn -0.8630 0.5022 -0.0549
vn -0.1408 0.9619 0.2346
vn -0.1408 0.9618 0.2346
vn 0.4781 0.5016 0.7210
vn 0.4780 0.5016 0.7210
vn 0.3283 0.8286 0.4534
vn 0.2499 0.8044 0.5389
vn -0.3283 0.8286 -0.4534
vn -0.2499 0.8044 -0.5389
vn -0.4781 0.5016 0.7210
vn 0.1408 0.9618 0.2346
vn 0.1408 0.9619 0.2346
vn 0.8630 0.5021 -0.0549
vn 0.8630 0.5021 -0.0550
vn 0.4781 0.5016 -0.7210
vn 0.4780 0.5016 -0.7210
vn -0.1408 0.9618 -0.2346
vn -0.1408 0.9619 -0.2346
vn -0.8630 0.5021 0.0549
vn -0.8630 0.5022 0.0549
vn 0.5554 0.8292 -0.0626
vn 0.5929 0.8035 0.0546
vn -0.5554 0.8292 0.0626
vn -0.5929 0.8035 -0.0546
vn 0.3838 0.5013 0.7755
vn 0.2737 0.9618 -0.0000
vn 0.3838 0.5013 -0.7755
vn -0.3838 0.5013 -0.7755
vn -0.2737 0.9618 -0.0000
vn -0.3838 0.5013 0.7755
vn 0.9194 -0.0546 0.3896
vn 0.9194 -0.0545 0.3896
vn 0.7639 0.3897 0.5144
vn 0.7638 0.3897 0.5145
vn 0.7743 0.4067 -0.4849
vn 0.9436 -0.2261 -0.2418
vn 0.9436 -0.2262 -0.2418
vn -0.3583 -0.8335 -0.4206
vn -0.2504 -0.9078 0.3365
vn 0.7242 0.2959 -0.6229
vn 0.7241 0.2959 -0.6229
vn -0.5761 0.8174 -0.0078
vn -0.4520 0.8886 0.0779
vn -0.6196 0.7843 -0.0314
vn -0.4521 0.8886 0.0780
vn -0.4605 -0.8819 0.1014
vn -0.4604 -0.8819 0.1014
vn -0.5407 -0.8306 -0.1332
vn -0.4531 0.8906 -0.0391
vn -0.5702 0.8202 0.0469
vn -0.6190 0.7835 0.0548
vn -0.5702 0.8202 0.0468
vn 0.5617 0.2263 0.7958
vn 0.5617 0.2262 0.7958
vn -0.2901 -0.1255 -0.9487
vn -0.2901 -0.1254 -0.9487
vn -0.5934 0.7964 -0.1171
vn -0.6506 0.7525 -0.1019
vn 0.4211 0.1794 0.8891
vn 0.4211 0.1793 0.8891
vn -0.2661 -0.3835 -0.8844
vn 0.3053 0.4227 0.8533
vn -0.3507 0.9353 0.0468
vn -0.1484 -0.6795 0.7185
vn -0.3511 0.9362 -0.0156
vn -0.4531 0.8906 -0.0390
vn 0.1795 0.6555 -0.7335
vn 0.1795 0.6555 -0.7336
vn -0.0940 -0.0470 0.9945
vn 0.2898 0.1332 -0.9478
vn 0.2898 0.1331 -0.9478
vn -0.6189 0.7835 0.0549
vn -0.6495 0.7512 0.1174
vn -0.5888 0.7929 0.1570
vn -0.6495 0.7513 0.1174
vn -0.8476 -0.3296 0.4159
vn 0.8946 0.3812 0.2334
vn -0.7049 0.7050 -0.0783
vn -0.7049 0.7049 -0.0783
vn -0.8441 -0.3204 -0.4299
vn -0.7014 0.7093 0.0702
vn -0.7015 0.7092 0.0701
vn 0.9074 0.3833 -0.1721
vn 0.9075 0.3833 -0.1721
vn 0.9201 0.2885 -0.2651
vn 0.9200 0.2885 -0.2651
vn -0.5252 0.8466 0.0862
vn -0.5073 0.8429 0.1795
vn -0.9009 -0.3999 0.1689
vn -0.9017 -0.3999 0.1646
vn -0.9019 -0.4001 0.1627
vn -0.9017 -0.3999 0.1647
vn -0.6858 -0.7092 -0.1637
vn -0.6858 -0.7092 -0.1636
vn -0.5087 0.8529 -0.1174
vn -0.5083 0.8368 -0.2033
vn -0.5086 0.8529 -0.1174
vn 0.9027 0.3375 0.2669
vn 0.9369 0.3201 -0.1405
vn 0.9369 0.3201 -0.1406
vn -0.4774 0.8374 0.2661
vn -0.7844 -0.5256 0.3295
vn -0.7844 -0.5256 0.3294
vn -0.6965 -0.6338 -0.3365
vn -0.6964 -0.6338 -0.3365
vn -0.4995 0.8195 -0.2810
vn 0.9240 0.3132 0.2193
vn 0.9240 0.3132 0.2192
vn -0.0235 -0.0000 -0.9997
vn -0.0234 -0.0000 -0.9997
vn -0.0315 -0.0000 0.9995
vn -0.0468 0.1171 0.9920
vn -0.0469 0.1172 0.9920
vn -0.0469 0.1171 0.9920
vn 0.0078 -0.0391 -0.9992
vn 0.0078 -0.0390 -0.9992
vn 0.6909 0.4083 -0.5967
vn 0.4453 0.7265 -0.5234
vn 0.8440 0.5080 -0.1720
vn 0.6909 0.4082 -0.5967
vn 0.8440 0.5080 -0.1719
vn -0.0156 0.4689 -0.8831
vn 0.4624 0.3996 -0.7915
vn -0.0157 0.4689 -0.8831
vn 0.4624 0.3997 -0.7915
vn 0.3829 0.8049 -0.4533
vn 0.0781 0.8670 -0.4921
vn 0.3830 0.8049 -0.4532
vn 0.4431 0.8785 -0.1788
vn -0.4630 0.6828 -0.5651
vn -0.5071 0.3823 -0.7725
vn -0.4631 0.6828 -0.5651
vn -0.5072 0.3823 -0.7724
vn -0.0704 0.5315 -0.8441
vn -0.5071 0.3823 -0.7724
vn -0.8739 0.4604 -0.1560
vn -0.6881 0.3675 -0.6256
vn -0.6882 0.3675 -0.6256
vn -0.8739 0.4603 -0.1560
vn -0.3595 0.8283 -0.4298
vn -0.4702 0.8699 -0.1489
vn -0.3594 0.8283 -0.4298
vn -0.8739 0.4604 -0.1561
vn -0.0703 0.5315 -0.8441
vn -0.0941 0.8936 -0.4389
vn -0.3595 0.8283 -0.4297
vn -0.0940 0.8936 -0.4389
vn -0.4624 0.3997 0.7915
vn -0.4453 0.7265 0.5234
vn -0.4623 0.3997 0.7915
vn 0.0156 0.4689 0.8831
vn -0.6909 0.4082 0.5967
vn -0.8440 0.5080 0.1719
vn -0.6909 0.4083 0.5966
vn -0.4546 0.8073 0.3762
vn -0.0781 0.8670 0.4921
vn 0.0157 0.4689 0.8831
vn -0.4431 0.8785 0.1788
vn -0.3056 0.7994 0.5173
vn -0.3057 0.7994 0.5173
vn 0.6881 0.3676 0.6256
vn 0.4630 0.6828 0.5651
vn 0.6882 0.3675 0.6256
vn 0.4631 0.6828 0.5651
vn 0.6881 0.3675 0.6256
vn 0.8739 0.4604 0.1560
vn 0.8739 0.4603 0.1560
vn 0.5071 0.3823 0.7724
vn 0.5072 0.3823 0.7724
vn 0.0704 0.5315 0.8441
vn 0.3594 0.8283 0.4298
vn 0.4702 0.8699 0.1489
vn 0.8739 0.4604 0.1561
vn 0.0703 0.5315 0.8441
vn 0.0941 0.8936 0.4389
vn 0.0940 0.8936 0.4389
vn 0.3595 0.8283 0.4298
vn 0.0940 0.8936 0.4390
vn -0.9414 -0.0000 0.3373
vn -0.9207 -0.0000 0.3902
vn -0.9208 -0.0000 0.3902
vn -0.8047 -0.0000 0.5937
vn -0.2974 -0.0000 0.9548
vn 0.3967 -0.0000 -0.9179
vn -0.7187 -0.0000 -0.6953
vn -0.2881 -0.0000 -0.9576
vn -0.7981 -0.0001 -0.6025
vn -0.7631 0.0001 -0.6463
vn -0.7981 -0.0000 -0.6025
vn -0.9167 -0.0000 -0.3996
vn 0.0236 0.9997 -0.0000
vn 0.0157 0.9996 0.0236
vn 0.0158 0.9996 0.0236
vn 0.4935 0.6189 -0.6111
vn 0.4531 0.6719 -0.5859
vn 0.4936 0.6189 -0.6110
vn 0.9414 -0.0000 -0.3374
vn -0.5384 -0.0000 0.8427
vn 0.5384 -0.0000 0.8427
vn 0.1796 -0.0000 0.9837
vn 0.7809 0.6247 -0.0000
vn 0.7263 0.6404 -0.2499
vn 0.6792 0.6401 -0.3591
vn 0.6463 -0.0000 -0.7631
vn 0.7327 0.6235 0.2728
vn 0.7326 0.6235 0.2728
vn -0.5328 0.8462 -0.0000
vn -0.5171 0.8384 0.1724
vn -0.4994 0.8272 0.2575
vn 0.4469 0.6742 0.5880
vn 0.4852 0.6183 0.6183
vn -0.0236 0.9994 0.0236
vn -0.0157 0.9994 0.0315
vn 0.0158 0.9991 0.0393
vn 0.0157 0.9994 0.0315
vn 0.0157 0.9991 0.0393
vn -0.4994 0.8272 -0.2575
vn -0.5164 0.8372 -0.1799
vn -0.5164 0.8372 -0.1800
vn -0.0315 0.9994 0.0157
vn -0.0157 0.9999 -0.0000
vn -0.0158 0.9999 -0.0000
vn 0.0157 0.9991 0.0394
vn 0.6791 0.6167 0.3981
vn 0.1096 -0.0000 -0.9940
vn -0.2880 -0.0000 -0.9576
vn -0.2582 0.9623 0.0861
vn -0.2582 0.9623 0.0860
vn -0.1796 0.9837 -0.0000
vn -0.3039 0.9274 0.2182
vn -0.3039 0.9274 -0.2182
vn -0.2582 0.9623 -0.0861
vn -0.2961 0.9351 -0.1949
vn -0.2582 0.9623 -0.0860
vn -0.1796 0.9837 -0.0001
vn -0.1018 0.9945 0.0235
vn 0.3604 0.9244 -0.1253
vn -0.1019 0.9945 0.0235
vn -0.0862 0.9958 -0.0314
vn 0.2664 0.9639 -0.0000
vn 0.2491 0.9653 -0.0779
vn 0.3281 0.9374 -0.1172
vn 0.2491 0.9653 -0.0778
vn 0.7100 0.6944 -0.1170
vn 0.7264 -0.0000 -0.6873
vn 0.9207 -0.0000 -0.3902
vn 0.7670 -0.0000 -0.6417
vn 0.8047 -0.0000 -0.5937
vn 0.2974 -0.0000 -0.9548
vn -0.1018 -0.0000 -0.9948
vn -0.3967 -0.0000 0.9179
vn 0.3902 -0.0000 0.9207
vn 0.7187 -0.0000 0.6953
vn 0.2880 -0.0000 0.9576
vn 0.7631 -0.0000 0.6463
vn 0.7981 -0.0000 0.6025
vn 0.9167 -0.0000 0.3996
vn -0.4935 0.6189 0.6111
vn -0.4531 0.6719 0.5859
vn -0.9414 -0.0000 0.3374
vn -0.5237 -0.0000 -0.8519
vn -0.7915 -0.0000 -0.6112
vn -0.5236 -0.0000 -0.8519
vn -0.7809 0.6247 -0.0000
vn -0.7263 0.6404 0.2499
vn -0.6792 0.6401 0.3591
vn -0.6416 0.0157 -0.7668
vn -0.6463 -0.0000 0.7631
vn -0.7327 0.6235 -0.2728
vn 0.5328 0.8462 -0.0000
vn 0.5171 0.8384 -0.1724
vn 0.4994 0.8272 -0.2575
vn -0.4469 0.6742 -0.5880
vn -0.4852 0.6183 -0.6183
vn 0.4994 0.8272 0.2575
vn 0.5164 0.8372 0.1800
vn 0.5164 0.8372 0.1799
vn -0.6791 0.6167 -0.3981
vn -0.1096 -0.0000 0.9940
vn 0.2581 0.9623 -0.0861
vn 0.2582 0.9623 -0.0861
vn 0.1796 0.9837 -0.0000
vn 0.2582 0.9623 -0.0860
vn 0.3039 0.9274 -0.2182
vn 0.3039 0.9274 0.2182
vn 0.2582 0.9623 0.0861
vn 0.2582 0.9623 0.0860
vn 0.3209 0.9471 -0.0001
vn 0.2581 0.9623 0.0861
vn 0.0862 0.9958 0.0314
vn -0.2664 0.9639 -0.0000
vn -0.2491 0.9653 0.0779
vn -0.3281 0.9374 0.1172
vn -0.7100 0.6944 0.1170
vn -0.7264 -0.0000 0.6873
vn -0.3968 -0.0000 0.9179
vn -0.7032 -0.0000 0.7110
vn -0.6379 0.0078 -0.7701
vn -0.8663 -0.0000 0.4995
vn 0.8663 -0.0000 -0.4995
vn 0.7032 -0.0000 -0.7110
vn -0.6539 0.4904 0.5761
vn -0.4988 0.5768 0.6469
vn -0.1795 0.6555 0.7336
vn -0.1795 0.6555 0.7335
vn -0.0157 0.6501 0.7597
vn 0.1171 0.3513 0.9289
vn 0.1643 0.4380 0.8838
vn 0.2345 0.1877 0.9538
vn 0.1408 0.5865 0.7976
vn 0.1171 0.7100 0.6944
vn 0.2429 0.7052 0.6661
vn 0.1407 0.5865 0.7976
vn 0.3435 0.2186 0.9134
vn 0.2345 0.1876 0.9538
vn 0.3197 0.2261 0.9201
vn 0.2346 0.1876 0.9538
vn 0.6478 -0.5229 -0.5541
vn 0.4851 -0.6025 -0.6338
vn 0.6477 -0.5229 -0.5541
vn 0.1636 -0.6858 -0.7092
vn 0.1637 -0.6858 -0.7092
vn 0.0236 -0.6910 -0.7224
vn 0.0157 -0.6584 -0.7525
vn -0.0312 -0.8659 -0.4993
vn -0.0312 -0.8423 -0.5381
vn -0.3435 -0.2186 -0.9134
vn -0.3197 -0.2262 -0.9201
vn -0.3197 -0.2261 -0.9201
vn -0.1411 0.9875 -0.0705
vn -0.2179 0.9729 -0.0778
vn -0.6886 0.6887 -0.2269
vn -0.6887 0.6886 -0.2269
vn -0.6887 0.6887 -0.2269
vn -0.0471 0.9978 -0.0471
vn -0.1411 0.9875 -0.0706
vn -0.0471 0.9978 -0.0472
vn -0.0936 0.9904 -0.1014
vn 0.1247 -0.5377 -0.8339
vn 0.1246 -0.5378 -0.8338
vn 0.4470 -0.8940 0.0314
vn 0.1247 -0.5377 -0.8338
vn -0.2258 0.9576 -0.1790
vn -0.2258 0.9576 -0.1791
vn 0.2809 -0.9596 0.0156
vn 0.8732 -0.4834 0.0624
vn -0.2890 0.9372 -0.1953
vn -0.2890 0.9372 -0.1952
vn 0.2572 -0.9662 0.0156
vn 0.2571 -0.9662 0.0156
vn 0.8356 -0.5466 0.0547
vn -0.1644 0.9864 -0.0078
vn 0.1403 -0.9901 0.0078
vn 0.1404 -0.9901 0.0080
vn 0.5882 -0.8078 0.0392
vn -0.6321 0.2496 0.7336
vn -0.4527 0.3122 0.8352
vn -0.6321 0.2497 0.7336
vn -0.6321 0.2497 0.7335
vn -0.0783 0.3526 0.9325
vn -0.0784 0.3526 0.9325
vn 0.2885 0.3743 0.8813
vn 0.3134 0.1332 0.9402
vn 0.2886 0.3743 0.8813
vn 0.4198 0.2565 0.8706
vn 0.5760 -0.1946 0.7940
vn 0.4442 0.3818 0.8105
vn 0.4374 0.4843 0.7577
vn 0.4442 0.3819 0.8105
vn 0.4375 0.4843 0.7577
vn 0.5073 0.4994 0.7023
vn 0.5072 0.4994 0.7023
vn 0.4995 0.1639 0.8507
vn 0.4777 0.1723 0.8614
vn 0.4777 0.1723 0.8615
vn 0.5236 -0.0156 -0.8518
vn 0.3996 -0.0078 -0.9167
vn -0.2340 -0.2340 -0.9437
vn 0.0546 -0.3274 -0.9433
vn -0.3432 -0.1872 -0.9204
vn 0.0546 -0.3275 -0.9433
vn 0.1327 -0.6009 -0.7882
vn -0.4375 -0.4843 -0.7577
vn -0.5073 -0.4994 -0.7023
vn -0.4465 -0.3525 -0.8225
vn -0.4374 -0.4843 -0.7577
vn -0.2339 -0.2340 -0.9437
vn -0.4465 -0.3525 -0.8224
vn -0.5160 -0.0860 -0.8523
vn -0.5160 -0.0860 -0.8522
vn -0.5161 -0.0860 -0.8522
vn -0.3925 -0.2120 -0.8950
vn -0.2425 0.9701 0.0078
vn -0.3835 0.9235 0.0078
vn -0.8260 0.5610 -0.0546
vn -0.8260 0.5611 -0.0546
vn -0.8260 0.5610 -0.0545
vn -0.0707 0.9975 0.0079
vn -0.0707 0.9975 0.0078
vn -0.0785 0.9969 0.0078
vn -0.0785 0.9969 0.0079
vn 0.0545 -0.3274 -0.9433
vn 0.1326 -0.6009 -0.7882
vn 0.4527 -0.8352 -0.3122
vn 0.6182 -0.6417 0.4539
vn 0.5761 -0.1946 0.7939
vn -0.2498 0.9680 0.0234
vn 0.3671 -0.9294 -0.0390
vn 0.3670 -0.9294 -0.0391
vn 0.9222 -0.3751 -0.0938
vn 0.9222 -0.3752 -0.0938
vn -0.3832 0.9228 0.0391
vn 0.3206 -0.9461 -0.0469
vn 0.8929 -0.4386 -0.1018
vn -0.2185 0.9755 0.0234
vn 0.1795 -0.9835 -0.0234
vn 0.6975 -0.7131 -0.0705
vn 0.6975 -0.7131 -0.0706
vn 0.0315 0.9995 -0.0079
vn 0.6539 0.4905 -0.5761
vn 0.4988 0.5768 -0.6469
vn 0.6539 0.4904 -0.5761
vn 0.0157 0.6501 -0.7597
vn -0.1171 0.3513 -0.9289
vn -0.1642 0.4380 -0.8838
vn -0.2345 0.1876 -0.9538
vn -0.1643 0.4380 -0.8838
vn -0.1408 0.5865 -0.7976
vn -0.1171 0.7100 -0.6944
vn -0.1170 0.7100 -0.6944
vn -0.1407 0.5865 -0.7976
vn -0.2429 0.7052 -0.6661
vn -0.3435 0.2186 -0.9134
vn -0.3197 0.2261 -0.9201
vn -0.3197 0.2262 -0.9201
vn -0.6478 -0.5229 0.5541
vn -0.4851 -0.6025 0.6338
vn -0.6477 -0.5229 0.5541
vn -0.1636 -0.6858 0.7092
vn -0.1637 -0.6858 0.7092
vn -0.0236 -0.6910 0.7224
vn -0.0157 -0.6584 0.7525
vn 0.0312 -0.8659 0.4993
vn 0.0312 -0.8423 0.5381
vn 0.3435 -0.2186 0.9134
vn 0.3197 -0.2261 0.9201
vn 0.1411 0.9875 0.0705
vn 0.2179 0.9729 0.0778
vn 0.1410 0.9875 0.0705
vn 0.6887 0.6887 0.2269
vn 0.0471 0.9978 0.0471
vn 0.1411 0.9875 0.0706
vn 0.0471 0.9978 0.0472
vn 0.0936 0.9904 0.1014
vn -0.1246 -0.5377 0.8338
vn -0.1247 -0.5377 0.8338
vn -0.4470 -0.8940 -0.0314
vn 0.2258 0.9576 0.1791
vn 0.2258 0.9576 0.1790
vn -0.2809 -0.9596 -0.0156
vn -0.8732 -0.4833 -0.0624
vn -0.8732 -0.4834 -0.0624
vn 0.2890 0.9372 0.1953
vn -0.2571 -0.9662 -0.0156
vn -0.8356 -0.5467 -0.0547
vn -0.8356 -0.5466 -0.0546
vn 0.1644 0.9864 0.0078
vn -0.1403 -0.9901 -0.0078
vn -0.5882 -0.8078 -0.0392
vn -0.0236 0.9997 -0.0000
vn 0.6321 0.2497 -0.7335
vn 0.4527 0.3122 -0.8352
vn 0.6321 0.2497 -0.7336
vn 0.0784 0.3526 -0.9325
vn 0.0783 0.3526 -0.9325
vn -0.2886 0.3743 -0.8813
vn -0.3134 0.1332 -0.9402
vn -0.2885 0.3743 -0.8813
vn -0.4198 0.2565 -0.8706
vn -0.5760 -0.1946 -0.7939
vn -0.4442 0.3818 -0.8105
vn -0.4374 0.4843 -0.7577
vn -0.4442 0.3819 -0.8105
vn -0.4375 0.4843 -0.7577
vn -0.5073 0.4994 -0.7023
vn -0.4995 0.1639 -0.8507
vn -0.5760 -0.1946 -0.7940
vn -0.4777 0.1723 -0.8615
vn -0.5236 -0.0156 0.8518
vn -0.3996 -0.0078 0.9167
vn -0.0785 -0.0000 0.9969
vn 0.2340 -0.2340 0.9437
vn -0.0545 -0.3274 0.9433
vn 0.3432 -0.1872 0.9204
vn -0.0546 -0.3275 0.9433
vn -0.1327 -0.6009 0.7882
vn -0.0546 -0.3274 0.9433
vn 0.2340 -0.2339 0.9437
vn 0.4374 -0.4843 0.7577
vn 0.4465 -0.3525 0.8225
vn 0.5073 -0.4994 0.7023
vn 0.4465 -0.3525 0.8224
vn 0.5072 -0.4994 0.7023
vn 0.5160 -0.0860 0.8523
vn 0.5160 -0.0860 0.8522
vn 0.3925 -0.2120 0.8950
vn 0.2425 0.9701 -0.0078
vn 0.3835 0.9235 -0.0078
vn 0.8260 0.5610 0.0546
vn 0.8260 0.5611 0.0546
vn 0.0707 0.9975 -0.0079
vn 0.0785 0.9969 -0.0079
vn -0.4527 -0.8352 0.3122
vn -0.1326 -0.6009 0.7882
vn -0.6182 -0.6417 -0.4539
vn 0.0785 0.9969 -0.0078
vn 0.2498 0.9680 -0.0234
vn -0.3671 -0.9294 0.0390
vn -0.9222 -0.3751 0.0938
vn -0.9222 -0.3752 0.0938
vn 0.3832 0.9228 -0.0391
vn -0.3206 -0.9461 0.0469
vn -0.8929 -0.4386 0.1018
vn 0.2185 0.9755 -0.0234
vn -0.1795 -0.9835 0.0234
vn -0.6975 -0.7131 0.0705
vn -0.6975 -0.7131 0.0706
vn -0.0315 0.9995 0.0079
vn 0.9683 -0.0000 -0.2499
vn 0.9920 0.0469 0.1172
vn 0.9940 -0.0000 -0.1096
vn 0.9985 -0.0000 -0.0551
vn 0.9389 0.0078 -0.3442
vn 0.4389 0.8936 -0.0941
vn -0.0234 -0.9500 0.3115
vn 0.0390 -0.9294 0.3671
vn 0.0078 -0.9301 0.3673
vn -0.0234 -0.9739 0.2259
vn 0.0548 -0.9480 0.3134
vn 0.2490 0.9647 -0.0856
vn -0.0469 -0.9537 0.2970
vn -0.0234 -0.9500 0.3114
vn -0.6953 -0.0000 -0.7187
vn -0.3897 0.0468 -0.9197
vn -0.5937 -0.0000 -0.8047
vn -0.5474 -0.0000 -0.8368
vn -0.9065 0.0078 -0.4220
vn -0.5475 -0.0000 -0.8368
vn 0.2805 -0.9507 -0.1325
vn 0.3039 -0.9274 -0.2182
vn 0.3130 -0.9310 -0.1878
vn 0.2102 -0.9732 -0.0934
vn 0.2430 -0.9484 -0.2038
vn -0.1947 0.9658 -0.1714
vn 0.2741 -0.9554 -0.1096
vn -0.2737 -0.0000 0.9618
vn -0.6018 0.0469 0.7972
vn -0.3996 -0.0000 0.9167
vn -0.4535 -0.0000 0.8913
vn -0.3443 -0.0000 0.9389
vn 0.0863 0.0079 0.9962
vn -0.4534 -0.0000 0.8913
vn -0.2334 -0.0155 0.9723
vn -0.0235 0.9298 0.3673
vn -0.2572 -0.9510 -0.1715
vn -0.3430 -0.9276 -0.1481
vn -0.3204 -0.9301 -0.1798
vn -0.1869 -0.9734 -0.1324
vn -0.3204 -0.9301 -0.1797
vn -0.3049 -0.9461 -0.1095
vn -0.2346 -0.9538 -0.1876
vn -0.2345 -0.9538 -0.1876
vn -0.2270 -0.9707 -0.0783
vn -0.2425 -0.9701 -0.0000
vn -0.1801 -0.9711 -0.1566
vn -0.1174 -0.9704 -0.2113
vn -0.0392 -0.9712 -0.2350
vn 0.2425 -0.9701 -0.0000
vn 0.2270 -0.9707 -0.0783
vn 0.0391 -0.9712 -0.2350
vn -0.0391 -0.9712 -0.2350
vn 0.1801 -0.9711 -0.1566
vn 0.1174 -0.9704 -0.2113
vn 0.2270 -0.9707 0.0783
vn 0.1801 -0.9711 0.1566
vn 0.1174 -0.9704 0.2113
vn 0.0392 -0.9712 0.2350
vn 0.1174 -0.9703 0.2113
vn -0.2270 -0.9707 0.0783
vn -0.0391 -0.9712 0.2350
vn 0.0391 -0.9712 0.2350
vn -0.1801 -0.9711 0.1566
vn -0.1174 -0.9704 0.2113
vn -0.0392 -0.9712 0.2350
vn -0.1174 -0.9703 0.2113
vn 0.5472 0.8364 -0.0313
vn 0.4935 0.8694 -0.0235
vn 0.5145 0.8575 -0.0000
vn 0.4596 0.8881 -0.0078
vn 0.4935 0.8696 0.0157
vn 0.4936 0.8696 0.0157
vn 0.5473 0.8366 0.0235
vn 0.5473 0.8366 0.0234
vn 0.5619 0.8272 -0.0000
vn 0.3604 -0.0235 0.9325
vn 0.3605 -0.0235 0.9325
vn 0.4449 0.1561 0.8819
vn -0.2026 0.4596 -0.8647
vn -0.2025 0.4596 -0.8647
vn 0.7727 -0.4449 -0.4527
vn -0.1958 0.5796 0.7911
vn 0.5374 0.3037 -0.7867
vn 0.5374 0.3038 -0.7867
vn 0.1250 -0.0000 -0.9922
vn 0.7806 -0.4138 0.4684
vn 0.7807 -0.4138 0.4684
vn 0.8270 -0.0234 -0.5617
vn 0.8745 0.0312 0.4841
vn 0.7772 0.0392 -0.6280
vn -0.8793 0.0389 0.4747
vn -0.8208 -0.0234 -0.5707
vn -0.7260 -0.0312 0.6870
vn -0.7731 0.0468 -0.6325
vn -0.0079 0.0628 0.9980
vn -0.4469 -0.0392 0.8937
vn -0.0078 -0.0863 0.9962
vn -0.0079 0.0629 0.9980
vn -0.4621 0.0548 0.8851
vn -0.5373 0.0623 0.8411
vn -0.5374 0.0623 0.8410
vn -0.5221 -0.0779 0.8493
vn -0.4375 -0.0391 -0.8984
vn 0.0078 0.0624 -0.9980
vn 0.0078 -0.0856 -0.9963
vn -0.4528 0.0546 -0.8900
vn -0.4528 0.0546 -0.8899
vn -0.5318 0.0626 -0.8446
vn -0.7731 0.0469 -0.6326
vn -0.7731 0.0469 -0.6325
vn -0.5164 -0.0782 -0.8528
vn -0.8208 -0.0235 -0.5707
vn 0.4469 -0.0392 -0.8937
vn 0.4622 0.0548 -0.8851
vn 0.4621 0.0548 -0.8851
vn 0.5376 0.0546 -0.8414
vn 0.5376 0.0545 -0.8414
vn 0.7772 0.0393 -0.6280
vn 0.5255 -0.0784 -0.8471
vn 0.5255 -0.0784 -0.8472
vn 0.4375 -0.0391 0.8984
vn -0.0078 0.0628 0.9980
vn 0.4528 0.0547 0.8899
vn -0.0078 0.0629 0.9980
vn 0.5320 0.0548 0.8450
vn 0.5619 -0.0000 0.8272
vn 0.4935 -0.1175 0.8617
vn 0.4375 -0.0390 0.8984
vn -0.0000 0.4472 -0.8944
vn 0.6808 0.4382 -0.5869
vn 0.8515 0.4375 -0.2890
vn 0.7727 0.4449 0.4527
vn 0.8515 0.4375 -0.2891
vn -0.0000 0.4472 0.8944
vn -0.0000 0.4473 0.8944
vn -0.7755 0.4465 0.4465
vn -0.7754 0.4465 0.4465
vn -0.8474 0.4394 -0.2982
vn -0.6777 0.4362 -0.5920
vn -0.9992 -0.0000 -0.0390
vn -0.0000 1.0000 -0.0079
vn -0.0000 -1.0000 -0.0078
vn 0.9995 -0.0000 -0.0315
vn 0.9995 0.0079 -0.0315
vn -0.0000 1.0000 0.0079
vn -0.0000 -1.0000 0.0078
vn 0.9992 -0.0000 0.0393
vn 0.9992 0.0079 0.0393
vn 1.0000 -0.0000 0.0079
vn -0.9995 -0.0000 0.0313
vn 0.4600 0.7641 -0.4522
vn -0.4600 0.7641 0.4522
vn -0.3289 0.7517 -0.5716
vn 0.1562 0.7652 0.6246
vn -0.1561 0.7651 -0.6246
vn 0.6182 0.7669 0.1722
vn -0.5928 0.8035 -0.0546
vn -0.6182 0.7669 -0.1722
vn -0.5472 0.8364 0.0313
vn -0.4935 0.8695 0.0235
vn -0.5145 0.8575 -0.0000
vn -0.4596 0.8881 0.0078
vn -0.4935 0.8696 -0.0157
vn -0.4936 0.8696 -0.0157
vn -0.5473 0.8366 -0.0235
vn -0.5473 0.8366 -0.0234
vn -0.5619 0.8272 -0.0000
vn -0.3604 -0.0235 -0.9325
vn -0.4449 0.1561 -0.8819
vn 0.2115 0.4465 0.8694
vn -0.7893 -0.4142 0.4533
vn 0.2728 0.4365 -0.8574
vn -0.5375 0.3037 0.7867
vn -0.5374 0.3037 0.7867
vn -0.1250 -0.0000 0.9922
vn -0.7667 -0.4381 -0.4694
vn -0.8663 -0.0000 -0.4995
vn 0.5482 0.5795 -0.6030
vn 0.4667 0.6845 0.5600
vn 0.5401 0.5792 0.6105
vn 0.4531 0.6718 -0.5859
vn 0.4687 0.6875 -0.5547
vn 0.3603 0.9244 -0.1253
vn 0.5916 0.7861 -0.1790
vn -0.0158 0.9994 0.0315
vn 0.8663 -0.0000 0.4995
vn -0.5482 0.5795 0.6030
vn -0.4667 0.6845 -0.5600
vn -0.5401 0.5792 -0.6106
vn -0.4687 0.6875 0.5547
vn -0.2491 0.9653 0.0778
vn -0.3603 0.9244 0.1254
vn -0.3281 0.9374 0.1171
vn -0.3604 0.9244 0.1253
vn -0.6415 0.0235 -0.7667
vn 0.6417 -0.0000 0.7670
vn 0.3203 -0.3437 0.8828
vn -0.3203 0.3437 -0.8828
vn 0.1246 -0.5377 -0.8338
vn -0.0235 -0.8862 -0.4627
vn 0.0936 -0.6473 -0.7565
vn -0.3203 -0.3437 -0.8828
vn 0.3203 0.3437 0.8828
vn 0.0235 -0.8862 0.4627
vn -0.0936 -0.6473 0.7565
vt 0.525824 0.756772
vt 0.525824 0.772188
vt 0.498990 0.756772
vt 0.525824 0.787604
vt 0.498990 0.787604
vt 0.341821 0.683547
vt 0.341821 0.698963
vt 0.314987 0.683547
vt 0.341821 0.710525
vt 0.314987 0.710525
vt 0.602492 0.756772
vt 0.602492 0.772188
vt 0.575658 0.756772
vt 0.602492 0.787604
vt 0.575658 0.787604
vt 0.970498 0.475432
vt 0.970498 0.460016
vt 0.966665 0.460016
vt 0.966665 0.475432
vt 0.966665 0.668131
vt 0.970498 0.683547
vt 0.958998 0.668131
vt 0.947498 0.683547
vt 0.951331 0.668131
vt 0.970498 0.668131
vt 0.962831 0.668131
vt 0.981998 0.521680
vt 0.989665 0.529388
vt 0.943664 0.513972
vt 0.989665 0.548658
vt 0.978165 0.344397
vt 0.978165 0.352105
vt 0.962831 0.344397
vt 0.978165 0.359813
vt 0.962831 0.359813
vt 0.510490 0.756772
vt 0.537324 0.756772
vt 0.510490 0.787604
vt 0.537324 0.787604
vt 0.974331 0.460016
vt 0.974331 0.475432
vt 0.978165 0.460016
vt 0.978165 0.475432
vt 0.981998 0.460016
vt 0.981998 0.475432
vt 0.985832 0.475432
vt 0.985832 0.460016
vt 0.970498 0.525534
vt 0.962831 0.513972
vt 0.318820 0.749064
vt 0.360988 0.749064
vt 0.318820 0.783750
vt 0.360988 0.783750
vt 0.978165 0.517826
vt 0.958998 0.340543
vt 0.974331 0.340543
vt 0.958998 0.359813
vt 0.974331 0.359813
vt 0.989665 0.513972
vt 0.943664 0.548658
vt 0.947498 0.513972
vt 0.978165 0.525534
vt 0.958998 0.548658
vt 0.974331 0.540950
vt 0.985832 0.521680
vt 0.974331 0.525534
vt 0.985832 0.517826
vt 0.989665 0.544804
vt 0.955164 0.540950
vt 0.943664 0.540950
vt 0.978165 0.540950
vt 0.970498 0.548658
vt 0.955164 0.548658
vt 0.947498 0.540950
vt 0.951331 0.248048
vt 0.985832 0.248048
vt 0.951331 0.278879
vt 0.985832 0.278879
vt 0.709827 0.051495
vt 0.939831 0.012955
vt 0.656159 0.537096
vt 0.932164 0.498556
vt 0.652326 0.772188
vt 0.843996 0.984157
vt 0.322654 0.756772
vt 0.357154 0.756772
vt 0.322654 0.791458
vt 0.357154 0.791458
vt 0.123317 0.051495
vt 0.479823 0.051495
vt 0.123317 0.406061
vt 0.479823 0.406061
vt 0.127151 0.055349
vt 0.479823 0.055349
vt 0.127151 0.409915
vt 0.479823 0.409915
vt 0.947498 0.668131
vt 0.966665 0.683547
vt 0.863163 0.991865
vt 0.874663 0.945617
vt 0.981998 0.995719
vt 0.974331 0.945617
vt 0.951331 0.845414
vt 0.897663 0.845414
vt 0.981998 0.282733
vt 0.947498 0.244194
vt 0.360988 0.406061
vt 0.127151 0.406061
vt 0.951331 0.251901
vt 0.985832 0.251901
vt 0.951331 0.282733
vt 0.985832 0.282733
vt 0.974331 0.348251
vt 0.978165 0.348251
vt 0.974331 0.352105
vt 0.974331 0.344397
vt 0.970498 0.348251
vt 0.978165 0.340543
vt 0.970498 0.352105
vt 0.314987 0.756772
vt 0.314987 0.791458
vt 0.280486 0.448454
vt 0.058149 0.448454
vt 0.299653 0.020663
vt 0.012149 0.020663
vt 0.947498 0.282733
vt 0.947498 0.248048
vt 0.962831 0.248048
vt 0.955164 0.259609
vt 0.088817 0.621883
vt 0.023649 0.016809
vt 0.456823 0.621883
vt 0.472156 0.016809
vt 0.326487 0.760626
vt 0.345654 0.760626
vt 0.326487 0.795312
vt 0.345654 0.795312
vt 0.368655 0.760626
vt 0.368655 0.795312
vt 0.364821 0.756772
vt 0.364821 0.791458
vt 0.495157 0.020663
vt 0.460656 0.579490
vt 0.054316 0.579490
vt 0.245986 0.020663
vt 0.314987 0.579490
vt 0.349488 0.756772
vt 0.594825 0.020663
vt 0.602492 0.618029
vt 0.092650 0.621883
vt 0.560324 0.020663
vt 0.537324 0.452308
vt 0.395488 0.621883
vt 0.690660 0.020663
vt 0.981998 0.248048
vt 0.970498 0.248048
vt 0.958998 0.267317
vt 0.978165 0.282733
vt 0.947498 0.263463
vt 0.981998 0.255755
vt 0.322654 0.760626
vt 0.360988 0.779896
vt 0.341821 0.791458
vt 0.341821 0.760626
vt 0.360988 0.795312
vt 0.360988 0.760626
vt 0.318820 0.760626
vt 0.360988 0.768334
vt 0.318820 0.795312
vt 0.974331 0.259609
vt 0.314987 0.764480
vt 0.353321 0.776042
vt 0.360988 0.764480
vt 0.357154 0.783750
vt 0.360988 0.772188
vt 0.345654 0.779896
vt 0.353321 0.772188
vt 0.326487 0.768334
vt 0.334154 0.772188
vt 0.349488 0.760626
vt 0.345654 0.772188
vt 0.330321 0.776042
vt 0.422322 0.691255
vt 0.437656 0.683547
vt 0.426156 0.691255
vt 0.437656 0.695109
vt 0.445323 0.695109
vt 0.449156 0.683547
vt 0.456823 0.698963
vt 0.456823 0.687401
vt 0.464489 0.698963
vt 0.464489 0.695109
vt 0.464489 0.702817
vt 0.464489 0.706671
vt 0.468323 0.714379
vt 0.468323 0.706671
vt 0.468323 0.702817
vt 0.468323 0.698963
vt 0.426156 0.695109
vt 0.437656 0.687401
vt 0.433822 0.695109
vt 0.445323 0.687401
vt 0.456823 0.691255
vt 0.460656 0.695109
vt 0.464489 0.714379
vt 0.460656 0.691255
vt 0.583325 0.687401
vt 0.594825 0.683547
vt 0.587158 0.691255
vt 0.590992 0.691255
vt 0.602492 0.691255
vt 0.602492 0.687401
vt 0.610159 0.695109
vt 0.610159 0.687401
vt 0.613992 0.695109
vt 0.613992 0.691255
vt 0.613992 0.698963
vt 0.613992 0.702817
vt 0.579491 0.687401
vt 0.583325 0.691255
vt 0.590992 0.687401
vt 0.598658 0.695109
vt 0.606325 0.695109
vt 0.610159 0.691255
vt 0.610159 0.698963
vt 0.613992 0.706671
vt 0.966665 0.344397
vt 0.981998 0.352105
vt 0.958998 0.352105
vt 0.962831 0.352105
vt 0.955164 0.251901
vt 0.985832 0.275025
vt 0.989665 0.525534
vt 0.978165 0.513972
vt 0.981998 0.513972
vt 0.989665 0.517826
vt 0.962831 0.355959
vt 0.974331 0.513972
vt 0.337987 0.972595
vt 0.418489 0.829998
vt 0.529657 0.968741
vt 0.640826 0.829998
vt 0.721327 0.968741
vt 0.238319 0.760626
vt 0.276653 0.760626
vt 0.276653 0.795312
vt 0.426156 0.752918
vt 0.456823 0.752918
vt 0.456823 0.776042
vt 0.924497 0.729795
vt 0.429989 0.020663
vt 0.084983 0.016809
vt 0.353321 0.779896
vt 0.353321 0.783750
s 0
usemtl diss_00.png.001
f 1/1/1 2/2/1 3/3/1
f 4/4/1 3/3/1 2/2/1
f 3/3/1 4/4/1 5/5/1
f 6/1/1 7/2/1 8/3/1
f 9/4/1 8/3/1 7/2/1
f 8/3/1 9/4/1 10/5/1
f 11/6/2 12/7/3 13/8/2
f 14/9/4 13/8/5 12/7/3
f 13/8/2 14/9/3 15/10/6
f 16/11/7 17/12/7 18/13/7
f 19/14/7 18/13/7 17/12/7
f 18/13/7 19/14/7 20/15/7
f 21/1/1 22/2/1 23/3/1
f 24/4/1 23/3/1 22/2/1
f 23/3/1 24/4/1 25/5/1
f 26/1/8 27/2/8 28/3/8
f 29/4/1 28/3/1 27/2/1
f 28/3/1 29/4/1 30/5/1
f 31/6/9 32/7/10 33/8/9
f 34/9/10 33/8/9 32/7/10
f 33/8/11 34/9/12 35/10/13
f 36/11/7 37/12/7 38/13/7
f 39/14/7 38/13/7 37/12/7
f 38/13/7 39/14/7 40/15/7
f 41/1/1 42/2/1 43/3/1
f 44/4/1 43/3/1 42/2/1
f 43/3/1 44/4/1 45/5/1
f 46/1/1 47/2/1 48/3/1
f 49/4/1 48/3/1 47/2/1
f 48/3/1 49/4/1 50/5/1
f 51/6/14 52/7/15 53/8/14
f 54/9/15 53/8/14 52/7/15
f 53/8/14 54/9/16 55/10/17
f 56/11/7 57/12/7 58/13/7
f 59/14/7 58/13/7 57/12/7
f 58/13/7 59/14/7 60/15/7
f 61/16/18 62/17/18 63/16/18
f 64/18/18 63/16/18 62/17/18
f 63/16/18 64/18/18 65/19/18
f 66/17/19 67/17/19 68/19/19
f 69/16/19 68/19/19 67/17/19
f 68/19/20 69/16/20 70/16/19
f 71/18/21 72/18/21 73/19/21
f 74/19/21 73/19/21 72/18/21
f 75/20/22 76/21/22 77/22/23
f 78/23/24 77/22/23 76/21/22
f 77/22/23 78/23/24 79/24/24
f 80/22/25 81/25/26 82/24/22
f 83/21/26 82/24/27 81/25/26
f 82/24/27 83/21/26 84/23/22
f 85/25/28 86/21/28 87/26/29
f 88/23/30 87/26/29 86/21/28
f 87/26/29 88/23/30 89/24/30
f 90/22/31 91/25/32 92/24/33
f 93/21/34 92/24/28 91/25/34
f 92/24/28 93/21/34 94/23/28
f 95/27/1 96/28/1 97/29/1
f 98/30/1 97/29/1 96/28/1
f 99/16/35 100/17/35 101/16/35
f 102/18/35 101/16/35 100/17/35
f 101/16/35 102/18/35 103/19/35
f 104/17/36 105/17/36 106/19/36
f 107/16/36 106/19/36 105/17/36
f 106/19/36 107/16/37 108/16/37
f 109/18/38 110/18/38 111/19/38
f 112/19/38 111/19/38 110/18/38
f 113/20/39 114/21/39 115/22/40
f 116/23/41 115/22/40 114/21/39
f 115/22/40 116/23/42 117/24/42
f 118/22/43 119/25/44 120/24/39
f 121/21/45 120/24/46 119/25/45
f 120/24/39 121/21/45 122/23/39
f 123/25/47 124/21/47 125/26/48
f 126/23/49 125/26/48 124/21/47
f 125/26/48 126/23/49 127/24/49
f 128/22/50 129/25/51 130/24/47
f 131/21/52 130/24/47 129/25/53
f 130/24/47 131/21/53 132/23/47
f 133/31/54 134/32/55 135/33/56
f 136/34/55 135/33/57 134/32/55
f 135/33/57 136/34/55 137/35/58
f 138/31/59 139/32/60 140/33/61
f 141/34/62 140/33/63 139/32/60
f 140/33/64 141/34/62 142/35/64
f 143/31/65 144/32/65 145/33/66
f 146/34/67 145/33/66 144/32/68
f 145/33/66 146/34/69 147/35/70
f 148/31/71 149/32/72 150/33/73
f 151/34/72 150/33/73 149/32/72
f 150/33/73 151/34/72 152/35/74
f 153/31/75 154/32/76 155/33/77
f 156/34/76 155/33/77 154/32/76
f 155/33/77 156/34/76 157/35/78
f 158/31/79 159/32/80 160/33/81
f 161/34/82 160/33/83 159/32/80
f 160/33/83 161/34/82 162/35/83
f 163/31/84 164/32/85 165/33/86
f 166/34/87 165/33/86 164/32/88
f 165/33/86 166/34/87 167/35/89
f 168/31/90 169/32/91 170/33/92
f 171/34/91 170/33/92 169/32/91
f 170/33/92 171/34/91 172/35/93
f 173/13/94 174/11/95 175/15/94
f 176/14/95 175/15/94 174/11/95
f 177/13/95 178/11/96 179/15/95
f 180/14/96 179/15/95 178/11/96
f 181/3/1 182/1/1 183/5/1
f 184/4/1 183/5/1 182/1/1
f 185/13/97 186/11/98 187/15/97
f 188/14/98 187/15/97 186/11/98
f 189/3/1 190/1/1 191/5/1
f 192/4/1 191/5/1 190/1/1
f 193/3/1 194/1/1 195/5/1
f 196/4/1 195/5/1 194/1/1
f 197/13/99 198/11/97 199/15/99
f 200/14/97 199/15/99 198/11/97
f 201/13/98 202/11/100 203/15/98
f 204/14/100 203/15/98 202/11/100
f 205/3/1 206/1/1 207/5/1
f 208/4/1 207/5/1 206/1/1
f 209/8/101 210/6/101 211/10/102
f 212/9/102 211/10/102 210/6/101
f 213/8/103 214/6/104 215/10/103
f 216/9/104 215/10/103 214/6/104
f 217/8/105 218/6/106 219/10/105
f 220/9/106 219/10/105 218/6/106
f 213/8/103 221/6/103 222/10/107
f 223/9/107 222/10/107 221/6/103
f 224/13/108 225/11/94 226/15/108
f 227/14/94 226/15/108 225/11/94
f 228/13/109 229/11/110 230/15/109
f 231/14/110 230/15/111 229/11/110
f 232/13/112 233/11/113 234/15/112
f 235/14/113 234/15/112 233/11/113
f 236/8/105 237/6/114 238/10/105
f 239/9/115 238/10/105 237/6/114
f 240/8/116 241/6/117 242/10/116
f 243/9/117 242/10/116 241/6/117
f 244/8/107 210/6/101 222/10/107
f 245/9/101 222/10/107 210/6/101
f 246/8/116 247/6/118 248/10/116
f 249/9/118 248/10/116 247/6/118
f 250/8/117 251/6/119 252/10/117
f 253/9/120 252/10/117 251/6/119
f 254/8/121 255/6/122 256/10/121
f 257/9/122 256/10/121 255/6/122
f 258/8/123 259/6/124 260/10/123
f 261/9/124 260/10/123 259/6/124
f 262/13/125 263/11/126 264/15/127
f 265/14/126 264/15/127 263/11/126
f 266/8/128 267/6/3 268/10/125
f 269/9/4 268/10/125 267/6/4
f 270/36/129 271/37/130 272/38/129
f 273/39/131 272/38/129 271/37/130
f 274/13/132 275/11/132 276/15/132
f 277/14/132 276/15/132 275/11/132
f 278/36/133 279/37/134 280/38/133
f 281/39/134 280/38/133 279/37/134
f 282/36/135 283/37/129 284/38/135
f 285/39/129 284/38/135 283/37/129
f 286/36/136 287/37/135 288/38/136
f 289/39/135 288/38/136 287/37/135
f 290/36/134 291/37/136 292/38/137
f 293/39/136 292/38/138 291/37/136
f 294/13/139 295/11/139 296/15/140
f 297/14/141 296/15/141 295/11/139
f 298/13/142 299/11/142 300/15/143
f 301/14/143 300/15/143 299/11/142
f 302/36/144 303/37/145 304/38/144
f 305/39/145 304/38/144 303/37/145
f 306/36/146 307/37/144 308/38/146
f 309/39/144 308/38/146 307/37/144
f 310/36/145 311/37/147 312/38/145
f 313/39/147 312/38/148 311/37/147
f 314/36/149 315/37/146 316/38/150
f 317/39/146 316/38/150 315/37/146
f 318/13/151 319/11/151 320/15/139
f 321/14/139 320/15/139 319/11/151
f 322/13/152 323/11/152 324/15/142
f 325/14/142 324/15/142 323/11/152
f 326/8/153 327/6/153 328/10/154
f 329/9/154 328/10/154 327/6/153
f 330/36/155 331/37/156 332/38/157
f 333/39/158 332/38/159 331/37/156
f 334/13/7 335/11/7 336/15/7
f 337/14/7 336/15/7 335/11/7
f 338/36/160 339/37/161 340/38/160
f 341/39/162 340/38/160 339/37/162
f 342/36/161 343/37/163 344/38/161
f 345/39/164 344/38/162 343/37/164
f 346/13/7 347/11/7 348/15/7
f 349/14/7 348/15/7 347/11/7
f 350/36/165 351/37/160 352/38/166
f 353/39/160 352/38/166 351/37/160
f 354/36/167 355/37/168 356/38/167
f 357/39/168 356/38/167 355/37/168
f 358/36/163 359/37/167 360/38/163
f 361/39/169 360/38/163 359/37/169
f 362/13/170 363/11/170 364/15/170
f 365/14/170 364/15/170 363/11/170
f 366/8/171 367/6/171 368/10/2
f 369/9/2 368/10/2 367/6/171
f 370/36/168 371/37/157 372/38/168
f 373/39/172 372/38/168 371/37/159
f 374/36/159 375/37/158 376/38/173
f 377/39/174 376/38/173 375/37/175
f 378/36/176 379/37/155 380/38/177
f 381/39/159 380/38/178 379/37/155
f 382/36/147 383/37/131 384/38/147
f 385/39/178 384/38/147 383/37/179
f 386/13/180 387/11/181 388/15/182
f 389/14/181 388/15/182 387/11/181
f 390/13/183 391/11/183 392/15/183
f 393/14/183 392/15/183 391/11/183
f 394/13/7 395/11/7 396/15/7
f 397/14/7 396/15/7 395/11/7
f 398/13/184 399/11/180 400/15/184
f 401/14/185 400/15/184 399/11/180
f 402/13/7 403/11/7 404/15/7
f 405/14/7 404/15/7 403/11/7
f 406/13/126 263/11/126 230/15/109
f 407/14/109 230/15/109 263/11/126
f 314/36/186 408/37/150 409/38/165
f 410/39/187 409/38/165 408/37/150
f 258/8/123 411/6/123 412/10/188
f 413/9/188 412/10/188 411/6/189
f 414/13/7 415/11/7 416/15/7
f 417/14/7 416/15/7 415/11/7
f 418/13/190 419/11/190 420/15/190
f 421/14/190 420/15/190 419/11/190
f 422/36/1 423/37/186 424/38/1
f 425/39/191 424/38/1 423/37/149
f 426/13/7 427/11/7 428/15/7
f 429/14/7 428/15/7 427/11/7
f 350/36/191 430/37/166 431/38/192
f 432/39/193 431/38/194 430/37/195
f 254/8/121 433/6/121 434/10/196
f 435/9/196 434/10/196 433/6/121
f 436/13/7 437/11/7 438/15/7
f 439/14/7 438/15/7 437/11/7
f 440/13/197 441/11/197 442/15/197
f 443/14/197 442/15/197 441/11/198
f 444/36/1 445/37/191 446/38/1
f 447/39/194 446/38/1 445/37/165
f 448/13/199 449/11/200 450/15/199
f 451/14/200 450/15/199 449/11/200
f 452/13/201 453/11/202 454/15/201
f 455/14/202 454/15/200 453/11/202
f 456/3/1 457/1/1 458/5/1
f 459/4/1 458/5/1 457/1/1
f 460/13/112 461/11/203 462/15/112
f 463/14/203 462/15/112 461/11/203
f 464/3/1 465/1/1 466/5/1
f 467/4/1 466/5/1 465/1/1
f 468/3/1 469/1/1 470/5/1
f 471/4/1 470/5/1 469/1/1
f 472/13/204 473/11/112 474/15/204
f 475/14/112 474/15/204 473/11/112
f 476/13/128 477/11/205 478/15/128
f 479/14/205 478/15/128 477/11/205
f 480/3/1 481/1/1 482/5/1
f 483/4/1 482/5/1 481/1/1
f 484/8/206 485/6/206 486/10/207
f 487/9/207 486/10/207 485/6/206
f 488/8/208 489/6/209 490/10/208
f 491/9/209 490/10/208 489/6/209
f 492/8/210 493/6/211 494/10/210
f 495/9/211 494/10/210 493/6/211
f 488/8/208 496/6/208 497/10/212
f 498/9/213 497/10/213 496/6/208
f 499/13/100 500/11/199 501/15/100
f 502/14/199 501/15/100 500/11/199
f 503/13/214 504/11/215 505/15/214
f 506/14/215 505/15/214 504/11/215
f 507/13/216 508/11/217 509/15/216
f 510/14/217 509/15/216 508/11/217
f 511/8/210 512/6/218 513/10/210
f 514/9/219 513/10/210 512/6/218
f 515/8/220 516/6/221 517/10/220
f 518/9/221 517/10/220 516/6/221
f 519/8/213 485/6/206 497/10/213
f 520/9/206 497/10/213 485/6/206
f 521/8/220 522/6/222 523/10/220
f 524/9/222 523/10/220 522/6/222
f 525/8/223 526/6/224 527/10/223
f 528/9/225 527/10/223 526/6/224
f 529/8/226 530/6/211 531/10/226
f 532/9/211 531/10/226 530/6/211
f 533/8/227 534/6/222 535/10/227
f 536/9/222 535/10/227 534/6/222
f 537/13/228 538/11/229 539/15/230
f 540/14/229 539/15/230 538/11/229
f 541/8/231 542/6/10 543/10/228
f 544/9/10 543/10/228 542/6/10
f 545/36/232 546/37/233 547/38/232
f 548/39/234 547/38/235 546/37/236
f 549/13/237 550/11/237 551/15/237
f 552/14/237 551/15/237 550/11/237
f 553/36/238 554/37/239 555/38/238
f 556/39/240 555/38/241 554/37/240
f 557/36/242 558/37/235 559/38/242
f 560/39/235 559/38/242 558/37/235
f 561/36/243 562/37/242 563/38/243
f 564/39/242 563/38/243 562/37/242
f 565/36/240 566/37/243 567/38/240
f 568/39/243 567/38/240 566/37/243
f 569/13/244 570/11/244 571/15/245
f 572/14/245 571/15/245 570/11/244
f 573/13/246 574/11/246 575/15/247
f 576/14/247 575/15/247 574/11/246
f 577/36/248 578/37/249 579/38/248
f 580/39/249 579/38/248 578/37/249
f 581/36/250 582/37/248 583/38/250
f 584/39/248 583/38/250 582/37/248
f 585/36/251 586/37/252 587/38/249
f 588/39/253 587/38/249 586/37/253
f 589/36/254 590/37/250 591/38/255
f 592/39/250 591/38/256 590/37/250
f 593/13/257 594/11/257 595/15/244
f 596/14/244 595/15/244 594/11/257
f 597/13/190 598/11/190 599/15/246
f 600/14/246 599/15/246 598/11/190
f 601/8/258 602/6/258 603/10/259
f 604/9/259 603/10/259 602/6/258
f 605/36/260 606/37/261 607/38/262
f 608/39/263 607/38/262 606/37/261
f 609/13/7 610/11/7 611/15/7
f 612/14/7 611/15/7 610/11/7
f 613/36/264 614/37/265 615/38/264
f 616/39/265 615/38/264 614/37/265
f 617/36/265 618/37/266 619/38/267
f 620/39/266 619/38/265 618/37/266
f 621/13/7 622/11/7 623/15/7
f 624/14/7 623/15/7 622/11/7
f 625/36/268 626/37/269 627/38/270
f 628/39/264 627/38/270 626/37/264
f 629/36/271 630/37/272 631/38/271
f 632/39/272 631/38/271 630/37/273
f 633/36/266 634/37/271 635/38/266
f 636/39/271 635/38/266 634/37/271
f 637/13/274 638/11/274 639/15/274
f 640/14/274 639/15/274 638/11/274
f 641/8/259 642/6/259 643/10/11
f 644/9/11 643/10/11 642/6/259
f 645/36/272 646/37/262 647/38/273
f 648/39/275 647/38/273 646/37/276
f 649/36/262 650/37/277 651/38/275
f 652/39/278 651/38/275 650/37/279
f 653/36/280 654/37/281 655/38/282
f 656/39/262 655/38/282 654/37/260
f 657/36/253 658/37/234 659/38/253
f 660/39/283 659/38/253 658/37/234
f 661/13/284 662/11/285 663/15/286
f 664/14/285 663/15/287 662/11/285
f 665/13/288 666/11/288 667/15/288
f 668/14/288 667/15/288 666/11/288
f 669/13/7 670/11/7 671/15/7
f 672/14/7 671/15/7 670/11/7
f 673/13/289 674/11/284 675/15/289
f 676/14/290 675/15/289 674/11/284
f 677/13/7 678/11/7 679/15/7
f 680/14/7 679/15/7 678/11/7
f 681/13/229 538/11/229 505/15/214
f 682/14/214 505/15/214 538/11/229
f 589/36/254 683/37/255 684/38/268
f 685/39/291 684/38/268 683/37/256
f 533/8/227 686/6/227 687/10/292
f 688/9/292 687/10/292 686/6/227
f 689/13/7 690/11/7 691/15/7
f 692/14/7 691/15/7 690/11/7
f 693/13/293 694/11/293 695/15/293
f 696/14/293 695/15/293 694/11/293
f 697/36/1 698/37/254 699/38/1
f 700/39/294 699/38/1 698/37/254
f 701/13/7 702/11/7 703/15/7
f 704/14/7 703/15/7 702/11/7
f 625/36/294 705/37/295 706/38/296
f 707/39/297 706/38/296 705/37/298
f 529/8/226 708/6/226 709/10/299
f 710/9/299 709/10/299 708/6/226
f 711/13/7 712/11/7 713/15/7
f 714/14/7 713/15/7 712/11/7
f 715/13/300 716/11/300 717/15/300
f 718/14/300 717/15/300 716/11/300
f 719/36/1 720/37/294 721/38/1
f 722/39/296 721/38/1 720/37/294
f 723/13/301 724/11/302 725/15/301
f 726/14/302 725/15/301 724/11/302
f 727/13/302 728/11/303 729/15/302
f 730/14/303 729/15/302 728/11/303
f 731/3/1 732/1/1 733/5/1
f 734/4/1 733/5/1 732/1/1
f 735/13/216 736/11/231 737/15/216
f 738/14/231 737/15/216 736/11/231
f 739/3/1 740/1/1 741/5/1
f 742/4/1 741/5/1 740/1/1
f 743/3/1 744/1/1 745/5/1
f 746/4/1 745/5/1 744/1/1
f 747/13/303 748/11/216 749/15/303
f 750/14/216 749/15/303 748/11/216
f 751/13/231 752/11/304 753/15/231
f 754/14/304 753/15/231 752/11/304
f 755/3/1 756/1/1 757/5/1
f 758/4/1 757/5/1 756/1/1
f 759/8/305 760/6/305 761/10/306
f 762/9/306 761/10/306 760/6/305
f 763/8/307 764/6/308 765/10/307
f 766/9/308 765/10/307 764/6/308
f 767/8/309 768/6/310 769/10/309
f 770/9/310 769/10/309 768/6/310
f 763/8/307 771/6/307 772/10/311
f 773/9/311 772/10/311 771/6/307
f 774/13/205 775/11/301 776/15/205
f 777/14/301 776/15/205 775/11/301
f 778/13/312 779/11/313 780/15/312
f 781/14/313 780/15/312 779/11/313
f 782/13/97 783/11/314 784/15/97
f 785/14/314 784/15/97 783/11/314
f 786/8/309 787/6/315 788/10/309
f 789/9/316 788/10/309 787/6/315
f 790/8/317 791/6/318 792/10/317
f 793/9/318 792/10/317 791/6/318
f 794/8/319 760/6/320 772/10/319
f 795/9/320 772/10/319 760/6/320
f 796/8/317 797/6/321 798/10/317
f 799/9/321 798/10/317 797/6/321
f 800/8/318 801/6/322 802/10/318
f 803/9/323 802/10/318 801/6/324
f 804/8/325 805/6/326 806/10/325
f 807/9/326 806/10/325 805/6/326
f 808/8/327 809/6/321 810/10/327
f 811/9/321 810/10/327 809/6/321
f 812/13/328 813/11/329 814/15/330
f 815/14/329 814/15/330 813/11/329
f 816/8/98 817/6/15 818/10/328
f 819/9/15 818/10/328 817/6/331
f 820/36/332 821/37/333 822/38/332
f 823/39/334 822/38/332 821/37/333
f 824/13/335 825/11/335 826/15/335
f 827/14/335 826/15/335 825/11/335
f 828/36/336 829/37/337 830/38/336
f 831/39/337 830/38/336 829/37/337
f 832/36/338 833/37/339 834/38/338
f 835/39/332 834/38/338 833/37/332
f 836/36/340 837/37/338 838/38/340
f 839/39/338 838/38/340 837/37/338
f 840/36/337 841/37/340 842/38/337
f 843/39/340 842/38/337 841/37/340
f 844/13/341 845/11/341 846/15/342
f 847/14/342 846/15/342 845/11/341
f 848/13/343 849/11/343 850/15/344
f 851/14/344 850/15/344 849/11/343
f 852/36/345 853/37/346 854/38/347
f 855/39/346 854/38/348 853/37/346
f 856/36/349 857/37/350 858/38/349
f 859/39/345 858/38/349 857/37/345
f 860/36/351 861/37/352 862/38/351
f 863/39/353 862/38/351 861/37/353
f 864/36/354 865/37/349 866/38/355
f 867/39/349 866/38/355 865/37/356
f 868/13/357 869/11/357 870/15/341
f 871/14/341 870/15/341 869/11/357
f 872/13/293 873/11/293 874/15/358
f 875/14/343 874/15/343 873/11/293
f 876/8/359 877/6/359 878/10/360
f 879/9/360 878/10/360 877/6/359
f 880/36/361 881/37/362 882/38/363
f 883/39/364 882/38/365 881/37/362
f 884/13/7 885/11/7 886/15/7
f 887/14/7 886/15/7 885/11/7
f 888/36/366 889/37/367 890/38/368
f 891/39/369 890/38/366 889/37/369
f 892/36/367 893/37/370 894/38/367
f 895/39/370 894/38/367 893/37/370
f 896/13/7 897/11/7 898/15/7
f 899/14/7 898/15/7 897/11/7
f 900/36/371 901/37/368 902/38/372
f 903/39/366 902/38/373 901/37/366
f 904/36/374 905/37/375 906/38/374
f 907/39/375 906/38/374 905/37/375
f 908/36/370 909/37/374 910/38/370
f 911/39/374 910/38/376 909/37/374
f 912/13/377 913/11/377 914/15/377
f 915/14/377 914/15/377 913/11/377
f 916/8/360 917/6/360 918/10/14
f 919/9/14 918/10/14 917/6/360
f 920/36/375 921/37/363 922/38/375
f 923/39/378 922/38/375 921/37/363
f 924/36/365 925/37/364 926/38/379
f 927/39/380 926/38/381 925/37/382
f 928/36/383 929/37/361 930/38/384
f 931/39/363 930/38/384 929/37/361
f 932/36/353 933/37/385 934/38/353
f 935/39/384 934/38/352 933/37/386
f 936/13/387 937/11/388 938/15/389
f 939/14/390 938/15/389 937/11/390
f 940/13/391 941/11/391 942/15/391
f 943/14/391 942/15/391 941/11/391
f 944/13/7 945/11/7 946/15/7
f 947/14/7 946/15/7 945/11/7
f 948/13/392 949/11/387 950/15/393
f 951/14/394 950/15/393 949/11/387
f 952/13/7 953/11/7 954/15/7
f 955/14/7 954/15/7 953/11/7
f 956/13/329 813/11/329 780/15/312
f 957/14/312 780/15/312 813/11/329
f 864/36/395 958/37/355 959/38/371
f 960/39/396 959/38/371 958/37/397
f 808/8/327 961/6/327 962/10/398
f 963/9/398 962/10/398 961/6/399
f 964/13/7 965/11/7 966/15/7
f 967/14/7 966/15/7 965/11/7
f 968/13/400 969/11/400 970/15/400
f 971/14/400 970/15/400 969/11/400
f 972/36/1 973/37/395 974/38/1
f 975/39/371 974/38/1 973/37/354
f 976/13/7 977/11/7 978/15/7
f 979/14/7 978/15/7 977/11/7
f 900/36/371 980/37/373 981/38/401
f 982/39/402 981/38/401 980/37/373
f 804/8/403 983/6/403 984/10/404
f 985/9/404 984/10/404 983/6/403
f 986/13/7 987/11/7 988/15/7
f 989/14/7 988/15/7 987/11/7
f 990/13/405 991/11/405 992/15/405
f 993/14/405 992/15/405 991/11/405
f 994/36/1 995/37/371 996/38/1
f 997/39/401 996/38/1 995/37/371
f 998/40/406 999/41/406 1000/42/406
f 1001/43/406 1000/42/406 999/41/406
f 1002/42/407 1003/43/407 1004/44/407
f 1005/45/407 1004/44/407 1003/43/407
f 1006/17/228 1007/16/228 1008/40/228
f 1009/41/228 1008/40/228 1007/16/228
f 1010/46/408 1011/47/408 1012/45/408
f 1013/44/408 1012/45/408 1011/47/408
f 1014/19/409 1015/18/409 1016/19/409
f 1017/18/409 1016/19/409 1015/18/409
f 1018/48/1 1019/30/1 1020/49/1
f 1021/29/1 1020/49/1 1019/30/1
f 1022/50/94 1023/51/108 1024/52/94
f 1025/53/108 1024/52/94 1023/51/108
f 1026/28/1 1027/30/1 1028/54/1
f 1029/29/1 1028/54/1 1027/30/1
f 1030/55/7 1031/56/7 1032/57/7
f 1033/58/7 1032/57/7 1031/56/7
f 1034/50/304 1035/51/231 1036/52/304
f 1037/53/231 1036/52/304 1035/51/231
f 1038/29/7 1039/59/7 1040/60/7
f 1041/30/7 1040/60/7 1039/59/7
f 1042/40/410 1043/41/410 1044/17/410
f 1045/16/410 1044/17/410 1043/41/410
f 1046/42/38 1047/43/38 1048/40/38
f 1049/41/38 1048/40/38 1047/43/38
f 1050/24/411 1051/25/412 1052/23/411
f 1053/21/412 1052/23/411 1051/25/412
f 1054/55/7 1055/56/7 1056/57/7
f 1057/58/7 1056/57/7 1055/56/7
f 1058/50/231 1059/51/216 1060/52/231
f 1061/53/216 1060/52/231 1059/51/216
f 1062/29/7 1063/59/7 1064/60/7
f 1065/30/7 1064/60/7 1063/59/7
f 97/29/1 1066/61/1 95/27/1
f 1067/62/1 95/27/1 1066/61/1
f 1068/42/413 1069/44/413 1070/43/413
f 1071/45/413 1070/43/413 1069/44/413
f 1072/24/412 1073/25/414 1074/23/412
f 1075/21/414 1074/23/412 1073/25/414
f 1076/55/7 1077/56/7 1078/57/7
f 1079/58/7 1078/57/7 1077/56/7
f 1080/50/216 1081/51/303 1082/52/216
f 1083/53/303 1082/52/216 1081/51/303
f 1084/50/128 1085/51/112 1086/52/128
f 1087/53/112 1086/52/128 1085/51/112
f 1088/63/7 1089/29/7 1090/64/7
f 1091/45/415 1092/44/415 1093/46/415
f 1094/47/416 1093/46/416 1092/44/416
f 1095/55/7 1096/56/7 1097/57/7
f 1098/58/7 1097/57/7 1096/56/7
f 1099/50/303 1100/51/302 1101/52/303
f 1102/53/302 1101/52/303 1100/51/302
f 1103/50/205 1104/51/128 1105/52/205
f 1106/53/128 1105/52/205 1104/51/128
f 1107/55/7 1108/56/7 1109/57/7
f 1110/58/7 1109/57/7 1108/56/7
f 1111/55/7 1112/56/7 1113/57/7
f 1114/58/7 1113/57/7 1112/56/7
f 1115/50/302 1116/51/301 1117/52/302
f 1118/53/301 1117/52/302 1116/51/301
f 1119/50/301 1120/51/205 1121/52/301
f 1122/53/205 1121/52/301 1120/51/205
f 1123/55/7 1124/56/7 1125/57/7
f 1126/58/7 1125/57/7 1124/56/7
f 1127/24/417 1128/25/418 1129/23/417
f 1130/21/418 1129/23/417 1128/25/418
f 1131/29/7 1132/59/7 1133/60/7
f 1134/30/7 1133/60/7 1132/59/7
f 1135/29/7 1136/59/7 1137/60/7
f 1138/30/7 1137/60/7 1136/59/7
f 1139/24/26 1140/25/30 1141/23/26
f 1142/21/30 1141/23/26 1140/25/30
f 1143/55/7 1144/56/7 1145/57/7
f 1146/58/7 1145/57/7 1144/56/7
f 1147/55/7 1148/56/7 1149/57/7
f 1150/58/7 1149/57/7 1148/56/7
f 1151/24/34 1152/25/417 1153/23/34
f 1154/21/417 1153/23/34 1152/25/417
f 1155/29/7 1156/59/7 1157/60/7
f 1158/30/7 1157/60/7 1156/59/7
f 1066/61/1 1159/59/1 1067/62/1
f 1160/29/1 1159/59/1 1161/30/1
f 1162/30/1 1161/30/1 1159/59/1
f 1163/65/1 1067/62/1 1159/59/1
f 1164/49/1 1165/66/1 1166/29/1
f 1167/30/1 1166/29/1 1165/66/1
f 1019/30/1 1168/54/1 1159/59/1
f 1018/48/1 1168/54/1 1019/30/1
f 1169/67/1 1159/59/1 1168/54/1
f 1089/29/7 1170/59/7 1090/64/7
f 1171/68/7 1090/64/7 1170/59/7
f 1172/67/7 1173/69/7 1174/29/7
f 1175/70/7 1174/29/7 1173/69/7
f 1176/71/7 1177/72/7 1178/59/7
f 1179/29/7 1178/59/7 1177/72/7
f 1180/73/7 1181/74/7 1182/59/7
f 1183/29/7 1182/59/7 1181/74/7
f 1184/40/409 1185/41/409 1186/42/409
f 1187/43/409 1186/42/409 1185/41/409
f 1188/42/419 1189/43/419 1190/44/419
f 1191/45/419 1190/44/419 1189/43/419
f 1192/17/420 1193/16/420 1194/40/420
f 1195/41/420 1194/40/420 1193/16/420
f 1196/46/421 1197/47/421 1198/45/421
f 1199/44/422 1198/45/421 1197/47/421
f 1200/19/406 1201/18/406 1202/19/406
f 1203/18/406 1202/19/406 1201/18/406
f 1204/48/1 1205/30/1 1206/49/1
f 1207/29/1 1206/49/1 1205/30/1
f 1208/50/112 1209/51/202 1210/52/112
f 1211/53/202 1210/52/112 1209/51/202
f 1212/28/1 1213/30/1 1214/54/1
f 1215/29/1 1214/54/1 1213/30/1
f 1216/55/7 1217/56/7 1218/57/7
f 1219/58/7 1218/57/7 1217/56/7
f 1220/50/202 1221/51/200 1222/52/202
f 1223/53/200 1222/52/202 1221/51/200
f 1224/29/7 1225/59/7 1226/60/7
f 1227/30/7 1226/60/7 1225/59/7
f 1228/40/423 1229/41/423 1230/17/423
f 1231/16/423 1230/17/423 1229/41/423
f 1232/42/21 1233/43/21 1234/40/21
f 1235/41/21 1234/40/21 1233/43/21
f 1236/24/418 1237/25/424 1238/23/418
f 1239/21/424 1238/23/418 1237/25/424
f 1240/55/7 1241/56/7 1242/57/7
f 1243/58/7 1242/57/7 1241/56/7
f 1244/50/200 1245/51/199 1246/52/200
f 1247/53/199 1246/52/200 1245/51/199
f 1248/29/7 1249/59/7 1250/60/7
f 1251/30/7 1250/60/7 1249/59/7
f 1252/42/425 1253/44/425 1254/43/425
f 1255/45/426 1254/43/426 1253/44/426
f 1256/24/424 1257/25/42 1258/23/424
f 1259/21/42 1258/23/424 1257/25/41
f 1260/55/7 1261/56/7 1262/57/7
f 1263/58/7 1262/57/7 1261/56/7
f 1264/50/427 1265/51/100 1266/52/199
f 1267/53/100 1266/52/199 1265/51/100
f 1268/50/95 1269/51/94 1270/52/95
f 1271/53/94 1270/52/95 1269/51/94
f 1272/63/7 1273/29/7 1274/64/7
f 1275/45/428 1276/44/429 1277/46/429
f 1278/47/429 1277/46/429 1276/44/429
f 1279/55/7 1280/56/7 1281/57/7
f 1282/58/7 1281/57/7 1280/56/7
f 1283/50/100 1284/51/98 1285/52/100
f 1286/53/98 1285/52/100 1284/51/98
f 1287/50/99 1288/51/430 1289/52/99
f 1290/53/430 1289/52/99 1288/51/430
f 1291/55/7 1292/56/7 1293/57/7
f 1294/58/7 1293/57/7 1292/56/7
f 1295/55/7 1296/56/7 1297/57/7
f 1298/58/7 1297/57/7 1296/56/7
f 1299/50/98 1300/51/97 1301/52/98
f 1302/53/97 1301/52/98 1300/51/97
f 1303/50/97 1304/51/99 1305/52/97
f 1306/53/99 1305/52/97 1304/51/99
f 1307/55/7 1308/56/7 1309/57/7
f 1310/58/7 1309/57/7 1308/56/7
f 1311/24/431 1312/25/411 1313/23/431
f 1314/21/411 1313/23/431 1312/25/411
f 1315/29/7 1316/59/7 1317/60/7
f 1318/30/7 1317/60/7 1316/59/7
f 1319/29/7 1320/59/7 1321/60/7
f 1322/30/7 1321/60/7 1320/59/7
f 1323/24/45 1324/25/49 1325/23/45
f 1326/21/49 1325/23/45 1324/25/49
f 1327/55/7 1328/56/7 1329/57/7
f 1330/58/7 1329/57/7 1328/56/7
f 1331/55/7 1332/56/7 1333/57/7
f 1334/58/7 1333/57/7 1332/56/7
f 1335/24/53 1336/25/431 1337/23/53
f 1338/21/431 1337/23/52 1336/25/431
f 1339/29/7 1340/59/7 1341/60/7
f 1342/30/7 1341/60/7 1340/59/7
f 1343/29/1 1344/27/1 1345/30/1
f 1346/28/1 1345/30/1 1344/27/1
f 1347/65/1 1348/62/1 1159/59/1
f 1343/29/1 1159/59/1 1348/62/1
f 1348/62/1 1344/27/1 1343/29/1
f 1349/49/1 1350/66/1 1351/29/1
f 1352/30/1 1351/29/1 1350/66/1
f 1205/30/1 1353/54/1 1159/59/1
f 1204/48/1 1353/54/1 1205/30/1
f 1354/67/1 1159/59/1 1353/54/1
f 1355/68/7 1274/64/7 1356/59/7
f 1273/29/7 1356/59/7 1274/64/7
f 1357/67/7 1358/69/7 1359/29/7
f 1360/70/7 1359/29/7 1358/69/7
f 1361/71/7 1362/72/7 1363/59/7
f 1364/29/7 1363/59/7 1362/72/7
f 1365/73/7 1366/74/7 1367/59/7
f 1368/29/7 1367/59/7 1366/74/7
f 1369/75/432 1370/76/432 1371/77/432
f 1372/78/433 1371/77/433 1370/76/434
f 1373/33/435 1374/31/435 1375/35/435
f 1376/34/435 1375/35/435 1374/31/435
f 1377/33/436 1378/31/436 1379/35/436
f 1380/34/436 1379/35/436 1378/31/436
f 1381/75/437 1382/76/437 1383/77/438
f 1384/78/437 1383/77/437 1382/76/437
f 1385/33/439 1386/31/439 1387/35/439
f 1388/34/439 1387/35/439 1386/31/439
f 1389/33/440 1390/31/440 1391/35/440
f 1392/34/440 1391/35/440 1390/31/440
f 1393/33/441 1394/31/441 1395/35/441
f 1396/34/441 1395/35/441 1394/31/441
f 1397/33/442 1398/31/443 1399/35/444
f 1400/34/445 1399/35/444 1398/31/443
f 1401/33/446 1402/31/446 1403/35/447
f 1404/34/447 1403/35/446 1402/31/447
f 1405/33/448 1406/31/448 1407/35/448
f 1408/34/448 1407/35/448 1406/31/448
f 1409/33/449 1410/31/450 1411/35/449
f 1412/34/451 1411/35/449 1410/31/452
f 1413/33/453 1414/31/453 1415/35/453
f 1416/34/454 1415/35/454 1414/31/454
f 1417/33/455 1418/31/455 1419/35/455
f 1420/34/455 1419/35/455 1418/31/455
f 1397/33/456 1421/31/444 1422/35/457
f 1423/34/458 1422/35/457 1421/31/444
f 1424/33/459 1425/31/460 1426/35/459
f 1427/34/459 1426/35/459 1425/31/459
f 1428/33/461 1429/31/461 1430/35/461
f 1431/34/461 1430/35/461 1429/31/461
f 1432/33/462 1433/31/462 1434/35/463
f 1435/34/462 1434/35/462 1433/31/463
f 1436/33/445 1398/31/445 1437/35/464
f 1438/34/464 1437/35/464 1398/31/465
f 1439/33/466 1440/31/466 1441/35/466
f 1442/34/466 1441/35/466 1440/31/466
f 1409/33/449 1443/31/449 1444/35/467
f 1445/34/467 1444/35/467 1443/31/449
f 1446/33/468 1447/31/469 1448/35/468
f 1449/34/468 1448/35/468 1447/31/468
f 1450/33/470 1451/31/470 1452/35/470
f 1453/34/470 1452/35/470 1451/31/470
f 1454/33/471 1455/31/471 1456/35/472
f 1457/34/472 1456/35/472 1455/31/472
f 1458/33/451 1410/31/473 1459/35/474
f 1460/34/475 1459/35/476 1410/31/450
f 1461/33/477 1462/31/478 1463/35/479
f 1464/34/477 1463/35/477 1462/31/477
f 1465/33/480 1466/31/480 1467/35/480
f 1468/34/481 1467/35/480 1466/31/481
f 1469/33/458 1421/31/444 1470/35/482
f 1471/34/483 1470/35/483 1421/31/444
f 1472/33/484 1473/31/485 1474/35/485
f 1475/34/485 1474/35/485 1473/31/485
f 1458/33/486 1476/31/474 1477/35/487
f 1478/34/487 1477/35/487 1476/31/474
f 1479/33/488 1480/31/488 1481/35/488
f 1482/34/488 1481/35/488 1480/31/488
f 1483/75/489 1484/76/489 1485/77/489
f 1486/78/489 1485/77/489 1484/76/489
f 1487/79/490 1488/80/490 1489/81/491
f 1490/82/491 1489/81/491 1488/80/490
f 1491/75/492 1492/76/492 1493/77/492
f 1494/78/493 1493/77/492 1492/76/492
f 1495/75/494 1496/76/495 1497/77/494
f 1498/78/496 1497/77/497 1496/76/497
f 1499/80/498 1500/79/498 1501/82/499
f 1502/81/499 1501/82/499 1500/79/498
f 1503/75/500 1504/76/501 1505/77/500
f 1506/78/501 1505/77/501 1504/76/501
f 1507/75/502 1508/76/502 1509/77/502
f 1510/78/503 1509/77/502 1508/76/503
f 1489/81/491 1490/82/491 1511/83/504
f 1512/84/504 1511/83/504 1490/82/491
f 1513/75/505 1514/76/505 1515/77/505
f 1516/78/505 1515/77/505 1514/76/505
f 1517/75/496 1518/76/506 1519/77/507
f 1520/78/507 1519/77/507 1518/76/507
f 1501/82/508 1502/81/508 1521/84/509
f 1522/83/509 1521/84/509 1502/81/510
f 1523/75/511 1524/76/512 1525/77/512
f 1526/78/511 1525/77/512 1524/76/511
f 1527/33/513 1528/31/513 1529/35/496
f 1530/34/513 1529/35/513 1528/31/513
f 1531/33/514 1532/31/514 1533/35/514
f 1534/34/514 1533/35/514 1532/31/514
f 1535/33/515 1536/31/515 1537/35/70
f 1538/34/516 1537/35/516 1536/31/516
f 1539/33/517 1540/31/517 1541/35/517
f 1542/34/517 1541/35/518 1540/31/519
f 1543/85/308 1544/86/520 1545/87/308
f 1546/88/520 1545/87/308 1544/86/520
f 1547/89/183 1548/90/521 1549/91/183
f 1550/92/521 1549/91/183 1548/90/521
f 1551/85/522 1552/86/523 1553/87/522
f 1554/88/524 1553/87/522 1552/86/523
f 1555/85/357 1556/86/525 1557/87/357
f 1558/88/525 1557/87/357 1556/86/525
f 1559/89/526 1560/90/288 1561/91/526
f 1562/92/288 1561/91/526 1560/90/288
f 1563/85/527 1564/86/528 1565/87/527
f 1566/88/528 1565/87/527 1564/86/528
f 1567/93/529 1568/94/530 1569/95/529
f 1570/96/530 1569/95/529 1568/94/530
f 1571/85/531 1572/86/532 1573/87/533
f 1574/88/532 1573/87/533 1572/86/532
f 1575/93/534 1576/94/535 1577/95/534
f 1578/96/536 1577/95/534 1576/94/535
f 1579/91/537 1580/89/537 1581/92/538
f 1582/90/538 1581/92/538 1580/89/537
f 1583/85/520 1544/86/520 1584/87/539
f 1585/88/539 1584/87/539 1544/86/520
f 1586/95/521 1587/93/521 1588/96/327
f 1589/94/327 1588/96/327 1587/93/521
f 1590/85/523 1552/86/523 1557/87/357
f 1591/88/357 1557/87/357 1552/86/540
f 1592/95/541 1593/93/541 1594/96/542
f 1595/94/542 1594/96/542 1593/93/541
f 1596/85/123 1597/86/123 1565/87/527
f 1598/88/527 1565/87/527 1597/86/123
f 1599/91/543 1600/89/543 1601/92/529
f 1602/90/529 1601/92/529 1600/89/543
f 1603/85/544 1604/86/544 1573/87/533
f 1605/88/533 1573/87/533 1604/86/544
f 1606/85/532 1572/86/532 1607/87/545
f 1608/88/545 1607/87/545 1572/86/532
f 1609/33/546 1610/31/547 1611/35/546
f 1612/34/548 1611/35/546 1610/31/548
f 1613/33/549 1614/31/549 1615/35/549
f 1616/34/550 1615/35/550 1614/31/550
f 1617/33/551 1618/31/552 1619/35/551
f 1620/34/552 1619/35/551 1618/31/552
f 1621/33/553 1622/31/553 1623/35/553
f 1624/34/553 1623/35/553 1622/31/553
f 1625/33/554 1626/31/554 1627/35/555
f 1628/34/556 1627/35/556 1626/31/554
f 1629/33/557 1630/31/557 1631/35/557
f 1632/34/558 1631/35/557 1630/31/558
f 1633/33/559 1634/31/559 1635/35/560
f 1636/34/560 1635/35/560 1634/31/559
f 1637/33/561 1638/31/561 1639/35/561
f 1640/34/561 1639/35/561 1638/31/561
f 1641/33/548 1642/31/562 1643/35/548
f 1644/34/562 1643/35/547 1642/31/562
f 1645/33/563 1646/31/564 1647/35/554
f 1648/34/554 1647/35/554 1646/31/563
f 1649/33/565 1650/31/566 1651/35/565
f 1652/34/567 1651/35/565 1650/31/566
f 1653/33/568 1654/31/569 1655/35/568
f 1656/34/569 1655/35/568 1654/31/569
f 1657/33/569 1654/31/569 1658/35/570
f 1659/34/570 1658/35/570 1654/31/569
f 1660/33/571 1661/31/572 1662/35/573
f 1663/34/574 1662/35/575 1661/31/572
f 1664/33/576 1665/31/576 1666/35/577
f 1667/34/578 1666/35/578 1665/31/576
f 1668/33/579 1669/31/579 1670/35/580
f 1671/34/581 1670/35/581 1669/31/579
f 1672/33/582 1673/31/582 1674/35/583
f 1675/34/583 1674/35/583 1673/31/582
f 1676/33/583 1677/31/584 1674/35/583
f 1678/34/584 1674/35/583 1677/31/585
f 1679/33/585 1680/31/586 1681/35/587
f 1682/34/588 1681/35/589 1680/31/586
f 1683/33/590 1684/31/591 1685/35/590
f 1686/34/591 1685/35/590 1684/31/591
f 1687/33/562 1642/31/562 1688/35/592
f 1689/34/593 1688/35/593 1642/31/562
f 1690/97/594 1691/20/594 1692/23/594
f 1693/98/594 1692/23/594 1691/20/594
f 1694/97/595 1695/20/595 1696/23/595
f 1697/98/596 1696/23/596 1695/20/595
f 1698/33/597 1646/31/564 1699/35/597
f 1700/34/564 1699/35/597 1646/31/563
f 1701/97/598 1702/20/598 1703/23/598
f 1704/98/598 1703/23/598 1702/20/598
f 1705/97/599 1706/20/599 1707/23/599
f 1708/98/599 1707/23/599 1706/20/599
f 1709/99/600 1710/100/601 1711/101/602
f 1712/102/603 1711/101/602 1710/100/601
f 1710/100/601 1709/99/604 1713/102/605
f 1714/101/606 1713/102/607 1709/99/608
f 1714/101/609 1715/99/610 1713/102/607
f 1716/100/611 1713/102/612 1715/99/613
f 1717/102/614 1716/100/611 1718/101/615
f 1715/99/616 1718/101/615 1716/100/611
f 1719/100/617 1720/102/618 1721/99/619
f 1722/101/620 1721/99/619 1720/102/618
f 1723/102/621 1719/100/617 1724/101/622
f 1721/99/623 1724/101/624 1719/100/625
f 1723/102/621 1724/101/622 1725/100/626
f 1726/99/627 1725/100/626 1724/101/628
f 1725/100/626 1726/99/629 1727/102/630
f 1728/101/631 1727/102/630 1726/99/629
f 1729/99/632 1730/100/633 1728/101/634
f 1727/102/635 1728/101/634 1730/100/636
f 1712/102/603 1731/103/637 1730/100/633
f 1732/104/638 1730/100/636 1731/103/637
f 1730/100/636 1732/104/638 1727/102/635
f 1710/100/639 1733/104/640 1712/102/603
f 1731/103/637 1712/102/603 1733/104/640
f 1713/102/641 1734/103/642 1710/100/601
f 1713/102/641 1716/100/611 1734/103/642
f 1733/104/640 1710/100/601 1734/103/642
f 1716/100/643 1717/102/644 1735/104/645
f 1735/104/645 1734/103/642 1716/100/611
f 1736/103/646 1735/104/645 1717/102/644
f 1737/100/647 1717/102/614 1718/101/648
f 1737/100/649 1720/102/618 1738/104/650
f 1717/102/614 1737/100/647 1736/103/646
f 1738/104/650 1736/103/646 1737/100/649
f 1739/103/651 1738/104/650 1720/102/618
f 1720/102/618 1719/100/617 1739/103/651
f 1740/104/652 1739/103/651 1719/100/617
f 1719/100/625 1723/102/653 1740/104/652
f 1741/103/654 1740/104/652 1723/102/621
f 1725/100/626 1742/104/655 1723/102/653
f 1741/103/654 1723/102/656 1742/104/655
f 1743/103/657 1727/102/630 1732/104/638
f 1727/102/630 1743/103/657 1725/100/626
f 1742/104/655 1725/100/626 1743/103/657
f 1744/33/658 1745/31/659 1746/35/659
f 1747/34/659 1746/35/659 1745/31/659
f 1748/33/660 1749/31/660 1750/35/661
f 1751/34/662 1750/35/662 1749/31/662
f 1752/33/663 1753/31/663 1754/35/663
f 1755/34/663 1754/35/663 1753/31/663
f 1756/33/664 1757/31/664 1758/35/664
f 1759/34/664 1758/35/665 1757/31/664
f 1760/33/666 1761/31/666 1762/35/666
f 1763/34/667 1762/35/667 1761/31/667
f 1764/33/668 1765/31/668 1766/35/668
f 1767/34/669 1766/35/669 1765/31/668
f 1768/33/670 1769/31/671 1770/35/670
f 1771/34/671 1770/35/670 1769/31/671
f 1772/33/672 1773/31/672 1774/35/673
f 1775/34/673 1774/35/673 1773/31/672
f 1776/33/674 1777/31/674 1778/35/674
f 1779/34/674 1778/35/674 1777/31/674
f 1780/33/675 1781/31/675 1782/35/675
f 1783/34/676 1782/35/676 1781/31/676
f 1784/33/677 1785/31/677 1786/35/677
f 1787/34/678 1786/35/677 1785/31/677
f 1788/33/679 1789/31/679 1790/35/680
f 1791/34/679 1790/35/679 1789/31/679
f 1792/33/681 1793/31/681 1794/35/681
f 1795/34/682 1794/35/682 1793/31/682
f 1796/33/683 1797/31/683 1798/35/684
f 1799/34/683 1798/35/683 1797/31/683
f 1800/33/685 1801/31/686 1802/35/685
f 1803/34/686 1802/35/685 1801/31/686
f 1804/33/687 1805/31/687 1806/35/688
f 1807/34/688 1806/35/688 1805/31/687
f 1808/33/689 1809/31/689 1810/35/689
f 1811/34/689 1810/35/689 1809/31/689
f 1812/33/690 1813/31/690 1814/35/690
f 1815/34/690 1814/35/690 1813/31/690
f 1816/33/691 1817/31/691 1818/35/691
f 1819/34/691 1818/35/691 1817/31/691
f 1820/33/692 1821/31/692 1822/35/692
f 1823/34/692 1822/35/692 1821/31/692
f 1824/33/693 1825/31/693 1826/35/693
f 1827/34/693 1826/35/693 1825/31/693
f 1828/33/694 1829/31/694 1830/35/694
f 1831/34/694 1830/35/694 1829/31/694
f 1832/105/1 1833/106/1 1834/105/1
f 1835/106/1 1834/105/1 1833/106/1
f 1836/105/1 1837/106/1 1838/105/1
f 1839/106/1 1838/105/1 1837/106/1
f 1840/94/1 1841/93/1 1842/107/1
f 1843/108/1 1842/107/1 1841/93/1
f 1841/93/1 1844/94/1 1843/108/1
f 1845/107/1 1843/108/1 1844/94/1
f 1846/105/1 1847/106/1 1848/105/1
f 1849/106/1 1848/105/1 1847/106/1
f 1850/105/1 1851/106/1 1852/105/1
f 1853/106/1 1852/105/1 1851/106/1
f 1854/94/1 1855/93/1 1856/107/1
f 1857/108/1 1856/107/1 1855/93/1
f 1855/93/1 1858/94/1 1857/108/1
f 1859/107/1 1857/108/1 1858/94/1
f 1860/105/1 1861/106/1 1862/105/1
f 1863/106/1 1862/105/1 1861/106/1
f 1864/105/1 1865/106/1 1866/105/1
f 1867/106/1 1866/105/1 1865/106/1
f 1868/105/1 1869/106/1 1870/105/1
f 1871/106/1 1870/105/1 1869/106/1
f 1872/94/1 1873/93/1 1874/107/1
f 1875/108/1 1874/107/1 1873/93/1
f 1873/93/1 1876/94/1 1875/108/1
f 1877/107/1 1875/108/1 1876/94/1
f 1878/105/1 1879/106/1 1880/105/1
f 1881/106/1 1880/105/1 1879/106/1
f 1882/105/1 1883/106/1 1884/105/1
f 1885/106/1 1884/105/1 1883/106/1
f 1886/94/1 1887/93/1 1888/107/1
f 1889/108/1 1888/107/1 1887/93/1
f 1887/93/1 1890/94/1 1891/95/1
f 1892/107/1 1891/95/1 1890/94/1
f 1893/105/1 1894/106/1 1895/105/1
f 1896/106/1 1895/105/1 1894/106/1
f 1897/109/695 1898/110/696 1899/111/695
f 1900/112/696 1899/111/696 1898/110/696
f 1901/33/697 1902/31/697 1903/35/697
f 1904/34/698 1903/35/698 1902/31/697
f 1905/33/699 1906/31/699 1907/35/699
f 1908/34/699 1907/35/699 1906/31/699
f 1909/109/700 1910/110/700 1911/111/700
f 1912/112/701 1911/111/701 1910/110/701
f 1913/33/702 1914/31/702 1915/35/702
f 1916/34/702 1915/35/702 1914/31/702
f 1917/33/703 1918/31/703 1919/35/703
f 1920/34/703 1919/35/703 1918/31/703
f 1921/33/704 1922/31/704 1923/35/704
f 1924/34/704 1923/35/705 1922/31/704
f 1925/33/706 1926/31/707 1927/35/708
f 1928/34/709 1927/35/708 1926/31/709
f 1929/33/710 1930/31/710 1931/35/711
f 1932/34/710 1931/35/710 1930/31/711
f 1933/33/712 1934/31/712 1935/35/712
f 1936/34/712 1935/35/712 1934/31/712
f 1937/33/713 1938/31/714 1939/35/713
f 1940/34/715 1939/35/713 1938/31/716
f 1941/33/717 1942/31/717 1943/35/717
f 1944/34/718 1943/35/718 1942/31/718
f 1945/33/719 1946/31/719 1947/35/720
f 1948/34/719 1947/35/719 1946/31/719
f 1925/33/706 1949/31/708 1950/35/721
f 1951/34/722 1950/35/721 1949/31/708
f 1952/33/723 1953/31/724 1954/35/723
f 1955/34/723 1954/35/723 1953/31/723
f 1956/33/725 1957/31/725 1958/35/725
f 1959/34/725 1958/35/725 1957/31/725
f 1960/33/726 1961/31/726 1962/35/726
f 1963/34/726 1962/35/726 1961/31/726
f 1964/33/709 1926/31/709 1965/35/727
f 1966/34/727 1965/35/727 1926/31/707
f 1967/33/728 1968/31/728 1969/35/728
f 1970/34/728 1969/35/728 1968/31/728
f 1937/33/713 1971/31/713 1972/35/729
f 1973/34/729 1972/35/729 1971/31/730
f 1974/33/731 1975/31/731 1976/35/732
f 1977/34/731 1976/35/732 1975/31/731
f 1978/33/733 1979/31/733 1980/35/733
f 1981/34/733 1980/35/733 1979/31/733
f 1982/33/734 1983/31/735 1984/35/735
f 1985/34/734 1984/35/734 1983/31/734
f 1986/33/736 1938/31/714 1987/35/737
f 1988/34/738 1987/35/739 1938/31/714
f 1989/33/740 1990/31/740 1991/35/740
f 1992/34/740 1991/35/740 1990/31/740
f 1993/33/741 1994/31/741 1995/35/741
f 1996/34/741 1995/35/741 1994/31/741
f 1997/33/722 1949/31/708 1998/35/742
f 1999/34/743 1998/35/743 1949/31/708
f 2000/33/744 2001/31/744 2002/35/744
f 2003/34/744 2002/35/744 2001/31/744
f 1986/33/715 2004/31/737 2005/35/745
f 2006/34/746 2005/35/746 2004/31/737
f 2007/33/747 2008/31/748 2009/35/747
f 2010/34/747 2009/35/747 2008/31/747
f 2011/109/749 2012/110/749 2013/111/749
f 2014/112/750 2013/111/749 2012/110/749
f 2015/79/751 2016/80/751 2017/81/752
f 2018/82/752 2017/81/752 2016/80/751
f 2019/109/753 2020/110/754 2021/111/754
f 2022/112/755 2021/111/756 2020/110/756
f 2023/109/757 2024/110/758 2025/111/757
f 2026/112/70 2025/111/757 2024/110/758
f 2027/80/759 2028/79/759 2029/82/760
f 2030/81/760 2029/82/760 2028/79/761
f 2031/109/762 2032/110/762 2033/111/762
f 2034/112/762 2033/111/762 2032/110/762
f 2035/109/763 2036/110/763 2037/111/763
f 2038/112/763 2037/111/764 2036/110/764
f 2017/81/752 2018/82/752 2039/83/765
f 2040/84/765 2039/83/765 2018/82/752
f 2041/109/766 2042/110/767 2043/111/767
f 2044/112/767 2043/111/767 2042/110/767
f 2045/109/70 2046/110/768 2047/111/769
f 2048/112/769 2047/111/769 2046/110/768
f 2029/82/760 2030/81/760 2049/84/770
f 2050/83/770 2049/84/770 2030/81/760
f 2051/109/771 2052/110/771 2053/111/772
f 2054/112/771 2053/111/771 2052/110/771
f 2055/33/773 2056/31/773 2057/35/70
f 2058/34/774 2057/35/774 2056/31/774
f 2059/33/775 2060/31/775 2061/35/775
f 2062/34/775 2061/35/775 2060/31/775
f 2063/33/776 2064/31/776 2065/35/776
f 2066/34/777 2065/35/778 2064/31/496
f 2067/33/779 2068/31/779 2069/35/779
f 2070/34/780 2069/35/780 2068/31/780
f 2071/113/781 2072/114/782 2073/113/781
f 2073/113/781 2074/115/783 2071/113/784
f 2075/115/785 2071/113/781 2074/115/785
f 2076/116/786 2077/56/787 2078/116/788
f 2079/56/789 2078/116/788 2077/56/789
f 2080/114/789 2081/113/782 2082/114/789
f 2083/117/790 2084/117/791 2085/117/790
f 2086/117/791 2085/117/792 2084/117/791
f 2087/113/791 2088/113/786 2089/113/791
f 2090/113/786 2089/113/791 2088/113/786
f 2091/113/785 2092/113/793 2093/113/785
f 2094/113/793 2093/113/785 2092/113/793
f 2092/113/793 2095/114/790 2094/113/793
f 2096/114/790 2094/113/793 2095/114/790
f 2097/114/794 2098/113/795 2099/114/796
f 2100/113/797 2099/114/794 2098/113/797
f 2101/118/797 2102/31/798 2103/118/799
f 2104/31/798 2103/118/799 2102/31/798
f 2105/115/800 2106/113/801 2107/115/800
f 2108/113/802 2107/115/803 2106/113/802
f 2109/114/801 2110/113/794 2111/114/802
f 2112/113/794 2111/114/802 2110/113/796
f 2113/114/804 2114/113/805 2115/114/806
f 2116/113/805 2115/114/806 2114/113/805
f 2114/113/805 2117/113/800 2116/113/805
f 2118/113/807 2116/113/805 2117/113/807
f 2119/113/808 2120/113/809 2121/113/808
f 2120/113/809 2113/114/810 2122/113/809
f 2122/113/811 2121/113/808 2120/113/809
f 2115/114/806 2122/113/811 2113/114/804
f 2123/114/812 2124/113/813 2125/114/814
f 2126/116/815 2127/56/812 2128/116/815
f 2129/56/812 2128/116/815 2127/56/814
f 2130/115/816 2131/113/817 2132/115/816
f 2133/113/817 2132/115/818 2131/113/817
f 2134/31/816 2135/116/813 2136/31/816
f 2137/119/819 2138/119/820 2139/119/819
f 2140/119/820 2139/119/819 2138/119/820
f 2141/113/820 2142/113/821 2143/113/820
f 2144/113/815 2143/113/820 2142/113/821
f 2131/113/817 2145/113/822 2133/113/817
f 2146/113/822 2133/113/817 2145/113/822
f 2145/113/822 2147/114/823 2146/113/822
f 2148/114/824 2146/113/822 2147/114/824
f 2149/114/825 2150/113/826 2151/114/827
f 2152/113/828 2151/114/829 2150/113/828
f 2153/115/830 2154/113/829 2155/115/830
f 2156/113/827 2155/115/831 2154/113/827
f 2157/114/826 2158/113/832 2159/114/826
f 2160/113/833 2159/114/826 2158/113/833
f 2161/118/833 2162/31/834 2163/118/832
f 2164/31/834 2163/118/832 2162/31/834
f 2165/114/835 2166/113/836 2167/114/835
f 2168/113/836 2167/114/835 2166/113/836
f 2166/113/836 2169/113/830 2168/113/836
f 2170/113/837 2168/113/836 2169/113/837
f 2171/113/838 2172/113/839 2173/113/838
f 2172/113/840 2165/114/841 2174/113/839
f 2174/113/840 2173/113/838 2172/113/839
f 2167/114/835 2174/113/842 2165/114/841
f 2175/120/94 2176/86/843 2177/121/94
f 2178/88/844 2177/121/94 2176/86/843
f 2179/120/843 2180/86/96 2181/121/845
f 2182/88/846 2181/121/845 2180/86/96
f 2183/120/99 2184/86/847 2185/121/846
f 2186/88/847 2185/121/846 2184/86/847
f 2187/120/847 2184/86/847 2188/121/307
f 2189/88/307 2188/121/307 2184/86/847
f 2190/120/848 2191/86/421 2192/121/848
f 2193/88/421 2192/121/848 2191/86/421
f 2194/120/422 2191/86/422 2195/121/849
f 2196/88/849 2195/121/849 2191/86/421
f 2197/120/850 2198/86/209 2199/121/850
f 2200/88/851 2199/121/850 2198/86/209
f 2201/120/852 2202/86/108 2203/121/853
f 2204/88/854 2203/121/853 2202/86/108
f 2205/120/304 2206/86/94 2207/121/854
f 2208/88/94 2207/121/854 2206/86/94
f 2209/122/1 2210/123/1 2211/124/1
f 2212/125/1 2211/124/1 2210/123/1
f 2213/126/855 2214/127/855 2215/128/856
f 2216/129/857 2215/128/857 2214/127/855
f 2217/130/858 2218/131/858 2219/132/859
f 2220/133/859 2219/132/859 2218/131/860
f 2221/120/861 2222/86/112 2223/121/861
f 2224/88/112 2223/121/104 2222/86/112
f 2225/134/98 2226/135/862 2227/136/98
f 2228/137/862 2227/136/98 2226/135/862
f 2229/134/863 2230/138/864 2231/136/863
f 2232/139/864 2231/136/863 2230/138/864
f 2233/85/420 2234/140/863 2235/87/420
f 2236/141/863 2235/87/420 2234/140/863
f 2237/120/204 2238/86/420 2239/121/204
f 2240/88/420 2239/121/204 2238/86/420
f 2241/120/112 2242/86/202 2243/121/112
f 2244/88/202 2243/121/112 2242/86/202
f 2245/142/865 2246/125/866 2247/143/865
f 2248/144/866 2247/143/865 2246/125/866
f 2246/125/866 2249/145/867 2248/144/866
f 2250/146/867 2248/144/866 2249/145/867
f 2251/120/321 2252/147/321 2253/121/321
f 2254/88/321 2253/121/321 2252/147/321
f 2255/120/868 2256/86/868 2257/121/868
f 2258/88/868 2257/121/868 2256/86/868
f 2259/125/869 2245/142/865 2260/144/870
f 2247/143/865 2260/144/869 2245/142/865
f 2261/148/871 2262/125/872 2263/149/871
f 2264/150/872 2263/149/871 2262/125/872
f 2212/125/1 2210/123/1 2265/151/1
f 2266/152/1 2265/151/1 2210/123/1
f 2264/150/872 2262/125/872 2267/153/873
f 2268/154/873 2267/153/873 2262/125/872
f 2269/133/874 2270/131/875 2271/132/874
f 2272/130/875 2271/132/874 2270/131/875
f 2273/129/876 2274/75/877 2275/155/878
f 2276/156/879 2275/155/880 2274/75/877
f 2277/154/881 2278/125/882 2279/153/881
f 2263/149/871 2280/150/883 2261/148/871
f 2278/125/882 2261/148/871 2280/150/882
f 2280/150/883 2279/153/881 2278/125/883
f 2265/151/1 2266/152/1 2281/125/1
f 2282/123/1 2281/125/1 2266/152/1
f 2281/125/1 2282/123/1 2283/124/1
f 2284/122/1 2283/124/1 2282/123/1
f 2285/127/1 2286/75/1 2287/157/1
f 2288/156/1 2287/157/1 2286/75/1
f 2289/158/884 2290/159/876 2291/155/885
f 2292/127/886 2291/155/886 2290/159/876
f 2293/159/856 2294/160/880 2295/155/856
f 2296/127/887 2295/155/856 2294/160/887
f 2259/125/870 2260/144/870 2297/145/888
f 2298/146/888 2297/145/888 2260/144/870
f 2299/120/889 2300/86/890 2301/121/889
f 2302/88/890 2301/121/889 2300/86/890
f 2303/33/92 2304/31/891 2305/35/92
f 2306/34/892 2305/35/92 2304/31/892
f 2307/33/55 2308/31/893 2309/35/55
f 2310/34/893 2309/35/55 2308/31/893
f 2311/33/892 2312/31/894 2313/35/891
f 2314/34/894 2313/35/892 2312/31/894
f 2315/33/894 2316/31/57 2317/35/894
f 2318/34/58 2317/35/894 2316/31/57
f 2319/33/895 2320/31/896 2321/35/895
f 2322/34/896 2321/35/895 2320/31/896
f 2323/33/60 2324/31/895 2325/35/62
f 2326/34/895 2325/35/897 2324/31/895
f 2327/33/898 2328/31/92 2329/35/896
f 2330/34/92 2329/35/896 2328/31/92
f 2331/33/893 2332/31/64 2333/35/899
f 2334/34/63 2333/35/893 2332/31/64
f 135/33/57 2335/31/66 2336/35/900
f 2337/34/901 2336/35/902 2335/31/70
f 150/33/73 2338/31/60 2339/35/71
f 2340/34/903 2339/35/71 2338/31/60
f 2341/33/904 2342/31/905 2343/35/904
f 2344/34/906 2343/35/904 2342/31/907
f 2345/33/72 2346/31/904 2347/35/72
f 2348/34/904 2347/35/72 2346/31/904
f 2349/33/908 2350/31/73 2351/35/908
f 2352/34/74 2351/35/908 2350/31/73
f 2353/161/864 2354/140/98 2355/87/864
f 2356/162/98 2355/87/864 2354/140/98
f 2357/163/302 2358/164/302 2359/165/118
f 2360/166/118 2359/165/118 2358/164/302
f 2361/120/909 2362/86/909 2192/121/848
f 2363/88/848 2192/121/848 2362/86/909
f 2364/120/112 2365/86/104 2366/121/112
f 2367/88/910 2366/121/112 2365/86/104
f 2368/120/104 2369/86/911 2370/121/910
f 2371/88/912 2370/121/910 2369/86/911
f 2372/120/205 2373/86/913 2374/121/912
f 2375/88/913 2374/121/912 2373/86/913
f 2376/120/913 2373/86/913 2377/121/914
f 2378/88/914 2377/121/914 2373/86/913
f 2379/120/915 2380/86/916 2381/121/915
f 2382/88/916 2381/121/915 2380/86/916
f 2383/120/408 2380/86/408 2384/121/917
f 2385/88/917 2384/121/917 2380/86/408
f 2386/120/918 2387/86/919 2388/121/918
f 2389/88/920 2388/121/918 2387/86/919
f 2390/120/919 2391/86/204 2392/121/920
f 2393/88/921 2392/121/920 2391/86/202
f 2394/120/202 2395/86/112 2396/121/921
f 2397/88/112 2396/121/921 2395/86/112
f 2398/122/1 2399/123/1 2400/124/1
f 2401/125/1 2400/124/1 2399/123/1
f 2402/130/922 2403/131/922 2404/132/923
f 2405/133/923 2404/132/923 2403/131/922
f 2406/120/924 2407/86/94 2408/121/924
f 2409/88/94 2408/121/843 2407/86/94
f 2410/167/925 2411/168/528 2412/169/925
f 2413/165/528 2412/169/925 2411/168/528
f 2414/120/926 2415/86/927 2416/121/926
f 2417/88/927 2416/121/926 2415/86/927
f 2414/120/926 2416/121/926 2418/86/108
f 2419/120/94 2418/86/304 2420/121/94
f 2421/88/108 2420/121/94 2418/86/108
f 2421/88/108 2418/86/108 2416/121/926
f 2422/142/928 2423/125/929 2424/143/928
f 2425/144/929 2424/143/928 2423/125/929
f 2423/125/929 2426/145/930 2425/144/929
f 2427/146/930 2425/144/929 2426/145/930
f 2428/120/931 2429/86/931 2430/121/931
f 2431/88/931 2430/121/931 2429/86/931
f 2432/120/932 2433/86/932 2434/121/932
f 2435/88/932 2434/121/932 2433/86/932
f 2424/143/928 2436/144/933 2422/142/928
f 2437/125/933 2422/142/928 2436/144/933
f 2438/148/934 2439/125/935 2440/149/934
f 2441/150/935 2440/149/934 2439/125/935
f 2401/125/1 2399/123/1 2442/151/1
f 2443/152/1 2442/151/1 2399/123/1
f 2441/150/935 2439/125/935 2444/153/936
f 2445/154/936 2444/153/936 2439/125/935
f 2446/133/937 2447/131/938 2448/132/937
f 2449/130/938 2448/132/937 2447/131/938
f 2450/129/1 2451/75/1 2452/155/1
f 2453/156/1 2452/155/1 2451/75/1
f 2454/154/939 2455/125/940 2456/153/939
f 2440/149/934 2457/150/941 2438/148/934
f 2457/150/940 2456/153/939 2455/125/940
f 2455/125/940 2438/148/934 2457/150/940
f 2442/151/1 2443/152/1 2458/125/1
f 2459/123/1 2458/125/1 2443/152/1
f 2458/125/1 2459/123/1 2460/124/1
f 2461/122/1 2460/124/1 2459/123/1
f 2462/127/1 2463/75/885 2464/157/1
f 2465/156/885 2464/157/1 2463/75/885
f 2466/159/1 2467/128/1 2468/155/1
f 2469/127/1 2468/155/1 2467/128/1
f 2470/105/1 2471/159/1 2472/155/1
f 2473/127/1 2472/155/1 2471/159/1
f 2474/170/1 2475/127/1 2476/105/1
f 2477/155/1 2476/105/1 2475/127/1
f 2478/146/942 2479/145/942 2436/144/933
f 2437/125/933 2436/144/933 2479/145/942
f 2480/120/943 2481/86/918 2482/121/943
f 2483/88/918 2482/121/943 2481/86/918
f 2484/33/73 2485/31/944 2486/35/496
f 2487/34/945 2486/35/73 2485/31/945
f 2488/33/76 2489/31/946 2490/35/76
f 2491/34/946 2490/35/76 2489/31/946
f 2492/33/947 2493/31/948 2494/35/945
f 2495/34/948 2494/35/947 2493/31/948
f 2496/33/948 2497/31/77 2498/35/948
f 2499/34/78 2498/35/948 2497/31/77
f 2500/33/949 2501/31/950 2502/35/949
f 2503/34/950 2502/35/949 2501/31/950
f 2504/33/80 2505/31/949 2506/35/82
f 2507/34/949 2506/35/82 2505/31/949
f 2508/33/950 2509/31/73 2510/35/951
f 2511/34/952 2510/35/953 2509/31/70
f 2512/33/946 2513/31/83 2514/35/946
f 2515/34/83 2514/35/946 2513/31/83
f 155/33/77 2516/31/86 2517/35/75
f 2518/34/89 2517/35/75 2516/31/86
f 170/33/92 2519/31/80 2520/35/90
f 2521/34/954 2520/35/90 2519/31/80
f 2522/33/955 2523/31/956 2524/35/955
f 2525/34/957 2524/35/955 2523/31/956
f 2526/33/91 2527/31/955 2528/35/91
f 2529/34/955 2528/35/91 2527/31/955
f 2530/33/958 2531/31/92 2532/35/958
f 2533/34/93 2532/35/958 2531/31/92
f 2534/171/528 2535/86/302 2536/121/528
f 2537/172/302 2536/121/528 2535/86/302
f 2538/120/959 2539/86/959 2381/121/960
f 2540/88/960 2381/121/960 2539/86/959
f 2541/85/862 2542/173/862 2543/174/961
f 2544/175/961 2543/174/961 2542/173/862
f 2545/88/962 2546/86/962 2547/120/962
f 2548/176/962 2547/120/962 2546/86/962
f 2406/120/843 2408/121/843 2549/86/963
f 2550/177/963 2549/86/963 2408/121/843
f 2551/178/868 2552/86/868 2553/179/868
f 2554/180/868 2553/179/868 2552/86/868
f 2555/88/321 2556/86/321 2557/120/321
f 2558/181/321 2557/120/321 2556/86/321
f 2221/120/104 2223/121/104 2559/86/964
f 2560/177/964 2559/86/964 2223/121/104
f 2561/120/932 2562/88/932 2563/182/932
f 2564/86/932 2563/182/932 2562/88/932
f 2565/106/965 2566/76/965 2567/126/965
f 2568/112/965 2567/126/965 2566/76/965
f 2569/183/966 2570/184/967 2571/185/966
f 2572/186/967 2571/185/966 2570/184/967
f 2572/186/967 2570/184/967 2573/187/968
f 2574/188/969 2573/187/968 2570/184/967
f 2573/187/968 2574/188/969 2575/189/970
f 2576/190/971 2575/189/970 2574/188/969
f 2575/189/970 2576/190/971 2577/191/972
f 2578/192/973 2577/191/972 2576/190/971
f 2575/189/970 2579/193/974 2580/194/975
f 2575/189/970 2577/191/972 2579/193/974
f 2580/194/975 2579/193/974 2581/195/976
f 2582/196/976 2581/195/976 2579/193/974
f 2579/193/977 2577/191/972 2583/197/978
f 2584/193/978 2583/197/978 2577/191/972
f 2577/191/972 2578/192/979 2585/198/980
f 2586/192/980 2585/198/980 2578/192/981
f 2587/183/982 2588/199/982 2589/200/983
f 2590/201/983 2589/200/983 2588/199/984
f 2590/201/983 2591/187/985 2589/200/983
f 2592/202/986 2589/200/983 2591/187/986
f 2591/187/986 2593/189/987 2592/202/986
f 2594/203/987 2592/202/986 2593/189/987
f 2595/189/988 2596/191/988 2597/203/988
f 2598/204/988 2597/203/988 2596/191/988
f 2599/194/989 2600/205/990 2601/193/989
f 2602/194/990 2601/193/989 2600/205/990
f 2603/193/991 2604/194/991 2605/191/991
f 2606/193/991 2605/191/991 2604/194/991
f 2607/191/992 2608/191/992 2609/204/992
f 2610/191/993 2609/204/993 2608/191/993
f 2611/183/7 2612/200/7 2613/183/7
f 2614/184/7 2613/183/7 2612/200/7
f 2615/201/994 2616/199/995 2617/186/994
f 2618/185/995 2617/186/994 2616/199/995
f 2619/199/996 2620/183/997 2621/185/998
f 2622/183/998 2621/185/998 2620/183/998
f 2612/200/7 2623/202/7 2614/184/7
f 2624/188/7 2614/184/7 2623/202/7
f 2625/187/999 2615/201/1000 2626/187/999
f 2617/186/994 2626/187/999 2615/201/994
f 2623/202/7 2627/203/7 2624/188/7
f 2628/190/7 2624/188/7 2627/203/7
f 2626/187/1001 2629/189/1002 2625/187/1001
f 2630/189/1002 2625/187/1001 2629/189/1002
f 2627/203/7 2631/206/7 2628/190/7
f 2632/206/7 2628/190/7 2631/206/7
f 2633/206/1003 2634/204/1004 2635/206/1005
f 2636/192/1005 2635/206/1005 2634/204/1006
f 2629/189/1002 2637/194/1007 2630/189/1002
f 2638/194/1008 2630/189/1002 2637/194/1008
f 2639/193/1009 2640/194/1009 2641/193/1009
f 2642/196/1009 2641/193/1009 2640/194/1009
f 2643/194/1010 2644/205/1010 2645/196/1010
f 2646/195/1010 2645/196/1010 2644/205/1010
f 2647/205/1011 2638/194/1008 2648/195/1011
f 2637/194/1007 2648/195/1012 2638/194/1007
f 2649/191/1013 2650/193/1013 2651/191/1013
f 2652/193/1014 2651/191/1014 2650/193/1014
f 2653/193/1015 2654/194/1015 2655/193/1015
f 2656/197/1015 2655/193/1015 2654/194/1015
f 2657/194/1016 2658/193/1016 2659/197/1016
f 2660/193/1016 2659/197/1016 2658/193/1016
f 2661/204/1017 2662/191/1017 2663/192/1017
f 2664/192/1018 2663/192/1017 2662/191/1017
f 2665/191/1019 2666/191/1019 2667/192/1019
f 2668/198/1019 2667/192/1019 2666/191/1019
f 2669/191/855 2670/191/855 2671/198/855
f 2672/191/855 2671/198/855 2670/191/855
f 2673/207/1020 2674/208/1021 2675/209/1022
f 2676/210/1021 2675/209/1023 2674/208/1021
f 2676/210/1021 2674/208/1021 2677/211/1024
f 2678/212/1024 2677/211/1024 2674/208/1021
f 2677/211/1025 2678/212/1025 2679/213/1026
f 2680/214/1027 2679/213/1026 2678/212/1025
f 2679/213/1028 2680/214/1027 2681/215/1029
f 2682/216/1030 2681/215/1029 2680/214/1027
f 2679/213/1028 2683/217/1031 2684/217/1032
f 2679/213/1028 2681/215/1029 2683/217/1033
f 2684/217/1034 2683/217/1033 2685/218/1035
f 2686/217/1036 2685/218/1036 2683/217/1033
f 2683/217/1033 2681/215/1029 2687/217/1037
f 2688/215/1037 2687/217/1037 2681/215/1029
f 2681/215/1029 2682/216/1030 2689/215/1038
f 2690/215/1039 2689/215/1039 2682/216/1030
f 2691/219/1040 2692/220/1040 2693/221/1041
f 2694/210/1041 2693/221/1041 2692/220/1040
f 2694/210/1041 2695/222/102 2693/221/1041
f 2696/212/102 2693/221/1041 2695/222/102
f 2695/222/102 2697/223/1042 2696/212/102
f 2698/224/1043 2696/212/102 2697/223/1042
f 2697/223/1042 2699/215/1044 2698/224/1045
f 2700/224/1046 2698/224/1043 2699/215/1044
f 2701/225/1047 2702/226/1048 2703/217/1049
f 2697/223/1042 2701/225/1050 2703/217/1049
f 2697/223/1051 2703/217/1052 2699/215/1044
f 2704/218/1048 2703/217/1052 2702/226/1048
f 2703/217/1049 2705/217/1053 2699/215/1044
f 2706/217/1054 2699/215/1044 2705/217/1055
f 2699/215/1044 2707/215/1056 2700/224/1046
f 2708/215/1056 2700/224/1046 2707/215/1056
f 2709/219/7 2710/221/7 2711/207/7
f 2712/208/7 2711/207/7 2710/221/7
f 2713/210/1057 2714/220/1058 2715/210/1057
f 2716/209/1058 2715/210/1057 2714/220/1058
f 2717/220/1059 2718/219/1060 2719/209/1059
f 2720/207/1061 2719/209/1061 2718/219/1061
f 2710/221/7 2721/212/7 2712/208/7
f 2722/212/7 2712/208/7 2721/212/7
f 2723/222/1062 2713/210/1057 2724/211/1062
f 2715/210/1057 2724/211/1062 2713/210/1057
f 2721/212/7 2725/224/7 2722/212/7
f 2726/214/7 2722/212/7 2725/224/7
f 2724/211/1063 2727/213/1064 2723/222/1063
f 2728/223/1065 2723/222/1063 2727/213/1065
f 2725/224/7 2729/224/7 2726/214/7
f 2730/224/7 2726/214/7 2729/224/7
f 2698/224/1066 2700/224/1067 2731/224/1068
f 2680/214/1027 2732/224/1069 2682/216/1030
f 2682/216/1070 2732/224/1069 2700/224/1046
f 2731/224/1068 2700/224/1046 2732/224/1069
f 2733/225/1071 2728/223/1064 2734/217/1071
f 2727/213/1064 2734/217/1071 2728/223/1065
f 2735/217/1072 2736/218/1072 2737/217/1072
f 2738/217/1073 2737/217/1073 2736/218/1073
f 2739/218/1074 2740/226/1074 2741/217/1074
f 2742/218/1075 2741/217/1074 2740/226/1074
f 2734/217/1071 2743/218/1076 2733/225/1071
f 2744/226/1076 2733/225/1071 2743/218/1076
f 2745/215/1077 2746/217/1077 2747/215/1077
f 2748/215/1077 2747/215/1077 2746/217/1077
f 2749/217/1078 2750/217/1078 2751/215/1078
f 2752/217/1078 2751/215/1078 2750/217/1078
f 2753/217/1079 2754/217/1079 2755/217/1079
f 2756/217/1079 2755/217/1079 2754/217/1079
f 2757/224/1080 2758/215/1080 2759/216/1080
f 2760/215/1080 2759/216/1080 2758/215/1080
f 2761/215/1081 2762/215/1081 2763/215/1081
f 2764/215/1081 2763/215/1082 2762/215/1081
f 2765/215/1083 2766/215/1083 2767/215/1083
f 2768/215/1083 2767/215/1083 2766/215/1083
f 2769/183/1084 2770/184/1085 2771/185/1084
f 2772/186/1085 2771/185/1086 2770/184/1085
f 2772/186/1085 2770/184/1085 2773/187/732
f 2774/188/731 2773/187/731 2770/184/1085
f 2773/187/731 2774/188/732 2775/189/1087
f 2776/190/1088 2775/189/1087 2774/188/731
f 2775/189/1087 2776/190/1088 2777/191/1089
f 2778/192/1090 2777/191/1091 2776/190/1088
f 2775/189/1087 2779/193/1092 2780/194/1093
f 2775/189/1087 2777/191/1091 2779/193/1092
f 2780/194/1094 2779/193/1095 2781/195/1096
f 2782/196/1096 2781/195/1096 2779/193/1092
f 2779/193/1095 2777/191/1089 2783/197/1097
f 2784/193/1097 2783/197/1097 2777/191/1091
f 2777/191/1091 2778/192/1090 2785/198/1098
f 2786/192/1099 2785/198/1099 2778/192/1090
f 2787/183/1100 2788/199/1100 2789/200/1101
f 2790/201/1101 2789/200/1101 2788/199/1102
f 2790/201/1101 2791/187/1103 2789/200/1101
f 2792/202/1104 2789/200/1101 2791/187/1104
f 2791/187/1104 2793/189/1105 2792/202/1104
f 2794/203/1105 2792/202/1104 2793/189/1105
f 2795/189/1106 2796/191/1106 2797/203/1106
f 2798/204/1106 2797/203/1106 2796/191/1106
f 2799/194/1107 2800/205/1108 2801/193/1107
f 2802/194/1108 2801/193/1107 2800/205/1108
f 2803/193/1109 2804/194/1109 2805/191/1109
f 2806/193/1109 2805/191/1109 2804/194/1109
f 2807/191/1110 2808/191/1110 2809/204/1110
f 2810/191/1110 2809/204/1110 2808/191/1110
f 2811/183/7 2812/200/7 2813/183/7
f 2814/184/7 2813/183/7 2812/200/7
f 2815/201/1111 2816/199/1112 2817/186/1113
f 2818/185/1112 2817/186/1113 2816/199/1112
f 2819/199/1114 2820/183/1114 2821/185/1114
f 2822/183/1114 2821/185/1114 2820/183/1114
f 2812/200/7 2823/202/7 2814/184/7
f 2824/188/7 2814/184/7 2823/202/7
f 2825/187/1115 2815/201/1116 2826/187/1115
f 2817/186/1111 2826/187/1115 2815/201/1111
f 2823/202/7 2827/203/7 2824/188/7
f 2828/190/7 2824/188/7 2827/203/7
f 2826/187/1117 2829/189/1118 2825/187/1117
f 2830/189/1118 2825/187/1117 2829/189/1118
f 2827/203/7 2831/206/7 2828/190/7
f 2832/206/7 2828/190/7 2831/206/7
f 2833/206/1119 2834/204/1120 2835/206/1121
f 2836/192/1121 2835/206/1121 2834/204/1120
f 2837/194/1122 2830/189/1118 2838/194/1122
f 2829/189/1118 2838/194/1123 2830/189/1118
f 2839/193/1124 2840/194/1124 2841/193/1124
f 2842/196/1124 2841/193/1124 2840/194/1124
f 2843/194/1125 2844/205/1126 2845/196/1125
f 2846/195/1125 2845/196/1125 2844/205/1126
f 2838/194/1122 2847/195/1127 2837/194/1122
f 2848/205/1127 2837/194/1122 2847/195/1127
f 2849/191/1128 2850/193/1128 2851/191/1128
f 2852/193/1128 2851/191/1128 2850/193/1128
f 2853/193/1129 2854/194/1129 2855/193/1129
f 2856/197/1129 2855/193/1130 2854/194/1130
f 2857/194/1131 2858/193/1131 2859/197/1131
f 2860/193/1131 2859/197/1131 2858/193/1131
f 2861/204/1132 2862/191/1132 2863/192/1132
f 2864/192/1132 2863/192/1132 2862/191/1132
f 2865/191/1133 2866/191/1133 2867/192/1133
f 2868/198/1133 2867/192/1133 2866/191/1133
f 2869/191/1134 2870/191/1134 2871/198/1134
f 2872/191/1134 2871/198/1134 2870/191/1134
f 2873/207/1135 2874/208/1136 2875/209/1135
f 2876/210/1136 2875/209/1137 2874/208/1136
f 2876/210/1136 2874/208/1136 2877/211/1138
f 2878/212/1138 2877/211/1138 2874/208/1136
f 2877/211/1139 2878/212/1139 2879/213/1140
f 2880/214/1141 2879/213/1142 2878/212/1138
f 2879/213/1140 2880/214/1141 2881/215/1143
f 2882/216/1144 2881/215/1143 2880/214/1141
f 2879/213/1140 2883/217/1145 2884/217/1146
f 2879/213/1140 2881/215/1143 2883/217/1147
f 2884/217/1148 2883/217/1147 2885/218/1149
f 2886/217/1149 2885/218/1149 2883/217/1147
f 2883/217/1147 2881/215/1143 2887/217/1150
f 2888/215/1150 2887/217/1150 2881/215/1143
f 2881/215/1143 2882/216/1151 2889/215/1152
f 2890/215/1152 2889/215/1152 2882/216/1144
f 2891/219/1153 2892/220/1153 2893/221/1154
f 2894/210/1154 2893/221/1154 2892/220/1153
f 2894/210/1154 2895/222/1155 2893/221/1154
f 2896/212/1155 2893/221/1154 2895/222/1155
f 2895/222/1155 2897/223/1156 2896/212/1155
f 2898/224/1157 2896/212/1155 2897/223/1156
f 2897/223/1156 2899/215/1158 2898/224/1159
f 2900/224/1160 2898/224/1161 2899/215/1158
f 2897/223/1162 2901/225/1163 2902/217/1164
f 2901/225/1163 2903/226/1165 2902/217/1166
f 2897/223/1156 2902/217/1166 2899/215/1158
f 2904/218/1167 2902/217/1166 2903/226/1167
f 2902/217/1166 2905/217/1168 2899/215/1158
f 2906/217/1169 2899/215/1158 2905/217/1168
f 2899/215/1158 2907/215/1170 2900/224/1160
f 2908/215/1170 2900/224/1160 2907/215/1170
f 2909/219/7 2910/221/7 2911/207/7
f 2912/208/7 2911/207/7 2910/221/7
f 2913/210/1171 2914/220/1172 2915/210/1171
f 2916/209/1172 2915/210/1171 2914/220/1172
f 2917/220/1173 2918/219/1173 2919/209/1173
f 2920/207/1173 2919/209/1174 2918/219/1174
f 2910/221/7 2921/212/7 2912/208/7
f 2922/212/7 2912/208/7 2921/212/7
f 2915/210/1171 2923/211/1175 2913/210/1171
f 2924/222/1175 2913/210/1171 2923/211/1175
f 2921/212/7 2925/224/7 2922/212/7
f 2926/214/7 2922/212/7 2925/224/7
f 2927/223/1176 2924/222/1175 2928/213/1176
f 2923/211/1175 2928/213/1176 2924/222/1175
f 2925/224/7 2929/224/7 2926/214/7
f 2930/224/7 2926/214/7 2929/224/7
f 2898/224/1161 2900/224/1160 2931/224/1177
f 2931/224/1177 2900/224/1178 2932/224/1179
f 2882/216/1151 2932/224/1179 2900/224/1160
f 2880/214/1141 2932/224/1179 2882/216/1144
f 2928/213/1180 2933/217/1181 2927/223/1180
f 2934/225/1181 2927/223/1180 2933/217/1181
f 2935/217/1182 2936/218/1182 2937/217/1182
f 2938/217/1182 2937/217/1182 2936/218/1182
f 2939/218/1183 2940/226/1183 2941/217/1184
f 2942/218/1183 2941/217/1184 2940/226/1183
f 2933/217/1181 2943/218/1185 2934/225/1181
f 2944/226/1185 2934/225/1181 2943/218/1185
f 2945/215/1186 2946/217/1186 2947/215/1186
f 2948/215/1186 2947/215/1186 2946/217/1186
f 2949/217/1187 2950/217/1187 2951/215/1187
f 2952/217/1187 2951/215/1187 2950/217/1187
f 2953/217/1188 2954/217/1188 2955/217/1188
f 2956/217/1188 2955/217/1188 2954/217/1188
f 2957/224/1189 2958/215/1189 2959/216/1189
f 2960/215/1189 2959/216/1189 2958/215/1189
f 2961/215/1190 2962/215/1190 2963/215/1191
f 2964/215/1190 2963/215/1191 2962/215/1190
f 2965/215/1192 2966/215/1192 2967/215/1192
f 2968/215/1192 2967/215/1192 2966/215/1192
f 2969/8/1193 2970/6/104 2971/9/104
f 669/13/7 335/11/7 2972/14/7
f 2973/8/1194 2974/6/1195 2975/9/1196
f 18/13/7 2976/11/7 2977/14/7
f 394/13/7 885/11/7 2977/14/7
f 2978/8/114 2979/6/125 239/9/115
f 2980/8/119 2974/6/1195 253/9/120
f 232/13/112 2981/11/112 2982/14/335
f 262/13/125 2983/11/1197 2984/14/115
f 2978/8/114 2985/6/203 2986/9/125
f 2987/8/1196 2974/6/1195 2988/9/119
f 2989/36/1198 2990/37/176 273/39/131
f 2991/13/1199 2992/11/1200 2993/14/1201
f 38/13/7 2994/11/7 2972/14/7
f 2995/13/7 2994/11/7 2996/14/7
f 2997/13/1202 2998/11/1199 2999/14/1202
f 2995/13/7 3000/11/7 337/14/7
f 3001/13/1201 2992/11/1200 3002/14/1203
f 2995/13/7 437/11/7 3003/14/7
f 3004/36/179 2990/37/1204 385/39/178
f 386/13/180 3005/11/182 401/14/185
f 3006/13/7 3007/11/7 439/14/7
f 3008/13/1205 2998/11/1199 2993/14/1201
f 2991/13/1206 3009/11/1205 2999/14/1202
f 3010/8/1207 3011/6/209 3012/9/209
f 944/13/7 610/11/7 3013/14/7
f 3014/8/1208 3015/6/1209 3016/9/1210
f 3017/8/218 3018/6/228 514/9/1211
f 3019/8/224 3015/6/1209 528/9/225
f 507/13/216 3020/11/216 3021/14/132
f 537/13/228 3022/11/230 3023/14/219
f 3017/8/218 3024/6/231 3025/9/228
f 3026/8/1212 3015/6/1209 3027/9/224
f 3028/36/236 3029/37/280 548/39/234
f 3030/13/1213 3031/11/1214 3032/14/1215
f 58/13/7 3033/11/7 3013/14/7
f 3034/13/7 3033/11/7 3035/14/7
f 3036/13/1216 3037/11/1213 3038/14/1216
f 3034/13/7 3039/11/7 612/14/7
f 3040/13/1215 3031/11/1214 3041/14/1217
f 3034/13/7 712/11/7 3042/14/7
f 3043/36/234 3029/37/1218 660/39/283
f 661/13/284 3044/11/287 676/14/290
f 3045/13/7 3046/11/7 714/14/7
f 3047/13/1219 3037/11/1213 3032/14/1215
f 3030/13/1213 3048/11/1219 3038/14/1216
f 3049/8/1220 3050/6/308 3051/9/308
f 3052/8/1221 3053/6/1222 3054/9/1223
f 3055/8/315 3056/6/328 789/9/316
f 3057/8/324 3053/6/1222 803/9/323
f 782/13/97 3058/11/97 3059/14/1224
f 812/13/328 3060/11/330 3061/14/1225
f 3055/8/315 3062/6/98 3063/9/328
f 3064/8/1226 3053/6/1222 3065/9/1227
f 3066/36/333 3067/37/383 823/39/1228
f 3068/13/1229 3069/11/1230 3070/14/1231
f 3071/13/7 2976/11/7 3072/14/7
f 3073/13/1232 3074/11/1229 3075/14/1232
f 3071/13/7 3076/11/7 887/14/7
f 3077/13/1233 3069/11/1230 3078/14/1234
f 3071/13/7 987/11/7 3079/14/7
f 3080/36/385 3067/37/383 935/39/384
f 936/13/387 3081/11/389 951/14/394
f 3082/13/7 3083/11/7 989/14/7
f 3084/13/1235 3074/11/1229 3070/14/1233
f 3068/13/1229 3085/11/1236 3075/14/1232
f 3086/227/1 3087/119/1 3088/116/1
f 3088/116/1 3087/119/1 3089/228/1
f 3090/229/1 3087/119/1 3086/227/1
f 3087/119/1 3090/229/1 3091/230/1
f 3092/29/1 1159/59/1 3093/30/1
f 3094/29/1 1159/59/1 3095/30/1
f 3096/231/1237 3097/110/7 3098/232/1238
f 3099/231/1239 3097/110/7 3100/232/1237
f 3101/29/1 1159/59/1 3102/30/1
f 3103/233/1 3104/234/1 1159/59/1
f 3105/231/1240 3097/110/7 3106/232/1239
f 3107/233/1 3108/235/1 1159/59/1
f 3109/27/1 3110/30/1 3111/29/1
f 3112/227/1 3088/116/1 3113/119/1
f 3114/229/1 3112/227/1 3113/119/1
f 3115/231/1241 3097/110/7 3116/232/1240
f 3117/231/1242 3097/110/7 3118/232/1243
f 1167/30/1 1165/66/1 3119/236/1
f 3088/116/1 3120/228/1 3113/119/1
f 3121/237/1 3114/229/1 3113/119/1
f 3122/231/1244 3097/110/7 3123/232/1245
f 3124/231/1243 3097/110/7 3125/232/1246
f 3126/231/1247 3097/110/7 3127/232/1244
f 3128/231/1246 3097/110/7 3129/232/1247
f 1180/73/7 1182/59/7 3130/30/7
f 1179/29/7 1177/72/7 3131/60/7
f 3132/63/7 1173/69/7 1172/67/7
f 3132/63/7 1172/67/7 3133/30/7
f 1028/54/1 1029/29/1 3134/238/1
f 1089/29/7 1088/63/7 3135/60/7
f 3136/227/1 3137/119/1 3138/116/1
f 3138/116/1 3137/119/1 3139/228/1
f 3140/229/1 3137/119/1 3136/227/1
f 3137/119/1 3140/229/1 3141/230/1
f 3142/29/1 1159/59/1 3143/30/1
f 3144/29/1 1159/59/1 3145/30/1
f 3146/231/1248 3097/110/7 3147/232/1242
f 3148/231/1249 3097/110/7 3149/232/1248
f 3150/29/1 1159/59/1 3151/30/1
f 3152/233/1 3153/234/1 1159/59/1
f 3154/231/1250 3097/110/7 3155/232/1249
f 3156/233/1 3157/235/1 1159/59/1
f 3158/27/1 3159/30/1 3160/29/1
f 3161/227/1 3138/116/1 3162/119/1
f 3163/229/1 3161/227/1 3162/119/1
f 3164/231/1251 3097/110/7 3165/232/1252
f 3166/231/1238 3097/110/7 3167/232/1253
f 1352/30/1 1350/66/1 3168/236/1
f 3138/116/1 3169/228/1 3162/119/1
f 3170/237/1 3163/229/1 3162/119/1
f 3171/231/1254 3097/110/7 3172/232/1255
f 3173/231/1253 3097/110/7 3174/232/1256
f 3175/231/1257 3097/110/7 3176/232/1258
f 3177/231/1256 3097/110/7 3178/232/1259
f 1365/73/7 1367/59/7 3179/30/7
f 1364/29/7 1362/72/7 3180/60/7
f 3181/63/7 1358/69/7 1357/67/7
f 3181/63/7 1357/67/7 3182/30/7
f 3183/29/1 1159/59/1 3184/30/1
f 1214/54/1 1215/29/1 3185/238/1
f 1273/29/7 1272/63/7 3186/60/7
f 3187/239/1260 3188/240/1261 3189/241/1262
f 3188/240/1261 3190/242/1263 3189/241/1262
f 3190/242/1263 3191/243/1264 3189/241/1262
f 3191/243/1265 3192/242/1266 3189/241/1262
f 3192/242/1267 3193/240/1268 3189/241/1262
f 3193/240/1268 3187/239/1260 3189/241/1262
f 3194/33/1269 3195/31/496 3196/34/1270
f 3197/33/1271 3198/31/1271 3199/34/1271
f 3200/33/1272 3201/31/1273 3202/34/1273
f 3203/33/1274 3204/31/1274 3205/34/1274
f 3206/33/1275 3207/31/1275 3208/34/1275
f 3209/33/1276 3210/31/70 3211/34/1277
f 3212/33/1278 3213/31/1278 3214/34/1278
f 3215/33/1279 3216/31/1280 3217/34/1280
f 3218/244/1281 3219/245/1282 3220/246/420
f 3221/244/1283 3219/245/1282 3222/246/1281
f 3223/244/1284 3224/245/1285 3225/246/1286
f 3223/244/1284 3226/245/1287 3227/246/1285
f 3228/244/1288 3229/245/1289 3230/246/1290
f 3228/244/1291 3231/245/1292 3232/246/1289
f 3233/244/1292 3234/245/1288 3235/246/1293
f 3228/244/1288 3236/245/1284 3235/246/1293
f 3237/244/1294 3236/245/1284 3225/246/1286
f 3238/244/1295 3239/245/1294 3225/246/1286
f 3240/244/1289 3241/245/1295 3230/246/1290
f 3238/244/1295 3242/245/1286 3230/246/1290
f 3243/244/1296 3244/245/1297 3245/246/1298
f 3246/244/1299 3244/245/1297 3247/246/1296
f 3248/244/1297 3249/245/1300 3250/246/1301
f 3251/244/1302 3244/245/1297 3250/246/1301
f 3251/244/1303 3252/245/1301 3227/246/1285
f 3253/244/1301 3254/245/1304 3227/246/1305
f 3255/244/1304 3256/245/1298 3227/246/1285
f 3255/244/1304 3257/245/1296 3245/246/1298
f 3248/244/1297 3258/245/1306 3245/246/1298
f 3248/244/1297 3259/245/1307 3260/246/1306
f 3261/244/1308 3244/245/1297 3262/246/1309
f 3248/244/1297 3263/245/1283 3262/246/1310
f 3264/244/1310 3263/245/1311 3222/246/1281
f 3265/244/1312 3266/245/1310 3222/246/1281
f 3267/244/1306 3268/245/1313 3245/246/1298
f 3269/244/1298 3268/245/1313 3222/246/1281
f 3270/244/1314 3234/245/1315 3230/246/1290
f 3271/244/1316 3234/245/1317 3272/246/1314
f 3228/244/1317 3273/245/1316 3274/246/1318
f 3275/244/1282 3234/245/1291 3274/246/1318
f 3275/244/1282 3276/245/1318 3220/246/420
f 3277/244/1318 3278/245/1319 3220/246/420
f 3279/244/1320 3280/245/1320 3230/246/1290
f 3281/244/1320 3282/245/1321 3230/246/1290
f 3283/247/1322 3284/248/1323 3285/249/1324
f 3286/247/1322 3284/248/1323 3287/249/1322
f 3288/247/1324 3289/248/1325 3290/249/1325
f 3291/247/1323 3289/248/1325 3285/249/1326
f 3292/247/1325 3293/248/1327 3294/249/1327
f 3295/247/1325 3289/248/1325 3294/249/1328
f 3296/247/1329 3297/248/1330 3294/249/1327
f 3298/247/1327 3299/248/1329 3294/249/1327
f 3296/247/1329 3300/248/1331 3301/249/1329
f 3296/247/1329 3302/248/1332 3303/249/1331
f 3304/247/1332 3305/248/1322 3303/249/1331
f 3304/247/1332 3306/248/1322 3287/249/1322
f 3307/247/1 3308/248/1 3309/249/1
f 3310/247/1 3311/248/1 3309/249/1
f 3312/247/1 3313/248/1 3309/249/1
f 3312/247/1 3314/248/1 3315/249/1
f 3316/244/527 3317/245/527 3318/246/527
f 3319/244/527 3320/245/527 3318/246/527
f 3321/244/527 3322/245/527 3323/246/527
f 3324/244/527 3325/245/527 3323/246/527
f 3326/244/1333 3327/245/1333 3328/246/1333
f 3329/244/1333 3330/245/1333 3328/246/1333
f 3331/247/1334 3332/248/1334 3333/249/1334
f 3334/247/1334 3335/248/1334 3333/249/1334
f 3336/247/1335 3337/248/1335 3338/249/1335
f 3339/247/1335 3340/248/1335 3338/249/1335
f 3341/244/391 3342/245/391 3343/246/391
f 3344/244/391 3345/245/391 3343/246/391
f 3346/244/1336 3347/245/1336 3348/246/1336
f 3349/244/1337 3350/245/1337 3351/246/1337
f 3352/247/1335 3353/248/1335 3354/249/1335
f 3355/247/1335 3356/248/1335 3354/249/1335
f 3357/247/1334 3358/248/1334 3359/249/1334
f 3360/247/1334 3361/248/1334 3359/249/1334
f 3362/244/112 3363/245/112 3364/246/112
f 3365/244/112 3366/245/112 3364/246/112
f 3367/244/520 3368/245/520 3369/246/520
f 3370/244/520 3371/245/520 3369/246/520
f 3372/244/520 3373/245/520 3374/246/520
f 3375/244/520 3376/245/520 3374/246/520
f 3377/247/1338 3378/248/1338 3379/249/1338
f 3380/247/1338 3381/248/1338 3379/249/1338
f 3382/244/94 3383/245/94 3384/246/94
f 3385/244/94 3386/245/94 3384/246/94
f 3387/247/1339 3388/248/1339 3389/249/1339
f 3390/247/1339 3391/248/1339 3389/249/1339
f 3392/244/1340 3393/245/1340 3394/246/1340
f 3395/244/1341 3396/245/1341 3397/246/1341
f 3398/244/1342 3399/245/1342 3400/246/1342
f 3401/244/1342 3402/245/1342 3400/246/1342
f 3403/247/1339 3404/248/1339 3405/249/1339
f 3406/247/1339 3407/248/1339 3405/249/1339
f 3408/244/1343 3409/245/1343 3410/246/1343
f 3411/244/1343 3412/245/1343 3410/246/1343
f 3413/247/1338 3414/248/1338 3415/249/1338
f 3416/247/1338 3417/248/1338 3415/249/1338
f 3418/33/552 1618/31/552 3419/34/1344
f 3420/33/560 3421/31/1345 3422/34/560
f 1737/100/647 1718/101/615 3423/99/1346
f 1731/103/637 3424/250/1 1732/104/638
f 1734/103/642 3424/250/1 1733/104/640
f 3424/250/1 1738/104/650 1739/103/651
f 1732/104/638 3424/250/1 1743/103/657
f 1743/103/657 3424/250/1 1742/104/655
f 1742/104/655 3424/250/1 1741/103/654
f 3424/250/1 1740/104/652 1741/103/654
f 3424/250/1 1734/103/642 1735/104/645
f 3424/250/1 1736/103/646 1738/104/650
f 3424/250/1 1735/104/645 1736/103/646
f 3424/250/1 1739/103/651 1740/104/652
f 1733/104/640 3424/250/1 1731/103/637
f 3425/33/671 1769/31/671 3426/34/1347
f 3427/33/673 3428/31/1348 3429/34/673
f 3430/33/686 1801/31/686 3431/34/1349
f 3432/33/1350 3433/31/1351 3434/34/688
f 3435/239/1352 3436/240/1353 3437/241/1354
f 3436/240/1353 3438/242/1355 3437/241/1354
f 3438/242/1355 3439/243/1356 3437/241/1354
f 3439/243/1357 3440/242/1358 3437/241/1354
f 3440/242/1359 3441/240/1360 3437/241/1354
f 3441/240/1360 3435/239/1352 3437/241/1354
f 3442/33/1361 3443/31/70 3444/34/1361
f 3445/33/1362 3446/31/1362 3447/34/1362
f 3448/33/1363 3449/31/1363 3450/34/1363
f 3451/33/1364 3452/31/1364 3453/34/1364
f 3454/33/1365 3455/31/1365 3456/34/1365
f 3457/33/1366 3458/31/1366 3459/34/1367
f 3460/33/1368 3461/31/1368 3462/34/496
f 3463/33/1369 3464/31/1369 3465/34/1369
f 3466/178/853 3467/86/854 3468/88/1370
f 2218/131/858 2217/130/858 3469/251/1371
f 3470/252/1372 2269/133/874 2271/132/874
f 3471/127/1 3472/155/1 3473/158/1
f 3474/251/1373 2272/130/875 2270/131/875
f 3475/120/845 3476/86/846 3477/88/963
f 2220/133/1374 3478/252/1375 2219/132/1374
f 3479/127/878 3480/155/879 3481/105/878
f 3482/33/907 3483/31/1376 2344/34/906
f 3484/33/906 3483/31/1376 146/34/1377
f 3485/127/884 3486/155/1378 3487/105/876
f 3488/120/920 3489/86/921 3490/88/1379
f 2403/131/922 2402/130/922 3491/251/1380
f 3492/252/1381 2446/133/937 2448/132/937
f 3493/251/1382 2449/130/938 2447/131/938
f 3494/120/910 3495/86/912 3496/88/964
f 2405/133/923 3497/252/1383 2404/132/923
f 3498/127/1 2477/155/1 3499/105/1
f 3500/33/1384 3501/31/1385 2525/34/1386
f 3502/33/957 3501/31/1387 166/34/87
f 3503/120/1388 3504/176/1388 3505/253/1388
f 2551/178/868 3506/88/868 2552/86/868
f 2557/120/1389 2558/181/1389 3507/254/1389
f 2563/182/932 2564/86/932 3508/180/932
f 2576/190/971 3509/206/1390 2578/192/981
f 3510/203/1391 2634/204/1392 2633/206/1003
f 3511/189/1393 2599/194/989 2601/193/989
f 3512/189/1394 3513/193/1394 3514/191/1394
f 2776/190/1088 3515/206/1395 2778/192/1090
f 3516/203/1396 2834/204/1120 2833/206/1120
f 3517/189/1397 2799/194/1107 2801/193/1107
f 3518/189/1398 3519/193/1398 3520/191/1398
