# Created by MKDS Course Modifier
mtllib Ancient.mtl
g polygon0
usemtl rex_mw
v -1.296631 0.2993164 1.34668
v -1.60791 0.2993164 0.9121094
v -1.433594 -0.1350098 1.51416
v -1.747803 -0.1350098 0.9675293
v -1.300537 -0.456543 1.344971
v -1.61084 -0.456543 0.9089355
vn -0.78125 0.3769531 0.4980469
vn -0.78125 0.3769531 0.4980469
vn -0.8417969 -0.05664063 0.5371094
vn -0.8417969 -0.05664063 0.5371094
vn -0.75 -0.5 0.4335938
vn -0.75 -0.5 0.4335938
vt 0.1914063 -0.7392578
vt 0.2626953 -0.7392578
vt 0.1811523 -0.855957
vt 0.265625 -0.855957
vt 0.1918945 -0.9736328
vt 0.2631836 -0.9736328
f 1/1/1 2/2/2 3/3/3
f 2/2/2 4/4/4 3/3/3
f 3/3/3 4/4/4 5/5/5
f 4/4/4 6/6/6 5/5/5
v 0.5766602 -0.4772949 -1.69873
v 0.01831055 -0.456543 -1.849609
v 0.5566406 -0.1350098 -1.87793
v 0.03588867 -0.1350098 -1.997559
v 0.5302734 0.2993164 -1.734375
v 0.01391602 0.2993164 -1.848633
vn 0.2109375 -0.4316406 -0.8769531
vn 0.2109375 -0.4316406 -0.8769531
vn 0.2265625 -0.05859375 -0.9726563
vn 0.2265625 -0.05859375 -0.9726563
vn 0.2089844 0.3222656 -0.9238281
vn 0.2089844 0.3222656 -0.9238281
vt 0.3378906 -0.9736328
vt 0.2631836 -0.9736328
vt 0.3349609 -0.855957
vt 0.265625 -0.855957
vt 0.331543 -0.7392578
vt 0.2626953 -0.7392578
f 7/7/7 8/8/8 9/9/9
f 8/8/8 10/10/10 9/9/9
f 9/9/9 10/10/10 11/11/11
f 10/10/10 12/12/12 11/11/11
v 1.023193 0.3144531 -1.490723
v 1.225586 0.3120117 -1.229248
v 1.09668 -0.06445313 -1.560547
v 1.365967 -0.07519531 -1.293701
v 0.9873047 -0.4797363 -1.503906
v 1.26001 -0.4326172 -1.14209
vn 0.7128906 0.3085938 -0.6289063
vn 0.8457031 0.3457031 -0.4042969
vn 0.7617188 -0.03125 -0.6464844
vn 0.9160156 0 -0.4003906
vn 0.7167969 -0.3613281 -0.5976563
vn 0.8710938 -0.3496094 -0.3457031
vt 0.3974609 -0.7392578
vt 0.4418945 -0.7392578
vt 0.3964844 -0.855957
vt 0.4560547 -0.855957
vt 0.3925781 -0.9736328
vt 0.4462891 -0.9736328
f 13/13/13 14/14/14 15/15/15
f 14/14/14 16/16/16 15/15/15
f 15/15/15 16/16/16 17/17/17
f 16/16/16 18/18/18 17/17/17
v 0.5302734 0.2993164 -1.734375
v 1.023193 0.3144531 -1.490723
v 0.5566406 -0.1350098 -1.87793
v 1.09668 -0.06445313 -1.560547
v 0.5766602 -0.4772949 -1.69873
v 0.9873047 -0.4797363 -1.503906
vn 0.4414063 0.2773438 -0.8535156
vn 0.4414063 0.2773438 -0.8535156
vn 0.4746094 -0.01757813 -0.8789063
vn 0.4746094 -0.01757813 -0.8789063
vn 0.4667969 -0.3125 -0.8261719
vn 0.4667969 -0.3125 -0.8261719
vt 0.331543 -0.7392578
vt 0.3974609 -0.7392578
vt 0.3349609 -0.855957
vt 0.3964844 -0.855957
vt 0.3378906 -0.9736328
vt 0.3925781 -0.9736328
f 19/19/19 20/20/20 21/21/21
f 20/20/20 22/22/22 21/21/21
f 21/21/21 22/22/22 23/23/23
f 22/22/22 24/24/24 23/23/23
v -0.5180664 0.2993164 -1.796387
v 0.01391602 0.2993164 -1.848633
v -0.5944824 -0.1350098 -1.998535
v 0.03588867 -0.1350098 -1.997559
v -0.5144043 -0.456543 -1.798584
v 0.01831055 -0.456543 -1.849609
vn -0.04101563 0.3769531 -0.9257813
vn -0.04101563 0.3769531 -0.9257813
vn -0.04296875 -0.05664063 -0.9980469
vn -0.04296875 -0.05664063 -0.9980469
vn -0.03710938 -0.4785156 -0.8769531
vn -0.03710938 -0.4785156 -0.8769531
vt 0.1914063 -0.7392578
vt 0.2626953 -0.7392578
vt 0.1811523 -0.855957
vt 0.265625 -0.855957
vt 0.1918945 -0.9736328
vt 0.2631836 -0.9736328
f 25/25/25 26/26/26 27/27/27
f 26/26/26 28/28/28 27/27/27
f 27/27/27 28/28/28 29/29/29
f 28/28/28 30/30/30 29/29/29
v 1.814697 0.2993164 0.4494629
v 1.593994 0.2993164 0.9365234
v 2.028076 -0.1350098 0.484375
v 1.711914 -0.1350098 1.029785
v 1.814941 -0.456543 0.4538574
v 1.592773 -0.456543 0.9406738
vn 0.8222656 0.3769531 0.4277344
vn 0.8222656 0.3769531 0.4277344
vn 0.8847656 -0.05664063 0.4609375
vn 0.8847656 -0.05664063 0.4609375
vn 0.7792969 -0.4785156 0.40625
vn 0.7792969 -0.4785156 0.40625
vt 0.1914063 -0.7392578
vt 0.2626953 -0.7392578
vt 0.1811523 -0.855957
vt 0.265625 -0.855957
vt 0.1918945 -0.9736328
vt 0.2631836 -0.9736328
f 31/31/31 32/32/32 33/33/33
f 32/32/32 34/34/34 33/33/33
f 33/33/33 34/34/34 35/35/35
f 34/34/34 36/36/36 35/35/35
v 1.593994 0.2993164 0.9365234
v 1.236816 0.2993164 1.326416
v 1.711914 -0.1350098 1.029785
v 1.3479 -0.1350098 1.421143
v 1.592773 -0.456543 0.9406738
v 1.182617 -0.4772949 1.348877
vn 0.6953125 0.3222656 0.6425781
vn 0.6953125 0.3222656 0.6425781
vn 0.7285156 -0.06445313 0.6816406
vn 0.7285156 -0.06445313 0.6816406
vn 0.6621094 -0.4414063 0.6054688
vn 0.6621094 -0.4414063 0.6054688
vt 0.2626953 -0.7392578
vt 0.331543 -0.7392578
vt 0.265625 -0.855957
vt 0.3349609 -0.855957
vt 0.2631836 -0.9736328
vt 0.3378906 -0.9736328
f 37/37/37 38/38/38 39/39/39
f 38/38/38 40/40/40 39/39/39
f 39/39/39 40/40/40 41/41/41
f 40/40/40 42/42/42 41/41/41
v 1.236816 0.2993164 1.326416
v 1.593994 0.2993164 0.9365234
v 0.9296875 -0.09887695 1.452393
v 1.490967 -0.1345215 0.8369141
v 1.182617 -0.4772949 1.348877
v 1.592773 -0.456543 0.9406738
vn -0.6933594 0.3222656 -0.6445313
vn -0.6933594 0.3222656 -0.6445313
vn -0.7285156 -0.05078125 -0.6835938
vn -0.7285156 -0.05078125 -0.6835938
vn -0.6835938 -0.3457031 -0.6425781
vn -0.6835938 -0.3457031 -0.6425781
vt 0.3364258 -0.7509766
vt 0.2626953 -0.7509766
vt 0.4077148 -0.8647461
vt 0.2573242 -0.875
vt 0.3442383 -0.9726563
vt 0.2636719 -0.9667969
f 43/43/43 44/44/44 45/45/45
f 44/44/44 46/46/46 45/45/45
f 45/45/45 46/46/46 47/47/47
f 46/46/46 48/48/48 47/47/47
v 1.236816 0.2993164 1.326416
v 0.7792969 0.3144531 1.631592
v 1.3479 -0.1350098 1.421143
v 0.8032227 -0.06445313 1.72998
v 1.182617 -0.4772949 1.348877
v 0.8085938 -0.4797363 1.606934
vn 0.4960938 0.2988281 0.8164063
vn 0.4960938 0.2988281 0.8164063
vn 0.5 0.01171875 0.8652344
vn 0.5 0.01171875 0.8652344
vn 0.4824219 -0.3125 0.8183594
vn 0.4824219 -0.3125 0.8183594
vt 0.331543 -0.7392578
vt 0.3974609 -0.7392578
vt 0.3349609 -0.855957
vt 0.3964844 -0.855957
vt 0.3378906 -0.9736328
vt 0.3925781 -0.9736328
f 49/49/49 50/50/50 51/51/51
f 50/50/50 52/52/52 51/51/51
f 51/51/51 52/52/52 53/53/53
f 52/52/52 54/54/54 53/53/53
v 0.7792969 0.3144531 1.631592
v 0.4516602 0.3120117 1.676025
v 0.8032227 -0.06445313 1.72998
v 0.4375 -0.07519531 1.829834
v 0.8085938 -0.4797363 1.606934
v 0.3591309 -0.4326172 1.662354
vn 0.1875 0.3085938 0.9316406
vn -0.07226563 0.3457031 0.9355469
vn 0.171875 -0.03320313 0.984375
vn -0.1308594 0 0.9921875
vn 0.1582031 -0.3613281 0.9199219
vn -0.1367188 -0.3496094 0.9277344
vt 0.3974609 -0.7392578
vt 0.4418945 -0.7392578
vt 0.3964844 -0.855957
vt 0.4560547 -0.855957
vt 0.3925781 -0.9736328
vt 0.4462891 -0.9736328
f 55/55/55 56/56/56 57/57/57
f 56/56/56 58/58/58 57/57/57
f 57/57/57 58/58/58 59/59/59
f 58/58/58 60/60/60 59/59/59
v -1.802734 0.3144531 -0.1408691
v -1.677246 0.3120117 -0.4467773
v -1.899902 -0.06445313 -0.1694336
v -1.803223 -0.07519531 -0.5361328
v -1.796143 -0.4797363 -0.1032715
v -1.619141 -0.4326172 -0.5200195
vn -0.9003906 0.3085938 -0.3027344
vn -0.7734375 0.3457031 -0.53125
vn -0.9414063 -0.03125 -0.3378906
vn -0.8105469 -0.015625 -0.5859375
vn -0.875 -0.3613281 -0.3222656
vn -0.734375 -0.3496094 -0.5820313
vt 0.3974609 -0.7392578
vt 0.4418945 -0.7392578
vt 0.3964844 -0.855957
vt 0.4560547 -0.855957
vt 0.3925781 -0.9736328
vt 0.4462891 -0.9736328
f 61/61/61 62/62/62 63/63/63
f 62/62/62 64/64/64 63/63/63
f 63/63/63 64/64/64 65/65/65
f 64/64/64 66/66/66 65/65/65
v -1.60791 0.2993164 0.9121094
v -1.767334 0.2993164 0.407959
v -1.747803 -0.1350098 0.9675293
v -1.904541 -0.1350098 0.4567871
v -1.61084 -0.456543 0.9089355
v -1.759521 -0.4772949 0.3498535
vn -0.9042969 0.3222656 0.28125
vn -0.9042969 0.3222656 0.28125
vn -0.9550781 -0.05859375 0.2890625
vn -0.9550781 -0.05859375 0.2890625
vn -0.8652344 -0.4316406 0.2558594
vn -0.8652344 -0.4316406 0.2558594
vt 0.2626953 -0.7392578
vt 0.331543 -0.7392578
vt 0.265625 -0.855957
vt 0.3349609 -0.855957
vt 0.2631836 -0.9736328
vt 0.3378906 -0.9736328
f 67/67/67 68/68/68 69/69/69
f 68/68/68 70/70/70 69/69/69
f 69/69/69 70/70/70 71/71/71
f 70/70/70 72/72/72 71/71/71
v -1.767334 0.2993164 0.407959
v -1.60791 0.2993164 0.9121094
v -1.722656 -0.09887695 0.07885742
v -1.470215 -0.1345215 0.8725586
v -1.759521 -0.4772949 0.3498535
v -1.61084 -0.456543 0.9089355
vn 0.9042969 0.3222656 -0.2773438
vn 0.9042969 0.3222656 -0.2773438
vn 0.9570313 -0.01367188 -0.2910156
vn 0.9570313 -0.01367188 -0.2910156
vn 0.8984375 -0.3457031 -0.2695313
vn 0.8984375 -0.3457031 -0.2695313
vt 0.3364258 -0.7509766
vt 0.2626953 -0.7509766
vt 0.4077148 -0.8647461
vt 0.2573242 -0.875
vt 0.3442383 -0.9726563
vt 0.2636719 -0.9667969
f 73/73/73 74/74/74 75/75/75
f 74/74/74 76/76/76 75/75/75
f 75/75/75 76/76/76 77/77/77
f 76/76/76 78/78/78 77/77/77
v -1.767334 0.2993164 0.407959
v -1.802734 0.3144531 -0.1408691
v -1.904541 -0.1350098 0.4567871
v -1.899902 -0.06445313 -0.1694336
v -1.759521 -0.4772949 0.3498535
v -1.796143 -0.4797363 -0.1032715
vn -0.9589844 0.2773438 0.04492188
vn -0.9589844 0.2773438 0.04492188
vn -1 0 0
vn -1 0 0
vn -0.9492188 -0.3125 0.0078125
vn -0.9492188 -0.3125 0.0078125
vt 0.331543 -0.7392578
vt 0.3974609 -0.7392578
vt 0.3349609 -0.855957
vt 0.3964844 -0.855957
vt 0.3378906 -0.9736328
vt 0.3925781 -0.9736328
f 79/79/79 80/80/80 81/81/81
f 80/80/80 82/82/82 81/81/81
f 81/81/81 82/82/82 83/83/83
f 82/82/82 84/84/84 83/83/83
v 0.5302734 0.2993164 -1.734375
v 0.01391602 0.2993164 -1.848633
v 0.7932129 -0.09887695 -1.53125
v -0.02050781 -0.1345215 -1.709717
v 0.5766602 -0.4772949 -1.69873
v 0.01831055 -0.456543 -1.849609
vn -0.2109375 0.3222656 0.9238281
vn -0.2109375 0.3222656 0.9238281
vn -0.2265625 -0.01367188 0.9746094
vn -0.2265625 -0.01367188 0.9746094
vn -0.2148438 -0.3457031 0.9140625
vn -0.2148438 -0.3457031 0.9140625
vt 0.3364258 -0.7509766
vt 0.2626953 -0.7509766
vt 0.4077148 -0.8647461
vt 0.2573242 -0.875
vt 0.3442383 -0.9726563
vt 0.2636719 -0.9667969
f 85/85/85 86/86/86 87/87/87
f 86/86/86 88/88/88 87/87/87
f 87/87/87 88/88/88 89/89/89
f 88/88/88 90/90/90 89/89/89
v -0.1958008 0.02172852 0.3410645
v -0.5332031 0.02172852 0.3105469
v -0.3908691 0.02172852 0.003173828
v -0.5332031 0.02172852 -0.3044434
v -0.1958008 0.02172852 -0.3347168
v -0.0007324219 0.02172852 -0.6120605
v 0.1945801 0.02172852 -0.3347168
v 0.5319824 0.02172852 -0.3044434
v 0.3896484 0.02172852 0.003173828
v 0.5319824 0.02172852 0.3105469
v 0.1945801 0.02172852 0.3410645
v -0.0007324219 0.02172852 0.6181641
v -0.1958008 0.02172852 0.3410645
v -0.5332031 0.02172852 0.3105469
vn 0.2167969 -0.75 -0.625
vn -0.6035156 -0.7363281 0.3066406
vn 0.6503906 -0.75 -0.125
vn -0.5703125 -0.7519531 -0.3300781
vn 0.4335938 -0.75 0.5
vn 0 -0.7519531 -0.6582031
vn -0.2167969 -0.75 0.625
vn 0.6035156 -0.7363281 -0.3066406
vn -0.6503906 -0.75 0.125
vn 0.5703125 -0.7519531 0.3300781
vn -0.4335938 -0.75 -0.5
vn 0 -0.7519531 0.6582031
vn 0.2167969 -0.75 -0.625
vn -0.6035156 -0.7363281 0.3066406
vt 0.8168945 -0.1972656
vt 0.8173828 -0.1933594
vt 0.8208008 -0.1953125
vt 0.824707 -0.1933594
vt 0.824707 -0.1972656
vt 0.828125 -0.199707
vt 0.824707 -0.2021484
vt 0.824707 -0.206543
vt 0.8208008 -0.2045898
vt 0.8173828 -0.206543
vt 0.8168945 -0.2021484
vt 0.8139648 -0.199707
vt 0.8168945 -0.1972656
vt 0.8173828 -0.1933594
f 91/91/91 92/92/92 93/93/93
f 92/92/92 94/94/94 93/93/93
f 93/93/93 94/94/94 95/95/95
f 94/94/94 96/96/96 95/95/95
f 95/95/95 96/96/96 97/97/97
f 96/96/96 98/98/98 97/97/97
f 97/97/97 98/98/98 99/99/99
f 98/98/98 100/100/100 99/99/99
f 99/99/99 100/100/100 101/101/101
f 100/100/100 102/102/102 101/101/101
f 101/101/101 102/102/102 103/103/103
f 102/102/102 104/104/104 103/103/103
v -0.1958008 0.1750488 -0.3347168
v 0.1945801 0.02172852 -0.3347168
v 0.1945801 0.1750488 -0.3347168
v 0.3896484 0.02172852 0.003173828
v 0.3896484 0.1750488 0.003173828
v 0.1945801 0.02172852 0.3410645
v 0.1945801 0.1750488 0.3410645
v -0.1958008 0.02172852 0.3410645
v -0.1958008 0.1750488 0.3410645
v -0.3908691 0.02172852 0.003173828
v -0.3908691 0.1750488 0.003173828
v -0.1958008 0.02172852 -0.3347168
v -0.1958008 0.1750488 -0.3347168
v 0.1945801 0.02172852 -0.3347168
vn 0.1796875 0.8339844 0.5214844
vn -0.2167969 -0.75 0.625
vn -0.3613281 0.8339844 0.4179688
vn -0.6503906 -0.75 0.125
vn -0.4921875 0.8613281 -0.1210938
vn -0.4335938 -0.75 -0.5
vn -0.1796875 0.8339844 -0.5214844
vn 0.2167969 -0.75 -0.625
vn 0.3613281 0.8339844 -0.4179688
vn 0.6503906 -0.75 -0.125
vn 0.4921875 0.8613281 0.1210938
vn 0.4335938 -0.75 0.5
vn 0.1796875 0.8339844 0.5214844
vn -0.2167969 -0.75 0.625
vt 0.9926758 -0.4223633
vt 0.9301758 -0.340332
vt 0.9926758 -0.340332
vt 0.9301758 -0.2993164
vt 0.9926758 -0.2993164
vt 0.9301758 -0.340332
vt 0.9926758 -0.340332
vt 0.9301758 -0.4223633
vt 0.9926758 -0.4223633
vt 0.9301758 -0.4633789
vt 0.9926758 -0.4633789
vt 0.9301758 -0.4223633
vt 0.9926758 -0.4223633
vt 0.9301758 -0.340332
f 105/105/105 106/106/106 107/107/107
f 106/106/106 108/108/108 107/107/107
f 107/107/107 108/108/108 109/109/109
f 108/108/108 110/110/110 109/109/109
f 109/109/109 110/110/110 111/111/111
f 110/110/110 112/112/112 111/111/111
f 111/111/111 112/112/112 113/113/113
f 112/112/112 114/114/114 113/113/113
f 113/113/113 114/114/114 115/115/115
f 114/114/114 116/116/116 115/115/115
f 115/115/115 116/116/116 117/117/117
f 116/116/116 118/118/118 117/117/117
v 1.03125 -0.2695313 0.4294434
v 0.826416 -0.2695313 0.3112793
v 0.826416 -0.3632813 0.3112793
v 0.826416 -0.2695313 0.003173828
v 0.826416 -0.3632813 0.003173828
v 0.826416 -0.2695313 -0.3049316
v 0.826416 -0.3632813 -0.3049316
v 1.03125 -0.2695313 -0.4230957
v 1.03125 -0.3632813 -0.4230957
v 1.068604 -0.3632813 -0.6142578
vn -0.4863281 0.7363281 0.4707031
vn -0.5664063 0.7558594 0.328125
vn -0.75 -0.5 0.4335938
vn -0.8320313 0.5546875 0
vn -0.8496094 -0.5253906 0
vn -0.7539063 0.6035156 -0.2617188
vn -0.6035156 -0.6035156 -0.5214844
vn -0.6289063 0.6367188 -0.4492188
vn -0.421875 -0.8554688 -0.3007813
vn -0.4921875 -0.8613281 0.1210938
vt 0.8862305 -0.3857422
vt 0.8701172 -0.3857422
vt 0.8701172 -0.3681641
vt 0.8701172 -0.3857422
vt 0.8701172 -0.3681641
vt 0.8701172 -0.3857422
vt 0.8701172 -0.3681641
vt 0.8862305 -0.3857422
vt 0.8862305 -0.3681641
vt 0.8886719 -0.3681641
f 119/119/119 120/120/120 121/121/121
f 120/120/120 122/122/122 121/121/121
f 121/121/121 122/122/122 123/123/123
f 122/122/122 124/124/124 123/123/123
f 123/123/123 124/124/124 125/125/125
f 124/124/124 126/126/126 125/125/125
f 125/125/125 126/126/126 127/127/127
f 126/126/126 128/128/128 127/127/127
v 0.3659668 -0.3632813 -1.368896
v 0.2897949 -0.3632813 -1.221924
v -0.0007324219 -0.3632813 -1.368896
v -0.0007324219 -0.3632813 -0.9519043
v -0.2910156 -0.3632813 -1.221924
v -0.6809082 -0.3632813 -0.559082
v -0.8908691 -0.3632813 -0.9030762
v -0.8859863 -0.3632813 -0.6774902
v -1.069824 -0.3632813 -0.6142578
vn 0.625 -0.7070313 0.3320313
vn 0.5527344 -0.8144531 -0.171875
vn 0 -1 0
vn -0.1035156 -0.8339844 0.5410156
vn -0.421875 -0.8554688 -0.3007813
vn 0 -0.6171875 0.7871094
vn 0.2832031 -0.8730469 -0.3984375
vn -0.06445313 -0.7402344 0.6699219
vn 0.3515625 -0.8613281 0.3671875
vt 0.7983398 -0.1821289
vt 0.7963867 -0.1816406
vt 0.7983398 -0.1787109
vt 0.7944336 -0.1787109
vt 0.7963867 -0.1762695
vt 0.7910156 -0.1728516
vt 0.7939453 -0.1713867
vt 0.7919922 -0.1713867
vt 0.7915039 -0.1694336
f 129/129/129 130/130/130 131/131/131
f 130/130/130 132/132/132 131/131/131
f 131/131/131 132/132/132 133/133/133
f 132/132/132 134/134/134 133/133/133
f 133/133/133 134/134/134 135/135/135
f 134/134/134 136/136/136 135/135/135
f 135/135/135 136/136/136 137/137/137
v -1.350098 -0.4003906 0.0078125
v -0.9523926 -0.4003906 0.9677734
v -1.089111 -0.3806152 1.101807
v -0.512207 -0.4003906 1.262207
v 0.004882813 -0.3806152 1.55542
v 0.5270996 -0.4003906 1.262207
v 1.099854 -0.3806152 1.101807
v 0.9682617 -0.4003906 0.9677734
v 1.365723 -0.4003906 0.0078125
vn 0.6835938 -0.7304688 0
vn 0.6601563 -0.5566406 -0.5058594
vn -0.4902344 -0.7148438 0.4980469
vn 0.2597656 -0.6289063 -0.7324219
vn 0 -0.6171875 0.7871094
vn -0.1582031 -0.7460938 -0.6464844
vn 0.4902344 -0.7148438 0.5
vn -0.6601563 -0.4433594 -0.6054688
vn -0.6816406 -0.7304688 0
vt 0.7719727 -0.1411133
vt 0.7641602 -0.1445313
vt 0.7617188 -0.1416016
vt 0.7617188 -0.1484375
vt 0.7573242 -0.152832
vt 0.7617188 -0.1577148
vt 0.7617188 -0.1640625
vt 0.7641602 -0.1611328
vt 0.7719727 -0.1645508
f 138/138/138 139/139/139 140/140/140
f 139/139/139 141/141/141 140/140/140
f 140/140/140 141/141/141 142/142/142
f 141/141/141 143/143/143 142/142/142
f 142/142/142 143/143/143 144/144/144
f 143/143/143 145/145/145 144/144/144
f 144/144/144 145/145/145 146/146/146
v 0.9682617 0.1335449 0.9677734
v 0.9682617 -0.4003906 0.9677734
v 0.5270996 0.1335449 1.262207
v 0.5270996 -0.4003906 1.262207
v 0.007324219 0.1335449 1.365479
v -0.512207 -0.4003906 1.262207
v -0.512207 0.1335449 1.262207
v -0.9523926 0.1335449 0.9677734
vn -0.46875 0.7480469 -0.46875
vn -0.6601563 -0.4433594 -0.6054688
vn -0.2441406 0.8417969 -0.4824219
vn -0.1582031 -0.7460938 -0.6464844
vn 0 0.6210938 -0.7832031
vn 0.2597656 -0.6289063 -0.7324219
vn 0.140625 0.9296875 -0.3378906
vn 0.4296875 0.7460938 -0.5058594
vt 0.9912109 -0.2685547
vt 0.9248047 -0.2685547
vt 0.9912109 -0.3061523
vt 0.9248047 -0.3061523
vt 0.9912109 -0.3320313
vt 0.9248047 -0.3579102
vt 0.9912109 -0.3579102
vt 0.9912109 -0.3969727
f 147/147/147 148/148/148 149/149/149
f 148/148/148 150/150/150 149/149/149
f 149/149/149 150/150/150 151/151/151
f 150/150/150 152/152/152 151/151/151
f 151/151/151 152/152/152 153/153/153
f 152/152/152 154/154/154 153/153/153
v -2.049072 -0.1953125 -0.848877
v -2.200195 -0.07666016 -0.8432617
v -1.255615 -0.2216797 -1.498535
v -0.8879395 -0.09521484 -2.090088
v -0.6918945 -0.2155762 -1.765869
v 0.1328125 -0.09228516 -2.194824
v 0.1696777 -0.2155762 -1.933838
v 1.007568 -0.2155762 -1.625977
vn -0.5097656 -0.6210938 -0.5957031
vn -0.4902344 -0.7148438 -0.4980469
vn -0.3515625 -0.796875 -0.4921875
vn -0.1953125 -0.9140625 -0.3554688
vn -0.09765625 -0.9433594 -0.3183594
vn 0 -0.9414063 -0.3378906
vn 0.08789063 -0.8847656 -0.4589844
vn 0.1328125 -0.9121094 -0.3886719
vt 0.3979492 -0.1508789
vt 0.3852539 -0.1518555
vt 0.465332 -0.08935547
vt 0.4956055 -0.03466797
vt 0.5136719 -0.06347656
vt 0.5893555 -0.0078125
vt 0.5878906 -0.03857422
vt 0.6616211 -0.06542969
f 155/155/155 156/156/156 157/157/157
f 156/156/156 158/158/158 157/157/157
f 157/157/157 158/158/158 159/159/159
f 158/158/158 160/160/160 159/159/159
f 159/159/159 160/160/160 161/161/161
f 160/160/160 162/162/162 161/161/161
v 0.2895508 -0.1953125 2.198975
v 0.369873 -0.07666016 2.327148
v -0.6699219 -0.2216797 1.83667
v -1.366211 -0.09521484 1.813965
v -1.18335 -0.2155762 1.482178
v -1.967285 -0.09228516 0.9824219
v -1.759521 -0.2155762 0.8200684
v -1.912109 -0.2155762 -0.05957031
vn -0.2597656 -0.6289063 0.7324219
vn -0.2167969 -0.75 0.625
vn -0.25 -0.796875 0.5507813
vn -0.2089844 -0.9140625 0.3476563
vn -0.2578125 -0.9355469 0.2402344
vn -0.3945313 -0.8945313 0.2089844
vn -0.3945313 -0.8945313 0.2089844
vn -0.4023438 -0.9121094 0.08007813
vt 0.3979492 -0.1508789
vt 0.3852539 -0.1518555
vt 0.465332 -0.08935547
vt 0.4956055 -0.03466797
vt 0.5136719 -0.06347656
vt 0.5893555 -0.0078125
vt 0.5878906 -0.03857422
vt 0.6616211 -0.06542969
f 163/163/163 164/164/164 165/165/165
f 164/164/164 166/166/166 165/165/165
f 165/165/165 166/166/166 167/167/167
f 166/166/166 168/168/168 167/167/167
f 167/167/167 168/168/168 169/169/169
f 168/168/168 170/170/170 169/169/169
v -0.9667969 -0.3632813 -1.045898
v -0.9667969 -0.2695313 -1.045898
v -0.8908691 -0.3632813 -0.9030762
v -0.8908691 -0.2695313 -0.9030762
v -0.2910156 -0.3632813 -1.221924
v -0.2910156 -0.2695313 -1.221924
v -0.3671875 -0.3632813 -1.368896
v -0.3671875 -0.2695313 -1.368896
vn 0.3945313 -0.8945313 -0.2089844
vn 0.6289063 0.7070313 -0.3242188
vn 0.2832031 -0.8730469 -0.3984375
vn 0 0.8613281 -0.5097656
vn -0.421875 -0.8554688 -0.3007813
vn -0.5097656 0.8613281 0
vn -0.7949219 -0.4472656 0.4101563
vn -0.625 0.7070313 0.3320313
vt 0.7319336 -0.3681641
vt 0.7319336 -0.3857422
vt 0.737793 -0.3681641
vt 0.737793 -0.3857422
vt 0.7841797 -0.3681641
vt 0.7841797 -0.3857422
vt 0.7783203 -0.3681641
vt 0.7783203 -0.3857422
f 171/171/171 172/172/172 173/173/173
f 172/172/172 174/174/174 173/173/173
f 173/173/173 174/174/174 175/175/175
f 174/174/174 176/176/176 175/175/175
f 175/175/175 176/176/176 177/177/177
f 176/176/176 178/178/178 177/177/177
v 0.3659668 -0.2695313 1.375244
v 0.3659668 -0.3632813 1.375244
v 0.2897949 -0.2695313 1.228027
v 0.2897949 -0.3632813 1.228027
v 0.8896484 -0.2695313 0.9091797
v 0.8896484 -0.3632813 0.9091797
v 0.9655762 -0.2695313 1.052246
v 0.9655762 -0.3632813 1.052246
vn 0.6289063 0.7070313 -0.3242188
vn 0.7949219 -0.4472656 -0.4101563
vn 0.5996094 0.8007813 -0.009765625
vn 0.421875 -0.8554688 0.3007813
vn 0.009765625 0.9121094 0.4082031
vn -0.2832031 -0.8730469 0.3984375
vn -0.625 0.7070313 0.3320313
vn -0.3945313 -0.8945313 0.2089844
vt 0.8344727 -0.3857422
vt 0.8344727 -0.3681641
vt 0.8291016 -0.3857422
vt 0.8291016 -0.3681641
vt 0.875 -0.3857422
vt 0.875 -0.3681641
vt 0.8808594 -0.3857422
vt 0.8808594 -0.3681641
f 179/179/179 180/180/180 181/181/181
f 180/180/180 182/182/182 181/181/181
f 181/181/181 182/182/182 183/183/183
f 182/182/182 184/184/184 183/183/183
f 183/183/183 184/184/184 185/185/185
f 184/184/184 186/186/186 185/185/185
v 0.3591309 -0.05444336 1.645996
v 0.2626953 -0.08862305 1.452881
v 0.8354492 -0.1118164 1.617676
v 0.7333984 -0.1049805 1.219238
v 1.216797 -0.07885742 1.334961
v 1.290039 -0.04907227 0.7636719
v 1.534668 -0.05078125 0.9836426
v 1.861328 -0.04882813 0.4523926
vn -0.1074219 -0.9589844 0.2597656
vn -0.02734375 -0.9980469 0.06835938
vn -0.02734375 -0.9980469 0.06835938
vn 0 -1 0
vn 0.02148438 -0.9980469 -0.0625
vn 0 -1 0
vn 0 -1 0
vn 0 -1 0
vt 0.7138672 -0.06005859
vt 0.703125 -0.08349609
vt 0.6523438 -0.03320313
vt 0.6113281 -0.06835938
vt 0.5654297 -0.03271484
vt 0.4853516 -0.1074219
vt 0.4907227 -0.05957031
vt 0.4101563 -0.1049805
f 187/187/187 188/188/188 189/189/189
f 188/188/188 190/190/190 189/189/189
f 189/189/189 190/190/190 191/191/191
f 190/190/190 192/192/192 191/191/191
f 191/191/191 192/192/192 193/193/193
f 192/192/192 194/194/194 193/193/193
v 0.8896484 -0.3632813 -0.9030762
v 0.9655762 -0.3632813 -1.045898
v 1.068604 -0.3632813 -0.6142578
v 1.469727 -0.3632813 0.003173828
v 1.03125 -0.3632813 -0.4230957
v 1.03125 -0.3632813 0.003173828
v 0.826416 -0.3632813 -0.3049316
v 0.826416 -0.3632813 0.003173828
vn -0.09765625 -0.9433594 -0.3183594
vn -0.6289063 -0.7070313 -0.3242188
vn -0.4921875 -0.8613281 0.1210938
vn 0 -1 0
vn -0.421875 -0.8554688 -0.3007813
vn 0 -1 0
vn -0.6035156 -0.6035156 -0.5214844
vn -0.8496094 -0.5253906 0
vt 0.7939453 -0.1865234
vt 0.7949219 -0.1870117
vt 0.7915039 -0.1879883
vt 0.7866211 -0.1943359
vt 0.7900391 -0.1879883
vt 0.7866211 -0.1879883
vt 0.7890625 -0.1860352
vt 0.7866211 -0.1860352
f 195/195/195 196/196/196 197/197/197
f 196/196/196 198/198/198 197/197/197
f 197/197/197 198/198/198 199/199/199
f 198/198/198 200/200/200 199/199/199
f 199/199/199 200/200/200 201/201/201
f 200/200/200 202/202/202 201/201/201
v -0.9667969 -0.2695313 1.052246
v -0.9667969 -0.3632813 1.052246
v -0.8908691 -0.2695313 0.9091797
v -0.8908691 -0.3632813 0.9091797
v -0.2910156 -0.2695313 1.228027
v -0.2910156 -0.3632813 1.228027
v -0.3671875 -0.2695313 1.375244
v -0.3671875 -0.3632813 1.375244
vn 0.3945313 0.8945313 0.2089844
vn 0.625 -0.7070313 0.3320313
vn 0.2832031 0.8730469 0.3984375
vn -0.009765625 -0.9121094 0.4082031
vn -0.3984375 0.8710938 0.2851563
vn -0.5996094 -0.8007813 -0.009765625
vn -0.7949219 0.4472656 -0.4101563
vn -0.6289063 -0.7070313 -0.3242188
vt 0.7319336 -0.3857422
vt 0.7319336 -0.3681641
vt 0.737793 -0.3857422
vt 0.737793 -0.3681641
vt 0.7841797 -0.3857422
vt 0.7841797 -0.3681641
vt 0.7783203 -0.3857422
vt 0.7783203 -0.3681641
f 203/203/203 204/204/204 205/205/205
f 204/204/204 206/206/206 205/205/205
f 205/205/205 206/206/206 207/207/207
f 206/206/206 208/208/208 207/207/207
f 207/207/207 208/208/208 209/209/209
f 208/208/208 210/210/210 209/209/209
v 0.8896484 -0.2695313 0.9091797
v 0.9655762 -0.2695313 1.052246
v 1.068604 -0.2695313 0.6203613
v 1.469727 -0.2695313 0.003173828
v 1.03125 -0.2695313 0.4294434
v 1.03125 -0.2695313 0.003173828
v 0.826416 -0.2695313 0.3112793
v 0.826416 -0.2695313 0.003173828
vn 0.009765625 0.9121094 0.4082031
vn -0.625 0.7070313 0.3320313
vn -0.4921875 0.8613281 -0.1210938
vn 0 0.9980469 0
vn -0.4863281 0.7363281 0.4707031
vn 0 0.9980469 0
vn -0.5664063 0.7558594 0.328125
vn -0.8320313 0.5546875 0
vt 0.8681641 -0.08740234
vt 0.8789063 -0.06689453
vt 0.890625 -0.125
vt 0.9931641 -0.2148438
vt 0.8828125 -0.1484375
vt 0.8876953 -0.2148438
vt 0.859375 -0.1640625
vt 0.859375 -0.2148438
f 211/211/211 212/212/212 213/213/213
f 212/212/212 214/214/214 213/213/213
f 213/213/213 214/214/214 215/215/215
f 214/214/214 216/216/216 215/215/215
f 215/215/215 216/216/216 217/217/217
f 216/216/216 218/218/218 217/217/217
v -1.605225 -0.05444336 -0.5119629
v -1.389404 -0.08862305 -0.4990234
v -1.818604 -0.1118164 -0.08520508
v -1.422607 -0.1049805 0.02563477
v -1.764404 -0.07885742 0.3862305
v -1.306396 -0.04907227 0.7353516
v -1.619141 -0.05078125 0.8371582
v -1.32251 -0.04882813 1.385742
vn -0.1796875 -0.953125 -0.2421875
vn -0.05859375 -0.9921875 -0.1152344
vn -0.0390625 -0.9980469 -0.0546875
vn 0 -1 0
vn -0.02734375 -0.9980469 0.06835938
vn 0 -1 0
vn 0 -1 0
vn 0 -1 0
vt 0.7138672 -0.06005859
vt 0.703125 -0.08349609
vt 0.6523438 -0.03320313
vt 0.6113281 -0.06835938
vt 0.5654297 -0.03271484
vt 0.4853516 -0.1074219
vt 0.4907227 -0.05957031
vt 0.4101563 -0.1049805
f 219/219/219 220/220/220 221/221/221
f 220/220/220 222/222/222 221/221/221
f 221/221/221 222/222/222 223/223/223
f 222/222/222 224/224/224 223/223/223
f 223/223/223 224/224/224 225/225/225
f 224/224/224 226/226/226 225/225/225
v -0.8908691 -0.2695313 -0.9030762
v -0.9667969 -0.2695313 -1.045898
v -1.069824 -0.2695313 -0.6142578
v -1.477783 -0.2695313 0.0004882813
v -1.032715 -0.2695313 -0.4230957
v -1.032715 -0.2695313 0.003173828
v -0.8278809 -0.2695313 -0.3049316
v -0.8278809 -0.2695313 0.003173828
vn 0 0.8613281 -0.5097656
vn 0.6289063 0.7070313 -0.3242188
vn 0.4921875 0.8613281 0.1210938
vn 0 0.9980469 0
vn 0.4863281 0.7363281 -0.4726563
vn 0 0.9980469 0
vn 0.5664063 0.7558594 -0.328125
vn 0.8320313 0.5546875 0
vt 0.8686523 -0.08691406
vt 0.8789063 -0.06689453
vt 0.890625 -0.125
vt 0.9931641 -0.2148438
vt 0.8828125 -0.1484375
vt 0.8881836 -0.2148438
vt 0.859375 -0.1640625
vt 0.8598633 -0.2148438
f 227/227/227 228/228/228 229/229/229
f 228/228/228 230/230/230 229/229/229
f 229/229/229 230/230/230 231/231/231
f 230/230/230 232/232/232 231/231/231
f 231/231/231 232/232/232 233/233/233
f 232/232/232 234/234/234 233/233/233
v 1.24585 -0.05444336 -1.134033
v 1.126709 -0.08862305 -0.9538574
v 0.9831543 -0.1118164 -1.532227
v 0.689209 -0.1049805 -1.244629
v 0.5476074 -0.07885742 -1.721191
v 0.01635742 -0.04907227 -1.499023
v 0.0847168 -0.05078125 -1.820801
v -0.5390625 -0.04882813 -1.838135
vn 0.2441406 -0.96875 -0.02148438
vn 0.1289063 -0.9921875 0.0078125
vn 0.06640625 -0.9980469 -0.0078125
vn 0 -1 0
vn -0.0703125 -0.9980469 0.0078125
vn 0 -1 0
vn 0 -1 0
vn 0 -1 0
vt 0.7138672 -0.06005859
vt 0.703125 -0.08349609
vt 0.6523438 -0.03320313
vt 0.6113281 -0.06835938
vt 0.5654297 -0.03271484
vt 0.4853516 -0.1074219
vt 0.4907227 -0.05957031
vt 0.4101563 -0.1049805
f 235/235/235 236/236/236 237/237/237
f 236/236/236 238/238/238 237/237/237
f 237/237/237 238/238/238 239/239/239
f 238/238/238 240/240/240 239/239/239
f 239/239/239 240/240/240 241/241/241
f 240/240/240 242/242/242 241/241/241
v 1.759521 -0.1953125 -1.350098
v 1.830566 -0.07666016 -1.483887
v 1.925781 -0.2216797 -0.3381348
v 2.25415 -0.09521484 0.276123
v 1.875244 -0.2155762 0.2836914
v 1.834473 -0.09228516 1.212402
v 1.589844 -0.2155762 1.11377
v 0.904541 -0.2155762 1.685547
vn 0.7519531 -0.6484375 -0.1210938
vn 0.6503906 -0.75 -0.125
vn 0.6015625 -0.796875 -0.05859375
vn 0.4042969 -0.9140625 0.0078125
vn 0.3359375 -0.9355469 0.1035156
vn 0.3164063 -0.921875 0.2265625
vn 0.3164063 -0.921875 0.2265625
vn 0.2695313 -0.9121094 0.3085938
vt 0.3979492 -0.1508789
vt 0.3852539 -0.1518555
vt 0.465332 -0.08935547
vt 0.4956055 -0.03466797
vt 0.5136719 -0.06347656
vt 0.5893555 -0.0078125
vt 0.5878906 -0.03857422
vt 0.6616211 -0.06542969
f 243/243/243 244/244/244 245/245/245
f 244/244/244 246/246/246 245/245/245
f 245/245/245 246/246/246 247/247/247
f 246/246/246 248/248/248 247/247/247
f 247/247/247 248/248/248 249/249/249
f 248/248/248 250/250/250 249/249/249
v -0.8283691 0.1159668 -1.123291
v -0.8283691 -0.1572266 -1.123291
v -0.7421875 -0.06469727 -1.229492
v -0.7421875 -0.1572266 -1.229492
v -0.9523926 -0.06469727 -1.310547
v -1.209473 -0.1572266 -1.34375
v -1.177246 -0.06469727 -1.325684
vn 0.1972656 0.5859375 0.7851563
vn 0.2617188 -0.453125 0.8515625
vn 0.5410156 -0.8398438 0.0546875
vn 0.6054688 -0.5761719 -0.546875
vn 0.1972656 -0.5859375 -0.7851563
vn 0.1015625 -0.7402344 -0.6640625
vn 0.05273438 -0.6171875 -0.7851563
vt 0.2529297 -0.05957031
vt 0.1630859 -0.05957031
vt 0.2539063 -0.07421875
vt 0.1625977 -0.07421875
vt 0.2543945 -0.1542969
vt 0.1616211 -0.1972656
vt 0.2543945 -0.2397461
f 251/251/251 252/252/252 253/253/253
f 252/252/252 254/254/254 253/253/253
f 253/253/253 254/254/254 255/255/255
f 254/254/254 256/256/256 255/255/255
f 255/255/255 256/256/256 257/257/257
v 0.3068848 0.1750488 -0.529541
v 0.5319824 0.1750488 -0.3044434
v 0.5319824 0.02172852 -0.3044434
v 0.614502 0.1750488 0.003173828
v 0.5319824 0.02172852 0.3105469
v 0.5319824 0.1750488 0.3105469
v 0.3068848 0.1750488 0.5358887
vn 0.3710938 0.6679688 -0.6445313
vn 0.5664063 0.7558594 -0.328125
vn 0.6035156 -0.7363281 -0.3066406
vn 0.7441406 0.6679688 0
vn 0.5703125 -0.7519531 0.3300781
vn 0.6015625 0.71875 0.3476563
vn 0.3710938 0.6679688 0.6445313
vt 0.9873047 -0.2705078
vt 0.9873047 -0.3046875
vt 0.9296875 -0.3046875
vt 0.9873047 -0.3515625
vt 0.9296875 -0.3984375
vt 0.9873047 -0.3984375
vt 0.9873047 -0.4326172
f 258/258/258 259/259/259 260/260/260
f 259/259/259 261/261/261 260/260/260
f 260/260/260 261/261/261 262/262/262
f 261/261/261 263/263/263 262/262/262
f 262/262/262 263/263/263 264/264/264
v 1.386963 0.1159668 -0.1555176
v 1.386963 -0.1572266 -0.1555176
v 1.436035 -0.06469727 -0.02807617
v 1.436035 -0.1572266 -0.02807617
v 1.611328 -0.06469727 -0.1696777
v 1.768555 -0.1572266 -0.3754883
v 1.736572 -0.06469727 -0.3566895
vn -0.7539063 0.6035156 -0.2617188
vn -0.8691406 -0.453125 -0.1992188
vn -0.2832031 -0.8730469 0.3984375
vn 0.171875 -0.5761719 0.7988281
vn 0.6035156 -0.6035156 0.5214844
vn 0.5253906 -0.7402344 0.4199219
vn 0.6542969 -0.6171875 0.4375
vt 0.2529297 -0.05957031
vt 0.1630859 -0.05957031
vt 0.2539063 -0.07421875
vt 0.1625977 -0.07421875
vt 0.2543945 -0.1542969
vt 0.1616211 -0.1972656
vt 0.2543945 -0.2397461
f 265/265/265 266/266/266 267/267/267
f 266/266/266 268/268/268 267/267/267
f 267/267/267 268/268/268 269/269/269
f 268/268/268 270/270/270 269/269/269
f 269/269/269 270/270/270 271/271/271
v -0.5588379 0.1159668 1.279053
v -0.5588379 -0.1572266 1.279053
v -0.6936035 -0.06469727 1.257568
v -0.6936035 -0.1572266 1.257568
v -0.6586914 -0.06469727 1.480225
v -0.559082 -0.1572266 1.719238
v -0.5595703 -0.06469727 1.682373
vn 0.609375 0.5703125 -0.5507813
vn 0.6074219 -0.453125 -0.6523438
vn -0.21875 -0.8574219 -0.4648438
vn -0.7773438 -0.5761719 -0.2519531
vn -0.7949219 -0.5390625 0.2773438
vn -0.6269531 -0.7402344 0.2441406
vn -0.7070313 -0.6171875 0.3476563
vt 0.2529297 -0.05957031
vt 0.1630859 -0.05957031
vt 0.2539063 -0.07421875
vt 0.1625977 -0.07421875
vt 0.2543945 -0.1542969
vt 0.1616211 -0.1972656
vt 0.2543945 -0.2397461
f 272/272/272 273/273/273 274/274/274
f 273/273/273 275/275/275 274/274/274
f 274/274/274 275/275/275 276/276/276
f 275/275/275 277/277/277 276/276/276
f 276/276/276 277/277/277 278/278/278
v 0.3659668 -0.2695313 -1.368896
v -0.0007324219 -0.2695313 -1.368896
v 0.2897949 -0.2695313 -1.221924
v -0.0007324219 -0.2695313 -0.9519043
v 0.8896484 -0.2695313 -0.9030762
v 0.6796875 -0.2695313 -0.559082
v 0.8845215 -0.2695313 -0.6774902
vn 0.7949219 0.4472656 0.4101563
vn 0 0.9980469 0
vn 0.4082031 0.9042969 -0.1269531
vn 0.08789063 0.8847656 0.4589844
vn -0.1445313 0.8710938 -0.4707031
vn -0.1503906 0.6035156 0.7832031
vn 0.1972656 0.5859375 0.7851563
vt 0.7958984 -0.01074219
vt 0.75 -0.01074219
vt 0.7851563 -0.04199219
vt 0.75 -0.08007813
vt 0.8681641 -0.08691406
vt 0.8359375 -0.1328125
vt 0.8671875 -0.1171875
f 279/279/279 280/280/280 281/281/281
f 280/280/280 282/282/282 281/281/281
f 281/281/281 282/282/282 283/283/283
f 282/282/282 284/284/284 283/283/283
f 283/283/283 284/284/284 285/285/285
v 0.004882813 0.1147461 1.55542
v 0.004882813 -0.3806152 1.55542
v 0.5979004 0.1147461 1.4375
v 1.099854 -0.3806152 1.101807
v 1.099854 0.1147461 1.101807
v 1.435547 0.1147461 0.5998535
vn 0 0.859375 0.5097656
vn 0 -0.6171875 0.7871094
vn 0.3339844 0.4902344 0.8066406
vn 0.4902344 -0.7148438 0.5
vn 0.3613281 0.859375 0.3613281
vn 0.8066406 0.4882813 0.3339844
vt 0.9794922 -0.3530273
vt 0.9326172 -0.3530273
vt 0.9794922 -0.3168945
vt 0.9326172 -0.2861328
vt 0.9794922 -0.2861328
vt 0.9794922 -0.2563477
f 286/286/286 287/287/287 288/288/288
f 287/287/287 289/289/289 288/288/288
f 288/288/288 289/289/289 290/290/290
f 289/289/289 291/291/291 290/290/290
v -1.54248 0.1147461 0.0078125
v -1.54248 -0.3806152 0.0078125
v -1.424561 0.1147461 0.5998535
v -1.089111 -0.3806152 1.101807
v -1.089111 0.1147461 1.101807
v -0.5869141 0.1147461 1.4375
vn -0.5097656 0.8613281 0
vn -0.8496094 -0.5253906 0
vn -0.7011719 0.6484375 0.2949219
vn -0.4902344 -0.7148438 0.4980469
vn -0.421875 0.796875 0.4296875
vn -0.3339844 0.4902344 0.8046875
vt 0.9794922 -0.4780273
vt 0.9326172 -0.4780273
vt 0.9794922 -0.4526367
vt 0.9326172 -0.4199219
vt 0.9794922 -0.4199219
vt 0.9794922 -0.3891602
f 292/292/292 293/293/293 294/294/294
f 293/293/293 295/295/295 294/294/294
f 294/294/294 295/295/295 296/296/296
f 295/295/295 297/297/297 296/296/296
v 1.814697 0.2993164 0.4494629
v 2.001953 -0.06445313 -0.1623535
v 1.730957 0.3327637 -0.4672852
v 1.856934 -0.07519531 -0.5568848
v 1.497559 -0.01855469 -1.056396
v 1.734131 -0.4914551 -0.4509277
vn 0.8457031 0.53125 -0.05859375
vn 0.9765625 0.009765625 -0.2148438
vn 0.8613281 0.3730469 -0.34375
vn 0.8828125 -0.001953125 -0.46875
vn -0.5 0.01171875 -0.8652344
vn 0.2832031 -0.8730469 -0.3984375
vt 0.1914063 -0.7392578
vt 0.1079102 -0.855957
vt 0.09082031 -0.7392578
vt 0.07226563 -0.855957
vt 0.003417969 -0.855957
vt 0.09277344 -0.9736328
f 298/298/298 299/299/299 300/300/300
f 299/299/299 301/301/301 300/300/300
f 300/300/300 301/301/301 302/302/302
f 301/301/301 303/303/303 302/302/302
v -0.1816406 0.06811523 1.062012
v -0.2043457 -0.3330078 1.168701
v -0.6447754 0.06811523 0.845459
v -0.7058105 -0.3330078 0.9382324
v -0.7058105 0.06811523 0.9382324
v -0.2043457 0.06811523 1.168701
vn 0.3359375 0.609375 -0.71875
vn 0.3710938 -0.4882813 -0.7910156
vn -0.0078125 0.5410156 -0.8417969
vn -0.9375 -0.1953125 0.2890625
vn -0.7617188 0.609375 0.21875
vn -0.2949219 0.7070313 0.6425781
vt 0.8120117 -0.3085938
vt 0.8154297 -0.2436523
vt 0.8793945 -0.3085938
vt 0.8881836 -0.2436523
vt 0.8881836 -0.3085938
vt 0.8154297 -0.3085938
f 304/304/304 305/305/305 306/306/306
f 305/305/305 307/307/307 306/306/306
f 306/306/306 307/307/307 308/308/308
f 307/307/307 309/309/309 308/308/308
v -0.5180664 0.2993164 -1.796387
v -1.141602 -0.06445313 -1.652344
v -1.270264 0.3327637 -1.265381
v -1.410645 -0.07519531 -1.329834
v -1.663574 -0.01855469 -0.7687988
v -1.257568 -0.4914551 -1.276367
vn -0.4726563 0.53125 -0.703125
vn -0.6738281 0.009765625 -0.7382813
vn -0.6953125 0.4199219 -0.5839844
vn -0.8476563 -0.001953125 -0.53125
vn -0.4785156 0.046875 0.8769531
vn -0.4609375 -0.8847656 -0.06054688
vt 0.1914063 -0.7392578
vt 0.1079102 -0.855957
vt 0.09082031 -0.7392578
vt 0.07226563 -0.855957
vt 0.003417969 -0.855957
vt 0.09277344 -0.9736328
f 310/310/310 311/311/311 312/312/312
f 311/311/311 313/313/313 312/312/312
f 312/312/312 313/313/313 314/314/314
f 313/313/313 315/315/315 314/314/314
v -1.089111 -0.3806152 1.101807
v -1.54248 -0.3806152 0.0078125
v -1.350098 -0.4003906 0.0078125
v -1.089111 -0.3806152 -1.086914
v -0.9523926 -0.4003906 -0.9528809
v -0.512207 -0.4003906 -1.247314
vn -0.4902344 -0.7148438 0.4980469
vn -0.8496094 -0.5253906 0
vn 0.6835938 -0.7304688 0
vn -0.4902344 -0.7148438 -0.4980469
vn 0.6621094 -0.4414063 0.6054688
vn 0.1601563 -0.7460938 0.6464844
vt 0.7617188 -0.1416016
vt 0.7719727 -0.137207
vt 0.7719727 -0.1411133
vt 0.7822266 -0.1416016
vt 0.7797852 -0.1445313
vt 0.7822266 -0.1484375
f 316/316/316 317/317/317 318/318/318
f 317/317/317 319/319/319 318/318/318
f 318/318/318 319/319/319 320/320/320
f 319/319/319 321/321/321 320/320/320
v -1.350098 0.1335449 0.0078125
v -1.350098 -0.4003906 0.0078125
v -1.246826 0.1335449 -0.5126953
v -0.9523926 -0.4003906 -0.9528809
v -0.9523926 0.1335449 -0.9528809
v -0.512207 0.1335449 -1.247314
vn 0.6640625 0.7480469 0
vn 0.6835938 -0.7304688 0
vn 0.4824219 0.8535156 0.1992188
vn 0.6621094 -0.4414063 0.6054688
vn 0.46875 0.7480469 0.46875
vn 0.2441406 0.8417969 0.4824219
vt 0.9912109 -0.4360352
vt 0.9248047 -0.4360352
vt 0.9912109 -0.4282227
vt 0.9248047 -0.3969727
vt 0.9912109 -0.3969727
vt 0.9912109 -0.3579102
f 322/322/322 323/323/323 324/324/324
f 323/323/323 325/325/325 324/324/324
f 324/324/324 325/325/325 326/326/326
f 325/325/325 327/327/327 326/326/326
v 0.9682617 0.1335449 -0.9528809
v 0.9682617 -0.4003906 -0.9528809
v 1.262695 0.1335449 -0.5126953
v 1.365723 -0.4003906 0.0078125
v 1.365723 0.1335449 0.0078125
v 1.262695 0.1335449 0.5275879
vn -0.4296875 0.7480469 0.5058594
vn -0.6601563 -0.5566406 0.5058594
vn -0.5898438 0.7695313 0.25
vn -0.6816406 -0.7304688 0
vn -0.6621094 0.7480469 0
vn -0.4804688 0.8535156 -0.1992188
vt 0.9912109 -0.2685547
vt 0.9248047 -0.2685547
vt 0.9912109 -0.2373047
vt 0.9248047 -0.2294922
vt 0.9912109 -0.2294922
vt 0.9912109 -0.2373047
f 328/328/328 329/329/329 330/330/330
f 329/329/329 331/331/331 330/330/330
f 330/330/330 331/331/331 332/332/332
f 331/331/331 333/333/333 332/332/332
v 1.099854 0.1147461 1.101807
v 1.435547 0.1147461 0.5998535
v 1.262695 0.1335449 0.5275879
v 1.553467 0.1147461 0.0078125
v 1.365723 0.1335449 0.0078125
v 1.262695 0.1335449 -0.5126953
vn 0.3613281 0.859375 0.3613281
vn 0.8066406 0.4882813 0.3339844
vn -0.4804688 0.8535156 -0.1992188
vn 0.5097656 0.859375 0
vn -0.6621094 0.7480469 0
vn -0.5898438 0.7695313 0.25
vt 0.9970703 -0.3920898
vt 0.9970703 -0.3701172
vt 0.9140625 -0.3701172
vt 0.9970703 -0.3520508
vt 0.9140625 -0.3520508
vt 0.9140625 -0.3339844
f 334/334/334 335/335/335 336/336/336
f 335/335/335 337/337/337 336/336/336
f 336/336/336 337/337/337 338/338/338
f 337/337/337 339/339/339 338/338/338
v -0.6918945 0.02197266 -1.765869
v 0.1696777 0.02197266 -1.933838
v 0.1328125 -0.09228516 -2.194824
v 1.007568 0.02197266 -1.625977
v 1.148926 -0.09326172 -1.907959
v 1.422852 -0.09692383 -1.382568
vn -0.08203125 0.9414063 -0.3261719
vn 0.0390625 0.9140625 -0.4042969
vn 0.0390625 0.9140625 -0.4042969
vn 0.2695313 0.90625 -0.3261719
vn 0.234375 0.9355469 -0.2636719
vn 0.4082031 0.8710938 -0.2714844
vt 0.3266602 -0.6640625
vt 0.2260742 -0.6088867
vt 0.1777344 -0.6459961
vt 0.2075195 -0.4863281
vt 0.1577148 -0.5063477
vt 0.2167969 -0.409668
f 340/340/340 341/341/341 342/342/342
f 341/341/341 343/343/343 342/342/342
f 342/342/342 343/343/343 344/344/344
f 343/343/343 345/345/345 344/344/344
v -1.477783 -0.2695313 0.0004882813
v -0.9667969 -0.2695313 1.052246
v -1.069824 -0.2695313 0.6203613
v -0.8908691 -0.2695313 0.9091797
v -0.8859863 -0.2695313 0.6835938
v -0.6809082 -0.2695313 0.5654297
vn 0 0.9980469 0
vn 0.3945313 0.8945313 0.2089844
vn 0.3515625 0.8613281 -0.3671875
vn 0.2832031 0.8730469 0.3984375
vn -0.1972656 0.5859375 -0.7851563
vn 0.125 0.75 -0.6503906
vt 0.9931641 -0.2148438
vt 0.8789063 -0.06689453
vt 0.890625 -0.125
vt 0.8686523 -0.08740234
vt 0.8671875 -0.1171875
vt 0.8359375 -0.1328125
f 346/346/346 347/347/347 348/348/348
f 347/347/347 349/349/349 348/348/348
f 348/348/348 349/349/349 350/350/350
f 349/349/349 351/351/351 350/350/350
v -1.18335 0.02197266 1.482178
v -1.759521 0.02197266 0.8200684
v -1.967285 -0.09228516 0.9824219
v -1.912109 0.02197266 -0.05957031
v -2.226807 -0.09326172 -0.04101563
v -1.908691 -0.09692383 -0.5410156
vn -0.2402344 0.9414063 0.234375
vn -0.3691406 0.9140625 0.1699219
vn -0.3691406 0.9140625 0.1699219
vn -0.4179688 0.90625 -0.0703125
vn -0.3457031 0.9355469 -0.07226563
vn -0.4804688 0.8535156 -0.1992188
vt 0.3266602 -0.6640625
vt 0.2260742 -0.6088867
vt 0.1777344 -0.6459961
vt 0.2075195 -0.4863281
vt 0.1577148 -0.5063477
vt 0.2167969 -0.409668
f 352/352/352 353/353/353 354/354/354
f 353/353/353 355/355/355 354/354/354
f 354/354/354 355/355/355 356/356/356
f 355/355/355 357/357/357 356/356/356
v 1.875244 0.02197266 0.2836914
v 1.589844 0.02197266 1.11377
v 1.834473 -0.09228516 1.212402
v 0.904541 0.02197266 1.685547
v 1.077881 -0.09326172 1.948975
v 0.4858398 -0.09692383 1.92334
vn 0.3515625 0.9335938 0.07421875
vn 0.3320313 0.9140625 0.2363281
vn 0.3320313 0.9140625 0.2363281
vn 0.1484375 0.90625 0.3964844
vn 0.1289063 0.9453125 0.296875
vn 0 0.859375 0.5097656
vt 0.3266602 -0.6640625
vt 0.2260742 -0.6088867
vt 0.1777344 -0.6459961
vt 0.2075195 -0.4863281
vt 0.1577148 -0.5063477
vt 0.2167969 -0.409668
f 358/358/358 359/359/359 360/360/360
f 359/359/359 361/361/361 360/360/360
f 360/360/360 361/361/361 362/362/362
f 361/361/361 363/363/363 362/362/362
v -0.0007324219 -0.2695313 -0.9519043
v -0.2910156 -0.2695313 -1.221924
v -0.6809082 -0.2695313 -0.559082
v -0.8908691 -0.2695313 -0.9030762
v -0.8859863 -0.2695313 -0.6774902
v -1.069824 -0.2695313 -0.6142578
vn 0.08789063 0.8847656 0.4589844
vn -0.5097656 0.8613281 0
vn 0 0.859375 0.5097656
vn 0 0.8613281 -0.5097656
vn -0.08398438 0.4824219 0.8730469
vn 0.4921875 0.8613281 0.1210938
vt 0.75 -0.08007813
vt 0.7851563 -0.04199219
vt 0.8359375 -0.1328125
vt 0.8686523 -0.08691406
vt 0.8671875 -0.1171875
vt 0.890625 -0.125
f 364/364/364 365/365/365 366/366/366
f 365/365/365 367/367/367 366/366/366
f 366/366/366 367/367/367 368/368/368
f 367/367/367 369/369/369 368/368/368
v -1.089111 0.1147461 -1.086914
v -1.424561 0.1147461 -0.5852051
v -1.246826 0.1335449 -0.5126953
v -1.54248 0.1147461 0.0078125
v -1.350098 0.1335449 0.0078125
v -1.246826 0.1335449 0.5275879
vn -0.359375 0.8613281 -0.359375
vn -0.8046875 0.4902344 -0.3339844
vn 0.4824219 0.8535156 0.1992188
vn -0.5097656 0.8613281 0
vn 0.6640625 0.7480469 0
vn 0.5898438 0.7675781 -0.25
vt 0.9970703 -0.3920898
vt 0.9970703 -0.3701172
vt 0.9140625 -0.3701172
vt 0.9970703 -0.3520508
vt 0.9140625 -0.3520508
vt 0.9140625 -0.3339844
f 370/370/370 371/371/371 372/372/372
f 371/371/371 373/373/373 372/372/372
f 372/372/372 373/373/373 374/374/374
f 373/373/373 375/375/375 374/374/374
v -1.069824 -0.3632813 -0.6142578
v -0.8859863 -0.3632813 -0.6774902
v -0.8859863 -0.2695313 -0.6774902
v -0.6809082 -0.3632813 -0.559082
v -0.6809082 -0.2695313 -0.559082
v -0.0007324219 -0.2695313 -0.9519043
vn 0.3515625 -0.8613281 0.3671875
vn -0.06445313 -0.7402344 0.6699219
vn -0.08398438 0.4824219 0.8730469
vn 0 -0.6171875 0.7871094
vn 0 0.859375 0.5097656
vn 0.08789063 0.8847656 0.4589844
vt 0.7241211 -0.3681641
vt 0.7382813 -0.3681641
vt 0.7382813 -0.3857422
vt 0.7539063 -0.3681641
vt 0.7539063 -0.3857422
vt 0.8066406 -0.3857422
f 376/376/376 377/377/377 378/378/378
f 377/377/377 379/379/379 378/378/378
f 378/378/378 379/379/379 380/380/380
f 379/379/379 381/381/381 380/380/380
v -0.8278809 -0.3632813 0.003173828
v -0.8278809 -0.2695313 0.3112793
v -0.8278809 -0.3632813 0.3112793
v -1.032715 -0.2695313 0.4294434
v -1.032715 -0.3632813 0.4294434
v -1.069824 -0.3632813 0.6203613
vn 0.8515625 -0.5253906 0
vn 0.7539063 0.6035156 0.2617188
vn 0.6035156 -0.6035156 0.5214844
vn 0.6289063 0.6367188 0.4472656
vn 0.421875 -0.8554688 0.3007813
vn 0.4921875 -0.8613281 -0.1210938
vt 0.7426758 -0.3681641
vt 0.7426758 -0.3857422
vt 0.7426758 -0.3681641
vt 0.7270508 -0.3857422
vt 0.7270508 -0.3681641
vt 0.7241211 -0.3681641
f 382/382/382 383/383/383 384/384/384
f 383/383/383 385/385/385 384/384/384
f 384/384/384 385/385/385 386/386/386
f 385/385/385 387/387/387 386/386/386
v -0.0007324219 -0.3632813 -0.9519043
v 0.2897949 -0.3632813 -1.221924
v 0.6796875 -0.3632813 -0.559082
v 0.8896484 -0.3632813 -0.9030762
v 0.8845215 -0.3632813 -0.6774902
v 1.068604 -0.3632813 -0.6142578
vn -0.1035156 -0.8339844 0.5410156
vn 0.5527344 -0.8144531 -0.171875
vn 0.1601563 -0.7460938 0.6464844
vn -0.09765625 -0.9433594 -0.3183594
vn 0 -0.6171875 0.7871094
vn -0.4921875 -0.8613281 0.1210938
vt 0.7944336 -0.1787109
vt 0.7963867 -0.1816406
vt 0.7910156 -0.1845703
vt 0.7939453 -0.1865234
vt 0.7919922 -0.1865234
vt 0.7915039 -0.1879883
f 388/388/388 389/389/389 390/390/390
f 389/389/389 391/391/391 390/390/390
f 390/390/390 391/391/391 392/392/392
f 391/391/391 393/393/393 392/392/392
v -0.8278809 -0.2695313 0.3112793
v -0.8278809 -0.3632813 0.003173828
v -0.8278809 -0.2695313 0.003173828
v -0.8278809 -0.3632813 -0.3049316
v -0.8278809 -0.2695313 -0.3049316
v -1.032715 -0.2695313 -0.4230957
vn 0.7539063 0.6035156 0.2617188
vn 0.8515625 -0.5253906 0
vn 0.8320313 0.5546875 0
vn 0.75 -0.5 -0.4335938
vn 0.5664063 0.7558594 -0.328125
vn 0.4863281 0.7363281 -0.4726563
vt 0.7426758 -0.3857422
vt 0.7426758 -0.3681641
vt 0.7426758 -0.3857422
vt 0.7426758 -0.3681641
vt 0.7426758 -0.3857422
vt 0.7270508 -0.3857422
f 394/394/394 395/395/395 396/396/396
f 395/395/395 397/397/397 396/396/396
f 396/396/396 397/397/397 398/398/398
f 397/397/397 399/399/399 398/398/398
v -1.069824 -0.3632813 -0.6142578
v -1.032715 -0.3632813 -0.4230957
v -1.477783 -0.3632813 0.0004882813
v -1.032715 -0.3632813 0.003173828
v -1.032715 -0.3632813 0.4294434
v -0.8278809 -0.3632813 0.3112793
vn 0.3515625 -0.8613281 0.3671875
vn 0.6035156 -0.7363281 -0.3066406
vn 0 -1 0
vn 0 -1 0
vn 0.421875 -0.8554688 0.3007813
vn 0.6035156 -0.6035156 0.5214844
vt 0.7915039 -0.1694336
vt 0.7900391 -0.1699219
vt 0.7866211 -0.1635742
vt 0.7866211 -0.1699219
vt 0.7832031 -0.1699219
vt 0.7841797 -0.171875
f 400/400/400 401/401/401 402/402/402
f 401/401/401 403/403/403 402/402/402
f 402/402/402 403/403/403 404/404/404
f 403/403/403 405/405/405 404/404/404
v -0.0007324219 0.1750488 -0.6120605
v -0.0007324219 0.02172852 -0.6120605
v -0.3081055 0.1750488 -0.529541
v -0.5332031 0.02172852 -0.3044434
v -0.5332031 0.1750488 -0.3044434
v -0.6157227 0.1750488 0.003173828
vn 0 0.71875 -0.6953125
vn 0 -0.7519531 -0.6582031
vn -0.3730469 0.6679688 -0.6445313
vn -0.5703125 -0.7519531 -0.3300781
vn -0.6015625 0.71875 -0.3476563
vn -0.7441406 0.6679688 0
vt 0.9873047 -0.222168
vt 0.9296875 -0.222168
vt 0.9873047 -0.2705078
vt 0.9296875 -0.3046875
vt 0.9873047 -0.3046875
vt 0.9873047 -0.3515625
f 406/406/406 407/407/407 408/408/408
f 407/407/407 409/409/409 408/408/408
f 408/408/408 409/409/409 410/410/410
f 409/409/409 411/411/411 410/410/410
v 0.1689453 0.06811523 -1.082275
v 0.1916504 -0.3330078 -1.188965
v 0.6320801 0.06811523 -0.8654785
v 0.6931152 -0.3330078 -0.9584961
v 0.6931152 0.06811523 -0.9584961
v 0.1916504 0.06811523 -1.188965
vn -0.3359375 0.609375 0.71875
vn -0.3710938 -0.4882813 0.7910156
vn 0.0078125 0.5410156 0.8417969
vn 0.9375 -0.1953125 -0.2890625
vn 0.7617188 0.609375 -0.21875
vn 0.2949219 0.7070313 -0.6425781
vt 0.8120117 -0.3085938
vt 0.8154297 -0.2436523
vt 0.8793945 -0.3085938
vt 0.8881836 -0.2436523
vt 0.8881836 -0.3085938
vt 0.8154297 -0.3085938
f 412/412/412 413/413/413 414/414/414
f 413/413/413 415/415/415 414/414/414
f 414/414/414 415/415/415 416/416/416
f 415/415/415 417/417/417 416/416/416
v 0.004882813 0.1147461 -1.540527
v 0.004882813 -0.3806152 -1.540527
v -0.5869141 0.1147461 -1.422607
v -1.089111 -0.3806152 -1.086914
v -1.089111 0.1147461 -1.086914
v -1.424561 0.1147461 -0.5852051
vn 0 0.8613281 -0.5097656
vn 0 -0.6171875 -0.7871094
vn -0.3339844 0.4902344 -0.8046875
vn -0.4902344 -0.7148438 -0.4980469
vn -0.359375 0.8613281 -0.359375
vn -0.8046875 0.4902344 -0.3339844
vt 0.9794922 -0.3530273
vt 0.9326172 -0.3530273
vt 0.9794922 -0.3891602
vt 0.9326172 -0.4199219
vt 0.9794922 -0.4199219
vt 0.9794922 -0.4526367
f 418/418/418 419/419/419 420/420/420
f 419/419/419 421/421/421 420/420/420
f 420/420/420 421/421/421 422/422/422
f 421/421/421 423/423/423 422/422/422
v -1.296631 0.2993164 1.34668
v -0.8601074 -0.06445313 1.814941
v -0.4606934 0.3327637 1.732666
v -0.4462891 -0.07519531 1.886475
v 0.1660156 -0.01855469 1.825195
v -0.4765625 -0.4914551 1.727295
vn -0.3339844 0.4902344 0.8046875
vn -0.3027344 0.009765625 0.953125
vn -0.1328125 0.3730469 0.9179688
vn 0 0.01171875 0.9980469
vn 0.9980469 0 0
vn 0.1835938 -0.8808594 0.4355469
vt 0.1914063 -0.7392578
vt 0.1079102 -0.855957
vt 0.09082031 -0.7392578
vt 0.07226563 -0.855957
vt 0.003417969 -0.855957
vt 0.09277344 -0.9736328
f 424/424/424 425/425/425 426/426/426
f 425/425/425 427/427/427 426/426/426
f 426/426/426 427/427/427 428/428/428
f 427/427/427 429/429/429 428/428/428
v 1.553467 0.1147461 0.0078125
v 1.553467 -0.3806152 0.0078125
v 1.435547 0.1147461 -0.5852051
v 1.099854 -0.3806152 -1.086914
v 1.099854 0.1147461 -1.086914
v 0.5979004 0.1147461 -1.422607
vn 0.5097656 0.859375 0
vn 0.8515625 -0.5253906 0
vn 0.7011719 0.6484375 -0.2949219
vn 0.4902344 -0.7148438 -0.5
vn 0.4238281 0.796875 -0.4316406
vn 0.3339844 0.4902344 -0.8066406
vt 0.9794922 -0.230957
vt 0.9326172 -0.230957
vt 0.9794922 -0.2563477
vt 0.9326172 -0.2861328
vt 0.9794922 -0.2861328
vt 0.9794922 -0.3168945
f 430/430/430 431/431/431 432/432/432
f 431/431/431 433/433/433 432/432/432
f 432/432/432 433/433/433 434/434/434
f 433/433/433 435/435/435 434/434/434
v -0.3908691 0.1750488 0.003173828
v -0.6157227 0.1750488 0.003173828
v -0.1958008 0.1750488 0.3410645
v -0.5332031 0.1750488 0.3105469
v -0.3081055 0.1750488 0.5358887
vn 0.4921875 0.8613281 0.1210938
vn -0.7441406 0.6679688 0
vn 0.3613281 0.8339844 -0.4179688
vn -0.5664063 0.7558594 0.328125
vn -0.3710938 0.6679688 0.6445313
vt 0.9921875 -0.5444336
vt 0.9921875 -0.5048828
vt 0.9423828 -0.5791016
vt 0.9477539 -0.5195313
vt 0.9091797 -0.559082
f 436/436/436 437/437/437 438/438/438
f 437/437/437 439/439/439 438/438/438
f 438/438/438 439/439/439 440/440/440
v 2.260742 0.01538086 -0.07910156
v 2.093994 0.07714844 -0.02246094
v 2.302246 -0.09838867 -0.07592773
v 2.093994 -0.2810059 -0.02246094
v 2.260742 -0.203125 -0.07910156
vn 0.5136719 0.7597656 0.3964844
vn 0.4023438 0.4394531 0.8027344
vn 0.5761719 -0.07226563 0.8144531
vn 0.2734375 -0.05078125 0.9609375
vn 0.7851563 -0.5332031 0.3125
vt 0.5820313 -0.8388672
vt 0.5224609 -0.8085938
vt 0.5942383 -0.8945313
vt 0.5224609 -0.9829102
vt 0.5820313 -0.9462891
f 441/441/441 442/442/442 443/443/443
f 442/442/442 444/444/444 443/443/443
f 443/443/443 444/444/444 445/445/445
v -0.1958008 0.1750488 -0.3347168
v -0.3081055 0.1750488 -0.529541
v -0.3908691 0.1750488 0.003173828
v -0.5332031 0.1750488 -0.3044434
v -0.6157227 0.1750488 0.003173828
vn 0.1796875 0.8339844 0.5214844
vn -0.3730469 0.6679688 -0.6445313
vn 0.4921875 0.8613281 0.1210938
vn -0.6015625 0.71875 -0.3476563
vn -0.7441406 0.6679688 0
vt 0.9418945 -0.5791016
vt 0.9086914 -0.559082
vt 0.9921875 -0.5444336
vt 0.9467773 -0.5195313
vt 0.9921875 -0.5048828
f 446/446/446 447/447/447 448/448/448
f 447/447/447 449/449/449 448/448/448
f 448/448/448 449/449/449 450/450/450
v -0.4501953 -0.1853027 1.740723
v -0.4824219 -0.3105469 1.874512
v -1.229248 -0.3117676 1.340576
v -0.6530762 -0.3105469 1.881592
v -0.8986816 -0.2927246 1.843994
vn 0.4082031 -0.7128906 -0.5703125
vn 0.2207031 -0.9257813 -0.3066406
vn 0.1015625 -0.9804688 -0.1699219
vn 0.5410156 -0.8398438 0.0546875
vn -0.1074219 -0.9589844 0.2597656
vt 0.2958984 -0.137207
vt 0.2919922 -0.1264648
vt 0.3256836 -0.06884766
vt 0.2949219 -0.1083984
vt 0.3012695 -0.08496094
f 451/451/451 452/452/452 453/453/453
f 452/452/452 454/454/454 453/453/453
f 453/453/453 454/454/454 455/455/455
v 0.1945801 0.1750488 -0.3347168
v 0.3068848 0.1750488 -0.529541
v -0.1958008 0.1750488 -0.3347168
v -0.0007324219 0.1750488 -0.6120605
v -0.3081055 0.1750488 -0.529541
vn -0.3613281 0.8339844 0.4179688
vn 0.3710938 0.6679688 -0.6445313
vn 0.1796875 0.8339844 0.5214844
vn 0 0.71875 -0.6953125
vn -0.3730469 0.6679688 -0.6445313
vt 0.9418945 -0.6479492
vt 0.9086914 -0.6679688
vt 0.9418945 -0.5791016
vt 0.8950195 -0.6132813
vt 0.9086914 -0.559082
f 456/456/456 457/457/457 458/458/458
f 457/457/457 459/459/459 458/458/458
f 458/458/458 459/459/459 460/460/460
v -0.5588379 0.1159668 1.279053
v -0.9001465 0.1176758 1.106689
v -0.5249023 0.07519531 1.480225
v -0.8400879 0.1166992 1.626709
v -0.2941895 0.114502 1.747559
vn 0.609375 0.5703125 -0.5507813
vn -0.005859375 0.9960938 0.08398438
vn 0.5898438 0.7675781 -0.25
vn 0.01171875 0.9941406 -0.1074219
vn 0.5507813 0.6132813 -0.5644531
vt 0.8891602 -0.8183594
vt 0.8056641 -0.7470703
vt 0.8945313 -0.8842773
vt 0.7983398 -0.9194336
vt 0.9765625 -1.000977
f 461/461/461 462/462/462 463/463/463
f 462/462/462 464/464/464 463/463/463
f 463/463/463 464/464/464 465/465/465
v -1.389404 -0.03955078 -0.4990234
v -1.605225 -0.005615234 -0.5119629
v -1.437256 -0.009277344 -0.3071289
v -1.781738 0.02856445 -0.3842773
v -1.818604 0.05297852 -0.08520508
vn 0.125 0.9882813 -0.07617188
vn 0.1074219 0.9863281 -0.1289063
vn 0.1074219 0.9863281 -0.1289063
vn 0.125 0.9882813 -0.07617188
vn 0.01171875 0.9941406 -0.1074219
vt 0.6953125 -0.2138672
vt 0.628418 -0.2041016
vt 0.6757813 -0.2749023
vt 0.5825195 -0.2402344
vt 0.5517578 -0.3520508
f 466/466/466 467/467/467 468/468/468
f 467/467/467 469/469/469 468/468/468
f 468/468/468 469/469/469 470/470/470
v 0.2897949 -0.3632813 1.228027
v 0.6796875 -0.3632813 0.5654297
v 0.8896484 -0.3632813 0.9091797
v 0.8845215 -0.3632813 0.6835938
v 1.068604 -0.3632813 0.6203613
vn 0.421875 -0.8554688 0.3007813
vn -0.1582031 -0.7460938 -0.6464844
vn -0.2832031 -0.8730469 0.3984375
vn 0.1972656 -0.5859375 -0.7851563
vn -0.3515625 -0.8613281 -0.3671875
vt 0.7768555 -0.1816406
vt 0.7822266 -0.1845703
vt 0.7792969 -0.1865234
vt 0.78125 -0.1865234
vt 0.7817383 -0.1879883
f 471/471/471 472/472/472 473/473/473
f 472/472/472 474/474/474 473/473/473
f 473/473/473 474/474/474 475/475/475
v -2.218018 0.009765625 0.4023438
v -2.048096 0.0715332 0.3671875
v -2.327393 -0.1040039 0.4389648
v -2.048096 -0.2866211 0.3671875
v -2.218018 -0.2087402 0.4023438
vn -0.46875 0.7480469 -0.46875
vn -0.2851563 0.3417969 -0.8945313
vn -0.3691406 -0.2207031 -0.9023438
vn -0.1699219 0.1269531 -0.9765625
vn -0.6933594 -0.6425781 -0.328125
vt 0.5820313 -0.8388672
vt 0.5224609 -0.8081055
vt 0.5942383 -0.8945313
vt 0.5224609 -0.9829102
vt 0.5820313 -0.9462891
f 476/476/476 477/477/477 478/478/478
f 477/477/477 479/479/479 478/478/478
f 478/478/478 479/479/479 480/480/480
v 0.3896484 0.1750488 0.003173828
v 0.614502 0.1750488 0.003173828
v 0.1945801 0.1750488 -0.3347168
v 0.5319824 0.1750488 -0.3044434
v 0.3068848 0.1750488 -0.529541
vn -0.4921875 0.8613281 -0.1210938
vn 0.7441406 0.6679688 0
vn -0.3613281 0.8339844 0.4179688
vn 0.5664063 0.7558594 -0.328125
vn 0.3710938 0.6679688 -0.6445313
vt 0.9921875 -0.6826172
vt 0.9921875 -0.722168
vt 0.9418945 -0.6479492
vt 0.9467773 -0.7075195
vt 0.9086914 -0.6679688
f 481/481/481 482/482/482 483/483/483
f 482/482/482 484/484/484 483/483/483
f 483/483/483 484/484/484 485/485/485
v -1.061768 0.01538086 1.997314
v -1.027588 0.07714844 1.824707
v -1.085449 -0.09838867 2.031982
v -1.027588 -0.2810059 1.824707
v -1.061768 -0.203125 1.997314
vn -0.5898438 0.7695313 0.25
vn -0.8964844 0.4394531 -0.05273438
vn -0.9960938 -0.06640625 0.046875
vn -0.9765625 -0.09179688 -0.1914063
vn -0.6601563 -0.5566406 0.5058594
vt 0.5820313 -0.8388672
vt 0.5224609 -0.8085938
vt 0.5942383 -0.8945313
vt 0.5224609 -0.9829102
vt 0.5820313 -0.9462891
f 486/486/486 487/487/487 488/488/488
f 487/487/487 489/489/489 488/488/488
f 488/488/488 489/489/489 490/490/490
v -2.117188 0.01538086 -0.315918
v -1.943359 0.07714844 -0.2751465
v -2.153809 -0.09838867 -0.3361816
v -1.943359 -0.2810059 -0.2751465
v -2.117188 -0.203125 -0.315918
vn -0.2109375 0.7890625 -0.5761719
vn 0.03515625 0.4726563 -0.8808594
vn -0.0546875 -0.1152344 -0.9921875
vn 0.2265625 -0.05859375 -0.9726563
vn -0.4980469 -0.5449219 -0.6757813
vt 0.5820313 -0.8388672
vt 0.5224609 -0.8085938
vt 0.5942383 -0.8945313
vt 0.5224609 -0.9829102
vt 0.5820313 -0.9462891
f 491/491/491 492/492/492 493/493/493
f 492/492/492 494/494/494 493/493/493
f 493/493/493 494/494/494 495/495/495
v 0.1945801 0.1750488 0.3410645
v 0.3068848 0.1750488 0.5358887
v 0.3896484 0.1750488 0.003173828
v 0.5319824 0.1750488 0.3105469
v 0.614502 0.1750488 0.003173828
vn -0.1796875 0.8339844 -0.5214844
vn 0.3710938 0.6679688 0.6445313
vn -0.4921875 0.8613281 -0.1210938
vn 0.6015625 0.71875 0.3476563
vn 0.7441406 0.6679688 0
vt 0.9423828 -0.6479492
vt 0.9091797 -0.6679688
vt 0.9921875 -0.6826172
vt 0.9477539 -0.7075195
vt 0.9921875 -0.722168
f 496/496/496 497/497/497 498/498/498
f 497/497/497 499/499/499 498/498/498
f 498/498/498 499/499/499 500/500/500
v 1.386963 0.1159668 -0.1555176
v 1.408447 0.1176758 0.2260742
v 1.544189 0.07519531 -0.2856445
v 1.828857 0.1166992 -0.08569336
v 1.660645 0.114502 -0.6191406
vn -0.7539063 0.6035156 -0.2617188
vn 0 0.9980469 0
vn -0.6015625 0.71875 -0.3476563
vn -0.04296875 0.9980469 -0.06054688
vn -0.765625 0.6132813 -0.1953125
vt 0.8891602 -0.8183594
vt 0.8056641 -0.7470703
vt 0.8945313 -0.8842773
vt 0.7983398 -0.9194336
vt 0.9765625 -1.000977
f 501/501/501 502/502/502 503/503/503
f 502/502/502 504/504/504 503/503/503
f 503/503/503 504/504/504 505/505/505
v 0.2626953 -0.03955078 1.452881
v 0.3591309 -0.005615234 1.645996
v 0.4526367 -0.009277344 1.398193
v 0.5581055 0.02856445 1.735107
v 0.8354492 0.05297852 1.617676
vn -0.1816406 0.9804688 -0.08203125
vn -0.1660156 0.9863281 -0.02929688
vn -0.1660156 0.9863281 -0.02929688
vn -0.1660156 0.9863281 -0.02929688
vn -0.09765625 0.9941406 0.04296875
vt 0.6953125 -0.2138672
vt 0.628418 -0.2041016
vt 0.6757813 -0.2749023
vt 0.5825195 -0.2402344
vt 0.5517578 -0.3520508
f 506/506/506 507/507/507 508/508/508
f 507/507/507 509/509/509 508/508/508
f 508/508/508 509/509/509 510/510/510
v 2.261475 -0.003417969 0.5991211
v 2.083252 0.05810547 0.5849609
v 2.300537 -0.1174316 0.6132813
v 2.083252 -0.2836914 0.5849609
v 2.261475 -0.222168 0.5991211
vn 0.2441406 0.8417969 0.4824219
vn 0.0859375 0.4199219 0.9042969
vn 0.203125 -0.1132813 0.9726563
vn -0.08398438 -0.06054688 0.9941406
vn 0.6367188 -0.5390625 0.5507813
vt 0.5820313 -0.8388672
vt 0.5224609 -0.8081055
vt 0.5942383 -0.8945313
vt 0.5224609 -0.9829102
vt 0.5820313 -0.9462891
f 511/511/511 512/512/512 513/513/513
f 512/512/512 514/514/514 513/513/513
f 513/513/513 514/514/514 515/515/515
v -1.296631 0.2993164 1.34668
v -0.4606934 0.3327637 1.732666
v -0.8183594 -0.04956055 1.534668
v 0.1660156 -0.01855469 1.825195
v -0.4765625 -0.4914551 1.727295
vn 0.4238281 0.1113281 -0.8984375
vn 0.34375 0.1582031 -0.9257813
vn 0.3535156 0 -0.9355469
vn 0.9980469 0 0
vn 0.1835938 -0.8808594 0.4355469
vt 0.1855469 -0.7509766
vt 0.08544922 -0.7416992
vt 0.1040039 -0.8505859
vt 0.001953125 -0.8417969
vt 0.08789063 -0.9765625
f 516/516/516 517/517/517 518/518/518
f 517/517/517 519/519/519 518/518/518
f 518/518/518 519/519/519 520/520/520
v 0.2167969 0.09985352 -0.8398438
v 0.2167969 0.09985352 -1.439209
v -0.006347656 0.09985352 -0.9743652
v -0.2294922 0.09985352 -1.439209
v -0.2294922 0.09985352 -0.8398438
vn 0.3710938 0.6679688 0.6445313
vn 0.6640625 0.7480469 0
vn 0 0.6210938 0.7832031
vn -0.4472656 0.8945313 0
vn -0.7480469 0.5039063 0.4316406
vt 0.7861328 -0.4150391
vt 0.9370117 -0.4150391
vt 0.8217773 -0.4545898
vt 0.9370117 -0.4936523
vt 0.7861328 -0.4936523
f 521/521/521 522/522/522 523/523/523
f 522/522/522 524/524/524 523/523/523
f 523/523/523 524/524/524 525/525/525
v -0.223877 0.1296387 0.8125
v -0.223877 0.0546875 0.8752441
v -0.0007324219 0.1296387 0.9204102
v -0.0007324219 0.0546875 0.9885254
v 0.2224121 0.0546875 0.8752441
vn -0.8007813 0.546875 0.2460938
vn -0.7558594 0.1015625 0.6464844
vn 0 0.8886719 0.4589844
vn 0 -0.7519531 0.6582031
vn 0.875 0.07617188 0.4765625
vt 0.8144531 -0.4970703
vt 0.7895508 -0.4970703
vt 0.809082 -0.4575195
vt 0.784668 -0.4575195
vt 0.7895508 -0.418457
f 526/526/526 527/527/527 528/528/528
f 527/527/527 529/529/529 528/528/528
f 528/528/528 529/529/529 530/530/530
v 0.2167969 -0.3244629 -1.439209
v 0.2167969 0.09985352 -1.439209
v 0.2167969 -0.3244629 -0.8398438
v 0.2167969 0.09985352 -0.8398438
v -0.006347656 0.09985352 -0.9743652
vn 0.9980469 0 0
vn 0.6640625 0.7480469 0
vn 0.5 0.01171875 0.8652344
vn 0.3710938 0.6679688 0.6445313
vn 0 0.6210938 0.7832031
vt 0.8974609 -0.230957
vt 0.8974609 -0.300293
vt 0.7949219 -0.230957
vt 0.8041992 -0.300293
vt 0.7944336 -0.300293
f 531/531/531 532/532/532 533/533/533
f 532/532/532 534/534/534 533/533/533
f 533/533/533 534/534/534 535/535/535
v 0.2163086 0.1296387 -0.4743652
v 0.2163086 0.1296387 -0.8063965
v -0.006835938 0.1296387 -0.9116211
v 0.2163086 0.0546875 -0.8688965
v -0.006835938 0.0546875 -0.9799805
vn 0.4472656 0.8945313 0
vn 0.7988281 0.546875 -0.2460938
vn 0 0.8613281 -0.5097656
vn 0.7519531 0.1035156 -0.6503906
vn 0 -0.7519531 -0.6582031
vt 0.9179688 -0.652832
vt 0.8637695 -0.652832
vt 0.8583984 -0.6132813
vt 0.8393555 -0.652832
vt 0.8339844 -0.6132813
f 536/536/536 537/537/537 538/538/538
f 537/537/537 539/539/539 538/538/538
f 538/538/538 539/539/539 540/540/540
v 0.9682617 -0.4003906 -0.9528809
v 0.9682617 0.1335449 -0.9528809
v 0.5270996 -0.4003906 -1.247314
v 0.5270996 0.1335449 -1.247314
v 0.007324219 0.1335449 -1.350586
vn -0.6601563 -0.5566406 0.5058594
vn -0.4296875 0.7480469 0.5058594
vn -0.2597656 -0.6289063 0.7324219
vn -0.140625 0.9316406 0.3378906
vn 0 0.6210938 0.7832031
vt 0.9248047 -0.2685547
vt 0.9912109 -0.2685547
vt 0.9248047 -0.3061523
vt 0.9912109 -0.3061523
vt 0.9912109 -0.3320313
f 541/541/541 542/542/542 543/543/543
f 542/542/542 544/544/544 543/543/543
f 543/543/543 544/544/544 545/545/545
v 1.099854 0.1147461 -1.086914
v 0.5979004 0.1147461 -1.422607
v 0.5270996 0.1335449 -1.247314
v 0.004882813 0.1147461 -1.540527
v 0.007324219 0.1335449 -1.350586
vn 0.4238281 0.796875 -0.4316406
vn 0.3339844 0.4902344 -0.8066406
vn -0.140625 0.9316406 0.3378906
vn 0 0.8613281 -0.5097656
vn 0 0.6210938 0.7832031
vt 0.9970703 -0.3120117
vt 0.9970703 -0.2875977
vt 0.9140625 -0.2875977
vt 0.9970703 -0.2607422
vt 0.9140625 -0.2607422
f 546/546/546 547/547/547 548/548/548
f 547/547/547 549/549/549 548/548/548
f 548/548/548 549/549/549 550/550/550
v 1.332275 0.01538086 -1.675537
v 1.209961 0.07714844 -1.54541
v 1.36792 -0.09838867 -1.697266
v 1.209961 -0.2810059 -1.54541
v 1.332275 -0.203125 -1.675537
vn 0.6035156 0.7890625 0.1054688
vn 0.7382813 0.4257813 0.5214844
vn 0.8867188 -0.1152344 0.4472656
vn 0.7285156 -0.06445313 0.6816406
vn 0.8261719 -0.5449219 -0.1445313
vt 0.5820313 -0.8388672
vt 0.5224609 -0.8085938
vt 0.5942383 -0.8945313
vt 0.5224609 -0.9829102
vt 0.5820313 -0.9462891
f 551/551/551 552/552/552 553/553/553
f 552/552/552 554/554/554 553/553/553
f 553/553/553 554/554/554 555/555/555
v -0.8283691 0.1159668 -1.123291
v -0.5083008 0.1176758 -1.332764
v -1.019531 0.07519531 -1.19458
v -0.9887695 0.1166992 -1.541016
v -1.366455 0.114502 -1.128662
vn 0.1972656 0.5859375 0.7851563
vn 0 0.9980469 0
vn -0.06054688 0.7285156 0.6835938
vn -0.005859375 0.9960938 0.08398438
vn 0.1972656 0.5859375 0.7851563
vt 0.8891602 -0.8183594
vt 0.8056641 -0.7470703
vt 0.8945313 -0.8842773
vt 0.7983398 -0.9194336
vt 0.9765625 -1.000977
f 556/556/556 557/557/557 558/558/558
f 557/557/557 559/559/559 558/558/558
f 558/558/558 559/559/559 560/560/560
v 1.95752 0.01538086 1.247559
v 1.763428 0.07714844 1.149658
v 1.98877 -0.09838867 1.275146
v 1.763428 -0.2810059 1.149658
v 1.95752 -0.203125 1.247559
vn 0.01953125 0.8261719 0.5625
vn -0.2988281 0.4296875 0.8515625
vn -0.1777344 -0.1152344 0.9765625
vn -0.4179688 -0.0234375 0.9082031
vn 0.3886719 -0.5390625 0.7480469
vt 0.5820313 -0.8388672
vt 0.5224609 -0.8081055
vt 0.5942383 -0.8945313
vt 0.5224609 -0.9829102
vt 0.5820313 -0.9462891
f 561/561/561 562/562/562 563/563/563
f 562/562/562 564/564/564 563/563/563
f 563/563/563 564/564/564 565/565/565
v -0.3671875 -0.2695313 1.375244
v -0.0007324219 -0.2695313 1.375244
v -0.2910156 -0.2695313 1.228027
v -0.0007324219 -0.2695313 0.958252
v -0.6809082 -0.2695313 0.5654297
vn -0.7949219 0.4472656 -0.4101563
vn 0 0.9980469 0
vn -0.3984375 0.8710938 0.2851563
vn -0.08789063 0.8847656 -0.4589844
vn 0.125 0.75 -0.6503906
vt 0.7958984 -0.01074219
vt 0.75 -0.01074219
vt 0.7851563 -0.04248047
vt 0.75 -0.08007813
vt 0.8359375 -0.1328125
f 566/566/566 567/567/567 568/568/568
f 567/567/567 569/569/569 568/568/568
f 568/568/568 569/569/569 570/570/570
v 0.760498 0.009765625 -2.121826
v 0.7060547 0.0715332 -1.957275
v 0.7834473 -0.1040039 -2.235107
v 0.7060547 -0.2866211 -1.957275
v 0.760498 -0.2087402 -2.121826
vn 0.625 0.7695313 -0.1308594
vn 0.9316406 0.3242188 0.1640625
vn 0.9667969 -0.2207031 0.1328125
vn 0.9316406 0.1269531 0.3417969
vn 0.6308594 -0.6425781 -0.4375
vt 0.5820313 -0.8388672
vt 0.5224609 -0.8081055
vt 0.5942383 -0.8945313
vt 0.5224609 -0.9829102
vt 0.5820313 -0.9462891
f 571/571/571 572/572/572 573/573/573
f 572/572/572 574/574/574 573/573/573
f 573/573/573 574/574/574 575/575/575
v 1.814697 0.2993164 0.4494629
v 1.730957 0.3327637 -0.4672852
v 1.738037 -0.04956055 -0.05859375
v 1.497559 -0.01855469 -1.056396
v 1.734131 -0.4914551 -0.4509277
vn -0.9921875 0.109375 0.04882813
vn -0.9726563 0.1582031 0.1660156
vn -0.9863281 0 0.1621094
vn -0.5 0.01171875 -0.8652344
vn 0.2832031 -0.8730469 -0.3984375
vt 0.1855469 -0.7509766
vt 0.08544922 -0.7416992
vt 0.1040039 -0.8505859
vt 0.001953125 -0.8417969
vt 0.08789063 -0.9765625
f 576/576/576 577/577/577 578/578/578
f 577/577/577 579/579/579 578/578/578
f 578/578/578 579/579/579 580/580/580
v -2.059326 0.01538086 1.071533
v -1.877197 0.07714844 0.9523926
v -2.098877 -0.09838867 1.084717
v -1.877197 -0.2810059 0.9523926
v -2.059326 -0.203125 1.071533
vn -0.4980469 0.8261719 -0.2636719
vn -0.5878906 0.4296875 -0.6855469
vn -0.7578125 -0.1152344 -0.6425781
vn -0.578125 -0.0234375 -0.8164063
vn -0.8496094 -0.5253906 0
vt 0.5820313 -0.8388672
vt 0.5224609 -0.8081055
vt 0.5942383 -0.8945313
vt 0.5224609 -0.9829102
vt 0.5820313 -0.9462891
f 581/581/581 582/582/582 583/583/583
f 582/582/582 584/584/584 583/583/583
f 583/583/583 584/584/584 585/585/585
v 0.01391602 0.2993164 -1.848633
v -0.5180664 0.2993164 -1.796387
v -0.02050781 -0.1345215 -1.709717
v -0.9199219 -0.04956055 -1.47583
v -0.5144043 -0.456543 -1.798584
vn 0.09375 0.296875 0.9511719
vn 0.1796875 0.3867188 0.9042969
vn 0.171875 -0.03320313 0.984375
vn 0.2460938 0 0.96875
vn 0.1308594 -0.4453125 0.8847656
vt 0.2626953 -0.7509766
vt 0.1855469 -0.7509766
vt 0.2573242 -0.875
vt 0.1040039 -0.8505859
vt 0.1860352 -0.9667969
f 586/586/586 587/587/587 588/588/588
f 587/587/587 589/589/589 588/588/588
f 588/588/588 589/589/589 590/590/590
v -0.223877 0.09521484 0.8452148
v -0.223877 0.09521484 1.444336
v -0.0007324219 0.09521484 0.9794922
v 0.2224121 0.09521484 1.444336
v 0.2224121 0.09521484 0.8452148
vn -0.3730469 0.6679688 -0.6445313
vn -0.6621094 0.7480469 0
vn 0 0.6210938 -0.7832031
vn 0.4472656 0.8945313 0
vn 0.7480469 0.5039063 -0.4316406
vt 0.7861328 -0.4936523
vt 0.9370117 -0.4936523
vt 0.8217773 -0.4541016
vt 0.9370117 -0.4150391
vt 0.7861328 -0.4150391
f 591/591/591 592/592/592 593/593/593
f 592/592/592 594/594/594 593/593/593
f 593/593/593 594/594/594 595/595/595
v 0.007324219 0.1335449 1.365479
v 0.004882813 0.1147461 1.55542
v 0.5270996 0.1335449 1.262207
v 0.5979004 0.1147461 1.4375
v 1.099854 0.1147461 1.101807
vn 0 0.6210938 -0.7832031
vn 0 0.859375 0.5097656
vn -0.2441406 0.8417969 -0.4824219
vn 0.3339844 0.4902344 0.8066406
vn 0.3613281 0.859375 0.3613281
vt 0.9140625 -0.4433594
vt 0.9970703 -0.4433594
vt 0.9140625 -0.4169922
vt 0.9970703 -0.4169922
vt 0.9970703 -0.3920898
f 596/596/596 597/597/597 598/598/598
f 597/597/597 599/599/599 598/598/598
f 598/598/598 599/599/599 600/600/600
v 0.1015625 0.01538086 -2.319092
v 0.1140137 0.07714844 -2.101807
v 0.1101074 -0.09838867 -2.360107
v 0.1140137 -0.2810059 -2.101807
v 0.1015625 -0.203125 -2.319092
vn 0.4785156 0.8261719 -0.2988281
vn 0.8867188 0.4355469 -0.15625
vn 0.9355469 -0.1152344 -0.3339844
vn 0.9960938 -0.05859375 -0.05664063
vn 0.453125 -0.5390625 -0.7089844
vt 0.5820313 -0.8388672
vt 0.5224609 -0.8081055
vt 0.5942383 -0.8945313
vt 0.5224609 -0.9829102
vt 0.5820313 -0.9462891
f 601/601/601 602/602/602 603/603/603
f 602/602/602 604/604/604 603/603/603
f 603/603/603 604/604/604 605/605/605
v -1.089111 0.1147461 1.101807
v -0.5869141 0.1147461 1.4375
v -0.512207 0.1335449 1.262207
v 0.004882813 0.1147461 1.55542
v 0.007324219 0.1335449 1.365479
vn -0.421875 0.796875 0.4296875
vn -0.3339844 0.4902344 0.8046875
vn 0.140625 0.9296875 -0.3378906
vn 0 0.859375 0.5097656
vn 0 0.6210938 -0.7832031
vt 0.9970703 -0.3120117
vt 0.9970703 -0.2875977
vt 0.9140625 -0.2875977
vt 0.9970703 -0.2607422
vt 0.9140625 -0.2607422
f 606/606/606 607/607/607 608/608/608
f 607/607/607 609/609/609 608/608/608
f 608/608/608 609/609/609 610/610/610
v -0.5180664 0.2993164 -1.796387
v -1.270264 0.3327637 -1.265381
v -0.9199219 -0.04956055 -1.47583
v -1.663574 -0.01855469 -0.7687988
v -1.257568 -0.4914551 -1.276367
vn 0.5351563 0.078125 0.8417969
vn 0.6289063 0.1582031 0.7597656
vn 0.6347656 0.01367188 0.7734375
vn -0.4785156 0.046875 0.8769531
vn -0.4609375 -0.8847656 -0.06054688
vt 0.1855469 -0.7509766
vt 0.08544922 -0.7416992
vt 0.1040039 -0.8505859
vt 0.001953125 -0.8417969
vt 0.08789063 -0.9765625
f 611/611/611 612/612/612 613/613/613
f 612/612/612 614/614/614 613/613/613
f 613/613/613 614/614/614 615/615/615
v -1.649414 -0.003417969 1.658936
v -1.54834 0.05810547 1.511719
v -1.681396 -0.1174316 1.685547
v -1.54834 -0.2836914 1.511719
v -1.649414 -0.222168 1.658936
vn -0.5898438 0.8066406 -0.01757813
vn -0.7949219 0.4472656 -0.4101563
vn -0.9433594 -0.1132813 -0.3105469
vn -0.8105469 -0.015625 -0.5859375
vn -0.7949219 -0.5390625 0.2773438
vt 0.5820313 -0.8388672
vt 0.5224609 -0.8081055
vt 0.5942383 -0.8945313
vt 0.5224609 -0.9829102
vt 0.5820313 -0.9462891
f 616/616/616 617/617/617 618/618/618
f 617/617/617 619/619/619 618/618/618
f 618/618/618 619/619/619 620/620/620
v -0.6118164 -0.003417969 -2.257813
v -0.5351563 0.05810547 -2.09668
v -0.6191406 -0.1174316 -2.299072
v -0.5351563 -0.2836914 -2.09668
v -0.6118164 -0.222168 -2.257813
vn 0.3554688 0.7597656 -0.5429688
vn 0.7382813 0.4199219 -0.5273438
vn 0.7402344 -0.1132813 -0.6621094
vn 0.9023438 -0.06054688 -0.4257813
vn 0.1972656 -0.5859375 -0.7851563
vt 0.5820313 -0.8388672
vt 0.5224609 -0.8081055
vt 0.5942383 -0.8945313
vt 0.5224609 -0.9829102
vt 0.5820313 -0.9462891
f 621/621/621 622/622/622 623/623/623
f 622/622/622 624/624/624 623/623/623
f 623/623/623 624/624/624 625/625/625
v 0.007324219 0.1335449 -1.350586
v 0.004882813 0.1147461 -1.540527
v -0.512207 0.1335449 -1.247314
v -0.5869141 0.1147461 -1.422607
v -1.089111 0.1147461 -1.086914
vn 0 0.6210938 0.7832031
vn 0 0.8613281 -0.5097656
vn 0.2441406 0.8417969 0.4824219
vn -0.3339844 0.4902344 -0.8046875
vn -0.359375 0.8613281 -0.359375
vt 0.9140625 -0.4433594
vt 0.9970703 -0.4433594
vt 0.9140625 -0.4169922
vt 0.9970703 -0.4169922
vt 0.9970703 -0.3920898
f 626/626/626 627/627/627 628/628/628
f 627/627/627 629/629/629 628/628/628
f 628/628/628 629/629/629 630/630/630
v 1.469727 -0.2695313 0.003173828
v 0.9655762 -0.2695313 -1.045898
v 1.068604 -0.2695313 -0.6142578
v 0.8896484 -0.2695313 -0.9030762
v 0.8845215 -0.2695313 -0.6774902
vn 0 0.9980469 0
vn -0.3945313 0.8945313 -0.2089844
vn -0.3515625 0.8613281 0.3671875
vn -0.1445313 0.8710938 -0.4707031
vn 0.1972656 0.5859375 0.7851563
vt 0.9931641 -0.2148438
vt 0.8789063 -0.06689453
vt 0.890625 -0.125
vt 0.8681641 -0.08691406
vt 0.8671875 -0.1171875
f 631/631/631 632/632/632 633/633/633
f 632/632/632 634/634/634 633/633/633
f 633/633/633 634/634/634 635/635/635
v 1.457275 0.009765625 1.719727
v 1.342041 0.0715332 1.590088
v 1.543945 -0.1040039 1.796143
v 1.342041 -0.2866211 1.590088
v 1.457275 -0.2087402 1.719727
vn -0.2226563 0.7832031 0.5820313
vn -0.6074219 0.3242188 0.7246094
vn -0.6035156 -0.2382813 0.7617188
vn -0.7558594 0.1015625 0.6464844
vn 0.06445313 -0.6425781 0.7636719
vt 0.5820313 -0.8388672
vt 0.5224609 -0.8081055
vt 0.5942383 -0.8945313
vt 0.5224609 -0.9829102
vt 0.5820313 -0.9462891
f 636/636/636 637/637/637 638/638/638
f 637/637/637 639/639/639 638/638/638
f 638/638/638 639/639/639 640/640/640
v 0.5319824 0.02172852 0.3105469
v 0.3068848 0.1750488 0.5358887
v -0.0007324219 0.02172852 0.6181641
v -0.0007324219 0.1750488 0.6181641
v -0.3081055 0.1750488 0.5358887
vn 0.5703125 -0.7519531 0.3300781
vn 0.3710938 0.6679688 0.6445313
vn 0 -0.7519531 0.6582031
vn 0 0.71875 0.6953125
vn -0.3710938 0.6679688 0.6445313
vt 0.9296875 -0.3984375
vt 0.9873047 -0.4326172
vt 0.9296875 -0.4882813
vt 0.9873047 -0.4882813
vt 0.9873047 -0.4326172
f 641/641/641 642/642/642 643/643/643
f 642/642/642 644/644/644 643/643/643
f 643/643/643 644/644/644 645/645/645
v 0.3659668 -0.3632813 1.375244
v -0.0007324219 -0.3632813 1.375244
v 0.2897949 -0.3632813 1.228027
v -0.0007324219 -0.3632813 0.958252
v 0.6796875 -0.3632813 0.5654297
vn 0.7949219 -0.4472656 -0.4101563
vn 0 -1 0
vn 0.421875 -0.8554688 0.3007813
vn 0.08789063 -0.8847656 -0.4589844
vn -0.1582031 -0.7460938 -0.6464844
vt 0.7749023 -0.1821289
vt 0.7749023 -0.1787109
vt 0.7768555 -0.1816406
vt 0.7788086 -0.1787109
vt 0.7822266 -0.1845703
f 646/646/646 647/647/647 648/648/648
f 647/647/647 649/649/649 648/648/648
f 648/648/648 649/649/649 650/650/650
v 0.9655762 -0.2695313 -1.045898
v 0.9655762 -0.3632813 -1.045898
v 0.8896484 -0.2695313 -0.9030762
v 0.8896484 -0.3632813 -0.9030762
v 0.2897949 -0.3632813 -1.221924
vn -0.3945313 0.8945313 -0.2089844
vn -0.6289063 -0.7070313 -0.3242188
vn -0.1445313 0.8710938 -0.4707031
vn -0.09765625 -0.9433594 -0.3183594
vn 0.5527344 -0.8144531 -0.171875
vt 0.8808594 -0.3857422
vt 0.8808594 -0.3681641
vt 0.875 -0.3857422
vt 0.875 -0.3681641
vt 0.8291016 -0.3681641
f 651/651/651 652/652/652 653/653/653
f 652/652/652 654/654/654 653/653/653
f 653/653/653 654/654/654 655/655/655
v -0.0007324219 0.02172852 0.6181641
v -0.3081055 0.1750488 0.5358887
v -0.5332031 0.02172852 0.3105469
v -0.5332031 0.1750488 0.3105469
v -0.6157227 0.1750488 0.003173828
vn 0 -0.7519531 0.6582031
vn -0.3710938 0.6679688 0.6445313
vn -0.6035156 -0.7363281 0.3066406
vn -0.5664063 0.7558594 0.328125
vn -0.7441406 0.6679688 0
vt 0.9296875 -0.4882813
vt 0.9873047 -0.4326172
vt 0.9296875 -0.3984375
vt 0.9873047 -0.3984375
vt 0.9873047 -0.3515625
f 656/656/656 657/657/657 658/658/658
f 657/657/657 659/659/659 658/658/658
f 658/658/658 659/659/659 660/660/660
v -1.198975 0.01538086 -1.918213
v -1.066406 0.07714844 -1.802246
v -1.217041 -0.09838867 -1.955811
v -1.066406 -0.2810059 -1.802246
v -1.198975 -0.203125 -1.918213
vn 0.1015625 0.7949219 -0.5996094
vn 0.4941406 0.4394531 -0.75
vn 0.4257813 -0.1132813 -0.8964844
vn 0.6542969 -0.09179688 -0.75
vn -0.1230469 -0.5332031 -0.8359375
vt 0.5820313 -0.8388672
vt 0.5224609 -0.8085938
vt 0.5942383 -0.8945313
vt 0.5224609 -0.9829102
vt 0.5820313 -0.9462891
f 661/661/661 662/662/662 663/663/663
f 662/662/662 664/664/664 663/663/663
f 663/663/663 664/664/664 665/665/665
v 1.593994 0.2993164 0.9365234
v 1.814697 0.2993164 0.4494629
v 1.490967 -0.1345215 0.8369141
v 1.738037 -0.04956055 -0.05859375
v 1.814941 -0.456543 0.4538574
vn -0.8691406 0.3417969 -0.3554688
vn -0.8652344 0.4160156 -0.28125
vn -0.9414063 -0.03125 -0.3378906
vn -0.96875 -0.05078125 -0.2421875
vn -0.8320313 -0.4453125 -0.3300781
vt 0.2626953 -0.7509766
vt 0.1855469 -0.7509766
vt 0.2573242 -0.875
vt 0.1040039 -0.8505859
vt 0.1860352 -0.9667969
f 666/666/666 667/667/667 668/668/668
f 667/667/667 669/669/669 668/668/668
f 668/668/668 669/669/669 670/670/670
v -0.223877 -0.3291016 1.444336
v -0.223877 0.09521484 1.444336
v -0.223877 -0.3291016 0.8452148
v -0.223877 0.09521484 0.8452148
v -0.0007324219 0.09521484 0.9794922
vn -1 0 0
vn -0.6621094 0.7480469 0
vn -0.5 0.01171875 -0.8652344
vn -0.3730469 0.6679688 -0.6445313
vn 0 0.6210938 -0.7832031
vt 0.8974609 -0.230957
vt 0.8974609 -0.300293
vt 0.7949219 -0.230957
vt 0.8041992 -0.300293
vt 0.793457 -0.300293
f 671/671/671 672/672/672 673/673/673
f 672/672/672 674/674/674 673/673/673
f 673/673/673 674/674/674 675/675/675
v 1.126709 -0.03955078 -0.9538574
v 1.24585 -0.005615234 -1.134033
v 0.9846191 -0.009277344 -1.091064
v 1.223633 0.02856445 -1.351074
v 0.9831543 0.05297852 -1.532227
vn 0.05664063 0.9863281 0.1582031
vn 0.05664063 0.9863281 0.1582031
vn 0.05664063 0.9863281 0.1582031
vn 0.00390625 0.9882813 0.1464844
vn 0.0859375 0.9941406 0.06445313
vt 0.6953125 -0.2138672
vt 0.628418 -0.2041016
vt 0.6757813 -0.2749023
vt 0.5825195 -0.2402344
vt 0.5517578 -0.3520508
f 676/676/676 677/677/677 678/678/678
f 677/677/677 679/679/679 678/678/678
f 678/678/678 679/679/679 680/680/680
v 0.7849121 0.01538086 1.991455
v 0.7333984 0.07714844 1.820557
v 0.7858887 -0.09838867 2.033203
v 0.7333984 -0.2810059 1.820557
v 0.7849121 -0.203125 1.991455
vn -0.421875 0.796875 0.4296875
vn -0.8300781 0.421875 0.3652344
vn -0.7949219 -0.1367188 0.5917969
vn -0.9550781 -0.05859375 0.2890625
vn -0.3359375 -0.5449219 0.7695313
vt 0.5820313 -0.8388672
vt 0.5224609 -0.8085938
vt 0.5942383 -0.8945313
vt 0.5224609 -0.9829102
vt 0.5820313 -0.9462891
f 681/681/681 682/682/682 683/683/683
f 682/682/682 684/684/684 683/683/683
f 683/683/683 684/684/684 685/685/685
v 1.732666 -0.1853027 -0.4804688
v 1.864502 -0.3105469 -0.5195313
v 1.775635 -0.3117676 0.3942871
v 1.956055 -0.3105469 -0.3752441
v 2.046143 -0.2927246 -0.1437988
vn -0.6972656 -0.7128906 -0.06835938
vn -0.375 -0.9257813 -0.03710938
vn -0.1972656 -0.9804688 -0.001953125
vn -0.21875 -0.8574219 -0.4648438
vn 0.2988281 -0.953125 -0.03515625
vt 0.2958984 -0.137207
vt 0.2919922 -0.1264648
vt 0.3256836 -0.06884766
vt 0.2949219 -0.1083984
vt 0.3012695 -0.08496094
f 686/686/686 687/687/687 688/688/688
f 687/687/687 689/689/689 688/688/688
f 688/688/688 689/689/689 690/690/690
v -1.60791 0.2993164 0.9121094
v -1.296631 0.2993164 1.34668
v -1.470215 -0.1345215 0.8725586
v -0.8183594 -0.04956055 1.534668
v -1.300537 -0.456543 1.344971
vn 0.7421875 0.3417969 -0.5761719
vn 0.7421875 0.3417969 -0.5761719
vn 0.7617188 -0.03125 -0.6464844
vn 0.6855469 -0.0078125 -0.7285156
vn 0.7011719 -0.4453125 -0.5566406
vt 0.2626953 -0.7509766
vt 0.1855469 -0.7509766
vt 0.2573242 -0.875
vt 0.1040039 -0.8505859
vt 0.1860352 -0.9667969
f 691/691/691 692/692/692 693/693/693
f 692/692/692 694/694/694 693/693/693
f 693/693/693 694/694/694 695/695/695
v -1.282471 -0.1853027 -1.260254
v -1.38208 -0.3105469 -1.35498
v -0.5461426 -0.3117676 -1.734863
v -1.302979 -0.3105469 -1.506348
v -1.147705 -0.2927246 -1.700195
vn 0.2890625 -0.7128906 0.6386719
vn 0.1542969 -0.9257813 0.34375
vn 0.08984375 -0.9785156 0.1875
vn -0.2832031 -0.8730469 0.3984375
vn -0.1796875 -0.953125 -0.2421875
vt 0.2958984 -0.137207
vt 0.2919922 -0.1264648
vt 0.3256836 -0.06884766
vt 0.2949219 -0.1083984
vt 0.3012695 -0.08496094
f 696/696/696 697/697/697 698/698/698
f 697/697/697 699/699/699 698/698/698
f 698/698/698 699/699/699 700/700/700
v -0.9667969 -0.3632813 1.052246
v -1.069824 -0.3632813 0.6203613
v -0.8908691 -0.3632813 0.9091797
v -0.8859863 -0.3632813 0.6835938
v -0.6809082 -0.3632813 0.5654297
vn 0.625 -0.7070313 0.3320313
vn 0.4921875 -0.8613281 -0.1210938
vn -0.009765625 -0.9121094 0.4082031
vn 0 -0.6171875 -0.7871094
vn -0.1503906 -0.6035156 -0.7832031
vt 0.7783203 -0.1704102
vt 0.7817383 -0.1694336
vt 0.7792969 -0.1713867
vt 0.78125 -0.1713867
vt 0.7822266 -0.1728516
f 701/701/701 702/702/702 703/703/703
f 702/702/702 704/704/704 703/703/703
f 703/703/703 704/704/704 705/705/705
v -0.1958008 0.1750488 0.3410645
v -0.3081055 0.1750488 0.5358887
v 0.1945801 0.1750488 0.3410645
v -0.0007324219 0.1750488 0.6181641
v 0.3068848 0.1750488 0.5358887
vn 0.3613281 0.8339844 -0.4179688
vn -0.3710938 0.6679688 0.6445313
vn -0.1796875 0.8339844 -0.5214844
vn 0 0.71875 0.6953125
vn 0.3710938 0.6679688 0.6445313
vt 0.9423828 -0.5791016
vt 0.9091797 -0.559082
vt 0.9423828 -0.6479492
vt 0.8955078 -0.6132813
vt 0.9091797 -0.6679688
f 706/706/706 707/707/707 708/708/708
f 707/707/707 709/709/709 708/708/708
f 708/708/708 709/709/709 710/710/710
v -1.066406 0.07714844 -1.802246
v -1.178467 0.1010742 -1.710938
v -1.147705 -0.2927246 -1.700195
v -1.117188 0.1333008 -1.66333
vn 0.640625 0.0703125 0.765625
vn 0.08789063 0.9394531 -0.3300781
vn 0.9960938 0.078125 -0.02539063
vn 0.140625 0.9296875 -0.3378906
vt 0.02734375 -0.07617188
vt 0.008789063 -0.07128906
vt 0.01416016 -0.1484375
vt 0.01953125 -0.06542969
f 711/711/711 712/712/712 713/713/713
f 712/712/712 714/714/714 713/713/713
v -1.217041 -0.09838867 -1.955811
v -1.198975 -0.203125 -1.918213
v -1.488037 -0.09912109 -1.809814
v -1.748535 -0.09667969 -1.559326
vn 0.4257813 -0.1132813 -0.8964844
vn -0.1230469 -0.5332031 -0.8359375
vn -0.578125 -0.0234375 -0.8164063
vn -0.6875 -0.1367188 -0.7128906
vt 0.7392578 -0.9492188
vt 0.737793 -0.9492188
vt 0.703125 -0.862793
vt 0.6298828 -0.7836914
f 715/715/715 716/716/716 717/717/717
f 716/716/716 718/718/718 717/717/717
v -1.066406 0.07714844 -1.802246
v -1.198975 0.01538086 -1.918213
v -1.178467 0.1010742 -1.710938
v -1.410889 0.01074219 -1.779785
vn 0.4941406 0.4394531 -0.75
vn 0.1015625 0.7949219 -0.5996094
vn 0.08789063 0.9394531 -0.3300781
vn -0.359375 0.8613281 -0.359375
vt 0.3642578 -0.5629883
vt 0.46875 -0.5708008
vt 0.3676758 -0.4941406
vt 0.4780273 -0.4438477
f 719/719/719 720/720/720 721/721/721
f 720/720/720 722/722/722 721/721/721
v -1.147705 -0.2927246 -1.700195
v -0.8432617 -0.3129883 -1.876221
v -0.5461426 -0.3117676 -1.734863
v -0.6408691 -0.295166 -2.020508
vn -0.02734375 -0.9980469 0.06835938
vn -0.4511719 -0.8242188 0.34375
vn 0 -1 0
vn -0.08789063 -0.9707031 -0.2265625
vt 0.3012695 -0.08496094
vt 0.3134766 -0.06298828
vt 0.3256836 -0.06884766
vt 0.3217773 -0.04492188
f 723/723/723 724/724/724 725/725/725
f 724/724/724 726/726/726 725/725/725
v -1.357422 0.1003418 -1.399902
v -1.248047 0.0715332 -1.337646
v -1.266846 0.1333008 -1.525879
v -0.855957 0.114502 -1.722412
vn -0.4316406 0.546875 0.7167969
vn -0.05664063 0.8339844 0.5488281
vn 0.1289063 0.9453125 0.296875
vn 0.1816406 0.9394531 0.2910156
vt 0.3178711 -0.3066406
vt 0.2617188 -0.3413086
vt 0.3276367 -0.4018555
vt 0.2563477 -0.5991211
f 727/727/727 728/728/728 729/729/729
f 728/728/728 730/730/730 729/729/729
v -1.266846 0.1333008 -1.525879
v -1.507324 0.02539063 -1.631836
v -1.302979 -0.3105469 -1.506348
v -1.502686 -0.2329102 -1.5896
vn -0.3808594 0.1113281 0.9179688
vn -0.3808594 0.1113281 0.9179688
vn -0.2832031 -0.8730469 0.3984375
vn -0.4609375 -0.8847656 -0.06054688
vt 0.03222656 -0.6430664
vt 0.07177734 -0.6674805
vt 0.02490234 -0.7441406
vt 0.05712891 -0.7265625
f 731/731/731 732/732/732 733/733/733
f 732/732/732 734/734/734 733/733/733
v -1.248047 0.0715332 -1.337646
v -1.357422 0.1003418 -1.399902
v -1.282471 -0.1853027 -1.260254
v -1.38208 -0.3105469 -1.35498
vn -0.05664063 0.8339844 0.5488281
vn -0.4316406 0.546875 0.7167969
vn -0.5976563 0.2207031 0.7714844
vn -0.7558594 0.1015625 0.6464844
vt 0.4907227 -0.7216797
vt 0.5024414 -0.7172852
vt 0.4750977 -0.7592773
vt 0.4931641 -0.777832
f 735/735/735 736/736/736 737/737/737
f 736/736/736 738/738/738 737/737/737
v -1.302979 -0.3105469 -1.506348
v -1.502686 -0.2329102 -1.5896
v -1.147705 -0.2927246 -1.700195
v -1.198975 -0.203125 -1.918213
vn -0.2832031 -0.8730469 0.3984375
vn -0.4609375 -0.8847656 -0.06054688
vn -0.1796875 -0.953125 -0.2421875
vn -0.3515625 -0.8613281 -0.3671875
vt 0.6049805 -0.9091797
vt 0.6352539 -0.8569336
vt 0.6650391 -0.9541016
vt 0.737793 -0.9492188
f 739/739/739 740/740/740 741/741/741
f 740/740/740 742/742/742 741/741/741
v -1.178467 0.1010742 -1.710938
v -1.266846 0.1333008 -1.525879
v -1.117188 0.1333008 -1.66333
v -0.855957 0.114502 -1.722412
vn 0.08789063 0.9394531 -0.3300781
vn -0.1542969 0.9746094 -0.1601563
vn 0.140625 0.9296875 -0.3378906
vn 0.0859375 0.9941406 0.06445313
vt 0.3676758 -0.4941406
vt 0.3276367 -0.4018555
vt 0.3271484 -0.4985352
vt 0.2563477 -0.5991211
f 743/743/743 744/744/744 745/745/745
f 744/744/744 746/746/746 745/745/745
v -0.5351563 0.05810547 -2.09668
v -0.6677246 0.08227539 -2.039307
v -0.6408691 -0.295166 -2.020508
v -0.6218262 0.114502 -1.976807
vn 0.4082031 0.07421875 0.9101563
vn 0.1777344 0.9414063 -0.2832031
vn 0.9648438 0.08007813 0.2460938
vn 0.140625 0.9296875 -0.3378906
vt 0.02832031 -0.07861328
vt 0.005859375 -0.07421875
vt 0.01074219 -0.1474609
vt 0.01416016 -0.06787109
f 747/747/747 748/748/748 749/749/749
f 748/748/748 750/750/750 749/749/749
v -0.6191406 -0.1174316 -2.299072
v -0.6118164 -0.222168 -2.257813
v -0.9196777 -0.1179199 -2.232422
v -1.238525 -0.1154785 -2.062012
vn 0.7402344 -0.1132813 -0.6621094
vn 0.1972656 -0.5859375 -0.7851563
vn -0.3339844 -0.0234375 -0.9414063
vn -0.4667969 -0.1367188 -0.8730469
vt 0.7597656 -0.9306641
vt 0.737793 -0.9492188
vt 0.703125 -0.862793
vt 0.6298828 -0.7836914
f 751/751/751 752/752/752 753/753/753
f 752/752/752 754/754/754 753/753/753
v -0.5351563 0.05810547 -2.09668
v -0.6118164 -0.003417969 -2.257813
v -0.6677246 0.08227539 -2.039307
v -0.8535156 -0.008056641 -2.182373
vn 0.7382813 0.4199219 -0.5273438
vn 0.3554688 0.7597656 -0.5429688
vn 0.1777344 0.9414063 -0.2832031
vn -0.2382813 0.8730469 -0.4277344
vt 0.3642578 -0.5629883
vt 0.46875 -0.5708008
vt 0.3676758 -0.4941406
vt 0.4780273 -0.4438477
f 755/755/755 756/756/756 757/757/757
f 756/756/756 758/758/758 757/757/757
v -0.8029785 0.114502 -1.885254
v -0.9865723 0.006591797 -2.066162
v -0.8432617 -0.3129883 -1.876221
v -0.9936523 -0.251709 -2.02417
vn -0.7558594 0.1015625 0.6464844
vn -0.6953125 0.109375 0.7109375
vn -0.4511719 -0.8242188 0.34375
vn -0.4296875 -0.8886719 -0.1621094
vt 0.02636719 -0.6474609
vt 0.08544922 -0.671875
vt 0.02246094 -0.7446289
vt 0.07128906 -0.7304688
f 759/759/759 760/760/760 761/761/761
f 760/760/760 762/762/762 761/761/761
v -0.8432617 -0.3129883 -1.876221
v -0.9936523 -0.251709 -2.02417
v -0.6408691 -0.295166 -2.020508
v -0.6118164 -0.222168 -2.257813
vn -0.4511719 -0.8242188 0.34375
vn -0.4296875 -0.8886719 -0.1621094
vn -0.08789063 -0.9707031 -0.2265625
vn -0.21875 -0.8574219 -0.4648438
vt 0.6049805 -0.9091797
vt 0.6347656 -0.8564453
vt 0.6650391 -0.9541016
vt 0.737793 -0.9492188
f 763/763/763 764/764/764 765/765/765
f 764/764/764 766/766/766 765/765/765
v -0.6677246 0.08227539 -2.039307
v -0.8029785 0.114502 -1.885254
v -0.6218262 0.114502 -1.976807
v -0.3391113 0.1218262 -1.872559
vn 0.1777344 0.9414063 -0.2832031
vn -0.1289063 0.9609375 -0.2441406
vn 0.140625 0.9296875 -0.3378906
vn 0 0.9980469 0
vt 0.3676758 -0.4941406
vt 0.3276367 -0.4018555
vt 0.3271484 -0.4985352
vt 0.2563477 -0.5996094
f 767/767/767 768/768/768 769/769/769
f 768/768/768 770/770/770 769/769/769
v 0.1140137 0.07714844 -2.101807
v -0.03051758 0.1010742 -2.096924
v -0.01245117 -0.2927246 -2.069824
v -0.01049805 0.1335449 -2.022217
vn 0.03320313 0.08007813 0.9960938
vn 0.2988281 0.9355469 -0.1875
vn 0.8085938 0.078125 0.5839844
vn 0.2988281 0.9355469 -0.1875
vt 0.03076172 -0.07861328
vt 0.005859375 -0.07373047
vt 0.009277344 -0.1508789
vt 0.009765625 -0.06738281
f 771/771/771 772/772/772 773/773/773
f 772/772/772 774/774/774 773/773/773
v 0.1101074 -0.09838867 -2.360107
v 0.1015625 -0.203125 -2.319092
v -0.1940918 -0.09912109 -2.408203
v -0.5532227 -0.09667969 -2.366699
vn 0.9355469 -0.1152344 -0.3339844
vn 0.453125 -0.5390625 -0.7089844
vn 0 0.01171875 -1
vn -0.1152344 -0.1367188 -0.984375
vt 0.7607422 -0.9296875
vt 0.7392578 -0.9492188
vt 0.703125 -0.862793
vt 0.6298828 -0.7836914
f 775/775/775 776/776/776 777/777/777
f 776/776/776 778/778/778 777/777/777
v 0.1140137 0.07714844 -2.101807
v 0.1015625 0.01538086 -2.319092
v -0.03051758 0.1010742 -2.096924
v -0.1508789 0.01074219 -2.337646
vn 0.8867188 0.4355469 -0.15625
vn 0.4785156 0.8261719 -0.2988281
vn 0.2988281 0.9355469 -0.1875
vn -0.08789063 0.8847656 -0.4589844
vt 0.3642578 -0.5629883
vt 0.46875 -0.5703125
vt 0.3676758 -0.4941406
vt 0.4780273 -0.4438477
f 779/779/779 780/780/780 781/781/781
f 780/780/780 782/782/782 781/781/781
v 1.436035 -0.1572266 -0.02807617
v 1.386963 -0.1572266 -0.1555176
v 1.768555 -0.1572266 -0.3754883
v 1.692383 -0.1572266 -0.6379395
vn 0.171875 -0.5761719 0.7988281
vn -0.8691406 -0.453125 -0.1992188
vn 0.5253906 -0.7402344 0.4199219
vn -0.8378906 -0.3886719 -0.3828125
vt 0.1225586 -0.07226563
vt 0.08203125 -0.07226563
vt 0.1225586 -0.184082
vt 0.08203125 -0.184082
f 783/783/783 784/784/784 785/785/785
f 784/784/784 786/786/786 785/785/785
v 1.386963 0.1159668 -0.1555176
v 1.544189 0.07519531 -0.2856445
v 1.386963 -0.1572266 -0.1555176
v 1.692383 -0.1572266 -0.6379395
vn -0.7539063 0.6035156 -0.2617188
vn -0.6015625 0.71875 -0.3476563
vn -0.8691406 -0.453125 -0.1992188
vn -0.8378906 -0.3886719 -0.3828125
vt 0.06201172 -0.06347656
vt 0.06201172 -0.1289063
vt 0.01611328 -0.06347656
vt 0.01611328 -0.1884766
f 787/787/787 788/788/788 789/789/789
f 788/788/788 790/790/790 789/789/789
v -0.01049805 0.1335449 -2.022217
v 0.2158203 0.1276855 -1.904297
v 0.3659668 0.1276855 -1.986816
v 0.7207031 0.1252441 -1.733398
vn 0.2988281 0.9355469 -0.1875
vn 0 0.9980469 0
vn 0 0.9980469 0
vn 0 0.9980469 0
vt 0.284668 -0.2368164
vt 0.2617188 -0.3422852
vt 0.3276367 -0.4018555
vt 0.2563477 -0.6000977
f 791/791/791 792/792/792 793/793/793
f 792/792/792 794/794/794 793/793/793
v 0.4526367 -0.009277344 1.398193
v 0.8354492 0.05297852 1.617676
v 0.595459 0.03637695 1.277344
v 0.8713379 0.08374023 1.161133
vn -0.1660156 0.9863281 -0.02929688
vn -0.09765625 0.9941406 0.04296875
vn -0.1835938 0.9804688 0.08007813
vn -0.09765625 0.9941406 0.04296875
vt 0.6757813 -0.2749023
vt 0.5517578 -0.3520508
vt 0.6665039 -0.331543
vt 0.6577148 -0.4370117
f 795/795/795 796/796/796 797/797/797
f 796/796/796 798/798/798 797/797/797
v 0.8354492 0.05297852 1.617676
v 1.216797 0.08618164 1.334961
v 0.8713379 0.08374023 1.161133
v 1.193848 0.1142578 0.9177246
vn -0.09765625 0.9941406 0.04296875
vn -0.005859375 0.9960938 0.08398438
vn -0.09765625 0.9941406 0.04296875
vn 0 0.9980469 0
vt 0.5517578 -0.3520508
vt 0.5561523 -0.4975586
vt 0.6577148 -0.4370117
vt 0.6845703 -0.5532227
f 799/799/799 800/800/800 801/801/801
f 800/800/800 802/802/802 801/801/801
v 1.216797 0.08618164 1.334961
v 1.572266 0.1142578 1.005615
v 1.193848 0.1142578 0.9177246
v 1.353271 0.1174316 0.5908203
vn -0.005859375 0.9960938 0.08398438
vn 0 0.9980469 0
vn 0 0.9980469 0
vn 0 0.9980469 0
vt 0.5561523 -0.4975586
vt 0.5810547 -0.6499023
vt 0.6845703 -0.5532227
vt 0.7294922 -0.6611328
f 803/803/803 804/804/804 805/805/805
f 804/804/804 806/806/806 805/805/805
v 1.572266 0.1142578 1.005615
v 1.861328 0.1159668 0.4523926
v 1.353271 0.1174316 0.5908203
v 1.408447 0.1176758 0.2260742
vn 0 0.9980469 0
vn 0 0.9980469 0
vn 0 0.9980469 0
vn 0 0.9980469 0
vt 0.5810547 -0.6499023
vt 0.6674805 -0.7924805
vt 0.7294922 -0.6611328
vt 0.8056641 -0.7470703
f 807/807/807 808/808/808 809/809/809
f 808/808/808 810/810/810 809/809/809
v -0.01245117 -0.2927246 -2.069824
v 0.3305664 -0.3161621 -2.007813
v 0.2883301 -0.3115234 -1.806641
v 0.5766602 -0.2983398 -1.974365
vn -0.0703125 -0.9980469 0.0078125
vn -0.5644531 -0.8222656 -0.0703125
vn 0 -1 0
vn 0.1015625 -0.9804688 -0.1699219
vt 0.3476563 -0.02734375
vt 0.3618164 -0.03320313
vt 0.3603516 -0.05712891
vt 0.3720703 -0.03613281
f 811/811/811 812/812/812 813/813/813
f 812/812/812 814/814/814 813/813/813
v 1.736572 -0.06469727 -0.3566895
v 1.828857 -0.04833984 -0.08569336
v 1.611328 -0.06469727 -0.1696777
v 1.436035 -0.06469727 -0.02807617
vn 0.6542969 -0.6171875 0.4375
vn 0.06640625 -0.9980469 -0.0078125
vn 0.6035156 -0.6035156 0.5214844
vn -0.2832031 -0.8730469 0.3984375
vt 0.3369141 -0.2216797
vt 0.3554688 -0.1787109
vt 0.3710938 -0.2055664
vt 0.4038086 -0.184082
f 815/815/815 816/816/816 817/817/817
f 816/816/816 818/818/818 817/817/817
v 1.290039 -0.04907227 0.7636719
v 1.436035 -0.06469727 -0.02807617
v 1.861328 -0.04882813 0.4523926
v 1.828857 -0.04833984 -0.08569336
vn 0 -1 0
vn -0.2832031 -0.8730469 0.3984375
vn 0 -1 0
vn 0.06640625 -0.9980469 -0.0078125
vt 0.4853516 -0.1074219
vt 0.4038086 -0.184082
vt 0.4101563 -0.1049805
vt 0.3554688 -0.1787109
f 819/819/819 820/820/820 821/821/821
f 820/820/820 822/822/822 821/821/821
v 1.812256 0.3896484 0.008300781
v 1.661865 -0.1484375 -0.06518555
v 2.049072 -0.1357422 -0.08764648
v 1.906006 -0.5654297 0.08251953
vn 0.0625 -0.1523438 0.9863281
vn 0.03320313 0.08007813 0.9960938
vn 0.03320313 0.08007813 0.9960938
vn 0.04296875 0.3554688 0.9335938
vt 0.5541992 -0.09765625
vt 0.5180664 -0.1865234
vt 0.5991211 -0.1855469
vt 0.5546875 -0.2617188
f 823/823/823 824/824/824 825/825/825
f 824/824/824 826/826/826 825/825/825
v 1.812256 0.3896484 0.008300781
v 2.049072 -0.1357422 -0.08764648
v 1.793945 0.3796387 -0.1159668
v 2.030518 -0.145752 -0.2119141
vn 0.8867188 0.4355469 -0.15625
vn 0.9921875 0.02734375 -0.1152344
vn 0.6796875 0.3730469 -0.6308594
vn 0.4257813 -0.1132813 -0.8964844
vt 0.06494141 -0.2636719
vt 0.06494141 -0.4472656
vt 0.06494141 -0.2636719
vt 0.03125 -0.4472656
f 827/827/827 828/828/828 829/829/829
f 828/828/828 830/830/830 829/829/829
v 1.793945 0.3796387 -0.1159668
v 2.030518 -0.145752 -0.2119141
v 1.661865 -0.1484375 -0.06518555
v 1.887695 -0.5756836 -0.04174805
vn 0.6796875 0.3730469 -0.6308594
vn 0.4257813 -0.1132813 -0.8964844
vn -0.3671875 -0.1191406 -0.921875
vn -0.3691406 -0.2207031 -0.9023438
vt 0.5541992 -0.09765625
vt 0.5991211 -0.1855469
vt 0.5180664 -0.1865234
vt 0.5546875 -0.2617188
f 831/831/831 832/832/832 833/833/833
f 832/832/832 834/834/834 833/833/833
v -0.5461426 -0.3117676 -1.734863
v -0.2536621 -0.3103027 -2.009766
v 0.2883301 -0.3115234 -1.806641
v -0.01245117 -0.2927246 -2.069824
vn 0 -1 0
vn -0.5527344 -0.828125 0.08203125
vn 0.02148438 -0.9980469 -0.0625
vn 0.01367188 -0.9667969 -0.2578125
vt 0.3256836 -0.06884766
vt 0.3378906 -0.03564453
vt 0.3603516 -0.05712891
vt 0.3476563 -0.02734375
f 835/835/835 836/836/836 837/837/837
f 836/836/836 838/838/838 837/837/837
v 1.906006 -0.5654297 0.08251953
v 1.887695 -0.5756836 -0.04174805
v 2.049072 -0.1357422 -0.08764648
v 2.030518 -0.145752 -0.2119141
vn 0.9296875 -0.3515625 -0.109375
vn 0.9296875 -0.3515625 -0.109375
vn 0.9921875 0.02734375 -0.1152344
vn 0.4257813 -0.1132813 -0.8964844
vt 0.06494141 -0.6157227
vt 0.03125 -0.6157227
vt 0.06494141 -0.4472656
vt 0.03125 -0.4472656
f 839/839/839 840/840/840 841/841/841
f 840/840/840 842/842/842 841/841/841
v -0.2128906 0.1335449 -2.003418
v -0.3173828 0.02539063 -2.278076
v -0.2536621 -0.3103027 -2.009766
v -0.3393555 -0.2329102 -2.241699
vn -0.9296875 0.1074219 0.3535156
vn -0.9296875 0.1074219 0.3535156
vn -0.5527344 -0.828125 0.08203125
vn -0.3515625 -0.8613281 -0.3671875
vt 0.02441406 -0.6430664
vt 0.1030273 -0.6674805
vt 0.02587891 -0.7441406
vt 0.09033203 -0.7265625
f 843/843/843 844/844/844 845/845/845
f 844/844/844 846/846/846 845/845/845
v 1.759033 0.3806152 0.565918
v 1.5979 -0.1484375 0.3659668
v 1.96167 -0.1357422 0.5009766
v 1.762207 -0.5654297 0.5993652
vn -0.3300781 -0.2441406 0.9121094
vn -0.3261719 0.0703125 0.9433594
vn -0.3261719 0.0703125 0.9433594
vn -0.3359375 0.3554688 0.8710938
vt 0.5541992 -0.09765625
vt 0.5185547 -0.1865234
vt 0.5991211 -0.1855469
vt 0.5546875 -0.2612305
f 847/847/847 848/848/848 849/849/849
f 848/848/848 850/850/850 849/849/849
v 1.759033 0.3806152 0.565918
v 1.96167 -0.1357422 0.5009766
v 1.792236 0.3703613 0.4445801
v 2.0625 -0.145752 0.4187012
vn 0.9003906 0.3671875 0.2324219
vn 0.8476563 -0.0234375 0.5292969
vn 0.9277344 0.3730469 -0.01367188
vn 0.9570313 -0.01367188 -0.2910156
vt 0.06494141 -0.2636719
vt 0.06494141 -0.4472656
vt 0.03125 -0.2636719
vt 0.03125 -0.4472656
f 851/851/851 852/852/852 853/853/853
f 852/852/852 854/854/854 853/853/853
v 1.792236 0.3703613 0.4445801
v 2.0625 -0.145752 0.4187012
v 1.5979 -0.1484375 0.3659668
v 1.79541 -0.5756836 0.4780273
vn 0.9277344 0.3730469 -0.01367188
vn 0.9570313 -0.01367188 -0.2910156
vn 0.1113281 -0.01171875 -0.9941406
vn 0.1113281 -0.203125 -0.9726563
vt 0.5541992 -0.09765625
vt 0.5991211 -0.1855469
vt 0.5185547 -0.1865234
vt 0.5546875 -0.2617188
f 855/855/855 856/856/856 857/857/857
f 856/856/856 858/858/858 857/857/857
v -0.2536621 -0.3103027 -2.009766
v -0.3393555 -0.2329102 -2.241699
v -0.01245117 -0.2927246 -2.069824
v 0.1015625 -0.203125 -2.319092
vn -0.5527344 -0.828125 0.08203125
vn -0.3515625 -0.8613281 -0.3671875
vn 0.01367188 -0.9667969 -0.2578125
vn -0.03320313 -0.8554688 -0.5175781
vt 0.6035156 -0.9077148
vt 0.6342773 -0.855957
vt 0.6650391 -0.9541016
vt 0.7392578 -0.9492188
f 859/859/859 860/860/860 861/861/861
f 860/860/860 862/862/862 861/861/861
v 1.762207 -0.5654297 0.5993652
v 1.79541 -0.5756836 0.4780273
v 1.96167 -0.1357422 0.5009766
v 2.0625 -0.145752 0.4187012
vn 0.8945313 -0.3515625 0.2734375
vn 0.7363281 -0.3515625 0.578125
vn 0.8476563 -0.0234375 0.5292969
vn 0.9570313 -0.01367188 -0.2910156
vt 0.06494141 -0.6157227
vt 0.03125 -0.6157227
vt 0.06494141 -0.4472656
vt 0.03125 -0.4472656
f 863/863/863 864/864/864 865/865/865
f 864/864/864 866/866/866 865/865/865
v -0.03051758 0.1010742 -2.096924
v -0.2128906 0.1335449 -2.003418
v -0.01049805 0.1335449 -2.022217
v 0.2158203 0.1276855 -1.904297
vn 0.2988281 0.9355469 -0.1875
vn -0.01953125 0.9707031 -0.2363281
vn 0.2988281 0.9355469 -0.1875
vn 0 0.9980469 0
vt 0.3676758 -0.4941406
vt 0.3276367 -0.4018555
vt 0.3271484 -0.4985352
vt 0.2563477 -0.5996094
f 867/867/867 868/868/868 869/869/869
f 868/868/868 870/870/870 869/869/869
v 0.6801758 0.4260254 1.64917
v 0.7866211 -0.05688477 1.421143
v 0.793457 -0.05883789 1.767822
v 0.6428223 -0.5314941 1.6521
vn -0.9746094 -0.2226563 0.01953125
vn -1 0 0
vn -1 0 0
vn -0.9589844 0.2773438 0.04492188
vt 0.5541992 -0.09765625
vt 0.5180664 -0.1865234
vt 0.5991211 -0.1855469
vt 0.5546875 -0.2617188
f 871/871/871 872/872/872 873/873/873
f 872/872/872 874/874/874 873/873/873
v 0.6801758 0.4260254 1.64917
v 0.793457 -0.05883789 1.767822
v 0.8068848 0.418457 1.61084
v 0.9204102 -0.06640625 1.729492
vn 0.2929688 0.2910156 0.9101563
vn 0.2460938 0 0.96875
vn 0.2929688 0.2910156 0.9101563
vn 0.2460938 0 0.96875
vt 0.06494141 -0.2636719
vt 0.06494141 -0.4472656
vt 0.03125 -0.2641602
vt 0.03125 -0.4472656
f 875/875/875 876/876/876 877/877/877
f 876/876/876 878/878/878 877/877/877
v 0.8068848 0.418457 1.61084
v 0.9204102 -0.06640625 1.729492
v 0.7866211 -0.05688477 1.421143
v 0.7695313 -0.5390625 1.61377
vn 0.9121094 0.1171875 -0.3925781
vn 0.9023438 -0.06054688 -0.4257813
vn 0.9023438 -0.06054688 -0.4257813
vn 0.8984375 -0.1894531 -0.3964844
vt 0.5541992 -0.09765625
vt 0.5991211 -0.1855469
vt 0.5180664 -0.1865234
vt 0.5546875 -0.2617188
f 879/879/879 880/880/880 881/881/881
f 880/880/880 882/882/882 881/881/881
v 0.7060547 0.0715332 -1.957275
v 0.5700684 0.09545898 -2.006348
v 0.5766602 -0.2983398 -1.974365
v 0.560791 0.1276855 -1.929443
vn -0.3261719 0.0703125 0.9433594
vn 0.3398438 0.9394531 -0.06640625
vn 0.5351563 0.078125 0.8417969
vn 0.3398438 0.9394531 -0.06640625
vt 0.05859375 -0.07470703
vt 0.01708984 -0.0703125
vt 0.01806641 -0.1469727
vt 0.01123047 -0.06396484
f 883/883/883 884/884/884 885/885/885
f 884/884/884 886/886/886 885/885/885
v 0.6428223 -0.5314941 1.6521
v 0.7695313 -0.5390625 1.61377
v 0.793457 -0.05883789 1.767822
v 0.9204102 -0.06640625 1.729492
vn 0.2578125 -0.3066406 0.9160156
vn 0.2578125 -0.3066406 0.9160156
vn 0.2460938 0 0.96875
vn 0.2460938 0 0.96875
vt 0.06494141 -0.6157227
vt 0.03125 -0.6157227
vt 0.06494141 -0.4472656
vt 0.03125 -0.4472656
f 887/887/887 888/888/888 889/889/889
f 888/888/888 890/890/890 889/889/889
v 0.7834473 -0.1040039 -2.235107
v 0.760498 -0.2087402 -2.121826
v 0.5187988 -0.1047363 -2.314209
v 0.1699219 -0.1022949 -2.408447
vn 0.9667969 -0.2207031 0.1328125
vn 0.6308594 -0.6425781 -0.4375
vn 0.2578125 -0.1367188 -0.9570313
vn 0.2578125 -0.1367188 -0.9570313
vt 0.7607422 -0.9296875
vt 0.7392578 -0.9492188
vt 0.703125 -0.862793
vt 0.6298828 -0.7836914
f 891/891/891 892/892/892 893/893/893
f 892/892/892 894/894/894 893/893/893
v 1.121582 0.3806152 1.405029
v 1.135986 -0.1484375 1.148682
v 1.315186 -0.1357422 1.492432
v 1.101563 -0.5654297 1.431885
vn -0.8554688 -0.2441406 0.4550781
vn -0.8867188 0.05859375 0.4589844
vn -0.8867188 0.05859375 0.4589844
vn -0.84375 0.3417969 0.4140625
vt 0.5541992 -0.09765625
vt 0.5185547 -0.1865234
vt 0.5986328 -0.1855469
vt 0.5546875 -0.2612305
f 895/895/895 896/896/896 897/897/897
f 896/896/896 898/898/898 897/897/897
v 1.121582 0.3806152 1.405029
v 1.315186 -0.1357422 1.492432
v 1.227539 0.3703613 1.337158
v 1.421143 -0.145752 1.424561
vn 0.4960938 0.2988281 0.8164063
vn 0.5 0.01171875 0.8652344
vn 0.8222656 0.3769531 0.4277344
vn 0.9921875 -0.06835938 0.1015625
vt 0.06494141 -0.2636719
vt 0.06494141 -0.4472656
vt 0.03125 -0.2636719
vt 0.03125 -0.4472656
f 899/899/899 900/900/900 901/901/901
f 900/900/900 902/902/902 901/901/901
v 1.227539 0.3703613 1.337158
v 1.421143 -0.145752 1.424561
v 1.135986 -0.1484375 1.148682
v 1.207275 -0.5756836 1.364014
vn 0.8222656 0.3769531 0.4277344
vn 0.9921875 -0.06835938 0.1015625
vn 0.6542969 -0.09179688 -0.75
vn 0.6757813 -0.2382813 -0.6972656
vt 0.5541992 -0.09765625
vt 0.5991211 -0.1855469
vt 0.5185547 -0.1865234
vt 0.5546875 -0.2617188
f 903/903/903 904/904/904 905/905/905
f 904/904/904 906/906/906 905/905/905
v 0.7060547 0.0715332 -1.957275
v 0.760498 0.009765625 -2.121826
v 0.5700684 0.09545898 -2.006348
v 0.5327148 0.005126953 -2.232422
vn 0.9316406 0.3242188 0.1640625
vn 0.625 0.7695313 -0.1308594
vn 0.3398438 0.9394531 -0.06640625
vn 0.1210938 0.8691406 -0.4785156
vt 0.3642578 -0.5629883
vt 0.46875 -0.5703125
vt 0.3676758 -0.4941406
vt 0.4780273 -0.4438477
f 907/907/907 908/908/908 909/909/909
f 908/908/908 910/910/910 909/909/909
v 1.101563 -0.5654297 1.431885
v 1.207275 -0.5756836 1.364014
v 1.315186 -0.1357422 1.492432
v 1.421143 -0.145752 1.424561
vn 0.4824219 -0.3125 0.8183594
vn 0.4824219 -0.3125 0.8183594
vn 0.5 0.01171875 0.8652344
vn 0.9921875 -0.06835938 0.1015625
vt 0.06494141 -0.6157227
vt 0.06494141 -0.6157227
vt 0.06494141 -0.4472656
vt 0.03125 -0.4472656
f 911/911/911 912/912/912 913/913/913
f 912/912/912 914/914/914 913/913/913
v 0.560791 0.1276855 -1.929443
v 0.7207031 0.1252441 -1.733398
v 0.9155273 0.1333008 -1.761719
v 1.074463 0.1333008 -1.455322
vn 0.3398438 0.9394531 -0.06640625
vn 0 0.9980469 0
vn 0 0.9980469 0
vn 0 0.9980469 0
vt 0.284668 -0.2368164
vt 0.2617188 -0.3422852
vt 0.3276367 -0.4018555
vt 0.2563477 -0.5996094
f 915/915/915 916/916/916 917/917/917
f 916/916/916 918/918/918 917/917/917
v 0.3659668 0.1276855 -1.986816
v 0.3562012 0.01977539 -2.239014
v 0.3305664 -0.3161621 -2.007813
v 0.3222656 -0.2385254 -2.213135
vn -0.9921875 0.109375 0.04882813
vn -0.9921875 0.109375 0.04882813
vn -0.5644531 -0.8222656 -0.0703125
vn -0.3515625 -0.796875 -0.4921875
vt 0.02587891 -0.6445313
vt 0.1132813 -0.6689453
vt 0.03222656 -0.7451172
vt 0.1040039 -0.7275391
f 919/919/919 920/920/920 921/921/921
f 920/920/920 922/922/922 921/921/921
v 1.856934 -0.07519531 -0.5568848
v 2.001953 -0.06445313 -0.1623535
v 1.734131 -0.4914551 -0.4509277
v 1.814941 -0.456543 0.4538574
vn 0.8828125 -0.001953125 -0.46875
vn 0.9765625 0.009765625 -0.2148438
vn 0.2832031 -0.8730469 -0.3984375
vn 0.8886719 -0.453125 -0.078125
vt 0.07226563 -0.855957
vt 0.1079102 -0.855957
vt 0.09277344 -0.9736328
vt 0.1918945 -0.9736328
f 923/923/923 924/924/924 925/925/925
f 924/924/924 926/926/926 925/925/925
v 1.814697 0.2993164 0.4494629
v 2.028076 -0.1350098 0.484375
v 2.001953 -0.06445313 -0.1623535
v 1.814941 -0.456543 0.4538574
vn 0.8964844 0.4414063 0.01171875
vn 0.9960938 -0.05859375 -0.05664063
vn 0.9960938 -0.05859375 -0.05664063
vn 0.8339844 -0.5449219 -0.09375
vt 0.1914063 -0.7392578
vt 0.1811523 -0.855957
vt 0.1079102 -0.855957
vt 0.1918945 -0.9736328
f 927/927/927 928/928/928 929/929/929
f 928/928/928 930/930/930 929/929/929
v 0.5700684 0.09545898 -2.006348
v 0.3659668 0.1276855 -1.986816
v 0.560791 0.1276855 -1.929443
v 0.7207031 0.1252441 -1.733398
vn 0.3398438 0.9394531 -0.06640625
vn 0.0703125 0.9648438 -0.2539063
vn 0.3398438 0.9394531 -0.06640625
vn 0 0.9980469 0
vt 0.3676758 -0.4941406
vt 0.3276367 -0.4018555
vt 0.3271484 -0.4985352
vt 0.2563477 -0.6000977
f 931/931/931 932/932/932 933/933/933
f 932/932/932 934/934/934 933/933/933
v 1.209961 0.07714844 -1.54541
v 1.108154 0.1010742 -1.69165
v 1.100586 -0.2927246 -1.659912
v 1.066895 0.1333008 -1.626221
vn -0.8144531 0.0625 0.5761719
vn 0.3261719 0.9453125 0.01953125
vn 0.03320313 0.08007813 0.9960938
vn 0.3515625 0.9335938 0.07421875
vt 0.6054688 -0.7216797
vt 0.5908203 -0.7172852
vt 0.5844727 -0.7753906
vt 0.5776367 -0.7124023
f 935/935/935 936/936/936 937/937/937
f 936/936/936 938/938/938 937/937/937
v 1.36792 -0.09838867 -1.697266
v 1.332275 -0.203125 -1.675537
v 1.196777 -0.09912109 -1.96167
v 0.9221191 -0.09667969 -2.197021
vn 0.8867188 -0.1152344 0.4472656
vn 0.8261719 -0.5449219 -0.1445313
vn 0.7617188 -0.03125 -0.6464844
vn 0.6425781 -0.1503906 -0.7519531
vt 0.7607422 -0.9296875
vt 0.7392578 -0.9492188
vt 0.703125 -0.862793
vt 0.6298828 -0.7836914
f 939/939/939 940/940/940 941/941/941
f 940/940/940 942/942/942 941/941/941
v 0.3591309 -0.4326172 1.662354
v 0.4375 -0.07519531 1.829834
v 0.01000977 -0.01074219 1.643066
v 0.4516602 0.3120117 1.676025
vn -0.1367188 -0.3496094 0.9277344
vn -0.1308594 0 0.9921875
vn -0.3964844 0.02734375 0.9179688
vn -0.07226563 0.3457031 0.9355469
vt 0.4462891 -0.9736328
vt 0.4560547 -0.855957
vt 0.5175781 -0.855957
vt 0.4418945 -0.7392578
f 943/943/943 944/944/944 945/945/945
f 944/944/944 946/946/946 945/945/945
v 0.7792969 0.3144531 1.631592
v 0.9296875 -0.09887695 1.452393
v 0.4516602 0.3120117 1.676025
v 0.01000977 -0.01074219 1.643066
vn -0.1289063 0.3554688 -0.9257813
vn -0.1738281 0.03125 -0.984375
vn -0.1289063 0.3554688 -0.9257813
vn -0.1738281 0.03125 -0.984375
vt 0.3901367 -0.7470703
vt 0.4077148 -0.8647461
vt 0.4492188 -0.7475586
vt 0.5112305 -0.8398438
f 947/947/947 948/948/948 949/949/949
f 948/948/948 950/950/950 949/949/949
v 0.01000977 -0.01074219 1.643066
v 0.9296875 -0.09887695 1.452393
v 0.3591309 -0.4326172 1.662354
v 0.8085938 -0.4797363 1.606934
vn -0.1738281 0.03125 -0.984375
vn -0.1738281 0.03125 -0.984375
vn -0.1835938 -0.2773438 -0.9433594
vn -0.1484375 -0.3300781 -0.9316406
vt 0.5112305 -0.8398438
vt 0.4077148 -0.8647461
vt 0.4545898 -0.9599609
vt 0.3842773 -0.9736328
f 951/951/951 952/952/952 953/953/953
f 952/952/952 954/954/954 953/953/953
v 1.526611 0.3806152 1.052979
v 1.448242 -0.1484375 0.8083496
v 1.73877 -0.1357422 1.06543
v 1.517578 -0.5654297 1.085449
vn -0.6035156 -0.2382813 0.7617188
vn -0.6621094 0.05859375 0.7460938
vn -0.6621094 0.05859375 0.7460938
vn -0.6523438 0.3671875 0.6640625
vt 0.5541992 -0.09765625
vt 0.5180664 -0.1865234
vt 0.5996094 -0.1855469
vt 0.5541992 -0.2612305
f 955/955/955 956/956/956 957/957/957
f 956/956/956 958/958/958 957/957/957
v 1.601074 0.3703613 0.9516602
v 1.73877 -0.1357422 1.06543
v 1.813232 -0.145752 0.9641113
v 1.592041 -0.5756836 0.9841309
vn 0.921875 0.3808594 0.078125
vn 0.7832031 0 0.6210938
vn 0.9570313 -0.01367188 -0.2910156
vn 0.7363281 -0.3515625 0.578125
vt 0.06494141 -0.2636719
vt 0.06494141 -0.4472656
vt 0.03125 -0.4472656
vt 0.06494141 -0.6157227
f 959/959/959 960/960/960 961/961/961
f 960/960/960 962/962/962 961/961/961
v 1.209961 0.07714844 -1.54541
v 1.332275 0.01538086 -1.675537
v 1.108154 0.1010742 -1.69165
v 1.174072 0.01074219 -1.88208
vn 0.7382813 0.4257813 0.5214844
vn 0.6035156 0.7890625 0.1054688
vn 0.3261719 0.9453125 0.01953125
vn 0.3515625 0.8613281 -0.3671875
vt 0.3642578 -0.5629883
vt 0.46875 -0.5703125
vt 0.3676758 -0.4941406
vt 0.4780273 -0.4433594
f 963/963/963 964/964/964 965/965/965
f 964/964/964 966/966/966 965/965/965
v 1.601074 0.3703613 0.9516602
v 1.813232 -0.145752 0.9641113
v 1.448242 -0.1484375 0.8083496
v 1.592041 -0.5756836 0.9841309
vn 0.921875 0.3808594 0.078125
vn 0.9570313 -0.01367188 -0.2910156
vn 0.3925781 -0.05078125 -0.9179688
vn 0.3828125 -0.2382813 -0.8925781
vt 0.5541992 -0.09765625
vt 0.5996094 -0.1855469
vt 0.5180664 -0.1865234
vt 0.5541992 -0.2617188
f 967/967/967 968/968/968 969/969/969
f 968/968/968 970/970/970 969/969/969
v 1.116455 0.1333008 -1.530518
v 1.066895 0.1333008 -1.626221
v 1.074463 0.1333008 -1.455322
v 0.9155273 0.1333008 -1.761719
vn 0.8632813 0.4277344 0.2714844
vn 0.3515625 0.9335938 0.07421875
vn 0.3945313 0.8945313 0.2089844
vn 0.1796875 0.9609375 -0.2148438
vt 0.2915039 -0.5854492
vt 0.3271484 -0.4985352
vt 0.2563477 -0.5996094
vt 0.3276367 -0.4018555
f 971/971/971 972/972/972 973/973/973
f 972/972/972 974/974/974 973/973/973
v -2.327393 -0.1040039 0.4389648
v -2.218018 -0.2087402 0.4023438
v -2.263428 -0.1047363 0.7077637
v -2.170654 -0.1022949 1.057129
vn -0.3691406 -0.2207031 -0.9023438
vn -0.6933594 -0.6425781 -0.328125
vn -0.9570313 -0.1367188 0.2558594
vn -0.9570313 -0.1367188 0.2558594
vt 0.7607422 -0.9296875
vt 0.7392578 -0.9492188
vt 0.703125 -0.862793
vt 0.6298828 -0.7836914
f 975/975/975 976/976/976 977/977/977
f 976/976/976 978/978/978 977/977/977
v 1.100586 -0.2927246 -1.659912
v 1.116455 0.1333008 -1.530518
v 1.080322 -0.3105469 -1.473389
v 1.074463 0.1333008 -1.455322
vn 0.9921875 -0.06835938 0.1015625
vn 0.8632813 0.4277344 0.2714844
vn 0.953125 -0.0390625 0.3007813
vn 0.3945313 0.8945313 0.2089844
vt 0.5844727 -0.7753906
vt 0.5473633 -0.7124023
vt 0.5351563 -0.777832
vt 0.5317383 -0.7124023
f 979/979/979 980/980/980 981/981/981
f 980/980/980 982/982/982 981/981/981
v 0.2883301 -0.3115234 -1.806641
v 0.8920898 -0.3723145 -1.779785
v 1.080322 -0.3105469 -1.473389
v 1.100586 -0.2927246 -1.659912
vn -0.1074219 -0.9589844 0.2597656
vn -0.3515625 -0.8613281 -0.3671875
vn 0.1425781 -0.984375 0.1113281
vn 0.3945313 -0.8945313 -0.2089844
vt 0.3603516 -0.05712891
vt 0.3857422 -0.06054688
vt 0.394043 -0.1020508
vt 0.3945313 -0.07373047
f 983/983/983 984/984/984 985/985/985
f 984/984/984 986/986/986 985/985/985
v 0.9155273 0.1333008 -1.761719
v 1.017578 0.02539063 -1.963867
v 0.8920898 -0.3723145 -1.779785
v 0.9758301 -0.2329102 -1.955078
vn -0.875 0.07617188 -0.4785156
vn -0.9082031 0.09960938 -0.40625
vn -0.3515625 -0.8613281 -0.3671875
vn 0.1308594 -0.8203125 -0.5585938
vt 0.02392578 -0.6430664
vt 0.105957 -0.6674805
vt 0.02978516 -0.7578125
vt 0.1025391 -0.7265625
f 987/987/987 988/988/988 989/989/989
f 988/988/988 990/990/990 989/989/989
v 1.759521 0.04223633 -1.350098
v 1.759521 -0.1953125 -1.350098
v 1.925781 0.015625 -0.3381348
v 1.925781 -0.2216797 -0.3381348
vn -0.9863281 0 0.1621094
vn -0.9863281 0 0.1621094
vn -0.9863281 0 0.1621094
vn -0.9863281 0 0.1621094
vt 0.4145508 -0.6674805
vt 0.5063477 -0.6674805
vt 0.4145508 -0.6176758
vt 0.5063477 -0.6171875
f 991/991/991 992/992/992 993/993/993
f 992/992/992 994/994/994 993/993/993
v 0.8920898 -0.3723145 -1.779785
v 0.9758301 -0.2329102 -1.955078
v 1.100586 -0.2927246 -1.659912
v 1.332275 -0.203125 -1.675537
vn -0.3515625 -0.8613281 -0.3671875
vn 0.1308594 -0.8203125 -0.5585938
vn 0.3945313 -0.8945313 -0.2089844
vn 0.3964844 -0.8183594 -0.4179688
vt 0.6035156 -0.9077148
vt 0.6342773 -0.855957
vt 0.6650391 -0.9541016
vt 0.7392578 -0.9492188
f 995/995/995 996/996/996 997/997/997
f 996/996/996 998/998/998 997/997/997
v 0.3408203 -0.2155762 1.724854
v 0.904541 -0.2155762 1.685547
v 0.4858398 -0.09692383 1.92334
v 1.077881 -0.09326172 1.948975
vn 0.07421875 -0.8886719 0.453125
vn 0.009765625 -0.8769531 0.4804688
vn 0.009765625 -0.8769531 0.4804688
vn -0.009765625 -0.9121094 0.4082031
vt 0.690918 -0.1118164
vt 0.6616211 -0.06542969
vt 0.6987305 -0.09130859
vt 0.6728516 -0.03955078
f 999/999/999 1000/1000/1000 1001/1001/1001
f 1000/1000/1000 1002/1002/1002 1001/1001/1001
v 1.759521 0.04223633 -1.350098
v 1.925781 0.015625 -0.3381348
v 1.830566 -0.07666016 -1.483887
v 2.25415 -0.09521484 0.276123
vn 0.7910156 0.6015625 -0.1132813
vn 0.546875 0.8339844 -0.07226563
vn 0.625 0.7695313 -0.1308594
vn 0.3261719 0.9453125 0.01953125
vt 0.5581055 -0.6870117
vt 0.4072266 -0.6875
vt 0.5708008 -0.7016602
vt 0.296875 -0.722168
f 1003/1003/1003 1004/1004/1004 1005/1005/1005
f 1004/1004/1004 1006/1006/1006 1005/1005/1005
v 1.925781 0.015625 -0.3381348
v 1.875244 0.02197266 0.2836914
v 2.25415 -0.09521484 0.276123
v 1.834473 -0.09228516 1.212402
vn 0.546875 0.8339844 -0.07226563
vn 0.3515625 0.9335938 0.07421875
vn 0.3261719 0.9453125 0.01953125
vn 0.3320313 0.9140625 0.2363281
vt 0.4072266 -0.6875
vt 0.3266602 -0.6640625
vt 0.296875 -0.722168
vt 0.1777344 -0.6459961
f 1007/1007/1007 1008/1008/1008 1009/1009/1009
f 1008/1008/1008 1010/1010/1010 1009/1009/1009
v -0.1816406 0.06811523 1.062012
v -0.6447754 0.06811523 0.845459
v -0.2043457 0.06811523 1.168701
v -0.7058105 0.06811523 0.9382324
vn 0.3359375 0.609375 -0.71875
vn -0.0078125 0.5410156 -0.8417969
vn -0.2949219 0.7070313 0.6425781
vn -0.7617188 0.609375 0.21875
vt 0.7202148 -0.3413086
vt 0.8100586 -0.3398438
vt 0.7163086 -0.3232422
vt 0.8129883 -0.3212891
f 1011/1011/1011 1012/1012/1012 1013/1013/1013
f 1012/1012/1012 1014/1014/1014 1013/1013/1013
v 2.093994 0.07714844 -0.02246094
v 2.070801 0.1010742 -0.1650391
v 2.046143 -0.2927246 -0.1437988
v 1.999268 0.1333008 -0.1359863
vn -0.9824219 0.0703125 0.171875
vn 0.2421875 0.9394531 0.2402344
vn -0.4785156 0.046875 0.8769531
vn 0.1816406 0.9394531 0.2910156
vt 0.02734375 -0.07617188
vt 0.008789063 -0.07128906
vt 0.01416016 -0.1484375
vt 0.01953125 -0.06542969
f 1015/1015/1015 1016/1016/1016 1017/1017/1017
f 1016/1016/1016 1018/1018/1018 1017/1017/1017
v -0.223877 -0.3291016 0.8452148
v -0.0007324219 0.09521484 0.9794922
v -0.0007324219 -0.3291016 0.9689941
v 0.2224121 -0.3291016 0.8452148
vn -0.5 0.01171875 -0.8652344
vn 0 0.6210938 -0.7832031
vn 0 0.01171875 -1
vn 0 0.01171875 -1
vt 0.7949219 -0.230957
vt 0.793457 -0.300293
vt 0.7636719 -0.230957
vt 0.7949219 -0.230957
f 1019/1019/1019 1020/1020/1020 1021/1021/1021
f 1020/1020/1020 1022/1022/1022 1021/1021/1021
v -0.0007324219 0.09521484 0.9794922
v 0.2224121 0.09521484 0.8452148
v 0.2224121 -0.3291016 0.8452148
v 0.2224121 -0.3291016 1.444336
vn 0 0.6210938 -0.7832031
vn 0.7480469 0.5039063 -0.4316406
vn 0 0.01171875 -1
vn 0.9980469 0 0
vt 0.793457 -0.300293
vt 0.8041992 -0.300293
vt 0.7949219 -0.230957
vt 0.8974609 -0.230957
f 1023/1023/1023 1024/1024/1024 1025/1025/1025
f 1024/1024/1024 1026/1026/1026 1025/1025/1025
v 2.302246 -0.09838867 -0.07592773
v 2.260742 -0.203125 -0.07910156
v 2.311523 -0.09912109 -0.3837891
v 2.224609 -0.09667969 -0.7346191
vn 0.5761719 -0.07226563 0.8144531
vn 0.7851563 -0.5332031 0.3125
vn 0.9960938 -0.05859375 -0.05664063
vn 0.9609375 -0.1367188 -0.2382813
vt 0.7392578 -0.9492188
vt 0.737793 -0.9492188
vt 0.703125 -0.862793
vt 0.6298828 -0.7836914
f 1027/1027/1027 1028/1028/1028 1029/1029/1029
f 1028/1028/1028 1030/1030/1030 1029/1029/1029
v -0.223877 0.1296387 0.8125
v -0.0007324219 0.1296387 0.9204102
v -0.223877 0.1296387 0.4807129
v 0.2224121 0.1296387 0.4807129
vn -0.8007813 0.546875 0.2460938
vn 0 0.8886719 0.4589844
vn -0.4472656 0.8945313 0
vn 0.6640625 0.7480469 0
vt 0.8637695 -0.652832
vt 0.8583984 -0.6132813
vt 0.9179688 -0.652832
vt 0.9179688 -0.5742188
f 1031/1031/1031 1032/1032/1032 1033/1033/1033
f 1032/1032/1032 1034/1034/1034 1033/1033/1033
v 0.2224121 0.0546875 0.8752441
v -0.0007324219 0.0546875 0.9885254
v 0.2224121 0.02392578 0.4807129
v -0.223877 0.02392578 0.4807129
vn 0.875 0.07617188 0.4765625
vn 0 -0.7519531 0.6582031
vn 0.4609375 -0.8847656 0.06054688
vn -0.6816406 -0.7304688 0
vt 0.8222656 -0.1767578
vt 0.8222656 -0.1796875
vt 0.8173828 -0.1767578
vt 0.8173828 -0.1826172
f 1035/1035/1035 1036/1036/1036 1037/1037/1037
f 1036/1036/1036 1038/1038/1038 1037/1037/1037
v 2.093994 0.07714844 -0.02246094
v 2.260742 0.01538086 -0.07910156
v 2.070801 0.1010742 -0.1650391
v 2.246826 0.01074219 -0.3320313
vn 0.4023438 0.4394531 0.8027344
vn 0.5136719 0.7597656 0.3964844
vn 0.2421875 0.9394531 0.2402344
vn 0.4765625 0.8691406 -0.1269531
vt 0.3642578 -0.5629883
vt 0.46875 -0.5708008
vt 0.3676758 -0.4941406
vt 0.4780273 -0.4438477
f 1039/1039/1039 1040/1040/1040 1041/1041/1041
f 1040/1040/1040 1042/1042/1042 1041/1041/1041
v -0.223877 0.1296387 0.4807129
v -0.223877 0.02392578 0.4807129
v -0.223877 0.1296387 0.8125
v -0.223877 0.0546875 0.8752441
vn -0.4472656 0.8945313 0
vn -0.6816406 -0.7304688 0
vn -0.8007813 0.546875 0.2460938
vn -0.7558594 0.1015625 0.6464844
vt 0.8061523 -0.2958984
vt 0.8061523 -0.3149414
vt 0.7529297 -0.2958984
vt 0.7426758 -0.3149414
f 1043/1043/1043 1044/1044/1044 1045/1045/1045
f 1044/1044/1044 1046/1046/1046 1045/1045/1045
v 0.2224121 0.02392578 0.4807129
v 0.2224121 0.1296387 0.4807129
v 0.2224121 0.0546875 0.8752441
v 0.2224121 0.1296387 0.8125
vn 0.4609375 -0.8847656 0.06054688
vn 0.6640625 0.7480469 0
vn 0.875 0.07617188 0.4765625
vn 0.6015625 0.71875 0.3476563
vt 0.8061523 -0.3149414
vt 0.8061523 -0.2958984
vt 0.7426758 -0.3149414
vt 0.7529297 -0.2958984
f 1047/1047/1047 1048/1048/1048 1049/1049/1049
f 1048/1048/1048 1050/1050/1050 1049/1049/1049
v 0.1689453 0.06811523 -1.082275
v 0.6320801 0.06811523 -0.8654785
v 0.1916504 0.06811523 -1.188965
v 0.6931152 0.06811523 -0.9584961
vn -0.3359375 0.609375 0.71875
vn 0.0078125 0.5410156 0.8417969
vn 0.2949219 0.7070313 -0.6425781
vn 0.7617188 0.609375 -0.21875
vt 0.7202148 -0.3413086
vt 0.8100586 -0.3398438
vt 0.7163086 -0.3232422
vt 0.8129883 -0.3212891
f 1051/1051/1051 1052/1052/1052 1053/1053/1053
f 1052/1052/1052 1054/1054/1054 1053/1053/1053
v 2.046143 -0.2927246 -0.1437988
v 2.046387 -0.3129883 0.2077637
v 1.775635 -0.3117676 0.3942871
v 2.070313 -0.295166 0.4553223
vn -0.0390625 -0.9980469 -0.0546875
vn -0.03320313 -0.8554688 -0.5175781
vn 0 -1 0
vn 0.2402344 -0.9707031 0.03710938
vt 0.3012695 -0.08496094
vt 0.3134766 -0.06298828
vt 0.3256836 -0.06884766
vt 0.3217773 -0.04492188
f 1055/1055/1055 1056/1056/1056 1057/1057/1057
f 1056/1056/1056 1058/1058/1058 1057/1057/1057
v 0.2167969 -0.3244629 -0.8398438
v -0.006347656 0.09985352 -0.9743652
v -0.006347656 -0.3244629 -0.9638672
v -0.2294922 -0.3244629 -0.8398438
vn 0.5 0.01171875 0.8652344
vn 0 0.6210938 0.7832031
vn 0 0.01171875 0.9980469
vn 0 0.01171875 0.9980469
vt 0.7949219 -0.230957
vt 0.7944336 -0.300293
vt 0.7641602 -0.230957
vt 0.7949219 -0.230957
f 1059/1059/1059 1060/1060/1060 1061/1061/1061
f 1060/1060/1060 1062/1062/1062 1061/1061/1061
v 1.890869 0.1003418 -0.4755859
v 1.782471 0.0715332 -0.4121094
v 1.954834 0.1333008 -0.3342285
v 1.919678 0.114502 0.119873
vn -0.4042969 0.546875 -0.7324219
vn -0.4472656 0.8339844 -0.3242188
vn -0.2753906 0.9609375 -0.04882813
vn -0.3457031 0.9375 -0.0078125
vt 0.3178711 -0.3066406
vt 0.2617188 -0.3413086
vt 0.3276367 -0.4018555
vt 0.2563477 -0.5991211
f 1063/1063/1063 1064/1064/1064 1065/1065/1065
f 1064/1064/1064 1066/1066/1066 1065/1065/1065
v -0.006347656 0.09985352 -0.9743652
v -0.2294922 0.09985352 -0.8398438
v -0.2294922 -0.3244629 -0.8398438
v -0.2294922 -0.3244629 -1.439209
vn 0 0.6210938 0.7832031
vn -0.7480469 0.5039063 0.4316406
vn 0 0.01171875 0.9980469
vn -1 0 0
vt 0.7944336 -0.300293
vt 0.8041992 -0.300293
vt 0.7949219 -0.230957
vt 0.8974609 -0.230957
f 1067/1067/1067 1068/1068/1068 1069/1069/1069
f 1068/1068/1068 1070/1070/1070 1069/1069/1069
v -0.2299805 0.0546875 -0.8688965
v -0.006835938 0.0546875 -0.9799805
v -0.2299805 0.02392578 -0.4743652
v 0.2163086 0.02392578 -0.4743652
vn -0.875 0.07617188 -0.4785156
vn 0 -0.7519531 -0.6582031
vn -0.4609375 -0.8847656 -0.06054688
vn 0.6835938 -0.7304688 0
vt 0.8222656 -0.1767578
vt 0.8222656 -0.1796875
vt 0.8173828 -0.1767578
vt 0.8173828 -0.1826172
f 1071/1071/1071 1072/1072/1072 1073/1073/1073
f 1072/1072/1072 1074/1074/1074 1073/1073/1073
v 0.2163086 0.1296387 -0.4743652
v 0.2163086 0.02392578 -0.4743652
v 0.2163086 0.1296387 -0.8063965
v 0.2163086 0.0546875 -0.8688965
vn 0.4472656 0.8945313 0
vn 0.6835938 -0.7304688 0
vn 0.7988281 0.546875 -0.2460938
vn 0.7519531 0.1035156 -0.6503906
vt 0.8061523 -0.2958984
vt 0.8061523 -0.3149414
vt 0.7529297 -0.2958984
vt 0.7426758 -0.3149414
f 1075/1075/1075 1076/1076/1076 1077/1077/1077
f 1076/1076/1076 1078/1078/1078 1077/1077/1077
v 1.954834 0.1333008 -0.3342285
v 2.166992 0.02539063 -0.489502
v 1.956055 -0.3105469 -0.3752441
v 2.12793 -0.2329102 -0.5065918
vn -0.5683594 0.1113281 -0.8144531
vn -0.5683594 0.1113281 -0.8144531
vn -0.21875 -0.8574219 -0.4648438
vn 0.2832031 -0.8730469 -0.3984375
vt 0.03222656 -0.6430664
vt 0.07177734 -0.6674805
vt 0.02490234 -0.7441406
vt 0.05712891 -0.7265625
f 1079/1079/1079 1080/1080/1080 1081/1081/1081
f 1080/1080/1080 1082/1082/1082 1081/1081/1081
v 1.782471 0.0715332 -0.4121094
v 1.890869 0.1003418 -0.4755859
v 1.732666 -0.1853027 -0.4804688
v 1.864502 -0.3105469 -0.5195313
vn -0.4472656 0.8339844 -0.3242188
vn -0.4042969 0.546875 -0.7324219
vn -0.3691406 0.2207031 -0.9023438
vn -0.1699219 0.1269531 -0.9765625
vt 0.4907227 -0.7216797
vt 0.5024414 -0.7172852
vt 0.4750977 -0.7592773
vt 0.4931641 -0.777832
f 1083/1083/1083 1084/1084/1084 1085/1085/1085
f 1084/1084/1084 1086/1086/1086 1085/1085/1085
v -0.2299805 0.02392578 -0.4743652
v -0.2299805 0.1296387 -0.4743652
v -0.2299805 0.0546875 -0.8688965
v -0.2299805 0.1296387 -0.8063965
vn -0.4609375 -0.8847656 -0.06054688
vn -0.6621094 0.7480469 0
vn -0.875 0.07617188 -0.4785156
vn -0.6015625 0.71875 -0.3476563
vt 0.8061523 -0.3149414
vt 0.8061523 -0.2958984
vt 0.7426758 -0.3149414
vt 0.7529297 -0.2958984
f 1087/1087/1087 1088/1088/1088 1089/1089/1089
f 1088/1088/1088 1090/1090/1090 1089/1089/1089
v 1.956055 -0.3105469 -0.3752441
v 2.12793 -0.2329102 -0.5065918
v 2.046143 -0.2927246 -0.1437988
v 2.260742 -0.203125 -0.07910156
vn -0.21875 -0.8574219 -0.4648438
vn 0.2832031 -0.8730469 -0.3984375
vn 0.2988281 -0.953125 -0.03515625
vn 0.4921875 -0.8613281 -0.1210938
vt 0.6049805 -0.9091797
vt 0.6352539 -0.8569336
vt 0.6650391 -0.9541016
vt 0.737793 -0.9492188
f 1091/1091/1091 1092/1092/1092 1093/1093/1093
f 1092/1092/1092 1094/1094/1094 1093/1093/1093
v 2.070801 0.1010742 -0.1650391
v 1.954834 0.1333008 -0.3342285
v 1.999268 0.1333008 -0.1359863
v 1.919678 0.114502 0.119873
vn 0.2421875 0.9394531 0.2402344
vn 0.2167969 0.9746094 -0.05273438
vn 0.1816406 0.9394531 0.2910156
vn -0.09765625 0.9941406 0.04296875
vt 0.3676758 -0.4941406
vt 0.3276367 -0.4018555
vt 0.3271484 -0.4985352
vt 0.2563477 -0.5991211
f 1095/1095/1095 1096/1096/1096 1097/1097/1097
f 1096/1096/1096 1098/1098/1098 1097/1097/1097
v -0.3671875 -0.2695313 -1.368896
v -0.2910156 -0.2695313 -1.221924
v -0.0007324219 -0.2695313 -1.368896
v -0.0007324219 -0.2695313 -0.9519043
vn -0.625 0.7070313 0.3320313
vn -0.5097656 0.8613281 0
vn 0 0.9980469 0
vn 0.08789063 0.8847656 0.4589844
vt 0.7958984 -0.01074219
vt 0.7851563 -0.04199219
vt 0.75 -0.01074219
vt 0.75 -0.08007813
f 1099/1099/1099 1100/1100/1100 1101/1101/1101
f 1100/1100/1100 1102/1102/1102 1101/1101/1101
v -0.8908691 -0.3632813 -0.9030762
v -1.069824 -0.3632813 -0.6142578
v -0.9667969 -0.3632813 -1.045898
v -1.477783 -0.3632813 0.0004882813
vn 0.2832031 -0.8730469 -0.3984375
vn 0.3515625 -0.8613281 0.3671875
vn 0.3945313 -0.8945313 -0.2089844
vn 0 -1 0
vt 0.7939453 -0.1713867
vt 0.7915039 -0.1694336
vt 0.7949219 -0.1704102
vt 0.7866211 -0.1635742
f 1103/1103/1103 1104/1104/1104 1105/1105/1105
f 1104/1104/1104 1106/1106/1106 1105/1105/1105
v -0.8278809 -0.3632813 0.3112793
v -1.032715 -0.3632813 0.003173828
v -0.8278809 -0.3632813 0.003173828
v -0.8278809 -0.3632813 -0.3049316
vn 0.6035156 -0.6035156 0.5214844
vn 0 -1 0
vn 0.8515625 -0.5253906 0
vn 0.75 -0.5 -0.4335938
vt 0.7841797 -0.171875
vt 0.7866211 -0.1699219
vt 0.7866211 -0.171875
vt 0.7890625 -0.171875
f 1107/1107/1107 1108/1108/1108 1109/1109/1109
f 1108/1108/1108 1110/1110/1110 1109/1109/1109
v 2.083252 0.05810547 0.5849609
v 2.099854 0.08227539 0.4414063
v 2.070313 -0.295166 0.4553223
v 2.022949 0.114502 0.4499512
vn -0.9921875 0.07421875 -0.1015625
vn 0.1816406 0.9394531 0.2910156
vn -0.6953125 0.109375 0.7109375
vn 0.1816406 0.9394531 0.2910156
vt 0.02832031 -0.07861328
vt 0.005859375 -0.07421875
vt 0.01074219 -0.1474609
vt 0.01416016 -0.06787109
f 1111/1111/1111 1112/1112/1112 1113/1113/1113
f 1112/1112/1112 1114/1114/1114 1113/1113/1113
v -1.032715 -0.3632813 0.4294434
v -1.069824 -0.3632813 0.6203613
v -1.477783 -0.3632813 0.0004882813
v -0.9667969 -0.3632813 1.052246
vn 0.421875 -0.8554688 0.3007813
vn 0.4921875 -0.8613281 -0.1210938
vn 0 -1 0
vn 0.625 -0.7070313 0.3320313
vt 0.7832031 -0.1699219
vt 0.7817383 -0.1694336
vt 0.7866211 -0.1635742
vt 0.7783203 -0.1704102
f 1115/1115/1115 1116/1116/1116 1117/1117/1117
f 1116/1116/1116 1118/1118/1118 1117/1117/1117
v -0.8278809 -0.2695313 0.003173828
v -1.032715 -0.2695313 0.003173828
v -0.8278809 -0.2695313 0.3112793
v -1.032715 -0.2695313 0.4294434
vn 0.8320313 0.5546875 0
vn 0 0.9980469 0
vn 0.7539063 0.6035156 0.2617188
vn 0.6289063 0.6367188 0.4472656
vt 0.8598633 -0.2148438
vt 0.8881836 -0.2148438
vt 0.859375 -0.1640625
vt 0.8828125 -0.1484375
f 1119/1119/1119 1120/1120/1120 1121/1121/1121
f 1120/1120/1120 1122/1122/1122 1121/1121/1121
v 2.300537 -0.1174316 0.6132813
v 2.261475 -0.222168 0.5991211
v 2.393066 -0.1179199 0.3198242
v 2.405029 -0.1154785 -0.04150391
vn 0.203125 -0.1132813 0.9726563
vn 0.6367188 -0.5390625 0.5507813
vn 0.9824219 -0.0234375 0.1816406
vn 0.9902344 -0.1367188 0.03125
vt 0.7597656 -0.9306641
vt 0.737793 -0.9492188
vt 0.703125 -0.862793
vt 0.6298828 -0.7836914
f 1123/1123/1123 1124/1124/1124 1125/1125/1125
f 1124/1124/1124 1126/1126/1126 1125/1125/1125
v -1.032715 -0.2695313 0.003173828
v -1.477783 -0.2695313 0.0004882813
v -1.032715 -0.2695313 0.4294434
v -1.069824 -0.2695313 0.6203613
vn 0 0.9980469 0
vn 0 0.9980469 0
vn 0.6289063 0.6367188 0.4472656
vn 0.3515625 0.8613281 -0.3671875
vt 0.8881836 -0.2148438
vt 0.9931641 -0.2148438
vt 0.8828125 -0.1484375
vt 0.890625 -0.125
f 1127/1127/1127 1128/1128/1128 1129/1129/1129
f 1128/1128/1128 1130/1130/1130 1129/1129/1129
v 0.826416 -0.3632813 0.003173828
v 1.03125 -0.3632813 0.003173828
v 0.826416 -0.3632813 0.3112793
v 1.03125 -0.3632813 0.4294434
vn -0.8496094 -0.5253906 0
vn 0 -1 0
vn -0.75 -0.5 0.4335938
vn -0.6035156 -0.7363281 0.3066406
vt 0.7866211 -0.1860352
vt 0.7866211 -0.1879883
vt 0.7841797 -0.1860352
vt 0.7832031 -0.1879883
f 1131/1131/1131 1132/1132/1132 1133/1133/1133
f 1132/1132/1132 1134/1134/1134 1133/1133/1133
v 2.083252 0.05810547 0.5849609
v 2.261475 -0.003417969 0.5991211
v 2.099854 0.08227539 0.4414063
v 2.316895 -0.008056641 0.3520508
vn 0.0859375 0.4199219 0.9042969
vn 0.2441406 0.8417969 0.4824219
vn 0.1816406 0.9394531 0.2910156
vn 0.5097656 0.859375 0
vt 0.3642578 -0.5629883
vt 0.46875 -0.5708008
vt 0.3676758 -0.4941406
vt 0.4780273 -0.4438477
f 1135/1135/1135 1136/1136/1136 1137/1137/1137
f 1136/1136/1136 1138/1138/1138 1137/1137/1137
v 1.03125 -0.3632813 0.003173828
v 1.469727 -0.3632813 0.003173828
v 1.03125 -0.3632813 0.4294434
v 1.068604 -0.3632813 0.6203613
vn 0 -1 0
vn 0 -1 0
vn -0.6035156 -0.7363281 0.3066406
vn -0.3515625 -0.8613281 -0.3671875
vt 0.7866211 -0.1879883
vt 0.7866211 -0.1943359
vt 0.7832031 -0.1879883
vt 0.7817383 -0.1879883
f 1139/1139/1139 1140/1140/1140 1141/1141/1141
f 1140/1140/1140 1142/1142/1142 1141/1141/1141
v -0.3671875 -0.3632813 1.375244
v -0.2910156 -0.3632813 1.228027
v -0.0007324219 -0.3632813 1.375244
v -0.0007324219 -0.3632813 0.958252
vn -0.6289063 -0.7070313 -0.3242188
vn -0.5996094 -0.8007813 -0.009765625
vn 0 -1 0
vn 0.08789063 -0.8847656 -0.4589844
vt 0.7749023 -0.1757813
vt 0.7768555 -0.1762695
vt 0.7749023 -0.1787109
vt 0.7788086 -0.1787109
f 1143/1143/1143 1144/1144/1144 1145/1145/1145
f 1144/1144/1144 1146/1146/1146 1145/1145/1145
v -0.2910156 -0.3632813 1.228027
v -0.8908691 -0.3632813 0.9091797
v -0.0007324219 -0.3632813 0.958252
v -0.6809082 -0.3632813 0.5654297
vn -0.5996094 -0.8007813 -0.009765625
vn -0.009765625 -0.9121094 0.4082031
vn 0.08789063 -0.8847656 -0.4589844
vn -0.1503906 -0.6035156 -0.7832031
vt 0.7768555 -0.1762695
vt 0.7792969 -0.1713867
vt 0.7788086 -0.1787109
vt 0.7822266 -0.1728516
f 1147/1147/1147 1148/1148/1148 1149/1149/1149
f 1148/1148/1148 1150/1150/1150 1149/1149/1149
v 0.3659668 -0.2695313 1.375244
v 0.2897949 -0.2695313 1.228027
v -0.0007324219 -0.2695313 1.375244
v -0.0007324219 -0.2695313 0.958252
vn 0.6289063 0.7070313 -0.3242188
vn 0.5996094 0.8007813 -0.009765625
vn 0 0.9980469 0
vn -0.08789063 0.8847656 -0.4589844
vt 0.7958984 -0.01074219
vt 0.7851563 -0.04248047
vt 0.75 -0.01074219
vt 0.75 -0.08007813
f 1151/1151/1151 1152/1152/1152 1153/1153/1153
f 1152/1152/1152 1154/1154/1154 1153/1153/1153
v 0.2897949 -0.2695313 1.228027
v 0.8896484 -0.2695313 0.9091797
v -0.0007324219 -0.2695313 0.958252
v 0.6796875 -0.2695313 0.5654297
vn 0.5996094 0.8007813 -0.009765625
vn 0.009765625 0.9121094 0.4082031
vn -0.08789063 0.8847656 -0.4589844
vn 0.1503906 0.6035156 -0.7832031
vt 0.7851563 -0.04248047
vt 0.8681641 -0.08740234
vt 0.75 -0.08007813
vt 0.8359375 -0.1328125
f 1155/1155/1155 1156/1156/1156 1157/1157/1157
f 1156/1156/1156 1158/1158/1158 1157/1157/1157
v 0.6796875 -0.2695313 0.5654297
v 0.8896484 -0.2695313 0.9091797
v 0.8845215 -0.2695313 0.6835938
v 1.068604 -0.2695313 0.6203613
vn 0.1503906 0.6035156 -0.7832031
vn 0.009765625 0.9121094 0.4082031
vn 0 0.6210938 -0.7832031
vn -0.4921875 0.8613281 -0.1210938
vt 0.8359375 -0.1328125
vt 0.8681641 -0.08740234
vt 0.8671875 -0.1171875
vt 0.890625 -0.125
f 1159/1159/1159 1160/1160/1160 1161/1161/1161
f 1160/1160/1160 1162/1162/1162 1161/1161/1161
v 0.8896484 -0.3632813 0.9091797
v 1.068604 -0.3632813 0.6203613
v 0.9655762 -0.3632813 1.052246
v 1.469727 -0.3632813 0.003173828
vn -0.2832031 -0.8730469 0.3984375
vn -0.3515625 -0.8613281 -0.3671875
vn -0.3945313 -0.8945313 0.2089844
vn 0 -1 0
vt 0.7792969 -0.1865234
vt 0.7817383 -0.1879883
vt 0.7783203 -0.1870117
vt 0.7866211 -0.1943359
f 1163/1163/1163 1164/1164/1164 1165/1165/1165
f 1164/1164/1164 1166/1166/1166 1165/1165/1165
v 2.03418 0.114502 0.2470703
v 2.282715 0.006591797 0.1787109
v 2.046387 -0.3129883 0.2077637
v 2.25 -0.251709 0.1516113
vn -0.2695313 0.08007813 -0.9589844
vn -0.2695313 0.08007813 -0.9589844
vn -0.03320313 -0.8554688 -0.5175781
vn 0.3554688 -0.8886719 -0.2910156
vt 0.02636719 -0.6474609
vt 0.08544922 -0.671875
vt 0.02246094 -0.7446289
vt 0.07128906 -0.7304688
f 1167/1167/1167 1168/1168/1168 1169/1169/1169
f 1168/1168/1168 1170/1170/1170 1169/1169/1169
v 0.8896484 -0.2695313 -0.9030762
v 0.2897949 -0.3632813 -1.221924
v 0.2897949 -0.2695313 -1.221924
v 0.3659668 -0.2695313 -1.368896
vn -0.1445313 0.8710938 -0.4707031
vn 0.5527344 -0.8144531 -0.171875
vn 0.4082031 0.9042969 -0.1269531
vn 0.7949219 0.4472656 0.4101563
vt 0.875 -0.3857422
vt 0.8291016 -0.3681641
vt 0.8291016 -0.3857422
vt 0.8344727 -0.3857422
f 1171/1171/1171 1172/1172/1172 1173/1173/1173
f 1172/1172/1172 1174/1174/1174 1173/1173/1173
v 2.046387 -0.3129883 0.2077637
v 2.25 -0.251709 0.1516113
v 2.070313 -0.295166 0.4553223
v 2.261475 -0.222168 0.5991211
vn -0.03320313 -0.8554688 -0.5175781
vn 0.3554688 -0.8886719 -0.2910156
vn 0.2402344 -0.9707031 0.03710938
vn 0.5410156 -0.8398438 0.0546875
vt 0.6049805 -0.9091797
vt 0.6347656 -0.8564453
vt 0.6650391 -0.9541016
vt 0.737793 -0.9492188
f 1175/1175/1175 1176/1176/1176 1177/1177/1177
f 1176/1176/1176 1178/1178/1178 1177/1177/1177
v 2.099854 0.08227539 0.4414063
v 2.03418 0.114502 0.2470703
v 2.022949 0.114502 0.4499512
v 1.791016 0.1218262 0.6425781
vn 0.1816406 0.9394531 0.2910156
vn 0.2753906 0.9609375 0.01171875
vn 0.1816406 0.9394531 0.2910156
vn 0 0.9980469 0
vt 0.3676758 -0.4941406
vt 0.3276367 -0.4018555
vt 0.3271484 -0.4985352
vt 0.2563477 -0.5996094
f 1179/1179/1179 1180/1180/1180 1181/1181/1181
f 1180/1180/1180 1182/1182/1182 1181/1181/1181
v 0.826416 -0.2695313 0.003173828
v 1.03125 -0.2695313 0.003173828
v 0.826416 -0.2695313 -0.3049316
v 1.03125 -0.2695313 -0.4230957
vn -0.8320313 0.5546875 0
vn 0 0.9980469 0
vn -0.7539063 0.6035156 -0.2617188
vn -0.6289063 0.6367188 -0.4492188
vt 0.859375 -0.2148438
vt 0.8876953 -0.2148438
vt 0.859375 -0.1640625
vt 0.8828125 -0.1484375
f 1183/1183/1183 1184/1184/1184 1185/1185/1185
f 1184/1184/1184 1186/1186/1186 1185/1185/1185
v 1.03125 -0.2695313 0.003173828
v 1.469727 -0.2695313 0.003173828
v 1.03125 -0.2695313 -0.4230957
v 1.068604 -0.2695313 -0.6142578
vn 0 0.9980469 0
vn 0 0.9980469 0
vn -0.6289063 0.6367188 -0.4492188
vn -0.3515625 0.8613281 0.3671875
vt 0.8876953 -0.2148438
vt 0.9931641 -0.2148438
vt 0.8828125 -0.1484375
vt 0.890625 -0.125
f 1187/1187/1187 1188/1188/1188 1189/1189/1189
f 1188/1188/1188 1190/1190/1190 1189/1189/1189
v -0.512207 0.1335449 -1.247314
v -1.089111 0.1147461 -1.086914
v -0.9523926 0.1335449 -0.9528809
v -1.246826 0.1335449 -0.5126953
vn 0.2441406 0.8417969 0.4824219
vn -0.359375 0.8613281 -0.359375
vn 0.46875 0.7480469 0.46875
vn 0.4824219 0.8535156 0.1992188
vt 0.9140625 -0.4169922
vt 0.9970703 -0.3920898
vt 0.9140625 -0.3920898
vt 0.9140625 -0.3701172
f 1191/1191/1191 1192/1192/1192 1193/1193/1193
f 1192/1192/1192 1194/1194/1194 1193/1193/1193
v 1.763428 0.07714844 1.149658
v 1.831299 0.1010742 1.022217
v 1.798584 -0.2927246 1.02417
v 1.756592 0.1335449 1.001953
vn -0.875 0.07617188 -0.4785156
vn 0.01171875 0.9355469 0.3535156
vn -0.9042969 0.109375 0.4121094
vn 0.01171875 0.9355469 0.3535156
vt 0.03076172 -0.07861328
vt 0.005859375 -0.07373047
vt 0.009277344 -0.1508789
vt 0.009765625 -0.06738281
f 1195/1195/1195 1196/1196/1196 1197/1197/1197
f 1196/1196/1196 1198/1198/1198 1197/1197/1197
v -1.54248 0.1147461 0.0078125
v -1.424561 0.1147461 0.5998535
v -1.246826 0.1335449 0.5275879
v -0.9523926 0.1335449 0.9677734
vn -0.5097656 0.8613281 0
vn -0.7011719 0.6484375 0.2949219
vn 0.5898438 0.7675781 -0.25
vn 0.4296875 0.7460938 -0.5058594
vt 0.9970703 -0.3520508
vt 0.9970703 -0.3339844
vt 0.9140625 -0.3339844
vt 0.9140625 -0.3120117
f 1199/1199/1199 1200/1200/1200 1201/1201/1201
f 1200/1200/1200 1202/1202/1202 1201/1201/1201
v -1.424561 0.1147461 0.5998535
v -1.089111 0.1147461 1.101807
v -0.9523926 0.1335449 0.9677734
v -0.512207 0.1335449 1.262207
vn -0.7011719 0.6484375 0.2949219
vn -0.421875 0.796875 0.4296875
vn 0.4296875 0.7460938 -0.5058594
vn 0.140625 0.9296875 -0.3378906
vt 0.9970703 -0.3339844
vt 0.9970703 -0.3120117
vt 0.9140625 -0.3120117
vt 0.9140625 -0.2875977
f 1203/1203/1203 1204/1204/1204 1205/1205/1205
f 1204/1204/1204 1206/1206/1206 1205/1205/1205
v 1.98877 -0.09838867 1.275146
v 1.95752 -0.203125 1.247559
v 2.182617 -0.09912109 1.035889
v 2.326172 -0.09667969 0.7043457
vn -0.1777344 -0.1152344 0.9765625
vn 0.3886719 -0.5390625 0.7480469
vn 0.8476563 -0.0234375 0.5292969
vn 0.9101563 -0.1367188 0.3925781
vt 0.7607422 -0.9296875
vt 0.7392578 -0.9492188
vt 0.703125 -0.862793
vt 0.6298828 -0.7836914
f 1207/1207/1207 1208/1208/1208 1209/1209/1209
f 1208/1208/1208 1210/1210/1210 1209/1209/1209
v 0.5270996 0.1335449 1.262207
v 1.099854 0.1147461 1.101807
v 0.9682617 0.1335449 0.9677734
v 1.262695 0.1335449 0.5275879
vn -0.2441406 0.8417969 -0.4824219
vn 0.3613281 0.859375 0.3613281
vn -0.46875 0.7480469 -0.46875
vn -0.4804688 0.8535156 -0.1992188
vt 0.9140625 -0.4169922
vt 0.9970703 -0.3920898
vt 0.9140625 -0.3920898
vt 0.9140625 -0.3701172
f 1211/1211/1211 1212/1212/1212 1213/1213/1213
f 1212/1212/1212 1214/1214/1214 1213/1213/1213
v 1.553467 0.1147461 0.0078125
v 1.435547 0.1147461 -0.5852051
v 1.262695 0.1335449 -0.5126953
v 0.9682617 0.1335449 -0.9528809
vn 0.5097656 0.859375 0
vn 0.7011719 0.6484375 -0.2949219
vn -0.5898438 0.7695313 0.25
vn -0.4296875 0.7480469 0.5058594
vt 0.9970703 -0.3520508
vt 0.9970703 -0.3339844
vt 0.9140625 -0.3339844
vt 0.9140625 -0.3120117
f 1215/1215/1215 1216/1216/1216 1217/1217/1217
f 1216/1216/1216 1218/1218/1218 1217/1217/1217
v 1.763428 0.07714844 1.149658
v 1.95752 0.01538086 1.247559
v 1.831299 0.1010742 1.022217
v 2.099854 0.01074219 1.038086
vn -0.2988281 0.4296875 0.8515625
vn 0.01953125 0.8261719 0.5625
vn 0.01171875 0.9355469 0.3535156
vn 0.3945313 0.8945313 0.2089844
vt 0.3642578 -0.5629883
vt 0.46875 -0.5703125
vt 0.3676758 -0.4941406
vt 0.4780273 -0.4438477
f 1219/1219/1219 1220/1220/1220 1221/1221/1221
f 1220/1220/1220 1222/1222/1222 1221/1221/1221
v 1.435547 0.1147461 -0.5852051
v 1.099854 0.1147461 -1.086914
v 0.9682617 0.1335449 -0.9528809
v 0.5270996 0.1335449 -1.247314
vn 0.7011719 0.6484375 -0.2949219
vn 0.4238281 0.796875 -0.4316406
vn -0.4296875 0.7480469 0.5058594
vn -0.140625 0.9316406 0.3378906
vt 0.9970703 -0.3339844
vt 0.9970703 -0.3120117
vt 0.9140625 -0.3120117
vt 0.9140625 -0.2875977
f 1223/1223/1223 1224/1224/1224 1225/1225/1225
f 1224/1224/1224 1226/1226/1226 1225/1225/1225
v 1.756592 0.1335449 1.001953
v 1.54126 0.1276855 1.13916
v 1.537598 0.1276855 1.310303
v 1.140869 0.1252441 1.490723
vn 0.01171875 0.9355469 0.3535156
vn 0 0.9980469 0
vn 0 0.9980469 0
vn 0 0.9980469 0
vt 0.284668 -0.2368164
vt 0.2617188 -0.3422852
vt 0.3276367 -0.4018555
vt 0.2563477 -0.6000977
f 1227/1227/1227 1228/1228/1228 1229/1229/1229
f 1228/1228/1228 1230/1230/1230 1229/1229/1229
v 1.365723 -0.4003906 0.0078125
v 0.9682617 -0.4003906 0.9677734
v 1.262695 0.1335449 0.5275879
v 0.9682617 0.1335449 0.9677734
vn -0.6816406 -0.7304688 0
vn -0.6601563 -0.4433594 -0.6054688
vn -0.4804688 0.8535156 -0.1992188
vn -0.46875 0.7480469 -0.46875
vt 0.9248047 -0.2294922
vt 0.9248047 -0.2685547
vt 0.9912109 -0.2373047
vt 0.9912109 -0.2685547
f 1231/1231/1231 1232/1232/1232 1233/1233/1233
f 1232/1232/1232 1234/1234/1234 1233/1233/1233
v 1.798584 -0.2927246 1.02417
v 1.573486 -0.3161621 1.290039
v 1.42041 -0.3115234 1.153076
v 1.421387 -0.2983398 1.486572
vn 0.02148438 -0.9980469 -0.0625
vn 0.3417969 -0.8222656 -0.4550781
vn 0 -1 0
vn 0.08984375 -0.9785156 0.1875
vt 0.3476563 -0.02734375
vt 0.3618164 -0.03320313
vt 0.3603516 -0.05712891
vt 0.3720703 -0.03613281
f 1235/1235/1235 1236/1236/1236 1237/1237/1237
f 1236/1236/1236 1238/1238/1238 1237/1237/1237
v -0.512207 -0.4003906 1.262207
v -0.9523926 -0.4003906 0.9677734
v -0.9523926 0.1335449 0.9677734
v -1.246826 0.1335449 0.5275879
vn 0.2597656 -0.6289063 -0.7324219
vn 0.6601563 -0.5566406 -0.5058594
vn 0.4296875 0.7460938 -0.5058594
vn 0.5898438 0.7675781 -0.25
vt 0.9248047 -0.3579102
vt 0.9248047 -0.3969727
vt 0.9912109 -0.3969727
vt 0.9912109 -0.4282227
f 1239/1239/1239 1240/1240/1240 1241/1241/1241
f 1240/1240/1240 1242/1242/1242 1241/1241/1241
v 1.775635 -0.3117676 0.3942871
v 1.867188 -0.3103027 0.7851563
v 1.42041 -0.3115234 1.153076
v 1.798584 -0.2927246 1.02417
vn 0 -1 0
vn 0.2050781 -0.828125 -0.5195313
vn 0 -1 0
vn 0.2167969 -0.9667969 0.140625
vt 0.3256836 -0.06884766
vt 0.3378906 -0.03564453
vt 0.3603516 -0.05712891
vt 0.3476563 -0.02734375
f 1243/1243/1243 1244/1244/1244 1245/1245/1245
f 1244/1244/1244 1246/1246/1246 1245/1245/1245
v -0.9523926 -0.4003906 0.9677734
v -1.350098 -0.4003906 0.0078125
v -1.246826 0.1335449 0.5275879
v -1.350098 0.1335449 0.0078125
vn 0.6601563 -0.5566406 -0.5058594
vn 0.6835938 -0.7304688 0
vn 0.5898438 0.7675781 -0.25
vn 0.6640625 0.7480469 0
vt 0.9248047 -0.3969727
vt 0.9248047 -0.4360352
vt 0.9912109 -0.4282227
vt 0.9912109 -0.4360352
f 1247/1247/1247 1248/1248/1248 1249/1249/1249
f 1248/1248/1248 1250/1250/1250 1249/1249/1249
v -0.9523926 -0.4003906 -0.9528809
v -0.512207 -0.4003906 -1.247314
v -0.512207 0.1335449 -1.247314
v 0.007324219 0.1335449 -1.350586
vn 0.6621094 -0.4414063 0.6054688
vn 0.1601563 -0.7460938 0.6464844
vn 0.2441406 0.8417969 0.4824219
vn 0 0.6210938 0.7832031
vt 0.9248047 -0.3969727
vt 0.9248047 -0.3579102
vt 0.9912109 -0.3579102
vt 0.9912109 -0.3320313
f 1251/1251/1251 1252/1252/1252 1253/1253/1253
f 1252/1252/1252 1254/1254/1254 1253/1253/1253
v 1.841309 0.1335449 0.8173828
v 2.131592 0.02539063 0.8642578
v 1.867188 -0.3103027 0.7851563
v 2.111084 -0.2329102 0.8269043
vn 0.1796875 0.03125 -0.9824219
vn 0.1582031 0.1074219 -0.9824219
vn 0.2050781 -0.828125 -0.5195313
vn 0.4921875 -0.8613281 -0.1210938
vt 0.02441406 -0.6430664
vt 0.1030273 -0.6674805
vt 0.02587891 -0.7441406
vt 0.09033203 -0.7265625
f 1255/1255/1255 1256/1256/1256 1257/1257/1257
f 1256/1256/1256 1258/1258/1258 1257/1257/1257
v 1.099854 -0.3806152 1.101807
v 1.365723 -0.4003906 0.0078125
v 1.553467 -0.3806152 0.0078125
v 1.099854 -0.3806152 -1.086914
vn 0.4902344 -0.7148438 0.5
vn -0.6816406 -0.7304688 0
vn 0.8515625 -0.5253906 0
vn 0.4902344 -0.7148438 -0.5
vt 0.7617188 -0.1640625
vt 0.7719727 -0.1645508
vt 0.7719727 -0.168457
vt 0.7822266 -0.1640625
f 1259/1259/1259 1260/1260/1260 1261/1261/1261
f 1260/1260/1260 1262/1262/1262 1261/1261/1261
v 1.867188 -0.3103027 0.7851563
v 2.111084 -0.2329102 0.8269043
v 1.798584 -0.2927246 1.02417
v 1.95752 -0.203125 1.247559
vn 0.2050781 -0.828125 -0.5195313
vn 0.4921875 -0.8613281 -0.1210938
vn 0.2167969 -0.9667969 0.140625
vn 0.4648438 -0.8554688 0.2304688
vt 0.6035156 -0.9077148
vt 0.6342773 -0.855957
vt 0.6650391 -0.9541016
vt 0.7392578 -0.9492188
f 1263/1263/1263 1264/1264/1264 1265/1265/1265
f 1264/1264/1264 1266/1266/1266 1265/1265/1265
v 1.831299 0.1010742 1.022217
v 1.841309 0.1335449 0.8173828
v 1.756592 0.1335449 1.001953
v 1.54126 0.1276855 1.13916
vn 0.01171875 0.9355469 0.3535156
vn 0.2148438 0.9707031 0.1015625
vn 0.01171875 0.9355469 0.3535156
vn 0 0.9980469 0
vt 0.3676758 -0.4941406
vt 0.3276367 -0.4018555
vt 0.3271484 -0.4985352
vt 0.2563477 -0.5996094
f 1267/1267/1267 1268/1268/1268 1269/1269/1269
f 1268/1268/1268 1270/1270/1270 1269/1269/1269
v -1.089111 -0.3806152 -1.086914
v 0.004882813 -0.3806152 -1.540527
v -0.512207 -0.4003906 -1.247314
v 0.5270996 -0.4003906 -1.247314
vn -0.4902344 -0.7148438 -0.4980469
vn 0 -0.6171875 -0.7871094
vn 0.1601563 -0.7460938 0.6464844
vn -0.2597656 -0.6289063 0.7324219
vt 0.7822266 -0.1416016
vt 0.7866211 -0.152832
vt 0.7822266 -0.1484375
vt 0.7822266 -0.1577148
f 1271/1271/1271 1272/1272/1272 1273/1273/1273
f 1272/1272/1272 1274/1274/1274 1273/1273/1273
v 0.004882813 -0.3806152 -1.540527
v 1.099854 -0.3806152 -1.086914
v 0.5270996 -0.4003906 -1.247314
v 0.9682617 -0.4003906 -0.9528809
vn 0 -0.6171875 -0.7871094
vn 0.4902344 -0.7148438 -0.5
vn -0.2597656 -0.6289063 0.7324219
vn -0.6601563 -0.5566406 0.5058594
vt 0.7866211 -0.152832
vt 0.7822266 -0.1640625
vt 0.7822266 -0.1577148
vt 0.7797852 -0.1611328
f 1275/1275/1275 1276/1276/1276 1277/1277/1277
f 1276/1276/1276 1278/1278/1278 1277/1277/1277
v -1.54248 0.1147461 0.0078125
v -1.424561 0.1147461 -0.5852051
v -1.54248 -0.3806152 0.0078125
v -1.089111 -0.3806152 -1.086914
vn -0.5097656 0.8613281 0
vn -0.8046875 0.4902344 -0.3339844
vn -0.8496094 -0.5253906 0
vn -0.4902344 -0.7148438 -0.4980469
vt 0.9794922 -0.4780273
vt 0.9794922 -0.4526367
vt 0.9326172 -0.4780273
vt 0.9326172 -0.4199219
f 1279/1279/1279 1280/1280/1280 1281/1281/1281
f 1280/1280/1280 1282/1282/1282 1281/1281/1281
v 1.342041 0.0715332 1.590088
v 1.452393 0.09545898 1.496826
v 1.421387 -0.2983398 1.486572
v 1.390381 0.1276855 1.450439
vn -0.6230469 0.04296875 -0.78125
vn -0.08398438 0.9414063 0.328125
vn -0.9921875 0.109375 0.04882813
vn -0.140625 0.9316406 0.3378906
vt 0.05859375 -0.07470703
vt 0.01708984 -0.0703125
vt 0.01806641 -0.1469727
vt 0.01123047 -0.06396484
f 1283/1283/1283 1284/1284/1284 1285/1285/1285
f 1284/1284/1284 1286/1286/1286 1285/1285/1285
v -1.089111 -0.3806152 1.101807
v 0.004882813 -0.3806152 1.55542
v -0.5869141 0.1147461 1.4375
v 0.004882813 0.1147461 1.55542
vn -0.4902344 -0.7148438 0.4980469
vn 0 -0.6171875 0.7871094
vn -0.3339844 0.4902344 0.8046875
vn 0 0.859375 0.5097656
vt 0.9326172 -0.4199219
vt 0.9326172 -0.3530273
vt 0.9794922 -0.3891602
vt 0.9794922 -0.3530273
f 1287/1287/1287 1288/1288/1288 1289/1289/1289
f 1288/1288/1288 1290/1290/1290 1289/1289/1289
v 1.099854 -0.3806152 1.101807
v 1.553467 -0.3806152 0.0078125
v 1.435547 0.1147461 0.5998535
v 1.553467 0.1147461 0.0078125
vn 0.4902344 -0.7148438 0.5
vn 0.8515625 -0.5253906 0
vn 0.8066406 0.4882813 0.3339844
vn 0.5097656 0.859375 0
vt 0.9326172 -0.2861328
vt 0.9326172 -0.230957
vt 0.9794922 -0.2563477
vt 0.9794922 -0.230957
f 1291/1291/1291 1292/1292/1292 1293/1293/1293
f 1292/1292/1292 1294/1294/1294 1293/1293/1293
v 1.543945 -0.1040039 1.796143
v 1.457275 -0.2087402 1.719727
v 1.744629 -0.1047363 1.606445
v 2.000732 -0.1022949 1.351318
vn -0.6035156 -0.2382813 0.7617188
vn 0.06445313 -0.6425781 0.7636719
vn 0.6992188 -0.1367188 0.7011719
vn 0.6992188 -0.1367188 0.7011719
vt 0.7607422 -0.9296875
vt 0.7392578 -0.9492188
vt 0.703125 -0.862793
vt 0.6298828 -0.7836914
f 1295/1295/1295 1296/1296/1296 1297/1297/1297
f 1296/1296/1296 1298/1298/1298 1297/1297/1297
v 1.099854 -0.3806152 -1.086914
v 0.004882813 -0.3806152 -1.540527
v 0.5979004 0.1147461 -1.422607
v 0.004882813 0.1147461 -1.540527
vn 0.4902344 -0.7148438 -0.5
vn 0 -0.6171875 -0.7871094
vn 0.3339844 0.4902344 -0.8066406
vn 0 0.8613281 -0.5097656
vt 0.9326172 -0.2861328
vt 0.9326172 -0.3530273
vt 0.9794922 -0.3168945
vt 0.9794922 -0.3530273
f 1299/1299/1299 1300/1300/1300 1301/1301/1301
f 1300/1300/1300 1302/1302/1302 1301/1301/1301
v 0.2163086 0.1296387 -0.4743652
v -0.006835938 0.1296387 -0.9116211
v -0.2299805 0.1296387 -0.4743652
v -0.2299805 0.1296387 -0.8063965
vn 0.4472656 0.8945313 0
vn 0 0.8613281 -0.5097656
vn -0.6621094 0.7480469 0
vn -0.6015625 0.71875 -0.3476563
vt 0.9179688 -0.652832
vt 0.8583984 -0.6132813
vt 0.9179688 -0.5742188
vt 0.8637695 -0.5742188
f 1303/1303/1303 1304/1304/1304 1305/1305/1305
f 1304/1304/1304 1306/1306/1306 1305/1305/1305
v 1.342041 0.0715332 1.590088
v 1.457275 0.009765625 1.719727
v 1.452393 0.09545898 1.496826
v 1.666992 0.005126953 1.577637
vn -0.6074219 0.3242188 0.7246094
vn -0.2226563 0.7832031 0.5820313
vn -0.08398438 0.9414063 0.328125
vn 0.3613281 0.859375 0.3613281
vt 0.3642578 -0.5629883
vt 0.46875 -0.5703125
vt 0.3676758 -0.4941406
vt 0.4780273 -0.4438477
f 1307/1307/1307 1308/1308/1308 1309/1309/1309
f 1308/1308/1308 1310/1310/1310 1309/1309/1309
v -0.006835938 0.0546875 -0.9799805
v -0.2299805 0.0546875 -0.8688965
v -0.006835938 0.1296387 -0.9116211
v -0.2299805 0.1296387 -0.8063965
vn 0 -0.7519531 -0.6582031
vn -0.875 0.07617188 -0.4785156
vn 0 0.8613281 -0.5097656
vn -0.6015625 0.71875 -0.3476563
vt 0.8339844 -0.6132813
vt 0.8393555 -0.5742188
vt 0.8583984 -0.6132813
vt 0.8637695 -0.5742188
f 1311/1311/1311 1312/1312/1312 1313/1313/1313
f 1312/1312/1312 1314/1314/1314 1313/1313/1313
v 0.5319824 0.02172852 -0.3044434
v -0.0007324219 0.02172852 -0.6120605
v 0.3068848 0.1750488 -0.529541
v -0.0007324219 0.1750488 -0.6120605
vn 0.6035156 -0.7363281 -0.3066406
vn 0 -0.7519531 -0.6582031
vn 0.3710938 0.6679688 -0.6445313
vn 0 0.71875 -0.6953125
vt 0.9296875 -0.3046875
vt 0.9296875 -0.222168
vt 0.9873047 -0.2705078
vt 0.9873047 -0.222168
f 1315/1315/1315 1316/1316/1316 1317/1317/1317
f 1316/1316/1316 1318/1318/1318 1317/1317/1317
v -1.032715 -0.2695313 0.4294434
v -1.069824 -0.2695313 0.6203613
v -1.069824 -0.3632813 0.6203613
v -0.8859863 -0.3632813 0.6835938
vn 0.6289063 0.6367188 0.4472656
vn 0.3515625 0.8613281 -0.3671875
vn 0.4921875 -0.8613281 -0.1210938
vn 0 -0.6171875 -0.7871094
vt 0.7270508 -0.3857422
vt 0.7241211 -0.3857422
vt 0.7241211 -0.3681641
vt 0.7382813 -0.3681641
f 1319/1319/1319 1320/1320/1320 1321/1321/1321
f 1320/1320/1320 1322/1322/1322 1321/1321/1321
v -1.069824 -0.2695313 0.6203613
v -0.8859863 -0.2695313 0.6835938
v -0.8859863 -0.3632813 0.6835938
v -0.6809082 -0.3632813 0.5654297
vn 0.3515625 0.8613281 -0.3671875
vn -0.1972656 0.5859375 -0.7851563
vn 0 -0.6171875 -0.7871094
vn -0.1503906 -0.6035156 -0.7832031
vt 0.7241211 -0.3857422
vt 0.7382813 -0.3857422
vt 0.7382813 -0.3681641
vt 0.7539063 -0.3681641
f 1323/1323/1323 1324/1324/1324 1325/1325/1325
f 1324/1324/1324 1326/1326/1326 1325/1325/1325
v -0.8859863 -0.2695313 0.6835938
v -0.6809082 -0.2695313 0.5654297
v -0.6809082 -0.3632813 0.5654297
v -0.0007324219 -0.3632813 0.958252
vn -0.1972656 0.5859375 -0.7851563
vn 0.125 0.75 -0.6503906
vn -0.1503906 -0.6035156 -0.7832031
vn 0.08789063 -0.8847656 -0.4589844
vt 0.7382813 -0.3857422
vt 0.7539063 -0.3857422
vt 0.7539063 -0.3681641
vt 0.8066406 -0.3681641
f 1327/1327/1327 1328/1328/1328 1329/1329/1329
f 1328/1328/1328 1330/1330/1330 1329/1329/1329
v -0.6809082 -0.2695313 0.5654297
v -0.0007324219 -0.2695313 0.958252
v -0.0007324219 -0.3632813 0.958252
v 0.6796875 -0.3632813 0.5654297
vn 0.125 0.75 -0.6503906
vn -0.08789063 0.8847656 -0.4589844
vn 0.08789063 -0.8847656 -0.4589844
vn -0.1582031 -0.7460938 -0.6464844
vt 0.7539063 -0.3857422
vt 0.8066406 -0.3857422
vt 0.8066406 -0.3681641
vt 0.8588867 -0.3681641
f 1331/1331/1331 1332/1332/1332 1333/1333/1333
f 1332/1332/1332 1334/1334/1334 1333/1333/1333
v 1.537598 0.1276855 1.310303
v 1.760986 0.01977539 1.427979
v 1.573486 -0.3161621 1.290039
v 1.755615 -0.2385254 1.385742
vn 0.4941406 0.08007813 -0.8652344
vn 0.4238281 0.1113281 -0.8984375
vn 0.3417969 -0.8222656 -0.4550781
vn 0.6015625 -0.796875 -0.05859375
vt 0.02587891 -0.6445313
vt 0.1132813 -0.6689453
vt 0.03222656 -0.7451172
vt 0.1040039 -0.7275391
f 1335/1335/1335 1336/1336/1336 1337/1337/1337
f 1336/1336/1336 1338/1338/1338 1337/1337/1337
v -0.8278809 -0.3632813 -0.3049316
v -1.032715 -0.3632813 -0.4230957
v -1.032715 -0.2695313 -0.4230957
v -1.069824 -0.2695313 -0.6142578
vn 0.75 -0.5 -0.4335938
vn 0.6035156 -0.7363281 -0.3066406
vn 0.4863281 0.7363281 -0.4726563
vn 0.4921875 0.8613281 0.1210938
vt 0.7426758 -0.3681641
vt 0.7270508 -0.3681641
vt 0.7270508 -0.3857422
vt 0.7241211 -0.3857422
f 1339/1339/1339 1340/1340/1340 1341/1341/1341
f 1340/1340/1340 1342/1342/1342 1341/1341/1341
v 1.452393 0.09545898 1.496826
v 1.537598 0.1276855 1.310303
v 1.390381 0.1276855 1.450439
v 1.140869 0.1252441 1.490723
vn -0.08398438 0.9414063 0.328125
vn 0.1855469 0.9648438 0.1875
vn -0.140625 0.9316406 0.3378906
vn 0 0.9980469 0
vt 0.3676758 -0.4941406
vt 0.3276367 -0.4018555
vt 0.3271484 -0.4985352
vt 0.2563477 -0.6000977
f 1343/1343/1343 1344/1344/1344 1345/1345/1345
f 1344/1344/1344 1346/1346/1346 1345/1345/1345
v -1.032715 -0.3632813 -0.4230957
v -1.069824 -0.3632813 -0.6142578
v -1.069824 -0.2695313 -0.6142578
v -0.8859863 -0.2695313 -0.6774902
vn 0.6035156 -0.7363281 -0.3066406
vn 0.3515625 -0.8613281 0.3671875
vn 0.4921875 0.8613281 0.1210938
vn -0.08398438 0.4824219 0.8730469
vt 0.7270508 -0.3681641
vt 0.7241211 -0.3681641
vt 0.7241211 -0.3857422
vt 0.7382813 -0.3857422
f 1347/1347/1347 1348/1348/1348 1349/1349/1349
f 1348/1348/1348 1350/1350/1350 1349/1349/1349
v -0.0007324219 -0.2695313 0.958252
v 0.6796875 -0.2695313 0.5654297
v 0.6796875 -0.3632813 0.5654297
v 0.8845215 -0.3632813 0.6835938
vn -0.08789063 0.8847656 -0.4589844
vn 0.1503906 0.6035156 -0.7832031
vn -0.1582031 -0.7460938 -0.6464844
vn 0.1972656 -0.5859375 -0.7851563
vt 0.8066406 -0.3857422
vt 0.8588867 -0.3857422
vt 0.8588867 -0.3681641
vt 0.875 -0.3681641
f 1351/1351/1351 1352/1352/1352 1353/1353/1353
f 1352/1352/1352 1354/1354/1354 1353/1353/1353
v 0.6796875 -0.2695313 0.5654297
v 0.8845215 -0.2695313 0.6835938
v 0.8845215 -0.3632813 0.6835938
v 1.068604 -0.3632813 0.6203613
vn 0.1503906 0.6035156 -0.7832031
vn 0 0.6210938 -0.7832031
vn 0.1972656 -0.5859375 -0.7851563
vn -0.3515625 -0.8613281 -0.3671875
vt 0.8588867 -0.3857422
vt 0.875 -0.3857422
vt 0.875 -0.3681641
vt 0.8886719 -0.3681641
f 1355/1355/1355 1356/1356/1356 1357/1357/1357
f 1356/1356/1356 1358/1358/1358 1357/1357/1357
v 0.7333984 0.07714844 1.820557
v 0.9108887 0.1010742 1.805664
v 0.887207 -0.2927246 1.782959
v 0.8747559 0.1333008 1.737061
vn -0.06835938 0.109375 -0.9921875
vn -0.1484375 0.9609375 0.234375
vn -0.875 0.07617188 -0.4785156
vn -0.2402344 0.9414063 0.234375
vt 0.6054688 -0.7216797
vt 0.5908203 -0.7172852
vt 0.5844727 -0.7753906
vt 0.5776367 -0.7124023
f 1359/1359/1359 1360/1360/1360 1361/1361/1361
f 1360/1360/1360 1362/1362/1362 1361/1361/1361
v 0.8845215 -0.2695313 0.6835938
v 1.068604 -0.2695313 0.6203613
v 1.068604 -0.3632813 0.6203613
v 1.03125 -0.3632813 0.4294434
vn 0 0.6210938 -0.7832031
vn -0.4921875 0.8613281 -0.1210938
vn -0.3515625 -0.8613281 -0.3671875
vn -0.6035156 -0.7363281 0.3066406
vt 0.875 -0.3857422
vt 0.8886719 -0.3857422
vt 0.8886719 -0.3681641
vt 0.8862305 -0.3681641
f 1363/1363/1363 1364/1364/1364 1365/1365/1365
f 1364/1364/1364 1366/1366/1366 1365/1365/1365
v 1.068604 -0.2695313 0.6203613
v 1.03125 -0.2695313 0.4294434
v 1.03125 -0.3632813 0.4294434
v 0.826416 -0.3632813 0.3112793
vn -0.4921875 0.8613281 -0.1210938
vn -0.4863281 0.7363281 0.4707031
vn -0.6035156 -0.7363281 0.3066406
vn -0.75 -0.5 0.4335938
vt 0.8886719 -0.3857422
vt 0.8862305 -0.3857422
vt 0.8862305 -0.3681641
vt 0.8701172 -0.3681641
f 1367/1367/1367 1368/1368/1368 1369/1369/1369
f 1368/1368/1368 1370/1370/1370 1369/1369/1369
v 0.7858887 -0.09838867 2.033203
v 0.7849121 -0.203125 1.991455
v 1.100586 -0.09912109 2.017334
v 1.441406 -0.09667969 1.897217
vn -0.7949219 -0.1367188 0.5917969
vn -0.3359375 -0.5449219 0.7695313
vn 0.171875 -0.03320313 0.984375
vn 0.3300781 -0.1503906 0.9316406
vt 0.7607422 -0.9296875
vt 0.7392578 -0.9492188
vt 0.703125 -0.862793
vt 0.6298828 -0.7836914
f 1371/1371/1371 1372/1372/1372 1373/1373/1373
f 1372/1372/1372 1374/1374/1374 1373/1373/1373
v 1.03125 -0.2695313 -0.4230957
v 1.068604 -0.2695313 -0.6142578
v 1.068604 -0.3632813 -0.6142578
v 0.8845215 -0.3632813 -0.6774902
vn -0.6289063 0.6367188 -0.4492188
vn -0.3515625 0.8613281 0.3671875
vn -0.4921875 -0.8613281 0.1210938
vn 0 -0.6171875 0.7871094
vt 0.8862305 -0.3857422
vt 0.8886719 -0.3857422
vt 0.8886719 -0.3681641
vt 0.875 -0.3681641
f 1375/1375/1375 1376/1376/1376 1377/1377/1377
f 1376/1376/1376 1378/1378/1378 1377/1377/1377
v 1.068604 -0.2695313 -0.6142578
v 0.8845215 -0.2695313 -0.6774902
v 0.8845215 -0.3632813 -0.6774902
v 0.6796875 -0.3632813 -0.559082
vn -0.3515625 0.8613281 0.3671875
vn 0.1972656 0.5859375 0.7851563
vn 0 -0.6171875 0.7871094
vn 0.1601563 -0.7460938 0.6464844
vt 0.8886719 -0.3857422
vt 0.875 -0.3857422
vt 0.875 -0.3681641
vt 0.8588867 -0.3681641
f 1379/1379/1379 1380/1380/1380 1381/1381/1381
f 1380/1380/1380 1382/1382/1382 1381/1381/1381
v 0.7333984 0.07714844 1.820557
v 0.7849121 0.01538086 1.991455
v 0.9108887 0.1010742 1.805664
v 1.042969 0.01074219 1.958008
vn -0.8300781 0.421875 0.3652344
vn -0.421875 0.796875 0.4296875
vn -0.1484375 0.9609375 0.234375
vn 0.1796875 0.8339844 0.5214844
vt 0.3642578 -0.5629883
vt 0.46875 -0.5703125
vt 0.3676758 -0.4941406
vt 0.4780273 -0.4433594
f 1383/1383/1383 1384/1384/1384 1385/1385/1385
f 1384/1384/1384 1386/1386/1386 1385/1385/1385
v 0.8845215 -0.2695313 -0.6774902
v 0.6796875 -0.2695313 -0.559082
v 0.6796875 -0.3632813 -0.559082
v -0.0007324219 -0.3632813 -0.9519043
vn 0.1972656 0.5859375 0.7851563
vn -0.1503906 0.6035156 0.7832031
vn 0.1601563 -0.7460938 0.6464844
vn -0.1035156 -0.8339844 0.5410156
vt 0.875 -0.3857422
vt 0.8588867 -0.3857422
vt 0.8588867 -0.3681641
vt 0.8066406 -0.3681641
f 1387/1387/1387 1388/1388/1388 1389/1389/1389
f 1388/1388/1388 1390/1390/1390 1389/1389/1389
v 0.767334 0.1333008 1.732178
v 0.8747559 0.1333008 1.737061
v 0.7231445 0.1333008 1.658203
v 1.067871 0.1333008 1.673828
vn -0.6386719 0.421875 0.6445313
vn -0.2402344 0.9414063 0.234375
vn -0.3847656 0.8945313 0.2304688
vn 0.1289063 0.9453125 0.296875
vt 0.2915039 -0.5854492
vt 0.3271484 -0.4985352
vt 0.2563477 -0.5996094
vt 0.3276367 -0.4018555
f 1391/1391/1391 1392/1392/1392 1393/1393/1393
f 1392/1392/1392 1394/1394/1394 1393/1393/1393
v 0.887207 -0.2927246 1.782959
v 0.767334 0.1333008 1.732178
v 0.7358398 -0.3105469 1.672363
v 0.7231445 0.1333008 1.658203
vn -0.5605469 -0.05078125 0.8261719
vn -0.6386719 0.421875 0.6445313
vn -0.7226563 0 0.6914063
vn -0.3847656 0.8945313 0.2304688
vt 0.5844727 -0.7753906
vt 0.5473633 -0.7124023
vt 0.5351563 -0.777832
vt 0.5317383 -0.7124023
f 1395/1395/1395 1396/1396/1396 1397/1397/1397
f 1396/1396/1396 1398/1398/1398 1397/1397/1397
v 1.42041 -0.3115234 1.153076
v 1.095215 -0.3723145 1.662354
v 0.7358398 -0.3105469 1.672363
v 0.887207 -0.2927246 1.782959
vn -0.1796875 -0.953125 -0.2421875
vn 0.4921875 -0.8613281 -0.1210938
vn -0.1679688 -0.984375 0.06640625
vn 0.009765625 -0.8769531 0.4804688
vt 0.3603516 -0.05712891
vt 0.3857422 -0.06054688
vt 0.394043 -0.1020508
vt 0.3945313 -0.07373047
f 1399/1399/1399 1400/1400/1400 1401/1401/1401
f 1400/1400/1400 1402/1402/1402 1401/1401/1401
v 1.067871 0.1333008 1.673828
v 1.191895 0.02539063 1.863037
v 1.095215 -0.3723145 1.662354
v 1.205322 -0.2329102 1.822754
vn 0.8320313 0.1054688 -0.5429688
vn 0.8320313 0.1054688 -0.5429688
vn 0.4921875 -0.8613281 -0.1210938
vn 0.4179688 -0.8203125 0.3925781
vt 0.02392578 -0.6430664
vt 0.105957 -0.6674805
vt 0.02978516 -0.7578125
vt 0.1025391 -0.7265625
f 1403/1403/1403 1404/1404/1404 1405/1405/1405
f 1404/1404/1404 1406/1406/1406 1405/1405/1405
v 1.095215 -0.3723145 1.662354
v 1.205322 -0.2329102 1.822754
v 0.887207 -0.2927246 1.782959
v 0.7849121 -0.203125 1.991455
vn 0.4921875 -0.8613281 -0.1210938
vn 0.4179688 -0.8203125 0.3925781
vn 0.009765625 -0.8769531 0.4804688
vn 0.1640625 -0.8183594 0.5527344
vt 0.6035156 -0.9077148
vt 0.6342773 -0.855957
vt 0.6650391 -0.9541016
vt 0.7392578 -0.9492188
f 1407/1407/1407 1408/1408/1408 1409/1409/1409
f 1408/1408/1408 1410/1410/1410 1409/1409/1409
v -0.6936035 -0.1572266 1.257568
v -0.5588379 -0.1572266 1.279053
v -0.559082 -0.1572266 1.719238
v -0.2937012 -0.1572266 1.784668
vn -0.7773438 -0.5761719 -0.2519531
vn 0.6074219 -0.453125 -0.6523438
vn -0.6269531 -0.7402344 0.2441406
vn 0.75 -0.3886719 -0.5351563
vt 0.1225586 -0.07226563
vt 0.08203125 -0.07226563
vt 0.1225586 -0.184082
vt 0.08203125 -0.184082
f 1411/1411/1411 1412/1412/1412 1413/1413/1413
f 1412/1412/1412 1414/1414/1414 1413/1413/1413
v -0.5588379 0.1159668 1.279053
v -0.5249023 0.07519531 1.480225
v -0.5588379 -0.1572266 1.279053
v -0.2937012 -0.1572266 1.784668
vn 0.609375 0.5703125 -0.5507813
vn 0.5898438 0.7675781 -0.25
vn 0.6074219 -0.453125 -0.6523438
vn 0.75 -0.3886719 -0.5351563
vt 0.06201172 -0.06347656
vt 0.06201172 -0.1289063
vt 0.01611328 -0.06347656
vt 0.01611328 -0.1884766
f 1415/1415/1415 1416/1416/1416 1417/1417/1417
f 1416/1416/1416 1418/1418/1418 1417/1417/1417
v -1.437256 -0.009277344 -0.3071289
v -1.818604 0.05297852 -0.08520508
v -1.403809 0.03637695 -0.1230469
v -1.441162 0.08374023 0.1740723
vn 0.1074219 0.9863281 -0.1289063
vn 0.01171875 0.9941406 -0.1074219
vn -0.01953125 0.9707031 -0.2363281
vn 0.01171875 0.9941406 -0.1074219
vt 0.6757813 -0.2749023
vt 0.5517578 -0.3520508
vt 0.6665039 -0.331543
vt 0.6577148 -0.4370117
f 1419/1419/1419 1420/1420/1420 1421/1421/1421
f 1420/1420/1420 1422/1422/1422 1421/1421/1421
v -1.818604 0.05297852 -0.08520508
v -1.764404 0.08618164 0.3862305
v -1.441162 0.08374023 0.1740723
v -1.391602 0.1142578 0.5749512
vn 0.01171875 0.9941406 -0.1074219
vn -0.04296875 0.9980469 -0.06054688
vn 0.01171875 0.9941406 -0.1074219
vn 0 0.9980469 0
vt 0.5517578 -0.3520508
vt 0.5561523 -0.4975586
vt 0.6577148 -0.4370117
vt 0.6845703 -0.5532227
f 1423/1423/1423 1424/1424/1424 1425/1425/1425
f 1424/1424/1424 1426/1426/1426 1425/1425/1425
v -1.764404 0.08618164 0.3862305
v -1.656982 0.1142578 0.8588867
v -1.391602 0.1142578 0.5749512
v -1.188232 0.1174316 0.876709
vn -0.04296875 0.9980469 -0.06054688
vn 0 0.9980469 0
vn 0 0.9980469 0
vn 0 0.9980469 0
vt 0.5561523 -0.4975586
vt 0.5810547 -0.6499023
vt 0.6845703 -0.5532227
vt 0.7294922 -0.6611328
f 1427/1427/1427 1428/1428/1428 1429/1429/1429
f 1428/1428/1428 1430/1430/1430 1429/1429/1429
v -1.656982 0.1142578 0.8588867
v -1.32251 0.1159668 1.385742
v -1.188232 0.1174316 0.876709
v -0.9001465 0.1176758 1.106689
vn 0 0.9980469 0
vn 0 0.9980469 0
vn 0 0.9980469 0
vn -0.005859375 0.9960938 0.08398438
vt 0.5810547 -0.6499023
vt 0.6674805 -0.7924805
vt 0.7294922 -0.6611328
vt 0.8056641 -0.7470703
f 1431/1431/1431 1432/1432/1432 1433/1433/1433
f 1432/1432/1432 1434/1434/1434 1433/1433/1433
v -0.5595703 -0.06469727 1.682373
v -0.8400879 -0.04833984 1.626709
v -0.6586914 -0.06469727 1.480225
v -0.6936035 -0.06469727 1.257568
vn -0.7070313 -0.6171875 0.3476563
vn -0.0703125 -0.9980469 0.0078125
vn -0.7949219 -0.5390625 0.2773438
vn -0.21875 -0.8574219 -0.4648438
vt 0.3369141 -0.2216797
vt 0.3554688 -0.1787109
vt 0.3710938 -0.2055664
vt 0.4038086 -0.184082
f 1435/1435/1435 1436/1436/1436 1437/1437/1437
f 1436/1436/1436 1438/1438/1438 1437/1437/1437
v -1.306396 -0.04907227 0.7353516
v -0.6936035 -0.06469727 1.257568
v -1.32251 -0.04882813 1.385742
v -0.8400879 -0.04833984 1.626709
vn 0 -1 0
vn -0.21875 -0.8574219 -0.4648438
vn 0 -1 0
vn -0.0703125 -0.9980469 0.0078125
vt 0.4853516 -0.1074219
vt 0.4038086 -0.184082
vt 0.4101563 -0.1049805
vt 0.3554688 -0.1787109
f 1439/1439/1439 1440/1440/1440 1441/1441/1441
f 1440/1440/1440 1442/1442/1442 1441/1441/1441
v -0.9133301 0.3896484 1.56543
v -0.7744141 -0.1484375 1.47168
v -0.9487305 -0.1357422 1.818359
v -1.024658 -0.5654297 1.609375
vn -0.8847656 -0.1523438 -0.4394531
vn -0.875 0.07617188 -0.4785156
vn -0.875 0.07617188 -0.4785156
vn -0.8300781 0.3554688 -0.4296875
vt 0.5541992 -0.09765625
vt 0.5180664 -0.1865234
vt 0.5991211 -0.1855469
vt 0.5546875 -0.2617188
f 1443/1443/1443 1444/1444/1444 1445/1445/1445
f 1444/1444/1444 1446/1446/1446 1445/1445/1445
v -0.9133301 0.3896484 1.56543
v -0.9487305 -0.1357422 1.818359
v -0.7963867 0.3796387 1.611572
v -0.8317871 -0.145752 1.864502
vn -0.2988281 0.4296875 0.8515625
vn -0.3261719 0.0703125 0.9433594
vn 0.1796875 0.3867188 0.9042969
vn 0.5761719 -0.07226563 0.8144531
vt 0.06494141 -0.2636719
vt 0.06494141 -0.4472656
vt 0.06494141 -0.2636719
vt 0.03125 -0.4472656
f 1447/1447/1447 1448/1448/1448 1449/1449/1449
f 1448/1448/1448 1450/1450/1450 1449/1449/1449
v -0.7963867 0.3796387 1.611572
v -0.8317871 -0.145752 1.864502
v -0.7744141 -0.1484375 1.47168
v -0.9077148 -0.5756836 1.655762
vn 0.1796875 0.3867188 0.9042969
vn 0.5761719 -0.07226563 0.8144531
vn 0.9824219 -0.1191406 0.1445313
vn 0.9667969 -0.2207031 0.1328125
vt 0.5541992 -0.09765625
vt 0.5991211 -0.1855469
vt 0.5180664 -0.1865234
vt 0.5546875 -0.2617188
f 1451/1451/1451 1452/1452/1452 1453/1453/1453
f 1452/1452/1452 1454/1454/1454 1453/1453/1453
v -1.024658 -0.5654297 1.609375
v -0.9077148 -0.5756836 1.655762
v -0.9487305 -0.1357422 1.818359
v -0.8317871 -0.145752 1.864502
vn -0.3691406 -0.3515625 0.859375
vn -0.3691406 -0.3515625 0.859375
vn -0.3261719 0.0703125 0.9433594
vn 0.5761719 -0.07226563 0.8144531
vt 0.06494141 -0.6157227
vt 0.03125 -0.6157227
vt 0.06494141 -0.4472656
vt 0.03125 -0.4472656
f 1455/1455/1455 1456/1456/1456 1457/1457/1457
f 1456/1456/1456 1458/1458/1458 1457/1457/1457
v -1.369629 0.3806152 1.240479
v -1.115967 -0.1484375 1.200928
v -1.414551 -0.1357422 1.448242
v -1.400391 -0.5654297 1.226563
vn -0.625 -0.2441406 -0.7421875
vn -0.6738281 0.009765625 -0.7382813
vn -0.6738281 0.009765625 -0.7382813
vn -0.5878906 0.3554688 -0.7265625
vt 0.5541992 -0.09765625
vt 0.5185547 -0.1865234
vt 0.5991211 -0.1855469
vt 0.5546875 -0.2612305
f 1459/1459/1459 1460/1460/1460 1461/1461/1461
f 1460/1460/1460 1462/1462/1462 1461/1461/1461
v -1.369629 0.3806152 1.240479
v -1.414551 -0.1357422 1.448242
v -1.281006 0.3703613 1.329834
v -1.393799 -0.145752 1.57666
vn -0.6523438 0.3671875 0.6640625
vn -0.8828125 -0.0234375 0.4707031
vn -0.453125 0.3730469 0.8105469
vn -0.2265625 -0.01367188 0.9746094
vt 0.06494141 -0.2636719
vt 0.06494141 -0.4472656
vt 0.03125 -0.2636719
vt 0.03125 -0.4472656
f 1463/1463/1463 1464/1464/1464 1465/1465/1465
f 1464/1464/1464 1466/1466/1466 1465/1465/1465
v -1.281006 0.3703613 1.329834
v -1.393799 -0.145752 1.57666
v -1.115967 -0.1484375 1.200928
v -1.311768 -0.5756836 1.315674
vn -0.453125 0.3730469 0.8105469
vn -0.2265625 -0.01367188 0.9746094
vn 0.7832031 0 0.6210938
vn 0.7871094 -0.203125 0.5839844
vt 0.5541992 -0.09765625
vt 0.5991211 -0.1855469
vt 0.5185547 -0.1865234
vt 0.5546875 -0.2617188
f 1467/1467/1467 1468/1468/1468 1469/1469/1469
f 1468/1468/1468 1470/1470/1470 1469/1469/1469
v -1.400391 -0.5654297 1.226563
v -1.311768 -0.5756836 1.315674
v -1.414551 -0.1357422 1.448242
v -1.393799 -0.145752 1.57666
vn -0.7324219 -0.3300781 0.5957031
vn -0.8574219 -0.3222656 0.4042969
vn -0.8828125 -0.0234375 0.4707031
vn -0.2265625 -0.01367188 0.9746094
vt 0.06494141 -0.6157227
vt 0.03125 -0.6157227
vt 0.06494141 -0.4472656
vt 0.03125 -0.4472656
f 1471/1471/1471 1472/1472/1472 1473/1473/1473
f 1472/1472/1472 1474/1474/1474 1473/1473/1473
v -1.768311 0.4260254 -0.2355957
v -1.624023 -0.05688477 -0.02954102
v -1.927734 -0.05883789 -0.1965332
v -1.752197 -0.5314941 -0.2692871
vn 0.4707031 -0.2226563 -0.8535156
vn 0.5253906 0.005859375 -0.8496094
vn 0.5253906 0.005859375 -0.8496094
vn 0.4414063 0.2773438 -0.8535156
vt 0.5541992 -0.09765625
vt 0.5180664 -0.1865234
vt 0.5991211 -0.1855469
vt 0.5546875 -0.2617188
f 1475/1475/1475 1476/1476/1476 1477/1477/1477
f 1476/1476/1476 1478/1478/1478 1477/1477/1477
v -1.768311 0.4260254 -0.2355957
v -1.927734 -0.05883789 -0.1965332
v -1.798584 0.418457 -0.1066895
v -1.958008 -0.06640625 -0.06762695
vn -0.9355469 0.2910156 -0.203125
vn -0.96875 -0.05078125 -0.2421875
vn -0.9355469 0.2910156 -0.203125
vn -0.96875 -0.05078125 -0.2421875
vt 0.06494141 -0.2636719
vt 0.06494141 -0.4472656
vt 0.03125 -0.2641602
vt 0.03125 -0.4472656
f 1479/1479/1479 1480/1480/1480 1481/1481/1481
f 1480/1480/1480 1482/1482/1482 1481/1481/1481
v -1.798584 0.418457 -0.1066895
v -1.958008 -0.06640625 -0.06762695
v -1.624023 -0.05688477 -0.02954102
v -1.782471 -0.5390625 -0.1403809
vn -0.09179688 0.1464844 0.984375
vn -0.1308594 0 0.9921875
vn -0.1308594 0 0.9921875
vn -0.1074219 -0.1894531 0.9765625
vt 0.5541992 -0.09765625
vt 0.5991211 -0.1855469
vt 0.5180664 -0.1865234
vt 0.5546875 -0.2617188
f 1483/1483/1483 1484/1484/1484 1485/1485/1485
f 1484/1484/1484 1486/1486/1486 1485/1485/1485
v -1.752197 -0.5314941 -0.2692871
v -1.782471 -0.5390625 -0.1403809
v -1.927734 -0.05883789 -0.1965332
v -1.958008 -0.06640625 -0.06762695
vn -0.921875 -0.3066406 -0.234375
vn -0.921875 -0.3066406 -0.234375
vn -0.96875 -0.05078125 -0.2421875
vn -0.96875 -0.05078125 -0.2421875
vt 0.06494141 -0.6157227
vt 0.03125 -0.6157227
vt 0.06494141 -0.4472656
vt 0.03125 -0.4472656
f 1487/1487/1487 1488/1488/1488 1489/1489/1489
f 1488/1488/1488 1490/1490/1490 1489/1489/1489
v -1.777588 0.3806152 0.2687988
v -1.562744 -0.1484375 0.4094238
v -1.950195 -0.1357422 0.3928223
v -1.790771 -0.5654297 0.237793
vn 0.03320313 -0.2441406 -0.96875
vn 0 0.01171875 -1
vn 0 0.01171875 -1
vn 0.0625 0.3417969 -0.9375
vt 0.5541992 -0.09765625
vt 0.5185547 -0.1865234
vt 0.5986328 -0.1855469
vt 0.5546875 -0.2612305
f 1491/1491/1491 1492/1492/1492 1493/1493/1493
f 1492/1492/1492 1494/1494/1494 1493/1493/1493
v -1.777588 0.3806152 0.2687988
v -1.950195 -0.1357422 0.3928223
v -1.771729 0.3703613 0.3945313
v -1.944336 -0.145752 0.5183105
vn -0.9414063 0.3320313 0.0703125
vn -1 0 0
vn -0.78125 0.3769531 0.4980469
vn -0.5605469 -0.05078125 0.8261719
vt 0.06494141 -0.2636719
vt 0.06494141 -0.4472656
vt 0.03125 -0.2636719
vt 0.03125 -0.4472656
f 1495/1495/1495 1496/1496/1496 1497/1497/1497
f 1496/1496/1496 1498/1498/1498 1497/1497/1497
v -1.771729 0.3703613 0.3945313
v -1.944336 -0.145752 0.5183105
v -1.562744 -0.1484375 0.4094238
v -1.784912 -0.5756836 0.3635254
vn -0.78125 0.3769531 0.4980469
vn -0.5605469 -0.05078125 0.8261719
vn 0.2734375 -0.05078125 0.9609375
vn 0.265625 -0.2382813 0.9335938
vt 0.5541992 -0.09765625
vt 0.5991211 -0.1855469
vt 0.5185547 -0.1865234
vt 0.5546875 -0.2617188
f 1499/1499/1499 1500/1500/1500 1501/1501/1501
f 1500/1500/1500 1502/1502/1502 1501/1501/1501
v -1.790771 -0.5654297 0.237793
v -1.784912 -0.5756836 0.3635254
v -1.950195 -0.1357422 0.3928223
v -1.944336 -0.145752 0.5183105
vn -0.9492188 -0.3125 0.0078125
vn -0.9492188 -0.3125 0.0078125
vn -1 0 0
vn -0.5605469 -0.05078125 0.8261719
vt 0.06494141 -0.6157227
vt 0.06494141 -0.6157227
vt 0.06494141 -0.4472656
vt 0.03125 -0.4472656
f 1503/1503/1503 1504/1504/1504 1505/1505/1505
f 1504/1504/1504 1506/1506/1506 1505/1505/1505
v -0.4462891 -0.07519531 1.886475
v -0.8601074 -0.06445313 1.814941
v -0.4765625 -0.4914551 1.727295
v -1.300537 -0.456543 1.344971
vn 0 0.01171875 0.9980469
vn -0.3027344 0.009765625 0.953125
vn 0.1835938 -0.8808594 0.4355469
vn -0.3710938 -0.4882813 0.7910156
vt 0.07226563 -0.855957
vt 0.1079102 -0.855957
vt 0.09277344 -0.9736328
vt 0.1918945 -0.9736328
f 1507/1507/1507 1508/1508/1508 1509/1509/1509
f 1508/1508/1508 1510/1510/1510 1509/1509/1509
v -1.296631 0.2993164 1.34668
v -1.433594 -0.1350098 1.51416
v -0.8601074 -0.06445313 1.814941
v -1.300537 -0.456543 1.344971
vn -0.4589844 0.4414063 0.7714844
vn -0.4179688 -0.0234375 0.9082031
vn -0.4179688 -0.0234375 0.9082031
vn -0.3359375 -0.5449219 0.7695313
vt 0.1914063 -0.7392578
vt 0.1811523 -0.855957
vt 0.1079102 -0.855957
vt 0.1918945 -0.9736328
f 1511/1511/1511 1512/1512/1512 1513/1513/1513
f 1512/1512/1512 1514/1514/1514 1513/1513/1513
v -1.619141 -0.4326172 -0.5200195
v -1.803223 -0.07519531 -0.5361328
v -1.427979 -0.01074219 -0.8129883
v -1.677246 0.3120117 -0.4467773
vn -0.734375 -0.3496094 -0.5820313
vn -0.8105469 -0.015625 -0.5859375
vn -0.6230469 0.04296875 -0.78125
vn -0.7734375 0.3457031 -0.53125
vt 0.4462891 -0.9736328
vt 0.4560547 -0.855957
vt 0.5175781 -0.855957
vt 0.4418945 -0.7392578
f 1515/1515/1515 1516/1516/1516 1517/1517/1517
f 1516/1516/1516 1518/1518/1518 1517/1517/1517
v -1.802734 0.3144531 -0.1408691
v -1.722656 -0.09887695 0.07885742
v -1.677246 0.3120117 -0.4467773
v -1.427979 -0.01074219 -0.8129883
vn 0.8671875 0.3554688 0.3515625
vn 0.9394531 0.03125 0.3417969
vn 0.8671875 0.3554688 0.3515625
vn 0.9394531 0.03125 0.3417969
vt 0.3901367 -0.7470703
vt 0.4077148 -0.8647461
vt 0.4492188 -0.7475586
vt 0.5112305 -0.8398438
f 1519/1519/1519 1520/1520/1520 1521/1521/1521
f 1520/1520/1520 1522/1522/1522 1521/1521/1521
v -1.427979 -0.01074219 -0.8129883
v -1.722656 -0.09887695 0.07885742
v -1.619141 -0.4326172 -0.5200195
v -1.796143 -0.4797363 -0.1032715
vn 0.9394531 0.03125 0.3417969
vn 0.9394531 0.03125 0.3417969
vn 0.9082031 -0.2773438 0.3125
vn 0.8808594 -0.3300781 0.3359375
vt 0.5112305 -0.8398438
vt 0.4077148 -0.8647461
vt 0.4545898 -0.9599609
vt 0.3842773 -0.9736328
f 1523/1523/1523 1524/1524/1524 1525/1525/1525
f 1524/1524/1524 1526/1526/1526 1525/1525/1525
v -1.675049 0.3806152 0.7956543
v -1.424316 -0.1484375 0.8500977
v -1.791992 -0.1357422 0.9731445
v -1.69873 -0.5654297 0.7714844
vn -0.3164063 -0.2441406 -0.9179688
vn -0.2695313 0.08007813 -0.9589844
vn -0.2695313 0.08007813 -0.9589844
vn -0.2851563 0.3417969 -0.8945313
vt 0.5541992 -0.09765625
vt 0.5180664 -0.1865234
vt 0.5996094 -0.1855469
vt 0.5541992 -0.2612305
f 1527/1527/1527 1528/1528/1528 1529/1529/1529
f 1528/1528/1528 1530/1530/1530 1529/1529/1529
v -1.624756 0.3703613 0.9108887
v -1.791992 -0.1357422 0.9731445
v -1.741699 -0.145752 1.088379
v -1.648193 -0.5756836 0.8867188
vn -0.5273438 0.3808594 0.7597656
vn -0.9160156 -0.04882813 0.3984375
vn -0.2265625 -0.01367188 0.9746094
vn -0.8691406 -0.3515625 0.3496094
vt 0.06494141 -0.2636719
vt 0.06494141 -0.4472656
vt 0.03125 -0.4472656
vt 0.06494141 -0.6157227
f 1531/1531/1531 1532/1532/1532 1533/1533/1533
f 1532/1532/1532 1534/1534/1534 1533/1533/1533
v -1.624756 0.3703613 0.9108887
v -1.741699 -0.145752 1.088379
v -1.424316 -0.1484375 0.8500977
v -1.648193 -0.5756836 0.8867188
vn -0.5273438 0.3808594 0.7597656
vn -0.2265625 -0.01367188 0.9746094
vn 0.5761719 -0.07226563 0.8144531
vn 0.5820313 -0.2382813 0.7773438
vt 0.5541992 -0.09765625
vt 0.5996094 -0.1855469
vt 0.5180664 -0.1865234
vt 0.5541992 -0.2617188
f 1535/1535/1535 1536/1536/1536 1537/1537/1537
f 1536/1536/1536 1538/1538/1538 1537/1537/1537
v 0.2895508 0.04223633 2.198975
v 0.2895508 -0.1953125 2.198975
v -0.6699219 0.015625 1.83667
v -0.6699219 -0.2216797 1.83667
vn 0.3535156 0 -0.9355469
vn 0.3535156 0 -0.9355469
vn 0.3535156 0 -0.9355469
vn 0.3535156 0 -0.9355469
vt 0.4145508 -0.6674805
vt 0.5063477 -0.6674805
vt 0.4145508 -0.6176758
vt 0.5063477 -0.6171875
f 1539/1539/1539 1540/1540/1540 1541/1541/1541
f 1540/1540/1540 1542/1542/1542 1541/1541/1541
v -1.664063 -0.2155762 -0.5673828
v -1.912109 -0.2155762 -0.05957031
v -1.908691 -0.09692383 -0.5410156
v -2.226807 -0.09326172 -0.04101563
vn -0.421875 -0.8769531 -0.2304688
vn -0.421875 -0.8769531 -0.2304688
vn -0.421875 -0.8769531 -0.2304688
vn -0.3671875 -0.9121094 -0.1757813
vt 0.690918 -0.1118164
vt 0.6616211 -0.06542969
vt 0.6987305 -0.09130859
vt 0.6728516 -0.03955078
f 1543/1543/1543 1544/1544/1544 1545/1545/1545
f 1544/1544/1544 1546/1546/1546 1545/1545/1545
v 0.2895508 0.04223633 2.198975
v -0.6699219 0.015625 1.83667
v 0.369873 -0.07666016 2.327148
v -1.366211 -0.09521484 1.813965
vn -0.3359375 0.609375 0.71875
vn -0.2109375 0.8339844 0.5097656
vn -0.2226563 0.7832031 0.5820313
vn -0.1933594 0.9296875 0.3125
vt 0.5581055 -0.6870117
vt 0.4072266 -0.6875
vt 0.5708008 -0.7016602
vt 0.296875 -0.722168
f 1547/1547/1547 1548/1548/1548 1549/1549/1549
f 1548/1548/1548 1550/1550/1550 1549/1549/1549
v -0.6699219 0.015625 1.83667
v -1.18335 0.02197266 1.482178
v -1.366211 -0.09521484 1.813965
v -1.967285 -0.09228516 0.9824219
vn -0.2109375 0.8339844 0.5097656
vn -0.2402344 0.9414063 0.234375
vn -0.1933594 0.9296875 0.3125
vn -0.3691406 0.9140625 0.1699219
vt 0.4072266 -0.6875
vt 0.3266602 -0.6640625
vt 0.296875 -0.722168
vt 0.1777344 -0.6459961
f 1551/1551/1551 1552/1552/1552 1553/1553/1553
f 1552/1552/1552 1554/1554/1554 1553/1553/1553
v -1.027588 0.07714844 1.824707
v -0.892334 0.1010742 1.875977
v -0.8986816 -0.2927246 1.843994
v -0.8818359 0.1333008 1.799316
vn 0.3417969 0.0703125 -0.9375
vn -0.3300781 0.9394531 0.08984375
vn -0.5683594 0.1113281 -0.8144531
vn -0.3457031 0.9375 -0.0078125
vt 0.02734375 -0.07617188
vt 0.008789063 -0.07128906
vt 0.01416016 -0.1484375
vt 0.01953125 -0.06542969
f 1555/1555/1555 1556/1556/1556 1557/1557/1557
f 1556/1556/1556 1558/1558/1558 1557/1557/1557
v -1.085449 -0.09838867 2.031982
v -1.061768 -0.203125 1.997314
v -0.8234863 -0.09912109 2.193604
v -0.4760742 -0.09667969 2.293945
vn -0.9960938 -0.06640625 0.046875
vn -0.6601563 -0.5566406 0.5058594
vn -0.4179688 -0.0234375 0.9082031
vn -0.2734375 -0.1367188 0.9511719
vt 0.7392578 -0.9492188
vt 0.737793 -0.9492188
vt 0.703125 -0.862793
vt 0.6298828 -0.7836914
f 1559/1559/1559 1560/1560/1560 1561/1561/1561
f 1560/1560/1560 1562/1562/1562 1561/1561/1561
v -1.027588 0.07714844 1.824707
v -1.061768 0.01538086 1.997314
v -0.892334 0.1010742 1.875977
v -0.8359375 0.01074219 2.111816
vn -0.8964844 0.4394531 -0.05273438
vn -0.5898438 0.7695313 0.25
vn -0.3300781 0.9394531 0.08984375
vn -0.1289063 0.8691406 0.4765625
vt 0.3642578 -0.5629883
vt 0.46875 -0.5708008
vt 0.3676758 -0.4941406
vt 0.4780273 -0.4438477
f 1563/1563/1563 1564/1564/1564 1565/1565/1565
f 1564/1564/1564 1566/1566/1566 1565/1565/1565
v -0.8986816 -0.2927246 1.843994
v -1.203125 -0.3129883 1.668457
v -1.229248 -0.3117676 1.340576
v -1.429443 -0.295166 1.565186
vn 0.06640625 -0.9980469 -0.0078125
vn 0.5234375 -0.8242188 0.21875
vn 0 -1 0
vn -0.1523438 -0.9707031 0.1894531
vt 0.3012695 -0.08496094
vt 0.3134766 -0.06298828
vt 0.3256836 -0.06884766
vt 0.3217773 -0.04492188
f 1567/1567/1567 1568/1568/1568 1569/1569/1569
f 1568/1568/1568 1570/1570/1570 1569/1569/1569
v -0.5334473 0.1003418 1.875488
v -0.5341797 0.0715332 1.749756
v -0.6879883 0.1333008 1.860107
v -1.063477 0.114502 1.602539
vn 0.8320313 0.5546875 0
vn 0.5039063 0.8339844 -0.2265625
vn 0.1796875 0.9609375 -0.2148438
vn 0.140625 0.9296875 -0.3378906
vt 0.3178711 -0.3066406
vt 0.2617188 -0.3413086
vt 0.3276367 -0.4018555
vt 0.2563477 -0.5991211
f 1571/1571/1571 1572/1572/1572 1573/1573/1573
f 1572/1572/1572 1574/1574/1574 1573/1573/1573
v -0.6879883 0.1333008 1.860107
v -0.6594238 0.02539063 2.121338
v -0.6530762 -0.3105469 1.881592
v -0.6252441 -0.2329102 2.096191
vn 0.9921875 0.02734375 -0.1152344
vn 0.9863281 0.1113281 -0.1289063
vn 0.5410156 -0.8398438 0.0546875
vn 0.1835938 -0.8808594 0.4355469
vt 0.03222656 -0.6430664
vt 0.07177734 -0.6674805
vt 0.02490234 -0.7441406
vt 0.05712891 -0.7265625
f 1575/1575/1575 1576/1576/1576 1577/1577/1577
f 1576/1576/1576 1578/1578/1578 1577/1577/1577
v -0.5341797 0.0715332 1.749756
v -0.5334473 0.1003418 1.875488
v -0.4501953 -0.1853027 1.740723
v -0.4824219 -0.3105469 1.874512
vn 0.5039063 0.8339844 -0.2265625
vn 0.8320313 0.5546875 0
vn 0.9667969 0.2207031 0.1328125
vn 0.9316406 0.1269531 0.3417969
vt 0.4907227 -0.7216797
vt 0.5024414 -0.7172852
vt 0.4750977 -0.7592773
vt 0.4931641 -0.777832
f 1579/1579/1579 1580/1580/1580 1581/1581/1581
f 1580/1580/1580 1582/1582/1582 1581/1581/1581
v -0.6530762 -0.3105469 1.881592
v -0.6252441 -0.2329102 2.096191
v -0.8986816 -0.2927246 1.843994
v -1.061768 -0.203125 1.997314
vn 0.5410156 -0.8398438 0.0546875
vn 0.1835938 -0.8808594 0.4355469
vn -0.1074219 -0.9589844 0.2597656
vn -0.1738281 -0.8359375 0.5214844
vt 0.6049805 -0.9091797
vt 0.6352539 -0.8569336
vt 0.6650391 -0.9541016
vt 0.737793 -0.9492188
f 1583/1583/1583 1584/1584/1584 1585/1585/1585
f 1584/1584/1584 1586/1586/1586 1585/1585/1585
v -0.892334 0.1010742 1.875977
v -0.6879883 0.1333008 1.860107
v -0.8818359 0.1333008 1.799316
v -1.063477 0.114502 1.602539
vn -0.3300781 0.9394531 0.08984375
vn -0.0625 0.9746094 0.2148438
vn -0.3457031 0.9375 -0.0078125
vn 0.01171875 0.9941406 -0.1074219
vt 0.3676758 -0.4941406
vt 0.3276367 -0.4018555
vt 0.3271484 -0.4985352
vt 0.2563477 -0.5991211
f 1587/1587/1587 1588/1588/1588 1589/1589/1589
f 1588/1588/1588 1590/1590/1590 1589/1589/1589
v -1.54834 0.05810547 1.511719
v -1.432129 0.08227539 1.5979
v -1.429443 -0.295166 1.565186
v -1.401123 0.114502 1.526855
vn 0.5839844 0.07421875 -0.8085938
vn -0.3457031 0.9375 -0.0078125
vn -0.2695313 0.08007813 -0.9589844
vn -0.3457031 0.9375 -0.0078125
vt 0.02832031 -0.07861328
vt 0.005859375 -0.07421875
vt 0.01074219 -0.1474609
vt 0.01416016 -0.06787109
f 1591/1591/1591 1592/1592/1592 1593/1593/1593
f 1592/1592/1592 1594/1594/1594 1593/1593/1593
v -1.681396 -0.1174316 1.685547
v -1.649414 -0.222168 1.658936
v -1.473389 -0.1179199 1.912598
v -1.166504 -0.1154785 2.103516
vn -0.9433594 -0.1132813 -0.3105469
vn -0.7949219 -0.5390625 0.2773438
vn -0.6484375 -0.0234375 0.7597656
vn -0.5234375 -0.1367188 0.8417969
vt 0.7597656 -0.9306641
vt 0.737793 -0.9492188
vt 0.703125 -0.862793
vt 0.6298828 -0.7836914
f 1595/1595/1595 1596/1596/1596 1597/1597/1597
f 1596/1596/1596 1598/1598/1598 1597/1597/1597
v -1.54834 0.05810547 1.511719
v -1.649414 -0.003417969 1.658936
v -1.432129 0.08227539 1.5979
v -1.463379 -0.008056641 1.830566
vn -0.7949219 0.4472656 -0.4101563
vn -0.5898438 0.8066406 -0.01757813
vn -0.3457031 0.9375 -0.0078125
vn -0.25 0.8730469 0.4199219
vt 0.3642578 -0.5629883
vt 0.46875 -0.5708008
vt 0.3676758 -0.4941406
vt 0.4780273 -0.4438477
f 1599/1599/1599 1600/1600/1600 1601/1601/1601
f 1600/1600/1600 1602/1602/1602 1601/1601/1601
v -1.231201 0.114502 1.637939
v -1.296143 0.006591797 1.887695
v -1.203125 -0.3129883 1.668457
v -1.256104 -0.251709 1.872803
vn 0.9648438 0.08007813 0.2460938
vn 0.9648438 0.08007813 0.2460938
vn 0.5234375 -0.8242188 0.21875
vn 0.07421875 -0.8886719 0.453125
vt 0.02636719 -0.6474609
vt 0.08544922 -0.671875
vt 0.02246094 -0.7446289
vt 0.07128906 -0.7304688
f 1603/1603/1603 1604/1604/1604 1605/1605/1605
f 1604/1604/1604 1606/1606/1606 1605/1605/1605
v -1.203125 -0.3129883 1.668457
v -1.256104 -0.251709 1.872803
v -1.429443 -0.295166 1.565186
v -1.649414 -0.222168 1.658936
vn 0.5234375 -0.8242188 0.21875
vn 0.07421875 -0.8886719 0.453125
vn -0.1523438 -0.9707031 0.1894531
vn -0.2832031 -0.8730469 0.3984375
vt 0.6049805 -0.9091797
vt 0.6347656 -0.8564453
vt 0.6650391 -0.9541016
vt 0.737793 -0.9492188
f 1607/1607/1607 1608/1608/1608 1609/1609/1609
f 1608/1608/1608 1610/1610/1610 1609/1609/1609
v -1.432129 0.08227539 1.5979
v -1.231201 0.114502 1.637939
v -1.401123 0.114502 1.526855
v -1.452148 0.1218262 1.229736
vn -0.3457031 0.9375 -0.0078125
vn -0.1484375 0.9609375 0.234375
vn -0.3457031 0.9375 -0.0078125
vn 0 0.9980469 0
vt 0.3676758 -0.4941406
vt 0.3276367 -0.4018555
vt 0.3271484 -0.4985352
vt 0.2563477 -0.5996094
f 1611/1611/1611 1612/1612/1612 1613/1613/1613
f 1612/1612/1612 1614/1614/1614 1613/1613/1613
v -1.877197 0.07714844 0.9523926
v -1.800781 0.1010742 1.074951
v -1.786133 -0.2927246 1.045654
v -1.74585 0.1335449 1.020264
vn 0.8320313 0.1054688 -0.5429688
vn -0.3125 0.9355469 -0.1660156
vn 0.09375 0.109375 -0.9902344
vn -0.3125 0.9355469 -0.1660156
vt 0.03076172 -0.07861328
vt 0.005859375 -0.07373047
vt 0.009277344 -0.1508789
vt 0.009765625 -0.06738281
f 1615/1615/1615 1616/1616/1616 1617/1617/1617
f 1616/1616/1616 1618/1618/1618 1617/1617/1617
v -2.098877 -0.09838867 1.084717
v -2.059326 -0.203125 1.071533
v -1.988525 -0.09912109 1.372314
v -1.772949 -0.09667969 1.662354
vn -0.7578125 -0.1152344 -0.6425781
vn -0.8496094 -0.5253906 0
vn -0.8828125 -0.0234375 0.4707031
vn -0.7949219 -0.1367188 0.5917969
vt 0.7607422 -0.9296875
vt 0.7392578 -0.9492188
vt 0.703125 -0.862793
vt 0.6298828 -0.7836914
f 1619/1619/1619 1620/1620/1620 1621/1621/1621
f 1620/1620/1620 1622/1622/1622 1621/1621/1621
v -1.877197 0.07714844 0.9523926
v -2.059326 0.01538086 1.071533
v -1.800781 0.1010742 1.074951
v -1.948975 0.01074219 1.299561
vn -0.5878906 0.4296875 -0.6855469
vn -0.4980469 0.8261719 -0.2636719
vn -0.3125 0.9355469 -0.1660156
vn -0.3984375 0.8710938 0.2851563
vt 0.3642578 -0.5629883
vt 0.46875 -0.5703125
vt 0.3676758 -0.4941406
vt 0.4780273 -0.4438477
f 1623/1623/1623 1624/1624/1624 1625/1625/1625
f 1624/1624/1624 1626/1626/1626 1625/1625/1625
v -1.74585 0.1335449 1.020264
v -1.75708 0.1276855 0.7651367
v -1.903564 0.1276855 0.6765137
v -1.861572 0.1252441 0.2426758
vn -0.3125 0.9355469 -0.1660156
vn 0 0.9980469 0
vn 0 0.9980469 0
vn 0 0.9980469 0
vt 0.284668 -0.2368164
vt 0.2617188 -0.3422852
vt 0.3276367 -0.4018555
vt 0.2563477 -0.6000977
f 1627/1627/1627 1628/1628/1628 1629/1629/1629
f 1628/1628/1628 1630/1630/1630 1629/1629/1629
v -1.786133 -0.2927246 1.045654
v -1.904053 -0.3161621 0.7175293
v -1.70874 -0.3115234 0.6535645
v -1.998047 -0.2983398 0.4875488
vn 0.04296875 -0.9980469 0.05664063
vn 0.2226563 -0.8222656 0.5234375
vn 0 -1 0
vn -0.1972656 -0.9804688 -0.001953125
vt 0.3476563 -0.02734375
vt 0.3618164 -0.03320313
vt 0.3603516 -0.05712891
vt 0.3720703 -0.03613281
f 1631/1631/1631 1632/1632/1632 1633/1633/1633
f 1632/1632/1632 1634/1634/1634 1633/1633/1633
v -1.229248 -0.3117676 1.340576
v -1.61377 -0.3103027 1.224365
v -1.70874 -0.3115234 0.6535645
v -1.786133 -0.2927246 1.045654
vn 0 -1 0
vn 0.3476563 -0.828125 0.4394531
vn -0.0703125 -0.9980469 0.0078125
vn -0.2304688 -0.9667969 0.1171875
vt 0.3256836 -0.06884766
vt 0.3378906 -0.03564453
vt 0.3603516 -0.05712891
vt 0.3476563 -0.02734375
f 1635/1635/1635 1636/1636/1636 1637/1637/1637
f 1636/1636/1636 1638/1638/1638 1637/1637/1637
v -1.628418 0.1335449 1.186035
v -1.814209 0.02539063 1.413818
v -1.61377 -0.3103027 1.224365
v -1.771729 -0.2329102 1.414795
vn 0.7539063 0.08203125 0.6523438
vn 0.8085938 0.078125 0.5839844
vn 0.3476563 -0.828125 0.4394531
vn -0.1132813 -0.8671875 0.484375
vt 0.02441406 -0.6430664
vt 0.1030273 -0.6674805
vt 0.02587891 -0.7441406
vt 0.09033203 -0.7265625
f 1639/1639/1639 1640/1640/1640 1641/1641/1641
f 1640/1640/1640 1642/1642/1642 1641/1641/1641
v -1.61377 -0.3103027 1.224365
v -1.771729 -0.2329102 1.414795
v -1.786133 -0.2927246 1.045654
v -2.059326 -0.203125 1.071533
vn 0.3476563 -0.828125 0.4394531
vn -0.1132813 -0.8671875 0.484375
vn -0.2304688 -0.9667969 0.1171875
vn -0.4316406 -0.8554688 0.2871094
vt 0.6035156 -0.9077148
vt 0.6342773 -0.855957
vt 0.6650391 -0.9541016
vt 0.7392578 -0.9492188
f 1643/1643/1643 1644/1644/1644 1645/1645/1645
f 1644/1644/1644 1646/1646/1646 1645/1645/1645
v -1.800781 0.1010742 1.074951
v -1.628418 0.1335449 1.186035
v -1.74585 0.1335449 1.020264
v -1.75708 0.1276855 0.7651367
vn -0.3125 0.9355469 -0.1660156
vn -0.1953125 0.9707031 0.1347656
vn -0.3125 0.9355469 -0.1660156
vn 0 0.9980469 0
vt 0.3676758 -0.4941406
vt 0.3276367 -0.4018555
vt 0.3271484 -0.4985352
vt 0.2563477 -0.5996094
f 1647/1647/1647 1648/1648/1648 1649/1649/1649
f 1648/1648/1648 1650/1650/1650 1649/1649/1649
v -2.048096 0.0715332 0.3671875
v -2.022461 0.09545898 0.5095215
v -1.998047 -0.2983398 0.4875488
v -1.951416 0.1276855 0.4790039
vn 0.9804688 0.0703125 -0.1875
vn -0.2265625 0.9394531 -0.2597656
vn 0.4238281 0.1113281 -0.8984375
vn -0.2265625 0.9394531 -0.2597656
vt 0.05859375 -0.07470703
vt 0.01708984 -0.0703125
vt 0.01806641 -0.1469727
vt 0.01123047 -0.06396484
f 1651/1651/1651 1652/1652/1652 1653/1653/1653
f 1652/1652/1652 1654/1654/1654 1653/1653/1653
v 0.6796875 -0.2695313 -0.559082
v -0.0007324219 -0.2695313 -0.9519043
v -0.0007324219 -0.3632813 -0.9519043
v -0.6809082 -0.3632813 -0.559082
vn -0.1503906 0.6035156 0.7832031
vn 0.08789063 0.8847656 0.4589844
vn -0.1035156 -0.8339844 0.5410156
vn 0 -0.6171875 0.7871094
vt 0.8588867 -0.3857422
vt 0.8066406 -0.3857422
vt 0.8066406 -0.3681641
vt 0.7539063 -0.3681641
f 1655/1655/1655 1656/1656/1656 1657/1657/1657
f 1656/1656/1656 1658/1658/1658 1657/1657/1657
v -2.048096 0.0715332 0.3671875
v -2.218018 0.009765625 0.4023438
v -2.022461 0.09545898 0.5095215
v -2.199707 0.005126953 0.6550293
vn -0.2851563 0.3417969 -0.8945313
vn -0.46875 0.7480469 -0.46875
vn -0.2265625 0.9394531 -0.2597656
vn -0.4746094 0.8691406 0.1347656
vt 0.3642578 -0.5629883
vt 0.46875 -0.5703125
vt 0.3676758 -0.4941406
vt 0.4780273 -0.4438477
f 1659/1659/1659 1660/1660/1660 1661/1661/1661
f 1660/1660/1660 1662/1662/1662 1661/1661/1661
v -1.903564 0.1276855 0.6765137
v -2.117188 0.01977539 0.8110352
v -1.904053 -0.3161621 0.7175293
v -2.077881 -0.2385254 0.8273926
vn 0.5351563 0.078125 0.8417969
vn 0.5351563 0.078125 0.8417969
vn 0.2226563 -0.8222656 0.5234375
vn -0.25 -0.796875 0.5507813
vt 0.02587891 -0.6445313
vt 0.1132813 -0.6689453
vt 0.03222656 -0.7451172
vt 0.1040039 -0.7275391
f 1663/1663/1663 1664/1664/1664 1665/1665/1665
f 1664/1664/1664 1666/1666/1666 1665/1665/1665
v -2.022461 0.09545898 0.5095215
v -1.903564 0.1276855 0.6765137
v -1.951416 0.1276855 0.4790039
v -1.861572 0.1252441 0.2426758
vn -0.2265625 0.9394531 -0.2597656
vn -0.2539063 0.9648438 0.06640625
vn -0.2265625 0.9394531 -0.2597656
vn 0 0.9980469 0
vt 0.3676758 -0.4941406
vt 0.3276367 -0.4018555
vt 0.3271484 -0.4985352
vt 0.2563477 -0.6000977
f 1667/1667/1667 1668/1668/1668 1669/1669/1669
f 1668/1668/1668 1670/1670/1670 1669/1669/1669
v -1.943359 0.07714844 -0.2751465
v -2.019043 0.1010742 -0.1140137
v -1.987793 -0.2927246 -0.1230469
v -1.94165 0.1333008 -0.1108398
vn 0.90625 0.0625 0.4160156
vn -0.1289063 0.9609375 -0.2441406
vn 0.8320313 0.1054688 -0.5429688
vn -0.08203125 0.9414063 -0.3261719
vt 0.6054688 -0.7216797
vt 0.5908203 -0.7172852
vt 0.5844727 -0.7753906
vt 0.5776367 -0.7124023
f 1671/1671/1671 1672/1672/1672 1673/1673/1673
f 1672/1672/1672 1674/1674/1674 1673/1673/1673
v -2.153809 -0.09838867 -0.3361816
v -2.117188 -0.203125 -0.315918
v -2.297363 -0.09912109 -0.05541992
v -2.36377 -0.09667969 0.2998047
vn -0.0546875 -0.1152344 -0.9921875
vn -0.4980469 -0.5449219 -0.6757813
vn -0.9414063 -0.03125 -0.3378906
vn -0.9726563 -0.1503906 -0.1816406
vt 0.7607422 -0.9296875
vt 0.7392578 -0.9492188
vt 0.703125 -0.862793
vt 0.6298828 -0.7836914
f 1675/1675/1675 1676/1676/1676 1677/1677/1677
f 1676/1676/1676 1678/1678/1678 1677/1677/1677
v -1.943359 0.07714844 -0.2751465
v -2.117188 0.01538086 -0.315918
v -2.019043 0.1010742 -0.1140137
v -2.217041 0.01074219 -0.07592773
vn 0.03515625 0.4726563 -0.8808594
vn -0.2109375 0.7890625 -0.5761719
vn -0.1289063 0.9609375 -0.2441406
vn -0.4921875 0.8613281 -0.1210938
vt 0.3642578 -0.5629883
vt 0.46875 -0.5703125
vt 0.3676758 -0.4941406
vt 0.4780273 -0.4433594
f 1679/1679/1679 1680/1680/1680 1681/1681/1681
f 1680/1680/1680 1682/1682/1682 1681/1681/1681
v -1.883545 0.1333008 -0.2016602
v -1.94165 0.1333008 -0.1108398
v -1.797607 0.1333008 -0.2028809
v -1.983398 0.1333008 0.08789063
vn -0.2382813 0.421875 -0.875
vn -0.08203125 0.9414063 -0.3261719
vn 0.0390625 0.9140625 -0.4042969
vn -0.2753906 0.9609375 -0.04882813
vt 0.2915039 -0.5854492
vt 0.3271484 -0.4985352
vt 0.2563477 -0.5996094
vt 0.3276367 -0.4018555
f 1683/1683/1683 1684/1684/1684 1685/1685/1685
f 1684/1684/1684 1686/1686/1686 1685/1685/1685
v -1.987793 -0.2927246 -0.1230469
v -1.883545 0.1333008 -0.2016602
v -1.816162 -0.3105469 -0.1987305
v -1.797607 0.1333008 -0.2028809
vn -0.4355469 -0.05078125 -0.8984375
vn -0.2382813 0.421875 -0.875
vn -0.2167969 -0.0390625 -0.9746094
vn 0.0390625 0.9140625 -0.4042969
vt 0.5844727 -0.7753906
vt 0.5473633 -0.7124023
vt 0.5351563 -0.777832
vt 0.5317383 -0.7124023
f 1687/1687/1687 1688/1688/1688 1689/1689/1689
f 1688/1688/1688 1690/1690/1690 1689/1689/1689
v -1.70874 -0.3115234 0.6535645
v -1.987305 -0.3723145 0.1174316
v -1.816162 -0.3105469 -0.1987305
v -1.987793 -0.2927246 -0.1230469
vn 0.2441406 -0.96875 -0.02148438
vn -0.1132813 -0.8671875 0.484375
vn 0.02539063 -0.984375 -0.1777344
vn -0.421875 -0.8769531 -0.2304688
vt 0.3603516 -0.05712891
vt 0.3857422 -0.06054688
vt 0.394043 -0.1020508
vt 0.3945313 -0.07373047
f 1691/1691/1691 1692/1692/1692 1693/1693/1693
f 1692/1692/1692 1694/1694/1694 1693/1693/1693
v -1.983398 0.1333008 0.08789063
v -2.209473 0.02539063 0.1005859
v -1.987305 -0.3723145 0.1174316
v -2.181152 -0.2329102 0.1325684
vn 0 0.01171875 0.9980469
vn 0.1035156 0.09960938 0.9902344
vn -0.1132813 -0.8671875 0.484375
vn -0.5488281 -0.8203125 0.1660156
vt 0.02392578 -0.6430664
vt 0.105957 -0.6674805
vt 0.02978516 -0.7578125
vt 0.1025391 -0.7265625
f 1695/1695/1695 1696/1696/1696 1697/1697/1697
f 1696/1696/1696 1698/1698/1698 1697/1697/1697
v -1.987305 -0.3723145 0.1174316
v -2.181152 -0.2329102 0.1325684
v -1.987793 -0.2927246 -0.1230469
v -2.117188 -0.203125 -0.315918
vn -0.1132813 -0.8671875 0.484375
vn -0.5488281 -0.8203125 0.1660156
vn -0.421875 -0.8769531 -0.2304688
vn -0.5605469 -0.8183594 -0.1347656
vt 0.6035156 -0.9077148
vt 0.6342773 -0.855957
vt 0.6650391 -0.9541016
vt 0.7392578 -0.9492188
f 1699/1699/1699 1700/1700/1700 1701/1701/1701
f 1700/1700/1700 1702/1702/1702 1701/1701/1701
v -0.7421875 -0.1572266 -1.229492
v -0.8283691 -0.1572266 -1.123291
v -1.209473 -0.1572266 -1.34375
v -1.398682 -0.1572266 -1.146729
vn 0.6054688 -0.5761719 -0.546875
vn 0.2617188 -0.453125 0.8515625
vn 0.1015625 -0.7402344 -0.6640625
vn 0.08789063 -0.3886719 0.9179688
vt 0.1225586 -0.07226563
vt 0.08203125 -0.07226563
vt 0.1225586 -0.184082
vt 0.08203125 -0.184082
f 1703/1703/1703 1704/1704/1704 1705/1705/1705
f 1704/1704/1704 1706/1706/1706 1705/1705/1705
v -0.8283691 0.1159668 -1.123291
v -1.019531 0.07519531 -1.19458
v -0.8283691 -0.1572266 -1.123291
v -1.398682 -0.1572266 -1.146729
vn 0.1972656 0.5859375 0.7851563
vn -0.06054688 0.7285156 0.6835938
vn 0.2617188 -0.453125 0.8515625
vn 0.08789063 -0.3886719 0.9179688
vt 0.06201172 -0.06347656
vt 0.06201172 -0.1289063
vt 0.01611328 -0.06347656
vt 0.01611328 -0.1884766
f 1707/1707/1707 1708/1708/1708 1709/1709/1709
f 1708/1708/1708 1710/1710/1710 1709/1709/1709
v 0.9846191 -0.009277344 -1.091064
v 0.9831543 0.05297852 -1.532227
v 0.8083496 0.03637695 -1.154297
v 0.5698242 0.08374023 -1.335205
vn 0.05664063 0.9863281 0.1582031
vn 0.0859375 0.9941406 0.06445313
vn 0.1621094 0.9804688 0.1171875
vn 0.0859375 0.9941406 0.06445313
vt 0.6757813 -0.2749023
vt 0.5517578 -0.3520508
vt 0.6665039 -0.331543
vt 0.6577148 -0.4370117
f 1711/1711/1711 1712/1712/1712 1713/1713/1713
f 1712/1712/1712 1714/1714/1714 1713/1713/1713
v 0.9831543 0.05297852 -1.532227
v 0.5476074 0.08618164 -1.721191
v 0.5698242 0.08374023 -1.335205
v 0.1977539 0.1142578 -1.492676
vn 0.0859375 0.9941406 0.06445313
vn 0.05273438 0.9980469 -0.0078125
vn 0.0859375 0.9941406 0.06445313
vn 0.05273438 0.9980469 -0.0078125
vt 0.5517578 -0.3520508
vt 0.5561523 -0.4975586
vt 0.6577148 -0.4370117
vt 0.6845703 -0.5532227
f 1715/1715/1715 1716/1716/1716 1717/1717/1717
f 1716/1716/1716 1718/1718/1718 1717/1717/1717
v 0.5476074 0.08618164 -1.721191
v 0.0847168 0.1142578 -1.864502
v 0.1977539 0.1142578 -1.492676
v -0.1650391 0.1174316 -1.467285
vn 0.05273438 0.9980469 -0.0078125
vn 0 0.9980469 0
vn 0.05273438 0.9980469 -0.0078125
vn 0 0.9980469 0
vt 0.5561523 -0.4975586
vt 0.5810547 -0.6499023
vt 0.6845703 -0.5532227
vt 0.7294922 -0.6611328
f 1719/1719/1719 1720/1720/1720 1721/1721/1721
f 1720/1720/1720 1722/1722/1722 1721/1721/1721
v 0.0847168 0.1142578 -1.864502
v -0.5390625 0.1159668 -1.838135
v -0.1650391 0.1174316 -1.467285
v -0.5083008 0.1176758 -1.332764
vn 0 0.9980469 0
vn 0 0.9980469 0
vn 0 0.9980469 0
vn 0 0.9980469 0
vt 0.5810547 -0.6499023
vt 0.6674805 -0.7924805
vt 0.7294922 -0.6611328
vt 0.8056641 -0.7470703
f 1723/1723/1723 1724/1724/1724 1725/1725/1725
f 1724/1724/1724 1726/1726/1726 1725/1725/1725
v -1.177246 -0.06469727 -1.325684
v -0.9887695 -0.04833984 -1.541016
v -0.9523926 -0.06469727 -1.310547
v -0.7421875 -0.06469727 -1.229492
vn 0.05273438 -0.6171875 -0.7851563
vn 0.02148438 -0.9980469 -0.0625
vn 0.1972656 -0.5859375 -0.7851563
vn 0.5410156 -0.8398438 0.0546875
vt 0.3369141 -0.2216797
vt 0.3554688 -0.1787109
vt 0.3710938 -0.2055664
vt 0.4038086 -0.184082
f 1727/1727/1727 1728/1728/1728 1729/1729/1729
f 1728/1728/1728 1730/1730/1730 1729/1729/1729
v 0.01635742 -0.04907227 -1.499023
v -0.7421875 -0.06469727 -1.229492
v -0.5390625 -0.04882813 -1.838135
v -0.9887695 -0.04833984 -1.541016
vn 0 -1 0
vn 0.5410156 -0.8398438 0.0546875
vn 0 -1 0
vn 0.02148438 -0.9980469 -0.0625
vt 0.4853516 -0.1074219
vt 0.4038086 -0.184082
vt 0.4101563 -0.1049805
vt 0.3554688 -0.1787109
f 1731/1731/1731 1732/1732/1732 1733/1733/1733
f 1732/1732/1732 1734/1734/1734 1733/1733/1733
v -0.8989258 0.3896484 -1.57373
v -0.8874512 -0.1484375 -1.406494
v -1.100342 -0.1357422 -1.730713
v -0.8815918 -0.5654297 -1.691895
vn 0.8222656 -0.1523438 -0.546875
vn 0.8320313 0.1054688 -0.5429688
vn 0.8320313 0.1054688 -0.5429688
vn 0.7871094 0.3554688 -0.5039063
vt 0.5541992 -0.09765625
vt 0.5180664 -0.1865234
vt 0.5991211 -0.1855469
vt 0.5546875 -0.2617188
f 1735/1735/1735 1736/1736/1736 1737/1737/1737
f 1736/1736/1736 1738/1738/1738 1737/1737/1737
v -0.8989258 0.3896484 -1.57373
v -1.100342 -0.1357422 -1.730713
v -0.9973145 0.3796387 -1.495605
v -1.198975 -0.145752 -1.652588
vn -0.5878906 0.4296875 -0.6855469
vn -0.6230469 0.04296875 -0.78125
vn -0.8652344 0.4160156 -0.28125
vn -0.9960938 -0.06640625 0.046875
vt 0.06494141 -0.2636719
vt 0.06494141 -0.4472656
vt 0.06494141 -0.2636719
vt 0.03125 -0.4472656
f 1739/1739/1739 1740/1740/1740 1741/1741/1741
f 1740/1740/1740 1742/1742/1742 1741/1741/1741
v -0.9973145 0.3796387 -1.495605
v -1.198975 -0.145752 -1.652588
v -0.8874512 -0.1484375 -1.406494
v -0.9799805 -0.5756836 -1.61377
vn -0.8652344 0.4160156 -0.28125
vn -0.9960938 -0.06640625 0.046875
vn -0.6152344 -0.1191406 0.7792969
vn -0.6035156 -0.2382813 0.7617188
vt 0.5541992 -0.09765625
vt 0.5991211 -0.1855469
vt 0.5180664 -0.1865234
vt 0.5546875 -0.2617188
f 1743/1743/1743 1744/1744/1744 1745/1745/1745
f 1744/1744/1744 1746/1746/1746 1745/1745/1745
v -0.8815918 -0.5654297 -1.691895
v -0.9799805 -0.5756836 -1.61377
v -1.100342 -0.1357422 -1.730713
v -1.198975 -0.145752 -1.652588
vn -0.5585938 -0.3515625 -0.75
vn -0.5585938 -0.3515625 -0.75
vn -0.6230469 0.04296875 -0.78125
vn -0.9960938 -0.06640625 0.046875
vt 0.06494141 -0.6157227
vt 0.03125 -0.6157227
vt 0.06494141 -0.4472656
vt 0.03125 -0.4472656
f 1747/1747/1747 1748/1748/1748 1749/1749/1749
f 1748/1748/1748 1750/1750/1750 1749/1749/1749
v -0.3896484 0.3806152 -1.806396
v -0.4819336 -0.1484375 -1.566895
v -0.546875 -0.1357422 -1.949219
v -0.3620605 -0.5654297 -1.825928
vn 0.9550781 -0.2441406 -0.1699219
vn 0.9921875 0.02734375 -0.1152344
vn 0.9921875 0.02734375 -0.1152344
vn 0.9238281 0.3554688 -0.1445313
vt 0.5541992 -0.09765625
vt 0.5185547 -0.1865234
vt 0.5991211 -0.1855469
vt 0.5546875 -0.2612305
f 1751/1751/1751 1752/1752/1752 1753/1753/1753
f 1752/1752/1752 1754/1754/1754 1753/1753/1753
v -0.3896484 0.3806152 -1.806396
v -0.546875 -0.1357422 -1.949219
v -0.5112305 0.3703613 -1.774414
v -0.668457 -0.145752 -1.995605
vn -0.2851563 0.3417969 -0.8945313
vn 0.05664063 0.001953125 -0.9980469
vn -0.4667969 0.421875 -0.7773438
vn -0.7285156 -0.05078125 -0.6835938
vt 0.06494141 -0.2636719
vt 0.06494141 -0.4472656
vt 0.03125 -0.2636719
vt 0.03125 -0.4472656
f 1755/1755/1755 1756/1756/1756 1757/1757/1757
f 1756/1756/1756 1758/1758/1758 1757/1757/1757
v -0.5112305 0.3703613 -1.774414
v -0.668457 -0.145752 -1.995605
v -0.4819336 -0.1484375 -1.566895
v -0.4836426 -0.5756836 -1.793945
vn -0.4667969 0.421875 -0.7773438
vn -0.7285156 -0.05078125 -0.6835938
vn -0.9160156 -0.04882813 0.3984375
vn -0.8984375 -0.203125 0.3886719
vt 0.5541992 -0.09765625
vt 0.5991211 -0.1855469
vt 0.5185547 -0.1865234
vt 0.5546875 -0.2617188
f 1759/1759/1759 1760/1760/1760 1761/1761/1761
f 1760/1760/1760 1762/1762/1762 1761/1761/1761
v -0.3620605 -0.5654297 -1.825928
v -0.4836426 -0.5756836 -1.793945
v -0.546875 -0.1357422 -1.949219
v -0.668457 -0.145752 -1.995605
vn -0.2109375 -0.3515625 -0.9121094
vn 0.078125 -0.3222656 -0.9433594
vn 0.05664063 0.001953125 -0.9980469
vn -0.7285156 -0.05078125 -0.6835938
vt 0.06494141 -0.6157227
vt 0.03125 -0.6157227
vt 0.06494141 -0.4472656
vt 0.03125 -0.4472656
f 1763/1763/1763 1764/1764/1764 1765/1765/1765
f 1764/1764/1764 1766/1766/1766 1765/1765/1765
v 1.088135 0.4260254 -1.413574
v 0.8374023 -0.05688477 -1.391846
v 1.134033 -0.05883789 -1.571045
v 1.109375 -0.5314941 -1.382813
vn 0.5039063 -0.2226563 0.8339844
vn 0.5 0.01171875 0.8652344
vn 0.5 0.01171875 0.8652344
vn 0.4960938 0.2988281 0.8164063
vt 0.5541992 -0.09765625
vt 0.5180664 -0.1865234
vt 0.5991211 -0.1855469
vt 0.5546875 -0.2617188
f 1767/1767/1767 1768/1768/1768 1769/1769/1769
f 1768/1768/1768 1770/1770/1770 1769/1769/1769
v 1.088135 0.4260254 -1.413574
v 1.134033 -0.05883789 -1.571045
v 0.9914551 0.418457 -1.50415
v 1.037598 -0.06640625 -1.661865
vn 0.6425781 0.2910156 -0.7089844
vn 0.6855469 -0.0078125 -0.7285156
vn 0.6425781 0.2910156 -0.7089844
vn 0.6855469 -0.0078125 -0.7285156
vt 0.06494141 -0.2636719
vt 0.06494141 -0.4472656
vt 0.03125 -0.2641602
vt 0.03125 -0.4472656
f 1771/1771/1771 1772/1772/1772 1773/1773/1773
f 1772/1772/1772 1774/1774/1774 1773/1773/1773
v 0.9914551 0.418457 -1.50415
v 1.037598 -0.06640625 -1.661865
v 0.8374023 -0.05688477 -1.391846
v 1.012695 -0.5390625 -1.473389
vn -0.796875 0.1171875 -0.59375
vn -0.8105469 -0.015625 -0.5859375
vn -0.8105469 -0.015625 -0.5859375
vn -0.7929688 -0.1894531 -0.5800781
vt 0.5541992 -0.09765625
vt 0.5991211 -0.1855469
vt 0.5180664 -0.1865234
vt 0.5546875 -0.2617188
f 1775/1775/1775 1776/1776/1776 1777/1777/1777
f 1776/1776/1776 1778/1778/1778 1777/1777/1777
v 1.109375 -0.5314941 -1.382813
v 1.012695 -0.5390625 -1.473389
v 1.134033 -0.05883789 -1.571045
v 1.037598 -0.06640625 -1.661865
vn 0.6640625 -0.3066406 -0.6816406
vn 0.6640625 -0.3066406 -0.6816406
vn 0.6855469 -0.0078125 -0.7285156
vn 0.6855469 -0.0078125 -0.7285156
vt 0.06494141 -0.6157227
vt 0.03125 -0.6157227
vt 0.06494141 -0.4472656
vt 0.03125 -0.4472656
f 1779/1779/1779 1780/1780/1780 1781/1781/1781
f 1780/1780/1780 1782/1782/1782 1781/1781/1781
v 0.6557617 0.3806152 -1.673828
v 0.4267578 -0.1484375 -1.558105
v 0.6350098 -0.1357422 -1.885254
v 0.6894531 -0.5654297 -1.669922
vn 0.8222656 -0.2441406 0.5136719
vn 0.8085938 0.078125 0.5839844
vn 0.8085938 0.078125 0.5839844
vn 0.7832031 0.3554688 0.5117188
vt 0.5541992 -0.09765625
vt 0.5185547 -0.1865234
vt 0.5986328 -0.1855469
vt 0.5546875 -0.2612305
f 1783/1783/1783 1784/1784/1784 1785/1785/1785
f 1784/1784/1784 1786/1786/1786 1785/1785/1785
v 0.6557617 0.3806152 -1.673828
v 0.6350098 -0.1357422 -1.885254
v 0.5441895 0.3703613 -1.731445
v 0.5231934 -0.145752 -1.943115
vn 0.4101563 0.3320313 -0.8496094
vn 0.4746094 -0.01757813 -0.8789063
vn -0.04101563 0.3769531 -0.9257813
vn -0.4355469 -0.05078125 -0.8984375
vt 0.06494141 -0.2636719
vt 0.06494141 -0.4472656
vt 0.03125 -0.2636719
vt 0.03125 -0.4472656
f 1787/1787/1787 1788/1788/1788 1789/1789/1789
f 1788/1788/1788 1790/1790/1790 1789/1789/1789
v 0.5441895 0.3703613 -1.731445
v 0.5231934 -0.145752 -1.943115
v 0.4267578 -0.1484375 -1.558105
v 0.5776367 -0.5756836 -1.727539
vn -0.04101563 0.3769531 -0.9257813
vn -0.4355469 -0.05078125 -0.8984375
vn -0.96875 -0.05078125 -0.2421875
vn -0.9414063 -0.2382813 -0.2382813
vt 0.5541992 -0.09765625
vt 0.5991211 -0.1855469
vt 0.5185547 -0.1865234
vt 0.5546875 -0.2617188
f 1791/1791/1791 1792/1792/1792 1793/1793/1793
f 1792/1792/1792 1794/1794/1794 1793/1793/1793
v 0.6894531 -0.5654297 -1.669922
v 0.5776367 -0.5756836 -1.727539
v 0.6350098 -0.1357422 -1.885254
v 0.5231934 -0.145752 -1.943115
vn 0.4667969 -0.3125 -0.8261719
vn 0.4667969 -0.3125 -0.8261719
vn 0.4746094 -0.01757813 -0.8789063
vn -0.4355469 -0.05078125 -0.8984375
vt 0.06494141 -0.6157227
vt 0.06494141 -0.6157227
vt 0.06494141 -0.4472656
vt 0.03125 -0.4472656
f 1795/1795/1795 1796/1796/1796 1797/1797/1797
f 1796/1796/1796 1798/1798/1798 1797/1797/1797
v -1.410645 -0.07519531 -1.329834
v -1.141602 -0.06445313 -1.652344
v -1.257568 -0.4914551 -1.276367
v -0.5144043 -0.456543 -1.798584
vn -0.8476563 -0.001953125 -0.53125
vn -0.6738281 0.009765625 -0.7382813
vn -0.4609375 -0.8847656 -0.06054688
vn -0.4980469 -0.5449219 -0.6757813
vt 0.07226563 -0.855957
vt 0.1079102 -0.855957
vt 0.09277344 -0.9736328
vt 0.1918945 -0.9736328
f 1799/1799/1799 1800/1800/1800 1801/1801/1801
f 1800/1800/1800 1802/1802/1802 1801/1801/1801
v -0.5180664 0.2993164 -1.796387
v -0.5944824 -0.1350098 -1.998535
v -1.141602 -0.06445313 -1.652344
v -0.5144043 -0.456543 -1.798584
vn -0.4667969 0.421875 -0.7773438
vn -0.578125 -0.0234375 -0.8164063
vn -0.578125 -0.0234375 -0.8164063
vn -0.4980469 -0.5449219 -0.6757813
vt 0.1914063 -0.7392578
vt 0.1811523 -0.855957
vt 0.1079102 -0.855957
vt 0.1918945 -0.9736328
f 1803/1803/1803 1804/1804/1804 1805/1805/1805
f 1804/1804/1804 1806/1806/1806 1805/1805/1805
v 1.26001 -0.4326172 -1.14209
v 1.365967 -0.07519531 -1.293701
v 1.417969 -0.01074219 -0.8300781
v 1.225586 0.3120117 -1.229248
vn 0.8710938 -0.3496094 -0.3457031
vn 0.9160156 0 -0.4003906
vn 0.9921875 0.02734375 -0.1152344
vn 0.8457031 0.3457031 -0.4042969
vt 0.4462891 -0.9736328
vt 0.4560547 -0.855957
vt 0.5175781 -0.855957
vt 0.4418945 -0.7392578
f 1807/1807/1807 1808/1808/1808 1809/1809/1809
f 1808/1808/1808 1810/1810/1810 1809/1809/1809
v 1.023193 0.3144531 -1.490723
v 0.7932129 -0.09887695 -1.53125
v 1.225586 0.3120117 -1.229248
v 1.417969 -0.01074219 -0.8300781
vn -0.7382813 0.3554688 0.5742188
vn -0.7226563 0 0.6914063
vn -0.7382813 0.3554688 0.5742188
vn -0.7226563 0 0.6914063
vt 0.3901367 -0.7470703
vt 0.4077148 -0.8647461
vt 0.4492188 -0.7475586
vt 0.5112305 -0.8398438
f 1811/1811/1811 1812/1812/1812 1813/1813/1813
f 1812/1812/1812 1814/1814/1814 1813/1813/1813
v 1.417969 -0.01074219 -0.8300781
v 0.7932129 -0.09887695 -1.53125
v 1.26001 -0.4326172 -1.14209
v 0.9873047 -0.4797363 -1.503906
vn -0.7226563 0 0.6914063
vn -0.7226563 0 0.6914063
vn -0.7246094 -0.2773438 0.6308594
vn -0.7324219 -0.3300781 0.5957031
vt 0.5112305 -0.8398438
vt 0.4077148 -0.8647461
vt 0.4545898 -0.9599609
vt 0.3842773 -0.9736328
f 1815/1815/1815 1816/1816/1816 1817/1817/1817
f 1816/1816/1816 1818/1818/1818 1817/1817/1817
v 0.1484375 0.3806152 -1.848633
v -0.02392578 -0.1484375 -1.658447
v 0.05322266 -0.1357422 -2.038574
v 0.1811523 -0.5654297 -1.856934
vn 0.9511719 -0.2441406 0.1855469
vn 0.9648438 0.08007813 0.2460938
vn 0.9648438 0.08007813 0.2460938
vn 0.9316406 0.3242188 0.1640625
vt 0.5541992 -0.09765625
vt 0.5180664 -0.1865234
vt 0.5996094 -0.1855469
vt 0.5541992 -0.2612305
f 1819/1819/1819 1820/1820/1820 1821/1821/1821
f 1820/1820/1820 1822/1822/1822 1821/1821/1821
v 0.0234375 0.3703613 -1.862549
v 0.05322266 -0.1357422 -2.038574
v -0.07177734 -0.145752 -2.05249
v 0.05615234 -0.5756836 -1.87085
vn -0.3925781 0.3808594 -0.8378906
vn 0.1113281 -0.01171875 -0.9941406
vn -0.7285156 -0.05078125 -0.6835938
vn 0.1328125 -0.3515625 -0.9257813
vt 0.06494141 -0.2636719
vt 0.06494141 -0.4472656
vt 0.03125 -0.4472656
vt 0.06494141 -0.6157227
f 1823/1823/1823 1824/1824/1824 1825/1825/1825
f 1824/1824/1824 1826/1826/1826 1825/1825/1825
v 0.0234375 0.3703613 -1.862549
v -0.07177734 -0.145752 -2.05249
v -0.02392578 -0.1484375 -1.658447
v 0.05615234 -0.5756836 -1.87085
vn -0.3925781 0.3808594 -0.8378906
vn -0.7285156 -0.05078125 -0.6835938
vn -0.9921875 -0.05078125 0.1191406
vn -0.9648438 -0.2382813 0.1152344
vt 0.5541992 -0.09765625
vt 0.5996094 -0.1855469
vt 0.5180664 -0.1865234
vt 0.5541992 -0.2617188
f 1827/1827/1827 1828/1828/1828 1829/1829/1829
f 1828/1828/1828 1830/1830/1830 1829/1829/1829
v -2.049072 0.04223633 -0.848877
v -2.049072 -0.1953125 -0.848877
v -1.255615 0.015625 -1.498535
v -1.255615 -0.2216797 -1.498535
vn 0.5839844 0 0.8105469
vn 0.5839844 0 0.8105469
vn 0.5839844 0 0.8105469
vn 0.5839844 0 0.8105469
vt 0.4145508 -0.6674805
vt 0.5063477 -0.6674805
vt 0.4145508 -0.6176758
vt 0.5063477 -0.6171875
f 1831/1831/1831 1832/1832/1832 1833/1833/1833
f 1832/1832/1832 1834/1834/1834 1833/1833/1833
v 1.323486 -0.2155762 -1.157471
v 1.007568 -0.2155762 -1.625977
v 1.422852 -0.09692383 -1.382568
v 1.148926 -0.09326172 -1.907959
vn 0.4101563 -0.8691406 -0.2773438
vn 0.3945313 -0.8945313 -0.2089844
vn 0.3945313 -0.8945313 -0.2089844
vn 0.3945313 -0.8945313 -0.2089844
vt 0.690918 -0.1118164
vt 0.6616211 -0.06542969
vt 0.6987305 -0.09130859
vt 0.6728516 -0.03955078
f 1835/1835/1835 1836/1836/1836 1837/1837/1837
f 1836/1836/1836 1838/1838/1838 1837/1837/1837
v -2.049072 0.04223633 -0.848877
v -1.255615 0.015625 -1.498535
v -2.200195 -0.07666016 -0.8432617
v -0.8879395 -0.09521484 -2.090088
vn -0.4941406 0.6015625 -0.6289063
vn -0.3359375 0.8339844 -0.4375
vn -0.46875 0.7480469 -0.46875
vn -0.1738281 0.9296875 -0.3222656
vt 0.5581055 -0.6870117
vt 0.4072266 -0.6875
vt 0.5708008 -0.7016602
vt 0.296875 -0.722168
f 1839/1839/1839 1840/1840/1840 1841/1841/1841
f 1840/1840/1840 1842/1842/1842 1841/1841/1841
v -1.255615 0.015625 -1.498535
v -0.6918945 0.02197266 -1.765869
v -0.8879395 -0.09521484 -2.090088
v 0.1328125 -0.09228516 -2.194824
vn -0.3359375 0.8339844 -0.4375
vn -0.08203125 0.9414063 -0.3261719
vn -0.1738281 0.9296875 -0.3222656
vn 0.0390625 0.9140625 -0.4042969
vt 0.4072266 -0.6875
vt 0.3266602 -0.6640625
vt 0.296875 -0.722168
vt 0.1777344 -0.6459961
f 1843/1843/1843 1844/1844/1844 1845/1845/1845
f 1844/1844/1844 1846/1846/1846 1845/1845/1845
v 1.191895 0.02539063 1.863037
v 1.067871 0.1333008 1.673828
v 0.9108887 0.1010742 1.805664
v 1.042969 0.01074219 1.958008
v -0.6594238 0.02539063 2.121338
v -0.6879883 0.1333008 1.860107
v -0.892334 0.1010742 1.875977
v -0.8359375 0.01074219 2.111816
v -1.296143 0.006591797 1.887695
v -1.231201 0.114502 1.637939
v -1.432129 0.08227539 1.5979
v -1.463379 -0.008056641 1.830566
v -1.814209 0.02539063 1.413818
v -1.628418 0.1335449 1.186035
v -1.800781 0.1010742 1.074951
v -1.948975 0.01074219 1.299561
v -2.117188 0.01977539 0.8110352
v -1.903564 0.1276855 0.6765137
v -2.022461 0.09545898 0.5095215
v -2.199707 0.005126953 0.6550293
v -2.077881 -0.2385254 0.8273926
v -2.218018 -0.2087402 0.4023438
v -1.998047 -0.2983398 0.4875488
v -1.904053 -0.3161621 0.7175293
v -2.209473 0.02539063 0.1005859
v -1.983398 0.1333008 0.08789063
v -2.019043 0.1010742 -0.1140137
v -2.217041 0.01074219 -0.07592773
v 1.017578 0.02539063 -1.963867
v 0.9155273 0.1333008 -1.761719
v 1.108154 0.1010742 -1.69165
v 1.174072 0.01074219 -1.88208
v 0.3222656 -0.2385254 -2.213135
v 0.760498 -0.2087402 -2.121826
v 0.5766602 -0.2983398 -1.974365
v 0.3305664 -0.3161621 -2.007813
v 2.166992 0.02539063 -0.489502
v 1.954834 0.1333008 -0.3342285
v 2.070801 0.1010742 -0.1650391
v 2.246826 0.01074219 -0.3320313
v 2.282715 0.006591797 0.1787109
v 2.03418 0.114502 0.2470703
v 2.099854 0.08227539 0.4414063
v 2.316895 -0.008056641 0.3520508
v 2.131592 0.02539063 0.8642578
v 1.841309 0.1335449 0.8173828
v 1.831299 0.1010742 1.022217
v 2.099854 0.01074219 1.038086
v 1.760986 0.01977539 1.427979
v 1.537598 0.1276855 1.310303
v 1.452393 0.09545898 1.496826
v 1.666992 0.005126953 1.577637
v 1.755615 -0.2385254 1.385742
v 1.457275 -0.2087402 1.719727
v 1.421387 -0.2983398 1.486572
v 1.573486 -0.3161621 1.290039
v -0.3173828 0.02539063 -2.278076
v -0.2128906 0.1335449 -2.003418
v -0.03051758 0.1010742 -2.096924
v -0.1508789 0.01074219 -2.337646
v -0.9865723 0.006591797 -2.066162
v -0.8029785 0.114502 -1.885254
v -0.6677246 0.08227539 -2.039307
v -0.8535156 -0.008056641 -2.182373
v 0.3562012 0.01977539 -2.239014
v 0.3659668 0.1276855 -1.986816
v 0.5700684 0.09545898 -2.006348
v 0.5327148 0.005126953 -2.232422
v -1.507324 0.02539063 -1.631836
v -1.266846 0.1333008 -1.525879
v -1.178467 0.1010742 -1.710938
v -1.410889 0.01074219 -1.779785
vn 0.2441406 0.8417969 0.4824219
vn 0.1289063 0.9453125 0.296875
vn -0.1484375 0.9609375 0.234375
vn 0.1796875 0.8339844 0.5214844
vn -0.05664063 0.8339844 0.5488281
vn -0.0625 0.9746094 0.2148438
vn -0.3300781 0.9394531 0.08984375
vn -0.1289063 0.8691406 0.4765625
vn -0.25 0.8730469 0.4199219
vn -0.1484375 0.9609375 0.234375
vn -0.3457031 0.9375 -0.0078125
vn -0.25 0.8730469 0.4199219
vn -0.3515625 0.8613281 0.3671875
vn -0.1953125 0.9707031 0.1347656
vn -0.3125 0.9355469 -0.1660156
vn -0.3984375 0.8710938 0.2851563
vn -0.4746094 0.8691406 0.1347656
vn -0.2539063 0.9648438 0.06640625
vn -0.2265625 0.9394531 -0.2597656
vn -0.4746094 0.8691406 0.1347656
vn -0.25 -0.796875 0.5507813
vn -0.4921875 -0.8613281 0.1210938
vn -0.1972656 -0.9804688 -0.001953125
vn 0.2226563 -0.8222656 0.5234375
vn -0.5097656 0.8613281 0
vn -0.2753906 0.9609375 -0.04882813
vn -0.1289063 0.9609375 -0.2441406
vn -0.4921875 0.8613281 -0.1210938
vn 0.3613281 0.8339844 -0.4179688
vn 0.1796875 0.9609375 -0.2148438
vn 0.3261719 0.9453125 0.01953125
vn 0.3515625 0.8613281 -0.3671875
vn -0.3515625 -0.796875 -0.4921875
vn 0.1308594 -0.8203125 -0.5585938
vn 0.1015625 -0.9804688 -0.1699219
vn -0.5644531 -0.8222656 -0.0703125
vn 0.4765625 0.8691406 -0.1269531
vn 0.2167969 0.9746094 -0.05273438
vn 0.2421875 0.9394531 0.2402344
vn 0.4765625 0.8691406 -0.1269531
vn 0.5097656 0.859375 0
vn 0.2753906 0.9609375 0.01171875
vn 0.1816406 0.9394531 0.2910156
vn 0.5097656 0.859375 0
vn 0.4824219 0.8535156 0.1992188
vn 0.2148438 0.9707031 0.1015625
vn 0.01171875 0.9355469 0.3535156
vn 0.3945313 0.8945313 0.2089844
vn 0.3613281 0.859375 0.3613281
vn 0.1855469 0.9648438 0.1875
vn -0.08398438 0.9414063 0.328125
vn 0.3613281 0.859375 0.3613281
vn 0.6015625 -0.796875 -0.05859375
vn 0.3515625 -0.8613281 0.3671875
vn 0.08984375 -0.9785156 0.1875
vn 0.3417969 -0.8222656 -0.4550781
vn -0.08789063 0.8847656 -0.4589844
vn -0.01953125 0.9707031 -0.2363281
vn 0.2988281 0.9355469 -0.1875
vn -0.08789063 0.8847656 -0.4589844
vn -0.2441406 0.8417969 -0.4824219
vn -0.1289063 0.9609375 -0.2441406
vn 0.1777344 0.9414063 -0.2832031
vn -0.2382813 0.8730469 -0.4277344
vn 0.1210938 0.8691406 -0.4785156
vn 0.0703125 0.9648438 -0.2539063
vn 0.3398438 0.9394531 -0.06640625
vn 0.1210938 0.8691406 -0.4785156
vn -0.359375 0.8613281 -0.359375
vn -0.1542969 0.9746094 -0.1601563
vn 0.08789063 0.9394531 -0.3300781
vn -0.359375 0.8613281 -0.359375
vt 0.4521484 -0.3623047
vt 0.3276367 -0.4018555
vt 0.3676758 -0.4941406
vt 0.4780273 -0.4433594
vt 0.4521484 -0.362793
vt 0.3276367 -0.4018555
vt 0.3676758 -0.4941406
vt 0.4780273 -0.4438477
vt 0.4521484 -0.362793
vt 0.3276367 -0.4018555
vt 0.3676758 -0.4941406
vt 0.4780273 -0.4438477
vt 0.4521484 -0.362793
vt 0.3276367 -0.4018555
vt 0.3676758 -0.4941406
vt 0.4780273 -0.4438477
vt 0.4521484 -0.362793
vt 0.3276367 -0.4018555
vt 0.3676758 -0.4941406
vt 0.4780273 -0.4438477
vt 0.6342773 -0.8564453
vt 0.7392578 -0.9492188
vt 0.6650391 -0.9541016
vt 0.6035156 -0.9077148
vt 0.4521484 -0.3623047
vt 0.3276367 -0.4018555
vt 0.3676758 -0.4941406
vt 0.4780273 -0.4433594
vt 0.4521484 -0.3623047
vt 0.3276367 -0.4018555
vt 0.3676758 -0.4941406
vt 0.4780273 -0.4433594
vt 0.6342773 -0.8564453
vt 0.7392578 -0.9492188
vt 0.6650391 -0.9541016
vt 0.6035156 -0.9077148
vt 0.4521484 -0.362793
vt 0.3276367 -0.4018555
vt 0.3676758 -0.4941406
vt 0.4780273 -0.4438477
vt 0.4521484 -0.362793
vt 0.3276367 -0.4018555
vt 0.3676758 -0.4941406
vt 0.4780273 -0.4438477
vt 0.4521484 -0.362793
vt 0.3276367 -0.4018555
vt 0.3676758 -0.4941406
vt 0.4780273 -0.4438477
vt 0.4521484 -0.362793
vt 0.3276367 -0.4018555
vt 0.3676758 -0.4941406
vt 0.4780273 -0.4438477
vt 0.6342773 -0.8564453
vt 0.7392578 -0.9492188
vt 0.6650391 -0.9541016
vt 0.6035156 -0.9077148
vt 0.4521484 -0.362793
vt 0.3276367 -0.4018555
vt 0.3676758 -0.4941406
vt 0.4780273 -0.4438477
vt 0.4521484 -0.362793
vt 0.3276367 -0.4018555
vt 0.3676758 -0.4941406
vt 0.4780273 -0.4438477
vt 0.4521484 -0.362793
vt 0.3276367 -0.4018555
vt 0.3676758 -0.4941406
vt 0.4780273 -0.4438477
vt 0.4521484 -0.362793
vt 0.3276367 -0.4018555
vt 0.3676758 -0.4941406
vt 0.4780273 -0.4438477
f 1847/1847/1847 1848/1848/1848 1849/1849/1849 1850/1850/1850
f 1851/1851/1851 1852/1852/1852 1853/1853/1853 1854/1854/1854
f 1855/1855/1855 1856/1856/1856 1857/1857/1857 1858/1858/1858
f 1859/1859/1859 1860/1860/1860 1861/1861/1861 1862/1862/1862
f 1863/1863/1863 1864/1864/1864 1865/1865/1865 1866/1866/1866
f 1867/1867/1867 1868/1868/1868 1869/1869/1869 1870/1870/1870
f 1871/1871/1871 1872/1872/1872 1873/1873/1873 1874/1874/1874
f 1875/1875/1875 1876/1876/1876 1877/1877/1877 1878/1878/1878
f 1879/1879/1879 1880/1880/1880 1881/1881/1881 1882/1882/1882
f 1883/1883/1883 1884/1884/1884 1885/1885/1885 1886/1886/1886
f 1887/1887/1887 1888/1888/1888 1889/1889/1889 1890/1890/1890
f 1891/1891/1891 1892/1892/1892 1893/1893/1893 1894/1894/1894
f 1895/1895/1895 1896/1896/1896 1897/1897/1897 1898/1898/1898
f 1899/1899/1899 1900/1900/1900 1901/1901/1901 1902/1902/1902
f 1903/1903/1903 1904/1904/1904 1905/1905/1905 1906/1906/1906
f 1907/1907/1907 1908/1908/1908 1909/1909/1909 1910/1910/1910
f 1911/1911/1911 1912/1912/1912 1913/1913/1913 1914/1914/1914
f 1915/1915/1915 1916/1916/1916 1917/1917/1917 1918/1918/1918
v 1.660645 0.114502 -0.6191406
v 1.692383 -0.1572266 -0.6379395
v 1.544189 0.07519531 -0.2856445
v 1.828857 0.1166992 -0.08569336
v 1.408447 0.1176758 0.2260742
v 1.861328 0.1159668 0.4523926
v 1.661865 -0.1484375 -0.06518555
v 1.812256 0.3896484 0.008300781
v 1.793945 0.3796387 -0.1159668
v 1.887695 -0.5756836 -0.04174805
v 1.906006 -0.5654297 0.08251953
v 1.661865 -0.1484375 -0.06518555
v 1.5979 -0.1484375 0.3659668
v 1.759033 0.3806152 0.565918
v 1.792236 0.3703613 0.4445801
v 1.79541 -0.5756836 0.4780273
v 1.762207 -0.5654297 0.5993652
v 1.5979 -0.1484375 0.3659668
v 0.7866211 -0.05688477 1.421143
v 0.6801758 0.4260254 1.64917
v 0.8068848 0.418457 1.61084
v 0.7695313 -0.5390625 1.61377
v 0.6428223 -0.5314941 1.6521
v 0.7866211 -0.05688477 1.421143
v 1.135986 -0.1484375 1.148682
v 1.121582 0.3806152 1.405029
v 1.227539 0.3703613 1.337158
v 1.207275 -0.5756836 1.364014
v 1.101563 -0.5654297 1.431885
v 1.135986 -0.1484375 1.148682
v 1.738037 -0.04956055 -0.05859375
v 1.734131 -0.4914551 -0.4509277
v 1.814941 -0.456543 0.4538574
v 1.490967 -0.1345215 0.8369141
v 1.814941 -0.456543 0.4538574
v 1.592773 -0.456543 0.9406738
v 1.236816 0.2993164 1.326416
v 0.9296875 -0.09887695 1.452393
v 0.7792969 0.3144531 1.631592
v 0.9296875 -0.09887695 1.452393
v 1.182617 -0.4772949 1.348877
v 0.8085938 -0.4797363 1.606934
v 1.526611 0.3806152 1.052979
v 1.73877 -0.1357422 1.06543
v 1.601074 0.3703613 0.9516602
v 1.448242 -0.1484375 0.8083496
v 1.526611 0.3806152 1.052979
v 1.601074 0.3703613 0.9516602
v 1.592041 -0.5756836 0.9841309
v 1.517578 -0.5654297 1.085449
v 1.448242 -0.1484375 0.8083496
v 0.4858398 -0.09692383 1.92334
v 0.3366699 0.02197266 1.77124
v 0.3408203 -0.2155762 1.724854
v 1.759521 0.04223633 -1.350098
v 1.830566 -0.07666016 -1.483887
v 1.759521 -0.1953125 -1.350098
v 1.077881 -0.09326172 1.948975
v 0.904541 -0.2155762 1.685547
v 1.834473 -0.09228516 1.212402
v 0.3366699 0.02197266 1.77124
v 0.4858398 -0.09692383 1.92334
v 0.904541 0.02197266 1.685547
v 2.046143 -0.2927246 -0.1437988
v 2.093994 -0.2810059 -0.02246094
v 2.093994 0.07714844 -0.02246094
v 2.046143 -0.2927246 -0.1437988
v 2.260742 -0.203125 -0.07910156
v 2.093994 -0.2810059 -0.02246094
v 2.302246 -0.09838867 -0.07592773
v 2.246826 0.01074219 -0.3320313
v 2.260742 0.01538086 -0.07910156
v 2.311523 -0.09912109 -0.3837891
v 2.246826 0.01074219 -0.3320313
v 2.302246 -0.09838867 -0.07592773
v 2.046143 -0.2927246 -0.1437988
v 1.999268 0.1333008 -0.1359863
v 2.03418 0.114502 0.2470703
v 1.999268 0.1333008 -0.1359863
v 1.919678 0.114502 0.119873
v 2.03418 0.114502 0.2470703
v 2.046143 -0.2927246 -0.1437988
v 2.03418 0.114502 0.2470703
v 2.046387 -0.3129883 0.2077637
v 1.954834 0.1333008 -0.3342285
v 1.864502 -0.3105469 -0.5195313
v 1.890869 0.1003418 -0.4755859
v 1.954834 0.1333008 -0.3342285
v 1.956055 -0.3105469 -0.3752441
v 1.864502 -0.3105469 -0.5195313
v 2.12793 -0.2329102 -0.5065918
v 2.166992 0.02539063 -0.489502
v 2.142578 -0.09667969 -0.6677246
v 2.142578 -0.09667969 -0.6677246
v 2.166992 0.02539063 -0.489502
v 2.224609 -0.09667969 -0.7346191
v 2.246826 0.01074219 -0.3320313
v 2.311523 -0.09912109 -0.3837891
v 2.224609 -0.09667969 -0.7346191
v 2.260742 -0.203125 -0.07910156
v 2.12793 -0.2329102 -0.5065918
v 2.224609 -0.09667969 -0.7346191
v 2.246826 0.01074219 -0.3320313
v 2.224609 -0.09667969 -0.7346191
v 2.166992 0.02539063 -0.489502
v 2.224609 -0.09667969 -0.7346191
v 2.12793 -0.2329102 -0.5065918
v 2.142578 -0.09667969 -0.6677246
v 2.070313 -0.295166 0.4553223
v 2.083252 -0.2836914 0.5849609
v 2.083252 0.05810547 0.5849609
v 2.070313 -0.295166 0.4553223
v 2.261475 -0.222168 0.5991211
v 2.083252 -0.2836914 0.5849609
v 2.300537 -0.1174316 0.6132813
v 2.316895 -0.008056641 0.3520508
v 2.261475 -0.003417969 0.5991211
v 2.393066 -0.1179199 0.3198242
v 2.316895 -0.008056641 0.3520508
v 2.300537 -0.1174316 0.6132813
v 2.070313 -0.295166 0.4553223
v 2.022949 0.114502 0.4499512
v 1.841309 0.1335449 0.8173828
v 2.022949 0.114502 0.4499512
v 1.791016 0.1218262 0.6425781
v 1.841309 0.1335449 0.8173828
v 2.070313 -0.295166 0.4553223
v 1.841309 0.1335449 0.8173828
v 1.867188 -0.3103027 0.7851563
v 1.775635 -0.3117676 0.3942871
v 2.070313 -0.295166 0.4553223
v 1.867188 -0.3103027 0.7851563
v 1.791016 0.1218262 0.6425781
v 2.03418 0.114502 0.2470703
v 1.919678 0.114502 0.119873
v 2.25 -0.251709 0.1516113
v 2.282715 0.006591797 0.1787109
v 2.307861 -0.1154785 0.0004882813
v 2.307861 -0.1154785 0.0004882813
v 2.282715 0.006591797 0.1787109
v 2.405029 -0.1154785 -0.04150391
v 2.316895 -0.008056641 0.3520508
v 2.393066 -0.1179199 0.3198242
v 2.405029 -0.1154785 -0.04150391
v 2.261475 -0.222168 0.5991211
v 2.25 -0.251709 0.1516113
v 2.405029 -0.1154785 -0.04150391
v 2.316895 -0.008056641 0.3520508
v 2.405029 -0.1154785 -0.04150391
v 2.282715 0.006591797 0.1787109
v 2.405029 -0.1154785 -0.04150391
v 2.25 -0.251709 0.1516113
v 2.307861 -0.1154785 0.0004882813
v 1.798584 -0.2927246 1.02417
v 1.763428 -0.2810059 1.149658
v 1.763428 0.07714844 1.149658
v 1.798584 -0.2927246 1.02417
v 1.95752 -0.203125 1.247559
v 1.763428 -0.2810059 1.149658
v 1.98877 -0.09838867 1.275146
v 2.099854 0.01074219 1.038086
v 1.95752 0.01538086 1.247559
v 2.182617 -0.09912109 1.035889
v 2.099854 0.01074219 1.038086
v 1.98877 -0.09838867 1.275146
v 1.798584 -0.2927246 1.02417
v 1.756592 0.1335449 1.001953
v 1.537598 0.1276855 1.310303
v 1.798584 -0.2927246 1.02417
v 1.537598 0.1276855 1.310303
v 1.573486 -0.3161621 1.290039
v 1.54126 0.1276855 1.13916
v 1.841309 0.1335449 0.8173828
v 1.791016 0.1218262 0.6425781
v 2.111084 -0.2329102 0.8269043
v 2.131592 0.02539063 0.8642578
v 2.220215 -0.09667969 0.7075195
v 2.220215 -0.09667969 0.7075195
v 2.131592 0.02539063 0.8642578
v 2.326172 -0.09667969 0.7043457
v 2.099854 0.01074219 1.038086
v 2.182617 -0.09912109 1.035889
v 2.326172 -0.09667969 0.7043457
v 1.95752 -0.203125 1.247559
v 2.111084 -0.2329102 0.8269043
v 2.326172 -0.09667969 0.7043457
v 2.099854 0.01074219 1.038086
v 2.326172 -0.09667969 0.7043457
v 2.131592 0.02539063 0.8642578
v 2.326172 -0.09667969 0.7043457
v 2.111084 -0.2329102 0.8269043
v 2.220215 -0.09667969 0.7075195
v 1.421387 -0.2983398 1.486572
v 1.342041 -0.2866211 1.590088
v 1.342041 0.0715332 1.590088
v 1.421387 -0.2983398 1.486572
v 1.457275 -0.2087402 1.719727
v 1.342041 -0.2866211 1.590088
v 1.543945 -0.1040039 1.796143
v 1.666992 0.005126953 1.577637
v 1.457275 0.009765625 1.719727
v 1.744629 -0.1047363 1.606445
v 1.666992 0.005126953 1.577637
v 1.543945 -0.1040039 1.796143
v 1.421387 -0.2983398 1.486572
v 1.390381 0.1276855 1.450439
v 1.067871 0.1333008 1.673828
v 1.390381 0.1276855 1.450439
v 1.140869 0.1252441 1.490723
v 1.067871 0.1333008 1.673828
v 1.421387 -0.2983398 1.486572
v 1.067871 0.1333008 1.673828
v 1.095215 -0.3723145 1.662354
v 1.42041 -0.3115234 1.153076
v 1.421387 -0.2983398 1.486572
v 1.095215 -0.3723145 1.662354
v 1.755615 -0.2385254 1.385742
v 1.760986 0.01977539 1.427979
v 1.901123 -0.1022949 1.315186
v 1.901123 -0.1022949 1.315186
v 1.760986 0.01977539 1.427979
v 2.000732 -0.1022949 1.351318
v 1.666992 0.005126953 1.577637
v 1.744629 -0.1047363 1.606445
v 2.000732 -0.1022949 1.351318
v 1.457275 -0.2087402 1.719727
v 1.755615 -0.2385254 1.385742
v 2.000732 -0.1022949 1.351318
v 1.666992 0.005126953 1.577637
v 2.000732 -0.1022949 1.351318
v 1.760986 0.01977539 1.427979
v 2.000732 -0.1022949 1.351318
v 1.755615 -0.2385254 1.385742
v 1.901123 -0.1022949 1.315186
v 0.887207 -0.2927246 1.782959
v 0.7333984 -0.2810059 1.820557
v 0.7333984 0.07714844 1.820557
v 0.887207 -0.2927246 1.782959
v 0.7849121 -0.203125 1.991455
v 0.7333984 -0.2810059 1.820557
v 0.7858887 -0.09838867 2.033203
v 1.042969 0.01074219 1.958008
v 0.7849121 0.01538086 1.991455
v 1.100586 -0.09912109 2.017334
v 1.042969 0.01074219 1.958008
v 0.7858887 -0.09838867 2.033203
v 0.887207 -0.2927246 1.782959
v 0.8747559 0.1333008 1.737061
v 0.767334 0.1333008 1.732178
v -2.077881 -0.2385254 0.8273926
v -2.117188 0.01977539 0.8110352
v -2.0896 -0.1022949 0.9887695
v -0.4819336 -0.1484375 -1.566895
v -0.3896484 0.3806152 -1.806396
v -0.5112305 0.3703613 -1.774414
v -0.6118164 -0.222168 -2.257813
v -0.9936523 -0.251709 -2.02417
v -1.238525 -0.1154785 -2.062012
v -0.8535156 -0.008056641 -2.182373
v -1.238525 -0.1154785 -2.062012
v -0.9865723 0.006591797 -2.066162
v -1.238525 -0.1154785 -2.062012
v -0.9936523 -0.251709 -2.02417
v -1.153564 -0.1154785 -1.998779
v -1.797607 0.1333008 -0.2028809
v -1.983398 0.1333008 0.08789063
v -1.861572 0.1252441 0.2426758
v -0.01245117 -0.2927246 -2.069824
v 0.1140137 -0.2810059 -2.101807
v 0.1140137 0.07714844 -2.101807
v -0.01245117 -0.2927246 -2.069824
v 0.1015625 -0.203125 -2.319092
v 0.1140137 -0.2810059 -2.101807
v -0.4836426 -0.5756836 -1.793945
v -0.3620605 -0.5654297 -1.825928
v -0.4819336 -0.1484375 -1.566895
v 0.1101074 -0.09838867 -2.360107
v -0.1508789 0.01074219 -2.337646
v 0.1015625 0.01538086 -2.319092
v -0.1940918 -0.09912109 -2.408203
v -0.1508789 0.01074219 -2.337646
v 0.1101074 -0.09838867 -2.360107
v -2.0896 -0.1022949 0.9887695
v -2.117188 0.01977539 0.8110352
v -2.170654 -0.1022949 1.057129
v -0.01245117 -0.2927246 -2.069824
v -0.01049805 0.1335449 -2.022217
v 0.3659668 0.1276855 -1.986816
v -2.181152 -0.2329102 0.1325684
v -2.209473 0.02539063 0.1005859
v -2.26123 -0.09667969 0.2729492
v -0.01245117 -0.2927246 -2.069824
v 0.3659668 0.1276855 -1.986816
v 0.3305664 -0.3161621 -2.007813
v -2.26123 -0.09667969 0.2729492
v -2.209473 0.02539063 0.1005859
v -2.36377 -0.09667969 0.2998047
v 0.2158203 0.1276855 -1.904297
v -0.2128906 0.1335449 -2.003418
v -0.3391113 0.1218262 -1.872559
v 0.8374023 -0.05688477 -1.391846
v 1.088135 0.4260254 -1.413574
v 0.9914551 0.418457 -1.50415
v -0.3393555 -0.2329102 -2.241699
v -0.3173828 0.02539063 -2.278076
v -0.4973145 -0.09667969 -2.276611
v -0.4973145 -0.09667969 -2.276611
v -0.3173828 0.02539063 -2.278076
v -0.5532227 -0.09667969 -2.366699
v -2.263428 -0.1047363 0.7077637
v -2.199707 0.005126953 0.6550293
v -2.327393 -0.1040039 0.4389648
v -1.786133 -0.2927246 1.045654
v -1.877197 -0.2810059 0.9523926
v -1.877197 0.07714844 0.9523926
v -0.1508789 0.01074219 -2.337646
v -0.1940918 -0.09912109 -2.408203
v -0.5532227 -0.09667969 -2.366699
v 1.012695 -0.5390625 -1.473389
v 1.109375 -0.5314941 -1.382813
v 0.8374023 -0.05688477 -1.391846
v -1.998047 -0.2983398 0.4875488
v -2.048096 -0.2866211 0.3671875
v -2.048096 0.0715332 0.3671875
v 0.1015625 -0.203125 -2.319092
v -0.3393555 -0.2329102 -2.241699
v -0.5532227 -0.09667969 -2.366699
v -0.1508789 0.01074219 -2.337646
v -0.5532227 -0.09667969 -2.366699
v -0.3173828 0.02539063 -2.278076
v -0.5532227 -0.09667969 -2.366699
v -0.3393555 -0.2329102 -2.241699
v -0.4973145 -0.09667969 -2.276611
v -2.217041 0.01074219 -0.07592773
v -2.297363 -0.09912109 -0.05541992
v -2.36377 -0.09667969 0.2998047
v -1.166504 -0.1154785 2.103516
v -1.256104 -0.251709 1.872803
v -1.154297 -0.1154785 1.998291
v 0.5766602 -0.2983398 -1.974365
v 0.760498 -0.2087402 -2.121826
v 0.7060547 -0.2866211 -1.957275
v -1.998047 -0.2983398 0.4875488
v -2.218018 -0.2087402 0.4023438
v -2.048096 -0.2866211 0.3671875
v 0.7834473 -0.1040039 -2.235107
v 0.5327148 0.005126953 -2.232422
v 0.760498 0.009765625 -2.121826
v 0.5187988 -0.1047363 -2.314209
v 0.5327148 0.005126953 -2.232422
v 0.7834473 -0.1040039 -2.235107
v 0.4267578 -0.1484375 -1.558105
v 0.6557617 0.3806152 -1.673828
v 0.5441895 0.3703613 -1.731445
v 0.5766602 -0.2983398 -1.974365
v 0.560791 0.1276855 -1.929443
v 0.9155273 0.1333008 -1.761719
v -2.019043 0.1010742 -0.1140137
v -1.983398 0.1333008 0.08789063
v -1.94165 0.1333008 -0.1108398
v 0.5766602 -0.2983398 -1.974365
v 0.9155273 0.1333008 -1.761719
v 0.8920898 -0.3723145 -1.779785
v 0.2883301 -0.3115234 -1.806641
v 0.5766602 -0.2983398 -1.974365
v 0.8920898 -0.3723145 -1.779785
v 0.3222656 -0.2385254 -2.213135
v 0.3562012 0.01977539 -2.239014
v 0.1884766 -0.1022949 -2.304199
v 0.1884766 -0.1022949 -2.304199
v 0.3562012 0.01977539 -2.239014
v 0.1699219 -0.1022949 -2.408447
v 0.5776367 -0.5756836 -1.727539
v 0.6894531 -0.5654297 -1.669922
v 0.4267578 -0.1484375 -1.558105
v -1.463379 -0.008056641 1.830566
v -1.166504 -0.1154785 2.103516
v -1.296143 0.006591797 1.887695
v 0.5327148 0.005126953 -2.232422
v 0.5187988 -0.1047363 -2.314209
v 0.1699219 -0.1022949 -2.408447
v -1.7229 -0.09667969 1.569092
v -1.814209 0.02539063 1.413818
v -1.772949 -0.09667969 1.662354
v 0.760498 -0.2087402 -2.121826
v 0.3222656 -0.2385254 -2.213135
v 0.1699219 -0.1022949 -2.408447
v 0.5327148 0.005126953 -2.232422
v 0.1699219 -0.1022949 -2.408447
v 0.3562012 0.01977539 -2.239014
v 0.1699219 -0.1022949 -2.408447
v 0.3222656 -0.2385254 -2.213135
v 0.1884766 -0.1022949 -2.304199
v -1.771729 -0.2329102 1.414795
v -1.814209 0.02539063 1.413818
v -1.7229 -0.09667969 1.569092
v 1.100586 -0.2927246 -1.659912
v 1.209961 -0.2810059 -1.54541
v 1.209961 0.07714844 -1.54541
v 1.100586 -0.2927246 -1.659912
v 1.332275 -0.203125 -1.675537
v 1.209961 -0.2810059 -1.54541
v -0.9199219 -0.04956055 -1.47583
v -1.257568 -0.4914551 -1.276367
v -0.5144043 -0.456543 -1.798584
v 1.36792 -0.09838867 -1.697266
v 1.174072 0.01074219 -1.88208
v 1.332275 0.01538086 -1.675537
v 1.196777 -0.09912109 -1.96167
v 1.174072 0.01074219 -1.88208
v 1.36792 -0.09838867 -1.697266
v -2.117188 -0.203125 -0.315918
v -2.181152 -0.2329102 0.1325684
v -2.36377 -0.09667969 0.2998047
v 1.100586 -0.2927246 -1.659912
v 1.066895 0.1333008 -1.626221
v 1.116455 0.1333008 -1.530518
v -2.217041 0.01074219 -0.07592773
v -2.36377 -0.09667969 0.2998047
v -2.209473 0.02539063 0.1005859
v -1.75708 0.1276855 0.7651367
v -1.628418 0.1335449 1.186035
v -1.452148 0.1218262 1.229736
v -0.02050781 -0.1345215 -1.709717
v -0.5144043 -0.456543 -1.798584
v 0.01831055 -0.456543 -1.849609
v 0.9758301 -0.2329102 -1.955078
v 1.017578 0.02539063 -1.963867
v 0.894043 -0.09667969 -2.094727
v 0.894043 -0.09667969 -2.094727
v 1.017578 0.02539063 -1.963867
v 0.9221191 -0.09667969 -2.197021
v 0.5302734 0.2993164 -1.734375
v 0.7932129 -0.09887695 -1.53125
v 1.023193 0.3144531 -1.490723
v -1.649414 -0.222168 1.658936
v -1.256104 -0.251709 1.872803
v -1.166504 -0.1154785 2.103516
v 1.174072 0.01074219 -1.88208
v 1.196777 -0.09912109 -1.96167
v 0.9221191 -0.09667969 -2.197021
v 0.7932129 -0.09887695 -1.53125
v 0.5766602 -0.4772949 -1.69873
v 0.9873047 -0.4797363 -1.503906
v 1.108154 0.1010742 -1.69165
v 0.9155273 0.1333008 -1.761719
v 1.066895 0.1333008 -1.626221
v 1.332275 -0.203125 -1.675537
v 0.9758301 -0.2329102 -1.955078
v 0.9221191 -0.09667969 -2.197021
v 1.174072 0.01074219 -1.88208
v 0.9221191 -0.09667969 -2.197021
v 1.017578 0.02539063 -1.963867
v 0.9221191 -0.09667969 -2.197021
v 0.9758301 -0.2329102 -1.955078
v 0.894043 -0.09667969 -2.094727
v -2.36377 -0.09667969 0.2998047
v -2.181152 -0.2329102 0.1325684
v -2.26123 -0.09667969 0.2729492
v -1.463379 -0.008056641 1.830566
v -1.473389 -0.1179199 1.912598
v -1.166504 -0.1154785 2.103516
v -0.7058105 -0.3330078 0.9382324
v -0.2043457 -0.3330078 1.168701
v -0.2043457 0.06811523 1.168701
v -1.154297 -0.1154785 1.998291
v -1.296143 0.006591797 1.887695
v -1.166504 -0.1154785 2.103516
v -1.256104 -0.251709 1.872803
v -1.296143 0.006591797 1.887695
v -1.154297 -0.1154785 1.998291
v -1.772949 -0.09667969 1.662354
v -1.771729 -0.2329102 1.414795
v -1.7229 -0.09667969 1.569092
v -2.199707 0.005126953 0.6550293
v -2.263428 -0.1047363 0.7077637
v -2.170654 -0.1022949 1.057129
v 0.2224121 0.09521484 0.8452148
v 0.2224121 0.09521484 1.444336
v 0.2224121 -0.3291016 1.444336
v -2.327393 -0.1040039 0.4389648
v -2.199707 0.005126953 0.6550293
v -2.218018 0.009765625 0.4023438
v 0.2224121 0.1296387 0.8125
v 0.2224121 0.1296387 0.4807129
v -0.0007324219 0.1296387 0.9204102
v -1.366455 0.114502 -1.128662
v -1.398682 -0.1572266 -1.146729
v -1.019531 0.07519531 -1.19458
v -0.223877 0.0546875 0.8752441
v -0.223877 0.02392578 0.4807129
v -0.0007324219 0.0546875 0.9885254
v -1.452148 0.1218262 1.229736
v -1.231201 0.114502 1.637939
v -1.063477 0.114502 1.602539
v 0.2224121 0.1296387 0.8125
v -0.0007324219 0.1296387 0.9204102
v 0.2224121 0.0546875 0.8752441
v 0.1484375 0.3806152 -1.848633
v 0.05322266 -0.1357422 -2.038574
v 0.0234375 0.3703613 -1.862549
v -1.948975 0.01074219 1.299561
v -1.772949 -0.09667969 1.662354
v -1.814209 0.02539063 1.413818
v -0.02392578 -0.1484375 -1.658447
v 0.1484375 0.3806152 -1.848633
v 0.0234375 0.3703613 -1.862549
v -1.229248 -0.3117676 1.340576
v -1.429443 -0.295166 1.565186
v -1.61377 -0.3103027 1.224365
v 0.6931152 -0.3330078 -0.9584961
v 0.1916504 -0.3330078 -1.188965
v 0.1916504 0.06811523 -1.188965
v -1.429443 -0.295166 1.565186
v -1.628418 0.1335449 1.186035
v -1.61377 -0.3103027 1.224365
v -1.401123 0.114502 1.526855
v -1.452148 0.1218262 1.229736
v -1.628418 0.1335449 1.186035
v 0.05615234 -0.5756836 -1.87085
v 0.05322266 -0.1357422 -2.038574
v 0.1811523 -0.5654297 -1.856934
v 0.05615234 -0.5756836 -1.87085
v 0.1811523 -0.5654297 -1.856934
v -0.02392578 -0.1484375 -1.658447
v -0.2294922 0.09985352 -0.8398438
v -0.2294922 0.09985352 -1.439209
v -0.2294922 -0.3244629 -1.439209
v 1.422852 -0.09692383 -1.382568
v 1.365723 0.02197266 -1.177002
v 1.323486 -0.2155762 -1.157471
v 0.2163086 0.0546875 -0.8688965
v 0.2163086 0.02392578 -0.4743652
v -0.006835938 0.0546875 -0.9799805
v -2.049072 0.04223633 -0.848877
v -2.200195 -0.07666016 -0.8432617
v -2.049072 -0.1953125 -0.848877
v -2.059326 -0.203125 1.071533
v -1.771729 -0.2329102 1.414795
v -1.772949 -0.09667969 1.662354
v -1.429443 -0.295166 1.565186
v -1.401123 0.114502 1.526855
v -1.628418 0.1335449 1.186035
v -1.473389 -0.1179199 1.912598
v -1.463379 -0.008056641 1.830566
v -1.681396 -0.1174316 1.685547
v -0.0007324219 -0.3632813 -1.368896
v -0.2910156 -0.3632813 -1.221924
v -0.3671875 -0.3632813 -1.368896
v -1.786133 -0.2927246 1.045654
v -1.903564 0.1276855 0.6765137
v -1.904053 -0.3161621 0.7175293
v -1.681396 -0.1174316 1.685547
v -1.463379 -0.008056641 1.830566
v -1.649414 -0.003417969 1.658936
v -1.429443 -0.295166 1.565186
v -1.649414 -0.222168 1.658936
v -1.54834 -0.2836914 1.511719
v 1.148926 -0.09326172 -1.907959
v 1.007568 -0.2155762 -1.625977
v 0.1328125 -0.09228516 -2.194824
v -1.429443 -0.295166 1.565186
v -1.54834 -0.2836914 1.511719
v -1.54834 0.05810547 1.511719
v -2.218018 -0.2087402 0.4023438
v -2.077881 -0.2385254 0.8273926
v -2.170654 -0.1022949 1.057129
v -2.199707 0.005126953 0.6550293
v -2.170654 -0.1022949 1.057129
v -2.117188 0.01977539 0.8110352
v -1.032715 -0.3632813 -0.4230957
v -0.8278809 -0.3632813 -0.3049316
v -1.032715 -0.3632813 0.003173828
v -0.4760742 -0.09667969 2.293945
v -0.6252441 -0.2329102 2.096191
v -0.4929199 -0.09667969 2.189453
v -0.8359375 0.01074219 2.111816
v -0.4760742 -0.09667969 2.293945
v -0.6594238 0.02539063 2.121338
v -1.061768 -0.203125 1.997314
v -0.6252441 -0.2329102 2.096191
v -0.4760742 -0.09667969 2.293945
v -0.8359375 0.01074219 2.111816
v -0.8234863 -0.09912109 2.193604
v -0.4760742 -0.09667969 2.293945
v -2.170654 -0.1022949 1.057129
v -2.077881 -0.2385254 0.8273926
v -2.0896 -0.1022949 0.9887695
v -1.786133 -0.2927246 1.045654
v -1.74585 0.1335449 1.020264
v -1.903564 0.1276855 0.6765137
v -0.4929199 -0.09667969 2.189453
v -0.6594238 0.02539063 2.121338
v -0.4760742 -0.09667969 2.293945
v 1.365723 0.02197266 -1.177002
v 1.422852 -0.09692383 -1.382568
v 1.007568 0.02197266 -1.625977
v -1.998047 -0.2983398 0.4875488
v -1.951416 0.1276855 0.4790039
v -1.983398 0.1333008 0.08789063
v 1.592041 -0.5756836 0.9841309
v 1.73877 -0.1357422 1.06543
v 1.517578 -0.5654297 1.085449
v -1.147705 -0.2927246 -1.700195
v -1.066406 -0.2810059 -1.802246
v -1.066406 0.07714844 -1.802246
v -0.6252441 -0.2329102 2.096191
v -0.6594238 0.02539063 2.121338
v -0.4929199 -0.09667969 2.189453
v -1.147705 -0.2927246 -1.700195
v -1.198975 -0.203125 -1.918213
v -1.066406 -0.2810059 -1.802246
v -0.9887695 0.1166992 -1.541016
v -0.5083008 0.1176758 -1.332764
v -0.5390625 0.1159668 -1.838135
v -1.217041 -0.09838867 -1.955811
v -1.410889 0.01074219 -1.779785
v -1.198975 0.01538086 -1.918213
v -1.488037 -0.09912109 -1.809814
v -1.410889 0.01074219 -1.779785
v -1.217041 -0.09838867 -1.955811
v -0.6809082 -0.2695313 0.5654297
v -0.8908691 -0.2695313 0.9091797
v -0.2910156 -0.2695313 1.228027
v -1.987793 -0.2927246 -0.1230469
v -1.943359 -0.2810059 -0.2751465
v -1.943359 0.07714844 -0.2751465
v -0.6879883 0.1333008 1.860107
v -0.6530762 -0.3105469 1.881592
v -0.4824219 -0.3105469 1.874512
v -0.6879883 0.1333008 1.860107
v -0.4824219 -0.3105469 1.874512
v -0.5334473 0.1003418 1.875488
v -0.8986816 -0.2927246 1.843994
v -1.231201 0.114502 1.637939
v -1.203125 -0.3129883 1.668457
v -1.147705 -0.2927246 -1.700195
v -1.117188 0.1333008 -1.66333
v -0.8029785 0.114502 -1.885254
v 0.3659668 -0.2695313 -1.368896
v 0.2897949 -0.3632813 -1.221924
v 0.3659668 -0.3632813 -1.368896
v -0.8818359 0.1333008 1.799316
v -1.063477 0.114502 1.602539
v -1.231201 0.114502 1.637939
v -0.8986816 -0.2927246 1.843994
v -0.8818359 0.1333008 1.799316
v -1.231201 0.114502 1.637939
v -1.117188 0.1333008 -1.66333
v -0.855957 0.114502 -1.722412
v -0.8029785 0.114502 -1.885254
v -1.147705 -0.2927246 -1.700195
v -0.8029785 0.114502 -1.885254
v -0.8432617 -0.3129883 -1.876221
v -0.8234863 -0.09912109 2.193604
v -0.8359375 0.01074219 2.111816
v -1.085449 -0.09838867 2.031982
v -1.085449 -0.09838867 2.031982
v -0.8359375 0.01074219 2.111816
v -1.061768 0.01538086 1.997314
v -1.948975 0.01074219 1.299561
v -1.988525 -0.09912109 1.372314
v -1.772949 -0.09667969 1.662354
v -0.8986816 -0.2927246 1.843994
v -1.061768 -0.203125 1.997314
v -1.027588 -0.2810059 1.824707
v -1.266846 0.1333008 -1.525879
v -1.38208 -0.3105469 -1.35498
v -1.357422 0.1003418 -1.399902
v -1.987793 -0.2927246 -0.1230469
v -2.117188 -0.203125 -0.315918
v -1.943359 -0.2810059 -0.2751465
v -0.8986816 -0.2927246 1.843994
v -1.027588 -0.2810059 1.824707
v -1.027588 0.07714844 1.824707
v -1.702148 0.02197266 -0.5939941
v -1.908691 -0.09692383 -0.5410156
v -1.912109 0.02197266 -0.05957031
v -1.988525 -0.09912109 1.372314
v -1.948975 0.01074219 1.299561
v -2.098877 -0.09838867 1.084717
v -2.226807 -0.09326172 -0.04101563
v -1.912109 -0.2155762 -0.05957031
v -1.967285 -0.09228516 0.9824219
v -1.266846 0.1333008 -1.525879
v -1.302979 -0.3105469 -1.506348
v -1.38208 -0.3105469 -1.35498
v -1.502686 -0.2329102 -1.5896
v -1.507324 0.02539063 -1.631836
v -1.649658 -0.09667969 -1.521484
v 0.2895508 0.04223633 2.198975
v 0.369873 -0.07666016 2.327148
v 0.2895508 -0.1953125 2.198975
v -1.908691 -0.09692383 -0.5410156
v -1.702148 0.02197266 -0.5939941
v -1.664063 -0.2155762 -0.5673828
v -1.648193 -0.5756836 0.8867188
v -1.69873 -0.5654297 0.7714844
v -1.424316 -0.1484375 0.8500977
v -1.649658 -0.09667969 -1.521484
v -1.507324 0.02539063 -1.631836
v -1.748535 -0.09667969 -1.559326
v -1.648193 -0.5756836 0.8867188
v -1.791992 -0.1357422 0.9731445
v -1.69873 -0.5654297 0.7714844
v -1.951416 0.1276855 0.4790039
v -1.861572 0.1252441 0.2426758
v -1.983398 0.1333008 0.08789063
v -2.153809 -0.09838867 -0.3361816
v -2.217041 0.01074219 -0.07592773
v -2.117188 0.01538086 -0.315918
v -1.424316 -0.1484375 0.8500977
v -1.675049 0.3806152 0.7956543
v -1.624756 0.3703613 0.9108887
v -2.098877 -0.09838867 1.084717
v -1.948975 0.01074219 1.299561
v -2.059326 0.01538086 1.071533
v 0.5270996 -0.4003906 -1.247314
v 0.007324219 0.1335449 -1.350586
v -0.512207 -0.4003906 -1.247314
v -1.675049 0.3806152 0.7956543
v -1.791992 -0.1357422 0.9731445
v -1.624756 0.3703613 0.9108887
v -1.722656 -0.09887695 0.07885742
v -1.759521 -0.4772949 0.3498535
v -1.796143 -0.4797363 -0.1032715
v -1.410889 0.01074219 -1.779785
v -1.488037 -0.09912109 -1.809814
v -1.748535 -0.09667969 -1.559326
v -2.297363 -0.09912109 -0.05541992
v -2.217041 0.01074219 -0.07592773
v -2.153809 -0.09838867 -0.3361816
v -0.8874512 -0.1484375 -1.406494
v -0.8989258 0.3896484 -1.57373
v -0.9973145 0.3796387 -1.495605
v 1.365723 -0.4003906 0.0078125
v 0.9682617 -0.4003906 -0.9528809
v 1.099854 -0.3806152 -1.086914
v -1.198975 -0.203125 -1.918213
v -1.502686 -0.2329102 -1.5896
v -1.748535 -0.09667969 -1.559326
v -1.767334 0.2993164 0.407959
v -1.722656 -0.09887695 0.07885742
v -1.802734 0.3144531 -0.1408691
v -1.410889 0.01074219 -1.779785
v -1.748535 -0.09667969 -1.559326
v -1.507324 0.02539063 -1.631836
v -1.470215 -0.1345215 0.8725586
v -1.300537 -0.456543 1.344971
v -1.61084 -0.456543 0.9089355
v -1.748535 -0.09667969 -1.559326
v -1.502686 -0.2329102 -1.5896
v -1.649658 -0.09667969 -1.521484
v -0.8183594 -0.04956055 1.534668
v -0.4765625 -0.4914551 1.727295
v -1.300537 -0.456543 1.344971
v -1.998047 -0.2983398 0.4875488
v -1.983398 0.1333008 0.08789063
v -1.987305 -0.3723145 0.1174316
v -1.784912 -0.5756836 0.3635254
v -1.790771 -0.5654297 0.237793
v -1.562744 -0.1484375 0.4094238
v -1.562744 -0.1484375 0.4094238
v -1.777588 0.3806152 0.2687988
v -1.771729 0.3703613 0.3945313
v -0.6408691 -0.295166 -2.020508
v -0.5351563 -0.2836914 -2.09668
v -0.5351563 0.05810547 -2.09668
v -0.6408691 -0.295166 -2.020508
v -0.6118164 -0.222168 -2.257813
v -0.5351563 -0.2836914 -2.09668
v -1.782471 -0.5390625 -0.1403809
v -1.752197 -0.5314941 -0.2692871
v -1.624023 -0.05688477 -0.02954102
v -0.9799805 -0.5756836 -1.61377
v -0.8815918 -0.5654297 -1.691895
v -0.8874512 -0.1484375 -1.406494
v -1.624023 -0.05688477 -0.02954102
v -1.768311 0.4260254 -0.2355957
v -1.798584 0.418457 -0.1066895
v -1.311768 -0.5756836 1.315674
v -1.400391 -0.5654297 1.226563
v -1.115967 -0.1484375 1.200928
v -1.115967 -0.1484375 1.200928
v -1.369629 0.3806152 1.240479
v -1.281006 0.3703613 1.329834
v -0.5332031 0.02172852 0.3105469
v -0.6157227 0.1750488 0.003173828
v -0.5332031 0.02172852 -0.3044434
v -0.9077148 -0.5756836 1.655762
v -1.024658 -0.5654297 1.609375
v -0.7744141 -0.1484375 1.47168
v -0.7744141 -0.1484375 1.47168
v -0.9133301 0.3896484 1.56543
v -0.7963867 0.3796387 1.611572
v -0.8400879 0.1166992 1.626709
v -0.9001465 0.1176758 1.106689
v -1.32251 0.1159668 1.385742
v -0.2941895 0.114502 1.747559
v -0.2937012 -0.1572266 1.784668
v -0.5249023 0.07519531 1.480225
v 1.441406 -0.09667969 1.897217
v 1.205322 -0.2329102 1.822754
v 1.366943 -0.09667969 1.821777
v 1.042969 0.01074219 1.958008
v 1.441406 -0.09667969 1.897217
v 1.191895 0.02539063 1.863037
v 0.7849121 -0.203125 1.991455
v 1.205322 -0.2329102 1.822754
v 1.441406 -0.09667969 1.897217
v 0.9108887 0.1010742 1.805664
v 1.067871 0.1333008 1.673828
v 0.8747559 0.1333008 1.737061
v 1.042969 0.01074219 1.958008
v 1.100586 -0.09912109 2.017334
v 1.441406 -0.09667969 1.897217
v 1.366943 -0.09667969 1.821777
v 1.191895 0.02539063 1.863037
v 1.441406 -0.09667969 1.897217
v -0.6191406 -0.1174316 -2.299072
v -0.8535156 -0.008056641 -2.182373
v -0.6118164 -0.003417969 -2.257813
v -0.9196777 -0.1179199 -2.232422
v -0.8535156 -0.008056641 -2.182373
v -0.6191406 -0.1174316 -2.299072
v -1.987793 -0.2927246 -0.1230469
v -1.94165 0.1333008 -0.1108398
v -1.883545 0.1333008 -0.2016602
v -0.6408691 -0.295166 -2.020508
v -0.6218262 0.114502 -1.976807
v -0.2128906 0.1335449 -2.003418
v -0.6218262 0.114502 -1.976807
v -0.3391113 0.1218262 -1.872559
v -0.2128906 0.1335449 -2.003418
v -0.6408691 -0.295166 -2.020508
v -0.2128906 0.1335449 -2.003418
v -0.2536621 -0.3103027 -2.009766
v 1.205322 -0.2329102 1.822754
v 1.191895 0.02539063 1.863037
v 1.366943 -0.09667969 1.821777
v -0.5461426 -0.3117676 -1.734863
v -0.6408691 -0.295166 -2.020508
v -0.2536621 -0.3103027 -2.009766
v -0.3391113 0.1218262 -1.872559
v -0.8029785 0.114502 -1.885254
v -0.855957 0.114502 -1.722412
v -0.9936523 -0.251709 -2.02417
v -0.9865723 0.006591797 -2.066162
v -1.153564 -0.1154785 -1.998779
v -1.153564 -0.1154785 -1.998779
v -0.9865723 0.006591797 -2.066162
v -1.238525 -0.1154785 -2.062012
v 0.7231445 0.1333008 1.658203
v 1.067871 0.1333008 1.673828
v 1.140869 0.1252441 1.490723
v -1.70874 -0.3115234 0.6535645
v -1.998047 -0.2983398 0.4875488
v -1.987305 -0.3723145 0.1174316
v -1.786133 -0.2927246 1.045654
v -2.059326 -0.203125 1.071533
v -1.877197 -0.2810059 0.9523926
v -0.8535156 -0.008056641 -2.182373
v -0.9196777 -0.1179199 -2.232422
v -1.238525 -0.1154785 -2.062012
v 0.5766602 -0.2983398 -1.974365
v 0.7060547 -0.2866211 -1.957275
v 0.7060547 0.0715332 -1.957275
vn -0.765625 0.6132813 -0.1953125
vn -0.8378906 -0.3886719 -0.3828125
vn -0.6015625 0.71875 -0.3476563
vn -0.04296875 0.9980469 -0.06054688
vn 0 0.9980469 0
vn 0 0.9980469 0
vn -0.9609375 0.2519531 0.1210938
vn -0.9609375 0.2519531 0.1210938
vn -0.9609375 0.2519531 0.1210938
vn -0.875 -0.453125 0.1660156
vn -0.875 -0.453125 0.1660156
vn -0.875 -0.453125 0.1660156
vn -0.8652344 0.4160156 -0.28125
vn -0.8652344 0.4160156 -0.28125
vn -0.8652344 0.4160156 -0.28125
vn -0.8691406 -0.453125 -0.1992188
vn -0.8691406 -0.453125 -0.1992188
vn -0.8691406 -0.453125 -0.1992188
vn -0.2851563 0.3417969 -0.8945313
vn -0.2851563 0.3417969 -0.8945313
vn -0.2851563 0.3417969 -0.8945313
vn -0.2890625 -0.3457031 -0.8925781
vn -0.2890625 -0.3457031 -0.8925781
vn -0.2890625 -0.3457031 -0.8925781
vn -0.4667969 0.421875 -0.7773438
vn -0.4667969 0.421875 -0.7773438
vn -0.4667969 0.421875 -0.7773438
vn -0.5117188 -0.453125 -0.7304688
vn -0.5117188 -0.453125 -0.7304688
vn -0.5117188 -0.453125 -0.7304688
vn -0.9863281 0 0.1621094
vn 0.2832031 -0.8730469 -0.3984375
vn -0.9921875 -0.05078125 0.1191406
vn -0.9414063 -0.03125 -0.3378906
vn -0.8320313 -0.4453125 -0.3300781
vn -0.8378906 -0.3886719 -0.3828125
vn -0.5683594 0.1113281 -0.8144531
vn -0.5683594 0.1113281 -0.8144531
vn -0.5683594 0.1113281 -0.8144531
vn -0.5605469 -0.1523438 -0.8144531
vn -0.5605469 -0.1523438 -0.8144531
vn -0.5605469 -0.1523438 -0.8144531
vn 0.7832031 0.3554688 0.5117188
vn 0.7832031 0 0.6210938
vn 0.921875 0.3808594 0.078125
vn -0.6953125 0.4199219 -0.5839844
vn -0.6953125 0.4199219 -0.5839844
vn -0.6953125 0.4199219 -0.5839844
vn -0.7382813 -0.453125 -0.4980469
vn -0.7382813 -0.453125 -0.4980469
vn -0.7382813 -0.453125 -0.4980469
vn -0.7949219 -0.1367188 0.5917969
vn -0.7949219 -0.1367188 0.5917969
vn -0.7949219 -0.1367188 0.5917969
vn -0.8828125 0 -0.46875
vn -0.8828125 0 -0.46875
vn -0.8828125 0 -0.46875
vn 0.2695313 -0.9121094 0.3085938
vn 0.2695313 -0.9121094 0.3085938
vn 0.3164063 -0.921875 0.2265625
vn 0.08398438 0.8242188 0.5605469
vn 0 0.859375 0.5097656
vn 0.1484375 0.90625 0.3964844
vn -0.9160156 -0.04882813 0.3984375
vn -0.9160156 -0.04882813 0.3984375
vn -0.9160156 -0.04882813 0.3984375
vn 0.4023438 -0.9121094 -0.07226563
vn 0.4023438 -0.9121094 -0.07226563
vn 0.4023438 -0.9121094 -0.07226563
vn 0.9277344 0.3730469 -0.01367188
vn 0.8789063 0.4726563 -0.07617188
vn 0.9277344 0.3730469 -0.01367188
vn 0.9960938 -0.05859375 -0.05664063
vn 0.8789063 0.4726563 -0.07617188
vn 0.9277344 0.3730469 -0.01367188
vn 0.9882813 0.1464844 -0.05078125
vn 0.9882813 0.1464844 -0.05078125
vn 0.9882813 0.1464844 -0.05078125
vn 0.1816406 0.9394531 0.2910156
vn -0.09765625 0.9941406 0.04296875
vn -0.09765625 0.9941406 0.04296875
vn 0.9980469 0 0
vn 0.9980469 0 0
vn 0.9980469 0 0
vn 0.9023438 -0.06054688 -0.4257813
vn 0.9023438 -0.06054688 -0.4257813
vn 0.9023438 -0.06054688 -0.4257813
vn 0.84375 0.05273438 -0.5351563
vn 0.84375 0.05273438 -0.5351563
vn 0.84375 0.05273438 -0.5351563
vn -0.9921875 0.109375 0.04882813
vn -0.9921875 0.109375 0.04882813
vn -0.9921875 0.109375 0.04882813
vn -0.3769531 0.7597656 -0.5273438
vn -0.3769531 0.7597656 -0.5273438
vn -0.3769531 0.7597656 -0.5273438
vn 0.8789063 0.4726563 -0.07617188
vn 0.9960938 -0.05859375 -0.05664063
vn 0.9609375 -0.1367188 -0.2382813
vn 0.4921875 -0.8613281 -0.1210938
vn 0.2832031 -0.8730469 -0.3984375
vn 0.6503906 -0.75 -0.125
vn 0.4765625 0.8691406 -0.1269531
vn 0.5898438 0.7675781 -0.25
vn 0.4765625 0.8691406 -0.1269531
vn -0.5097656 -0.6210938 -0.5957031
vn -0.5097656 -0.6210938 -0.5957031
vn -0.5097656 -0.6210938 -0.5957031
vn -0.9941406 0 0.09960938
vn -0.9941406 0 0.09960938
vn -0.9941406 0 0.09960938
vn 0.3222656 -0.9453125 0.05078125
vn 0.3222656 -0.9453125 0.05078125
vn 0.3222656 -0.9453125 0.05078125
vn 0.8632813 0.4277344 0.2714844
vn 0.8652344 0.4726563 0.1660156
vn 0.9316406 0.3242188 0.1640625
vn 0.9824219 -0.0234375 0.1816406
vn 0.8652344 0.4726563 0.1660156
vn 0.8632813 0.4277344 0.2714844
vn 0.875 0.07617188 0.4765625
vn 0.875 0.07617188 0.4765625
vn 0.875 0.07617188 0.4765625
vn 0.1816406 0.9394531 0.2910156
vn 0 0.9980469 0
vn 0.01171875 0.9941406 -0.1074219
vn 0.8476563 -0.0234375 0.5292969
vn 0.8476563 -0.0234375 0.5292969
vn 0.8476563 -0.0234375 0.5292969
vn 0.06640625 -0.9980469 -0.0078125
vn 0.06640625 -0.9980469 -0.0078125
vn 0.06640625 -0.9980469 -0.0078125
vn 0 0.9980469 0
vn 0 0.9980469 0
vn 0 0.9980469 0
vn -0.9609375 0.1464844 -0.2363281
vn -0.9609375 0.1464844 -0.2363281
vn -0.9609375 0.1464844 -0.2363281
vn -0.2109375 0.7890625 -0.5761719
vn -0.2109375 0.7890625 -0.5761719
vn -0.2109375 0.7890625 -0.5761719
vn 0.8652344 0.4726563 0.1660156
vn 0.9824219 -0.0234375 0.1816406
vn 0.9902344 -0.1367188 0.03125
vn 0.5410156 -0.8398438 0.0546875
vn 0.3554688 -0.8886719 -0.2910156
vn 0.6835938 -0.7304688 0
vn 0.5097656 0.859375 0
vn 0.6464844 0.7597656 -0.0625
vn 0.5097656 0.859375 0
vn -0.3007813 -0.6484375 -0.6992188
vn -0.3007813 -0.6484375 -0.6992188
vn -0.3007813 -0.6484375 -0.6992188
vn -0.9628906 0 -0.2714844
vn -0.9628906 0 -0.2714844
vn -0.9628906 0 -0.2714844
vn 0.2929688 -0.9414063 0.1699219
vn 0.2929688 -0.9414063 0.1699219
vn 0.2929688 -0.9414063 0.1699219
vn 0.7382813 0.4257813 0.5214844
vn 0.7441406 0.4726563 0.4707031
vn 0.7832031 0.3554688 0.5117188
vn 0.8476563 -0.0234375 0.5292969
vn 0.7441406 0.4726563 0.4707031
vn 0.7382813 0.4257813 0.5214844
vn 0.8085938 0.078125 0.5839844
vn 0.8085938 0.078125 0.5839844
vn 0.8085938 0.078125 0.5839844
vn 0.7832031 0 0.6210938
vn 0.7832031 0 0.6210938
vn 0.7832031 0 0.6210938
vn -0.04296875 0.9980469 -0.06054688
vn -0.04296875 0.9980469 -0.06054688
vn -0.04296875 0.9980469 -0.06054688
vn -0.796875 0.1171875 -0.59375
vn -0.796875 0.1171875 -0.59375
vn -0.796875 0.1171875 -0.59375
vn -0.01953125 0.7832031 -0.6210938
vn -0.01953125 0.7832031 -0.6210938
vn -0.01953125 0.7832031 -0.6210938
vn 0.7441406 0.4726563 0.4707031
vn 0.8476563 -0.0234375 0.5292969
vn 0.9101563 -0.1367188 0.3925781
vn 0.4648438 -0.8554688 0.2304688
vn 0.4921875 -0.8613281 -0.1210938
vn 0.6210938 -0.7324219 0.2792969
vn 0.3945313 0.8945313 0.2089844
vn 0.625 0.7597656 0.1777344
vn 0.4824219 0.8535156 0.1992188
vn 0 -0.6171875 -0.7871094
vn 0 -0.6171875 -0.7871094
vn 0 -0.6171875 -0.7871094
vn -0.8105469 -0.015625 -0.5859375
vn -0.8105469 -0.015625 -0.5859375
vn -0.8105469 -0.015625 -0.5859375
vn 0.2695313 -0.9121094 0.3085938
vn 0.2695313 -0.9121094 0.3085938
vn 0.2695313 -0.9121094 0.3085938
vn 0.5234375 0.6113281 0.59375
vn 0.5234375 0.6113281 0.59375
vn 0.4101563 0.703125 0.5820313
vn 0.6992188 -0.1367188 0.7011719
vn 0.5234375 0.6113281 0.59375
vn 0.5234375 0.6113281 0.59375
vn 0.5351563 0.078125 0.8417969
vn 0.5351563 0.078125 0.8417969
vn 0.5351563 0.078125 0.8417969
vn -0.140625 0.9316406 0.3378906
vn 0 0.9980469 0
vn -0.04296875 0.9980469 -0.06054688
vn 0.5 0.01171875 0.8652344
vn 0.5 0.01171875 0.8652344
vn 0.5 0.01171875 0.8652344
vn 0.2402344 -0.9707031 0.03710938
vn 0.2402344 -0.9707031 0.03710938
vn 0.2402344 -0.9707031 0.03710938
vn -0.5683594 0.1113281 -0.8144531
vn -0.5683594 0.1113281 -0.8144531
vn -0.5683594 0.1113281 -0.8144531
vn 0.2109375 0.7832031 -0.5859375
vn 0.2109375 0.7832031 -0.5859375
vn 0.2109375 0.7832031 -0.5859375
vn 0.5234375 0.6113281 0.59375
vn 0.6992188 -0.1367188 0.7011719
vn 0.6992188 -0.1367188 0.7011719
vn 0.3515625 -0.8613281 0.3671875
vn 0.6015625 -0.796875 -0.05859375
vn 0.4902344 -0.7148438 0.5
vn 0.3613281 0.859375 0.3613281
vn 0.5136719 0.7597656 0.3964844
vn 0.3613281 0.859375 0.3613281
vn 0.2597656 -0.6289063 -0.7324219
vn 0.2597656 -0.6289063 -0.7324219
vn 0.2597656 -0.6289063 -0.7324219
vn -0.2167969 -0.0390625 -0.9746094
vn -0.2167969 -0.0390625 -0.9746094
vn -0.2167969 -0.0390625 -0.9746094
vn -0.009765625 -0.9121094 0.4082031
vn -0.009765625 -0.9121094 0.4082031
vn -0.009765625 -0.9121094 0.4082031
vn 0.0859375 0.4199219 0.9042969
vn 0.1503906 0.4707031 0.8691406
vn 0.09375 0.296875 0.9511719
vn 0.171875 -0.03320313 0.984375
vn 0.1503906 0.4707031 0.8691406
vn 0.0859375 0.4199219 0.9042969
vn -0.09179688 0.1464844 0.984375
vn -0.09179688 0.1464844 0.984375
vn -0.09179688 0.1464844 0.984375
vn 0.9882813 0.1464844 -0.05078125
vn 0.9882813 0.1464844 -0.05078125
vn 0.9882813 0.1464844 -0.05078125
vn 0.1796875 0.3867188 0.9042969
vn 0.1796875 0.3867188 0.9042969
vn 0.1796875 0.3867188 0.9042969
vn -0.21875 -0.8574219 -0.4648438
vn -0.4296875 -0.8886719 -0.1621094
vn -0.3125 -0.7324219 -0.6054688
vn -0.2382813 0.8730469 -0.4277344
vn -0.3769531 0.7597656 -0.5273438
vn -0.2441406 0.8417969 -0.4824219
vn -0.4550781 -0.6484375 0.6113281
vn -0.4550781 -0.6484375 0.6113281
vn -0.4550781 -0.6484375 0.6113281
vn 0 0.9980469 0
vn 0 0.9980469 0
vn 0 0.9980469 0
vn 0.2460938 0 0.96875
vn 0.2460938 0 0.96875
vn 0.2460938 0 0.96875
vn 0 -0.9414063 -0.3378906
vn 0 -0.9414063 -0.3378906
vn 0 -0.9414063 -0.3378906
vn 0.2617188 -0.453125 0.8515625
vn 0.2617188 -0.453125 0.8515625
vn 0.2617188 -0.453125 0.8515625
vn 0.09960938 0.421875 -0.9003906
vn 0.03515625 0.4726563 -0.8808594
vn 0.0625 0.3417969 -0.9375
vn 0 0.01171875 -1
vn 0.03515625 0.4726563 -0.8808594
vn 0.09960938 0.421875 -0.9003906
vn 0.4003906 0.7832031 0.4765625
vn 0.4003906 0.7832031 0.4765625
vn 0.4003906 0.7832031 0.4765625
vn 0.09375 0.109375 -0.9902344
vn 0.09375 0.109375 -0.9902344
vn 0.09375 0.109375 -0.9902344
vn 0.9316406 0.1269531 0.3417969
vn 0.9316406 0.1269531 0.3417969
vn 0.9316406 0.1269531 0.3417969
vn 0.1796875 0.03125 -0.9824219
vn 0.1796875 0.03125 -0.9824219
vn 0.1796875 0.03125 -0.9824219
vn 0.15625 0.7832031 0.6015625
vn 0.15625 0.7832031 0.6015625
vn 0.15625 0.7832031 0.6015625
vn -0.005859375 0.9960938 0.08398438
vn -0.005859375 0.9960938 0.08398438
vn -0.005859375 0.9960938 0.08398438
vn -0.6523438 0.3671875 0.6640625
vn -0.6523438 0.3671875 0.6640625
vn -0.6523438 0.3671875 0.6640625
vn -0.09179688 0.1464844 0.984375
vn -0.09179688 0.1464844 0.984375
vn -0.09179688 0.1464844 0.984375
vn -0.5664063 0.7558594 0.328125
vn -0.5664063 0.7558594 0.328125
vn -0.5664063 0.7558594 0.328125
vn -0.9570313 -0.1367188 0.2558594
vn -0.7753906 0.6113281 0.15625
vn -0.7753906 0.6113281 0.15625
vn 0.6855469 -0.0078125 -0.7285156
vn 0.6855469 -0.0078125 -0.7285156
vn 0.6855469 -0.0078125 -0.7285156
vn 0.03515625 0.4726563 -0.8808594
vn 0 0.01171875 -1
vn -0.1152344 -0.1367188 -0.984375
vn -0.6269531 -0.3457031 0.6972656
vn -0.6269531 -0.3457031 0.6972656
vn -0.6269531 -0.3457031 0.6972656
vn 0.9160156 0 -0.4003906
vn 0.9160156 0 -0.4003906
vn 0.9160156 0 -0.4003906
vn -0.03320313 -0.8554688 -0.5175781
vn -0.3515625 -0.8613281 -0.3671875
vn -0.0703125 -0.7324219 -0.6777344
vn -0.08789063 0.8847656 -0.4589844
vn -0.1582031 0.7597656 -0.6289063
vn -0.08789063 0.8847656 -0.4589844
vn -0.6464844 -0.6484375 0.4023438
vn -0.6464844 -0.6484375 0.4023438
vn -0.6464844 -0.6484375 0.4023438
vn -0.8046875 0.4902344 -0.3339844
vn -0.9414063 -0.03125 -0.3378906
vn -0.9726563 -0.1503906 -0.1816406
vn 0.7558594 -0.6484375 0.08789063
vn 0.7558594 -0.6484375 0.08789063
vn 0.7558594 -0.6484375 0.08789063
vn 0.1328125 -0.9121094 -0.3886719
vn 0.1328125 -0.9121094 -0.3886719
vn 0.1328125 -0.9121094 -0.3886719
vn -0.4023438 -0.9121094 0.08007813
vn -0.4023438 -0.9121094 0.08007813
vn -0.4023438 -0.9121094 0.08007813
vn 0.2519531 0.6113281 -0.75
vn 0.2519531 0.6113281 -0.75
vn 0.2949219 0.7070313 -0.6425781
vn 0.2578125 -0.1367188 -0.9570313
vn 0.2519531 0.6113281 -0.75
vn 0.2519531 0.6113281 -0.75
vn -0.453125 0.3730469 0.8105469
vn -0.453125 0.3730469 0.8105469
vn -0.453125 0.3730469 0.8105469
vn 0.4238281 0.1113281 -0.8984375
vn 0.4238281 0.1113281 -0.8984375
vn 0.4238281 0.1113281 -0.8984375
vn -0.1289063 0.9609375 -0.2441406
vn -0.2753906 0.9609375 -0.04882813
vn -0.08203125 0.9414063 -0.3261719
vn 0.5253906 0.005859375 -0.8496094
vn 0.5253906 0.005859375 -0.8496094
vn 0.5253906 0.005859375 -0.8496094
vn -0.08789063 -0.9707031 -0.2265625
vn -0.08789063 -0.9707031 -0.2265625
vn -0.08789063 -0.9707031 -0.2265625
vn -0.4492188 0.1464844 0.8808594
vn -0.4492188 0.1464844 0.8808594
vn -0.4492188 0.1464844 0.8808594
vn -0.6132813 0.7832031 0.109375
vn -0.6132813 0.7832031 0.109375
vn -0.6132813 0.7832031 0.109375
vn -0.3710938 -0.4882813 0.7910156
vn -0.3710938 -0.4882813 0.7910156
vn -0.3710938 -0.4882813 0.7910156
vn -0.25 0.8730469 0.4199219
vn -0.2226563 0.7832031 0.5820313
vn -0.25 0.8730469 0.4199219
vn 0.2519531 0.6113281 -0.75
vn 0.2578125 -0.1367188 -0.9570313
vn 0.2578125 -0.1367188 -0.9570313
vn 0.5488281 0.7832031 0.2929688
vn 0.5488281 0.7832031 0.2929688
vn 0.5488281 0.7832031 0.2929688
vn 0.1308594 -0.8203125 -0.5585938
vn -0.3515625 -0.796875 -0.4921875
vn 0.2167969 -0.75 -0.625
vn 0.1210938 0.8691406 -0.4785156
vn 0.125 0.75 -0.6503906
vn 0.1210938 0.8691406 -0.4785156
vn -0.75 -0.6484375 0.1328125
vn -0.75 -0.6484375 0.1328125
vn -0.75 -0.6484375 0.1328125
vn 0.8828125 0.1054688 -0.4570313
vn 0.8828125 0.1054688 -0.4570313
vn 0.8828125 0.1054688 -0.4570313
vn -0.7226563 0 0.6914063
vn -0.7226563 0 0.6914063
vn -0.7226563 0 0.6914063
vn 0.3359375 -0.9121094 -0.2304688
vn 0.3359375 -0.9121094 -0.2304688
vn 0.3359375 -0.9121094 -0.2304688
vn 0.6347656 0.01367188 0.7734375
vn -0.4609375 -0.8847656 -0.06054688
vn 0.5761719 -0.07226563 0.8144531
vn 0.7382813 0.4199219 -0.5273438
vn 0.6777344 0.4707031 -0.5644531
vn 0.7421875 0.3417969 -0.5761719
vn 0.7617188 -0.03125 -0.6464844
vn 0.6777344 0.4707031 -0.5644531
vn 0.7382813 0.4199219 -0.5273438
vn -0.5605469 -0.8183594 -0.1347656
vn -0.5488281 -0.8203125 0.1660156
vn -0.6738281 -0.7246094 -0.1445313
vn 0.8828125 0.1054688 -0.4570313
vn 0.8828125 0.1054688 -0.4570313
vn 0.8828125 0.1054688 -0.4570313
vn -0.4921875 0.8613281 -0.1210938
vn -0.6621094 0.7480469 0
vn -0.5097656 0.8613281 0
vn 0.05273438 0.9980469 -0.0078125
vn 0.05273438 0.9980469 -0.0078125
vn 0.05273438 0.9980469 -0.0078125
vn 0.171875 -0.03320313 0.984375
vn 0.1308594 -0.4453125 0.8847656
vn 0.08789063 -0.3886719 0.9179688
vn -0.7558594 0.1015625 0.6464844
vn -0.7558594 0.1015625 0.6464844
vn -0.7558594 0.1015625 0.6464844
vn -0.5996094 0.7832031 -0.1640625
vn -0.5996094 0.7832031 -0.1640625
vn -0.5996094 0.7832031 -0.1640625
vn -0.4492188 0.1464844 0.8808594
vn -0.4492188 0.1464844 0.8808594
vn -0.4492188 0.1464844 0.8808594
vn -0.2832031 -0.8730469 0.3984375
vn 0.07421875 -0.8886719 0.453125
vn -0.3671875 -0.7324219 0.5742188
vn 0.6777344 0.4707031 -0.5644531
vn 0.7617188 -0.03125 -0.6464844
vn 0.6425781 -0.1503906 -0.7519531
vn -0.4238281 -0.1523438 0.8925781
vn -0.4238281 -0.1523438 0.8925781
vn -0.4238281 -0.1523438 0.8925781
vn 0.3261719 0.9453125 0.01953125
vn 0.1796875 0.9609375 -0.2148438
vn 0.3515625 0.9335938 0.07421875
vn 0.3964844 -0.8183594 -0.4179688
vn 0.1308594 -0.8203125 -0.5585938
vn 0.4902344 -0.7148438 -0.5
vn 0.3515625 0.8613281 -0.3671875
vn 0.3554688 0.7597656 -0.5429688
vn 0.3613281 0.8339844 -0.4179688
vn -0.734375 -0.6484375 -0.2011719
vn -0.734375 -0.6484375 -0.2011719
vn -0.734375 -0.6484375 -0.2011719
vn 0.1933594 -0.6484375 0.7363281
vn 0.1933594 -0.6484375 0.7363281
vn 0.1933594 -0.6484375 0.7363281
vn -0.5761719 0.4726563 0.6679688
vn -0.6484375 -0.0234375 0.7597656
vn -0.5234375 -0.1367188 0.8417969
vn -0.9375 -0.1953125 0.2890625
vn 0.3710938 -0.4882813 -0.7910156
vn -0.2949219 0.7070313 0.6425781
vn 0.6035156 0.7890625 0.1054688
vn 0.6035156 0.7890625 0.1054688
vn 0.6035156 0.7890625 0.1054688
vn 0.6835938 0.1464844 -0.7148438
vn 0.6835938 0.1464844 -0.7148438
vn 0.6835938 0.1464844 -0.7148438
vn 0.671875 -0.6484375 0.359375
vn 0.671875 -0.6484375 0.359375
vn 0.671875 -0.6484375 0.359375
vn -0.7753906 0.6113281 0.15625
vn -0.9570313 -0.1367188 0.2558594
vn -0.9570313 -0.1367188 0.2558594
vn 0.7480469 0.5039063 -0.4316406
vn 0.4472656 0.8945313 0
vn 0.9980469 0 0
vn -0.7753906 0.6113281 0.15625
vn -0.7753906 0.6113281 0.15625
vn -0.7089844 0.703125 0.06445313
vn 0.6015625 0.71875 0.3476563
vn 0.6640625 0.7480469 0
vn 0 0.8886719 0.4589844
vn 0.1972656 0.5859375 0.7851563
vn 0.08789063 -0.3886719 0.9179688
vn -0.06054688 0.7285156 0.6835938
vn -0.7558594 0.1015625 0.6464844
vn -0.6816406 -0.7304688 0
vn 0 -0.7519531 0.6582031
vn 0 0.9980469 0
vn 0 0.9980469 0
vn 0 0.9980469 0
vn 0.6015625 0.71875 0.3476563
vn 0 0.8886719 0.4589844
vn 0.875 0.07617188 0.4765625
vn 0.0625 0.3417969 -0.9375
vn 0.1113281 -0.01171875 -0.9941406
vn -0.3925781 0.3808594 -0.8378906
vn -0.3984375 0.8710938 0.2851563
vn -0.421875 0.796875 0.4296875
vn -0.3515625 0.8613281 0.3671875
vn -0.1328125 0.3730469 0.9179688
vn -0.1328125 0.3730469 0.9179688
vn -0.1328125 0.3730469 0.9179688
vn -0.0703125 -0.9980469 0.0078125
vn -0.0703125 -0.9980469 0.0078125
vn -0.0703125 -0.9980469 0.0078125
vn 0.9375 -0.1953125 -0.2890625
vn -0.3710938 -0.4882813 0.7910156
vn 0.2949219 0.7070313 -0.6425781
vn -0.8828125 -0.0234375 0.4707031
vn -0.8828125 -0.0234375 0.4707031
vn -0.8828125 -0.0234375 0.4707031
vn -0.3457031 0.9375 -0.0078125
vn 0 0.9980469 0
vn 0.05273438 0.9980469 -0.0078125
vn 0.1328125 -0.3515625 -0.9257813
vn 0.1113281 -0.01171875 -0.9941406
vn 0.1328125 -0.3515625 -0.9257813
vn -0.0625 -0.453125 0.8886719
vn -0.0625 -0.453125 0.8886719
vn -0.0625 -0.453125 0.8886719
vn -0.7480469 0.5039063 0.4316406
vn -0.4472656 0.8945313 0
vn -1 0 0
vn 0.9316406 -0.1367188 0.3378906
vn 0.9316406 -0.1367188 0.3378906
vn 0.9316406 -0.1367188 0.3378906
vn 0.7519531 0.1035156 -0.6503906
vn 0.6835938 -0.7304688 0
vn 0 -0.7519531 -0.6582031
vn 0 0.01171875 0.9980469
vn 0 0.01171875 0.9980469
vn 0 0.01171875 0.9980469
vn -0.4316406 -0.8554688 0.2871094
vn -0.1132813 -0.8671875 0.484375
vn -0.5527344 -0.7324219 0.3984375
vn -0.8144531 0.0625 0.5761719
vn -0.8144531 0.0625 0.5761719
vn -0.8144531 0.0625 0.5761719
vn -0.6484375 -0.0234375 0.7597656
vn -0.5761719 0.4726563 0.6679688
vn -0.6386719 0.421875 0.6445313
vn 0 -1 0
vn -0.421875 -0.8554688 -0.3007813
vn -0.7949219 -0.4472656 0.4101563
vn -0.9414063 0.03125 0.3359375
vn -0.9414063 0.03125 0.3359375
vn -0.9414063 0.03125 0.3359375
vn -0.6386719 0.421875 0.6445313
vn -0.5761719 0.4726563 0.6679688
vn -0.6523438 0.3671875 0.6640625
vn -0.2070313 -0.9453125 0.2539063
vn -0.2070313 -0.9453125 0.2539063
vn -0.2070313 -0.9453125 0.2539063
vn 0.1328125 -0.9121094 -0.3886719
vn 0.1328125 -0.9121094 -0.3886719
vn 0 -0.9414063 -0.3378906
vn 0.4101563 0 -0.9121094
vn 0.4101563 0 -0.9121094
vn 0.4101563 0 -0.9121094
vn -0.4921875 -0.8613281 0.1210938
vn -0.25 -0.796875 0.5507813
vn -0.6503906 -0.75 0.125
vn -0.4746094 0.8691406 0.1347656
vn -0.5898438 0.7695313 0.25
vn -0.4746094 0.8691406 0.1347656
vn 0.6035156 -0.7363281 -0.3066406
vn 0.75 -0.5 -0.4335938
vn 0 -1 0
vn 0.7519531 -0.6484375 -0.1210938
vn 0.7519531 -0.6484375 -0.1210938
vn 0.7519531 -0.6484375 -0.1210938
vn -0.1289063 0.8691406 0.4765625
vn -0.06054688 0.7285156 0.6835938
vn -0.05664063 0.8339844 0.5488281
vn -0.1738281 -0.8359375 0.5214844
vn 0.1835938 -0.8808594 0.4355469
vn -0.2167969 -0.75 0.625
vn -0.3339844 0.4902344 0.8046875
vn -0.4179688 -0.0234375 0.9082031
vn -0.2734375 -0.1367188 0.9511719
vn 0.4902344 -0.6484375 0.5820313
vn 0.4902344 -0.6484375 0.5820313
vn 0.4902344 -0.6484375 0.5820313
vn -0.9042969 0.109375 0.4121094
vn -0.9042969 0.109375 0.4121094
vn -0.9042969 0.109375 0.4121094
vn 0.625 0.7695313 -0.1308594
vn 0.625 0.7695313 -0.1308594
vn 0.625 0.7695313 -0.1308594
vn 0.4433594 0.8242188 -0.3535156
vn 0.4082031 0.8710938 -0.2714844
vn 0.2695313 0.90625 -0.3261719
vn -0.9921875 0.109375 0.04882813
vn -0.9921875 0.109375 0.04882813
vn -0.9921875 0.109375 0.04882813
vn 0.7363281 -0.3515625 0.578125
vn 0.7832031 0 0.6210938
vn 0.7363281 -0.3515625 0.578125
vn 0.7832031 0 0.6210938
vn 0.7832031 0 0.6210938
vn 0.7832031 0 0.6210938
vn 0.4238281 0.1113281 -0.8984375
vn 0.4238281 0.1113281 -0.8984375
vn 0.4238281 0.1113281 -0.8984375
vn -0.2636719 -0.9121094 -0.3125
vn -0.2636719 -0.9121094 -0.3125
vn -0.2636719 -0.9121094 -0.3125
vn -0.005859375 0.9960938 0.08398438
vn 0 0.9980469 0
vn 0 0.9980469 0
vn -0.4667969 0.421875 -0.7773438
vn -0.5058594 0.4726563 -0.7226563
vn -0.5195313 0.3417969 -0.7832031
vn -0.578125 -0.0234375 -0.8164063
vn -0.5058594 0.4726563 -0.7226563
vn -0.4667969 0.421875 -0.7773438
vn 0.125 0.75 -0.6503906
vn 0.2832031 0.8730469 0.3984375
vn -0.3984375 0.8710938 0.2851563
vn 0.953125 -0.0390625 0.3007813
vn 0.953125 -0.0390625 0.3007813
vn 0.953125 -0.0390625 0.3007813
vn 0 0.01171875 0.9980469
vn 0 0.01171875 0.9980469
vn 0 0.01171875 0.9980469
vn -0.1308594 0 0.9921875
vn -0.1308594 0 0.9921875
vn -0.1308594 0 0.9921875
vn -0.4785156 0.046875 0.8769531
vn -0.4785156 0.046875 0.8769531
vn -0.4785156 0.046875 0.8769531
vn -0.5683594 0.1113281 -0.8144531
vn -0.5683594 0.1113281 -0.8144531
vn -0.5683594 0.1113281 -0.8144531
vn 0.7949219 0.4472656 0.4101563
vn 0.5527344 -0.8144531 -0.171875
vn 0.625 -0.7070313 0.3320313
vn -0.3457031 0.9375 -0.0078125
vn 0.01171875 0.9941406 -0.1074219
vn 0.01171875 0.9941406 -0.1074219
vn -0.4492188 0.1464844 0.8808594
vn -0.4492188 0.1464844 0.8808594
vn -0.4492188 0.1464844 0.8808594
vn 0.140625 0.9296875 -0.3378906
vn 0.0859375 0.9941406 0.06445313
vn 0.0859375 0.9941406 0.06445313
vn -0.5 0.01171875 -0.8652344
vn -0.5 0.01171875 -0.8652344
vn -0.5 0.01171875 -0.8652344
vn -0.4179688 -0.0234375 0.9082031
vn -0.3339844 0.4902344 0.8046875
vn -0.453125 0.3730469 0.8105469
vn -0.453125 0.3730469 0.8105469
vn -0.3339844 0.4902344 0.8046875
vn -0.453125 0.3730469 0.8105469
vn -0.7480469 0.5039063 0.4316406
vn -0.8828125 -0.0234375 0.4707031
vn -0.7949219 -0.1367188 0.5917969
vn -0.1386719 -0.9121094 0.3847656
vn -0.1386719 -0.9121094 0.3847656
vn -0.1386719 -0.9121094 0.3847656
vn -0.8105469 -0.015625 -0.5859375
vn -0.8105469 -0.015625 -0.5859375
vn -0.8105469 -0.015625 -0.5859375
vn -0.3671875 -0.9121094 -0.1757813
vn -0.3671875 -0.9121094 -0.1757813
vn -0.3671875 -0.9121094 -0.1757813
vn 0.1796875 0.03125 -0.9824219
vn 0.1796875 0.03125 -0.9824219
vn 0.1796875 0.03125 -0.9824219
vn -0.4804688 0.8535156 -0.1992188
vn -0.4804688 0.8535156 -0.1992188
vn -0.4179688 0.90625 -0.0703125
vn -0.8828125 -0.0234375 0.4707031
vn -0.7480469 0.5039063 0.4316406
vn -0.8300781 0.421875 0.3652344
vn -0.4023438 -0.9121094 0.08007813
vn -0.4023438 -0.9121094 0.08007813
vn -0.3945313 -0.8945313 0.2089844
vn -0.875 0.07617188 -0.4785156
vn -0.875 0.07617188 -0.4785156
vn -0.875 0.07617188 -0.4785156
vn 0.5234375 0.1464844 0.8378906
vn 0.5234375 0.1464844 0.8378906
vn 0.5234375 0.1464844 0.8378906
vn 0.8476563 0 -0.53125
vn 0.8476563 0 -0.53125
vn 0.8476563 0 -0.53125
vn -0.171875 -0.1367188 -0.9746094
vn -0.171875 -0.1367188 -0.9746094
vn -0.171875 -0.1367188 -0.9746094
vn 0.7949219 -0.4472656 -0.4101563
vn 0.7949219 -0.4472656 -0.4101563
vn 0.7949219 -0.4472656 -0.4101563
vn -0.2226563 0.7832031 0.5820313
vn -0.2226563 0.7832031 0.5820313
vn -0.2226563 0.7832031 0.5820313
vn -0.8691406 -0.3515625 0.3496094
vn -0.9160156 -0.04882813 0.3984375
vn -0.8691406 -0.3515625 0.3496094
vn -0.2265625 0.9394531 -0.2597656
vn 0 0.9980469 0
vn 0.05273438 0.9980469 -0.0078125
vn -0.7949219 0.4472656 -0.4101563
vn -0.8046875 0.4902344 -0.3339844
vn -0.8691406 0.3417969 -0.3554688
vn 0.8613281 0.3730469 -0.34375
vn 0.8613281 0.3730469 -0.34375
vn 0.8613281 0.3730469 -0.34375
vn -0.8300781 0.421875 0.3652344
vn -0.7480469 0.5039063 0.4316406
vn -0.84375 0.3417969 0.4140625
vn -0.2597656 -0.6289063 0.7324219
vn 0 0.6210938 0.7832031
vn 0.1601563 -0.7460938 0.6464844
vn -0.84375 0.3417969 0.4140625
vn -0.9160156 -0.04882813 0.3984375
vn -0.5273438 0.3808594 0.7597656
vn 0.984375 -0.1523438 -0.078125
vn 0.984375 -0.1523438 -0.078125
vn 0.984375 -0.1523438 -0.078125
vn -0.5058594 0.4726563 -0.7226563
vn -0.578125 -0.0234375 -0.8164063
vn -0.6875 -0.1367188 -0.7128906
vn -0.9414063 -0.03125 -0.3378906
vn -0.8046875 0.4902344 -0.3339844
vn -0.7949219 0.4472656 -0.4101563
vn 0.5859375 0.2519531 0.7695313
vn 0.5859375 0.2519531 0.7695313
vn 0.5859375 0.2519531 0.7695313
vn -0.6816406 -0.7304688 0
vn -0.6601563 -0.5566406 0.5058594
vn 0.4902344 -0.7148438 -0.5
vn -0.3515625 -0.8613281 -0.3671875
vn -0.4609375 -0.8847656 -0.06054688
vn -0.4902344 -0.7148438 -0.4980469
vn 0.9882813 0.1464844 -0.05078125
vn 0.9882813 0.1464844 -0.05078125
vn 0.9882813 0.1464844 -0.05078125
vn -0.359375 0.8613281 -0.359375
vn -0.5078125 0.7597656 -0.4042969
vn -0.359375 0.8613281 -0.359375
vn 0.7617188 -0.03125 -0.6464844
vn 0.7011719 -0.4453125 -0.5566406
vn 0.75 -0.3886719 -0.5351563
vn -0.2597656 -0.6289063 0.7324219
vn -0.2597656 -0.6289063 0.7324219
vn -0.2597656 -0.6289063 0.7324219
vn 0.3535156 0 -0.9355469
vn 0.1835938 -0.8808594 0.4355469
vn 0.4257813 -0.1132813 -0.8964844
vn -1 0 0
vn -1 0 0
vn -1 0 0
vn 0.8886719 -0.453125 -0.078125
vn 0.8886719 -0.453125 -0.078125
vn 0.8886719 -0.453125 -0.078125
vn 0.9277344 0.3730469 -0.01367188
vn 0.9277344 0.3730469 -0.01367188
vn 0.9277344 0.3730469 -0.01367188
vn 0.5839844 0 0.8105469
vn 0.5839844 0 0.8105469
vn 0.5839844 0 0.8105469
vn -0.09765625 -0.9433594 -0.3183594
vn -0.09765625 -0.9433594 -0.3183594
vn -0.09765625 -0.9433594 -0.3183594
vn 0.9179688 -0.3457031 0.1953125
vn 0.9179688 -0.3457031 0.1953125
vn 0.9179688 -0.3457031 0.1953125
vn 0.5820313 -0.453125 0.6738281
vn 0.5820313 -0.453125 0.6738281
vn 0.5820313 -0.453125 0.6738281
vn 0.9003906 0.3671875 0.2324219
vn 0.9003906 0.3671875 0.2324219
vn 0.9003906 0.3671875 0.2324219
vn 0.6074219 -0.453125 -0.6523438
vn 0.6074219 -0.453125 -0.6523438
vn 0.6074219 -0.453125 -0.6523438
vn 0.6796875 0.3730469 -0.6308594
vn 0.6796875 0.3730469 -0.6308594
vn 0.6796875 0.3730469 -0.6308594
vn -0.6035156 -0.7363281 0.3066406
vn -0.7441406 0.6679688 0
vn -0.5703125 -0.7519531 -0.3300781
vn 0.2929688 -0.453125 -0.8417969
vn 0.2929688 -0.453125 -0.8417969
vn 0.2929688 -0.453125 -0.8417969
vn 0.375 0.2519531 -0.8925781
vn 0.375 0.2519531 -0.8925781
vn 0.375 0.2519531 -0.8925781
vn 0.01171875 0.9941406 -0.1074219
vn -0.005859375 0.9960938 0.08398438
vn 0 0.9980469 0
vn 0.5507813 0.6132813 -0.5644531
vn 0.75 -0.3886719 -0.5351563
vn 0.5898438 0.7675781 -0.25
vn 0.5429688 -0.6484375 -0.5351563
vn 0.5429688 -0.6484375 -0.5351563
vn 0.5429688 -0.6484375 -0.5351563
vn 0.1796875 0.8339844 0.5214844
vn 0.2929688 0.7597656 0.578125
vn 0.2441406 0.8417969 0.4824219
vn 0.1640625 -0.8183594 0.5527344
vn 0.4179688 -0.8203125 0.3925781
vn 0.2109375 -0.7246094 0.6542969
vn -0.1484375 0.9609375 0.234375
vn 0.1289063 0.9453125 0.296875
vn -0.2402344 0.9414063 0.234375
vn 0.1503906 0.4707031 0.8691406
vn 0.171875 -0.03320313 0.984375
vn 0.3300781 -0.1503906 0.9316406
vn 0.4238281 0.796875 -0.4316406
vn 0.4238281 0.796875 -0.4316406
vn 0.4238281 0.796875 -0.4316406
vn -0.2382813 0.421875 -0.875
vn -0.3339844 0.4902344 -0.8046875
vn -0.2851563 0.3417969 -0.8945313
vn -0.3339844 -0.0234375 -0.9414063
vn -0.3339844 0.4902344 -0.8046875
vn -0.2382813 0.421875 -0.875
vn -0.8378906 0.1054688 -0.5351563
vn -0.8378906 0.1054688 -0.5351563
vn -0.8378906 0.1054688 -0.5351563
vn -0.06835938 0.109375 -0.9921875
vn -0.06835938 0.109375 -0.9921875
vn -0.06835938 0.109375 -0.9921875
vn 0.140625 0.9296875 -0.3378906
vn 0 0.9980469 0
vn 0 0.9980469 0
vn 0 0.01171875 -1
vn 0 0.01171875 -1
vn 0 0.01171875 -1
vn -0.1699219 0.1269531 -0.9765625
vn -0.1699219 0.1269531 -0.9765625
vn -0.1699219 0.1269531 -0.9765625
vn 0 -1 0
vn 0 -1 0
vn 0 -1 0
vn 0 0.9980469 0
vn 0 0.9980469 0
vn 0 0.9980469 0
vn 0.2753906 0.1464844 0.9492188
vn 0.2753906 0.1464844 0.9492188
vn 0.2753906 0.1464844 0.9492188
vn -0.3710938 0.7832031 0.5
vn -0.3710938 0.7832031 0.5
vn -0.3710938 0.7832031 0.5
vn 0 0.9980469 0
vn 0 0.9980469 0
vn 0 0.9980469 0
vn -0.1523438 -0.9707031 0.1894531
vn -0.1523438 -0.9707031 0.1894531
vn -0.1523438 -0.9707031 0.1894531
vn -0.2929688 -0.9414063 0.1679688
vn -0.2929688 -0.9414063 0.1679688
vn -0.2929688 -0.9414063 0.1679688
vn -0.3339844 0.4902344 -0.8046875
vn -0.3339844 -0.0234375 -0.9414063
vn -0.4667969 -0.1367188 -0.8730469
vn -0.1308594 0 0.9921875
vn -0.1308594 0 0.9921875
vn -0.1308594 0 0.9921875
vt 0.06201172 -0.2475586
vt 0.01611328 -0.1884766
vt 0.06201172 -0.1289063
vt 0.7983398 -0.9194336
vt 0.8056641 -0.7470703
vt 0.6674805 -0.7924805
vt 0.1098633 -0.4438477
vt 0.1220703 -0.2626953
vt 0.08984375 -0.2626953
vt 0.09863281 -0.6147461
vt 0.1303711 -0.6147461
vt 0.1098633 -0.4438477
vt 0.1098633 -0.4438477
vt 0.1220703 -0.2626953
vt 0.08984375 -0.2626953
vt 0.09863281 -0.6147461
vt 0.1303711 -0.6147461
vt 0.1098633 -0.4438477
vt 0.1098633 -0.4438477
vt 0.1220703 -0.2626953
vt 0.08984375 -0.2626953
vt 0.09863281 -0.6147461
vt 0.1303711 -0.6147461
vt 0.1098633 -0.4438477
vt 0.1098633 -0.4438477
vt 0.1220703 -0.2626953
vt 0.08984375 -0.2626953
vt 0.09863281 -0.6147461
vt 0.1303711 -0.6147461
vt 0.1098633 -0.4438477
vt 0.1040039 -0.8505859
vt 0.08789063 -0.9765625
vt 0.1860352 -0.9667969
vt 0.2573242 -0.875
vt 0.1860352 -0.9667969
vt 0.2636719 -0.9667969
vt 0.3364258 -0.7509766
vt 0.4077148 -0.8647461
vt 0.3901367 -0.7470703
vt 0.4077148 -0.8647461
vt 0.3442383 -0.9726563
vt 0.3842773 -0.9736328
vt 0.06494141 -0.2636719
vt 0.03125 -0.4472656
vt 0.03125 -0.2641602
vt 0.1098633 -0.4438477
vt 0.1220703 -0.2631836
vt 0.09326172 -0.2626953
vt 0.09863281 -0.6152344
vt 0.1303711 -0.6152344
vt 0.1098633 -0.4438477
vt 0.6987305 -0.09130859
vt 0.6943359 -0.1098633
vt 0.690918 -0.1118164
vt 0.4262695 -0.2182617
vt 0.5151367 -0.2182617
vt 0.4770508 -0.1381836
vt 0.6728516 -0.03955078
vt 0.6616211 -0.06542969
vt 0.5893555 -0.0078125
vt 0.2495117 -0.3901367
vt 0.2167969 -0.409668
vt 0.2075195 -0.4863281
vt 0.01416016 -0.1484375
vt 0.02734375 -0.1459961
vt 0.02734375 -0.07617188
vt 0.6650391 -0.9541016
vt 0.737793 -0.9492188
vt 0.6972656 -0.9790039
vt 0.4975586 -0.5664063
vt 0.4780273 -0.4438477
vt 0.46875 -0.5708008
vt 0.5151367 -0.4262695
vt 0.4780273 -0.4428711
vt 0.4980469 -0.565918
vt 0.01416016 -0.1484375
vt 0.01953125 -0.06542969
vt 0.07226563 -0.06884766
vt 0.2841797 -0.2368164
vt 0.2617188 -0.3417969
vt 0.3276367 -0.4018555
vt 0.01416016 -0.1484375
vt 0.07226563 -0.06884766
vt 0.06542969 -0.1523438
vt 0.5288086 -0.7124023
vt 0.4931641 -0.777832
vt 0.5024414 -0.7172852
vt 0.5288086 -0.7124023
vt 0.5244141 -0.777832
vt 0.4931641 -0.777832
vt 0.05712891 -0.7265625
vt 0.07177734 -0.6674805
vt 0.09326172 -0.6953125
vt 0.4555664 -0.277832
vt 0.4521484 -0.362793
vt 0.5039063 -0.2519531
vt 0.4780273 -0.4438477
vt 0.5146484 -0.4262695
vt 0.5039063 -0.2519531
vt 0.737793 -0.9492188
vt 0.6352539 -0.8569336
vt 0.6298828 -0.7836914
vt 0.4780273 -0.4438477
vt 0.5039063 -0.2519531
vt 0.4521484 -0.362793
vt 0.6298828 -0.7836914
vt 0.6352539 -0.8569336
vt 0.6103516 -0.8198242
vt 0.01074219 -0.1474609
vt 0.02832031 -0.1455078
vt 0.02832031 -0.07861328
vt 0.6650391 -0.9541016
vt 0.737793 -0.9492188
vt 0.6972656 -0.9790039
vt 0.4975586 -0.5664063
vt 0.4780273 -0.4438477
vt 0.46875 -0.5708008
vt 0.5151367 -0.4262695
vt 0.4780273 -0.4428711
vt 0.4980469 -0.5654297
vt 0.01074219 -0.1474609
vt 0.01416016 -0.06787109
vt 0.08398438 -0.06396484
vt 0.284668 -0.2368164
vt 0.2617188 -0.3417969
vt 0.3276367 -0.4018555
vt 0.01074219 -0.1474609
vt 0.08398438 -0.06396484
vt 0.07714844 -0.1508789
vt 0.3256836 -0.06884766
vt 0.3217773 -0.04492188
vt 0.3378906 -0.03564453
vt 0.2563477 -0.6000977
vt 0.3276367 -0.4018555
vt 0.2617188 -0.3417969
vt 0.07128906 -0.7304688
vt 0.08544922 -0.671875
vt 0.06054688 -0.699707
vt 0.4555664 -0.2783203
vt 0.4521484 -0.362793
vt 0.5039063 -0.2519531
vt 0.4780273 -0.4438477
vt 0.5146484 -0.4262695
vt 0.5039063 -0.2519531
vt 0.737793 -0.9492188
vt 0.6347656 -0.8564453
vt 0.6298828 -0.7836914
vt 0.4780273 -0.4438477
vt 0.5039063 -0.2519531
vt 0.4521484 -0.362793
vt 0.6298828 -0.7836914
vt 0.6347656 -0.8564453
vt 0.6103516 -0.8198242
vt 0.009277344 -0.1508789
vt 0.03076172 -0.1484375
vt 0.03076172 -0.07861328
vt 0.6650391 -0.9541016
vt 0.7392578 -0.9492188
vt 0.6967773 -0.9794922
vt 0.4975586 -0.565918
vt 0.4780273 -0.4438477
vt 0.46875 -0.5703125
vt 0.5151367 -0.4262695
vt 0.4780273 -0.4428711
vt 0.4980469 -0.5654297
vt 0.009277344 -0.1508789
vt 0.009765625 -0.06738281
vt 0.07470703 -0.06884766
vt 0.009277344 -0.1508789
vt 0.07470703 -0.06884766
vt 0.06884766 -0.1552734
vt 0.2563477 -0.5996094
vt 0.3276367 -0.4018555
vt 0.2617188 -0.3417969
vt 0.09033203 -0.7265625
vt 0.1030273 -0.6674805
vt 0.1005859 -0.6953125
vt 0.4555664 -0.2783203
vt 0.4521484 -0.362793
vt 0.5043945 -0.2519531
vt 0.4780273 -0.4438477
vt 0.5151367 -0.4262695
vt 0.5043945 -0.2519531
vt 0.7392578 -0.9492188
vt 0.6342773 -0.855957
vt 0.6298828 -0.7836914
vt 0.4780273 -0.4438477
vt 0.5043945 -0.2519531
vt 0.4521484 -0.362793
vt 0.6298828 -0.7836914
vt 0.6342773 -0.855957
vt 0.6098633 -0.8198242
vt 0.01806641 -0.1469727
vt 0.05859375 -0.1450195
vt 0.05859375 -0.07470703
vt 0.6650391 -0.9541016
vt 0.7392578 -0.9492188
vt 0.6967773 -0.9794922
vt 0.4975586 -0.565918
vt 0.4780273 -0.4438477
vt 0.46875 -0.5703125
vt 0.5151367 -0.4262695
vt 0.4780273 -0.4428711
vt 0.4980469 -0.5654297
vt 0.01806641 -0.1469727
vt 0.01123047 -0.06396484
vt 0.07324219 -0.06298828
vt 0.284668 -0.2368164
vt 0.2617188 -0.3422852
vt 0.3276367 -0.4018555
vt 0.01806641 -0.1469727
vt 0.07324219 -0.06298828
vt 0.06933594 -0.1616211
vt 0.3603516 -0.05712891
vt 0.3720703 -0.03613281
vt 0.3857422 -0.06054688
vt 0.1040039 -0.7275391
vt 0.1132813 -0.6689453
vt 0.1333008 -0.6967773
vt 0.4555664 -0.2783203
vt 0.4521484 -0.362793
vt 0.5043945 -0.2519531
vt 0.4780273 -0.4438477
vt 0.5151367 -0.4262695
vt 0.5043945 -0.2519531
vt 0.7392578 -0.9492188
vt 0.6342773 -0.8564453
vt 0.6298828 -0.7836914
vt 0.4780273 -0.4438477
vt 0.5043945 -0.2519531
vt 0.4521484 -0.362793
vt 0.6298828 -0.7836914
vt 0.6342773 -0.8564453
vt 0.6098633 -0.8198242
vt 0.5844727 -0.7753906
vt 0.6054688 -0.7749023
vt 0.6054688 -0.7216797
vt 0.6650391 -0.9541016
vt 0.7392578 -0.9492188
vt 0.6967773 -0.9794922
vt 0.4975586 -0.565918
vt 0.4780273 -0.4433594
vt 0.46875 -0.5703125
vt 0.5146484 -0.4257813
vt 0.4780273 -0.4428711
vt 0.4980469 -0.5654297
vt 0.5844727 -0.7753906
vt 0.5776367 -0.7124023
vt 0.5473633 -0.7124023
vt 0.1040039 -0.7275391
vt 0.1132813 -0.6689453
vt 0.1333008 -0.6967773
vt 0.1098633 -0.4438477
vt 0.1220703 -0.2626953
vt 0.08984375 -0.2626953
vt 0.737793 -0.9492188
vt 0.6347656 -0.8564453
vt 0.6298828 -0.7836914
vt 0.4780273 -0.4438477
vt 0.5039063 -0.2519531
vt 0.4521484 -0.362793
vt 0.6298828 -0.7836914
vt 0.6347656 -0.8564453
vt 0.6103516 -0.8198242
vt 0.2563477 -0.5996094
vt 0.3276367 -0.4018555
vt 0.2617188 -0.3422852
vt 0.009277344 -0.1508789
vt 0.03076172 -0.1484375
vt 0.03076172 -0.07861328
vt 0.6650391 -0.9541016
vt 0.7392578 -0.9492188
vt 0.6967773 -0.9794922
vt 0.09863281 -0.6147461
vt 0.1303711 -0.6147461
vt 0.1098633 -0.4438477
vt 0.4975586 -0.565918
vt 0.4780273 -0.4438477
vt 0.46875 -0.5703125
vt 0.5151367 -0.4262695
vt 0.4780273 -0.4428711
vt 0.4980469 -0.5654297
vt 0.4555664 -0.2783203
vt 0.4521484 -0.362793
vt 0.5043945 -0.2519531
vt 0.009277344 -0.1508789
vt 0.009765625 -0.06738281
vt 0.07470703 -0.06884766
vt 0.1025391 -0.7265625
vt 0.105957 -0.6674805
vt 0.1489258 -0.6953125
vt 0.009277344 -0.1508789
vt 0.07470703 -0.06884766
vt 0.06884766 -0.1552734
vt 0.4555664 -0.277832
vt 0.4521484 -0.3623047
vt 0.5039063 -0.2519531
vt 0.2563477 -0.5996094
vt 0.3276367 -0.4018555
vt 0.2617188 -0.3417969
vt 0.1098633 -0.4438477
vt 0.1220703 -0.2626953
vt 0.08984375 -0.2626953
vt 0.09033203 -0.7265625
vt 0.1030273 -0.6674805
vt 0.1005859 -0.6953125
vt 0.4555664 -0.2783203
vt 0.4521484 -0.362793
vt 0.5043945 -0.2519531
vt 0.5151367 -0.4262695
vt 0.4780273 -0.4428711
vt 0.4980469 -0.5654297
vt 0.009277344 -0.1508789
vt 0.03076172 -0.1484375
vt 0.03076172 -0.07861328
vt 0.4780273 -0.4438477
vt 0.5151367 -0.4262695
vt 0.5043945 -0.2519531
vt 0.09863281 -0.6147461
vt 0.1303711 -0.6147461
vt 0.1098633 -0.4438477
vt 0.01806641 -0.1469727
vt 0.05859375 -0.1450195
vt 0.05859375 -0.07470703
vt 0.7392578 -0.9492188
vt 0.6342773 -0.855957
vt 0.6298828 -0.7836914
vt 0.4780273 -0.4438477
vt 0.5043945 -0.2519531
vt 0.4521484 -0.362793
vt 0.6298828 -0.7836914
vt 0.6342773 -0.855957
vt 0.6098633 -0.8198242
vt 0.4780273 -0.4433594
vt 0.5146484 -0.4257813
vt 0.5039063 -0.2519531
vt 0.6298828 -0.7836914
vt 0.6347656 -0.8564453
vt 0.6103516 -0.8198242
vt 0.6650391 -0.9541016
vt 0.7392578 -0.9492188
vt 0.6967773 -0.9794922
vt 0.6650391 -0.9541016
vt 0.7392578 -0.9492188
vt 0.6967773 -0.9794922
vt 0.4975586 -0.565918
vt 0.4780273 -0.4438477
vt 0.46875 -0.5703125
vt 0.5151367 -0.4262695
vt 0.4780273 -0.4428711
vt 0.4980469 -0.5654297
vt 0.1098633 -0.4438477
vt 0.1220703 -0.2626953
vt 0.08984375 -0.2626953
vt 0.01806641 -0.1469727
vt 0.01123047 -0.06396484
vt 0.07324219 -0.06298828
vt 0.3676758 -0.4941406
vt 0.3276367 -0.4018555
vt 0.3271484 -0.4985352
vt 0.01806641 -0.1469727
vt 0.07324219 -0.06298828
vt 0.06933594 -0.1616211
vt 0.3603516 -0.05712891
vt 0.3720703 -0.03613281
vt 0.3857422 -0.06054688
vt 0.1040039 -0.7275391
vt 0.1132813 -0.6689453
vt 0.1333008 -0.6967773
vt 0.4555664 -0.2783203
vt 0.4521484 -0.362793
vt 0.5043945 -0.2519531
vt 0.09863281 -0.6147461
vt 0.1303711 -0.6147461
vt 0.1098633 -0.4438477
vt 0.4780273 -0.4438477
vt 0.5039063 -0.2519531
vt 0.4521484 -0.362793
vt 0.4780273 -0.4438477
vt 0.5151367 -0.4262695
vt 0.5043945 -0.2519531
vt 0.4555664 -0.2783203
vt 0.4521484 -0.362793
vt 0.5043945 -0.2519531
vt 0.7392578 -0.9492188
vt 0.6342773 -0.8564453
vt 0.6298828 -0.7836914
vt 0.4780273 -0.4438477
vt 0.5043945 -0.2519531
vt 0.4521484 -0.362793
vt 0.6298828 -0.7836914
vt 0.6342773 -0.8564453
vt 0.6098633 -0.8198242
vt 0.09033203 -0.7265625
vt 0.1030273 -0.6674805
vt 0.1005859 -0.6953125
vt 0.5844727 -0.7753906
vt 0.6054688 -0.7749023
vt 0.6054688 -0.7216797
vt 0.6650391 -0.9541016
vt 0.7392578 -0.9492188
vt 0.6967773 -0.9794922
vt 0.1040039 -0.8505859
vt 0.08789063 -0.9765625
vt 0.1860352 -0.9667969
vt 0.4975586 -0.565918
vt 0.4780273 -0.4433594
vt 0.46875 -0.5703125
vt 0.5146484 -0.4257813
vt 0.4780273 -0.4428711
vt 0.4980469 -0.5654297
vt 0.7392578 -0.9492188
vt 0.6342773 -0.855957
vt 0.6298828 -0.7836914
vt 0.5844727 -0.7753906
vt 0.5776367 -0.7124023
vt 0.5473633 -0.7124023
vt 0.4780273 -0.4433594
vt 0.5039063 -0.2519531
vt 0.4521484 -0.3623047
vt 0.2563477 -0.5996094
vt 0.3276367 -0.4018555
vt 0.2617188 -0.3417969
vt 0.2573242 -0.875
vt 0.1860352 -0.9667969
vt 0.2636719 -0.9667969
vt 0.1025391 -0.7265625
vt 0.105957 -0.6674805
vt 0.1489258 -0.6953125
vt 0.4555664 -0.277832
vt 0.4521484 -0.3623047
vt 0.5039063 -0.2519531
vt 0.3364258 -0.7509766
vt 0.4077148 -0.8647461
vt 0.3901367 -0.7470703
vt 0.737793 -0.9492188
vt 0.6347656 -0.8564453
vt 0.6298828 -0.7836914
vt 0.4780273 -0.4433594
vt 0.5146484 -0.4257813
vt 0.5039063 -0.2519531
vt 0.4077148 -0.8647461
vt 0.3442383 -0.9726563
vt 0.3842773 -0.9736328
vt 0.3676758 -0.4941406
vt 0.3276367 -0.4018555
vt 0.3271484 -0.4985352
vt 0.7392578 -0.9492188
vt 0.6342773 -0.855957
vt 0.6298828 -0.7836914
vt 0.4780273 -0.4433594
vt 0.5039063 -0.2519531
vt 0.4521484 -0.3623047
vt 0.6298828 -0.7836914
vt 0.6342773 -0.855957
vt 0.6298828 -0.7836914
vt 0.6298828 -0.7836914
vt 0.6342773 -0.855957
vt 0.6298828 -0.7836914
vt 0.4780273 -0.4438477
vt 0.5146484 -0.4262695
vt 0.5039063 -0.2519531
vt 0.8881836 -0.2436523
vt 0.8154297 -0.2436523
vt 0.8154297 -0.3085938
vt 0.4555664 -0.2783203
vt 0.4521484 -0.362793
vt 0.5039063 -0.2519531
vt 0.07128906 -0.7304688
vt 0.08544922 -0.671875
vt 0.06054688 -0.699707
vt 0.6298828 -0.7836914
vt 0.6342773 -0.855957
vt 0.6098633 -0.8198242
vt 0.4780273 -0.4438477
vt 0.5151367 -0.4262695
vt 0.5043945 -0.2519531
vt 0.8041992 -0.300293
vt 0.8974609 -0.300293
vt 0.8974609 -0.230957
vt 0.4975586 -0.565918
vt 0.4780273 -0.4438477
vt 0.46875 -0.5703125
vt 0.8637695 -0.5742188
vt 0.9179688 -0.5742188
vt 0.8583984 -0.6132813
vt 0.06201172 -0.2475586
vt 0.01611328 -0.1884766
vt 0.06201172 -0.1289063
vt 0.8222656 -0.1826172
vt 0.8173828 -0.1826172
vt 0.8222656 -0.1796875
vt 0.2563477 -0.6000977
vt 0.3276367 -0.4018555
vt 0.2617188 -0.3417969
vt 0.8144531 -0.418457
vt 0.809082 -0.4575195
vt 0.7895508 -0.418457
vt 0.06494141 -0.2636719
vt 0.03125 -0.4472656
vt 0.03125 -0.2641602
vt 0.4780273 -0.4438477
vt 0.5043945 -0.2519531
vt 0.4521484 -0.362793
vt 0.1098633 -0.4438477
vt 0.1220703 -0.2631836
vt 0.09326172 -0.2626953
vt 0.3256836 -0.06884766
vt 0.3217773 -0.04492188
vt 0.3378906 -0.03564453
vt 0.8881836 -0.2436523
vt 0.8154297 -0.2436523
vt 0.8154297 -0.3085938
vt 0.01074219 -0.1474609
vt 0.08398438 -0.06396484
vt 0.07714844 -0.1508789
vt 0.284668 -0.2368164
vt 0.2617188 -0.3417969
vt 0.3276367 -0.4018555
vt 0.03125 -0.6157227
vt 0.03125 -0.4472656
vt 0.06494141 -0.6157227
vt 0.09863281 -0.6152344
vt 0.1303711 -0.6152344
vt 0.1098633 -0.4438477
vt 0.8041992 -0.300293
vt 0.8974609 -0.300293
vt 0.8974609 -0.230957
vt 0.6987305 -0.09130859
vt 0.6943359 -0.1098633
vt 0.690918 -0.1118164
vt 0.8222656 -0.1826172
vt 0.8173828 -0.1826172
vt 0.8222656 -0.1796875
vt 0.4262695 -0.2182617
vt 0.5151367 -0.2182617
vt 0.4770508 -0.1381836
vt 0.7392578 -0.9492188
vt 0.6342773 -0.855957
vt 0.6298828 -0.7836914
vt 0.01074219 -0.1474609
vt 0.01416016 -0.06787109
vt 0.08398438 -0.06396484
vt 0.5151367 -0.4262695
vt 0.4780273 -0.4428711
vt 0.4980469 -0.5654297
vt 0.7983398 -0.1787109
vt 0.7963867 -0.1762695
vt 0.7983398 -0.1757813
vt 0.009277344 -0.1508789
vt 0.07470703 -0.06884766
vt 0.06884766 -0.1552734
vt 0.4975586 -0.5664063
vt 0.4780273 -0.4438477
vt 0.46875 -0.5708008
vt 0.6650391 -0.9541016
vt 0.737793 -0.9492188
vt 0.6972656 -0.9790039
vt 0.6728516 -0.03955078
vt 0.6616211 -0.06542969
vt 0.5893555 -0.0078125
vt 0.01074219 -0.1474609
vt 0.02832031 -0.1455078
vt 0.02832031 -0.07861328
vt 0.7392578 -0.9492188
vt 0.6342773 -0.8564453
vt 0.6298828 -0.7836914
vt 0.4780273 -0.4438477
vt 0.5043945 -0.2519531
vt 0.4521484 -0.362793
vt 0.7900391 -0.1699219
vt 0.7890625 -0.171875
vt 0.7866211 -0.1699219
vt 0.6298828 -0.7836914
vt 0.6352539 -0.8569336
vt 0.6103516 -0.8198242
vt 0.4780273 -0.4438477
vt 0.5039063 -0.2519531
vt 0.4521484 -0.362793
vt 0.737793 -0.9492188
vt 0.6352539 -0.8569336
vt 0.6298828 -0.7836914
vt 0.4780273 -0.4438477
vt 0.5146484 -0.4262695
vt 0.5039063 -0.2519531
vt 0.6298828 -0.7836914
vt 0.6342773 -0.8564453
vt 0.6098633 -0.8198242
vt 0.009277344 -0.1508789
vt 0.009765625 -0.06738281
vt 0.07470703 -0.06884766
vt 0.4555664 -0.277832
vt 0.4521484 -0.362793
vt 0.5039063 -0.2519531
vt 0.2495117 -0.3901367
vt 0.2167969 -0.409668
vt 0.2075195 -0.4863281
vt 0.01806641 -0.1469727
vt 0.01123047 -0.06396484
vt 0.07324219 -0.06298828
vt 0.03125 -0.6157227
vt 0.03125 -0.4472656
vt 0.06494141 -0.6157227
vt 0.01416016 -0.1484375
vt 0.02734375 -0.1459961
vt 0.02734375 -0.07617188
vt 0.05712891 -0.7265625
vt 0.07177734 -0.6674805
vt 0.09326172 -0.6953125
vt 0.6650391 -0.9541016
vt 0.737793 -0.9492188
vt 0.6972656 -0.9790039
vt 0.7983398 -0.9194336
vt 0.8056641 -0.7470703
vt 0.6674805 -0.7924805
vt 0.4975586 -0.5664063
vt 0.4780273 -0.4438477
vt 0.46875 -0.5708008
vt 0.5151367 -0.4262695
vt 0.4780273 -0.4428711
vt 0.4980469 -0.565918
vt 0.8359375 -0.1328125
vt 0.8686523 -0.08740234
vt 0.7851563 -0.04248047
vt 0.5844727 -0.7753906
vt 0.6054688 -0.7749023
vt 0.6054688 -0.7216797
vt 0.5288086 -0.7124023
vt 0.5244141 -0.777832
vt 0.4931641 -0.777832
vt 0.5288086 -0.7124023
vt 0.4931641 -0.777832
vt 0.5024414 -0.7172852
vt 0.01416016 -0.1484375
vt 0.07226563 -0.06884766
vt 0.06542969 -0.1523438
vt 0.01416016 -0.1484375
vt 0.01953125 -0.06542969
vt 0.07226563 -0.06884766
vt 0.8344727 -0.3857422
vt 0.8291016 -0.3681641
vt 0.8344727 -0.3681641
vt 0.2841797 -0.2368164
vt 0.2617188 -0.3417969
vt 0.3276367 -0.4018555
vt 0.01416016 -0.1484375
vt 0.01953125 -0.06542969
vt 0.07226563 -0.06884766
vt 0.2841797 -0.2368164
vt 0.2617188 -0.3417969
vt 0.3276367 -0.4018555
vt 0.01416016 -0.1484375
vt 0.07226563 -0.06884766
vt 0.06542969 -0.1523438
vt 0.5151367 -0.4262695
vt 0.4780273 -0.4428711
vt 0.4980469 -0.565918
vt 0.4975586 -0.5664063
vt 0.4780273 -0.4438477
vt 0.46875 -0.5708008
vt 0.4780273 -0.4438477
vt 0.5151367 -0.4262695
vt 0.5043945 -0.2519531
vt 0.6650391 -0.9541016
vt 0.737793 -0.9492188
vt 0.6972656 -0.9790039
vt 0.5288086 -0.7124023
vt 0.4931641 -0.777832
vt 0.5024414 -0.7172852
vt 0.6650391 -0.9541016
vt 0.7392578 -0.9492188
vt 0.6967773 -0.9794922
vt 0.01416016 -0.1484375
vt 0.02734375 -0.1459961
vt 0.02734375 -0.07617188
vt 0.2495117 -0.3901367
vt 0.2167969 -0.409668
vt 0.2075195 -0.4863281
vt 0.5151367 -0.4262695
vt 0.4780273 -0.4428711
vt 0.4980469 -0.5654297
vt 0.6728516 -0.03955078
vt 0.6616211 -0.06542969
vt 0.5893555 -0.0078125
vt 0.5288086 -0.7124023
vt 0.5244141 -0.777832
vt 0.4931641 -0.777832
vt 0.05712891 -0.7265625
vt 0.07177734 -0.6674805
vt 0.09326172 -0.6953125
vt 0.4262695 -0.2182617
vt 0.5151367 -0.2182617
vt 0.4770508 -0.1381836
vt 0.6987305 -0.09130859
vt 0.6943359 -0.1098633
vt 0.690918 -0.1118164
vt 0.09863281 -0.6152344
vt 0.1303711 -0.6152344
vt 0.1098633 -0.4438477
vt 0.4555664 -0.277832
vt 0.4521484 -0.362793
vt 0.5039063 -0.2519531
vt 0.03125 -0.6157227
vt 0.03125 -0.4472656
vt 0.06494141 -0.6157227
vt 0.284668 -0.2368164
vt 0.2617188 -0.3422852
vt 0.3276367 -0.4018555
vt 0.4975586 -0.565918
vt 0.4780273 -0.4433594
vt 0.46875 -0.5703125
vt 0.1098633 -0.4438477
vt 0.1220703 -0.2631836
vt 0.09326172 -0.2626953
vt 0.4975586 -0.565918
vt 0.4780273 -0.4438477
vt 0.46875 -0.5703125
vt 0.9248047 -0.3061523
vt 0.9912109 -0.3320313
vt 0.9248047 -0.3579102
vt 0.06494141 -0.2636719
vt 0.03125 -0.4472656
vt 0.03125 -0.2641602
vt 0.4077148 -0.8647461
vt 0.3442383 -0.9726563
vt 0.3842773 -0.9736328
vt 0.4780273 -0.4438477
vt 0.5146484 -0.4262695
vt 0.5039063 -0.2519531
vt 0.5146484 -0.4257813
vt 0.4780273 -0.4428711
vt 0.4980469 -0.5654297
vt 0.1098633 -0.4438477
vt 0.1220703 -0.2626953
vt 0.08984375 -0.2626953
vt 0.7719727 -0.1645508
vt 0.7797852 -0.1611328
vt 0.7822266 -0.1640625
vt 0.737793 -0.9492188
vt 0.6352539 -0.8569336
vt 0.6298828 -0.7836914
vt 0.3364258 -0.7509766
vt 0.4077148 -0.8647461
vt 0.3901367 -0.7470703
vt 0.4780273 -0.4438477
vt 0.5039063 -0.2519531
vt 0.4521484 -0.362793
vt 0.2573242 -0.875
vt 0.1860352 -0.9667969
vt 0.2636719 -0.9667969
vt 0.6298828 -0.7836914
vt 0.6352539 -0.8569336
vt 0.6103516 -0.8198242
vt 0.1040039 -0.8505859
vt 0.08789063 -0.9765625
vt 0.1860352 -0.9667969
vt 0.01806641 -0.1469727
vt 0.07324219 -0.06298828
vt 0.06933594 -0.1616211
vt 0.09863281 -0.6147461
vt 0.1303711 -0.6147461
vt 0.1098633 -0.4438477
vt 0.1098633 -0.4438477
vt 0.1220703 -0.2626953
vt 0.08984375 -0.2626953
vt 0.01074219 -0.1474609
vt 0.02832031 -0.1455078
vt 0.02832031 -0.07861328
vt 0.6650391 -0.9541016
vt 0.737793 -0.9492188
vt 0.6972656 -0.9790039
vt 0.09863281 -0.6147461
vt 0.1303711 -0.6147461
vt 0.1098633 -0.4438477
vt 0.09863281 -0.6147461
vt 0.1303711 -0.6147461
vt 0.1098633 -0.4438477
vt 0.1098633 -0.4438477
vt 0.1220703 -0.2626953
vt 0.08984375 -0.2626953
vt 0.09863281 -0.6147461
vt 0.1303711 -0.6147461
vt 0.1098633 -0.4438477
vt 0.1098633 -0.4438477
vt 0.1220703 -0.2626953
vt 0.08984375 -0.2626953
vt 0.9296875 -0.3984375
vt 0.9873047 -0.3515625
vt 0.9296875 -0.3046875
vt 0.09863281 -0.6147461
vt 0.1303711 -0.6147461
vt 0.1098633 -0.4438477
vt 0.1098633 -0.4438477
vt 0.1220703 -0.2626953
vt 0.08984375 -0.2626953
vt 0.7983398 -0.9194336
vt 0.8056641 -0.7470703
vt 0.6674805 -0.7924805
vt 0.06201172 -0.2475586
vt 0.01611328 -0.1884766
vt 0.06201172 -0.1289063
vt 0.6298828 -0.7836914
vt 0.6342773 -0.855957
vt 0.6298828 -0.7836914
vt 0.4780273 -0.4433594
vt 0.5039063 -0.2519531
vt 0.4521484 -0.3623047
vt 0.7392578 -0.9492188
vt 0.6342773 -0.855957
vt 0.6298828 -0.7836914
vt 0.3676758 -0.4941406
vt 0.3276367 -0.4018555
vt 0.3271484 -0.4985352
vt 0.4780273 -0.4433594
vt 0.5146484 -0.4257813
vt 0.5039063 -0.2519531
vt 0.4555664 -0.277832
vt 0.4521484 -0.3623047
vt 0.5039063 -0.2519531
vt 0.4975586 -0.5664063
vt 0.4780273 -0.4438477
vt 0.46875 -0.5708008
vt 0.5151367 -0.4262695
vt 0.4780273 -0.4428711
vt 0.4980469 -0.5654297
vt 0.5844727 -0.7753906
vt 0.5776367 -0.7124023
vt 0.5473633 -0.7124023
vt 0.01074219 -0.1474609
vt 0.01416016 -0.06787109
vt 0.08398438 -0.06396484
vt 0.284668 -0.2368164
vt 0.2617188 -0.3417969
vt 0.3276367 -0.4018555
vt 0.01074219 -0.1474609
vt 0.08398438 -0.06396484
vt 0.07714844 -0.1508789
vt 0.1025391 -0.7265625
vt 0.105957 -0.6674805
vt 0.1489258 -0.6953125
vt 0.3256836 -0.06884766
vt 0.3217773 -0.04492188
vt 0.3378906 -0.03564453
vt 0.2563477 -0.6000977
vt 0.3276367 -0.4018555
vt 0.2617188 -0.3417969
vt 0.07128906 -0.7304688
vt 0.08544922 -0.671875
vt 0.06054688 -0.699707
vt 0.4555664 -0.2783203
vt 0.4521484 -0.362793
vt 0.5039063 -0.2519531
vt 0.2563477 -0.5996094
vt 0.3276367 -0.4018555
vt 0.2617188 -0.3422852
vt 0.3603516 -0.05712891
vt 0.3720703 -0.03613281
vt 0.3857422 -0.06054688
vt 0.6650391 -0.9541016
vt 0.7392578 -0.9492188
vt 0.6967773 -0.9794922
vt 0.4780273 -0.4438477
vt 0.5146484 -0.4262695
vt 0.5039063 -0.2519531
vt 0.01806641 -0.1469727
vt 0.05859375 -0.1450195
vt 0.05859375 -0.07470703
f 1919/1919/1919 1920/1920/1920 1921/1921/1921
f 1922/1922/1922 1923/1923/1923 1924/1924/1924
f 1925/1925/1925 1926/1926/1926 1927/1927/1927
f 1928/1928/1928 1929/1929/1929 1930/1930/1930
f 1931/1931/1931 1932/1932/1932 1933/1933/1933
f 1934/1934/1934 1935/1935/1935 1936/1936/1936
f 1937/1937/1937 1938/1938/1938 1939/1939/1939
f 1940/1940/1940 1941/1941/1941 1942/1942/1942
f 1943/1943/1943 1944/1944/1944 1945/1945/1945
f 1946/1946/1946 1947/1947/1947 1948/1948/1948
f 1949/1949/1949 1950/1950/1950 1951/1951/1951
f 1952/1952/1952 1953/1953/1953 1954/1954/1954
f 1955/1955/1955 1956/1956/1956 1957/1957/1957
f 1958/1958/1958 1959/1959/1959 1960/1960/1960
f 1961/1961/1961 1962/1962/1962 1963/1963/1963
f 1964/1964/1964 1965/1965/1965 1966/1966/1966
f 1967/1967/1967 1968/1968/1968 1969/1969/1969
f 1970/1970/1970 1971/1971/1971 1972/1972/1972
f 1973/1973/1973 1974/1974/1974 1975/1975/1975
f 1976/1976/1976 1977/1977/1977 1978/1978/1978
f 1979/1979/1979 1980/1980/1980 1981/1981/1981
f 1982/1982/1982 1983/1983/1983 1984/1984/1984
f 1985/1985/1985 1986/1986/1986 1987/1987/1987
f 1988/1988/1988 1989/1989/1989 1990/1990/1990
f 1991/1991/1991 1992/1992/1992 1993/1993/1993
f 1994/1994/1994 1995/1995/1995 1996/1996/1996
f 1997/1997/1997 1998/1998/1998 1999/1999/1999
f 2000/2000/2000 2001/2001/2001 2002/2002/2002
f 2003/2003/2003 2004/2004/2004 2005/2005/2005
f 2006/2006/2006 2007/2007/2007 2008/2008/2008
f 2009/2009/2009 2010/2010/2010 2011/2011/2011
f 2012/2012/2012 2013/2013/2013 2014/2014/2014
f 2015/2015/2015 2016/2016/2016 2017/2017/2017
f 2018/2018/2018 2019/2019/2019 2020/2020/2020
f 2021/2021/2021 2022/2022/2022 2023/2023/2023
f 2024/2024/2024 2025/2025/2025 2026/2026/2026
f 2027/2027/2027 2028/2028/2028 2029/2029/2029
f 2030/2030/2030 2031/2031/2031 2032/2032/2032
f 2033/2033/2033 2034/2034/2034 2035/2035/2035
f 2036/2036/2036 2037/2037/2037 2038/2038/2038
f 2039/2039/2039 2040/2040/2040 2041/2041/2041
f 2042/2042/2042 2043/2043/2043 2044/2044/2044
f 2045/2045/2045 2046/2046/2046 2047/2047/2047
f 2048/2048/2048 2049/2049/2049 2050/2050/2050
f 2051/2051/2051 2052/2052/2052 2053/2053/2053
f 2054/2054/2054 2055/2055/2055 2056/2056/2056
f 2057/2057/2057 2058/2058/2058 2059/2059/2059
f 2060/2060/2060 2061/2061/2061 2062/2062/2062
f 2063/2063/2063 2064/2064/2064 2065/2065/2065
f 2066/2066/2066 2067/2067/2067 2068/2068/2068
f 2069/2069/2069 2070/2070/2070 2071/2071/2071
f 2072/2072/2072 2073/2073/2073 2074/2074/2074
f 2075/2075/2075 2076/2076/2076 2077/2077/2077
f 2078/2078/2078 2079/2079/2079 2080/2080/2080
f 2081/2081/2081 2082/2082/2082 2083/2083/2083
f 2084/2084/2084 2085/2085/2085 2086/2086/2086
f 2087/2087/2087 2088/2088/2088 2089/2089/2089
f 2090/2090/2090 2091/2091/2091 2092/2092/2092
f 2093/2093/2093 2094/2094/2094 2095/2095/2095
f 2096/2096/2096 2097/2097/2097 2098/2098/2098
f 2099/2099/2099 2100/2100/2100 2101/2101/2101
f 2102/2102/2102 2103/2103/2103 2104/2104/2104
f 2105/2105/2105 2106/2106/2106 2107/2107/2107
f 2108/2108/2108 2109/2109/2109 2110/2110/2110
f 2111/2111/2111 2112/2112/2112 2113/2113/2113
f 2114/2114/2114 2115/2115/2115 2116/2116/2116
f 2117/2117/2117 2118/2118/2118 2119/2119/2119
f 2120/2120/2120 2121/2121/2121 2122/2122/2122
f 2123/2123/2123 2124/2124/2124 2125/2125/2125
f 2126/2126/2126 2127/2127/2127 2128/2128/2128
f 2129/2129/2129 2130/2130/2130 2131/2131/2131
f 2132/2132/2132 2133/2133/2133 2134/2134/2134
f 2135/2135/2135 2136/2136/2136 2137/2137/2137
f 2138/2138/2138 2139/2139/2139 2140/2140/2140
f 2141/2141/2141 2142/2142/2142 2143/2143/2143
f 2144/2144/2144 2145/2145/2145 2146/2146/2146
f 2147/2147/2147 2148/2148/2148 2149/2149/2149
f 2150/2150/2150 2151/2151/2151 2152/2152/2152
f 2153/2153/2153 2154/2154/2154 2155/2155/2155
f 2156/2156/2156 2157/2157/2157 2158/2158/2158
f 2159/2159/2159 2160/2160/2160 2161/2161/2161
f 2162/2162/2162 2163/2163/2163 2164/2164/2164
f 2165/2165/2165 2166/2166/2166 2167/2167/2167
f 2168/2168/2168 2169/2169/2169 2170/2170/2170
f 2171/2171/2171 2172/2172/2172 2173/2173/2173
f 2174/2174/2174 2175/2175/2175 2176/2176/2176
f 2177/2177/2177 2178/2178/2178 2179/2179/2179
f 2180/2180/2180 2181/2181/2181 2182/2182/2182
f 2183/2183/2183 2184/2184/2184 2185/2185/2185
f 2186/2186/2186 2187/2187/2187 2188/2188/2188
f 2189/2189/2189 2190/2190/2190 2191/2191/2191
f 2192/2192/2192 2193/2193/2193 2194/2194/2194
f 2195/2195/2195 2196/2196/2196 2197/2197/2197
f 2198/2198/2198 2199/2199/2199 2200/2200/2200
f 2201/2201/2201 2202/2202/2202 2203/2203/2203
f 2204/2204/2204 2205/2205/2205 2206/2206/2206
f 2207/2207/2207 2208/2208/2208 2209/2209/2209
f 2210/2210/2210 2211/2211/2211 2212/2212/2212
f 2213/2213/2213 2214/2214/2214 2215/2215/2215
f 2216/2216/2216 2217/2217/2217 2218/2218/2218
f 2219/2219/2219 2220/2220/2220 2221/2221/2221
f 2222/2222/2222 2223/2223/2223 2224/2224/2224
f 2225/2225/2225 2226/2226/2226 2227/2227/2227
f 2228/2228/2228 2229/2229/2229 2230/2230/2230
f 2231/2231/2231 2232/2232/2232 2233/2233/2233
f 2234/2234/2234 2235/2235/2235 2236/2236/2236
f 2237/2237/2237 2238/2238/2238 2239/2239/2239
f 2240/2240/2240 2241/2241/2241 2242/2242/2242
f 2243/2243/2243 2244/2244/2244 2245/2245/2245
f 2246/2246/2246 2247/2247/2247 2248/2248/2248
f 2249/2249/2249 2250/2250/2250 2251/2251/2251
f 2252/2252/2252 2253/2253/2253 2254/2254/2254
f 2255/2255/2255 2256/2256/2256 2257/2257/2257
f 2258/2258/2258 2259/2259/2259 2260/2260/2260
f 2261/2261/2261 2262/2262/2262 2263/2263/2263
f 2264/2264/2264 2265/2265/2265 2266/2266/2266
f 2267/2267/2267 2268/2268/2268 2269/2269/2269
f 2270/2270/2270 2271/2271/2271 2272/2272/2272
f 2273/2273/2273 2274/2274/2274 2275/2275/2275
f 2276/2276/2276 2277/2277/2277 2278/2278/2278
f 2279/2279/2279 2280/2280/2280 2281/2281/2281
f 2282/2282/2282 2283/2283/2283 2284/2284/2284
f 2285/2285/2285 2286/2286/2286 2287/2287/2287
f 2288/2288/2288 2289/2289/2289 2290/2290/2290
f 2291/2291/2291 2292/2292/2292 2293/2293/2293
f 2294/2294/2294 2295/2295/2295 2296/2296/2296
f 2297/2297/2297 2298/2298/2298 2299/2299/2299
f 2300/2300/2300 2301/2301/2301 2302/2302/2302
f 2303/2303/2303 2304/2304/2304 2305/2305/2305
f 2306/2306/2306 2307/2307/2307 2308/2308/2308
f 2309/2309/2309 2310/2310/2310 2311/2311/2311
f 2312/2312/2312 2313/2313/2313 2314/2314/2314
f 2315/2315/2315 2316/2316/2316 2317/2317/2317
f 2318/2318/2318 2319/2319/2319 2320/2320/2320
f 2321/2321/2321 2322/2322/2322 2323/2323/2323
f 2324/2324/2324 2325/2325/2325 2326/2326/2326
f 2327/2327/2327 2328/2328/2328 2329/2329/2329
f 2330/2330/2330 2331/2331/2331 2332/2332/2332
f 2333/2333/2333 2334/2334/2334 2335/2335/2335
f 2336/2336/2336 2337/2337/2337 2338/2338/2338
f 2339/2339/2339 2340/2340/2340 2341/2341/2341
f 2342/2342/2342 2343/2343/2343 2344/2344/2344
f 2345/2345/2345 2346/2346/2346 2347/2347/2347
f 2348/2348/2348 2349/2349/2349 2350/2350/2350
f 2351/2351/2351 2352/2352/2352 2353/2353/2353
f 2354/2354/2354 2355/2355/2355 2356/2356/2356
f 2357/2357/2357 2358/2358/2358 2359/2359/2359
f 2360/2360/2360 2361/2361/2361 2362/2362/2362
f 2363/2363/2363 2364/2364/2364 2365/2365/2365
f 2366/2366/2366 2367/2367/2367 2368/2368/2368
f 2369/2369/2369 2370/2370/2370 2371/2371/2371
f 2372/2372/2372 2373/2373/2373 2374/2374/2374
f 2375/2375/2375 2376/2376/2376 2377/2377/2377
f 2378/2378/2378 2379/2379/2379 2380/2380/2380
f 2381/2381/2381 2382/2382/2382 2383/2383/2383
f 2384/2384/2384 2385/2385/2385 2386/2386/2386
f 2387/2387/2387 2388/2388/2388 2389/2389/2389
f 2390/2390/2390 2391/2391/2391 2392/2392/2392
f 2393/2393/2393 2394/2394/2394 2395/2395/2395
f 2396/2396/2396 2397/2397/2397 2398/2398/2398
f 2399/2399/2399 2400/2400/2400 2401/2401/2401
f 2402/2402/2402 2403/2403/2403 2404/2404/2404
f 2405/2405/2405 2406/2406/2406 2407/2407/2407
f 2408/2408/2408 2409/2409/2409 2410/2410/2410
f 2411/2411/2411 2412/2412/2412 2413/2413/2413
f 2414/2414/2414 2415/2415/2415 2416/2416/2416
f 2417/2417/2417 2418/2418/2418 2419/2419/2419
f 2420/2420/2420 2421/2421/2421 2422/2422/2422
f 2423/2423/2423 2424/2424/2424 2425/2425/2425
f 2426/2426/2426 2427/2427/2427 2428/2428/2428
f 2429/2429/2429 2430/2430/2430 2431/2431/2431
f 2432/2432/2432 2433/2433/2433 2434/2434/2434
f 2435/2435/2435 2436/2436/2436 2437/2437/2437
f 2438/2438/2438 2439/2439/2439 2440/2440/2440
f 2441/2441/2441 2442/2442/2442 2443/2443/2443
f 2444/2444/2444 2445/2445/2445 2446/2446/2446
f 2447/2447/2447 2448/2448/2448 2449/2449/2449
f 2450/2450/2450 2451/2451/2451 2452/2452/2452
f 2453/2453/2453 2454/2454/2454 2455/2455/2455
f 2456/2456/2456 2457/2457/2457 2458/2458/2458
f 2459/2459/2459 2460/2460/2460 2461/2461/2461
f 2462/2462/2462 2463/2463/2463 2464/2464/2464
f 2465/2465/2465 2466/2466/2466 2467/2467/2467
f 2468/2468/2468 2469/2469/2469 2470/2470/2470
f 2471/2471/2471 2472/2472/2472 2473/2473/2473
f 2474/2474/2474 2475/2475/2475 2476/2476/2476
f 2477/2477/2477 2478/2478/2478 2479/2479/2479
f 2480/2480/2480 2481/2481/2481 2482/2482/2482
f 2483/2483/2483 2484/2484/2484 2485/2485/2485
f 2486/2486/2486 2487/2487/2487 2488/2488/2488
f 2489/2489/2489 2490/2490/2490 2491/2491/2491
f 2492/2492/2492 2493/2493/2493 2494/2494/2494
f 2495/2495/2495 2496/2496/2496 2497/2497/2497
f 2498/2498/2498 2499/2499/2499 2500/2500/2500
f 2501/2501/2501 2502/2502/2502 2503/2503/2503
f 2504/2504/2504 2505/2505/2505 2506/2506/2506
f 2507/2507/2507 2508/2508/2508 2509/2509/2509
f 2510/2510/2510 2511/2511/2511 2512/2512/2512
f 2513/2513/2513 2514/2514/2514 2515/2515/2515
f 2516/2516/2516 2517/2517/2517 2518/2518/2518
f 2519/2519/2519 2520/2520/2520 2521/2521/2521
f 2522/2522/2522 2523/2523/2523 2524/2524/2524
f 2525/2525/2525 2526/2526/2526 2527/2527/2527
f 2528/2528/2528 2529/2529/2529 2530/2530/2530
f 2531/2531/2531 2532/2532/2532 2533/2533/2533
f 2534/2534/2534 2535/2535/2535 2536/2536/2536
f 2537/2537/2537 2538/2538/2538 2539/2539/2539
f 2540/2540/2540 2541/2541/2541 2542/2542/2542
f 2543/2543/2543 2544/2544/2544 2545/2545/2545
f 2546/2546/2546 2547/2547/2547 2548/2548/2548
f 2549/2549/2549 2550/2550/2550 2551/2551/2551
f 2552/2552/2552 2553/2553/2553 2554/2554/2554
f 2555/2555/2555 2556/2556/2556 2557/2557/2557
f 2558/2558/2558 2559/2559/2559 2560/2560/2560
f 2561/2561/2561 2562/2562/2562 2563/2563/2563
f 2564/2564/2564 2565/2565/2565 2566/2566/2566
f 2567/2567/2567 2568/2568/2568 2569/2569/2569
f 2570/2570/2570 2571/2571/2571 2572/2572/2572
f 2573/2573/2573 2574/2574/2574 2575/2575/2575
f 2576/2576/2576 2577/2577/2577 2578/2578/2578
f 2579/2579/2579 2580/2580/2580 2581/2581/2581
f 2582/2582/2582 2583/2583/2583 2584/2584/2584
f 2585/2585/2585 2586/2586/2586 2587/2587/2587
f 2588/2588/2588 2589/2589/2589 2590/2590/2590
f 2591/2591/2591 2592/2592/2592 2593/2593/2593
f 2594/2594/2594 2595/2595/2595 2596/2596/2596
f 2597/2597/2597 2598/2598/2598 2599/2599/2599
f 2600/2600/2600 2601/2601/2601 2602/2602/2602
f 2603/2603/2603 2604/2604/2604 2605/2605/2605
f 2606/2606/2606 2607/2607/2607 2608/2608/2608
f 2609/2609/2609 2610/2610/2610 2611/2611/2611
f 2612/2612/2612 2613/2613/2613 2614/2614/2614
f 2615/2615/2615 2616/2616/2616 2617/2617/2617
f 2618/2618/2618 2619/2619/2619 2620/2620/2620
f 2621/2621/2621 2622/2622/2622 2623/2623/2623
f 2624/2624/2624 2625/2625/2625 2626/2626/2626
f 2627/2627/2627 2628/2628/2628 2629/2629/2629
f 2630/2630/2630 2631/2631/2631 2632/2632/2632
f 2633/2633/2633 2634/2634/2634 2635/2635/2635
f 2636/2636/2636 2637/2637/2637 2638/2638/2638
f 2639/2639/2639 2640/2640/2640 2641/2641/2641
f 2642/2642/2642 2643/2643/2643 2644/2644/2644
f 2645/2645/2645 2646/2646/2646 2647/2647/2647
f 2648/2648/2648 2649/2649/2649 2650/2650/2650
f 2651/2651/2651 2652/2652/2652 2653/2653/2653
f 2654/2654/2654 2655/2655/2655 2656/2656/2656
f 2657/2657/2657 2658/2658/2658 2659/2659/2659
f 2660/2660/2660 2661/2661/2661 2662/2662/2662
f 2663/2663/2663 2664/2664/2664 2665/2665/2665
f 2666/2666/2666 2667/2667/2667 2668/2668/2668
f 2669/2669/2669 2670/2670/2670 2671/2671/2671
f 2672/2672/2672 2673/2673/2673 2674/2674/2674
f 2675/2675/2675 2676/2676/2676 2677/2677/2677
f 2678/2678/2678 2679/2679/2679 2680/2680/2680
f 2681/2681/2681 2682/2682/2682 2683/2683/2683
f 2684/2684/2684 2685/2685/2685 2686/2686/2686
f 2687/2687/2687 2688/2688/2688 2689/2689/2689
f 2690/2690/2690 2691/2691/2691 2692/2692/2692
f 2693/2693/2693 2694/2694/2694 2695/2695/2695
f 2696/2696/2696 2697/2697/2697 2698/2698/2698
f 2699/2699/2699 2700/2700/2700 2701/2701/2701
f 2702/2702/2702 2703/2703/2703 2704/2704/2704
f 2705/2705/2705 2706/2706/2706 2707/2707/2707
f 2708/2708/2708 2709/2709/2709 2710/2710/2710
f 2711/2711/2711 2712/2712/2712 2713/2713/2713
f 2714/2714/2714 2715/2715/2715 2716/2716/2716
f 2717/2717/2717 2718/2718/2718 2719/2719/2719
f 2720/2720/2720 2721/2721/2721 2722/2722/2722
f 2723/2723/2723 2724/2724/2724 2725/2725/2725
f 2726/2726/2726 2727/2727/2727 2728/2728/2728
f 2729/2729/2729 2730/2730/2730 2731/2731/2731
f 2732/2732/2732 2733/2733/2733 2734/2734/2734
f 2735/2735/2735 2736/2736/2736 2737/2737/2737
f 2738/2738/2738 2739/2739/2739 2740/2740/2740
f 2741/2741/2741 2742/2742/2742 2743/2743/2743
f 2744/2744/2744 2745/2745/2745 2746/2746/2746
f 2747/2747/2747 2748/2748/2748 2749/2749/2749
f 2750/2750/2750 2751/2751/2751 2752/2752/2752
f 2753/2753/2753 2754/2754/2754 2755/2755/2755
f 2756/2756/2756 2757/2757/2757 2758/2758/2758
f 2759/2759/2759 2760/2760/2760 2761/2761/2761
f 2762/2762/2762 2763/2763/2763 2764/2764/2764
f 2765/2765/2765 2766/2766/2766 2767/2767/2767
f 2768/2768/2768 2769/2769/2769 2770/2770/2770
f 2771/2771/2771 2772/2772/2772 2773/2773/2773
f 2774/2774/2774 2775/2775/2775 2776/2776/2776
f 2777/2777/2777 2778/2778/2778 2779/2779/2779
f 2780/2780/2780 2781/2781/2781 2782/2782/2782
f 2783/2783/2783 2784/2784/2784 2785/2785/2785
