<?xml version="1.0" encoding="utf-8"?>
<COLLADA xmlns="http://www.collada.org/2005/11/COLLADASchema" version="1.4.1" xmlns:xsi="http://www.w3.org/2001/XMLSchema-instance">
  <asset>
    <contributor>
      <author>Blender User</author>
      <authoring_tool>Blender 4.0.0 commit date:2023-11-13, commit time:17:26, hash:878f71061b8e</authoring_tool>
    </contributor>
    <created>2026-09-10T18:46:54</created>
    <modified>2026-09-10T18:46:54</modified>
    <unit name="meter" meter="1"/>
    <up_axis>Z_UP</up_axis>
  </asset>
  <library_effects>
    <effect id="NDS_Material_005-effect">
      <profile_COMMON>
        <technique sid="common">
          <lambert>
            <emission>
              <color sid="emission">0 0 0 1</color>
            </emission>
            <diffuse>
              <color sid="diffuse">0.8 0.8 0.8 1</color>
            </diffuse>
            <reflectivity>
              <float sid="specular">0.5</float>
            </reflectivity>
          </lambert>
        </technique>
      </profile_COMMON>
    </effect>
    <effect id="NDS_Material_006-effect">
      <profile_COMMON>
        <technique sid="common">
          <lambert>
            <emission>
              <color sid="emission">0 0 0 1</color>
            </emission>
            <diffuse>
              <color sid="diffuse">0.8 0.8 0.8 1</color>
            </diffuse>
            <reflectivity>
              <float sid="specular">0.5</float>
            </reflectivity>
          </lambert>
        </technique>
      </profile_COMMON>
    </effect>
    <effect id="NDS_Material_007-effect">
      <profile_COMMON>
        <technique sid="common">
          <lambert>
            <emission>
              <color sid="emission">0 0 0 1</color>
            </emission>
            <diffuse>
              <color sid="diffuse">0.8 0.8 0.8 1</color>
            </diffuse>
            <reflectivity>
              <float sid="specular">0.5</float>
            </reflectivity>
          </lambert>
        </technique>
      </profile_COMMON>
    </effect>
    <effect id="NDS_Material_008-effect">
      <profile_COMMON>
        <technique sid="common">
          <lambert>
            <emission>
              <color sid="emission">0 0 0 1</color>
            </emission>
            <diffuse>
              <color sid="diffuse">0.8 0.8 0.8 1</color>
            </diffuse>
            <reflectivity>
              <float sid="specular">0.5</float>
            </reflectivity>
          </lambert>
        </technique>
      </profile_COMMON>
    </effect>
  </library_effects>
  <library_images/>
  <library_materials>
    <material id="NDS_Material_005-material" name="NDS Material.005">
      <instance_effect url="#NDS_Material_005-effect"/>
    </material>
    <material id="NDS_Material_006-material" name="NDS Material.006">
      <instance_effect url="#NDS_Material_006-effect"/>
    </material>
    <material id="NDS_Material_007-material" name="NDS Material.007">
      <instance_effect url="#NDS_Material_007-effect"/>
    </material>
    <material id="NDS_Material_008-material" name="NDS Material.008">
      <instance_effect url="#NDS_Material_008-effect"/>
    </material>
  </library_materials>
  <library_geometries>
    <geometry id="beyblade2loc-2026-09-10-18-44-41-897-mesh" name="beyblade2loc-2026-09-10-18-44-41-897">
      <mesh>
        <source id="beyblade2loc-2026-09-10-18-44-41-897-mesh-positions">
          <float_array id="beyblade2loc-2026-09-10-18-44-41-897-mesh-positions-array" count="9288">0.7596436 -0.1163077 -0.5131036 0.4703369 -0.03745031 -0.4415704 0.7161865 -0.2859855 -0.3556329 0.7161865 -0.2859855 -0.3556329 0.4703369 -0.03745031 -0.4415704 0.4840088 -0.2161612 -0.2921563 0.7161865 -0.2859855 -0.3556329 0.4840088 -0.2161612 -0.2921563 0.4251709 -0.5081534 -0.5568048 0.4251709 -0.5081534 -0.5568048 0.4840088 -0.2161612 -0.2921563 0.2982178 -0.3460441 -0.4098321 0.4251709 -0.5081534 -0.5568048 0.2982178 -0.3460441 -0.4098321 0.1055908 -0.5865226 -0.6276056 0.1055908 -0.5865226 -0.6276056 0.2982178 -0.3460441 -0.4098321 0.07312011 -0.4021964 -0.4606133 0.1055908 -0.5865226 -0.6276056 0.07312011 -0.4021964 -0.4606133 -0.2298583 -0.568212 -0.611004 -0.2298583 -0.568212 -0.611004 0.07312011 -0.4021964 -0.4606133 -0.163208 -0.3897452 -0.4491387 -0.2298583 -0.568212 -0.611004 -0.163208 -0.3897452 -0.4491387 -0.5306397 -0.4561515 -0.5094415 -0.5306397 -0.4561515 -0.5094415 -0.163208 -0.3897452 -0.4491387 -0.3748779 -0.3103995 -0.3773614 -0.5306397 -0.4561515 -0.5094415 -0.3748779 -0.3103995 -0.3773614 -0.7503662 -0.2674308 -0.3382989 -0.7503662 -0.2674308 -0.3382989 -0.3748779 -0.3103995 -0.3773614 -0.5291748 -0.1766104 -0.2560235 -0.7503662 -0.2674308 -0.3382989 -0.5291748 -0.1766104 -0.2560235 -0.5982666 0.005762577 -0.0909844 -0.5982666 0.005762577 -0.0909844 -0.5291748 -0.1766104 -0.2560235 -0.5028076 -0.0103507 -0.4169121 -0.5982666 0.005762577 -0.0909844 -0.5028076 -0.0103507 -0.4169121 -0.5701904 0.1756844 -0.248211 -0.7596436 0.52212 0.06575381 -0.4703369 0.4432626 -0.005779325 -0.7161865 0.3817391 0.2498359 -0.7161865 0.3817391 0.2498359 -0.4703369 0.4432626 -0.005779325 -0.4840088 0.3119149 0.1866034 -0.7161865 0.3817391 0.2498359 -0.4840088 0.3119149 0.1866034 -0.4251709 0.6039071 0.4512519 -0.4251709 0.6039071 0.4512519 -0.4840088 0.3119149 0.1866034 -0.2982178 0.4417977 0.3042792 -0.4251709 0.6039071 0.4512519 -0.2982178 0.4417977 0.3042792 -0.1055908 0.6822763 0.5220527 -0.1055908 0.6822763 0.5220527 -0.2982178 0.4417977 0.3042792 -0.07312011 0.4979501 0.3550605 -0.1055908 0.6822763 0.5220527 -0.07312011 0.4979501 0.3550605 0.2298583 0.6639657 0.5054511 0.2298583 0.6639657 0.5054511 -0.07312011 0.4979501 0.3550605 0.163208 0.4854989 0.3435859 0.2298583 0.6639657 0.5054511 0.163208 0.4854989 0.3435859 0.5306397 0.5519052 0.4038886 0.5306397 0.5519052 0.4038886 0.163208 0.4854989 0.3435859 0.3748779 0.4061532 0.2718085 0.5306397 0.5519052 0.4038886 0.3748779 0.4061532 0.2718085 0.7503662 0.3631845 0.2325019 0.7503662 0.3631845 0.2325019 0.3748779 0.4061532 0.2718085 0.5291748 0.2723641 0.1504706 0.7503662 0.3631845 0.2325019 0.5291748 0.2723641 0.1504706 0.5982666 0.08999109 -0.01481252 0.5982666 0.08999109 -0.01481252 0.5291748 0.2723641 0.1504706 0.5028076 0.416163 -0.03068166 0.5982666 0.08999109 -0.01481252 0.5028076 0.416163 -0.03068166 0.5701904 0.2298836 -0.1993829 1.407837 -0.4803214 -0.2201348 1.390503 -0.6897941 -0.5421563 1.431763 -0.4905753 -0.1927911 1.431763 -0.4905753 -0.1927911 1.390503 -0.6897941 -0.5421563 1.477417 -0.7061515 -0.5572931 1.431763 -0.4905753 -0.1927911 1.477417 -0.7061515 -0.5572931 1.482544 -0.4642081 -0.1688653 1.482544 -0.4642081 -0.1688653 1.477417 -0.7061515 -0.5572931 1.490356 -0.679296 -0.5516778 1.482544 -0.4642081 -0.1688653 1.490356 -0.679296 -0.5516778 1.534546 -0.413671 -0.1598321 1.534546 -0.413671 -0.1598321 1.490356 -0.679296 -0.5516778 1.52771 -0.5545402 -0.4318047 1.534546 -0.413671 -0.1598321 1.52771 -0.5545402 -0.4318047 1.551636 -0.4068351 -0.1439629 1.551636 -0.4068351 -0.1439629 1.52771 -0.5545402 -0.4318047 1.596069 -0.5752921 -0.4266778 1.551636 -0.4068351 -0.1439629 1.596069 -0.5752921 -0.4266778 1.591187 -0.3909659 -0.102459 1.591187 -0.3909659 -0.102459 1.596069 -0.5752921 -0.4266778 1.618042 -0.5501456 -0.4286309 1.591187 -0.3909659 -0.102459 1.618042 -0.5501456 -0.4286309 1.615112 -0.3504386 -0.1027032 -1.407837 0.2660165 0.4568671 -1.390503 0.6070809 0.6333808 -1.431763 0.2396492 0.4695624 -1.431763 0.2396492 0.4695624 -1.390503 0.6070809 0.6333808 -1.477417 0.6236825 0.6485175 -1.431763 0.2396492 0.4695624 -1.477417 0.6236825 0.6485175 -1.482544 0.2132821 0.4456366 -1.482544 0.2132821 0.4456366 -1.477417 0.6236825 0.6485175 -1.490356 0.6153817 0.6221503 -1.482544 0.2132821 0.4456366 -1.490356 0.6153817 0.6221503 -1.534546 0.199366 0.3965644 -1.534546 0.199366 0.3965644 -1.490356 0.6153817 0.6221503 -1.52771 0.4840341 0.5098456 -1.534546 0.199366 0.3965644 -1.52771 0.4840341 0.5098456 -1.551636 0.1827645 0.3911933 -1.551636 0.1827645 0.3911933 -1.52771 0.4840341 0.5098456 -1.596069 0.4808602 0.5308417 -1.551636 0.1827645 0.3911933 -1.596069 0.4808602 0.5308417 -1.591187 0.1400399 0.3792304 -1.591187 0.1400399 0.3792304 -1.596069 0.4808602 0.5308417 -1.618042 0.4801278 0.5056952 -1.591187 0.1400399 0.3792304 -1.618042 0.4801278 0.5056952 -1.615112 0.1361336 0.3389472 -1.615112 0.1361336 0.3389472 -1.584595 -0.2374014 0.08382022 -1.591187 0.1400399 0.3792304 -1.591187 0.1400399 0.3792304 -1.584595 -0.2374014 0.08382022 -1.552856 -0.2378897 0.1311835 -1.591187 0.1400399 0.3792304 -1.552856 -0.2378897 0.1311835 -1.551636 0.1827645 0.3911933 -1.551636 0.1827645 0.3911933 -1.552856 -0.2378897 0.1311835 -1.519165 -0.2034659 0.135578 -1.551636 0.1827645 0.3911933 -1.519165 -0.2034659 0.135578 -1.497925 -0.1912589 0.1468085 -1.497925 -0.1912589 0.1468085 -1.519165 -0.2034659 0.135578 -1.38147 -0.4573722 -0.121502 -1.497925 -0.1912589 0.1468085 -1.38147 -0.4573722 -0.121502 -1.358765 -0.458837 -0.09586721 -1.358765 -0.458837 -0.09586721 -1.38147 -0.4573722 -0.121502 -1.220825 -0.7129874 -0.4606133 -1.358765 -0.458837 -0.09586721 -1.220825 -0.7129874 -0.4606133 -1.327026 -0.429296 -0.09586721 -1.327026 -0.429296 -0.09586721 -1.220825 -0.7129874 -0.4606133 -1.200806 -0.7041984 -0.4532891 -1.327026 -0.429296 -0.09586721 -1.200806 -0.7041984 -0.4532891 -1.195435 -0.6297355 -0.3903008 1.615112 -0.3504386 -0.1027032 1.584595 -0.05966711 0.2439765 1.591187 -0.3909659 -0.102459 1.591187 -0.3909659 -0.102459 1.584595 -0.05966711 0.2439765 1.552856 -0.1067862 0.2491034 1.591187 -0.3909659 -0.102459 1.552856 -0.1067862 0.2491034 1.551636 -0.4068351 -0.1439629 1.551636 -0.4068351 -0.1439629 1.552856 -0.1067862 0.2491034 1.519165 -0.1145987 0.215412 1.551636 -0.4068351 -0.1439629 1.519165 -0.1145987 0.215412 1.497925 -0.1270499 0.2041816 1.497925 -0.1270499 0.2041816 1.519165 -0.1145987 0.215412 1.38147 0.1661629 0.4429511 1.497925 -0.1270499 0.2041816 1.38147 0.1661629 0.4429511 1.358765 0.1407723 0.4468573 1.358765 0.1407723 0.4468573 1.38147 0.1661629 0.4429511 1.220825 0.5287118 0.6638984 1.358765 0.1407723 0.4468573 1.220825 0.5287118 0.6638984 1.327026 0.1380867 0.4173163 1.327026 0.1380867 0.4173163 1.220825 0.5287118 0.6638984 1.200806 0.5206552 0.6560859 1.327026 0.1380867 0.4173163 1.200806 0.5206552 0.6560859 1.195435 0.4505868 0.5879706 0.9112549 0.9986825 0.9668769 0.9781494 0.9037118 1.008625 1.165649 0.9371591 0.7576484 1.165649 0.9371591 0.7576484 0.9781494 0.9037118 1.008625 1.234497 0.7259774 0.8474921 1.165649 0.9371591 0.7576484 1.234497 0.7259774 0.8474921 1.257446 0.8338876 0.7493476 1.257446 0.8338876 0.7493476 1.234497 0.7259774 0.8474921 1.46228 0.4964852 0.6394843 1.257446 0.8338876 0.7493476 1.46228 0.4964852 0.6394843 1.493286 0.620997 0.5293769 1.493286 0.620997 0.5293769 1.46228 0.4964852 0.6394843 1.596802 0.3048349 0.4661445 1.493286 0.620997 0.5293769 1.596802 0.3048349 0.4661445 1.623413 0.4923349 0.2776679 1.623413 0.4923349 0.2776679 1.596802 0.3048349 0.4661445 1.699341 0.0936532 0.2469062 1.623413 0.4923349 0.2776679 1.699341 0.0936532 0.2469062 1.716187 0.256495 0.06404483 1.716187 0.256495 0.06404483 1.699341 0.0936532 0.2469062 1.759155 -0.06454992 -0.2269707 -0.9112549 -1.060644 -0.8986017 -0.9781494 -1.09287 -0.7999688 -1.165649 -0.8462882 -0.8578302 -1.165649 -0.8462882 -0.8578302 -0.9781494 -1.09287 -0.7999688 -1.234497 -0.9151359 -0.638836 -1.165649 -0.8462882 -0.8578302 -1.234497 -0.9151359 -0.638836 -1.257446 -0.8279777 -0.7560235 -1.257446 -0.8279777 -0.7560235 -1.234497 -0.9151359 -0.638836 -1.46228 -0.6856437 -0.4308282 -1.257446 -0.8279777 -0.7560235 -1.46228 -0.6856437 -0.4308282 -1.493286 -0.5882316 -0.5655938 -1.493286 -0.5882316 -0.5655938 -1.46228 -0.6856437 -0.4308282 -1.596802 -0.4942374 -0.2572442 -1.493286 -0.5882316 -0.5655938 -1.596802 -0.4942374 -0.2572442 -1.623413 -0.325048 -0.4620782 -1.623413 -0.325048 -0.4620782 -1.596802 -0.4942374 -0.2572442 -1.699341 -0.2552238 -0.06852346 -1.623413 -0.325048 -0.4620782 -1.699341 -0.2552238 -0.06852346 -1.716187 -0.08920812 -0.2484551 -1.716187 -0.08920812 -0.2484551 -1.699341 -0.2552238 -0.06852346 -1.759155 0.2318367 0.04231631 -0.295044 -1.062597 -0.8099786 -0.6671143 -1.002782 -0.6151544 -0.6671143 -0.9285636 -0.6969415 -0.6671143 -0.9285636 -0.6969415 -0.6671143 -1.002782 -0.6151544 -0.5819092 -1.255712 -0.8683282 -0.6671143 -0.9285636 -0.6969415 -0.5819092 -1.255712 -0.8683282 -0.5831299 -1.196874 -0.9401056 -0.5831299 -1.196874 -0.9401056 -0.5819092 -1.255712 -0.8683282 -0.217163 -1.241064 -0.9603692 -0.5831299 -1.196874 -0.9401056 -0.217163 -1.241064 -0.9603692 -0.217163 -1.209081 -0.9952813 -0.217163 -1.209081 -0.9952813 -0.217163 -1.241064 -0.9603692 -0.295044 -1.062597 -0.8099786 -0.217163 -1.209081 -0.9952813 -0.295044 -1.062597 -0.8099786 -0.295044 -1.036474 -0.8387872 -0.295044 -1.036474 -0.8387872 -0.295044 -1.062597 -0.8099786 -0.6671143 -0.9285636 -0.6969415 -0.295044 -1.036474 -0.8387872 -0.6671143 -0.9285636 -0.6969415 -0.5831299 -1.196874 -0.9401056 -1.144409 -0.3697257 -0.4891778 -0.7415772 -0.2117667 -0.3461114 -1.144409 -0.3953605 -0.4608575 -1.144409 -0.3953605 -0.4608575 -0.7415772 -0.2117667 -0.3461114 -0.7860108 -0.2437491 -0.2977715 -1.144409 -0.3953605 -0.4608575 -0.7860108 -0.2437491 -0.2977715 -1.161743 -0.3775382 -0.4188653 -1.161743 -0.3775382 -0.4188653 -0.7860108 -0.2437491 -0.2977715 -0.8873291 -0.03574132 -0.109295 -1.161743 -0.3775382 -0.4188653 -0.8873291 -0.03574132 -0.109295 -1.35437 0.3158212 0.2095527 -1.35437 0.3158212 0.2095527 -0.8873291 -0.03574132 -0.109295 -0.8536377 0.2132821 0.1162909 -1.35437 0.3158212 0.2095527 -0.8536377 0.2132821 0.1162909 -0.7098389 0.4398446 0.3216132 -0.7098389 0.4398446 0.3216132 -0.8536377 0.2132821 0.1162909 -0.6795654 0.4576669 0.2603339 -0.7098389 0.4398446 0.3216132 -0.6795654 0.4576669 0.2603339 -0.4359131 0.6068368 0.3955878 0.295044 0.9105477 0.9778632 0.6671143 0.7108407 0.9373359 0.6671143 0.7850595 0.8555487 0.6671143 0.7850595 0.8555487 0.6671143 0.7108407 0.9373359 0.5819092 0.9876962 1.164142 0.6671143 0.7850595 0.8555487 0.5819092 0.9876962 1.164142 0.5831299 1.053126 1.098469 0.5831299 1.053126 1.098469 0.5819092 0.9876962 1.164142 0.217163 1.07754 1.140461 0.5831299 1.053126 1.098469 0.217163 1.07754 1.140461 0.217163 1.109522 1.105305 0.217163 1.109522 1.105305 0.217163 1.07754 1.140461 0.295044 0.9105477 0.9778632 0.217163 1.109522 1.105305 0.295044 0.9105477 0.9778632 0.295044 0.9366708 0.9488105 0.295044 0.9366708 0.9488105 0.295044 0.9105477 0.9778632 0.6671143 0.7850595 0.8555487 0.295044 0.9366708 0.9488105 0.6671143 0.7850595 0.8555487 0.5831299 1.053126 1.098469 -0.069458 0.6305184 0.1636542 -0.1090087 0.8568368 0.3689765 0.1551513 0.6185556 0.152912 0.1551513 0.6185556 0.152912 -0.1090087 0.8568368 0.3689765 0.2369384 0.838038 0.3516425 0.1551513 0.6185556 0.152912 0.2369384 0.838038 0.3516425 0.3560791 0.5433602 0.08455264 0.3560791 0.5433602 0.08455264 0.2369384 0.838038 0.3516425 0.5469971 0.7225595 0.2469062 0.3560791 0.5433602 0.08455264 0.5469971 0.7225595 0.2469062 0.5028076 0.416163 -0.03068166 0.5028076 0.416163 -0.03068166 0.5469971 0.7225595 0.2469062 0.7735596 0.5277352 0.07039248 0.5028076 0.416163 -0.03068166 0.7735596 0.5277352 0.07039248 0.5701904 0.2298836 -0.1993829 0.5701904 0.2298836 -0.1993829 0.7735596 0.5277352 0.07039248 0.8729248 0.1874032 -0.2379571 0.4029541 -1.066503 -0.8187677 -0.005493164 -1.083593 -0.7831231 -0.005493164 -1.02915 -0.8431817 -0.005493164 -1.02915 -0.8431817 -0.005493164 -1.083593 -0.7831231 0.232788 -1.289892 -0.9852716 -0.005493164 -1.02915 -0.8431817 0.232788 -1.289892 -0.9852716 0.232788 -1.243017 -1.037029 0.232788 -1.243017 -1.037029 0.232788 -1.289892 -0.9852716 0.5789795 -1.200292 -0.9498712 0.232788 -1.243017 -1.037029 0.5789795 -1.200292 -0.9498712 0.5789795 -1.176122 -0.9764825 0.5789795 -1.176122 -0.9764825 0.5789795 -1.200292 -0.9498712 0.4029541 -1.03745 -0.8507501 0.5789795 -1.176122 -0.9764825 0.4029541 -1.03745 -0.8507501 0.232788 -1.243017 -1.037029 0.232788 -1.243017 -1.037029 0.4029541 -1.03745 -0.8507501 -0.005493164 -1.02915 -0.8431817 -0.4029541 0.9195809 0.9807929 0.005493164 0.8858895 1.001301 0.005493164 0.9403329 0.9412421 0.005493164 0.9403329 0.9412421 0.005493164 0.8858895 1.001301 -0.232788 1.107325 1.186848 0.005493164 0.9403329 0.9412421 -0.232788 1.107325 1.186848 -0.232788 1.1542 1.13509 -0.232788 1.1542 1.13509 -0.232788 1.107325 1.186848 -0.5789795 1.063136 1.101154 -0.232788 1.1542 1.13509 -0.5789795 1.063136 1.101154 -0.5789795 1.087306 1.074543 -0.5789795 1.087306 1.074543 -0.5789795 1.063136 1.101154 -0.4029541 0.9483895 0.9488105 -0.5789795 1.087306 1.074543 -0.4029541 0.9483895 0.9488105 -0.232788 1.1542 1.13509 -0.232788 1.1542 1.13509 -0.4029541 0.9483895 0.9488105 0.005493164 0.9403329 0.9412421 0.069458 -0.2247061 -0.6112481 0.1090087 -0.4512687 -0.8165704 -0.1551513 -0.2129874 -0.600506 -0.1551513 -0.2129874 -0.600506 0.1090087 -0.4512687 -0.8165704 -0.2369384 -0.4322257 -0.7992364 -0.1551513 -0.2129874 -0.600506 -0.2369384 -0.4322257 -0.7992364 -0.3560791 -0.1375479 -0.5321466 -0.3560791 -0.1375479 -0.5321466 -0.2369384 -0.4322257 -0.7992364 -0.5469971 -0.3167472 -0.6945001 -0.3560791 -0.1375479 -0.5321466 -0.5469971 -0.3167472 -0.6945001 -0.5028076 -0.0103507 -0.4169121 -0.5028076 -0.0103507 -0.4169121 -0.5469971 -0.3167472 -0.6945001 -0.7735596 -0.1221671 -0.5179864 -0.5028076 -0.0103507 -0.4169121 -0.7735596 -0.1221671 -0.5179864 -0.5701904 0.1756844 -0.248211 -0.5701904 0.1756844 -0.248211 -0.7735596 -0.1221671 -0.5179864 -0.8729248 0.2181649 -0.2096368 -1.590942 -0.02329015 -0.1481133 -1.615112 0.1361336 0.3389472 -1.625122 0.3075204 0.111164 -1.625122 0.3075204 0.111164 -1.615112 0.1361336 0.3389472 -1.618042 0.4801278 0.5056952 -1.625122 0.3075204 0.111164 -1.618042 0.4801278 0.5056952 -1.614624 0.6317391 0.404621 -1.614624 0.6317391 0.404621 -1.618042 0.4801278 0.5056952 -1.596069 0.4808602 0.5308417 -1.614624 0.6317391 0.404621 -1.596069 0.4808602 0.5308417 -1.520874 0.6490731 0.4204902 -1.520874 0.6490731 0.4204902 -1.596069 0.4808602 0.5308417 -1.52771 0.4840341 0.5098456 -1.520874 0.6490731 0.4204902 -1.52771 0.4840341 0.5098456 -1.490356 0.6153817 0.6221503 1.430542 -0.4798331 -0.551922 1.243042 -0.6746574 -0.5753595 1.243042 -0.6077628 -0.6493341 1.243042 -0.6077628 -0.6493341 1.243042 -0.6746574 -0.5753595 1.062866 -0.9571281 -0.7172052 1.243042 -0.6077628 -0.6493341 1.062866 -0.9571281 -0.7172052 0.993042 -0.8484855 -0.9100763 0.993042 -0.8484855 -0.9100763 1.062866 -0.9571281 -0.7172052 0.9813233 -1.010351 -0.741131 0.993042 -0.8484855 -0.9100763 0.9813233 -1.010351 -0.741131 0.6925049 -0.9168449 -0.972088 0.6925049 -0.9168449 -0.972088 0.9813233 -1.010351 -0.741131 0.6900635 -1.081884 -0.803631 0.6925049 -0.9168449 -0.972088 0.6900635 -1.081884 -0.803631 0.6195068 -1.091894 -0.7945978 0.7596436 -0.1163077 -0.5131036 0.7161865 -0.2859855 -0.3556329 0.4383545 -0.3704581 -0.7433282 0.4383545 -0.3704581 -0.7433282 0.7161865 -0.2859855 -0.3556329 0.4251709 -0.5081534 -0.5568048 0.4383545 -0.3704581 -0.7433282 0.4251709 -0.5081534 -0.5568048 0.1090087 -0.4512687 -0.8165704 0.1090087 -0.4512687 -0.8165704 0.4251709 -0.5081534 -0.5568048 0.1055908 -0.5865226 -0.6276056 0.1090087 -0.4512687 -0.8165704 0.1055908 -0.5865226 -0.6276056 -0.2369384 -0.4322257 -0.7992364 -0.2369384 -0.4322257 -0.7992364 0.1055908 -0.5865226 -0.6276056 -0.2298583 -0.568212 -0.611004 -0.2369384 -0.4322257 -0.7992364 -0.2298583 -0.568212 -0.611004 -0.5306397 -0.4561515 -0.5094415 -0.2215576 1.172511 1.120685 -0.206665 1.130763 1.128742 0.189331 1.190577 1.195637 0.189331 1.190577 1.195637 -0.206665 1.130763 1.128742 0.1903076 1.14712 1.199055 0.189331 1.190577 1.195637 0.1903076 1.14712 1.199055 0.4708252 1.148097 1.192707 0.4708252 1.148097 1.192707 0.1903076 1.14712 1.199055 0.4627686 1.112208 1.204426 0.4708252 1.148097 1.192707 0.4627686 1.112208 1.204426 0.7513428 0.9974618 1.189533 0.7513428 0.9974618 1.189533 0.4627686 1.112208 1.204426 0.5819092 0.9876962 1.164142 0.7513428 0.9974618 1.189533 0.5819092 0.9876962 1.164142 0.6671143 0.7108407 0.9373359 -1.430542 0.5960946 0.423664 -1.243042 0.6385751 0.6153144 -1.243042 0.7054696 0.5413398 -1.243042 0.7054696 0.5413398 -1.243042 0.6385751 0.6153144 -1.062866 0.8075204 0.8824042 -1.243042 0.7054696 0.5413398 -1.062866 0.8075204 0.8824042 -0.993042 0.9889169 0.755207 -0.993042 0.9889169 0.755207 -1.062866 0.8075204 0.8824042 -0.9813233 0.8365731 0.9329413 -0.993042 0.9889169 0.755207 -0.9813233 0.8365731 0.9329413 -0.6925049 1.057276 0.8172187 -0.6925049 1.057276 0.8172187 -0.9813233 0.8365731 0.9329413 -0.6900635 0.9059091 0.9978827 -0.6925049 1.057276 0.8172187 -0.6900635 0.9059091 0.9978827 -0.6195068 0.8978524 1.008625 1.358765 0.1407723 0.4468573 1.327026 0.1380867 0.4173163 1.422485 -0.1690421 0.1660956 1.422485 -0.1690421 0.1660956 1.327026 0.1380867 0.4173163 1.307007 0.1256356 0.40633 1.422485 -0.1690421 0.1660956 1.307007 0.1256356 0.40633 1.403931 -0.1766104 0.1592597 1.403931 -0.1766104 0.1592597 1.307007 0.1256356 0.40633 1.272583 0.09267663 0.4034003 1.403931 -0.1766104 0.1592597 1.272583 0.09267663 0.4034003 1.367065 -0.2112784 0.154621 1.367065 -0.2112784 0.154621 1.272583 0.09267663 0.4034003 1.245972 0.07827234 0.3911933 1.367065 -0.2112784 0.154621 1.245972 0.07827234 0.3911933 1.317017 -0.2161612 0.1204413 -1.358765 -0.458837 -0.09586721 -1.327026 -0.429296 -0.09586721 -1.422485 -0.1490225 0.1848945 -1.422485 -0.1490225 0.1848945 -1.327026 -0.429296 -0.09586721 -1.307007 -0.4168449 -0.08488088 -1.422485 -0.1490225 0.1848945 -1.307007 -0.4168449 -0.08488088 -1.403931 -0.1414542 0.1917304 -1.403931 -0.1414542 0.1917304 -1.307007 -0.4168449 -0.08488088 -1.272583 -0.4107413 -0.05241018 -1.403931 -0.1414542 0.1917304 -1.272583 -0.4107413 -0.05241018 -1.367065 -0.1333975 0.2256659 -1.367065 -0.1333975 0.2256659 -1.272583 -0.4107413 -0.05241018 -1.245972 -0.3973136 -0.03922659 -1.367065 -0.1333975 0.2256659 -1.245972 -0.3973136 -0.03922659 -1.317017 -0.09897375 0.2273749 0.2215576 -1.230566 -1.056805 0.206665 -1.234228 -1.014324 -0.189331 -1.306982 -1.067303 -0.189331 -1.306982 -1.067303 0.206665 -1.234228 -1.014324 -0.1903076 -1.306005 -1.023602 -0.189331 -1.306982 -1.067303 -0.1903076 -1.306005 -1.023602 -0.4708252 -1.299901 -1.025311 -0.4708252 -1.299901 -1.025311 -0.1903076 -1.306005 -1.023602 -0.4627686 -1.307958 -0.9884454 -0.4708252 -1.299901 -1.025311 -0.4627686 -1.307958 -0.9884454 -0.7513428 -1.282079 -0.8754083 -0.7513428 -1.282079 -0.8754083 -0.4627686 -1.307958 -0.9884454 -0.5819092 -1.255712 -0.8683282 -0.7513428 -1.282079 -0.8754083 -0.5819092 -1.255712 -0.8683282 -0.6671143 -1.002782 -0.6151544 1.590942 0.1500496 0.00813663 1.615112 -0.3504386 -0.1027032 1.625122 -0.1402335 -0.2955743 1.625122 -0.1402335 -0.2955743 1.615112 -0.3504386 -0.1027032 1.618042 -0.5501456 -0.4286309 1.625122 -0.1402335 -0.2955743 1.618042 -0.5501456 -0.4286309 1.614624 -0.4644523 -0.5892755 1.614624 -0.4644523 -0.5892755 1.618042 -0.5501456 -0.4286309 1.596069 -0.5752921 -0.4266778 1.614624 -0.4644523 -0.5892755 1.596069 -0.5752921 -0.4266778 1.520874 -0.4817863 -0.6049005 1.520874 -0.4817863 -0.6049005 1.596069 -0.5752921 -0.4266778 1.52771 -0.5545402 -0.4318047 1.520874 -0.4817863 -0.6049005 1.52771 -0.5545402 -0.4318047 1.490356 -0.679296 -0.5516778 -0.7596436 0.52212 0.06575381 -0.7161865 0.3817391 0.2498359 -0.4383545 0.7760263 0.2957343 -0.4383545 0.7760263 0.2957343 -0.7161865 0.3817391 0.2498359 -0.4251709 0.6039071 0.4512519 -0.4383545 0.7760263 0.2957343 -0.4251709 0.6039071 0.4512519 -0.1090087 0.8568368 0.3689765 -0.1090087 0.8568368 0.3689765 -0.4251709 0.6039071 0.4512519 -0.1055908 0.6822763 0.5220527 -0.1090087 0.8568368 0.3689765 -0.1055908 0.6822763 0.5220527 0.2369384 0.838038 0.3516425 0.2369384 0.838038 0.3516425 -0.1055908 0.6822763 0.5220527 0.2298583 0.6639657 0.5054511 0.2369384 0.838038 0.3516425 0.2298583 0.6639657 0.5054511 0.5306397 0.5519052 0.4038886 -0.3223877 -0.8243156 -0.8265802 -0.3531494 -0.9065909 -0.9010431 0.1348876 -0.8472648 -0.8473321 0.1348876 -0.8472648 -0.8473321 -0.3531494 -0.9065909 -0.9010431 0.1622314 -0.9346671 -0.9266778 0.1348876 -0.8472648 -0.8473321 0.1622314 -0.9346671 -0.9266778 0.5716553 -0.7352042 -0.7460138 0.5716553 -0.7352042 -0.7460138 0.1622314 -0.9346671 -0.9266778 0.6531983 -0.8145499 -0.8180353 0.5716553 -0.7352042 -0.7460138 0.6531983 -0.8145499 -0.8180353 1.036499 -0.3331046 -0.3817559 1.036499 -0.3331046 -0.3817559 0.6531983 -0.8145499 -0.8180353 1.181274 -0.3626456 -0.4086114 -1.220825 -0.7129874 -0.4606133 -1.38147 -0.4573722 -0.121502 -1.278687 -0.6456046 -0.4154473 -1.278687 -0.6456046 -0.4154473 -1.38147 -0.4573722 -0.121502 -1.404419 -0.4725089 -0.1351739 -1.278687 -0.6456046 -0.4154473 -1.404419 -0.4725089 -0.1351739 -1.426147 -0.5042472 -0.1368829 -1.426147 -0.5042472 -0.1368829 -1.404419 -0.4725089 -0.1351739 -1.552856 -0.2378897 0.1311835 -1.426147 -0.5042472 -0.1368829 -1.552856 -0.2378897 0.1311835 -1.446899 -0.5042472 -0.1761895 -1.446899 -0.5042472 -0.1761895 -1.552856 -0.2378897 0.1311835 -1.584595 -0.2374014 0.08382022 1.462036 -0.630712 -0.7399103 1.390503 -0.6897941 -0.5421563 1.346802 -0.6141105 -0.7247735 1.346802 -0.6141105 -0.7247735 1.390503 -0.6897941 -0.5421563 1.338989 -0.8262687 -0.6847345 1.346802 -0.6141105 -0.7247735 1.338989 -0.8262687 -0.6847345 1.29895 -0.7686515 -0.8649103 1.29895 -0.7686515 -0.8649103 1.338989 -0.8262687 -0.6847345 1.310425 -0.8428702 -0.6810724 1.29895 -0.7686515 -0.8649103 1.310425 -0.8428702 -0.6810724 1.185181 -0.760839 -0.8578302 1.185181 -0.760839 -0.8578302 1.310425 -0.8428702 -0.6810724 1.224243 -0.8296867 -0.6691095 -0.2369384 -0.4322257 -0.7992364 -0.5306397 -0.4561515 -0.5094415 -0.5469971 -0.3167472 -0.6945001 -0.5469971 -0.3167472 -0.6945001 -0.5306397 -0.4561515 -0.5094415 -0.7503662 -0.2674308 -0.3382989 -0.5469971 -0.3167472 -0.6945001 -0.7503662 -0.2674308 -0.3382989 -0.7735596 -0.1221671 -0.5179864 -0.7735596 -0.1221671 -0.5179864 -0.7503662 -0.2674308 -0.3382989 -0.8458252 0.03408288 -0.06510549 -0.7735596 -0.1221671 -0.5179864 -0.8458252 0.03408288 -0.06510549 -0.8729248 0.2181649 -0.2096368 -0.8729248 0.2181649 -0.2096368 -0.8458252 0.03408288 -0.06510549 -0.5701904 0.1756844 -0.248211 0.9622803 -0.9991202 -0.6793634 1.052612 -0.9581046 -0.6864435 1.172485 -0.6814933 -0.5070001 1.172485 -0.6814933 -0.5070001 1.052612 -0.9581046 -0.6864435 1.235718 -0.6656242 -0.5433771 1.172485 -0.6814933 -0.5070001 1.235718 -0.6656242 -0.5433771 1.008423 -0.4161124 -0.3173028 1.008423 -0.4161124 -0.3173028 1.235718 -0.6656242 -0.5433771 1.06897 -0.3326163 -0.263836 1.008423 -0.4161124 -0.3173028 1.06897 -0.3326163 -0.263836 0.9901123 -0.3990226 -0.3285332 0.9901123 -0.3990226 -0.3285332 1.06897 -0.3326163 -0.263836 1.05603 -0.3099113 -0.2643243 0.3223877 0.9037118 0.7390937 0.3531494 0.9859872 0.8135566 -0.1348876 0.926661 0.7598456 -0.1348876 0.926661 0.7598456 0.3531494 0.9859872 0.8135566 -0.1622314 1.014063 0.8391913 -0.1348876 0.926661 0.7598456 -0.1622314 1.014063 0.8391913 -0.5716553 0.8143563 0.6585273 -0.5716553 0.8143563 0.6585273 -0.1622314 1.014063 0.8391913 -0.6531983 0.8939462 0.7303046 -0.5716553 0.8143563 0.6585273 -0.6531983 0.8939462 0.7303046 -1.036499 0.4125009 0.2942695 -1.036499 0.4125009 0.2942695 -0.6531983 0.8939462 0.7303046 -1.181274 0.4420419 0.3211249 0.5789795 -1.200292 -0.9498712 0.232788 -1.289892 -0.9852716 0.4281006 -1.28745 -1.025311 0.4281006 -1.28745 -1.025311 0.232788 -1.289892 -0.9852716 -0.0435791 -1.367284 -1.04118 0.4281006 -1.28745 -1.025311 -0.0435791 -1.367284 -1.04118 -0.05407714 -1.343847 -1.118084 -0.05407714 -1.343847 -1.118084 -0.0435791 -1.367284 -1.04118 -0.2962647 -1.003026 -0.6981622 -0.05407714 -1.343847 -1.118084 -0.2962647 -1.003026 -0.6981622 -0.3531494 -0.9576163 -0.7054864 -0.3531494 -0.9576163 -0.7054864 -0.2962647 -1.003026 -0.6981622 -0.3048096 -0.9551749 -0.6945001 0.2369384 0.838038 0.3516425 0.5306397 0.5519052 0.4038886 0.5469971 0.7225595 0.2469062 0.5469971 0.7225595 0.2469062 0.5306397 0.5519052 0.4038886 0.7503662 0.3631845 0.2325019 0.5469971 0.7225595 0.2469062 0.7503662 0.3631845 0.2325019 0.7735596 0.5277352 0.07039248 0.7735596 0.5277352 0.07039248 0.7503662 0.3631845 0.2325019 0.8458252 0.06167078 -0.04044729 0.7735596 0.5277352 0.07039248 0.8458252 0.06167078 -0.04044729 0.8729248 0.1874032 -0.2379571 0.8729248 0.1874032 -0.2379571 0.8458252 0.06167078 -0.04044729 0.5701904 0.2298836 -0.1993829 -0.05407714 -1.343847 -1.118084 0.430542 -1.280614 -1.063397 0.4281006 -1.28745 -1.025311 0.4281006 -1.28745 -1.025311 0.430542 -1.280614 -1.063397 0.7747803 -1.160253 -0.9359552 0.4281006 -1.28745 -1.025311 0.7747803 -1.160253 -0.9359552 0.5789795 -1.200292 -0.9498712 0.5789795 -1.200292 -0.9498712 0.7747803 -1.160253 -0.9359552 0.4100342 -1.021337 -0.7762872 0.5789795 -1.200292 -0.9498712 0.4100342 -1.021337 -0.7762872 0.4029541 -1.066503 -0.8187677 0.4029541 -1.066503 -0.8187677 0.4100342 -1.021337 -0.7762872 -0.005493164 -1.083593 -0.7831231 0.05407714 1.244776 1.227375 -0.430542 1.183985 1.170002 -0.4281006 1.146876 1.1805 -0.4281006 1.146876 1.1805 -0.430542 1.183985 1.170002 -0.7747803 1.045069 1.062824 -0.4281006 1.146876 1.1805 -0.7747803 1.045069 1.062824 -0.5789795 1.063136 1.101154 -0.5789795 1.063136 1.101154 -0.7747803 1.045069 1.062824 -0.4100342 0.8727059 0.9402655 -0.5789795 1.063136 1.101154 -0.4100342 0.8727059 0.9402655 -0.4029541 0.9195809 0.9807929 -0.4029541 0.9195809 0.9807929 -0.4100342 0.8727059 0.9402655 0.005493164 0.8858895 1.001301 1.46228 0.4964852 0.6394843 1.234497 0.7259774 0.8474921 1.442017 0.4725595 0.6414374 1.442017 0.4725595 0.6414374 1.234497 0.7259774 0.8474921 1.206421 0.6998544 0.8477362 1.442017 0.4725595 0.6414374 1.206421 0.6998544 0.8477362 0.9664307 0.5790048 0.7403144 0.9664307 0.5790048 0.7403144 1.206421 0.6998544 0.8477362 0.9456787 0.8724618 1.014973 0.9664307 0.5790048 0.7403144 0.9456787 0.8724618 1.014973 0.7796631 0.7655282 0.9180487 0.7796631 0.7655282 0.9180487 0.9456787 0.8724618 1.014973 0.7225342 0.8722177 0.8526191 1.220825 0.5287118 0.6638984 1.38147 0.1661629 0.4429511 1.278687 0.4771981 0.6013984 1.278687 0.4771981 0.6013984 1.38147 0.1661629 0.4429511 1.404419 0.1812996 0.4563788 1.278687 0.4771981 0.6013984 1.404419 0.1812996 0.4563788 1.426147 0.1861824 0.487873 1.426147 0.1861824 0.487873 1.404419 0.1812996 0.4563788 1.552856 -0.1067862 0.2491034 1.426147 0.1861824 0.487873 1.552856 -0.1067862 0.2491034 1.446899 0.2252449 0.4842109 1.446899 0.2252449 0.4842109 1.552856 -0.1067862 0.2491034 1.584595 -0.05966711 0.2439765 0.7225342 0.8722177 0.8526191 0.8892822 0.759913 0.597248 0.7796631 0.7655282 0.9180487 0.7796631 0.7655282 0.9180487 0.8892822 0.759913 0.597248 0.9373779 0.6769052 0.6072577 0.7796631 0.7655282 0.9180487 0.9373779 0.6769052 0.6072577 0.9329834 0.5865731 0.6992987 0.9329834 0.5865731 0.6992987 0.9373779 0.6769052 0.6072577 1.038696 0.4791513 0.4009589 0.9329834 0.5865731 0.6992987 1.038696 0.4791513 0.4009589 1.056519 0.3456063 0.4807929 1.056519 0.3456063 0.4807929 1.038696 0.4791513 0.4009589 1.105103 0.3990731 0.1934394 -0.7225342 -0.934423 -0.7840997 -0.8892822 -0.6692863 -0.6974298 -0.7796631 -0.9891105 -0.6713067 -0.7796631 -0.9891105 -0.6713067 -0.8892822 -0.6692863 -0.6974298 -0.9373779 -0.6709952 -0.6136896 -0.7796631 -0.9891105 -0.6713067 -0.9373779 -0.6709952 -0.6136896 -0.9329834 -0.7537589 -0.5148126 -0.9329834 -0.7537589 -0.5148126 -0.9373779 -0.6709952 -0.6136896 -1.038696 -0.4461417 -0.4369317 -0.9329834 -0.7537589 -0.5148126 -1.038696 -0.4461417 -0.4369317 -1.056519 -0.5127921 -0.2963067 -1.056519 -0.5127921 -0.2963067 -1.038696 -0.4461417 -0.4369317 -1.105103 -0.2320303 -0.3778496 -0.5789795 1.063136 1.101154 -0.232788 1.107325 1.186848 -0.4281006 1.146876 1.1805 -0.4281006 1.146876 1.1805 -0.232788 1.107325 1.186848 0.0435791 1.170557 1.258137 -0.4281006 1.146876 1.1805 0.0435791 1.170557 1.258137 0.05407714 1.244776 1.227375 0.05407714 1.244776 1.227375 0.0435791 1.170557 1.258137 0.2962647 0.7936044 0.9295234 0.05407714 1.244776 1.227375 0.2962647 0.7936044 0.9295234 0.3531494 0.7962899 0.8833808 0.3531494 0.7962899 0.8833808 0.2962647 0.7936044 0.9295234 0.3048096 0.7850595 0.8821601 -1.46228 -0.6856437 -0.4308282 -1.234497 -0.9151359 -0.638836 -1.442017 -0.6851554 -0.4069024 -1.442017 -0.6851554 -0.4069024 -1.234497 -0.9151359 -0.638836 -1.206421 -0.9126945 -0.612713 -1.442017 -0.6851554 -0.4069024 -1.206421 -0.9126945 -0.612713 -0.9664307 -0.793798 -0.5030938 -0.9664307 -0.793798 -0.5030938 -1.206421 -0.9126945 -0.612713 -0.9456787 -1.096044 -0.7682306 -0.9664307 -0.793798 -0.5030938 -0.9456787 -1.096044 -0.7682306 -0.7796631 -0.9891105 -0.6713067 -0.7796631 -0.9891105 -0.6713067 -0.9456787 -1.096044 -0.7682306 -0.7225342 -0.934423 -0.7840997 -0.9622803 0.773829 0.9278144 -1.052612 0.7770028 0.8860663 -1.172485 0.5714364 0.6287421 -1.172485 0.5714364 0.6287421 -1.052612 0.7770028 0.8860663 -1.235718 0.6061044 0.609455 -1.172485 0.5714364 0.6287421 -1.235718 0.6061044 0.609455 -1.008423 0.3563485 0.3831366 -1.008423 0.3563485 0.3831366 -1.235718 0.6061044 0.609455 -1.06897 0.2950692 0.3054999 -1.008423 0.3563485 0.3831366 -1.06897 0.2950692 0.3054999 -0.9901123 0.36587 0.3650702 -0.9901123 0.36587 0.3650702 -1.06897 0.2950692 0.3054999 -1.05603 0.2933602 0.2827948 -1.462036 0.7979989 0.5552558 -1.390503 0.6070809 0.6333808 -1.346802 0.7813974 0.5403632 -1.346802 0.7813974 0.5403632 -1.390503 0.6070809 0.6333808 -1.338989 0.7623544 0.755207 -1.346802 0.7813974 0.5403632 -1.338989 0.7623544 0.755207 -1.29895 0.9359384 0.6802558 -1.29895 0.9359384 0.6802558 -1.338989 0.7623544 0.755207 -1.310425 0.7601571 0.7722968 -1.29895 0.9359384 0.6802558 -1.310425 0.7601571 0.7722968 -1.185181 0.9281259 0.6734198 -1.185181 0.9281259 0.6734198 -1.310425 0.7601571 0.7722968 -1.224243 0.7469735 0.7603339 -1.29895 0.9359384 0.6802558 -1.185181 0.9281259 0.6734198 -1.346802 0.7813974 0.5403632 -1.346802 0.7813974 0.5403632 -1.185181 0.9281259 0.6734198 -1.266968 0.5252938 0.3081855 -1.346802 0.7813974 0.5403632 -1.266968 0.5252938 0.3081855 -1.520874 0.6490731 0.4204902 -1.520874 0.6490731 0.4204902 -1.266968 0.5252938 0.3081855 -1.625122 0.3075204 0.111164 -1.520874 0.6490731 0.4204902 -1.625122 0.3075204 0.111164 -1.614624 0.6317391 0.404621 -0.6846924 -0.9212394 -0.7665216 -0.6629639 -0.9849601 -0.7140313 -0.3319092 -1.045751 -0.8793146 -0.3319092 -1.045751 -0.8793146 -0.6629639 -0.9849601 -0.7140313 -0.3358154 -1.071386 -0.8673517 -0.3319092 -1.045751 -0.8793146 -0.3358154 -1.071386 -0.8673517 -0.3409424 -1.059423 -0.8917657 -0.3409424 -1.059423 -0.8917657 -0.3358154 -1.071386 -0.8673517 -0.6719971 -0.998632 -0.7264825 -0.3409424 -1.059423 -0.8917657 -0.6719971 -0.998632 -0.7264825 -0.6934815 -0.9351554 -0.7789728 -0.6636963 -1.043554 -0.8771173 -0.6414795 -1.106054 -0.8238946 -0.3028565 -1.15415 -0.9774591 -0.3028565 -1.15415 -0.9774591 -0.6414795 -1.106054 -0.8238946 -0.3057861 -1.179784 -0.9654962 -0.3028565 -1.15415 -0.9774591 -0.3057861 -1.179784 -0.9654962 -0.3104248 -1.168066 -0.9901544 -0.3104248 -1.168066 -0.9901544 -0.3057861 -1.179784 -0.9654962 -0.649292 -1.120214 -0.8365899 -0.3104248 -1.168066 -0.9901544 -0.649292 -1.120214 -0.8365899 -0.6715088 -1.05747 -0.8898126 0.8892822 0.759913 0.597248 1.165649 0.9371591 0.7576484 0.9373779 0.6769052 0.6072577 0.9373779 0.6769052 0.6072577 1.165649 0.9371591 0.7576484 1.257446 0.8338876 0.7493476 0.9373779 0.6769052 0.6072577 1.257446 0.8338876 0.7493476 1.038696 0.4791513 0.4009589 1.038696 0.4791513 0.4009589 1.257446 0.8338876 0.7493476 1.493286 0.620997 0.5293769 1.038696 0.4791513 0.4009589 1.493286 0.620997 0.5293769 1.105103 0.3990731 0.1934394 0.7489014 -0.9834952 -0.8229181 0.7650147 -1.024511 -0.7501642 0.9918213 -0.7566886 -0.6175958 0.9918213 -0.7566886 -0.6175958 0.7650147 -1.024511 -0.7501642 1.001587 -0.7789054 -0.6024591 0.9918213 -0.7566886 -0.6175958 1.001587 -0.7789054 -0.6024591 1.007935 -0.7662101 -0.6261407 1.007935 -0.7662101 -0.6261407 1.001587 -0.7789054 -0.6024591 0.7811279 -1.033788 -0.7587091 1.007935 -0.7662101 -0.6261407 0.7811279 -1.033788 -0.7587091 0.7647705 -0.9927726 -0.8317071 -1.618774 0.05800867 0.2266425 -1.708862 0.0570321 0.2207831 -1.572388 -0.2598624 -0.03458791 -1.572388 -0.2598624 -0.03458791 -1.708862 0.0570321 0.2207831 -1.664917 -0.2774406 -0.05216604 -1.572388 -0.2598624 -0.03458791 -1.664917 -0.2774406 -0.05216604 -1.570679 -0.4981437 -0.2374688 -1.570679 -0.4981437 -0.2374688 -1.664917 -0.2774406 -0.05216604 -1.596802 -0.4942374 -0.2572442 -1.570679 -0.4981437 -0.2374688 -1.596802 -0.4942374 -0.2572442 -1.46228 -0.6856437 -0.4308282 -0.4100342 0.8727059 0.9402655 -0.7747803 1.045069 1.062824 -0.802124 0.8026376 0.7981757 -0.802124 0.8026376 0.7981757 -0.7747803 1.045069 1.062824 -0.9168701 0.9815927 0.9937323 -0.802124 0.8026376 0.7981757 -0.9168701 0.9815927 0.9937323 -1.06604 0.8651376 0.8555487 -1.06604 0.8651376 0.8555487 -0.9168701 0.9815927 0.9937323 -0.9422608 1.016016 0.9790839 -1.06604 0.8651376 0.8555487 -0.9422608 1.016016 0.9790839 -1.09436 0.895411 0.8443183 1.172485 -0.6814933 -0.5070001 0.9920654 -0.7513175 -0.4943047 1.004517 -0.6998038 -0.5319024 1.004517 -0.6998038 -0.5319024 0.9920654 -0.7513175 -0.4943047 0.677124 -0.9446769 -0.7535821 1.004517 -0.6998038 -0.5319024 0.677124 -0.9446769 -0.7535821 0.951294 -0.9480949 -0.7460138 0.951294 -0.9480949 -0.7460138 0.677124 -0.9446769 -0.7535821 0.677124 -1.02329 -0.6669122 0.951294 -0.9480949 -0.7460138 0.677124 -1.02329 -0.6669122 0.9622803 -0.9991202 -0.6793634 -0.2982178 0.4417977 0.3042792 -0.2835693 0.5772958 0.1155585 -0.07312011 0.4979501 0.3550605 -0.07312011 0.4979501 0.3550605 -0.2835693 0.5772958 0.1155585 -0.069458 0.6305184 0.1636542 -0.07312011 0.4979501 0.3550605 -0.069458 0.6305184 0.1636542 0.163208 0.4854989 0.3435859 0.163208 0.4854989 0.3435859 -0.069458 0.6305184 0.1636542 0.1551513 0.6185556 0.152912 0.163208 0.4854989 0.3435859 0.1551513 0.6185556 0.152912 0.3560791 0.5433602 0.08455264 -0.232788 1.107325 1.186848 0.005493164 0.8858895 1.001301 0.0435791 1.170557 1.258137 0.0435791 1.170557 1.258137 0.005493164 0.8858895 1.001301 0.02307128 0.8541513 0.9732245 0.0435791 1.170557 1.258137 0.02307128 0.8541513 0.9732245 0.2962647 0.7936044 0.9295234 0.2962647 0.7936044 0.9295234 0.02307128 0.8541513 0.9732245 0.02600097 0.838038 0.9331855 0.2962647 0.7936044 0.9295234 0.02600097 0.838038 0.9331855 0.3048096 0.7850595 0.8821601 1.29895 -0.7686515 -0.8649103 1.185181 -0.760839 -0.8578302 1.346802 -0.6141105 -0.7247735 1.346802 -0.6141105 -0.7247735 1.185181 -0.760839 -0.8578302 1.266968 -0.358007 -0.4928399 1.346802 -0.6141105 -0.7247735 1.266968 -0.358007 -0.4928399 1.520874 -0.4817863 -0.6049005 1.520874 -0.4817863 -0.6049005 1.266968 -0.358007 -0.4928399 1.625122 -0.1402335 -0.2955743 1.520874 -0.4817863 -0.6049005 1.625122 -0.1402335 -0.2955743 1.614624 -0.4644523 -0.5892755 -1.172485 0.5714364 0.6287421 -0.9920654 0.5653329 0.6992987 -1.004517 0.5980477 0.6446112 -1.004517 0.5980477 0.6446112 -0.9920654 0.5653329 0.6992987 -0.677124 0.8426766 0.8662909 -1.004517 0.5980477 0.6446112 -0.677124 0.8426766 0.8662909 -0.951294 0.8353524 0.8704413 -0.951294 0.8353524 0.8704413 -0.677124 0.8426766 0.8662909 -0.677124 0.7640634 0.9529609 -0.951294 0.8353524 0.8704413 -0.677124 0.7640634 0.9529609 -0.9622803 0.773829 0.9278144 1.618774 -0.2308096 -0.03605276 1.708862 -0.2249503 -0.03556448 1.572388 0.06045007 0.2547187 1.572388 0.06045007 0.2547187 1.708862 -0.2249503 -0.03556448 1.664917 0.07949304 0.2703437 1.572388 0.06045007 0.2547187 1.664917 0.07949304 0.2703437 1.570679 0.2857919 0.4720038 1.570679 0.2857919 0.4720038 1.664917 0.07949304 0.2703437 1.596802 0.3048349 0.4661445 1.570679 0.2857919 0.4720038 1.596802 0.3048349 0.4661445 1.46228 0.4964852 0.6394843 -0.7840576 -1.251806 -0.9132501 -0.7745361 -1.05747 -1.125897 -0.4708252 -1.299901 -1.025311 -0.4708252 -1.299901 -1.025311 -0.7745361 -1.05747 -1.125897 -0.460083 -1.146581 -1.206951 -0.4708252 -1.299901 -1.025311 -0.460083 -1.146581 -1.206951 -0.189331 -1.306982 -1.067303 -0.189331 -1.306982 -1.067303 -0.460083 -1.146581 -1.206951 0.2215576 -1.141454 -1.155193 -0.189331 -1.306982 -1.067303 0.2215576 -1.141454 -1.155193 0.2215576 -1.230566 -1.056805 -0.8892822 -0.6692863 -0.6974298 -1.165649 -0.8462882 -0.8578302 -0.9373779 -0.6709952 -0.6136896 -0.9373779 -0.6709952 -0.6136896 -1.165649 -0.8462882 -0.8578302 -1.257446 -0.8279777 -0.7560235 -0.9373779 -0.6709952 -0.6136896 -1.257446 -0.8279777 -0.7560235 -1.038696 -0.4461417 -0.4369317 -1.038696 -0.4461417 -0.4369317 -1.257446 -0.8279777 -0.7560235 -1.493286 -0.5882316 -0.5655938 -1.038696 -0.4461417 -0.4369317 -1.493286 -0.5882316 -0.5655938 -1.105103 -0.2320303 -0.3778496 0.005737304 0.9996591 0.973957 -0.01892089 0.9461923 1.035724 -0.3846436 1.006983 0.9805487 -0.3846436 1.006983 0.9805487 -0.01892089 0.9461923 1.035724 -0.3858643 0.9979501 1.007892 -0.3846436 1.006983 0.9805487 -0.3858643 0.9979501 1.007892 -0.3843994 1.02212 0.9944648 -0.3843994 1.02212 0.9944648 -0.3858643 0.9979501 1.007892 -0.01818847 0.9615731 1.049396 -0.3843994 1.02212 0.9944648 -0.01818847 0.9615731 1.049396 0.006469726 1.014796 0.9876288 0.6846924 0.8534188 0.8413886 0.6629639 0.8075204 0.909748 0.3319092 0.9779306 0.9541816 0.3319092 0.9779306 0.9541816 0.6629639 0.8075204 0.909748 0.3358154 0.9684091 0.9807929 0.3319092 0.9779306 0.9541816 0.3358154 0.9684091 0.9807929 0.3409424 0.9916024 0.9666327 0.3409424 0.9916024 0.9666327 0.3358154 0.9684091 0.9807929 0.6719971 0.8211923 0.9221991 0.3409424 0.9916024 0.9666327 0.6719971 0.8211923 0.9221991 0.6934815 0.8673349 0.8538398 0.6636963 0.9757333 0.9519843 0.6414795 0.9286141 1.019611 0.3028565 1.086329 1.052326 0.3028565 1.086329 1.052326 0.6414795 0.9286141 1.019611 0.3057861 1.076807 1.079182 0.3028565 1.086329 1.052326 0.3057861 1.076807 1.079182 0.3104248 1.100245 1.065021 0.3104248 1.100245 1.065021 0.3057861 1.076807 1.079182 0.649292 0.9427743 1.032307 0.3104248 1.100245 1.065021 0.649292 0.9427743 1.032307 0.6715088 0.9896493 0.9646796 -0.7489014 0.9154306 0.8980292 -0.7650147 0.8470712 0.9458808 -0.9918213 0.6888681 0.6924628 -0.9918213 0.6888681 0.6924628 -0.7650147 0.8470712 0.9458808 -1.001587 0.6759286 0.7161445 -0.9918213 0.6888681 0.6924628 -1.001587 0.6759286 0.7161445 -1.007935 0.6983895 0.7012519 -1.007935 0.6983895 0.7012519 -1.001587 0.6759286 0.7161445 -0.7811279 0.8565927 0.9544257 -1.007935 0.6983895 0.7012519 -0.7811279 0.8565927 0.9544257 -0.7647705 0.924952 0.9065741 -0.08825683 1.080225 1.046955 -0.112915 1.026759 1.108723 -0.4788818 1.08755 1.053791 -0.4788818 1.08755 1.053791 -0.112915 1.026759 1.108723 -0.4798584 1.078761 1.080891 -0.4788818 1.08755 1.053791 -0.4798584 1.078761 1.080891 -0.4783936 1.102931 1.067707 -0.4783936 1.102931 1.067707 -0.4798584 1.078761 1.080891 -0.1124267 1.041895 1.122394 -0.4783936 1.102931 1.067707 -0.1124267 1.041895 1.122394 -0.08801269 1.095606 1.060871 0.7840576 1.03213 1.155598 0.7745361 1.224513 0.9414862 0.4708252 1.148097 1.192707 0.4708252 1.148097 1.192707 0.7745361 1.224513 0.9414862 0.460083 1.313868 1.022297 0.4708252 1.148097 1.192707 0.460083 1.313868 1.022297 0.189331 1.190577 1.195637 0.189331 1.190577 1.195637 0.460083 1.313868 1.022297 -0.2215576 1.261622 1.022297 0.189331 1.190577 1.195637 -0.2215576 1.261622 1.022297 -0.2215576 1.172511 1.120685 0.6722412 -0.7420402 -0.8270685 0.6722412 -0.7676749 -0.798504 0.4359131 -0.4529777 -0.5651056 0.4359131 -0.4529777 -0.5651056 0.6722412 -0.7676749 -0.798504 0.4786377 -0.5027824 -0.532879 0.4359131 -0.4529777 -0.5651056 0.4786377 -0.5027824 -0.532879 0.7098389 -0.3628898 -0.40617 0.7098389 -0.3628898 -0.40617 0.4786377 -0.5027824 -0.532879 0.708374 -0.7605949 -0.7665216 0.7098389 -0.3628898 -0.40617 0.708374 -0.7605949 -0.7665216 1.109497 -0.5821281 -0.6049005 0.2982178 -0.3460441 -0.4098321 0.2835693 -0.1717276 -0.5631524 0.07312011 -0.4021964 -0.4606133 0.07312011 -0.4021964 -0.4606133 0.2835693 -0.1717276 -0.5631524 0.069458 -0.2247061 -0.6112481 0.07312011 -0.4021964 -0.4606133 0.069458 -0.2247061 -0.6112481 -0.163208 -0.3897452 -0.4491387 -0.163208 -0.3897452 -0.4491387 0.069458 -0.2247061 -0.6112481 -0.1551513 -0.2129874 -0.600506 -0.163208 -0.3897452 -0.4491387 -0.1551513 -0.2129874 -0.600506 -0.3560791 -0.1375479 -0.5321466 0.4100342 -1.021337 -0.7762872 0.7747803 -1.160253 -0.9359552 0.802124 -0.8731437 -0.720379 0.802124 -0.8731437 -0.720379 0.7747803 -1.160253 -0.9359552 0.9168701 -1.085302 -0.8795587 0.802124 -0.8731437 -0.720379 0.9168701 -1.085302 -0.8795587 1.06604 -0.9363761 -0.7770196 1.06604 -0.9363761 -0.7770196 0.9168701 -1.085302 -0.8795587 0.9422608 -1.074071 -0.9152032 1.06604 -0.9363761 -0.7770196 0.9422608 -1.074071 -0.9152032 1.09436 -0.9280753 -0.8085138 0.6900635 -1.081884 -0.803631 0.9813233 -1.010351 -0.741131 0.9674072 -1.021337 -0.7069513 0.9674072 -1.021337 -0.7069513 0.9813233 -1.010351 -0.741131 1.062866 -0.9571281 -0.7172052 0.9674072 -1.021337 -0.7069513 1.062866 -0.9571281 -0.7172052 1.052612 -0.9581046 -0.6864435 1.052612 -0.9581046 -0.6864435 1.062866 -0.9571281 -0.7172052 1.243042 -0.6746574 -0.5753595 1.052612 -0.9581046 -0.6864435 1.243042 -0.6746574 -0.5753595 1.235718 -0.6656242 -0.5433771 -0.7860108 -0.2437491 -0.2977715 -0.7415772 -0.2117667 -0.3461114 -0.8873291 -0.03574132 -0.109295 -0.8873291 -0.03574132 -0.109295 -0.7415772 -0.2117667 -0.3461114 -0.8470459 0.008936405 -0.1461602 -0.8873291 -0.03574132 -0.109295 -0.8470459 0.008936405 -0.1461602 -0.8536377 0.2132821 0.1162909 -0.8536377 0.2132821 0.1162909 -0.8470459 0.008936405 -0.1461602 -0.8162842 0.2442879 0.06697452 -0.8536377 0.2132821 0.1162909 -0.8162842 0.2442879 0.06697452 -0.6795654 0.4576669 0.2603339 -0.06066894 -0.434423 -0.7804376 -0.3826904 -0.3682609 -0.720379 -0.06066894 -0.3382316 -0.8863946 -0.06066894 -0.3382316 -0.8863946 -0.3826904 -0.3682609 -0.720379 -0.3826904 -0.2723136 -0.8265802 -0.06066894 -0.3382316 -0.8863946 -0.3826904 -0.2723136 -0.8265802 -0.3231201 -0.1675772 -0.6222345 -0.3231201 -0.1675772 -0.6222345 -0.3826904 -0.2723136 -0.8265802 -0.3826904 -0.3682609 -0.720379 -0.3231201 -0.1675772 -0.6222345 -0.3826904 -0.3682609 -0.720379 -0.3231201 -0.2093253 -0.576336 0.06066894 0.8192391 0.3555487 0.3826904 0.7533212 0.2957343 0.06066894 0.9154306 0.2495917 0.06066894 0.9154306 0.2495917 0.3826904 0.7533212 0.2957343 0.3826904 0.8495126 0.1897773 0.06066894 0.9154306 0.2495917 0.3826904 0.8495126 0.1897773 0.3231201 0.6358895 0.1057929 0.3231201 0.6358895 0.1057929 0.3826904 0.8495126 0.1897773 0.3826904 0.7533212 0.2957343 0.3231201 0.6358895 0.1057929 0.3826904 0.7533212 0.2957343 0.3231201 0.5943856 0.1516913 -0.6900635 0.9059091 0.9978827 -0.9813233 0.8365731 0.9329413 -0.9674072 0.8036141 0.9473456 -0.9674072 0.8036141 0.9473456 -0.9813233 0.8365731 0.9329413 -1.062866 0.8075204 0.8824042 -0.9674072 0.8036141 0.9473456 -1.062866 0.8075204 0.8824042 -1.052612 0.7770028 0.8860663 -1.052612 0.7770028 0.8860663 -1.062866 0.8075204 0.8824042 -1.243042 0.6385751 0.6153144 -1.052612 0.7770028 0.8860663 -1.243042 0.6385751 0.6153144 -1.235718 0.6061044 0.609455 0.232788 -1.289892 -0.9852716 -0.005493164 -1.083593 -0.7831231 -0.0435791 -1.367284 -1.04118 -0.0435791 -1.367284 -1.04118 -0.005493164 -1.083593 -0.7831231 -0.02307128 -1.052587 -0.7543146 -0.0435791 -1.367284 -1.04118 -0.02307128 -1.052587 -0.7543146 -0.2962647 -1.003026 -0.6981622 -0.2962647 -1.003026 -0.6981622 -0.02307128 -1.052587 -0.7543146 -0.02600097 -1.011083 -0.7421075 -0.2962647 -1.003026 -0.6981622 -0.02600097 -1.011083 -0.7421075 -0.3048096 -0.9551749 -0.6945001 0.08825683 -1.148046 -0.972088 0.112915 -1.204198 -0.913006 0.4788818 -1.15537 -0.9789239 0.4788818 -1.15537 -0.9789239 0.112915 -1.204198 -0.913006 0.4798584 -1.181737 -0.9672052 0.4788818 -1.15537 -0.9789239 0.4798584 -1.181737 -0.9672052 0.4783936 -1.170751 -0.9925958 0.4783936 -1.170751 -0.9925958 0.4798584 -1.181737 -0.9672052 0.1124267 -1.219335 -0.9266778 0.4783936 -1.170751 -0.9925958 0.1124267 -1.219335 -0.9266778 0.08801269 -1.163427 -0.986004 -0.005737304 -1.06748 -0.8990899 0.01892089 -1.123632 -0.8397638 0.3846436 -1.074804 -0.9056817 0.3846436 -1.074804 -0.9056817 0.01892089 -1.123632 -0.8397638 0.3858643 -1.100927 -0.8942071 0.3846436 -1.074804 -0.9056817 0.3858643 -1.100927 -0.8942071 0.3843994 -1.090185 -0.9195978 0.3843994 -1.090185 -0.9195978 0.3858643 -1.100927 -0.8942071 0.01818847 -1.139013 -0.8536798 0.3843994 -1.090185 -0.9195978 0.01818847 -1.139013 -0.8536798 -0.006469726 -1.082616 -0.9127618 1.317017 -0.2161612 0.1204413 1.271851 0.01381921 -0.1422539 1.2948 -0.5528312 -0.2491875 1.2948 -0.5528312 -0.2491875 1.271851 0.01381921 -0.1422539 1.266968 -0.358007 -0.4928399 1.2948 -0.5528312 -0.2491875 1.266968 -0.358007 -0.4928399 1.224243 -0.8296867 -0.6691095 1.224243 -0.8296867 -0.6691095 1.266968 -0.358007 -0.4928399 1.185181 -0.760839 -0.8578302 1.300171 -0.2022452 -0.2596856 1.430542 -0.4798331 -0.551922 0.9901123 -0.3055167 -0.4315606 0.9901123 -0.3055167 -0.4315606 1.430542 -0.4798331 -0.551922 1.151978 -0.7708488 -0.8668634 0.9901123 -0.3055167 -0.4315606 1.151978 -0.7708488 -0.8668634 0.9415283 -0.5081534 -0.6288263 0.9415283 -0.5081534 -0.6288263 1.151978 -0.7708488 -0.8668634 0.7576904 -0.6587882 -0.7653009 0.9622803 -0.9991202 -0.6793634 0.677124 -1.02329 -0.6669122 0.9674072 -1.021337 -0.7069513 0.9674072 -1.021337 -0.7069513 0.677124 -1.02329 -0.6669122 0.6600342 -1.09995 -0.7440606 0.9674072 -1.021337 -0.7069513 0.6600342 -1.09995 -0.7440606 0.6900635 -1.081884 -0.803631 0.6900635 -1.081884 -0.803631 0.6600342 -1.09995 -0.7440606 0.6195068 -1.091894 -0.7945978 -1.09436 0.895411 0.8443183 -1.154175 0.8978524 0.6905097 -1.06604 0.8651376 0.8555487 -1.06604 0.8651376 0.8555487 -1.154175 0.8978524 0.6905097 -1.144897 0.8399911 0.6692695 -1.06604 0.8651376 0.8555487 -1.144897 0.8399911 0.6692695 -0.802124 0.8026376 0.7981757 -0.802124 0.8026376 0.7981757 -1.144897 0.8399911 0.6692695 -1.130249 0.5436044 0.5086249 -1.572388 -0.2598624 -0.03458791 -1.570679 -0.4981437 -0.2374688 -1.232788 -0.2403311 -0.006755888 -1.232788 -0.2403311 -0.006755888 -1.570679 -0.4981437 -0.2374688 -1.163696 -0.2415518 0.00447452 -1.232788 -0.2403311 -0.006755888 -1.163696 -0.2415518 0.00447452 -1.256226 0.07680749 0.251789 -1.256226 0.07680749 0.251789 -1.163696 -0.2415518 0.00447452 -1.165405 0.07607507 0.2510566 -0.7796631 -0.9891105 -0.6713067 -0.9329834 -0.7537589 -0.5148126 -0.9664307 -0.793798 -0.5030938 -0.9664307 -0.793798 -0.5030938 -0.9329834 -0.7537589 -0.5148126 -1.087769 -0.5474601 -0.2821465 -0.9664307 -0.793798 -0.5030938 -1.087769 -0.5474601 -0.2821465 -1.442017 -0.6851554 -0.4069024 -1.442017 -0.6851554 -0.4069024 -1.087769 -0.5474601 -0.2821465 -1.570679 -0.4981437 -0.2374688 -0.3531494 -0.9576163 -0.7054864 -0.3048096 -0.9551749 -0.6945001 -0.3531494 -0.7933097 -0.8866388 -0.3531494 -0.7933097 -0.8866388 -0.3048096 -0.9551749 -0.6945001 -0.02600097 -1.011083 -0.7421075 -0.3531494 -0.7933097 -0.8866388 -0.02600097 -1.011083 -0.7421075 0.2364501 -0.838964 -0.9283868 0.2364501 -0.838964 -0.9283868 -0.02600097 -1.011083 -0.7421075 0.3424072 -0.9766593 -0.7701837 -1.497925 -0.1912589 0.1468085 -1.358765 -0.458837 -0.09586721 -1.46228 -0.1858878 0.1783027 -1.46228 -0.1858878 0.1783027 -1.358765 -0.458837 -0.09586721 -1.422485 -0.1490225 0.1848945 -1.46228 -0.1858878 0.1783027 -1.422485 -0.1490225 0.1848945 -1.431763 0.2396492 0.4695624 -1.431763 0.2396492 0.4695624 -1.422485 -0.1490225 0.1848945 -1.403931 -0.1414542 0.1917304 0.7415772 0.3656259 0.1765937 1.144409 0.5235849 0.3196601 0.8470459 0.1446785 -0.02360159 0.8470459 0.1446785 -0.02360159 1.144409 0.5235849 0.3196601 1.35437 -0.2005362 -0.3365899 0.8470459 0.1446785 -0.02360159 1.35437 -0.2005362 -0.3365899 0.8162842 -0.09042882 -0.2364922 0.8162842 -0.09042882 -0.2364922 1.35437 -0.2005362 -0.3365899 0.6795654 -0.3038077 -0.4298516 -0.6722412 0.8956552 0.6573066 -0.6722412 0.8700204 0.6856269 -0.4359131 0.6068368 0.3955878 -0.4359131 0.6068368 0.3955878 -0.6722412 0.8700204 0.6856269 -0.4786377 0.5794931 0.448078 -0.4359131 0.6068368 0.3955878 -0.4786377 0.5794931 0.448078 -0.7098389 0.4398446 0.3216132 -0.7098389 0.4398446 0.3216132 -0.4786377 0.5794931 0.448078 -0.708374 0.8375497 0.6819648 -1.390503 0.6070809 0.6333808 -1.407837 0.2660165 0.4568671 -1.338989 0.7623544 0.755207 -1.338989 0.7623544 0.755207 -1.407837 0.2660165 0.4568671 -1.358765 0.2674813 0.4947089 -1.338989 0.7623544 0.755207 -1.358765 0.2674813 0.4947089 -1.310425 0.7601571 0.7722968 -1.310425 0.7601571 0.7722968 -1.358765 0.2674813 0.4947089 -1.224243 0.7469735 0.7603339 0.4708252 1.148097 1.192707 0.7513428 0.9974618 1.189533 0.7840576 1.03213 1.155598 0.7840576 1.03213 1.155598 0.7513428 0.9974618 1.189533 0.7711182 0.5790048 0.8450507 0.7840576 1.03213 1.155598 0.7711182 0.5790048 0.8450507 0.8121338 0.5667977 0.7859687 0.8121338 0.5667977 0.7859687 0.7711182 0.5790048 0.8450507 0.7640381 0.5702157 0.7974433 -0.4708252 -1.299901 -1.025311 -0.7513428 -1.282079 -0.8754083 -0.7840576 -1.251806 -0.9132501 -0.7840576 -1.251806 -0.9132501 -0.7513428 -1.282079 -0.8754083 -0.7711182 -0.898046 -0.4928399 -0.7840576 -1.251806 -0.9132501 -0.7711182 -0.898046 -0.4928399 -0.8121338 -0.8379874 -0.4867364 -0.8121338 -0.8379874 -0.4867364 -0.7711182 -0.898046 -0.4928399 -0.7640381 -0.8499503 -0.4889336 0.7513428 0.9974618 1.189533 0.6671143 0.7108407 0.9373359 0.7711182 0.5790048 0.8450507 0.7711182 0.5790048 0.8450507 0.6671143 0.7108407 0.9373359 0.3145752 0.8590341 0.9275702 0.7711182 0.5790048 0.8450507 0.3145752 0.8590341 0.9275702 0.3101807 0.8441415 0.8909491 0.3101807 0.8441415 0.8909491 0.3145752 0.8590341 0.9275702 0.1519775 0.8753915 0.8972968 0.7796631 0.7655282 0.9180487 0.9329834 0.5865731 0.6992987 0.9664307 0.5790048 0.7403144 0.9664307 0.5790048 0.7403144 0.9329834 0.5865731 0.6992987 1.087769 0.3348641 0.5166816 0.9664307 0.5790048 0.7403144 1.087769 0.3348641 0.5166816 1.442017 0.4725595 0.6414374 1.442017 0.4725595 0.6414374 1.087769 0.3348641 0.5166816 1.570679 0.2857919 0.4720038 0.6600342 -1.09995 -0.7440606 0.677124 -1.02329 -0.6669122 0.2906494 -1.034765 -0.6720392 0.2906494 -1.034765 -0.6720392 0.677124 -1.02329 -0.6669122 0.75354 -0.8919425 -0.5538751 0.2906494 -1.034765 -0.6720392 0.75354 -0.8919425 -0.5538751 0.2608643 -1.001806 -0.6708185 0.2608643 -1.001806 -0.6708185 0.75354 -0.8919425 -0.5538751 0.7576904 -0.8621574 -0.5411798 1.551636 -0.4068351 -0.1439629 1.497925 -0.1270499 0.2041816 1.534546 -0.413671 -0.1598321 1.534546 -0.413671 -0.1598321 1.497925 -0.1270499 0.2041816 1.46228 -0.1587882 0.2019843 1.534546 -0.413671 -0.1598321 1.46228 -0.1587882 0.2019843 1.482544 -0.4642081 -0.1688653 1.482544 -0.4642081 -0.1688653 1.46228 -0.1587882 0.2019843 1.431763 -0.4905753 -0.1927911 -0.7513428 -1.282079 -0.8754083 -0.6671143 -1.002782 -0.6151544 -0.7711182 -0.898046 -0.4928399 -0.7711182 -0.898046 -0.4928399 -0.6671143 -1.002782 -0.6151544 -0.3145752 -1.007665 -0.7635919 -0.7711182 -0.898046 -0.4928399 -0.3145752 -1.007665 -0.7635919 -0.3101807 -0.9695792 -0.7523614 -0.3101807 -0.9695792 -0.7523614 -0.3145752 -1.007665 -0.7635919 -0.1519775 -0.9791007 -0.782879 -1.300171 0.2779794 0.1761054 -1.430542 0.5960946 0.423664 -0.9901123 0.4593759 0.2617987 -0.9901123 0.4593759 0.2617987 -1.430542 0.5960946 0.423664 -1.151978 0.9381356 0.6822089 -0.9901123 0.4593759 0.2617987 -1.151978 0.9381356 0.6822089 -0.9415283 0.6754403 0.4444159 -0.9415283 0.6754403 0.4444159 -1.151978 0.9381356 0.6822089 -0.7576904 0.8260751 0.5806464 -1.317017 -0.09897375 0.2273749 -1.271851 0.1400399 -0.0272637 -1.2948 0.3019052 0.5259589 -1.2948 0.3019052 0.5259589 -1.271851 0.1400399 -0.0272637 -1.266968 0.5252938 0.3081855 -1.2948 0.3019052 0.5259589 -1.266968 0.5252938 0.3081855 -1.224243 0.7469735 0.7603339 -1.224243 0.7469735 0.7603339 -1.266968 0.5252938 0.3081855 -1.185181 0.9281259 0.6734198 1.09436 -0.9280753 -0.8085138 1.154175 -0.7752433 -0.8258478 1.06604 -0.9363761 -0.7770196 1.06604 -0.9363761 -0.7770196 1.154175 -0.7752433 -0.8258478 1.144897 -0.7481437 -0.7704278 1.06604 -0.9363761 -0.7770196 1.144897 -0.7481437 -0.7704278 0.802124 -0.8731437 -0.720379 0.802124 -0.8731437 -0.720379 1.144897 -0.7481437 -0.7704278 1.130249 -0.559423 -0.491375 1.15271 0.523829 0.3946112 1.15271 0.8316903 0.05501163 0.8148193 0.8138681 0.6575507 0.8148193 0.8138681 0.6575507 1.15271 0.8316903 0.05501163 0.3531494 1.293848 0.473957 0.8148193 0.8138681 0.6575507 0.3531494 1.293848 0.473957 0.3531494 0.9859872 0.8135566 0.3531494 0.9859872 0.8135566 0.3531494 1.293848 0.473957 -0.1622314 1.014063 0.8391913 1.390503 -0.6897941 -0.5421563 1.407837 -0.4803214 -0.2201348 1.338989 -0.8262687 -0.6847345 1.338989 -0.8262687 -0.6847345 1.407837 -0.4803214 -0.2201348 1.358765 -0.5184074 -0.2179375 1.338989 -0.8262687 -0.6847345 1.358765 -0.5184074 -0.2179375 1.310425 -0.8428702 -0.6810724 1.310425 -0.8428702 -0.6810724 1.358765 -0.5184074 -0.2179375 1.224243 -0.8296867 -0.6691095 -0.9622803 0.773829 0.9278144 -0.677124 0.7640634 0.9529609 -0.9674072 0.8036141 0.9473456 -0.9674072 0.8036141 0.9473456 -0.677124 0.7640634 0.9529609 -0.6600342 0.8482919 1.021564 -0.9674072 0.8036141 0.9473456 -0.6600342 0.8482919 1.021564 -0.6900635 0.9059091 0.9978827 -0.6900635 0.9059091 0.9978827 -0.6600342 0.8482919 1.021564 -0.6195068 0.8978524 1.008625 -0.6600342 0.8482919 1.021564 -0.677124 0.7640634 0.9529609 -0.2906494 0.770411 0.963703 -0.2906494 0.770411 0.963703 -0.677124 0.7640634 0.9529609 -0.75354 0.6388192 0.833332 -0.2906494 0.770411 0.963703 -0.75354 0.6388192 0.833332 -0.2608643 0.7660165 0.9309882 -0.2608643 0.7660165 0.9309882 -0.75354 0.6388192 0.833332 -0.7576904 0.6229501 0.8047675 0.3531494 0.7962899 0.8833808 0.3048096 0.7850595 0.8821601 0.3531494 0.9605966 0.7022284 0.3531494 0.9605966 0.7022284 0.3048096 0.7850595 0.8821601 0.02600097 0.838038 0.9331855 0.3531494 0.9605966 0.7022284 0.02600097 0.838038 0.9331855 -0.2364501 1.006251 0.7437323 -0.2364501 1.006251 0.7437323 0.02600097 0.838038 0.9331855 -0.3424072 0.8622079 0.8963202 1.572388 0.06045007 0.2547187 1.570679 0.2857919 0.4720038 1.232788 0.03066492 0.2381171 1.232788 0.03066492 0.2381171 1.570679 0.2857919 0.4720038 1.163696 0.01943445 0.2403144 1.232788 0.03066492 0.2381171 1.163696 0.01943445 0.2403144 1.256226 -0.2579093 -0.05216604 1.256226 -0.2579093 -0.05216604 1.163696 0.01943445 0.2403144 1.165405 -0.2569327 -0.05118948 -0.7415772 -0.2117667 -0.3461114 -1.144409 -0.3697257 -0.4891778 -0.8470459 0.008936405 -0.1461602 -0.8470459 0.008936405 -0.1461602 -1.144409 -0.3697257 -0.4891778 -1.35437 0.3543954 0.1670722 -0.8470459 0.008936405 -0.1461602 -1.35437 0.3543954 0.1670722 -0.8162842 0.2442879 0.06697452 -0.8162842 0.2442879 0.06697452 -1.35437 0.3543954 0.1670722 -0.6795654 0.4576669 0.2603339 -1.15271 -0.4444327 -0.4820977 -1.15271 -0.1365714 -0.8219415 -0.8148193 -0.7344718 -0.7450372 -0.8148193 -0.7344718 -0.7450372 -1.15271 -0.1365714 -0.8219415 -0.3531494 -0.5987296 -1.240887 -0.8148193 -0.7344718 -0.7450372 -0.3531494 -0.5987296 -1.240887 -0.3531494 -0.9065909 -0.9010431 -0.3531494 -0.9065909 -0.9010431 -0.3531494 -0.5987296 -1.240887 0.1622314 -0.9346671 -0.9266778 0.4359131 -0.4529777 -0.5651056 0.7098389 -0.3628898 -0.40617 0.6795654 -0.3038077 -0.4298516 0.6795654 -0.3038077 -0.4298516 0.7098389 -0.3628898 -0.40617 0.8536377 -0.1365714 -0.2010918 0.6795654 -0.3038077 -0.4298516 0.8536377 -0.1365714 -0.2010918 0.8162842 -0.09042882 -0.2364922 0.8162842 -0.09042882 -0.2364922 0.8536377 -0.1365714 -0.2010918 0.8470459 0.1446785 -0.02360159 -1.551636 0.1827645 0.3911933 -1.497925 -0.1912589 0.1468085 -1.534546 0.199366 0.3965644 -1.534546 0.199366 0.3965644 -1.497925 -0.1912589 0.1468085 -1.46228 -0.1858878 0.1783027 -1.534546 0.199366 0.3965644 -1.46228 -0.1858878 0.1783027 -1.482544 0.2132821 0.4456366 -1.482544 0.2132821 0.4456366 -1.46228 -0.1858878 0.1783027 -1.431763 0.2396492 0.4695624 1.497925 -0.1270499 0.2041816 1.358765 0.1407723 0.4468573 1.46228 -0.1587882 0.2019843 1.46228 -0.1587882 0.2019843 1.358765 0.1407723 0.4468573 1.422485 -0.1690421 0.1660956 1.46228 -0.1587882 0.2019843 1.422485 -0.1690421 0.1660956 1.431763 -0.4905753 -0.1927911 1.431763 -0.4905753 -0.1927911 1.422485 -0.1690421 0.1660956 1.403931 -0.1766104 0.1592597 -1.151978 0.9381356 0.6822089 -1.09436 0.895411 0.8443183 -0.9422608 1.128565 0.8548163 -0.9422608 1.128565 0.8548163 -1.09436 0.895411 0.8443183 -0.9422608 1.016016 0.9790839 -0.9422608 1.128565 0.8548163 -0.9422608 1.016016 0.9790839 -0.7894287 1.085597 1.057209 0.677124 -1.02329 -0.6669122 0.9920654 -0.7513175 -0.4943047 0.75354 -0.8919425 -0.5538751 0.75354 -0.8919425 -0.5538751 0.9920654 -0.7513175 -0.4943047 0.963501 -0.698339 -0.4452325 0.75354 -0.8919425 -0.5538751 0.963501 -0.698339 -0.4452325 0.7576904 -0.8621574 -0.5411798 1.161743 0.4542489 0.3340644 0.7860108 0.3204599 0.2129706 0.8873291 0.112452 0.02449405 0.8873291 0.112452 0.02449405 0.7860108 0.3204599 0.2129706 0.7415772 0.3656259 0.1765937 0.8873291 0.112452 0.02449405 0.7415772 0.3656259 0.1765937 0.8470459 0.1446785 -0.02360159 -0.001342773 -0.2752433 -0.6361505 -0.06066894 -0.434423 -0.7804376 -0.001342773 -0.2334952 -0.6820489 -0.001342773 -0.2334952 -0.6820489 -0.06066894 -0.434423 -0.7804376 -0.06066894 -0.3382316 -0.8863946 -0.001342773 -0.2334952 -0.6820489 -0.06066894 -0.3382316 -0.8863946 -0.3231201 -0.1675772 -0.6222345 0.1519775 0.8753915 0.8972968 0.1783447 0.9107919 0.8914374 0.3101807 0.8441415 0.8909491 0.3101807 0.8441415 0.8909491 0.1783447 0.9107919 0.8914374 0.1783447 1.000391 0.7923163 0.3101807 0.8441415 0.8909491 0.1783447 1.000391 0.7923163 0.4840088 0.9208016 0.6660956 0.3101807 0.8441415 0.8909491 0.4840088 0.9208016 0.6660956 0.7640381 0.5702157 0.7974433 0.7640381 0.5702157 0.7974433 0.4840088 0.9208016 0.6660956 0.8121338 0.786036 0.5440253 0.7640381 0.5702157 0.7974433 0.8121338 0.786036 0.5440253 0.8121338 0.5667977 0.7859687 0.5819092 0.9876962 1.164142 0.4627686 1.112208 1.204426 0.217163 1.07754 1.140461 0.217163 1.07754 1.140461 0.4627686 1.112208 1.204426 0.1903076 1.14712 1.199055 0.217163 1.07754 1.140461 0.1903076 1.14712 1.199055 -0.206665 1.130763 1.128742 -0.2608643 0.7660165 0.9309882 -0.7576904 0.6229501 0.8047675 -0.7576904 0.8260751 0.5806464 -0.7576904 0.8260751 0.5806464 -0.7576904 0.6229501 0.8047675 -0.9312744 0.5060067 0.6343573 -0.7576904 0.8260751 0.5806464 -0.9312744 0.5060067 0.6343573 -0.9415283 0.6754403 0.4444159 1.302124 0.4894052 0.6121405 1.446899 0.2252449 0.4842109 1.590942 0.1500496 0.00813663 1.590942 0.1500496 0.00813663 1.446899 0.2252449 0.4842109 1.584595 -0.05966711 0.2439765 1.590942 0.1500496 0.00813663 1.584595 -0.05966711 0.2439765 1.615112 -0.3504386 -0.1027032 1.520874 -0.4817863 -0.6049005 1.490356 -0.679296 -0.5516778 1.462036 -0.630712 -0.7399103 1.462036 -0.630712 -0.7399103 1.490356 -0.679296 -0.5516778 1.477417 -0.7061515 -0.5572931 1.462036 -0.630712 -0.7399103 1.477417 -0.7061515 -0.5572931 1.390503 -0.6897941 -0.5421563 1.172485 -0.6814933 -0.5070001 1.008423 -0.4161124 -0.3173028 0.963501 -0.698339 -0.4452325 0.963501 -0.698339 -0.4452325 1.008423 -0.4161124 -0.3173028 0.9312744 -0.6807609 -0.4413262 0.963501 -0.698339 -0.4452325 0.9312744 -0.6807609 -0.4413262 0.7576904 -0.8621574 -0.5411798 1.430542 -0.4798331 -0.551922 1.287231 -0.7652335 -0.7987481 1.151978 -0.7708488 -0.8668634 1.151978 -0.7708488 -0.8668634 1.287231 -0.7652335 -0.7987481 1.154175 -0.7752433 -0.8258478 1.151978 -0.7708488 -0.8668634 1.154175 -0.7752433 -0.8258478 1.09436 -0.9280753 -0.8085138 1.151978 -0.7708488 -0.8668634 1.09436 -0.9280753 -0.8085138 0.9422608 -0.9615226 -1.039471 0.9422608 -0.9615226 -1.039471 1.09436 -0.9280753 -0.8085138 0.9422608 -1.074071 -0.9152032 0.9422608 -0.9615226 -1.039471 0.9422608 -1.074071 -0.9152032 0.7894287 -1.158544 -0.9767267 -0.1519775 -0.9791007 -0.782879 -0.1783447 -0.9766593 -0.8185235 -0.3101807 -0.9695792 -0.7523614 -0.3101807 -0.9695792 -0.7523614 -0.1783447 -0.9766593 -0.8185235 -0.1783447 -0.8868156 -0.9176446 -0.3101807 -0.9695792 -0.7523614 -0.1783447 -0.8868156 -0.9176446 -0.4840088 -0.7535148 -0.8507501 -0.3101807 -0.9695792 -0.7523614 -0.4840088 -0.7535148 -0.8507501 -0.7640381 -0.8499503 -0.4889336 -0.7640381 -0.8499503 -0.4889336 -0.4840088 -0.7535148 -0.8507501 -0.8121338 -0.6187492 -0.7284356 -0.7640381 -0.8499503 -0.4889336 -0.8121338 -0.6187492 -0.7284356 -0.8121338 -0.8379874 -0.4867364 -0.5819092 -1.255712 -0.8683282 -0.4627686 -1.307958 -0.9884454 -0.217163 -1.241064 -0.9603692 -0.217163 -1.241064 -0.9603692 -0.4627686 -1.307958 -0.9884454 -0.1903076 -1.306005 -1.023602 -0.217163 -1.241064 -0.9603692 -0.1903076 -1.306005 -1.023602 0.206665 -1.234228 -1.014324 0.2608643 -1.001806 -0.6708185 0.7576904 -0.8621574 -0.5411798 0.7576904 -0.6587882 -0.7653009 0.7576904 -0.6587882 -0.7653009 0.7576904 -0.8621574 -0.5411798 0.9312744 -0.6807609 -0.4413262 0.7576904 -0.6587882 -0.7653009 0.9312744 -0.6807609 -0.4413262 0.9415283 -0.5081534 -0.6288263 1.759155 -0.06454992 -0.2269707 1.71106 -0.06357336 -0.2262383 1.716187 0.256495 0.06404483 1.716187 0.256495 0.06404483 1.71106 -0.06357336 -0.2262383 1.617065 -0.06015539 -0.2228204 1.716187 0.256495 0.06404483 1.617065 -0.06015539 -0.2228204 1.260132 -0.06894445 -0.2306329 -1.759155 0.2318367 0.04231631 -1.71106 0.2308602 0.04158389 -1.716187 -0.08920812 -0.2484551 -1.716187 -0.08920812 -0.2484551 -1.71106 0.2308602 0.04158389 -1.617065 0.2274422 0.03841006 -1.716187 -0.08920812 -0.2484551 -1.617065 0.2274422 0.03841006 -1.260132 0.2362313 0.04622256 -1.181274 0.7499032 -0.01871877 -1.181274 0.4420419 0.3211249 -0.6531983 1.201807 0.390705 -0.6531983 1.201807 0.390705 -1.181274 0.4420419 0.3211249 -0.6531983 0.8939462 0.7303046 -0.6531983 1.201807 0.390705 -0.6531983 0.8939462 0.7303046 -0.1622314 1.014063 0.8391913 1.292358 0.2430672 -0.4784356 1.147583 0.2728524 -0.4515801 1.15271 0.8316903 0.05501163 1.15271 0.8316903 0.05501163 1.147583 0.2728524 -0.4515801 1.02771 0.7948251 0.02132022 1.15271 0.8316903 0.05501163 1.02771 0.7948251 0.02132022 0.7305908 1.057276 0.2593573 1.15271 0.8316903 0.05501163 0.7305908 1.057276 0.2593573 0.3531494 1.293848 0.473957 0.3531494 1.293848 0.473957 0.7305908 1.057276 0.2593573 0.3223877 1.211573 0.3992499 0.3531494 1.293848 0.473957 0.3223877 1.211573 0.3992499 -0.1348876 1.234522 0.420246 0.3531494 1.293848 0.473957 -0.1348876 1.234522 0.420246 -0.6531983 1.201807 0.390705 -0.6531983 1.201807 0.390705 -0.1348876 1.234522 0.420246 -0.5716553 1.122462 0.3186835 -0.6531983 1.201807 0.390705 -0.5716553 1.122462 0.3186835 -1.036499 0.7203622 -0.04557424 1.181274 -0.05478429 -0.7484552 1.181274 -0.3626456 -0.4086114 0.6531983 -0.5066886 -1.157635 0.6531983 -0.5066886 -1.157635 1.181274 -0.3626456 -0.4086114 0.6531983 -0.8145499 -0.8180353 0.6531983 -0.5066886 -1.157635 0.6531983 -0.8145499 -0.8180353 0.1622314 -0.9346671 -0.9266778 -1.292358 0.4520516 -0.2884942 -1.147583 0.4225106 -0.3153496 -1.15271 -0.1365714 -0.8219415 -1.15271 -0.1365714 -0.8219415 -1.147583 0.4225106 -0.3153496 -1.02771 -0.09946203 -0.7882501 -1.15271 -0.1365714 -0.8219415 -1.02771 -0.09946203 -0.7882501 -0.7305908 -0.3619132 -1.026287 -1.15271 -0.1365714 -0.8219415 -0.7305908 -0.3619132 -1.026287 -0.3531494 -0.5987296 -1.240887 -0.3531494 -0.5987296 -1.240887 -0.7305908 -0.3619132 -1.026287 -0.3223877 -0.5164542 -1.16618 -0.3531494 -0.5987296 -1.240887 -0.3223877 -0.5164542 -1.16618 0.1348876 -0.5394034 -1.187176 -0.3531494 -0.5987296 -1.240887 0.1348876 -0.5394034 -1.187176 0.6531983 -0.5066886 -1.157635 0.6531983 -0.5066886 -1.157635 0.1348876 -0.5394034 -1.187176 0.5716553 -0.4270988 -1.085613 0.6531983 -0.5066886 -1.157635 0.5716553 -0.4270988 -1.085613 1.036499 -0.02499914 -0.7215997 0.001342773 0.6603036 0.2115058 0.06066894 0.8192391 0.3555487 0.001342773 0.7018075 0.1656073 0.001342773 0.7018075 0.1656073 0.06066894 0.8192391 0.3555487 0.06066894 0.9154306 0.2495917 0.001342773 0.7018075 0.1656073 0.06066894 0.9154306 0.2495917 0.3231201 0.6358895 0.1057929 -1.224243 0.7469735 0.7603339 -1.358765 0.2674813 0.4947089 -1.2948 0.3019052 0.5259589 -1.2948 0.3019052 0.5259589 -1.358765 0.2674813 0.4947089 -1.367065 -0.1333975 0.2256659 -1.2948 0.3019052 0.5259589 -1.367065 -0.1333975 0.2256659 -1.317017 -0.09897375 0.2273749 -1.302124 -0.6575675 -0.4264336 -1.446899 -0.5042472 -0.1761895 -1.590942 -0.02329015 -0.1481133 -1.590942 -0.02329015 -0.1481133 -1.446899 -0.5042472 -0.1761895 -1.584595 -0.2374014 0.08382022 -1.590942 -0.02329015 -0.1481133 -1.584595 -0.2374014 0.08382022 -1.615112 0.1361336 0.3389472 -1.520874 0.6490731 0.4204902 -1.490356 0.6153817 0.6221503 -1.462036 0.7979989 0.5552558 -1.462036 0.7979989 0.5552558 -1.490356 0.6153817 0.6221503 -1.477417 0.6236825 0.6485175 -1.462036 0.7979989 0.5552558 -1.477417 0.6236825 0.6485175 -1.390503 0.6070809 0.6333808 0.005493164 0.8858895 1.001301 -0.4100342 0.8727059 0.9402655 0.02307128 0.8541513 0.9732245 0.02307128 0.8541513 0.9732245 -0.4100342 0.8727059 0.9402655 -0.3424072 0.8622079 0.8963202 0.02307128 0.8541513 0.9732245 -0.3424072 0.8622079 0.8963202 0.02600097 0.838038 0.9331855 -1.172485 0.5714364 0.6287421 -1.008423 0.3563485 0.3831366 -0.963501 0.5113778 0.6514472 -0.963501 0.5113778 0.6514472 -1.008423 0.3563485 0.3831366 -0.9312744 0.5060067 0.6343573 -0.963501 0.5113778 0.6514472 -0.9312744 0.5060067 0.6343573 -0.7576904 0.6229501 0.8047675 -0.677124 0.7640634 0.9529609 -0.9920654 0.5653329 0.6992987 -0.75354 0.6388192 0.833332 -0.75354 0.6388192 0.833332 -0.9920654 0.5653329 0.6992987 -0.963501 0.5113778 0.6514472 -0.75354 0.6388192 0.833332 -0.963501 0.5113778 0.6514472 -0.7576904 0.6229501 0.8047675 1.224243 -0.8296867 -0.6691095 1.358765 -0.5184074 -0.2179375 1.2948 -0.5528312 -0.2491875 1.2948 -0.5528312 -0.2491875 1.358765 -0.5184074 -0.2179375 1.367065 -0.2112784 0.154621 1.2948 -0.5528312 -0.2491875 1.367065 -0.2112784 0.154621 1.317017 -0.2161612 0.1204413 -0.005493164 -1.083593 -0.7831231 0.4100342 -1.021337 -0.7762872 -0.02307128 -1.052587 -0.7543146 -0.02307128 -1.052587 -0.7543146 0.4100342 -1.021337 -0.7762872 0.3424072 -0.9766593 -0.7701837 -0.02307128 -1.052587 -0.7543146 0.3424072 -0.9766593 -0.7701837 -0.02600097 -1.011083 -0.7421075 -1.430542 0.5960946 0.423664 -1.287231 0.8700204 0.6834296 -1.151978 0.9381356 0.6822089 -1.151978 0.9381356 0.6822089 -1.287231 0.8700204 0.6834296 -1.154175 0.8978524 0.6905097 -1.151978 0.9381356 0.6822089 -1.154175 0.8978524 0.6905097 -1.09436 0.895411 0.8443183 -1.143188 0.2274422 0.03841006 -1.105103 -0.2320303 -0.3778496 -1.260132 0.2362313 0.04622256 -1.260132 0.2362313 0.04622256 -1.105103 -0.2320303 -0.3778496 -1.716187 -0.08920812 -0.2484551 -1.716187 -0.08920812 -0.2484551 -1.105103 -0.2320303 -0.3778496 -1.623413 -0.325048 -0.4620782 -1.623413 -0.325048 -0.4620782 -1.105103 -0.2320303 -0.3778496 -1.493286 -0.5882316 -0.5655938 -0.2276611 0.7972665 0.9507636 -0.2608643 0.7660165 0.9309882 -0.2364501 1.006251 0.7437323 -0.2364501 1.006251 0.7437323 -0.2608643 0.7660165 0.9309882 -0.7576904 0.8260751 0.5806464 -1.759155 0.2318367 0.04231631 -1.699341 -0.2552238 -0.06852346 -1.71106 0.2308602 0.04158389 -1.71106 0.2308602 0.04158389 -1.699341 -0.2552238 -0.06852346 -1.664917 -0.2774406 -0.05216604 1.327026 0.1380867 0.4173163 1.195435 0.4505868 0.5879706 1.307007 0.1256356 0.40633 1.307007 0.1256356 0.40633 1.195435 0.4505868 0.5879706 1.272583 0.09267663 0.4034003 -1.256226 0.07680749 0.251789 -1.165405 0.07607507 0.2510566 -1.260132 0.2362313 0.04622256 -1.260132 0.2362313 0.04622256 -1.165405 0.07607507 0.2510566 -1.143188 0.2274422 0.03841006 1.446899 0.2252449 0.4842109 1.302124 0.4894052 0.6121405 1.426147 0.1861824 0.487873 1.426147 0.1861824 0.487873 1.302124 0.4894052 0.6121405 1.278687 0.4771981 0.6013984 -1.71106 0.2308602 0.04158389 -1.708862 0.0570321 0.2207831 -1.617065 0.2274422 0.03841006 -1.617065 0.2274422 0.03841006 -1.708862 0.0570321 0.2207831 -1.618774 0.05800867 0.2266425 -1.617065 0.2274422 0.03841006 -1.572388 -0.2598624 -0.03458791 -1.260132 0.2362313 0.04622256 -1.260132 0.2362313 0.04622256 -1.572388 -0.2598624 -0.03458791 -1.232788 -0.2403311 -0.006755888 -1.165405 0.07607507 0.2510566 -1.141479 -0.2181143 -0.02360159 -1.143188 0.2274422 0.03841006 -1.143188 0.2274422 0.03841006 -1.141479 -0.2181143 -0.02360159 -1.105103 -0.2320303 -0.3778496 -1.165405 0.07607507 0.2510566 -1.163696 -0.2415518 0.00447452 -1.141479 -0.2181143 -0.02360159 -1.141479 -0.2181143 -0.02360159 -1.163696 -0.2415518 0.00447452 -1.056519 -0.5127921 -0.2963067 1.71106 -0.06357336 -0.2262383 1.708862 -0.2249503 -0.03556448 1.617065 -0.06015539 -0.2228204 1.617065 -0.06015539 -0.2228204 1.708862 -0.2249503 -0.03556448 1.618774 -0.2308096 -0.03605276 -0.7225342 -0.934423 -0.7840997 -0.9456787 -1.096044 -0.7682306 -0.9112549 -1.060644 -0.8986017 -0.9112549 -1.060644 -0.8986017 -0.9456787 -1.096044 -0.7682306 -0.9781494 -1.09287 -0.7999688 -1.570679 -0.4981437 -0.2374688 -1.087769 -0.5474601 -0.2821465 -1.163696 -0.2415518 0.00447452 -1.163696 -0.2415518 0.00447452 -1.087769 -0.5474601 -0.2821465 -1.056519 -0.5127921 -0.2963067 1.358765 -0.5184074 -0.2179375 1.407837 -0.4803214 -0.2201348 1.367065 -0.2112784 0.154621 1.367065 -0.2112784 0.154621 1.407837 -0.4803214 -0.2201348 1.403931 -0.1766104 0.1592597 -1.234497 -0.9151359 -0.638836 -0.9781494 -1.09287 -0.7999688 -1.206421 -0.9126945 -0.612713 -1.206421 -0.9126945 -0.612713 -0.9781494 -1.09287 -0.7999688 -0.9456787 -1.096044 -0.7682306 1.245972 0.07827234 0.3911933 1.272583 0.09267663 0.4034003 1.170288 0.4396005 0.5779609 1.170288 0.4396005 0.5779609 1.272583 0.09267663 0.4034003 1.195435 0.4505868 0.5879706 -0.9901123 0.4593759 0.2617987 -0.9415283 0.6754403 0.4444159 -0.9901123 0.36587 0.3650702 -0.9901123 0.36587 0.3650702 -0.9415283 0.6754403 0.4444159 -0.9312744 0.5060067 0.6343573 -0.9112549 -1.060644 -0.8986017 -1.165649 -0.8462882 -0.8578302 -0.7225342 -0.934423 -0.7840997 -0.7225342 -0.934423 -0.7840997 -1.165649 -0.8462882 -0.8578302 -0.8892822 -0.6692863 -0.6974298 -0.7596436 0.52212 0.06575381 -0.4383545 0.7760263 0.2957343 -0.4703369 0.4432626 -0.005779325 -0.4703369 0.4432626 -0.005779325 -0.4383545 0.7760263 0.2957343 -0.2835693 0.5772958 0.1155585 -0.4383545 0.7760263 0.2957343 -0.1090087 0.8568368 0.3689765 -0.2835693 0.5772958 0.1155585 -0.2835693 0.5772958 0.1155585 -0.1090087 0.8568368 0.3689765 -0.069458 0.6305184 0.1636542 -0.2276611 0.7972665 0.9507636 -0.2364501 1.006251 0.7437323 -0.6195068 0.8978524 1.008625 -0.6195068 0.8978524 1.008625 -0.2364501 1.006251 0.7437323 -0.6925049 1.057276 0.8172187 1.02771 0.4867196 0.361164 0.7305908 0.7491708 0.598957 1.02771 0.7948251 0.02132022 1.02771 0.7948251 0.02132022 0.7305908 0.7491708 0.598957 0.7305908 1.057276 0.2593573 -1.06897 0.2950692 0.3054999 -1.235718 0.6061044 0.609455 -1.430542 0.5960946 0.423664 -1.430542 0.5960946 0.423664 -1.235718 0.6061044 0.609455 -1.243042 0.6385751 0.6153144 -1.05603 0.2933602 0.2827948 -1.06897 0.2950692 0.3054999 -1.300171 0.2779794 0.1761054 -1.300171 0.2779794 0.1761054 -1.06897 0.2950692 0.3054999 -1.430542 0.5960946 0.423664 1.130249 -0.559423 -0.491375 1.144897 -0.7481437 -0.7704278 1.430542 -0.4798331 -0.551922 1.430542 -0.4798331 -0.551922 1.144897 -0.7481437 -0.7704278 1.287231 -0.7652335 -0.7987481 0.9168701 -1.085302 -0.8795587 0.7747803 -1.160253 -0.9359552 0.9422608 -1.074071 -0.9152032 0.9422608 -1.074071 -0.9152032 0.7747803 -1.160253 -0.9359552 0.7894287 -1.158544 -0.9767267 -1.266968 0.5252938 0.3081855 -1.271851 0.1400399 -0.0272637 -1.625122 0.3075204 0.111164 -1.625122 0.3075204 0.111164 -1.271851 0.1400399 -0.0272637 -1.590942 -0.02329015 -0.1481133 -1.300171 0.2779794 0.1761054 -0.9901123 0.4593759 0.2617987 -1.05603 0.2933602 0.2827948 -1.05603 0.2933602 0.2827948 -0.9901123 0.4593759 0.2617987 -0.9901123 0.36587 0.3650702 -1.170288 -0.6187492 -0.3805352 -1.271851 0.1400399 -0.0272637 -1.245972 -0.3973136 -0.03922659 -1.245972 -0.3973136 -0.03922659 -1.271851 0.1400399 -0.0272637 -1.317017 -0.09897375 0.2273749 -0.5701904 0.1756844 -0.248211 -0.8458252 0.03408288 -0.06510549 -0.5982666 0.005762577 -0.0909844 -0.5982666 0.005762577 -0.0909844 -0.8458252 0.03408288 -0.06510549 -0.7503662 -0.2674308 -0.3382989 -0.005493164 -1.02915 -0.8431817 0.4029541 -1.03745 -0.8507501 0.4029541 -1.066503 -0.8187677 0.4029541 -1.066503 -0.8187677 0.4029541 -1.03745 -0.8507501 0.5789795 -1.200292 -0.9498712 -1.151978 0.9381356 0.6822089 -0.9422608 1.128565 0.8548163 -0.7576904 0.8260751 0.5806464 -0.7576904 0.8260751 0.5806464 -0.9422608 1.128565 0.8548163 -0.2364501 1.006251 0.7437323 0.3531494 0.7962899 0.8833808 0.3531494 0.9605966 0.7022284 0.05407714 1.244776 1.227375 0.05407714 1.244776 1.227375 0.3531494 0.9605966 0.7022284 0.04650878 1.373682 1.07674 -0.4437256 1.317042 1.025471 -0.430542 1.183985 1.170002 0.04650878 1.373682 1.07674 0.04650878 1.373682 1.07674 -0.430542 1.183985 1.170002 0.05407714 1.244776 1.227375 0.3531494 0.9605966 0.7022284 -0.2364501 1.006251 0.7437323 0.04650878 1.373682 1.07674 0.04650878 1.373682 1.07674 -0.2364501 1.006251 0.7437323 -0.4437256 1.317042 1.025471 0.9622803 -0.9991202 -0.6793634 1.172485 -0.6814933 -0.5070001 0.951294 -0.9480949 -0.7460138 0.951294 -0.9480949 -0.7460138 1.172485 -0.6814933 -0.5070001 1.004517 -0.6998038 -0.5319024 1.292358 -0.06479406 -0.138836 1.147583 -0.03525304 -0.1119805 1.292358 0.2430672 -0.4784356 1.292358 0.2430672 -0.4784356 1.147583 -0.03525304 -0.1119805 1.147583 0.2728524 -0.4515801 -1.181274 0.7499032 -0.01871877 -1.036499 0.7203622 -0.04557424 -1.181274 0.4420419 0.3211249 -1.181274 0.4420419 0.3211249 -1.036499 0.7203622 -0.04557424 -1.036499 0.4125009 0.2942695 0.7225342 0.8722177 0.8526191 0.9456787 0.8724618 1.014973 0.9112549 0.9986825 0.9668769 0.9112549 0.9986825 0.9668769 0.9456787 0.8724618 1.014973 0.9781494 0.9037118 1.008625 1.165405 -0.2569327 -0.05118948 1.141479 0.04531335 0.2144355 1.143188 -0.06015539 -0.2228204 1.143188 -0.06015539 -0.2228204 1.141479 0.04531335 0.2144355 1.105103 0.3990731 0.1934394 1.570679 0.2857919 0.4720038 1.087769 0.3348641 0.5166816 1.163696 0.01943445 0.2403144 1.163696 0.01943445 0.2403144 1.087769 0.3348641 0.5166816 1.056519 0.3456063 0.4807929 0.1519775 0.8753915 0.8972968 0.3145752 0.8590341 0.9275702 0.295044 0.9105477 0.9778632 0.295044 0.9105477 0.9778632 0.3145752 0.8590341 0.9275702 0.6671143 0.7108407 0.9373359 1.147583 -0.03525304 -0.1119805 1.02771 0.4867196 0.361164 1.147583 0.2728524 -0.4515801 1.147583 0.2728524 -0.4515801 1.02771 0.4867196 0.361164 1.02771 0.7948251 0.02132022 1.292358 -0.06479406 -0.138836 1.15271 0.523829 0.3946112 1.147583 -0.03525304 -0.1119805 1.147583 -0.03525304 -0.1119805 1.15271 0.523829 0.3946112 1.02771 0.4867196 0.361164 0.7305908 0.7491708 0.598957 0.3223877 0.9037118 0.7390937 0.7305908 1.057276 0.2593573 0.7305908 1.057276 0.2593573 0.3223877 0.9037118 0.7390937 0.3223877 1.211573 0.3992499 0.3223877 0.9037118 0.7390937 -0.1348876 0.926661 0.7598456 0.3223877 1.211573 0.3992499 0.3223877 1.211573 0.3992499 -0.1348876 0.926661 0.7598456 -0.1348876 1.234522 0.420246 -0.1348876 0.926661 0.7598456 -0.5716553 0.8143563 0.6585273 -0.1348876 1.234522 0.420246 -0.1348876 1.234522 0.420246 -0.5716553 0.8143563 0.6585273 -0.5716553 1.122462 0.3186835 -0.5716553 0.8143563 0.6585273 -1.036499 0.4125009 0.2942695 -0.5716553 1.122462 0.3186835 -0.5716553 1.122462 0.3186835 -1.036499 0.4125009 0.2942695 -1.036499 0.7203622 -0.04557424 1.256226 -0.2579093 -0.05216604 1.165405 -0.2569327 -0.05118948 1.260132 -0.06894445 -0.2306329 1.260132 -0.06894445 -0.2306329 1.165405 -0.2569327 -0.05118948 1.143188 -0.06015539 -0.2228204 0.6600342 -1.09995 -0.7440606 0.2906494 -1.034765 -0.6720392 0.6195068 -1.091894 -0.7945978 0.6195068 -1.091894 -0.7945978 0.2906494 -1.034765 -0.6720392 0.2276611 -1.024511 -0.7001153 1.759155 -0.06454992 -0.2269707 1.699341 0.0936532 0.2469062 1.71106 -0.06357336 -0.2262383 1.71106 -0.06357336 -0.2262383 1.699341 0.0936532 0.2469062 1.664917 0.07949304 0.2703437 -0.4359131 0.6068368 0.3955878 -0.6795654 0.4576669 0.2603339 -0.6722412 0.8956552 0.6573066 -0.6722412 0.8956552 0.6573066 -0.6795654 0.4576669 0.2603339 -1.35437 0.3543954 0.1670722 -1.35437 0.3158212 0.2095527 -0.7098389 0.4398446 0.3216132 -1.109497 0.6588388 0.5200995 -1.109497 0.6588388 0.5200995 -0.7098389 0.4398446 0.3216132 -0.708374 0.8375497 0.6819648 1.15271 0.523829 0.3946112 0.8148193 0.8138681 0.6575507 1.02771 0.4867196 0.361164 1.02771 0.4867196 0.361164 0.8148193 0.8138681 0.6575507 0.7305908 0.7491708 0.598957 1.161743 0.4542489 0.3340644 0.8873291 0.112452 0.02449405 1.35437 -0.2391104 -0.2941094 1.35437 -0.2391104 -0.2941094 0.8873291 0.112452 0.02449405 0.8536377 -0.1365714 -0.2010918 1.716187 0.256495 0.06404483 1.105103 0.3990731 0.1934394 1.623413 0.4923349 0.2776679 1.623413 0.4923349 0.2776679 1.105103 0.3990731 0.1934394 1.493286 0.620997 0.5293769 1.161743 0.4542489 0.3340644 1.144409 0.4977059 0.3479804 0.7860108 0.3204599 0.2129706 0.7860108 0.3204599 0.2129706 1.144409 0.4977059 0.3479804 0.7415772 0.3656259 0.1765937 -0.206665 1.130763 1.128742 0.1519775 0.8753915 0.8972968 0.217163 1.07754 1.140461 0.217163 1.07754 1.140461 0.1519775 0.8753915 0.8972968 0.295044 0.9105477 0.9778632 0.4359131 -0.4529777 -0.5651056 0.6795654 -0.3038077 -0.4298516 0.6722412 -0.7420402 -0.8270685 0.6722412 -0.7420402 -0.8270685 0.6795654 -0.3038077 -0.4298516 1.35437 -0.2005362 -0.3365899 1.143188 -0.06015539 -0.2228204 1.105103 0.3990731 0.1934394 1.260132 -0.06894445 -0.2306329 1.260132 -0.06894445 -0.2306329 1.105103 0.3990731 0.1934394 1.716187 0.256495 0.06404483 0.8148193 0.8138681 0.6575507 0.3531494 0.9859872 0.8135566 0.7305908 0.7491708 0.598957 0.7305908 0.7491708 0.598957 0.3531494 0.9859872 0.8135566 0.3223877 0.9037118 0.7390937 0.2276611 -1.024511 -0.7001153 0.2608643 -1.001806 -0.6708185 0.2364501 -0.838964 -0.9283868 0.2364501 -0.838964 -0.9283868 0.2608643 -1.001806 -0.6708185 0.7576904 -0.6587882 -0.7653009 1.109497 -0.5821281 -0.6049005 1.35437 -0.2391104 -0.2941094 0.7098389 -0.3628898 -0.40617 0.7098389 -0.3628898 -0.40617 1.35437 -0.2391104 -0.2941094 0.8536377 -0.1365714 -0.2010918 -1.292358 0.4520516 -0.2884942 -1.15271 -0.1365714 -0.8219415 -1.292358 0.1441903 0.05134952 -1.292358 0.1441903 0.05134952 -1.15271 -0.1365714 -0.8219415 -1.15271 -0.4444327 -0.4820977 -0.001342773 -0.2752433 -0.6361505 -0.001342773 -0.2334952 -0.6820489 -0.3231201 -0.2093253 -0.576336 -0.3231201 -0.2093253 -0.576336 -0.001342773 -0.2334952 -0.6820489 -0.3231201 -0.1675772 -0.6222345 0.9901123 -0.3055167 -0.4315606 0.9415283 -0.5081534 -0.6288263 0.9901123 -0.3990226 -0.3285332 0.9901123 -0.3990226 -0.3285332 0.9415283 -0.5081534 -0.6288263 0.9312744 -0.6807609 -0.4413262 0.8121338 0.786036 0.5440253 0.4840088 0.9208016 0.6660956 0.7745361 1.224513 0.9414862 0.7745361 1.224513 0.9414862 0.4840088 0.9208016 0.6660956 0.460083 1.313868 1.022297 -1.292358 0.1441903 0.05134952 -1.15271 -0.4444327 -0.4820977 -1.147583 0.1146492 0.02424991 -1.147583 0.1146492 0.02424991 -1.15271 -0.4444327 -0.4820977 -1.02771 -0.4073234 -0.4486504 -1.15271 -0.4444327 -0.4820977 -0.8148193 -0.7344718 -0.7450372 -1.02771 -0.4073234 -0.4486504 -1.02771 -0.4073234 -0.4486504 -0.8148193 -0.7344718 -0.7450372 -0.7305908 -0.6697745 -0.6864435 -0.8148193 -0.7344718 -0.7450372 -0.3531494 -0.9065909 -0.9010431 -0.7305908 -0.6697745 -0.6864435 -0.7305908 -0.6697745 -0.6864435 -0.3531494 -0.9065909 -0.9010431 -0.3223877 -0.8243156 -0.8265802 0.4703369 -0.03745031 -0.4415704 0.2835693 -0.1717276 -0.5631524 0.4840088 -0.2161612 -0.2921563 0.4840088 -0.2161612 -0.2921563 0.2835693 -0.1717276 -0.5631524 0.2982178 -0.3460441 -0.4098321 -1.292358 0.1441903 0.05134952 -1.147583 0.1146492 0.02424991 -1.292358 0.4520516 -0.2884942 -1.292358 0.4520516 -0.2884942 -1.147583 0.1146492 0.02424991 -1.147583 0.4225106 -0.3153496 1.181274 -0.05478429 -0.7484552 1.036499 -0.02499914 -0.7215997 1.181274 -0.3626456 -0.4086114 1.181274 -0.3626456 -0.4086114 1.036499 -0.02499914 -0.7215997 1.036499 -0.3331046 -0.3817559 1.234497 0.7259774 0.8474921 0.9781494 0.9037118 1.008625 1.206421 0.6998544 0.8477362 1.206421 0.6998544 0.8477362 0.9781494 0.9037118 1.008625 0.9456787 0.8724618 1.014973 0.8121338 0.5667977 0.7859687 0.8121338 0.786036 0.5440253 0.7840576 1.03213 1.155598 0.7840576 1.03213 1.155598 0.8121338 0.786036 0.5440253 0.7745361 1.224513 0.9414862 -0.5291748 -0.1766104 -0.2560235 -0.3748779 -0.3103995 -0.3773614 -0.5028076 -0.0103507 -0.4169121 -0.5028076 -0.0103507 -0.4169121 -0.3748779 -0.3103995 -0.3773614 -0.3560791 -0.1375479 -0.5321466 -0.9422608 1.128565 0.8548163 -0.7894287 1.085597 1.057209 -0.4437256 1.317042 1.025471 -0.4437256 1.317042 1.025471 -0.7894287 1.085597 1.057209 -0.430542 1.183985 1.170002 -1.147583 0.1146492 0.02424991 -1.02771 -0.4073234 -0.4486504 -1.147583 0.4225106 -0.3153496 -1.147583 0.4225106 -0.3153496 -1.02771 -0.4073234 -0.4486504 -1.02771 -0.09946203 -0.7882501 -1.02771 -0.4073234 -0.4486504 -0.7305908 -0.6697745 -0.6864435 -1.02771 -0.09946203 -0.7882501 -1.02771 -0.09946203 -0.7882501 -0.7305908 -0.6697745 -0.6864435 -0.7305908 -0.3619132 -1.026287 -0.7305908 -0.6697745 -0.6864435 -0.3223877 -0.8243156 -0.8265802 -0.7305908 -0.3619132 -1.026287 -0.7305908 -0.3619132 -1.026287 -0.3223877 -0.8243156 -0.8265802 -0.3223877 -0.5164542 -1.16618 -0.3223877 -0.8243156 -0.8265802 0.1348876 -0.8472648 -0.8473321 -0.3223877 -0.5164542 -1.16618 -0.3223877 -0.5164542 -1.16618 0.1348876 -0.8472648 -0.8473321 0.1348876 -0.5394034 -1.187176 0.1348876 -0.8472648 -0.8473321 0.5716553 -0.7352042 -0.7460138 0.1348876 -0.5394034 -1.187176 0.1348876 -0.5394034 -1.187176 0.5716553 -0.7352042 -0.7460138 0.5716553 -0.4270988 -1.085613 0.5716553 -0.7352042 -0.7460138 1.036499 -0.3331046 -0.3817559 0.5716553 -0.4270988 -1.085613 0.5716553 -0.4270988 -1.085613 1.036499 -0.3331046 -0.3817559 1.036499 -0.02499914 -0.7215997 0.7596436 -0.1163077 -0.5131036 0.4383545 -0.3704581 -0.7433282 0.4703369 -0.03745031 -0.4415704 0.4703369 -0.03745031 -0.4415704 0.4383545 -0.3704581 -0.7433282 0.2835693 -0.1717276 -0.5631524 0.4383545 -0.3704581 -0.7433282 0.1090087 -0.4512687 -0.8165704 0.2835693 -0.1717276 -0.5631524 0.2835693 -0.1717276 -0.5631524 0.1090087 -0.4512687 -0.8165704 0.069458 -0.2247061 -0.6112481 0.2276611 -1.024511 -0.7001153 0.2364501 -0.838964 -0.9283868 0.6195068 -1.091894 -0.7945978 0.6195068 -1.091894 -0.7945978 0.2364501 -0.838964 -0.9283868 0.6925049 -0.9168449 -0.972088 1.06897 -0.3326163 -0.263836 1.235718 -0.6656242 -0.5433771 1.430542 -0.4798331 -0.551922 1.430542 -0.4798331 -0.551922 1.235718 -0.6656242 -0.5433771 1.243042 -0.6746574 -0.5753595 0.9112549 0.9986825 0.9668769 1.165649 0.9371591 0.7576484 0.7225342 0.8722177 0.8526191 0.7225342 0.8722177 0.8526191 1.165649 0.9371591 0.7576484 0.8892822 0.759913 0.597248 0.001342773 0.6603036 0.2115058 0.001342773 0.7018075 0.1656073 0.3231201 0.5943856 0.1516913 0.3231201 0.5943856 0.1516913 0.001342773 0.7018075 0.1656073 0.3231201 0.6358895 0.1057929 1.05603 -0.3099113 -0.2643243 1.06897 -0.3326163 -0.263836 1.300171 -0.2022452 -0.2596856 1.300171 -0.2022452 -0.2596856 1.06897 -0.3326163 -0.263836 1.430542 -0.4798331 -0.551922 -0.4703369 0.4432626 -0.005779325 -0.2835693 0.5772958 0.1155585 -0.4840088 0.3119149 0.1866034 -0.4840088 0.3119149 0.1866034 -0.2835693 0.5772958 0.1155585 -0.2982178 0.4417977 0.3042792 1.300171 -0.2022452 -0.2596856 0.9901123 -0.3055167 -0.4315606 1.05603 -0.3099113 -0.2643243 1.05603 -0.3099113 -0.2643243 0.9901123 -0.3055167 -0.4315606 0.9901123 -0.3990226 -0.3285332 0.5291748 0.2723641 0.1504706 0.3748779 0.4061532 0.2718085 0.5028076 0.416163 -0.03068166 0.5028076 0.416163 -0.03068166 0.3748779 0.4061532 0.2718085 0.3560791 0.5433602 0.08455264 0.2215576 -1.141454 -1.155193 -0.460083 -1.146581 -1.206951 -0.1783447 -0.8868156 -0.9176446 -0.1783447 -0.8868156 -0.9176446 -0.460083 -1.146581 -1.206951 -0.4840088 -0.7535148 -0.8507501 0.5701904 0.2298836 -0.1993829 0.8458252 0.06167078 -0.04044729 0.5982666 0.08999109 -0.01481252 0.5982666 0.08999109 -0.01481252 0.8458252 0.06167078 -0.04044729 0.7503662 0.3631845 0.2325019 -0.1519775 -0.9791007 -0.782879 -0.3145752 -1.007665 -0.7635919 -0.295044 -1.062597 -0.8099786 -0.295044 -1.062597 -0.8099786 -0.3145752 -1.007665 -0.7635919 -0.6671143 -1.002782 -0.6151544 0.206665 -1.234228 -1.014324 -0.1519775 -0.9791007 -0.782879 -0.217163 -1.241064 -0.9603692 -0.217163 -1.241064 -0.9603692 -0.1519775 -0.9791007 -0.782879 -0.295044 -1.062597 -0.8099786 -0.8121338 -0.6187492 -0.7284356 -0.4840088 -0.7535148 -0.8507501 -0.7745361 -1.05747 -1.125897 -0.7745361 -1.05747 -1.125897 -0.4840088 -0.7535148 -0.8507501 -0.460083 -1.146581 -1.206951 -0.8121338 -0.8379874 -0.4867364 -0.8121338 -0.6187492 -0.7284356 -0.7840576 -1.251806 -0.9132501 -0.7840576 -1.251806 -0.9132501 -0.8121338 -0.6187492 -0.7284356 -0.7745361 -1.05747 -1.125897 -1.38147 -0.4573722 -0.121502 -1.519165 -0.2034659 0.135578 -1.404419 -0.4725089 -0.1351739 -1.404419 -0.4725089 -0.1351739 -1.519165 -0.2034659 0.135578 -1.552856 -0.2378897 0.1311835 0.9422608 -0.9615226 -1.039471 0.7894287 -1.158544 -0.9767267 0.4437256 -1.149999 -1.210125 0.4437256 -1.149999 -1.210125 0.7894287 -1.158544 -0.9767267 0.430542 -1.280614 -1.063397 -0.3531494 -0.7933097 -0.8866388 0.2364501 -0.838964 -0.9283868 -0.04650878 -1.206396 -1.26115 -0.04650878 -1.206396 -1.26115 0.2364501 -0.838964 -0.9283868 0.4437256 -1.149999 -1.210125 -1.327026 -0.429296 -0.09586721 -1.195435 -0.6297355 -0.3903008 -1.307007 -0.4168449 -0.08488088 -1.307007 -0.4168449 -0.08488088 -1.195435 -0.6297355 -0.3903008 -1.272583 -0.4107413 -0.05241018 -1.446899 -0.5042472 -0.1761895 -1.302124 -0.6575675 -0.4264336 -1.426147 -0.5042472 -0.1368829 -1.426147 -0.5042472 -0.1368829 -1.302124 -0.6575675 -0.4264336 -1.278687 -0.6456046 -0.4154473 1.617065 -0.06015539 -0.2228204 1.572388 0.06045007 0.2547187 1.260132 -0.06894445 -0.2306329 1.260132 -0.06894445 -0.2306329 1.572388 0.06045007 0.2547187 1.232788 0.03066492 0.2381171 -1.358765 0.2674813 0.4947089 -1.407837 0.2660165 0.4568671 -1.367065 -0.1333975 0.2256659 -1.367065 -0.1333975 0.2256659 -1.407837 0.2660165 0.4568671 -1.403931 -0.1414542 0.1917304 -1.245972 -0.3973136 -0.03922659 -1.272583 -0.4107413 -0.05241018 -1.170288 -0.6187492 -0.3805352 -1.170288 -0.6187492 -0.3805352 -1.272583 -0.4107413 -0.05241018 -1.195435 -0.6297355 -0.3903008 0.4437256 -1.149999 -1.210125 0.430542 -1.280614 -1.063397 -0.04650878 -1.206396 -1.26115 -0.04650878 -1.206396 -1.26115 0.430542 -1.280614 -1.063397 -0.05407714 -1.343847 -1.118084 -0.3531494 -0.9576163 -0.7054864 -0.3531494 -0.7933097 -0.8866388 -0.05407714 -1.343847 -1.118084 -0.05407714 -1.343847 -1.118084 -0.3531494 -0.7933097 -0.8866388 -0.04650878 -1.206396 -1.26115 1.151978 -0.7708488 -0.8668634 0.9422608 -0.9615226 -1.039471 0.7576904 -0.6587882 -0.7653009 0.7576904 -0.6587882 -0.7653009 0.9422608 -0.9615226 -1.039471 0.2364501 -0.838964 -0.9283868 1.292358 0.2430672 -0.4784356 1.15271 0.8316903 0.05501163 1.292358 -0.06479406 -0.138836 1.292358 -0.06479406 -0.138836 1.15271 0.8316903 0.05501163 1.15271 0.523829 0.3946112 -1.130249 0.5436044 0.5086249 -1.144897 0.8399911 0.6692695 -1.430542 0.5960946 0.423664 -1.430542 0.5960946 0.423664 -1.144897 0.8399911 0.6692695 -1.287231 0.8700204 0.6834296 -0.9168701 0.9815927 0.9937323 -0.7747803 1.045069 1.062824 -0.9422608 1.016016 0.9790839 -0.9422608 1.016016 0.9790839 -0.7747803 1.045069 1.062824 -0.7894287 1.085597 1.057209 1.170288 0.4396005 0.5779609 1.271851 0.01381921 -0.1422539 1.245972 0.07827234 0.3911933 1.245972 0.07827234 0.3911933 1.271851 0.01381921 -0.1422539 1.317017 -0.2161612 0.1204413 0.005493164 0.9403329 0.9412421 -0.4029541 0.9483895 0.9488105 -0.4029541 0.9195809 0.9807929 -0.4029541 0.9195809 0.9807929 -0.4029541 0.9483895 0.9488105 -0.5789795 1.063136 1.101154 1.266968 -0.358007 -0.4928399 1.271851 0.01381921 -0.1422539 1.625122 -0.1402335 -0.2955743 1.625122 -0.1402335 -0.2955743 1.271851 0.01381921 -0.1422539 1.590942 0.1500496 0.00813663 -0.9622803 0.773829 0.9278144 -1.172485 0.5714364 0.6287421 -0.951294 0.8353524 0.8704413 -0.951294 0.8353524 0.8704413 -1.172485 0.5714364 0.6287421 -1.004517 0.5980477 0.6446112 1.165405 -0.2569327 -0.05118948 1.163696 0.01943445 0.2403144 1.141479 0.04531335 0.2144355 1.141479 0.04531335 0.2144355 1.163696 0.01943445 0.2403144 1.056519 0.3456063 0.4807929 -0.6600342 0.8482919 1.021564 -0.2906494 0.770411 0.963703 -0.6195068 0.8978524 1.008625 -0.6195068 0.8978524 1.008625 -0.2906494 0.770411 0.963703 -0.2276611 0.7972665 0.9507636 -0.2215576 1.261622 1.022297 0.460083 1.313868 1.022297 0.1783447 1.000391 0.7923163 0.1783447 1.000391 0.7923163 0.460083 1.313868 1.022297 0.4840088 0.9208016 0.6660956 1.38147 0.1661629 0.4429511 1.519165 -0.1145987 0.215412 1.404419 0.1812996 0.4563788 1.404419 0.1812996 0.4563788 1.519165 -0.1145987 0.215412 1.552856 -0.1067862 0.2491034 -1.664917 -0.2774406 -0.05216604 -1.708862 0.0570321 0.2207831 -1.71106 0.2308602 0.04158389 -1.232788 -0.2403311 -0.006755888 -1.256226 0.07680749 0.251789 -1.260132 0.2362313 0.04622256 -1.618774 0.05800867 0.2266425 -1.572388 -0.2598624 -0.03458791 -1.617065 0.2274422 0.03841006 -1.141479 -0.2181143 -0.02360159 -1.056519 -0.5127921 -0.2963067 -1.105103 -0.2320303 -0.3778496 -1.087769 -0.5474601 -0.2821465 -0.9329834 -0.7537589 -0.5148126 -1.056519 -0.5127921 -0.2963067 -1.596802 -0.4942374 -0.2572442 -1.664917 -0.2774406 -0.05216604 -1.699341 -0.2552238 -0.06852346 -1.442017 -0.6851554 -0.4069024 -1.570679 -0.4981437 -0.2374688 -1.46228 -0.6856437 -0.4308282 -0.01892089 0.9461923 1.035724 -0.01818847 0.9615731 1.049396 -0.3858643 0.9979501 1.007892 0.6414795 0.9286141 1.019611 0.649292 0.9427743 1.032307 0.3057861 1.076807 1.079182 -0.7650147 0.8470712 0.9458808 -0.7811279 0.8565927 0.9544257 -1.001587 0.6759286 0.7161445 -0.112915 1.026759 1.108723 -0.1124267 1.041895 1.122394 -0.4798584 1.078761 1.080891 -1.462036 0.7979989 0.5552558 -1.346802 0.7813974 0.5403632 -1.520874 0.6490731 0.4204902 -1.431763 0.2396492 0.4695624 -1.403931 -0.1414542 0.1917304 -1.407837 0.2660165 0.4568671 -0.963501 0.5113778 0.6514472 -0.9920654 0.5653329 0.6992987 -1.172485 0.5714364 0.6287421 -0.9622803 0.773829 0.9278144 -0.9674072 0.8036141 0.9473456 -1.052612 0.7770028 0.8860663 1.618774 -0.2308096 -0.03605276 1.572388 0.06045007 0.2547187 1.617065 -0.06015539 -0.2228204 -0.6531983 1.201807 0.390705 -1.036499 0.7203622 -0.04557424 -1.181274 0.7499032 -0.01871877 0.6629639 0.8075204 0.909748 0.6719971 0.8211923 0.9221991 0.3358154 0.9684091 0.9807929 1.232788 0.03066492 0.2381171 1.256226 -0.2579093 -0.05216604 1.260132 -0.06894445 -0.2306329 1.664917 0.07949304 0.2703437 1.708862 -0.2249503 -0.03556448 1.71106 -0.06357336 -0.2262383 -0.708374 0.8375497 0.6819648 -0.4786377 0.5794931 0.448078 -0.6722412 0.8700204 0.6856269 0.7415772 0.3656259 0.1765937 1.144409 0.4977059 0.3479804 1.144409 0.5235849 0.3196601 0.708374 -0.7605949 -0.7665216 0.4786377 -0.5027824 -0.532879 0.6722412 -0.7676749 -0.798504 1.087769 0.3348641 0.5166816 0.9329834 0.5865731 0.6992987 1.056519 0.3456063 0.4807929 0.1622314 -0.9346671 -0.9266778 -0.3531494 -0.5987296 -1.240887 0.6531983 -0.5066886 -1.157635 0.9312744 -0.6807609 -0.4413262 1.008423 -0.4161124 -0.3173028 0.9901123 -0.3990226 -0.3285332 1.596802 0.3048349 0.4661445 1.664917 0.07949304 0.2703437 1.699341 0.0936532 0.2469062 1.442017 0.4725595 0.6414374 1.570679 0.2857919 0.4720038 1.46228 0.4964852 0.6394843 0.6531983 -0.5066886 -1.157635 1.036499 -0.02499914 -0.7215997 1.181274 -0.05478429 -0.7484552 0.112915 -1.204198 -0.913006 0.1124267 -1.219335 -0.9266778 0.4798584 -1.181737 -0.9672052 1.287231 -0.7652335 -0.7987481 1.144897 -0.7481437 -0.7704278 1.154175 -0.7752433 -0.8258478 0.7650147 -1.024511 -0.7501642 0.7811279 -1.033788 -0.7587091 1.001587 -0.7789054 -0.6024591 0.7747803 -1.160253 -0.9359552 0.430542 -1.280614 -1.063397 0.7894287 -1.158544 -0.9767267 -0.6414795 -1.106054 -0.8238946 -0.649292 -1.120214 -0.8365899 -0.3057861 -1.179784 -0.9654962 -0.295044 -1.036474 -0.8387872 -0.5831299 -1.196874 -0.9401056 -0.217163 -1.209081 -0.9952813 -0.7747803 1.045069 1.062824 -0.430542 1.183985 1.170002 -0.7894287 1.085597 1.057209 0.01892089 -1.123632 -0.8397638 0.01818847 -1.139013 -0.8536798 0.3858643 -1.100927 -0.8942071 0.7640381 0.5702157 0.7974433 0.7711182 0.5790048 0.8450507 0.3101807 0.8441415 0.8909491 0.9920654 -0.7513175 -0.4943047 0.677124 -1.02329 -0.6669122 0.677124 -0.9446769 -0.7535821 0.4437256 -1.149999 -1.210125 0.2364501 -0.838964 -0.9283868 0.9422608 -0.9615226 -1.039471 0.295044 0.9366708 0.9488105 0.5831299 1.053126 1.098469 0.217163 1.109522 1.105305 1.141479 0.04531335 0.2144355 1.056519 0.3456063 0.4807929 1.105103 0.3990731 0.1934394 1.431763 -0.4905753 -0.1927911 1.403931 -0.1766104 0.1592597 1.407837 -0.4803214 -0.2201348 0.2906494 -1.034765 -0.6720392 0.2608643 -1.001806 -0.6708185 0.2276611 -1.024511 -0.7001153 0.9622803 -0.9991202 -0.6793634 0.9674072 -1.021337 -0.7069513 1.052612 -0.9581046 -0.6864435 0.963501 -0.698339 -0.4452325 0.9920654 -0.7513175 -0.4943047 1.172485 -0.6814933 -0.5070001 0.8536377 -0.1365714 -0.2010918 0.8873291 0.112452 0.02449405 0.8470459 0.1446785 -0.02360159 -0.9920654 0.5653329 0.6992987 -0.677124 0.7640634 0.9529609 -0.677124 0.8426766 0.8662909 -0.7640381 -0.8499503 -0.4889336 -0.7711182 -0.898046 -0.4928399 -0.3101807 -0.9695792 -0.7523614 1.462036 -0.630712 -0.7399103 1.346802 -0.6141105 -0.7247735 1.520874 -0.4817863 -0.6049005 -0.9312744 0.5060067 0.6343573 -1.008423 0.3563485 0.3831366 -0.9901123 0.36587 0.3650702 -1.287231 0.8700204 0.6834296 -1.144897 0.8399911 0.6692695 -1.154175 0.8978524 0.6905097 -0.1622314 1.014063 0.8391913 0.3531494 1.293848 0.473957 -0.6531983 1.201807 0.390705 0.3748779 0.4061532 0.2718085 0.163208 0.4854989 0.3435859 0.3560791 0.5433602 0.08455264 -0.3748779 -0.3103995 -0.3773614 -0.163208 -0.3897452 -0.4491387 -0.3560791 -0.1375479 -0.5321466 -0.4437256 1.317042 1.025471 -0.2364501 1.006251 0.7437323 -0.9422608 1.128565 0.8548163 -0.2906494 0.770411 0.963703 -0.2608643 0.7660165 0.9309882 -0.2276611 0.7972665 0.9507636 -0.6629639 -0.9849601 -0.7140313 -0.6719971 -0.998632 -0.7264825 -0.3358154 -1.071386 -0.8673517</float_array>
          <technique_common>
            <accessor source="#beyblade2loc-2026-09-10-18-44-41-897-mesh-positions-array" count="3096" stride="3">
              <param name="X" type="float"/>
              <param name="Y" type="float"/>
              <param name="Z" type="float"/>
            </accessor>
          </technique_common>
        </source>
        <source id="beyblade2loc-2026-09-10-18-44-41-897-mesh-normals">
          <float_array id="beyblade2loc-2026-09-10-18-44-41-897-mesh-normals-array" count="3078">0.341747 0.5907764 0.7308846 0.3744615 0.6114466 0.6970736 5.74866e-4 -0.6716254 0.7408907 2.0467e-4 -0.6715846 0.7409279 4.87781e-4 -0.671463 0.741038 2.85556e-4 -0.6713739 0.7411189 2.88534e-5 -0.6713988 0.7410963 5.58453e-4 -0.6719294 0.7406151 -1.59573e-4 -0.6717823 0.7407487 -3.13871e-4 -0.671314 0.7411731 2.1848e-4 -0.6716265 0.7408899 2.10634e-4 -0.6716644 0.7408556 -2.53125e-4 -0.671044 0.7414175 0.9549579 0.1137664 0.2740674 0.9564641 0.09674161 0.2753502 -0.3417813 -0.784442 -0.5175293 -0.3738921 -0.7533859 -0.5409384 -1.59701e-4 -0.6715443 0.7409645 4.87781e-4 -0.6714629 0.741038 2.85556e-4 -0.6713738 0.7411189 2.88534e-5 -0.6713986 0.7410964 5.58324e-4 -0.6719292 0.7406152 -1.59618e-4 -0.6717822 0.7407488 -3.13871e-4 -0.6713139 0.7411731 6.47601e-4 -0.6718781 0.7406615 7.65901e-4 -0.6713126 0.7411739 8.07434e-4 -0.6713683 0.7411234 -0.9550323 -0.2836977 -0.08619195 -0.9565266 -0.2833096 -0.06922733 -0.7121974 -0.5702976 0.4093111 -0.0751149 -0.8623942 0.5006337 0.189582 -0.8345344 0.5173114 0.8414984 -0.4634906 0.2775913 0.6018806 -0.6909096 0.4004793 0.8552301 -0.46865 0.2212436 -0.07334333 -0.8848139 0.4601361 -0.2896682 -0.8415623 0.4559226 -0.1651044 -0.8584644 0.4855713 0.7181992 -0.6002092 0.3520496 0.8213513 -0.4830592 0.3033742 0.7107073 -0.3514978 0.6093804 0.07903659 -0.413325 0.9071471 -0.1901894 -0.433157 0.8810238 -0.8431531 -0.229772 0.4861046 -0.5990417 -0.3315815 0.7288366 -0.8557406 -0.1734369 0.4874708 0.06856399 -0.3702923 0.9263815 0.2883782 -0.3706173 0.8828821 0.1583471 -0.3994196 0.9029897 -0.7159044 -0.2923139 0.6340613 -0.8202653 -0.255135 0.5119287 -0.7697185 -0.4017406 0.4961228 -0.7601437 -0.408648 0.5051619 0.297414 -0.5026089 0.8117446 0.3928884 -0.4843217 0.7817106 -0.1165848 -0.5549331 0.8236852 0.02878266 -0.7034399 0.7101718 -0.5551057 -0.6984084 0.451756 -0.4748839 -0.7960972 0.3751193 0.5404255 -0.5806225 0.6089481 0.1074081 -0.7693884 0.6296865 0.5349543 -0.5678102 0.6256321 0.7712624 -0.4526309 0.4475263 0.7601249 -0.4623212 0.4565843 -0.3036102 -0.7569 0.5787255 -0.3899161 -0.7313776 0.5595109 0.1141865 -0.7657063 0.6329735 -0.03203594 -0.6387386 0.7687566 0.5543647 -0.3819694 0.7394452 0.4735105 -0.2957915 0.8296356 -0.5442914 -0.5486028 0.6346509 -0.1017171 -0.5506537 0.8285133 -0.5355373 -0.567198 0.6256886 0.5772091 0.6332256 0.5156112 0.6791288 0.4635348 0.5691393 0.5895141 0.4712826 0.6560227 0.7922113 0.3097363 0.5257993 0.7802608 0.2939206 0.5520904 0.8666247 0.1916016 0.4607066 0.9076228 0.2264779 0.3534526 0.9440245 0.157419 0.2898918 0.958089 0.1643615 0.2346292 0.9928538 0.02765262 0.1160898 -0.5774425 -0.575073 -0.5795269 -0.6791395 -0.6116364 -0.4057961 -0.5887121 -0.6995612 -0.4050089 -0.7921976 -0.5536712 -0.2566543 -0.7802846 -0.5781992 -0.2384153 -0.8666875 -0.4771602 -0.1455021 -0.9076941 -0.3737526 -0.1907896 -0.9440787 -0.3037571 -0.1282469 -0.9581007 -0.2495681 -0.1405663 -0.9928522 -0.1182525 -0.01615375 -0.4260506 -0.6699661 -0.6079692 0.9727447 0.1717153 0.1558253 0.9738604 0.1835099 0.133866 0.1274923 0.7681218 0.6274827 0.1254385 0.731544 0.6701557 -0.9484963 -0.2335895 -0.2139876 -0.9484167 -0.2348508 -0.212958 -0.4260545 -0.6701924 -0.6077168 0.09798008 -0.6512867 0.7524796 0.4676371 -0.6553249 -0.593182 0.4481816 -0.8778538 -0.168837 0.1702866 -0.8798416 0.4437131 2.23487e-4 -0.6714 0.7410953 4.27708e-4 -0.67149 0.7410136 5.37722e-4 -0.6714097 0.7410862 4.39497e-4 -0.6716725 0.7408481 0.7466479 -0.6395977 0.1828436 0.5189754 -0.8547537 0.007793843 0.4258648 0.6700308 0.608028 -0.9727447 -0.1717158 -0.1558257 -0.9738246 -0.1517182 -0.169255 -0.127259 -0.7014788 -0.7012366 -0.125559 -0.7338536 -0.667603 0.9483978 0.234549 0.2133744 0.9484901 0.235579 0.2118231 0.4258034 0.6728253 0.6049774 -0.09815162 -0.6849638 0.7219355 3.69025e-4 0.6719523 -0.7405945 -6.56392e-4 0.6713282 -0.7411599 -8.86116e-4 0.6713752 -0.7411171 -1.94127e-4 0.6715291 -0.7409783 1.4847e-5 0.6714068 -0.741089 -2.2043e-5 0.6714097 -0.7410864 7.24202e-5 0.6712838 -0.7412005 -2.19057e-4 0.6713931 -0.7411015 -0.02760118 -0.7406111 -0.6713669 0.7711426 0.471699 0.4275971 0.7711783 0.4718651 0.4273496 -0.2520669 0.7172708 0.6496037 -0.2522006 0.7163188 0.6506015 -0.7284902 -0.507111 -0.460587 1.8173e-4 -0.6715719 0.7409395 8.28833e-5 -0.6715272 0.74098 0.02738153 0.7406155 0.6713709 -0.7712134 -0.4716354 -0.4275394 -0.7711777 -0.4718655 -0.4273499 0.2523347 -0.717219 -0.6495568 0.2522012 -0.7163187 -0.6506014 0.72882 0.5068513 0.4603512 -1.47633e-6 -0.6710509 0.7414114 4.93396e-4 -0.6712756 0.7412077 -4.06431e-4 0.6714804 -0.7410222 -1.51831e-4 0.6716355 -0.7408818 7.56252e-5 0.6715889 -0.740924 -1.94056e-4 0.6715291 -0.7409783 -6.65658e-4 0.6714606 -0.7410399 -7.70303e-4 0.6715994 -0.7409141 -2.19057e-4 0.6713932 -0.7411013 -0.9960429 -0.08631604 -0.02117484 -0.9993837 -0.0218358 0.02748763 -0.9996239 0.02670538 0.006254971 -0.6923963 0.4109675 0.5930372 -0.2403656 0.6052772 0.7588571 0.2422449 0.4541561 0.8573563 -0.9765205 0.1324384 0.1699049 0.6496428 -0.5638772 -0.5099087 0.8607344 -0.3775706 -0.3414334 0.8145689 -0.3270174 -0.4791004 0.5634823 -0.6157032 -0.5508151 0.2935513 -0.7003529 -0.6506409 0.3096605 -0.6814453 -0.6631311 0.01176422 -0.7143517 -0.699688 0.7275338 -0.5574678 -0.3999054 0.7130746 -0.5871822 -0.383069 0.3123537 -0.7746877 -0.5498129 0.3118088 -0.7752851 -0.5492799 -0.07373297 -0.8103201 -0.5813302 -0.07301455 -0.8097341 -0.5822367 -0.4463789 -0.7332432 -0.5129331 -0.1833173 0.1228321 0.9753497 -0.1768636 0.07322275 0.981508 0.02227759 0.07888758 0.9966346 0.02047067 0.3061811 0.9517533 0.1580119 0.2742692 0.9485825 -0.112986 -0.4020736 0.9086095 -0.07660549 -0.6458607 0.7596023 -0.6492412 0.5641321 0.5101382 -0.8605886 0.3777534 0.3415988 -0.814755 0.5087008 0.2782047 -0.563214 0.6086678 0.5588503 -0.2935484 0.7161576 0.6332042 -0.3097115 0.7267667 0.6130979 -0.01027005 0.7664113 0.6422681 -0.495639 -0.636988 0.5904136 -0.02583503 -0.6377246 0.7698311 -0.02383273 -0.6372877 0.7702575 0.4090198 -0.4953224 0.7663933 0.3834083 -0.5106768 0.7695502 -0.0103693 -0.6352675 0.7722226 -0.3696506 -0.6756973 0.6378023 0.4909113 -0.5274255 0.693418 0.04370212 -0.6995773 0.7132192 0.0256232 -0.7039324 0.7098047 -0.4089904 -0.7143241 0.5678627 -0.3815787 -0.716055 0.5845194 0.006340861 -0.7069462 0.7072389 0.366801 -0.5698007 0.7353804 0.1833093 -0.9828423 -0.02046412 0.1772796 -0.9838185 0.02594631 -0.02188074 -0.9995219 0.02184671 -0.0199967 -0.9776495 -0.2092883 -0.1568512 -0.971445 -0.1780238 0.1141099 -0.8646388 0.4892637 0.0777195 -0.6921082 0.7175974 0.9960389 0.02952647 0.08387333 0.9993846 -0.02518755 0.02441614 0.9996235 -0.008832514 -0.02598017 0.691285 -0.6313349 -0.3514844 0.2387024 -0.8148563 -0.5282333 -0.244818 -0.8972421 -0.3674517 0.9765702 -0.1818853 -0.1150148 -0.7271136 0.4522286 0.5165221 -0.7132852 0.4390128 0.5463442 -0.3123767 0.6235845 0.7166333 -0.3117174 0.6230146 0.7174156 0.07331091 0.65836 0.7491247 0.07301646 0.6587062 0.748849 0.4463717 0.582253 0.6795099 -2.89694e-5 -0.6710227 0.7414369 2.14425e-4 -0.6721212 0.7404412 6.46996e-4 -0.6720468 0.7405085 4.66384e-4 -0.6718427 0.7406938 6.11551e-4 -0.6717609 0.7407679 3.77688e-4 -0.6716587 0.7408607 -0.6566061 -0.7182067 0.2303206 0.1835209 -0.797434 0.574821 0.6523239 -0.4782528 0.5880033 0.5729202 -0.4298078 0.6978737 -0.6604039 -0.6650584 0.3486604 -0.6005616 -0.6950433 0.3952729 -0.1777179 -0.9234176 -0.3401711 0.9603943 -0.08542013 -0.2652286 0.9671704 -0.08106911 -0.2408512 0.4337365 -0.8257966 -0.3604618 -0.08648604 -0.9256708 -0.3683122 -0.1850471 -0.9349265 -0.3027706 -0.4463592 -0.7332676 -0.5129153 -0.7524493 -0.5563356 -0.3525775 -0.7524711 -0.5562947 -0.3525956 -0.9676474 -0.2421513 -0.07086074 -0.9743699 -0.2089214 -0.08339822 0.1843068 0.623608 0.7597 0.3335184 -0.6105356 0.7183396 0.5038986 -0.6130853 0.608451 0.5293033 -0.2518991 0.8101758 0.1283493 -0.5991364 0.7902923 -0.5828806 -0.09414434 0.8070856 -0.4768577 -0.2536587 0.8415843 -2.86811e-5 -0.6710227 0.7414369 2.14176e-4 -0.6721207 0.7404416 9.9529e-4 -0.6719869 0.7405624 -6.77165e-4 -0.6701019 0.7422689 -0.001564145 -0.670602 0.7418157 4.44003e-4 -0.6714813 0.7410215 0.1366822 -0.7729143 0.619614 0.1220749 -0.8295643 0.5449043 0.1688255 -0.9361709 -0.3083539 -0.8416835 -0.5377446 -0.04898756 -0.6241096 -0.7426527 0.2428047 -0.2148004 -0.112603 0.970145 0.4463876 0.5822653 0.679489 0.7527256 0.4051671 0.5188873 0.752698 0.4051494 0.5189411 0.9676024 0.09433549 0.2341933 0.9743763 0.1036027 0.1996429 -0.1842424 -0.8174874 -0.5456823 0.1459563 -0.9753155 -0.1657002 0.3727884 -0.9171832 -0.140726 0.1070043 -0.7500994 0.652611 0.08025646 -0.6539362 0.752281 0.0194391 -0.6866049 0.7267709 0.0915364 -0.6898189 0.718172 -0.145662 0.260424 0.9544433 -0.3726629 0.2298213 0.8990576 -0.1051889 -0.5775454 0.8095533 -0.0790345 -0.6833362 0.7258135 -0.0143823 -0.6527186 0.7574639 -0.09123378 -0.6433812 0.7600902 0.4494993 -0.3123817 0.8368799 0.3673443 -0.3869041 0.8457916 0.004605233 -0.66945 0.7428429 0.0167151 -0.682609 0.7305927 0.0132969 -0.6827729 0.7305097 -0.5790765 0.177864 0.795635 0.6554288 -0.1594759 0.738228 -0.1744344 -0.4921143 0.8528752 -0.6521918 -0.5385766 0.5334615 -0.5728511 -0.6522853 0.4963523 0.6577835 -0.284048 0.6975942 0.6008664 -0.3252798 0.730173 -0.7781573 -0.5735912 -0.2558601 -0.818404 -0.5068459 -0.2707808 -0.878775 -0.3189582 -0.3549934 -0.9422892 -0.2153548 -0.2563461 -0.9348461 -0.2656112 -0.2356133 -0.9460808 -0.2496523 -0.2064094 0.7783712 0.311315 0.5451802 0.8188399 0.319602 0.4768186 0.8787708 0.3844638 0.2827536 0.9423781 0.2759702 0.1891136 0.9348441 0.2600586 0.2417355 0.9458325 0.2301686 0.2289615 -0.1364626 -0.5406642 0.8300966 -0.1216996 -0.4598093 0.879639 -0.1684221 0.3976557 0.9019446 0.841329 0.1010774 0.5309888 0.625862 -0.16699 0.7618472 0.2161444 -0.9532936 0.2109811 -0.4473549 -0.8022762 0.3952552 -0.3664568 -0.8036084 0.4689596 -0.00422877 -0.673208 0.7394412 -0.01610422 -0.659989 0.7511027 -0.01351761 -0.659914 0.7512196 0.5790744 -0.8092345 -0.09905743 -0.3364996 -0.6530483 0.6784511 -0.503421 -0.5453622 0.6701847 -0.5292614 -0.7813491 0.3307204 -0.1281256 -0.7274436 0.6740991 0.5828678 -0.7941047 0.1722297 0.477789 -0.8127247 0.3334615 0.1762732 0.4286479 0.8861088 -0.9604019 0.2722872 0.05905842 -0.9671387 0.2477483 0.05712819 -0.4359963 0.4396312 0.7852591 0.08461713 0.4578648 0.8849858 0.18509 0.3923705 0.9009923 0.001506567 0.6708402 -0.7416005 1.28053e-4 0.6716747 -0.7408462 -3.06822e-4 0.6716002 -0.7409137 -5.19173e-4 0.6713608 -0.7411305 0.001430451 0.6710333 -0.7414258 0.4298886 0.6568673 0.6194524 0.4696217 0.3135773 0.8253028 0.8974578 -0.2913208 -0.3312126 -0.3377429 -0.8713107 -0.3560162 -0.4297654 -0.6573479 -0.6190279 0.3823487 0.6740913 0.6319893 0.4279808 0.3415738 0.8367556 0.9266933 -0.2406272 -0.2886835 -0.2905427 -0.8842676 -0.3655896 -0.3821148 -0.6727322 -0.6335771 0.4281054 0.1403934 -0.8927573 0.2583681 0.3033813 -0.9171727 -0.03794765 0.7120038 -0.7011495 -0.02096527 0.7070916 -0.7068111 -0.1676706 0.9005342 -0.4011544 -0.7830703 0.4513497 0.4278836 -0.6609127 0.2019325 0.7227847 0.6213185 0.6090114 0.4930198 0.7852373 -0.6083038 -0.115625 0.7827467 -0.4510256 -0.4288165 -0.0430845 -0.6380723 0.7687702 -0.02634698 -0.634108 0.7727956 -0.02145278 -0.6482223 0.761149 -0.5089108 -0.6705297 0.5398146 -0.4660626 -0.7513019 0.4672592 -0.1156694 -0.726449 0.677416 0.001010715 -0.7374316 0.6754211 -0.03242397 -0.7467421 0.6643229 -0.6190239 -0.1267668 0.7750739 -0.5481066 -0.2126609 0.8089219 0.1808892 -0.607964 -0.7730842 0.7102293 -0.5188892 -0.4757397 -0.02907472 -0.6491995 0.7600623 -0.009311556 0.7406628 0.6718125 -0.04027128 0.7901695 0.611564 0.3162361 -0.7820824 -0.5369749 0.3151026 -0.7830115 -0.5362867 -0.07079029 -0.8193821 -0.5688601 -0.07084655 -0.8194114 -0.5688108 -0.4474986 -0.742139 -0.4989738 -0.03956991 -0.6664308 0.7445162 -0.01904714 -0.6683515 0.7436018 -0.02903699 -0.6678326 0.743745 -0.1465972 -0.9213406 0.3600568 -0.1585083 -0.9762731 0.1475326 2.70496e-5 0.6717357 -0.7407909 6.28022e-4 0.6713722 -0.7411201 1.27382e-4 0.6712867 -0.7411978 1.00888e-4 0.6712572 -0.7412246 -6.15526e-4 0.6713771 -0.7411158 -0.1812782 0.8252192 0.5349314 -0.7100433 0.5212208 0.4734634 0.02941179 -0.6925314 0.7207879 0.009616196 -0.7406607 -0.6718105 0.04065006 -0.6853172 -0.7271093 0.04184377 -0.702549 0.7104041 0.02604418 -0.706689 0.7070449 0.02125865 -0.6938807 0.7197762 0.5065811 -0.4731511 0.7207661 0.4641667 -0.392409 0.794081 -0.3358461 -0.6877612 -0.6435774 -0.3576682 -0.7030815 -0.6146137 -0.1151808 -0.7557111 -0.644697 0.06554287 -0.5899943 -0.8047429 0.1531662 -0.7324409 -0.6633781 -0.4278886 0.8746261 -0.2279049 -0.2586708 0.8828407 -0.3920226 0.03765082 0.6280025 -0.7773 0.02054774 0.6341529 -0.7729346 0.1678566 0.3102622 -0.9357146 -0.02523154 -0.7508364 -0.6600062 -0.108946 -0.9424169 -0.3161978 -0.9985868 0.04379087 -0.0301131 -0.05018836 0.4873535 0.8717613 0.02561032 0.7522371 0.6583948 -0.4298973 -0.6804087 -0.5934917 -0.4696024 -0.8508847 -0.2355182 -0.8974696 0.3567478 0.2593824 0.3362439 0.4354863 0.83504 0.4297615 0.679995 0.5940639 -0.3823484 -0.694494 -0.6094981 -0.428209 -0.8654327 -0.2601215 -0.9265757 0.3110918 0.2113754 0.2913466 0.4517802 0.8432152 0.3821133 0.6959823 0.6079459 0.7830575 -0.4698405 -0.407518 0.6613551 -0.7385747 -0.1308313 -0.6262125 -0.5459906 -0.5565539 -0.7848372 0.1727918 0.595125 -0.7825706 0.4716839 0.4063222 -0.02562808 -0.7507498 -0.6600895 -0.1102861 -0.9442472 -0.3102166 -0.9985675 0.04967993 -0.01987195 -0.05067032 0.4806045 0.8754723 0.02564704 0.7480046 0.6631979 0.3357367 0.7080404 0.6212567 0.3577158 0.6805355 0.6394615 0.1151682 0.7156445 0.6889044 -0.06582641 0.8588196 0.5080315 -0.1532119 0.7324362 0.6633727 -0.8552908 -0.3856278 -0.3460763 -0.7764168 -0.627381 0.05975162 -0.523467 0.09856963 0.8463252 1.42989e-4 -0.6714497 0.7410502 1.54752e-4 -0.6714495 0.7410504 -0.3161717 0.6114404 0.72538 -0.3143544 0.6104885 0.7269698 0.07094091 0.6462903 0.7597871 0.07006919 0.6470026 0.7592614 0.4482451 0.5695657 0.6889639 0.1155661 -0.603427 0.7889996 -7.07687e-4 -0.6003919 0.7997056 0.03234481 -0.5885813 0.8077908 0.6190276 -0.7589965 0.2018149 0.5501741 -0.7837551 0.2881605 0.2727329 -0.9427403 -0.1919834 0.5545849 -0.8310995 -0.0413438 0.5626765 -0.8106843 0.1618217 0.7617864 -0.6037959 0.2347598 0.7151771 -0.6124616 0.3367678 0.7786976 -0.1683463 0.6043919 0.7681805 -0.1875059 0.6121603 0.8209816 -0.4403256 0.3634595 0.8287691 -0.431257 0.3565942 0.7525435 -0.6362236 0.1699938 -0.267381 -0.7134457 -0.6476903 -0.2664219 -0.7152013 -0.6461474 0.0909118 0.8752258 -0.4750948 -0.9635989 0.1983807 0.1792267 -0.963532 0.1979556 0.1800553 0.2664225 0.7136422 0.6478688 -0.09140199 0.3863238 -0.9178234 0.9635711 -0.1980227 -0.1797717 0.9635319 -0.1984801 -0.1794767 -0.272919 0.2861796 0.9184859 -0.5545299 0.1253982 0.8226615 -0.5627047 -0.09046572 0.8216931 -0.7589589 -0.1799155 0.6257891 -0.7135318 -0.2770695 0.6435099 0.04012382 -0.6752949 0.7364556 0.02053016 -0.6742592 0.7382094 0.02929174 -0.6744236 0.7377635 0.1467188 -0.2695674 0.951739 0.158948 -0.04708808 0.9861634 0.02563959 0.7299332 0.6830375 0.1090287 0.4070866 0.9068591 0.998573 0.01408922 -0.05151385 0.04967522 -0.9155916 -0.3990295 -0.02523028 -0.7326898 -0.680095 0.02522963 0.7312498 0.6816431 0.1097403 0.4040303 0.9081391 0.9985733 0.02623182 -0.04651188 0.0519883 -0.9186421 -0.3916555 -0.02607828 -0.728524 -0.6845238 -0.9912962 -0.06205803 0.116107 -0.9960414 -0.0537064 0.07083266 -0.9891721 0.03647381 0.1421564 -0.9783469 0.01138877 0.2066586 0.1156269 0.7454285 -0.6564807 0.0802676 0.6956942 -0.7138394 0.04668074 0.6910175 -0.7213292 -5.02469e-5 0.67145 -0.74105 0.09273421 -0.7670021 0.634908 0.1000077 -0.7167808 0.6900897 0.2624213 -0.9521799 -0.1564882 0.106311 -0.9651533 -0.2391174 -0.7505796 -0.5973902 0.2824097 -0.8672589 -0.2881023 0.4060283 -0.1826039 -0.9611381 0.2070488 -0.3561326 -0.4588173 0.814037 -0.02509528 -0.6481825 0.7610715 -0.1435553 -0.5488162 0.8235245 -0.1351947 -0.632054 0.7630401 0.00142467 -0.6132204 0.7899107 0.5303173 -0.2020195 0.8233783 0.6318501 -0.3213913 0.7053177 -0.00220853 -0.6683011 0.7438876 -5.27717e-6 -0.6714218 0.7410755 -0.1867532 0.7276762 0.6600081 0.2543185 0.7702193 0.5848797 0.1036919 0.6534297 0.7498518 -0.01928573 0.747732 0.6637206 -0.394313 -0.7213939 0.5693051 0.4059419 -0.5664407 0.7171863 0.3770573 -0.5413927 0.7514797 -0.05554068 -0.5908307 0.8048816 -8.77872e-5 0.6714262 -0.7410715 -2.36652e-4 0.6714903 -0.7410133 -5.29915e-4 0.6712536 -0.7412276 -3.90403e-4 0.6716275 -0.7408888 0.8550912 0.3843911 0.3479403 0.7754427 4.67613e-4 0.6314179 0.5238431 -0.8516401 -0.01726186 2.16649e-4 -0.6714494 0.7410504 -0.6522807 -0.3219769 0.686193 -0.560905 -0.3679654 0.7416111 -0.494795 -0.3892208 0.7769718 0.04502201 -0.4937276 0.8684504 0.2871809 0.5178198 0.8058473 0.8257096 -0.3347489 0.454034 0.7052755 -0.4143683 0.5752264 -0.0256344 -0.9823718 0.1851717 -0.2866882 -0.8535677 -0.4350082 -0.8253723 -0.4192261 0.3781668 -0.7069079 -0.5303286 0.4680095 0.02448827 -0.08450818 0.9961219 -0.1267501 -0.6340026 0.7628731 -0.3110314 -0.6973658 0.6457093 -0.4314139 -0.8164476 0.3837909 -0.1635472 -0.906854 0.3884176 -0.5288727 -0.7998848 0.2836866 -0.6304858 -0.6709079 0.3903464 0.002397358 -0.6748076 0.7379899 2.63679e-4 -0.6718016 0.7407311 0.01176553 -0.7106008 0.7034971 0.009441137 -0.6554192 0.7552064 -0.1834651 -0.2014339 0.9621668 -0.1348606 -0.3725551 0.9181587 -0.2347335 -0.7750648 0.5866641 0.5334857 -0.6376218 0.5557261 0.5268557 -0.6417421 0.5573062 0.09792482 -0.7655733 0.6358525 0.1286873 -0.6965525 0.7058713 0.3106463 -0.5752333 0.7567071 0.4320806 -0.3005761 0.8502708 0.1636758 -0.2963469 0.940951 -0.1163633 0.5798389 -0.8063787 -0.08085411 0.6420983 -0.7623467 -0.04433691 0.6506785 -0.758058 -3.03872e-4 0.6709599 -0.7414936 0.9913027 -0.1094093 0.07313382 0.9960417 -0.06521588 0.06039971 0.9891732 -0.1450396 -0.0223596 0.9783639 -0.2067004 0.008893489 0.7532708 -0.2247024 0.6181359 0.8670312 -0.3747312 0.32838 0.1830709 -0.1109028 0.9768243 0.3572043 -0.7648949 0.5360418 0.7570231 0.4840816 0.4388405 0.6007513 0.7147812 0.3580305 0.4494785 0.6618208 0.5999685 0.07356756 0.7388718 0.6698182 0.6505271 -0.652171 0.3892141 0.5633037 -0.7005154 0.4381405 0.4885172 -0.7377731 0.4658775 -0.04482269 -0.8159807 0.5763388 -0.09186363 -0.5570493 0.8253831 -0.09907704 -0.6162528 0.7812914 -0.2612466 0.2473399 0.9330452 -0.1050223 0.3307408 0.9378598 -0.01123166 -0.6301121 0.776423 -0.008876383 -0.687846 0.7258024 0.1840044 -0.938072 0.2935361 0.1333077 -0.8744508 0.4664385 0.1857585 -0.7278158 -0.6601348 -0.2547022 -0.6570951 -0.7094737 -0.1033437 -0.8105351 -0.5765005 0.0198006 -0.7338589 -0.6790133 0.02566623 -0.6937916 0.7197183 0.1444013 -0.7657673 0.6266967 0.1357029 -0.6971312 0.7039836 -4.05217e-4 -0.7256982 0.6880131 -6.24524e-5 0.6713905 -0.7411038 -2.78344e-4 0.6714837 -0.7410193 -5.15435e-4 0.6712924 -0.7411925 -3.90382e-4 0.6716277 -0.7408887 -0.7570232 -0.4842386 -0.4386672 -0.6007913 -0.4264911 -0.6761326 -0.4494786 -0.6620354 -0.5997318 -0.07356721 -0.7391111 -0.669554 -0.5188729 0.07544159 0.8515161 -0.7459881 -0.119651 0.6551225 -0.7512165 -0.1086421 0.6510537 -0.8278611 -0.3131124 0.4654103 0.2331425 -0.5082269 0.8290659 -0.5344292 -0.4902955 0.6884736 -0.52419 -0.4920912 0.6950331 -0.09913396 -0.5571863 0.8244488 0.3941214 -0.4961861 0.773607 -0.4032187 -0.6586492 0.635292 -0.3740334 -0.6955271 0.6134666 0.05726259 -0.7428456 0.6670094 -0.7744919 0.4870697 0.4036403 -0.7635722 0.4786036 0.4334701 -0.5626475 0.6127401 0.5549572 0.2563904 -0.7118616 0.653848 0.1725344 -0.6176758 0.7672734 -0.1311182 -0.3731958 0.9184405 2.23487e-4 -0.6714 0.7410952 -0.7792566 -0.5844799 0.2261469 -0.7679842 -0.5907575 0.2473981 0.9639241 -0.1969079 -0.1791024 0.9639431 -0.1970279 -0.1788687 0.09099936 0.8752539 -0.475026 -0.06291466 -0.1171857 -0.9911153 -0.3531931 -0.6940276 -0.6273599 -0.4186127 -0.7103701 -0.5658072 -0.500423 -0.6244065 -0.5997446 -0.4842523 -0.6186039 -0.6187317 -0.208198 -0.7247838 -0.6567665 -0.1665673 -0.4441896 0.880313 -0.09959679 -0.6631445 0.7418355 -0.1038363 -0.6637974 0.7406694 0.35846 -0.6917213 -0.6269196 0.7569791 -0.4841735 -0.4388152 0.7411522 -0.48061 -0.4687298 0.8966736 0.3898629 0.2097228 0.9376541 0.2468178 0.2447159 0.9976795 0.03528493 0.0582292 0.9596804 -0.2011824 -0.1963142 0.8942229 -0.3821009 -0.2331621 -0.2322153 -0.9057244 -0.3545975 0.2874133 -0.4330088 0.8543402 -0.1057519 -0.3965259 0.9119122 -0.1071429 -0.398815 0.9107508 0.3754298 0.4912238 -0.7859719 0.09704738 -0.9890515 -0.1111715 0.9240177 -0.3717675 -0.08933305 0.7746967 -0.4490975 -0.4451478 0.7635225 -0.478647 -0.4335094 0.5622539 -0.6129385 -0.5551369 0.0640859 0.9977248 0.02093589 0.3526207 0.6933379 0.6284434 0.4186193 0.6332255 0.6509865 0.5000427 0.658441 0.5625059 0.4845889 0.6759532 0.5552125 0.2101266 0.724148 0.6568535 0.1665804 -0.8330263 0.5275588 0.09942376 -0.6727502 0.733159 0.1042397 -0.6713527 0.7337709 -0.3580735 0.6914563 0.6274326 -0.757535 0.4834337 0.4386713 -0.7414354 0.5134028 0.4320775 0.002359688 0.6717779 -0.7407489 -0.002505004 0.6718205 -0.7407099 -3.13508e-4 0.6714459 -0.7410536 0.002349138 0.6714663 -0.7410315 -6.02967e-4 0.6714956 -0.7410084 -3.13538e-4 0.6714459 -0.7410536 -0.7559403 0.4851668 0.4395081 -0.7558531 0.4850842 0.4397492 -0.3135619 0.7035151 0.637766 7.40927e-4 0.6716213 -0.7408943 0.001620829 0.6716159 -0.7408978 0.001134157 0.6725186 -0.7400794 0.00341624 0.6748542 -0.7379432 3.35174e-4 0.6721666 -0.7403999 -2.51039e-4 0.6722862 -0.7402914 -2.29761e-4 0.6721929 -0.7403761 -2.06627e-4 0.6719897 -0.7405605 -6.1163e-4 0.6717609 -0.7407679 0.7558533 -0.4852413 -0.4395757 0.7559404 -0.4850095 -0.4396817 0.3132758 -0.703585 -0.6378294 -4.49356e-4 0.6714665 -0.7410349 3.92927e-4 0.6714612 -0.7410396 1.51071e-4 0.6719088 -0.740634 -0.001697301 0.6700029 -0.7423566 6.87255e-4 0.6720944 -0.7404653 -2.50824e-4 0.6722867 -0.7402909 -2.29854e-4 0.6721914 -0.7403774 -8.50357e-5 0.6709256 -0.7415248 1.27918e-4 0.6710445 -0.7414171 -0.9638143 0.1977246 0.1787935 -0.9638531 0.1972689 0.1790874 -0.09149003 0.3862524 -0.9178447 -0.1973612 -0.4321054 0.8799623 -0.1064717 -0.5525763 0.8266337 0.3660994 -0.5688346 0.736477 -0.8966562 -0.2470971 -0.3673564 -0.9376175 -0.2678716 -0.2216267 -0.9976785 -0.06142759 -0.02940243 -0.9596215 0.2151826 0.1811718 -0.8954558 0.2688362 0.3548041 0.2352114 0.44229 0.8654797 -0.08438438 -0.6860219 0.722671 -0.05390179 -0.9867888 0.1527829 -0.09730184 -0.9257379 0.3654334 -0.2879907 -0.807499 0.5147882 0.1114584 -0.8684321 0.4831178 0.1112479 -0.8686445 0.4827843 -0.2545078 -0.5822468 0.7721493 -0.1713392 -0.7029311 0.6903122 0.1258154 -0.8748592 0.467752 0.196191 -0.8334781 0.5165496 0.1052111 -0.7684759 0.6311699 -0.3695999 -0.6757833 0.6377404 0.08526158 -0.6518234 0.7535628 0.05446374 -0.05377149 0.9970669 0.09853708 -0.274385 0.9565581 -0.3745847 0.7336386 -0.5669751 -0.09488803 0.2058715 0.9739678 -0.9240403 0.1248583 0.3613311 9.56244e-4 0.671441 -0.7410574 -6.6102e-5 0.6712554 -0.7412261 -3.54445e-5 0.6713275 -0.7411609 0.07718724 0.3977538 -0.9142396 0.732789 -0.4630891 -0.4985668 0.4193547 -0.584232 -0.6948486 0.01037144 -0.2206726 0.9752928 -0.5229443 -0.2002794 0.8285032 -0.1397341 -0.5192599 0.8431154 0.2958719 -0.386662 0.8734716 0.01131391 0.7902641 0.612662 0.09956139 0.8056889 0.5839118 0.4655804 -0.16584 0.8693285 -0.1782147 -0.434675 0.8827781 0.04955101 0.7172038 0.6950996 -0.0514875 0.7424928 0.6678724 -0.01795053 -0.1497322 0.9885637 -0.07460749 -0.114407 0.9906286 0.9952296 -0.00969392 0.0970788 0.9946727 -0.01045769 0.1025515 0.8544582 -0.3157067 0.4125898 0.8446394 -0.2115641 0.491757 -0.05118352 -0.7620208 -0.6455267 0.05158871 -0.7370166 -0.6739029 0.5822021 -0.8103358 -0.06630802 0.12862 -0.9651052 -0.2280989 -0.002370119 -0.6840394 0.7294412 0.7009531 -0.3872047 0.598947 0.5344266 -0.6579813 0.5305176 0.5461094 -0.6512282 0.5269406 -0.3207801 -0.8469881 0.4239237 -0.4043922 -0.8536067 0.3283637 -0.139406 -0.4775819 0.867457 -0.1370549 -0.4771859 0.8680493 0.9855555 -0.1255391 -0.1136677 0.981292 -0.1142944 -0.1549287 0.2318884 0.4401946 -0.8674425 0.2308048 0.4304075 -0.8726275 -2.02979e-4 0.6714649 -0.7410364 -4.61052e-4 0.6714785 -0.741024 -4.41819e-5 0.6716567 -0.7408626 -6.27788e-4 0.6718565 -0.7406811 0.2751723 0.6824257 0.6771819 0.182834 0.7885971 0.5871002 -0.7661005 -0.4761627 -0.4316935 -0.766247 -0.4758791 -0.4317464 -0.4468452 -0.7362237 0.5082363 -0.6561237 -0.2748278 0.702831 0.02400261 -0.9957755 0.08862972 -0.3290443 -0.6602436 0.6751359 0.315715 -0.7782129 0.5428709 0.06621593 -0.6715211 0.7380209 0.4530167 -0.8905063 0.04212492 0.442199 -0.8886322 0.1216265 0.01570612 0.6564813 -0.7541789 -0.01679521 0.6157094 -0.7877944 0.3998211 -0.2695487 -0.8760632 0.8556367 -0.3836729 -0.3473918 0.9809179 0.04301983 0.1896034 0.976175 0.04227441 0.2128274 0.1523544 0.6575477 0.7378478 6.79254e-4 -0.6713292 0.7411592 -0.02749156 -0.7399159 -0.6721374 -0.7284851 -0.5070797 -0.4606297 1.47831e-5 0.6715756 -0.7409361 -2.59619e-4 0.6714839 -0.7410191 0.8832339 0.347342 0.315042 0.8752589 0.3883162 0.2883273 -0.1539553 0.7198994 0.6767885 -0.1698291 0.7445094 0.64565 -1.50439e-4 0.6716084 -0.7409064 -1.07109e-4 0.6715901 -0.740923 -0.8486279 0.3431517 0.4025888 -0.04227769 -0.6472607 0.7610955 -0.2658389 -0.7142206 -0.647471 -0.2669574 -0.7137362 -0.647545 -0.2658388 -0.7144521 -0.6472156 -0.2658387 -0.7144521 -0.6472156 -0.5821276 0.1460267 0.7998774 -0.1272093 0.3226941 0.937916 -0.9952315 -0.0956372 0.01917845 -0.9946689 -0.1010652 0.02048993 0.002687215 -0.6586307 0.7524617 -0.7014163 -0.5577036 0.4438266 -0.1961611 -0.7220748 0.6634221 -0.3201681 -0.7211686 0.6143356 -0.985831 -0.1242325 -0.1127111 -0.9858245 -0.1243007 -0.1126922 4.49356e-4 -0.6714664 0.7410349 0.00105822 -0.6714689 0.741032 -0.4550769 -0.6594816 -0.5983219 -0.4544802 -0.6601572 -0.5980305 -0.06750804 -0.7394288 -0.6698417 -0.06786441 -0.7391713 -0.6700897 0.3272357 -0.7000885 -0.6346597 0.3272029 -0.7000735 -0.6346932 0.7592911 -0.4821118 -0.4370871 0.7593984 -0.4821916 -0.4368129 -0.01519852 -0.6863782 -0.727086 -0.09935784 -0.6604071 -0.7443053 -0.1766455 -0.9841566 -0.01523673 -0.1663761 -0.9859745 0.01316785 -0.01447188 -0.9489846 0.3149904 0.522271 -0.8053132 0.2805421 1.63068e-4 0.6715603 -0.7409499 -3.72978e-4 0.6715654 -0.7409453 2.96691e-4 -0.6712645 0.7412179 1.1232e-4 -0.6714494 0.7410504 8.58534e-4 -0.6710984 0.7413678 1.17709e-4 -0.6713635 0.7411282 1.86301e-4 -0.6713836 0.7411101 1.86119e-4 -0.6713836 0.74111 -3.30784e-4 0.6712636 -0.7412187 -0.0778194 0.8708416 -0.4853652 -0.1673349 -0.3605822 0.9175944 -0.4474945 0.2510598 0.8583226 -0.1121262 -0.7491481 0.6528435 -0.1909858 -0.72905 0.6572751 1.39153e-4 0.6715821 -0.7409302 -3.78983e-4 0.6715866 -0.740926 9.83003e-4 0.6716382 -0.7408787 -2.68152e-4 0.671411 -0.7410852 1.34416e-4 -0.6713756 0.7411173 4.29905e-4 -0.6711168 0.7413516 -0.7332749 0.5411635 0.4116432 -0.4194093 0.7488255 0.5131825 1.19551e-4 -0.6714849 0.7410183 1.33482e-4 -0.6715248 0.7409821 -0.9848973 -0.1283174 -0.1162416 -0.9848973 -0.1283172 -0.1162416 0.2666099 0.712986 0.6485139 0.2666104 0.7129859 0.6485137 -0.9855445 0.1254525 0.1138586 -0.9812751 0.1654397 0.09863585 2.08703e-4 0.6716142 -0.7409011 3.94164e-4 0.6715166 -0.7409894 0.001762926 -0.6712943 0.7411888 9.62158e-4 -0.6712907 0.7411936 1.17441e-4 -0.6713635 0.7411283 4.29905e-4 -0.6711169 0.7413515 -0.6893557 0.4328944 0.5808539 -0.6807863 0.4506711 0.5774302 0.2668527 0.7142444 0.6470275 0.2658389 0.7142206 0.647471 0.2669575 0.714223 0.647008 0.2658393 0.7141966 0.6474972 0.3218694 -0.3376678 0.8845228 0.4052451 -0.2419992 0.8815968 0.9988812 0.03504395 0.03175526 0.9974355 0.06929457 0.0179066 0.7540609 0.3910617 0.5276959 0.7537581 0.3909959 0.5281772 -0.4505559 0.7412177 0.4975899 -0.3838299 0.6616453 0.6441275 0.9858245 0.1243049 0.1126876 0.9858245 0.1243051 0.1126876 0.7661005 0.4761786 0.4316759 0.7662469 0.4762035 0.4313883 0.4550769 0.6599314 0.5978258 0.4547932 0.6598249 0.598159 0.06750816 0.7391892 0.6701061 0.06786417 0.7394108 0.6698255 -0.3268864 0.700405 0.6344904 -0.3275521 0.6997569 0.6348622 -0.7593984 0.4818627 0.4371756 -0.759301 0.4821036 0.4370793 -1.89648e-4 0.6714922 -0.7410117 -4.02764e-4 0.6715034 -0.7410015 -4.41819e-5 0.6716568 -0.7408625 2.7884e-4 0.6715461 -0.7409628 -0.2751438 -0.740824 -0.6127609 -0.1826567 -0.6614142 -0.7274392 0.4472506 -0.4330021 0.7826086 0.6566803 -0.67295 0.3404548 -0.2323407 0.819715 -0.5235315 -0.2312487 0.825904 -0.514205 -0.2666099 -0.7148757 -0.6464301 -0.02275627 0.008530378 0.9997047 0.3292422 -0.6069093 0.7233677 0.6888104 -0.6205727 -0.3747395 0.6807785 -0.619021 -0.3916041 -0.399708 0.8985623 0.1811611 -0.8559855 0.3828364 0.3474557 -0.7540268 -0.5634804 -0.3375405 -0.7538025 -0.5638301 -0.3374573 0.04715859 0.7199814 -0.6923893 0.1323306 0.670009 -0.7304633 -0.1516674 -0.7987042 -0.582296 -7.98515e-6 -0.671119 0.7413496 0.196612 -0.5908415 0.7824642 0.3196142 -0.542431 0.7769269 0.1123397 -0.5763737 0.8094277 0.1904111 -0.5826877 0.7900752 -5.21928e-4 0.6713745 -0.7411181 -7.21784e-4 0.6714795 -0.7410228 -0.9988814 -0.03502541 -0.03177052 -0.9974377 -0.02462744 -0.06716823 0.03781735 -0.7007752 0.7123792 0.4491628 -0.5313052 0.7183089 0.4505672 -0.568673 -0.6881863 0.3838905 -0.7065602 -0.5944753 -4.76212e-4 0.6714757 -0.7410265 -8.28819e-5 0.6713094 -0.7411773 0.1560953 -0.7826542 0.602567 -0.2967275 -0.8308693 0.4707538 -0.4693099 -0.8475596 0.2477723 0.1822327 -0.8345323 0.5199491 0.01846569 -0.9689798 0.2464495 0.07513213 -0.974494 0.2114627 -0.5321577 -0.464181 0.7080567 -0.5442782 -0.4611934 0.7007582 0.1348907 -0.8173183 0.5601744 0.1388561 -0.8162637 0.5607428 0.1532778 -0.7449025 -0.6493275 0.1698242 -0.7151151 -0.6780636 -0.8832257 -0.3473534 -0.3150523 -0.875254 -0.3248135 -0.3583667 -1.71481e-4 0.6712159 -0.7412619 -1.04873e-4 0.6712381 -0.7412419 0.9848973 0.1282757 0.1162875 0.9848973 0.128276 0.1162874 -0.31532 -0.4642055 0.8276996 -0.06715059 -0.6678288 0.7412797 -0.4529688 0.04478853 0.8904007 -0.4419883 -0.03556644 0.8963155 -0.9809157 -0.1929122 -0.02427828 -0.9761635 -0.2159931 -0.02125912 0.02704745 0.7427402 0.6690332 0.7285498 0.5089579 0.4584507 -0.0165165 0.6860413 -0.7273751 0.01617747 0.723721 -0.6899031 0.8485621 -0.4338918 -0.302788 0.04196852 -0.693692 0.7190481 -0.8546946 -0.3792248 0.3545222 -0.845345 -0.4678764 0.2578442 0.1765888 0.1109404 0.9780126 0.1664156 0.08308976 0.9825488 -0.04738336 0.6181984 -0.7845928 -0.1327928 0.6611062 -0.7384475 -0.02939772 -0.6380162 0.7694617 -0.4471363 -0.6626564 0.6007959 -0.994859 -0.07851427 -0.06396245 -0.9982296 -0.05467075 -0.02343028 0.9936359 0.07908475 0.08020788 0.9762626 0.1958179 0.09255784 0.6496211 -0.3002968 0.6984371 -0.6253792 -0.6308859 0.459221 -0.5020129 -0.7443538 0.4403641 -0.1484409 -0.6530455 0.7426283 -0.1358442 -0.6187596 0.773746 -0.09488779 -0.7490317 0.655704 -0.1493843 -0.6601031 0.7361714 7.945e-4 0.6708042 -0.7416341 0.7209855 -0.373062 0.583956 -0.2753543 -0.715351 0.6422251 -0.3653182 -0.553615 0.7483669 -0.9936404 -0.08750551 -0.07086336 -3.77589e-4 0.6716586 -0.7408608 -0.1350128 -0.6169217 0.7753575 0.9982293 0.0286166 0.05214899 0.994856 0.07138115 0.07187741 0.3274879 -0.4576526 0.8266231 -0.4676329 0.6525206 0.5962688 -0.3245361 -0.7774422 0.5387578 -0.6499292 -0.6656904 0.366672 0.1195206 -0.5741959 -0.8099469 -0.6272323 -0.1730207 0.7593705 0.6225072 -0.3975691 0.6741096 0.5043689 -0.3632202 0.7833793 4.69452e-4 0.6708949 -0.7415524 0.1487744 -0.6654693 0.7314484 -0.02119249 -0.899543 0.4363179 0.09584277 -0.5791743 0.80955 0.3059999 -0.9494441 0.07014334 0.1399382 -0.7026607 0.6976283 0.09276825 -0.6454872 0.7581164 -0.3051464 0.02161836 0.9520601 0.1495456 -0.6672751 0.7296438 -0.4684559 -0.8537514 0.2272834 0.7098658 -0.5216988 -0.4732028 -8.23799e-5 0.6713094 -0.7411773 -0.09308975 -0.6909693 0.7168652 -0.9762526 -0.1114144 -0.1857893 -0.7220012 -0.5437488 0.4278452 -0.4259348 -0.4147011 0.8041161 0.3629754 -0.6916223 0.6244258 0.274881 -0.5694063 0.7747367 -0.8208458 -0.3184518 0.4741315 -0.710094 0.5215284 0.4730483 0.4692152 -0.1398891 0.8719335 -5.25804e-4 0.6717584 -0.7407702 0.627649 -0.7382569 0.2470496 0.02143269 -0.3414947 0.9396394 -0.1195693 0.862397 0.4919091 -0.4474127 -0.7422215 -0.498928 0.4473019 0.5691572 0.6899139 -2.41591e-4 0.6715408 -0.7409675 0.4251638 -0.7614156 0.4893692 0.1334453 -0.7140581 0.6872506</float_array>
          <technique_common>
            <accessor source="#beyblade2loc-2026-09-10-18-44-41-897-mesh-normals-array" count="1026" stride="3">
              <param name="X" type="float"/>
              <param name="Y" type="float"/>
              <param name="Z" type="float"/>
            </accessor>
          </technique_common>
        </source>
        <source id="beyblade2loc-2026-09-10-18-44-41-897-mesh-map-0">
          <float_array id="beyblade2loc-2026-09-10-18-44-41-897-mesh-map-0-array" count="6192">0.746582 0.01123046 0.6787109 0.005859375 0.7358399 0.02197265 0.7358399 0.02197265 0.6787109 0.005859375 0.6831055 0.015625 0.7358399 0.02197265 0.6831055 0.015625 0.6933594 0.1020507 0.6933594 0.1020507 0.6831055 0.015625 0.6552734 0.06347656 0.6933594 0.1020507 0.6552734 0.06347656 0.6337891 0.1425781 0.6337891 0.1425781 0.6552734 0.06347656 0.6132813 0.09228515 0.6337891 0.1425781 0.6132813 0.09228515 0.5639649 0.1567382 0.5639649 0.1567382 0.6132813 0.09228515 0.5639649 0.102539 0.5639649 0.1567382 0.5639649 0.102539 0.4936524 0.1425781 0.4936524 0.1425781 0.5639649 0.102539 0.5146484 0.09228515 0.4936524 0.1425781 0.5146484 0.09228515 0.4345703 0.1020507 0.4345703 0.1020507 0.5146484 0.09228515 0.4726563 0.06347656 0.4345703 0.1020507 0.4726563 0.06347656 0.4448242 0.015625 0.4448242 0.015625 0.4726563 0.06347656 0.4770508 0.05859375 0.4448242 0.015625 0.4770508 0.05859375 0.4506836 0.007324218 0.746582 0.01123046 0.6787109 0.005859375 0.7358399 0.02197265 0.7358399 0.02197265 0.6787109 0.005859375 0.6831055 0.015625 0.7358399 0.02197265 0.6831055 0.015625 0.6933594 0.1020507 0.6933594 0.1020507 0.6831055 0.015625 0.6552734 0.06347656 0.6933594 0.1020507 0.6552734 0.06347656 0.6337891 0.1425781 0.6337891 0.1425781 0.6552734 0.06347656 0.6132813 0.09228515 0.6337891 0.1425781 0.6132813 0.09228515 0.5639649 0.1567382 0.5639649 0.1567382 0.6132813 0.09228515 0.5639649 0.102539 0.5639649 0.1567382 0.5639649 0.102539 0.4936524 0.1425781 0.4936524 0.1425781 0.5639649 0.102539 0.5146484 0.09228515 0.4936524 0.1425781 0.5146484 0.09228515 0.4345703 0.1020507 0.4345703 0.1020507 0.5146484 0.09228515 0.4726563 0.06347656 0.4345703 0.1020507 0.4726563 0.06347656 0.4448242 0.015625 0.4448242 0.015625 0.4726563 0.06347656 0.4770508 0.05859375 0.4448242 0.015625 0.4770508 0.05859375 0.4506836 0.007324218 0.1630859 0.3999024 0.09521484 0.3461914 0.1801757 0.390625 0.1801757 0.390625 0.09521484 0.3461914 0.1098632 0.3168945 0.1801757 0.390625 0.1098632 0.3168945 0.1972656 0.3823242 0.1972656 0.3823242 0.1098632 0.3168945 0.1196289 0.3125 0.1972656 0.3823242 0.1196289 0.3125 0.2182617 0.371582 0.2182617 0.371582 0.1196289 0.3125 0.1591796 0.3261719 0.2182617 0.371582 0.1591796 0.3261719 0.2255859 0.3681641 0.2255859 0.3681641 0.1591796 0.3261719 0.1723632 0.3085938 0.2255859 0.3681641 0.1723632 0.3085938 0.243164 0.3608399 0.243164 0.3608399 0.1723632 0.3085938 0.1850585 0.2954102 0.243164 0.3608399 0.1850585 0.2954102 0.2587891 0.3481445 0.1630859 0.3999024 0.09521484 0.3461914 0.1801757 0.390625 0.1801757 0.390625 0.09521484 0.3461914 0.1098632 0.3168945 0.1801757 0.390625 0.1098632 0.3168945 0.1972656 0.3823242 0.1972656 0.3823242 0.1098632 0.3168945 0.1196289 0.3125 0.1972656 0.3823242 0.1196289 0.3125 0.2182617 0.371582 0.2182617 0.371582 0.1196289 0.3125 0.1591796 0.3261719 0.2182617 0.371582 0.1591796 0.3261719 0.2255859 0.3681641 0.2255859 0.3681641 0.1591796 0.3261719 0.1723632 0.3085938 0.2255859 0.3681641 0.1723632 0.3085938 0.243164 0.3608399 0.243164 0.3608399 0.1723632 0.3085938 0.1850585 0.2954102 0.243164 0.3608399 0.1850585 0.2954102 0.2587891 0.3481445 0.2587891 0.3481445 0.3510742 0.409668 0.243164 0.3608399 0.243164 0.3608399 0.3510742 0.409668 0.3330078 0.4243164 0.243164 0.3608399 0.3330078 0.4243164 0.2255859 0.3681641 0.2255859 0.3681641 0.3330078 0.4243164 0.3193359 0.4316406 0.2255859 0.3681641 0.3193359 0.4316406 0.3110352 0.4360352 0.3110352 0.4360352 0.3193359 0.4316406 0.3886719 0.4897461 0.3110352 0.4360352 0.3886719 0.4897461 0.3813477 0.496582 0.3813477 0.496582 0.3886719 0.4897461 0.4692383 0.5644531 0.3813477 0.496582 0.4692383 0.5644531 0.3706055 0.5063477 0.3706055 0.5063477 0.4692383 0.5644531 0.4609375 0.5737305 0.3706055 0.5063477 0.4609375 0.5737305 0.4375 0.5678711 0.2587891 0.3481445 0.3510742 0.409668 0.243164 0.3608399 0.243164 0.3608399 0.3510742 0.409668 0.3330078 0.4243164 0.243164 0.3608399 0.3330078 0.4243164 0.2255859 0.3681641 0.2255859 0.3681641 0.3330078 0.4243164 0.3193359 0.4316406 0.2255859 0.3681641 0.3193359 0.4316406 0.3110352 0.4360352 0.3110352 0.4360352 0.3193359 0.4316406 0.3886719 0.4897461 0.3110352 0.4360352 0.3886719 0.4897461 0.3813477 0.496582 0.3813477 0.496582 0.3886719 0.4897461 0.4692383 0.5644531 0.3813477 0.496582 0.4692383 0.5644531 0.3706055 0.5063477 0.3706055 0.5063477 0.4692383 0.5644531 0.4609375 0.5737305 0.3706055 0.5063477 0.4609375 0.5737305 0.4375 0.5678711 0.9213867 0.04980468 0.9106445 0.1074218 0.9702149 0.1411132 0.9702149 0.1411132 0.9106445 0.1074218 0.9233399 0.1992187 0.9702149 0.1411132 0.9233399 0.1992187 0.9633789 0.2094726 0.9633789 0.2094726 0.9233399 0.1992187 0.9213867 0.3046875 0.9633789 0.2094726 0.9213867 0.3046875 0.9692383 0.2983399 0.9692383 0.2983399 0.9213867 0.3046875 0.9150391 0.3774414 0.9692383 0.2983399 0.9150391 0.3774414 0.9829102 0.3754883 0.9829102 0.3754883 0.9150391 0.3774414 0.909668 0.4511719 0.9829102 0.3754883 0.909668 0.4511719 0.9692383 0.4765625 0.9692383 0.4765625 0.909668 0.4511719 0.940918 0.5991211 0.9213867 0.04980468 0.9106445 0.1074218 0.9702149 0.1411132 0.9702149 0.1411132 0.9106445 0.1074218 0.9233399 0.1992187 0.9702149 0.1411132 0.9233399 0.1992187 0.9633789 0.2094726 0.9633789 0.2094726 0.9233399 0.1992187 0.9213867 0.3046875 0.9633789 0.2094726 0.9213867 0.3046875 0.9692383 0.2983399 0.9692383 0.2983399 0.9213867 0.3046875 0.9150391 0.3774414 0.9692383 0.2983399 0.9150391 0.3774414 0.9829102 0.3754883 0.9829102 0.3754883 0.9150391 0.3774414 0.909668 0.4511719 0.9829102 0.3754883 0.909668 0.4511719 0.9692383 0.4765625 0.9692383 0.4765625 0.909668 0.4511719 0.940918 0.5991211 0.2587891 0.5820313 0.2348632 0.6806641 0.2514649 0.6606445 0.2514649 0.6606445 0.2348632 0.6806641 0.3554688 0.6352539 0.2514649 0.6606445 0.3554688 0.6352539 0.3359375 0.6293945 0.3359375 0.6293945 0.3554688 0.6352539 0.3388672 0.5458984 0.3359375 0.6293945 0.3388672 0.5458984 0.3232422 0.5678711 0.3232422 0.5678711 0.3388672 0.5458984 0.2587891 0.5820313 0.3232422 0.5678711 0.2587891 0.5820313 0.2680664 0.5922852 0.2680664 0.5922852 0.2587891 0.5820313 0.2514649 0.6606445 0.2680664 0.5922852 0.2514649 0.6606445 0.3359375 0.6293945 0.9770508 0.8740234 0.8901367 0.8046875 0.9682617 0.8852539 0.9682617 0.8852539 0.8901367 0.8046875 0.890625 0.8154297 0.9682617 0.8852539 0.890625 0.8154297 0.9594727 0.8916016 0.9594727 0.8916016 0.890625 0.8154297 0.8300781 0.8574219 0.9594727 0.8916016 0.8300781 0.8574219 0.7470703 0.9975586 0.7470703 0.9975586 0.8300781 0.8574219 0.7470703 0.8710938 0.7470703 0.9975586 0.7470703 0.8710938 0.6640625 0.8574219 0.6640625 0.8574219 0.7470703 0.8710938 0.6689453 0.8486328 0.6640625 0.8574219 0.6689453 0.8486328 0.6040039 0.8046875 0.2587891 0.5820313 0.2348632 0.6806641 0.2514649 0.6606445 0.2514649 0.6606445 0.2348632 0.6806641 0.3554688 0.6352539 0.2514649 0.6606445 0.3554688 0.6352539 0.3359375 0.6293945 0.3359375 0.6293945 0.3554688 0.6352539 0.3388672 0.5458984 0.3359375 0.6293945 0.3388672 0.5458984 0.3232422 0.5678711 0.3232422 0.5678711 0.3388672 0.5458984 0.2587891 0.5820313 0.3232422 0.5678711 0.2587891 0.5820313 0.2680664 0.5922852 0.2680664 0.5922852 0.2587891 0.5820313 0.2514649 0.6606445 0.2680664 0.5922852 0.2514649 0.6606445 0.3359375 0.6293945 0.5571289 0.04003906 0.5527344 0.0415039 0.5566406 0.03662109 0.5566406 0.03662109 0.5527344 0.0415039 0.5517578 0.03662109 0.5566406 0.03662109 0.5517578 0.03662109 0.5571289 0.03320312 0.5571289 0.03320312 0.5517578 0.03662109 0.5527344 0.03125 0.5571289 0.03320312 0.5527344 0.03125 0.559082 0.03027343 0.559082 0.03027343 0.5527344 0.03125 0.5556641 0.02734375 0.559082 0.03027343 0.5556641 0.02734375 0.5625 0.02832031 0.5625 0.02832031 0.5556641 0.02734375 0.5620117 0.02392578 0.1518554 0.5009766 0.1298828 0.6074219 0.1430664 0.5952149 0.1430664 0.5952149 0.1298828 0.6074219 0.2402343 0.5991211 0.1430664 0.5952149 0.2402343 0.5991211 0.2280273 0.5849609 0.2280273 0.5849609 0.2402343 0.5991211 0.2363281 0.4882813 0.2280273 0.5849609 0.2363281 0.4882813 0.2221679 0.5043945 0.2221679 0.5043945 0.2363281 0.4882813 0.1640625 0.5151367 0.2221679 0.5043945 0.1640625 0.5151367 0.2280273 0.5849609 0.2280273 0.5849609 0.1640625 0.5151367 0.1430664 0.5952149 0.1518554 0.5009766 0.1298828 0.6074219 0.1430664 0.5952149 0.1430664 0.5952149 0.1298828 0.6074219 0.2402343 0.5991211 0.1430664 0.5952149 0.2402343 0.5991211 0.2280273 0.5849609 0.2280273 0.5849609 0.2402343 0.5991211 0.2363281 0.4882813 0.2280273 0.5849609 0.2363281 0.4882813 0.2221679 0.5043945 0.2221679 0.5043945 0.2363281 0.4882813 0.1640625 0.5151367 0.2221679 0.5043945 0.1640625 0.5151367 0.2280273 0.5849609 0.2280273 0.5849609 0.1640625 0.5151367 0.1430664 0.5952149 0.5737305 0.03320312 0.5776367 0.03125 0.5742188 0.03662109 0.5742188 0.03662109 0.5776367 0.03125 0.5791016 0.03662109 0.5742188 0.03662109 0.5791016 0.03662109 0.5737305 0.04003906 0.5737305 0.04003906 0.5791016 0.03662109 0.5776367 0.0415039 0.5737305 0.04003906 0.5776367 0.0415039 0.5717774 0.04248046 0.5717774 0.04248046 0.5776367 0.0415039 0.574707 0.04589843 0.5717774 0.04248046 0.574707 0.04589843 0.5683594 0.04443359 0.5683594 0.04443359 0.574707 0.04589843 0.5688477 0.0493164 0.7075195 0.3076172 0.7978516 0.2519531 0.7324219 0.2353515 0.7324219 0.2353515 0.7978516 0.2519531 0.7978516 0.1733398 0.7324219 0.2353515 0.7978516 0.1733398 0.7602539 0.1542968 0.7602539 0.1542968 0.7978516 0.1733398 0.8037109 0.1582031 0.7602539 0.1542968 0.8037109 0.1582031 0.7709961 0.1235351 0.7709961 0.1235351 0.8037109 0.1582031 0.8081055 0.1450195 0.7709961 0.1235351 0.8081055 0.1450195 0.8203125 0.1054687 0.1689453 0.6489258 0.1513671 0.6879883 0.2583008 0.7197266 0.2583008 0.7197266 0.1513671 0.6879883 0.208496 0.7470703 0.2583008 0.7197266 0.208496 0.7470703 0.2700195 0.7529297 0.2700195 0.7529297 0.208496 0.7470703 0.2236328 0.7988281 0.2700195 0.7529297 0.2236328 0.7988281 0.269043 0.8457031 0.269043 0.8457031 0.2236328 0.7988281 0.2172851 0.8481445 0.269043 0.8457031 0.2172851 0.8481445 0.2138671 0.8657227 0.746582 0.01123046 0.7358399 0.02197265 0.7001953 0.1098632 0.7001953 0.1098632 0.7358399 0.02197265 0.6933594 0.1020507 0.7001953 0.1098632 0.6933594 0.1020507 0.6362305 0.149414 0.6362305 0.149414 0.6933594 0.1020507 0.6337891 0.1425781 0.6362305 0.149414 0.6337891 0.1425781 0.5639649 0.1679687 0.5639649 0.1679687 0.6337891 0.1425781 0.5639649 0.1567382 0.5639649 0.1679687 0.5639649 0.1567382 0.4936524 0.1425781 0.355957 0.6479492 0.3374024 0.6582031 0.4267578 0.7080078 0.4267578 0.7080078 0.3374024 0.6582031 0.4091797 0.7124024 0.4267578 0.7080078 0.4091797 0.7124024 0.4482422 0.7797852 0.4482422 0.7797852 0.4091797 0.7124024 0.4291992 0.7880859 0.4482422 0.7797852 0.4291992 0.7880859 0.4360352 0.8569336 0.4360352 0.8569336 0.4291992 0.7880859 0.4116211 0.8344727 0.4360352 0.8569336 0.4116211 0.8344727 0.309082 0.8588867 0.1689453 0.6489258 0.1513671 0.6879883 0.2583008 0.7197266 0.2583008 0.7197266 0.1513671 0.6879883 0.208496 0.7470703 0.2583008 0.7197266 0.208496 0.7470703 0.2700195 0.7529297 0.2700195 0.7529297 0.208496 0.7470703 0.2236328 0.7988281 0.2700195 0.7529297 0.2236328 0.7988281 0.269043 0.8457031 0.269043 0.8457031 0.2236328 0.7988281 0.2172851 0.8481445 0.269043 0.8457031 0.2172851 0.8481445 0.2138671 0.8657227 0.3813477 0.496582 0.3706055 0.5063477 0.2836914 0.4492188 0.2836914 0.4492188 0.3706055 0.5063477 0.3632813 0.512207 0.2836914 0.4492188 0.3632813 0.512207 0.2705078 0.4584961 0.2705078 0.4584961 0.3632813 0.512207 0.3515625 0.5229492 0.2705078 0.4584961 0.3515625 0.5229492 0.2578125 0.4667969 0.2578125 0.4667969 0.3515625 0.5229492 0.3427734 0.5307617 0.2578125 0.4667969 0.3427734 0.5307617 0.2441406 0.4770508 0.3813477 0.496582 0.3706055 0.5063477 0.2836914 0.4492188 0.2836914 0.4492188 0.3706055 0.5063477 0.3632813 0.512207 0.2836914 0.4492188 0.3632813 0.512207 0.2705078 0.4584961 0.2705078 0.4584961 0.3632813 0.512207 0.3515625 0.5229492 0.2705078 0.4584961 0.3515625 0.5229492 0.2578125 0.4667969 0.2578125 0.4667969 0.3515625 0.5229492 0.3427734 0.5307617 0.2578125 0.4667969 0.3427734 0.5307617 0.2441406 0.4770508 0.355957 0.6479492 0.3374024 0.6582031 0.4267578 0.7080078 0.4267578 0.7080078 0.3374024 0.6582031 0.4091797 0.7124024 0.4267578 0.7080078 0.4091797 0.7124024 0.4482422 0.7797852 0.4482422 0.7797852 0.4091797 0.7124024 0.4291992 0.7880859 0.4482422 0.7797852 0.4291992 0.7880859 0.4360352 0.8569336 0.4360352 0.8569336 0.4291992 0.7880859 0.4116211 0.8344727 0.4360352 0.8569336 0.4116211 0.8344727 0.309082 0.8588867 0.7075195 0.3076172 0.7978516 0.2519531 0.7324219 0.2353515 0.7324219 0.2353515 0.7978516 0.2519531 0.7978516 0.1733398 0.7324219 0.2353515 0.7978516 0.1733398 0.7602539 0.1542968 0.7602539 0.1542968 0.7978516 0.1733398 0.8037109 0.1582031 0.7602539 0.1542968 0.8037109 0.1582031 0.7709961 0.1235351 0.7709961 0.1235351 0.8037109 0.1582031 0.8081055 0.1450195 0.7709961 0.1235351 0.8081055 0.1450195 0.8203125 0.1054687 0.746582 0.01123046 0.7358399 0.02197265 0.7001953 0.1098632 0.7001953 0.1098632 0.7358399 0.02197265 0.6933594 0.1020507 0.7001953 0.1098632 0.6933594 0.1020507 0.6362305 0.149414 0.6362305 0.149414 0.6933594 0.1020507 0.6337891 0.1425781 0.6362305 0.149414 0.6337891 0.1425781 0.5639649 0.1679687 0.5639649 0.1679687 0.6337891 0.1425781 0.5639649 0.1567382 0.5639649 0.1679687 0.5639649 0.1567382 0.4936524 0.1425781 0.5161133 0.2548828 0.5126953 0.2709961 0.574707 0.2524414 0.574707 0.2524414 0.5126953 0.2709961 0.5791016 0.269043 0.574707 0.2524414 0.5791016 0.269043 0.6298828 0.2246093 0.6298828 0.2246093 0.5791016 0.269043 0.6411133 0.2387695 0.6298828 0.2246093 0.6411133 0.2387695 0.6860352 0.140625 0.6860352 0.140625 0.6411133 0.2387695 0.7045899 0.1440429 0.4692383 0.5644531 0.3886719 0.4897461 0.4648438 0.5415039 0.4648438 0.5415039 0.3886719 0.4897461 0.3974609 0.4829102 0.4648438 0.5415039 0.3974609 0.4829102 0.4042969 0.4750977 0.4042969 0.4750977 0.3974609 0.4829102 0.3330078 0.4243164 0.4042969 0.4750977 0.3330078 0.4243164 0.4213867 0.4638672 0.4213867 0.4638672 0.3330078 0.4243164 0.3510742 0.409668 0.7827149 0.08886718 0.8266602 0.08544921 0.7905274 0.06689453 0.7905274 0.06689453 0.8266602 0.08544921 0.8417969 0.04345703 0.7905274 0.06689453 0.8417969 0.04345703 0.8041992 0.02783203 0.8041992 0.02783203 0.8417969 0.04345703 0.8432617 0.03662109 0.8041992 0.02783203 0.8432617 0.03662109 0.8120117 0.004394531 0.8120117 0.004394531 0.8432617 0.03662109 0.8481445 0.0234375 0.5639649 0.1679687 0.4936524 0.1425781 0.4902344 0.1533203 0.4902344 0.1533203 0.4936524 0.1425781 0.4345703 0.1020507 0.4902344 0.1533203 0.4345703 0.1020507 0.4233399 0.1088867 0.4233399 0.1088867 0.4345703 0.1020507 0.3916016 0.02197265 0.4233399 0.1088867 0.3916016 0.02197265 0.3813477 0.01708984 0.3813477 0.01708984 0.3916016 0.02197265 0.4506836 0.007324218 0.1909179 0.7890625 0.1914062 0.7553711 0.1298828 0.7119141 0.1298828 0.7119141 0.1914062 0.7553711 0.130371 0.6958008 0.1298828 0.7119141 0.130371 0.6958008 0.04443359 0.7431641 0.04443359 0.7431641 0.130371 0.6958008 0.02539062 0.7246094 0.04443359 0.7431641 0.02539062 0.7246094 0.04052734 0.7514649 0.04052734 0.7514649 0.02539062 0.7246094 0.01953125 0.7314453 0.5161133 0.2548828 0.5126953 0.2709961 0.574707 0.2524414 0.574707 0.2524414 0.5126953 0.2709961 0.5791016 0.269043 0.574707 0.2524414 0.5791016 0.269043 0.6298828 0.2246093 0.6298828 0.2246093 0.5791016 0.269043 0.6411133 0.2387695 0.6298828 0.2246093 0.6411133 0.2387695 0.6860352 0.140625 0.6860352 0.140625 0.6411133 0.2387695 0.7045899 0.1440429 0.5561524 0.4077149 0.612793 0.4882813 0.6074219 0.4370117 0.6074219 0.4370117 0.612793 0.4882813 0.6499024 0.5288086 0.6074219 0.4370117 0.6499024 0.5288086 0.6875 0.534668 0.6875 0.534668 0.6499024 0.5288086 0.5336914 0.6176758 0.6875 0.534668 0.5336914 0.6176758 0.5302734 0.6547852 0.5302734 0.6547852 0.5336914 0.6176758 0.5136719 0.621582 0.5639649 0.1679687 0.4936524 0.1425781 0.4902344 0.1533203 0.4902344 0.1533203 0.4936524 0.1425781 0.4345703 0.1020507 0.4902344 0.1533203 0.4345703 0.1020507 0.4233399 0.1088867 0.4233399 0.1088867 0.4345703 0.1020507 0.3916016 0.02197265 0.4233399 0.1088867 0.3916016 0.02197265 0.3813477 0.01708984 0.3813477 0.01708984 0.3916016 0.02197265 0.4506836 0.007324218 0.6875 0.534668 0.6352539 0.4174805 0.6074219 0.4370117 0.6074219 0.4370117 0.6352539 0.4174805 0.5385742 0.3632813 0.6074219 0.4370117 0.5385742 0.3632813 0.5561524 0.4077149 0.5561524 0.4077149 0.5385742 0.3632813 0.4790039 0.4609375 0.5561524 0.4077149 0.4790039 0.4609375 0.5180664 0.4589844 0.5180664 0.4589844 0.4790039 0.4609375 0.5424805 0.5419922 0.6875 0.534668 0.6352539 0.4174805 0.6074219 0.4370117 0.6074219 0.4370117 0.6352539 0.4174805 0.5385742 0.3632813 0.6074219 0.4370117 0.5385742 0.3632813 0.5561524 0.4077149 0.5561524 0.4077149 0.5385742 0.3632813 0.4790039 0.4609375 0.5561524 0.4077149 0.4790039 0.4609375 0.5180664 0.4589844 0.5180664 0.4589844 0.4790039 0.4609375 0.5424805 0.5419922 0.9213867 0.3046875 0.9233399 0.1987304 0.9130859 0.3046875 0.9130859 0.3046875 0.9233399 0.1987304 0.9135742 0.1972656 0.9130859 0.3046875 0.9135742 0.1972656 0.8525391 0.192871 0.8525391 0.192871 0.9135742 0.1972656 0.8984375 0.1079101 0.8525391 0.192871 0.8984375 0.1079101 0.8452149 0.1176757 0.8452149 0.1176757 0.8984375 0.1079101 0.8554688 0.06152343 0.4692383 0.5644531 0.3886719 0.4897461 0.4648438 0.5415039 0.4648438 0.5415039 0.3886719 0.4897461 0.3974609 0.4829102 0.4648438 0.5415039 0.3974609 0.4829102 0.4042969 0.4750977 0.4042969 0.4750977 0.3974609 0.4829102 0.3330078 0.4243164 0.4042969 0.4750977 0.3330078 0.4243164 0.4213867 0.4638672 0.4213867 0.4638672 0.3330078 0.4243164 0.3510742 0.409668 0.02001953 0.2700195 0.05810546 0.2436523 0.0234375 0.2973633 0.0234375 0.2973633 0.05810546 0.2436523 0.06591796 0.2583008 0.0234375 0.2973633 0.06591796 0.2583008 0.06689453 0.2875977 0.06689453 0.2875977 0.06591796 0.2583008 0.1127929 0.253418 0.06689453 0.2875977 0.1127929 0.253418 0.1201171 0.2875977 0.1201171 0.2875977 0.1127929 0.253418 0.1455078 0.230957 0.02001953 0.2700195 0.05810546 0.2436523 0.0234375 0.2973633 0.0234375 0.2973633 0.05810546 0.2436523 0.06591796 0.2583008 0.0234375 0.2973633 0.06591796 0.2583008 0.06689453 0.2875977 0.06689453 0.2875977 0.06591796 0.2583008 0.1127929 0.253418 0.06689453 0.2875977 0.1127929 0.253418 0.1201171 0.2875977 0.1201171 0.2875977 0.1127929 0.253418 0.1455078 0.230957 0.5561524 0.4077149 0.612793 0.4882813 0.6074219 0.4370117 0.6074219 0.4370117 0.612793 0.4882813 0.6499024 0.5288086 0.6074219 0.4370117 0.6499024 0.5288086 0.6875 0.534668 0.6875 0.534668 0.6499024 0.5288086 0.5336914 0.6176758 0.6875 0.534668 0.5336914 0.6176758 0.5302734 0.6547852 0.5302734 0.6547852 0.5336914 0.6176758 0.5136719 0.621582 0.9213867 0.3046875 0.9233399 0.1987304 0.9130859 0.3046875 0.9130859 0.3046875 0.9233399 0.1987304 0.9135742 0.1972656 0.9130859 0.3046875 0.9135742 0.1972656 0.8525391 0.192871 0.8525391 0.192871 0.9135742 0.1972656 0.8984375 0.1079101 0.8525391 0.192871 0.8984375 0.1079101 0.8452149 0.1176757 0.8452149 0.1176757 0.8984375 0.1079101 0.8554688 0.06152343 0.1909179 0.7890625 0.1914062 0.7553711 0.1298828 0.7119141 0.1298828 0.7119141 0.1914062 0.7553711 0.130371 0.6958008 0.1298828 0.7119141 0.130371 0.6958008 0.04443359 0.7431641 0.04443359 0.7431641 0.130371 0.6958008 0.02539062 0.7246094 0.04443359 0.7431641 0.02539062 0.7246094 0.04052734 0.7514649 0.04052734 0.7514649 0.02539062 0.7246094 0.01953125 0.7314453 0.7827149 0.08886718 0.8266602 0.08544921 0.7905274 0.06689453 0.7905274 0.06689453 0.8266602 0.08544921 0.8417969 0.04345703 0.7905274 0.06689453 0.8417969 0.04345703 0.8041992 0.02783203 0.8041992 0.02783203 0.8417969 0.04345703 0.8432617 0.03662109 0.8041992 0.02783203 0.8432617 0.03662109 0.8120117 0.004394531 0.8120117 0.004394531 0.8432617 0.03662109 0.8481445 0.0234375 0.5537109 0.06005859 0.5537109 0.05810546 0.5571289 0.05957031 0.5571289 0.05957031 0.5537109 0.05810546 0.5620117 0.0571289 0.5571289 0.05957031 0.5620117 0.0571289 0.5605469 0.06152343 0.5605469 0.06152343 0.5620117 0.0571289 0.5673828 0.06103515 0.5605469 0.06152343 0.5673828 0.06103515 0.5610352 0.06298828 0.5146484 0.2358398 0.5371094 0.2358398 0.5117188 0.1831054 0.5117188 0.1831054 0.5371094 0.2358398 0.5351563 0.192871 0.5117188 0.1831054 0.5351563 0.192871 0.5561524 0.1831054 0.5561524 0.1831054 0.5351563 0.192871 0.5498047 0.2358398 0.5561524 0.1831054 0.5498047 0.2358398 0.5664063 0.2363281 0.5146484 0.2358398 0.5371094 0.2358398 0.5117188 0.1831054 0.5117188 0.1831054 0.5371094 0.2358398 0.5351563 0.192871 0.5117188 0.1831054 0.5351563 0.192871 0.5561524 0.1831054 0.5561524 0.1831054 0.5351563 0.192871 0.5498047 0.2358398 0.5561524 0.1831054 0.5498047 0.2358398 0.5664063 0.2363281 0.5478516 0.02783203 0.5429688 0.02441406 0.5483399 0.02685546 0.5483399 0.02685546 0.5429688 0.02441406 0.5439453 0.02294921 0.5483399 0.02685546 0.5439453 0.02294921 0.5522461 0.02392578 0.5522461 0.02392578 0.5439453 0.02294921 0.5473633 0.0180664 0.5522461 0.02392578 0.5473633 0.0180664 0.5546875 0.02246093 0.5146484 0.2358398 0.5371094 0.2358398 0.5117188 0.1831054 0.5117188 0.1831054 0.5371094 0.2358398 0.5351563 0.192871 0.5117188 0.1831054 0.5351563 0.192871 0.5561524 0.1831054 0.5561524 0.1831054 0.5351563 0.192871 0.5498047 0.2358398 0.5561524 0.1831054 0.5498047 0.2358398 0.5664063 0.2363281 0.8496094 0.5371094 0.8666992 0.5512695 0.8828125 0.4404297 0.8828125 0.4404297 0.8666992 0.5512695 0.8989258 0.4477539 0.8828125 0.4404297 0.8989258 0.4477539 0.9091797 0.3725586 0.9091797 0.3725586 0.8989258 0.4477539 0.9150391 0.3759766 0.9091797 0.3725586 0.9150391 0.3759766 0.9213867 0.3046875 0.4790039 0.4609375 0.5385742 0.3632813 0.440918 0.3852539 0.440918 0.3852539 0.5385742 0.3632813 0.4990234 0.3447266 0.440918 0.3852539 0.4990234 0.3447266 0.4438477 0.3232422 0.4438477 0.3232422 0.4990234 0.3447266 0.5185547 0.3383789 0.4438477 0.3232422 0.5185547 0.3383789 0.4628906 0.3164063 0.09570312 0.4321289 0.05029296 0.4492188 0.06298828 0.4584961 0.06298828 0.4584961 0.05029296 0.4492188 0.03759765 0.5800781 0.06298828 0.4584961 0.03759765 0.5800781 0.08935546 0.5498047 0.08935546 0.5498047 0.03759765 0.5800781 0.02050781 0.605957 0.08935546 0.5498047 0.02050781 0.605957 0.1103515 0.5600586 0.6552734 0.06347656 0.6479492 0.0571289 0.6132813 0.09228515 0.6132813 0.09228515 0.6479492 0.0571289 0.609375 0.08349609 0.6132813 0.09228515 0.609375 0.08349609 0.5639649 0.102539 0.5639649 0.102539 0.609375 0.08349609 0.5639649 0.09570312 0.5639649 0.102539 0.5639649 0.09570312 0.5170899 0.0859375 0.612793 0.4882813 0.5424805 0.5419922 0.6499024 0.5288086 0.6499024 0.5288086 0.5424805 0.5419922 0.5332031 0.5541992 0.6499024 0.5288086 0.5332031 0.5541992 0.5336914 0.6176758 0.5336914 0.6176758 0.5332031 0.5541992 0.5126953 0.5571289 0.5336914 0.6176758 0.5126953 0.5571289 0.5136719 0.621582 0.5771484 0.01318359 0.5771484 0.01513671 0.5737305 0.01318359 0.5737305 0.01318359 0.5771484 0.01513671 0.5688477 0.01611328 0.5737305 0.01318359 0.5688477 0.01611328 0.5703125 0.01171875 0.5703125 0.01171875 0.5688477 0.01611328 0.5629883 0.01171875 0.5703125 0.01171875 0.5629883 0.01171875 0.5698242 0.0102539 0.09570312 0.4321289 0.05029296 0.4492188 0.06298828 0.4584961 0.06298828 0.4584961 0.05029296 0.4492188 0.03759765 0.5800781 0.06298828 0.4584961 0.03759765 0.5800781 0.08935546 0.5498047 0.08935546 0.5498047 0.03759765 0.5800781 0.02050781 0.605957 0.08935546 0.5498047 0.02050781 0.605957 0.1103515 0.5600586 0.8496094 0.5371094 0.8666992 0.5512695 0.8828125 0.4404297 0.8828125 0.4404297 0.8666992 0.5512695 0.8989258 0.4477539 0.8828125 0.4404297 0.8989258 0.4477539 0.9091797 0.3725586 0.9091797 0.3725586 0.8989258 0.4477539 0.9150391 0.3759766 0.9091797 0.3725586 0.9150391 0.3759766 0.9213867 0.3046875 0.4477539 0.8720703 0.534668 0.8466797 0.4487305 0.7802734 0.4487305 0.7802734 0.534668 0.8466797 0.5029297 0.7563477 0.4487305 0.7802734 0.5029297 0.7563477 0.4267578 0.7075195 0.4267578 0.7075195 0.5029297 0.7563477 0.425293 0.637207 0.4267578 0.7075195 0.425293 0.637207 0.355957 0.6484375 0.5830078 0.04541015 0.5878906 0.04833984 0.5825195 0.04638671 0.5825195 0.04638671 0.5878906 0.04833984 0.5869141 0.05029296 0.5825195 0.04638671 0.5869141 0.05029296 0.5786133 0.04882812 0.5786133 0.04882812 0.5869141 0.05029296 0.5834961 0.0546875 0.5786133 0.04882812 0.5834961 0.0546875 0.5761719 0.05078125 0.5146484 0.2358398 0.5371094 0.2358398 0.5117188 0.1831054 0.5117188 0.1831054 0.5371094 0.2358398 0.5351563 0.192871 0.5117188 0.1831054 0.5351563 0.192871 0.5561524 0.1831054 0.5561524 0.1831054 0.5351563 0.192871 0.5498047 0.2358398 0.5561524 0.1831054 0.5498047 0.2358398 0.5664063 0.2363281 0.5146484 0.2358398 0.5371094 0.2358398 0.5117188 0.1831054 0.5117188 0.1831054 0.5371094 0.2358398 0.5351563 0.192871 0.5117188 0.1831054 0.5351563 0.192871 0.5561524 0.1831054 0.5561524 0.1831054 0.5351563 0.192871 0.5498047 0.2358398 0.5561524 0.1831054 0.5498047 0.2358398 0.5664063 0.2363281 0.5146484 0.2358398 0.5371094 0.2358398 0.5117188 0.1831054 0.5117188 0.1831054 0.5371094 0.2358398 0.5351563 0.192871 0.5117188 0.1831054 0.5351563 0.192871 0.5561524 0.1831054 0.5561524 0.1831054 0.5351563 0.192871 0.5498047 0.2358398 0.5561524 0.1831054 0.5498047 0.2358398 0.5664063 0.2363281 0.5146484 0.2358398 0.5371094 0.2358398 0.5117188 0.1831054 0.5117188 0.1831054 0.5371094 0.2358398 0.5351563 0.192871 0.5117188 0.1831054 0.5351563 0.192871 0.5561524 0.1831054 0.5561524 0.1831054 0.5351563 0.192871 0.5498047 0.2358398 0.5561524 0.1831054 0.5498047 0.2358398 0.5664063 0.2363281 0.5146484 0.2358398 0.5371094 0.2358398 0.5117188 0.1831054 0.5117188 0.1831054 0.5371094 0.2358398 0.5351563 0.192871 0.5117188 0.1831054 0.5351563 0.192871 0.5561524 0.1831054 0.5561524 0.1831054 0.5351563 0.192871 0.5498047 0.2358398 0.5561524 0.1831054 0.5498047 0.2358398 0.5664063 0.2363281 0.4477539 0.8720703 0.534668 0.8466797 0.4487305 0.7802734 0.4487305 0.7802734 0.534668 0.8466797 0.5029297 0.7563477 0.4487305 0.7802734 0.5029297 0.7563477 0.4267578 0.7075195 0.4267578 0.7075195 0.5029297 0.7563477 0.425293 0.637207 0.4267578 0.7075195 0.425293 0.637207 0.355957 0.6484375 0.9936524 0.734375 0.9873047 0.7275391 0.9091797 0.8081055 0.9091797 0.8081055 0.9873047 0.7275391 0.909668 0.7973633 0.9091797 0.8081055 0.909668 0.7973633 0.8491211 0.7553711 0.8491211 0.7553711 0.909668 0.7973633 0.9785156 0.7207031 0.8491211 0.7553711 0.9785156 0.7207031 0.8935547 0.6425781 0.6552734 0.06347656 0.6479492 0.0571289 0.6132813 0.09228515 0.6132813 0.09228515 0.6479492 0.0571289 0.609375 0.08349609 0.6132813 0.09228515 0.609375 0.08349609 0.5639649 0.102539 0.5639649 0.102539 0.609375 0.08349609 0.5639649 0.09570312 0.5639649 0.102539 0.5639649 0.09570312 0.5170899 0.0859375 0.4790039 0.4609375 0.5385742 0.3632813 0.440918 0.3852539 0.440918 0.3852539 0.5385742 0.3632813 0.4990234 0.3447266 0.440918 0.3852539 0.4990234 0.3447266 0.4438477 0.3232422 0.4438477 0.3232422 0.4990234 0.3447266 0.5185547 0.3383789 0.4438477 0.3232422 0.5185547 0.3383789 0.4628906 0.3164063 0.2172851 0.847168 0.2236328 0.7978516 0.2065429 0.7900391 0.2065429 0.7900391 0.2236328 0.7978516 0.208496 0.7470703 0.2065429 0.7900391 0.208496 0.7470703 0.1914062 0.7553711 0.1914062 0.7553711 0.208496 0.7470703 0.1508789 0.6875 0.1914062 0.7553711 0.1508789 0.6875 0.130371 0.6958008 0.890625 0.8154297 0.8901367 0.8046875 0.8300781 0.8574219 0.8300781 0.8574219 0.8901367 0.8046875 0.8256836 0.8486328 0.8300781 0.8574219 0.8256836 0.8486328 0.7470703 0.8710938 0.7470703 0.8710938 0.8256836 0.8486328 0.7470703 0.8618164 0.7470703 0.8710938 0.7470703 0.8618164 0.6689453 0.8486328 0.6977539 0.2543945 0.6977539 0.3193359 0.6762695 0.2680664 0.6762695 0.2680664 0.6977539 0.3193359 0.6762695 0.3076172 0.6762695 0.2680664 0.6762695 0.3076172 0.6450195 0.3076172 0.6450195 0.3076172 0.6762695 0.3076172 0.6977539 0.3193359 0.6450195 0.3076172 0.6977539 0.3193359 0.6362305 0.3198242 0.6977539 0.2543945 0.6977539 0.3193359 0.6762695 0.2680664 0.6762695 0.2680664 0.6977539 0.3193359 0.6762695 0.3076172 0.6762695 0.2680664 0.6762695 0.3076172 0.6450195 0.3076172 0.6450195 0.3076172 0.6762695 0.3076172 0.6977539 0.3193359 0.6450195 0.3076172 0.6977539 0.3193359 0.6362305 0.3198242 0.2172851 0.847168 0.2236328 0.7978516 0.2065429 0.7900391 0.2065429 0.7900391 0.2236328 0.7978516 0.208496 0.7470703 0.2065429 0.7900391 0.208496 0.7470703 0.1914062 0.7553711 0.1914062 0.7553711 0.208496 0.7470703 0.1508789 0.6875 0.1914062 0.7553711 0.1508789 0.6875 0.130371 0.6958008 0.612793 0.4882813 0.5424805 0.5419922 0.6499024 0.5288086 0.6499024 0.5288086 0.5424805 0.5419922 0.5332031 0.5541992 0.6499024 0.5288086 0.5332031 0.5541992 0.5336914 0.6176758 0.5336914 0.6176758 0.5332031 0.5541992 0.5126953 0.5571289 0.5336914 0.6176758 0.5126953 0.5571289 0.5136719 0.621582 0.5146484 0.2358398 0.5371094 0.2358398 0.5117188 0.1831054 0.5117188 0.1831054 0.5371094 0.2358398 0.5351563 0.192871 0.5117188 0.1831054 0.5351563 0.192871 0.5561524 0.1831054 0.5561524 0.1831054 0.5351563 0.192871 0.5498047 0.2358398 0.5561524 0.1831054 0.5498047 0.2358398 0.5664063 0.2363281 0.5146484 0.2358398 0.5371094 0.2358398 0.5117188 0.1831054 0.5117188 0.1831054 0.5371094 0.2358398 0.5351563 0.192871 0.5117188 0.1831054 0.5351563 0.192871 0.5561524 0.1831054 0.5561524 0.1831054 0.5351563 0.192871 0.5498047 0.2358398 0.5561524 0.1831054 0.5498047 0.2358398 0.5664063 0.2363281 0.2866211 0.05957031 0.284668 0.008300781 0.2363281 0.05273437 0.2363281 0.05273437 0.284668 0.008300781 0.2333984 0.008300781 0.2363281 0.05273437 0.2333984 0.008300781 0.1855468 0.03466796 0.1855468 0.03466796 0.2333984 0.008300781 0.177246 0.008300781 0.5649414 0.01660156 0.5703125 0.01318359 0.5688477 0.02001953 0.5688477 0.02001953 0.5703125 0.01318359 0.5776367 0.01513671 0.5688477 0.02001953 0.5776367 0.01513671 0.5732422 0.02001953 0.5732422 0.02001953 0.5776367 0.01513671 0.5771484 0.02148437 0.1909179 0.7890625 0.1704101 0.8579102 0.2065429 0.7900391 0.2065429 0.7900391 0.1704101 0.8579102 0.2041015 0.8564453 0.2065429 0.7900391 0.2041015 0.8564453 0.2172851 0.847168 0.2172851 0.847168 0.2041015 0.8564453 0.2138671 0.8652344 0.4628906 0.3164063 0.4243164 0.3017578 0.4438477 0.3232422 0.4438477 0.3232422 0.4243164 0.3017578 0.3984375 0.3071289 0.4438477 0.3232422 0.3984375 0.3071289 0.440918 0.3852539 0.440918 0.3852539 0.3984375 0.3071289 0.3256836 0.3374024 0.8828125 0.4404297 0.9091797 0.3725586 0.8295899 0.4003906 0.8295899 0.4003906 0.9091797 0.3725586 0.8154297 0.3896484 0.8295899 0.4003906 0.8154297 0.3896484 0.7954102 0.4907227 0.7954102 0.4907227 0.8154297 0.3896484 0.7797852 0.4790039 0.8452149 0.1176757 0.8408203 0.1948242 0.8525391 0.192871 0.8525391 0.192871 0.8408203 0.1948242 0.8408203 0.2866211 0.8525391 0.192871 0.8408203 0.2866211 0.9130859 0.3046875 0.9130859 0.3046875 0.8408203 0.2866211 0.9091797 0.3725586 0.2329101 0.1948242 0.2255859 0.196289 0.2329101 0.1489257 0.2329101 0.1489257 0.2255859 0.196289 0.1782226 0.196289 0.2329101 0.1489257 0.1782226 0.196289 0.1367187 0.1489257 0.1367187 0.1489257 0.1782226 0.196289 0.1201171 0.1884765 0.3110352 0.4360352 0.3813477 0.496582 0.2973633 0.4438477 0.2973633 0.4438477 0.3813477 0.496582 0.2836914 0.4492188 0.2973633 0.4438477 0.2836914 0.4492188 0.1801757 0.390625 0.1801757 0.390625 0.2836914 0.4492188 0.2705078 0.4584961 0.5566406 0.02734375 0.5517578 0.02246093 0.5605469 0.02490234 0.5605469 0.02490234 0.5517578 0.02246093 0.5654297 0.015625 0.5605469 0.02490234 0.5654297 0.015625 0.5654297 0.02392578 0.5654297 0.02392578 0.5654297 0.015625 0.5703125 0.02490234 0.5195313 0.878418 0.5263672 0.8852539 0.6040039 0.8046875 0.6040039 0.8046875 0.5263672 0.8852539 0.6035156 0.8154297 0.6040039 0.8046875 0.6035156 0.8154297 0.6640625 0.8574219 0.6640625 0.8574219 0.6035156 0.8154297 0.5351563 0.8916016 0.09521484 0.3461914 0.1630859 0.3999024 0.04003906 0.3344727 0.04003906 0.3344727 0.1630859 0.3999024 0.1499023 0.4086914 0.04003906 0.3344727 0.1499023 0.4086914 0.03173828 0.3417969 0.03173828 0.3417969 0.1499023 0.4086914 0.01660156 0.3701172 0.4482422 0.7797852 0.4360352 0.8569336 0.4482422 0.871582 0.4482422 0.871582 0.4360352 0.8569336 0.28125 0.8964844 0.4482422 0.871582 0.28125 0.8964844 0.265625 0.9052734 0.265625 0.9052734 0.28125 0.8964844 0.2666016 0.8901367 0.4482422 0.7797852 0.4360352 0.8569336 0.4482422 0.871582 0.4482422 0.871582 0.4360352 0.8569336 0.28125 0.8964844 0.4482422 0.871582 0.28125 0.8964844 0.265625 0.9052734 0.265625 0.9052734 0.28125 0.8964844 0.2666016 0.8901367 0.4360352 0.8569336 0.309082 0.8588867 0.28125 0.8964844 0.28125 0.8964844 0.309082 0.8588867 0.3110352 0.7719727 0.28125 0.8964844 0.3110352 0.7719727 0.3012695 0.7729492 0.3012695 0.7729492 0.3110352 0.7719727 0.2944336 0.7324219 0.8452149 0.1176757 0.8408203 0.1948242 0.8525391 0.192871 0.8525391 0.192871 0.8408203 0.1948242 0.8408203 0.2866211 0.8525391 0.192871 0.8408203 0.2866211 0.9130859 0.3046875 0.9130859 0.3046875 0.8408203 0.2866211 0.9091797 0.3725586 0.2041015 0.8564453 0.1704101 0.8579102 0.1645507 0.9472656 0.1645507 0.9472656 0.1704101 0.8579102 0.1347656 0.8452149 0.1645507 0.9472656 0.1347656 0.8452149 0.1577148 0.9541016 0.1577148 0.9541016 0.1347656 0.8452149 0.1259765 0.847168 0.2255859 0.3681641 0.3110352 0.4360352 0.2182617 0.371582 0.2182617 0.371582 0.3110352 0.4360352 0.2973633 0.4438477 0.2182617 0.371582 0.2973633 0.4438477 0.1972656 0.3823242 0.1972656 0.3823242 0.2973633 0.4438477 0.1801757 0.390625 0.4360352 0.8569336 0.309082 0.8588867 0.28125 0.8964844 0.28125 0.8964844 0.309082 0.8588867 0.3110352 0.7719727 0.28125 0.8964844 0.3110352 0.7719727 0.3012695 0.7729492 0.3012695 0.7729492 0.3110352 0.7719727 0.2944336 0.7324219 0.565918 0.05664062 0.5605469 0.06005859 0.5620117 0.05273437 0.5620117 0.05273437 0.5605469 0.06005859 0.5532227 0.05761718 0.5620117 0.05273437 0.5532227 0.05761718 0.5576172 0.05322265 0.5576172 0.05322265 0.5532227 0.05761718 0.5537109 0.05126953 0.2866211 0.05957031 0.284668 0.008300781 0.2363281 0.05273437 0.2363281 0.05273437 0.284668 0.008300781 0.2333984 0.008300781 0.2363281 0.05273437 0.2333984 0.008300781 0.1855468 0.03466796 0.1855468 0.03466796 0.2333984 0.008300781 0.177246 0.008300781 0.4628906 0.3164063 0.4243164 0.3017578 0.4438477 0.3232422 0.4438477 0.3232422 0.4243164 0.3017578 0.3984375 0.3071289 0.4438477 0.3232422 0.3984375 0.3071289 0.440918 0.3852539 0.440918 0.3852539 0.3984375 0.3071289 0.3256836 0.3374024 0.203125 0.1137695 0.203125 0.07080078 0.1660156 0.1137695 0.1660156 0.1137695 0.203125 0.07080078 0.1225585 0.07080078 0.1660156 0.1137695 0.1225585 0.07080078 0.1225585 0.1137695 0.1225585 0.1137695 0.1225585 0.07080078 0.07861328 0.1137695 0.09521484 0.3461914 0.1630859 0.3999024 0.04003906 0.3344727 0.04003906 0.3344727 0.1630859 0.3999024 0.1499023 0.4086914 0.04003906 0.3344727 0.1499023 0.4086914 0.03173828 0.3417969 0.03173828 0.3417969 0.1499023 0.4086914 0.01660156 0.3701172 0.1909179 0.7890625 0.1704101 0.8579102 0.2065429 0.7900391 0.2065429 0.7900391 0.1704101 0.8579102 0.2041015 0.8564453 0.2065429 0.7900391 0.2041015 0.8564453 0.2172851 0.847168 0.2172851 0.847168 0.2041015 0.8564453 0.2138671 0.8652344 0.2041015 0.8564453 0.1704101 0.8579102 0.1645507 0.9472656 0.1645507 0.9472656 0.1704101 0.8579102 0.1347656 0.8452149 0.1645507 0.9472656 0.1347656 0.8452149 0.1577148 0.9541016 0.1577148 0.9541016 0.1347656 0.8452149 0.1259765 0.847168 0.2329101 0.1948242 0.2255859 0.196289 0.2329101 0.1489257 0.2329101 0.1489257 0.2255859 0.196289 0.1782226 0.196289 0.2329101 0.1489257 0.1782226 0.196289 0.1367187 0.1489257 0.1367187 0.1489257 0.1782226 0.196289 0.1201171 0.1884765 0.8828125 0.4404297 0.9091797 0.3725586 0.8295899 0.4003906 0.8295899 0.4003906 0.9091797 0.3725586 0.8154297 0.3896484 0.8295899 0.4003906 0.8154297 0.3896484 0.7954102 0.4907227 0.7954102 0.4907227 0.8154297 0.3896484 0.7797852 0.4790039 0.5742188 0.04589843 0.5786133 0.05078125 0.5703125 0.04833984 0.5703125 0.04833984 0.5786133 0.05078125 0.5654297 0.05761718 0.5703125 0.04833984 0.5654297 0.05761718 0.5654297 0.0493164 0.5654297 0.0493164 0.5654297 0.05761718 0.5605469 0.04833984 0.203125 0.1137695 0.203125 0.07080078 0.1660156 0.1137695 0.1660156 0.1137695 0.203125 0.07080078 0.1225585 0.07080078 0.1660156 0.1137695 0.1225585 0.07080078 0.1225585 0.1137695 0.1225585 0.1137695 0.1225585 0.07080078 0.07861328 0.1137695 0.9091797 0.8081055 0.8491211 0.7553711 0.8442383 0.7641602 0.8442383 0.7641602 0.8491211 0.7553711 0.7661133 0.7412109 0.8442383 0.7641602 0.7661133 0.7412109 0.7661133 0.7509766 0.7661133 0.7509766 0.7661133 0.7412109 0.6879883 0.7641602 0.2255859 0.3681641 0.3110352 0.4360352 0.2182617 0.371582 0.2182617 0.371582 0.3110352 0.4360352 0.2973633 0.4438477 0.2182617 0.371582 0.2973633 0.4438477 0.1972656 0.3823242 0.1972656 0.3823242 0.2973633 0.4438477 0.1801757 0.390625 0.3110352 0.4360352 0.3813477 0.496582 0.2973633 0.4438477 0.2973633 0.4438477 0.3813477 0.496582 0.2836914 0.4492188 0.2973633 0.4438477 0.2836914 0.4492188 0.1801757 0.390625 0.1801757 0.390625 0.2836914 0.4492188 0.2705078 0.4584961 0.4262695 0.2543945 0.4638672 0.3173828 0.5522461 0.2890625 0.5522461 0.2890625 0.4638672 0.3173828 0.5195313 0.3378906 0.5522461 0.2890625 0.5195313 0.3378906 0.5620117 0.3579102 0.1704101 0.8579102 0.1196289 0.7714844 0.1347656 0.8452149 0.1347656 0.8452149 0.1196289 0.7714844 0.09912109 0.7724609 0.1347656 0.8452149 0.09912109 0.7724609 0.1259765 0.847168 0.5541992 0.7207031 0.6225586 0.7973633 0.6831055 0.7553711 0.6831055 0.7553711 0.6225586 0.7973633 0.6230469 0.8081055 0.6831055 0.7553711 0.6230469 0.8081055 0.6879883 0.7641602 0.6362305 0.2548828 0.6977539 0.2543945 0.6450195 0.2680664 0.6450195 0.2680664 0.6977539 0.2543945 0.6762695 0.2680664 0.6450195 0.2680664 0.6762695 0.2680664 0.6450195 0.3076172 0.1982421 0.1865234 0.2016601 0.1816406 0.2246093 0.1899414 0.2246093 0.1899414 0.2016601 0.1816406 0.2016601 0.1489257 0.2246093 0.1899414 0.2016601 0.1489257 0.2563477 0.145996 0.2246093 0.1899414 0.2563477 0.145996 0.3081055 0.2114257 0.3081055 0.2114257 0.2563477 0.145996 0.315918 0.1489257 0.3081055 0.2114257 0.315918 0.1489257 0.315918 0.2104492 0.4116211 0.8344727 0.4291992 0.7880859 0.387207 0.7275391 0.387207 0.7275391 0.4291992 0.7880859 0.4091797 0.7124024 0.387207 0.7275391 0.4091797 0.7124024 0.3374024 0.6582031 0.1352539 0.2055664 0.0649414 0.2055664 0.0649414 0.1489257 0.0649414 0.1489257 0.0649414 0.2055664 0.04638671 0.1967773 0.0649414 0.1489257 0.04638671 0.1967773 0.04492187 0.1489257 0.7280274 0.4287109 0.7612305 0.3925781 0.7075195 0.3076172 0.7075195 0.3076172 0.7612305 0.3925781 0.784668 0.3344727 0.7075195 0.3076172 0.784668 0.3344727 0.7978516 0.2519531 0.7709961 0.1235351 0.8203125 0.1054687 0.7827149 0.08886718 0.7827149 0.08886718 0.8203125 0.1054687 0.8222656 0.09814453 0.7827149 0.08886718 0.8222656 0.09814453 0.8266602 0.08544921 0.1298828 0.7119141 0.04443359 0.7431641 0.09912109 0.7724609 0.09912109 0.7724609 0.04443359 0.7431641 0.09228515 0.7841797 0.09912109 0.7724609 0.09228515 0.7841797 0.1259765 0.847168 0.3051758 0.2670899 0.4047852 0.2832031 0.4262695 0.2543945 0.4262695 0.2543945 0.4047852 0.2832031 0.4238281 0.3012695 0.4262695 0.2543945 0.4238281 0.3012695 0.4638672 0.3173828 0.4262695 0.2543945 0.4638672 0.3173828 0.5522461 0.2890625 0.5522461 0.2890625 0.4638672 0.3173828 0.5195313 0.3378906 0.5522461 0.2890625 0.5195313 0.3378906 0.5620117 0.3579102 0.1982421 0.1865234 0.2016601 0.1816406 0.2246093 0.1899414 0.2246093 0.1899414 0.2016601 0.1816406 0.2016601 0.1489257 0.2246093 0.1899414 0.2016601 0.1489257 0.2563477 0.145996 0.2246093 0.1899414 0.2563477 0.145996 0.3081055 0.2114257 0.3081055 0.2114257 0.2563477 0.145996 0.315918 0.1489257 0.3081055 0.2114257 0.315918 0.1489257 0.315918 0.2104492 0.4116211 0.8344727 0.4291992 0.7880859 0.387207 0.7275391 0.387207 0.7275391 0.4291992 0.7880859 0.4091797 0.7124024 0.387207 0.7275391 0.4091797 0.7124024 0.3374024 0.6582031 0.1352539 0.2055664 0.0649414 0.2055664 0.0649414 0.1489257 0.0649414 0.1489257 0.0649414 0.2055664 0.04638671 0.1967773 0.0649414 0.1489257 0.04638671 0.1967773 0.04492187 0.1489257 0.5610352 0.0102539 0.5615234 0.01123046 0.5551758 0.01269531 0.5551758 0.01269531 0.5615234 0.01123046 0.5615234 0.01269531 0.5551758 0.01269531 0.5615234 0.01269531 0.5634766 0.01757812 0.5693359 0.0625 0.5693359 0.06201171 0.5756836 0.06054687 0.5756836 0.06054687 0.5693359 0.06201171 0.5688477 0.06054687 0.5756836 0.06054687 0.5688477 0.06054687 0.5673828 0.05566406 0.01171875 0.07080078 0.01171875 0.1137695 0.0415039 0.07080078 0.0415039 0.07080078 0.01171875 0.1137695 0.0415039 0.1137695 0.0415039 0.07080078 0.0415039 0.1137695 0.07861328 0.1137695 0.5620117 0.01757812 0.5620117 0.01953125 0.5512695 0.02246093 0.5512695 0.02246093 0.5620117 0.01953125 0.5522461 0.02441406 0.5512695 0.02246093 0.5522461 0.02441406 0.5483399 0.02978515 0.5512695 0.02246093 0.5483399 0.02978515 0.5454102 0.03662109 0.5454102 0.03662109 0.5483399 0.02978515 0.546875 0.03662109 0.5454102 0.03662109 0.546875 0.03662109 0.5483399 0.04345703 0.5454102 0.03662109 0.5483399 0.04345703 0.5512695 0.05078125 0.5512695 0.05078125 0.5483399 0.04345703 0.5522461 0.04882812 0.5512695 0.05078125 0.5522461 0.04882812 0.5620117 0.05371093 0.01171875 0.07080078 0.01171875 0.1137695 0.0415039 0.07080078 0.0415039 0.07080078 0.01171875 0.1137695 0.0415039 0.1137695 0.0415039 0.07080078 0.0415039 0.1137695 0.07861328 0.1137695 0.5683594 0.05566406 0.5683594 0.05371093 0.5795899 0.05078125 0.5795899 0.05078125 0.5683594 0.05371093 0.5786133 0.04882812 0.5795899 0.05078125 0.5786133 0.04882812 0.5825195 0.04345703 0.5795899 0.05078125 0.5825195 0.04345703 0.5854492 0.03662109 0.5854492 0.03662109 0.5825195 0.04345703 0.5839844 0.03662109 0.5854492 0.03662109 0.5839844 0.03662109 0.5825195 0.02978515 0.5854492 0.03662109 0.5825195 0.02978515 0.5795899 0.02246093 0.5795899 0.02246093 0.5825195 0.02978515 0.5786133 0.02441406 0.5795899 0.02246093 0.5786133 0.02441406 0.5683594 0.01953125 0.6362305 0.2548828 0.6977539 0.2543945 0.6450195 0.2680664 0.6450195 0.2680664 0.6977539 0.2543945 0.6762695 0.2680664 0.6450195 0.2680664 0.6762695 0.2680664 0.6450195 0.3076172 0.01660156 0.3701172 0.1499023 0.4086914 0.1342773 0.4248047 0.1342773 0.4248047 0.1499023 0.4086914 0.2578125 0.4667969 0.1342773 0.4248047 0.2578125 0.4667969 0.2441406 0.4770508 0.7280274 0.4287109 0.7612305 0.3925781 0.7075195 0.3076172 0.7075195 0.3076172 0.7612305 0.3925781 0.784668 0.3344727 0.7075195 0.3076172 0.784668 0.3344727 0.7978516 0.2519531 0.7709961 0.1235351 0.8203125 0.1054687 0.7827149 0.08886718 0.7827149 0.08886718 0.8203125 0.1054687 0.8222656 0.09814453 0.7827149 0.08886718 0.8222656 0.09814453 0.8266602 0.08544921 0.5424805 0.5419922 0.4790039 0.4609375 0.5332031 0.5541992 0.5332031 0.5541992 0.4790039 0.4609375 0.4628906 0.4838867 0.5332031 0.5541992 0.4628906 0.4838867 0.5126953 0.5571289 0.1298828 0.7119141 0.04443359 0.7431641 0.09912109 0.7724609 0.09912109 0.7724609 0.04443359 0.7431641 0.09228515 0.7841797 0.09912109 0.7724609 0.09228515 0.7841797 0.1259765 0.847168 0.1704101 0.8579102 0.1196289 0.7714844 0.1347656 0.8452149 0.1347656 0.8452149 0.1196289 0.7714844 0.09912109 0.7724609 0.1347656 0.8452149 0.09912109 0.7724609 0.1259765 0.847168 0.01660156 0.3701172 0.1499023 0.4086914 0.1342773 0.4248047 0.1342773 0.4248047 0.1499023 0.4086914 0.2578125 0.4667969 0.1342773 0.4248047 0.2578125 0.4667969 0.2441406 0.4770508 0.5424805 0.5419922 0.4790039 0.4609375 0.5332031 0.5541992 0.5332031 0.5541992 0.4790039 0.4609375 0.4628906 0.4838867 0.5332031 0.5541992 0.4628906 0.4838867 0.5126953 0.5571289 0.3051758 0.2670899 0.4047852 0.2832031 0.4262695 0.2543945 0.4262695 0.2543945 0.4047852 0.2832031 0.4238281 0.3012695 0.4262695 0.2543945 0.4238281 0.3012695 0.4638672 0.3173828 0.5673828 0.05371093 0.5761719 0.05078125 0.5673828 0.05566406 0.5673828 0.05566406 0.5761719 0.05078125 0.5756836 0.06054687 0.5756836 0.06054687 0.5761719 0.05078125 0.5800781 0.05761718 0.5800781 0.05761718 0.5761719 0.05078125 0.5834961 0.0546875 0.1391601 0.2041015 0.1352539 0.2055664 0.1367187 0.1489257 0.1367187 0.1489257 0.1352539 0.2055664 0.0649414 0.1489257 0.940918 0.5991211 0.909668 0.4506836 0.9233399 0.597168 0.9233399 0.597168 0.909668 0.4506836 0.8989258 0.4477539 0.3706055 0.5063477 0.4375 0.5678711 0.3632813 0.512207 0.3632813 0.512207 0.4375 0.5678711 0.3515625 0.5229492 0.7963867 0.4902344 0.7797852 0.4780274 0.7753906 0.5581055 0.7753906 0.5581055 0.7797852 0.4780274 0.7597656 0.5444336 0.4213867 0.4638672 0.4760742 0.5317383 0.4042969 0.4750977 0.4042969 0.4750977 0.4760742 0.5317383 0.4648438 0.5415039 0.84375 0.6147461 0.8671875 0.5517578 0.8266602 0.5981445 0.8266602 0.5981445 0.8671875 0.5517578 0.8496094 0.5371094 0.8496094 0.5366211 0.8828125 0.4404297 0.7958984 0.4897461 0.7958984 0.4897461 0.8828125 0.4404297 0.8295899 0.4003906 0.2612305 0.2885742 0.1889648 0.2871094 0.2568359 0.2294921 0.2568359 0.2294921 0.1889648 0.2871094 0.1455078 0.2294921 0.7797852 0.4790039 0.8154297 0.3896484 0.8061524 0.3813477 0.8061524 0.3813477 0.8154297 0.3896484 0.8286133 0.2827149 0.84375 0.6147461 0.8671875 0.5517578 0.8266602 0.5981445 0.8266602 0.5981445 0.8671875 0.5517578 0.8496094 0.5371094 0.8554688 0.06152343 0.8984375 0.1079101 0.9213867 0.05126953 0.9213867 0.05126953 0.8984375 0.1079101 0.9111328 0.1083984 0.9091797 0.3725586 0.8408203 0.2866211 0.8154297 0.3896484 0.8154297 0.3896484 0.8408203 0.2866211 0.8286133 0.2827149 0.1499023 0.4086914 0.1630859 0.3999024 0.2578125 0.4667969 0.2578125 0.4667969 0.1630859 0.3999024 0.2705078 0.4584961 0.9233399 0.1987304 0.9111328 0.1083984 0.9135742 0.1972656 0.9135742 0.1972656 0.9111328 0.1083984 0.8984375 0.1079101 0.3427734 0.5307617 0.3515625 0.5229492 0.4301758 0.5756836 0.4301758 0.5756836 0.3515625 0.5229492 0.4375 0.5678711 0.0493164 0.1489257 0.04492187 0.1489257 0.0493164 0.1767578 0.0493164 0.1767578 0.04492187 0.1489257 0.04638671 0.1967773 0.5893555 0.04394531 0.5878906 0.04833984 0.5864258 0.04199218 0.5864258 0.04199218 0.5878906 0.04833984 0.5830078 0.04541015 0.5620117 0.0493164 0.5556641 0.04589843 0.5625 0.04443359 0.5625 0.04443359 0.5556641 0.04589843 0.559082 0.04248046 0.5556641 0.04589843 0.5527344 0.0415039 0.559082 0.04248046 0.559082 0.04248046 0.5527344 0.0415039 0.5571289 0.04003906 0.1694335 0.9609375 0.2270507 0.9799805 0.2138671 0.8657227 0.2138671 0.8657227 0.2270507 0.9799805 0.269043 0.8457031 0.1127929 0.04833984 0.09570312 0.04833984 0.1127929 0.01953125 0.1127929 0.01953125 0.09570312 0.04833984 0.09570312 0.01953125 0.02539062 0.7246094 0.130371 0.6958008 0.1157226 0.621582 0.1157226 0.621582 0.130371 0.6958008 0.1508789 0.6875 0.01953125 0.7314453 0.02539062 0.7246094 0.009765625 0.6435547 0.009765625 0.6435547 0.02539062 0.7246094 0.1157226 0.621582 0.3256836 0.3374024 0.3984375 0.3071289 0.3051758 0.2675781 0.3051758 0.2675781 0.3984375 0.3071289 0.4033203 0.2822266 0.4990234 0.3447266 0.5385742 0.3632813 0.5185547 0.3383789 0.5185547 0.3383789 0.5385742 0.3632813 0.5615234 0.3583984 0.5620117 0.0571289 0.5693359 0.05517578 0.5673828 0.06103515 0.5673828 0.06103515 0.5693359 0.05517578 0.5737305 0.05908203 0.008789062 0.161621 0.0493164 0.1489257 0.04394531 0.1743164 0.04394531 0.1743164 0.0493164 0.1489257 0.0493164 0.1767578 0.3618164 0.04492187 0.284668 0.008300781 0.324707 0.06005859 0.324707 0.06005859 0.284668 0.008300781 0.2866211 0.05957031 0.4506836 0.007324218 0.3916016 0.02197265 0.4448242 0.015625 0.4448242 0.015625 0.3916016 0.02197265 0.4345703 0.1020507 0.1430664 0.5952149 0.1640625 0.5151367 0.1518554 0.5009766 0.1518554 0.5009766 0.1640625 0.5151367 0.2363281 0.4882813 0.5532227 0.05761718 0.5483399 0.05566406 0.5537109 0.05126953 0.5537109 0.05126953 0.5483399 0.05566406 0.5478516 0.04492187 0.5302734 0.65625 0.5834961 0.6962891 0.6860352 0.5351563 0.6860352 0.5351563 0.5834961 0.6962891 0.737793 0.5854492 0.6894531 0.371582 0.6357422 0.4174805 0.746582 0.4921875 0.746582 0.4921875 0.6357422 0.4174805 0.6865234 0.5336914 0.5463867 0.03613281 0.5478516 0.04492187 0.5395508 0.04296875 0.5395508 0.04296875 0.5478516 0.04492187 0.5429688 0.04980468 0.1103515 0.5600586 0.09570312 0.4321289 0.08935546 0.5498047 0.08935546 0.5498047 0.09570312 0.4321289 0.06298828 0.4584961 0.1333007 0.04833984 0.1264648 0.04833984 0.1333007 0.01953125 0.1333007 0.01953125 0.1264648 0.04833984 0.1264648 0.01953125 0.01708984 0.01953125 0.02392578 0.01953125 0.01708984 0.04833984 0.01708984 0.04833984 0.02392578 0.01953125 0.02392578 0.04833984 0.8554688 0.06152343 0.8984375 0.1079101 0.9213867 0.05126953 0.9213867 0.05126953 0.8984375 0.1079101 0.9111328 0.1083984 0.2612305 0.2885742 0.1889648 0.2871094 0.2568359 0.2294921 0.2568359 0.2294921 0.1889648 0.2871094 0.1455078 0.2294921 0.9091797 0.3725586 0.8408203 0.2866211 0.8154297 0.3896484 0.8154297 0.3896484 0.8408203 0.2866211 0.8286133 0.2827149 0.2944336 0.7324219 0.3110352 0.7719727 0.3271484 0.7651367 0.3271484 0.7651367 0.3110352 0.7719727 0.309082 0.8588867 0.1264648 0.04833984 0.1127929 0.04833984 0.1264648 0.01953125 0.1264648 0.01953125 0.1127929 0.04833984 0.1127929 0.01953125 0.3823242 0.08154296 0.4057617 0.1933593 0.4013672 0.08496093 0.4013672 0.08496093 0.4057617 0.1933593 0.4213867 0.184082 0.09570312 0.04833984 0.07519531 0.04833984 0.09570312 0.01953125 0.09570312 0.01953125 0.07519531 0.04833984 0.07519531 0.01953125 0.07519531 0.04833984 0.0546875 0.04833984 0.07519531 0.01953125 0.07519531 0.01953125 0.0546875 0.04833984 0.0546875 0.01953125 0.0546875 0.04833984 0.03759765 0.04833984 0.0546875 0.01953125 0.0546875 0.01953125 0.03759765 0.04833984 0.03759765 0.01953125 0.03759765 0.04833984 0.02392578 0.04833984 0.03759765 0.01953125 0.03759765 0.01953125 0.02392578 0.04833984 0.02392578 0.01953125 0.7963867 0.4902344 0.7797852 0.4780274 0.7753906 0.5581055 0.7753906 0.5581055 0.7797852 0.4780274 0.7597656 0.5444336 0.2041015 0.8564453 0.1645507 0.9472656 0.2138671 0.8652344 0.2138671 0.8652344 0.1645507 0.9472656 0.1699218 0.9614258 0.940918 0.5991211 0.909668 0.4506836 0.9233399 0.597168 0.9233399 0.597168 0.909668 0.4506836 0.8989258 0.4477539 0.5566406 0.04589843 0.5605469 0.04833984 0.5517578 0.05078125 0.5517578 0.05078125 0.5605469 0.04833984 0.5654297 0.05761718 0.7470703 0.9975586 0.6640625 0.8574219 0.6196289 0.9702149 0.6196289 0.9702149 0.6640625 0.8574219 0.5351563 0.8916016 0.4057617 0.1933593 0.4516602 0.2446289 0.4213867 0.184082 0.4213867 0.184082 0.4516602 0.2446289 0.4619141 0.230957 0.5541992 0.7207031 0.6831055 0.7553711 0.7661133 0.6152344 0.7661133 0.6152344 0.6831055 0.7553711 0.7661133 0.7412109 0.5551758 0.01269531 0.5546875 0.02246093 0.5507813 0.01513671 0.5507813 0.01513671 0.5546875 0.02246093 0.5473633 0.0180664 0.5537109 0.7211914 0.5458984 0.7270508 0.6220703 0.7983399 0.6220703 0.7983399 0.5458984 0.7270508 0.6225586 0.8085938 0.3374024 0.6582031 0.2944336 0.7324219 0.387207 0.7275391 0.387207 0.7275391 0.2944336 0.7324219 0.3271484 0.7651367 0.5742188 0.02734375 0.5703125 0.02490234 0.5786133 0.02246093 0.5786133 0.02246093 0.5703125 0.02490234 0.5654297 0.015625 0.5634766 0.01953125 0.5546875 0.02246093 0.5634766 0.01757812 0.5634766 0.01757812 0.5546875 0.02246093 0.5551758 0.01269531 0.4516602 0.2446289 0.5126953 0.2709961 0.4619141 0.230957 0.4619141 0.230957 0.5126953 0.2709961 0.5161133 0.2548828 0.1391601 0.2041015 0.1352539 0.2055664 0.1367187 0.1489257 0.1367187 0.1489257 0.1352539 0.2055664 0.0649414 0.1489257 0.8935547 0.6425781 0.7661133 0.6152344 0.8491211 0.7553711 0.8491211 0.7553711 0.7661133 0.6152344 0.7661133 0.7412109 0.2333984 0.07080078 0.203125 0.07080078 0.2333984 0.1137695 0.2333984 0.1137695 0.203125 0.07080078 0.203125 0.1137695 0.6362305 0.2548828 0.6450195 0.2680664 0.6362305 0.3198242 0.6362305 0.3198242 0.6450195 0.2680664 0.6450195 0.3076172 0.0493164 0.1489257 0.04492187 0.1489257 0.0493164 0.1767578 0.0493164 0.1767578 0.04492187 0.1489257 0.04638671 0.1967773 0.5483399 0.02880859 0.546875 0.03417968 0.5395508 0.03173828 0.5395508 0.03173828 0.546875 0.03417968 0.5390625 0.03662109 0.3823242 0.08154296 0.4057617 0.1933593 0.4013672 0.08496093 0.4013672 0.08496093 0.4057617 0.1933593 0.4213867 0.184082 0.4057617 0.1933593 0.4516602 0.2446289 0.4213867 0.184082 0.4213867 0.184082 0.4516602 0.2446289 0.4619141 0.230957 0.4516602 0.2446289 0.5126953 0.2709961 0.4619141 0.230957 0.4619141 0.230957 0.5126953 0.2709961 0.5161133 0.2548828 0.6787109 0.005859375 0.6479492 0.0571289 0.6831055 0.015625 0.6831055 0.015625 0.6479492 0.0571289 0.6552734 0.06347656 0.1333007 0.04833984 0.1264648 0.04833984 0.1333007 0.01953125 0.1333007 0.01953125 0.1264648 0.04833984 0.1264648 0.01953125 0.01708984 0.01953125 0.02392578 0.01953125 0.01708984 0.04833984 0.01708984 0.04833984 0.02392578 0.01953125 0.02392578 0.04833984 0.9233399 0.1987304 0.9111328 0.1083984 0.9135742 0.1972656 0.9135742 0.1972656 0.9111328 0.1083984 0.8984375 0.1079101 0.2651367 0.9052734 0.284668 0.9555664 0.4487305 0.8720703 0.4487305 0.8720703 0.284668 0.9555664 0.4594727 0.9194336 0.4726563 0.06347656 0.5146484 0.09228515 0.4770508 0.05859375 0.4770508 0.05859375 0.5146484 0.09228515 0.5170899 0.0859375 0.5522461 0.2890625 0.5620117 0.3579102 0.6889649 0.3701172 0.6889649 0.3701172 0.5620117 0.3579102 0.6352539 0.4194336 0.1264648 0.04833984 0.1127929 0.04833984 0.1264648 0.01953125 0.1264648 0.01953125 0.1127929 0.04833984 0.1127929 0.01953125 0.1127929 0.04833984 0.09570312 0.04833984 0.1127929 0.01953125 0.1127929 0.01953125 0.09570312 0.04833984 0.09570312 0.01953125 0.09570312 0.04833984 0.07519531 0.04833984 0.09570312 0.01953125 0.09570312 0.01953125 0.07519531 0.04833984 0.07519531 0.01953125 0.07519531 0.04833984 0.0546875 0.04833984 0.07519531 0.01953125 0.07519531 0.01953125 0.0546875 0.04833984 0.0546875 0.01953125 0.0546875 0.04833984 0.03759765 0.04833984 0.0546875 0.01953125 0.0546875 0.01953125 0.03759765 0.04833984 0.03759765 0.01953125 0.03759765 0.04833984 0.02392578 0.04833984 0.03759765 0.01953125 0.03759765 0.01953125 0.02392578 0.04833984 0.02392578 0.01953125 0.5688477 0.02392578 0.574707 0.02734375 0.5683594 0.02832031 0.5683594 0.02832031 0.574707 0.02734375 0.5717774 0.03027343 0.574707 0.02734375 0.5776367 0.03125 0.5717774 0.03027343 0.5717774 0.03027343 0.5776367 0.03125 0.5737305 0.03320312 0.1694335 0.9609375 0.2270507 0.9799805 0.2138671 0.8657227 0.2138671 0.8657227 0.2270507 0.9799805 0.269043 0.8457031 0.02539062 0.7246094 0.130371 0.6958008 0.1157226 0.621582 0.1157226 0.621582 0.130371 0.6958008 0.1508789 0.6875 0.5415039 0.02880859 0.5429688 0.02441406 0.5444336 0.03125 0.5444336 0.03125 0.5429688 0.02441406 0.5478516 0.02783203 0.6362305 0.2548828 0.6450195 0.2680664 0.6362305 0.3198242 0.6362305 0.3198242 0.6450195 0.2680664 0.6450195 0.3076172 0.01953125 0.7314453 0.02539062 0.7246094 0.009765625 0.6435547 0.009765625 0.6435547 0.02539062 0.7246094 0.1157226 0.621582 0.6787109 0.005859375 0.6479492 0.0571289 0.6831055 0.015625 0.6831055 0.015625 0.6479492 0.0571289 0.6552734 0.06347656 0.008789062 0.161621 0.0493164 0.1489257 0.04394531 0.1743164 0.04394531 0.1743164 0.0493164 0.1489257 0.0493164 0.1767578 0.4726563 0.06347656 0.5146484 0.09228515 0.4770508 0.05859375 0.4770508 0.05859375 0.5146484 0.09228515 0.5170899 0.0859375 0.5883789 0.02685546 0.5917969 0.03662109 0.5849609 0.03417968 0.5849609 0.03417968 0.5917969 0.03662109 0.5839844 0.0390625 0.4506836 0.007324218 0.3916016 0.02197265 0.4448242 0.015625 0.4448242 0.015625 0.3916016 0.02197265 0.4345703 0.1020507 0.2944336 0.7324219 0.3110352 0.7719727 0.3271484 0.7651367 0.3271484 0.7651367 0.3110352 0.7719727 0.309082 0.8588867 0.3374024 0.6582031 0.2944336 0.7324219 0.387207 0.7275391 0.387207 0.7275391 0.2944336 0.7324219 0.3271484 0.7651367 0.5825195 0.04443359 0.5839844 0.0390625 0.5913086 0.0415039 0.5913086 0.0415039 0.5839844 0.0390625 0.5917969 0.03662109 0.2651367 0.9052734 0.284668 0.9555664 0.4487305 0.8720703 0.4487305 0.8720703 0.284668 0.9555664 0.4594727 0.9194336 0.3886719 0.4897461 0.3193359 0.4316406 0.3974609 0.4829102 0.3974609 0.4829102 0.3193359 0.4316406 0.3330078 0.4243164 0.5522461 0.2890625 0.5620117 0.3579102 0.6889649 0.3701172 0.6889649 0.3701172 0.5620117 0.3579102 0.6352539 0.4194336 0.5839844 0.03710937 0.5825195 0.02832031 0.5913086 0.03027343 0.5913086 0.03027343 0.5825195 0.02832031 0.5878906 0.0234375 0.3706055 0.5063477 0.4375 0.5678711 0.3632813 0.512207 0.3632813 0.512207 0.4375 0.5678711 0.3515625 0.5229492 0.4213867 0.4638672 0.4760742 0.5317383 0.4042969 0.4750977 0.4042969 0.4750977 0.4760742 0.5317383 0.4648438 0.5415039 0.8496094 0.5366211 0.8828125 0.4404297 0.7958984 0.4897461 0.7958984 0.4897461 0.8828125 0.4404297 0.8295899 0.4003906 0.1499023 0.4086914 0.1630859 0.3999024 0.2578125 0.4667969 0.2578125 0.4667969 0.1630859 0.3999024 0.2705078 0.4584961 0.3427734 0.5307617 0.3515625 0.5229492 0.4301758 0.5756836 0.4301758 0.5756836 0.3515625 0.5229492 0.4375 0.5678711 0.6894531 0.371582 0.6357422 0.4174805 0.746582 0.4921875 0.746582 0.4921875 0.6357422 0.4174805 0.6865234 0.5336914 0.5302734 0.65625 0.5834961 0.6962891 0.6860352 0.5351563 0.6860352 0.5351563 0.5834961 0.6962891 0.737793 0.5854492 0.5776367 0.01513671 0.5820313 0.01757812 0.5771484 0.02148437 0.5771484 0.02148437 0.5820313 0.01757812 0.5825195 0.02832031 0.2333984 0.07080078 0.203125 0.07080078 0.2333984 0.1137695 0.2333984 0.1137695 0.203125 0.07080078 0.203125 0.1137695 0.3256836 0.3374024 0.3984375 0.3071289 0.3051758 0.2675781 0.3051758 0.2675781 0.3984375 0.3071289 0.4033203 0.2822266 0.4990234 0.3447266 0.5385742 0.3632813 0.5185547 0.3383789 0.5185547 0.3383789 0.5385742 0.3632813 0.5615234 0.3583984 0.3618164 0.04492187 0.284668 0.008300781 0.324707 0.06005859 0.324707 0.06005859 0.284668 0.008300781 0.2866211 0.05957031 0.1430664 0.5952149 0.1640625 0.5151367 0.1518554 0.5009766 0.1518554 0.5009766 0.1640625 0.5151367 0.2363281 0.4882813 0.5688477 0.01611328 0.5615234 0.0180664 0.5629883 0.01171875 0.5629883 0.01171875 0.5615234 0.0180664 0.5571289 0.01416015 0.1103515 0.5600586 0.09570312 0.4321289 0.08935546 0.5498047 0.08935546 0.5498047 0.09570312 0.4321289 0.06298828 0.4584961 0.7797852 0.4790039 0.8154297 0.3896484 0.8061524 0.3813477 0.8061524 0.3813477 0.8154297 0.3896484 0.8286133 0.2827149 0.2041015 0.8564453 0.1645507 0.9472656 0.2138671 0.8652344 0.2138671 0.8652344 0.1645507 0.9472656 0.1699218 0.9614258 0.5424805 0.04638671 0.5390625 0.03662109 0.5458984 0.0390625 0.5458984 0.0390625 0.5390625 0.03662109 0.546875 0.03417968 0.3886719 0.4897461 0.3193359 0.4316406 0.3974609 0.4829102 0.3974609 0.4829102 0.3193359 0.4316406 0.3330078 0.4243164 0.8989258 0.4462891 0.8671875 0.5512695 0.9233399 0.597168 0.265625 0.1220703 0.3720703 0.1171875 0.3662109 0.06152343 0.3706055 0.118164 0.265625 0.1220703 0.3666992 0.06152343 0.1889648 0.2871094 0.1201171 0.2861328 0.1455078 0.2294921 0.8408203 0.2866211 0.8408203 0.1948242 0.8286133 0.2827149 0.9150391 0.3759766 0.8989258 0.4477539 0.909668 0.4506836 0.9125977 0.3095703 0.9086914 0.3740234 0.9208984 0.3095703 0.5371094 0.2358398 0.5498047 0.2358398 0.5351563 0.192871 0.5371094 0.2358398 0.5498047 0.2358398 0.5351563 0.192871 0.5371094 0.2358398 0.5498047 0.2358398 0.5351563 0.192871 0.5371094 0.2358398 0.5498047 0.2358398 0.5351563 0.192871 0.5571289 0.06152343 0.5571289 0.05957031 0.5605469 0.06152343 0.1801757 0.390625 0.2705078 0.4580078 0.1635742 0.3999024 0.09863281 0.7724609 0.1201171 0.7714844 0.1298828 0.7124024 0.1914062 0.7895508 0.2060546 0.7900391 0.1914062 0.7553711 0.3706055 0.118164 0.265625 0.1220703 0.3666992 0.06152343 0.5512695 0.05078125 0.5620117 0.05371093 0.5620117 0.05566406 0.5371094 0.2358398 0.5498047 0.2358398 0.5351563 0.192871 0.265625 0.1220703 0.3720703 0.1171875 0.3662109 0.06152343 0.8989258 0.4462891 0.8671875 0.5512695 0.9233399 0.597168 0.5351563 0.8916016 0.6035156 0.8154297 0.5263672 0.8852539 0.6225586 0.8085938 0.5458984 0.7270508 0.5375977 0.7333984 0.9785156 0.7207031 0.909668 0.7973633 0.9873047 0.7275391 0.8408203 0.2866211 0.8408203 0.1948242 0.8286133 0.2827149 0.07861328 0.1137695 0.1225585 0.07080078 0.0415039 0.07080078 0.09228515 0.7841797 0.04443359 0.7431641 0.04052734 0.7514649 0.9150391 0.3759766 0.8989258 0.4477539 0.909668 0.4506836 0.9125977 0.3095703 0.9086914 0.3740234 0.9208984 0.3095703 0.5795899 0.02246093 0.5683594 0.01953125 0.5683594 0.01757812 0.5371094 0.2358398 0.5498047 0.2358398 0.5351563 0.192871 0.4033203 0.2822266 0.3984375 0.3071289 0.4243164 0.3017578 0.5371094 0.2358398 0.5498047 0.2358398 0.5351563 0.192871 0.5385742 0.3632813 0.6352539 0.4174805 0.5615234 0.3583984 0.5371094 0.2358398 0.5498047 0.2358398 0.5351563 0.192871 0.2680664 0.5922852 0.3359375 0.6293945 0.3232422 0.5678711 0.5385742 0.3632813 0.6352539 0.4174805 0.5615234 0.3583984 0.5371094 0.2358398 0.5498047 0.2358398 0.5351563 0.192871 0.2666016 0.8901367 0.28125 0.8964844 0.3012695 0.7729492 0.05029296 0.4492188 0.02050781 0.605957 0.03759765 0.5800781 0.5878906 0.0234375 0.5825195 0.02832031 0.5820313 0.01757812 0.2680664 0.5922852 0.3359375 0.6293945 0.3232422 0.5678711 0.1889648 0.2871094 0.1201171 0.2861328 0.1455078 0.2294921 0.1801757 0.390625 0.2705078 0.4580078 0.1635742 0.3999024 0.1645507 0.9472656 0.1577148 0.9541016 0.1699218 0.9614258 0.1914062 0.7895508 0.2060546 0.7900391 0.1914062 0.7553711 0.09863281 0.7724609 0.1201171 0.7714844 0.1298828 0.7124024 0.7661133 0.7412109 0.6831055 0.7553711 0.6879883 0.7641602 0.05029296 0.4492188 0.02050781 0.605957 0.03759765 0.5800781 0.2666016 0.8901367 0.28125 0.8964844 0.3012695 0.7729492 0.5737305 0.01171875 0.5737305 0.01318359 0.5703125 0.01171875 0.09228515 0.7841797 0.04443359 0.7431641 0.04052734 0.7514649 0.4033203 0.2822266 0.3984375 0.3071289 0.4243164 0.3017578 0.07861328 0.1137695 0.1225585 0.07080078 0.0415039 0.07080078 0.5146484 0.09228515 0.5639649 0.102539 0.5170899 0.0859375 0.5146484 0.09228515 0.5639649 0.102539 0.5170899 0.0859375 0.5429688 0.04980468 0.5478516 0.04492187 0.5483399 0.05566406 0.1645507 0.9472656 0.1577148 0.9541016 0.1699218 0.9614258 0.5371094 0.2358398 0.5498047 0.2358398 0.5351563 0.192871</float_array>
          <technique_common>
            <accessor source="#beyblade2loc-2026-09-10-18-44-41-897-mesh-map-0-array" count="3096" stride="2">
              <param name="S" type="float"/>
              <param name="T" type="float"/>
            </accessor>
          </technique_common>
        </source>
        <source id="beyblade2loc-2026-09-10-18-44-41-897-mesh-colors-Col" name="Col">
          <float_array id="beyblade2loc-2026-09-10-18-44-41-897-mesh-colors-Col-array" count="12384">1 1 1 1 1 1 1 1 1 1 1 1 1 1 1 1 1 1 1 1 1 1 1 1 1 1 1 1 1 1 1 1 1 1 1 1 1 1 1 1 1 1 1 1 1 1 1 1 1 1 1 1 1 1 1 1 1 1 1 1 1 1 1 1 1 1 1 1 1 1 1 1 1 1 1 1 1 1 1 1 1 1 1 1 1 1 1 1 1 1 1 1 1 1 1 1 1 1 1 1 1 1 1 1 1 1 1 1 1 1 1 1 1 1 1 1 1 1 1 1 1 1 1 1 1 1 1 1 1 1 1 1 1 1 1 1 1 1 1 1 1 1 1 1 1 1 1 1 1 1 1 1 1 1 1 1 1 1 1 1 1 1 1 1 1 1 1 1 1 1 1 1 1 1 1 1 1 1 1 1 1 1 1 1 1 1 1 1 1 1 1 1 1 1 1 1 1 1 1 1 1 1 1 1 1 1 1 1 1 1 1 1 1 1 1 1 1 1 1 1 1 1 1 1 1 1 1 1 1 1 1 1 1 1 1 1 1 1 1 1 1 1 1 1 1 1 1 1 1 1 1 1 1 1 1 1 1 1 1 1 1 1 1 1 1 1 1 1 1 1 1 1 1 1 1 1 1 1 1 1 1 1 1 1 1 1 1 1 1 1 1 1 1 1 1 1 1 1 1 1 1 1 1 1 1 1 1 1 1 1 1 1 1 1 1 1 1 1 1 1 1 1 1 1 1 1 1 1 1 1 1 1 1 1 1 1 1 1 1 1 1 1 1 1 1 1 1 1 1 1 1 1 1 1 1 1 1 1 1 1 1 1 1 1 1 1 1 1 1 1 1 1 1 1 1 1 1 1 1 1 1 1 1 1 1 1 1 1 1 1 1 1 1 1 1 1 1 1 1 1 1 1 1 1 1 1 1 1 1 1 1 1 1 1 1 1 1 1 1 1 1 1 1 1 1 1 1 1 1 1 1 1 1 1 1 1 1 1 1 1 1 1 1 1 1 1 1 1 1 1 1 1 1 1 1 1 1 1 1 1 1 1 1 1 1 1 1 1 1 1 1 1 1 1 1 1 1 1 1 1 1 1 1 1 1 1 1 1 1 1 1 1 1 1 1 1 1 1 1 1 1 1 1 1 1 1 1 1 1 1 1 1 1 1 1 1 1 1 1 1 1 1 1 1 1 1 1 1 1 1 1 1 1 1 1 1 1 1 1 1 1 1 1 1 1 1 1 1 1 1 1 1 1 1 1 1 1 1 1 1 1 1 1 1 1 1 1 1 1 1 1 1 1 1 1 1 1 1 1 1 1 1 1 1 1 1 1 1 1 1 1 1 1 1 1 1 1 1 1 1 1 1 1 1 1 1 1 1 1 1 1 1 1 1 1 1 1 1 1 1 1 1 1 1 1 1 1 1 1 1 1 1 1 1 1 1 1 1 1 1 1 1 1 1 1 1 1 1 1 1 1 1 1 1 1 1 1 1 1 1 1 1 1 1 1 1 1 1 1 1 1 1 1 1 1 1 1 1 1 1 1 1 1 1 1 1 1 1 1 1 1 1 1 1 1 1 1 1 1 1 1 1 1 1 1 1 1 1 1 1 1 1 1 1 1 1 1 1 1 1 1 1 1 1 1 1 1 1 1 1 1 1 1 1 1 1 1 1 1 1 1 1 1 1 1 1 1 1 1 1 1 1 1 1 1 1 1 1 1 1 1 1 1 1 1 1 1 1 1 1 1 1 1 1 1 1 1 1 1 1 1 1 1 1 1 1 1 1 1 1 1 1 1 1 1 1 1 1 1 1 1 1 1 1 1 1 1 1 1 1 1 1 1 1 1 1 1 1 1 1 1 1 1 1 1 1 1 1 1 1 1 1 1 1 1 1 1 1 1 1 1 1 1 1 1 1 1 1 1 1 1 1 1 1 1 1 1 1 1 1 1 1 1 1 1 1 1 1 1 1 1 1 1 1 1 1 1 1 1 1 1 1 1 1 1 1 1 1 1 1 1 1 1 1 1 1 1 1 1 1 1 1 1 1 1 1 1 1 1 1 1 1 1 1 1 1 1 1 1 1 1 1 1 1 1 1 1 1 1 1 1 1 1 1 1 1 1 1 1 1 1 1 1 1 1 1 1 1 1 1 1 1 1 1 1 1 1 1 1 1 1 1 1 1 1 1 1 1 1 1 1 1 1 1 1 1 1 1 1 1 1 1 1 1 1 1 1 1 1 1 1 1 1 1 1 1 1 1 1 1 1 1 1 1 1 1 1 1 1 1 1 1 1 1 1 1 1 1 1 1 1 1 1 1 1 1 1 1 1 1 1 1 1 1 1 1 1 1 1 1 1 1 1 1 1 1 1 1 1 1 1 1 1 1 1 1 1 1 1 1 1 1 1 1 1 1 1 1 1 1 1 1 1 1 1 1 1 1 1 1 1 1 1 1 1 1 1 1 1 1 1 1 1 1 1 1 1 1 1 1 1 1 1 1 1 1 1 1 1 1 1 1 1 1 1 1 1 1 1 1 1 1 1 1 1 1 1 1 1 1 1 1 1 1 1 1 1 1 1 1 1 1 1 1 1 1 1 1 1 1 1 1 1 1 1 1 1 1 1 1 1 1 1 1 1 1 1 1 1 1 1 1 1 1 1 1 1 1 1 1 1 1 1 1 1 1 1 1 1 1 1 1 1 1 1 1 1 1 1 1 1 1 1 1 1 1 1 1 1 1 1 1 1 1 1 1 1 1 1 1 1 1 1 1 1 1 1 1 1 1 1 1 1 1 1 1 1 1 1 1 1 1 1 1 1 1 1 1 1 1 1 1 1 1 1 1 1 1 1 1 1 1 1 1 1 1 1 1 1 1 1 1 1 1 1 1 1 1 1 1 1 1 1 1 1 1 1 1 1 1 1 1 1 1 1 1 1 1 1 1 1 1 1 1 1 1 1 1 1 1 1 1 1 1 1 1 1 1 1 1 1 1 1 1 1 1 1 1 1 1 1 1 1 1 1 1 1 1 1 1 1 1 1 1 1 1 1 1 1 1 1 1 1 1 1 1 1 1 1 1 1 1 1 1 1 1 1 1 1 1 1 1 1 1 1 1 1 1 1 1 1 1 1 1 1 1 1 1 1 1 1 1 1 1 1 1 1 1 1 1 1 1 1 1 1 1 1 1 1 1 1 1 1 1 1 1 1 1 1 1 1 1 1 1 1 1 1 1 1 1 1 1 1 1 1 1 1 1 1 1 1 1 1 1 1 1 1 1 1 1 1 1 1 1 1 1 1 1 1 1 1 1 1 1 1 1 1 1 1 1 1 1 1 1 1 1 1 1 1 1 1 1 1 1 1 1 1 1 1 1 1 1 1 1 1 1 1 1 1 1 1 1 1 1 1 1 1 1 1 1 1 1 1 1 1 1 1 1 1 1 1 1 1 1 1 1 1 1 1 1 1 1 1 1 1 1 1 1 1 1 1 1 1 1 1 1 1 1 1 1 1 1 1 1 1 1 1 1 1 1 1 1 1 1 1 1 1 1 1 1 1 1 1 1 1 1 1 1 1 1 1 1 1 1 1 1 1 1 1 1 1 1 1 1 1 1 1 1 1 1 1 1 1 1 1 1 1 1 1 1 1 1 1 1 1 1 1 1 1 1 1 1 1 1 1 1 1 1 1 1 1 1 1 1 1 1 1 1 1 1 1 1 1 1 1 1 1 1 1 1 1 1 1 1 1 1 1 1 1 1 1 1 1 1 1 1 1 1 1 1 1 1 1 1 1 1 1 1 1 1 1 1 1 1 1 1 1 1 1 1 1 1 1 1 1 1 1 1 1 1 1 1 1 1 1 1 1 1 1 1 1 1 1 1 1 1 1 1 1 1 1 1 1 1 1 1 1 1 1 1 1 1 1 1 1 1 1 1 1 1 1 1 1 1 1 1 1 1 1 1 1 1 1 1 1 1 1 1 1 1 1 1 1 1 1 1 1 1 1 1 1 1 1 1 1 1 1 1 1 1 1 1 1 1 1 1 1 1 1 1 1 1 1 1 1 1 1 1 1 1 1 1 1 1 1 1 1 1 1 1 1 1 1 1 1 1 1 1 1 1 1 1 1 1 1 1 1 1 1 1 1 1 1 1 1 1 1 1 1 1 1 1 1 1 1 1 1 1 1 1 1 1 1 1 1 1 1 1 1 1 1 1 1 1 1 1 1 1 1 1 1 1 1 1 1 1 1 1 1 1 1 1 1 1 1 1 1 1 1 1 1 1 1 1 1 1 1 1 1 1 1 1 1 1 1 1 1 1 1 1 1 1 1 1 1 1 1 1 1 1 1 1 1 1 1 1 1 1 1 1 1 1 1 1 1 1 1 1 1 1 1 1 1 1 1 1 1 1 1 1 1 1 1 1 1 1 1 1 1 1 1 1 1 1 1 1 1 1 1 1 1 1 1 1 1 1 1 1 1 1 1 1 1 1 1 1 1 1 1 1 1 1 1 1 1 1 1 1 1 1 1 1 1 1 1 1 1 1 1 1 1 1 1 1 1 1 1 1 1 1 1 1 1 1 1 1 1 1 1 1 1 1 1 1 1 1 1 1 1 1 1 1 1 1 1 1 1 1 1 1 1 1 1 1 1 1 1 1 1 1 1 1 1 1 1 1 1 1 1 1 1 1 1 1 1 1 1 1 1 1 1 1 1 1 1 1 1 1 1 1 1 1 1 1 1 1 1 1 1 1 1 1 1 1 1 1 1 1 1 1 1 1 1 1 1 1 1 1 1 1 1 1 1 1 1 1 1 1 1 1 1 1 1 1 1 1 1 1 1 1 1 1 1 1 1 1 1 1 1 1 1 1 1 1 1 1 1 1 1 1 1 1 1 1 1 1 1 1 1 1 1 1 1 1 1 1 1 1 1 1 1 1 1 1 1 1 1 1 1 1 1 1 1 1 1 1 1 1 1 1 1 1 1 1 1 1 1 1 1 1 1 1 1 1 1 1 1 1 1 1 1 1 1 1 1 1 1 1 1 1 1 1 1 1 1 1 1 1 1 1 1 1 1 1 1 1 1 1 1 1 1 1 1 1 1 1 1 1 1 1 1 1 1 1 1 1 1 1 1 1 1 1 1 1 1 1 1 1 1 1 1 1 1 1 1 1 1 1 1 1 1 1 1 1 1 1 1 1 1 1 1 1 1 1 1 1 1 1 1 1 1 1 1 1 1 1 1 1 1 1 1 1 1 1 1 1 1 1 1 1 1 1 1 1 1 1 1 1 1 1 1 1 1 1 1 1 1 1 1 1 1 1 1 1 1 1 1 1 1 1 1 1 1 1 1 1 1 1 1 1 1 1 1 1 1 1 1 1 1 1 1 1 1 1 1 1 1 1 1 1 1 1 1 1 1 1 1 1 1 1 1 1 1 1 1 1 1 1 1 1 1 1 1 1 1 1 1 1 1 1 1 1 1 1 1 1 1 1 1 1 1 1 1 1 1 1 1 1 1 1 1 1 1 1 1 1 1 1 1 1 1 1 1 1 1 1 1 1 1 1 1 1 1 1 1 1 1 1 1 1 1 1 1 1 1 1 1 1 1 1 1 1 1 1 1 1 1 1 1 1 1 1 1 1 1 1 1 1 1 1 1 1 1 1 1 1 1 1 1 1 1 1 1 1 1 1 1 1 1 1 1 1 1 1 1 1 1 1 1 1 1 1 1 1 1 1 1 1 1 1 1 1 1 1 1 1 1 1 1 1 1 1 1 1 1 1 1 1 1 1 1 1 1 1 1 1 1 1 1 1 1 1 1 1 1 1 1 1 1 1 1 1 1 1 1 1 1 1 1 1 1 1 1 1 1 1 1 1 1 1 1 1 1 1 1 1 1 1 1 1 1 1 1 1 1 1 1 1 1 1 1 1 1 1 1 1 1 1 1 1 1 1 1 1 1 1 1 1 1 1 1 1 1 1 1 1 1 1 1 1 1 1 1 1 1 1 1 1 1 1 1 1 1 1 1 1 1 1 1 1 1 1 1 1 1 1 1 1 1 1 1 1 1 1 1 1 1 1 1 1 1 1 1 1 1 1 1 1 1 1 1 1 1 1 1 1 1 1 1 1 1 1 1 1 1 1 1 1 1 1 1 1 1 1 1 1 1 1 1 1 1 1 1 1 1 1 1 1 1 1 1 1 1 1 1 1 1 1 1 1 1 1 1 1 1 1 1 1 1 1 1 1 1 1 1 1 1 1 1 1 1 1 1 1 1 1 1 1 1 1 1 1 1 1 1 1 1 1 1 1 1 1 1 1 1 1 1 1 1 1 1 1 1 1 1 1 1 1 1 1 1 1 1 1 1 1 1 1 1 1 1 1 1 1 1 1 1 1 1 1 1 1 1 1 1 1 1 1 1 1 1 1 1 1 1 1 1 1 1 1 1 1 1 1 1 1 1 1 1 1 1 1 1 1 1 1 1 1 1 1 1 1 1 1 1 1 1 1 1 1 1 1 1 1 1 1 1 1 1 1 1 1 1 1 1 1 1 1 1 1 1 1 1 1 1 1 1 1 1 1 1 1 1 1 1 1 1 1 1 1 1 1 1 1 1 1 1 1 1 1 1 1 1 1 1 1 1 1 1 1 1 1 1 1 1 1 1 1 1 1 1 1 1 1 1 1 1 1 1 1 1 1 1 1 1 1 1 1 1 1 1 1 1 1 1 1 1 1 1 1 1 1 1 1 1 1 1 1 1 1 1 1 1 1 1 1 1 1 1 1 1 1 1 1 1 1 1 1 1 1 1 1 1 1 1 1 1 1 1 1 1 1 1 1 1 1 1 1 1 1 1 1 1 1 1 1 1 1 1 1 1 1 1 1 1 1 1 1 1 1 1 1 1 1 1 1 1 1 1 1 1 1 1 1 1 1 1 1 1 1 1 1 1 1 1 1 1 1 1 1 1 1 1 1 1 1 1 1 1 1 1 1 1 1 1 1 1 1 1 1 1 1 1 1 1 1 1 1 1 1 1 1 1 1 1 1 1 1 1 1 1 1 1 1 1 1 1 1 1 1 1 1 1 1 1 1 1 1 1 1 1 1 1 1 1 1 1 1 1 1 1 1 1 1 1 1 1 1 1 1 1 1 1 1 1 1 1 1 1 1 1 1 1 1 1 1 1 1 1 1 1 1 1 1 1 1 1 1 1 1 1 1 1 1 1 1 1 1 1 1 1 1 1 1 1 1 1 1 1 1 1 1 1 1 1 1 1 1 1 1 1 1 1 1 1 1 1 1 1 1 1 1 1 1 1 1 1 1 1 1 1 1 1 1 1 1 1 1 1 1 1 1 1 1 1 1 1 1 1 1 1 1 1 1 1 1 1 1 1 1 1 1 1 1 1 1 1 1 1 1 1 1 1 1 1 1 1 1 1 1 1 1 1 1 1 1 1 1 1 1 1 1 1 1 1 1 1 1 1 1 1 1 1 1 1 1 1 1 1 1 1 1 1 1 1 1 1 1 1 1 1 1 1 1 1 1 1 1 1 1 1 1 1 1 1 1 1 1 1 1 1 1 1 1 1 1 1 1 1 1 1 1 1 1 1 1 1 1 1 1 1 1 1 1 1 1 1 1 1 1 1 1 1 1 1 1 1 1 1 1 1 1 1 1 1 1 1 1 1 1 1 1 1 1 1 1 1 1 1 1 1 1 1 1 1 1 1 1 1 1 1 1 1 1 1 1 1 1 1 1 1 1 1 1 1 1 1 1 1 1 1 1 1 1 1 1 1 1 1 1 1 1 1 1 1 1 1 1 1 1 1 1 1 1 1 1 1 1 1 1 1 1 1 1 1 1 1 1 1 1 1 1 1 1 1 1 1 1 1 1 1 1 1 1 1 1 1 1 1 1 1 1 1 1 1 1 1 1 1 1 1 1 1 1 1 1 1 1 1 1 1 1 1 1 1 1 1 1 1 1 1 1 1 1 1 1 1 1 1 1 1 1 1 1 1 1 1 1 1 1 1 1 1 1 1 1 1 1 1 1 1 1 1 1 1 1 1 1 1 1 1 1 1 1 1 1 1 1 1 1 1 1 1 1 1 1 1 1 1 1 1 1 1 1 1 1 1 1 1 1 1 1 1 1 1 1 1 1 1 1 1 1 1 1 1 1 1 1 1 1 1 1 1 1 1 1 1 1 1 1 1 1 1 1 1 1 1 1 1 1 1 1 1 1 1 1 1 1 1 1 1 1 1 1 1 1 1 1 1 1 1 1 1 1 1 1 1 1 1 1 1 1 1 1 1 1 1 1 1 1 1 1 1 1 1 1 1 1 1 1 1 1 1 1 1 1 1 1 1 1 1 1 1 1 1 1 1 1 1 1 1 1 1 1 1 1 1 1 1 1 1 1 1 1 1 1 1 1 1 1 1 1 1 1 1 1 1 1 1 1 1 1 1 1 1 1 1 1 1 1 1 1 1 1 1 1 1 1 1 1 1 1 1 1 1 1 1 1 1 1 1 1 1 1 1 1 1 1 1 1 1 1 1 1 1 1 1 1 1 1 1 1 1 1 1 1 1 1 1 1 1 1 1 1 1 1 1 1 1 1 1 1 1 1 1 1 1 1 1 1 1 1 1 1 1 1 1 1 1 1 1 1 1 1 1 1 1 1 1 1 1 1 1 1 1 1 1 1 1 1 1 1 1 1 1 1 1 1 1 1 1 1 1 1 1 1 1 1 1 1 1 1 1 1 1 1 1 1 1 1 1 1 1 1 1 1 1 1 1 1 1 1 1 1 1 1 1 1 1 1 1 1 1 1 1 1 1 1 1 1 1 1 1 1 1 1 1 1 1 1 1 1 1 1 1 1 1 1 1 1 1 1 1 1 1 1 1 1 1 1 1 1 1 1 1 1 1 1 1 1 1 1 1 1 1 1 1 1 1 1 1 1 1 1 1 1 1 1 1 1 1 1 1 1 1 1 1 1 1 1 1 1 1 1 1 1 1 1 1 1 1 1 1 1 1 1 1 1 1 1 1 1 1 1 1 1 1 1 1 1 1 1 1 1 1 1 1 1 1 1 1 1 1 1 1 1 1 1 1 1 1 1 1 1 1 1 1 1 1 1 1 1 1 1 1 1 1 1 1 1 1 1 1 1 1 1 1 1 1 1 1 1 1 1 1 1 1 1 1 1 1 1 1 1 1 1 1 1 1 1 1 1 1 1 1 1 1 1 1 1 1 1 1 1 1 1 1 1 1 1 1 1 1 1 1 1 1 1 1 1 1 1 1 1 1 1 1 1 1 1 1 1 1 1 1 1 1 1 1 1 1 1 1 1 1 1 1 1 1 1 1 1 1 1 1 1 1 1 1 1 1 1 1 1 1 1 1 1 1 1 1 1 1 1 1 1 1 1 1 1 1 1 1 1 1 1 1 1 1 1 1 1 1 1 1 1 1 1 1 1 1 1 1 1 1 1 1 1 1 1 1 1 1 1 1 1 1 1 1 1 1 1 1 1 1 1 1 1 1 1 1 1 1 1 1 1 1 1 1 1 1 1 1 1 1 1 1 1 1 1 1 1 1 1 1 1 1 1 1 1 1 1 1 1 1 1 1 1 1 1 1 1 1 1 1 1 1 1 1 1 1 1 1 1 1 1 1 1 1 1 1 1 1 1 1 1 1 1 1 1 1 1 1 1 1 1 1 1 1 1 1 1 1 1 1 1 1 1 1 1 1 1 1 1 1 1 1 1 1 1 1 1 1 1 1 1 1 1 1 1 1 1 1 1 1 1 1 1 1 1 1 1 1 1 1 1 1 1 1 1 1 1 1 1 1 1 1 1 1 1 1 1 1 1 1 1 1 1 1 1 1 1 1 1 1 1 1 1 1 1 1 1 1 1 1 1 1 1 1 1 1 1 1 1 1 1 1 1 1 1 1 1 1 1 1 1 1 1 1 1 1 1 1 1 1 1 1 1 1 1 1 1 1 1 1 1 1 1 1 1 1 1 1 1 1 1 1 1 1 1 1 1 1 1 1 1 1 1 1 1 1 1 1 1 1 1 1 1 1 1 1 1 1 1 1 1 1 1 1 1 1 1 1 1 1 1 1 1 1 1 1 1 1 1 1 1 1 1 1 1 1 1 1 1 1 1 1 1 1 1 1 1 1 1 1 1 1 1 1 1 1 1 1 1 1 1 1 1 1 1 1 1 1 1 1 1 1 1 1 1 1 1 1 1 1 1 1 1 1 1 1 1 1 1 1 1 1 1 1 1 1 1 1 1 1 1 1 1 1 1 1 1 1 1 1 1 1 1 1 1 1 1 1 1 1 1 1 1 1 1 1 1 1 1 1 1 1 1 1 1 1 1 1 1 1 1 1 1 1 1 1 1 1 1 1 1 1 1 1 1 1 1 1 1 1 1 1 1 1 1 1 1 1 1 1 1 1 1 1 1 1 1 1 1 1 1 1 1 1 1 1 1 1 1 1 1 1 1 1 1 1 1 1 1 1 1 1 1 1 1 1 1 1 1 1 1 1 1 1 1 1 1 1 1 1 1 1 1 1 1 1 1 1 1 1 1 1 1 1 1 1 1 1 1 1 1 1 1 1 1 1 1 1 1 1 1 1 1 1 1 1 1 1 1 1 1 1 1 1 1 1 1 1 1 1 1 1 1 1 1 1 1 1 1 1 1 1 1 1 1 1 1 1 1 1 1 1 1 1 1 1 1 1 1 1 1 1 1 1 1 1 1 1 1 1 1 1 1 1 1 1 1 1 1 1 1 1 1 1 1 1 1 1 1 1 1 1 1 1 1 1 1 1 1 1 1 1 1 1 1 1 1 1 1 1 1 1 1 1 1 1 1 1 1 1 1 1 1 1 1 1 1 1 1 1 1 1 1 1 1 1 1 1 1 1 1 1 1 1 1 1 1 1 1 1 1 1 1 1 1 1 1 1 1 1 1 1 1 1 1 1 1 1 1 1 1 1 1 1 1 1 1 1 1 1 1 1 1 1 1 1 1 1 1 1 1 1 1 1 1 1 1 1 1 1 1 1 1 1 1 1 1 1 1 1 1 1 1 1 1 1 1 1 1 1 1 1 1 1 1 1 1 1 1 1 1 1 1 1 1 1 1 1 1 1 1 1 1 1 1 1 1 1 1 1 1 1 1 1 1 1 1 1 1 1 1 1 1 1 1 1 1 1 1 1 1 1 1 1 1 1 1 1 1 1 1 1 1 1 1 1 1 1 1 1 1 1 1 1 1 1 1 1 1 1 1 1 1 1 1 1 1 1 1 1 1 1 1 1 1 1 1 1 1 1 1 1 1 1 1 1 1 1 1 1 1 1 1 1 1 1 1 1 1 1 1 1 1 1 1 1 1 1 1 1 1 1 1 1 1 1 1 1 1 1 1 1 1 1 1 1 1 1 1 1 1 1 1 1 1 1 1 1 1 1 1 1 1 1 1 1 1 1 1 1 1 1 1 1 1 1 1 1 1 1 1 1 1 1 1 1 1 1 1 1 1 1 1 1 1 1 1 1 1 1 1 1 1 1 1 1 1 1 1 1 1 1 1 1 1 1 1 1 1 1 1 1 1 1 1 1 1 1 1 1 1 1 1 1 1 1 1 1 1 1 1 1 1 1 1 1 1 1 1 1 1 1 1 1 1 1 1 1 1 1 1 1 1 1 1 1 1 1 1 1 1 1 1 1 1 1 1 1 1 1 1 1 1 1 1 1 1 1 1 1 1 1 1 1 1 1 1 1 1 1 1 1 1 1 1 1 1 1 1 1 1 1 1 1 1 1 1 1 1 1 1 1 1 1 1 1 1 1 1 1 1 1 1 1 1 1 1 1 1 1 1 1 1 1 1 1 1 1 1 1 1 1 1 1 1 1 1 1 1 1 1 1 1 1 1 1 1 1 1 1 1 1 1 1 1 1 1 1 1 1 1 1 1 1 1 1 1 1 1 1 1 1 1 1 1 1 1 1 1 1 1 1 1 1 1 1 1 1 1 1 1 1 1 1 1 1 1 1 1 1 1 1 1 1 1 1 1 1 1 1 1 1 1 1 1 1 1 1 1 1 1 1 1 1 1 1 1 1 1 1 1 1 1 1 1 1 1 1 1 1 1 1 1 1 1 1 1 1 1 1 1 1 1 1 1 1 1 1 1 1 1 1 1 1 1 1 1 1 1 1 1 1 1 1 1 1 1 1 1 1 1 1 1 1 1 1 1 1 1 1 1 1 1 1 1 1 1 1 1 1 1 1 1 1 1 1 1 1 1 1 1 1 1 1 1 1 1 1 1 1 1 1 1 1 1 1 1 1 1 1 1 1 1 1 1 1 1 1 1 1 1 1 1 1 1 1 1 1 1 1 1 1 1 1 1 1 1 1 1 1 1 1 1 1 1 1 1 1 1 1 1 1 1 1 1 1 1 1 1 1 1 1 1 1 1 1 1 1 1 1 1 1 1 1 1 1 1 1 1 1 1 1 1 1 1 1 1 1 1 1 1 1 1 1 1 1 1 1 1 1 1 1 1 1 1 1 1 1 1 1 1 1 1 1 1 1 1 1 1 1 1 1 1 1 1 1 1 1 1 1 1 1 1 1 1 1 1 1 1 1 1 1 1 1 1 1 1 1 1 1 1 1 1 1 1 1 1 1 1 1 1 1 1 1 1 1 1 1 1 1 1 1 1 1 1 1 1 1 1 1 1 1 1 1 1 1 1 1 1 1 1 1 1 1 1 1 1 1 1 1 1 1 1 1 1 1 1 1 1 1 1 1 1 1 1 1 1 1 1 1 1 1 1 1 1 1 1 1 1 1 1 1 1 1 1 1 1 1 1 1 1 1 1 1 1 1 1 1 1 1 1 1 1 1 1 1 1 1 1 1 1 1 1 1 1 1 1 1 1 1 1 1 1 1 1 1 1 1 1 1 1 1 1 1 1 1 1 1 1 1 1 1 1 1 1 1 1 1 1 1 1 1 1 1 1 1 1 1 1 1 1 1 1 1 1 1 1 1 1 1 1 1 1 1 1 1 1 1 1 1 1 1 1 1 1 1 1 1 1 1 1 1 1 1 1 1 1 1 1 1 1 1 1 1 1 1 1 1 1 1 1 1 1 1 1 1 1 1 1 1 1 1 1 1 1 1 1 1 1 1 1 1 1 1 1 1 1 1 1 1 1 1 1 1 1 1 1 1 1 1 1 1 1 1 1 1 1 1 1 1 1 1 1 1 1 1 1 1 1 1 1 1 1 1 1 1 1 1 1 1 1 1 1 1 1 1 1 1 1 1 1 1 1 1 1 1 1 1 1 1 1 1 1 1 1 1 1 1 1 1 1 1 1 1 1 1 1 1 1 1 1 1 1 1 1 1 1 1 1 1 1 1 1 1 1 1 1 1 1 1 1 1 1 1 1 1 1 1 1 1 1 1 1 1 1 1 1 1 1 1 1 1 1 1 1 1 1 1 1 1 1 1 1 1 1 1 1 1 1 1 1 1 1 1 1 1 1 1 1 1 1 1 1 1 1 1 1 1 1 1 1 1 1 1 1 1 1 1 1 1 1 1 1 1 1 1 1 1 1 1 1 1 1 1 1 1 1 1 1 1 1 1 1 1 1 1 1 1 1 1 1 1 1 1 1 1 1 1 1 1 1 1 1 1 1 1 1 1 1 1 1 1 1 1 1 1 1 1 1 1 1 1 1 1 1 1 1 1 1 1 1 1 1 1 1 1 1 1 1 1 1 1 1 1 1 1 1 1 1 1 1 1 1 1 1 1 1 1 1 1 1 1 1 1 1 1 1 1 1 1 1 1 1 1 1 1 1 1 1 1 1 1 1 1 1 1 1 1 1 1 1 1 1 1 1 1 1 1 1 1 1 1 1 1 1 1 1 1 1 1 1 1 1 1 1 1 1 1 1 1 1 1 1 1 1 1 1 1 1 1 1 1 1 1 1 1 1 1 1 1 1 1 1 1 1 1 1 1 1 1 1 1 1 1 1 1 1 1 1 1 1 1 1 1 1 1 1 1 1 1 1 1 1 1 1 1 1 1 1 1 1 1 1 1 1 1 1 1 1 1 1 1 1 1 1 1 1 1 1 1 1 1 1 1 1 1 1 1 1 1 1 1 1 1 1 1 1 1 1 1 1 1 1 1 1 1 1 1 1 1 1 1 1 1 1 1 1 1 1 1 1 1 1 1 1 1 1 1 1 1 1 1 1 1 1 1 1 1 1 1 1 1 1 1 1 1 1 1 1 1 1 1 1 1 1 1 1 1 1 1 1 1 1 1 1 1 1 1 1 1 1 1 1 1 1 1 1 1 1 1 1 1 1 1 1 1 1 1 1 1 1 1 1 1 1 1 1 1 1 1 1 1 1 1 1 1 1 1 1 1 1 1 1 1 1 1 1 1 1 1 1 1 1 1 1 1 1 1 1 1 1 1 1 1 1 1 1 1 1 1 1 1 1 1 1 1 1 1 1 1 1 1 1 1 1 1 1 1 1 1 1 1 1 1 1 1 1 1 1 1 1 1 1 1 1 1 1 1 1 1 1 1 1 1 1 1 1 1 1 1 1 1 1 1 1 1 1 1 1 1 1 1 1 1 1 1 1 1 1 1 1 1 1 1 1 1 1 1 1 1 1 1 1 1 1 1 1 1 1 1 1 1 1 1 1 1 1 1 1 1 1 1 1 1 1 1 1 1 1 1 1 1 1 1 1 1 1 1 1 1 1 1 1 1 1 1 1 1 1 1 1 1 1 1 1 1 1 1 1 1 1 1 1 1 1 1 1 1 1 1 1 1 1 1 1 1 1 1 1 1 1 1 1 1 1 1 1 1 1 1 1 1 1 1 1 1 1 1 1 1 1 1 1 1 1 1 1 1 1 1 1 1 1 1 1 1 1 1 1 1 1 1 1 1 1 1 1 1 1 1 1 1 1 1 1 1 1 1 1 1 1 1 1 1 1 1 1 1 1 1 1 1 1 1 1 1 1 1 1 1 1 1 1 1 1 1 1 1 1 1 1 1 1 1 1 1 1 1 1 1 1 1 1 1 1 1 1 1 1 1 1 1 1 1 1 1 1 1 1 1 1 1 1 1 1 1 1 1 1 1 1 1 1 1 1 1 1 1 1 1 1 1 1 1 1 1 1 1 1 1 1 1 1 1 1 1 1 1 1 1 1 1 1 1 1 1 1 1 1 1 1 1 1 1 1 1 1 1 1 1 1 1 1 1 1 1 1 1 1 1 1 1 1 1 1 1 1 1 1 1 1 1 1 1 1 1 1 1 1 1 1 1 1 1 1 1 1 1 1 1 1 1 1 1 1 1 1 1 1 1 1 1 1 1 1 1 1 1 1 1 1 1 1 1 1 1 1 1 1 1 1 1 1 1 1 1 1 1 1 1 1 1 1 1 1 1 1 1 1 1 1 1 1 1 1 1 1 1 1 1 1 1 1 1 1 1 1 1 1 1 1 1 1 1 1 1 1 1 1 1 1 1 1 1 1 1 1 1 1 1 1 1 1 1 1 1 1 1 1 1 1 1 1 1 1 1 1 1 1 1 1 1 1 1 1 1 1 1 1 1 1 1 1 1 1 1 1 1 1 1 1 1 1 1 1 1 1 1 1 1 1 1 1 1 1 1 1 1 1 1 1 1 1 1 1 1 1 1 1 1 1 1 1 1 1 1 1 1 1 1 1 1 1 1 1 1 1 1 1 1 1 1 1 1 1 1 1 1 1 1 1 1 1 1 1 1 1 1 1 1 1 1 1 1 1 1 1 1 1 1 1 1 1 1 1 1 1 1 1 1 1 1 1 1 1 1 1 1 1 1 1 1 1 1 1 1 1 1 1 1 1 1 1 1 1 1 1 1 1 1 1 1 1 1 1 1 1 1 1 1 1 1 1 1 1 1 1 1 1 1 1 1 1 1 1 1 1 1 1 1 1 1 1 1 1 1 1 1 1 1 1 1 1 1 1 1 1 1 1 1 1 1 1 1 1 1 1 1 1 1 1 1 1 1 1 1 1 1 1 1 1 1 1 1 1 1 1 1 1 1 1 1 1 1 1 1 1 1 1 1 1 1 1 1 1 1 1 1 1 1 1 1 1 1 1 1 1 1 1 1 1 1 1 1 1 1 1 1 1 1 1 1 1 1 1 1 1 1 1 1 1 1 1 1 1 1 1 1 1 1 1 1 1 1 1 1 1 1 1 1 1 1 1 1 1 1 1 1 1 1 1 1 1 1 1 1 1 1 1 1 1 1 1 1 1 1 1 1 1 1 1 1 1 1 1 1 1 1 1 1 1 1 1 1 1 1 1 1 1 1 1 1 1 1 1 1 1 1 1 1 1 1 1 1 1 1 1 1 1 1 1 1 1 1 1 1 1 1 1 1 1 1 1 1 1 1 1 1 1 1 1 1 1 1 1 1 1 1 1 1 1 1 1 1 1 1 1 1 1 1 1 1 1 1 1 1 1 1 1 1 1 1 1 1 1 1 1 1 1 1 1 1 1 1 1 1 1 1 1 1 1 1 1 1 1 1 1 1 1 1 1 1 1 1 1 1 1 1 1 1 1 1 1 1 1 1 1 1 1 1 1 1 1 1 1 1 1 1 1 1 1 1 1 1 1 1 1 1 1 1 1 1 1 1 1 1 1 1 1 1 1 1 1 1 1 1 1 1 1 1 1 1 1 1 1 1 1 1 1 1 1 1 1 1 1 1 1 1 1 1 1 1 1 1 1 1 1 1 1 1 1 1 1 1 1 1 1 1 1 1 1 1 1 1 1 1 1 1 1 1 1 1 1 1 1 1 1 1 1 1 1 1 1 1 1 1 1 1 1 1 1 1 1 1 1 1 1 1 1 1 1 1 1 1 1 1 1 1 1 1 1 1 1 1 1 1 1 1 1 1 1 1 1 1 1 1 1 1 1 1 1 1 1 1 1 1 1 1 1 1 1 1 1 1 1 1 1 1 1 1 1 1 1 1 1 1 1 1 1 1 1 1 1 1 1 1 1 1 1 1 1 1 1 1 1 1 1 1 1 1 1 1 1 1 1 1 1 1 1 1 1 1 1 1 1 1 1 1 1 1 1 1 1 1 1 1 1 1 1 1 1 1 1 1 1 1 1 1 1 1 1 1 1 1 1 1 1 1 1 1 1 1 1 1 1 1 1 1 1 1 1 1 1 1 1 1 1 1 1 1 1 1 1 1 1 1 1 1 1 1 1 1 1 1 1 1 1 1 1 1 1 1 1 1 1 1 1 1 1 1 1 1 1 1 1 1 1 1 1 1 1 1 1 1 1 1 1 1 1 1 1 1 1 1 1 1 1 1 1 1 1 1 1 1 1 1 1 1 1 1 1 1 1 1 1 1 1 1 1 1 1 1 1 1 1 1 1 1 1 1 1 1 1 1 1 1 1 1 1 1 1 1 1 1 1 1 1 1 1 1 1 1 1 1 1 1 1 1 1 1 1 1 1 1 1 1 1 1 1 1 1 1 1 1 1 1 1 1 1 1 1 1 1 1 1 1 1 1 1 1 1 1 1 1 1 1 1 1 1 1 1 1 1 1 1 1 1 1 1 1 1 1 1 1 1 1 1 1 1 1 1 1 1 1 1 1 1 1 1 1 1 1 1 1 1 1 1 1 1 1 1 1 1 1 1 1 1 1 1 1 1 1 1 1 1 1 1 1 1 1 1 1 1 1 1 1 1 1 1 1 1 1 1 1 1 1 1 1 1 1 1 1 1 1 1 1 1 1 1 1 1 1 1 1 1 1 1 1 1 1 1 1 1 1 1 1 1 1 1 1 1 1 1 1 1 1 1 1 1 1 1 1 1 1 1 1 1 1 1 1 1 1 1 1 1 1 1 1 1 1 1 1 1 1 1 1 1 1 1 1 1 1 1 1 1 1 1 1 1 1 1 1 1 1 1 1 1 1 1 1 1 1 1 1 1 1 1 1 1 1 1 1 1 1 1 1 1 1 1 1 1 1 1 1 1 1 1 1 1 1 1 1 1 1 1 1 1 1 1 1 1 1 1 1 1 1 1 1 1 1 1 1 1 1 1 1 1 1 1 1 1 1 1 1 1 1 1 1 1 1 1 1 1 1 1 1 1 1 1 1 1 1 1 1 1 1 1 1 1 1 1 1 1 1 1 1 1 1 1 1 1 1 1 1 1 1 1 1 1 1 1 1 1 1 1 1 1 1 1 1 1 1 1 1 1 1 1 1 1 1 1 1 1 1 1 1 1 1 1 1 1 1 1 1 1 1 1 1 1 1 1 1 1 1 1 1 1 1 1 1 1 1 1 1 1 1 1 1 1 1 1 1 1 1 1 1 1 1 1 1 1 1 1 1 1 1 1 1 1 1 1 1 1 1 1 1 1 1 1 1 1 1 1 1 1 1 1 1 1 1 1 1 1 1 1 1 1 1 1 1 1 1 1 1 1 1 1 1 1 1 1 1 1 1 1 1 1 1 1 1 1 1 1 1 1 1 1 1 1 1 1 1 1 1 1 1 1 1 1 1 1 1 1 1 1 1 1 1 1 1 1 1 1 1 1 1 1 1 1 1 1 1 1 1 1 1 1 1 1 1 1 1 1 1 1 1 1 1 1 1 1 1 1 1 1 1 1 1 1 1 1 1 1 1 1 1 1 1 1 1 1 1 1 1 1 1 1 1 1 1 1 1 1 1 1 1 1 1 1 1 1 1 1 1 1 1 1 1 1 1 1 1 1 1 1 1 1 1 1 1 1 1 1 1 1 1 1 1 1 1 1 1 1 1 1 1 1 1 1 1 1 1 1 1 1 1 1 1 1 1 1 1 1 1 1 1 1 1 1 1 1 1 1 1 1 1 1 1 1 1 1 1 1 1 1 1 1 1 1 1 1 1 1 1 1 1 1 1 1 1 1 1 1 1 1 1 1 1 1 1 1 1 1 1 1 1 1 1 1 1 1 1 1 1 1 1 1 1 1 1 1 1 1 1 1 1 1 1 1 1 1 1 1 1 1 1 1 1 1 1 1 1 1 1 1 1 1 1 1 1 1 1 1 1 1 1 1 1 1 1 1 1 1 1 1 1 1 1 1 1 1 1 1 1 1 1 1 1 1 1 1 1 1 1 1 1 1 1 1 1 1 1 1 1 1 1 1 1 1 1 1 1 1 1 1 1 1 1 1 1 1 1 1 1 1 1 1 1 1 1 1 1 1 1 1 1 1 1 1 1 1 1 1 1 1 1 1 1 1 1 1 1 1 1 1 1 1 1 1 1 1 1 1 1 1 1 1 1 1 1 1 1 1 1 1 1 1 1 1 1 1 1 1 1 1 1 1 1 1 1 1 1 1 1 1 1 1 1 1 1 1 1 1 1 1 1 1 1 1 1 1 1 1 1 1 1 1 1 1 1 1 1 1 1 1 1 1 1 1 1 1 1 1 1 1 1 1 1 1 1 1 1 1 1 1 1 1 1 1 1 1 1 1 1 1 1 1 1 1 1 1 1 1 1 1 1 1 1 1 1 1 1 1 1 1 1 1 1 1 1 1 1 1 1 1 1 1 1 1 1 1 1 1 1 1 1 1 1 1 1 1 1 1 1 1 1 1 1 1 1 1 1 1 1 1 1 1 1 1 1 1 1 1 1 1 1 1 1 1 1 1 1 1 1 1 1 1 1 1 1 1 1 1 1 1 1 1 1 1 1 1 1 1 1 1 1 1 1 1 1 1 1 1 1 1 1 1 1 1 1 1 1 1 1 1 1 1 1 1 1 1 1 1 1 1 1 1 1 1 1 1 1 1 1 1 1 1 1 1 1 1 1 1 1 1 1 1 1 1 1 1 1 1 1 1 1 1 1 1 1 1 1 1 1 1 1 1 1 1 1 1 1 1 1 1 1 1 1 1 1 1 1 1 1 1 1 1 1 1 1 1 1 1 1 1 1 1 1 1 1 1 1 1 1 1 1 1 1 1 1 1 1 1 1 1 1 1 1 1 1 1 1 1 1 1 1 1 1 1 1 1 1 1 1 1 1 1 1 1 1 1 1 1 1 1 1 1 1 1 1 1 1 1 1 1 1 1 1 1 1 1 1 1 1 1 1 1 1 1 1 1 1 1 1 1 1 1 1 1 1 1 1 1 1 1 1 1 1 1 1 1 1 1 1 1 1 1 1 1 1 1 1 1 1 1 1 1 1 1 1 1 1 1 1 1 1 1 1 1 1 1 1 1 1 1 1 1 1 1 1 1 1 1 1 1 1 1 1 1 1 1 1 1 1 1 1 1 1 1 1 1 1 1 1 1 1 1 1 1 1 1 1 1 1 1 1 1 1 1 1 1 1 1 1 1 1 1 1 1 1 1 1 1 1 1 1 1 1 1 1 1 1 1 1 1 1 1 1 1 1 1 1 1 1 1 1 1 1 1 1 1 1 1 1 1 1 1 1 1 1 1 1 1 1 1 1 1 1 1 1 1 1 1 1 1 1 1 1 1 1 1 1 1 1 1 1 1 1 1 1 1 1 1 1 1 1 1 1 1 1 1 1 1 1 1 1 1 1 1 1 1 1 1 1 1 1 1 1 1 1 1 1 1 1 1 1 1 1 1 1 1 1 1 1 1 1 1 1 1 1 1 1 1 1 1 1 1 1 1 1 1 1 1 1 1 1 1 1 1 1 1 1 1 1 1 1 1 1 1 1 1 1 1 1 1 1 1 1 1 1 1 1 1 1 1 1 1 1 1 1 1 1 1 1 1 1 1 1 1 1 1 1 1 1 1 1 1 1 1 1 1 1 1 1 1 1 1 1 1 1 1 1 1 1 1 1 1 1 1 1 1 1 1 1 1 1 1 1 1 1 1 1 1 1 1 1 1 1 1 1 1 1 1 1 1 1 1 1 1 1 1 1 1 1 1 1 1 1 1 1 1 1 1 1 1 1 1 1 1 1 1 1 1 1 1 1 1 1 1 1 1 1 1 1 1 1 1 1 1 1 1 1 1 1 1 1 1 1 1 1 1 1 1 1 1 1 1 1 1 1 1 1 1 1 1 1 1 1 1 1 1 1 1 1 1 1 1 1 1 1 1 1 1 1 1 1 1 1 1 1 1 1 1 1 1 1 1 1 1 1 1 1 1 1 1 1 1 1 1 1 1 1 1 1 1 1 1 1 1 1 1 1 1 1 1 1 1 1 1 1 1 1 1 1 1 1 1 1 1 1 1 1 1 1 1 1 1 1 1 1 1 1 1 1 1 1 1 1 1 1 1 1 1 1 1 1 1 1 1 1 1 1 1 1 1 1 1 1 1 1 1 1 1 1 1 1 1 1 1 1 1 1 1 1 1 1 1 1 1 1 1 1 1 1 1 1 1 1 1 1 1 1 1 1 1 1 1 1 1 1 1 1 1 1 1 1 1 1 1 1 1 1 1 1 1 1 1 1 1 1 1 1 1 1 1 1 1 1 1 1 1 1 1 1 1 1 1 1 1 1 1 1 1 1 1 1 1 1 1 1 1 1 1 1 1 1 1 1 1 1 1 1 1 1 1 1 1 1 1 1 1 1 1 1 1 1 1 1 1 1 1 1 1 1 1 1 1 1 1 1 1 1 1 1 1 1 1 1 1 1 1 1 1 1 1 1 1 1 1 1 1 1 1 1 1 1 1 1 1 1 1 1 1 1 1 1 1 1 1 1 1 1 1 1 1 1 1 1 1 1 1 1 1 1 1 1 1 1 1 1 1 1 1 1 1 1 1 1 1 1 1 1 1 1 1 1 1 1 1 1 1 1 1 1 1 1 1 1 1 1 1 1 1 1 1 1 1 1 1 1 1 1 1 1 1 1 1 1 1 1 1 1 1 1 1 1 1 1 1 1 1 1 1 1 1 1 1 1 1 1 1 1 1 1 1 1 1 1 1 1 1 1 1 1 1 1 1 1 1 1 1 1 1 1 1 1 1 1 1 1 1 1 1 1 1 1 1 1 1 1 1 1 1 1 1 1 1 1 1 1 1 1 1 1 1 1 1 1 1 1 1 1 1 1 1 1 1 1 1 1 1 1 1 1 1 1 1 1 1 1 1 1 1 1 1 1 1 1 1 1 1 1 1 1 1 1 1 1 1 1 1 1 1 1 1 1 1 1 1 1 1 1 1 1 1 1 1 1 1 1 1 1 1 1 1 1 1 1 1 1 1 1 1 1 1 1 1 1 1 1 1 1 1 1 1 1 1 1 1 1 1 1 1 1 1 1 1 1 1 1 1 1 1 1 1 1 1 1 1 1 1 1 1 1 1 1 1 1 1 1 1 1 1 1 1 1 1 1 1 1 1 1 1 1 1 1 1 1 1 1 1 1 1 1 1 1 1 1 1 1 1 1 1 1 1 1 1 1 1 1 1 1 1 1 1 1 1 1 1 1 1 1 1 1 1 1 1 1 1 1 1 1 1 1 1 1 1 1 1 1 1 1 1 1 1 1 1 1 1 1 1 1 1 1 1 1 1 1 1 1 1 1 1 1 1 1 1 1 1 1 1 1 1 1 1 1 1 1 1 1 1 1 1 1 1 1 1 1 1 1 1 1 1 1 1 1 1 1 1 1 1 1 1 1 1 1 1 1 1 1 1 1 1 1 1 1 1 1 1 1 1 1 1 1 1 1 1 1 1 1 1 1 1 1 1 1 1 1 1 1 1 1 1 1 1 1 1 1 1 1 1 1 1 1 1 1 1 1 1 1 1 1 1 1 1 1 1 1 1 1 1 1 1 1 1 1 1 1 1 1 1 1 1 1 1 1 1 1 1 1 1 1 1 1 1 1 1 1 1 1 1 1 1 1 1 1 1 1 1 1 1 1 1 1 1 1 1 1 1 1 1 1 1 1 1 1 1 1 1 1 1 1 1 1 1 1 1 1 1 1 1 1 1 1 1 1 1 1 1 1 1 1 1 1 1 1 1 1 1 1 1 1 1 1 1 1 1 1 1 1 1 1 1 1 1 1 1 1 1 1 1 1 1 1 1 1 1 1 1 1 1 1 1 1 1 1 1 1 1 1 1 1 1 1 1 1 1 1 1 1 1 1 1 1 1 1 1 1 1 1 1 1 1 1 1 1 1 1 1 1 1 1 1 1 1 1 1 1 1 1 1 1 1 1 1 1 1 1 1 1 1 1 1 1 1 1 1 1 1 1 1 1 1 1 1 1 1 1 1 1 1 1 1 1 1 1 1 1 1 1 1 1 1 1 1 1 1 1 1 1 1 1 1 1 1 1 1 1 1 1 1 1 1 1 1 1 1 1 1 1 1 1 1 1 1 1 1 1 1 1 1 1 1 1 1 1 1 1 1 1 1 1 1 1 1 1 1 1 1 1 1 1 1 1 1 1 1 1 1 1 1 1 1 1 1 1 1 1 1 1 1 1 1 1 1 1 1 1 1 1 1 1 1 1 1 1 1 1 1 1 1 1 1 1 1 1 1 1 1 1 1 1 1 1 1 1 1 1 1 1 1 1 1 1 1 1 1 1 1 1 1 1 1 1 1 1 1 1 1 1 1 1 1 1 1 1 1 1 1 1 1 1 1 1 1 1 1 1 1 1 1 1 1 1 1 1 1 1 1 1 1 1 1 1 1 1 1 1 1 1 1 1 1 1 1 1 1 1 1 1 1 1 1 1 1 1 1 1 1 1 1 1 1 1 1 1 1 1 1 1 1 1 1 1 1 1 1 1 1 1 1 1 1 1 1 1 1 1 1 1 1 1 1 1 1 1 1 1 1 1 1 1 1 1 1 1 1 1 1 1 1 1 1 1 1 1 1 1 1 1 1 1 1 1 1 1 1 1 1 1 1 1 1 1 1 1 1 1 1 1 1 1 1 1 1 1 1 1 1 1 1 1 1 1 1 1 1 1 1 1 1 1 1 1 1 1 1 1 1 1 1 1 1 1 1 1 1 1 1 1 1 1 1 1 1 1 1 1 1 1 1 1 1 1 1 1 1 1 1 1 1 1 1 1 1 1 1 1 1 1 1 1 1 1 1 1 1 1 1 1 1 1 1 1 1 1 1 1 1 1 1 1 1 1 1 1 1 1 1 1 1 1 1 1 1 1 1 1 1 1 1 1 1 1 1 1 1 1 1 1 1 1 1 1 1 1 1 1 1 1 1 1 1 1 1 1 1 1 1 1 1 1 1 1 1 1 1 1 1 1 1 1 1 1 1 1 1 1 1 1 1 1 1 1 1 1 1 1 1 1 1 1 1 1 1 1 1 1 1 1 1 1 1 1 1 1 1 1 1 1 1 1 1 1 1 1 1 1 1 1 1 1 1 1 1 1 1 1 1 1 1 1 1 1 1 1 1 1 1 1 1 1 1 1 1 1 1 1 1 1 1 1 1 1 1 1 1 1 1 1 1 1 1 1 1 1 1 1 1 1 1 1 1 1 1 1 1 1 1 1 1 1 1 1 1 1 1 1 1 1 1 1 1 1 1 1 1 1 1 1 1 1 1 1 1 1 1 1 1 1 1 1 1 1 1 1 1 1 1 1 1 1 1 1 1 1 1 1 1 1 1 1 1 1 1 1 1 1 1 1 1 1 1 1 1 1 1 1 1 1 1 1 1 1 1 1 1 1 1 1 1 1 1 1 1 1 1 1 1 1 1 1 1 1 1 1 1 1 1 1 1 1 1 1 1 1 1 1 1 1 1 1 1 1 1 1 1 1 1 1 1 1 1 1 1 1 1 1 1 1 1 1 1 1 1 1 1 1 1 1 1 1 1 1 1 1 1 1 1 1 1 1 1 1 1 1 1 1 1 1 1 1 1 1 1 1 1 1 1 1 1 1 1 1 1 1 1 1 1 1 1 1 1 1 1 1 1 1 1 1 1 1 1 1 1 1 1 1 1 1 1 1 1 1 1 1 1 1 1 1 1 1 1 1 1 1 1 1 1 1 1 1 1 1 1 1 1 1 1 1 1 1 1 1 1 1 1 1 1 1 1 1 1 1 1 1 1 1 1 1 1 1 1 1 1 1 1 1 1 1 1 1 1 1 1 1 1 1 1 1 1 1 1 1 1 1 1 1 1 1 1 1 1 1 1 1 1 1 1 1 1 1 1 1 1 1 1 1 1 1 1 1 1 1 1 1 1 1 1 1 1 1 1 1 1 1 1 1 1 1 1 1 1 1 1 1 1 1 1 1 1 1 1 1 1 1 1 1 1 1 1 1 1 1 1 1 1 1 1 1 1 1 1 1 1 1 1 1 1 1 1 1 1 1 1 1 1 1 1 1 1 1 1 1 1 1 1 1 1 1 1 1 1 1 1 1 1 1 1 1 1 1 1 1 1 1 1 1 1 1 1 1 1 1 1 1 1 1 1 1 1 1 1 1 1 1 1 1 1 1 1 1 1 1 1 1 1 1 1 1 1 1 1 1 1 1 1 1 1 1 1 1 1 1 1 1 1 1 1 1 1 1 1 1 1 1 1 1 1 1 1 1 1 1 1 1 1 1 1 1 1 1 1 1 1 1 1 1 1 1 1 1 1 1 1 1 1 1 1 1 1 1 1 1 1 1 1 1 1 1 1 1 1 1 1 1 1 1 1 1 1 1 1 1 1 1 1 1 1 1 1 1 1 1 1 1 1 1 1 1 1 1 1 1 1 1 1 1 1 1 1 1 1 1 1 1 1 1 1 1 1 1 1 1 1 1 1 1 1 1 1 1 1 1 1 1 1 1 1 1 1 1 1 1 1 1 1 1 1 1 1 1 1 1 1 1 1 1 1 1 1 1 1 1 1 1 1 1 1 1 1 1 1 1 1 1 1 1 1 1 1 1 1 1 1 1 1 1 1 1 1 1 1 1 1 1 1 1 1 1 1 1 1 1 1 1 1 1 1 1 1 1 1 1 1 1 1 1 1 1 1 1 1 1 1 1 1 1 1 1 1 1 1 1 1 1 1 1 1 1 1 1 1 1 1 1 1 1 1 1 1 1 1 1 1 1 1 1 1 1 1 1 1 1 1 1 1 1 1 1 1 1 1 1 1 1 1 1 1 1 1 1 1 1 1 1 1 1 1 1 1 1 1 1 1 1 1 1 1 1 1 1 1 1 1 1 1 1 1 1 1 1 1 1 1 1 1 1 1 1 1 1 1 1 1 1 1 1 1 1 1 1 1 1 1 1 1 1 1 1 1 1 1 1 1 1 1 1 1 1 1 1 1 1 1 1 1 1 1 1 1 1 1 1 1 1 1 1 1 1 1 1 1 1 1 1 1 1 1 1 1 1 1 1 1 1 1 1 1 1 1 1 1 1 1 1 1 1 1 1 1 1 1 1 1 1 1 1 1 1 1 1 1 1 1 1 1 1 1 1 1 1 1 1 1 1 1 1 1 1 1 1 1 1 1 1 1 1 1 1 1 1 1 1 1 1 1 1 1 1 1 1 1 1 1 1 1 1 1 1 1 1 1 1 1 1 1 1 1 1 1 1 1 1 1 1 1 1 1 1 1 1 1 1 1 1 1 1 1 1 1 1 1 1 1 1 1 1 1 1 1 1 1 1 1 1 1 1 1 1 1 1 1 1 1 1 1 1 1 1 1 1 1 1 1 1 1 1 1 1 1 1 1 1 1 1 1 1 1 1 1 1 1 1 1 1 1 1 1 1 1 1 1 1 1 1 1 1 1 1 1 1 1 1 1 1 1 1 1 1 1 1 1 1 1 1 1 1 1 1 1 1 1 1 1 1 1 1 1 1 1 1 1 1 1 1 1 1 1 1 1 1 1 1 1 1 1 1 1 1 1 1 1 1 1 1 1 1 1 1 1 1 1 1 1 1 1 1 1 1 1 1 1 1 1 1 1 1 1 1 1 1 1 1 1 1 1 1 1 1 1 1 1 1 1 1 1 1 1 1 1 1 1 1 1 1 1 1 1 1 1 1 1 1 1 1 1 1 1 1 1 1 1 1 1 1 1 1 1 1 1 1 1 1 1 1 1 1 1 1 1 1 1 1 1 1 1 1 1 1 1 1 1 1 1 1 1 1 1 1 1 1 1 1 1 1 1 1 1 1 1 1 1 1 1 1 1 1 1 1 1 1 1 1 1 1 1 1 1 1 1 1 1 1 1 1 1 1 1 1 1 1 1 1 1 1 1 1 1 1 1 1 1 1 1 1 1 1 1 1 1 1 1 1 1 1 1 1 1 1 1 1 1 1 1 1 1 1 1 1 1 1 1 1 1 1 1 1 1 1 1 1 1 1 1 1 1 1 1 1 1 1 1 1 1 1 1 1 1 1 1 1 1 1 1 1 1 1 1 1 1 1 1 1 1 1 1 1 1 1 1 1 1 1 1 1 1 1 1 1 1 1 1 1 1 1 1 1 1 1 1 1 1 1 1 1 1 1 1 1 1 1 1 1 1 1 1 1 1 1 1 1 1 1 1 1 1 1 1 1 1 1 1 1 1 1 1 1 1 1 1 1 1 1 1 1 1 1 1 1 1 1 1 1 1 1 1 1 1 1 1 1 1 1 1 1 1 1 1 1 1 1 1 1 1 1 1 1 1 1 1 1 1 1 1 1 1 1 1 1 1 1 1 1 1 1 1 1 1 1 1 1 1 1 1 1 1 1 1 1 1 1 1 1 1 1 1 1 1 1 1 1 1 1 1 1 1 1 1 1 1 1 1 1 1 1 1 1 1 1 1 1 1 1 1 1 1 1 1 1 1 1 1 1 1 1 1 1 1 1 1 1 1 1 1 1 1 1 1 1 1 1 1 1 1 1 1 1 1 1 1 1 1 1 1 1 1 1 1 1 1 1 1 1 1 1 1 1 1 1 1 1 1 1 1 1 1 1 1 1 1 1 1 1 1 1 1 1 1 1 1 1 1 1 1 1 1 1 1 1 1 1 1 1 1 1 1 1 1</float_array>
          <technique_common>
            <accessor source="#beyblade2loc-2026-09-10-18-44-41-897-mesh-colors-Col-array" count="3096" stride="4">
              <param name="R" type="float"/>
              <param name="G" type="float"/>
              <param name="B" type="float"/>
              <param name="A" type="float"/>
            </accessor>
          </technique_common>
        </source>
        <vertices id="beyblade2loc-2026-09-10-18-44-41-897-mesh-vertices">
          <input semantic="POSITION" source="#beyblade2loc-2026-09-10-18-44-41-897-mesh-positions"/>
        </vertices>
        <triangles material="NDS_Material_006-material" count="1032">
          <input semantic="VERTEX" source="#beyblade2loc-2026-09-10-18-44-41-897-mesh-vertices" offset="0"/>
          <input semantic="NORMAL" source="#beyblade2loc-2026-09-10-18-44-41-897-mesh-normals" offset="1"/>
          <input semantic="TEXCOORD" source="#beyblade2loc-2026-09-10-18-44-41-897-mesh-map-0" offset="2" set="0"/>
          <input semantic="COLOR" source="#beyblade2loc-2026-09-10-18-44-41-897-mesh-colors-Col" offset="3" set="0"/>
          <p>0 0 0 0 1 0 1 1 2 0 2 2 3 1 3 3 4 1 4 4 5 1 5 5 6 2 6 6 7 2 7 7 8 2 8 8 9 3 9 9 10 3 10 10 11 3 11 11 12 4 12 12 13 4 13 13 14 4 14 14 15 5 15 15 16 5 16 16 17 5 17 17 18 6 18 18 19 6 19 19 20 6 20 20 21 7 21 21 22 7 22 22 23 7 23 23 24 8 24 24 25 8 25 25 26 8 26 26 27 9 27 27 28 9 28 28 29 9 29 29 30 10 30 30 31 10 31 31 32 10 32 32 33 11 33 33 34 11 34 34 35 11 35 35 36 12 36 36 37 12 37 37 38 12 38 38 39 13 39 39 40 13 40 40 41 13 41 41 42 14 42 42 43 14 43 43 44 14 44 44 45 15 45 45 46 15 46 46 47 15 47 47 48 16 48 48 49 16 49 49 50 16 50 50 51 17 51 51 52 17 52 52 53 17 53 53 54 3 54 54 55 3 55 55 56 3 56 56 57 18 57 57 58 18 58 58 59 18 59 59 60 19 60 60 61 19 61 61 62 19 62 62 63 20 63 63 64 20 64 64 65 20 65 65 66 21 66 66 67 21 67 67 68 21 68 68 69 22 69 69 70 22 70 70 71 22 71 71 72 23 72 72 73 23 73 73 74 23 74 74 75 24 75 75 76 24 76 76 77 24 77 77 78 25 78 78 79 25 79 79 80 25 80 80 81 26 81 81 82 26 82 82 83 26 83 83 84 27 84 84 85 27 85 85 86 27 86 86 87 28 87 87 88 28 88 88 89 28 89 89 90 29 90 90 91 29 91 91 92 29 92 92 93 30 93 93 94 30 94 94 95 30 95 95 96 31 96 96 97 31 97 97 98 31 98 98 99 32 99 99 100 32 100 100 101 32 101 101 102 33 102 102 103 33 103 103 104 33 104 104 105 34 105 105 106 34 106 106 107 34 107 107 108 35 108 108 109 35 109 109 110 35 110 110 111 36 111 111 112 36 112 112 113 36 113 113 114 37 114 114 115 37 115 115 116 37 116 116 117 38 117 117 118 38 118 118 119 38 119 119 120 39 120 120 121 39 121 121 122 39 122 122 123 40 123 123 124 40 124 124 125 40 125 125 126 41 126 126 127 41 127 127 128 41 128 128 129 42 129 129 130 42 130 130 131 42 131 131 132 43 132 132 133 43 133 133 134 43 134 134 135 44 135 135 136 44 136 136 137 44 137 137 138 45 138 138 139 45 139 139 140 45 140 140 141 46 141 141 142 46 142 142 143 46 143 143 144 47 144 144 145 47 145 145 146 47 146 146 147 48 147 147 148 48 148 148 149 48 149 149 150 49 150 150 151 49 151 151 152 49 152 152 153 50 153 153 154 50 154 154 155 50 155 155 156 51 156 156 157 51 157 157 158 51 158 158 159 52 159 159 160 52 160 160 161 52 161 161 162 53 162 162 163 53 163 163 164 53 164 164 165 54 165 165 166 54 166 166 167 54 167 167 168 55 168 168 169 55 169 169 170 55 170 170 171 56 171 171 172 56 172 172 173 56 173 173 174 57 174 174 175 57 175 175 176 57 176 176 177 58 177 177 178 58 178 178 179 58 179 179 180 59 180 180 181 59 181 181 182 59 182 182 183 60 183 183 184 60 184 184 185 60 185 185 186 61 186 186 187 61 187 187 188 61 188 188 189 62 189 189 190 62 190 190 191 62 191 191 192 63 192 192 193 63 193 193 194 63 194 194 195 64 195 195 196 64 196 196 197 64 197 197 198 65 198 198 199 65 199 199 200 65 200 200 201 66 201 201 202 66 202 202 203 66 203 203 204 67 204 204 205 67 205 205 206 67 206 206 207 68 207 207 208 68 208 208 209 68 209 209 210 69 210 210 211 69 211 211 212 69 212 212 213 70 213 213 214 70 214 214 215 70 215 215 216 71 216 216 217 71 217 217 218 71 218 218 219 72 219 219 220 72 220 220 221 72 221 221 222 73 222 222 223 73 223 223 224 73 224 224 225 74 225 225 226 74 226 226 227 74 227 227 228 75 228 228 229 75 229 229 230 75 230 230 231 76 231 231 232 76 232 232 233 76 233 233 234 77 234 234 235 77 235 235 236 77 236 236 237 78 237 237 238 78 238 238 239 78 239 239 240 79 240 240 241 79 241 241 242 79 242 242 243 80 243 243 244 80 244 244 245 80 245 245 246 81 246 246 247 81 247 247 248 81 248 248 249 82 249 249 250 82 250 250 251 82 251 251 252 83 252 252 253 83 253 253 254 83 254 254 255 84 255 255 256 84 256 256 257 84 257 257 258 85 258 258 259 85 259 259 260 85 260 260 261 86 261 261 262 86 262 262 263 86 263 263 264 87 264 264 265 87 265 265 266 87 266 266 267 88 267 267 268 88 268 268 269 88 269 269 270 89 270 270 271 89 271 271 272 89 272 272 273 90 273 273 274 90 274 274 275 90 275 275 276 91 276 276 277 91 277 277 278 91 278 278 279 92 279 279 280 92 280 280 281 92 281 281 282 93 282 282 283 93 283 283 284 93 284 284 285 94 285 285 286 94 286 286 287 94 287 287 288 95 288 288 289 95 289 289 290 95 290 290 291 96 291 291 292 96 292 292 293 96 293 293 294 97 294 294 295 97 295 295 296 97 296 296 297 98 297 297 298 98 298 298 299 98 299 299 300 99 300 300 301 99 301 301 302 99 302 302 303 100 303 303 304 100 304 304 305 100 305 305 306 101 306 306 307 101 307 307 308 101 308 308 309 102 309 309 310 102 310 310 311 102 311 311 312 103 312 312 313 103 313 313 314 103 314 314 315 104 315 315 316 104 316 316 317 104 317 317 318 105 318 318 319 105 319 319 320 105 320 320 321 106 321 321 322 106 322 322 323 106 323 323 324 107 324 324 325 107 325 325 326 107 326 326 327 108 327 327 328 108 328 328 329 108 329 329 330 109 330 330 331 109 331 331 332 109 332 332 333 110 333 333 334 110 334 334 335 110 335 335 336 111 336 336 337 111 337 337 338 111 338 338 339 112 339 339 340 112 340 340 341 112 341 341 342 113 342 342 343 113 343 343 344 113 344 344 345 114 345 345 346 114 346 346 347 114 347 347 348 115 348 348 349 115 349 349 350 115 350 350 351 116 351 351 352 116 352 352 353 116 353 353 354 117 354 354 355 117 355 355 356 117 356 356 357 118 357 357 358 118 358 358 359 118 359 359 360 119 360 360 361 119 361 361 362 119 362 362 363 120 363 363 364 120 364 364 365 120 365 365 366 121 366 366 367 121 367 367 368 121 368 368 369 122 369 369 370 122 370 370 371 122 371 371 372 123 372 372 373 123 373 373 374 123 374 374 375 124 375 375 376 124 376 376 377 124 377 377 378 125 378 378 379 125 379 379 380 125 380 380 381 126 381 381 382 126 382 382 383 126 383 383 384 127 384 384 385 127 385 385 386 127 386 386 387 128 387 387 388 128 388 388 389 128 389 389 390 129 390 390 391 129 391 391 392 129 392 392 393 130 393 393 394 130 394 394 395 130 395 395 396 131 396 396 397 131 397 397 398 131 398 398 399 132 399 399 400 132 400 400 401 132 401 401 402 133 402 402 403 133 403 403 404 133 404 404 405 134 405 405 406 134 406 406 407 134 407 407 408 135 408 408 409 135 409 409 410 135 410 410 411 136 411 411 412 136 412 412 413 136 413 413 414 137 414 414 415 137 415 415 416 137 416 416 417 138 417 417 418 138 418 418 419 138 419 419 420 139 420 420 421 139 421 421 422 139 422 422 423 140 423 423 424 140 424 424 425 140 425 425 426 141 426 426 427 141 427 427 428 141 428 428 429 142 429 429 430 142 430 430 431 142 431 431 432 143 432 432 433 143 433 433 434 143 434 434 435 144 435 435 436 144 436 436 437 144 437 437 438 145 438 438 439 145 439 439 440 145 440 440 441 146 441 441 442 146 442 442 443 146 443 443 444 147 444 444 445 147 445 445 446 147 446 446 447 124 447 447 448 124 448 448 449 124 449 449 450 148 450 450 451 148 451 451 452 148 452 452 453 149 453 453 454 149 454 454 455 149 455 455 456 150 456 456 457 150 457 457 458 150 458 458 459 151 459 459 460 151 460 460 461 151 461 461 462 152 462 462 463 152 463 463 464 152 464 464 465 153 465 465 466 153 466 466 467 153 467 467 468 154 468 468 469 154 469 469 470 154 470 470 471 155 471 471 472 155 472 472 473 155 473 473 474 156 474 474 475 156 475 475 476 156 476 476 477 157 477 477 478 157 478 478 479 157 479 479 480 158 480 480 481 158 481 481 482 158 482 482 483 159 483 483 484 159 484 484 485 159 485 485 486 160 486 486 487 160 487 487 488 160 488 488 489 161 489 489 490 161 490 490 491 161 491 491 492 162 492 492 493 162 493 493 494 162 494 494 495 163 495 495 496 163 496 496 497 163 497 497 498 164 498 498 499 164 499 499 500 164 500 500 501 165 501 501 502 165 502 502 503 165 503 503 504 166 504 504 505 166 505 505 506 166 506 506 507 167 507 507 508 167 508 508 509 167 509 509 510 168 510 510 511 168 511 511 512 168 512 512 513 169 513 513 514 169 514 514 515 169 515 515 516 170 516 516 517 170 517 517 518 170 518 518 519 171 519 519 520 171 520 520 521 171 521 521 522 172 522 522 523 172 523 523 524 172 524 524 525 173 525 525 526 173 526 526 527 173 527 527 528 174 528 528 529 174 529 529 530 174 530 530 531 175 531 531 532 175 532 532 533 175 533 533 534 176 534 534 535 176 535 535 536 176 536 536 537 177 537 537 538 177 538 538 539 177 539 539 540 178 540 540 541 178 541 541 542 178 542 542 543 179 543 543 544 179 544 544 545 179 545 545 546 180 546 546 547 180 547 547 548 180 548 548 549 181 549 549 550 181 550 550 551 181 551 551 552 182 552 552 553 182 553 553 554 182 554 554 555 183 555 555 556 183 556 556 557 183 557 557 558 184 558 558 559 184 559 559 560 184 560 560 561 185 561 561 562 185 562 562 563 185 563 563 564 186 564 564 565 186 565 565 566 186 566 566 567 187 567 567 568 187 568 568 569 187 569 569 570 188 570 570 571 188 571 571 572 188 572 572 573 189 573 573 574 189 574 574 575 189 575 575 576 190 576 576 577 190 577 577 578 190 578 578 579 191 579 579 580 191 580 580 581 191 581 581 582 192 582 582 583 192 583 583 584 192 584 584 585 193 585 585 586 193 586 586 587 193 587 587 588 194 588 588 589 194 589 589 590 194 590 590 591 195 591 591 592 195 592 592 593 195 593 593 594 196 594 594 595 196 595 595 596 196 596 596 597 197 597 597 598 197 598 598 599 197 599 599 600 198 600 600 601 198 601 601 602 198 602 602 603 199 603 603 604 199 604 604 605 199 605 605 606 200 606 606 607 200 607 607 608 200 608 608 609 201 609 609 610 201 610 610 611 201 611 611 612 202 612 612 613 202 613 613 614 202 614 614 615 203 615 615 616 203 616 616 617 203 617 617 618 204 618 618 619 204 619 619 620 204 620 620 621 205 621 621 622 205 622 622 623 205 623 623 624 206 624 624 625 206 625 625 626 206 626 626 627 207 627 627 628 207 628 628 629 207 629 629 630 208 630 630 631 208 631 631 632 208 632 632 633 209 633 633 634 209 634 634 635 209 635 635 636 210 636 636 637 210 637 637 638 210 638 638 639 211 639 639 640 211 640 640 641 211 641 641 642 212 642 642 643 212 643 643 644 212 644 644 645 213 645 645 646 213 646 646 647 213 647 647 648 214 648 648 649 214 649 649 650 214 650 650 651 215 651 651 652 215 652 652 653 215 653 653 654 216 654 654 655 216 655 655 656 216 656 656 657 217 657 657 658 217 658 658 659 217 659 659 660 218 660 660 661 218 661 661 662 218 662 662 663 219 663 663 664 219 664 664 665 219 665 665 666 220 666 666 667 220 667 667 668 220 668 668 669 221 669 669 670 221 670 670 671 221 671 671 672 222 672 672 673 222 673 673 674 222 674 674 675 223 675 675 676 223 676 676 677 223 677 677 678 224 678 678 679 224 679 679 680 224 680 680 681 225 681 681 682 225 682 682 683 225 683 683 684 226 684 684 685 226 685 685 686 226 686 686 687 227 687 687 688 227 688 688 689 227 689 689 690 228 690 690 691 228 691 691 692 228 692 692 693 229 693 693 694 229 694 694 695 229 695 695 696 230 696 696 697 230 697 697 698 230 698 698 699 231 699 699 700 231 700 700 701 231 701 701 702 232 702 702 703 232 703 703 704 232 704 704 705 233 705 705 706 233 706 706 707 233 707 707 708 234 708 708 709 234 709 709 710 234 710 710 711 235 711 711 712 235 712 712 713 235 713 713 714 236 714 714 715 236 715 715 716 236 716 716 717 237 717 717 718 237 718 718 719 237 719 719 720 238 720 720 721 238 721 721 722 238 722 722 723 239 723 723 724 239 724 724 725 239 725 725 726 240 726 726 727 240 727 727 728 240 728 728 729 241 729 729 730 241 730 730 731 241 731 731 732 242 732 732 733 242 733 733 734 242 734 734 735 243 735 735 736 243 736 736 737 243 737 737 738 244 738 738 739 244 739 739 740 244 740 740 741 245 741 741 742 245 742 742 743 245 743 743 744 246 744 744 745 246 745 745 746 246 746 746 747 247 747 747 748 247 748 748 749 247 749 749 750 248 750 750 751 248 751 751 752 248 752 752 753 249 753 753 754 249 754 754 755 249 755 755 756 250 756 756 757 250 757 757 758 250 758 758 759 251 759 759 760 251 760 760 761 251 761 761 762 252 762 762 763 252 763 763 764 252 764 764 765 253 765 765 766 253 766 766 767 253 767 767 768 254 768 768 769 254 769 769 770 254 770 770 771 255 771 771 772 255 772 772 773 255 773 773 774 256 774 774 775 256 775 775 776 256 776 776 777 257 777 777 778 257 778 778 779 257 779 779 780 258 780 780 781 258 781 781 782 258 782 782 783 259 783 783 784 259 784 784 785 259 785 785 786 260 786 786 787 260 787 787 788 260 788 788 789 261 789 789 790 261 790 790 791 261 791 791 792 262 792 792 793 262 793 793 794 262 794 794 795 263 795 795 796 263 796 796 797 263 797 797 798 264 798 798 799 264 799 799 800 264 800 800 801 265 801 801 802 265 802 802 803 265 803 803 804 266 804 804 805 266 805 805 806 266 806 806 807 267 807 807 808 267 808 808 809 267 809 809 810 268 810 810 811 268 811 811 812 268 812 812 813 269 813 813 814 269 814 814 815 269 815 815 816 270 816 816 817 270 817 817 818 270 818 818 819 271 819 819 820 271 820 820 821 271 821 821 822 272 822 822 823 272 823 823 824 272 824 824 825 273 825 825 826 273 826 826 827 273 827 827 828 274 828 828 829 274 829 829 830 274 830 830 831 275 831 831 832 275 832 832 833 275 833 833 834 276 834 834 835 276 835 835 836 276 836 836 837 277 837 837 838 277 838 838 839 277 839 839 840 278 840 840 841 278 841 841 842 278 842 842 843 279 843 843 844 279 844 844 845 279 845 845 846 280 846 846 847 280 847 847 848 280 848 848 849 281 849 849 850 281 850 850 851 281 851 851 852 282 852 852 853 282 853 853 854 282 854 854 855 283 855 855 856 283 856 856 857 283 857 857 858 284 858 858 859 284 859 859 860 284 860 860 861 285 861 861 862 285 862 862 863 285 863 863 864 286 864 864 865 286 865 865 866 286 866 866 867 287 867 867 868 287 868 868 869 287 869 869 870 288 870 870 871 288 871 871 872 288 872 872 873 289 873 873 874 289 874 874 875 289 875 875 876 290 876 876 877 290 877 877 878 290 878 878 879 291 879 879 880 291 880 880 881 291 881 881 882 292 882 882 883 292 883 883 884 292 884 884 885 293 885 885 886 293 886 886 887 293 887 887 888 294 888 888 889 294 889 889 890 294 890 890 891 295 891 891 892 295 892 892 893 295 893 893 894 296 894 894 895 296 895 895 896 296 896 896 897 297 897 897 898 297 898 898 899 297 899 899 900 298 900 900 901 298 901 901 902 298 902 902 903 299 903 903 904 299 904 904 905 299 905 905 906 300 906 906 907 300 907 907 908 300 908 908 909 301 909 909 910 301 910 910 911 301 911 911 912 302 912 912 913 302 913 913 914 302 914 914 915 303 915 915 916 303 916 916 917 303 917 917 918 304 918 918 919 304 919 919 920 304 920 920 921 305 921 921 922 305 922 922 923 305 923 923 924 306 924 924 925 306 925 925 926 306 926 926 927 307 927 927 928 307 928 928 929 307 929 929 930 308 930 930 931 308 931 931 932 308 932 932 933 309 933 933 934 309 934 934 935 309 935 935 936 310 936 936 937 310 937 937 938 310 938 938 939 311 939 939 940 311 940 940 941 311 941 941 942 312 942 942 943 312 943 943 944 312 944 944 945 313 945 945 946 313 946 946 947 313 947 947 948 314 948 948 949 314 949 949 950 314 950 950 951 315 951 951 952 315 952 952 953 315 953 953 954 316 954 954 955 316 955 955 956 316 956 956 957 317 957 957 958 317 958 958 959 317 959 959 960 318 960 960 961 318 961 961 962 318 962 962 963 319 963 963 964 319 964 964 965 319 965 965 966 320 966 966 967 320 967 967 968 320 968 968 969 321 969 969 970 321 970 970 971 321 971 971 972 322 972 972 973 322 973 973 974 322 974 974 975 323 975 975 976 323 976 976 977 323 977 977 978 324 978 978 979 324 979 979 980 324 980 980 981 325 981 981 982 325 982 982 983 325 983 983 984 326 984 984 985 326 985 985 986 326 986 986 987 327 987 987 988 327 988 988 989 327 989 989 990 328 990 990 991 328 991 991 992 328 992 992 993 329 993 993 994 329 994 994 995 329 995 995 996 330 996 996 997 330 997 997 998 330 998 998 999 331 999 999 1000 331 1000 1000 1001 331 1001 1001 1002 332 1002 1002 1003 332 1003 1003 1004 332 1004 1004 1005 333 1005 1005 1006 333 1006 1006 1007 333 1007 1007 1008 334 1008 1008 1009 334 1009 1009 1010 334 1010 1010 1011 335 1011 1011 1012 335 1012 1012 1013 335 1013 1013 1014 336 1014 1014 1015 336 1015 1015 1016 336 1016 1016 1017 337 1017 1017 1018 337 1018 1018 1019 337 1019 1019 1020 338 1020 1020 1021 338 1021 1021 1022 338 1022 1022 1023 339 1023 1023 1024 339 1024 1024 1025 339 1025 1025 1026 340 1026 1026 1027 340 1027 1027 1028 340 1028 1028 1029 341 1029 1029 1030 341 1030 1030 1031 341 1031 1031 1032 342 1032 1032 1033 342 1033 1033 1034 342 1034 1034 1035 343 1035 1035 1036 343 1036 1036 1037 343 1037 1037 1038 344 1038 1038 1039 344 1039 1039 1040 344 1040 1040 1041 345 1041 1041 1042 345 1042 1042 1043 345 1043 1043 1044 346 1044 1044 1045 346 1045 1045 1046 346 1046 1046 1047 347 1047 1047 1048 347 1048 1048 1049 347 1049 1049 1050 348 1050 1050 1051 348 1051 1051 1052 348 1052 1052 1053 349 1053 1053 1054 349 1054 1054 1055 349 1055 1055 1056 350 1056 1056 1057 350 1057 1057 1058 350 1058 1058 1059 351 1059 1059 1060 351 1060 1060 1061 351 1061 1061 1062 352 1062 1062 1063 352 1063 1063 1064 352 1064 1064 1065 353 1065 1065 1066 353 1066 1066 1067 353 1067 1067 1068 354 1068 1068 1069 354 1069 1069 1070 354 1070 1070 1071 355 1071 1071 1072 355 1072 1072 1073 355 1073 1073 1074 356 1074 1074 1075 356 1075 1075 1076 356 1076 1076 1077 357 1077 1077 1078 357 1078 1078 1079 357 1079 1079 1080 358 1080 1080 1081 358 1081 1081 1082 358 1082 1082 1083 359 1083 1083 1084 359 1084 1084 1085 359 1085 1085 1086 360 1086 1086 1087 360 1087 1087 1088 360 1088 1088 1089 361 1089 1089 1090 361 1090 1090 1091 361 1091 1091 1092 362 1092 1092 1093 362 1093 1093 1094 362 1094 1094 1095 363 1095 1095 1096 363 1096 1096 1097 363 1097 1097 1098 364 1098 1098 1099 364 1099 1099 1100 364 1100 1100 1101 365 1101 1101 1102 365 1102 1102 1103 365 1103 1103 1104 366 1104 1104 1105 366 1105 1105 1106 366 1106 1106 1107 367 1107 1107 1108 367 1108 1108 1109 367 1109 1109 1110 368 1110 1110 1111 368 1111 1111 1112 368 1112 1112 1113 369 1113 1113 1114 369 1114 1114 1115 369 1115 1115 1116 370 1116 1116 1117 370 1117 1117 1118 370 1118 1118 1119 371 1119 1119 1120 371 1120 1120 1121 371 1121 1121 1122 372 1122 1122 1123 372 1123 1123 1124 372 1124 1124 1125 373 1125 1125 1126 373 1126 1126 1127 373 1127 1127 1128 374 1128 1128 1129 374 1129 1129 1130 374 1130 1130 1131 375 1131 1131 1132 375 1132 1132 1133 375 1133 1133 1134 376 1134 1134 1135 376 1135 1135 1136 376 1136 1136 1137 377 1137 1137 1138 377 1138 1138 1139 377 1139 1139 1140 378 1140 1140 1141 378 1141 1141 1142 378 1142 1142 1143 379 1143 1143 1144 379 1144 1144 1145 379 1145 1145 1146 380 1146 1146 1147 380 1147 1147 1148 380 1148 1148 1149 381 1149 1149 1150 381 1150 1150 1151 381 1151 1151 1152 382 1152 1152 1153 382 1153 1153 1154 382 1154 1154 1155 383 1155 1155 1156 383 1156 1156 1157 383 1157 1157 1158 384 1158 1158 1159 384 1159 1159 1160 384 1160 1160 1161 385 1161 1161 1162 385 1162 1162 1163 385 1163 1163 1164 386 1164 1164 1165 386 1165 1165 1166 386 1166 1166 1167 387 1167 1167 1168 387 1168 1168 1169 387 1169 1169 1170 388 1170 1170 1171 388 1171 1171 1172 388 1172 1172 1173 389 1173 1173 1174 389 1174 1174 1175 389 1175 1175 1176 390 1176 1176 1177 390 1177 1177 1178 390 1178 1178 1179 391 1179 1179 1180 391 1180 1180 1181 391 1181 1181 1182 392 1182 1182 1183 392 1183 1183 1184 392 1184 1184 1185 393 1185 1185 1186 393 1186 1186 1187 393 1187 1187 1188 394 1188 1188 1189 394 1189 1189 1190 394 1190 1190 1191 395 1191 1191 1192 395 1192 1192 1193 395 1193 1193 1194 396 1194 1194 1195 396 1195 1195 1196 396 1196 1196 1197 397 1197 1197 1198 397 1198 1198 1199 397 1199 1199 1200 398 1200 1200 1201 398 1201 1201 1202 398 1202 1202 1203 399 1203 1203 1204 399 1204 1204 1205 399 1205 1205 1206 400 1206 1206 1207 400 1207 1207 1208 400 1208 1208 1209 401 1209 1209 1210 401 1210 1210 1211 401 1211 1211 1212 402 1212 1212 1213 402 1213 1213 1214 402 1214 1214 1215 403 1215 1215 1216 403 1216 1216 1217 403 1217 1217 1218 404 1218 1218 1219 404 1219 1219 1220 404 1220 1220 1221 405 1221 1221 1222 405 1222 1222 1223 405 1223 1223 1224 406 1224 1224 1225 406 1225 1225 1226 406 1226 1226 1227 407 1227 1227 1228 407 1228 1228 1229 407 1229 1229 1230 408 1230 1230 1231 408 1231 1231 1232 408 1232 1232 1233 409 1233 1233 1234 409 1234 1234 1235 409 1235 1235 1236 410 1236 1236 1237 410 1237 1237 1238 410 1238 1238 1239 411 1239 1239 1240 411 1240 1240 1241 411 1241 1241 1242 412 1242 1242 1243 412 1243 1243 1244 412 1244 1244 1245 413 1245 1245 1246 413 1246 1246 1247 413 1247 1247 1248 414 1248 1248 1249 414 1249 1249 1250 414 1250 1250 1251 415 1251 1251 1252 415 1252 1252 1253 415 1253 1253 1254 416 1254 1254 1255 416 1255 1255 1256 416 1256 1256 1257 417 1257 1257 1258 417 1258 1258 1259 417 1259 1259 1260 418 1260 1260 1261 418 1261 1261 1262 418 1262 1262 1263 419 1263 1263 1264 419 1264 1264 1265 419 1265 1265 1266 420 1266 1266 1267 420 1267 1267 1268 420 1268 1268 1269 421 1269 1269 1270 421 1270 1270 1271 421 1271 1271 1272 422 1272 1272 1273 422 1273 1273 1274 422 1274 1274 1275 423 1275 1275 1276 423 1276 1276 1277 423 1277 1277 1278 424 1278 1278 1279 424 1279 1279 1280 424 1280 1280 1281 425 1281 1281 1282 425 1282 1282 1283 425 1283 1283 1284 426 1284 1284 1285 426 1285 1285 1286 426 1286 1286 1287 427 1287 1287 1288 427 1288 1288 1289 427 1289 1289 1290 428 1290 1290 1291 428 1291 1291 1292 428 1292 1292 1293 429 1293 1293 1294 429 1294 1294 1295 429 1295 1295 1296 430 1296 1296 1297 430 1297 1297 1298 430 1298 1298 1299 431 1299 1299 1300 431 1300 1300 1301 431 1301 1301 1302 432 1302 1302 1303 432 1303 1303 1304 432 1304 1304 1305 433 1305 1305 1306 433 1306 1306 1307 433 1307 1307 1308 434 1308 1308 1309 434 1309 1309 1310 434 1310 1310 1311 435 1311 1311 1312 435 1312 1312 1313 435 1313 1313 1314 436 1314 1314 1315 436 1315 1315 1316 436 1316 1316 1317 437 1317 1317 1318 437 1318 1318 1319 437 1319 1319 1320 438 1320 1320 1321 438 1321 1321 1322 438 1322 1322 1323 439 1323 1323 1324 439 1324 1324 1325 439 1325 1325 1326 440 1326 1326 1327 440 1327 1327 1328 440 1328 1328 1329 441 1329 1329 1330 441 1330 1330 1331 441 1331 1331 1332 442 1332 1332 1333 442 1333 1333 1334 442 1334 1334 1335 443 1335 1335 1336 443 1336 1336 1337 443 1337 1337 1338 444 1338 1338 1339 444 1339 1339 1340 444 1340 1340 1341 445 1341 1341 1342 445 1342 1342 1343 445 1343 1343 1344 446 1344 1344 1345 446 1345 1345 1346 446 1346 1346 1347 447 1347 1347 1348 447 1348 1348 1349 447 1349 1349 1350 448 1350 1350 1351 448 1351 1351 1352 448 1352 1352 1353 449 1353 1353 1354 449 1354 1354 1355 449 1355 1355 1356 450 1356 1356 1357 450 1357 1357 1358 450 1358 1358 1359 451 1359 1359 1360 451 1360 1360 1361 451 1361 1361 1362 452 1362 1362 1363 452 1363 1363 1364 452 1364 1364 1365 453 1365 1365 1366 453 1366 1366 1367 453 1367 1367 1368 454 1368 1368 1369 454 1369 1369 1370 454 1370 1370 1371 455 1371 1371 1372 455 1372 1372 1373 455 1373 1373 1374 456 1374 1374 1375 456 1375 1375 1376 456 1376 1376 1377 457 1377 1377 1378 457 1378 1378 1379 457 1379 1379 1380 458 1380 1380 1381 458 1381 1381 1382 458 1382 1382 1383 459 1383 1383 1384 459 1384 1384 1385 459 1385 1385 1386 460 1386 1386 1387 460 1387 1387 1388 460 1388 1388 1389 461 1389 1389 1390 461 1390 1390 1391 461 1391 1391 1392 462 1392 1392 1393 462 1393 1393 1394 462 1394 1394 1395 463 1395 1395 1396 463 1396 1396 1397 463 1397 1397 1398 464 1398 1398 1399 464 1399 1399 1400 464 1400 1400 1401 464 1401 1401 1402 464 1402 1402 1403 464 1403 1403 1404 465 1404 1404 1405 465 1405 1405 1406 465 1406 1406 1407 466 1407 1407 1408 466 1408 1408 1409 466 1409 1409 1410 467 1410 1410 1411 467 1411 1411 1412 467 1412 1412 1413 468 1413 1413 1414 468 1414 1414 1415 468 1415 1415 1416 469 1416 1416 1417 469 1417 1417 1418 469 1418 1418 1419 470 1419 1419 1420 470 1420 1420 1421 470 1421 1421 1422 471 1422 1422 1423 471 1423 1423 1424 471 1424 1424 1425 472 1425 1425 1426 472 1426 1426 1427 472 1427 1427 1428 473 1428 1428 1429 473 1429 1429 1430 473 1430 1430 1431 474 1431 1431 1432 474 1432 1432 1433 474 1433 1433 1434 475 1434 1434 1435 475 1435 1435 1436 475 1436 1436 1437 476 1437 1437 1438 476 1438 1438 1439 476 1439 1439 1440 477 1440 1440 1441 477 1441 1441 1442 477 1442 1442 1443 478 1443 1443 1444 478 1444 1444 1445 478 1445 1445 1446 479 1446 1446 1447 479 1447 1447 1448 479 1448 1448 1449 480 1449 1449 1450 480 1450 1450 1451 480 1451 1451 1452 481 1452 1452 1453 481 1453 1453 1454 481 1454 1454 1455 482 1455 1455 1456 482 1456 1456 1457 482 1457 1457 1458 483 1458 1458 1459 483 1459 1459 1460 483 1460 1460 1461 484 1461 1461 1462 484 1462 1462 1463 484 1463 1463 1464 485 1464 1464 1465 485 1465 1465 1466 485 1466 1466 1467 486 1467 1467 1468 486 1468 1468 1469 486 1469 1469 1470 487 1470 1470 1471 487 1471 1471 1472 487 1472 1472 1473 488 1473 1473 1474 488 1474 1474 1475 488 1475 1475 1476 489 1476 1476 1477 489 1477 1477 1478 489 1478 1478 1479 490 1479 1479 1480 490 1480 1480 1481 490 1481 1481 1482 491 1482 1482 1483 491 1483 1483 1484 491 1484 1484 1485 492 1485 1485 1486 492 1486 1486 1487 492 1487 1487 1488 493 1488 1488 1489 493 1489 1489 1490 493 1490 1490 1491 494 1491 1491 1492 494 1492 1492 1493 494 1493 1493 1494 495 1494 1494 1495 495 1495 1495 1496 495 1496 1496 1497 496 1497 1497 1498 496 1498 1498 1499 496 1499 1499 1500 497 1500 1500 1501 497 1501 1501 1502 497 1502 1502 1503 498 1503 1503 1504 498 1504 1504 1505 498 1505 1505 1506 499 1506 1506 1507 499 1507 1507 1508 499 1508 1508 1509 500 1509 1509 1510 500 1510 1510 1511 500 1511 1511 1512 501 1512 1512 1513 501 1513 1513 1514 501 1514 1514 1515 502 1515 1515 1516 502 1516 1516 1517 502 1517 1517 1518 503 1518 1518 1519 503 1519 1519 1520 503 1520 1520 1521 504 1521 1521 1522 504 1522 1522 1523 504 1523 1523 1524 505 1524 1524 1525 505 1525 1525 1526 505 1526 1526 1527 506 1527 1527 1528 506 1528 1528 1529 506 1529 1529 1530 507 1530 1530 1531 507 1531 1531 1532 507 1532 1532 1533 508 1533 1533 1534 508 1534 1534 1535 508 1535 1535 1536 509 1536 1536 1537 509 1537 1537 1538 509 1538 1538 1539 510 1539 1539 1540 510 1540 1540 1541 510 1541 1541 1542 511 1542 1542 1543 511 1543 1543 1544 511 1544 1544 1545 512 1545 1545 1546 512 1546 1546 1547 512 1547 1547 1548 513 1548 1548 1549 513 1549 1549 1550 513 1550 1550 1551 514 1551 1551 1552 514 1552 1552 1553 514 1553 1553 1554 515 1554 1554 1555 515 1555 1555 1556 515 1556 1556 1557 516 1557 1557 1558 516 1558 1558 1559 516 1559 1559 1560 517 1560 1560 1561 517 1561 1561 1562 517 1562 1562 1563 518 1563 1563 1564 518 1564 1564 1565 518 1565 1565 1566 519 1566 1566 1567 519 1567 1567 1568 519 1568 1568 1569 520 1569 1569 1570 520 1570 1570 1571 520 1571 1571 1572 521 1572 1572 1573 521 1573 1573 1574 521 1574 1574 1575 522 1575 1575 1576 522 1576 1576 1577 522 1577 1577 1578 523 1578 1578 1579 523 1579 1579 1580 523 1580 1580 1581 524 1581 1581 1582 524 1582 1582 1583 524 1583 1583 1584 525 1584 1584 1585 525 1585 1585 1586 525 1586 1586 1587 526 1587 1587 1588 526 1588 1588 1589 526 1589 1589 1590 527 1590 1590 1591 527 1591 1591 1592 527 1592 1592 1593 528 1593 1593 1594 528 1594 1594 1595 528 1595 1595 1596 529 1596 1596 1597 529 1597 1597 1598 529 1598 1598 1599 530 1599 1599 1600 530 1600 1600 1601 530 1601 1601 1602 531 1602 1602 1603 531 1603 1603 1604 531 1604 1604 1605 532 1605 1605 1606 532 1606 1606 1607 532 1607 1607 1608 533 1608 1608 1609 533 1609 1609 1610 533 1610 1610 1611 534 1611 1611 1612 534 1612 1612 1613 534 1613 1613 1614 535 1614 1614 1615 535 1615 1615 1616 535 1616 1616 1617 536 1617 1617 1618 536 1618 1618 1619 536 1619 1619 1620 537 1620 1620 1621 537 1621 1621 1622 537 1622 1622 1623 538 1623 1623 1624 538 1624 1624 1625 538 1625 1625 1626 539 1626 1626 1627 539 1627 1627 1628 539 1628 1628 1629 540 1629 1629 1630 540 1630 1630 1631 540 1631 1631 1632 541 1632 1632 1633 541 1633 1633 1634 541 1634 1634 1635 542 1635 1635 1636 542 1636 1636 1637 542 1637 1637 1638 543 1638 1638 1639 543 1639 1639 1640 543 1640 1640 1641 544 1641 1641 1642 544 1642 1642 1643 544 1643 1643 1644 545 1644 1644 1645 545 1645 1645 1646 545 1646 1646 1647 546 1647 1647 1648 546 1648 1648 1649 546 1649 1649 1650 547 1650 1650 1651 547 1651 1651 1652 547 1652 1652 1653 548 1653 1653 1654 548 1654 1654 1655 548 1655 1655 1656 549 1656 1656 1657 549 1657 1657 1658 549 1658 1658 1659 550 1659 1659 1660 550 1660 1660 1661 550 1661 1661 1662 551 1662 1662 1663 551 1663 1663 1664 551 1664 1664 1665 552 1665 1665 1666 552 1666 1666 1667 552 1667 1667 1668 553 1668 1668 1669 553 1669 1669 1670 553 1670 1670 1671 554 1671 1671 1672 554 1672 1672 1673 554 1673 1673 1674 555 1674 1674 1675 555 1675 1675 1676 555 1676 1676 1677 556 1677 1677 1678 556 1678 1678 1679 556 1679 1679 1680 557 1680 1680 1681 557 1681 1681 1682 557 1682 1682 1683 558 1683 1683 1684 558 1684 1684 1685 558 1685 1685 1686 559 1686 1686 1687 559 1687 1687 1688 559 1688 1688 1689 560 1689 1689 1690 560 1690 1690 1691 560 1691 1691 1692 561 1692 1692 1693 561 1693 1693 1694 561 1694 1694 1695 562 1695 1695 1696 562 1696 1696 1697 562 1697 1697 1698 563 1698 1698 1699 563 1699 1699 1700 563 1700 1700 1701 564 1701 1701 1702 564 1702 1702 1703 564 1703 1703 1704 565 1704 1704 1705 565 1705 1705 1706 565 1706 1706 1707 566 1707 1707 1708 566 1708 1708 1709 566 1709 1709 1710 567 1710 1710 1711 567 1711 1711 1712 567 1712 1712 1713 568 1713 1713 1714 568 1714 1714 1715 568 1715 1715 1716 569 1716 1716 1717 569 1717 1717 1718 569 1718 1718 1719 570 1719 1719 1720 570 1720 1720 1721 570 1721 1721 1722 571 1722 1722 1723 571 1723 1723 1724 571 1724 1724 1725 572 1725 1725 1726 572 1726 1726 1727 572 1727 1727 1728 573 1728 1728 1729 573 1729 1729 1730 573 1730 1730 1731 574 1731 1731 1732 574 1732 1732 1733 574 1733 1733 1734 575 1734 1734 1735 575 1735 1735 1736 575 1736 1736 1737 576 1737 1737 1738 576 1738 1738 1739 576 1739 1739 1740 577 1740 1740 1741 577 1741 1741 1742 577 1742 1742 1743 578 1743 1743 1744 578 1744 1744 1745 578 1745 1745 1746 579 1746 1746 1747 579 1747 1747 1748 579 1748 1748 1749 580 1749 1749 1750 580 1750 1750 1751 580 1751 1751 1752 581 1752 1752 1753 581 1753 1753 1754 581 1754 1754 1755 582 1755 1755 1756 582 1756 1756 1757 582 1757 1757 1758 583 1758 1758 1759 583 1759 1759 1760 583 1760 1760 1761 584 1761 1761 1762 584 1762 1762 1763 584 1763 1763 1764 585 1764 1764 1765 585 1765 1765 1766 585 1766 1766 1767 586 1767 1767 1768 586 1768 1768 1769 586 1769 1769 1770 587 1770 1770 1771 587 1771 1771 1772 587 1772 1772 1773 588 1773 1773 1774 588 1774 1774 1775 588 1775 1775 1776 589 1776 1776 1777 589 1777 1777 1778 589 1778 1778 1779 590 1779 1779 1780 590 1780 1780 1781 590 1781 1781 1782 591 1782 1782 1783 591 1783 1783 1784 591 1784 1784 1785 592 1785 1785 1786 592 1786 1786 1787 592 1787 1787 1788 593 1788 1788 1789 593 1789 1789 1790 593 1790 1790 1791 594 1791 1791 1792 594 1792 1792 1793 594 1793 1793 1794 595 1794 1794 1795 595 1795 1795 1796 595 1796 1796 1797 596 1797 1797 1798 596 1798 1798 1799 596 1799 1799 1800 597 1800 1800 1801 597 1801 1801 1802 597 1802 1802 1803 598 1803 1803 1804 598 1804 1804 1805 598 1805 1805 1806 599 1806 1806 1807 599 1807 1807 1808 599 1808 1808 1809 600 1809 1809 1810 600 1810 1810 1811 600 1811 1811 1812 601 1812 1812 1813 601 1813 1813 1814 601 1814 1814 1815 602 1815 1815 1816 602 1816 1816 1817 602 1817 1817 1818 603 1818 1818 1819 603 1819 1819 1820 603 1820 1820 1821 604 1821 1821 1822 604 1822 1822 1823 604 1823 1823 1824 605 1824 1824 1825 605 1825 1825 1826 605 1826 1826 1827 606 1827 1827 1828 606 1828 1828 1829 606 1829 1829 1830 607 1830 1830 1831 607 1831 1831 1832 607 1832 1832 1833 608 1833 1833 1834 608 1834 1834 1835 608 1835 1835 1836 609 1836 1836 1837 609 1837 1837 1838 609 1838 1838 1839 610 1839 1839 1840 610 1840 1840 1841 610 1841 1841 1842 611 1842 1842 1843 611 1843 1843 1844 611 1844 1844 1845 612 1845 1845 1846 612 1846 1846 1847 612 1847 1847 1848 613 1848 1848 1849 613 1849 1849 1850 613 1850 1850 1851 614 1851 1851 1852 614 1852 1852 1853 614 1853 1853 1854 615 1854 1854 1855 615 1855 1855 1856 615 1856 1856 1857 616 1857 1857 1858 616 1858 1858 1859 616 1859 1859 1860 617 1860 1860 1861 617 1861 1861 1862 617 1862 1862 1863 618 1863 1863 1864 618 1864 1864 1865 618 1865 1865 1866 619 1866 1866 1867 619 1867 1867 1868 619 1868 1868 1869 620 1869 1869 1870 620 1870 1870 1871 620 1871 1871 1872 621 1872 1872 1873 621 1873 1873 1874 621 1874 1874 1875 622 1875 1875 1876 622 1876 1876 1877 622 1877 1877 1878 623 1878 1878 1879 623 1879 1879 1880 623 1880 1880 1881 624 1881 1881 1882 624 1882 1882 1883 624 1883 1883 1884 625 1884 1884 1885 625 1885 1885 1886 625 1886 1886 1887 626 1887 1887 1888 626 1888 1888 1889 626 1889 1889 1890 627 1890 1890 1891 627 1891 1891 1892 627 1892 1892 1893 628 1893 1893 1894 628 1894 1894 1895 628 1895 1895 1896 629 1896 1896 1897 629 1897 1897 1898 629 1898 1898 1899 630 1899 1899 1900 630 1900 1900 1901 630 1901 1901 1902 631 1902 1902 1903 631 1903 1903 1904 631 1904 1904 1905 632 1905 1905 1906 632 1906 1906 1907 632 1907 1907 1908 633 1908 1908 1909 633 1909 1909 1910 633 1910 1910 1911 634 1911 1911 1912 634 1912 1912 1913 634 1913 1913 1914 635 1914 1914 1915 635 1915 1915 1916 635 1916 1916 1917 636 1917 1917 1918 636 1918 1918 1919 636 1919 1919 1920 637 1920 1920 1921 637 1921 1921 1922 637 1922 1922 1923 638 1923 1923 1924 638 1924 1924 1925 638 1925 1925 1926 639 1926 1926 1927 639 1927 1927 1928 639 1928 1928 1929 640 1929 1929 1930 640 1930 1930 1931 640 1931 1931 1932 641 1932 1932 1933 641 1933 1933 1934 641 1934 1934 1935 642 1935 1935 1936 642 1936 1936 1937 642 1937 1937 1938 643 1938 1938 1939 643 1939 1939 1940 643 1940 1940 1941 644 1941 1941 1942 644 1942 1942 1943 644 1943 1943 1944 645 1944 1944 1945 645 1945 1945 1946 645 1946 1946 1947 646 1947 1947 1948 646 1948 1948 1949 646 1949 1949 1950 647 1950 1950 1951 647 1951 1951 1952 647 1952 1952 1953 648 1953 1953 1954 648 1954 1954 1955 648 1955 1955 1956 649 1956 1956 1957 649 1957 1957 1958 649 1958 1958 1959 650 1959 1959 1960 650 1960 1960 1961 650 1961 1961 1962 651 1962 1962 1963 651 1963 1963 1964 651 1964 1964 1965 652 1965 1965 1966 652 1966 1966 1967 652 1967 1967 1968 653 1968 1968 1969 653 1969 1969 1970 653 1970 1970 1971 654 1971 1971 1972 654 1972 1972 1973 654 1973 1973 1974 655 1974 1974 1975 655 1975 1975 1976 655 1976 1976 1977 656 1977 1977 1978 656 1978 1978 1979 656 1979 1979 1980 657 1980 1980 1981 657 1981 1981 1982 657 1982 1982 1983 658 1983 1983 1984 658 1984 1984 1985 658 1985 1985 1986 659 1986 1986 1987 659 1987 1987 1988 659 1988 1988 1989 660 1989 1989 1990 660 1990 1990 1991 660 1991 1991 1992 661 1992 1992 1993 661 1993 1993 1994 661 1994 1994 1995 662 1995 1995 1996 662 1996 1996 1997 662 1997 1997 1998 663 1998 1998 1999 663 1999 1999 2000 663 2000 2000 2001 664 2001 2001 2002 664 2002 2002 2003 664 2003 2003 2004 665 2004 2004 2005 665 2005 2005 2006 665 2006 2006 2007 666 2007 2007 2008 666 2008 2008 2009 666 2009 2009 2010 667 2010 2010 2011 667 2011 2011 2012 667 2012 2012 2013 668 2013 2013 2014 668 2014 2014 2015 668 2015 2015 2016 669 2016 2016 2017 669 2017 2017 2018 669 2018 2018 2019 670 2019 2019 2020 670 2020 2020 2021 670 2021 2021 2022 671 2022 2022 2023 671 2023 2023 2024 671 2024 2024 2025 672 2025 2025 2026 672 2026 2026 2027 672 2027 2027 2028 673 2028 2028 2029 673 2029 2029 2030 673 2030 2030 2031 674 2031 2031 2032 674 2032 2032 2033 674 2033 2033 2034 675 2034 2034 2035 675 2035 2035 2036 675 2036 2036 2037 676 2037 2037 2038 676 2038 2038 2039 676 2039 2039 2040 677 2040 2040 2041 677 2041 2041 2042 677 2042 2042 2043 678 2043 2043 2044 678 2044 2044 2045 678 2045 2045 2046 679 2046 2046 2047 679 2047 2047 2048 679 2048 2048 2049 680 2049 2049 2050 680 2050 2050 2051 680 2051 2051 2052 681 2052 2052 2053 681 2053 2053 2054 681 2054 2054 2055 682 2055 2055 2056 682 2056 2056 2057 682 2057 2057 2058 683 2058 2058 2059 683 2059 2059 2060 683 2060 2060 2061 684 2061 2061 2062 684 2062 2062 2063 684 2063 2063 2064 685 2064 2064 2065 685 2065 2065 2066 685 2066 2066 2067 686 2067 2067 2068 686 2068 2068 2069 686 2069 2069 2070 687 2070 2070 2071 687 2071 2071 2072 687 2072 2072 2073 688 2073 2073 2074 688 2074 2074 2075 688 2075 2075 2076 689 2076 2076 2077 689 2077 2077 2078 689 2078 2078 2079 690 2079 2079 2080 690 2080 2080 2081 690 2081 2081 2082 691 2082 2082 2083 691 2083 2083 2084 691 2084 2084 2085 692 2085 2085 2086 692 2086 2086 2087 692 2087 2087 2088 693 2088 2088 2089 693 2089 2089 2090 693 2090 2090 2091 694 2091 2091 2092 694 2092 2092 2093 694 2093 2093 2094 695 2094 2094 2095 695 2095 2095 2096 695 2096 2096 2097 696 2097 2097 2098 696 2098 2098 2099 696 2099 2099 2100 697 2100 2100 2101 697 2101 2101 2102 697 2102 2102 2103 698 2103 2103 2104 698 2104 2104 2105 698 2105 2105 2106 699 2106 2106 2107 699 2107 2107 2108 699 2108 2108 2109 700 2109 2109 2110 700 2110 2110 2111 700 2111 2111 2112 701 2112 2112 2113 701 2113 2113 2114 701 2114 2114 2115 702 2115 2115 2116 702 2116 2116 2117 702 2117 2117 2118 703 2118 2118 2119 703 2119 2119 2120 703 2120 2120 2121 704 2121 2121 2122 704 2122 2122 2123 704 2123 2123 2124 705 2124 2124 2125 705 2125 2125 2126 705 2126 2126 2127 706 2127 2127 2128 706 2128 2128 2129 706 2129 2129 2130 707 2130 2130 2131 707 2131 2131 2132 707 2132 2132 2133 708 2133 2133 2134 708 2134 2134 2135 708 2135 2135 2136 709 2136 2136 2137 709 2137 2137 2138 709 2138 2138 2139 710 2139 2139 2140 710 2140 2140 2141 710 2141 2141 2142 711 2142 2142 2143 711 2143 2143 2144 711 2144 2144 2145 712 2145 2145 2146 712 2146 2146 2147 712 2147 2147 2148 713 2148 2148 2149 713 2149 2149 2150 713 2150 2150 2151 714 2151 2151 2152 714 2152 2152 2153 714 2153 2153 2154 715 2154 2154 2155 715 2155 2155 2156 715 2156 2156 2157 716 2157 2157 2158 716 2158 2158 2159 716 2159 2159 2160 717 2160 2160 2161 717 2161 2161 2162 717 2162 2162 2163 718 2163 2163 2164 718 2164 2164 2165 718 2165 2165 2166 719 2166 2166 2167 719 2167 2167 2168 719 2168 2168 2169 720 2169 2169 2170 720 2170 2170 2171 720 2171 2171 2172 721 2172 2172 2173 721 2173 2173 2174 721 2174 2174 2175 722 2175 2175 2176 722 2176 2176 2177 722 2177 2177 2178 723 2178 2178 2179 723 2179 2179 2180 723 2180 2180 2181 724 2181 2181 2182 724 2182 2182 2183 724 2183 2183 2184 725 2184 2184 2185 725 2185 2185 2186 725 2186 2186 2187 726 2187 2187 2188 726 2188 2188 2189 726 2189 2189 2190 727 2190 2190 2191 727 2191 2191 2192 727 2192 2192 2193 728 2193 2193 2194 728 2194 2194 2195 728 2195 2195 2196 729 2196 2196 2197 729 2197 2197 2198 729 2198 2198 2199 730 2199 2199 2200 730 2200 2200 2201 730 2201 2201 2202 731 2202 2202 2203 731 2203 2203 2204 731 2204 2204 2205 732 2205 2205 2206 732 2206 2206 2207 732 2207 2207 2208 733 2208 2208 2209 733 2209 2209 2210 733 2210 2210 2211 734 2211 2211 2212 734 2212 2212 2213 734 2213 2213 2214 735 2214 2214 2215 735 2215 2215 2216 735 2216 2216 2217 736 2217 2217 2218 736 2218 2218 2219 736 2219 2219 2220 737 2220 2220 2221 737 2221 2221 2222 737 2222 2222 2223 738 2223 2223 2224 738 2224 2224 2225 738 2225 2225 2226 739 2226 2226 2227 739 2227 2227 2228 739 2228 2228 2229 740 2229 2229 2230 740 2230 2230 2231 740 2231 2231 2232 741 2232 2232 2233 741 2233 2233 2234 741 2234 2234 2235 742 2235 2235 2236 742 2236 2236 2237 742 2237 2237 2238 743 2238 2238 2239 743 2239 2239 2240 743 2240 2240 2241 744 2241 2241 2242 744 2242 2242 2243 744 2243 2243 2244 745 2244 2244 2245 745 2245 2245 2246 745 2246 2246 2247 746 2247 2247 2248 746 2248 2248 2249 746 2249 2249 2250 747 2250 2250 2251 747 2251 2251 2252 747 2252 2252 2253 748 2253 2253 2254 748 2254 2254 2255 748 2255 2255 2256 749 2256 2256 2257 749 2257 2257 2258 749 2258 2258 2259 750 2259 2259 2260 750 2260 2260 2261 750 2261 2261 2262 751 2262 2262 2263 751 2263 2263 2264 751 2264 2264 2265 752 2265 2265 2266 752 2266 2266 2267 752 2267 2267 2268 753 2268 2268 2269 753 2269 2269 2270 753 2270 2270 2271 754 2271 2271 2272 754 2272 2272 2273 754 2273 2273 2274 755 2274 2274 2275 755 2275 2275 2276 755 2276 2276 2277 756 2277 2277 2278 756 2278 2278 2279 756 2279 2279 2280 757 2280 2280 2281 757 2281 2281 2282 757 2282 2282 2283 758 2283 2283 2284 758 2284 2284 2285 758 2285 2285 2286 759 2286 2286 2287 759 2287 2287 2288 759 2288 2288 2289 760 2289 2289 2290 760 2290 2290 2291 760 2291 2291 2292 761 2292 2292 2293 761 2293 2293 2294 761 2294 2294 2295 762 2295 2295 2296 762 2296 2296 2297 762 2297 2297 2298 763 2298 2298 2299 763 2299 2299 2300 763 2300 2300 2301 764 2301 2301 2302 764 2302 2302 2303 764 2303 2303 2304 765 2304 2304 2305 765 2305 2305 2306 765 2306 2306 2307 766 2307 2307 2308 766 2308 2308 2309 766 2309 2309 2310 767 2310 2310 2311 767 2311 2311 2312 767 2312 2312 2313 768 2313 2313 2314 768 2314 2314 2315 768 2315 2315 2316 769 2316 2316 2317 769 2317 2317 2318 769 2318 2318 2319 770 2319 2319 2320 770 2320 2320 2321 770 2321 2321 2322 771 2322 2322 2323 771 2323 2323 2324 771 2324 2324 2325 772 2325 2325 2326 772 2326 2326 2327 772 2327 2327 2328 773 2328 2328 2329 773 2329 2329 2330 773 2330 2330 2331 774 2331 2331 2332 774 2332 2332 2333 774 2333 2333 2334 775 2334 2334 2335 775 2335 2335 2336 775 2336 2336 2337 776 2337 2337 2338 776 2338 2338 2339 776 2339 2339 2340 777 2340 2340 2341 777 2341 2341 2342 777 2342 2342 2343 778 2343 2343 2344 778 2344 2344 2345 778 2345 2345 2346 779 2346 2346 2347 779 2347 2347 2348 779 2348 2348 2349 780 2349 2349 2350 780 2350 2350 2351 780 2351 2351 2352 781 2352 2352 2353 781 2353 2353 2354 781 2354 2354 2355 782 2355 2355 2356 782 2356 2356 2357 782 2357 2357 2358 783 2358 2358 2359 783 2359 2359 2360 783 2360 2360 2361 784 2361 2361 2362 784 2362 2362 2363 784 2363 2363 2364 785 2364 2364 2365 785 2365 2365 2366 785 2366 2366 2367 786 2367 2367 2368 786 2368 2368 2369 786 2369 2369 2370 787 2370 2370 2371 787 2371 2371 2372 787 2372 2372 2373 788 2373 2373 2374 788 2374 2374 2375 788 2375 2375 2376 789 2376 2376 2377 789 2377 2377 2378 789 2378 2378 2379 790 2379 2379 2380 790 2380 2380 2381 790 2381 2381 2382 791 2382 2382 2383 791 2383 2383 2384 791 2384 2384 2385 792 2385 2385 2386 792 2386 2386 2387 792 2387 2387 2388 793 2388 2388 2389 793 2389 2389 2390 793 2390 2390 2391 794 2391 2391 2392 794 2392 2392 2393 794 2393 2393 2394 795 2394 2394 2395 795 2395 2395 2396 795 2396 2396 2397 796 2397 2397 2398 796 2398 2398 2399 796 2399 2399 2400 797 2400 2400 2401 797 2401 2401 2402 797 2402 2402 2403 798 2403 2403 2404 798 2404 2404 2405 798 2405 2405 2406 799 2406 2406 2407 799 2407 2407 2408 799 2408 2408 2409 800 2409 2409 2410 800 2410 2410 2411 800 2411 2411 2412 801 2412 2412 2413 801 2413 2413 2414 801 2414 2414 2415 802 2415 2415 2416 802 2416 2416 2417 802 2417 2417 2418 803 2418 2418 2419 803 2419 2419 2420 803 2420 2420 2421 804 2421 2421 2422 804 2422 2422 2423 804 2423 2423 2424 805 2424 2424 2425 805 2425 2425 2426 805 2426 2426 2427 806 2427 2427 2428 806 2428 2428 2429 806 2429 2429 2430 807 2430 2430 2431 807 2431 2431 2432 807 2432 2432 2433 808 2433 2433 2434 808 2434 2434 2435 808 2435 2435 2436 809 2436 2436 2437 809 2437 2437 2438 809 2438 2438 2439 810 2439 2439 2440 810 2440 2440 2441 810 2441 2441 2442 811 2442 2442 2443 811 2443 2443 2444 811 2444 2444 2445 812 2445 2445 2446 812 2446 2446 2447 812 2447 2447 2448 813 2448 2448 2449 813 2449 2449 2450 813 2450 2450 2451 814 2451 2451 2452 814 2452 2452 2453 814 2453 2453 2454 815 2454 2454 2455 815 2455 2455 2456 815 2456 2456 2457 816 2457 2457 2458 816 2458 2458 2459 816 2459 2459 2460 817 2460 2460 2461 817 2461 2461 2462 817 2462 2462 2463 818 2463 2463 2464 818 2464 2464 2465 818 2465 2465 2466 819 2466 2466 2467 819 2467 2467 2468 819 2468 2468 2469 820 2469 2469 2470 820 2470 2470 2471 820 2471 2471 2472 821 2472 2472 2473 821 2473 2473 2474 821 2474 2474 2475 822 2475 2475 2476 822 2476 2476 2477 822 2477 2477 2478 823 2478 2478 2479 823 2479 2479 2480 823 2480 2480 2481 824 2481 2481 2482 824 2482 2482 2483 824 2483 2483 2484 825 2484 2484 2485 825 2485 2485 2486 825 2486 2486 2487 826 2487 2487 2488 826 2488 2488 2489 826 2489 2489 2490 827 2490 2490 2491 827 2491 2491 2492 827 2492 2492 2493 828 2493 2493 2494 828 2494 2494 2495 828 2495 2495 2496 829 2496 2496 2497 829 2497 2497 2498 829 2498 2498 2499 830 2499 2499 2500 830 2500 2500 2501 830 2501 2501 2502 831 2502 2502 2503 831 2503 2503 2504 831 2504 2504 2505 832 2505 2505 2506 832 2506 2506 2507 832 2507 2507 2508 833 2508 2508 2509 833 2509 2509 2510 833 2510 2510 2511 834 2511 2511 2512 834 2512 2512 2513 834 2513 2513 2514 835 2514 2514 2515 835 2515 2515 2516 835 2516 2516 2517 836 2517 2517 2518 836 2518 2518 2519 836 2519 2519 2520 837 2520 2520 2521 837 2521 2521 2522 837 2522 2522 2523 838 2523 2523 2524 838 2524 2524 2525 838 2525 2525 2526 839 2526 2526 2527 839 2527 2527 2528 839 2528 2528 2529 840 2529 2529 2530 840 2530 2530 2531 840 2531 2531 2532 841 2532 2532 2533 841 2533 2533 2534 841 2534 2534 2535 842 2535 2535 2536 842 2536 2536 2537 842 2537 2537 2538 843 2538 2538 2539 843 2539 2539 2540 843 2540 2540 2541 844 2541 2541 2542 844 2542 2542 2543 844 2543 2543 2544 845 2544 2544 2545 845 2545 2545 2546 845 2546 2546 2547 846 2547 2547 2548 846 2548 2548 2549 846 2549 2549 2550 847 2550 2550 2551 847 2551 2551 2552 847 2552 2552 2553 848 2553 2553 2554 848 2554 2554 2555 848 2555 2555 2556 849 2556 2556 2557 849 2557 2557 2558 849 2558 2558 2559 850 2559 2559 2560 850 2560 2560 2561 850 2561 2561 2562 851 2562 2562 2563 851 2563 2563 2564 851 2564 2564 2565 852 2565 2565 2566 852 2566 2566 2567 852 2567 2567 2568 853 2568 2568 2569 853 2569 2569 2570 853 2570 2570 2571 854 2571 2571 2572 854 2572 2572 2573 854 2573 2573 2574 855 2574 2574 2575 855 2575 2575 2576 855 2576 2576 2577 856 2577 2577 2578 856 2578 2578 2579 856 2579 2579 2580 857 2580 2580 2581 857 2581 2581 2582 857 2582 2582 2583 858 2583 2583 2584 858 2584 2584 2585 858 2585 2585 2586 859 2586 2586 2587 859 2587 2587 2588 859 2588 2588 2589 860 2589 2589 2590 860 2590 2590 2591 860 2591 2591 2592 861 2592 2592 2593 861 2593 2593 2594 861 2594 2594 2595 862 2595 2595 2596 862 2596 2596 2597 862 2597 2597 2598 863 2598 2598 2599 863 2599 2599 2600 863 2600 2600 2601 864 2601 2601 2602 864 2602 2602 2603 864 2603 2603 2604 835 2604 2604 2605 835 2605 2605 2606 835 2606 2606 2607 865 2607 2607 2608 865 2608 2608 2609 865 2609 2609 2610 849 2610 2610 2611 849 2611 2611 2612 849 2612 2612 2613 866 2613 2613 2614 866 2614 2614 2615 866 2615 2615 2616 867 2616 2616 2617 867 2617 2617 2618 867 2618 2618 2619 868 2619 2619 2620 868 2620 2620 2621 868 2621 2621 2622 869 2622 2622 2623 869 2623 2623 2624 869 2624 2624 2625 870 2625 2625 2626 870 2626 2626 2627 870 2627 2627 2628 871 2628 2628 2629 871 2629 2629 2630 871 2630 2630 2631 872 2631 2631 2632 872 2632 2632 2633 872 2633 2633 2634 873 2634 2634 2635 873 2635 2635 2636 873 2636 2636 2637 874 2637 2637 2638 874 2638 2638 2639 874 2639 2639 2640 875 2640 2640 2641 875 2641 2641 2642 875 2642 2642 2643 876 2643 2643 2644 876 2644 2644 2645 876 2645 2645 2646 877 2646 2646 2647 877 2647 2647 2648 877 2648 2648 2649 878 2649 2649 2650 878 2650 2650 2651 878 2651 2651 2652 879 2652 2652 2653 879 2653 2653 2654 879 2654 2654 2655 880 2655 2655 2656 880 2656 2656 2657 880 2657 2657 2658 881 2658 2658 2659 881 2659 2659 2660 881 2660 2660 2661 882 2661 2661 2662 882 2662 2662 2663 882 2663 2663 2664 883 2664 2664 2665 883 2665 2665 2666 883 2666 2666 2667 884 2667 2667 2668 884 2668 2668 2669 884 2669 2669 2670 885 2670 2670 2671 885 2671 2671 2672 885 2672 2672 2673 886 2673 2673 2674 886 2674 2674 2675 886 2675 2675 2676 887 2676 2676 2677 887 2677 2677 2678 887 2678 2678 2679 888 2679 2679 2680 888 2680 2680 2681 888 2681 2681 2682 889 2682 2682 2683 889 2683 2683 2684 889 2684 2684 2685 890 2685 2685 2686 890 2686 2686 2687 890 2687 2687 2688 891 2688 2688 2689 891 2689 2689 2690 891 2690 2690 2691 892 2691 2691 2692 892 2692 2692 2693 892 2693 2693 2694 893 2694 2694 2695 893 2695 2695 2696 893 2696 2696 2697 894 2697 2697 2698 894 2698 2698 2699 894 2699 2699 2700 895 2700 2700 2701 895 2701 2701 2702 895 2702 2702 2703 896 2703 2703 2704 896 2704 2704 2705 896 2705 2705 2706 897 2706 2706 2707 897 2707 2707 2708 897 2708 2708 2709 898 2709 2709 2710 898 2710 2710 2711 898 2711 2711 2712 899 2712 2712 2713 899 2713 2713 2714 899 2714 2714 2715 900 2715 2715 2716 900 2716 2716 2717 900 2717 2717 2718 901 2718 2718 2719 901 2719 2719 2720 901 2720 2720 2721 902 2721 2721 2722 902 2722 2722 2723 902 2723 2723 2724 903 2724 2724 2725 903 2725 2725 2726 903 2726 2726 2727 903 2727 2727 2728 903 2728 2728 2729 903 2729 2729 2730 904 2730 2730 2731 904 2731 2731 2732 904 2732 2732 2733 905 2733 2733 2734 905 2734 2734 2735 905 2735 2735 2736 906 2736 2736 2737 906 2737 2737 2738 906 2738 2738 2739 907 2739 2739 2740 907 2740 2740 2741 907 2741 2741 2742 908 2742 2742 2743 908 2743 2743 2744 908 2744 2744 2745 909 2745 2745 2746 909 2746 2746 2747 909 2747 2747 2748 910 2748 2748 2749 910 2749 2749 2750 910 2750 2750 2751 911 2751 2751 2752 911 2752 2752 2753 911 2753 2753 2754 912 2754 2754 2755 912 2755 2755 2756 912 2756 2756 2757 913 2757 2757 2758 913 2758 2758 2759 913 2759 2759 2760 914 2760 2760 2761 914 2761 2761 2762 914 2762 2762 2763 915 2763 2763 2764 915 2764 2764 2765 915 2765 2765 2766 916 2766 2766 2767 916 2767 2767 2768 916 2768 2768 2769 917 2769 2769 2770 917 2770 2770 2771 917 2771 2771 2772 918 2772 2772 2773 918 2773 2773 2774 918 2774 2774 2775 919 2775 2775 2776 919 2776 2776 2777 919 2777 2777 2778 920 2778 2778 2779 920 2779 2779 2780 920 2780 2780 2781 921 2781 2781 2782 921 2782 2782 2783 921 2783 2783 2784 922 2784 2784 2785 922 2785 2785 2786 922 2786 2786 2787 923 2787 2787 2788 923 2788 2788 2789 923 2789 2789 2790 924 2790 2790 2791 924 2791 2791 2792 924 2792 2792 2793 925 2793 2793 2794 925 2794 2794 2795 925 2795 2795 2796 926 2796 2796 2797 926 2797 2797 2798 926 2798 2798 2799 927 2799 2799 2800 927 2800 2800 2801 927 2801 2801 2802 928 2802 2802 2803 928 2803 2803 2804 928 2804 2804 2805 929 2805 2805 2806 929 2806 2806 2807 929 2807 2807 2808 930 2808 2808 2809 930 2809 2809 2810 930 2810 2810 2811 931 2811 2811 2812 931 2812 2812 2813 931 2813 2813 2814 932 2814 2814 2815 932 2815 2815 2816 932 2816 2816 2817 933 2817 2817 2818 933 2818 2818 2819 933 2819 2819 2820 934 2820 2820 2821 934 2821 2821 2822 934 2822 2822 2823 935 2823 2823 2824 935 2824 2824 2825 935 2825 2825 2826 936 2826 2826 2827 936 2827 2827 2828 936 2828 2828 2829 937 2829 2829 2830 937 2830 2830 2831 937 2831 2831 2832 938 2832 2832 2833 938 2833 2833 2834 938 2834 2834 2835 939 2835 2835 2836 939 2836 2836 2837 939 2837 2837 2838 940 2838 2838 2839 940 2839 2839 2840 940 2840 2840 2841 941 2841 2841 2842 941 2842 2842 2843 941 2843 2843 2844 942 2844 2844 2845 942 2845 2845 2846 942 2846 2846 2847 943 2847 2847 2848 943 2848 2848 2849 943 2849 2849 2850 944 2850 2850 2851 944 2851 2851 2852 944 2852 2852 2853 945 2853 2853 2854 945 2854 2854 2855 945 2855 2855 2856 946 2856 2856 2857 946 2857 2857 2858 946 2858 2858 2859 947 2859 2859 2860 947 2860 2860 2861 947 2861 2861 2862 948 2862 2862 2863 948 2863 2863 2864 948 2864 2864 2865 949 2865 2865 2866 949 2866 2866 2867 949 2867 2867 2868 950 2868 2868 2869 950 2869 2869 2870 950 2870 2870 2871 951 2871 2871 2872 951 2872 2872 2873 951 2873 2873 2874 952 2874 2874 2875 952 2875 2875 2876 952 2876 2876 2877 953 2877 2877 2878 953 2878 2878 2879 953 2879 2879 2880 954 2880 2880 2881 954 2881 2881 2882 954 2882 2882 2883 955 2883 2883 2884 955 2884 2884 2885 955 2885 2885 2886 956 2886 2886 2887 956 2887 2887 2888 956 2888 2888 2889 957 2889 2889 2890 957 2890 2890 2891 957 2891 2891 2892 958 2892 2892 2893 958 2893 2893 2894 958 2894 2894 2895 959 2895 2895 2896 959 2896 2896 2897 959 2897 2897 2898 960 2898 2898 2899 960 2899 2899 2900 960 2900 2900 2901 961 2901 2901 2902 961 2902 2902 2903 961 2903 2903 2904 962 2904 2904 2905 962 2905 2905 2906 962 2906 2906 2907 963 2907 2907 2908 963 2908 2908 2909 963 2909 2909 2910 964 2910 2910 2911 964 2911 2911 2912 964 2912 2912 2913 965 2913 2913 2914 965 2914 2914 2915 965 2915 2915 2916 966 2916 2916 2917 966 2917 2917 2918 966 2918 2918 2919 967 2919 2919 2920 967 2920 2920 2921 967 2921 2921 2922 968 2922 2922 2923 968 2923 2923 2924 968 2924 2924 2925 969 2925 2925 2926 969 2926 2926 2927 969 2927 2927 2928 970 2928 2928 2929 970 2929 2929 2930 970 2930 2930 2931 971 2931 2931 2932 971 2932 2932 2933 971 2933 2933 2934 972 2934 2934 2935 972 2935 2935 2936 972 2936 2936 2937 973 2937 2937 2938 973 2938 2938 2939 973 2939 2939 2940 974 2940 2940 2941 974 2941 2941 2942 974 2942 2942 2943 975 2943 2943 2944 975 2944 2944 2945 975 2945 2945 2946 976 2946 2946 2947 976 2947 2947 2948 976 2948 2948 2949 977 2949 2949 2950 977 2950 2950 2951 977 2951 2951 2952 978 2952 2952 2953 978 2953 2953 2954 978 2954 2954 2955 979 2955 2955 2956 979 2956 2956 2957 979 2957 2957 2958 980 2958 2958 2959 980 2959 2959 2960 980 2960 2960 2961 981 2961 2961 2962 981 2962 2962 2963 981 2963 2963 2964 982 2964 2964 2965 982 2965 2965 2966 982 2966 2966 2967 983 2967 2967 2968 983 2968 2968 2969 983 2969 2969 2970 984 2970 2970 2971 984 2971 2971 2972 984 2972 2972 2973 985 2973 2973 2974 985 2974 2974 2975 985 2975 2975 2976 986 2976 2976 2977 986 2977 2977 2978 986 2978 2978 2979 987 2979 2979 2980 987 2980 2980 2981 987 2981 2981 2982 988 2982 2982 2983 988 2983 2983 2984 988 2984 2984 2985 989 2985 2985 2986 989 2986 2986 2987 989 2987 2987 2988 990 2988 2988 2989 990 2989 2989 2990 990 2990 2990 2991 991 2991 2991 2992 991 2992 2992 2993 991 2993 2993 2994 992 2994 2994 2995 992 2995 2995 2996 992 2996 2996 2997 993 2997 2997 2998 993 2998 2998 2999 993 2999 2999 3000 994 3000 3000 3001 994 3001 3001 3002 994 3002 3002 3003 995 3003 3003 3004 995 3004 3004 3005 995 3005 3005 3006 996 3006 3006 3007 996 3007 3007 3008 996 3008 3008 3009 997 3009 3009 3010 997 3010 3010 3011 997 3011 3011 3012 998 3012 3012 3013 998 3013 3013 3014 998 3014 3014 3015 999 3015 3015 3016 999 3016 3016 3017 999 3017 3017 3018 1000 3018 3018 3019 1000 3019 3019 3020 1000 3020 3020 3021 1001 3021 3021 3022 1001 3022 3022 3023 1001 3023 3023 3024 1002 3024 3024 3025 1002 3025 3025 3026 1002 3026 3026 3027 1003 3027 3027 3028 1003 3028 3028 3029 1003 3029 3029 3030 1004 3030 3030 3031 1004 3031 3031 3032 1004 3032 3032 3033 1005 3033 3033 3034 1005 3034 3034 3035 1005 3035 3035 3036 1006 3036 3036 3037 1006 3037 3037 3038 1006 3038 3038 3039 1007 3039 3039 3040 1007 3040 3040 3041 1007 3041 3041 3042 1008 3042 3042 3043 1008 3043 3043 3044 1008 3044 3044 3045 1009 3045 3045 3046 1009 3046 3046 3047 1009 3047 3047 3048 1010 3048 3048 3049 1010 3049 3049 3050 1010 3050 3050 3051 1011 3051 3051 3052 1011 3052 3052 3053 1011 3053 3053 3054 1012 3054 3054 3055 1012 3055 3055 3056 1012 3056 3056 3057 1013 3057 3057 3058 1013 3058 3058 3059 1013 3059 3059 3060 1014 3060 3060 3061 1014 3061 3061 3062 1014 3062 3062 3063 1015 3063 3063 3064 1015 3064 3064 3065 1015 3065 3065 3066 1016 3066 3066 3067 1016 3067 3067 3068 1016 3068 3068 3069 1017 3069 3069 3070 1017 3070 3070 3071 1017 3071 3071 3072 1018 3072 3072 3073 1018 3073 3073 3074 1018 3074 3074 3075 1019 3075 3075 3076 1019 3076 3076 3077 1019 3077 3077 3078 1020 3078 3078 3079 1020 3079 3079 3080 1020 3080 3080 3081 1021 3081 3081 3082 1021 3082 3082 3083 1021 3083 3083 3084 1022 3084 3084 3085 1022 3085 3085 3086 1022 3086 3086 3087 1023 3087 3087 3088 1023 3088 3088 3089 1023 3089 3089 3090 1024 3090 3090 3091 1024 3091 3091 3092 1024 3092 3092 3093 1025 3093 3093 3094 1025 3094 3094 3095 1025 3095 3095</p>
        </triangles>
      </mesh>
    </geometry>
  </library_geometries>
  <library_visual_scenes>
    <visual_scene id="Scene" name="Scene">
      <node id="beyblade2loc-2026-09-10-18-44-41-897" name="beyblade2loc-2026-09-10-18-44-41-897" type="NODE">
        <matrix sid="transform">1 0 0 0 0 0.7457442 0.6662324 0 0 -0.6662324 0.7457442 0 0 0 0 1</matrix>
        <instance_geometry url="#beyblade2loc-2026-09-10-18-44-41-897-mesh" name="beyblade2loc-2026-09-10-18-44-41-897">
          <bind_material>
            <technique_common>
              <instance_material symbol="NDS_Material_005-material" target="#NDS_Material_005-material">
                <bind_vertex_input semantic="UVMap" input_semantic="TEXCOORD" input_set="0"/>
              </instance_material>
              <instance_material symbol="NDS_Material_006-material" target="#NDS_Material_006-material">
                <bind_vertex_input semantic="UVMap" input_semantic="TEXCOORD" input_set="0"/>
              </instance_material>
              <instance_material symbol="NDS_Material_007-material" target="#NDS_Material_007-material">
                <bind_vertex_input semantic="UVMap" input_semantic="TEXCOORD" input_set="0"/>
              </instance_material>
              <instance_material symbol="NDS_Material_008-material" target="#NDS_Material_008-material">
                <bind_vertex_input semantic="UVMap" input_semantic="TEXCOORD" input_set="0"/>
              </instance_material>
            </technique_common>
          </bind_material>
        </instance_geometry>
      </node>
    </visual_scene>
  </library_visual_scenes>
  <scene>
    <instance_visual_scene url="#Scene"/>
  </scene>
</COLLADA>