<?xml version="1.0" encoding="utf-8"?>
<COLLADA xmlns="http://www.collada.org/2005/11/COLLADASchema" version="1.4.1" xmlns:xsi="http://www.w3.org/2001/XMLSchema-instance">
  <asset>
    <contributor>
      <author>Blender User</author>
      <authoring_tool>Blender 4.0.0 commit date:2023-11-13, commit time:17:26, hash:878f71061b8e</authoring_tool>
    </contributor>
    <created>2026-09-10T18:50:57</created>
    <modified>2026-09-10T18:50:57</modified>
    <unit name="meter" meter="1"/>
    <up_axis>Z_UP</up_axis>
  </asset>
  <library_effects>
    <effect id="NDS_Material_013-effect">
      <profile_COMMON>
        <technique sid="common">
          <lambert>
            <emission>
              <color sid="emission">0 0 0 1</color>
            </emission>
            <diffuse>
              <color sid="diffuse">0.8 0.8 0.8 1</color>
            </diffuse>
            <reflectivity>
              <float sid="specular">0.5</float>
            </reflectivity>
          </lambert>
        </technique>
      </profile_COMMON>
    </effect>
  </library_effects>
  <library_images/>
  <library_materials>
    <material id="NDS_Material_013-material" name="NDS Material.013">
      <instance_effect url="#NDS_Material_013-effect"/>
    </material>
  </library_materials>
  <library_geometries>
    <geometry id="beyblade2loc-2026-09-10-18-50-26-738-mesh" name="beyblade2loc-2026-09-10-18-50-26-738">
      <mesh>
        <source id="beyblade2loc-2026-09-10-18-50-26-738-mesh-positions">
          <float_array id="beyblade2loc-2026-09-10-18-50-26-738-mesh-positions-array" count="8766">-0.1946869 0.1946337 0.125837 -0.1487885 0.5218231 0.1258652 0.1434478 0.3683364 0.1259165 0.1434478 0.3683364 0.1259165 -0.1487885 0.5218231 0.1258652 0.449356 0.4924429 0.125802 0.1434478 0.3683364 0.1259165 0.449356 0.4924429 0.125802 0.4627838 0.1623139 0.125802 0.4627838 0.1623139 0.125802 0.449356 0.4924429 0.125802 0.7230377 -0.04042404 0.1256763 0.4627838 0.1623139 0.125802 0.7230377 -0.04042404 0.1256763 0.4442291 -0.2172474 0.1257889 0.4442291 -0.2172474 0.1257889 0.7230377 -0.04042404 0.1256763 0.3985748 -0.543928 0.1259586 0.4442291 -0.2172474 0.1257889 0.3985748 -0.543928 0.1259586 0.1060943 -0.3907862 0.1258904 0.1060943 -0.3907862 0.1258904 0.3985748 -0.543928 0.1259586 -0.1995697 -0.5147119 0.1258409 0.1060943 -0.3907862 0.1258904 -0.1995697 -0.5147119 0.1258409 -0.2132416 -0.1851086 0.1259879 -0.2132416 -0.1851086 0.1259879 -0.1995697 -0.5147119 0.1258409 -0.4734956 0.01815515 0.1259666 -0.2132416 -0.1851086 0.1259879 -0.4734956 0.01815515 0.1259666 -0.1946869 0.1946337 0.125837 -0.1946869 0.1946337 0.125837 -0.4734956 0.01815515 0.1259666 -0.1487885 0.5218231 0.1258652 0.4627838 0.1624615 0.2703056 0.4442291 -0.2172474 0.1257889 0.4442291 -0.2172807 0.2704564 0.4442291 -0.2172807 0.2704564 0.4442291 -0.2172474 0.1257889 0.1060943 -0.3907862 0.1258904 0.4442291 -0.2172807 0.2704564 0.1060943 -0.3907862 0.1258904 0.1060943 -0.3908195 0.2705579 0.1060943 -0.3908195 0.2705579 0.1060943 -0.3907862 0.1258904 -0.2132416 -0.1851086 0.1259879 0.1060943 -0.3908195 0.2705579 -0.2132416 -0.1851086 0.1259879 -0.2132416 -0.1849609 0.2704915 -0.2132416 -0.1849609 0.2704915 -0.2132416 -0.1851086 0.1259879 -0.1946869 0.1946337 0.125837 -0.2132416 -0.1849609 0.2704915 -0.1946869 0.1946337 0.125837 -0.1946869 0.1946004 0.2705045 -0.1946869 0.1946004 0.2705045 -0.1946869 0.1946337 0.125837 0.1434478 0.3683364 0.1259165 -0.1946869 0.1946004 0.2705045 0.1434478 0.3683364 0.1259165 0.1434478 0.3681393 0.2704031 0.1434478 0.3681393 0.2704031 0.1434478 0.3683364 0.1259165 0.4627838 0.1623139 0.125802 0.1434478 0.3681393 0.2704031 0.4627838 0.1623139 0.125802 0.4627838 0.1624615 0.2703056 0.4627838 0.1624615 0.2703056 0.4627838 0.1623139 0.125802 0.4442291 -0.2172474 0.1257889 -1.794785 -0.8454819 0.3530972 -1.565048 -0.7729384 -0.3201836 -1.382187 -0.6700209 0.3525718 -1.382187 -0.6700209 0.3525718 -1.565048 -0.7729384 -0.3201836 -1.34166 -0.6525852 -0.3353473 -1.382187 -0.6700209 0.3525718 -1.34166 -0.6525852 -0.3353473 -1.407089 -0.6272888 0.3833667 -1.407089 -0.6272888 0.3833667 -1.34166 -0.6525852 -0.3353473 -1.472275 -0.3306477 -0.3374788 -1.407089 -0.6272888 0.3833667 -1.472275 -0.3306477 -0.3374788 -1.505966 -0.4383618 0.3831583 -1.505966 -0.4383618 0.3831583 -1.472275 -0.3306477 -0.3374788 -1.795761 -0.08645588 0.04252058 -1.505966 -0.4383618 0.3831583 -1.795761 -0.08645588 0.04252058 -1.751816 -0.09006875 0.3828424 -1.751816 -0.09006875 0.3828424 -1.795761 -0.08645588 0.04252058 -2.009384 0.09879797 0.1626027 -1.751816 -0.09006875 0.3828424 -2.009384 0.09879797 0.1626027 -2.009384 0.09882432 0.3833238 -2.009384 0.09882432 0.3833238 -2.009384 0.09879797 0.1626027 -1.734726 0.2616728 0.3826962 2.010635 -0.2744618 0.3822368 2.285294 -0.1116642 0.3826438 2.285294 -0.1116906 0.1619227 2.285294 -0.1116906 0.1619227 2.285294 -0.1116642 0.3826438 2.027725 0.07744359 0.3822715 2.285294 -0.1116906 0.1619227 2.027725 0.07744359 0.3822715 2.071671 0.0739786 0.04177421 2.071671 0.0739786 0.04177421 2.027725 0.07744359 0.3822715 1.781876 0.4255388 0.3824644 2.071671 0.0739786 0.04177421 1.781876 0.4255388 0.3824644 1.748184 0.3178855 -0.3380557 1.748184 0.3178855 -0.3380557 1.781876 0.4255388 0.3824644 1.682999 0.6146128 0.3827818 1.748184 0.3178855 -0.3380557 1.682999 0.6146128 0.3827818 1.617569 0.6401282 -0.3358511 1.617569 0.6401282 -0.3358511 1.682999 0.6146128 0.3827818 1.658096 0.6574432 0.3518769 1.617569 0.6401282 -0.3358511 1.658096 0.6574432 0.3518769 1.840958 0.7603843 -0.320945 1.840958 0.7603843 -0.320945 1.658096 0.6574432 0.3518769 2.070694 0.833034 0.3522221 -0.4427338 0.9844614 -0.262731 -0.4817963 0.8873211 -0.2626723 -0.7007905 0.9030542 -0.2627621 -0.7007905 0.9030542 -0.2627621 -0.4817963 0.8873211 -0.2626723 -0.3765717 0.682514 -0.2628998 -0.7007905 0.9030542 -0.2627621 -0.3765717 0.682514 -0.2628998 -0.8965913 0.6342802 -0.2626809 -0.8965913 0.6342802 -0.2626809 -0.3765717 0.682514 -0.2628998 -0.7911225 0.0364117 -0.2625489 -0.8965913 0.6342802 -0.2626809 -0.7911225 0.0364117 -0.2625489 -1.039658 0.3345658 -0.2625669 -1.039658 0.3345658 -0.2625669 -0.7911225 0.0364117 -0.2625489 -1.067245 -0.2304571 -0.2625467 -1.039658 0.3345658 -0.2625669 -1.067245 -0.2304571 -0.2625467 -1.694443 0.08324915 -0.2624907 -1.694443 0.08324915 -0.2624907 -1.067245 -0.2304571 -0.2625467 -1.146835 -0.253449 -0.2624684 -1.694443 0.08324915 -0.2624907 -1.146835 -0.253449 -0.2624684 -1.157577 -0.4700149 -0.2625833 1.062149 -1.025695 -0.1995343 1.062149 -1.025693 -0.2627946 0.9766998 -0.9154166 -0.199638 0.9766998 -0.9154166 -0.199638 1.062149 -1.025693 -0.2627946 0.9766998 -0.9154144 -0.2628982 0.9766998 -0.9154166 -0.199638 0.9766998 -0.9154144 -0.2628982 1.172501 -0.6469874 -0.1997361 1.172501 -0.6469874 -0.1997361 0.9766998 -0.9154144 -0.2628982 1.172501 -0.6468213 -0.2628155 1.172501 -0.6469874 -0.1997361 1.172501 -0.6468213 -0.2628155 1.315567 -0.3471091 -0.1996693 1.315567 -0.3471091 -0.1996693 1.172501 -0.6468213 -0.2628155 1.315567 -0.3471069 -0.2629295 1.315567 -0.3471091 -0.1996693 1.315567 -0.3471069 -0.2629295 1.391983 -0.3828774 -0.1998741 1.391983 -0.3828774 -0.1998741 1.315567 -0.3471069 -0.2629295 1.392471 -0.3777025 -0.2628797 0.7577056 -0.8998622 -0.2628241 0.7186431 -0.9970026 -0.2627653 0.7186431 -0.9970048 -0.199505 0.7186431 -0.9970048 -0.199505 0.7186431 -0.9970026 -0.2627653 0.6007232 -1.054383 -0.2628238 0.7186431 -0.9970048 -0.199505 0.6007232 -1.054383 -0.2628238 0.6007232 -1.054386 -0.1995635 0.6007232 -1.054386 -0.1995635 0.6007232 -1.054383 -0.2628238 0.5033111 -1.030357 -0.2628512 0.6007232 -1.054386 -0.1995635 0.5033111 -1.030357 -0.2628512 0.5033111 -1.030359 -0.1995911 0.5033111 -1.030359 -0.1995911 0.5033111 -1.030357 -0.2628512 0.3980865 -0.8255499 -0.2626237 0.5033111 -1.030359 -0.1995911 0.3980865 -0.8255499 -0.2626237 0.3980865 -0.825716 -0.1995444 0.3980865 -0.825716 -0.1995444 0.3980865 -0.8255499 -0.2626237 -0.2012787 -0.7963359 -0.1994812 0.4771881 0.7836264 -0.1996756 -0.1221771 0.8130065 -0.1996124 -0.1221771 0.8130087 -0.2628726 -0.1221771 0.8130087 -0.2628726 -0.1221771 0.8130065 -0.1996124 -0.2274017 1.017994 -0.1995488 -0.1221771 0.8130087 -0.2628726 -0.2274017 1.017994 -0.1995488 -0.2274017 1.017997 -0.262809 -0.2274017 1.017997 -0.262809 -0.2274017 1.017994 -0.1995488 -0.3248139 1.041676 -0.1995932 -0.2274017 1.017997 -0.262809 -0.3248139 1.041676 -0.1995932 -0.3248139 1.041678 -0.2628535 -0.3248139 1.041678 -0.2628535 -0.3248139 1.041676 -0.1995932 -0.4427338 0.9844593 -0.1994708 -0.3248139 1.041678 -0.2628535 -0.4427338 0.9844593 -0.1994708 -0.4427338 0.9844614 -0.262731 -0.4427338 0.9844614 -0.262731 -0.4427338 0.9844593 -0.1994708 -0.4817963 0.8873211 -0.2626723 -1.481796 0.9231818 -0.320538 -1.271103 0.7814942 -0.3354619 -1.63414 0.6929581 -0.3346338 -1.63414 0.6929581 -0.3346338 -1.271103 0.7814942 -0.3354619 -1.432968 0.4735882 -0.3374794 -1.63414 0.6929581 -0.3346338 -1.432968 0.4735882 -0.3374794 -1.956894 0.4960579 0.05234909 -1.956894 0.4960579 0.05234909 -1.432968 0.4735882 -0.3374794 -1.778671 0.2623459 0.04240256 -1.956894 0.4960579 0.05234909 -1.778671 0.2623459 0.04240256 -2.084579 0.4027478 0.1326224 -2.084579 0.4027478 0.1326224 -1.778671 0.2623459 0.04240256 -2.009384 0.09879797 0.1626027 -2.084579 0.4027478 0.1326224 -2.009384 0.09879797 0.1626027 -2.272812 0.3419852 0.1626449 -2.272812 0.3419852 0.1626449 -2.009384 0.09879797 0.1626027 -2.344101 0.1150901 0.1827628 -0.7862397 1.013331 -0.1996055 -0.7862397 1.013152 -0.2627018 -0.7007905 0.903052 -0.1995019 -0.7007905 0.903052 -0.1995019 -0.7862397 1.013152 -0.2627018 -0.7007905 0.9030542 -0.2627621 -0.7007905 0.903052 -0.1995019 -0.7007905 0.9030542 -0.2627621 -0.8965913 0.634278 -0.1994207 -0.8965913 0.634278 -0.1994207 -0.7007905 0.9030542 -0.2627621 -0.8965913 0.6342802 -0.2626809 -0.8965913 0.634278 -0.1994207 -0.8965913 0.6342802 -0.2626809 -1.039658 0.3345636 -0.1993066 -1.039658 0.3345636 -0.1993066 -0.8965913 0.6342802 -0.2626809 -1.039658 0.3345658 -0.2625669 -1.039658 0.3345636 -0.1993066 -1.039658 0.3345658 -0.2625669 -1.116318 0.3703489 -0.1994467 -1.116318 0.3703489 -0.1994467 -1.039658 0.3345658 -0.2625669 -1.116562 0.3651614 -0.2626167 1.757706 -0.9355551 -0.3207546 1.547012 -0.7939512 -0.3357366 1.909805 -0.7056639 -0.3350212 1.909805 -0.7056639 -0.3350212 1.547012 -0.7939512 -0.3357366 1.708878 -0.4863503 -0.3380551 1.909805 -0.7056639 -0.3350212 1.708878 -0.4863503 -0.3380551 2.232803 -0.508649 0.05181699 2.232803 -0.508649 0.05181699 1.708878 -0.4863503 -0.3380551 2.054581 -0.2751681 0.0418753 2.232803 -0.508649 0.05181699 2.054581 -0.2751681 0.0418753 2.360489 -0.4154461 0.1317633 2.360489 -0.4154461 0.1317633 2.054581 -0.2751681 0.0418753 2.285294 -0.1116906 0.1619227 2.360489 -0.4154461 0.1317633 2.285294 -0.1116906 0.1619227 2.548721 -0.3548778 0.1618804 2.548721 -0.3548778 0.1618804 2.285294 -0.1116906 0.1619227 2.62001 -0.1278823 0.1818669 1.979141 -1.030401 0.3526385 1.757706 -0.9355551 -0.3207546 2.017227 -0.9779619 0.382874 2.017227 -0.9779619 0.382874 1.757706 -0.9355551 -0.3207546 1.909805 -0.7056639 -0.3350212 2.017227 -0.9779619 0.382874 1.909805 -0.7056639 -0.3350212 2.153946 -0.7670606 0.3821917 2.153946 -0.7670606 0.3821917 1.909805 -0.7056639 -0.3350212 2.232803 -0.508649 0.05181699 2.153946 -0.7670606 0.3821917 2.232803 -0.508649 0.05181699 2.266739 -0.5299167 0.3821094 2.266739 -0.5299167 0.3821094 2.232803 -0.508649 0.05181699 2.360489 -0.4154461 0.1317633 2.266739 -0.5299167 0.3821094 2.360489 -0.4154461 0.1317633 2.379532 -0.4374742 0.3826835 2.379532 -0.4374742 0.3826835 2.360489 -0.4154461 0.1317633 2.564835 -0.3743779 0.3825048 -1.703232 1.017772 0.3528447 -1.481796 0.9231818 -0.320538 -1.741318 0.9652859 0.3832744 -1.741318 0.9652859 0.3832744 -1.481796 0.9231818 -0.320538 -1.63414 0.6929581 -0.3346338 -1.741318 0.9652859 0.3832744 -1.63414 0.6929581 -0.3346338 -1.878036 0.7546164 0.3827584 -1.878036 0.7546164 0.3827584 -1.63414 0.6929581 -0.3346338 -1.956894 0.4960579 0.05234909 -1.878036 0.7546164 0.3827584 -1.956894 0.4960579 0.05234909 -1.990829 0.5171276 0.3828237 -1.990829 0.5171276 0.3828237 -1.956894 0.4960579 0.05234909 -2.084579 0.4027478 0.1326224 -1.990829 0.5171276 0.3828237 -2.084579 0.4027478 0.1326224 -2.103622 0.4246343 0.3832841 -2.103622 0.4246343 0.3832841 -2.084579 0.4027478 0.1326224 -2.288925 0.3617189 0.3832989 -0.8816987 -0.9306387 -0.2626104 -0.8816987 -0.9306409 -0.1993501 -0.7857514 -0.8291793 -0.2626295 -0.7857514 -0.8291793 -0.2626295 -0.8816987 -0.9306409 -0.1993501 -0.7857514 -0.8291814 -0.1993693 -0.7857514 -0.8291793 -0.2626295 -0.7857514 -0.8291814 -0.1993693 -0.9544526 -0.542784 -0.2625349 -0.9544526 -0.542784 -0.2625349 -0.7857514 -0.8291814 -0.1993693 -0.9544526 -0.5427861 -0.1992746 -0.9544526 -0.542784 -0.2625349 -0.9544526 -0.5427861 -0.1992746 -1.067245 -0.2304571 -0.2625467 -1.067245 -0.2304571 -0.2625467 -0.9544526 -0.5427861 -0.1992746 -1.067245 -0.2304593 -0.1992865 -1.067245 -0.2304571 -0.2625467 -1.067245 -0.2304593 -0.1992865 -1.147079 -0.25846 -0.1992818 -2.135117 -0.2164422 0.3833639 -2.11412 -0.1963192 0.1325227 -2.031845 -0.319428 0.3827893 -2.031845 -0.319428 0.3827893 -2.11412 -0.1963192 0.1325227 -1.995956 -0.3016258 0.05267214 -2.031845 -0.319428 0.3827893 -1.995956 -0.3016258 0.05267214 -1.942978 -0.5664256 0.3829052 -1.942978 -0.5664256 0.3829052 -1.995956 -0.3016258 0.05267214 -1.693954 -0.5292193 -0.3344611 -1.942978 -0.5664256 0.3829052 -1.693954 -0.5292193 -0.3344611 -1.827499 -0.7897585 0.3833215 -1.827499 -0.7897585 0.3833215 -1.693954 -0.5292193 -0.3344611 -1.565048 -0.7729384 -0.3201836 -1.827499 -0.7897585 0.3833215 -1.565048 -0.7729384 -0.3201836 -1.794785 -0.8454819 0.3530972 1.157608 0.9179336 -0.2630669 1.157608 0.9179314 -0.1998066 1.061661 0.816819 -0.2630308 1.061661 0.816819 -0.2630308 1.157608 0.9179314 -0.1998066 1.061661 0.8168168 -0.1997706 1.061661 0.816819 -0.2630308 1.061661 0.8168168 -0.1997706 1.230362 0.5302429 -0.2629615 1.230362 0.5302429 -0.2629615 1.061661 0.8168168 -0.1997706 1.230362 0.5302407 -0.1997013 1.230362 0.5302429 -0.2629615 1.230362 0.5302407 -0.1997013 1.343155 0.217916 -0.2629497 1.343155 0.217916 -0.2629497 1.230362 0.5302407 -0.1997013 1.343155 0.2179138 -0.1996894 1.343155 0.217916 -0.2629497 1.343155 0.2179138 -0.1996894 1.422745 0.2460954 -0.199858 0.4771881 0.7836286 -0.2629358 -0.1221771 0.8130087 -0.2628726 0.6019439 0.9773835 -0.2629066 0.6019439 0.9773835 -0.2629066 -0.1221771 0.8130087 -0.2628726 -0.2274017 1.017997 -0.262809 0.6019439 0.9773835 -0.2629066 -0.2274017 1.017997 -0.262809 0.2279205 1.826388 -0.2629508 0.2279205 1.826388 -0.2629508 -0.2274017 1.017997 -0.262809 -0.3248139 1.041678 -0.2628535 0.2279205 1.826388 -0.2629508 -0.3248139 1.041678 -0.2628535 -1.094101 1.353134 -0.2627354 -1.094101 1.353134 -0.2627354 -0.3248139 1.041678 -0.2628535 -0.7862397 1.013152 -0.2627018 -1.094101 1.353134 -0.2627354 -0.7862397 1.013152 -0.2627018 -1.10582 0.5819082 -0.2626658 2.62001 -0.1279062 0.3825358 2.589249 0.1228847 0.3826066 2.285294 -0.1116642 0.3826438 2.285294 -0.1116642 0.3826438 2.589249 0.1228847 0.3826066 2.411026 0.2036023 0.3826038 2.285294 -0.1116642 0.3826438 2.411026 0.2036023 0.3826038 2.027725 0.07744359 0.3822715 2.027725 0.07744359 0.3822715 2.411026 0.2036023 0.3826038 2.307754 0.3068199 0.3819798 2.027725 0.07744359 0.3822715 2.307754 0.3068199 0.3819798 1.781876 0.4255388 0.3824644 1.781876 0.4255388 0.3824644 2.307754 0.3068199 0.3819798 2.218887 0.5538005 0.3822088 1.781876 0.4255388 0.3824644 2.218887 0.5538005 0.3822088 2.103409 0.7770995 0.3824822 -2.344101 0.1150662 0.3834317 -2.313339 -0.1353798 0.3833779 -2.009384 0.09882432 0.3833238 -2.009384 0.09882432 0.3833238 -2.313339 -0.1353798 0.3833779 -2.135117 -0.2164422 0.3833639 -2.009384 0.09882432 0.3833238 -2.135117 -0.2164422 0.3833639 -1.751816 -0.09006875 0.3828424 -1.751816 -0.09006875 0.3828424 -2.135117 -0.2164422 0.3833639 -2.031845 -0.319428 0.3827893 -1.751816 -0.09006875 0.3828424 -2.031845 -0.319428 0.3827893 -1.505966 -0.4383618 0.3831583 -1.505966 -0.4383618 0.3831583 -2.031845 -0.319428 0.3827893 -1.942978 -0.5664256 0.3829052 -1.505966 -0.4383618 0.3831583 -1.942978 -0.5664256 0.3829052 -1.827499 -0.7897585 0.3833215 -1.741318 0.9652859 0.3832744 -1.878036 0.7546164 0.3827584 -1.455917 0.5841812 0.3830126 -1.455917 0.5841812 0.3830126 -1.878036 0.7546164 0.3827584 -1.990829 0.5171276 0.3828237 -1.455917 0.5841812 0.3830126 -1.990829 0.5171276 0.3828237 -1.734726 0.2616728 0.3826962 -1.734726 0.2616728 0.3826962 -1.990829 0.5171276 0.3828237 -2.103622 0.4246343 0.3832841 -1.734726 0.2616728 0.3826962 -2.103622 0.4246343 0.3832841 -2.009384 0.09882432 0.3833238 -2.009384 0.09882432 0.3833238 -2.103622 0.4246343 0.3832841 -2.288925 0.3617189 0.3832989 -2.009384 0.09882432 0.3833238 -2.288925 0.3617189 0.3832989 -2.344101 0.1150662 0.3834317 1.059463 -1.685072 -0.1858364 1.12709 -1.720641 -0.2181801 1.059463 -1.685148 -0.2720886 1.059463 -1.685148 -0.2720886 1.12709 -1.720641 -0.2181801 1.060928 -1.758081 -0.2722212 1.059463 -1.685148 -0.2720886 1.060928 -1.758081 -0.2722212 0.621231 -1.894291 -0.272011 0.621231 -1.894291 -0.272011 1.060928 -1.758081 -0.2722212 0.6910552 -2.000251 -0.2718676 0.621231 -1.894291 -0.272011 0.6910552 -2.000251 -0.2718676 0.1803131 -2.103434 -0.2719334 0.1803131 -2.103434 -0.2719334 0.6910552 -2.000251 -0.2718676 0.7142486 -2.031933 -0.2181173 0.1803131 -2.103434 -0.2719334 0.7142486 -2.031933 -0.2181173 0.107315 -2.183187 -0.2177833 -0.9434663 -1.587078 -0.1856804 -0.9434663 -1.58699 -0.2717517 -1.014511 -1.615914 -0.2178655 -1.014511 -1.615914 -0.2178655 -0.9434663 -1.58699 -0.2717517 -0.9522553 -1.659414 -0.2716863 -1.014511 -1.615914 -0.2178655 -0.9522553 -1.659414 -0.2716863 -0.6341401 -1.966095 -0.2178155 -0.6341401 -1.966095 -0.2178155 -0.9522553 -1.659414 -0.2716863 -0.608017 -1.936645 -0.2718484 -0.6341401 -1.966095 -0.2178155 -0.608017 -1.936645 -0.2718484 -0.109726 -2.089262 -0.2719273 -0.109726 -2.089262 -0.2719273 -0.608017 -1.936645 -0.2718484 -0.5281831 -1.837781 -0.2718225 -0.109726 -2.089262 -0.2719273 -0.5281831 -1.837781 -0.2718225 -0.04039001 -1.960039 -0.2565798 1.219376 1.574588 -0.1863293 1.219376 1.574676 -0.2724005 1.290421 1.603477 -0.2184389 1.290421 1.603477 -0.2184389 1.219376 1.574676 -0.2724005 1.228165 1.6471 -0.2724659 1.290421 1.603477 -0.2184389 1.228165 1.6471 -0.2724659 0.9100494 1.953478 -0.218325 0.9100494 1.953478 -0.218325 1.228165 1.6471 -0.2724659 0.8839263 1.924167 -0.2724846 0.9100494 1.953478 -0.218325 0.8839263 1.924167 -0.2724846 0.3856353 2.076602 -0.2722418 0.3856353 2.076602 -0.2722418 0.8839263 1.924167 -0.2724846 0.8040924 1.825467 -0.2723296 0.3856353 2.076602 -0.2722418 0.8040924 1.825467 -0.2723296 0.3162994 1.947594 -0.2568128 -0.7835541 1.672565 -0.1858284 -0.8511811 1.708204 -0.2181243 -0.7835541 1.67267 -0.2722445 -0.7835541 1.67267 -0.2722445 -0.8511811 1.708204 -0.2181243 -0.785019 1.745603 -0.2721119 -0.7835541 1.67267 -0.2722445 -0.785019 1.745603 -0.2721119 -0.3453217 1.881632 -0.272158 -0.3453217 1.881632 -0.272158 -0.785019 1.745603 -0.2721119 -0.4151459 1.987755 -0.2721205 -0.3453217 1.881632 -0.272158 -0.4151459 1.987755 -0.2721205 0.09559625 2.090775 -0.2722358 0.09559625 2.090775 -0.2722358 -0.4151459 1.987755 -0.2721205 -0.4383393 2.019497 -0.2181871 0.09559625 2.090775 -0.2722358 -0.4383393 2.019497 -0.2181871 0.1685943 2.170569 -0.2183572 -1.942978 -0.5664256 0.3829052 -1.505966 -0.4383618 0.3831583 -2.031845 -0.319428 0.3827893 -2.031845 -0.319428 0.3827893 -1.505966 -0.4383618 0.3831583 -1.751816 -0.09006875 0.3828424 -2.031845 -0.319428 0.3827893 -1.751816 -0.09006875 0.3828424 -2.135117 -0.2164422 0.3833639 -2.135117 -0.2164422 0.3833639 -1.751816 -0.09006875 0.3828424 -2.009384 0.09882432 0.3833238 -2.135117 -0.2164422 0.3833639 -2.009384 0.09882432 0.3833238 -2.313339 -0.1353798 0.3833779 -2.313339 -0.1353798 0.3833779 -2.009384 0.09882432 0.3833238 -2.344101 0.1150662 0.3834317 1.290421 1.603477 -0.2184389 0.9100494 1.953478 -0.218325 1.228165 1.646831 -0.1862306 1.228165 1.646831 -0.1862306 0.9100494 1.953478 -0.218325 0.8839263 1.924208 -0.1539125 1.228165 1.646831 -0.1862306 0.8839263 1.924208 -0.1539125 0.8040924 1.825344 -0.1539385 0.8040924 1.825344 -0.1539385 0.8839263 1.924208 -0.1539125 0.3856353 2.07666 -0.1540147 0.8040924 1.825344 -0.1539385 0.3856353 2.07666 -0.1540147 0.3162994 1.947483 -0.1667674 0.3162994 1.947483 -0.1667674 0.3856353 2.07666 -0.1540147 0.3206939 2.163311 -0.2183687 -0.4253998 -1.004097 -0.262596 -0.5372163 -0.9354836 -0.2625032 -0.5372163 -0.9354858 -0.1992429 -0.5372163 -0.9354858 -0.1992429 -0.5372163 -0.9354836 -0.2625032 -0.566269 -0.8350587 -0.2625731 -0.5372163 -0.9354858 -0.1992429 -0.566269 -0.8350587 -0.2625731 -0.566269 -0.8350608 -0.1993129 -0.566269 -0.8350608 -0.1993129 -0.566269 -0.8350587 -0.2625731 -0.4415131 -0.6414677 -0.2627248 -0.566269 -0.8350608 -0.1993129 -0.4415131 -0.6414677 -0.2627248 -0.4415131 -0.6414698 -0.1994646 -0.4415131 -0.6414698 -0.1994646 -0.4415131 -0.6414677 -0.2627248 -0.7911225 0.03640949 -0.1992886 -0.2274017 1.017994 -0.1995488 0.2054595 1.368357 -0.1997628 -0.3248139 1.041676 -0.1995932 -0.3248139 1.041676 -0.1995932 0.2054595 1.368357 -0.1997628 -0.7862397 1.013331 -0.1996055 -0.3248139 1.041676 -0.1995932 -0.7862397 1.013331 -0.1996055 -0.4427338 0.9844593 -0.1994708 -0.4427338 0.9844593 -0.1994708 -0.7862397 1.013331 -0.1996055 -0.7007905 0.903052 -0.1995019 -0.4427338 0.9844593 -0.1994708 -0.7007905 0.903052 -0.1995019 -0.4817963 0.8874998 -0.1995759 -0.4817963 0.8874998 -0.1995759 -0.7007905 0.903052 -0.1995019 -0.3765717 0.6825118 -0.1996395 -1.014511 -1.615914 -0.2178655 -0.6341401 -1.966095 -0.2178155 -0.9522553 -1.659502 -0.1856151 -0.9522553 -1.659502 -0.1856151 -0.6341401 -1.966095 -0.2178155 -0.608017 -1.936768 -0.1534574 -0.9522553 -1.659502 -0.1856151 -0.608017 -1.936768 -0.1534574 -0.5281831 -1.837904 -0.1534314 -0.5281831 -1.837904 -0.1534314 -0.608017 -1.936768 -0.1534574 -0.109726 -2.08922 -0.1533553 -0.5281831 -1.837904 -0.1534314 -0.109726 -2.08922 -0.1533553 -0.04039001 -1.959986 -0.1663534 -0.04039001 -1.959986 -0.1663534 -0.109726 -2.08922 -0.1533553 -0.04478454 -2.175747 -0.2179357 -1.741318 0.9652859 0.3832744 -1.63414 0.6929581 -0.3346338 -1.878036 0.7546164 0.3827584 -1.878036 0.7546164 0.3827584 -1.63414 0.6929581 -0.3346338 -1.956894 0.4960579 0.05234909 -1.878036 0.7546164 0.3827584 -1.956894 0.4960579 0.05234909 -1.990829 0.5171276 0.3828237 -1.990829 0.5171276 0.3828237 -1.956894 0.4960579 0.05234909 -2.084579 0.4027478 0.1326224 -1.990829 0.5171276 0.3828237 -2.084579 0.4027478 0.1326224 -2.103622 0.4246343 0.3832841 -2.103622 0.4246343 0.3832841 -2.084579 0.4027478 0.1326224 -2.288925 0.3617189 0.3832989 -0.8511811 1.708204 -0.2181243 -0.7840424 1.76555 -0.185746 -0.4383393 2.019497 -0.2181871 -0.4383393 2.019497 -0.2181871 -0.7840424 1.76555 -0.185746 -0.4151459 1.987813 -0.1538934 -0.4383393 2.019497 -0.2181871 -0.4151459 1.987813 -0.1538934 0.09559625 2.090997 -0.1538277 0.09559625 2.090997 -0.1538277 -0.4151459 1.987813 -0.1538934 -0.3453217 1.881854 -0.1537501 0.09559625 2.090997 -0.1538277 -0.3453217 1.881854 -0.1537501 0.1519927 1.955613 -0.1668857 -1.407089 -0.6272888 0.3833667 -1.472275 -0.3306477 -0.3374788 -1.505966 -0.4383618 0.3831583 -1.505966 -0.4383618 0.3831583 -1.472275 -0.3306477 -0.3374788 -1.795761 -0.08645588 0.04252058 -1.505966 -0.4383618 0.3831583 -1.795761 -0.08645588 0.04252058 -1.751816 -0.09006875 0.3828424 -1.751816 -0.09006875 0.3828424 -1.795761 -0.08645588 0.04252058 -2.009384 0.09879797 0.1626027 -1.751816 -0.09006875 0.3828424 -2.009384 0.09879797 0.1626027 -2.009384 0.09882432 0.3833238 -2.009384 0.09882432 0.3833238 -2.009384 0.09879797 0.1626027 -1.734726 0.2616728 0.3826962 -1.734726 0.2616728 0.3826962 -2.009384 0.09879797 0.1626027 -1.778671 0.2623459 0.04240256 -1.734726 0.2616728 0.3826962 -1.778671 0.2623459 0.04240256 -1.455917 0.5841812 0.3830126 -1.455917 0.5841812 0.3830126 -1.778671 0.2623459 0.04240256 -1.432968 0.4735882 -0.3374794 -1.455917 0.5841812 0.3830126 -1.432968 0.4735882 -0.3374794 -1.33873 0.7625479 0.3831487 -1.404404 1.484197 0.3298236 -1.143661 1.188183 0.4092816 -1.297958 1.455577 0.4091325 -1.297958 1.455577 0.4091325 -1.143661 1.188183 0.4092816 -0.672226 1.559287 0.4090513 -1.297958 1.455577 0.4091325 -0.672226 1.559287 0.4090513 -0.8670502 1.839639 0.4090214 -0.8670502 1.839639 0.4090214 -0.672226 1.559287 0.4090513 -0.8607026 1.949321 0.3297266 -0.8670502 1.839639 0.4090214 -0.8607026 1.949321 0.3297266 -1.404404 1.484197 0.3298236 -1.116562 0.3651614 -0.2626167 -1.10582 0.5819082 -0.2626658 -1.116318 0.3703489 -0.1994467 -1.116318 0.3703489 -0.1994467 -1.10582 0.5819082 -0.2626658 -1.230087 0.06040447 0.2227636 -1.116318 0.3703489 -0.1994467 -1.230087 0.06040447 0.2227636 -1.147079 -0.25846 -0.1992818 -1.147079 -0.25846 -0.1992818 -1.230087 0.06040447 0.2227636 -1.157577 -0.4700149 -0.2625833 -1.147079 -0.25846 -0.1992818 -1.157577 -0.4700149 -0.2625833 -1.146835 -0.253449 -0.2624684 0.9766998 -0.9154166 -0.199638 0.7186431 -0.9970048 -0.199505 1.062149 -1.025695 -0.1995343 1.062149 -1.025695 -0.1995343 0.7186431 -0.9970048 -0.199505 0.6007232 -1.054386 -0.1995635 1.062149 -1.025695 -0.1995343 0.6007232 -1.054386 -0.1995635 0.07044976 -1.380721 -0.1993769 0.07044976 -1.380721 -0.1993769 0.6007232 -1.054386 -0.1995635 0.5033111 -1.030359 -0.1995911 0.07044976 -1.380721 -0.1993769 0.5033111 -1.030359 -0.1995911 -0.3260346 -0.9897459 -0.1994935 1.315567 -0.3471091 -0.1996693 1.066788 -0.05448955 -0.1996139 1.172501 -0.6469874 -0.1997361 1.172501 -0.6469874 -0.1997361 1.066788 -0.05448955 -0.1996139 0.652481 -0.6950404 -0.1996812 1.172501 -0.6469874 -0.1997361 0.652481 -0.6950404 -0.1996812 0.9766998 -0.9154166 -0.199638 0.9766998 -0.9154166 -0.199638 0.652481 -0.6950404 -0.1996812 0.7577056 -0.8998644 -0.1995639 0.9766998 -0.9154166 -0.199638 0.7577056 -0.8998644 -0.1995639 0.7186431 -0.9970048 -0.199505 -1.309921 0.8026025 0.3524528 -1.703232 1.017772 0.3528447 -1.33873 0.7625479 0.3831487 -1.33873 0.7625479 0.3831487 -1.703232 1.017772 0.3528447 -1.741318 0.9652859 0.3832744 -1.33873 0.7625479 0.3831487 -1.741318 0.9652859 0.3832744 -1.455917 0.5841812 0.3830126 -1.455917 0.5841812 0.3830126 -1.741318 0.9652859 0.3832744 -1.878036 0.7546164 0.3827584 -1.455917 0.5841812 0.3830126 -1.878036 0.7546164 0.3827584 -1.990829 0.5171276 0.3828237 -0.8155366 -1.485679 0.2756139 -0.9896088 -1.755488 0.2756441 -0.4004975 -1.682193 0.2754488 -0.4004975 -1.682193 0.2754488 -0.9896088 -1.755488 0.2756441 -0.5027924 -2.070755 0.2756842 -0.4004975 -1.682193 0.2754488 -0.5027924 -2.070755 0.2756842 0.05165094 -1.764126 0.2755646 0.05165094 -1.764126 0.2755646 -0.5027924 -2.070755 0.2756842 0.03187555 -2.163904 0.275421 0.05165094 -1.764126 0.2755646 0.03187555 -2.163904 0.275421 0.5731353 -2.123455 0.2753376 -0.7127534 1.649815 -0.306555 -0.8126069 1.844663 0.2753158 -0.2515717 1.887993 -0.3065863 -0.2515717 1.887993 -0.3065863 -0.8126069 1.844663 0.2753158 -0.297226 2.110842 0.2752797 -0.2515717 1.887993 -0.3065863 -0.297226 2.110842 0.2752797 0.2367095 2.004151 -0.3067463 0.2367095 2.004151 -0.3067463 -0.297226 2.110842 0.2752797 0.2440338 2.151292 0.2751963 0.2367095 2.004151 -0.3067463 0.2440338 2.151292 0.2751963 0.7787017 2.058142 0.274933 0.6283111 -0.3356717 0.2703337 0.3985748 -0.5441252 0.2704452 0.3985748 -0.543928 0.1259586 0.3985748 -0.543928 0.1259586 0.3985748 -0.5441252 0.2704452 0.09535211 -0.6096354 0.2705051 0.3985748 -0.543928 0.1259586 0.09535211 -0.6096354 0.2705051 -0.1995697 -0.5147119 0.1258409 -0.1995697 -0.5147119 0.1258409 0.09535211 -0.6096354 0.2705051 -0.1995697 -0.5147451 0.2705084 -0.1995697 -0.5147119 0.1258409 -0.1995697 -0.5147451 0.2705084 -0.4078217 -0.2850409 0.2705785 1.12709 -1.720641 -0.2181801 1.059952 -1.778057 -0.1859188 0.7142486 -2.031933 -0.2181173 0.7142486 -2.031933 -0.2181173 1.059952 -1.778057 -0.1859188 0.6910552 -2.000373 -0.1534765 0.7142486 -2.031933 -0.2181173 0.6910552 -2.000373 -0.1534765 0.1803131 -2.103393 -0.1533614 0.1803131 -2.103393 -0.1533614 0.6910552 -2.000373 -0.1534765 0.621231 -1.89425 -0.153439 0.1803131 -2.103393 -0.1533614 0.621231 -1.89425 -0.153439 0.1239166 -1.968279 -0.1664158 -1.455917 0.5841812 0.3830126 -1.990829 0.5171276 0.3828237 -1.734726 0.2616728 0.3826962 -1.734726 0.2616728 0.3826962 -1.990829 0.5171276 0.3828237 -2.103622 0.4246343 0.3832841 -1.734726 0.2616728 0.3826962 -2.103622 0.4246343 0.3832841 -2.009384 0.09882432 0.3833238 -2.009384 0.09882432 0.3833238 -2.103622 0.4246343 0.3832841 -2.288925 0.3617189 0.3832989 -2.009384 0.09882432 0.3833238 -2.288925 0.3617189 0.3832989 -2.344101 0.1150662 0.3834317 1.585831 -0.8153612 0.3521597 1.979141 -1.030401 0.3526385 1.614639 -0.7752069 0.3826549 1.614639 -0.7752069 0.3826549 1.979141 -1.030401 0.3526385 2.017227 -0.9779619 0.382874 1.614639 -0.7752069 0.3826549 2.017227 -0.9779619 0.382874 1.731827 -0.5968233 0.3824462 1.731827 -0.5968233 0.3824462 2.017227 -0.9779619 0.382874 2.153946 -0.7670606 0.3821917 1.731827 -0.5968233 0.3824462 2.153946 -0.7670606 0.3821917 2.266739 -0.5299167 0.3821094 1.731827 -0.5968233 0.3824462 2.266739 -0.5299167 0.3821094 2.010635 -0.2744618 0.3822368 2.010635 -0.2744618 0.3822368 2.266739 -0.5299167 0.3821094 2.379532 -0.4374742 0.3826835 2.010635 -0.2744618 0.3822368 2.379532 -0.4374742 0.3826835 2.285294 -0.1116642 0.3826438 2.285294 -0.1116642 0.3826438 2.379532 -0.4374742 0.3826835 2.564835 -0.3743779 0.3825048 2.285294 -0.1116642 0.3826438 2.564835 -0.3743779 0.3825048 2.62001 -0.1279062 0.3825358 1.680313 -1.496982 0.3296757 1.419571 -1.200663 0.409075 1.573868 -1.468221 0.4090432 1.573868 -1.468221 0.4090432 1.419571 -1.200663 0.409075 0.9481353 -1.571931 0.4091244 1.573868 -1.468221 0.4090432 0.9481353 -1.571931 0.4091244 1.14296 -1.852283 0.4091544 1.14296 -1.852283 0.4091544 0.9481353 -1.571931 0.4091244 1.136612 -1.962106 0.3297729 1.14296 -1.852283 0.4091544 1.136612 -1.962106 0.3297729 1.680313 -1.496982 0.3296757 -0.6258393 1.480776 -0.3065778 -0.7127534 1.649815 -0.306555 -0.2151947 1.628219 -0.3067536 -0.2151947 1.628219 -0.3067536 -0.7127534 1.649815 -0.306555 -0.2515717 1.887993 -0.3065863 -0.2151947 1.628219 -0.3067536 -0.2515717 1.887993 -0.3065863 0.220108 1.663823 -0.3067298 0.220108 1.663823 -0.3067298 -0.2515717 1.887993 -0.3065863 0.2367095 2.004151 -0.3067463 0.220108 1.663823 -0.3067298 0.2367095 2.004151 -0.3067463 0.7113189 1.840992 -0.3068254 -0.7679291 -1.411935 -0.3061741 -0.8155366 -1.485679 0.2756139 -0.373642 -1.598431 -0.3061919 -0.373642 -1.598431 -0.3061919 -0.8155366 -1.485679 0.2756139 -0.4004975 -1.682193 0.2754488 -0.373642 -1.598431 -0.3061919 -0.4004975 -1.682193 0.2754488 0.05580133 -1.676373 -0.3063981 0.05580133 -1.676373 -0.3063981 -0.4004975 -1.682193 0.2754488 0.05165094 -1.764126 0.2755646 0.05580133 -1.676373 -0.3063981 0.05165094 -1.764126 0.2755646 0.5096588 -1.726781 0.2753285 1.319962 -1.3104 0.2752524 1.535294 -1.547888 0.2753177 1.617081 -0.9598733 0.2752192 1.617081 -0.9598733 0.2752192 1.535294 -1.547888 0.2753177 1.886612 -1.133576 0.2751398 1.617081 -0.9598733 0.2752192 1.886612 -1.133576 0.2751398 1.789444 -0.6233391 0.275016 1.789444 -0.6233391 0.275016 1.886612 -1.133576 0.2751398 2.073379 -0.7235831 0.2749221 0.03187555 -2.163904 0.275421 0.03919976 -2.016536 -0.3062006 0.5731353 -2.123455 0.2753376 0.5731353 -2.123455 0.2753376 0.03919976 -2.016536 -0.3062006 0.527481 -1.900723 -0.3063775 0.5731353 -2.123455 0.2753376 0.527481 -1.900723 -0.3063775 1.088516 -1.857275 0.2753014 1.088516 -1.857275 0.2753014 0.527481 -1.900723 -0.3063775 0.9886627 -1.662364 -0.3065729 2.307754 0.3068199 0.3819798 2.411026 0.2036023 0.3826038 2.39003 0.1836209 0.1318631 2.39003 0.1836209 0.1318631 2.411026 0.2036023 0.3826038 2.589249 0.1228847 0.3826066 2.39003 0.1836209 0.1318631 2.589249 0.1228847 0.3826066 2.571426 0.1050562 0.1618736 2.571426 0.1050562 0.1618736 2.589249 0.1228847 0.3826066 2.62001 -0.1278823 0.1818669 1.066788 -0.05448734 -0.2628742 1.172501 -0.6468213 -0.2628155 0.652481 -0.6950382 -0.2629415 0.652481 -0.6950382 -0.2629415 1.172501 -0.6468213 -0.2628155 0.9766998 -0.9154144 -0.2628982 0.652481 -0.6950382 -0.2629415 0.9766998 -0.9154144 -0.2628982 0.7577056 -0.8998622 -0.2628241 0.7577056 -0.8998622 -0.2628241 0.9766998 -0.9154144 -0.2628982 0.7186431 -0.9970026 -0.2627653 -1.067245 -0.2304571 -0.2625467 -0.7911225 0.0364117 -0.2625489 -0.9544526 -0.542784 -0.2625349 -0.9544526 -0.542784 -0.2625349 -0.7911225 0.0364117 -0.2625489 -0.4415131 -0.6414677 -0.2627248 -0.9544526 -0.542784 -0.2625349 -0.4415131 -0.6414677 -0.2627248 -0.7857514 -0.8291793 -0.2626295 -0.7857514 -0.8291793 -0.2626295 -0.4415131 -0.6414677 -0.2627248 -0.566269 -0.8350587 -0.2625731 1.068741 -1.023477 0.2224832 1.062149 -1.025695 -0.1995343 0.6080474 -1.299509 0.2225528 0.6080474 -1.299509 0.2225528 1.062149 -1.025695 -0.1995343 0.07044976 -1.380721 -0.1993769 0.6080474 -1.299509 0.2225528 0.07044976 -1.380721 -0.1993769 0.07044976 -1.378158 0.2226575 0.07044976 -1.378158 0.2226575 0.07044976 -1.380721 -0.1993769 -0.4439545 -1.248189 0.2228316 2.360489 -0.4154461 0.1317633 2.548721 -0.3548778 0.1618804 2.564835 -0.3743779 0.3825048 2.564835 -0.3743779 0.3825048 2.548721 -0.3548778 0.1618804 2.62001 -0.1278823 0.1818669 2.564835 -0.3743779 0.3825048 2.62001 -0.1278823 0.1818669 2.62001 -0.1279062 0.3825358 2.62001 -0.1279062 0.3825358 2.62001 -0.1278823 0.1818669 2.589249 0.1228847 0.3826066 1.442032 1.175948 0.2750722 1.376846 1.116784 -0.3068616 1.703506 0.7982917 0.2749801 1.703506 0.7982917 0.2749801 1.376846 1.116784 -0.3068616 1.625137 0.7579643 -0.306891 1.703506 0.7982917 0.2749801 1.625137 0.7579643 -0.306891 1.842178 0.4463862 0.2749454 1.842178 0.4463862 0.2749454 1.625137 0.7579643 -0.306891 1.756973 0.4238609 -0.3069138 -2.344101 0.1150901 0.1827628 -2.295517 -0.117604 0.1626687 -2.313339 -0.1353798 0.3833779 -2.313339 -0.1353798 0.3833779 -2.295517 -0.117604 0.1626687 -2.11412 -0.1963192 0.1325227 -2.313339 -0.1353798 0.3833779 -2.11412 -0.1963192 0.1325227 -2.135117 -0.2164422 0.3833639 -2.135117 -0.2164422 0.3833639 -2.11412 -0.1963192 0.1325227 -2.031845 -0.319428 0.3827893 -2.084579 0.4027478 0.1326224 -2.272812 0.3419852 0.1626449 -2.288925 0.3617189 0.3832989 -2.288925 0.3617189 0.3832989 -2.272812 0.3419852 0.1626449 -2.344101 0.1150901 0.1827628 -2.288925 0.3617189 0.3832989 -2.344101 0.1150901 0.1827628 -2.344101 0.1150662 0.3834317 -2.344101 0.1150662 0.3834317 -2.344101 0.1150901 0.1827628 -2.313339 -0.1353798 0.3833779 -1.044052 1.297787 0.2753648 -1.259384 1.535276 0.2752994 -1.341171 0.9472613 0.2753979 -1.341171 0.9472613 0.2753979 -1.259384 1.535276 0.2752994 -1.610702 1.120964 0.2754774 -1.341171 0.9472613 0.2753979 -1.610702 1.120964 0.2754774 -1.513535 0.6107271 0.2756012 -1.513535 0.6107271 0.2756012 -1.610702 1.120964 0.2754774 -1.79747 0.7109711 0.275695 0.2242584 1.751514 0.2750526 0.220108 1.663823 -0.3067298 0.6764068 1.669581 0.2751684 0.6764068 1.669581 0.2751684 0.220108 1.663823 -0.3067298 0.6495513 1.585865 -0.3065912 0.6764068 1.669581 0.2751684 0.6495513 1.585865 -0.3065912 1.091446 1.473067 0.2750034 1.091446 1.473067 0.2750034 0.6495513 1.585865 -0.3065912 1.043838 1.399205 -0.3067898 -1.166122 -1.18856 0.2755449 -1.100937 -1.129333 -0.3062662 -1.427597 -0.8109037 0.275637 -1.427597 -0.8109037 0.275637 -1.100937 -1.129333 -0.3062662 -1.349228 -0.7705137 -0.3062369 -1.427597 -0.8109037 0.275637 -1.349228 -0.7705137 -0.3062369 -1.566269 -0.4589982 0.2756717 -1.566269 -0.4589982 0.2756717 -1.349228 -0.7705137 -0.3062369 -1.481064 -0.4364104 -0.3062141 1.422745 0.2460954 -0.199858 1.391983 -0.3828774 -0.1998741 1.518936 -0.07404744 0.2223688 1.518936 -0.07404744 0.2223688 1.391983 -0.3828774 -0.1998741 1.381729 -0.5942685 -0.2629946 1.518936 -0.07404744 0.2223688 1.381729 -0.5942685 -0.2629946 1.388565 -0.5918881 0.2224642 1.388565 -0.5918881 0.2224642 1.381729 -0.5942685 -0.2629946 1.068741 -1.023477 0.2224832 0.6019439 0.9773835 -0.2629066 0.2279205 1.826388 -0.2629508 0.7013092 0.9915563 -0.2629004 0.7013092 0.9915563 -0.2629004 0.2279205 1.826388 -0.2629508 1.497452 1.226286 -0.2631015 0.7013092 0.9915563 -0.2629004 1.497452 1.226286 -0.2631015 1.157608 0.9179336 -0.2630669 1.157608 0.9179336 -0.2630669 1.497452 1.226286 -0.2631015 1.433243 0.4574738 -0.2629131 0.7013092 0.9915563 -0.2629004 1.157608 0.9179336 -0.2630669 0.8131256 0.9229424 -0.2629932 0.8131256 0.9229424 -0.2629932 1.157608 0.9179336 -0.2630669 1.061661 0.816819 -0.2630308 0.8131256 0.9229424 -0.2629932 1.061661 0.816819 -0.2630308 0.8421783 0.8225175 -0.2629232 0.8421783 0.8225175 -0.2629232 1.061661 0.816819 -0.2630308 0.7174224 0.6289435 -0.2631164 1.530411 1.057196 0.4087117 1.818985 1.326244 0.3293094 1.710098 1.308168 0.4086186 1.710098 1.308168 0.4086186 1.818985 1.326244 0.3293094 1.319229 1.732661 0.4087689 1.710098 1.308168 0.4086186 1.319229 1.732661 0.4087689 1.097549 1.472707 0.4087657 1.097549 1.472707 0.4087657 1.319229 1.732661 0.4087689 1.323624 1.842525 0.3293102 -1.694443 0.08324915 -0.2624907 -1.157577 -0.4700149 -0.2625833 -1.221542 -1.238827 -0.2623948 -1.221542 -1.238827 -0.2623948 -1.157577 -0.4700149 -0.2625833 -0.8816987 -0.9306387 -0.2626104 -1.221542 -1.238827 -0.2623948 -0.8816987 -0.9306387 -0.2626104 -0.4253998 -1.004097 -0.262596 -0.4253998 -1.004097 -0.262596 -0.8816987 -0.9306387 -0.2626104 -0.5372163 -0.9354836 -0.2625032 0.2440338 2.151292 0.2751963 0.2242584 1.751514 0.2750526 0.7787017 2.058142 0.274933 0.7787017 2.058142 0.274933 0.2242584 1.751514 0.2750526 0.6764068 1.669581 0.2751684 0.7787017 2.058142 0.274933 0.6764068 1.669581 0.2751684 1.265518 1.742876 0.2749731 1.265518 1.742876 0.2749731 0.6764068 1.669581 0.2751684 1.091446 1.473067 0.2750034 -0.7796479 1.015532 0.2227569 -0.7862397 1.013331 -0.1996055 -0.3191987 1.291746 0.2225233 -0.3191987 1.291746 0.2225233 -0.7862397 1.013331 -0.1996055 0.2054595 1.368357 -0.1997628 -0.3191987 1.291746 0.2225233 0.2054595 1.368357 -0.1997628 0.2054595 1.365549 0.2225258 0.2054595 1.365549 0.2225258 0.2054595 1.368357 -0.1997628 0.7328033 1.240244 0.2224084 -1.221542 -1.238827 -0.2623948 -0.4253998 -1.004097 -0.262596 0.04798883 -1.838929 -0.2625455 0.04798883 -1.838929 -0.2625455 -0.4253998 -1.004097 -0.262596 -0.3260346 -0.9897438 -0.2627537 0.04798883 -1.838929 -0.2625455 -0.3260346 -0.9897438 -0.2627537 0.5033111 -1.030357 -0.2628512 0.5033111 -1.030357 -0.2628512 -0.3260346 -0.9897438 -0.2627537 0.3980865 -0.8255499 -0.2626237 0.9017486 -1.49367 -0.306567 0.9886627 -1.662364 -0.3065729 0.4911041 -1.640769 -0.3063743 0.4911041 -1.640769 -0.3063743 0.9886627 -1.662364 -0.3065729 0.527481 -1.900723 -0.3063775 0.4911041 -1.640769 -0.3063743 0.527481 -1.900723 -0.3063775 0.05580133 -1.676373 -0.3063981 0.05580133 -1.676373 -0.3063981 0.527481 -1.900723 -0.3063775 0.03919976 -2.016536 -0.3062006 1.275284 -0.2549968 0.1939323 1.174698 -0.520995 0.1938045 1.174698 -0.5207198 -0.2472759 1.174698 -0.5207198 -0.2472759 1.174698 -0.520995 0.1938045 1.026993 -0.7319321 -0.2473001 1.174698 -0.5207198 -0.2472759 1.026993 -0.7319321 -0.2473001 0.9395904 -0.6680934 0.1939972 0.9395904 -0.6680934 0.1939972 1.026993 -0.7319321 -0.2473001 1.026993 -0.7320433 0.1939611 -0.9993745 0.2424298 0.1942151 -0.8987885 0.5082641 0.1941621 -0.8987885 0.5083754 -0.2470991 -0.8987885 0.5083754 -0.2470991 -0.8987885 0.5082641 0.1941621 -0.7510834 0.7194238 -0.2472558 -0.8987885 0.5083754 -0.2470991 -0.7510834 0.7194238 -0.2472558 -0.6636811 0.6555265 0.1941502 -0.6636811 0.6555265 0.1941502 -0.7510834 0.7194238 -0.2472558 -0.7510834 0.7193124 0.1940054 0.8131256 0.9229403 -0.199733 0.8421783 0.8225175 -0.2629232 0.8421783 0.8225154 -0.1996629 0.8421783 0.8225154 -0.1996629 0.8421783 0.8225175 -0.2629232 0.7174224 0.6289435 -0.2631164 0.8421783 0.8225154 -0.1996629 0.7174224 0.6289435 -0.2631164 0.7174224 0.6289413 -0.1998562 0.7174224 0.6289413 -0.1998562 0.7174224 0.6289435 -0.2631164 1.066788 -0.05448955 -0.1996139 0.7230377 -0.0404573 0.2703438 0.7230377 -0.04042404 0.1256763 0.657608 0.2623607 0.2703825 0.657608 0.2623607 0.2703825 0.7230377 -0.04042404 0.1256763 0.449356 0.4924429 0.125802 0.657608 0.2623607 0.2703825 0.449356 0.4924429 0.125802 0.449356 0.4924097 0.2704696 0.449356 0.4924097 0.2704696 0.449356 0.4924429 0.125802 0.15419 0.5869552 0.2704558 -1.520615 0.7778455 0.2233309 -1.094101 1.353248 0.2231303 -1.094101 1.353134 -0.2627354 -1.094101 1.353134 -0.2627354 -1.094101 1.353248 0.2231303 -0.4800873 1.721231 0.2230921 -1.094101 1.353134 -0.2627354 -0.4800873 1.721231 0.2230921 0.2279205 1.826388 -0.2629508 0.2279205 1.826388 -0.2629508 -0.4800873 1.721231 0.2230921 0.2279205 1.826501 0.2229148 0.8131256 0.9229403 -0.199733 1.157608 0.9179314 -0.1998066 0.7013092 0.9915542 -0.1996402 0.7013092 0.9915542 -0.1996402 1.157608 0.9179314 -0.1998066 0.2054595 1.368357 -0.1997628 0.7013092 0.9915542 -0.1996402 0.2054595 1.368357 -0.1997628 0.6019439 0.9772174 -0.1998272 0.6019439 0.9772174 -0.1998272 0.2054595 1.368357 -0.1997628 -0.2274017 1.017994 -0.1995488 1.061661 0.8168168 -0.1997706 0.7174224 0.6289413 -0.1998562 1.230362 0.5302407 -0.1997013 1.230362 0.5302407 -0.1997013 0.7174224 0.6289413 -0.1998562 1.066788 -0.05448955 -0.1996139 1.230362 0.5302407 -0.1997013 1.066788 -0.05448955 -0.1996139 1.343155 0.2179138 -0.1996894 1.343155 0.2179138 -0.1996894 1.066788 -0.05448955 -0.1996139 1.315567 -0.3471091 -0.1996693 -0.5372163 -0.9354858 -0.1992429 -0.566269 -0.8350608 -0.1993129 -0.7857514 -0.8291814 -0.1993693 -0.7857514 -0.8291814 -0.1993693 -0.566269 -0.8350608 -0.1993129 -0.4415131 -0.6414698 -0.1994646 -0.7857514 -0.8291814 -0.1993693 -0.4415131 -0.6414698 -0.1994646 -0.9544526 -0.5427861 -0.1992746 -0.9544526 -0.5427861 -0.1992746 -0.4415131 -0.6414698 -0.1994646 -0.7911225 0.03640949 -0.1992886 -1.694443 0.08336246 0.2233749 -1.694443 0.08324915 -0.2624907 -1.589462 -0.6246037 0.2234467 -1.589462 -0.6246037 0.2234467 -1.694443 0.08324915 -0.2624907 -1.221542 -1.238827 -0.2623948 -1.589462 -0.6246037 0.2234467 -1.221542 -1.238827 -0.2623948 -1.22789 -1.241275 0.2228262 -1.22789 -1.241275 0.2228262 -1.221542 -1.238827 -0.2623948 -0.6465913 -1.665113 0.2233995 0.04798883 -1.83916 0.2233031 0.04798883 -1.838929 -0.2625455 0.7559967 -1.733891 0.2231258 0.7559967 -1.733891 0.2231258 0.04798883 -1.838929 -0.2625455 1.37001 -1.365676 -0.262761 0.7559967 -1.733891 0.2231258 1.37001 -1.365676 -0.262761 1.37001 -1.365726 0.2229236 1.37001 -1.365726 0.2229236 1.37001 -1.365676 -0.262761 1.796524 -0.7905049 0.2228869 1.970352 -0.09618574 0.2226621 1.970352 -0.09613507 -0.2630227 1.865372 0.6119443 0.2227712 1.865372 0.6119443 0.2227712 1.970352 -0.09613507 -0.2630227 1.497452 1.226286 -0.2631015 1.865372 0.6119443 0.2227712 1.497452 1.226286 -0.2631015 1.497452 1.226236 0.2225831 1.497452 1.226236 0.2225831 1.497452 1.226286 -0.2631015 0.9159088 1.650057 0.2223547 1.970352 -0.09618574 0.2226621 1.865372 0.6119443 0.2227712 1.440323 0.460035 0.2223816 1.440323 0.460035 0.2223816 1.865372 0.6119443 0.2227712 1.497452 1.226236 0.2225831 1.440323 0.460035 0.2223816 1.497452 1.226236 0.2225831 1.1642 0.9203139 0.2223917 1.1642 0.9203139 0.2223917 1.497452 1.226236 0.2225831 0.7328033 1.240244 0.2224084 1.440323 0.460035 0.2223816 1.518936 -0.07404744 0.2223688 1.970352 -0.09618574 0.2226621 1.970352 -0.09618574 0.2226621 1.518936 -0.07404744 0.2223688 1.388565 -0.5918881 0.2224642 1.970352 -0.09618574 0.2226621 1.388565 -0.5918881 0.2224642 1.796524 -0.7905049 0.2228869 1.796524 -0.7905049 0.2228869 1.388565 -0.5918881 0.2224642 1.37001 -1.365726 0.2229236 1.497452 1.226236 0.2225831 0.9159088 1.650057 0.2223547 0.7328033 1.240244 0.2224084 0.7328033 1.240244 0.2224084 0.9159088 1.650057 0.2223547 0.2279205 1.826501 0.2229148 0.7328033 1.240244 0.2224084 0.2279205 1.826501 0.2229148 0.2054595 1.365549 0.2225258 0.2054595 1.365549 0.2225258 0.2279205 1.826501 0.2229148 -0.3191987 1.291746 0.2225233 -1.094101 1.353248 0.2231303 -1.520615 0.7778455 0.2233309 -1.099228 0.5842885 0.2227929 -1.099228 0.5842885 0.2227929 -1.520615 0.7778455 0.2233309 -1.694443 0.08336246 0.2233749 -1.099228 0.5842885 0.2227929 -1.694443 0.08336246 0.2233749 -1.230087 0.06040447 0.2227636 -1.230087 0.06040447 0.2227636 -1.694443 0.08336246 0.2233749 -1.150742 -0.4676346 0.2228754 -1.694443 0.08336246 0.2233749 -1.589462 -0.6246037 0.2234467 -1.150742 -0.4676346 0.2228754 -1.150742 -0.4676346 0.2228754 -1.589462 -0.6246037 0.2234467 -1.22789 -1.241275 0.2228262 -1.150742 -0.4676346 0.2228754 -1.22789 -1.241275 0.2228262 -0.8751069 -0.9282584 0.2228483 -0.8751069 -0.9282584 0.2228483 -1.22789 -1.241275 0.2228262 -0.4439545 -1.248189 0.2228316 -1.22789 -1.241275 0.2228262 -0.6465913 -1.665113 0.2233995 -0.4439545 -1.248189 0.2228316 -0.4439545 -1.248189 0.2228316 -0.6465913 -1.665113 0.2233995 0.04798883 -1.83916 0.2233031 -0.4439545 -1.248189 0.2228316 0.04798883 -1.83916 0.2233031 0.07044976 -1.378158 0.2226575 0.07044976 -1.378158 0.2226575 0.04798883 -1.83916 0.2233031 0.6080474 -1.299509 0.2225528 -1.254501 -1.06984 0.4094639 -1.543076 -1.33903 0.33019 -1.434189 -1.320812 0.4095571 -1.434189 -1.320812 0.4095571 -1.543076 -1.33903 0.33019 -1.04332 -1.745305 0.4094068 -1.434189 -1.320812 0.4095571 -1.04332 -1.745305 0.4094068 -0.8216401 -1.485351 0.4094101 -0.8216401 -1.485351 0.4094101 -1.04332 -1.745305 0.4094068 -1.047714 -1.855129 0.3300253 2.473038 -0.1206917 0.1938012 2.053604 -0.7521916 0.192451 2.408585 -0.1174948 -0.05026775 2.408585 -0.1174948 -0.05026775 2.053604 -0.7521916 0.192451 1.943741 -0.746632 -0.03992128 2.408585 -0.1174948 -0.05026775 1.943741 -0.746632 -0.03992128 1.861465 -0.6578334 -0.2778762 1.1642 0.9203139 0.2223917 1.157608 0.9179314 -0.1998066 1.440323 0.460035 0.2223816 1.440323 0.460035 0.2223816 1.157608 0.9179314 -0.1998066 1.157608 0.9179336 -0.2630669 1.440323 0.460035 0.2223816 1.157608 0.9179336 -0.2630669 1.433243 0.4574738 -0.2629131 -0.1995697 -0.5147119 0.1258409 -0.4078217 -0.2850409 0.2705785 -0.4734956 0.01815515 0.1259666 -0.4734956 0.01815515 0.1259666 -0.4078217 -0.2850409 0.2705785 -0.4734956 0.01812195 0.2706341 -0.4734956 0.01815515 0.1259666 -0.4734956 0.01812195 0.2706341 -0.3785248 0.3131724 0.2704634 -0.4734956 0.01815515 0.1259666 -0.3785248 0.3131724 0.2704634 -0.1487885 0.5218231 0.1258652 -0.1487885 0.5218231 0.1258652 -0.3785248 0.3131724 0.2704634 -0.1487885 0.5216259 0.2703518 -0.1487885 0.5218231 0.1258652 -0.1487885 0.5216259 0.2703518 0.15419 0.5869552 0.2704558 2.473038 -0.1206917 0.1938012 2.117569 0.5487982 0.1923544 2.053604 -0.7521916 0.192451 2.053604 -0.7521916 0.192451 2.117569 0.5487982 0.1923544 1.735489 0.4752983 0.07379692 2.053604 -0.7521916 0.192451 1.735489 0.4752983 0.07379692 1.680557 -0.6417902 0.07395637 -0.2132416 -0.1849609 0.2704915 -0.4078217 -0.2850409 0.2705785 0.1060943 -0.3908195 0.2705579 0.1060943 -0.3908195 0.2705579 -0.4078217 -0.2850409 0.2705785 -0.1995697 -0.5147451 0.2705084 0.1060943 -0.3908195 0.2705579 -0.1995697 -0.5147451 0.2705084 0.09535211 -0.6096354 0.2705051 0.1060943 -0.3908195 0.2705579 0.09535211 -0.6096354 0.2705051 0.4442291 -0.2172807 0.2704564 0.4442291 -0.2172807 0.2704564 0.09535211 -0.6096354 0.2705051 0.3985748 -0.5441252 0.2704452 0.4442291 -0.2172807 0.2704564 0.3985748 -0.5441252 0.2704452 0.6283111 -0.3356717 0.2703337 0.4442291 -0.2172807 0.2704564 0.6283111 -0.3356717 0.2703337 0.4627838 0.1624615 0.2703056 0.4627838 0.1624615 0.2703056 0.6283111 -0.3356717 0.2703337 0.7230377 -0.0404573 0.2703438 0.4627838 0.1624615 0.2703056 0.7230377 -0.0404573 0.2703438 0.657608 0.2623607 0.2703825 1.376846 1.116784 -0.3068616 1.517715 1.244339 -0.3068064 1.625137 0.7579643 -0.306891 1.625137 0.7579643 -0.306891 1.517715 1.244339 -0.3068064 1.794327 0.844906 -0.3069332 1.625137 0.7579643 -0.306891 1.794327 0.844906 -0.3069332 1.925186 0.4819314 -0.3068214 0.1434478 0.3681393 0.2704031 0.15419 0.5869552 0.2704558 -0.1946869 0.1946004 0.2705045 -0.1946869 0.1946004 0.2705045 0.15419 0.5869552 0.2704558 -0.1487885 0.5216259 0.2703518 -0.1946869 0.1946004 0.2705045 -0.1487885 0.5216259 0.2703518 -0.3785248 0.3131724 0.2704634 -0.1946869 0.1946004 0.2705045 -0.3785248 0.3131724 0.2704634 -0.2132416 -0.1849609 0.2704915 -0.2132416 -0.1849609 0.2704915 -0.3785248 0.3131724 0.2704634 -0.4734956 0.01812195 0.2706341 -0.2132416 -0.1849609 0.2704915 -0.4734956 0.01812195 0.2706341 -0.4078217 -0.2850409 0.2705785 1.517471 -0.2912308 -0.2358088 1.517471 -0.291297 0.2080473 0.9344635 -0.2627044 -0.2359604 0.9344635 -0.2627044 -0.2359604 1.517471 -0.291297 0.2080473 0.9344635 -0.2626066 0.2080765 0.9344635 -0.2627044 -0.2359604 0.9344635 -0.2626066 0.2080765 1.076065 -0.05242878 0.2080498 0.5789947 -0.245173 0.2436758 0.9019927 -0.2609062 0.2437658 1.01503 -0.04882323 0.24366 1.01503 -0.04882323 0.24366 0.9019927 -0.2609062 0.2437658 0.9627838 -0.2638773 0.1706801 1.01503 -0.04882323 0.24366 0.9627838 -0.2638773 0.1706801 1.081436 -0.05213922 0.1705573 1.157608 0.9179314 -0.1998066 0.8131256 0.9229403 -0.199733 1.061661 0.8168168 -0.1997706 1.061661 0.8168168 -0.1997706 0.8131256 0.9229403 -0.199733 0.8421783 0.8225154 -0.1996629 1.061661 0.8168168 -0.1997706 0.8421783 0.8225154 -0.1996629 0.7174224 0.6289413 -0.1998562 1.12709 -1.720641 -0.2181801 1.059463 -1.685072 -0.1858364 1.059952 -1.778057 -0.1859188 1.059952 -1.778057 -0.1859188 1.059463 -1.685072 -0.1858364 0.621231 -1.89425 -0.153439 1.059952 -1.778057 -0.1859188 0.621231 -1.89425 -0.153439 0.6910552 -2.000373 -0.1534765 0.9344635 -0.2626066 0.2080765 1.517471 -0.291297 0.2080473 1.076065 -0.05242878 0.2080498 1.076065 -0.05242878 0.2080498 1.517471 -0.291297 0.2080473 1.538712 0.1425415 0.2079661 1.076065 -0.05242878 0.2080498 1.538712 0.1425415 0.2079661 0.9557037 0.171051 0.2081593 -0.8965913 0.634278 -0.1994207 -1.039658 0.3345636 -0.1993066 -0.7911225 0.03640949 -0.1992886 -0.7911225 0.03640949 -0.1992886 -1.039658 0.3345636 -0.1993066 -1.067245 -0.2304593 -0.1992865 -0.7911225 0.03640949 -0.1992886 -1.067245 -0.2304593 -0.1992865 -0.9544526 -0.5427861 -0.1992746 -0.7862397 1.013152 -0.2627018 -0.7862397 1.013331 -0.1996055 -1.10582 0.5819082 -0.2626658 -1.10582 0.5819082 -0.2626658 -0.7862397 1.013331 -0.1996055 -0.7796479 1.015532 0.2227569 -1.10582 0.5819082 -0.2626658 -0.7796479 1.015532 0.2227569 -1.099228 0.5842885 0.2227929 -0.9993745 0.2424298 0.1942151 -0.8965913 0.2152997 0.1940898 -0.8987885 0.5082641 0.1941621 -0.8987885 0.5082641 0.1941621 -0.8965913 0.2152997 0.1940898 -0.6636811 0.6555265 0.1941502 -0.8987885 0.5082641 0.1941621 -0.6636811 0.6555265 0.1941502 -0.7510834 0.7193124 0.1940054 1.275284 -0.2549968 0.1939323 1.172501 -0.2280306 0.1938767 1.174698 -0.520995 0.1938045 1.174698 -0.520995 0.1938045 1.172501 -0.2280306 0.1938767 0.9395904 -0.6680934 0.1939972 1.174698 -0.520995 0.1938045 0.9395904 -0.6680934 0.1939972 1.026993 -0.7320433 0.1939611 -1.266464 0.2745215 -0.240114 -1.266464 0.2744554 0.203742 -0.6834565 0.246012 -0.2403073 -0.6834565 0.246012 -0.2403073 -1.266464 0.2744554 0.203742 -0.6834565 0.2459458 0.2035488 -0.6834565 0.246012 -0.2403073 -0.6834565 0.2459458 0.2035488 -0.8250581 0.03524237 0.2037225 -0.6834565 0.2459458 0.2035488 -1.266464 0.2744554 0.203742 -0.8250581 0.03524237 0.2037225 -0.8250581 0.03524237 0.2037225 -1.266464 0.2744554 0.203742 -1.287704 -0.159547 0.2036423 -0.8250581 0.03524237 0.2037225 -1.287704 -0.159547 0.2036423 -0.7046967 -0.1880735 0.203794 1.781876 0.4255388 0.3824644 2.103409 0.7770995 0.3824822 1.682999 0.6146128 0.3827818 1.682999 0.6146128 0.3827818 2.103409 0.7770995 0.3824822 2.070694 0.833034 0.3522221 1.682999 0.6146128 0.3827818 2.070694 0.833034 0.3522221 1.658096 0.6574432 0.3518769 -1.259384 1.535276 0.2752994 -1.112411 1.373256 -0.3063384 -1.610702 1.120964 0.2754774 -1.610702 1.120964 0.2754774 -1.112411 1.373256 -0.3063384 -1.426865 1.002514 -0.306436 -1.610702 1.120964 0.2754774 -1.426865 1.002514 -0.306436 -1.59288 0.6544018 -0.306284 2.007706 0.5540129 -0.04003483 2.408585 -0.1174948 -0.05026775 1.917129 0.4737727 -0.2780125 1.917129 0.4737727 -0.2780125 2.408585 -0.1174948 -0.05026775 2.138077 -0.1042862 -0.2905601 1.917129 0.4737727 -0.2780125 2.138077 -0.1042862 -0.2905601 1.858292 -0.09049725 -0.3073385 0.2367095 2.004151 -0.3067463 0.7787017 2.058142 0.274933 0.7113189 1.840992 -0.3068254 0.7113189 1.840992 -0.3068254 0.7787017 2.058142 0.274933 1.265518 1.742876 0.2749731 0.7113189 1.840992 -0.3068254 1.265518 1.742876 0.2749731 1.146866 1.558916 -0.3068804 -0.8751069 -0.9282584 0.2228483 -0.8816987 -0.9306409 -0.1993501 -1.150742 -0.4676346 0.2228754 -1.150742 -0.4676346 0.2228754 -0.8816987 -0.9306409 -0.1993501 -0.8816987 -0.9306387 -0.2626104 -1.150742 -0.4676346 0.2228754 -0.8816987 -0.9306387 -0.2626104 -1.157577 -0.4700149 -0.2625833 0.6007232 -1.054383 -0.2628238 1.062149 -1.025693 -0.2627946 1.37001 -1.365676 -0.262761 1.37001 -1.365676 -0.262761 1.062149 -1.025693 -0.2627946 1.381729 -0.5942685 -0.2629946 1.37001 -1.365676 -0.262761 1.381729 -0.5942685 -0.2629946 1.970352 -0.09613507 -0.2630227 0.05165094 -1.764126 0.2755646 0.5731353 -2.123455 0.2753376 0.5096588 -1.726781 0.2753285 0.5096588 -1.726781 0.2753285 0.5731353 -2.123455 0.2753376 1.088516 -1.857275 0.2753014 0.5096588 -1.726781 0.2753285 1.088516 -1.857275 0.2753014 0.9420318 -1.571915 0.2753452 1.230362 0.5302429 -0.2629615 1.343155 0.217916 -0.2629497 1.066788 -0.05448734 -0.2628742 1.066788 -0.05448734 -0.2628742 1.343155 0.217916 -0.2629497 1.315567 -0.3471069 -0.2629295 1.066788 -0.05448734 -0.2628742 1.315567 -0.3471069 -0.2629295 1.172501 -0.6468213 -0.2628155 -1.505966 -0.4383618 0.3831583 -1.827499 -0.7897585 0.3833215 -1.407089 -0.6272888 0.3833667 -1.407089 -0.6272888 0.3833667 -1.827499 -0.7897585 0.3833215 -1.794785 -0.8454819 0.3530972 -1.407089 -0.6272888 0.3833667 -1.794785 -0.8454819 0.3530972 -1.382187 -0.6700209 0.3525718 1.422501 0.2409079 -0.263028 1.422745 0.2460954 -0.199858 1.433243 0.4574738 -0.2629131 1.433243 0.4574738 -0.2629131 1.422745 0.2460954 -0.199858 1.518936 -0.07404744 0.2223688 1.433243 0.4574738 -0.2629131 1.518936 -0.07404744 0.2223688 1.440323 0.460035 0.2223816 0.05580133 -1.676373 -0.3063981 0.5096588 -1.726781 0.2753285 0.4911041 -1.640769 -0.3063743 0.4911041 -1.640769 -0.3063743 0.5096588 -1.726781 0.2753285 0.9420318 -1.571915 0.2753452 0.4911041 -1.640769 -0.3063743 0.9420318 -1.571915 0.2753452 0.9017486 -1.49367 -0.306567 1.535294 -1.547888 0.2753177 1.388321 -1.385642 -0.3066086 1.886612 -1.133576 0.2751398 1.886612 -1.133576 0.2751398 1.388321 -1.385642 -0.3066086 1.702774 -1.015063 -0.306692 1.886612 -1.133576 0.2751398 1.702774 -1.015063 -0.306692 1.86879 -0.6667872 -0.306663 -1.100937 -1.129333 -0.3062662 -1.241806 -1.256888 -0.3063215 -1.349228 -0.7705137 -0.3062369 -1.349228 -0.7705137 -0.3062369 -1.241806 -1.256888 -0.3063215 -1.518417 -0.8574555 -0.3061947 -1.349228 -0.7705137 -0.3062369 -1.518417 -0.8574555 -0.3061947 -1.649277 -0.4946618 -0.3061426 -0.3289643 0.2285719 0.2440031 -0.6519623 0.244305 0.2439132 -0.7671967 0.03256696 0.2440359 -0.7671967 0.03256696 0.2440359 -0.6519623 0.244305 0.2439132 -0.7127534 0.2473772 0.170952 -0.7671967 0.03256696 0.2440359 -0.7127534 0.2473772 0.170952 -0.8338471 0.03582012 0.1709108 -1.731796 -0.5665581 -0.03935539 -2.132675 0.1049165 -0.04951947 -1.64122 -0.4863976 -0.2773898 -1.64122 -0.4863976 -0.2773898 -2.132675 0.1049165 -0.04951947 -1.862411 0.09150385 -0.2897393 -1.64122 -0.4863976 -0.2773898 -1.862411 0.09150385 -0.2897393 -1.582382 0.07781785 -0.30666 -2.197128 0.1079439 0.1945101 -1.777695 0.7395795 0.1931015 -2.132675 0.1049165 -0.04951947 -2.132675 0.1049165 -0.04951947 -1.777695 0.7395795 0.1931015 -1.667831 0.7340869 -0.03946894 -2.132675 0.1049165 -0.04951947 -1.667831 0.7340869 -0.03946894 -1.585556 0.6453725 -0.2773451 -0.8511811 1.708204 -0.2181243 -0.7835541 1.672565 -0.1858284 -0.7840424 1.76555 -0.185746 -0.7840424 1.76555 -0.185746 -0.7835541 1.672565 -0.1858284 -0.3453217 1.881854 -0.1537501 -0.7840424 1.76555 -0.185746 -0.3453217 1.881854 -0.1537501 -0.4151459 1.987813 -0.1538934 -2.197128 0.1079439 0.1945101 -1.84166 -0.5614103 0.1931982 -1.777695 0.7395795 0.1931015 -1.777695 0.7395795 0.1931015 -1.84166 -0.5614103 0.1931982 -1.459579 -0.4878118 0.07444781 -1.777695 0.7395795 0.1931015 -1.459579 -0.4878118 0.07444781 -1.404648 0.6292768 0.07428836 0.4627838 0.1624615 0.2703056 0.657608 0.2623607 0.2703825 0.1434478 0.3681393 0.2704031 0.1434478 0.3681393 0.2704031 0.657608 0.2623607 0.2703825 0.449356 0.4924097 0.2704696 0.1434478 0.3681393 0.2704031 0.449356 0.4924097 0.2704696 0.15419 0.5869552 0.2704558 2.473038 -0.1206917 0.1938012 2.408585 -0.1174948 -0.05026775 2.117569 0.5487982 0.1923544 2.117569 0.5487982 0.1923544 2.408585 -0.1174948 -0.05026775 2.007706 0.5540129 -0.04003483 -1.172958 1.420275 -0.3169876 -1.020126 1.188665 -0.3169786 -1.404404 1.484197 0.3298236 -1.404404 1.484197 0.3298236 -1.020126 1.188665 -0.3169786 -1.143661 1.188183 0.4092816 -0.5272065 1.544036 -0.317119 -0.672226 1.559287 0.4090513 -1.020126 1.188665 -0.3169786 -1.020126 1.188665 -0.3169786 -0.672226 1.559287 0.4090513 -1.143661 1.188183 0.4092816 -0.672226 1.559287 0.4090513 -0.5272065 1.544036 -0.317119 -0.8607026 1.949321 0.3297266 -0.8607026 1.949321 0.3297266 -0.5272065 1.544036 -0.317119 -0.6959077 1.80675 -0.31698 -0.6959077 1.80675 -0.31698 -1.172958 1.420275 -0.3169876 -0.8607026 1.949321 0.3297266 -0.8607026 1.949321 0.3297266 -1.172958 1.420275 -0.3169876 -1.404404 1.484197 0.3298236 -1.020126 1.188665 -0.3169786 -1.172958 1.420275 -0.3169876 -0.5272065 1.544036 -0.317119 -0.5272065 1.544036 -0.317119 -1.172958 1.420275 -0.3169876 -0.6959077 1.80675 -0.31698 -1.306503 -1.297863 -0.3166344 -1.543076 -1.33903 0.33019 -1.131699 -1.082331 -0.3165705 -1.131699 -1.082331 -0.3165705 -1.543076 -1.33903 0.33019 -1.254501 -1.06984 0.4094639 -0.6758881 -1.484014 -0.3166352 -1.131699 -1.082331 -0.3165705 -0.8216401 -1.485351 0.4094101 -0.8216401 -1.485351 0.4094101 -1.131699 -1.082331 -0.3165705 -1.254501 -1.06984 0.4094639 -0.8216401 -1.485351 0.4094101 -1.047714 -1.855129 0.3300253 -0.6758881 -1.484014 -0.3166352 -0.6758881 -1.484014 -0.3166352 -1.047714 -1.855129 0.3300253 -0.8697358 -1.729106 -0.3165984 -0.8697358 -1.729106 -0.3165984 -1.047714 -1.855129 0.3300253 -1.306503 -1.297863 -0.3166344 -1.306503 -1.297863 -0.3166344 -1.047714 -1.855129 0.3300253 -1.543076 -1.33903 0.33019 -1.131699 -1.082331 -0.3165705 -0.6758881 -1.484014 -0.3166352 -1.306503 -1.297863 -0.3166344 -1.306503 -1.297863 -0.3166344 -0.6758881 -1.484014 -0.3166352 -0.8697358 -1.729106 -0.3165984 1.448868 -1.433004 -0.3170631 1.296036 -1.201214 -0.317236 1.680313 -1.496982 0.3296757 1.680313 -1.496982 0.3296757 1.296036 -1.201214 -0.317236 1.419571 -1.200663 0.409075 0.8031158 -1.556421 -0.3169147 0.9481353 -1.571931 0.4091244 1.296036 -1.201214 -0.317236 1.296036 -1.201214 -0.317236 0.9481353 -1.571931 0.4091244 1.419571 -1.200663 0.409075 0.9481353 -1.571931 0.4091244 0.8031158 -1.556421 -0.3169147 1.136612 -1.962106 0.3297729 1.136612 -1.962106 0.3297729 0.8031158 -1.556421 -0.3169147 0.971817 -1.819135 -0.3170538 0.971817 -1.819135 -0.3170538 1.448868 -1.433004 -0.3170631 1.136612 -1.962106 0.3297729 1.136612 -1.962106 0.3297729 1.448868 -1.433004 -0.3170631 1.680313 -1.496982 0.3296757 1.296036 -1.201214 -0.317236 1.448868 -1.433004 -0.3170631 0.8031158 -1.556421 -0.3169147 0.8031158 -1.556421 -0.3169147 1.448868 -1.433004 -0.3170631 0.971817 -1.819135 -0.3170538 -0.6661225 1.559303 0.275272 -0.2337494 1.714169 0.2752887 -0.8126069 1.844663 0.2753158 -0.8126069 1.844663 0.2753158 -0.2337494 1.714169 0.2752887 -0.297226 2.110842 0.2752797 -0.2337494 1.714169 0.2752887 0.2242584 1.751514 0.2750526 -0.297226 2.110842 0.2752797 -0.297226 2.110842 0.2752797 0.2242584 1.751514 0.2750526 0.2440338 2.151292 0.2751963 -0.9849702 1.232563 -0.3063489 -1.267197 0.899675 -0.3064847 -1.112411 1.373256 -0.3063384 -1.112411 1.373256 -0.3063384 -1.267197 0.899675 -0.3064847 -1.426865 1.002514 -0.306436 -1.426865 1.002514 -0.306436 -1.267197 0.899675 -0.3064847 -1.59288 0.6544018 -0.306284 -1.59288 0.6544018 -0.306284 -1.267197 0.899675 -0.3064847 -1.431015 0.5799084 -0.3063205 -0.6258393 1.480776 -0.3065778 -0.2151947 1.628219 -0.3067536 -0.6661225 1.559303 0.275272 -0.6661225 1.559303 0.275272 -0.2151947 1.628219 -0.3067536 -0.2337494 1.714169 0.2752887 -0.2151947 1.628219 -0.3067536 0.220108 1.663823 -0.3067298 -0.2337494 1.714169 0.2752887 -0.2337494 1.714169 0.2752887 0.220108 1.663823 -0.3067298 0.2242584 1.751514 0.2750526 -1.044052 1.297787 0.2753648 -1.341171 0.9472613 0.2753979 -0.9849702 1.232563 -0.3063489 -0.9849702 1.232563 -0.3063489 -1.341171 0.9472613 0.2753979 -1.267197 0.899675 -0.3064847 -1.341171 0.9472613 0.2753979 -1.513535 0.6107271 0.2756012 -1.267197 0.899675 -0.3064847 -1.267197 0.899675 -0.3064847 -1.513535 0.6107271 0.2756012 -1.431015 0.5799084 -0.3063205 0.1519927 1.955613 -0.1668857 0.1519927 1.955723 -0.2569313 0.1685943 2.170569 -0.2183572 0.1685943 2.170569 -0.2183572 0.1519927 1.955723 -0.2569313 0.09559625 2.090775 -0.2722358 -0.8511811 1.708204 -0.2181243 -0.4383393 2.019497 -0.2181871 -0.785019 1.745603 -0.2721119 -0.785019 1.745603 -0.2721119 -0.4383393 2.019497 -0.2181871 -0.4151459 1.987755 -0.2721205 -0.7679291 -1.411935 -0.3061741 -0.373642 -1.598431 -0.3061919 -0.8709565 -1.571301 -0.3060666 -0.8709565 -1.571301 -0.3060666 -0.373642 -1.598431 -0.3061919 -0.4354096 -1.853541 -0.3063024 -0.373642 -1.598431 -0.3061919 0.05580133 -1.676373 -0.3063981 -0.4354096 -1.853541 -0.3063024 -0.4354096 -1.853541 -0.3063024 0.05580133 -1.676373 -0.3063981 0.03919976 -2.016536 -0.3062006 -1.166122 -1.18856 0.2755449 -1.427597 -0.8109037 0.275637 -1.403915 -1.403927 0.2756619 -1.403915 -1.403927 0.2756619 -1.427597 -0.8109037 0.275637 -1.712997 -0.9574764 0.2756829 -1.427597 -0.8109037 0.275637 -1.566269 -0.4589982 0.2756717 -1.712997 -0.9574764 0.2756829 -1.712997 -0.9574764 0.2756829 -1.566269 -0.4589982 0.2756717 -1.858505 -0.5310776 0.2757541 -0.8709565 -1.571301 -0.3060666 -0.4354096 -1.853541 -0.3063024 -0.9896088 -1.755488 0.2756441 -0.9896088 -1.755488 0.2756441 -0.4354096 -1.853541 -0.3063024 -0.5027924 -2.070755 0.2756842 -0.4354096 -1.853541 -0.3063024 0.03919976 -2.016536 -0.3062006 -0.5027924 -2.070755 0.2756842 -0.5027924 -2.070755 0.2756842 0.03919976 -2.016536 -0.3062006 0.03187555 -2.163904 0.275421 -1.403915 -1.403927 0.2756619 -1.712997 -0.9574764 0.2756829 -1.241806 -1.256888 -0.3063215 -1.241806 -1.256888 -0.3063215 -1.712997 -0.9574764 0.2756829 -1.518417 -0.8574555 -0.3061947 -1.518417 -0.8574555 -0.3061947 -1.712997 -0.9574764 0.2756829 -1.649277 -0.4946618 -0.3061426 -1.649277 -0.4946618 -0.3061426 -1.712997 -0.9574764 0.2756829 -1.858505 -0.5310776 0.2757541 1.260879 -1.244948 -0.306598 1.543106 -0.9122245 -0.3066432 1.388321 -1.385642 -0.3066086 1.388321 -1.385642 -0.3066086 1.543106 -0.9122245 -0.3066432 1.702774 -1.015063 -0.306692 1.702774 -1.015063 -0.306692 1.543106 -0.9122245 -0.3066432 1.86879 -0.6667872 -0.306663 1.86879 -0.6667872 -0.306663 1.543106 -0.9122245 -0.3066432 1.706924 -0.5924578 -0.3068074 1.319962 -1.3104 0.2752524 1.617081 -0.9598733 0.2752192 1.260879 -1.244948 -0.306598 1.260879 -1.244948 -0.306598 1.617081 -0.9598733 0.2752192 1.543106 -0.9122245 -0.3066432 1.617081 -0.9598733 0.2752192 1.789444 -0.6233391 0.275016 1.543106 -0.9122245 -0.3066432 1.543106 -0.9122245 -0.3066432 1.789444 -0.6233391 0.275016 1.706924 -0.5924578 -0.3068074 1.979141 -1.030401 0.3526385 1.585831 -0.8153612 0.3521597 1.757706 -0.9355551 -0.3207546 1.757706 -0.9355551 -0.3207546 1.585831 -0.8153612 0.3521597 1.547012 -0.7939512 -0.3357366 -0.3502045 -0.2055457 0.1408836 -0.3502045 -0.2054305 0.2439033 -0.7339936 -0.1866251 0.1708523 -0.7339936 -0.1866251 0.1708523 -0.3502045 -0.2054305 0.2439033 -0.6732026 -0.1895334 0.2439944 1.614639 -0.7752069 0.3826549 1.731827 -0.5968233 0.3824462 1.708878 -0.4863503 -0.3380551 1.708878 -0.4863503 -0.3380551 1.731827 -0.5968233 0.3824462 2.054581 -0.2751681 0.0418753 1.731827 -0.5968233 0.3824462 2.010635 -0.2744618 0.3822368 2.054581 -0.2751681 0.0418753 2.054581 -0.2751681 0.0418753 2.010635 -0.2744618 0.3822368 2.285294 -0.1116906 0.1619227 1.043838 1.399205 -0.3067898 0.6495513 1.585865 -0.3065912 1.146866 1.558916 -0.3068804 1.146866 1.558916 -0.3068804 0.6495513 1.585865 -0.3065912 0.7113189 1.840992 -0.3068254 1.442032 1.175948 0.2750722 1.703506 0.7982917 0.2749801 1.679825 1.391315 0.2749553 1.679825 1.391315 0.2749553 1.703506 0.7982917 0.2749801 1.988907 0.9448643 0.2749342 1.703506 0.7982917 0.2749801 1.842178 0.4463862 0.2749454 1.988907 0.9448643 0.2749342 1.988907 0.9448643 0.2749342 1.842178 0.4463862 0.2749454 2.134415 0.5184655 0.2748631 1.679825 1.391315 0.2749553 1.988907 0.9448643 0.2749342 1.517715 1.244339 -0.3068064 1.517715 1.244339 -0.3068064 1.988907 0.9448643 0.2749342 1.794327 0.844906 -0.3069332 1.794327 0.844906 -0.3069332 1.988907 0.9448643 0.2749342 1.925186 0.4819314 -0.3068214 1.925186 0.4819314 -0.3068214 1.988907 0.9448643 0.2749342 2.134415 0.5184655 0.2748631 0.3162994 1.947483 -0.1667674 0.3206939 2.163311 -0.2183687 0.3162994 1.947594 -0.2568128 0.3162994 1.947594 -0.2568128 0.3206939 2.163311 -0.2183687 0.3856353 2.076602 -0.2722418 1.219376 1.574676 -0.2724005 0.8040924 1.825467 -0.2723296 1.228165 1.6471 -0.2724659 1.228165 1.6471 -0.2724659 0.8040924 1.825467 -0.2723296 0.8839263 1.924167 -0.2724846 1.582413 1.285478 -0.3173993 1.818985 1.326244 0.3293094 1.407608 1.069766 -0.3172993 1.407608 1.069766 -0.3172993 1.818985 1.326244 0.3293094 1.530411 1.057196 0.4087117 0.9517974 1.471448 -0.3172345 1.407608 1.069766 -0.3172993 1.097549 1.472707 0.4087657 1.097549 1.472707 0.4087657 1.407608 1.069766 -0.3172993 1.530411 1.057196 0.4087117 1.097549 1.472707 0.4087657 1.323624 1.842525 0.3293102 0.9517974 1.471448 -0.3172345 0.9517974 1.471448 -0.3172345 1.323624 1.842525 0.3293102 1.145645 1.716541 -0.3172714 1.145645 1.716541 -0.3172714 1.323624 1.842525 0.3293102 1.582413 1.285478 -0.3173993 1.582413 1.285478 -0.3173993 1.323624 1.842525 0.3293102 1.818985 1.326244 0.3293094 1.407608 1.069766 -0.3172993 0.9517974 1.471448 -0.3172345 1.582413 1.285478 -0.3173993 1.582413 1.285478 -0.3173993 0.9517974 1.471448 -0.3172345 1.145645 1.716541 -0.3172714 2.070694 0.833034 0.3522221 2.103409 0.7770995 0.3824822 1.840958 0.7603843 -0.320945 1.840958 0.7603843 -0.320945 2.103409 0.7770995 0.3824822 1.969864 0.5165135 -0.3351939 2.103409 0.7770995 0.3824822 2.218887 0.5538005 0.3822088 1.969864 0.5165135 -0.3351939 1.969864 0.5165135 -0.3351939 2.218887 0.5538005 0.3822088 2.271866 0.2890178 0.05183881 1.840958 0.7603843 -0.320945 1.969864 0.5165135 -0.3351939 1.617569 0.6401282 -0.3358511 1.617569 0.6401282 -0.3358511 1.969864 0.5165135 -0.3351939 1.748184 0.3178855 -0.3380557 2.218887 0.5538005 0.3822088 2.307754 0.3068199 0.3819798 2.271866 0.2890178 0.05183881 2.271866 0.2890178 0.05183881 2.307754 0.3068199 0.3819798 2.39003 0.1836209 0.1318631 1.969864 0.5165135 -0.3351939 2.271866 0.2890178 0.05183881 1.748184 0.3178855 -0.3380557 1.748184 0.3178855 -0.3380557 2.271866 0.2890178 0.05183881 2.071671 0.0739786 0.04177421 2.271866 0.2890178 0.05183881 2.39003 0.1836209 0.1318631 2.071671 0.0739786 0.04177421 2.071671 0.0739786 0.04177421 2.39003 0.1836209 0.1318631 2.285294 -0.1116906 0.1619227 2.62001 -0.1278823 0.1818669 2.285294 -0.1116906 0.1619227 2.571426 0.1050562 0.1618736 2.571426 0.1050562 0.1618736 2.285294 -0.1116906 0.1619227 2.39003 0.1836209 0.1318631 -0.2117767 2.002497 -0.2064062 0.2271881 1.984235 -0.3094549 0.2337799 2.115786 0.2134724 0.2337799 2.115786 0.2134724 0.2271881 1.984235 -0.3094549 0.6659088 1.959634 -0.2064417 0.6659088 1.959634 -0.2064417 0.2271881 1.984235 -0.3094549 0.2454986 2.357005 -0.2733064 0.2454986 2.357005 -0.2733064 0.2271881 1.984235 -0.3094549 -0.2117767 2.002497 -0.2064062 -0.2117767 2.002497 -0.2064062 0.2337799 2.115786 0.2134724 0.2454986 2.357005 -0.2733064 0.2454986 2.357005 -0.2733064 0.2337799 2.115786 0.2134724 0.6659088 1.959634 -0.2064417 1.585831 -0.8153612 0.3521597 1.614639 -0.7752069 0.3826549 1.547012 -0.7939512 -0.3357366 1.547012 -0.7939512 -0.3357366 1.614639 -0.7752069 0.3826549 1.708878 -0.4863503 -0.3380551 0.7142486 -2.031933 -0.2181173 0.1803131 -2.103393 -0.1533614 0.107315 -2.183187 -0.2177833 0.107315 -2.183187 -0.2177833 0.1803131 -2.103393 -0.1533614 0.1239166 -1.968279 -0.1664158 -0.608017 -1.936768 -0.1534574 -0.6341401 -1.966095 -0.2178155 -0.109726 -2.08922 -0.1533553 -0.109726 -2.08922 -0.1533553 -0.6341401 -1.966095 -0.2178155 -0.04478454 -2.175747 -0.2179357 -1.014511 -1.615914 -0.2178655 -0.9522553 -1.659502 -0.1856151 -0.9434663 -1.587078 -0.1856804 -0.9434663 -1.587078 -0.1856804 -0.9522553 -1.659502 -0.1856151 -0.5281831 -1.837904 -0.1534314 -1.63414 0.6929581 -0.3346338 -1.741318 0.9652859 0.3832744 -1.481796 0.9231818 -0.320538 -1.481796 0.9231818 -0.320538 -1.741318 0.9652859 0.3832744 -1.703232 1.017772 0.3528447 -2.288925 0.3617189 0.3832989 -2.344101 0.1150901 0.1827628 -2.344101 0.1150662 0.3834317 -2.344101 0.1150662 0.3834317 -2.344101 0.1150901 0.1827628 -2.313339 -0.1353798 0.3833779 -2.344101 0.1150901 0.1827628 -2.288925 0.3617189 0.3832989 -2.272812 0.3419852 0.1626449 -2.272812 0.3419852 0.1626449 -2.288925 0.3617189 0.3832989 -2.084579 0.4027478 0.1326224 -2.11412 -0.1963192 0.1325227 -2.313339 -0.1353798 0.3833779 -2.295517 -0.117604 0.1626687 -2.295517 -0.117604 0.1626687 -2.313339 -0.1353798 0.3833779 -2.344101 0.1150901 0.1827628 -1.794785 -0.8454819 0.3530972 -1.827499 -0.7897585 0.3833215 -1.565048 -0.7729384 -0.3201836 -1.565048 -0.7729384 -0.3201836 -1.827499 -0.7897585 0.3833215 -1.693954 -0.5292193 -0.3344611 -1.827499 -0.7897585 0.3833215 -1.942978 -0.5664256 0.3829052 -1.693954 -0.5292193 -0.3344611 -1.693954 -0.5292193 -0.3344611 -1.942978 -0.5664256 0.3829052 -1.995956 -0.3016258 0.05267214 -1.942978 -0.5664256 0.3829052 -2.031845 -0.319428 0.3827893 -1.995956 -0.3016258 0.05267214 -1.995956 -0.3016258 0.05267214 -2.031845 -0.319428 0.3827893 -2.11412 -0.1963192 0.1325227 -2.272812 0.3419852 0.1626449 -2.009384 0.09879797 0.1626027 -2.344101 0.1150901 0.1827628 -2.344101 0.1150901 0.1827628 -2.009384 0.09879797 0.1626027 -2.295517 -0.117604 0.1626687 -1.455917 0.5841812 0.3830126 -1.33873 0.7625479 0.3831487 -1.741318 0.9652859 0.3832744 -1.741318 0.9652859 0.3832744 -1.33873 0.7625479 0.3831487 -1.703232 1.017772 0.3528447 -1.693954 -0.5292193 -0.3344611 -1.995956 -0.3016258 0.05267214 -1.472275 -0.3306477 -0.3374788 -1.472275 -0.3306477 -0.3374788 -1.995956 -0.3016258 0.05267214 -1.795761 -0.08645588 0.04252058 -1.693954 -0.5292193 -0.3344611 -1.995956 -0.3016258 0.05267214 -1.472275 -0.3306477 -0.3374788 -1.472275 -0.3306477 -0.3374788 -1.995956 -0.3016258 0.05267214 -1.795761 -0.08645588 0.04252058 -1.995956 -0.3016258 0.05267214 -2.11412 -0.1963192 0.1325227 -1.795761 -0.08645588 0.04252058 -1.795761 -0.08645588 0.04252058 -2.11412 -0.1963192 0.1325227 -2.009384 0.09879797 0.1626027 -2.11412 -0.1963192 0.1325227 -2.295517 -0.117604 0.1626687 -2.009384 0.09879797 0.1626027 -2.009384 0.09879797 0.1626027 -2.295517 -0.117604 0.1626687 -2.344101 0.1150901 0.1827628 -1.995956 -0.3016258 0.05267214 -2.11412 -0.1963192 0.1325227 -1.795761 -0.08645588 0.04252058 -1.795761 -0.08645588 0.04252058 -2.11412 -0.1963192 0.1325227 -2.009384 0.09879797 0.1626027 -1.942978 -0.5664256 0.3829052 -1.827499 -0.7897585 0.3833215 -1.505966 -0.4383618 0.3831583 -1.505966 -0.4383618 0.3831583 -1.827499 -0.7897585 0.3833215 -1.407089 -0.6272888 0.3833667 -1.484238 -0.4605726 -0.3034279 -1.582382 0.07781785 -0.30666 -1.459579 -0.4878118 0.07444781 -1.459579 -0.4878118 0.07444781 -1.582382 0.07781785 -0.30666 -1.404648 0.6292768 0.07428836 -1.382187 -0.6700209 0.3525718 -1.407089 -0.6272888 0.3833667 -1.794785 -0.8454819 0.3530972 -1.794785 -0.8454819 0.3530972 -1.407089 -0.6272888 0.3833667 -1.827499 -0.7897585 0.3833215 -2.132675 0.1049165 -0.04951947 -1.585556 0.6453725 -0.2773451 -1.862411 0.09150385 -0.2897393 -1.862411 0.09150385 -0.2897393 -1.585556 0.6453725 -0.2773451 -1.582382 0.07781785 -0.30666 1.275284 -0.2549968 0.1939323 1.174698 -0.5207198 -0.2472759 1.275284 -0.2548855 -0.2473289 1.275284 -0.2548855 -0.2473289 1.174698 -0.5207198 -0.2472759 1.172501 -0.2280306 0.1938767 -2.197128 0.1079439 0.1945101 -2.132675 0.1049165 -0.04951947 -1.84166 -0.5614103 0.1931982 -1.84166 -0.5614103 0.1931982 -2.132675 0.1049165 -0.04951947 -1.731796 -0.5665581 -0.03935539 0.1239166 -1.968279 -0.1664158 0.1239166 -1.968169 -0.2564614 0.107315 -2.183187 -0.2177833 0.107315 -2.183187 -0.2177833 0.1239166 -1.968169 -0.2564614 0.1803131 -2.103434 -0.2719334 1.12709 -1.720641 -0.2181801 0.7142486 -2.031933 -0.2181173 1.060928 -1.758081 -0.2722212 1.060928 -1.758081 -0.2722212 0.7142486 -2.031933 -0.2181173 0.6910552 -2.000251 -0.2718676 -0.3289643 0.2285719 0.2440031 -0.7671967 0.03256696 0.2440359 -0.3502045 -0.2054305 0.2439033 -0.3502045 -0.2054305 0.2439033 -0.7671967 0.03256696 0.2440359 -0.6732026 -0.1895334 0.2439944 -0.8338471 0.03582012 0.1709108 -0.7339936 -0.1866251 0.1708523 -0.7671967 0.03256696 0.2440359 -0.7671967 0.03256696 0.2440359 -0.7339936 -0.1866251 0.1708523 -0.6732026 -0.1895334 0.2439944 -0.04039001 -1.959986 -0.1663534 -0.04478454 -2.175747 -0.2179357 -0.04039001 -1.960039 -0.2565798 -0.04039001 -1.960039 -0.2565798 -0.04478454 -2.175747 -0.2179357 -0.109726 -2.089262 -0.2719273 0.3985748 -0.543928 0.1259586 0.7230377 -0.04042404 0.1256763 0.6283111 -0.3356717 0.2703337 0.6283111 -0.3356717 0.2703337 0.7230377 -0.04042404 0.1256763 0.7230377 -0.0404573 0.2703438 -0.9434663 -1.58699 -0.2717517 -0.5281831 -1.837781 -0.2718225 -0.9522553 -1.659414 -0.2716863 -0.9522553 -1.659414 -0.2716863 -0.5281831 -1.837781 -0.2718225 -0.608017 -1.936645 -0.2718484 0.4876861 -2.01507 -0.2060526 0.04872125 -1.996693 -0.3090265 0.04237359 -2.128382 0.2139087 0.04237359 -2.128382 0.2139087 0.04872125 -1.996693 -0.3090265 -0.3899995 -1.972043 -0.2058363 -0.3899995 -1.972043 -0.2058363 0.04872125 -1.996693 -0.3090265 0.0304107 -2.369563 -0.2729318 0.0304107 -2.369563 -0.2729318 0.04872125 -1.996693 -0.3090265 0.4876861 -2.01507 -0.2060526 0.4876861 -2.01507 -0.2060526 0.04237359 -2.128382 0.2139087 0.0304107 -2.369563 -0.2729318 0.0304107 -2.369563 -0.2729318 0.04237359 -2.128382 0.2139087 -0.3899995 -1.972043 -0.2058363 -1.703232 1.017772 0.3528447 -1.309921 0.8026025 0.3524528 -1.481796 0.9231818 -0.320538 -1.481796 0.9231818 -0.320538 -1.309921 0.8026025 0.3524528 -1.271103 0.7814942 -0.3354619 -1.309921 0.8026025 0.3524528 -1.33873 0.7625479 0.3831487 -1.271103 0.7814942 -0.3354619 -1.271103 0.7814942 -0.3354619 -1.33873 0.7625479 0.3831487 -1.432968 0.4735882 -0.3374794 -1.432968 0.4735882 -0.3374794 -1.778671 0.2623459 0.04240256 -1.956894 0.4960579 0.05234909 -1.956894 0.4960579 0.05234909 -1.778671 0.2623459 0.04240256 -2.084579 0.4027478 0.1326224 -1.778671 0.2623459 0.04240256 -2.009384 0.09879797 0.1626027 -2.084579 0.4027478 0.1326224 -2.084579 0.4027478 0.1326224 -2.009384 0.09879797 0.1626027 -2.272812 0.3419852 0.1626449 -1.33873 0.7625479 0.3831487 -1.455917 0.5841812 0.3830126 -1.432968 0.4735882 -0.3374794 -1.432968 0.4735882 -0.3374794 -1.455917 0.5841812 0.3830126 -1.778671 0.2623459 0.04240256 -1.455917 0.5841812 0.3830126 -1.734726 0.2616728 0.3826962 -1.778671 0.2623459 0.04240256 -1.778671 0.2623459 0.04240256 -1.734726 0.2616728 0.3826962 -2.009384 0.09879797 0.1626027 -1.565048 -0.7729384 -0.3201836 -1.693954 -0.5292193 -0.3344611 -1.34166 -0.6525852 -0.3353473 -1.34166 -0.6525852 -0.3353473 -1.693954 -0.5292193 -0.3344611 -1.472275 -0.3306477 -0.3374788 0.9344635 -0.2627044 -0.2359604 1.076065 -0.05242878 0.2080498 1.065811 -0.0518369 -0.2359532 1.065811 -0.0518369 -0.2359532 1.076065 -0.05242878 0.2080498 0.9557037 0.1712981 -0.2358607 0.5789947 -0.245173 0.2436758 1.01503 -0.04882323 0.24366 0.6002349 0.1890103 0.2436116 0.6002349 0.1890103 0.2436116 1.01503 -0.04882323 0.24366 0.923233 0.1732771 0.2437016 1.081436 -0.05213922 0.1705573 0.984024 0.1703061 0.1706159 1.01503 -0.04882323 0.24366 1.01503 -0.04882323 0.24366 0.984024 0.1703061 0.1706159 0.923233 0.1732771 0.2437016 1.076065 -0.05242878 0.2080498 0.9557037 0.171051 0.2081593 0.9557037 0.1712981 -0.2358607 0.9557037 0.1712981 -0.2358607 0.9557037 0.171051 0.2081593 1.538712 0.1426076 -0.2358899 -0.7339936 -0.1866251 0.1708523 -0.8338471 0.03582012 0.1709108 -0.3502045 -0.2055457 0.1408836 -0.3502045 -0.2055457 0.1408836 -0.8338471 0.03582012 0.1709108 -0.3289643 0.2286376 0.1408194 -0.3289643 0.2285719 0.2440031 -0.3289643 0.2286376 0.1408194 -0.6519623 0.244305 0.2439132 -0.6519623 0.244305 0.2439132 -0.3289643 0.2286376 0.1408194 -0.7127534 0.2473772 0.170952 -0.7007905 0.903052 -0.1995019 -0.8965913 0.634278 -0.1994207 -0.3765717 0.6825118 -0.1996395 -0.3765717 0.6825118 -0.1996395 -0.8965913 0.634278 -0.1994207 -0.7911225 0.03640949 -0.1992886 -0.6834565 0.246012 -0.2403073 -0.8250581 0.03524237 0.2037225 -0.8148041 0.03496366 -0.2401506 -0.8148041 0.03496366 -0.2401506 -0.8250581 0.03524237 0.2037225 -0.7046967 -0.1880074 -0.2400621 -0.8250581 0.03524237 0.2037225 -0.7046967 -0.1880735 0.203794 -0.7046967 -0.1880074 -0.2400621 -0.7046967 -0.1880074 -0.2400621 -0.7046967 -0.1880735 0.203794 -1.287704 -0.1594809 -0.2402138 0.984024 0.1703061 0.1706159 1.081436 -0.05213922 0.1705573 0.6002349 0.189059 0.1407728 0.6002349 0.189059 0.1407728 1.081436 -0.05213922 0.1705573 0.5789947 -0.2451243 0.140837 0.5789947 -0.245173 0.2436758 0.5789947 -0.2451243 0.140837 0.9019927 -0.2609062 0.2437658 0.9019927 -0.2609062 0.2437658 0.5789947 -0.2451243 0.140837 0.9627838 -0.2638773 0.1706801 -0.3260346 -0.9897459 -0.1994935 -0.4253998 -1.0041 -0.1993357 0.07044976 -1.380721 -0.1993769 0.07044976 -1.380721 -0.1993769 -0.4253998 -1.0041 -0.1993357 -0.8816987 -0.9306409 -0.1993501 -0.4253998 -1.0041 -0.1993357 -0.5372163 -0.9354858 -0.1992429 -0.8816987 -0.9306409 -0.1993501 -0.8816987 -0.9306409 -0.1993501 -0.5372163 -0.9354858 -0.1992429 -0.7857514 -0.8291814 -0.1993693 0.6002349 0.189059 0.1407728 0.6002349 0.1890103 0.2436116 0.984024 0.1703061 0.1706159 0.984024 0.1703061 0.1706159 0.6002349 0.1890103 0.2436116 0.923233 0.1732771 0.2437016 -1.694443 0.08336246 0.2233749 -1.520615 0.7778455 0.2233309 -1.694443 0.08324915 -0.2624907 -1.694443 0.08324915 -0.2624907 -1.520615 0.7778455 0.2233309 -1.094101 1.353134 -0.2627354 -1.147079 -0.25846 -0.1992818 -1.067245 -0.2304593 -0.1992865 -1.116318 0.3703489 -0.1994467 -1.116318 0.3703489 -0.1994467 -1.067245 -0.2304593 -0.1992865 -1.039658 0.3345636 -0.1993066 -1.221542 -1.238827 -0.2623948 0.04798883 -1.838929 -0.2625455 -0.6465913 -1.665113 0.2233995 -0.6465913 -1.665113 0.2233995 0.04798883 -1.838929 -0.2625455 0.04798883 -1.83916 0.2233031 1.422501 0.2409079 -0.263028 1.343155 0.217916 -0.2629497 1.422745 0.2460954 -0.199858 1.422745 0.2460954 -0.199858 1.343155 0.217916 -0.2629497 1.343155 0.2179138 -0.1996894 1.37001 -1.365676 -0.262761 1.970352 -0.09613507 -0.2630227 1.796524 -0.7905049 0.2228869 1.796524 -0.7905049 0.2228869 1.970352 -0.09613507 -0.2630227 1.970352 -0.09618574 0.2226621 1.497452 1.226286 -0.2631015 1.970352 -0.09613507 -0.2630227 1.433243 0.4574738 -0.2629131 1.433243 0.4574738 -0.2629131 1.970352 -0.09613507 -0.2630227 1.422501 0.2409079 -0.263028 1.497452 1.226286 -0.2631015 0.2279205 1.826388 -0.2629508 0.9159088 1.650057 0.2223547 0.9159088 1.650057 0.2223547 0.2279205 1.826388 -0.2629508 0.2279205 1.826501 0.2229148 -0.3248139 1.041678 -0.2628535 -0.4427338 0.9844614 -0.262731 -0.7862397 1.013152 -0.2627018 -0.7862397 1.013152 -0.2627018 -0.4427338 0.9844614 -0.262731 -0.7007905 0.9030542 -0.2627621 -0.9993745 0.2424298 0.1942151 -0.8987885 0.5083754 -0.2470991 -0.9993745 0.2425411 -0.2470461 -0.9993745 0.2425411 -0.2470461 -0.8987885 0.5083754 -0.2470991 -0.8965913 0.2152997 0.1940898 0.8421783 0.8225175 -0.2629232 0.8131256 0.9229403 -0.199733 0.8131256 0.9229424 -0.2629932 0.8131256 0.9229424 -0.2629932 0.8131256 0.9229403 -0.199733 0.7013092 0.9915563 -0.2629004 0.8131256 0.9229403 -0.199733 0.7013092 0.9915542 -0.1996402 0.7013092 0.9915563 -0.2629004 0.7013092 0.9915563 -0.2629004 0.7013092 0.9915542 -0.1996402 0.6019439 0.9773835 -0.2629066 0.7013092 0.9915542 -0.1996402 0.6019439 0.9772174 -0.1998272 0.6019439 0.9773835 -0.2629066 0.6019439 0.9773835 -0.2629066 0.6019439 0.9772174 -0.1998272 0.4771881 0.7836286 -0.2629358 0.6019439 0.9772174 -0.1998272 0.4771881 0.7836264 -0.1996756 0.4771881 0.7836286 -0.2629358 0.4771881 0.7836286 -0.2629358 0.4771881 0.7836264 -0.1996756 -0.1221771 0.8130087 -0.2628726 -1.039658 0.3345658 -0.2625669 -1.694443 0.08324915 -0.2624907 -1.116562 0.3651614 -0.2626167 -1.116562 0.3651614 -0.2626167 -1.694443 0.08324915 -0.2624907 -1.10582 0.5819082 -0.2626658 -0.4427338 0.9844593 -0.1994708 -0.4817963 0.8874998 -0.1995759 -0.4817963 0.8873211 -0.2626723 -0.4817963 0.8873211 -0.2626723 -0.4817963 0.8874998 -0.1995759 -0.3765717 0.682514 -0.2628998 -0.4817963 0.8874998 -0.1995759 -0.3765717 0.6825118 -0.1996395 -0.3765717 0.682514 -0.2628998 -0.3765717 0.682514 -0.2628998 -0.3765717 0.6825118 -0.1996395 -0.7911225 0.0364626 -0.2635834 -0.3765717 0.6825118 -0.1996395 -0.7911225 0.03640949 -0.1992886 -0.7911225 0.0364626 -0.2635834 -0.7911225 0.0364626 -0.2635834 -0.7911225 0.03640949 -0.1992886 -0.4415131 -0.6414677 -0.2627248 0.7174224 0.6289435 -0.2631164 1.066788 -0.05443644 -0.2639088 1.066788 -0.05448955 -0.1996139 1.066788 -0.05448955 -0.1996139 1.066788 -0.05443644 -0.2639088 0.652481 -0.6950404 -0.1996812 1.066788 -0.05443644 -0.2639088 0.652481 -0.6950382 -0.2629415 0.652481 -0.6950404 -0.1996812 0.652481 -0.6950404 -0.1996812 0.652481 -0.6950382 -0.2629415 0.7577056 -0.8998644 -0.1995639 0.652481 -0.6950382 -0.2629415 0.7577056 -0.8998622 -0.2628241 0.7577056 -0.8998644 -0.1995639 0.7577056 -0.8998644 -0.1995639 0.7577056 -0.8998622 -0.2628241 0.7186431 -0.9970048 -0.199505 1.061661 0.816819 -0.2630308 1.230362 0.5302429 -0.2629615 0.7174224 0.6289435 -0.2631164 0.7174224 0.6289435 -0.2631164 1.230362 0.5302429 -0.2629615 1.066788 -0.05448734 -0.2628742 0.3980865 -0.8255499 -0.2626237 -0.2012787 -0.7961698 -0.2625605 -0.2012787 -0.7963359 -0.1994812 -0.2012787 -0.7963359 -0.1994812 -0.2012787 -0.7961698 -0.2625605 -0.3260346 -0.9897459 -0.1994935 -0.2012787 -0.7961698 -0.2625605 -0.3260346 -0.9897438 -0.2627537 -0.3260346 -0.9897459 -0.1994935 -0.3260346 -0.9897459 -0.1994935 -0.3260346 -0.9897438 -0.2627537 -0.4253998 -1.0041 -0.1993357 -0.3260346 -0.9897438 -0.2627537 -0.4253998 -1.004097 -0.262596 -0.4253998 -1.0041 -0.1993357 -0.4253998 -1.0041 -0.1993357 -0.4253998 -1.004097 -0.262596 -0.5372163 -0.9354858 -0.1992429 0.4771881 0.7836264 -0.1996756 0.6019439 0.9772174 -0.1998272 -0.1221771 0.8130065 -0.1996124 -0.1221771 0.8130065 -0.1996124 0.6019439 0.9772174 -0.1998272 -0.2274017 1.017994 -0.1995488 0.2054595 1.368357 -0.1997628 1.157608 0.9179314 -0.1998066 0.7328033 1.240244 0.2224084 0.7328033 1.240244 0.2224084 1.157608 0.9179314 -0.1998066 1.1642 0.9203139 0.2223917 1.062149 -1.025693 -0.2627946 1.062149 -1.025695 -0.1995343 1.381729 -0.5942685 -0.2629946 1.381729 -0.5942685 -0.2629946 1.062149 -1.025695 -0.1995343 1.068741 -1.023477 0.2224832 0.5033111 -1.030357 -0.2628512 0.6007232 -1.054383 -0.2628238 0.04798883 -1.838929 -0.2625455 0.04798883 -1.838929 -0.2625455 0.6007232 -1.054383 -0.2628238 1.37001 -1.365676 -0.262761 0.2279205 1.826501 0.2229148 -0.4800873 1.721231 0.2230921 -0.3191987 1.291746 0.2225233 -0.3191987 1.291746 0.2225233 -0.4800873 1.721231 0.2230921 -0.7796479 1.015532 0.2227569 -0.4800873 1.721231 0.2230921 -1.094101 1.353248 0.2231303 -0.7796479 1.015532 0.2227569 -0.7796479 1.015532 0.2227569 -1.094101 1.353248 0.2231303 -1.099228 0.5842885 0.2227929 1.422745 0.2460954 -0.199858 1.343155 0.2179138 -0.1996894 1.391983 -0.3828774 -0.1998741 1.391983 -0.3828774 -0.1998741 1.343155 0.2179138 -0.1996894 1.315567 -0.3471091 -0.1996693 1.422501 0.2409079 -0.263028 1.970352 -0.09613507 -0.2630227 1.343155 0.217916 -0.2629497 1.343155 0.217916 -0.2629497 1.970352 -0.09613507 -0.2630227 1.315567 -0.3471069 -0.2629295 1.315567 -0.3471069 -0.2629295 1.970352 -0.09613507 -0.2630227 1.392471 -0.3777025 -0.2628797 1.392471 -0.3777025 -0.2628797 1.970352 -0.09613507 -0.2630227 1.381729 -0.5942685 -0.2629946 0.04798883 -1.83916 0.2233031 0.7559967 -1.733891 0.2231258 0.6080474 -1.299509 0.2225528 0.6080474 -1.299509 0.2225528 0.7559967 -1.733891 0.2231258 1.068741 -1.023477 0.2224832 0.7559967 -1.733891 0.2231258 1.37001 -1.365726 0.2229236 1.068741 -1.023477 0.2224832 1.068741 -1.023477 0.2224832 1.37001 -1.365726 0.2229236 1.388565 -0.5918881 0.2224642 -0.8816987 -0.9306387 -0.2626104 -0.7857514 -0.8291793 -0.2626295 -0.5372163 -0.9354836 -0.2625032 -0.5372163 -0.9354836 -0.2625032 -0.7857514 -0.8291793 -0.2626295 -0.566269 -0.8350587 -0.2625731 -1.146835 -0.253449 -0.2624684 -1.067245 -0.2304571 -0.2625467 -1.147079 -0.25846 -0.1992818 -1.147079 -0.25846 -0.1992818 -1.067245 -0.2304571 -0.2625467 -1.067245 -0.2304593 -0.1992865 0.9766998 -0.9154144 -0.2628982 1.062149 -1.025693 -0.2627946 0.7186431 -0.9970026 -0.2627653 0.7186431 -0.9970026 -0.2627653 1.062149 -1.025693 -0.2627946 0.6007232 -1.054383 -0.2628238 -0.2012787 -0.7963359 -0.1994812 -0.3260346 -0.9897459 -0.1994935 0.3980865 -0.825716 -0.1995444 0.3980865 -0.825716 -0.1995444 -0.3260346 -0.9897459 -0.1994935 0.5033111 -1.030359 -0.1995911 -0.4383393 2.019497 -0.2181871 0.09559625 2.090997 -0.1538277 0.1685943 2.170569 -0.2183572 0.1685943 2.170569 -0.2183572 0.09559625 2.090997 -0.1538277 0.1519927 1.955613 -0.1668857 0.07044976 -1.380721 -0.1993769 -0.8816987 -0.9306409 -0.1993501 -0.4439545 -1.248189 0.2228316 -0.4439545 -1.248189 0.2228316 -0.8816987 -0.9306409 -0.1993501 -0.8751069 -0.9282584 0.2228483 1.760147 0.4480964 -0.3041654 1.858292 -0.09049725 -0.3073385 1.735489 0.4752983 0.07379692 1.735489 0.4752983 0.07379692 1.858292 -0.09049725 -0.3073385 1.680557 -0.6417902 0.07395637 0.8839263 1.924208 -0.1539125 0.9100494 1.953478 -0.218325 0.3856353 2.07666 -0.1540147 0.3856353 2.07666 -0.1540147 0.9100494 1.953478 -0.218325 0.3206939 2.163311 -0.2183687 1.290421 1.603477 -0.2184389 1.228165 1.646831 -0.1862306 1.219376 1.574588 -0.1863293 1.219376 1.574588 -0.1863293 1.228165 1.646831 -0.1862306 0.8040924 1.825344 -0.1539385 2.408585 -0.1174948 -0.05026775 1.861465 -0.6578334 -0.2778762 2.138077 -0.1042862 -0.2905601 2.138077 -0.1042862 -0.2905601 1.861465 -0.6578334 -0.2778762 1.858292 -0.09049725 -0.3073385 1.858292 -0.09049725 -0.3073385 1.707657 -0.6169649 -0.3040382 1.680557 -0.6417902 0.07395637 -1.230087 0.06040447 0.2227636 -1.150742 -0.4676346 0.2228754 -1.157577 -0.4700149 -0.2625833 0.9557037 0.171051 0.2081593 1.538712 0.1425415 0.2079661 1.538712 0.1426076 -0.2358899 -1.703232 1.017772 0.3528447 -1.309921 0.8026025 0.3524528 -1.481796 0.9231818 -0.320538 -2.135117 -0.2164422 0.3833639 -2.313339 -0.1353798 0.3833779 -2.11412 -0.1963192 0.1325227 -1.956894 0.4960579 0.05234909 -1.63414 0.6929581 -0.3346338 -1.432968 0.4735882 -0.3374794 -0.1487885 0.5218231 0.1258652 0.15419 0.5869552 0.2704558 0.449356 0.4924429 0.125802 0.09559625 2.090775 -0.2722358 0.1519927 1.955723 -0.2569313 -0.3453217 1.881632 -0.272158 -1.147079 -0.25846 -0.1992818 -1.146835 -0.253449 -0.2624684 -1.067245 -0.2304571 -0.2625467 -0.3260346 -0.9897438 -0.2627537 -0.2012787 -0.7961698 -0.2625605 0.3980865 -0.8255499 -0.2626237 1.343155 0.217916 -0.2629497 1.422745 0.2460954 -0.199858 1.422501 0.2409079 -0.263028 -0.04478454 -2.175747 -0.2179357 -0.6341401 -1.966095 -0.2178155 -0.109726 -2.089262 -0.2719273 1.391983 -0.3828774 -0.1998741 1.392471 -0.3777025 -0.2628797 1.381729 -0.5942685 -0.2629946 0.1803131 -2.103434 -0.2719334 0.1239166 -1.968169 -0.2564614 0.621231 -1.894291 -0.272011 -1.484238 -0.4605726 -0.3034279 -1.64122 -0.4863976 -0.2773898 -1.582382 0.07781785 -0.30666 -1.703232 1.017772 0.3528447 -1.33873 0.7625479 0.3831487 -1.309921 0.8026025 0.3524528 -1.79747 0.7109711 0.275695 -1.610702 1.120964 0.2754774 -1.59288 0.6544018 -0.306284 0.3206939 2.163311 -0.2183687 0.9100494 1.953478 -0.218325 0.3856353 2.076602 -0.2722418 2.073379 -0.7235831 0.2749221 1.886612 -1.133576 0.2751398 1.86879 -0.6667872 -0.306663 0.6495513 1.585865 -0.3065912 0.220108 1.663823 -0.3067298 0.7113189 1.840992 -0.3068254 -1.382187 -0.6700209 0.3525718 -1.794785 -0.8454819 0.3530972 -1.565048 -0.7729384 -0.3201836 -2.295517 -0.117604 0.1626687 -2.009384 0.09879797 0.1626027 -2.11412 -0.1963192 0.1325227 -1.585556 0.6453725 -0.2773451 -1.431747 0.6043249 -0.3037361 -1.582382 0.07781785 -0.30666 -1.582382 0.07781785 -0.30666 -1.431747 0.6043249 -0.3037361 -1.404648 0.6292768 0.07428836 -1.481064 -0.4364104 -0.3062141 -1.349228 -0.7705137 -0.3062369 -1.649277 -0.4946618 -0.3061426 -1.10582 0.5819082 -0.2626658 -1.694443 0.08324915 -0.2624907 -1.094101 1.353134 -0.2627354 -1.099228 0.5842885 0.2227929 -1.230087 0.06040447 0.2227636 -1.10582 0.5819082 -0.2626658 1.760147 0.4480964 -0.3041654 1.917129 0.4737727 -0.2780125 1.858292 -0.09049725 -0.3073385 -1.297958 1.455577 0.4091325 -0.8670502 1.839639 0.4090214 -1.404404 1.484197 0.3298236 1.756973 0.4238609 -0.3069138 1.625137 0.7579643 -0.306891 1.925186 0.4819314 -0.3068214 -1.047714 -1.855129 0.3300253 -1.04332 -1.745305 0.4094068 -1.543076 -1.33903 0.33019 -0.8216401 -1.485351 0.4094101 -1.254501 -1.06984 0.4094639 -1.434189 -1.320812 0.4095571 1.174698 -0.520995 0.1938045 1.026993 -0.7320433 0.1939611 1.026993 -0.7319321 -0.2473001 1.573868 -1.468221 0.4090432 1.14296 -1.852283 0.4091544 1.680313 -1.496982 0.3296757 0.9395904 -0.6680934 0.1939972 1.172501 -0.2280306 0.1938767 1.174698 -0.5207198 -0.2472759 1.081436 -0.05213922 0.1705573 0.9627838 -0.2638773 0.1706801 0.5789947 -0.2451243 0.140837 -0.7046967 -0.1880735 0.203794 -1.287704 -0.159547 0.2036423 -1.287704 -0.1594809 -0.2402138 -0.8987885 0.5082641 0.1941621 -0.7510834 0.7193124 0.1940054 -0.7510834 0.7194238 -0.2472558 -0.6636811 0.6555265 0.1941502 -0.8965913 0.2152997 0.1940898 -0.8987885 0.5083754 -0.2470991 1.861465 -0.6578334 -0.2778762 1.707657 -0.6169649 -0.3040382 1.858292 -0.09049725 -0.3073385 -0.8338471 0.03582012 0.1709108 -0.7127534 0.2473772 0.170952 -0.3289643 0.2286376 0.1408194 1.323624 1.842525 0.3293102 1.319229 1.732661 0.4087689 1.818985 1.326244 0.3293094 1.097549 1.472707 0.4087657 1.530411 1.057196 0.4087117 1.710098 1.308168 0.4086186</float_array>
          <technique_common>
            <accessor source="#beyblade2loc-2026-09-10-18-50-26-738-mesh-positions-array" count="2922" stride="3">
              <param name="X" type="float"/>
              <param name="Y" type="float"/>
              <param name="Z" type="float"/>
            </accessor>
          </technique_common>
        </source>
        <source id="beyblade2loc-2026-09-10-18-50-26-738-mesh-normals">
          <float_array id="beyblade2loc-2026-09-10-18-50-26-738-mesh-normals-array" count="2820">2.0553e-4 5.73924e-5 -1 -1.34666e-4 -5.9018e-4 -0.9999999 -3.6819e-4 -1.49249e-5 -1 -4.98645e-4 -2.02425e-5 -0.9999999 -4.39504e-4 5.59506e-5 -1 -8.18581e-5 -5.07926e-4 -1 -3.60761e-5 -5.14313e-4 -1 1.93069e-4 -7.66813e-5 -1 -1.86188e-5 4.45265e-4 -1 4.44693e-4 4.64472e-4 -0.9999998 -2.20284e-4 -3.86548e-4 -1 -5.70246e-4 1.66181e-4 -0.9999998 -0.9988085 0.04880285 1.12157e-5 -0.4566006 0.8896718 2.04614e-4 -0.4566007 0.8896718 2.04072e-4 0.5414846 0.8407108 1.92805e-4 0.541821 0.8404936 -8.58746e-4 0.9988085 -0.04880297 4.98776e-5 0.9988074 -0.04882615 -1.12253e-5 0.456942 -0.8894965 -2.04574e-4 0.4566002 -0.8896713 -0.001213967 -0.5421257 -0.8402966 -0.001146793 -0.5414842 -0.8407106 8.59239e-4 -0.9988073 0.04882621 -4.98958e-5 0.3911485 -0.9196854 0.03437465 0.4745943 -0.8801866 0.005650818 0.8815521 0.4677571 0.06379044 0.9241421 0.3754093 0.07091814 0.8805623 0.4609714 0.1100702 0.6948623 0.7057819 0.1379801 0.8130101 0.5737901 -0.09889155 0.6296405 0.7734404 -0.07309383 0.5913829 0.8063909 -9.60877e-5 0.5100066 -0.8601706 1.02438e-4 -0.5098882 0.8602407 -1.02552e-4 -0.59182 -0.8060702 9.61055e-5 -0.6303571 -0.772819 -0.07349073 -0.8128262 -0.5740211 -0.09906357 -0.6944656 -0.7061716 0.1379826 -0.8806879 -0.4607433 0.1100208 -0.924266 -0.3751202 0.0708332 -0.8820419 -0.4668409 0.06373214 -0.4742991 0.8803448 0.005785524 -0.3913816 0.9195881 0.0343253 3.56611e-4 -7.48727e-4 -0.9999997 5.08997e-4 0.001372337 -0.999999 -4.21156e-4 4.73639e-6 -1 -3.93855e-4 -2.90361e-4 -1 -2.44356e-4 -2.63959e-4 -1 2.80675e-5 -3.70236e-5 -1 -1.04626e-4 -3.05481e-5 -1 -6.56493e-4 -0.001133859 -0.9999992 3.55916e-4 5.12705e-4 -0.9999999 0.7904731 0.6124967 2.19497e-5 0.7904722 0.6124981 2.19497e-5 0.8079053 -0.5893124 -2.12687e-5 0.8080762 -0.589076 -0.001550734 0.9025477 -0.4305884 -0.001133978 0.9024567 -0.4307808 -1.48945e-5 -0.4239323 -0.905694 -3.21059e-5 -0.3684612 -0.9262859 -0.07893568 -0.9277957 0.373089 1.34987e-5 -0.4375544 0.899192 3.41278e-5 -0.4375542 0.8991921 2.6943e-5 0.2394714 0.9709035 3.52163e-5 0.2394704 0.9709038 3.28686e-5 0.8894728 0.4569883 1.63681e-5 0.8893234 0.4572773 0.001203119 0.04895997 0.9987974 0.002629578 -0.04895985 -0.9988008 -3.45429e-5 -0.8896367 -0.456669 -1.53343e-5 -0.8896367 -0.4566692 -1.53343e-5 -0.2362272 -0.9716979 -3.28955e-5 -0.2362273 -0.9716979 -3.28954e-5 0.4365426 -0.8996837 -3.05521e-5 0.4365427 -0.8996835 -3.05521e-5 0.9277954 -0.3730898 -1.23739e-5 -0.02046334 0.07458436 -0.9970048 -0.004449009 0.008890688 -0.9999507 -0.5360537 -0.4826017 -0.6926342 -0.5591551 -0.395384 -0.7287093 -0.3777117 -0.2500917 -0.8915089 -0.3525803 -0.1778451 -0.9187265 -0.1164633 -0.1259853 -0.9851721 -0.06329733 -0.06839239 -0.9956485 -0.7904726 -0.612495 0.001735091 -0.7899856 -0.6131254 -2.19722e-5 -0.8082655 0.5888183 2.12509e-5 -0.8082658 0.5888179 2.12509e-5 -0.9024568 0.4307807 1.48946e-5 -0.9024566 0.430781 1.48945e-5 0.4229894 0.9061347 3.13232e-5 0.3685912 0.9263556 -0.07749736 0.02028858 -0.07529234 -0.9969551 0.004364788 -0.009833991 -0.9999421 0.5362583 0.4817139 -0.6930936 0.5590378 0.3957047 -0.7286251 0.3765419 0.2494354 -0.8921873 0.3517935 0.1783264 -0.9189347 0.1168287 0.1267238 -0.9850341 0.06261986 0.0680049 -0.9957179 0.8435307 -0.4187125 -0.3363569 0.7807809 -0.5364544 -0.3203094 0.7958791 -0.5169554 -0.3151725 0.7331323 -0.6094861 -0.3017346 0.896561 -0.4264735 -0.1195771 0.6313988 -0.7669944 -0.1142594 0.630013 -0.7679874 -0.1152349 0.320389 -0.9412299 -0.1069452 -0.8441311 0.4175928 -0.3362425 -0.7809481 0.536365 -0.3200511 -0.7957805 0.5172122 -0.3149997 -0.7333835 0.6092045 -0.3016929 -0.8968656 0.4259239 -0.1192519 -0.6318238 0.7667182 -0.113763 -0.6301707 0.7679047 -0.114924 -0.3196818 0.9415213 -0.1064954 -0.7265678 0.6870949 2.53026e-5 -0.7265681 0.6870945 2.19289e-5 -0.8616273 -0.5075415 -1.7008e-5 -0.8616272 -0.5075418 -1.77167e-5 -0.9405462 -0.3396659 -1.13496e-5 -0.940546 -0.3396665 -1.17043e-5 0.330969 -0.9436417 -3.27149e-5 -0.7017506 -0.7030569 -0.115139 -0.7028908 -0.7020583 -0.1142746 -0.9341683 -0.3361617 -0.1196861 -0.789557 -0.5343394 -0.301797 -0.8427651 -0.4363543 -0.3151854 -0.8294873 -0.4574953 -0.3203886 -0.8803486 -0.3343777 -0.3364192 0.7253987 -0.6883289 -2.36582e-5 0.7253991 -0.6883286 -2.5348e-5 0.8617671 0.5073042 1.70001e-5 0.8617674 0.5073037 1.77084e-5 0.9405458 0.3396671 1.17043e-5 0.9405462 0.339666 1.13496e-5 -0.3337786 0.9426515 3.20834e-5 -9.5095e-5 2.12402e-4 -1 -1.05061e-4 2.56341e-4 -1 -1.22769e-4 -1.06181e-4 -1 3.63854e-4 -3.80203e-4 -1 -1.58534e-4 -1.234e-5 -1 -3.05428e-4 -3.75185e-4 -1 9.01175e-6 -9.03693e-5 -1 3.10544e-4 -2.44115e-4 1 3.51546e-5 1.13035e-4 1 -0.001045823 5.4416e-4 0.9999994 -0.002148747 0.003895163 0.9999902 9.47465e-4 1.15103e-4 0.9999996 7.75329e-4 -6.48148e-4 0.9999995 8.19859e-4 -8.00505e-4 0.9999994 3.13835e-4 -1.76457e-4 1 1.15833e-4 8.08972e-5 1 0.001518011 -4.78374e-4 0.9999988 0.002404689 -0.00316739 0.9999922 -5.90886e-4 4.89904e-4 0.9999997 -6.48264e-4 2.35844e-4 0.9999998 -9.77431e-4 0.001358509 0.9999987 -0.001260638 -0.001631259 0.999998 -4.1209e-4 4.70651e-4 0.9999998 -2.57978e-4 -7.57914e-4 0.9999997 0.002464413 0.001971602 0.9999951 0.001888751 6.68155e-4 0.9999981 3.48917e-5 1.31997e-4 1 3.45144e-4 4.61477e-4 0.9999998 0.4652095 0.8852003 -7.80174e-4 0.6277605 0.01402294 -0.7782804 -0.001034379 0.001796782 -0.9999979 -4.88729e-5 -0.001385092 -0.9999991 3.54835e-4 -0.001118957 -0.9999994 0.1650967 -0.8168487 -0.5527217 0.1619457 -0.6514738 -0.7411852 -0.3764562 0.926434 9.43671e-4 -0.6217657 0.07475131 -0.779628 -0.6655357 -0.7229394 -0.1855286 -0.5073184 -0.6295939 -0.5884214 -0.2441862 -0.7969822 -0.5524423 -6.2384e-5 3.13193e-4 -1 0.05349004 0.08942079 -0.9945566 0.3763156 -0.9264911 -9.43727e-4 0.6225094 -0.07624709 -0.7788893 0.6656682 0.7234905 -0.1828865 0.5078857 0.6309754 -0.5864489 0.244073 0.7987202 -0.5499769 -7.75527e-4 -9.42285e-4 -0.9999993 -0.05412882 -0.08984488 -0.9944838 -0.4658201 -0.8848789 -0.001073956 -0.6283695 -0.01120781 -0.7778344 -6.63143e-4 0.001804232 -0.9999982 -1.78038e-4 2.36174e-4 -1 -2.62005e-4 1.80854e-4 -1 -0.1649914 0.8173617 -0.5519945 -0.1619165 0.6496624 -0.7427798 -6.48327e-4 2.35844e-4 0.9999998 -5.90934e-4 4.89904e-4 0.9999998 0.002404689 -0.00316739 0.9999921 0.001518011 -4.78373e-4 0.9999988 1.15833e-4 8.08973e-5 1 3.13902e-4 -1.76457e-4 1 0.6452437 0.7011349 0.3034311 0.5649441 0.6405162 0.5201705 0.05659604 -0.04596447 0.9973386 -2.29214e-4 -7.84304e-5 1 -0.04480481 -0.07430082 0.9962289 -0.535623 0.2066647 0.8187783 0.5230123 0.8523252 3.05238e-5 0.9606092 0.2779029 9.576e-6 0.9606095 0.2779021 9.57599e-6 0.8405767 -0.5416926 -1.841e-5 0.8405765 -0.5416929 -1.841e-5 0.8887617 0.4583698 1.57504e-5 -2.36375e-4 9.02619e-4 0.9999996 -6.51133e-5 6.25094e-4 0.9999998 -1.81023e-4 0.002511739 0.9999969 -3.3493e-4 6.80075e-4 0.9999997 2.53756e-4 -0.001186311 0.9999993 3.28134e-4 -1.41676e-4 1 -0.6463695 -0.7020512 0.2988824 -0.5644395 -0.6403607 0.5209092 -0.05658096 0.0454275 0.997364 -2.28911e-4 -7.81021e-5 1 0.04536873 0.07584321 0.9960871 0.5378729 -0.2063661 0.8173775 -0.5939702 0.7877019 -0.1634788 -0.4730983 0.7105742 0.5208284 -0.1732451 0.8572256 0.4849233 -3.54773e-4 0.001119077 0.9999994 0.03819763 -0.08015865 0.99605 0.5512469 -0.8311573 -0.07283174 0.7528676 -0.6507579 -0.09851205 0.6224644 -0.770372 0.1380763 0.830627 -0.5458083 0.1102369 -0.6179727 -0.3562025 0.7008777 3.39772e-5 5.77364e-4 0.9999998 1.00468e-4 1.76552e-4 1 0.6240641 0.4337485 0.649928 -0.4597805 0.5376026 0.7068136 0.9987742 -0.0495004 2.04893e-4 0.9575274 0.03790181 0.2858403 0.9726847 -0.04752463 0.2272134 0.9486476 -0.1329615 0.2870352 0.9987722 -0.04954117 -6.98418e-5 1.75015e-4 0.001075506 0.9999995 0 -0.001019597 0.9999996 -1.0997e-4 7.5067e-4 0.9999998 -1.00872e-4 7.35821e-4 0.9999998 1.39092e-4 4.39323e-4 0.9999999 -2.55885e-5 -2.10746e-4 1 1.22563e-4 -1.84314e-4 1 7.6864e-5 3.09625e-4 1 3.93398e-4 7.74993e-4 0.9999997 3.70645e-4 4.56887e-4 0.9999998 0.2555378 0.4655572 0.8473234 0.193324 0.3833342 0.9031505 -5.39498e-5 -7.27768e-4 0.9999998 -0.001260638 -0.001631259 0.999998 3.45266e-4 -1.1073e-4 1 2.64765e-4 5.36067e-4 0.9999998 -1.39727e-4 6.42549e-4 0.9999999 4.2606e-4 -3.80392e-4 1 1.81587e-4 -3.68301e-4 1 -0.4294919 0.8315728 -0.3521696 -0.4295023 0.831563 -0.3521802 -0.2156737 0.9061039 -0.3639513 -0.07231628 0.9671677 -0.2436329 0.1663436 0.9554837 -0.2436816 0.6719699 -0.7405778 -0.001010656 0.2111739 -0.9774476 -0.001333773 -0.04254084 -0.8729007 -0.4860399 -0.3062843 -0.9519401 -2.18765e-4 -0.7408544 -0.6716657 -1.53813e-4 0.5937027 -0.7874138 -0.1658211 0.4745252 -0.7118325 0.5178036 0.1733841 -0.859051 0.4816322 2.62005e-4 -1.81486e-4 1 -0.03795748 0.0803917 0.9960405 -0.2540386 -0.4627492 0.8493101 -0.1925888 -0.3814243 0.9041156 3.39884e-5 0.001147627 0.9999994 0.001512229 0.002254903 0.9999963 6.23502e-4 5.05636e-5 0.9999998 6.15015e-4 1.17565e-4 0.9999999 -0.002569615 -0.003075301 0.9999921 -0.00132662 -2.61936e-4 0.9999991 8.40611e-4 3.64795e-4 0.9999997 3.12874e-4 -1.96198e-4 1 0.6184664 0.3565772 0.7002514 1.36483e-4 -4.01394e-5 1 1.00468e-4 1.76612e-4 1 -0.6241543 -0.433672 0.6498925 0.4599249 -0.5374767 0.7068154 -4.02272e-4 -7.2145e-5 -1 -3.73494e-4 5.91762e-4 -0.9999998 2.08453e-6 6.44352e-4 -0.9999998 -3.19893e-4 -3.29129e-5 -1 -1.80286e-4 -3.97179e-5 -1 0.4228794 0.8940306 0.1479271 0.4232564 0.8937973 0.148258 0.1766722 0.9730358 0.1482842 0.1763044 0.9731463 0.1479967 -0.080298 0.985713 0.1480619 -1.02442e-4 1.81736e-4 1 3.69304e-4 1.16066e-4 1 5.14546e-4 3.40474e-4 0.9999999 4.46481e-4 3.27602e-4 0.9999999 0.07223165 -0.9670524 -0.2441157 0.2148364 -0.9063304 -0.3638828 0.4294747 -0.8316043 -0.3521164 0.4295995 -0.8314849 -0.3522458 0.7025939 0.7022705 -0.1147957 0.4102162 0.9057453 -0.1065281 0.4099366 0.9059025 -0.1062682 0.9761362 0.1954704 -0.09460276 2.47468e-4 -5.50133e-5 -1 2.29182e-4 1.40903e-4 -1 -3.92968e-4 -7.74843e-4 -0.9999997 -3.70645e-4 -4.56887e-4 -0.9999999 2.12615e-5 -3.02318e-5 -1 -3.55675e-4 7.61195e-5 -1 -3.46001e-4 1.26825e-4 -1 2.31843e-4 -9.32878e-4 -0.9999996 -0.5139675 0.8578025 0.003519177 -0.3270919 0.913777 0.240879 -0.1447538 0.9894495 -0.006009697 0.2449551 0.9695166 -0.005887985 0.3199747 -0.9414126 -0.1065775 0.9520875 -0.2906237 -0.09522271 0.9758466 -0.2184572 -2.60562e-5 0.9925611 0.1217482 1.44741e-5 -0.8130617 -0.5629693 0.1483114 -0.813197 -0.5627177 0.1485253 -0.9199751 -0.3625398 0.1490328 -0.9198477 -0.3629786 0.1487506 -0.9761062 -0.1956325 -0.09457683 -0.4106143 -0.9056157 -0.106095 -0.4116519 -0.905031 -0.10706 -0.3209126 0.9409782 -0.1075885 -0.9520477 0.2906574 -0.09551781 -0.9758809 0.2183035 2.59645e-5 -0.9925409 -0.1219123 -1.45075e-5 -1.0285e-4 1.81769e-4 1 3.69736e-4 1.16038e-4 1 5.14547e-4 3.40522e-4 0.9999998 4.46371e-4 3.2758e-4 0.9999999 -0.1763792 -0.9731418 0.1479375 -0.1766898 -0.9730486 0.14818 -0.423166 -0.8938561 0.1481618 -0.4231047 -0.8938938 0.1481087 0.8130849 0.5629127 0.1484002 0.8132011 0.5626959 0.1485841 0.9199799 0.3625125 0.1490699 0.9198501 0.3629597 0.1487823 -0.9655812 0.04721802 0.2557798 -0.9457979 -0.04993909 0.3208932 -0.9696641 0.2441237 0.01245719 -0.803414 0.5953618 0.008394002 6.51472e-5 -2.34029e-5 -1 -2.01189e-4 -1.74409e-4 -1 -3.2514e-4 2.4604e-4 -1 1.30205e-4 -2.5591e-4 -1 -1.98736e-4 0.001028954 -0.9999995 -2.15946e-4 -1.51981e-4 -1 -5.12184e-4 -8.45552e-4 -0.9999995 -4.56896e-4 0.001292347 -0.9999991 0.5797002 -0.4147871 0.7013554 0.4793702 0.4411307 0.7586883 1.92556e-4 -1.76631e-4 1 -0.5783165 0.4931585 0.6498806 -3.91367e-4 -2.12573e-4 -1 -4.45932e-4 -2.08054e-4 -0.9999999 -6.87733e-5 -6.23762e-4 -0.9999998 3.38047e-4 0.00190401 -0.9999982 4.25974e-4 -3.80539e-4 1 -1.39849e-4 6.42581e-4 0.9999998 2.64916e-4 5.36039e-4 0.9999999 3.45342e-4 -1.10561e-4 1 0.5144149 -0.8575342 -0.003558576 0.3271738 -0.9137924 0.2407093 0.1392953 -0.990229 -0.006583154 -0.2311753 -0.9728906 -0.006466746 -2.01227e-4 -1.74555e-4 -1 -0.001460015 -8.88057e-4 -0.9999986 -1.32441e-4 -3.03545e-4 -1 -6.47945e-5 0.001077532 -0.9999995 -4.06699e-4 -1.74937e-4 -1 -4.00935e-4 -4.35093e-5 -1 5.31189e-5 2.00458e-5 -1 -2.27366e-4 -5.69596e-4 -0.9999999 0.9353582 -0.353702 -2.20663e-4 0.8194938 -0.573088 -3.5758e-4 -0.7959015 0.5566173 -0.2381554 -0.5904914 -0.807044 -2.03772e-4 -0.9352861 0.3538924 8.92273e-5 -0.8192843 0.5733876 1.44595e-4 0.7956249 -0.5570056 -0.2381721 0.5895043 0.8077654 2.03798e-4 -0.9606092 -0.2779032 -9.57599e-6 -0.8405549 0.5417264 1.84111e-5 -0.8405552 0.5417259 1.9434e-5 -0.890405 -0.4551692 -1.59583e-5 0.9774438 0.2111955 4.85206e-5 0.7780651 0.3997301 -0.4845935 0.7413557 0.6711124 1.54351e-4 0.305046 0.9523376 2.18675e-4 -0.8033638 0.5954887 -1.39079e-4 -0.5140595 0.8577546 -1.99824e-4 -0.3239676 0.9048696 -0.2761448 -0.1470678 0.9891265 -2.30344e-4 1.99048e-4 -0.001027762 0.9999995 5.29792e-4 0.001022815 0.9999994 -0.001621186 -0.001808166 0.9999971 3.448e-4 1.84928e-4 1 -2.88145e-4 7.22545e-5 1 -2.59293e-4 2.21845e-4 1 1.73848e-4 1.00713e-4 1 2.49875e-4 2.34558e-5 1 -2.39945e-4 6.27974e-4 0.9999998 -2.31843e-4 9.32641e-4 0.9999996 3.45916e-4 -1.26786e-4 1 3.55675e-4 -7.61361e-5 1 -0.989184 -0.1466805 3.42064e-5 -0.9049823 -0.3237279 -0.2760565 -0.8625756 -0.5057392 -0.01383537 -0.5891004 -0.8079741 -0.0117827 0.1470674 -0.9891263 -4.70988e-4 0.3238599 -0.9048207 -0.2764315 0.5142452 -0.8576433 -8.91369e-5 0.8032742 -0.5956096 -6.22101e-5 0.9891889 0.1466476 1.52789e-5 0.9050037 0.3236147 -0.2761194 0.8578963 0.5138229 5.34738e-5 0.5889717 0.8081537 8.4249e-5 -8.18268e-4 -2.75419e-4 0.9999997 -8.45104e-4 -2.00019e-4 0.9999997 -3.57273e-4 -2.36395e-4 1 -2.35267e-4 -3.69364e-4 1 -6.55396e-4 -1.20335e-4 0.9999999 -6.32825e-4 3.43259e-4 0.9999998 -7.83277e-4 5.19956e-4 0.9999996 -7.38667e-4 6.11553e-4 0.9999997 -2.24229e-4 2.31234e-4 1 7.60602e-4 -2.08782e-4 0.9999997 2.18765e-5 -8.4493e-4 0.9999997 1.14589e-4 -8.49446e-4 0.9999997 0.001072049 -4.45951e-4 0.9999994 0.001171171 -2.29832e-4 0.9999994 0.001297771 -3.80077e-4 0.9999991 0.001336991 4.12711e-4 0.9999991 0.001201868 2.79561e-4 0.9999993 0.001373827 -2.00675e-4 0.9999991 -6.82829e-6 -6.30008e-5 1 -7.47561e-6 -6.22293e-5 1 5.08443e-6 0.001359701 0.9999991 4.27922e-4 0.001154184 0.9999994 6.83913e-4 0.001367151 0.9999989 -1.01736e-5 0.001400947 0.9999991 -0.5801327 0.4156157 0.7005068 -0.4791267 -0.4414435 0.7586603 1.92632e-4 -1.76784e-4 1 0.578159 -0.4930405 0.6501103 0.812506 -0.5391808 -0.2216267 0.7456356 -0.5569368 -0.3658538 0.7157035 -0.5361645 -0.4475446 -0.8574153 -0.5143674 0.01628947 -0.8508768 -0.5253655 -1.83845e-5 -0.8579226 -0.5135535 0.01522672 -0.7778716 -0.3997585 -0.4848805 -0.9773308 -0.211718 -4.86466e-5 -0.9519034 0.3063985 7.04501e-5 -0.7353411 0.4739658 -0.4843862 -0.67197 0.7405777 0.001010656 -0.2107796 0.9775328 0.001333594 -0.003597319 2.51085e-4 0.9999935 -0.2989137 0.01476728 0.954166 -0.2987135 0.01482504 0.9542277 1.56481e-4 5.65159e-4 0.9999998 -2.79338e-5 -3.30338e-4 1 -6.54667e-5 -2.37859e-4 1 4.34483e-4 -2.62406e-4 0.9999999 2.11504e-4 -6.38985e-5 1 5.91876e-4 -1.17032e-4 0.9999998 8.94064e-4 3.53642e-4 0.9999995 -1.38536e-4 1.02538e-5 1 -2.96738e-4 -1.91802e-4 1 1.9574e-4 2.17158e-4 -1 -3.04434e-4 1.06719e-4 -1 -7.71788e-5 -3.36039e-4 -1 4.3469e-4 -2.62411e-4 0.9999999 -4.57814e-4 5.31215e-4 0.9999998 7.10262e-5 4.57009e-4 0.9999999 -2.38906e-4 -2.273e-5 1 7.99227e-4 3.21561e-4 0.9999997 4.87068e-4 -7.80825e-5 0.9999999 -0.04887127 -0.9988051 -1.4885e-4 -0.04915153 -0.9987913 2.19846e-4 -0.8293392 0.5587456 -1.23082e-4 -2.47643e-4 6.30707e-4 0.9999998 0.7050024 -0.3754563 0.601668 0.6764516 -0.3786996 0.6316643 2.16157e-4 1.51819e-4 1 5.12237e-4 8.45292e-4 0.9999996 4.56896e-4 -0.001292467 0.9999991 0.432088 0.001470327 0.9018303 0.07396113 -4.94451e-4 0.997261 0.06294792 0.04106384 0.9971717 5.46738e-5 9.01856e-5 1 1.04156e-4 1.82017e-4 1 3.15797e-4 -3.19644e-4 1 2.44165e-4 2.63991e-4 1 -2.80675e-5 3.69737e-5 1 -2.15176e-5 3.02382e-5 1 0.8034312 -0.5953954 0.001686036 0.8041747 -0.5943179 -0.009452879 0.8034061 -0.5953779 -0.007989823 0.00115627 -2.37964e-4 0.9999994 2.03917e-4 -2.45106e-4 1 -7.37836e-4 0.001258909 0.999999 -6.07152e-4 -2.51239e-4 0.9999998 9.70064e-4 -2.39413e-4 0.9999996 6.3275e-4 2.99712e-4 0.9999998 0.04884237 0.9988066 1.48965e-4 0.04884237 0.9988065 1.4885e-4 0.8299854 -0.5577852 -8.31486e-5 3.59849e-4 5.82484e-4 0.9999998 -7.81989e-5 -2.25935e-4 1 -2.51166e-4 1.84615e-4 1 0.001132488 -0.001086413 0.9999988 -0.1536285 0.3991581 0.9039199 -0.2089867 0.4894037 0.8466456 -0.7147177 0.6058989 -0.3493783 -0.7145887 0.6061864 -0.3491435 -0.8458198 0.4032205 -0.3492881 0.7648937 0.4634463 -0.4473872 0.6478625 0.2631448 -0.714863 0.06202673 0.04535031 -0.9970437 0.3027621 0.8808719 -0.3638678 0.5087754 0.7855774 -0.3521589 0.5087463 0.7856113 -0.3521254 0.857986 0.5134148 -0.01629287 0.8646331 0.5024039 1.75946e-5 0.8578079 0.5137631 -0.01459825 6.58239e-5 -3.91263e-5 -1 -2.21662e-4 -2.99443e-4 -1 2.11301e-4 -3.06021e-4 -1 5.07067e-4 1.03971e-4 1 5.38594e-5 3.14723e-5 1 1.38741e-5 -1.4618e-4 1 -1.73402e-4 -1.00699e-4 -1 -2.49825e-4 -2.34031e-5 -1 -4.29142e-4 -1.75739e-4 -1 -4.43798e-4 8.70359e-4 0.9999996 0.1543068 -0.3995389 0.9036361 0.2089035 -0.4887017 0.8470714 -0.9987721 0.04954147 -2.08272e-4 -0.9362555 0.1423155 0.321204 -0.9892258 -0.1456075 0.01520049 -0.08062642 0.9856485 0.1483121 -0.333476 0.9310215 0.1483001 -0.333441 0.9310385 0.1482713 0.7145509 -0.606058 -0.3494436 0.7144375 -0.6063115 -0.3492356 0.8458188 -0.4031546 -0.3493666 1.96103e-4 2.17056e-4 -1 -3.04272e-4 1.06644e-4 -1 -2.72595e-4 4.51703e-5 -1 -2.43775e-4 7.12436e-4 0.9999997 -0.7019152 0.3823525 0.600934 -0.6733999 0.3853262 0.6309171 -0.764996 -0.4634813 -0.4471761 -0.6481584 -0.2633513 -0.7145186 -0.06245464 -0.04521042 -0.9970234 -0.8126264 0.5391255 -0.2213192 -0.7458528 0.5568892 -0.3654833 -0.7158382 0.5360243 -0.4474972 -0.4322554 -0.003068566 0.901746 -0.07240372 -0.001263737 0.9973746 -0.06221961 -0.03965181 0.9972746 0.003505945 -9.8145e-5 0.9999939 0.2993351 -0.01464635 0.9540356 0.2995216 -0.0145924 0.953978 -8.4317e-5 -6.05249e-4 0.9999999 -4.65209e-5 -4.20456e-4 1 -1.21748e-4 -2.35094e-4 1 0.8614809 0.4569277 -0.2215127 0.7966522 0.481163 -0.3658245 -0.8108232 -0.5350468 -0.2372565 -0.7278063 -0.6744338 -0.1242465 0.5796696 -0.8039826 0.132647 0.6152021 -0.7814631 0.1041248 0.8744677 0.4561391 0.1650557 0.8376761 0.5378626 0.09488296 -0.5974704 0.7375012 -0.3148353 -0.6213415 0.726249 -0.2941039 -1.74107e-4 -1.53721e-4 -1 -2.71468e-4 3.54733e-4 -1 -0.7545058 0.6120045 -0.2370052 -0.658396 0.7423647 -0.1241348 0.6553001 0.7435821 0.132919 0.6887412 0.7174875 0.1041505 0.8253996 -0.5399893 0.164703 0.7808244 -0.6175532 0.09455901 -0.6667775 -0.6753451 -0.3151459 -0.6895461 -0.6617444 -0.2943137 6.94826e-5 2.39886e-4 -1 -3.70489e-5 -1.21058e-4 -1 0.8110775 0.5346104 -0.2373712 0.7281472 0.6740449 -0.1243591 -0.5793916 0.8041403 0.1329056 -0.6153353 0.7813659 0.1040663 -0.8745581 -0.4560063 0.1649438 -0.8376606 -0.5379526 0.09450858 0.5970773 -0.7376756 -0.3151723 0.6212664 -0.726284 -0.2941765 -7.74937e-5 -7.97145e-4 -0.9999998 -2.94709e-4 3.40051e-4 -1 1.38231e-5 -1.4624e-4 1 5.37921e-5 3.12993e-5 1 5.07068e-4 1.03844e-4 0.9999999 1.81717e-4 -3.68455e-4 1 1.9014e-4 2.46986e-4 -1 -8.79903e-5 3.37802e-4 -1 -4.48951e-4 -2.22413e-4 -1 -3.73679e-4 -3.22205e-4 -0.9999999 0.3342278 -0.9306808 0.1487448 0.3334751 -0.9310508 0.1481178 0.08061259 -0.9856781 0.1481235 0.08045041 -0.9857099 0.1479994 0.7543978 -0.639442 0.1483176 0.7543097 -0.6395731 0.1481998 0.8801851 -0.4507165 0.1487572 0.8801419 -0.4508253 0.1486845 0.9970291 -0.07702535 -9.40544e-5 0.5059602 0.114401 -0.8549367 -0.5920528 0.7851555 -0.1816711 -0.4428496 0.6764035 -0.5885258 -2.78908e-4 -4.94411e-4 -1 -2.25351e-4 4.87729e-4 -0.9999999 -3.84745e-4 5.2632e-4 -0.9999998 1.47967e-5 -5.81414e-4 -0.9999998 4.3811e-4 5.9408e-5 1 1.36355e-4 4.73589e-5 1 1.75962e-4 -2.93868e-5 1 2.97946e-4 -6.53225e-5 1 -0.50905 -0.7852606 -0.3524686 -0.5087435 -0.785617 -0.3521165 -0.3024792 -0.8809853 -0.3638287 -0.166556 -0.9553266 -0.2441519 -0.7703981 -0.5333371 -0.34934 -0.7703812 -0.5333868 -0.3493014 -0.8814117 -0.3178736 -0.3493849 -0.89034 -0.3037704 -0.3391436 -1.19775e-4 -3.39174e-5 -1 -2.91241e-4 2.20468e-5 -1 -1.92719e-4 1.75005e-4 -1 5.31388e-4 -7.85926e-4 -0.9999997 -0.7543596 0.6394381 0.1485279 -0.7541661 0.6397267 0.1482675 -0.8801053 0.4508543 0.1488119 -0.8800704 0.4509416 0.1487541 -0.4794748 -0.8768906 0.03416055 -0.5580791 -0.8297684 0.005666971 -0.04915237 -0.9987907 0.001116454 -0.0491572 -0.9987904 0.001141846 -0.8306385 0.5458093 0.1101451 -0.6223129 0.7705147 0.1379631 -0.7527031 0.6509448 -0.09853494 -0.5510883 0.8312584 -0.07287794 -5.91697e-4 -1.8557e-4 -0.9999999 -6.23205e-4 -7.67269e-4 -0.9999996 4.37702e-4 5.9248e-5 1 1.36528e-4 4.72112e-5 1 1.75715e-4 -2.93867e-5 1 2.97753e-4 -6.52904e-5 1 0.7703618 0.5333448 -0.3494083 0.7702941 0.5335474 -0.3492481 0.8814918 0.3176884 -0.3493514 0.8902512 0.3038533 -0.3393024 -0.9997927 0.02036321 2.50173e-5 -0.4924622 0.1624146 -0.8550453 -6.67024e-4 -8.21877e-4 -0.9999995 -7.32361e-4 -9.77186e-4 -0.9999993 0.7546431 -0.6116434 -0.2375 0.6581555 -0.7425702 -0.1241817 -0.6552856 -0.7436082 0.1328442 -0.688733 -0.7175063 0.1040751 -0.8253951 0.5399755 0.1647707 -0.7808079 0.6175685 0.09459501 0.6666095 0.6755253 -0.315115 0.689683 0.6617385 -0.2940063 -3.21205e-4 -2.03243e-4 -1 -2.47742e-4 4.56785e-5 -1 0.8807908 0.3330879 -0.3365414 0.8296208 0.4572454 -0.3203998 0.8428081 0.4362407 -0.3152276 0.7894315 0.5345188 -0.3018073 0.0273773 0.07272297 -0.9969764 0.004973113 0.008856713 -0.9999485 0.9341447 0.3362301 -0.1196786 0.7032671 0.7016794 -0.1142868 0.4862923 -0.53275 -0.6926019 0.5178779 -0.4480208 -0.7287523 0.3504947 -0.2845376 -0.8922958 0.3329082 -0.211606 -0.9189097 0.05575805 -0.07383316 -0.9957107 0.1036326 -0.1370308 -0.985131 0.01687425 -0.9696963 0.2437301 -0.1112616 -0.96343 0.2437694 0.232192 0.08257645 -0.9691584 -0.2231391 0.1049389 -0.9691217 -0.5367487 0.7610788 0.3642252 0.6085439 0.7050834 0.364049 -0.8332687 0.5491383 0.06411296 -0.8825035 0.4649242 0.07094514 0.1776767 -0.7114597 0.6798943 -0.554906 -0.1526041 0.8177967 -0.2559493 -0.8362489 0.4849513 -0.2458461 -0.6914904 0.6792649 -0.4298381 0.05297511 0.9013507 -0.07165664 0.009595513 0.9973833 -0.7809481 0.5363651 -0.3200511 -0.8441316 0.4175915 -0.3362432 -0.9520475 0.2906578 -0.09551775 -0.3209125 0.9409781 -0.1075886 -0.4106142 -0.9056158 -0.106095 -0.8294873 -0.4574955 -0.3203886 -0.7895569 -0.5343394 -0.301797 -0.9341683 -0.3361618 -0.1196861 -0.7028902 -0.7020589 -0.1142745 -0.05635631 0.07421189 -0.9956489 -5.41057e-5 -7.27768e-4 0.9999998 0.1933243 0.3833345 0.9031503 -0.4864851 0.5325728 -0.6926027 -0.518135 0.4476934 -0.7287708 -0.3502824 0.2837917 -0.8926166 -0.332861 0.2117893 -0.9188846 -0.1041019 0.1373459 -0.9850375 -0.05635631 0.07421195 -0.9956489 -9.77431e-4 0.001358509 0.9999986 0.9825502 0.178804 -0.05122697 0.9290057 -0.04573529 -0.3672285 0.2089032 -0.4887018 0.8470714 0.1543068 -0.3995385 0.9036362 -0.6190988 0.3254542 -0.7147002 -0.05774348 0.05117422 -0.997019 0.9352862 -0.3538922 -8.92273e-5 -0.909594 0.3441251 -0.2328447 -0.8613597 -0.4570009 -0.2218328 -0.796693 -0.481172 -0.3657236 -0.9970313 0.07699775 9.47882e-5 -0.5083023 -0.1142946 -0.8535606 0.5921086 -0.7853022 -0.1808536 0.442141 -0.6761562 -0.5893421 1.81708e-4 -2.38623e-4 1 2.78533e-4 -6.93298e-5 1 -0.7077364 -0.3178617 0.6309304 -0.7367455 -0.3119069 0.5999336 0.9997926 -0.02036619 1.20549e-5 0.4931715 -0.1631305 -0.8545001 0.7346411 -0.4736822 -0.4857239 0.9521824 -0.3055304 -7.01824e-5 -6.66337e-4 -8.21132e-4 -0.9999995 -1.57129e-4 3.89723e-4 -1 -0.01664018 0.9696381 0.2439779 0.1115069 0.9633558 0.2439506 -0.2325647 -0.08238935 -0.969085 0.2229672 -0.1047683 -0.9691796 0.5368549 -0.7611646 0.3638894 -0.608509 -0.7050243 0.3642221 0.479685 0.8767591 0.03458148 0.5583223 0.8296021 0.006049454 0.8327315 -0.5499815 0.06386619 0.8827298 -0.4645128 0.07082492 -0.5591551 -0.3953841 -0.7287092 -0.3525803 -0.1778452 -0.9187265 0.830627 -0.5458083 0.1102369 0.7528676 -0.650758 -0.09851211 0.551247 -0.8311572 -0.0728318 -0.02817696 -0.07330393 -0.9969115 -0.005634188 -0.008906304 -0.9999446 -0.8486269 0.5286021 0.02030307 -0.8965773 -0.4424301 0.02011591 -3.09856e-5 1.49432e-4 1 -2.93386e-4 -3.08402e-4 1 0.7104765 0.3109619 0.6312891 0.7382342 0.3050099 0.6016471 -0.8804281 -0.4741795 -2.63855e-4 0.04915153 0.9987912 5.55731e-4 -0.07953697 -0.03544121 -0.9962017 -0.06056636 0.002815306 -0.9981603 0.04865169 0.9988156 6.36369e-4 0.04887431 0.9988041 0.001335501 4.21214e-4 -4.6321e-6 1 3.93902e-4 2.90376e-4 1 0.8488427 -0.5282694 0.01994079 0.8964425 0.442689 0.02043074 0.8802831 0.4744489 7.07009e-5 -0.04887127 -0.9988052 -1.4885e-4 0.07917416 0.03493374 -0.9962486 0.06023246 -0.003094136 -0.9981796 -0.04865169 -0.9988157 -4.73613e-4 -0.04880511 -0.9988084 9.46918e-6 0.001347541 0.001664817 0.9999977 -6.24149e-5 -1.91585e-4 1 -3.38117e-4 -0.00190401 0.9999982 -3.04727e-4 4.76684e-4 0.9999999 0.04876768 0.9988101 4.73634e-4 0.04865187 0.9988158 -1.36468e-4 -0.9700744 0.2428084 -5.66342e-5 -0.868884 0.4107139 -0.2763236 -3.32218e-5 2.63912e-4 1 -0.001770853 1.22053e-4 0.9999985 -0.4107454 -0.8688736 -0.2763094 -0.2430644 -0.9700101 -4.6259e-4 -0.277552 0.9575744 -0.07756406 -0.3337786 0.9426516 3.20834e-5 0.8687868 -0.4108899 -0.2763682 0.9700608 -0.2428622 -2.53334e-5 -4.20239e-4 -2.09927e-4 -0.9999999 3.26136e-4 5.14187e-4 -0.9999998 0.4117897 0.8712192 -0.2672199 0.2484244 0.9686513 -2.25922e-4 -2.24973e-4 -0.001675963 -0.9999986 -4.19215e-5 5.15e-4 -1 -0.9352862 0.3538921 8.92867e-5 0.9094923 -0.3441786 -0.2331627 -0.9606095 -0.277902 -9.57599e-6 -0.5230122 -0.8523253 -2.87282e-5 -0.5230123 -0.8523252 -2.87283e-5 0.1412041 -0.9899806 -3.52024e-5 0.1428086 -0.9897469 -0.002604722 0.8407846 -0.5413681 -0.001425862 0.8405767 -0.5416928 -1.841e-5 -0.04895997 -0.9988008 -3.29728e-5 2.58947e-4 -9.77767e-4 -0.9999996 -1.10211e-4 -2.20996e-4 -1 0.9275537 -0.3736885 0.001058459 0.8894716 0.4569889 -0.001293361 0.8896367 0.456669 1.53343e-5 0.8416336 -0.5400491 -1.84118e-5 0.8416522 -0.5400199 -4.45618e-4 0.8887754 0.458343 3.78591e-4 -0.8903917 -0.4551953 -3.75347e-4 -0.8396701 0.5430967 4.47813e-4 -0.8396896 0.5430667 1.85256e-5 -0.8894883 -0.456958 -1.5344e-5 -0.889488 -0.4569587 -1.6367e-5 -0.9277954 0.3730894 1.34987e-5 2.8826e-4 -7.21765e-5 -1 2.59199e-4 -2.21828e-4 -1 0.04895997 0.9987973 0.002631187 -0.840345 0.5420501 0.001428723 -0.8405549 0.5417264 1.84112e-5 -0.1429699 0.989727 3.51935e-5 -0.1429698 0.9897271 3.28472e-5 0.5230118 0.8523256 2.87283e-5 1.39429e-4 6.93403e-4 0.9999998 3.28771e-4 -1.41352e-4 1 -0.4138746 -0.8749091 0.2514797 -0.5956242 -0.8031443 0.01383125 -0.8035518 0.5952349 1.93042e-5 -0.8028551 0.5961002 0.009406864 1.66446e-4 -4.71483e-4 -1 -4.82038e-5 -3.20748e-4 -1 4.2371e-4 -0.001165628 0.9999992 0.00106275 -9.26231e-4 0.9999991 4.65333e-4 -6.7257e-4 0.9999997 7.11242e-4 -4.43545e-4 0.9999997 0.002165496 -1.31336e-4 0.9999977 0.002635776 -9.30566e-5 0.9999966 -6.6856e-4 -0.001101851 -0.9999992 -1.31016e-4 -2.92049e-5 -1 2.45484e-4 -0.001012027 -0.9999995 -5.18324e-4 5.56356e-4 -0.9999998 5.16966e-5 0.001336812 0.9999992 -5.30975e-4 0.001138329 0.9999993 -2.89611e-4 0.001032114 0.9999995 -7.66573e-4 6.12224e-4 0.9999996 3.04727e-4 -4.76685e-4 -0.9999999 2.4002e-4 -6.27637e-4 -0.9999998 0.2766845 -0.9580368 -0.07490813 0.3309695 -0.9436416 -3.2715e-5 -1.74936e-4 -0.001075506 -0.9999995 0 0.001019597 -0.9999996 9.91844e-5 -1.27599e-4 1 1.09172e-4 -1.7178e-4 1 -0.1772494 0.7128621 0.6785354 0.5558481 0.1527336 0.8171325 0.4158554 0.8797316 0.2305142 0.5958416 0.8029828 -0.01383417 -0.9825606 -0.1787436 -0.05123788 -0.9290655 0.04563337 -0.3670898 0.2559172 0.8367927 0.4840297 0.2455593 0.689842 0.6810423 0.4292305 -0.05345076 0.9016121 0.07170271 -0.01008516 0.9973751 0.6189721 -0.325681 -0.7147067 0.05725479 -0.05145657 -0.9970327 -0.9602618 0.2744351 -0.05082035 0.9887923 0.1485776 -0.01465207 0.04884237 0.9988065 1.48908e-4 -0.4116519 -0.905031 -0.1070601 -0.5360537 -0.4826017 -0.6926342 0.04288864 0.8742032 -0.4836626 0.04447591 -0.09413409 -0.9945656 0.2766844 -0.9580368 -0.07490807 -5.4835e-5 0.001033604 -0.9999995 -0.277552 0.9575744 -0.07756388 -0.2249457 -0.6319224 -0.7416695 -0.9987653 0.04954236 -0.00367099 -0.04519265 0.09490704 -0.9944599 -0.1579706 -0.03472107 -0.9868332 0.2555381 0.4655573 0.8473234 -0.8562405 0.3898707 -0.3389001 0.2243514 0.6299787 -0.7435007 0.8559991 -0.3901212 -0.3392211 1.49627e-4 -9.54371e-4 -0.9999996 0.3911486 -0.9196854 0.03437465 -0.1041019 0.137346 -0.9850376 -0.1559013 0.05008214 -0.9865022 0.9602624 -0.2744513 -0.05072331 -3.94689e-4 -8.75961e-5 -1 -2.23858e-4 -8.68288e-5 -1 0.9701218 -0.2423226 -0.01198464 0.1587042 0.03473275 -0.9867151 -0.4338506 0.4869896 0.7580337 4.62976e-4 2.50842e-4 -0.9999999 -0.5104968 -0.490209 0.7064617 2.84775e-4 1.67212e-4 1 0.8192843 -0.5733878 -1.44333e-4 0.4338934 -0.4865987 0.75826 -0.8431088 0.4461462 -0.3002017 0.07537418 -0.0428152 -0.9962358 -0.04887127 -0.9988052 -1.48792e-4 -0.8192844 0.5733873 1.44726e-4 0.8430842 -0.4460085 -0.3004758 0.1544497 -0.05037707 -0.9867156 -0.07607483 0.04373866 -0.9961423 0.5109551 0.4902504 0.7061016 2.85101e-4 1.67083e-4 1</float_array>
          <technique_common>
            <accessor source="#beyblade2loc-2026-09-10-18-50-26-738-mesh-normals-array" count="940" stride="3">
              <param name="X" type="float"/>
              <param name="Y" type="float"/>
              <param name="Z" type="float"/>
            </accessor>
          </technique_common>
        </source>
        <source id="beyblade2loc-2026-09-10-18-50-26-738-mesh-map-0">
          <float_array id="beyblade2loc-2026-09-10-18-50-26-738-mesh-map-0-array" count="5844">0.4824219 0.2246093 0.4838867 0.2373046 0.4941406 0.2319335 0.4941406 0.2319335 0.4838867 0.2373046 0.5048828 0.2373046 0.4941406 0.2319335 0.5048828 0.2373046 0.5058594 0.2246093 0.5058594 0.2246093 0.5048828 0.2373046 0.515625 0.2172851 0.5058594 0.2246093 0.515625 0.2172851 0.5058594 0.2104492 0.5058594 0.2104492 0.515625 0.2172851 0.5048828 0.1977539 0.5058594 0.2104492 0.5048828 0.1977539 0.4941406 0.203125 0.4941406 0.203125 0.5048828 0.1977539 0.4838867 0.1977539 0.4941406 0.203125 0.4838867 0.1977539 0.4824219 0.2104492 0.4824219 0.2104492 0.4838867 0.1977539 0.4731445 0.2172851 0.4824219 0.2104492 0.4731445 0.2172851 0.4824219 0.2246093 0.4824219 0.2246093 0.4731445 0.2172851 0.4838867 0.2373046 0.7851563 0.05761718 0.6967774 0.0234375 0.6967774 0.05761718 0.6967774 0.05761718 0.6967774 0.0234375 0.6523438 0.0234375 0.6967774 0.05761718 0.6523438 0.0234375 0.6523438 0.05761718 0.6523438 0.05761718 0.6523438 0.0234375 0.6967774 0.0234375 0.6523438 0.05761718 0.6967774 0.0234375 0.6967774 0.05761718 0.6967774 0.05761718 0.6967774 0.0234375 0.7851563 0.0234375 0.6967774 0.05761718 0.7851563 0.0234375 0.7851563 0.05761718 0.7851563 0.05761718 0.7851563 0.0234375 0.8291016 0.0234375 0.7851563 0.05761718 0.8291016 0.0234375 0.8291016 0.05761718 0.8291016 0.05761718 0.8291016 0.0234375 0.7851563 0.0234375 0.8291016 0.05761718 0.7851563 0.0234375 0.7851563 0.05761718 0.7851563 0.05761718 0.7851563 0.0234375 0.6967774 0.0234375 0.9116211 0.6259766 0.8798828 0.6235352 0.9116211 0.6499024 0.9116211 0.6499024 0.8798828 0.6235352 0.8774414 0.6469727 0.9116211 0.6499024 0.8774414 0.6469727 0.9130859 0.65625 0.9130859 0.65625 0.8774414 0.6469727 0.878418 0.6967774 0.9130859 0.65625 0.878418 0.6967774 0.9130859 0.6835938 0.9130859 0.6835938 0.878418 0.6967774 0.8959961 0.734375 0.9130859 0.6835938 0.8959961 0.734375 0.9130859 0.7338867 0.9130859 0.7338867 0.8959961 0.734375 0.9018555 0.7602539 0.9130859 0.7338867 0.9018555 0.7602539 0.9130859 0.7602539 0.9130859 0.7602539 0.9018555 0.7602539 0.9130859 0.7338867 0.9130859 0.7338867 0.9130859 0.7602539 0.9018555 0.7602539 0.9018555 0.7602539 0.9130859 0.7602539 0.9130859 0.7338867 0.9018555 0.7602539 0.9130859 0.7338867 0.8959961 0.734375 0.8959961 0.734375 0.9130859 0.7338867 0.9130859 0.6835938 0.8959961 0.734375 0.9130859 0.6835938 0.878418 0.6967774 0.878418 0.6967774 0.9130859 0.6835938 0.9130859 0.65625 0.878418 0.6967774 0.9130859 0.65625 0.8774414 0.6469727 0.8774414 0.6469727 0.9130859 0.65625 0.9116211 0.6499024 0.8774414 0.6469727 0.9116211 0.6499024 0.8798828 0.6235352 0.8798828 0.6235352 0.9116211 0.6499024 0.9116211 0.6259766 0.5595703 0.8242188 0.5546875 0.8261719 0.5551758 0.8369141 0.5551758 0.8369141 0.5546875 0.8261719 0.5449219 0.8203125 0.5551758 0.8369141 0.5449219 0.8203125 0.5415039 0.8457031 0.5415039 0.8457031 0.5449219 0.8203125 0.5126953 0.8393555 0.5415039 0.8457031 0.5126953 0.8393555 0.5263672 0.8520508 0.5263672 0.8520508 0.5126953 0.8393555 0.4990234 0.8520508 0.5263672 0.8520508 0.4990234 0.8520508 0.5126953 0.8837891 0.5126953 0.8837891 0.4990234 0.8520508 0.4980469 0.855957 0.5126953 0.8837891 0.4980469 0.855957 0.4873047 0.855957 0.9863281 0.9848633 0.9633789 0.9848633 0.9863281 0.9770508 0.9863281 0.9770508 0.9633789 0.9848633 0.9633789 0.9770508 0.9863281 0.9770508 0.9633789 0.9770508 0.9863281 0.9555664 0.9863281 0.9555664 0.9633789 0.9770508 0.9633789 0.9555664 0.9863281 0.9555664 0.9633789 0.9555664 0.9863281 0.9321289 0.9863281 0.9321289 0.9633789 0.9555664 0.9633789 0.9321289 0.9863281 0.9321289 0.9633789 0.9321289 0.9863281 0.9345703 0.9863281 0.9345703 0.9633789 0.9321289 0.9633789 0.934082 0.9633789 0.9765625 0.9633789 0.9838867 0.9863281 0.9838867 0.9863281 0.9838867 0.9633789 0.9838867 0.9633789 0.9887695 0.9863281 0.9838867 0.9633789 0.9887695 0.9863281 0.9887695 0.9863281 0.9887695 0.9633789 0.9887695 0.9633789 0.9873047 0.9863281 0.9887695 0.9633789 0.9873047 0.9863281 0.9873047 0.9863281 0.9873047 0.9633789 0.9873047 0.9633789 0.972168 0.9863281 0.9873047 0.9633789 0.972168 0.9863281 0.972168 0.9863281 0.972168 0.9633789 0.972168 0.9863281 0.972168 0.9863281 0.8486328 0.9863281 0.8486328 0.9633789 0.8486328 0.9633789 0.8486328 0.9863281 0.8486328 0.9863281 0.8334961 0.9633789 0.8486328 0.9863281 0.8334961 0.9633789 0.8334961 0.9633789 0.8334961 0.9863281 0.8334961 0.9863281 0.8320313 0.9633789 0.8334961 0.9863281 0.8320313 0.9633789 0.8320313 0.9633789 0.8320313 0.9863281 0.8320313 0.9863281 0.8369141 0.9633789 0.8320313 0.9863281 0.8369141 0.9633789 0.8369141 0.9633789 0.8369141 0.9863281 0.8369141 0.9633789 0.8447266 0.7148438 0.4521484 0.7138672 0.487793 0.6811524 0.4545899 0.6811524 0.4545899 0.7138672 0.487793 0.6694336 0.4897461 0.6811524 0.4545899 0.6694336 0.4897461 0.6464844 0.4555664 0.6464844 0.4555664 0.6694336 0.4897461 0.6318359 0.484375 0.6464844 0.4555664 0.6318359 0.484375 0.6303711 0.4516602 0.6303711 0.4516602 0.6318359 0.484375 0.6035156 0.4765625 0.6303711 0.4516602 0.6035156 0.4765625 0.6142578 0.4404297 0.6142578 0.4404297 0.6035156 0.4765625 0.5878906 0.449707 0.9863281 0.8359375 0.9633789 0.8359375 0.9863281 0.8442383 0.9863281 0.8442383 0.9633789 0.8359375 0.9633789 0.8442383 0.9863281 0.8442383 0.9633789 0.8442383 0.9863281 0.8652344 0.9863281 0.8652344 0.9633789 0.8442383 0.9633789 0.8652344 0.9863281 0.8652344 0.9633789 0.8652344 0.9863281 0.8886719 0.9863281 0.8886719 0.9633789 0.8652344 0.9633789 0.8886719 0.9863281 0.8886719 0.9633789 0.8886719 0.9863281 0.8862305 0.9863281 0.8862305 0.9633789 0.8886719 0.9633789 0.8867188 0.7148438 0.4521484 0.7138672 0.487793 0.6811524 0.4545899 0.6811524 0.4545899 0.7138672 0.487793 0.6694336 0.4897461 0.6811524 0.4545899 0.6694336 0.4897461 0.6464844 0.4555664 0.6464844 0.4555664 0.6694336 0.4897461 0.6318359 0.484375 0.6464844 0.4555664 0.6318359 0.484375 0.6303711 0.4516602 0.6303711 0.4516602 0.6318359 0.484375 0.6035156 0.4765625 0.6303711 0.4516602 0.6035156 0.4765625 0.6142578 0.4404297 0.6142578 0.4404297 0.6035156 0.4765625 0.5878906 0.449707 0.9716797 0.2436523 0.8178711 0.2421875 0.9819336 0.2553711 0.9819336 0.2553711 0.8178711 0.2421875 0.8310547 0.3041992 0.9819336 0.2553711 0.8310547 0.3041992 0.9819336 0.3154297 0.9819336 0.3154297 0.8310547 0.3041992 0.8969727 0.3833008 0.9819336 0.3154297 0.8969727 0.3833008 0.9819336 0.375 0.9819336 0.375 0.8969727 0.3833008 0.9155274 0.4272461 0.9819336 0.375 0.9155274 0.4272461 0.9819336 0.4238281 0.9819336 0.4238281 0.9155274 0.4272461 0.9819336 0.4707031 0.9716797 0.2436523 0.8178711 0.2421875 0.9819336 0.2553711 0.9819336 0.2553711 0.8178711 0.2421875 0.8310547 0.3041992 0.9819336 0.2553711 0.8310547 0.3041992 0.9819336 0.3154297 0.9819336 0.3154297 0.8310547 0.3041992 0.8969727 0.3833008 0.9819336 0.3154297 0.8969727 0.3833008 0.9819336 0.375 0.9819336 0.375 0.8969727 0.3833008 0.9155274 0.4272461 0.9819336 0.375 0.9155274 0.4272461 0.9819336 0.4238281 0.9819336 0.4238281 0.9155274 0.4272461 0.9819336 0.4707031 0.9633789 0.9848633 0.9863281 0.9848633 0.9633789 0.9770508 0.9633789 0.9770508 0.9863281 0.9848633 0.9863281 0.9770508 0.9633789 0.9770508 0.9863281 0.9770508 0.9633789 0.9555664 0.9633789 0.9555664 0.9863281 0.9770508 0.9863281 0.9555664 0.9633789 0.9555664 0.9863281 0.9555664 0.9633789 0.9321289 0.9633789 0.9321289 0.9863281 0.9555664 0.9863281 0.9321289 0.9633789 0.9321289 0.9863281 0.9321289 0.9863281 0.9345703 0.9819336 0.4238281 0.9155274 0.4272461 0.9819336 0.375 0.9819336 0.375 0.9155274 0.4272461 0.8969727 0.3833008 0.9819336 0.375 0.8969727 0.3833008 0.9819336 0.3154297 0.9819336 0.3154297 0.8969727 0.3833008 0.8310547 0.3041992 0.9819336 0.3154297 0.8310547 0.3041992 0.9819336 0.2553711 0.9819336 0.2553711 0.8310547 0.3041992 0.8178711 0.2421875 0.9819336 0.2553711 0.8178711 0.2421875 0.9716797 0.2436523 0.9633789 0.8359375 0.9863281 0.8359375 0.9633789 0.8442383 0.9633789 0.8442383 0.9863281 0.8359375 0.9863281 0.8442383 0.9633789 0.8442383 0.9863281 0.8442383 0.9633789 0.8652344 0.9633789 0.8652344 0.9863281 0.8442383 0.9863281 0.8652344 0.9633789 0.8652344 0.9863281 0.8652344 0.9633789 0.8886719 0.9633789 0.8886719 0.9863281 0.8652344 0.9863281 0.8886719 0.9633789 0.8886719 0.9863281 0.8886719 0.9863281 0.8862305 0.5517578 0.7788086 0.5517578 0.8081055 0.5615234 0.7729492 0.5615234 0.7729492 0.5517578 0.8081055 0.5615234 0.8139649 0.5615234 0.7729492 0.5615234 0.8139649 0.6020508 0.793457 0.6020508 0.793457 0.5615234 0.8139649 0.5625 0.8188477 0.6020508 0.793457 0.5625 0.8188477 0.5756836 0.8574219 0.5756836 0.8574219 0.5625 0.8188477 0.5600586 0.8413086 0.5756836 0.8574219 0.5600586 0.8413086 0.5385742 0.855957 0.02929687 0.6831055 0.05078125 0.637207 0.1044921 0.6875 0.1044921 0.6875 0.05078125 0.637207 0.09130859 0.6289063 0.1044921 0.6875 0.09130859 0.6289063 0.1679687 0.6533203 0.1679687 0.6533203 0.09130859 0.6289063 0.1298828 0.6030274 0.1679687 0.6533203 0.1298828 0.6030274 0.2329101 0.5859375 0.2329101 0.5859375 0.1298828 0.6030274 0.1557617 0.5551758 0.2329101 0.5859375 0.1557617 0.5551758 0.1870117 0.5126953 0.02929687 0.6831055 0.05078125 0.637207 0.1044921 0.6875 0.1044921 0.6875 0.05078125 0.637207 0.09130859 0.6289063 0.1044921 0.6875 0.09130859 0.6289063 0.1679687 0.6533203 0.1679687 0.6533203 0.09130859 0.6289063 0.1298828 0.6030274 0.1679687 0.6533203 0.1298828 0.6030274 0.2329101 0.5859375 0.2329101 0.5859375 0.1298828 0.6030274 0.1557617 0.5551758 0.2329101 0.5859375 0.1557617 0.5551758 0.1870117 0.5126953 0.1870117 0.5126953 0.1557617 0.5551758 0.2329101 0.5859375 0.2329101 0.5859375 0.1557617 0.5551758 0.1298828 0.6030274 0.2329101 0.5859375 0.1298828 0.6030274 0.1679687 0.6533203 0.1679687 0.6533203 0.1298828 0.6030274 0.09130859 0.6289063 0.1679687 0.6533203 0.09130859 0.6289063 0.1044921 0.6875 0.1044921 0.6875 0.09130859 0.6289063 0.05078125 0.637207 0.1044921 0.6875 0.05078125 0.637207 0.02929687 0.6831055 0.1123046 0.2612305 0.1621093 0.2592774 0.1142578 0.2866211 0.1142578 0.2866211 0.1621093 0.2592774 0.1503906 0.2861328 0.1142578 0.2866211 0.1503906 0.2861328 0.1484375 0.3764649 0.1484375 0.3764649 0.1503906 0.2861328 0.1757812 0.3676758 0.1484375 0.3764649 0.1757812 0.3676758 0.1845703 0.4589844 0.1845703 0.4589844 0.1757812 0.3676758 0.1938476 0.3583984 0.1845703 0.4589844 0.1938476 0.3583984 0.1987304 0.4853516 0.1123046 0.2612305 0.1142578 0.2866211 0.1621093 0.2592774 0.1621093 0.2592774 0.1142578 0.2866211 0.1503906 0.2861328 0.1621093 0.2592774 0.1503906 0.2861328 0.1938476 0.3583984 0.1938476 0.3583984 0.1503906 0.2861328 0.1757812 0.3676758 0.1938476 0.3583984 0.1757812 0.3676758 0.1845703 0.4589844 0.1845703 0.4589844 0.1757812 0.3676758 0.1484375 0.3764649 0.1845703 0.4589844 0.1484375 0.3764649 0.1430664 0.4619141 0.1123046 0.2612305 0.1142578 0.2866211 0.1621093 0.2592774 0.1621093 0.2592774 0.1142578 0.2866211 0.1503906 0.2861328 0.1621093 0.2592774 0.1503906 0.2861328 0.1938476 0.3583984 0.1938476 0.3583984 0.1503906 0.2861328 0.1757812 0.3676758 0.1938476 0.3583984 0.1757812 0.3676758 0.1845703 0.4589844 0.1845703 0.4589844 0.1757812 0.3676758 0.1484375 0.3764649 0.1845703 0.4589844 0.1484375 0.3764649 0.1430664 0.4619141 0.1123046 0.2612305 0.1621093 0.2592774 0.1142578 0.2866211 0.1142578 0.2866211 0.1621093 0.2592774 0.1503906 0.2861328 0.1142578 0.2866211 0.1503906 0.2861328 0.1484375 0.3764649 0.1484375 0.3764649 0.1503906 0.2861328 0.1757812 0.3676758 0.1484375 0.3764649 0.1757812 0.3676758 0.1845703 0.4589844 0.1845703 0.4589844 0.1757812 0.3676758 0.1938476 0.3583984 0.1845703 0.4589844 0.1938476 0.3583984 0.1987304 0.4853516 0.1557617 0.5551758 0.2329101 0.5859375 0.1298828 0.6030274 0.1298828 0.6030274 0.2329101 0.5859375 0.1679687 0.6533203 0.1298828 0.6030274 0.1679687 0.6533203 0.09130859 0.6289063 0.09130859 0.6289063 0.1679687 0.6533203 0.1044921 0.6875 0.09130859 0.6289063 0.1044921 0.6875 0.05078125 0.637207 0.05078125 0.637207 0.1044921 0.6875 0.02929687 0.6831055 0.0336914 0.1318359 0.1313476 0.1708984 0.04589843 0.152832 0.04589843 0.152832 0.1313476 0.1708984 0.1289062 0.1923828 0.04589843 0.152832 0.1289062 0.1923828 0.1230468 0.2197265 0.1230468 0.2197265 0.1289062 0.1923828 0.2265625 0.2524414 0.1230468 0.2197265 0.2265625 0.2524414 0.2143554 0.2817383 0.2143554 0.2817383 0.2265625 0.2524414 0.2504883 0.253418 0.9633789 0.9887695 0.9633789 0.9838867 0.9863281 0.9838867 0.9863281 0.9838867 0.9633789 0.9838867 0.9633789 0.9765625 0.9863281 0.9838867 0.9633789 0.9765625 0.9863281 0.9765625 0.9863281 0.9765625 0.9633789 0.9765625 0.9633789 0.9614258 0.9863281 0.9765625 0.9633789 0.9614258 0.9863281 0.9614258 0.9863281 0.9614258 0.9633789 0.9614258 0.9863281 0.9106445 0.6708984 0.8549805 0.7299805 0.7905274 0.6738281 0.8701172 0.6738281 0.8701172 0.7299805 0.7905274 0.6660156 0.940918 0.6738281 0.8701172 0.6660156 0.940918 0.6640625 0.8876953 0.6640625 0.8876953 0.6660156 0.940918 0.6489258 0.9267578 0.6640625 0.8876953 0.6489258 0.9267578 0.6479492 0.8930664 0.6479492 0.8930664 0.6489258 0.9267578 0.6162109 0.875 0.0336914 0.1318359 0.1313476 0.1708984 0.04589843 0.152832 0.04589843 0.152832 0.1313476 0.1708984 0.1289062 0.1923828 0.04589843 0.152832 0.1289062 0.1923828 0.1230468 0.2197265 0.1230468 0.2197265 0.1289062 0.1923828 0.2265625 0.2524414 0.1230468 0.2197265 0.2265625 0.2524414 0.2143554 0.2817383 0.2143554 0.2817383 0.2265625 0.2524414 0.2504883 0.253418 0.9819336 0.2553711 0.8310547 0.3041992 0.9819336 0.3154297 0.9819336 0.3154297 0.8310547 0.3041992 0.8969727 0.3833008 0.9819336 0.3154297 0.8969727 0.3833008 0.9819336 0.375 0.9819336 0.375 0.8969727 0.3833008 0.9155274 0.4272461 0.9819336 0.375 0.9155274 0.4272461 0.9819336 0.4238281 0.9819336 0.4238281 0.9155274 0.4272461 0.9819336 0.4707031 0.0336914 0.1318359 0.04589843 0.152832 0.1313476 0.1708984 0.1313476 0.1708984 0.04589843 0.152832 0.1289062 0.1923828 0.1313476 0.1708984 0.1289062 0.1923828 0.2265625 0.2524414 0.2265625 0.2524414 0.1289062 0.1923828 0.1230468 0.2197265 0.2265625 0.2524414 0.1230468 0.2197265 0.2143554 0.2817383 0.9130859 0.65625 0.878418 0.6967774 0.9130859 0.6835938 0.9130859 0.6835938 0.878418 0.6967774 0.8959961 0.734375 0.9130859 0.6835938 0.8959961 0.734375 0.9130859 0.7338867 0.9130859 0.7338867 0.8959961 0.734375 0.9018555 0.7602539 0.9130859 0.7338867 0.9018555 0.7602539 0.9130859 0.7602539 0.9130859 0.7602539 0.9018555 0.7602539 0.9130859 0.7338867 0.9130859 0.7338867 0.9018555 0.7602539 0.8959961 0.734375 0.9130859 0.7338867 0.8959961 0.734375 0.9130859 0.6835938 0.9130859 0.6835938 0.8959961 0.734375 0.878418 0.6967774 0.9130859 0.6835938 0.878418 0.6967774 0.9130859 0.65625 0.527832 0.3388672 0.4335938 0.3422852 0.4970703 0.3520508 0.4970703 0.3520508 0.4335938 0.3422852 0.4277344 0.4658203 0.4970703 0.3520508 0.4277344 0.4658203 0.4995117 0.4663086 0.4995117 0.4663086 0.4277344 0.4658203 0.527832 0.4804688 0.4995117 0.4663086 0.527832 0.4804688 0.527832 0.3388672 0.1865234 0.8383789 0.2080078 0.8383789 0.1870117 0.8481445 0.1870117 0.8481445 0.2080078 0.8383789 0.1552734 0.9130859 0.1870117 0.8481445 0.1552734 0.9130859 0.1240234 0.8481445 0.1240234 0.8481445 0.1552734 0.9130859 0.102539 0.8383789 0.1240234 0.8481445 0.102539 0.8383789 0.1245117 0.8383789 0.3725586 0.6547852 0.3574219 0.6938477 0.3554688 0.640625 0.3554688 0.640625 0.3574219 0.6938477 0.3476563 0.7114258 0.3554688 0.640625 0.3476563 0.7114258 0.2915039 0.7905274 0.2915039 0.7905274 0.3476563 0.7114258 0.3505859 0.7265625 0.2915039 0.7905274 0.3505859 0.7265625 0.3505859 0.8549805 0.4658203 0.6069336 0.5102539 0.6474609 0.4169922 0.6264649 0.4169922 0.6264649 0.5102539 0.6474609 0.4052734 0.706543 0.4169922 0.6264649 0.4052734 0.706543 0.3725586 0.6547852 0.3725586 0.6547852 0.4052734 0.706543 0.3735352 0.6884766 0.3725586 0.6547852 0.3735352 0.6884766 0.3574219 0.6938477 0.2670899 0.5400391 0.1953125 0.5019531 0.2602539 0.5483399 0.2602539 0.5483399 0.1953125 0.5019531 0.1870117 0.5126953 0.2602539 0.5483399 0.1870117 0.5126953 0.2329101 0.5859375 0.2329101 0.5859375 0.1870117 0.5126953 0.1557617 0.5551758 0.2329101 0.5859375 0.1557617 0.5551758 0.1298828 0.6030274 0.737793 0.2949219 0.7744141 0.2646484 0.7856445 0.3740234 0.7856445 0.3740234 0.7744141 0.2646484 0.8447266 0.3520508 0.7856445 0.3740234 0.8447266 0.3520508 0.8115234 0.4624024 0.8115234 0.4624024 0.8447266 0.3520508 0.8745117 0.4526367 0.8115234 0.4624024 0.8745117 0.4526367 0.8447266 0.3520508 0.008300781 0.5893555 0.1235351 0.5893555 0.008300781 0.4863281 0.008300781 0.4863281 0.1235351 0.5893555 0.1235351 0.4863281 0.008300781 0.4863281 0.1235351 0.4863281 0.008300781 0.3759766 0.008300781 0.3759766 0.1235351 0.4863281 0.1235351 0.3759766 0.008300781 0.3759766 0.1235351 0.3759766 0.1235351 0.4863281 0.340332 0.08349609 0.3808594 0.08349609 0.3808594 0.02636718 0.3808594 0.02636718 0.3808594 0.08349609 0.4365234 0.08349609 0.3808594 0.02636718 0.4365234 0.08349609 0.4916992 0.02636718 0.4916992 0.02636718 0.4365234 0.08349609 0.4916992 0.08349609 0.4916992 0.02636718 0.4916992 0.08349609 0.5327149 0.08349609 0.0336914 0.1318359 0.04589843 0.152832 0.1313476 0.1708984 0.1313476 0.1708984 0.04589843 0.152832 0.1289062 0.1923828 0.1313476 0.1708984 0.1289062 0.1923828 0.2265625 0.2524414 0.2265625 0.2524414 0.1289062 0.1923828 0.1230468 0.2197265 0.2265625 0.2524414 0.1230468 0.2197265 0.2143554 0.2817383 0.2329101 0.5859375 0.1298828 0.6030274 0.1679687 0.6533203 0.1679687 0.6533203 0.1298828 0.6030274 0.09130859 0.6289063 0.1679687 0.6533203 0.09130859 0.6289063 0.1044921 0.6875 0.1044921 0.6875 0.09130859 0.6289063 0.05078125 0.637207 0.1044921 0.6875 0.05078125 0.637207 0.02929687 0.6831055 0.2670899 0.5400391 0.1953125 0.5019531 0.2602539 0.5483399 0.2602539 0.5483399 0.1953125 0.5019531 0.1870117 0.5126953 0.2602539 0.5483399 0.1870117 0.5126953 0.2329101 0.5859375 0.2329101 0.5859375 0.1870117 0.5126953 0.1557617 0.5551758 0.2329101 0.5859375 0.1557617 0.5551758 0.1298828 0.6030274 0.2329101 0.5859375 0.1298828 0.6030274 0.1679687 0.6533203 0.1679687 0.6533203 0.1298828 0.6030274 0.09130859 0.6289063 0.1679687 0.6533203 0.09130859 0.6289063 0.1044921 0.6875 0.1044921 0.6875 0.09130859 0.6289063 0.05078125 0.637207 0.1044921 0.6875 0.05078125 0.637207 0.02929687 0.6831055 0.527832 0.3388672 0.4335938 0.3422852 0.4970703 0.3520508 0.4970703 0.3520508 0.4335938 0.3422852 0.4277344 0.4658203 0.4970703 0.3520508 0.4277344 0.4658203 0.4995117 0.4663086 0.4995117 0.4663086 0.4277344 0.4658203 0.527832 0.4804688 0.4995117 0.4663086 0.527832 0.4804688 0.527832 0.3388672 0.925293 0.03662109 0.9291992 0.02246093 0.9501953 0.04589843 0.9501953 0.04589843 0.9291992 0.02246093 0.9609375 0.02978515 0.9501953 0.04589843 0.9609375 0.02978515 0.972168 0.06152343 0.972168 0.06152343 0.9609375 0.02978515 0.9858399 0.04736328 0.972168 0.06152343 0.9858399 0.04736328 0.9609375 0.02978515 0.4882813 0.4921875 0.4882813 0.5522461 0.5297852 0.4921875 0.5297852 0.4921875 0.4882813 0.5522461 0.5297852 0.5522461 0.5297852 0.4921875 0.5297852 0.5522461 0.574707 0.4921875 0.574707 0.4921875 0.5297852 0.5522461 0.574707 0.5522461 0.574707 0.4921875 0.574707 0.5522461 0.5297852 0.5522461 0.224121 0.4956055 0.2773438 0.5024414 0.2255859 0.3930664 0.2255859 0.3930664 0.2773438 0.5024414 0.2788086 0.3862305 0.2255859 0.3930664 0.2788086 0.3862305 0.2075195 0.3105469 0.2075195 0.3105469 0.2788086 0.3862305 0.2539063 0.2929688 0.1235351 0.3759766 0.008300781 0.3759766 0.1235351 0.4863281 0.1235351 0.4863281 0.008300781 0.3759766 0.008300781 0.4863281 0.1235351 0.4863281 0.008300781 0.4863281 0.1235351 0.5893555 0.1235351 0.5893555 0.008300781 0.4863281 0.008300781 0.5893555 0.9819336 0.375 0.9819336 0.4238281 0.9155274 0.4272461 0.9155274 0.4272461 0.9819336 0.4238281 0.9819336 0.4707031 0.9155274 0.4272461 0.9819336 0.4707031 0.9223633 0.4775391 0.9223633 0.4775391 0.9819336 0.4707031 0.9272461 0.534668 0.5126953 0.7475586 0.484375 0.7412109 0.4804688 0.7666016 0.4804688 0.7666016 0.484375 0.7412109 0.4707031 0.75 0.4804688 0.7666016 0.4707031 0.75 0.4711914 0.7607422 0.4711914 0.7607422 0.4707031 0.75 0.4663086 0.7626953 0.4990234 0.8520508 0.5126953 0.8393555 0.484375 0.8457031 0.484375 0.8457031 0.5126953 0.8393555 0.4804688 0.8203125 0.484375 0.8457031 0.4804688 0.8203125 0.4707031 0.8369141 0.4707031 0.8369141 0.4804688 0.8203125 0.4711914 0.8261719 0.05810546 0.9130859 0.05810546 0.8481445 0.02832031 0.9130859 0.02832031 0.9130859 0.05810546 0.8481445 0.01757812 0.8481445 0.02832031 0.9130859 0.01757812 0.8481445 0.0180664 0.9130859 0.0180664 0.9130859 0.01757812 0.8481445 0.02832031 0.9130859 0.9155274 0.4272461 0.9223633 0.4775391 0.9819336 0.4707031 0.9819336 0.4707031 0.9223633 0.4775391 0.9272461 0.534668 0.9819336 0.4707031 0.9272461 0.534668 0.9819336 0.534668 0.9819336 0.534668 0.9272461 0.534668 0.9819336 0.4707031 0.4526367 0.5522461 0.4526367 0.4921875 0.425293 0.5522461 0.425293 0.5522461 0.4526367 0.4921875 0.425293 0.4921875 0.425293 0.5522461 0.425293 0.4921875 0.409668 0.5522461 0.409668 0.5522461 0.425293 0.4921875 0.409668 0.4921875 0.9272461 0.534668 0.9223633 0.4775391 0.9819336 0.4707031 0.9819336 0.4707031 0.9223633 0.4775391 0.9155274 0.4272461 0.9819336 0.4707031 0.9155274 0.4272461 0.9819336 0.4238281 0.9819336 0.4238281 0.9155274 0.4272461 0.9819336 0.375 0.9155274 0.4272461 0.9223633 0.4775391 0.9819336 0.4707031 0.9819336 0.4707031 0.9223633 0.4775391 0.9272461 0.534668 0.9819336 0.4707031 0.9272461 0.534668 0.9819336 0.534668 0.9819336 0.534668 0.9272461 0.534668 0.9819336 0.4707031 0.224121 0.4956055 0.2773438 0.5024414 0.2255859 0.3930664 0.2255859 0.3930664 0.2773438 0.5024414 0.2788086 0.3862305 0.2255859 0.3930664 0.2788086 0.3862305 0.2075195 0.3105469 0.2075195 0.3105469 0.2788086 0.3862305 0.2539063 0.2929688 0.574707 0.5522461 0.574707 0.4921875 0.5297852 0.5522461 0.5297852 0.5522461 0.574707 0.4921875 0.5297852 0.4921875 0.5297852 0.5522461 0.5297852 0.4921875 0.4882813 0.5522461 0.4882813 0.5522461 0.5297852 0.4921875 0.4882813 0.4921875 0.4526367 0.5522461 0.4526367 0.4921875 0.425293 0.5522461 0.425293 0.5522461 0.4526367 0.4921875 0.425293 0.4921875 0.425293 0.5522461 0.425293 0.4921875 0.409668 0.5522461 0.409668 0.5522461 0.425293 0.4921875 0.409668 0.4921875 0.1870117 0.8481445 0.1240234 0.8481445 0.1552734 0.9130859 0.1552734 0.9130859 0.1240234 0.8481445 0.102539 0.8383789 0.1552734 0.9130859 0.102539 0.8383789 0.1030273 0.9130859 0.1030273 0.9130859 0.102539 0.8383789 0.05810546 0.9130859 0.5615234 0.7729492 0.6020508 0.793457 0.5625 0.7680664 0.5625 0.7680664 0.6020508 0.793457 0.5756836 0.7294922 0.5625 0.7680664 0.5756836 0.7294922 0.5600586 0.7456055 0.5600586 0.7456055 0.5756836 0.7294922 0.5385742 0.730957 0.5625 0.7680664 0.5600586 0.7456055 0.5595703 0.7626953 0.5595703 0.7626953 0.5600586 0.7456055 0.5551758 0.75 0.5595703 0.7626953 0.5551758 0.75 0.5546875 0.7607422 0.5546875 0.7607422 0.5551758 0.75 0.5449219 0.7666016 0.4335938 0.3422852 0.527832 0.3388672 0.4970703 0.3520508 0.4970703 0.3520508 0.527832 0.3388672 0.4995117 0.4663086 0.4970703 0.3520508 0.4995117 0.4663086 0.4277344 0.4658203 0.4277344 0.4658203 0.4995117 0.4663086 0.527832 0.4804688 0.5126953 0.8837891 0.4873047 0.855957 0.449707 0.8574219 0.449707 0.8574219 0.4873047 0.855957 0.4658203 0.8413086 0.449707 0.8574219 0.4658203 0.8413086 0.4628906 0.8188477 0.4628906 0.8188477 0.4658203 0.8413086 0.4663086 0.8242188 0.8745117 0.4526367 0.8115234 0.4624024 0.8447266 0.3520508 0.8447266 0.3520508 0.8115234 0.4624024 0.7856445 0.3740234 0.8447266 0.3520508 0.7856445 0.3740234 0.7744141 0.2646484 0.7744141 0.2646484 0.7856445 0.3740234 0.737793 0.2949219 0.2529297 0.9130859 0.2529297 0.8481445 0.2827149 0.9130859 0.2827149 0.9130859 0.2529297 0.8481445 0.2929688 0.8481445 0.2827149 0.9130859 0.2929688 0.8481445 0.2929688 0.9130859 0.2929688 0.9130859 0.2929688 0.8481445 0.2827149 0.9130859 0.449707 0.8574219 0.4628906 0.8188477 0.4238281 0.793457 0.4238281 0.793457 0.4628906 0.8188477 0.4638672 0.8139649 0.4238281 0.793457 0.4638672 0.8139649 0.4638672 0.7729492 0.4638672 0.7729492 0.4638672 0.8139649 0.4736328 0.7788086 0.925293 0.03662109 0.9291992 0.02246093 0.9501953 0.04589843 0.9501953 0.04589843 0.9291992 0.02246093 0.9609375 0.02978515 0.9501953 0.04589843 0.9609375 0.02978515 0.972168 0.06152343 0.972168 0.06152343 0.9609375 0.02978515 0.9858399 0.04736328 0.5981445 0.6103516 0.5981445 0.5532227 0.671875 0.5532227 0.671875 0.5532227 0.5981445 0.5532227 0.671875 0.5068359 0.671875 0.5532227 0.671875 0.5068359 0.5981445 0.5195313 0.5981445 0.5195313 0.671875 0.5068359 0.5981445 0.5068359 0.5981445 0.6103516 0.5981445 0.5532227 0.671875 0.5532227 0.671875 0.5532227 0.5981445 0.5532227 0.671875 0.5068359 0.671875 0.5532227 0.671875 0.5068359 0.5981445 0.5195313 0.5981445 0.5195313 0.671875 0.5068359 0.5981445 0.5068359 0.9863281 0.8369141 0.9633789 0.8447266 0.9863281 0.8447266 0.9863281 0.8447266 0.9633789 0.8447266 0.9633789 0.8598633 0.9863281 0.8447266 0.9633789 0.8598633 0.9863281 0.8598633 0.9863281 0.8598633 0.9633789 0.8598633 0.9863281 0.9106445 0.2827149 0.08349609 0.2827149 0.02636718 0.340332 0.08349609 0.340332 0.08349609 0.2827149 0.02636718 0.3808594 0.02636718 0.340332 0.08349609 0.3808594 0.02636718 0.3808594 0.08349609 0.3808594 0.08349609 0.3808594 0.02636718 0.4365234 0.08349609 0.2988281 0.9838867 0.2578125 0.9838867 0.2578125 0.9326172 0.2578125 0.9326172 0.2578125 0.9838867 0.2260742 0.9838867 0.2578125 0.9326172 0.2260742 0.9838867 0.1723632 0.9326172 0.1723632 0.9326172 0.2260742 0.9838867 0.1723632 0.9838867 0.6640625 0.6938477 0.6660156 0.640625 0.6738281 0.7114258 0.6738281 0.7114258 0.6660156 0.640625 0.7299805 0.7905274 0.6738281 0.7114258 0.7299805 0.7905274 0.6708984 0.7265625 0.6708984 0.7265625 0.7299805 0.7905274 0.6708984 0.8549805 0.6489258 0.6547852 0.6162109 0.706543 0.6044922 0.6264649 0.6044922 0.6264649 0.6162109 0.706543 0.5102539 0.6474609 0.6044922 0.6264649 0.5102539 0.6474609 0.5556641 0.6069336 0.5556641 0.6069336 0.5102539 0.6474609 0.4658203 0.6069336 0.3574219 0.8876953 0.3735352 0.8930664 0.3725586 0.9267578 0.3725586 0.9267578 0.3735352 0.8930664 0.4052734 0.875 0.3725586 0.9267578 0.4052734 0.875 0.4169922 0.9550781 0.4169922 0.9550781 0.4052734 0.875 0.5102539 0.934082 0.3261719 0.9838867 0.3261719 0.9326172 0.2988281 0.9838867 0.2988281 0.9838867 0.3261719 0.9326172 0.2578125 0.9326172 0.2988281 0.9838867 0.2578125 0.9326172 0.2583008 0.9838867 0.2583008 0.9838867 0.2578125 0.9326172 0.2260742 0.9838867 0.1723632 0.9838867 0.1723632 0.9326172 0.1201171 0.9838867 0.1201171 0.9838867 0.1723632 0.9326172 0.08496093 0.9326172 0.1201171 0.9838867 0.08496093 0.9326172 0.08496093 0.9838867 0.08496093 0.9838867 0.08496093 0.9326172 0.04296875 0.9838867 0.01855468 0.9838867 0.01855468 0.9326172 0.04296875 0.9838867 0.04296875 0.9838867 0.01855468 0.9326172 0.08496093 0.9326172 0.04296875 0.9838867 0.08496093 0.9326172 0.08496093 0.9838867 0.08496093 0.9838867 0.08496093 0.9326172 0.1206054 0.9838867 0.009277343 0.8232422 0.1640625 0.7929688 0.125 0.699707 0.125 0.699707 0.1640625 0.7929688 0.2949219 0.7050781 0.125 0.699707 0.2949219 0.7050781 0.2236328 0.6337891 0.2236328 0.6337891 0.2949219 0.7050781 0.2890625 0.5356445 0.125 0.699707 0.009277343 0.7226563 0.009277343 0.8232422 0.009277343 0.8232422 0.009277343 0.7226563 0.125 0.699707 0.009277343 0.8232422 0.125 0.699707 0.1640625 0.7929688 0.1640625 0.7929688 0.125 0.699707 0.2949219 0.7050781 0.2949219 0.7050781 0.3823242 0.5742188 0.2890625 0.5356445 0.2890625 0.5356445 0.3823242 0.5742188 0.4130859 0.4199219 0.2890625 0.5356445 0.4130859 0.4199219 0.3120117 0.4199219 0.3120117 0.4199219 0.4130859 0.4199219 0.2890625 0.3037109 0.2949219 0.1342773 0.1640625 0.046875 0.125 0.1401367 0.125 0.1401367 0.1640625 0.046875 0.009277343 0.01611328 0.125 0.1401367 0.009277343 0.01611328 0.009277343 0.1166992 0.009277343 0.1166992 0.009277343 0.01611328 0.125 0.1401367 0.009277343 0.01611328 0.1640625 0.046875 0.125 0.1401367 0.125 0.1401367 0.1640625 0.046875 0.2949219 0.1342773 0.125 0.1401367 0.2949219 0.1342773 0.2236328 0.2055664 0.2236328 0.2055664 0.2949219 0.1342773 0.2890625 0.3037109 0.2949219 0.1342773 0.3823242 0.2651367 0.2890625 0.3037109 0.2890625 0.3037109 0.3823242 0.2651367 0.4130859 0.4199219 0.2890625 0.3037109 0.4130859 0.4199219 0.3120117 0.4199219 0.3120117 0.4199219 0.4130859 0.4199219 0.2890625 0.5356445 0.4335938 0.3422852 0.527832 0.3388672 0.4970703 0.3520508 0.4970703 0.3520508 0.527832 0.3388672 0.4995117 0.4663086 0.4970703 0.3520508 0.4995117 0.4663086 0.4277344 0.4658203 0.4277344 0.4658203 0.4995117 0.4663086 0.527832 0.4804688 0.5888672 0.4282227 0.7524414 0.4213867 0.5888672 0.3710938 0.5888672 0.3710938 0.7524414 0.4213867 0.7451172 0.3730469 0.5888672 0.3710938 0.7451172 0.3730469 0.7265625 0.328125 0.2529297 0.9130859 0.2529297 0.8481445 0.208496 0.9130859 0.208496 0.9130859 0.2529297 0.8481445 0.2529297 0.8383789 0.208496 0.9130859 0.2529297 0.8383789 0.2080078 0.8383789 0.4916992 0.02636718 0.5327149 0.08349609 0.5981445 0.02636718 0.5981445 0.02636718 0.5327149 0.08349609 0.5981445 0.08349609 0.5981445 0.02636718 0.5981445 0.08349609 0.5327149 0.08349609 0.5981445 0.02636718 0.5327149 0.08349609 0.4916992 0.02636718 0.4916992 0.02636718 0.5327149 0.08349609 0.4916992 0.08349609 0.4916992 0.02636718 0.4916992 0.08349609 0.4365234 0.08349609 0.001953125 0.2822266 0.04882812 0.208496 0.04882812 0.355957 0.04882812 0.355957 0.04882812 0.208496 0.09423828 0.21875 0.04882812 0.355957 0.09423828 0.21875 0.09423828 0.3457031 0.4360352 0.1787109 0.402832 0.1586914 0.4931641 0.1440429 0.4931641 0.1440429 0.402832 0.1586914 0.440918 0.1191406 0.4931641 0.1440429 0.440918 0.1191406 0.4931641 0.1044921 0.4931641 0.1440429 0.4931641 0.1044921 0.550293 0.1787109 0.550293 0.1787109 0.4931641 0.1044921 0.5454102 0.1191406 0.550293 0.1787109 0.5454102 0.1191406 0.5834961 0.1586914 0.550293 0.1787109 0.5834961 0.1586914 0.550293 0.2475585 0.550293 0.2475585 0.5834961 0.1586914 0.5976563 0.2133789 0.550293 0.2475585 0.5976563 0.2133789 0.5834961 0.2675781 0.8979492 0.03417968 0.8984375 0.02001953 0.8706055 0.0390625 0.8706055 0.0390625 0.8984375 0.02001953 0.8671875 0.02539062 0.8706055 0.0390625 0.8671875 0.02539062 0.8442383 0.03613281 0.4931641 0.2822266 0.4931641 0.3217774 0.4360352 0.2475585 0.4360352 0.2475585 0.4931641 0.3217774 0.440918 0.3071289 0.4360352 0.2475585 0.440918 0.3071289 0.402832 0.2675781 0.4360352 0.2475585 0.402832 0.2675781 0.4360352 0.1787109 0.4360352 0.1787109 0.402832 0.2675781 0.3886719 0.2133789 0.4360352 0.1787109 0.3886719 0.2133789 0.402832 0.1586914 0.8061524 0.8032227 0.7407227 0.8032227 0.8061524 0.9121094 0.8061524 0.9121094 0.7407227 0.8032227 0.7407227 0.9023438 0.8061524 0.9121094 0.7407227 0.9023438 0.7407227 0.925293 0.5742188 0.1738281 0.628418 0.1738281 0.6337891 0.2133789 0.6337891 0.2133789 0.628418 0.1738281 0.652832 0.1738281 0.6337891 0.2133789 0.652832 0.1738281 0.6582031 0.2133789 0.6660156 0.640625 0.6640625 0.6938477 0.6489258 0.6547852 0.6489258 0.6547852 0.6640625 0.6938477 0.6479492 0.6884766 0.6489258 0.6547852 0.6479492 0.6884766 0.6162109 0.706543 0.0336914 0.1318359 0.015625 0.1679687 0.04589843 0.152832 0.04589843 0.152832 0.015625 0.1679687 0.1230468 0.2197265 0.04589843 0.152832 0.1230468 0.2197265 0.1289062 0.1923828 0.6591797 0.1738281 0.7797852 0.1738281 0.6645508 0.2133789 0.6645508 0.2133789 0.7797852 0.1738281 0.7797852 0.2524414 0.6645508 0.2133789 0.7797852 0.2524414 0.6591797 0.2524414 0.6044922 0.9550781 0.5556641 0.9746094 0.5102539 0.934082 0.5102539 0.934082 0.5556641 0.9746094 0.4658203 0.9746094 0.5102539 0.934082 0.4658203 0.9746094 0.4169922 0.9550781 0.2529297 0.8383789 0.2529297 0.8481445 0.2080078 0.8383789 0.2080078 0.8383789 0.2529297 0.8481445 0.2529297 0.9130859 0.2080078 0.8383789 0.2529297 0.9130859 0.208496 0.9130859 0.7373047 0.1791992 0.7192383 0.1831054 0.722168 0.1298828 0.722168 0.1298828 0.7192383 0.1831054 0.6826172 0.1010742 0.722168 0.1298828 0.6826172 0.1010742 0.6982422 0.09033203 0.7373047 0.1791992 0.7192383 0.1831054 0.722168 0.1298828 0.722168 0.1298828 0.7192383 0.1831054 0.6826172 0.1010742 0.722168 0.1298828 0.6826172 0.1010742 0.6982422 0.09033203 0.8061524 0.8032227 0.7407227 0.8032227 0.8061524 0.9121094 0.8061524 0.9121094 0.7407227 0.8032227 0.7407227 0.9023438 0.8061524 0.9121094 0.7407227 0.9023438 0.7407227 0.925293 0.6591797 0.1738281 0.7797852 0.1738281 0.6645508 0.2133789 0.6645508 0.2133789 0.7797852 0.1738281 0.7797852 0.2524414 0.6645508 0.2133789 0.7797852 0.2524414 0.6591797 0.2524414 0.2329101 0.5859375 0.1870117 0.5126953 0.2602539 0.5483399 0.2602539 0.5483399 0.1870117 0.5126953 0.1953125 0.5019531 0.2602539 0.5483399 0.1953125 0.5019531 0.2670899 0.5400391 0.9360352 0.8076172 0.8354492 0.8076172 0.9360352 0.9013672 0.9360352 0.9013672 0.8354492 0.8076172 0.8354492 0.9013672 0.9360352 0.9013672 0.8354492 0.9013672 0.8354492 0.987793 0.7441406 0.3730469 0.5874024 0.3710938 0.7255859 0.328125 0.7255859 0.328125 0.5874024 0.3710938 0.5874024 0.3232422 0.7255859 0.328125 0.5874024 0.3232422 0.5874024 0.2714844 0.008300781 0.3759766 0.1235351 0.4863281 0.008300781 0.4863281 0.008300781 0.4863281 0.1235351 0.4863281 0.1235351 0.5893555 0.008300781 0.4863281 0.1235351 0.5893555 0.008300781 0.5893555 0.05810546 0.9130859 0.05810546 0.8481445 0.1030273 0.9130859 0.1030273 0.9130859 0.05810546 0.8481445 0.05810546 0.8383789 0.1030273 0.9130859 0.05810546 0.8383789 0.102539 0.8383789 0.4628906 0.7680664 0.4658203 0.7456055 0.449707 0.7294922 0.449707 0.7294922 0.4658203 0.7456055 0.4873047 0.730957 0.449707 0.7294922 0.4873047 0.730957 0.5126953 0.703125 0.8115234 0.4624024 0.8447266 0.3520508 0.7856445 0.3740234 0.7856445 0.3740234 0.8447266 0.3520508 0.7744141 0.2646484 0.7856445 0.3740234 0.7744141 0.2646484 0.737793 0.2949219 0.5415039 0.7412109 0.5263672 0.7348633 0.5126953 0.7475586 0.5126953 0.7475586 0.5263672 0.7348633 0.4990234 0.7348633 0.5126953 0.7475586 0.4990234 0.7348633 0.484375 0.7412109 0.2329101 0.5859375 0.1870117 0.5126953 0.2602539 0.5483399 0.2602539 0.5483399 0.1870117 0.5126953 0.1953125 0.5019531 0.2602539 0.5483399 0.1953125 0.5019531 0.2670899 0.5400391 0.1865234 0.8383789 0.1870117 0.8481445 0.2080078 0.8383789 0.2080078 0.8383789 0.1870117 0.8481445 0.1552734 0.9130859 0.2080078 0.8383789 0.1552734 0.9130859 0.208496 0.9130859 0.574707 0.4921875 0.5297852 0.5522461 0.5297852 0.4921875 0.5297852 0.4921875 0.5297852 0.5522461 0.4882813 0.5522461 0.5297852 0.4921875 0.4882813 0.5522461 0.4882813 0.4921875 0.9360352 0.8076172 0.8354492 0.8076172 0.9360352 0.9013672 0.9360352 0.9013672 0.8354492 0.8076172 0.8354492 0.9013672 0.9360352 0.9013672 0.8354492 0.9013672 0.8354492 0.987793 0.8979492 0.03417968 0.8984375 0.02001953 0.8706055 0.0390625 0.8706055 0.0390625 0.8984375 0.02001953 0.8671875 0.02539062 0.8706055 0.0390625 0.8671875 0.02539062 0.8442383 0.03613281 0.5742188 0.1738281 0.628418 0.1738281 0.6337891 0.2133789 0.6337891 0.2133789 0.628418 0.1738281 0.652832 0.1738281 0.6337891 0.2133789 0.652832 0.1738281 0.6582031 0.2133789 0.7441406 0.3730469 0.5874024 0.3710938 0.7255859 0.328125 0.7255859 0.328125 0.5874024 0.3710938 0.5874024 0.3232422 0.7255859 0.328125 0.5874024 0.3232422 0.5874024 0.2714844 0.5888672 0.4282227 0.7524414 0.4213867 0.5888672 0.3710938 0.5888672 0.3710938 0.7524414 0.4213867 0.7451172 0.3730469 0.5888672 0.3710938 0.7451172 0.3730469 0.7265625 0.328125 0.0336914 0.1318359 0.015625 0.1679687 0.04589843 0.152832 0.04589843 0.152832 0.015625 0.1679687 0.1230468 0.2197265 0.04589843 0.152832 0.1230468 0.2197265 0.1289062 0.1923828 0.001953125 0.2822266 0.04882812 0.208496 0.04882812 0.355957 0.04882812 0.355957 0.04882812 0.208496 0.09423828 0.21875 0.04882812 0.355957 0.09423828 0.21875 0.09423828 0.3457031 0.550293 0.2475585 0.5834961 0.2675781 0.4931641 0.2822266 0.4931641 0.2822266 0.5834961 0.2675781 0.5454102 0.3071289 0.4931641 0.2822266 0.5454102 0.3071289 0.4931641 0.3217774 0.5874024 0.4282227 0.5874024 0.3710938 0.7514649 0.4213867 0.7514649 0.4213867 0.5874024 0.3710938 0.7441406 0.3730469 0.7280274 0.6342774 0.8193359 0.6323242 0.753418 0.7631836 0.753418 0.7631836 0.8193359 0.6323242 0.8447266 0.7783203 0.5053711 0.3637695 0.4921875 0.46875 0.4433594 0.3637695 0.4433594 0.3637695 0.4921875 0.46875 0.4360352 0.46875 0.8461914 0.7783203 0.8193359 0.6323242 0.7524414 0.7631836 0.7524414 0.7631836 0.8193359 0.6323242 0.7265625 0.6342774 0.8974609 0.4746094 0.7426758 0.4746094 0.878418 0.6186524 0.878418 0.6186524 0.7426758 0.4746094 0.7104492 0.6186524 0.734375 0.2377929 0.7373047 0.215332 0.7724609 0.2402343 0.7724609 0.2402343 0.7373047 0.215332 0.7768555 0.2158203 0.7280274 0.6342774 0.753418 0.7631836 0.8193359 0.6323242 0.8193359 0.6323242 0.753418 0.7631836 0.8447266 0.7783203 0.5053711 0.3637695 0.4433594 0.3637695 0.4921875 0.46875 0.4921875 0.46875 0.4433594 0.3637695 0.4360352 0.46875 0.8461914 0.7783203 0.7524414 0.7631836 0.8193359 0.6323242 0.8193359 0.6323242 0.7524414 0.7631836 0.7265625 0.6342774 0.8974609 0.4746094 0.878418 0.6186524 0.7426758 0.4746094 0.7426758 0.4746094 0.878418 0.6186524 0.7104492 0.6186524 0.734375 0.2377929 0.7724609 0.2402343 0.7373047 0.215332 0.7373047 0.215332 0.7724609 0.2402343 0.7768555 0.2158203 0.7280274 0.6342774 0.8193359 0.6323242 0.753418 0.7631836 0.753418 0.7631836 0.8193359 0.6323242 0.8447266 0.7783203 0.5053711 0.3637695 0.4921875 0.46875 0.4433594 0.3637695 0.4433594 0.3637695 0.4921875 0.46875 0.4360352 0.46875 0.8461914 0.7783203 0.8193359 0.6323242 0.7524414 0.7631836 0.7524414 0.7631836 0.8193359 0.6323242 0.7265625 0.6342774 0.8974609 0.4746094 0.7426758 0.4746094 0.878418 0.6186524 0.878418 0.6186524 0.7426758 0.4746094 0.7104492 0.6186524 0.734375 0.2377929 0.7373047 0.215332 0.7724609 0.2402343 0.7724609 0.2402343 0.7373047 0.215332 0.7768555 0.2158203 0.737793 0.2949219 0.7856445 0.3740234 0.7744141 0.2646484 0.7744141 0.2646484 0.7856445 0.3740234 0.8447266 0.3520508 0.7856445 0.3740234 0.8115234 0.4624024 0.8447266 0.3520508 0.8447266 0.3520508 0.8115234 0.4624024 0.8745117 0.4526367 0.8979492 0.03417968 0.8706055 0.0390625 0.8984375 0.02001953 0.8984375 0.02001953 0.8706055 0.0390625 0.8671875 0.02539062 0.8671875 0.02539062 0.8706055 0.0390625 0.8442383 0.03613281 0.8442383 0.03613281 0.8706055 0.0390625 0.8496094 0.04833984 0.4882813 0.4921875 0.5297852 0.4921875 0.4882813 0.5522461 0.4882813 0.5522461 0.5297852 0.4921875 0.5297852 0.5522461 0.5297852 0.4921875 0.574707 0.4921875 0.5297852 0.5522461 0.5297852 0.5522461 0.574707 0.4921875 0.574707 0.5522461 0.4526367 0.5522461 0.425293 0.5522461 0.4526367 0.4921875 0.4526367 0.4921875 0.425293 0.5522461 0.425293 0.4921875 0.425293 0.5522461 0.409668 0.5522461 0.425293 0.4921875 0.425293 0.4921875 0.409668 0.5522461 0.409668 0.4921875 0.1469726 0.4794922 0.1430664 0.4619141 0.1987304 0.4853516 0.1987304 0.4853516 0.1430664 0.4619141 0.1845703 0.4589844 0.1621093 0.2592774 0.1938476 0.3583984 0.1503906 0.2861328 0.1503906 0.2861328 0.1938476 0.3583984 0.1757812 0.3676758 0.925293 0.03662109 0.9501953 0.04589843 0.9291992 0.02246093 0.9291992 0.02246093 0.9501953 0.04589843 0.9609375 0.02978515 0.9501953 0.04589843 0.972168 0.06152343 0.9609375 0.02978515 0.9609375 0.02978515 0.972168 0.06152343 0.9858399 0.04736328 0.224121 0.4956055 0.2255859 0.3930664 0.2773438 0.5024414 0.2773438 0.5024414 0.2255859 0.3930664 0.2788086 0.3862305 0.2255859 0.3930664 0.2075195 0.3105469 0.2788086 0.3862305 0.2788086 0.3862305 0.2075195 0.3105469 0.2539063 0.2929688 0.008300781 0.5893555 0.008300781 0.4863281 0.1235351 0.5893555 0.1235351 0.5893555 0.008300781 0.4863281 0.1235351 0.4863281 0.008300781 0.4863281 0.008300781 0.3759766 0.1235351 0.4863281 0.1235351 0.4863281 0.008300781 0.3759766 0.1235351 0.3759766 0.9360352 0.8076172 0.9360352 0.9013672 0.8354492 0.8076172 0.8354492 0.8076172 0.9360352 0.9013672 0.8354492 0.9013672 0.8354492 0.9013672 0.9360352 0.9013672 0.8354492 0.987793 0.8354492 0.987793 0.9360352 0.9013672 0.9360352 0.9921875 0.8979492 0.03417968 0.8706055 0.0390625 0.8984375 0.02001953 0.8984375 0.02001953 0.8706055 0.0390625 0.8671875 0.02539062 0.8671875 0.02539062 0.8706055 0.0390625 0.8442383 0.03613281 0.8442383 0.03613281 0.8706055 0.0390625 0.8496094 0.04833984 0.4526367 0.5522461 0.425293 0.5522461 0.4526367 0.4921875 0.4526367 0.4921875 0.425293 0.5522461 0.425293 0.4921875 0.425293 0.5522461 0.409668 0.5522461 0.425293 0.4921875 0.425293 0.4921875 0.409668 0.5522461 0.409668 0.4921875 0.9116211 0.6259766 0.9116211 0.6499024 0.8798828 0.6235352 0.8798828 0.6235352 0.9116211 0.6499024 0.8774414 0.6469727 0.7446289 0.9672852 0.7275391 0.9672852 0.7446289 0.9003906 0.7446289 0.9003906 0.7275391 0.9672852 0.7275391 0.9106445 0.9130859 0.65625 0.9130859 0.6835938 0.878418 0.6967774 0.878418 0.6967774 0.9130859 0.6835938 0.8959961 0.734375 0.9130859 0.6835938 0.9130859 0.7338867 0.8959961 0.734375 0.8959961 0.734375 0.9130859 0.7338867 0.9018555 0.7602539 0.925293 0.03662109 0.9501953 0.04589843 0.9291992 0.02246093 0.9291992 0.02246093 0.9501953 0.04589843 0.9609375 0.02978515 0.224121 0.4956055 0.2255859 0.3930664 0.2773438 0.5024414 0.2773438 0.5024414 0.2255859 0.3930664 0.2788086 0.3862305 0.2255859 0.3930664 0.2075195 0.3105469 0.2788086 0.3862305 0.2788086 0.3862305 0.2075195 0.3105469 0.2539063 0.2929688 0.9360352 0.8076172 0.9360352 0.9013672 0.8354492 0.8076172 0.8354492 0.8076172 0.9360352 0.9013672 0.8354492 0.9013672 0.8354492 0.9013672 0.9360352 0.9013672 0.8354492 0.987793 0.8354492 0.987793 0.9360352 0.9013672 0.9360352 0.9921875 0.1469726 0.4794922 0.1987304 0.4853516 0.1430664 0.4619141 0.1430664 0.4619141 0.1987304 0.4853516 0.1845703 0.4589844 0.1142578 0.2866211 0.1484375 0.3764649 0.1503906 0.2861328 0.1503906 0.2861328 0.1484375 0.3764649 0.1757812 0.3676758 0.7280274 0.6342774 0.753418 0.7631836 0.8193359 0.6323242 0.8193359 0.6323242 0.753418 0.7631836 0.8447266 0.7783203 0.5053711 0.3637695 0.4433594 0.3637695 0.4921875 0.46875 0.4921875 0.46875 0.4433594 0.3637695 0.4360352 0.46875 0.8461914 0.7783203 0.7524414 0.7631836 0.8193359 0.6323242 0.8193359 0.6323242 0.7524414 0.7631836 0.7265625 0.6342774 0.8974609 0.4746094 0.878418 0.6186524 0.7426758 0.4746094 0.7426758 0.4746094 0.878418 0.6186524 0.7104492 0.6186524 0.734375 0.2377929 0.7724609 0.2402343 0.7373047 0.215332 0.7373047 0.215332 0.7724609 0.2402343 0.7768555 0.2158203 0.9716797 0.2436523 0.9819336 0.2553711 0.8178711 0.2421875 0.8178711 0.2421875 0.9819336 0.2553711 0.8310547 0.3041992 0.9819336 0.2553711 0.9819336 0.3154297 0.8310547 0.3041992 0.8310547 0.3041992 0.9819336 0.3154297 0.8969727 0.3833008 0.7148438 0.4521484 0.6811524 0.4545899 0.7138672 0.487793 0.7138672 0.487793 0.6811524 0.4545899 0.6694336 0.4897461 0.9819336 0.3154297 0.9819336 0.375 0.8969727 0.3833008 0.8969727 0.3833008 0.9819336 0.375 0.9155274 0.4272461 0.6811524 0.4545899 0.6464844 0.4555664 0.6694336 0.4897461 0.6694336 0.4897461 0.6464844 0.4555664 0.6318359 0.484375 0.6464844 0.4555664 0.6303711 0.4516602 0.6318359 0.484375 0.6318359 0.484375 0.6303711 0.4516602 0.6035156 0.4765625 0.5878906 0.449707 0.6035156 0.4765625 0.6142578 0.4404297 0.6142578 0.4404297 0.6035156 0.4765625 0.6303711 0.4516602 0.2753906 0.7807617 0.2407226 0.7700195 0.2407226 0.8134766 0.2407226 0.8134766 0.2407226 0.7700195 0.2060546 0.7807617 0.9462891 0.5610352 0.9902344 0.6494141 0.9301758 0.6484375 0.9301758 0.6484375 0.9902344 0.6494141 0.9428711 0.7373047 0.96875 0.1328125 0.8691406 0.2270507 0.8691406 0.0859375 0.8691406 0.0859375 0.8691406 0.2270507 0.7695313 0.1328125 0.9116211 0.6499024 0.9130859 0.65625 0.8774414 0.6469727 0.8774414 0.6469727 0.9130859 0.65625 0.878418 0.6967774 0.1313476 0.1708984 0.2265625 0.2524414 0.2504883 0.253418 0.2504883 0.253418 0.2265625 0.2524414 0.2143554 0.2817383 0.1289062 0.1923828 0.1313476 0.1708984 0.2265625 0.2524414 0.2265625 0.2524414 0.1313476 0.1708984 0.2504883 0.253418 0.0336914 0.1318359 0.04589843 0.152832 0.015625 0.1679687 0.015625 0.1679687 0.04589843 0.152832 0.1230468 0.2197265 0.8310547 0.3041992 0.9819336 0.2553711 0.8178711 0.2421875 0.8178711 0.2421875 0.9819336 0.2553711 0.9716797 0.2436523 0.9819336 0.4707031 0.9272461 0.534668 0.9819336 0.534668 0.9819336 0.534668 0.9272461 0.534668 0.9819336 0.4707031 0.9272461 0.534668 0.9819336 0.4707031 0.9223633 0.4775391 0.9223633 0.4775391 0.9819336 0.4707031 0.9155274 0.4272461 0.9155274 0.4272461 0.9819336 0.4707031 0.9223633 0.4775391 0.9223633 0.4775391 0.9819336 0.4707031 0.9272461 0.534668 0.9716797 0.2436523 0.9819336 0.2553711 0.8178711 0.2421875 0.8178711 0.2421875 0.9819336 0.2553711 0.8310547 0.3041992 0.9819336 0.2553711 0.9819336 0.3154297 0.8310547 0.3041992 0.8310547 0.3041992 0.9819336 0.3154297 0.8969727 0.3833008 0.9819336 0.3154297 0.9819336 0.375 0.8969727 0.3833008 0.8969727 0.3833008 0.9819336 0.375 0.9155274 0.4272461 0.6142578 0.4404297 0.6035156 0.4765625 0.5878906 0.449707 0.5878906 0.449707 0.6035156 0.4765625 0.6142578 0.4404297 0.2329101 0.5859375 0.2602539 0.5483399 0.1870117 0.5126953 0.1870117 0.5126953 0.2602539 0.5483399 0.1953125 0.5019531 0.6811524 0.4545899 0.6464844 0.4555664 0.6694336 0.4897461 0.6694336 0.4897461 0.6464844 0.4555664 0.6318359 0.484375 0.6811524 0.4545899 0.6464844 0.4555664 0.6694336 0.4897461 0.6694336 0.4897461 0.6464844 0.4555664 0.6318359 0.484375 0.6464844 0.4555664 0.6303711 0.4516602 0.6318359 0.484375 0.6318359 0.484375 0.6303711 0.4516602 0.6035156 0.4765625 0.6303711 0.4516602 0.6142578 0.4404297 0.6035156 0.4765625 0.6035156 0.4765625 0.6142578 0.4404297 0.5878906 0.449707 0.6464844 0.4555664 0.6303711 0.4516602 0.6318359 0.484375 0.6318359 0.484375 0.6303711 0.4516602 0.6035156 0.4765625 0.1557617 0.5551758 0.1870117 0.5126953 0.2329101 0.5859375 0.2329101 0.5859375 0.1870117 0.5126953 0.2602539 0.5483399 0.007324218 0.4321289 0.006347656 0.484375 0.078125 0.4296875 0.078125 0.4296875 0.006347656 0.484375 0.078125 0.5390625 0.2670899 0.5400391 0.2602539 0.5483399 0.1953125 0.5019531 0.1953125 0.5019531 0.2602539 0.5483399 0.1870117 0.5126953 0.5888672 0.3710938 0.7265625 0.328125 0.5888672 0.3232422 0.5888672 0.3232422 0.7265625 0.328125 0.5888672 0.2714844 0.5981445 0.6103516 0.671875 0.5532227 0.671875 0.6103516 0.671875 0.6103516 0.671875 0.5532227 0.5981445 0.6152344 0.5874024 0.4282227 0.5874024 0.3710938 0.7514649 0.4213867 0.7514649 0.4213867 0.5874024 0.3710938 0.7441406 0.3730469 0.1469726 0.4794922 0.1430664 0.4619141 0.1987304 0.4853516 0.1987304 0.4853516 0.1430664 0.4619141 0.1845703 0.4589844 0.1621093 0.2592774 0.1938476 0.3583984 0.1503906 0.2861328 0.1503906 0.2861328 0.1938476 0.3583984 0.1757812 0.3676758 0.5742188 0.1738281 0.6337891 0.2133789 0.5742188 0.2524414 0.5742188 0.2524414 0.6337891 0.2133789 0.628418 0.2524414 0.6582031 0.2133789 0.652832 0.2524414 0.6337891 0.2133789 0.6337891 0.2133789 0.652832 0.2524414 0.628418 0.2524414 0.1469726 0.4794922 0.1987304 0.4853516 0.1430664 0.4619141 0.1430664 0.4619141 0.1987304 0.4853516 0.1845703 0.4589844 0.3808594 0.02636718 0.2827149 0.02636718 0.340332 0.08349609 0.340332 0.08349609 0.2827149 0.02636718 0.2827149 0.08349609 0.1142578 0.2866211 0.1484375 0.3764649 0.1503906 0.2861328 0.1503906 0.2861328 0.1484375 0.3764649 0.1757812 0.3676758 0.2753906 0.7807617 0.2407226 0.7700195 0.2407226 0.8134766 0.2407226 0.8134766 0.2407226 0.7700195 0.2060546 0.7807617 0.9462891 0.5610352 0.9902344 0.6494141 0.9301758 0.6484375 0.9301758 0.6484375 0.9902344 0.6494141 0.9428711 0.7373047 0.96875 0.1328125 0.8691406 0.2270507 0.8691406 0.0859375 0.8691406 0.0859375 0.8691406 0.2270507 0.7695313 0.1328125 0.9116211 0.6259766 0.9116211 0.6499024 0.8798828 0.6235352 0.8798828 0.6235352 0.9116211 0.6499024 0.8774414 0.6469727 0.9116211 0.6499024 0.9130859 0.65625 0.8774414 0.6469727 0.8774414 0.6469727 0.9130859 0.65625 0.878418 0.6967774 0.6694336 0.4897461 0.6318359 0.484375 0.6464844 0.4555664 0.6464844 0.4555664 0.6318359 0.484375 0.6303711 0.4516602 0.6318359 0.484375 0.6035156 0.4765625 0.6303711 0.4516602 0.6303711 0.4516602 0.6035156 0.4765625 0.6142578 0.4404297 0.9130859 0.65625 0.9130859 0.6835938 0.878418 0.6967774 0.878418 0.6967774 0.9130859 0.6835938 0.8959961 0.734375 0.9130859 0.6835938 0.9130859 0.7338867 0.8959961 0.734375 0.8959961 0.734375 0.9130859 0.7338867 0.9018555 0.7602539 0.7148438 0.4521484 0.6811524 0.4545899 0.7138672 0.487793 0.7138672 0.487793 0.6811524 0.4545899 0.6694336 0.4897461 0.8061524 0.9121094 0.7407227 0.925293 0.8061524 0.9570313 0.8061524 0.9570313 0.7407227 0.925293 0.8061524 0.9121094 0.5742188 0.1738281 0.6337891 0.2133789 0.5742188 0.2524414 0.5742188 0.2524414 0.6337891 0.2133789 0.628418 0.2524414 0.6582031 0.2133789 0.652832 0.2524414 0.6337891 0.2133789 0.6337891 0.2133789 0.652832 0.2524414 0.628418 0.2524414 0.7407227 0.925293 0.7407227 0.9023438 0.8061524 0.9121094 0.8061524 0.9121094 0.7407227 0.9023438 0.8061524 0.8032227 0.5244141 0.2255859 0.5253906 0.2172851 0.5107422 0.2255859 0.5107422 0.2255859 0.5253906 0.2172851 0.5107422 0.2094726 0.7275391 0.9672852 0.7446289 0.9672852 0.7275391 0.9106445 0.7275391 0.9106445 0.7446289 0.9672852 0.7446289 0.9003906 0.6489258 0.9267578 0.6044922 0.9550781 0.6162109 0.875 0.6162109 0.875 0.6044922 0.9550781 0.5102539 0.934082 0.8061524 0.9121094 0.7407227 0.925293 0.8061524 0.9570313 0.8061524 0.9570313 0.7407227 0.925293 0.8061524 0.9121094 0.7407227 0.925293 0.7407227 0.9023438 0.8061524 0.9121094 0.8061524 0.9121094 0.7407227 0.9023438 0.8061524 0.8032227 0.5244141 0.2255859 0.5253906 0.2172851 0.5107422 0.2255859 0.5107422 0.2255859 0.5253906 0.2172851 0.5107422 0.2094726 0.7275391 0.9672852 0.7446289 0.9672852 0.7275391 0.9106445 0.7275391 0.9106445 0.7446289 0.9672852 0.7446289 0.9003906 0.3505859 0.8549805 0.3476563 0.8701172 0.2915039 0.7905274 0.2915039 0.7905274 0.3476563 0.8701172 0.3554688 0.940918 0.3476563 0.8701172 0.3574219 0.8876953 0.3554688 0.940918 0.3554688 0.940918 0.3574219 0.8876953 0.3725586 0.9267578 0.7446289 0.9672852 0.7275391 0.9672852 0.7446289 0.9003906 0.7446289 0.9003906 0.7275391 0.9672852 0.7275391 0.9106445 0.3261719 0.9838867 0.2988281 0.9838867 0.3261719 0.9326172 0.3261719 0.9326172 0.2988281 0.9838867 0.2578125 0.9326172 0.4604492 0.9868164 0.4658203 0.9746094 0.5610352 0.9868164 0.5610352 0.9868164 0.4658203 0.9746094 0.5556641 0.9746094 0.2578125 0.9326172 0.1723632 0.9326172 0.2260742 0.9838867 0.2260742 0.9838867 0.1723632 0.9326172 0.1723632 0.9838867 0.9633789 0.8867188 0.9633789 0.8886719 0.9863281 0.8862305 0.9863281 0.8862305 0.9633789 0.8886719 0.9863281 0.8886719 0.08496093 0.9326172 0.01855468 0.9326172 0.04296875 0.9838867 0.04296875 0.9838867 0.01855468 0.9326172 0.01855468 0.9838867 0.5756836 0.7294922 0.5126953 0.703125 0.5385742 0.730957 0.5385742 0.730957 0.5126953 0.703125 0.527832 0.730957 0.08496093 0.9326172 0.1723632 0.9326172 0.1206054 0.9838867 0.1206054 0.9838867 0.1723632 0.9326172 0.1723632 0.9838867 0.5625 0.8188477 0.5595703 0.8242188 0.5600586 0.8413086 0.5600586 0.8413086 0.5595703 0.8242188 0.5551758 0.8369141 0.5981445 0.6103516 0.671875 0.5532227 0.671875 0.6103516 0.671875 0.6103516 0.671875 0.5532227 0.5981445 0.6152344 0.9633789 0.8447266 0.9863281 0.8369141 0.9633789 0.8369141 0.9633789 0.8369141 0.9863281 0.8369141 0.9633789 0.8320313 0.9863281 0.8369141 0.9863281 0.8320313 0.9633789 0.8320313 0.9633789 0.8320313 0.9863281 0.8320313 0.9633789 0.8334961 0.9863281 0.8320313 0.9863281 0.8334961 0.9633789 0.8334961 0.9633789 0.8334961 0.9863281 0.8334961 0.9633789 0.8486328 0.9863281 0.8334961 0.9863281 0.8486328 0.9633789 0.8486328 0.9633789 0.8486328 0.9863281 0.8486328 0.9633789 0.8486328 0.5263672 0.8520508 0.5126953 0.8837891 0.527832 0.855957 0.527832 0.855957 0.5126953 0.8837891 0.5385742 0.855957 0.9863281 0.8369141 0.9863281 0.8447266 0.9633789 0.8447266 0.9633789 0.8447266 0.9863281 0.8447266 0.9633789 0.8598633 0.9863281 0.8447266 0.9863281 0.8598633 0.9633789 0.8598633 0.9633789 0.8598633 0.9863281 0.8598633 0.9633789 0.9106445 0.9863281 0.8598633 0.9863281 0.9106445 0.9633789 0.9106445 0.9633789 0.9106445 0.9863281 0.9106445 0.9633789 0.9614258 0.9633789 0.8598633 0.9633789 0.9106445 0.9863281 0.9106445 0.9863281 0.9106445 0.9633789 0.9106445 0.9863281 0.9614258 0.9633789 0.9106445 0.9633789 0.9614258 0.9863281 0.9614258 0.9863281 0.9614258 0.9633789 0.9614258 0.9863281 0.9765625 0.9633789 0.9614258 0.9633789 0.9765625 0.9863281 0.9765625 0.9863281 0.9765625 0.9633789 0.9765625 0.9863281 0.9838867 0.5551758 0.75 0.5415039 0.7412109 0.5449219 0.7666016 0.5449219 0.7666016 0.5415039 0.7412109 0.5126953 0.7475586 0.9633789 0.972168 0.9633789 0.972168 0.9863281 0.972168 0.9863281 0.972168 0.9633789 0.972168 0.9863281 0.9873047 0.9633789 0.972168 0.9633789 0.9873047 0.9863281 0.9873047 0.9863281 0.9873047 0.9633789 0.9873047 0.9863281 0.9887695 0.9633789 0.9873047 0.9633789 0.9887695 0.9863281 0.9887695 0.9863281 0.9887695 0.9633789 0.9887695 0.9863281 0.9838867 0.6391602 0.7446289 0.6708984 0.7265625 0.6391602 0.8369141 0.6391602 0.8369141 0.6708984 0.7265625 0.6708984 0.8549805 0.2929688 0.8481445 0.2529297 0.8481445 0.2827149 0.9130859 0.2827149 0.9130859 0.2529297 0.8481445 0.2529297 0.9130859 0.05810546 0.8383789 0.05810546 0.8481445 0.102539 0.8383789 0.102539 0.8383789 0.05810546 0.8481445 0.05810546 0.9130859 0.4638672 0.7729492 0.4628906 0.7680664 0.4238281 0.793457 0.4238281 0.793457 0.4628906 0.7680664 0.449707 0.7294922 0.4130859 0.4199219 0.3823242 0.2651367 0.2890625 0.3037109 0.2890625 0.3037109 0.3823242 0.2651367 0.2236328 0.2055664 0.3823242 0.2651367 0.2949219 0.1342773 0.2236328 0.2055664 0.2236328 0.2055664 0.2949219 0.1342773 0.125 0.1401367 0.5610352 0.5947266 0.5556641 0.6069336 0.4604492 0.5947266 0.4604492 0.5947266 0.5556641 0.6069336 0.4658203 0.6069336 0.527832 0.730957 0.5126953 0.703125 0.5263672 0.7348633 0.5263672 0.7348633 0.5126953 0.703125 0.4990234 0.7348633 0.4990234 0.7348633 0.5126953 0.703125 0.4980469 0.730957 0.4980469 0.730957 0.5126953 0.703125 0.4873047 0.730957 0.4130859 0.4199219 0.3823242 0.5742188 0.2890625 0.5356445 0.2890625 0.5356445 0.3823242 0.5742188 0.2236328 0.6337891 0.3823242 0.5742188 0.2949219 0.7050781 0.2236328 0.6337891 0.2236328 0.6337891 0.2949219 0.7050781 0.125 0.699707 0.4658203 0.8413086 0.4707031 0.8369141 0.4663086 0.8242188 0.4663086 0.8242188 0.4707031 0.8369141 0.4711914 0.8261719 0.9633789 0.934082 0.9633789 0.9321289 0.9863281 0.9345703 0.9863281 0.9345703 0.9633789 0.9321289 0.9863281 0.9321289 0.4707031 0.75 0.4658203 0.7456055 0.4663086 0.7626953 0.4663086 0.7626953 0.4658203 0.7456055 0.4628906 0.7680664 0.3823242 0.8369141 0.3505859 0.8549805 0.3823242 0.7446289 0.3823242 0.7446289 0.3505859 0.8549805 0.3505859 0.7265625 0.1313476 0.1708984 0.2265625 0.2524414 0.2504883 0.253418 0.2504883 0.253418 0.2265625 0.2524414 0.2143554 0.2817383 0.01757812 0.8481445 0.05810546 0.8481445 0.02832031 0.9130859 0.02832031 0.9130859 0.05810546 0.8481445 0.05810546 0.9130859 0.007324218 0.4321289 0.006347656 0.484375 0.078125 0.4296875 0.078125 0.4296875 0.006347656 0.484375 0.078125 0.5390625 0.1289062 0.1923828 0.1313476 0.1708984 0.2265625 0.2524414 0.2265625 0.2524414 0.1313476 0.1708984 0.2504883 0.253418 0.0336914 0.1318359 0.04589843 0.152832 0.015625 0.1679687 0.015625 0.1679687 0.04589843 0.152832 0.1230468 0.2197265 0.5888672 0.3710938 0.7265625 0.328125 0.5888672 0.3232422 0.5888672 0.3232422 0.7265625 0.328125 0.5888672 0.2714844 0.006347656 0.484375 0.007324218 0.5366211 0.078125 0.5390625 0.1552734 0.9130859 0.1030273 0.9130859 0.102539 0.8383789 0.7407227 0.9023438 0.7407227 0.8032227 0.8061524 0.8032227 0.9116211 0.6259766 0.9116211 0.6499024 0.8798828 0.6235352 0.9819336 0.4238281 0.9819336 0.4707031 0.9155274 0.4272461 0.6464844 0.4555664 0.6811524 0.4545899 0.6694336 0.4897461 0.4916992 0.02636718 0.4365234 0.08349609 0.3808594 0.02636718 0.1845703 0.4589844 0.1430664 0.4619141 0.1484375 0.3764649 0.9863281 0.9345703 0.9633789 0.934082 0.9633789 0.9321289 0.4638672 0.8139649 0.4736328 0.8081055 0.4736328 0.7788086 0.9633789 0.8886719 0.9863281 0.8862305 0.9633789 0.8867188 0.1987304 0.4853516 0.1938476 0.3583984 0.1845703 0.4589844 0.1240234 0.8481445 0.1245117 0.8383789 0.102539 0.8383789 0.1845703 0.4589844 0.1430664 0.4619141 0.1484375 0.3764649 0.6928711 0.2724609 0.7255859 0.328125 0.5874024 0.2714844 0.1953125 0.5019531 0.2602539 0.5483399 0.2670899 0.5400391 0.9360352 0.9921875 0.9360352 0.9013672 0.8354492 0.987793 0.1987304 0.4853516 0.1938476 0.3583984 0.1845703 0.4589844 0.9360352 0.9921875 0.9360352 0.9013672 0.8354492 0.987793 0.9501953 0.04589843 0.972168 0.06152343 0.9609375 0.02978515 0.9116211 0.6499024 0.9116211 0.6259766 0.8798828 0.6235352 0.6142578 0.4404297 0.6035156 0.4765625 0.6303711 0.4516602 0.7265625 0.328125 0.6938477 0.2724609 0.5888672 0.2714844 0.006347656 0.484375 0.007324218 0.5366211 0.078125 0.5390625 0.8496094 0.04833984 0.8706055 0.0390625 0.8442383 0.03613281 0.5385742 0.855957 0.5126953 0.8837891 0.5756836 0.8574219 0.208496 0.9130859 0.1552734 0.9130859 0.2080078 0.8383789 0.6928711 0.2724609 0.7255859 0.328125 0.5874024 0.2714844 0.4970703 0.3520508 0.4995117 0.4663086 0.527832 0.3388672 0.8496094 0.04833984 0.8706055 0.0390625 0.8442383 0.03613281 0.527832 0.4804688 0.4995117 0.4663086 0.527832 0.3388672 0.4277344 0.4658203 0.4335938 0.3422852 0.4970703 0.3520508 0.5981445 0.5532227 0.5981445 0.5068359 0.671875 0.5068359 0.4970703 0.3520508 0.4995117 0.4663086 0.527832 0.3388672 0.5981445 0.5195313 0.5981445 0.6152344 0.671875 0.5532227 0.5253906 0.2172851 0.5244141 0.2094726 0.5107422 0.2094726 0.7407227 0.9023438 0.7407227 0.8032227 0.8061524 0.8032227 0.5981445 0.5532227 0.5981445 0.5068359 0.671875 0.5068359 0.5981445 0.5195313 0.5981445 0.6152344 0.671875 0.5532227 0.7265625 0.328125 0.6938477 0.2724609 0.5888672 0.2714844 0.5253906 0.2172851 0.5244141 0.2094726 0.5107422 0.2094726 0.527832 0.4804688 0.4995117 0.4663086 0.527832 0.3388672 0.4277344 0.4658203 0.4335938 0.3422852 0.4970703 0.3520508</float_array>
          <technique_common>
            <accessor source="#beyblade2loc-2026-09-10-18-50-26-738-mesh-map-0-array" count="2922" stride="2">
              <param name="S" type="float"/>
              <param name="T" type="float"/>
            </accessor>
          </technique_common>
        </source>
        <source id="beyblade2loc-2026-09-10-18-50-26-738-mesh-colors-Col" name="Col">
          <float_array id="beyblade2loc-2026-09-10-18-50-26-738-mesh-colors-Col-array" count="11688">1 1 1 1 1 1 1 1 1 1 1 1 1 1 1 1 1 1 1 1 1 1 1 1 1 1 1 1 1 1 1 1 1 1 1 1 1 1 1 1 1 1 1 1 1 1 1 1 1 1 1 1 1 1 1 1 1 1 1 1 1 1 1 1 1 1 1 1 1 1 1 1 1 1 1 1 1 1 1 1 1 1 1 1 1 1 1 1 1 1 1 1 1 1 1 1 1 1 1 1 1 1 1 1 1 1 1 1 1 1 1 1 1 1 1 1 1 1 1 1 1 1 1 1 1 1 1 1 1 1 1 1 1 1 1 1 1 1 1 1 1 1 1 1 1 1 1 1 1 1 1 1 1 1 1 1 1 1 1 1 1 1 1 1 1 1 1 1 1 1 1 1 1 1 1 1 1 1 1 1 1 1 1 1 1 1 1 1 1 1 1 1 1 1 1 1 1 1 1 1 1 1 1 1 1 1 1 1 1 1 1 1 1 1 1 1 1 1 1 1 1 1 1 1 1 1 1 1 1 1 1 1 1 1 1 1 1 1 1 1 1 1 1 1 1 1 1 1 1 1 1 1 1 1 1 1 1 1 1 1 1 1 1 1 1 1 1 1 1 1 1 1 1 1 1 1 1 1 1 1 1 1 1 1 1 1 1 1 1 1 1 1 1 1 1 1 1 1 1 1 1 1 1 1 1 1 1 1 1 1 1 1 1 1 1 1 1 1 1 1 1 1 1 1 1 1 1 1 1 1 1 1 1 1 1 1 1 1 1 1 1 1 1 1 1 1 1 1 1 1 1 1 1 1 1 1 1 1 1 1 1 1 1 1 1 1 1 1 1 1 1 1 1 1 1 1 1 1 1 1 1 1 1 1 1 1 1 1 1 1 1 1 1 1 1 1 1 1 1 1 1 1 1 1 1 1 1 1 1 1 1 1 1 1 1 1 1 1 1 1 1 1 1 1 1 1 1 1 1 1 1 1 1 1 1 1 1 1 1 1 1 1 1 1 1 1 1 1 1 1 1 1 1 1 1 1 1 1 1 1 1 1 1 1 1 1 1 1 1 1 1 1 1 1 1 1 1 1 1 1 1 1 1 1 1 1 1 1 1 1 1 1 1 1 1 1 1 1 1 1 1 1 1 1 1 1 1 1 1 1 1 1 1 1 1 1 1 1 1 1 1 1 1 1 1 1 1 1 1 1 1 1 1 1 1 1 1 1 1 1 1 1 1 1 1 1 1 1 1 1 1 1 1 1 1 1 1 1 1 1 1 1 1 1 1 1 1 1 1 1 1 1 1 1 1 1 1 1 1 1 1 1 1 1 1 1 1 1 1 1 1 1 1 1 1 1 1 1 1 1 1 1 1 1 1 1 1 1 1 1 1 1 1 1 1 1 1 1 1 1 1 1 1 1 1 1 1 1 1 1 1 1 1 1 1 1 1 1 1 1 1 1 1 1 1 1 1 1 1 1 1 1 1 1 1 1 1 1 1 1 1 1 1 1 1 1 1 1 1 1 1 1 1 1 1 1 1 1 1 1 1 1 1 1 1 1 1 1 1 1 1 1 1 1 1 1 1 1 1 1 1 1 1 1 1 1 1 1 1 1 1 1 1 1 1 1 1 1 1 1 1 1 1 1 1 1 1 1 1 1 1 1 1 1 1 1 1 1 1 1 1 1 1 1 1 1 1 1 1 1 1 1 1 1 1 1 1 1 1 1 1 1 1 1 1 1 1 1 1 1 1 1 1 1 1 1 1 1 1 1 1 1 1 1 1 1 1 1 1 1 1 1 1 1 1 1 1 1 1 1 1 1 1 1 1 1 1 1 1 1 1 1 1 1 1 1 1 1 1 1 1 1 1 1 1 1 1 1 1 1 1 1 1 1 1 1 1 1 1 1 1 1 1 1 1 1 1 1 1 1 1 1 1 1 1 1 1 1 1 1 1 1 1 1 1 1 1 1 1 1 1 1 1 1 1 1 1 1 1 1 1 1 1 1 1 1 1 1 1 1 1 1 1 1 1 1 1 1 1 1 1 1 1 1 1 1 1 1 1 1 1 1 1 1 1 1 1 1 1 1 1 1 1 1 1 1 1 1 1 1 1 1 1 1 1 1 1 1 1 1 1 1 1 1 1 1 1 1 1 1 1 1 1 1 1 1 1 1 1 1 1 1 1 1 1 1 1 1 1 1 1 1 1 1 1 1 1 1 1 1 1 1 1 1 1 1 1 1 1 1 1 1 1 1 1 1 1 1 1 1 1 1 1 1 1 1 1 1 1 1 1 1 1 1 1 1 1 1 1 1 1 1 1 1 1 1 1 1 1 1 1 1 1 1 1 1 1 1 1 1 1 1 1 1 1 1 1 1 1 1 1 1 1 1 1 1 1 1 1 1 1 1 1 1 1 1 1 1 1 1 1 1 1 1 1 1 1 1 1 1 1 1 1 1 1 1 1 1 1 1 1 1 1 1 1 1 1 1 1 1 1 1 1 1 1 1 1 1 1 1 1 1 1 1 1 1 1 1 1 1 1 1 1 1 1 1 1 1 1 1 1 1 1 1 1 1 1 1 1 1 1 1 1 1 1 1 1 1 1 1 1 1 1 1 1 1 1 1 1 1 1 1 1 1 1 1 1 1 1 1 1 1 1 1 1 1 1 1 1 1 1 1 1 1 1 1 1 1 1 1 1 1 1 1 1 1 1 1 1 1 1 1 1 1 1 1 1 1 1 1 1 1 1 1 1 1 1 1 1 1 1 1 1 1 1 1 1 1 1 1 1 1 1 1 1 1 1 1 1 1 1 1 1 1 1 1 1 1 1 1 1 1 1 1 1 1 1 1 1 1 1 1 1 1 1 1 1 1 1 1 1 1 1 1 1 1 1 1 1 1 1 1 1 1 1 1 1 1 1 1 1 1 1 1 1 1 1 1 1 1 1 1 1 1 1 1 1 1 1 1 1 1 1 1 1 1 1 1 1 1 1 1 1 1 1 1 1 1 1 1 1 1 1 1 1 1 1 1 1 1 1 1 1 1 1 1 1 1 1 1 1 1 1 1 1 1 1 1 1 1 1 1 1 1 1 1 1 1 1 1 1 1 1 1 1 1 1 1 1 1 1 1 1 1 1 1 1 1 1 1 1 1 1 1 1 1 1 1 1 1 1 1 1 1 1 1 1 1 1 1 1 1 1 1 1 1 1 1 1 1 1 1 1 1 1 1 1 1 1 1 1 1 1 1 1 1 1 1 1 1 1 1 1 1 1 1 1 1 1 1 1 1 1 1 1 1 1 1 1 1 1 1 1 1 1 1 1 1 1 1 1 1 1 1 1 1 1 1 1 1 1 1 1 1 1 1 1 1 1 1 1 1 1 1 1 1 1 1 1 1 1 1 1 1 1 1 1 1 1 1 1 1 1 1 1 1 1 1 1 1 1 1 1 1 1 1 1 1 1 1 1 1 1 1 1 1 1 1 1 1 1 1 1 1 1 1 1 1 1 1 1 1 1 1 1 1 1 1 1 1 1 1 1 1 1 1 1 1 1 1 1 1 1 1 1 1 1 1 1 1 1 1 1 1 1 1 1 1 1 1 1 1 1 1 1 1 1 1 1 1 1 1 1 1 1 1 1 1 1 1 1 1 1 1 1 1 1 1 1 1 1 1 1 1 1 1 1 1 1 1 1 1 1 1 1 1 1 1 1 1 1 1 1 1 1 1 1 1 1 1 1 1 1 1 1 1 1 1 1 1 1 1 1 1 1 1 1 1 1 1 1 1 1 1 1 1 1 1 1 1 1 1 1 1 1 1 1 1 1 1 1 1 1 1 1 1 1 1 1 1 1 1 1 1 1 1 1 1 1 1 1 1 1 1 1 1 1 1 1 1 1 1 1 1 1 1 1 1 1 1 1 1 1 1 1 1 1 1 1 1 1 1 1 1 1 1 1 1 1 1 1 1 1 1 1 1 1 1 1 1 1 1 1 1 1 1 1 1 1 1 1 1 1 1 1 1 1 1 1 1 1 1 1 1 1 1 1 1 1 1 1 1 1 1 1 1 1 1 1 1 1 1 1 1 1 1 1 1 1 1 1 1 1 1 1 1 1 1 1 1 1 1 1 1 1 1 1 1 1 1 1 1 1 1 1 1 1 1 1 1 1 1 1 1 1 1 1 1 1 1 1 1 1 1 1 1 1 1 1 1 1 1 1 1 1 1 1 1 1 1 1 1 1 1 1 1 1 1 1 1 1 1 1 1 1 1 1 1 1 1 1 1 1 1 1 1 1 1 1 1 1 1 1 1 1 1 1 1 1 1 1 1 1 1 1 1 1 1 1 1 1 1 1 1 1 1 1 1 1 1 1 1 1 1 1 1 1 1 1 1 1 1 1 1 1 1 1 1 1 1 1 1 1 1 1 1 1 1 1 1 1 1 1 1 1 1 1 1 1 1 1 1 1 1 1 1 1 1 1 1 1 1 1 1 1 1 1 1 1 1 1 1 1 1 1 1 1 1 1 1 1 1 1 1 1 1 1 1 1 1 1 1 1 1 1 1 1 1 1 1 1 1 1 1 1 1 1 1 1 1 1 1 1 1 1 1 1 1 1 1 1 1 1 1 1 1 1 1 1 1 1 1 1 1 1 1 1 1 1 1 1 1 1 1 1 1 1 1 1 1 1 1 1 1 1 1 1 1 1 1 1 1 1 1 1 1 1 1 1 1 1 1 1 1 1 1 1 1 1 1 1 1 1 1 1 1 1 1 1 1 1 1 1 1 1 1 1 1 1 1 1 1 1 1 1 1 1 1 1 1 1 1 1 1 1 1 1 1 1 1 1 1 1 1 1 1 1 1 1 1 1 1 1 1 1 1 1 1 1 1 1 1 1 1 1 1 1 1 1 1 1 1 1 1 1 1 1 1 1 1 1 1 1 1 1 1 1 1 1 1 1 1 1 1 1 1 1 1 1 1 1 1 1 1 1 1 1 1 1 1 1 1 1 1 1 1 1 1 1 1 1 1 1 1 1 1 1 1 1 1 1 1 1 1 1 1 1 1 1 1 1 1 1 1 1 1 1 1 1 1 1 1 1 1 1 1 1 1 1 1 1 1 1 1 1 1 1 1 1 1 1 1 1 1 1 1 1 1 1 1 1 1 1 1 1 1 1 1 1 1 1 1 1 1 1 1 1 1 1 1 1 1 1 1 1 1 1 1 1 1 1 1 1 1 1 1 1 1 1 1 1 1 1 1 1 1 1 1 1 1 1 1 1 1 1 1 1 1 1 1 1 1 1 1 1 1 1 1 1 1 1 1 1 1 1 1 1 1 1 1 1 1 1 1 1 1 1 1 1 1 1 1 1 1 1 1 1 1 1 1 1 1 1 1 1 1 1 1 1 1 1 1 1 1 1 1 1 1 1 1 1 1 1 1 1 1 1 1 1 1 1 1 1 1 1 1 1 1 1 1 1 1 1 1 1 1 1 1 1 1 1 1 1 1 1 1 1 1 1 1 1 1 1 1 1 1 1 1 1 1 1 1 1 1 1 1 1 1 1 1 1 1 1 1 1 1 1 1 1 1 1 1 1 1 1 1 1 1 1 1 1 1 1 1 1 1 1 1 1 1 1 1 1 1 1 1 1 1 1 1 1 1 1 1 1 1 1 1 1 1 1 1 1 1 1 1 1 1 1 1 1 1 1 1 1 1 1 1 1 1 1 1 1 1 1 1 1 1 1 1 1 1 1 1 1 1 1 1 1 1 1 1 1 1 1 1 1 1 1 1 1 1 1 1 1 1 1 1 1 1 1 1 1 1 1 1 1 1 1 1 1 1 1 1 1 1 1 1 1 1 1 1 1 1 1 1 1 1 1 1 1 1 1 1 1 1 1 1 1 1 1 1 1 1 1 1 1 1 1 1 1 1 1 1 1 1 1 1 1 1 1 1 1 1 1 1 1 1 1 1 1 1 1 1 1 1 1 1 1 1 1 1 1 1 1 1 1 1 1 1 1 1 1 1 1 1 1 1 1 1 1 1 1 1 1 1 1 1 1 1 1 1 1 1 1 1 1 1 1 1 1 1 1 1 1 1 1 1 1 1 1 1 1 1 1 1 1 1 1 1 1 1 1 1 1 1 1 1 1 1 1 1 1 1 1 1 1 1 1 1 1 1 1 1 1 1 1 1 1 1 1 1 1 1 1 1 1 1 1 1 1 1 1 1 1 1 1 1 1 1 1 1 1 1 1 1 1 1 1 1 1 1 1 1 1 1 1 1 1 1 1 1 1 1 1 1 1 1 1 1 1 1 1 1 1 1 1 1 1 1 1 1 1 1 1 1 1 1 1 1 1 1 1 1 1 1 1 1 1 1 1 1 1 1 1 1 1 1 1 1 1 1 1 1 1 1 1 1 1 1 1 1 1 1 1 1 1 1 1 1 1 1 1 1 1 1 1 1 1 1 1 1 1 1 1 1 1 1 1 1 1 1 1 1 1 1 1 1 1 1 1 1 1 1 1 1 1 1 1 1 1 1 1 1 1 1 1 1 1 1 1 1 1 1 1 1 1 1 1 1 1 1 1 1 1 1 1 1 1 1 1 1 1 1 1 1 1 1 1 1 1 1 1 1 1 1 1 1 1 1 1 1 1 1 1 1 1 1 1 1 1 1 1 1 1 1 1 1 1 1 1 1 1 1 1 1 1 1 1 1 1 1 1 1 1 1 1 1 1 1 1 1 1 1 1 1 1 1 1 1 1 1 1 1 1 1 1 1 1 1 1 1 1 1 1 1 1 1 1 1 1 1 1 1 1 1 1 1 1 1 1 1 1 1 1 1 1 1 1 1 1 1 1 1 1 1 1 1 1 1 1 1 1 1 1 1 1 1 1 1 1 1 1 1 1 1 1 1 1 1 1 1 1 1 1 1 1 1 1 1 1 1 1 1 1 1 1 1 1 1 1 1 1 1 1 1 1 1 1 1 1 1 1 1 1 1 1 1 1 1 1 1 1 1 1 1 1 1 1 1 1 1 1 1 1 1 1 1 1 1 1 1 1 1 1 1 1 1 1 1 1 1 1 1 1 1 1 1 1 1 1 1 1 1 1 1 1 1 1 1 1 1 1 1 1 1 1 1 1 1 1 1 1 1 1 1 1 1 1 1 1 1 1 1 1 1 1 1 1 1 1 1 1 1 1 1 1 1 1 1 1 1 1 1 1 1 1 1 1 1 1 1 1 1 1 1 1 1 1 1 1 1 1 1 1 1 1 1 1 1 1 1 1 1 1 1 1 1 1 1 1 1 1 1 1 1 1 1 1 1 1 1 1 1 1 1 1 1 1 1 1 1 1 1 1 1 1 1 1 1 1 1 1 1 1 1 1 1 1 1 1 1 1 1 1 1 1 1 1 1 1 1 1 1 1 1 1 1 1 1 1 1 1 1 1 1 1 1 1 1 1 1 1 1 1 1 1 1 1 1 1 1 1 1 1 1 1 1 1 1 1 1 1 1 1 1 1 1 1 1 1 1 1 1 1 1 1 1 1 1 1 1 1 1 1 1 1 1 1 1 1 1 1 1 1 1 1 1 1 1 1 1 1 1 1 1 1 1 1 1 1 1 1 1 1 1 1 1 1 1 1 1 1 1 1 1 1 1 1 1 1 1 1 1 1 1 1 1 1 1 1 1 1 1 1 1 1 1 1 1 1 1 1 1 1 1 1 1 1 1 1 1 1 1 1 1 1 1 1 1 1 1 1 1 1 1 1 1 1 1 1 1 1 1 1 1 1 1 1 1 1 1 1 1 1 1 1 1 1 1 1 1 1 1 1 1 1 1 1 1 1 1 1 1 1 1 1 1 1 1 1 1 1 1 1 1 1 1 1 1 1 1 1 1 1 1 1 1 1 1 1 1 1 1 1 1 1 1 1 1 1 1 1 1 1 1 1 1 1 1 1 1 1 1 1 1 1 1 1 1 1 1 1 1 1 1 1 1 1 1 1 1 1 1 1 1 1 1 1 1 1 1 1 1 1 1 1 1 1 1 1 1 1 1 1 1 1 1 1 1 1 1 1 1 1 1 1 1 1 1 1 1 1 1 1 1 1 1 1 1 1 1 1 1 1 1 1 1 1 1 1 1 1 1 1 1 1 1 1 1 1 1 1 1 1 1 1 1 1 1 1 1 1 1 1 1 1 1 1 1 1 1 1 1 1 1 1 1 1 1 1 1 1 1 1 1 1 1 1 1 1 1 1 1 1 1 1 1 1 1 1 1 1 1 1 1 1 1 1 1 1 1 1 1 1 1 1 1 1 1 1 1 1 1 1 1 1 1 1 1 1 1 1 1 1 1 1 1 1 1 1 1 1 1 1 1 1 1 1 1 1 1 1 1 1 1 1 1 1 1 1 1 1 1 1 1 1 1 1 1 1 1 1 1 1 1 1 1 1 1 1 1 1 1 1 1 1 1 1 1 1 1 1 1 1 1 1 1 1 1 1 1 1 1 1 1 1 1 1 1 1 1 1 1 1 1 1 1 1 1 1 1 1 1 1 1 1 1 1 1 1 1 1 1 1 1 1 1 1 1 1 1 1 1 1 1 1 1 1 1 1 1 1 1 1 1 1 1 1 1 1 1 1 1 1 1 1 1 1 1 1 1 1 1 1 1 1 1 1 1 1 1 1 1 1 1 1 1 1 1 1 1 1 1 1 1 1 1 1 1 1 1 1 1 1 1 1 1 1 1 1 1 1 1 1 1 1 1 1 1 1 1 1 1 1 1 1 1 1 1 1 1 1 1 1 1 1 1 1 1 1 1 1 1 1 1 1 1 1 1 1 1 1 1 1 1 1 1 1 1 1 1 1 1 1 1 1 1 1 1 1 1 1 1 1 1 1 1 1 1 1 1 1 1 1 1 1 1 1 1 1 1 1 1 1 1 1 1 1 1 1 1 1 1 1 1 1 1 1 1 1 1 1 1 1 1 1 1 1 1 1 1 1 1 1 1 1 1 1 1 1 1 1 1 1 1 1 1 1 1 1 1 1 1 1 1 1 1 1 1 1 1 1 1 1 1 1 1 1 1 1 1 1 1 1 1 1 1 1 1 1 1 1 1 1 1 1 1 1 1 1 1 1 1 1 1 1 1 1 1 1 1 1 1 1 1 1 1 1 1 1 1 1 1 1 1 1 1 1 1 1 1 1 1 1 1 1 1 1 1 1 1 1 1 1 1 1 1 1 1 1 1 1 1 1 1 1 1 1 1 1 1 1 1 1 1 1 1 1 1 1 1 1 1 1 1 1 1 1 1 1 1 1 1 1 1 1 1 1 1 1 1 1 1 1 1 1 1 1 1 1 1 1 1 1 1 1 1 1 1 1 1 1 1 1 1 1 1 1 1 1 1 1 1 1 1 1 1 1 1 1 1 1 1 1 1 1 1 1 1 1 1 1 1 1 1 1 1 1 1 1 1 1 1 1 1 1 1 1 1 1 1 1 1 1 1 1 1 1 1 1 1 1 1 1 1 1 1 1 1 1 1 1 1 1 1 1 1 1 1 1 1 1 1 1 1 1 1 1 1 1 1 1 1 1 1 1 1 1 1 1 1 1 1 1 1 1 1 1 1 1 1 1 1 1 1 1 1 1 1 1 1 1 1 1 1 1 1 1 1 1 1 1 1 1 1 1 1 1 1 1 1 1 1 1 1 1 1 1 1 1 1 1 1 1 1 1 1 1 1 1 1 1 1 1 1 1 1 1 1 1 1 1 1 1 1 1 1 1 1 1 1 1 1 1 1 1 1 1 1 1 1 1 1 1 1 1 1 1 1 1 1 1 1 1 1 1 1 1 1 1 1 1 1 1 1 1 1 1 1 1 1 1 1 1 1 1 1 1 1 1 1 1 1 1 1 1 1 1 1 1 1 1 1 1 1 1 1 1 1 1 1 1 1 1 1 1 1 1 1 1 1 1 1 1 1 1 1 1 1 1 1 1 1 1 1 1 1 1 1 1 1 1 1 1 1 1 1 1 1 1 1 1 1 1 1 1 1 1 1 1 1 1 1 1 1 1 1 1 1 1 1 1 1 1 1 1 1 1 1 1 1 1 1 1 1 1 1 1 1 1 1 1 1 1 1 1 1 1 1 1 1 1 1 1 1 1 1 1 1 1 1 1 1 1 1 1 1 1 1 1 1 1 1 1 1 1 1 1 1 1 1 1 1 1 1 1 1 1 1 1 1 1 1 1 1 1 1 1 1 1 1 1 1 1 1 1 1 1 1 1 1 1 1 1 1 1 1 1 1 1 1 1 1 1 1 1 1 1 1 1 1 1 1 1 1 1 1 1 1 1 1 1 1 1 1 1 1 1 1 1 1 1 1 1 1 1 1 1 1 1 1 1 1 1 1 1 1 1 1 1 1 1 1 1 1 1 1 1 1 1 1 1 1 1 1 1 1 1 1 1 1 1 1 1 1 1 1 1 1 1 1 1 1 1 1 1 1 1 1 1 1 1 1 1 1 1 1 1 1 1 1 1 1 1 1 1 1 1 1 1 1 1 1 1 1 1 1 1 1 1 1 1 1 1 1 1 1 1 1 1 1 1 1 1 1 1 1 1 1 1 1 1 1 1 1 1 1 1 1 1 1 1 1 1 1 1 1 1 1 1 1 1 1 1 1 1 1 1 1 1 1 1 1 1 1 1 1 1 1 1 1 1 1 1 1 1 1 1 1 1 1 1 1 1 1 1 1 1 1 1 1 1 1 1 1 1 1 1 1 1 1 1 1 1 1 1 1 1 1 1 1 1 1 1 1 1 1 1 1 1 1 1 1 1 1 1 1 1 1 1 1 1 1 1 1 1 1 1 1 1 1 1 1 1 1 1 1 1 1 1 1 1 1 1 1 1 1 1 1 1 1 1 1 1 1 1 1 1 1 1 1 1 1 1 1 1 1 1 1 1 1 1 1 1 1 1 1 1 1 1 1 1 1 1 1 1 1 1 1 1 1 1 1 1 1 1 1 1 1 1 1 1 1 1 1 1 1 1 1 1 1 1 1 1 1 1 1 1 1 1 1 1 1 1 1 1 1 1 1 1 1 1 1 1 1 1 1 1 1 1 1 1 1 1 1 1 1 1 1 1 1 1 1 1 1 1 1 1 1 1 1 1 1 1 1 1 1 1 1 1 1 1 1 1 1 1 1 1 1 1 1 1 1 1 1 1 1 1 1 1 1 1 1 1 1 1 1 1 1 1 1 1 1 1 1 1 1 1 1 1 1 1 1 1 1 1 1 1 1 1 1 1 1 1 1 1 1 1 1 1 1 1 1 1 1 1 1 1 1 1 1 1 1 1 1 1 1 1 1 1 1 1 1 1 1 1 1 1 1 1 1 1 1 1 1 1 1 1 1 1 1 1 1 1 1 1 1 1 1 1 1 1 1 1 1 1 1 1 1 1 1 1 1 1 1 1 1 1 1 1 1 1 1 1 1 1 1 1 1 1 1 1 1 1 1 1 1 1 1 1 1 1 1 1 1 1 1 1 1 1 1 1 1 1 1 1 1 1 1 1 1 1 1 1 1 1 1 1 1 1 1 1 1 1 1 1 1 1 1 1 1 1 1 1 1 1 1 1 1 1 1 1 1 1 1 1 1 1 1 1 1 1 1 1 1 1 1 1 1 1 1 1 1 1 1 1 1 1 1 1 1 1 1 1 1 1 1 1 1 1 1 1 1 1 1 1 1 1 1 1 1 1 1 1 1 1 1 1 1 1 1 1 1 1 1 1 1 1 1 1 1 1 1 1 1 1 1 1 1 1 1 1 1 1 1 1 1 1 1 1 1 1 1 1 1 1 1 1 1 1 1 1 1 1 1 1 1 1 1 1 1 1 1 1 1 1 1 1 1 1 1 1 1 1 1 1 1 1 1 1 1 1 1 1 1 1 1 1 1 1 1 1 1 1 1 1 1 1 1 1 1 1 1 1 1 1 1 1 1 1 1 1 1 1 1 1 1 1 1 1 1 1 1 1 1 1 1 1 1 1 1 1 1 1 1 1 1 1 1 1 1 1 1 1 1 1 1 1 1 1 1 1 1 1 1 1 1 1 1 1 1 1 1 1 1 1 1 1 1 1 1 1 1 1 1 1 1 1 1 1 1 1 1 1 1 1 1 1 1 1 1 1 1 1 1 1 1 1 1 1 1 1 1 1 1 1 1 1 1 1 1 1 1 1 1 1 1 1 1 1 1 1 1 1 1 1 1 1 1 1 1 1 1 1 1 1 1 1 1 1 1 1 1 1 1 1 1 1 1 1 1 1 1 1 1 1 1 1 1 1 1 1 1 1 1 1 1 1 1 1 1 1 1 1 1 1 1 1 1 1 1 1 1 1 1 1 1 1 1 1 1 1 1 1 1 1 1 1 1 1 1 1 1 1 1 1 1 1 1 1 1 1 1 1 1 1 1 1 1 1 1 1 1 1 1 1 1 1 1 1 1 1 1 1 1 1 1 1 1 1 1 1 1 1 1 1 1 1 1 1 1 1 1 1 1 1 1 1 1 1 1 1 1 1 1 1 1 1 1 1 1 1 1 1 1 1 1 1 1 1 1 1 1 1 1 1 1 1 1 1 1 1 1 1 1 1 1 1 1 1 1 1 1 1 1 1 1 1 1 1 1 1 1 1 1 1 1 1 1 1 1 1 1 1 1 1 1 1 1 1 1 1 1 1 1 1 1 1 1 1 1 1 1 1 1 1 1 1 1 1 1 1 1 1 1 1 1 1 1 1 1 1 1 1 1 1 1 1 1 1 1 1 1 1 1 1 1 1 1 1 1 1 1 1 1 1 1 1 1 1 1 1 1 1 1 1 1 1 1 1 1 1 1 1 1 1 1 1 1 1 1 1 1 1 1 1 1 1 1 1 1 1 1 1 1 1 1 1 1 1 1 1 1 1 1 1 1 1 1 1 1 1 1 1 1 1 1 1 1 1 1 1 1 1 1 1 1 1 1 1 1 1 1 1 1 1 1 1 1 1 1 1 1 1 1 1 1 1 1 1 1 1 1 1 1 1 1 1 1 1 1 1 1 1 1 1 1 1 1 1 1 1 1 1 1 1 1 1 1 1 1 1 1 1 1 1 1 1 1 1 1 1 1 1 1 1 1 1 1 1 1 1 1 1 1 1 1 1 1 1 1 1 1 1 1 1 1 1 1 1 1 1 1 1 1 1 1 1 1 1 1 1 1 1 1 1 1 1 1 1 1 1 1 1 1 1 1 1 1 1 1 1 1 1 1 1 1 1 1 1 1 1 1 1 1 1 1 1 1 1 1 1 1 1 1 1 1 1 1 1 1 1 1 1 1 1 1 1 1 1 1 1 1 1 1 1 1 1 1 1 1 1 1 1 1 1 1 1 1 1 1 1 1 1 1 1 1 1 1 1 1 1 1 1 1 1 1 1 1 1 1 1 1 1 1 1 1 1 1 1 1 1 1 1 1 1 1 1 1 1 1 1 1 1 1 1 1 1 1 1 1 1 1 1 1 1 1 1 1 1 1 1 1 1 1 1 1 1 1 1 1 1 1 1 1 1 1 1 1 1 1 1 1 1 1 1 1 1 1 1 1 1 1 1 1 1 1 1 1 1 1 1 1 1 1 1 1 1 1 1 1 1 1 1 1 1 1 1 1 1 1 1 1 1 1 1 1 1 1 1 1 1 1 1 1 1 1 1 1 1 1 1 1 1 1 1 1 1 1 1 1 1 1 1 1 1 1 1 1 1 1 1 1 1 1 1 1 1 1 1 1 1 1 1 1 1 1 1 1 1 1 1 1 1 1 1 1 1 1 1 1 1 1 1 1 1 1 1 1 1 1 1 1 1 1 1 1 1 1 1 1 1 1 1 1 1 1 1 1 1 1 1 1 1 1 1 1 1 1 1 1 1 1 1 1 1 1 1 1 1 1 1 1 1 1 1 1 1 1 1 1 1 1 1 1 1 1 1 1 1 1 1 1 1 1 1 1 1 1 1 1 1 1 1 1 1 1 1 1 1 1 1 1 1 1 1 1 1 1 1 1 1 1 1 1 1 1 1 1 1 1 1 1 1 1 1 1 1 1 1 1 1 1 1 1 1 1 1 1 1 1 1 1 1 1 1 1 1 1 1 1 1 1 1 1 1 1 1 1 1 1 1 1 1 1 1 1 1 1 1 1 1 1 1 1 1 1 1 1 1 1 1 1 1 1 1 1 1 1 1 1 1 1 1 1 1 1 1 1 1 1 1 1 1 1 1 1 1 1 1 1 1 1 1 1 1 1 1 1 1 1 1 1 1 1 1 1 1 1 1 1 1 1 1 1 1 1 1 1 1 1 1 1 1 1 1 1 1 1 1 1 1 1 1 1 1 1 1 1 1 1 1 1 1 1 1 1 1 1 1 1 1 1 1 1 1 1 1 1 1 1 1 1 1 1 1 1 1 1 1 1 1 1 1 1 1 1 1 1 1 1 1 1 1 1 1 1 1 1 1 1 1 1 1 1 1 1 1 1 1 1 1 1 1 1 1 1 1 1 1 1 1 1 1 1 1 1 1 1 1 1 1 1 1 1 1 1 1 1 1 1 1 1 1 1 1 1 1 1 1 1 1 1 1 1 1 1 1 1 1 1 1 1 1 1 1 1 1 1 1 1 1 1 1 1 1 1 1 1 1 1 1 1 1 1 1 1 1 1 1 1 1 1 1 1 1 1 1 1 1 1 1 1 1 1 1 1 1 1 1 1 1 1 1 1 1 1 1 1 1 1 1 1 1 1 1 1 1 1 1 1 1 1 1 1 1 1 1 1 1 1 1 1 1 1 1 1 1 1 1 1 1 1 1 1 1 1 1 1 1 1 1 1 1 1 1 1 1 1 1 1 1 1 1 1 1 1 1 1 1 1 1 1 1 1 1 1 1 1 1 1 1 1 1 1 1 1 1 1 1 1 1 1 1 1 1 1 1 1 1 1 1 1 1 1 1 1 1 1 1 1 1 1 1 1 1 1 1 1 1 1 1 1 1 1 1 1 1 1 1 1 1 1 1 1 1 1 1 1 1 1 1 1 1 1 1 1 1 1 1 1 1 1 1 1 1 1 1 1 1 1 1 1 1 1 1 1 1 1 1 1 1 1 1 1 1 1 1 1 1 1 1 1 1 1 1 1 1 1 1 1 1 1 1 1 1 1 1 1 1 1 1 1 1 1 1 1 1 1 1 1 1 1 1 1 1 1 1 1 1 1 1 1 1 1 1 1 1 1 1 1 1 1 1 1 1 1 1 1 1 1 1 1 1 1 1 1 1 1 1 1 1 1 1 1 1 1 1 1 1 1 1 1 1 1 1 1 1 1 1 1 1 1 1 1 1 1 1 1 1 1 1 1 1 1 1 1 1 1 1 1 1 1 1 1 1 1 1 1 1 1 1 1 1 1 1 1 1 1 1 1 1 1 1 1 1 1 1 1 1 1 1 1 1 1 1 1 1 1 1 1 1 1 1 1 1 1 1 1 1 1 1 1 1 1 1 1 1 1 1 1 1 1 1 1 1 1 1 1 1 1 1 1 1 1 1 1 1 1 1 1 1 1 1 1 1 1 1 1 1 1 1 1 1 1 1 1 1 1 1 1 1 1 1 1 1 1 1 1 1 1 1 1 1 1 1 1 1 1 1 1 1 1 1 1 1 1 1 1 1 1 1 1 1 1 1 1 1 1 1 1 1 1 1 1 1 1 1 1 1 1 1 1 1 1 1 1 1 1 1 1 1 1 1 1 1 1 1 1 1 1 1 1 1 1 1 1 1 1 1 1 1 1 1 1 1 1 1 1 1 1 1 1 1 1 1 1 1 1 1 1 1 1 1 1 1 1 1 1 1 1 1 1 1 1 1 1 1 1 1 1 1 1 1 1 1 1 1 1 1 1 1 1 1 1 1 1 1 1 1 1 1 1 1 1 1 1 1 1 1 1 1 1 1 1 1 1 1 1 1 1 1 1 1 1 1 1 1 1 1 1 1 1 1 1 1 1 1 1 1 1 1 1 1 1 1 1 1 1 1 1 1 1 1 1 1 1 1 1 1 1 1 1 1 1 1 1 1 1 1 1 1 1 1 1 1 1 1 1 1 1 1 1 1 1 1 1 1 1 1 1 1 1 1 1 1 1 1 1 1 1 1 1 1 1 1 1 1 1 1 1 1 1 1 1 1 1 1 1 1 1 1 1 1 1 1 1 1 1 1 1 1 1 1 1 1 1 1 1 1 1 1 1 1 1 1 1 1 1 1 1 1 1 1 1 1 1 1 1 1 1 1 1 1 1 1 1 1 1 1 1 1 1 1 1 1 1 1 1 1 1 1 1 1 1 1 1 1 1 1 1 1 1 1 1 1 1 1 1 1 1 1 1 1 1 1 1 1 1 1 1 1 1 1 1 1 1 1 1 1 1 1 1 1 1 1 1 1 1 1 1 1 1 1 1 1 1 1 1 1 1 1 1 1 1 1 1 1 1 1 1 1 1 1 1 1 1 1 1 1 1 1 1 1 1 1 1 1 1 1 1 1 1 1 1 1 1 1 1 1 1 1 1 1 1 1 1 1 1 1 1 1 1 1 1 1 1 1 1 1 1 1 1 1 1 1 1 1 1 1 1 1 1 1 1 1 1 1 1 1 1 1 1 1 1 1 1 1 1 1 1 1 1 1 1 1 1 1 1 1 1 1 1 1 1 1 1 1 1 1 1 1 1 1 1 1 1 1 1 1 1 1 1 1 1 1 1 1 1 1 1 1 1 1 1 1 1 1 1 1 1 1 1 1 1 1 1 1 1 1 1 1 1 1 1 1 1 1 1 1 1 1 1 1 1 1 1 1 1 1 1 1 1 1 1 1 1 1 1 1 1 1 1 1 1 1 1 1 1 1 1 1 1 1 1 1 1 1 1 1 1 1 1 1 1 1 1 1 1 1 1 1 1 1 1 1 1 1 1 1 1 1 1 1 1 1 1 1 1 1 1 1 1 1 1 1 1 1 1 1 1 1 1 1 1 1 1 1 1 1 1 1 1 1 1 1 1 1 1 1 1 1 1 1 1 1 1 1 1 1 1 1 1 1 1 1 1 1 1 1 1 1 1 1 1 1 1 1 1 1 1 1 1 1 1 1 1 1 1 1 1 1 1 1 1 1 1 1 1 1 1 1 1 1 1 1 1 1 1 1 1 1 1 1 1 1 1 1 1 1 1 1 1 1 1 1 1 1 1 1 1 1 1 1 1 1 1 1 1 1 1 1 1 1 1 1 1 1 1 1 1 1 1 1 1 1 1 1 1 1 1 1 1 1 1 1 1 1 1 1 1 1 1 1 1 1 1 1 1 1 1 1 1 1 1 1 1 1 1 1 1 1 1 1 1 1 1 1 1 1 1 1 1 1 1 1 1 1 1 1 1 1 1 1 1 1 1 1 1 1 1 1 1 1 1 1 1 1 1 1 1 1 1 1 1 1 1 1 1 1 1 1 1 1 1 1 1 1 1 1 1 1 1 1 1 1 1 1 1 1 1 1 1 1 1 1 1 1 1 1 1 1 1 1 1 1 1 1 1 1 1 1 1 1 1 1 1 1 1 1 1 1 1 1 1 1 1 1 1 1 1 1 1 1 1 1 1 1 1 1 1 1 1 1 1 1 1 1 1 1 1 1 1 1 1 1 1 1 1 1 1 1 1 1 1 1 1 1 1 1 1 1 1 1 1 1 1 1 1 1 1 1 1 1 1 1 1 1 1 1 1 1 1 1 1 1 1 1 1 1 1 1 1 1 1 1 1 1 1 1 1 1 1 1 1 1 1 1 1 1 1 1 1 1 1 1 1 1 1 1 1 1 1 1 1 1 1 1 1 1 1 1 1 1 1 1 1 1 1 1 1 1 1 1 1 1 1 1 1 1 1 1 1 1 1 1 1 1 1 1 1 1 1 1 1 1 1 1 1 1 1 1 1 1 1 1 1 1 1 1 1 1 1 1 1 1 1 1 1 1 1 1 1 1 1 1 1 1 1 1 1 1 1 1 1 1 1 1 1 1 1 1 1 1 1 1 1 1 1 1 1 1 1 1 1 1 1 1 1 1 1 1 1 1 1 1 1 1 1 1 1 1 1 1 1 1 1 1 1 1 1 1 1 1 1 1 1 1 1 1 1 1 1 1 1 1 1 1 1 1 1 1 1 1 1 1 1 1 1 1 1 1 1 1 1 1 1 1 1 1 1 1 1 1 1 1 1 1 1 1 1 1 1 1 1 1 1 1 1 1 1 1 1 1 1 1 1 1 1 1 1 1 1 1 1 1 1 1 1 1 1 1 1 1 1 1 1 1 1 1 1 1 1 1 1 1 1 1 1 1 1 1 1 1 1 1 1 1 1 1 1 1 1 1 1 1 1 1 1 1 1 1 1 1 1 1 1 1 1 1 1 1 1 1 1 1 1 1 1 1 1 1 1 1 1 1 1 1 1 1 1 1 1 1 1 1 1 1 1 1 1 1 1 1 1 1 1 1 1 1 1 1 1 1 1 1 1 1 1 1 1 1 1 1 1 1 1 1 1 1 1 1 1 1 1 1 1 1 1 1 1 1 1 1 1 1 1 1 1 1 1 1 1 1 1 1 1 1 1 1 1 1 1 1 1 1 1 1 1 1 1 1 1 1 1 1 1 1 1 1 1 1 1 1 1 1 1 1 1 1 1 1 1 1 1 1 1 1 1 1 1 1 1 1 1 1 1 1 1 1 1 1 1 1 1 1 1 1 1 1 1 1 1 1 1 1 1 1 1 1 1 1 1 1 1 1 1 1 1 1 1 1 1 1 1 1 1 1 1 1 1 1 1 1 1 1 1 1 1 1 1 1 1 1 1 1 1 1 1 1 1 1 1 1 1 1 1 1 1 1 1 1 1 1 1 1 1 1 1 1 1 1 1 1 1 1 1 1 1 1 1 1 1 1 1 1 1 1 1 1 1 1 1 1 1 1 1 1 1 1 1 1 1 1 1 1 1 1 1 1 1 1 1 1 1 1 1 1 1 1 1 1 1 1 1 1 1 1 1 1 1 1 1 1 1 1 1 1 1 1 1 1 1 1 1 1 1 1 1 1 1 1 1 1 1 1 1 1 1 1 1 1 1 1 1 1 1 1 1 1 1 1 1 1 1 1 1 1 1 1 1 1 1 1 1 1 1 1 1 1 1 1 1 1 1 1 1 1 1 1 1 1 1 1 1 1 1 1 1 1 1 1 1 1 1 1 1 1 1 1 1 1 1 1 1 1 1 1 1 1 1 1 1 1 1 1 1 1 1 1 1 1 1 1 1 1 1 1 1 1 1 1 1 1 1 1 1 1 1 1 1 1 1 1 1 1 1 1 1 1 1 1 1 1 1 1 1 1 1 1 1 1 1 1 1 1 1 1 1 1 1 1 1 1 1 1 1 1 1 1 1 1 1 1 1 1 1 1 1 1 1 1 1 1 1 1 1 1 1 1 1 1 1 1 1 1 1 1 1 1 1 1 1 1 1 1 1 1 1 1 1 1 1 1 1 1 1 1 1 1 1 1 1 1 1 1 1 1 1 1 1 1 1 1 1 1 1 1 1 1 1 1 1 1 1 1 1 1 1 1 1 1 1 1 1 1 1 1 1 1 1 1 1 1 1 1 1 1 1 1 1 1 1 1 1 1 1 1 1 1 1 1 1 1 1 1 1 1 1 1 1 1 1 1 1 1 1 1 1 1 1 1 1 1 1 1 1 1 1 1 1 1 1 1 1 1 1 1 1 1 1 1 1 1 1 1 1 1 1 1 1 1 1 1 1 1 1 1 1 1 1 1 1 1 1 1 1 1 1 1 1 1 1 1 1 1 1 1 1 1 1 1 1 1 1 1 1 1 1 1 1 1 1 1 1 1 1 1 1 1 1 1 1 1 1 1 1 1 1 1 1 1 1 1 1 1 1 1 1 1 1 1 1 1 1 1 1 1 1 1 1 1 1 1 1 1 1 1 1 1 1 1 1 1 1 1 1 1 1 1 1 1 1 1 1 1 1 1 1 1 1 1 1 1 1 1 1 1 1 1 1 1 1 1 1 1 1 1 1 1 1 1 1 1 1 1 1 1 1 1 1 1 1 1 1 1 1 1 1 1 1 1 1 1 1 1 1 1 1 1 1 1 1 1 1 1 1 1 1 1 1 1 1 1 1 1 1 1 1 1 1 1 1 1 1 1 1 1 1 1 1 1 1 1 1 1 1 1 1 1 1 1 1 1 1 1 1 1 1 1 1 1 1 1 1 1 1 1 1 1 1 1 1 1 1 1 1 1 1 1 1 1 1 1 1 1 1 1 1 1 1 1 1 1 1 1 1 1 1 1 1 1 1 1 1 1 1 1 1 1 1 1 1 1 1 1 1 1 1 1 1 1 1 1 1 1 1 1 1 1 1 1 1 1 1 1 1 1 1 1 1 1 1 1 1 1 1 1 1 1 1 1 1 1 1 1 1 1 1 1 1 1 1 1 1 1 1 1 1 1 1 1 1 1 1 1 1 1 1 1 1 1 1 1 1 1 1 1 1 1 1 1 1 1 1 1 1 1 1 1 1 1 1 1 1 1 1 1 1 1 1 1 1 1 1 1 1 1 1 1 1 1 1 1 1 1 1 1 1 1 1 1 1 1 1 1 1 1 1 1 1 1 1 1 1 1 1 1 1 1 1 1 1 1 1 1 1 1 1 1 1 1 1 1 1 1 1 1 1 1 1 1 1 1 1 1 1 1 1 1 1 1 1 1 1 1 1 1 1 1 1 1 1 1 1 1 1 1 1 1 1 1 1 1 1 1 1 1 1 1 1 1 1 1 1 1 1 1 1 1 1 1 1 1 1 1 1 1 1 1 1 1 1 1 1 1 1 1 1 1 1 1 1 1 1 1 1 1 1 1 1 1 1 1 1 1 1 1 1 1 1 1 1 1 1 1 1 1 1 1 1 1 1 1 1 1 1 1 1 1 1 1 1 1 1 1 1 1 1 1 1 1 1 1 1 1 1 1 1 1 1 1 1 1 1 1 1 1 1 1 1 1 1 1 1 1 1 1 1 1 1 1 1 1 1 1 1 1 1 1 1 1 1 1 1 1 1 1 1 1 1 1 1 1 1 1 1 1 1 1 1 1 1 1 1 1 1 1 1 1 1 1 1 1 1 1 1 1 1 1 1 1 1 1 1 1 1 1 1 1 1 1 1 1 1 1 1 1 1 1 1 1 1 1 1 1 1 1 1 1 1 1 1 1 1 1 1 1 1 1 1 1 1 1 1 1 1 1 1 1 1 1 1 1 1 1 1 1 1 1 1 1 1 1 1 1 1 1 1 1 1 1 1 1 1 1 1 1 1 1 1 1 1 1 1 1 1 1 1 1 1 1 1 1 1 1 1 1 1 1 1 1 1 1 1 1 1 1 1 1 1 1 1 1 1 1 1 1 1 1 1 1 1 1 1 1 1 1 1 1 1 1 1 1 1 1 1 1 1 1 1 1 1 1 1 1 1 1 1 1 1 1 1 1 1 1 1 1 1 1 1 1 1 1 1 1 1 1 1 1 1 1 1 1 1 1 1 1 1 1 1 1 1 1 1 1 1 1 1 1 1 1 1 1 1 1 1 1 1 1 1 1 1 1 1 1 1 1 1 1 1 1 1 1 1 1 1 1 1 1 1 1 1 1 1 1 1 1 1 1 1 1 1 1 1 1 1 1 1 1 1 1 1 1 1 1 1 1 1 1 1 1 1 1 1 1 1 1 1 1 1 1 1 1 1 1 1 1 1 1 1 1 1 1 1 1 1 1 1 1 1 1 1 1 1 1 1 1 1 1 1 1 1 1 1 1 1 1 1 1 1 1 1 1 1 1 1 1 1 1 1 1 1 1 1 1 1 1 1 1 1 1 1 1 1 1 1 1 1 1 1 1 1 1 1 1 1 1 1 1 1 1 1 1 1 1 1 1 1 1 1 1 1 1 1 1 1 1 1 1 1 1 1 1 1 1 1 1 1 1 1 1 1 1 1 1 1 1 1 1 1 1 1 1 1 1 1 1 1 1 1 1 1 1 1 1 1 1 1 1 1 1 1 1 1 1 1 1 1 1 1 1 1 1 1 1 1 1 1 1 1 1 1 1 1 1 1 1 1 1 1 1 1 1 1 1 1 1 1 1 1 1 1 1 1 1 1 1 1 1 1 1 1 1 1 1 1 1 1 1 1 1 1 1 1 1 1 1 1 1 1 1 1 1 1 1 1 1 1 1 1 1 1 1 1 1 1 1 1 1 1 1 1 1 1 1 1 1 1 1 1 1 1 1 1 1 1 1 1 1 1 1 1 1 1 1 1 1 1 1 1 1 1 1 1 1 1 1 1 1 1 1 1 1 1 1 1 1 1 1 1 1 1 1 1 1 1 1 1 1 1 1 1 1 1 1 1 1 1 1 1 1 1 1 1 1 1 1 1 1 1 1 1 1 1 1 1 1 1 1 1 1 1 1 1 1 1 1 1 1 1 1 1 1 1 1 1 1 1 1 1 1 1 1 1 1 1 1 1 1 1 1 1 1 1 1 1 1 1 1 1 1 1 1 1 1 1 1 1 1 1 1 1 1 1 1 1 1 1 1 1 1 1 1 1 1 1 1 1 1 1 1 1 1 1 1 1 1 1 1 1 1 1 1 1 1 1 1 1 1 1 1 1 1 1 1 1 1 1 1 1 1 1 1 1 1 1 1 1 1 1 1 1 1 1 1 1 1 1 1 1 1 1 1 1 1 1 1 1 1 1 1 1 1 1 1 1 1 1 1 1 1 1 1 1 1 1 1 1 1 1 1 1 1 1 1 1 1 1 1 1 1 1 1 1 1 1 1 1 1 1 1 1 1 1 1 1 1 1 1 1 1 1 1 1 1 1 1 1 1 1 1 1 1 1 1 1 1 1 1 1 1 1 1 1 1 1 1 1 1 1 1 1 1 1 1 1 1 1 1 1 1 1 1 1 1 1 1 1 1 1 1 1 1 1 1 1 1 1 1 1 1 1 1 1 1 1 1 1 1 1 1 1 1 1 1 1 1 1 1 1 1 1 1 1 1 1 1 1 1 1 1 1 1 1 1 1 1 1 1 1 1 1 1 1 1 1 1 1 1 1 1 1 1 1 1 1 1 1 1 1 1 1 1 1 1 1 1 1 1 1 1 1 1 1 1 1 1 1 1 1 1 1 1 1 1 1 1 1 1 1 1 1 1 1 1 1 1 1 1 1 1 1 1 1 1 1 1 1 1 1 1 1 1 1 1 1 1 1 1 1 1 1 1 1 1 1 1 1 1 1 1 1 1 1 1 1 1 1 1 1 1 1 1 1 1 1 1 1 1 1 1 1 1 1 1 1 1 1 1 1 1 1 1 1 1 1 1 1 1 1 1 1 1 1 1 1 1 1 1 1 1 1 1 1 1 1 1 1 1 1 1 1 1 1 1 1 1 1 1 1 1 1 1 1 1 1 1 1 1 1 1 1 1 1 1 1 1 1 1 1 1 1 1 1 1 1 1 1 1 1 1 1 1 1 1 1 1 1 1 1 1 1 1 1 1 1 1 1 1 1 1 1 1 1 1 1 1 1 1 1 1 1 1 1 1 1 1 1 1 1 1 1 1 1 1 1 1 1 1 1 1 1 1 1 1 1 1 1 1 1 1 1 1 1 1 1 1 1 1 1 1 1 1 1 1 1 1 1 1 1 1 1 1 1 1 1 1 1 1 1 1 1 1 1 1 1 1 1 1 1 1 1 1 1 1 1 1 1 1 1 1 1 1 1 1 1 1 1 1 1 1 1 1 1 1 1 1 1 1 1 1 1 1 1 1 1 1 1 1 1 1 1 1 1 1 1 1 1 1 1 1 1 1 1 1 1 1 1 1 1 1 1 1 1 1 1 1 1 1 1 1 1 1 1 1 1 1 1 1 1 1 1 1 1 1 1 1 1 1 1 1 1 1 1 1 1 1 1 1 1 1 1 1 1 1 1 1 1 1 1 1 1 1 1 1 1 1 1 1 1 1 1 1 1 1 1 1 1 1 1 1 1 1 1 1 1 1 1 1 1 1 1 1 1 1 1 1 1 1 1 1 1 1 1 1 1 1 1 1 1 1 1 1 1 1 1 1 1 1 1 1 1 1 1 1 1 1 1 1 1 1 1 1 1 1 1 1 1 1 1 1 1 1 1 1 1 1 1 1 1 1 1 1 1 1 1 1 1 1 1 1 1 1 1 1 1 1 1 1 1 1 1 1 1 1 1 1 1 1 1 1 1 1 1 1 1 1 1 1 1 1 1 1 1 1 1 1 1 1 1 1 1 1 1 1 1 1 1 1 1 1 1 1 1 1 1 1 1 1 1 1 1 1 1 1 1 1 1 1 1 1 1 1 1 1 1 1 1 1 1 1 1 1 1 1 1 1 1 1 1 1 1 1 1 1 1 1 1 1 1 1 1 1 1 1 1 1 1 1 1 1 1 1 1 1 1 1 1 1 1 1 1 1 1 1 1 1 1 1 1 1 1 1 1 1 1 1 1 1 1 1 1 1 1 1 1 1 1 1 1 1 1 1 1 1 1 1 1 1 1 1 1 1 1 1 1 1 1 1 1 1 1 1 1 1 1 1 1 1 1 1 1 1 1 1 1 1 1 1 1 1 1 1 1 1 1 1 1 1 1 1 1 1 1 1 1 1 1 1 1 1 1 1 1 1 1 1 1 1 1 1 1 1 1 1 1 1 1 1 1 1 1 1 1 1 1 1 1 1 1 1 1 1 1 1 1 1 1 1 1 1 1 1 1 1 1 1 1 1 1 1 1 1 1 1 1 1 1 1 1 1 1 1 1 1 1 1 1 1 1 1 1 1 1 1 1 1 1 1 1 1 1 1 1 1 1 1 1 1 1 1 1 1 1 1 1 1 1 1 1 1 1 1 1 1 1 1 1 1 1 1 1 1 1 1 1 1 1 1 1 1 1 1 1 1 1 1 1 1 1 1 1 1 1 1 1 1 1 1 1 1 1 1 1 1 1 1 1 1 1 1 1 1 1 1 1 1 1 1 1 1 1 1 1 1 1 1 1 1 1 1 1 1 1 1 1 1 1 1 1 1 1 1 1 1 1 1 1 1 1 1 1 1 1 1 1 1 1 1 1 1 1 1 1 1 1 1 1 1 1 1 1 1 1 1 1 1 1 1 1 1 1 1 1 1 1 1 1 1 1 1 1 1 1 1 1 1 1 1 1 1 1 1 1 1 1 1 1 1 1 1 1 1 1 1 1 1 1 1 1 1 1 1 1 1 1 1 1 1 1 1 1 1 1 1 1 1 1 1 1 1 1 1 1 1 1 1 1 1 1 1 1 1 1 1 1 1 1 1 1 1 1 1 1 1 1 1 1 1 1 1 1 1 1 1 1 1 1 1 1 1 1 1 1 1 1 1 1 1 1 1 1 1 1 1 1 1 1 1 1 1 1 1 1 1 1 1 1 1 1 1 1 1 1 1 1 1 1 1 1 1 1 1 1 1 1 1 1 1 1 1 1 1 1 1 1 1 1 1 1 1 1 1 1 1 1 1 1 1 1 1 1 1 1 1 1 1 1 1 1 1 1 1 1 1 1 1 1 1 1 1 1 1 1 1 1 1 1 1 1 1 1 1 1 1 1 1 1 1 1 1 1 1 1 1 1 1 1 1 1 1 1 1 1 1 1 1 1 1 1 1 1 1 1 1 1 1 1 1 1 1 1 1 1 1 1 1 1 1 1 1 1 1 1 1 1 1 1 1 1 1 1 1 1 1 1 1 1 1 1 1 1 1 1 1 1 1 1 1 1 1 1 1 1 1 1 1 1 1 1 1 1 1 1 1 1 1 1 1 1 1 1 1 1 1 1 1 1 1 1 1 1 1 1 1 1 1 1 1 1 1 1 1 1 1 1 1 1 1 1 1 1 1 1 1 1 1 1 1 1 1 1 1 1 1 1 1 1 1 1 1 1 1 1 1 1 1 1 1 1 1 1 1 1 1 1 1 1 1 1 1 1 1 1 1 1 1 1 1 1 1 1 1 1 1 1 1 1 1 1 1 1 1 1 1 1 1 1 1 1 1 1 1 1 1 1 1 1 1 1 1 1 1 1 1 1 1 1 1 1 1 1 1 1 1 1 1 1 1 1 1 1 1 1 1 1 1 1 1 1 1 1 1 1 1 1 1 1 1 1 1 1 1 1 1 1 1 1 1 1 1 1 1 1 1 1 1 1 1 1 1 1 1 1 1 1 1 1 1 1 1 1 1 1 1 1</float_array>
          <technique_common>
            <accessor source="#beyblade2loc-2026-09-10-18-50-26-738-mesh-colors-Col-array" count="2922" stride="4">
              <param name="R" type="float"/>
              <param name="G" type="float"/>
              <param name="B" type="float"/>
              <param name="A" type="float"/>
            </accessor>
          </technique_common>
        </source>
        <vertices id="beyblade2loc-2026-09-10-18-50-26-738-mesh-vertices">
          <input semantic="POSITION" source="#beyblade2loc-2026-09-10-18-50-26-738-mesh-positions"/>
        </vertices>
        <triangles material="NDS_Material_013-material" count="974">
          <input semantic="VERTEX" source="#beyblade2loc-2026-09-10-18-50-26-738-mesh-vertices" offset="0"/>
          <input semantic="NORMAL" source="#beyblade2loc-2026-09-10-18-50-26-738-mesh-normals" offset="1"/>
          <input semantic="TEXCOORD" source="#beyblade2loc-2026-09-10-18-50-26-738-mesh-map-0" offset="2" set="0"/>
          <input semantic="COLOR" source="#beyblade2loc-2026-09-10-18-50-26-738-mesh-colors-Col" offset="3" set="0"/>
          <p>0 0 0 0 1 0 1 1 2 0 2 2 3 1 3 3 4 1 4 4 5 1 5 5 6 2 6 6 7 2 7 7 8 2 8 8 9 3 9 9 10 3 10 10 11 3 11 11 12 4 12 12 13 4 13 13 14 4 14 14 15 5 15 15 16 5 16 16 17 5 17 17 18 6 18 18 19 6 19 19 20 6 20 20 21 7 21 21 22 7 22 22 23 7 23 23 24 8 24 24 25 8 25 25 26 8 26 26 27 9 27 27 28 9 28 28 29 9 29 29 30 10 30 30 31 10 31 31 32 10 32 32 33 11 33 33 34 11 34 34 35 11 35 35 36 12 36 36 37 12 37 37 38 12 38 38 39 13 39 39 40 13 40 40 41 13 41 41 42 14 42 42 43 14 43 43 44 14 44 44 45 15 45 45 46 15 46 46 47 15 47 47 48 16 48 48 49 16 49 49 50 16 50 50 51 17 51 51 52 17 52 52 53 17 53 53 54 18 54 54 55 18 55 55 56 18 56 56 57 19 57 57 58 19 58 58 59 19 59 59 60 20 60 60 61 20 61 61 62 20 62 62 63 21 63 63 64 21 64 64 65 21 65 65 66 22 66 66 67 22 67 67 68 22 68 68 69 23 69 69 70 23 70 70 71 23 71 71 72 24 72 72 73 24 73 73 74 24 74 74 75 25 75 75 76 25 76 76 77 25 77 77 78 26 78 78 79 26 79 79 80 26 80 80 81 27 81 81 82 27 82 82 83 27 83 83 84 28 84 84 85 28 85 85 86 28 86 86 87 29 87 87 88 29 88 88 89 29 89 89 90 30 90 90 91 30 91 91 92 30 92 92 93 31 93 93 94 31 94 94 95 31 95 95 96 32 96 96 97 32 97 97 98 32 98 98 99 33 99 99 100 33 100 100 101 33 101 101 102 34 102 102 103 34 103 103 104 34 104 104 105 35 105 105 106 35 106 106 107 35 107 107 108 36 108 108 109 36 109 109 110 36 110 110 111 37 111 111 112 37 112 112 113 37 113 113 114 38 114 114 115 38 115 115 116 38 116 116 117 39 117 117 118 39 118 118 119 39 119 119 120 40 120 120 121 40 121 121 122 40 122 122 123 41 123 123 124 41 124 124 125 41 125 125 126 42 126 126 127 42 127 127 128 42 128 128 129 43 129 129 130 43 130 130 131 43 131 131 132 44 132 132 133 44 133 133 134 44 134 134 135 45 135 135 136 45 136 136 137 45 137 137 138 46 138 138 139 46 139 139 140 46 140 140 141 47 141 141 142 47 142 142 143 47 143 143 144 48 144 144 145 48 145 145 146 48 146 146 147 49 147 147 148 49 148 148 149 49 149 149 150 50 150 150 151 50 151 151 152 50 152 152 153 51 153 153 154 51 154 154 155 51 155 155 156 52 156 156 157 52 157 157 158 52 158 158 159 53 159 159 160 53 160 160 161 53 161 161 162 54 162 162 163 54 163 163 164 54 164 164 165 55 165 165 166 55 166 166 167 55 167 167 168 56 168 168 169 56 169 169 170 56 170 170 171 57 171 171 172 57 172 172 173 57 173 173 174 58 174 174 175 58 175 175 176 58 176 176 177 59 177 177 178 59 178 178 179 59 179 179 180 60 180 180 181 60 181 181 182 60 182 182 183 61 183 183 184 61 184 184 185 61 185 185 186 62 186 186 187 62 187 187 188 62 188 188 189 63 189 189 190 63 190 190 191 63 191 191 192 64 192 192 193 64 193 193 194 64 194 194 195 65 195 195 196 65 196 196 197 65 197 197 198 66 198 198 199 66 199 199 200 66 200 200 201 67 201 201 202 67 202 202 203 67 203 203 204 68 204 204 205 68 205 205 206 68 206 206 207 69 207 207 208 69 208 208 209 69 209 209 210 70 210 210 211 70 211 211 212 70 212 212 213 71 213 213 214 71 214 214 215 71 215 215 216 72 216 216 217 72 217 217 218 72 218 218 219 73 219 219 220 73 220 220 221 73 221 221 222 74 222 222 223 74 223 223 224 74 224 224 225 75 225 225 226 75 226 226 227 75 227 227 228 76 228 228 229 76 229 229 230 76 230 230 231 77 231 231 232 77 232 232 233 77 233 233 234 78 234 234 235 78 235 235 236 78 236 236 237 79 237 237 238 79 238 238 239 79 239 239 240 80 240 240 241 80 241 241 242 80 242 242 243 81 243 243 244 81 244 244 245 81 245 245 246 82 246 246 247 82 247 247 248 82 248 248 249 83 249 249 250 83 250 250 251 83 251 251 252 84 252 252 253 84 253 253 254 84 254 254 255 85 255 255 256 85 256 256 257 85 257 257 258 86 258 258 259 86 259 259 260 86 260 260 261 87 261 261 262 87 262 262 263 87 263 263 264 88 264 264 265 88 265 265 266 88 266 266 267 89 267 267 268 89 268 268 269 89 269 269 270 90 270 270 271 90 271 271 272 90 272 272 273 91 273 273 274 91 274 274 275 91 275 275 276 92 276 276 277 92 277 277 278 92 278 278 279 93 279 279 280 93 280 280 281 93 281 281 282 94 282 282 283 94 283 283 284 94 284 284 285 95 285 285 286 95 286 286 287 95 287 287 288 96 288 288 289 96 289 289 290 96 290 290 291 97 291 291 292 97 292 292 293 97 293 293 294 98 294 294 295 98 295 295 296 98 296 296 297 99 297 297 298 99 298 298 299 99 299 299 300 100 300 300 301 100 301 301 302 100 302 302 303 101 303 303 304 101 304 304 305 101 305 305 306 102 306 306 307 102 307 307 308 102 308 308 309 103 309 309 310 103 310 310 311 103 311 311 312 104 312 312 313 104 313 313 314 104 314 314 315 105 315 315 316 105 316 316 317 105 317 317 318 106 318 318 319 106 319 319 320 106 320 320 321 107 321 321 322 107 322 322 323 107 323 323 324 108 324 324 325 108 325 325 326 108 326 326 327 109 327 327 328 109 328 328 329 109 329 329 330 110 330 330 331 110 331 331 332 110 332 332 333 111 333 333 334 111 334 334 335 111 335 335 336 112 336 336 337 112 337 337 338 112 338 338 339 113 339 339 340 113 340 340 341 113 341 341 342 114 342 342 343 114 343 343 344 114 344 344 345 115 345 345 346 115 346 346 347 115 347 347 348 116 348 348 349 116 349 349 350 116 350 350 351 117 351 351 352 117 352 352 353 117 353 353 354 118 354 354 355 118 355 355 356 118 356 356 357 119 357 357 358 119 358 358 359 119 359 359 360 120 360 360 361 120 361 361 362 120 362 362 363 121 363 363 364 121 364 364 365 121 365 365 366 122 366 366 367 122 367 367 368 122 368 368 369 123 369 369 370 123 370 370 371 123 371 371 372 124 372 372 373 124 373 373 374 124 374 374 375 125 375 375 376 125 376 376 377 125 377 377 378 126 378 378 379 126 379 379 380 126 380 380 381 127 381 381 382 127 382 382 383 127 383 383 384 128 384 384 385 128 385 385 386 128 386 386 387 129 387 387 388 129 388 388 389 129 389 389 390 130 390 390 391 130 391 391 392 130 392 392 393 131 393 393 394 131 394 394 395 131 395 395 396 132 396 396 397 132 397 397 398 132 398 398 399 133 399 399 400 133 400 400 401 133 401 401 402 134 402 402 403 134 403 403 404 134 404 404 405 135 405 405 406 135 406 406 407 135 407 407 408 136 408 408 409 136 409 409 410 136 410 410 411 137 411 411 412 137 412 412 413 137 413 413 414 138 414 414 415 138 415 415 416 138 416 416 417 139 417 417 418 139 418 418 419 139 419 419 420 140 420 420 421 140 421 421 422 140 422 422 423 141 423 423 424 141 424 424 425 141 425 425 426 142 426 426 427 142 427 427 428 142 428 428 429 143 429 429 430 143 430 430 431 143 431 431 432 144 432 432 433 144 433 433 434 144 434 434 435 145 435 435 436 145 436 436 437 145 437 437 438 146 438 438 439 146 439 439 440 146 440 440 441 147 441 441 442 147 442 442 443 147 443 443 444 148 444 444 445 148 445 445 446 148 446 446 447 149 447 447 448 149 448 448 449 149 449 449 450 150 450 450 451 150 451 451 452 150 452 452 453 151 453 453 454 151 454 454 455 151 455 455 456 152 456 456 457 152 457 457 458 152 458 458 459 153 459 459 460 153 460 460 461 153 461 461 462 154 462 462 463 154 463 463 464 154 464 464 465 155 465 465 466 155 466 466 467 155 467 467 468 156 468 468 469 156 469 469 470 156 470 470 471 157 471 471 472 157 472 472 473 157 473 473 474 158 474 474 475 158 475 475 476 158 476 476 477 159 477 477 478 159 478 478 479 159 479 479 480 160 480 480 481 160 481 481 482 160 482 482 483 161 483 483 484 161 484 484 485 161 485 485 486 162 486 486 487 162 487 487 488 162 488 488 489 163 489 489 490 163 490 490 491 163 491 491 492 164 492 492 493 164 493 493 494 164 494 494 495 165 495 495 496 165 496 496 497 165 497 497 498 166 498 498 499 166 499 499 500 166 500 500 501 167 501 501 502 167 502 502 503 167 503 503 504 168 504 504 505 168 505 505 506 168 506 506 507 169 507 507 508 169 508 508 509 169 509 509 510 170 510 510 511 170 511 511 512 170 512 512 513 171 513 513 514 171 514 514 515 171 515 515 516 172 516 516 517 172 517 517 518 172 518 518 519 173 519 519 520 173 520 520 521 173 521 521 522 174 522 522 523 174 523 523 524 174 524 524 525 175 525 525 526 175 526 526 527 175 527 527 528 176 528 528 529 176 529 529 530 176 530 530 531 177 531 531 532 177 532 532 533 177 533 533 534 178 534 534 535 178 535 535 536 178 536 536 537 179 537 537 538 179 538 538 539 179 539 539 540 180 540 540 541 180 541 541 542 180 542 542 543 181 543 543 544 181 544 544 545 181 545 545 546 182 546 546 547 182 547 547 548 182 548 548 549 183 549 549 550 183 550 550 551 183 551 551 552 184 552 552 553 184 553 553 554 184 554 554 555 185 555 555 556 185 556 556 557 185 557 557 558 186 558 558 559 186 559 559 560 186 560 560 561 187 561 561 562 187 562 562 563 187 563 563 564 188 564 564 565 188 565 565 566 188 566 566 567 189 567 567 568 189 568 568 569 189 569 569 570 190 570 570 571 190 571 571 572 190 572 572 573 191 573 573 574 191 574 574 575 191 575 575 576 192 576 576 577 192 577 577 578 192 578 578 579 193 579 579 580 193 580 580 581 193 581 581 582 194 582 582 583 194 583 583 584 194 584 584 585 195 585 585 586 195 586 586 587 195 587 587 588 196 588 588 589 196 589 589 590 196 590 590 591 197 591 591 592 197 592 592 593 197 593 593 594 198 594 594 595 198 595 595 596 198 596 596 597 199 597 597 598 199 598 598 599 199 599 599 600 200 600 600 601 200 601 601 602 200 602 602 603 201 603 603 604 201 604 604 605 201 605 605 606 202 606 606 607 202 607 607 608 202 608 608 609 203 609 609 610 203 610 610 611 203 611 611 612 204 612 612 613 204 613 613 614 204 614 614 615 205 615 615 616 205 616 616 617 205 617 617 618 206 618 618 619 206 619 619 620 206 620 620 621 207 621 621 622 207 622 622 623 207 623 623 624 208 624 624 625 208 625 625 626 208 626 626 627 209 627 627 628 209 628 628 629 209 629 629 630 210 630 630 631 210 631 631 632 210 632 632 633 211 633 633 634 211 634 634 635 211 635 635 636 212 636 636 637 212 637 637 638 212 638 638 639 213 639 639 640 213 640 640 641 213 641 641 642 214 642 642 643 214 643 643 644 214 644 644 645 215 645 645 646 215 646 646 647 215 647 647 648 216 648 648 649 216 649 649 650 216 650 650 651 217 651 651 652 217 652 652 653 217 653 653 654 218 654 654 655 218 655 655 656 218 656 656 657 219 657 657 658 219 658 658 659 219 659 659 660 220 660 660 661 220 661 661 662 220 662 662 663 221 663 663 664 221 664 664 665 221 665 665 666 222 666 666 667 222 667 667 668 222 668 668 669 223 669 669 670 223 670 670 671 223 671 671 672 111 672 672 673 111 673 673 674 111 674 674 675 112 675 675 676 112 676 676 677 112 677 677 678 113 678 678 679 113 679 679 680 113 680 680 681 114 681 681 682 114 682 682 683 114 683 683 684 115 684 684 685 115 685 685 686 115 686 686 687 116 687 687 688 116 688 688 689 116 689 689 690 224 690 690 691 224 691 691 692 224 692 692 693 225 693 693 694 225 694 694 695 225 695 695 696 226 696 696 697 226 697 697 698 226 698 698 699 227 699 699 700 227 700 700 701 227 701 701 702 228 702 702 703 228 703 703 704 228 704 704 705 28 705 705 706 28 706 706 707 28 707 707 708 29 708 708 709 29 709 709 710 29 710 710 711 30 711 711 712 30 712 712 713 30 713 713 714 31 714 714 715 31 715 715 716 31 716 716 717 32 717 717 718 32 718 718 719 32 719 719 720 33 720 720 721 33 721 721 722 33 722 722 723 229 723 723 724 229 724 724 725 229 725 725 726 230 726 726 727 230 727 727 728 230 728 728 729 231 729 729 730 231 730 730 731 231 731 731 732 232 732 732 733 232 733 733 734 232 734 734 735 233 735 735 736 233 736 736 737 233 737 737 738 234 738 738 739 234 739 739 740 234 740 740 741 235 741 741 742 235 742 742 743 235 743 743 744 236 744 744 745 236 745 745 746 236 746 746 747 237 747 747 748 237 748 748 749 237 749 749 750 238 750 750 751 238 751 751 752 238 752 752 753 239 753 753 754 239 754 754 755 239 755 755 756 240 756 756 757 240 757 757 758 240 758 758 759 241 759 759 760 241 760 760 761 241 761 761 762 242 762 762 763 242 763 763 764 242 764 764 765 243 765 765 766 243 766 766 767 243 767 767 768 244 768 768 769 244 769 769 770 244 770 770 771 245 771 771 772 245 772 772 773 245 773 773 774 246 774 774 775 246 775 775 776 246 776 776 777 247 777 777 778 247 778 778 779 247 779 779 780 248 780 780 781 248 781 781 782 248 782 782 783 249 783 783 784 249 784 784 785 249 785 785 786 250 786 786 787 250 787 787 788 250 788 788 789 251 789 789 790 251 790 790 791 251 791 791 792 252 792 792 793 252 793 793 794 252 794 794 795 253 795 795 796 253 796 796 797 253 797 797 798 254 798 798 799 254 799 799 800 254 800 800 801 255 801 801 802 255 802 802 803 255 803 803 804 256 804 804 805 256 805 805 806 256 806 806 807 160 807 807 808 160 808 808 809 160 809 809 810 257 810 810 811 257 811 811 812 257 812 812 813 258 813 813 814 258 814 814 815 258 815 815 816 259 816 816 817 259 817 817 818 259 818 818 819 260 819 819 820 260 820 820 821 260 821 821 822 261 822 822 823 261 823 823 824 261 824 824 825 262 825 825 826 262 826 826 827 262 827 827 828 263 828 828 829 263 829 829 830 263 830 830 831 264 831 831 832 264 832 832 833 264 833 833 834 265 834 834 835 265 835 835 836 265 836 836 837 266 837 837 838 266 838 838 839 266 839 839 840 267 840 840 841 267 841 841 842 267 842 842 843 268 843 843 844 268 844 844 845 268 845 845 846 269 846 846 847 269 847 847 848 269 848 848 849 270 849 849 850 270 850 850 851 270 851 851 852 271 852 852 853 271 853 853 854 271 854 854 855 272 855 855 856 272 856 856 857 272 857 857 858 273 858 858 859 273 859 859 860 273 860 860 861 274 861 861 862 274 862 862 863 274 863 863 864 275 864 864 865 275 865 865 866 275 866 866 867 276 867 867 868 276 868 868 869 276 869 869 870 161 870 870 871 161 871 871 872 161 872 872 873 162 873 873 874 162 874 874 875 162 875 875 876 163 876 876 877 163 877 877 878 163 878 878 879 164 879 879 880 164 880 880 881 164 881 881 882 165 882 882 883 165 883 883 884 165 884 884 885 277 885 885 886 277 886 886 887 277 887 887 888 278 888 888 889 278 889 889 890 278 890 890 891 279 891 891 892 279 892 892 893 279 893 893 894 280 894 894 895 280 895 895 896 280 896 896 897 281 897 897 898 281 898 898 899 281 899 899 900 282 900 900 901 282 901 901 902 282 902 902 903 283 903 903 904 283 904 904 905 283 905 905 906 284 906 906 907 284 907 907 908 284 908 908 909 285 909 909 910 285 910 910 911 285 911 911 912 286 912 912 913 286 913 913 914 286 914 914 915 287 915 915 916 287 916 916 917 287 917 917 918 288 918 918 919 288 919 919 920 288 920 920 921 289 921 921 922 289 922 922 923 289 923 923 924 290 924 924 925 290 925 925 926 290 926 926 927 291 927 927 928 291 928 928 929 291 929 929 930 292 930 930 931 292 931 931 932 292 932 932 933 293 933 933 934 293 934 934 935 293 935 935 936 294 936 936 937 294 937 937 938 294 938 938 939 295 939 939 940 295 940 940 941 295 941 941 942 296 942 942 943 296 943 943 944 296 944 944 945 297 945 945 946 297 946 946 947 297 947 947 948 298 948 948 949 298 949 949 950 298 950 950 951 299 951 951 952 299 952 952 953 299 953 953 954 300 954 954 955 300 955 955 956 300 956 956 957 301 957 957 958 301 958 958 959 301 959 959 960 302 960 960 961 302 961 961 962 302 962 962 963 303 963 963 964 303 964 964 965 303 965 965 966 304 966 966 967 304 967 967 968 304 968 968 969 305 969 969 970 305 970 970 971 305 971 971 972 306 972 972 973 306 973 973 974 306 974 974 975 307 975 975 976 307 976 976 977 307 977 977 978 308 978 978 979 308 979 979 980 308 980 980 981 309 981 981 982 309 982 982 983 309 983 983 984 310 984 984 985 310 985 985 986 310 986 986 987 311 987 987 988 311 988 988 989 311 989 989 990 312 990 990 991 312 991 991 992 312 992 992 993 313 993 993 994 313 994 994 995 313 995 995 996 314 996 996 997 314 997 997 998 314 998 998 999 315 999 999 1000 315 1000 1000 1001 315 1001 1001 1002 316 1002 1002 1003 316 1003 1003 1004 316 1004 1004 1005 317 1005 1005 1006 317 1006 1006 1007 317 1007 1007 1008 318 1008 1008 1009 318 1009 1009 1010 318 1010 1010 1011 319 1011 1011 1012 319 1012 1012 1013 319 1013 1013 1014 320 1014 1014 1015 320 1015 1015 1016 320 1016 1016 1017 321 1017 1017 1018 321 1018 1018 1019 321 1019 1019 1020 322 1020 1020 1021 322 1021 1021 1022 322 1022 1022 1023 323 1023 1023 1024 323 1024 1024 1025 323 1025 1025 1026 324 1026 1026 1027 324 1027 1027 1028 324 1028 1028 1029 325 1029 1029 1030 325 1030 1030 1031 325 1031 1031 1032 326 1032 1032 1033 326 1033 1033 1034 326 1034 1034 1035 327 1035 1035 1036 327 1036 1036 1037 327 1037 1037 1038 328 1038 1038 1039 328 1039 1039 1040 328 1040 1040 1041 329 1041 1041 1042 329 1042 1042 1043 329 1043 1043 1044 330 1044 1044 1045 330 1045 1045 1046 330 1046 1046 1047 331 1047 1047 1048 331 1048 1048 1049 331 1049 1049 1050 332 1050 1050 1051 332 1051 1051 1052 332 1052 1052 1053 333 1053 1053 1054 333 1054 1054 1055 333 1055 1055 1056 334 1056 1056 1057 334 1057 1057 1058 334 1058 1058 1059 335 1059 1059 1060 335 1060 1060 1061 335 1061 1061 1062 336 1062 1062 1063 336 1063 1063 1064 336 1064 1064 1065 124 1065 1065 1066 124 1066 1066 1067 124 1067 1067 1068 337 1068 1068 1069 337 1069 1069 1070 337 1070 1070 1071 338 1071 1071 1072 338 1072 1072 1073 338 1073 1073 1074 339 1074 1074 1075 339 1075 1075 1076 339 1076 1076 1077 340 1077 1077 1078 340 1078 1078 1079 340 1079 1079 1080 341 1080 1080 1081 341 1081 1081 1082 341 1082 1082 1083 342 1083 1083 1084 342 1084 1084 1085 342 1085 1085 1086 343 1086 1086 1087 343 1087 1087 1088 343 1088 1088 1089 344 1089 1089 1090 344 1090 1090 1091 344 1091 1091 1092 345 1092 1092 1093 345 1093 1093 1094 345 1094 1094 1095 346 1095 1095 1096 346 1096 1096 1097 346 1097 1097 1098 347 1098 1098 1099 347 1099 1099 1100 347 1100 1100 1101 348 1101 1101 1102 348 1102 1102 1103 348 1103 1103 1104 349 1104 1104 1105 349 1105 1105 1106 349 1106 1106 1107 350 1107 1107 1108 350 1108 1108 1109 350 1109 1109 1110 351 1110 1110 1111 351 1111 1111 1112 351 1112 1112 1113 352 1113 1113 1114 352 1114 1114 1115 352 1115 1115 1116 353 1116 1116 1117 353 1117 1117 1118 353 1118 1118 1119 354 1119 1119 1120 354 1120 1120 1121 354 1121 1121 1122 355 1122 1122 1123 355 1123 1123 1124 355 1124 1124 1125 356 1125 1125 1126 356 1126 1126 1127 356 1127 1127 1128 357 1128 1128 1129 357 1129 1129 1130 357 1130 1130 1131 358 1131 1131 1132 358 1132 1132 1133 358 1133 1133 1134 359 1134 1134 1135 359 1135 1135 1136 359 1136 1136 1137 360 1137 1137 1138 360 1138 1138 1139 360 1139 1139 1140 361 1140 1140 1141 361 1141 1141 1142 361 1142 1142 1143 362 1143 1143 1144 362 1144 1144 1145 362 1145 1145 1146 363 1146 1146 1147 363 1147 1147 1148 363 1148 1148 1149 364 1149 1149 1150 364 1150 1150 1151 364 1151 1151 1152 365 1152 1152 1153 365 1153 1153 1154 365 1154 1154 1155 366 1155 1155 1156 366 1156 1156 1157 366 1157 1157 1158 367 1158 1158 1159 367 1159 1159 1160 367 1160 1160 1161 368 1161 1161 1162 368 1162 1162 1163 368 1163 1163 1164 369 1164 1164 1165 369 1165 1165 1166 369 1166 1166 1167 370 1167 1167 1168 370 1168 1168 1169 370 1169 1169 1170 371 1170 1170 1171 371 1171 1171 1172 371 1172 1172 1173 372 1173 1173 1174 372 1174 1174 1175 372 1175 1175 1176 373 1176 1176 1177 373 1177 1177 1178 373 1178 1178 1179 374 1179 1179 1180 374 1180 1180 1181 374 1181 1181 1182 375 1182 1182 1183 375 1183 1183 1184 375 1184 1184 1185 376 1185 1185 1186 376 1186 1186 1187 376 1187 1187 1188 377 1188 1188 1189 377 1189 1189 1190 377 1190 1190 1191 378 1191 1191 1192 378 1192 1192 1193 378 1193 1193 1194 379 1194 1194 1195 379 1195 1195 1196 379 1196 1196 1197 380 1197 1197 1198 380 1198 1198 1199 380 1199 1199 1200 381 1200 1200 1201 381 1201 1201 1202 381 1202 1202 1203 382 1203 1203 1204 382 1204 1204 1205 382 1205 1205 1206 383 1206 1206 1207 383 1207 1207 1208 383 1208 1208 1209 384 1209 1209 1210 384 1210 1210 1211 384 1211 1211 1212 385 1212 1212 1213 385 1213 1213 1214 385 1214 1214 1215 386 1215 1215 1216 386 1216 1216 1217 386 1217 1217 1218 387 1218 1218 1219 387 1219 1219 1220 387 1220 1220 1221 388 1221 1221 1222 388 1222 1222 1223 388 1223 1223 1224 389 1224 1224 1225 389 1225 1225 1226 389 1226 1226 1227 390 1227 1227 1228 390 1228 1228 1229 390 1229 1229 1230 391 1230 1230 1231 391 1231 1231 1232 391 1232 1232 1233 392 1233 1233 1234 392 1234 1234 1235 392 1235 1235 1236 393 1236 1236 1237 393 1237 1237 1238 393 1238 1238 1239 394 1239 1239 1240 394 1240 1240 1241 394 1241 1241 1242 395 1242 1242 1243 395 1243 1243 1244 395 1244 1244 1245 396 1245 1245 1246 396 1246 1246 1247 396 1247 1247 1248 397 1248 1248 1249 397 1249 1249 1250 397 1250 1250 1251 398 1251 1251 1252 398 1252 1252 1253 398 1253 1253 1254 399 1254 1254 1255 399 1255 1255 1256 399 1256 1256 1257 400 1257 1257 1258 400 1258 1258 1259 400 1259 1259 1260 401 1260 1260 1261 401 1261 1261 1262 401 1262 1262 1263 402 1263 1263 1264 402 1264 1264 1265 402 1265 1265 1266 403 1266 1266 1267 403 1267 1267 1268 403 1268 1268 1269 404 1269 1269 1270 404 1270 1270 1271 404 1271 1271 1272 405 1272 1272 1273 405 1273 1273 1274 405 1274 1274 1275 406 1275 1275 1276 406 1276 1276 1277 406 1277 1277 1278 407 1278 1278 1279 407 1279 1279 1280 407 1280 1280 1281 408 1281 1281 1282 408 1282 1282 1283 408 1283 1283 1284 409 1284 1284 1285 409 1285 1285 1286 409 1286 1286 1287 410 1287 1287 1288 410 1288 1288 1289 410 1289 1289 1290 411 1290 1290 1291 411 1291 1291 1292 411 1292 1292 1293 412 1293 1293 1294 412 1294 1294 1295 412 1295 1295 1296 413 1296 1296 1297 413 1297 1297 1298 413 1298 1298 1299 414 1299 1299 1300 414 1300 1300 1301 414 1301 1301 1302 415 1302 1302 1303 415 1303 1303 1304 415 1304 1304 1305 416 1305 1305 1306 416 1306 1306 1307 416 1307 1307 1308 417 1308 1308 1309 417 1309 1309 1310 417 1310 1310 1311 418 1311 1311 1312 418 1312 1312 1313 418 1313 1313 1314 419 1314 1314 1315 419 1315 1315 1316 419 1316 1316 1317 420 1317 1317 1318 420 1318 1318 1319 420 1319 1319 1320 421 1320 1320 1321 421 1321 1321 1322 421 1322 1322 1323 422 1323 1323 1324 422 1324 1324 1325 422 1325 1325 1326 423 1326 1326 1327 423 1327 1327 1328 423 1328 1328 1329 424 1329 1329 1330 424 1330 1330 1331 424 1331 1331 1332 425 1332 1332 1333 425 1333 1333 1334 425 1334 1334 1335 426 1335 1335 1336 426 1336 1336 1337 426 1337 1337 1338 427 1338 1338 1339 427 1339 1339 1340 427 1340 1340 1341 428 1341 1341 1342 428 1342 1342 1343 428 1343 1343 1344 429 1344 1344 1345 429 1345 1345 1346 429 1346 1346 1347 430 1347 1347 1348 430 1348 1348 1349 430 1349 1349 1350 431 1350 1350 1351 431 1351 1351 1352 431 1352 1352 1353 432 1353 1353 1354 432 1354 1354 1355 432 1355 1355 1356 433 1356 1356 1357 433 1357 1357 1358 433 1358 1358 1359 434 1359 1359 1360 434 1360 1360 1361 434 1361 1361 1362 435 1362 1362 1363 435 1363 1363 1364 435 1364 1364 1365 436 1365 1365 1366 436 1366 1366 1367 436 1367 1367 1368 437 1368 1368 1369 437 1369 1369 1370 437 1370 1370 1371 438 1371 1371 1372 438 1372 1372 1373 438 1373 1373 1374 439 1374 1374 1375 439 1375 1375 1376 439 1376 1376 1377 440 1377 1377 1378 440 1378 1378 1379 440 1379 1379 1380 441 1380 1380 1381 441 1381 1381 1382 441 1382 1382 1383 442 1383 1383 1384 442 1384 1384 1385 442 1385 1385 1386 443 1386 1386 1387 443 1387 1387 1388 443 1388 1388 1389 444 1389 1389 1390 444 1390 1390 1391 444 1391 1391 1392 445 1392 1392 1393 445 1393 1393 1394 445 1394 1394 1395 446 1395 1395 1396 446 1396 1396 1397 446 1397 1397 1398 447 1398 1398 1399 447 1399 1399 1400 447 1400 1400 1401 448 1401 1401 1402 448 1402 1402 1403 448 1403 1403 1404 449 1404 1404 1405 449 1405 1405 1406 449 1406 1406 1407 450 1407 1407 1408 450 1408 1408 1409 450 1409 1409 1410 451 1410 1410 1411 451 1411 1411 1412 451 1412 1412 1413 452 1413 1413 1414 452 1414 1414 1415 452 1415 1415 1416 453 1416 1416 1417 453 1417 1417 1418 453 1418 1418 1419 454 1419 1419 1420 454 1420 1420 1421 454 1421 1421 1422 455 1422 1422 1423 455 1423 1423 1424 455 1424 1424 1425 456 1425 1425 1426 456 1426 1426 1427 456 1427 1427 1428 457 1428 1428 1429 457 1429 1429 1430 457 1430 1430 1431 458 1431 1431 1432 458 1432 1432 1433 458 1433 1433 1434 459 1434 1434 1435 459 1435 1435 1436 459 1436 1436 1437 460 1437 1437 1438 460 1438 1438 1439 460 1439 1439 1440 461 1440 1440 1441 461 1441 1441 1442 461 1442 1442 1443 462 1443 1443 1444 462 1444 1444 1445 462 1445 1445 1446 463 1446 1446 1447 463 1447 1447 1448 463 1448 1448 1449 464 1449 1449 1450 464 1450 1450 1451 464 1451 1451 1452 465 1452 1452 1453 465 1453 1453 1454 465 1454 1454 1455 466 1455 1455 1456 466 1456 1456 1457 466 1457 1457 1458 467 1458 1458 1459 467 1459 1459 1460 467 1460 1460 1461 468 1461 1461 1462 468 1462 1462 1463 468 1463 1463 1464 469 1464 1464 1465 469 1465 1465 1466 469 1466 1466 1467 470 1467 1467 1468 470 1468 1468 1469 470 1469 1469 1470 471 1470 1470 1471 471 1471 1471 1472 471 1472 1472 1473 472 1473 1473 1474 472 1474 1474 1475 472 1475 1475 1476 473 1476 1476 1477 473 1477 1477 1478 473 1478 1478 1479 474 1479 1479 1480 474 1480 1480 1481 474 1481 1481 1482 475 1482 1482 1483 475 1483 1483 1484 475 1484 1484 1485 476 1485 1485 1486 476 1486 1486 1487 476 1487 1487 1488 477 1488 1488 1489 477 1489 1489 1490 477 1490 1490 1491 478 1491 1491 1492 478 1492 1492 1493 478 1493 1493 1494 479 1494 1494 1495 479 1495 1495 1496 479 1496 1496 1497 480 1497 1497 1498 480 1498 1498 1499 480 1499 1499 1500 481 1500 1500 1501 481 1501 1501 1502 481 1502 1502 1503 482 1503 1503 1504 482 1504 1504 1505 482 1505 1505 1506 483 1506 1506 1507 483 1507 1507 1508 483 1508 1508 1509 484 1509 1509 1510 484 1510 1510 1511 484 1511 1511 1512 485 1512 1512 1513 485 1513 1513 1514 485 1514 1514 1515 486 1515 1515 1516 486 1516 1516 1517 486 1517 1517 1518 487 1518 1518 1519 487 1519 1519 1520 487 1520 1520 1521 488 1521 1521 1522 488 1522 1522 1523 488 1523 1523 1524 489 1524 1524 1525 489 1525 1525 1526 489 1526 1526 1527 490 1527 1527 1528 490 1528 1528 1529 490 1529 1529 1530 491 1530 1530 1531 491 1531 1531 1532 491 1532 1532 1533 492 1533 1533 1534 492 1534 1534 1535 492 1535 1535 1536 493 1536 1536 1537 493 1537 1537 1538 493 1538 1538 1539 494 1539 1539 1540 494 1540 1540 1541 494 1541 1541 1542 495 1542 1542 1543 495 1543 1543 1544 495 1544 1544 1545 496 1545 1545 1546 496 1546 1546 1547 496 1547 1547 1548 497 1548 1548 1549 497 1549 1549 1550 497 1550 1550 1551 498 1551 1551 1552 498 1552 1552 1553 498 1553 1553 1554 499 1554 1554 1555 499 1555 1555 1556 499 1556 1556 1557 500 1557 1557 1558 500 1558 1558 1559 500 1559 1559 1560 501 1560 1560 1561 501 1561 1561 1562 501 1562 1562 1563 502 1563 1563 1564 502 1564 1564 1565 502 1565 1565 1566 503 1566 1566 1567 503 1567 1567 1568 503 1568 1568 1569 504 1569 1569 1570 504 1570 1570 1571 504 1571 1571 1572 505 1572 1572 1573 505 1573 1573 1574 505 1574 1574 1575 506 1575 1575 1576 506 1576 1576 1577 506 1577 1577 1578 507 1578 1578 1579 507 1579 1579 1580 507 1580 1580 1581 508 1581 1581 1582 508 1582 1582 1583 508 1583 1583 1584 509 1584 1584 1585 509 1585 1585 1586 509 1586 1586 1587 510 1587 1587 1588 510 1588 1588 1589 510 1589 1589 1590 511 1590 1590 1591 511 1591 1591 1592 511 1592 1592 1593 512 1593 1593 1594 512 1594 1594 1595 512 1595 1595 1596 513 1596 1596 1597 513 1597 1597 1598 513 1598 1598 1599 514 1599 1599 1600 514 1600 1600 1601 514 1601 1601 1602 515 1602 1602 1603 515 1603 1603 1604 515 1604 1604 1605 516 1605 1605 1606 516 1606 1606 1607 516 1607 1607 1608 517 1608 1608 1609 517 1609 1609 1610 517 1610 1610 1611 518 1611 1611 1612 518 1612 1612 1613 518 1613 1613 1614 519 1614 1614 1615 519 1615 1615 1616 519 1616 1616 1617 520 1617 1617 1618 520 1618 1618 1619 520 1619 1619 1620 521 1620 1620 1621 521 1621 1621 1622 521 1622 1622 1623 522 1623 1623 1624 522 1624 1624 1625 522 1625 1625 1626 523 1626 1626 1627 523 1627 1627 1628 523 1628 1628 1629 524 1629 1629 1630 524 1630 1630 1631 524 1631 1631 1632 525 1632 1632 1633 525 1633 1633 1634 525 1634 1634 1635 526 1635 1635 1636 526 1636 1636 1637 526 1637 1637 1638 527 1638 1638 1639 527 1639 1639 1640 527 1640 1640 1641 528 1641 1641 1642 528 1642 1642 1643 528 1643 1643 1644 529 1644 1644 1645 529 1645 1645 1646 529 1646 1646 1647 530 1647 1647 1648 530 1648 1648 1649 530 1649 1649 1650 531 1650 1650 1651 531 1651 1651 1652 531 1652 1652 1653 532 1653 1653 1654 532 1654 1654 1655 532 1655 1655 1656 533 1656 1656 1657 533 1657 1657 1658 533 1658 1658 1659 534 1659 1659 1660 534 1660 1660 1661 534 1661 1661 1662 535 1662 1662 1663 535 1663 1663 1664 535 1664 1664 1665 536 1665 1665 1666 536 1666 1666 1667 536 1667 1667 1668 537 1668 1668 1669 537 1669 1669 1670 537 1670 1670 1671 538 1671 1671 1672 538 1672 1672 1673 538 1673 1673 1674 539 1674 1674 1675 539 1675 1675 1676 539 1676 1676 1677 540 1677 1677 1678 540 1678 1678 1679 540 1679 1679 1680 541 1680 1680 1681 541 1681 1681 1682 541 1682 1682 1683 542 1683 1683 1684 542 1684 1684 1685 542 1685 1685 1686 543 1686 1686 1687 543 1687 1687 1688 543 1688 1688 1689 544 1689 1689 1690 544 1690 1690 1691 544 1691 1691 1692 545 1692 1692 1693 545 1693 1693 1694 545 1694 1694 1695 546 1695 1695 1696 546 1696 1696 1697 546 1697 1697 1698 547 1698 1698 1699 547 1699 1699 1700 547 1700 1700 1701 548 1701 1701 1702 548 1702 1702 1703 548 1703 1703 1704 549 1704 1704 1705 549 1705 1705 1706 549 1706 1706 1707 550 1707 1707 1708 550 1708 1708 1709 550 1709 1709 1710 551 1710 1710 1711 551 1711 1711 1712 551 1712 1712 1713 552 1713 1713 1714 552 1714 1714 1715 552 1715 1715 1716 553 1716 1716 1717 553 1717 1717 1718 553 1718 1718 1719 554 1719 1719 1720 554 1720 1720 1721 554 1721 1721 1722 555 1722 1722 1723 555 1723 1723 1724 555 1724 1724 1725 556 1725 1725 1726 556 1726 1726 1727 556 1727 1727 1728 557 1728 1728 1729 557 1729 1729 1730 557 1730 1730 1731 558 1731 1731 1732 558 1732 1732 1733 558 1733 1733 1734 559 1734 1734 1735 559 1735 1735 1736 559 1736 1736 1737 560 1737 1737 1738 560 1738 1738 1739 560 1739 1739 1740 561 1740 1740 1741 561 1741 1741 1742 561 1742 1742 1743 562 1743 1743 1744 562 1744 1744 1745 562 1745 1745 1746 563 1746 1746 1747 563 1747 1747 1748 563 1748 1748 1749 564 1749 1749 1750 564 1750 1750 1751 564 1751 1751 1752 565 1752 1752 1753 565 1753 1753 1754 565 1754 1754 1755 566 1755 1755 1756 566 1756 1756 1757 566 1757 1757 1758 567 1758 1758 1759 567 1759 1759 1760 567 1760 1760 1761 568 1761 1761 1762 568 1762 1762 1763 568 1763 1763 1764 569 1764 1764 1765 569 1765 1765 1766 569 1766 1766 1767 570 1767 1767 1768 570 1768 1768 1769 570 1769 1769 1770 571 1770 1770 1771 571 1771 1771 1772 571 1772 1772 1773 572 1773 1773 1774 572 1774 1774 1775 572 1775 1775 1776 573 1776 1776 1777 573 1777 1777 1778 573 1778 1778 1779 574 1779 1779 1780 574 1780 1780 1781 574 1781 1781 1782 575 1782 1782 1783 575 1783 1783 1784 575 1784 1784 1785 576 1785 1785 1786 576 1786 1786 1787 576 1787 1787 1788 577 1788 1788 1789 577 1789 1789 1790 577 1790 1790 1791 578 1791 1791 1792 578 1792 1792 1793 578 1793 1793 1794 579 1794 1794 1795 579 1795 1795 1796 579 1796 1796 1797 580 1797 1797 1798 580 1798 1798 1799 580 1799 1799 1800 581 1800 1800 1801 581 1801 1801 1802 581 1802 1802 1803 582 1803 1803 1804 582 1804 1804 1805 582 1805 1805 1806 583 1806 1806 1807 583 1807 1807 1808 583 1808 1808 1809 584 1809 1809 1810 584 1810 1810 1811 584 1811 1811 1812 585 1812 1812 1813 585 1813 1813 1814 585 1814 1814 1815 586 1815 1815 1816 586 1816 1816 1817 586 1817 1817 1818 587 1818 1818 1819 587 1819 1819 1820 587 1820 1820 1821 588 1821 1821 1822 588 1822 1822 1823 588 1823 1823 1824 589 1824 1824 1825 589 1825 1825 1826 589 1826 1826 1827 590 1827 1827 1828 590 1828 1828 1829 590 1829 1829 1830 591 1830 1830 1831 591 1831 1831 1832 591 1832 1832 1833 592 1833 1833 1834 592 1834 1834 1835 592 1835 1835 1836 593 1836 1836 1837 593 1837 1837 1838 593 1838 1838 1839 594 1839 1839 1840 594 1840 1840 1841 594 1841 1841 1842 595 1842 1842 1843 595 1843 1843 1844 595 1844 1844 1845 596 1845 1845 1846 596 1846 1846 1847 596 1847 1847 1848 597 1848 1848 1849 597 1849 1849 1850 597 1850 1850 1851 598 1851 1851 1852 598 1852 1852 1853 598 1853 1853 1854 599 1854 1854 1855 599 1855 1855 1856 599 1856 1856 1857 600 1857 1857 1858 600 1858 1858 1859 600 1859 1859 1860 601 1860 1860 1861 601 1861 1861 1862 601 1862 1862 1863 602 1863 1863 1864 602 1864 1864 1865 602 1865 1865 1866 603 1866 1866 1867 603 1867 1867 1868 603 1868 1868 1869 604 1869 1869 1870 604 1870 1870 1871 604 1871 1871 1872 605 1872 1872 1873 605 1873 1873 1874 605 1874 1874 1875 606 1875 1875 1876 606 1876 1876 1877 606 1877 1877 1878 607 1878 1878 1879 607 1879 1879 1880 607 1880 1880 1881 608 1881 1881 1882 608 1882 1882 1883 608 1883 1883 1884 609 1884 1884 1885 609 1885 1885 1886 609 1886 1886 1887 610 1887 1887 1888 610 1888 1888 1889 610 1889 1889 1890 611 1890 1890 1891 611 1891 1891 1892 611 1892 1892 1893 612 1893 1893 1894 612 1894 1894 1895 612 1895 1895 1896 613 1896 1896 1897 613 1897 1897 1898 613 1898 1898 1899 614 1899 1899 1900 614 1900 1900 1901 614 1901 1901 1902 615 1902 1902 1903 615 1903 1903 1904 615 1904 1904 1905 616 1905 1905 1906 616 1906 1906 1907 616 1907 1907 1908 617 1908 1908 1909 617 1909 1909 1910 617 1910 1910 1911 618 1911 1911 1912 618 1912 1912 1913 618 1913 1913 1914 619 1914 1914 1915 619 1915 1915 1916 619 1916 1916 1917 620 1917 1917 1918 620 1918 1918 1919 620 1919 1919 1920 621 1920 1920 1921 621 1921 1921 1922 621 1922 1922 1923 622 1923 1923 1924 622 1924 1924 1925 622 1925 1925 1926 623 1926 1926 1927 623 1927 1927 1928 623 1928 1928 1929 624 1929 1929 1930 624 1930 1930 1931 624 1931 1931 1932 625 1932 1932 1933 625 1933 1933 1934 625 1934 1934 1935 626 1935 1935 1936 626 1936 1936 1937 626 1937 1937 1938 627 1938 1938 1939 627 1939 1939 1940 627 1940 1940 1941 628 1941 1941 1942 628 1942 1942 1943 628 1943 1943 1944 629 1944 1944 1945 629 1945 1945 1946 629 1946 1946 1947 630 1947 1947 1948 630 1948 1948 1949 630 1949 1949 1950 631 1950 1950 1951 631 1951 1951 1952 631 1952 1952 1953 632 1953 1953 1954 632 1954 1954 1955 632 1955 1955 1956 633 1956 1956 1957 633 1957 1957 1958 633 1958 1958 1959 634 1959 1959 1960 634 1960 1960 1961 634 1961 1961 1962 635 1962 1962 1963 635 1963 1963 1964 635 1964 1964 1965 636 1965 1965 1966 636 1966 1966 1967 636 1967 1967 1968 637 1968 1968 1969 637 1969 1969 1970 637 1970 1970 1971 638 1971 1971 1972 638 1972 1972 1973 638 1973 1973 1974 639 1974 1974 1975 639 1975 1975 1976 639 1976 1976 1977 640 1977 1977 1978 640 1978 1978 1979 640 1979 1979 1980 641 1980 1980 1981 641 1981 1981 1982 641 1982 1982 1983 642 1983 1983 1984 642 1984 1984 1985 642 1985 1985 1986 643 1986 1986 1987 643 1987 1987 1988 643 1988 1988 1989 644 1989 1989 1990 644 1990 1990 1991 644 1991 1991 1992 645 1992 1992 1993 645 1993 1993 1994 645 1994 1994 1995 646 1995 1995 1996 646 1996 1996 1997 646 1997 1997 1998 647 1998 1998 1999 647 1999 1999 2000 647 2000 2000 2001 648 2001 2001 2002 648 2002 2002 2003 648 2003 2003 2004 649 2004 2004 2005 649 2005 2005 2006 649 2006 2006 2007 650 2007 2007 2008 650 2008 2008 2009 650 2009 2009 2010 651 2010 2010 2011 651 2011 2011 2012 651 2012 2012 2013 652 2013 2013 2014 652 2014 2014 2015 652 2015 2015 2016 653 2016 2016 2017 653 2017 2017 2018 653 2018 2018 2019 654 2019 2019 2020 654 2020 2020 2021 654 2021 2021 2022 655 2022 2022 2023 655 2023 2023 2024 655 2024 2024 2025 656 2025 2025 2026 656 2026 2026 2027 656 2027 2027 2028 657 2028 2028 2029 657 2029 2029 2030 657 2030 2030 2031 658 2031 2031 2032 658 2032 2032 2033 658 2033 2033 2034 659 2034 2034 2035 659 2035 2035 2036 659 2036 2036 2037 660 2037 2037 2038 660 2038 2038 2039 660 2039 2039 2040 661 2040 2040 2041 661 2041 2041 2042 661 2042 2042 2043 662 2043 2043 2044 662 2044 2044 2045 662 2045 2045 2046 663 2046 2046 2047 663 2047 2047 2048 663 2048 2048 2049 664 2049 2049 2050 664 2050 2050 2051 664 2051 2051 2052 665 2052 2052 2053 665 2053 2053 2054 665 2054 2054 2055 666 2055 2055 2056 666 2056 2056 2057 666 2057 2057 2058 667 2058 2058 2059 667 2059 2059 2060 667 2060 2060 2061 668 2061 2061 2062 668 2062 2062 2063 668 2063 2063 2064 669 2064 2064 2065 669 2065 2065 2066 669 2066 2066 2067 670 2067 2067 2068 670 2068 2068 2069 670 2069 2069 2070 671 2070 2070 2071 671 2071 2071 2072 671 2072 2072 2073 672 2073 2073 2074 672 2074 2074 2075 672 2075 2075 2076 673 2076 2076 2077 673 2077 2077 2078 673 2078 2078 2079 674 2079 2079 2080 674 2080 2080 2081 674 2081 2081 2082 675 2082 2082 2083 675 2083 2083 2084 675 2084 2084 2085 676 2085 2085 2086 676 2086 2086 2087 676 2087 2087 2088 677 2088 2088 2089 677 2089 2089 2090 677 2090 2090 2091 678 2091 2091 2092 678 2092 2092 2093 678 2093 2093 2094 679 2094 2094 2095 679 2095 2095 2096 679 2096 2096 2097 680 2097 2097 2098 680 2098 2098 2099 680 2099 2099 2100 681 2100 2100 2101 681 2101 2101 2102 681 2102 2102 2103 682 2103 2103 2104 682 2104 2104 2105 682 2105 2105 2106 683 2106 2106 2107 683 2107 2107 2108 683 2108 2108 2109 684 2109 2109 2110 684 2110 2110 2111 684 2111 2111 2112 685 2112 2112 2113 685 2113 2113 2114 685 2114 2114 2115 686 2115 2115 2116 686 2116 2116 2117 686 2117 2117 2118 687 2118 2118 2119 687 2119 2119 2120 687 2120 2120 2121 688 2121 2121 2122 688 2122 2122 2123 688 2123 2123 2124 689 2124 2124 2125 689 2125 2125 2126 689 2126 2126 2127 690 2127 2127 2128 690 2128 2128 2129 690 2129 2129 2130 691 2130 2130 2131 691 2131 2131 2132 691 2132 2132 2133 692 2133 2133 2134 692 2134 2134 2135 692 2135 2135 2136 693 2136 2136 2137 693 2137 2137 2138 693 2138 2138 2139 694 2139 2139 2140 694 2140 2140 2141 694 2141 2141 2142 695 2142 2142 2143 695 2143 2143 2144 695 2144 2144 2145 696 2145 2145 2146 696 2146 2146 2147 696 2147 2147 2148 697 2148 2148 2149 697 2149 2149 2150 697 2150 2150 2151 698 2151 2151 2152 698 2152 2152 2153 698 2153 2153 2154 699 2154 2154 2155 699 2155 2155 2156 699 2156 2156 2157 700 2157 2157 2158 700 2158 2158 2159 700 2159 2159 2160 701 2160 2160 2161 701 2161 2161 2162 701 2162 2162 2163 702 2163 2163 2164 702 2164 2164 2165 702 2165 2165 2166 703 2166 2166 2167 703 2167 2167 2168 703 2168 2168 2169 704 2169 2169 2170 704 2170 2170 2171 704 2171 2171 2172 705 2172 2172 2173 705 2173 2173 2174 705 2174 2174 2175 706 2175 2175 2176 706 2176 2176 2177 706 2177 2177 2178 707 2178 2178 2179 707 2179 2179 2180 707 2180 2180 2181 708 2181 2181 2182 708 2182 2182 2183 708 2183 2183 2184 709 2184 2184 2185 709 2185 2185 2186 709 2186 2186 2187 710 2187 2187 2188 710 2188 2188 2189 710 2189 2189 2190 711 2190 2190 2191 711 2191 2191 2192 711 2192 2192 2193 712 2193 2193 2194 712 2194 2194 2195 712 2195 2195 2196 713 2196 2196 2197 713 2197 2197 2198 713 2198 2198 2199 714 2199 2199 2200 714 2200 2200 2201 714 2201 2201 2202 715 2202 2202 2203 715 2203 2203 2204 715 2204 2204 2205 716 2205 2205 2206 716 2206 2206 2207 716 2207 2207 2208 717 2208 2208 2209 717 2209 2209 2210 717 2210 2210 2211 718 2211 2211 2212 718 2212 2212 2213 718 2213 2213 2214 719 2214 2214 2215 719 2215 2215 2216 719 2216 2216 2217 720 2217 2217 2218 720 2218 2218 2219 720 2219 2219 2220 721 2220 2220 2221 721 2221 2221 2222 721 2222 2222 2223 339 2223 2223 2224 339 2224 2224 2225 339 2225 2225 2226 340 2226 2226 2227 340 2227 2227 2228 340 2228 2228 2229 722 2229 2229 2230 722 2230 2230 2231 722 2231 2231 2232 723 2232 2232 2233 723 2233 2233 2234 723 2234 2234 2235 724 2235 2235 2236 724 2236 2236 2237 724 2237 2237 2238 334 2238 2238 2239 334 2239 2239 2240 334 2240 2240 2241 130 2241 2241 2242 130 2242 2242 2243 130 2243 2243 2244 725 2244 2244 2245 725 2245 2245 2246 725 2246 2246 2247 128 2247 2247 2248 128 2248 2248 2249 128 2249 2249 2250 726 2250 2250 2251 726 2251 2251 2252 726 2252 2252 2253 727 2253 2253 2254 727 2254 2254 2255 727 2255 2255 2256 728 2256 2256 2257 728 2257 2257 2258 728 2258 2258 2259 84 2259 2259 2260 84 2260 2260 2261 84 2261 2261 2262 729 2262 2262 2263 729 2263 2263 2264 729 2264 2264 2265 730 2265 2265 2266 730 2266 2266 2267 730 2267 2267 2268 731 2268 2268 2269 731 2269 2269 2270 731 2270 2270 2271 732 2271 2271 2272 732 2272 2272 2273 732 2273 2273 2274 733 2274 2274 2275 733 2275 2275 2276 733 2276 2276 2277 732 2277 2277 2278 732 2278 2278 2279 732 2279 2279 2280 733 2280 2280 2281 733 2281 2281 2282 733 2282 2282 2283 734 2283 2283 2284 734 2284 2284 2285 734 2285 2285 2286 735 2286 2286 2287 735 2287 2287 2288 735 2288 2288 2289 736 2289 2289 2290 736 2290 2290 2291 736 2291 2291 2292 737 2292 2292 2293 737 2293 2293 2294 737 2294 2294 2295 734 2295 2295 2296 734 2296 2296 2297 734 2297 2297 2298 735 2298 2298 2299 735 2299 2299 2300 735 2300 2300 2301 738 2301 2301 2302 738 2302 2302 2303 738 2303 2303 2304 551 2304 2304 2305 551 2305 2305 2306 551 2306 2306 2307 739 2307 2307 2308 739 2308 2308 2309 739 2309 2309 2310 740 2310 2310 2311 740 2311 2311 2312 740 2312 2312 2313 741 2313 2313 2314 741 2314 2314 2315 741 2315 2315 2316 742 2316 2316 2317 742 2317 2317 2318 742 2318 2318 2319 743 2319 2319 2320 743 2320 2320 2321 743 2321 2321 2322 744 2322 2322 2323 744 2323 2323 2324 744 2324 2324 2325 745 2325 2325 2326 745 2326 2326 2327 745 2327 2327 2328 746 2328 2328 2329 746 2329 2329 2330 746 2330 2330 2331 747 2331 2331 2332 747 2332 2332 2333 747 2333 2333 2334 748 2334 2334 2335 748 2335 2335 2336 748 2336 2336 2337 749 2337 2337 2338 749 2338 2338 2339 749 2339 2339 2340 750 2340 2340 2341 750 2341 2341 2342 750 2342 2342 2343 751 2343 2343 2344 751 2344 2344 2345 751 2345 2345 2346 752 2346 2346 2347 752 2347 2347 2348 752 2348 2348 2349 753 2349 2349 2350 753 2350 2350 2351 753 2351 2351 2352 754 2352 2352 2353 754 2353 2353 2354 754 2354 2354 2355 755 2355 2355 2356 755 2356 2356 2357 755 2357 2357 2358 756 2358 2358 2359 756 2359 2359 2360 756 2360 2360 2361 757 2361 2361 2362 757 2362 2362 2363 757 2363 2363 2364 758 2364 2364 2365 758 2365 2365 2366 758 2366 2366 2367 759 2367 2367 2368 759 2368 2368 2369 759 2369 2369 2370 760 2370 2370 2371 760 2371 2371 2372 760 2372 2372 2373 761 2373 2373 2374 761 2374 2374 2375 761 2375 2375 2376 762 2376 2376 2377 762 2377 2377 2378 762 2378 2378 2379 763 2379 2379 2380 763 2380 2380 2381 763 2381 2381 2382 764 2382 2382 2383 764 2383 2383 2384 764 2384 2384 2385 765 2385 2385 2386 765 2386 2386 2387 765 2387 2387 2388 766 2388 2388 2389 766 2389 2389 2390 766 2390 2390 2391 767 2391 2391 2392 767 2392 2392 2393 767 2393 2393 2394 768 2394 2394 2395 768 2395 2395 2396 768 2396 2396 2397 769 2397 2397 2398 769 2398 2398 2399 769 2399 2399 2400 770 2400 2400 2401 770 2401 2401 2402 770 2402 2402 2403 771 2403 2403 2404 771 2404 2404 2405 771 2405 2405 2406 772 2406 2406 2407 772 2407 2407 2408 772 2408 2408 2409 773 2409 2409 2410 773 2410 2410 2411 773 2411 2411 2412 81 2412 2412 2413 81 2413 2413 2414 81 2414 2414 2415 774 2415 2415 2416 774 2416 2416 2417 774 2417 2417 2418 83 2418 2418 2419 83 2419 2419 2420 83 2420 2420 2421 775 2421 2421 2422 775 2422 2422 2423 775 2423 2423 2424 231 2424 2424 2425 231 2425 2425 2426 231 2426 2426 2427 776 2427 2427 2428 776 2428 2428 2429 776 2429 2429 2430 777 2430 2430 2431 777 2431 2431 2432 777 2432 2432 2433 778 2433 2433 2434 778 2434 2434 2435 778 2435 2435 2436 779 2436 2436 2437 779 2437 2437 2438 779 2438 2438 2439 780 2439 2439 2440 780 2440 2440 2441 780 2441 2441 2442 781 2442 2442 2443 781 2443 2443 2444 781 2444 2444 2445 782 2445 2445 2446 782 2446 2446 2447 782 2447 2447 2448 783 2448 2448 2449 783 2449 2449 2450 783 2450 2450 2451 784 2451 2451 2452 784 2452 2452 2453 784 2453 2453 2454 785 2454 2454 2455 785 2455 2455 2456 785 2456 2456 2457 786 2457 2457 2458 786 2458 2458 2459 786 2459 2459 2460 787 2460 2460 2461 787 2461 2461 2462 787 2462 2462 2463 788 2463 2463 2464 788 2464 2464 2465 788 2465 2465 2466 789 2466 2466 2467 789 2467 2467 2468 789 2468 2468 2469 790 2469 2469 2470 790 2470 2470 2471 790 2471 2471 2472 791 2472 2472 2473 791 2473 2473 2474 791 2474 2474 2475 792 2475 2475 2476 792 2476 2476 2477 792 2477 2477 2478 793 2478 2478 2479 793 2479 2479 2480 793 2480 2480 2481 794 2481 2481 2482 794 2482 2482 2483 794 2483 2483 2484 795 2484 2484 2485 795 2485 2485 2486 795 2486 2486 2487 796 2487 2487 2488 796 2488 2488 2489 796 2489 2489 2490 797 2490 2490 2491 797 2491 2491 2492 797 2492 2492 2493 798 2493 2493 2494 798 2494 2494 2495 798 2495 2495 2496 799 2496 2496 2497 799 2497 2497 2498 799 2498 2498 2499 800 2499 2499 2500 800 2500 2500 2501 800 2501 2501 2502 801 2502 2502 2503 801 2503 2503 2504 801 2504 2504 2505 802 2505 2505 2506 802 2506 2506 2507 802 2507 2507 2508 803 2508 2508 2509 803 2509 2509 2510 803 2510 2510 2511 804 2511 2511 2512 804 2512 2512 2513 804 2513 2513 2514 805 2514 2514 2515 805 2515 2515 2516 805 2516 2516 2517 806 2517 2517 2518 806 2518 2518 2519 806 2519 2519 2520 807 2520 2520 2521 807 2521 2521 2522 807 2522 2522 2523 808 2523 2523 2524 808 2524 2524 2525 808 2525 2525 2526 809 2526 2526 2527 809 2527 2527 2528 809 2528 2528 2529 810 2529 2529 2530 810 2530 2530 2531 810 2531 2531 2532 811 2532 2532 2533 811 2533 2533 2534 811 2534 2534 2535 812 2535 2535 2536 812 2536 2536 2537 812 2537 2537 2538 813 2538 2538 2539 813 2539 2539 2540 813 2540 2540 2541 814 2541 2541 2542 814 2542 2542 2543 814 2543 2543 2544 815 2544 2544 2545 815 2545 2545 2546 815 2546 2546 2547 816 2547 2547 2548 816 2548 2548 2549 816 2549 2549 2550 817 2550 2550 2551 817 2551 2551 2552 817 2552 2552 2553 818 2553 2553 2554 818 2554 2554 2555 818 2555 2555 2556 819 2556 2556 2557 819 2557 2557 2558 819 2558 2558 2559 820 2559 2559 2560 820 2560 2560 2561 820 2561 2561 2562 821 2562 2562 2563 821 2563 2563 2564 821 2564 2564 2565 822 2565 2565 2566 822 2566 2566 2567 822 2567 2567 2568 823 2568 2568 2569 823 2569 2569 2570 823 2570 2570 2571 824 2571 2571 2572 824 2572 2572 2573 824 2573 2573 2574 825 2574 2574 2575 825 2575 2575 2576 825 2576 2576 2577 826 2577 2577 2578 826 2578 2578 2579 826 2579 2579 2580 827 2580 2580 2581 827 2581 2581 2582 827 2582 2582 2583 828 2583 2583 2584 828 2584 2584 2585 828 2585 2585 2586 829 2586 2586 2587 829 2587 2587 2588 829 2588 2588 2589 830 2589 2589 2590 830 2590 2590 2591 830 2591 2591 2592 831 2592 2592 2593 831 2593 2593 2594 831 2594 2594 2595 832 2595 2595 2596 832 2596 2596 2597 832 2597 2597 2598 833 2598 2598 2599 833 2599 2599 2600 833 2600 2600 2601 834 2601 2601 2602 834 2602 2602 2603 834 2603 2603 2604 835 2604 2604 2605 835 2605 2605 2606 835 2606 2606 2607 836 2607 2607 2608 836 2608 2608 2609 836 2609 2609 2610 837 2610 2610 2611 837 2611 2611 2612 837 2612 2612 2613 838 2613 2613 2614 838 2614 2614 2615 838 2615 2615 2616 839 2616 2616 2617 839 2617 2617 2618 839 2618 2618 2619 840 2619 2619 2620 840 2620 2620 2621 840 2621 2621 2622 841 2622 2622 2623 841 2623 2623 2624 841 2624 2624 2625 842 2625 2625 2626 842 2626 2626 2627 842 2627 2627 2628 843 2628 2628 2629 843 2629 2629 2630 843 2630 2630 2631 844 2631 2631 2632 844 2632 2632 2633 844 2633 2633 2634 845 2634 2634 2635 845 2635 2635 2636 845 2636 2636 2637 846 2637 2637 2638 846 2638 2638 2639 846 2639 2639 2640 847 2640 2640 2641 847 2641 2641 2642 847 2642 2642 2643 848 2643 2643 2644 848 2644 2644 2645 848 2645 2645 2646 849 2646 2646 2647 849 2647 2647 2648 849 2648 2648 2649 850 2649 2649 2650 850 2650 2650 2651 850 2651 2651 2652 851 2652 2652 2653 851 2653 2653 2654 851 2654 2654 2655 852 2655 2655 2656 852 2656 2656 2657 852 2657 2657 2658 853 2658 2658 2659 853 2659 2659 2660 853 2660 2660 2661 854 2661 2661 2662 854 2662 2662 2663 854 2663 2663 2664 855 2664 2664 2665 855 2665 2665 2666 855 2666 2666 2667 856 2667 2667 2668 856 2668 2668 2669 856 2669 2669 2670 857 2670 2670 2671 857 2671 2671 2672 857 2672 2672 2673 858 2673 2673 2674 858 2674 2674 2675 858 2675 2675 2676 859 2676 2676 2677 859 2677 2677 2678 859 2678 2678 2679 860 2679 2679 2680 860 2680 2680 2681 860 2681 2681 2682 861 2682 2682 2683 861 2683 2683 2684 861 2684 2684 2685 862 2685 2685 2686 862 2686 2686 2687 862 2687 2687 2688 863 2688 2688 2689 863 2689 2689 2690 863 2690 2690 2691 864 2691 2691 2692 864 2692 2692 2693 864 2693 2693 2694 865 2694 2694 2695 865 2695 2695 2696 865 2696 2696 2697 866 2697 2697 2698 866 2698 2698 2699 866 2699 2699 2700 867 2700 2700 2701 867 2701 2701 2702 867 2702 2702 2703 868 2703 2703 2704 868 2704 2704 2705 868 2705 2705 2706 869 2706 2706 2707 869 2707 2707 2708 869 2708 2708 2709 870 2709 2709 2710 870 2710 2710 2711 870 2711 2711 2712 871 2712 2712 2713 871 2713 2713 2714 871 2714 2714 2715 872 2715 2715 2716 872 2716 2716 2717 872 2717 2717 2718 873 2718 2718 2719 873 2719 2719 2720 873 2720 2720 2721 874 2721 2721 2722 874 2722 2722 2723 874 2723 2723 2724 875 2724 2724 2725 875 2725 2725 2726 875 2726 2726 2727 876 2727 2727 2728 876 2728 2728 2729 876 2729 2729 2730 877 2730 2730 2731 877 2731 2731 2732 877 2732 2732 2733 878 2733 2733 2734 878 2734 2734 2735 878 2735 2735 2736 879 2736 2736 2737 879 2737 2737 2738 879 2738 2738 2739 880 2739 2739 2740 880 2740 2740 2741 880 2741 2741 2742 881 2742 2742 2743 881 2743 2743 2744 881 2744 2744 2745 882 2745 2745 2746 882 2746 2746 2747 882 2747 2747 2748 883 2748 2748 2749 883 2749 2749 2750 883 2750 2750 2751 884 2751 2751 2752 884 2752 2752 2753 884 2753 2753 2754 885 2754 2754 2755 885 2755 2755 2756 885 2756 2756 2757 886 2757 2757 2758 886 2758 2758 2759 886 2759 2759 2760 887 2760 2760 2761 887 2761 2761 2762 887 2762 2762 2763 888 2763 2763 2764 888 2764 2764 2765 888 2765 2765 2766 889 2766 2766 2767 889 2767 2767 2768 889 2768 2768 2769 890 2769 2769 2770 890 2770 2770 2771 890 2771 2771 2772 891 2772 2772 2773 891 2773 2773 2774 891 2774 2774 2775 892 2775 2775 2776 892 2776 2776 2777 892 2777 2777 2778 893 2778 2778 2779 893 2779 2779 2780 893 2780 2780 2781 894 2781 2781 2782 894 2782 2782 2783 894 2783 2783 2784 895 2784 2784 2785 895 2785 2785 2786 895 2786 2786 2787 896 2787 2787 2788 896 2788 2788 2789 896 2789 2789 2790 897 2790 2790 2791 897 2791 2791 2792 897 2792 2792 2793 898 2793 2793 2794 898 2794 2794 2795 898 2795 2795 2796 899 2796 2796 2797 899 2797 2797 2798 899 2798 2798 2799 900 2799 2799 2800 900 2800 2800 2801 900 2801 2801 2802 769 2802 2802 2803 769 2803 2803 2804 769 2804 2804 2805 901 2805 2805 2806 901 2806 2806 2807 901 2807 2807 2808 902 2808 2808 2809 902 2809 2809 2810 902 2810 2810 2811 903 2811 2811 2812 903 2812 2812 2813 903 2813 2813 2814 904 2814 2814 2815 904 2815 2815 2816 904 2816 2816 2817 905 2817 2817 2818 905 2818 2818 2819 905 2819 2819 2820 906 2820 2820 2821 906 2821 2821 2822 906 2822 2822 2823 907 2823 2823 2824 907 2824 2824 2825 907 2825 2825 2826 908 2826 2826 2827 908 2827 2827 2828 908 2828 2828 2829 909 2829 2829 2830 909 2830 2830 2831 909 2831 2831 2832 910 2832 2832 2833 910 2833 2833 2834 910 2834 2834 2835 911 2835 2835 2836 911 2836 2836 2837 911 2837 2837 2838 912 2838 2838 2839 912 2839 2839 2840 912 2840 2840 2841 913 2841 2841 2842 913 2842 2842 2843 913 2843 2843 2844 914 2844 2844 2845 914 2845 2845 2846 914 2846 2846 2847 915 2847 2847 2848 915 2848 2848 2849 915 2849 2849 2850 916 2850 2850 2851 916 2851 2851 2852 916 2852 2852 2853 917 2853 2853 2854 917 2854 2854 2855 917 2855 2855 2856 918 2856 2856 2857 918 2857 2857 2858 918 2858 2858 2859 919 2859 2859 2860 919 2860 2860 2861 919 2861 2861 2862 920 2862 2862 2863 920 2863 2863 2864 920 2864 2864 2865 921 2865 2865 2866 921 2866 2866 2867 921 2867 2867 2868 922 2868 2868 2869 922 2869 2869 2870 922 2870 2870 2871 923 2871 2871 2872 923 2872 2872 2873 923 2873 2873 2874 924 2874 2874 2875 924 2875 2875 2876 924 2876 2876 2877 925 2877 2877 2878 925 2878 2878 2879 925 2879 2879 2880 926 2880 2880 2881 926 2881 2881 2882 926 2882 2882 2883 927 2883 2883 2884 927 2884 2884 2885 927 2885 2885 2886 928 2886 2886 2887 928 2887 2887 2888 928 2888 2888 2889 929 2889 2889 2890 929 2890 2890 2891 929 2891 2891 2892 930 2892 2892 2893 930 2893 2893 2894 930 2894 2894 2895 931 2895 2895 2896 931 2896 2896 2897 931 2897 2897 2898 932 2898 2898 2899 932 2899 2899 2900 932 2900 2900 2901 933 2901 2901 2902 933 2902 2902 2903 933 2903 2903 2904 934 2904 2904 2905 934 2905 2905 2906 934 2906 2906 2907 935 2907 2907 2908 935 2908 2908 2909 935 2909 2909 2910 936 2910 2910 2911 936 2911 2911 2912 936 2912 2912 2913 937 2913 2913 2914 937 2914 2914 2915 937 2915 2915 2916 938 2916 2916 2917 938 2917 2917 2918 938 2918 2918 2919 939 2919 2919 2920 939 2920 2920 2921 939 2921 2921</p>
        </triangles>
      </mesh>
    </geometry>
  </library_geometries>
  <library_visual_scenes>
    <visual_scene id="Scene" name="Scene">
      <node id="beyblade2loc-2026-09-10-18-50-26-738" name="beyblade2loc-2026-09-10-18-50-26-738" type="NODE">
        <matrix sid="transform">1 0 0 0 0 1 0 0 0 0 1 0 0 0 0 1</matrix>
        <instance_geometry url="#beyblade2loc-2026-09-10-18-50-26-738-mesh" name="beyblade2loc-2026-09-10-18-50-26-738">
          <bind_material>
            <technique_common>
              <instance_material symbol="NDS_Material_013-material" target="#NDS_Material_013-material">
                <bind_vertex_input semantic="UVMap" input_semantic="TEXCOORD" input_set="0"/>
              </instance_material>
            </technique_common>
          </bind_material>
        </instance_geometry>
      </node>
    </visual_scene>
  </library_visual_scenes>
  <scene>
    <instance_visual_scene url="#Scene"/>
  </scene>
</COLLADA>