<?xml version="1.0" encoding="utf-8"?>
<COLLADA xmlns="http://www.collada.org/2005/11/COLLADASchema" version="1.4.1" xmlns:xsi="http://www.w3.org/2001/XMLSchema-instance">
  <asset>
    <contributor>
      <author>Blender User</author>
      <authoring_tool>Blender 4.0.0 commit date:2023-11-13, commit time:17:26, hash:878f71061b8e</authoring_tool>
    </contributor>
    <created>2026-09-14T14:03:00</created>
    <modified>2026-09-14T14:03:00</modified>
    <unit name="meter" meter="1"/>
    <up_axis>Z_UP</up_axis>
  </asset>
  <library_effects>
    <effect id="CW_Pegasus2A_Mat-effect">
      <profile_COMMON>
        <technique sid="common">
          <lambert>
            <emission>
              <color sid="emission">0 0 0 1</color>
            </emission>
            <diffuse>
              <color sid="diffuse">0.8 0.8 0.8 1</color>
            </diffuse>
            <index_of_refraction>
              <float sid="ior">1.45</float>
            </index_of_refraction>
          </lambert>
        </technique>
      </profile_COMMON>
    </effect>
    <effect id="CW_Pegasus2_S_Mat-effect">
      <profile_COMMON>
        <technique sid="common">
          <lambert>
            <emission>
              <color sid="emission">0 0 0 1</color>
            </emission>
            <diffuse>
              <color sid="diffuse">0.8 0.8 0.8 1</color>
            </diffuse>
            <index_of_refraction>
              <float sid="ior">1.45</float>
            </index_of_refraction>
          </lambert>
        </technique>
      </profile_COMMON>
    </effect>
  </library_effects>
  <library_images/>
  <library_materials>
    <material id="CW_Pegasus2A_Mat-material" name="CW_Pegasus2A_Mat">
      <instance_effect url="#CW_Pegasus2A_Mat-effect"/>
    </material>
    <material id="CW_Pegasus2_S_Mat-material" name="CW_Pegasus2_S_Mat">
      <instance_effect url="#CW_Pegasus2_S_Mat-effect"/>
    </material>
  </library_materials>
  <library_geometries>
    <geometry id="_1_geo_id-mesh" name="_1_geo_id">
      <mesh>
        <source id="_1_geo_id-mesh-positions">
          <float_array id="_1_geo_id-mesh-positions-array" count="9768">15.7986 -0.8970864 8.178091 16.198 -1.305249 7.12504 13.6176 -6.71596 8.944011 14.0347 -7.006039 7.87379 12.8064 -9.084479 7.61534 10.1832 -12.1673 7.611431 9.77204 -11.6975 9.032841 10.6268 -12.6875 5.564281 10.405 -12.4274 6.587851 12.0899 -11.2551 5.564281 15.9268 -0.1622455 7.03515 15.7986 -0.8970864 8.178091 15.2471 -0.7628244 8.17541 15.9268 -0.1622455 7.03515 15.3005 -0.06213402 7.03024 14.6747 -0.9694505 7.10761 15.3005 -0.06213402 7.03024 15.2471 -0.7628244 8.17541 10.0522 -9.31388 5.56371 12.7629 -6.392349 7.63739 8.805871 -10.6434 5.563631 13.2035 -6.407909 8.919821 9.526451 -11.4389 9.023342 7.14116 -12.0137 5.563571 7.77217 -12.6808 7.258371 5.04526 -13.3034 5.563601 5.45528 -13.9205 6.317841 2.83288 -14.3649 5.563811 3.09457 -14.762 5.926831 7.77217 -12.6808 7.258371 9.526451 -11.4389 9.023342 7.94021 -12.9748 7.251871 9.77204 -11.6975 9.032841 5.45528 -13.9205 6.317841 5.56832 -14.2551 6.313191 3.09457 -14.762 5.926831 3.94755 -14.9234 6.024461 6.09438 -14.5056 6.088411 3.94755 -14.9234 6.024461 5.56832 -14.2551 6.313191 10.405 -12.4274 6.587851 10.6268 -12.6875 5.564281 9.138091 -13.4141 6.251651 9.42429 -13.5378 5.564281 8.91609 -13.1554 6.708641 7.94021 -12.9748 7.251871 6.65702 -14.4846 6.053991 6.62725 -14.4008 6.095081 6.73242 -14.6967 5.924221 6.74173 -14.723 5.564281 12.3812 -11.2525 4.917511 11.0048 -12.2774 5.017271 11.0048 -12.2774 5.017271 12.3812 -11.2525 4.917511 11.3049 -10.8083 4.564281 -15.7986 0.8970876 8.178091 -16.198 1.305251 7.12504 -13.6176 6.71596 8.944009 -14.0347 7.00604 7.873789 -12.8064 9.084481 7.615339 -10.1832 12.1673 7.611429 -9.77204 11.6975 9.032839 -10.6268 12.6875 5.564279 -10.405 12.4274 6.587849 -12.0899 11.2551 5.564279 -15.9268 0.1622465 7.03515 -15.7986 0.8970876 8.178091 -15.2471 0.7628256 8.17541 -15.9268 0.1622465 7.03515 -15.3005 0.0621351 7.03024 -14.6747 0.9694516 7.10761 -15.3005 0.0621351 7.03024 -15.2471 0.7628256 8.17541 -10.0522 9.31388 5.563709 -12.7629 6.39235 7.637389 -8.805871 10.6434 5.563629 -13.2035 6.40791 8.919819 -9.526451 11.4389 9.02334 -7.14116 12.0137 5.563569 -7.77217 12.6808 7.258369 -5.04526 13.3034 5.563599 -5.45528 13.9205 6.317839 -2.83288 14.3649 5.563809 -3.09457 14.762 5.926829 -7.77217 12.6808 7.258369 -9.526451 11.4389 9.02334 -7.94021 12.9748 7.251869 -9.77204 11.6975 9.032839 -5.45528 13.9205 6.317839 -5.56832 14.2551 6.313189 -3.09457 14.762 5.926829 -3.94755 14.9234 6.024459 -6.09438 14.5056 6.088409 -3.94755 14.9234 6.024459 -5.56832 14.2551 6.313189 -10.405 12.4274 6.587849 -10.6268 12.6875 5.564279 -9.138091 13.4141 6.251649 -9.42429 13.5378 5.564279 -8.91609 13.1554 6.708639 -7.94021 12.9748 7.251869 -6.65702 14.4846 6.053989 -6.62725 14.4008 6.095079 -6.73242 14.6967 5.924219 -6.74173 14.723 5.564279 -12.3812 11.2525 4.917509 -11.0048 12.2774 5.017269 -11.0048 12.2774 5.017269 -12.3812 11.2525 4.917509 -11.4364 10.8861 4.564279 17.7573 6.664001 5.256569 17.2945 6.557271 4.62572 18.7608 2.79839 5.22363 18.4532 2.91003 4.62572 17.6434 -1.630679 6.89046 16.6534 -4.79779 7.33921 17.0987 -0.9701344 7.12164 16.0697 -4.53659 7.63114 15.5007 -7.318379 7.57919 14.9461 -6.960749 7.88186 17.581 3.03765 6.74492 16.9241 3.0844 7.03034 17.5826 5.195301 6.157829 16.913 5.321341 6.39015 17.7573 6.664001 5.256569 17.1642 6.88501 5.420399 17.1501 6.99774 4.87571 17.2945 6.557271 4.62572 17.5826 5.195301 6.157829 16.9249 -8.558361 5.182301 14.0126 -12.7802 5.182301 13.9682 -11.3268 6.575681 18.3195 -4.908689 5.182301 17.1389 -5.943539 6.3889 18.8965 -1.50385 5.2687 17.76 2.58088 6.57189 17.6434 -1.630679 6.89046 18.6491 -1.33061 4.96428 18.4819 2.54042 4.96428 18.4819 2.54042 4.96428 17.581 3.03765 6.74492 14.2795 -9.587069 7.501811 16.4003 -6.737339 6.8779 15.5007 -7.318379 7.57919 16.8667 -5.834129 6.3889 17.6434 -1.630679 6.89046 17.1389 -5.943539 6.3889 16.4003 -6.737339 6.8779 15.5007 -7.318379 7.57919 17.1389 -5.943539 6.3889 16.8667 -5.834129 6.3889 17.581 3.03765 6.74492 17.76 2.58088 6.57189 16.9241 3.0844 7.03034 16.9863 2.73697 6.91737 18.232 -4.886399 4.56428 18.7989 -1.69572 4.56428 18.6491 -1.33061 4.96428 16.8694 -8.53013 4.56428 14.0126 -12.7802 5.182301 13.4197 -12.7857 5.267541 13.9682 -11.3268 6.575681 13.2953 -11.329 6.627551 14.2795 -9.587069 7.501811 13.678 -9.305449 7.78689 13.8201 -12.9584 4.564281 13.8201 -12.9584 4.564281 9.68172 -9.11409 5.505691 11.3049 -10.8083 4.564281 9.36871 -9.1533 4.56428 13.678 -9.305449 7.78689 13.2953 -11.329 6.627551 11.3773 -7.51512 7.77669 10.3013 -8.564799 6.73718 14.9461 -6.960749 7.88186 12.652 -5.687639 7.87591 16.0697 -4.53659 7.63114 13.6626 -3.600499 7.6165 17.0987 -0.9701344 7.12164 14.566 -0.5695305 7.11296 15.0117 3.01466 7.03034 16.9241 3.0844 7.03034 15.0076 2.60988 6.91737 16.9863 2.73697 6.91737 14.6307 5.83755 5.738359 14.5228 6.15625 5.389609 14.8648 4.795011 6.443719 17.1642 6.88501 5.420399 16.913 5.321341 6.39015 16.9241 3.0844 7.03034 15.0117 3.01466 7.03034 10.3013 -8.564799 6.73718 9.68172 -9.11409 5.505691 10.1634 -8.279959 6.33715 12.652 -5.687639 7.87591 11.3773 -7.51512 7.77669 12.1935 -5.544469 7.48862 11.0405 -7.185579 7.40492 14.5385 3.01433 6.65247 14.395 4.7062 6.002919 15.0117 3.01466 7.03034 14.8648 4.795011 6.443719 14.2306 5.44538 5.462229 14.6307 5.83755 5.738359 17.1501 6.99774 4.87571 14.5022 6.22773 4.854939 17.2945 6.557271 4.62572 14.7093 5.84714 4.657869 13.4996 -2.630769 6.64004 13.9616 -1.224949 6.85603 13.2302 -3.450479 7.23071 12.4701 -5.054869 6.93921 12.8853 -4.234299 6.3889 12.1935 -5.544469 7.48862 9.68172 -9.11409 5.505691 9.36871 -9.1533 4.56428 10.1634 -8.279959 6.33715 11.0405 -7.185579 7.40492 12.4481 -4.857629 6.80695 12.1935 -5.544469 7.48862 9.36871 -9.1533 4.56428 13.4355 -2.529259 6.64414 12.7227 -4.16898 6.3889 13.613 -0.8939967 4.57893 12.4481 -4.857629 6.80695 12.7227 -4.16898 6.3889 12.4701 -5.054869 6.93921 12.8853 -4.234299 6.3889 12.1935 -5.544469 7.48862 13.4996 -2.630769 6.64004 13.4355 -2.529259 6.64414 13.9616 -1.224949 6.85603 13.9616 -1.224949 6.85603 13.7805 -0.5104176 4.96428 13.2654 2.25751 4.96428 15.0076 2.60988 6.91737 14.5146 2.69204 6.53058 15.0117 3.01466 7.03034 14.5385 3.01433 6.65247 13.2217 2.69279 4.65787 14.5385 3.01433 6.65247 14.5146 2.69204 6.53058 14.395 4.7062 6.002919 13.9616 -1.224949 6.85603 14.566 -0.5695305 7.11296 13.2302 -3.450479 7.23071 13.6626 -3.600499 7.6165 13.2233 2.622 4.59357 -17.7573 -6.664 5.25657 -17.2945 -6.55727 4.625761 -18.7608 -2.798389 5.22363 -18.4532 -2.91003 4.62568 -17.6434 1.63068 6.89046 -16.6534 4.797791 7.33921 -17.0987 0.9701355 7.12164 -16.0697 4.536591 7.631139 -15.5007 7.31838 7.579189 -14.9461 6.96075 7.881859 -17.581 -3.037649 6.74492 -16.9241 -3.084399 7.03034 -17.5826 -5.1953 6.15783 -16.913 -5.32134 6.390151 -17.7573 -6.664 5.25657 -17.1642 -6.885009 5.4204 -17.1501 -6.997739 4.87571 -17.2945 -6.55727 4.625761 -17.5826 -5.1953 6.15783 -16.9249 8.558361 5.1823 -14.0126 12.7802 5.182299 -13.9682 11.3268 6.575679 -18.3195 4.90869 5.1823 -17.1389 5.94354 6.388899 -18.8965 1.50385 5.2687 -17.76 -2.580879 6.57189 -17.6434 1.63068 6.89046 -18.6491 1.33061 4.96428 -18.4819 -2.540419 4.96428 -18.4819 -2.540419 4.96428 -17.581 -3.037649 6.74492 -14.2795 9.587071 7.501809 -16.4003 6.73734 6.877899 -15.5007 7.31838 7.579189 -16.8667 5.83413 6.388899 -17.6434 1.63068 6.89046 -17.1389 5.94354 6.388899 -16.4003 6.73734 6.877899 -15.5007 7.31838 7.579189 -17.1389 5.94354 6.388899 -16.8667 5.83413 6.388899 -17.581 -3.037649 6.74492 -17.76 -2.580879 6.57189 -16.9241 -3.084399 7.03034 -16.9863 -2.736969 6.91737 -18.232 4.8864 4.56428 -18.7989 1.69572 4.56428 -18.6491 1.33061 4.96428 -16.8694 8.53013 4.56428 -14.0126 12.7802 5.182299 -13.4197 12.7857 5.267539 -13.9682 11.3268 6.575679 -13.2953 11.329 6.627549 -14.2795 9.587071 7.501809 -13.678 9.305451 7.78689 -13.8201 12.9584 4.564279 -13.8201 12.9584 4.564279 -9.68172 9.11409 5.50569 -11.4364 10.8861 4.564279 -9.40863 9.22553 4.56428 -13.678 9.305451 7.78689 -13.2953 11.329 6.627549 -11.3773 7.51512 7.77669 -10.3013 8.564801 6.737179 -14.9461 6.96075 7.881859 -12.652 5.68764 7.875909 -16.0697 4.536591 7.631139 -13.6626 3.6005 7.616499 -17.0987 0.9701355 7.12164 -14.566 0.5695316 7.11296 -15.0117 -3.014659 7.03034 -16.9241 -3.084399 7.03034 -15.0076 -2.609879 6.91737 -16.9863 -2.736969 6.91737 -14.6307 -5.837549 5.73836 -14.5228 -6.15625 5.38961 -14.8648 -4.79501 6.44372 -17.1642 -6.885009 5.4204 -16.913 -5.32134 6.390151 -16.9241 -3.084399 7.03034 -15.0117 -3.014659 7.03034 -10.3013 8.564801 6.737179 -9.68172 9.11409 5.50569 -10.1376 8.329821 6.337149 -12.652 5.68764 7.875909 -11.3773 7.51512 7.77669 -12.1935 5.54447 7.488619 -11.0405 7.18558 7.404919 -14.5385 -3.014329 6.65247 -14.395 -4.706199 6.00292 -15.0117 -3.014659 7.03034 -14.8648 -4.79501 6.44372 -14.2306 -5.445379 5.46223 -14.6307 -5.837549 5.73836 -17.1501 -6.997739 4.87571 -14.5022 -6.227729 4.85494 -17.2945 -6.55727 4.625761 -14.7093 -5.847139 4.625761 -13.4996 2.63077 6.64004 -13.9616 1.22495 6.85603 -13.2302 3.45048 7.23071 -12.4701 5.05487 6.939209 -12.8853 4.2343 6.388899 -12.1935 5.54447 7.488619 -9.40863 9.22553 4.56428 -12.4481 4.85763 6.806949 -13.4355 2.52926 6.64414 -12.7227 4.168981 6.388899 -13.6875 0.8939974 4.57893 -12.4481 4.85763 6.806949 -12.7227 4.168981 6.388899 -12.4701 5.05487 6.939209 -12.8853 4.2343 6.388899 -12.1935 5.54447 7.488619 -13.4996 2.63077 6.64004 -13.4355 2.52926 6.64414 -13.9616 1.22495 6.85603 -13.9616 1.22495 6.85603 -13.7805 0.5104184 4.96428 -13.2654 -2.257509 4.96428 -15.0076 -2.609879 6.91737 -14.5146 -2.692039 6.53058 -15.0117 -3.014659 7.03034 -14.5385 -3.014329 6.65247 -13.2217 -2.69279 4.65787 -14.5385 -3.014329 6.65247 -14.5146 -2.692039 6.53058 -14.395 -4.706199 6.00292 -13.9616 1.22495 6.85603 -14.566 0.5695316 7.11296 -13.2302 3.45048 7.23071 -13.6626 3.6005 7.616499 -13.2233 -2.622 4.59357 -3.63964 -18.6483 4.564421 -3.63964 -18.6483 8.668731 2.60851 -18.7455 4.564421 2.60851 -18.7455 8.206471 2.60851 -18.7455 8.206471 -3.63964 -18.6483 8.668731 2.44533 -18.3606 8.434351 -3.57576 -18.3016 8.907331 -3.57997 -18.0011 8.652761 2.55685 -18.0908 8.158701 2.55685 -18.0908 7.822351 -3.57997 -18.0011 8.160831 -3.8299 -18.3068 8.664451 -3.69969 -18.5037 4.564421 -3.63964 -18.6483 4.564421 -3.81096 -18.0795 8.122002 7.37453 -13.3883 7.224931 7.37435 -13.3884 5.947301 9.42802 -12.3009 7.245471 9.42802 -12.3009 5.963471 6.11037 -14.7046 6.060141 6.02394 -14.8396 7.443971 5.26738 -16.319 7.725261 5.26738 -16.319 7.232721 5.26738 -16.319 7.725261 2.56492 -17.6348 8.187682 5.26738 -16.319 7.232721 2.55146 -17.6412 7.457041 2.42852 -18.2428 7.544231 2.55146 -17.6412 7.457041 2.50906 -18.2302 8.355172 2.56492 -17.6348 8.187682 8.281741 -15.2655 8.213232 7.52155 -13.5232 7.503541 10.0715 -13.5422 7.945431 9.51633 -12.4863 7.530071 6.22491 -14.9188 7.739301 6.22491 -14.9188 7.739301 6.02394 -14.8396 7.443971 7.52155 -13.5232 7.503541 7.37453 -13.3883 7.224931 9.51633 -12.4863 7.530071 9.42802 -12.3009 7.245471 5.26738 -16.319 7.725261 5.4779 -16.4188 8.004032 6.87884 -16.9335 8.416401 5.4779 -16.4188 8.004032 2.56492 -17.6348 8.187682 5.26738 -16.319 7.725261 2.8529 -17.6616 8.469572 5.4779 -16.4188 8.004032 2.71679 -18.1 8.643012 2.8529 -17.6616 8.469572 2.50906 -18.2302 8.355172 2.56492 -17.6348 8.187682 2.71679 -18.1 8.643012 2.8529 -17.6616 8.469572 2.56903 -18.4513 8.930221 2.32447 -18.5336 8.683721 2.4908 -18.1495 8.671471 2.63397 -18.8164 8.693202 2.60851 -18.7455 4.564421 2.63397 -18.8164 4.564421 7.00481 -17.1567 8.684711 6.87884 -16.9335 8.416401 8.281741 -15.2655 8.213232 8.68453 -15.268 8.463011 10.0715 -13.5422 7.945431 10.3806 -13.5025 8.169351 10.0715 -13.5422 7.945431 9.51633 -12.4863 7.530071 9.353731 -11.6399 7.548291 7.23612 -17.4938 4.564421 7.27329 -17.4682 8.482381 9.102701 -15.471 4.564421 9.10272 -15.47 8.234811 11.7248 -13.2618 4.564421 11.7248 -13.2618 7.913321 11.7248 -13.2618 7.913321 11.6661 -9.695919 7.256911 11.7248 -13.2618 4.564421 11.3049 -10.8083 4.564281 7.27329 -17.4682 8.482381 2.63397 -18.8164 4.564421 2.63397 -18.8164 8.693202 7.23612 -17.4938 4.564421 7.27329 -17.4682 8.482381 9.10272 -15.47 8.234811 11.7248 -13.2618 7.913321 11.3279 -13.2055 8.172371 11.6661 -9.695919 7.256911 11.392 -9.92607 7.549231 -13.8534 -11.1501 7.83325 -13.5198 -11.0709 8.002581 -13.8534 -11.1501 6.064281 -11.4668 -11.9693 6.064281 -13.1124 -10.9741 6.064281 -11.4668 -11.9693 7.672901 -13.1124 -10.9741 7.856701 -11.4387 -12.6804 6.064281 -11.4668 -11.9693 6.064281 -11.4387 -12.6804 7.848751 -11.4668 -11.9693 7.672901 -13.8534 -11.1501 6.064281 -15.0392 -10.0894 6.064281 -13.8534 -11.1501 7.83325 -15.7181 -9.396319 8.065792 -8.23819 -14.2726 6.064281 -11.4387 -12.6804 6.064281 -8.23819 -14.2726 7.641281 -11.4387 -12.6804 7.848751 -8.23819 -14.2726 6.064281 -8.23819 -14.2726 7.641281 -6.71866 -13.1303 6.064281 -6.71866 -13.1303 7.161221 -13.1124 -10.9741 6.064281 -13.1124 -10.9741 7.856701 -6.71866 -13.1303 6.064281 -6.71866 -13.1303 7.161221 -6.13615 -12.2272 6.064281 -6.13615 -12.2272 6.931981 -6.13615 -12.2272 6.064281 -6.13615 -12.2272 6.931981 -6.51958 -12.0012 6.064281 -6.51958 -12.0012 6.927561 -7.53171 -12.7269 6.064281 -6.51958 -12.0012 6.064281 -7.53171 -12.7269 7.170471 -6.51958 -12.0012 6.927561 -8.66682 -12.2367 6.064281 -7.53171 -12.7269 6.064281 -8.66682 -12.2367 7.220421 -7.53171 -12.7269 7.170471 -9.0868 -12.5067 6.064281 -8.66682 -12.2367 6.064281 -9.0868 -12.5067 7.339751 -8.66682 -12.2367 7.220421 -11.8246 -10.8907 7.514841 -13.9765 -9.02678 7.69378 -11.8246 -10.8907 6.064281 -13.9765 -9.026781 5.06428 -9.0868 -12.5067 6.064281 -9.0868 -12.5067 7.339751 -14.2124 -8.79739 5.06428 -14.2124 -8.797389 7.54523 -15.8676 -8.8316 7.27588 -15.4272 -8.85184 7.96761 -15.8682 -8.83161 5.86427 -13.9765 -9.026781 5.06428 -13.9765 -9.02678 7.69378 -14.2124 -8.79739 5.06428 -14.2124 -8.797389 7.54523 -13.9765 -9.02678 7.69378 -15.4272 -8.85184 7.96761 -14.2124 -8.797389 7.54523 -15.3992 -9.32096 8.231691 -13.5198 -11.0709 8.002581 -15.7181 -9.396319 8.065792 -13.8534 -11.1501 7.83325 -15.3992 -9.32096 8.231691 -15.4272 -8.85184 7.96761 -16.1626 -9.563539 8.025101 -15.8676 -8.8316 7.27588 -16.2916 -9.214989 7.27588 -16.2917 -9.21447 5.86428 -15.8682 -8.83161 5.86427 -16.4733 -9.46725 4.56442 -16.3753 -9.635469 7.514491 -15.3992 -9.32096 8.231691 -15.6939 -10.1948 8.269191 -16.0459 -10.1249 8.049501 -15.1203 -10.8083 8.126091 -15.6939 -10.1948 8.269191 -14.5443 -10.1142 8.002581 -15.3992 -9.32096 8.231691 -15.1203 -10.8083 8.126091 -14.5443 -10.1142 8.002581 -14.9001 -10.9071 7.819851 -14.4515 -10.4189 7.837241 -14.9001 -10.9071 5.064281 -14.9001 -10.9071 7.819851 -14.4515 -10.4189 5.064281 -14.4515 -10.4189 7.837241 -12.7051 -13.1847 7.513741 -15.2301 -10.3003 7.931431 -12.6812 -13.1615 6.853591 -16.4733 -9.46725 4.56442 -16.3753 -9.635469 7.514491 -16.0459 -10.1249 8.049501 -13.1845 -13.5275 7.573561 -12.9527 -13.3068 7.781731 -15.2301 -10.3003 7.931431 -12.7051 -13.1847 7.513741 -15.6939 -10.1948 8.269191 -12.9527 -13.3068 7.781731 -13.1955 -13.5044 4.564421 -13.1845 -13.5275 7.573561 -14.6115 -7.939309 4.56442 -13.9031 -7.918489 5.66428 -15.6357 -7.969399 4.56442 -15.6453 -7.969679 5.66428 -16.4733 -9.46725 4.56442 -16.4791 -8.48088 4.56442 -16.4141 -9.518421 5.664281 -16.5014 -8.50455 5.66428 -13.9031 -7.918489 5.66428 -14.5826 -8.33863 6.06428 -15.6453 -7.969679 5.66428 -15.6335 -8.36951 6.06428 -16.4141 -9.518421 5.664281 -16.5014 -8.50455 5.66428 -16.1195 -9.29546 6.06428 -16.1472 -8.69043 6.06428 -16.1864 -9.15514 6.06428 -14.6115 -7.939309 5.66428 -14.6115 -7.939309 4.56442 -15.2797 -4.143119 5.66428 -14.7093 -5.847139 4.65787 -14.1922 -7.7142 6.05326 -14.6115 -7.939309 5.66428 -14.8201 -4.099219 6.05326 -15.2797 -4.143119 5.66428 -14.1922 -7.7142 6.05326 -14.5826 -8.33863 6.06428 -14.6115 -7.939309 5.66428 -12.9533 -13.3908 8.557241 -13.2188 -13.6475 8.326381 -13.1661 -13.2623 8.317892 -12.7936 -13.1559 8.299942 -13.1955 -13.5044 4.564421 -13.0101 -13.0837 7.661781 -12.7936 -13.1559 7.695081 -13.1955 -13.5044 4.564421 -13.2188 -13.6475 4.564421 -9.04127 -15.835 7.769471 -9.04128 -15.835 7.113291 -12.9533 -13.3908 8.557241 -9.30292 -16.0028 8.042951 -13.2188 -13.6475 8.326381 -9.48096 -16.3344 7.823411 -13.2188 -13.6475 4.564421 -13.2188 -13.6475 8.326381 -9.53545 -16.2545 4.564421 -9.48096 -16.3344 7.823411 -9.20993 -15.8738 8.515041 -9.30215 -16.1482 8.771492 -9.56701 -16.0926 8.532331 -9.48607 -16.4623 8.538022 -9.53545 -16.2545 4.564421 -9.49274 -15.8604 7.872441 -9.20993 -15.8738 7.857151 -9.48607 -16.4623 4.564421 -3.78778 -18.1469 8.268621 -3.64068 -17.9574 8.001852 -3.65179 -18.5341 8.036721 -9.48607 -16.4623 4.564421 -9.48607 -16.4623 8.538022 -3.69969 -18.5037 4.564421 -3.65179 -18.5341 8.036721 -3.68932 -17.9167 7.639811 3.63964 18.6483 4.564418 3.63964 18.6483 8.668729 -2.60851 18.7455 4.564418 -2.60851 18.7455 8.206469 -2.60851 18.7455 8.206469 3.63964 18.6483 8.668729 -2.44533 18.3606 8.43435 3.57576 18.3016 8.907329 3.57997 18.0011 8.652759 -2.55685 18.0908 8.158699 -2.55685 18.0908 7.822349 3.57997 18.0011 8.160829 3.8299 18.3068 8.664449 3.69969 18.5037 4.564418 3.63964 18.6483 4.564418 3.81096 18.0795 8.122 -7.37453 13.3883 7.224929 -7.37435 13.3884 5.947299 -9.42802 12.3009 7.245469 -9.42802 12.3009 5.963469 -6.11037 14.7046 6.060139 -6.02394 14.8396 7.443969 -5.26738 16.319 7.725258 -5.26738 16.319 7.232718 -5.26738 16.319 7.725258 -2.56492 17.6348 8.18768 -5.26738 16.319 7.232718 -2.55146 17.6412 7.457038 -2.42852 18.2428 7.544229 -2.55146 17.6412 7.457038 -2.50614 18.2302 8.35517 -2.56492 17.6348 8.18768 -8.281741 15.2655 8.21323 -7.52155 13.5232 7.503539 -10.0715 13.5422 7.945429 -9.51633 12.4863 7.530069 -6.22491 14.9188 7.739299 -6.22491 14.9188 7.739299 -6.02394 14.8396 7.443969 -7.52155 13.5232 7.503539 -7.37453 13.3883 7.224929 -9.51633 12.4863 7.530069 -9.42802 12.3009 7.245469 -5.26738 16.319 7.725258 -5.4779 16.4188 8.00403 -6.87884 16.9335 8.416399 -5.4779 16.4188 8.00403 -2.56492 17.6348 8.18768 -5.26738 16.319 7.725258 -2.8529 17.6616 8.46957 -5.4779 16.4188 8.00403 -2.71679 18.1 8.64301 -2.8529 17.6616 8.46957 -2.50614 18.2302 8.35517 -2.56492 17.6348 8.18768 -2.71679 18.1 8.64301 -2.8529 17.6616 8.46957 -2.56903 18.4513 8.930219 -2.32447 18.5336 8.683719 -2.4908 18.1495 8.671469 -2.63397 18.8164 8.6932 -2.60851 18.7455 4.564418 -2.63397 18.8164 4.564418 -7.00481 17.1567 8.684709 -6.87884 16.9335 8.416399 -8.281741 15.2655 8.21323 -8.68453 15.268 8.463009 -10.0715 13.5422 7.945429 -10.3806 13.5025 8.169349 -10.0715 13.5422 7.945429 -9.51633 12.4863 7.530069 -9.353731 11.6399 7.548289 -7.23612 17.4938 4.564418 -7.27329 17.4682 8.482379 -9.102701 15.471 4.564419 -9.10272 15.47 8.234809 -11.7248 13.2618 4.564419 -11.7248 13.2618 7.913319 -11.7248 13.2618 7.913319 -11.6661 9.695921 7.256909 -11.7248 13.2618 4.564419 -11.4364 10.8861 4.564279 -7.27329 17.4682 8.482379 -2.63397 18.8164 4.564418 -2.63397 18.8164 8.6932 -7.23612 17.4938 4.564418 -7.27329 17.4682 8.482379 -9.10272 15.47 8.234809 -11.7248 13.2618 7.913319 -11.3279 13.2055 8.172369 -11.7248 13.2618 7.913319 -11.6661 9.695921 7.256909 -11.392 9.926072 7.549229 13.8534 11.1501 7.833249 13.5198 11.0709 8.002579 13.8534 11.1501 6.064279 11.4668 11.9693 6.064279 13.1124 10.9741 6.064279 11.4668 11.9693 7.672899 13.1124 10.9741 7.856699 11.4387 12.6804 6.064279 11.4668 11.9693 6.064279 11.4387 12.6804 7.848749 11.4668 11.9693 7.672899 13.8534 11.1501 6.064279 15.0392 10.0894 6.064279 13.8534 11.1501 7.833249 15.7181 9.396321 8.06579 8.23819 14.2726 6.064279 11.4387 12.6804 6.064279 8.23819 14.2726 7.641279 11.4387 12.6804 7.848749 8.23819 14.2726 6.064279 8.23819 14.2726 7.641279 6.71866 13.1303 6.064279 6.71866 13.1303 7.161219 13.1124 10.9741 6.064279 13.1124 10.9741 7.856699 6.71866 13.1303 6.064279 6.71866 13.1303 7.161219 6.13615 12.2272 6.064279 6.13615 12.2272 6.931979 6.13615 12.2272 6.064279 6.13615 12.2272 6.931979 6.51958 12.0012 6.064279 6.51958 12.0012 6.927559 7.53171 12.7269 6.064279 6.51958 12.0012 6.064279 7.53171 12.7269 7.170469 6.51958 12.0012 6.927559 8.66682 12.2367 6.064279 7.53171 12.7269 6.064279 8.66682 12.2367 7.220419 7.53171 12.7269 7.170469 9.0868 12.5067 6.064279 8.66682 12.2367 6.064279 9.0868 12.5067 7.339749 8.66682 12.2367 7.220419 11.8246 10.8907 7.514839 13.9765 9.026782 7.693779 11.8246 10.8907 6.064279 13.9765 9.026781 5.06428 9.0868 12.5067 6.064279 9.0868 12.5067 7.339749 14.2124 8.79739 5.06428 14.2124 8.797391 7.545229 15.8676 8.831602 7.275879 15.4272 8.851841 7.967609 15.8682 8.83161 5.864269 13.9765 9.026781 5.06428 13.9765 9.026782 7.693779 14.2124 8.79739 5.06428 14.2124 8.797391 7.545229 13.9765 9.026782 7.693779 15.4272 8.851841 7.967609 14.2124 8.797391 7.545229 15.3992 9.320961 8.231689 13.5198 11.0709 8.002579 15.7181 9.396321 8.06579 13.8534 11.1501 7.833249 15.3992 9.320961 8.231689 15.4272 8.851841 7.967609 16.1626 9.563541 8.025099 15.8676 8.831602 7.275879 16.2916 9.214991 7.275879 16.2917 9.21447 5.864279 15.8682 8.83161 5.864269 16.4733 9.46725 4.564419 16.3753 9.635471 7.514489 15.3992 9.320961 8.231689 15.6939 10.1948 8.269189 16.0459 10.1249 8.049499 15.1203 10.8083 8.12609 15.6939 10.1948 8.269189 14.5443 10.1142 8.086779 15.3992 9.320961 8.231689 15.1203 10.8083 8.12609 14.5443 10.1142 8.086779 14.9001 10.9071 7.819849 14.4515 10.4189 7.837239 14.9001 10.9071 5.064279 14.9001 10.9071 7.819849 14.4515 10.4189 5.064279 14.4515 10.4189 7.837239 12.7051 13.1847 7.513739 15.2301 10.3003 7.931429 12.6812 13.1615 6.853589 16.4733 9.46725 4.564419 16.3753 9.635471 7.514489 16.0459 10.1249 8.049499 13.1845 13.5275 7.573559 12.9527 13.3068 7.781729 13.1955 13.5044 4.564419 13.1845 13.5275 7.573559 14.6115 7.93931 4.564419 13.9031 7.91849 5.664279 15.6357 7.9694 4.564419 15.6453 7.96968 5.664279 16.4733 9.46725 4.564419 16.4791 8.48088 4.564419 16.4109 9.518421 5.664279 16.5014 8.50455 5.664279 13.9031 7.91849 5.664279 14.5826 8.33863 6.06428 15.6453 7.96968 5.664279 15.6335 8.36951 6.06428 16.4109 9.518421 5.664279 16.5014 8.50455 5.664279 16.1195 9.29546 6.06428 16.1472 8.69043 6.06428 16.1864 9.15514 6.06428 14.6115 7.93931 5.664279 14.6115 7.93931 4.564419 15.2797 4.14312 5.664279 14.7093 5.84714 4.657869 14.1922 7.7142 6.053259 14.6115 7.93931 5.664279 14.8201 4.09922 6.053259 15.2797 4.14312 5.664279 14.1922 7.7142 6.053259 14.5826 8.33863 6.06428 14.6115 7.93931 5.664279 12.9533 13.3908 8.557239 13.2188 13.6475 8.326379 13.1661 13.2623 8.31789 12.7936 13.1559 8.29994 13.1955 13.5044 4.564419 13.0177 13.124 7.689419 12.7936 13.1559 7.695079 13.2188 13.6475 4.564419 9.04127 15.835 7.769468 9.04128 15.835 7.113288 9.30292 16.0028 8.042949 9.48096 16.3344 7.823409 13.2188 13.6475 4.564419 13.2188 13.6475 8.326379 9.53545 16.2545 4.564418 9.48096 16.3344 7.823409 9.20993 15.8738 8.515039 9.30215 16.1482 8.77149 9.56701 16.0926 8.532329 9.48607 16.4623 8.53802 9.53545 16.2545 4.564418 9.49274 15.8604 7.872438 9.20993 15.8738 7.857148 9.48607 16.4623 4.564418 3.78778 18.1469 8.268619 3.68932 17.9167 8.00185 3.65179 18.5341 8.036719 9.48607 16.4623 4.564418 9.48607 16.4623 8.53802 3.69969 18.5037 4.564418 3.65179 18.5341 8.036719 3.68932 17.9167 7.639808 6.04819 -7.334669 4.56892 2.95834 -7.94525 4.55789 9.36871 -9.1533 4.56428 -0.06209379 -8.5 4.55789 -3.08253 -7.94525 4.56253 -6.69518 -6.6468 4.55789 -8.805211 -9.00766 4.56253 -18.7989 1.69572 4.56428 -18.6491 1.33061 4.96428 -13.7577 1.00085 4.57893 -13.7805 0.5104184 4.96428 -9.40863 9.22553 4.56428 -16.8694 8.53013 4.56428 -13.7577 1.00085 4.57893 -18.232 4.8864 4.56428 -18.6491 1.33061 4.96428 -18.4819 -2.540419 4.96428 -13.7805 0.5104184 4.96428 -13.2654 -2.257509 4.96428 -18.4532 -2.91003 4.62568 -17.2945 -6.55727 4.625761 -13.2233 -2.622 4.62568 -14.7093 -5.847139 4.625761 -13.2217 -2.69279 4.62576 -18.4532 -2.91003 4.62568 -13.2233 -2.622 4.62568 -18.4819 -2.540419 4.96428 -13.2654 -2.257509 4.96428 -13.8201 12.9584 4.564279 -11.4364 10.8861 4.564279 -18.7989 1.69572 4.56428 -9.53545 -16.2545 4.564421 -9.48607 -16.4623 4.564421 -14.6115 -7.939309 4.56442 11.7248 -13.2618 4.564421 11.3049 -10.8083 4.564281 -3.63964 -18.6483 4.564421 2.60851 -18.7455 4.564421 9.102701 -15.471 4.564421 7.23612 -17.4938 4.564421 -13.2188 -13.6476 4.564421 -3.69969 -18.5037 4.564421 2.63397 -18.8164 4.564421 -14.6115 -7.939309 4.56442 -10.907 -7.018219 4.60094 -15.6357 -7.969399 4.56442 -13.1955 -13.5044 4.564421 -16.4791 -8.48088 4.56442 -16.4733 -9.46725 4.56442 -6.0482 7.33467 4.568919 -3.08253 7.94525 4.557889 -0.06209444 8.5 4.557889 2.95834 7.94525 4.56253 6.57099 6.6468 4.557889 8.805211 9.00766 4.56253 18.7989 -1.69572 4.56428 18.6491 -1.33061 4.96428 13.7577 -1.00085 4.57893 13.7805 -0.5104176 4.96428 9.36871 -9.1533 4.56428 16.8694 -8.53013 4.56428 13.7577 -1.00085 4.57893 18.232 -4.886399 4.56428 18.6491 -1.33061 4.96428 18.4819 2.54042 4.96428 13.7805 -0.5104176 4.96428 13.2654 2.25751 4.96428 18.4532 2.91003 4.62572 17.2945 6.557271 4.62572 13.2233 2.622 4.59357 14.7093 5.84714 4.62572 13.2217 2.69279 4.62572 18.4532 2.91003 4.62572 13.2233 2.622 4.59357 18.4819 2.54042 4.96428 13.2654 2.25751 4.96428 13.8201 -12.9584 4.564281 11.3049 -10.8083 4.564281 18.7989 -1.69572 4.56428 9.53545 16.2545 4.564418 9.48607 16.4623 4.564418 14.6115 7.93931 4.564419 -11.7248 13.2618 4.564419 3.63964 18.6483 4.564418 -2.60851 18.7455 4.564418 -9.102701 15.471 4.564419 -7.23612 17.4938 4.564418 13.2188 13.6475 4.564419 3.69969 18.5037 4.564418 -2.63397 18.8164 4.564418 14.6115 7.93931 4.564419 10.907 7.01822 4.600939 15.6357 7.9694 4.564419 13.1955 13.5044 4.564419 16.4791 8.48088 4.564419 16.4733 9.46725 4.564419 8.22989 9.37238 0.03958779 8.776741 8.83883 5.553259 10.4959 6.72453 0.03958749 10.4958 6.72555 5.55446 5.60307 11.2008 0.03958714 5.60312 11.2008 4.557719 6.20684 -6.32376 5.05326 5.11335 -4.59169 5.05326 8.00246 -3.569779 5.05326 6.49834 -2.138299 5.05326 6.83791 3.81511e-7 5.05326 8.84675 3.81511e-7 5.05326 2.91273 -6.306489 5.05326 2.93953 -8.191451 5.05326 2.91273 -6.306489 5.05326 2.93953 -8.191451 5.05326 2.73117 -6.202139 4.75546 2.58259 -8.453001 4.75546 5.11335 -4.59169 5.05326 4.9101 -4.409749 4.75546 6.83791 3.81511e-7 5.05326 6.49834 -2.138299 5.05326 6.53791 3.59027e-7 4.75546 6.23984 -1.99366 4.75546 8.00246 -3.569779 5.05326 8.84675 3.81511e-7 5.05326 8.54736 -3.71766 4.55549 9.30269 3.4393e-7 4.55549 6.20684 -6.32376 5.05326 6.52429 -6.6468 4.56029 6.20684 6.32376 5.053259 8.02414 3.51511 5.053259 5.11335 4.591691 5.053259 6.49834 2.1383 5.05326 2.89062 8.18234 5.053259 2.82668 6.30649 5.053259 2.82668 6.30649 5.053259 2.64512 6.20214 4.755459 2.89062 8.18234 5.053259 2.58259 8.453001 4.755559 5.11335 4.591691 5.053259 4.9101 4.40975 4.755459 6.49834 2.1383 5.05326 6.23984 1.99366 4.75546 8.02414 3.51511 5.053259 8.56904 3.66299 4.555659 6.20684 6.32376 5.053259 6.57099 6.6468 4.557889 13.2134 4.17359 5.000959 13.2132 4.17363 0.03958767 13.9178 3.77562e-7 5.00096 13.9177 0 0.03958749 6.27022 12.5465 4.950859 3.05684 13.6709 4.950859 6.27022 12.5422 0.03958654 3.08024 13.6092 0.03958696 13.9177 0 0.03958749 13.2132 4.17363 0.03958767 12.4499 0 0.03958797 11.8723 3.77606 0.03958767 2.94558 12.1176 0.03958755 5.60307 11.2008 0.03958714 3.08024 13.6092 0.03958696 6.27022 12.5422 0.03958654 8.22989 9.37238 0.03958779 9.27436 10.4495 0.03958666 10.4959 6.72453 0.03958749 11.6815 7.61762 0.03958737 11.8726 3.7757 5.55446 11.8723 3.77606 0.03958767 12.4499 0 0.03958797 12.4489 -3.76264e-4 5.55446 5.60312 11.2008 4.557719 5.60307 11.2008 0.03958714 2.88229 12.1505 4.557719 2.94558 12.1176 0.03958755 2.54713 12.9309 0.03958702 2.51918 12.9969 4.557059 2.54713 12.9309 0.03958702 9.27441 10.4495 4.950859 9.27436 10.4495 0.03958666 11.6817 7.61683 4.95086 11.6815 7.61762 0.03958737 13.2134 -4.173589 5.00096 13.2132 -4.17363 0.03958779 6.27022 -12.5465 4.950861 6.27022 -12.5422 0.03958892 3.07967 -13.7288 4.950861 3.10306 -13.6671 0.03958898 13.2132 -4.17363 0.03958779 11.8723 -3.77606 0.03958827 5.60307 -11.2008 0.0395888 2.97444 -12.1176 0.03958886 6.27022 -12.5422 0.03958892 3.10306 -13.6671 0.03958898 9.27436 -10.4495 0.03958874 7.68307 -9.856161 0.03958874 10.4959 -6.72453 0.03958851 8.7767 -8.832631 0.03958863 11.6815 -7.61762 0.03958803 10.4958 -6.72756 5.554461 10.4959 -6.72453 0.03958851 11.8727 -3.776669 5.554461 11.8723 -3.77606 0.03958827 8.7767 -8.832631 0.03958863 8.776741 -8.78286 5.554461 5.60311 -11.2008 4.557721 2.91115 -12.1505 4.557721 5.60307 -11.2008 0.0395888 2.97444 -12.1176 0.03958886 7.68307 -9.856161 0.03958874 7.63367 -9.85014 4.557721 2.60063 -12.9712 0.03958892 2.54502 -13.0372 4.557061 2.60063 -12.9712 0.03958892 11.6817 -7.616829 4.95086 11.6815 -7.61762 0.03958803 9.27441 -10.4495 4.955661 9.27436 -10.4495 0.03958874 2.73175 -6.20224 2.33778 4.91011 -4.40977 2.33781 2.73117 -6.202139 4.75546 4.9101 -4.409749 4.75546 6.23984 -1.99366 4.75546 6.23994 -1.99356 2.33782 6.53791 3.59027e-7 4.75546 6.55727 1.76501e-7 2.33782 6.52429 -6.6468 4.56029 8.54736 -3.71766 4.55549 6.52433 -6.6468 2.337821 8.54743 -3.71766 2.33782 9.30269 0 0.03958797 9.10621 -1.90824 0.03958809 9.30269 3.4393e-7 4.55549 9.10623 -1.90824 2.3381 5.12559 -4.60016 2.05701 4.91011 -4.40977 2.33781 2.91877 -6.3044 2.05701 2.73175 -6.20224 2.33778 6.49834 -2.1383 2.057 6.82671 1.55299e-7 2.057 6.23994 -1.99356 2.33782 6.55727 1.76501e-7 2.33782 6.20684 -6.32376 2.057001 5.12559 -4.60016 2.05701 5.44677 -6.17977 2.057001 8.20844 -3.62934 2.057 6.49834 -2.1383 2.057 8.694581 -2.22512 2.057 6.82671 1.55299e-7 2.057 7.78963 -0.8999999 2.05772 2.58259 -8.453001 4.75546 2.58223 -8.453021 0.03958863 2.58179 -7.99868 2.337821 2.58275 -7.99864 0.03958857 2.73175 -6.20224 2.33778 2.73117 -6.202139 4.75546 3.20592 -8.79486 4.55772 3.20594 -8.79483 0.03958863 5.70908 -7.530129 4.55772 5.71379 -7.49526 0.03958904 2.58223 -8.453021 0.03958863 3.20594 -8.79483 0.03958863 2.58275 -7.99864 0.03958857 5.71379 -7.49526 0.03958904 2.81415 -7.70003 0.03958857 5.44658 -6.18065 0.03958845 2.81415 -7.70003 0.03958857 2.81411 -7.70001 2.05704 5.44677 -6.17977 2.057001 5.44658 -6.18065 0.03958845 6.20684 -6.32376 0.03958797 7.68307 -9.856161 0.03958874 5.71379 -7.49526 0.03958904 7.63367 -9.85014 4.557721 5.70908 -7.530129 4.55772 8.54743 -3.71766 2.33782 8.20844 -3.62934 2.057 6.52433 -6.6468 2.337821 6.20684 -6.32376 2.057001 9.10623 -1.90824 2.3381 8.694581 -2.22512 2.057 2.58179 -7.99868 2.337821 2.81411 -7.70001 2.05704 2.91877 -6.3044 2.05701 2.81411 -7.70001 2.05704 2.64569 6.20224 2.337779 2.64512 6.20214 4.755459 4.91011 4.40977 2.33781 4.9101 4.40975 4.755459 6.23984 1.99366 4.75546 6.23994 1.99356 2.33782 6.57099 6.6468 4.557889 6.35966 6.86872 2.338369 8.56904 3.66299 4.555659 8.56912 3.66299 2.33782 9.10623 1.90824 2.3381 9.10621 1.90824 0.03958785 5.12559 4.60016 2.05701 2.83272 6.3044 2.057009 4.91011 4.40977 2.33781 2.64569 6.20224 2.337779 6.49834 2.1383 2.057 6.23994 1.99356 2.33782 5.12559 4.60016 2.05701 6.37426 6.4355 2.057 5.70375 6.08506 2.057 8.23012 3.57467 2.057 6.49834 2.1383 2.057 8.693511 2.22615 2.057 2.58259 8.453001 4.755559 2.58179 7.99868 2.337819 2.58223 8.453021 0.03958684 2.58275 7.99864 0.03958737 2.64569 6.20224 2.337779 2.64512 6.20214 4.755459 2.86125 8.77275 4.56253 6.35967 6.86874 0.03958743 2.86123 8.77279 0.03958731 6.35967 6.86874 0.03958743 2.86123 8.77279 0.03958731 5.70356 6.08594 0.03958749 2.81414 7.70003 0.03958737 2.58223 8.453021 0.03958684 2.58275 7.99864 0.03958737 2.81414 7.70003 0.03958737 2.81411 7.70001 2.057039 5.70375 6.08506 2.057 5.70356 6.08594 0.03958749 6.37426 6.4355 2.057 6.37371 6.436 0.03958749 6.37371 6.436 0.03958749 8.56912 3.66299 2.33782 6.35966 6.86872 2.338369 8.23012 3.57467 2.057 6.37426 6.4355 2.057 9.10623 1.90824 2.3381 8.693511 2.22615 2.057 2.58179 7.99868 2.337819 2.81411 7.70001 2.057039 2.83272 6.3044 2.057009 2.81411 7.70001 2.057039 7.78963 -0.910909 0.03958803 9.10621 -1.90824 0.03958809 9.30269 0 0.03958797 6.89982 -0.8999999 2.05772 6.89982 -0.913287 0.03958803 7.78963 -0.8999999 2.05772 7.78963 -0.910909 0.03958803 6.89982 -0.913287 0.03958803 6.89982 -0.8999999 2.05772 6.89982 -2.38937 0.03958815 6.89982 -2.38937 2.08631 6.89982 -2.38937 0.03958815 6.89982 -2.38937 2.08631 8.522661 -2.38937 0.03958815 8.52049 -2.38937 2.08631 6.89982 -0.913287 0.03958803 6.89982 -2.38937 0.03958815 8.522661 -2.38937 0.03958815 7.78963 0.910909 0.03958791 9.10621 1.90824 0.03958785 7.78963 0.910909 0.03958791 7.78963 0.9000002 2.05772 7.78963 -0.910909 0.03958803 7.78963 -0.8999999 2.05772 6.89982 0.9000002 2.05772 7.78963 0.9000002 2.05772 6.89982 0.913287 0.03958737 7.78963 0.910909 0.03958791 6.89982 2.38937 2.08631 6.89982 0.9000002 2.05772 6.89982 2.38937 0.03958731 6.89982 0.913287 0.03958737 6.89982 2.38937 0.03958731 8.522661 2.38937 0.03958731 6.89982 2.38937 2.08631 8.52049 2.38937 2.08631 8.522661 2.38937 0.03958731 6.89982 0.913287 0.03958737 6.89982 2.38937 0.03958731 8.776741 8.83883 5.553259 8.41611 9.18531 6.053259 9.25615 8.98757 6.053259 10.4958 6.72555 5.55446 10.8985 7.021111 6.053259 12.3611 3.88289 6.053259 11.8726 3.7757 5.55446 12.9286 0.00196588 6.05326 12.4489 -3.76264e-4 5.55446 12.3408 -3.929639 6.05326 10.9113 -6.99688 6.05326 11.8727 -3.776669 5.554461 10.4958 -6.72756 5.554461 8.75524 -9.55273 6.053261 8.776741 -8.78286 5.554461 -0.06209474 -9 6.05326 3.13601 -8.41262 6.05326 0.148386 -17.2916 6.070731 2.95834 -7.94525 4.55789 2.95834 -7.94525 5.55326 -0.06209385 -8.5 4.55789 -0.06209486 -8.5 5.55326 5.58451 -6.353409 4.55789 5.58451 -6.353409 5.55326 5.93374 -6.718899 6.05326 3.13601 -8.41262 6.05326 5.58451 -6.353409 5.55326 2.95834 -7.94525 5.55326 -0.06209486 -8.5 5.55326 -0.06209474 -9 6.05326 6.20684 -6.32376 5.55326 8.776741 -8.78286 5.554461 8.75524 -9.55273 6.053261 8.75524 -9.55273 6.053261 5.93374 -6.718899 6.05326 6.30187 6.36396 5.553259 8.776741 8.83883 5.553259 6.30187 6.36396 4.56253 8.68102 9.00766 4.56253 -0.06209456 9 6.053259 4.42742 14.2352 6.053259 3.13601 8.41262 6.053259 4.77754 12.0741 6.053259 2.95834 7.94525 4.56253 -0.06209468 8.5 4.557889 2.95834 7.94525 5.553259 -0.06209468 8.5 5.553259 5.58451 6.35341 4.56253 5.58451 6.35341 5.553259 5.93374 6.7189 6.053259 5.58451 6.35341 5.553259 3.13601 8.41262 6.053259 2.95834 7.94525 5.553259 -0.06209468 8.5 5.553259 -0.06209456 9 6.053259 6.30187 6.36396 5.553259 8.776741 8.83883 5.553259 8.41611 9.18531 6.053259 8.41611 9.18531 6.053259 5.93374 6.7189 6.053259 -6.42606 6.36396 5.053259 -5.23754 4.591691 5.053259 -8.17447 3.48416 5.053259 -6.62252 2.1383 5.05326 -6.96209 3.81511e-7 5.05326 -8.97094 3.81511e-7 5.05326 -3.03692 6.30649 5.053259 -3.06372 8.191451 5.053259 -3.03692 6.30649 5.053259 -3.06372 8.191451 5.053259 -2.85536 6.20214 4.755459 -2.70677 8.453001 4.75566 -5.23754 4.591691 5.053259 -5.03429 4.40975 4.755459 -6.96209 3.81511e-7 5.05326 -6.62252 2.1383 5.05326 -6.66209 3.59027e-7 4.75546 -6.36403 1.99366 4.75546 -8.17447 3.48416 5.053259 -8.97094 3.81511e-7 5.05326 -8.71937 3.63204 4.557889 -9.42688 3.44111e-7 4.55789 -6.42606 6.36396 5.053259 -6.69693 6.68124 4.557889 -6.33103 -6.32376 5.05326 -8.116371 -3.556799 5.05326 -5.23754 -4.59169 5.05326 -6.62252 -2.138299 5.05326 -3.01481 -8.18234 5.05326 -2.95087 -6.306489 5.05326 -2.95087 -6.306489 5.05326 -2.76931 -6.202139 4.75546 -3.01481 -8.18234 5.05326 -2.70677 -8.453001 4.75546 -5.23754 -4.59169 5.05326 -5.03429 -4.409749 4.75546 -6.62252 -2.138299 5.05326 -6.36403 -1.99366 4.75546 -8.116371 -3.556799 5.05326 -8.66128 -3.70468 4.55789 -6.33103 -6.32376 5.05326 -6.69518 -6.6468 4.55789 -13.3376 -4.173589 5.00377 -13.3374 -4.17363 0.03958827 -14.042 3.77774e-7 5.00377 -14.0419 0 0.03958749 -6.3944 -12.5465 4.950861 -3.18103 -13.6709 4.950861 -6.39441 -12.5422 0.03958892 -3.20443 -13.6092 0.03958898 -14.0419 0 0.03958749 -13.3374 -4.17363 0.03958827 -12.5741 0 0.03958797 -11.9965 -3.77606 0.03958827 -3.06977 -12.1176 0.03958886 -5.72726 -11.2008 0.0395888 -3.20443 -13.6092 0.03958898 -6.39441 -12.5422 0.03958892 -8.354081 -9.37238 0.03958821 -9.39855 -10.4495 0.03958874 -10.6201 -6.72453 0.03958851 -11.8057 -7.61762 0.03958857 -10.62 -6.725549 5.554461 -11.9968 -3.775699 5.554461 -10.6201 -6.72453 0.03958851 -11.9965 -3.77606 0.03958827 -8.354081 -9.37238 0.03958821 -8.41569 -9.4351 5.55566 -12.5741 0 0.03958797 -12.5731 3.77065e-4 5.55446 -5.7273 -11.2008 4.557721 -5.72726 -11.2008 0.0395888 -3.00648 -12.1505 4.557721 -3.06977 -12.1176 0.03958886 -2.67132 -12.9309 0.03958892 -2.64337 -12.9969 4.557061 -2.67132 -12.9309 0.03958892 -9.398591 -10.4495 4.950861 -9.39855 -10.4495 0.03958874 -11.8058 -7.616829 4.95086 -11.8057 -7.61762 0.03958857 -13.3376 4.17359 5.003769 -13.3374 4.17363 0.03958767 -6.3944 12.5465 4.950859 -6.39441 12.5422 0.03958702 -3.20386 13.7288 4.950859 -3.22725 13.6671 0.03958696 -13.3374 4.17363 0.03958767 -11.9965 3.77606 0.03958767 -5.72726 11.2008 0.03958714 -3.09863 12.1176 0.03958654 -6.39441 12.5422 0.03958702 -3.22725 13.6671 0.03958696 -9.39855 10.4495 0.03958719 -7.80726 9.856161 0.03958725 -9.39855 10.4495 0.03958719 -10.62 6.72453 0.03958749 -8.90089 8.8886 0.03958731 -11.8057 7.61762 0.03958737 -10.62 6.72756 5.55446 -10.62 6.72453 0.03958749 -11.9969 3.77667 5.55446 -11.9965 3.77606 0.03958767 -8.90089 8.8886 0.03958731 -8.90091 8.86372 5.55446 -5.7273 11.2008 4.557719 -3.03534 12.1505 4.557719 -5.72726 11.2008 0.03958714 -3.09863 12.1176 0.03958654 -7.80726 9.856161 0.03958725 -7.75786 9.85014 4.555489 -2.72481 12.9712 0.03958648 -2.66921 13.0372 4.557049 -2.72481 12.9712 0.03958648 -9.398591 10.4495 4.955659 -11.8058 7.61683 4.95086 -9.39855 10.4495 0.03958719 -11.8057 7.61762 0.03958737 -2.85593 6.20223 2.337779 -5.0343 4.40977 2.33781 -2.85536 6.20214 4.755459 -5.03429 4.40975 4.755459 -6.36403 1.99366 4.75546 -6.36413 1.99356 2.33782 -6.66209 3.59027e-7 4.75546 -6.68146 1.76501e-7 2.33782 -6.69693 6.68124 4.557889 -8.71937 3.63204 4.557889 -6.69521 6.6468 2.33782 -8.71944 3.63204 2.33782 -9.42688 0 0.03958749 -9.230401 1.90824 0.03958785 -9.42688 3.44111e-7 4.55789 -9.230421 1.90824 2.3381 -5.24978 4.60016 2.05701 -5.0343 4.40977 2.33781 -3.04296 6.3044 2.057009 -2.85593 6.20223 2.337779 -6.62252 2.1383 2.057 -6.9509 1.55299e-7 2.057 -6.36413 1.99356 2.33782 -6.68146 1.76501e-7 2.33782 -6.42606 6.36396 2.057 -5.24978 4.60016 2.05701 -5.57096 6.17977 2.057 -8.380451 3.54372 2.057 -6.62252 2.1383 2.057 -8.81877 2.22512 2.057 -6.9509 1.55299e-7 2.057 -7.91382 0.9000002 2.05772 -2.70677 8.453001 4.75566 -2.70642 8.453021 0.03958731 -2.70598 7.99868 2.337819 -2.70694 7.99864 0.0395869 -2.85593 6.20223 2.337779 -2.85536 6.20214 4.755459 -3.33318 8.803111 4.55549 -3.33013 8.79483 0.03958731 -5.81539 7.52881 4.55549 -5.83798 7.49526 0.03958743 -3.33013 8.79483 0.03958731 -5.83798 7.49526 0.03958743 -2.93833 7.70003 0.0395869 -5.57077 6.18065 0.03958749 -2.70694 7.99864 0.0395869 -2.70642 8.453021 0.03958731 -2.93833 7.70003 0.0395869 -2.9383 7.70001 2.057039 -5.57096 6.17977 2.057 -5.57077 6.18065 0.03958749 -6.42606 6.36396 0.03958749 -8.71944 3.63204 2.33782 -8.380451 3.54372 2.057 -6.69521 6.6468 2.33782 -6.42606 6.36396 2.057 -9.230421 1.90824 2.3381 -8.81877 2.22512 2.057 -2.70598 7.99868 2.337819 -2.9383 7.70001 2.057039 -3.04296 6.3044 2.057009 -2.9383 7.70001 2.057039 -2.76988 -6.20224 2.33778 -2.76931 -6.202139 4.75546 -5.0343 -4.40977 2.33781 -5.03429 -4.409749 4.75546 -6.36403 -1.99366 4.75546 -6.36413 -1.99356 2.33782 -6.69518 -6.6468 4.55789 -6.48385 -6.86872 2.33837 -8.66128 -3.70468 4.55789 -8.661351 -3.70468 2.33782 -9.230421 -1.90824 2.3381 -9.230401 -1.90824 0.03958863 -5.24978 -4.60016 2.05701 -2.95691 -6.3044 2.05701 -5.0343 -4.40977 2.33781 -2.76988 -6.20224 2.33778 -6.62252 -2.1383 2.057 -6.36413 -1.99356 2.33782 -5.24978 -4.60016 2.05701 -6.49845 -6.4355 2.057001 -5.82794 -6.08506 2.057001 -8.32235 -3.61635 2.057 -6.62252 -2.1383 2.057 -8.8177 -2.22615 2.057 -2.70677 -8.453001 4.75546 -2.70598 -7.99868 2.337821 -2.70642 -8.453021 0.03958863 -2.70694 -7.99864 0.03958857 -2.76988 -6.20224 2.33778 -2.76931 -6.202139 4.75546 -2.98544 -8.77275 4.55772 -6.48386 -6.86874 0.03958797 -2.98541 -8.77279 0.03958863 -6.48386 -6.86874 0.03958797 -2.98541 -8.77279 0.03958863 -5.82774 -6.08594 0.03958791 -2.93833 -7.70003 0.03958857 -2.70642 -8.453021 0.03958863 -2.70694 -7.99864 0.03958857 -2.93833 -7.70003 0.03958857 -2.9383 -7.70001 2.05704 -5.82794 -6.08506 2.057001 -5.82774 -6.08594 0.03958791 -6.49845 -6.4355 2.057001 -6.4979 -6.436 0.03958845 -6.4979 -6.436 0.03958845 -8.661351 -3.70468 2.33782 -6.48385 -6.86872 2.33837 -8.32235 -3.61635 2.057 -6.49845 -6.4355 2.057001 -9.230421 -1.90824 2.3381 -8.8177 -2.22615 2.057 -2.70598 -7.99868 2.337821 -2.9383 -7.70001 2.05704 -2.95691 -6.3044 2.05701 -2.9383 -7.70001 2.05704 -6.4979 -6.436 0.03958845 -6.49845 -6.4355 2.057001 -7.91382 0.910909 0.03958791 -9.230401 1.90824 0.03958785 -9.42688 0 0.03958749 -7.0652 0.9000002 2.05772 -7.06521 0.913287 0.03958791 -7.91382 0.9000002 2.05772 -7.91382 0.910909 0.03958791 -7.06521 0.913287 0.03958791 -7.0652 0.9000002 2.05772 -7.0652 2.38937 0.03958779 -7.06521 2.38937 2.08631 -7.0652 2.38937 0.03958779 -7.06521 2.38937 2.08631 -8.64685 2.38937 0.03958779 -8.64468 2.38937 2.08631 -7.06521 0.913287 0.03958791 -7.0652 2.38937 0.03958779 -8.64685 2.38937 0.03958779 -7.91382 -0.910909 0.03958803 -9.230401 -1.90824 0.03958863 -7.91382 -0.910909 0.03958803 -7.91382 -0.8999999 2.05772 -7.91382 0.910909 0.03958791 -7.91382 0.9000002 2.05772 -7.0652 -0.8999999 2.05772 -7.91382 -0.8999999 2.05772 -7.0652 -0.913287 0.03958803 -7.91382 -0.910909 0.03958803 -7.0652 -2.38937 2.08631 -7.0652 -0.8999999 2.05772 -7.0652 -2.38937 0.03958815 -7.0652 -0.913287 0.03958803 -7.0652 -2.38937 0.03958815 -8.64685 -2.38937 0.03958815 -7.0652 -2.38937 2.08631 -8.64468 -2.38936 2.08631 -8.64685 -2.38937 0.03958815 -7.0652 -0.913287 0.03958803 -7.0652 -2.38937 0.03958815 -8.90093 -8.83883 5.55326 -8.90027 -9.56193 6.053261 -10.62 -6.725549 5.554461 -11.0226 -7.02111 6.05326 -12.4853 -3.882889 6.05326 -11.9968 -3.775699 5.554461 -13.0528 -0.001965105 6.05326 -12.5731 3.77065e-4 5.55446 -12.465 3.92964 6.053259 -11.0354 6.996881 6.053259 -11.9969 3.77667 5.55446 -10.62 6.72756 5.55446 -8.87943 9.55273 6.053259 -8.90091 8.86372 5.55446 -3.2602 8.41262 6.053259 -4.90173 12.0741 6.053259 -3.08253 7.94525 4.557889 -3.08253 7.94525 5.553259 -5.7087 6.35341 4.557889 -5.7087 6.35341 5.553259 -6.05792 6.7189 6.053259 -3.2602 8.41262 6.053259 -5.7087 6.35341 5.553259 -3.08253 7.94525 5.553259 -6.42606 6.36396 5.553259 -6.69693 6.68124 4.557889 -6.42606 6.36396 5.053259 -6.42606 6.36396 5.553259 -8.90091 8.86372 5.55446 -8.87943 9.55273 6.053259 -8.87943 9.55273 6.053259 -6.05792 6.7189 6.053259 -6.42606 -6.363959 5.55326 -8.90093 -8.83883 5.55326 -6.42606 -6.363959 4.56253 -8.805211 -9.00766 4.56253 -4.71621 -15.8077 6.059991 -3.08253 -7.94525 4.56253 -3.08253 -7.94525 5.55326 -5.7087 -6.353409 4.56253 -5.7087 -6.353409 5.55326 -6.05792 -6.718899 6.05326 -5.7087 -6.353409 5.55326 -3.2602 -8.41262 6.05326 -3.08253 -7.94525 5.55326 -6.42606 -6.363959 5.55326 -8.90093 -8.83883 5.55326 -8.90027 -9.56193 6.053261 -4.90173 -12.0741 6.053261 -8.90027 -9.56193 6.053261 -3.2602 -8.41262 6.05326 -6.05792 -6.718899 6.05326 6.20684 -6.32376 2.057001 6.20684 -6.32376 0.03958797 -6.42606 6.36396 2.057 -6.42606 6.36396 0.03958749 6.20684 -6.32376 5.05326 6.20684 -6.32376 5.55326 9.25615 8.98757 6.053259 8.41611 9.18531 6.053259 11.3154 12.7978 6.105679 10.8985 7.021111 6.053259 9.25615 8.98757 6.053259 16.1864 9.15514 6.06428 11.3154 12.7978 6.105679 14.5826 8.33863 6.06428 15.6335 8.36951 6.06428 16.1472 8.69043 6.06428 12.9286 0.00196588 6.05326 12.3611 3.88289 6.053259 15.31 -2.377619 6.10568 14.8201 4.09922 6.053259 10.9113 -6.99688 6.05326 12.3408 -3.929639 6.05326 10.6131 -11.5655 6.105681 15.31 -2.377619 6.10568 8.75524 -9.55273 6.053261 10.9113 -6.99688 6.05326 10.6131 -11.5655 6.105681 12.9286 0.00196588 6.05326 0.148386 -17.2916 6.070731 -11.0226 -7.02111 6.05326 -16.1864 -9.15514 6.06428 -12.4297 -13.9738 6.105681 -14.5826 -8.33863 6.06428 -15.6335 -8.36951 6.06428 -16.1472 -8.69043 6.06428 -13.0528 -0.001965105 6.05326 -12.4853 -3.882889 6.05326 -14.8201 -4.099219 6.05326 -11.0354 6.996881 6.053259 -12.465 3.92964 6.053259 -12.609 9.2039 6.105679 -14.8201 -4.099219 6.05326 -8.87943 9.55273 6.053259 -11.0354 6.996881 6.053259 -12.609 9.2039 6.105679 -12.465 3.92964 6.053259 -4.90173 12.0741 6.053259 -5.87564 15.9524 6.105679 4.42742 14.2352 6.053259 -4.90173 12.0741 6.053259 3.79756 16.988 6.084698 -5.87564 15.9524 6.105679 -14.1922 -7.7142 6.05326 14.1922 7.7142 6.053259 10.8985 7.021111 6.053259 14.5826 8.33863 6.06428 14.5826 8.33863 6.06428 10.8985 7.021111 6.053259 16.1864 9.15514 6.06428 14.1922 7.7142 6.053259 6.20684 -6.32376 0.03958797 8.7767 -8.832631 0.03958863 6.20684 -6.32376 5.55326 8.776741 -8.78286 5.554461 -6.42606 6.36396 0.03958749 -8.90089 8.8886 0.03958731 -6.42606 6.36396 5.553259 -8.90091 8.86372 5.55446 -5.83798 7.49526 0.03958743 -5.81539 7.52881 4.55549 -7.80726 9.856161 0.03958725 -7.75786 9.85014 4.555489 -3.74332 -18.0938 8.313692 -3.37735 -17.3902 8.115302 -3.46988 -18.0867 8.614912 -3.18984 -17.608 8.433971 -0.175949 -17.1668 7.478611 -3.37735 -17.3902 8.115302 -0.175949 -17.1668 7.053781 -3.37735 -17.3902 7.434581 -3.78387 -18.035 7.549921 -3.37735 -17.3902 7.434581 -3.74332 -18.0938 8.313692 -3.37735 -17.3902 8.115302 -3.37735 -17.3902 8.115302 -0.175949 -17.1668 7.478611 -3.18984 -17.608 8.433971 -0.05209159 -17.3986 7.798002 -3.18984 -17.608 8.433971 -0.05209159 -17.3986 7.798002 -3.46988 -18.0867 8.614912 0.435779 -18.1112 8.084402 4.50562 -18.1118 7.957201 1.79332 -15.6809 7.401371 6.70415 -14.6172 7.376741 0.37215 -16.8065 7.667131 6.70415 -14.6172 7.376741 1.79332 -15.6809 7.401371 6.62725 -14.4008 7.085071 1.68403 -15.4494 7.117641 1.68403 -15.4494 7.117641 1.68403 -15.4494 5.805381 6.62725 -14.4008 7.085071 6.62725 -14.4008 6.095081 -0.175949 -17.1668 7.478611 0.225857 -16.5953 7.348081 -0.05209159 -17.3986 7.798002 0.37215 -16.8065 7.667131 -0.175949 -17.1668 7.478611 -0.175949 -17.1668 7.053781 0.225857 -16.5953 7.348081 0.2289029 -16.5915 5.804181 -8.85993 -15.4202 7.935381 -6.9578 -15.8832 6.233011 -5.05568 -16.3463 7.299231 -5.02082 -16.5849 7.609231 -8.74136 -15.7014 8.260441 -5.05568 -16.3463 7.299231 -8.85993 -15.4202 7.935381 -9.36021 -15.8966 7.974031 -9.29109 -15.7528 6.484921 -8.85993 -15.4202 7.935381 -6.9578 -15.8832 6.233011 -5.05568 -16.3463 7.299231 -3.84137 -15.8771 7.065781 -5.02082 -16.5849 7.609231 -3.73056 -16.0726 7.350961 -2.01391 -15.748 7.124021 -1.98524 -15.5405 6.835411 -5.05568 -16.3463 7.299231 -6.9578 -15.8832 6.233011 -3.84137 -15.8771 7.065781 -2.92156 -15.7094 5.855861 -1.98524 -15.5405 6.835411 -2.92156 -15.7094 5.855861 1.76846 -15.9651 5.840831 -1.98524 -15.5405 6.835411 1.76846 -15.9651 6.904431 1.76846 -15.9651 6.904431 1.79492 -16.1702 7.188931 -1.98524 -15.5405 6.835411 -2.01391 -15.748 7.124021 1.79492 -16.1702 7.188931 -1.90236 -18.5281 7.646981 -2.01391 -15.748 7.124021 -3.73056 -16.0726 7.350961 -5.02082 -16.5849 7.609231 -4.85789 -17.5623 7.882021 -8.74136 -15.7014 8.260441 -9.05303 -15.9469 8.385622 -8.74136 -15.7014 8.260441 -9.05303 -15.9469 8.385622 -8.85993 -15.4202 7.935381 -9.36021 -15.8966 7.974031 1.0901 -11.4536 6.589481 0.14664 -11.6691 6.610041 1.0901 -11.4536 6.333601 0.14664 -11.6691 6.349571 0.14664 -11.6691 6.349571 0.14664 -11.6691 6.610041 -0.131202 -11.1592 6.302471 -0.131202 -11.1592 6.549151 -0.131202 -11.1592 6.302471 -0.131202 -11.1592 6.549151 0.316091 -10.587 6.258121 0.316091 -10.587 6.491001 0.316091 -10.587 6.491001 -0.112162 -9.110569 6.38912 0.316091 -10.587 6.258121 -0.112162 -9.11057 5.95261 -0.01613897 -9.49999 5.952611 -2.70121 -8.739231 5.95261 -1.42859 -9.03267 5.95261 -2.70121 -8.73923 6.39071 -1.42859 -9.03267 6.39007 -0.112162 -9.11057 5.95261 -0.112162 -9.110569 6.38912 -2.70121 -8.73923 6.39071 -4.12443 -10.851 6.602261 -2.70121 -8.739231 5.95261 -4.12443 -10.851 6.343521 -2.90778 -9.04573 5.95261 -4.12443 -10.851 6.343521 -4.12443 -10.851 6.602261 -4.82813 -10.9199 6.377311 -4.82813 -10.9199 6.645571 -4.82813 -10.9199 6.645571 -6.2376 -13.0576 7.097171 -4.82813 -10.9199 6.377311 -6.2376 -13.0576 6.744151 -6.2376 -13.0576 7.097171 -4.74597 -13.4538 7.052111 -6.2376 -13.0576 6.744151 -4.74597 -13.4538 6.706501 -3.0944 -11.465 6.636881 -4.31455 -13.3957 7.011121 -3.0944 -11.465 6.370511 -4.31455 -13.3957 6.672441 -4.31455 -13.3957 6.672441 -4.31455 -13.3957 7.011121 -4.12478 -13.6124 6.698841 -4.12478 -13.6124 7.042911 -4.74597 -13.4538 7.052111 -3.24287 -11.0856 6.595001 -4.74597 -13.4538 6.706501 -3.24287 -11.0856 6.337881 -3.24287 -11.0856 6.337881 -3.24287 -11.0856 6.595001 -2.83517 -10.8851 6.310141 -2.83517 -10.8851 6.559111 -2.83517 -10.8851 6.559111 -1.13119 -11.1108 6.550071 -2.83517 -10.8851 6.310141 -1.13119 -11.1108 6.303181 -1.13119 -11.1108 6.303181 -1.13119 -11.1108 6.550071 -0.31113 -10.3899 6.244701 -0.31113 -10.3899 6.473251 -0.31113 -10.3899 6.244701 -0.31113 -10.3899 6.473251 -0.135313 -10.5949 6.258411 -0.135313 -10.5949 6.491391 -0.135313 -10.5949 6.491391 -1.00377 -11.6478 6.612731 -0.135313 -10.5949 6.258411 -1.00377 -11.6478 6.351661 -1.00377 -11.6478 6.612731 -3.0944 -11.465 6.636881 -1.00377 -11.6478 6.351661 -3.0944 -11.465 6.370511 -4.12478 -13.6124 6.698841 -4.12478 -13.6124 7.042911 -3.34883 -13.1626 6.591651 -3.34883 -13.1626 6.913001 -3.34883 -13.1626 6.913001 -1.67539 -13.2727 6.874831 -3.34883 -13.1626 6.591651 -1.67539 -13.2727 6.560521 -1.67539 -13.2727 6.874831 -1.29258 -12.5808 6.749811 -1.67539 -13.2727 6.560521 -1.29258 -12.5808 6.459761 -1.29258 -12.5808 6.749811 0.96151 -12.1408 6.678991 -1.29258 -12.5808 6.459761 0.96151 -12.1408 6.403581 0.96151 -12.1408 6.678991 1.0901 -11.4536 6.589481 0.96151 -12.1408 6.403581 1.0901 -11.4536 6.333601 0.871236 -12.4628 6.725751 -1.07137 -12.8325 6.787231 0.871236 -12.4628 6.440601 -1.07137 -12.8325 6.489721 0.673532 -13.2357 6.852121 0.871236 -12.4628 6.725751 0.673532 -13.2357 6.542071 0.871236 -12.4628 6.440601 -0.873034 -13.5419 6.910721 0.673532 -13.2357 6.852121 -0.873034 -13.5419 6.589781 0.673532 -13.2357 6.542071 -1.36731 -14.0881 7.028121 -0.873034 -13.5419 6.910721 -1.36731 -14.0881 6.686541 -0.873034 -13.5419 6.589781 -1.62342 -13.9013 6.995021 -1.36731 -14.0881 7.028121 -1.62342 -13.9013 6.659111 -1.36731 -14.0881 6.686541 -1.07137 -12.8325 6.787231 -1.62342 -13.9013 6.995021 -1.07137 -12.8325 6.489721 -1.62342 -13.9013 6.659111 -8.12522 -15.2222 7.036241 -8.12522 -15.2222 7.915841 -7.16935 -14.8925 6.898891 -7.16935 -14.8925 7.657251 -8.38818 -14.9262 7.865241 -8.38818 -14.9262 6.990281 -6.42489 -13.4476 7.198071 -6.42489 -13.4476 6.064281 -3.34635 -15.5783 7.472661 -3.34635 -15.5783 6.820441 -7.16935 -14.8925 7.657251 -7.16935 -14.8925 6.898891 -8.38818 -14.9262 6.990281 -8.38818 -14.9262 7.865241 -8.12522 -15.2222 7.036241 -8.12522 -15.2222 7.915841 -2.34992 -13.6218 6.960021 -3.263 -13.4911 6.971471 -2.34992 -13.6218 6.064281 -3.263 -13.4911 6.064281 -3.263 -13.4911 6.064281 -3.263 -13.4911 6.971471 -4.05934 -13.938 6.064281 -4.05934 -13.938 7.107571 -4.05934 -13.938 7.107571 -6.42489 -13.4476 7.198071 -4.05934 -13.938 6.064281 -6.42489 -13.4476 6.064281 -2.34992 -13.6218 6.064281 -3.34635 -15.5783 6.820441 -2.34992 -13.6218 6.960021 -3.34635 -15.5783 7.472661 -7.3858 -9.66429 5.740871 -7.3858 -9.664289 6.401871 -8.64451 -9.86009 5.740871 -8.64451 -9.860089 6.522091 -11.6095 -8.01398 5.756721 -11.6095 -8.013979 6.67826 -12.9801 -8.01398 5.756721 -12.9801 -8.013979 6.90412 -12.7747 -9.08167 5.756721 -12.7747 -9.081669 7.00111 -14.5242 -9.08612 5.756721 -14.5242 -9.086119 7.41942 -2.90778 -9.04573 6.19663 -5.81932 -7.506579 6.19656 -2.90778 -9.04573 5.38046 -2.85292e-6 -9.5 5.756721 1.12042 -9.434451 5.756721 -2.88994e-6 -9.5 6.196571 1.12042 -9.434451 6.19659 3.44832 -8.85346 5.756721 4.17346 -8.53472 5.756721 3.44832 -8.85346 6.19661 4.17346 -8.53472 6.19659 -12.7747 -9.081669 7.00111 -12.9801 -8.013979 6.90412 -11.6095 -8.013979 6.67826 -7.3858 -9.664289 6.401871 -5.81932 -7.506579 6.19656 -2.90778 -9.04573 6.19663 3.44832 -8.85346 6.19661 3.65915 -12.4573 6.503181 -2.88689 -15.3145 6.979611 -8.840311 -13.6083 7.143551 -14.5242 -9.086119 7.41942 -8.64451 -9.860089 6.522091 -7.07812 -14.4754 7.112661 -8.840311 -13.6083 7.143551 -2.88994e-6 -9.5 6.196571 1.12042 -9.434451 6.19659 5.22246 -9.913661 6.306341 3.65915 -12.4573 6.503181 3.44832 -8.85346 6.19661 4.17346 -8.53472 6.19659 5.32069 -11.46 6.423561 5.32041 -11.4642 6.423991 -8.64451 -9.860089 6.522091 -3.86141 -15.3145 7.030491 -7.07812 -14.4754 7.112661 -3.86141 -15.3145 7.030491 -2.88689 -15.3145 6.979611 -3.86141 -15.3145 5.815551 -2.88689 -15.3145 5.797391 -8.84032 -13.6083 6.672311 -8.840311 -13.6083 7.143551 -7.07812 -14.4754 6.611791 -7.07812 -14.4754 7.112661 3.50816 -11.6086 6.671601 3.51613 -12.4331 6.794491 3.11903 -12.5882 6.802601 3.06465 -12.8494 6.844441 3.65915 -12.4504 6.803981 7.28838 -10.3039 5.820251 7.28838 -10.3039 6.745631 6.18317 -9.73712 5.820251 6.18317 -9.737119 6.593021 7.33647 -11.3975 5.820251 7.33647 -11.3975 6.907731 7.28838 -10.3039 5.820251 7.28838 -10.3039 6.745631 6.18317 -9.73712 5.820251 6.18317 -9.737119 6.593021 6.19241 -7.046649 5.82025 6.19241 -7.046649 6.4021 6.19241 -7.046649 5.82025 6.19241 -7.046649 6.4021 5.82422 -7.006519 5.82025 5.82422 -7.006519 6.389101 5.82422 -7.006519 6.389101 3.94524 -8.234729 6.38998 5.82422 -7.006519 5.82025 3.94524 -8.23473 5.82025 3.94524 -8.234729 6.38998 5.22246 -9.91366 6.554181 3.94524 -8.23473 5.82025 5.22246 -9.913661 6.306341 5.22246 -9.913661 6.306341 5.22246 -9.91366 6.554181 5.13129 -11.2393 6.423991 5.13129 -11.2393 6.704811 5.13129 -11.2393 6.423991 5.13129 -11.2393 6.704811 3.87444 -11.8492 6.437331 3.87444 -11.8492 6.721641 3.87444 -11.8492 6.437331 3.87444 -11.8492 6.721641 3.65915 -12.4504 6.503181 3.65915 -12.4504 6.803981 3.65915 -12.4504 6.503181 3.65915 -12.4504 6.803981 3.51613 -12.4331 6.495551 3.51613 -12.4331 6.794491 3.51613 -12.4331 6.495551 3.51613 -12.4331 6.794491 3.50816 -11.6086 6.397761 3.50816 -11.6086 6.671601 3.50816 -11.6086 6.397761 3.50816 -11.6086 6.671601 4.73516 -11.0564 6.386771 4.73516 -11.0564 6.657631 4.73516 -11.0564 6.386771 4.73516 -11.0564 6.657631 4.81872 -9.83763 6.285431 4.81872 -9.837629 6.526911 4.81872 -9.837629 6.526911 3.08752 -8.594339 6.39003 4.81872 -9.83763 6.285431 3.08752 -8.59434 5.82025 3.08752 -8.594339 6.39003 1.26785 -9.04257 6.38998 3.08752 -8.59434 5.82025 1.26785 -9.042571 5.82025 1.26785 -9.04257 6.38998 0.640932 -10.7089 6.504021 1.26785 -9.042571 5.82025 0.640932 -10.7089 6.267991 0.640932 -10.7089 6.267991 0.640932 -10.7089 6.504021 0.216601 -11.1454 6.301411 0.216601 -11.1454 6.547771 0.216601 -11.1454 6.301411 0.216601 -11.1454 6.547771 0.356872 -11.3258 6.317531 0.356872 -11.3258 6.568701 2.76151 -9.9948 6.243051 1.63571 -10.8032 6.283191 2.76151 -9.994799 6.471051 1.63571 -10.8032 6.523991 0.356872 -11.3258 6.317531 0.356872 -11.3258 6.568701 2.76151 -9.9948 6.243051 2.76151 -9.994799 6.471051 3.95146 -10.2216 6.285791 3.95146 -10.2216 6.527381 3.95146 -10.2216 6.285791 3.95146 -10.2216 6.527381 4.15417 -9.83846 6.264411 4.15417 -9.838459 6.499301 4.15417 -9.83846 6.264411 4.15417 -9.838459 6.499301 4.34608 -9.96192 6.278671 4.34608 -9.961919 6.518041 4.34608 -9.96192 6.278671 4.34608 -9.961919 6.518041 4.21615 -10.6283 6.326901 4.21615 -10.6283 6.580821 4.21615 -10.6283 6.326901 4.21615 -10.6283 6.580821 2.83677 -10.4553 6.275931 2.83677 -10.4553 6.514461 2.83677 -10.4553 6.514461 1.52702 -11.2841 6.575231 2.83677 -10.4553 6.275931 1.52702 -11.2841 6.322571 1.52702 -11.2841 6.575231 1.11068 -13.1521 6.842511 1.52702 -11.2841 6.322571 1.11068 -13.1521 6.534291 1.11068 -13.1521 6.842511 3.11903 -12.5882 6.802601 1.11068 -13.1521 6.534291 3.11903 -12.5882 6.502071 3.11903 -12.5882 6.502071 3.11903 -12.5882 6.802601 3.06465 -12.8494 6.535851 3.06465 -12.8494 6.844441 3.06465 -12.8494 6.844441 -0.804713 -13.8415 6.968391 3.06465 -12.8494 6.535851 -0.804713 -13.8415 6.637131 -0.804713 -13.8415 6.637131 -0.804713 -13.8415 6.968391 -1.24907 -14.426 6.745821 -1.24907 -14.426 7.099171 -1.24907 -14.426 7.099171 -2.42622 -14.3842 7.123561 -1.24907 -14.426 6.745821 -2.42622 -14.3842 6.766291 -3.41741 -16.3858 5.820251 -2.42622 -14.3842 6.766291 -3.41741 -16.3858 7.727871 -2.42622 -14.3842 7.123561 -3.41741 -16.3858 5.820251 -3.41741 -16.3858 7.727871 -3.17971 -16.5657 5.820251 -3.17971 -16.5657 7.773091 -3.17971 -16.5657 5.820251 -3.17971 -16.5657 7.773091 -2.46535 -15.9032 5.820251 -2.46535 -15.9032 7.520081 -2.46535 -15.9032 5.820251 -2.46535 -15.9032 7.520081 -0.2038069 -15.8604 5.820251 -0.2038069 -15.8604 7.451721 0.346658 -15.1999 5.820251 -0.2038069 -15.8604 5.820251 0.346658 -15.1999 7.272821 -0.2038069 -15.8604 7.451721 2.24132 -14.6692 5.820251 0.346658 -15.1999 5.820251 2.24132 -14.6692 7.182561 0.346658 -15.1999 7.272821 2.24132 -14.6692 7.182561 2.59302 -13.5279 6.950291 2.24132 -14.6692 5.820251 2.59302 -13.5279 5.822181 2.59302 -13.5279 6.950291 5.23941 -12.5311 6.913021 2.59302 -13.5279 5.822181 5.23941 -12.5311 5.820251 5.60781 -12.6727 6.966981 7.33647 -11.3975 6.907731 5.60781 -12.6727 5.820251 7.33647 -11.3975 5.820251 5.23941 -12.5311 5.820251 5.23941 -12.5311 6.913021 5.60781 -12.6727 5.820251 5.60781 -12.6727 6.966981 -3.8737 -9.955499 6.499621 -5.59516 -9.315269 6.51785 -3.8737 -9.9555 6.264651 -5.59516 -9.31527 6.27852 -5.59516 -9.31527 6.27852 -5.59516 -9.315269 6.51785 -6.7272 -10.1106 6.399691 -6.7272 -10.1106 6.674051 -6.7272 -10.1106 6.399691 -6.7272 -10.1106 6.674051 -6.65216 -10.3712 6.420031 -6.65216 -10.3712 6.699801 -6.65216 -10.3712 6.420031 -6.65216 -10.3712 6.699801 -5.86491 -10.1866 6.358041 -5.86491 -10.1866 6.620921 -5.86491 -10.1866 6.358041 -5.86491 -10.1866 6.620921 -5.01567 -10.5994 6.355191 -5.01567 -10.5994 6.617271 -5.01567 -10.5994 6.355191 -5.01567 -10.5994 6.617271 -3.8737 -9.9555 6.264651 -3.8737 -9.955499 6.499621 -6.07496 -6.90239 5.822391 -6.07496 -6.90239 6.39289 -6.71277 -7.467859 5.822391 -6.71277 -7.467859 6.4446 -6.71277 -7.467859 5.822391 -6.71277 -7.467859 6.4446 -6.51755 -8.22086 5.822391 -6.51755 -8.220859 6.481791 -6.51755 -8.22086 5.822391 -6.51755 -8.220859 6.481791 -7.71786 -9.4072 5.822391 -7.71786 -9.407199 6.67747 -7.71786 -9.4072 5.822391 -7.71786 -9.407199 6.67747 -7.71594 -9.94321 5.822391 -7.71594 -9.943209 6.740161 -7.71594 -9.94321 5.822391 -7.71594 -9.943209 6.740161 -8.549321 -10.5472 6.064281 -8.549321 -10.5472 6.912081 -8.549321 -10.5472 6.064281 -8.549321 -10.5472 6.912081 -9.1039 -10.6031 6.064281 -9.1039 -10.6031 6.990811 -9.1039 -10.6031 6.990811 -10.4132 -9.8288 7.063611 -9.1039 -10.6031 6.064281 -10.4132 -9.828801 6.064281 -10.4132 -9.828801 6.064281 -10.4132 -9.8288 7.063611 -12.3334 -10.0906 6.064281 -12.3334 -10.0906 7.473161 -9.15502 -12.1782 6.064281 -12.3334 -10.0906 6.064281 -9.15502 -12.1782 7.281001 -12.3334 -10.0906 7.473161 -9.15502 -12.1782 6.064281 -9.15502 -12.1782 7.281001 -8.59375 -11.8523 6.064281 -8.59375 -11.8523 7.135681 -8.59375 -11.8523 6.064281 -8.59375 -11.8523 7.135681 -8.0897 -12.0506 6.064281 -8.0897 -12.0506 7.106901 -8.0897 -12.0506 6.064281 -8.0897 -12.0506 7.106901 -6.68429 -11.5808 6.064281 -6.68429 -11.5808 6.873651 -6.68429 -11.5808 6.064281 -6.68429 -11.5808 6.873651 -5.98936 -11.9078 6.064281 -5.98936 -11.9078 6.865941 -5.1732 -10.8886 5.822391 -5.98936 -11.9078 6.064281 -5.1732 -10.8886 6.661481 -5.98936 -11.9078 6.865941 -5.1732 -10.8886 5.822391 -5.1732 -10.8886 6.661481 -5.92467 -10.5255 5.822391 -5.92467 -10.5255 6.664761 -5.92467 -10.5255 5.822391 -5.92467 -10.5255 6.664761 -6.70583 -10.6419 5.822391 -6.70583 -10.6419 6.739011 -6.70583 -10.6419 5.822391 -6.70583 -10.6419 6.739011 -7.34179 -10.2352 5.822391 -7.34179 -10.2352 6.741761 -7.34179 -10.2352 5.822391 -7.34179 -10.2352 6.741761 -5.736 -8.9764 5.822391 -5.736 -8.976389 6.49676 -5.736 -8.976389 6.49676 -3.75047 -9.751819 6.477961 -5.736 -8.9764 5.822391 -3.75047 -9.75182 5.822391 -3.75047 -9.75182 5.822391 -3.75047 -9.751819 6.477961 -3.76051 -8.394761 5.822391 -3.76051 -8.39476 6.39305 -6.07496 -6.90239 5.822391 -4.98253 -7.736549 5.822391 -6.07496 -6.90239 6.39289 -4.98253 -7.736549 6.392601 -3.76051 -8.394761 5.822391 -3.76051 -8.39476 6.39305 -13.8527 -6.972019 6.97271 -12.6669 -7.43367 6.06428 -13.8527 -6.972029 6.06428 -13.8527 -6.972019 6.97271 -13.8527 -6.972029 6.06428 -13.9303 -6.821159 6.96758 -13.9303 -6.821159 6.06428 -13.8429 -6.623559 6.96244 -11.2976 -6.757239 6.74476 -13.7671 -6.627539 7.11973 -13.5876 -6.63697 7.16124 -13.7671 -6.627539 7.11973 -13.5876 -6.63697 7.16124 -13.833 -6.743379 7.19794 -13.5709 -6.725929 7.25817 -13.8429 -6.623559 6.96244 -13.7414 -7.015349 7.21705 -13.4909 -7.112859 7.28503 -11.241 -6.850539 6.83638 -11.2976 -6.757239 6.74476 -8.98125 -9.577429 6.830361 -11.241 -6.850539 6.83638 -8.98125 -9.57743 5.719101 -11.2976 -6.757239 6.74476 -11.2976 -6.757239 5.74087 -8.07605 -9.619639 6.736161 -8.98125 -9.577429 6.830361 -8.07605 -9.61964 5.719101 -8.98125 -9.57743 5.719101 -8.015231 -9.85311 5.740871 -8.015231 -9.853109 6.758521 -8.07605 -9.61964 5.719101 -8.07605 -9.619639 6.736161 -8.015231 -9.85311 5.740871 -8.51404 -10.1525 6.064281 -8.015231 -9.853109 6.758521 -8.70978 -10.27 6.064281 -8.70978 -10.27 6.891151 -9.16482 -10.1979 6.064281 -9.16482 -10.1979 6.937931 -8.70978 -10.27 6.064281 -8.70978 -10.27 6.891151 -12.6669 -7.43367 7.14661 -9.16482 -10.1979 6.937931 -12.6669 -7.43367 6.06428 -9.16482 -10.1979 6.064281 -13.7414 -7.015349 7.21705 -13.4909 -7.112859 7.28503 -12.6669 -7.43367 7.14661 -13.8429 -6.623559 6.06428 -11.2976 -6.757239 5.74087 -13.8429 -6.623559 6.06428 -12.7202 -7.762969 7.19764 -14.1224 -7.80058 7.53235 -12.7869 -7.678419 7.11005 -14.1513 -7.711689 7.43649 -14.4189 -7.718219 7.2401 -12.7869 -7.678419 7.11005 -14.3385 -7.716259 7.40068 -14.1513 -7.711689 7.43649 -14.3922 -7.839929 7.48054 -14.3385 -7.716259 7.40068 -14.4189 -7.718219 7.2401 -14.4983 -7.891 7.24272 -14.2919 -8.05342 7.50028 -14.4286 -7.995339 7.24534 -13.8631 -8.235639 7.52972 -14.4988 -7.889359 5.74711 -14.4189 -7.718219 5.8462 -14.4286 -7.995339 5.89238 -14.4286 -7.995339 7.24534 -13.8631 -8.23564 6.06428 -14.4286 -7.995339 6.76998 -14.4286 -7.995339 5.89238 -12.6294 -9.789091 6.064281 -13.8631 -8.23564 6.06428 -12.6294 -9.78909 7.486021 -13.8631 -8.235639 7.52972 -12.6294 -9.78909 7.486021 -10.749 -9.543099 7.075631 -12.6294 -9.789091 6.064281 -10.749 -9.54309 6.064281 -10.749 -9.543099 7.075631 -12.7202 -7.762969 7.19764 -10.749 -9.54309 6.064281 -12.7869 -7.678419 5.912001 -12.7869 -7.678419 5.912001 -12.7202 -7.762969 7.19764 -12.7869 -7.678419 7.11005 -12.7869 -7.678419 5.912001 -14.4189 -7.718219 5.8462 -14.2919 -8.05342 7.50028 -13.8631 -8.235639 7.52972 -13.0933 -12.9436 7.281841 -15.5736 -9.928689 7.738981 -12.7367 -12.0311 7.045031 -15.1664 -9.992809 7.649721 -9.14071 -15.965 7.235161 -11.3935 -12.1884 6.820681 -7.07444 -14.4763 6.611441 -9.14071 -15.965 7.235161 -11.3935 -12.1884 6.820681 -12.6399 -11.7966 6.733161 -11.3874 -11.956 6.564281 -12.7367 -12.0311 7.045031 -11.3935 -12.1884 6.820681 -12.7367 -12.0311 7.045031 -15.1664 -9.992809 7.649721 -12.6399 -11.7966 6.733161 -13.7769 -10.9154 7.036661 -13.9165 -10.7996 6.042051 -12.6399 -11.7966 6.056181 -13.7769 -10.9154 7.036661 -12.6399 -11.7966 6.733161 -12.6399 -11.7966 6.056181 -11.4901 -11.9295 6.056181 -12.6399 -11.7966 6.733161 -11.3874 -11.956 6.564281 -9.01905 -16.0399 7.637121 -12.7465 -13.2922 8.111941 -8.92544 -14.8528 7.309231 -12.3168 -13.0859 7.960441 -2.19081 -15.9126 6.817391 -4.64874 -17.7851 7.625661 -3.30387 -15.4954 6.790001 -7.16935 -14.8925 7.059871 -7.99967 -14.7285 7.153311 -7.16935 -14.8925 7.059871 -4.64874 -17.7851 7.625661 -12.3168 -13.0859 7.960441 -12.7465 -13.2922 8.111941 -12.363 -12.7842 7.635381 -13.0082 -13.1341 7.827091 -8.92544 -14.8528 7.309231 -12.3168 -13.0859 7.960441 -8.90087 -14.6129 7.026471 -12.363 -12.7842 7.635381 -8.90087 -14.6129 7.026471 -7.65184 -14.4665 6.793251 -8.92544 -14.8528 7.309231 -7.99967 -14.7285 7.153311 -12.363 -12.7842 7.635381 -12.363 -12.7842 6.064281 -8.90087 -14.6129 7.026471 -8.90087 -14.6129 6.064281 -13.0082 -13.1341 7.827091 -13.0554 -13.4583 5.726051 -12.363 -12.7842 7.635381 -12.363 -12.7842 6.064281 -8.90087 -14.6129 7.026471 -8.90087 -14.6129 6.064281 -7.65184 -14.4665 6.793251 -7.65182 -14.4665 6.064281 2.68812 -14.467 6.064281 2.68812 -14.467 7.153001 3.73953 -13.8976 6.064281 3.73953 -13.8976 7.079521 2.88501 -13.7037 6.064281 2.88502 -13.7037 6.996711 2.68812 -14.467 6.064281 2.68812 -14.467 7.153001 3.8698 -13.3442 6.064281 3.8698 -13.3442 6.974221 2.88501 -13.7037 6.064281 2.88502 -13.7037 6.996711 3.73953 -13.8976 6.064281 3.73953 -13.8976 7.079521 3.8698 -13.3442 6.064281 3.8698 -13.3442 6.974221 3.49505 -13.888 6.716361 2.36609 -14.2643 6.741911 3.63261 -13.1311 6.608811 2.59302 -13.5279 6.622221 2.36609 -14.2643 6.741911 3.49505 -13.888 6.716361 2.36609 -14.2643 5.653101 3.49505 -13.888 5.653101 3.49505 -13.888 6.716361 3.63261 -13.1311 6.608811 3.49505 -13.888 5.640321 3.63261 -13.1311 5.640321 3.71946 18.0812 8.31369 3.37735 17.3902 8.1153 3.46988 18.0867 8.61491 3.18984 17.608 8.433969 0.175949 17.1668 7.478609 3.37735 17.3902 8.1153 0.175949 17.1668 7.053778 3.37735 17.3902 7.434578 3.78387 18.035 7.549918 3.37735 17.3902 7.434578 3.71946 18.0812 8.31369 3.37735 17.3902 8.1153 3.37735 17.3902 8.1153 0.175949 17.1668 7.478609 3.18984 17.608 8.433969 0.05209159 17.3986 7.797999 3.18984 17.608 8.433969 0.05209159 17.3986 7.797999 3.46988 18.0867 8.61491 -0.435779 18.1112 8.0844 -4.50562 18.1118 7.957198 -1.79332 15.6809 7.401369 -6.70415 14.6172 7.376739 -0.37215 16.8065 7.667129 -6.70415 14.6172 7.376739 -1.79332 15.6809 7.401369 -6.62725 14.4008 7.085069 -1.68403 15.4494 7.117639 -1.68403 15.4494 7.117639 -1.68403 15.4494 5.805379 -6.62725 14.4008 7.085069 -6.62725 14.4008 6.095079 0.175949 17.1668 7.478609 -0.225857 16.5953 7.348078 0.05209159 17.3986 7.797999 -0.37215 16.8065 7.667129 0.175949 17.1668 7.478609 0.175949 17.1668 7.053778 -0.225857 16.5953 7.348078 -0.2289029 16.5915 5.804178 8.85993 15.4202 7.935379 6.9578 15.8832 6.233008 5.05568 16.3463 7.299228 5.02082 16.5849 7.609229 8.74136 15.7014 8.260439 5.05568 16.3463 7.299228 8.85993 15.4202 7.935379 9.36021 15.8966 7.974029 9.29109 15.7528 6.484919 8.85993 15.4202 7.935379 6.9578 15.8832 6.233008 5.05568 16.3463 7.299228 3.84137 15.8771 7.065778 5.02082 16.5849 7.609229 3.73056 16.0726 7.350958 2.01391 15.748 7.124019 1.98524 15.5405 6.835409 5.05568 16.3463 7.299228 6.9578 15.8832 6.233008 3.84137 15.8771 7.065778 2.92156 15.7094 5.855859 1.98524 15.5405 6.835409 2.92156 15.7094 5.855859 -1.76846 15.9651 5.840828 1.98524 15.5405 6.835409 -1.76846 15.9651 6.904428 -1.76846 15.9651 6.904428 -1.79492 16.1702 7.188929 1.98524 15.5405 6.835409 2.01391 15.748 7.124019 -1.79492 16.1702 7.188929 1.90236 18.5281 7.646978 2.01391 15.748 7.124019 3.73056 16.0726 7.350958 5.02082 16.5849 7.609229 4.85789 17.5623 7.882019 8.74136 15.7014 8.260439 9.05303 15.9469 8.38562 8.74136 15.7014 8.260439 9.05303 15.9469 8.38562 8.85993 15.4202 7.935379 9.36021 15.8966 7.974029 -1.0901 11.4536 6.589479 -0.14664 11.6691 6.610039 -1.0901 11.4536 6.333599 -0.14664 11.6691 6.349569 -0.14664 11.6691 6.349569 -0.14664 11.6691 6.610039 0.131202 11.1592 6.302469 0.131202 11.1592 6.549149 0.131202 11.1592 6.302469 0.131202 11.1592 6.549149 -0.316091 10.587 6.258119 -0.316091 10.587 6.490999 -0.316091 10.587 6.490999 0.112162 9.110571 6.389119 -0.316091 10.587 6.258119 0.112162 9.11057 5.95261 0.01613897 9.49999 5.952609 2.70121 8.739231 5.95261 1.42859 9.03267 5.95261 2.70121 8.739232 6.390709 1.42859 9.032671 6.390069 0.112162 9.11057 5.95261 0.112162 9.110571 6.389119 2.70121 8.739232 6.390709 4.12443 10.851 6.602259 2.70121 8.739231 5.95261 4.12443 10.851 6.343519 2.90778 9.04573 5.95261 4.12443 10.851 6.343519 4.12443 10.851 6.602259 4.82813 10.9199 6.377309 4.82813 10.9199 6.645569 4.82813 10.9199 6.645569 6.2376 13.0576 7.097169 4.82813 10.9199 6.377309 6.2376 13.0576 6.744149 6.2376 13.0576 7.097169 4.74597 13.4538 7.052109 6.2376 13.0576 6.744149 4.74597 13.4538 6.706499 3.0944 11.465 6.636879 4.31455 13.3957 7.011119 3.0944 11.465 6.370509 4.31455 13.3957 6.672439 4.31455 13.3957 6.672439 4.31455 13.3957 7.011119 4.12478 13.6124 6.698839 4.12478 13.6124 7.042909 4.74597 13.4538 7.052109 3.24287 11.0856 6.594999 4.74597 13.4538 6.706499 3.24287 11.0856 6.337879 3.24287 11.0856 6.337879 3.24287 11.0856 6.594999 2.83517 10.8851 6.310139 2.83517 10.8851 6.559109 2.83517 10.8851 6.559109 1.13119 11.1108 6.550069 2.83517 10.8851 6.310139 1.13119 11.1108 6.303179 1.13119 11.1108 6.303179 1.13119 11.1108 6.550069 0.31113 10.3899 6.244699 0.31113 10.3899 6.473249 0.31113 10.3899 6.244699 0.31113 10.3899 6.473249 0.135313 10.5949 6.258409 0.135313 10.5949 6.491389 0.135313 10.5949 6.491389 1.00377 11.6478 6.612729 0.135313 10.5949 6.258409 1.00377 11.6478 6.351659 1.00377 11.6478 6.612729 3.0944 11.465 6.636879 1.00377 11.6478 6.351659 3.0944 11.465 6.370509 4.12478 13.6124 6.698839 4.12478 13.6124 7.042909 3.34883 13.1626 6.591649 3.34883 13.1626 6.912999 3.34883 13.1626 6.912999 1.67539 13.2727 6.874829 3.34883 13.1626 6.591649 1.67539 13.2727 6.560519 1.67539 13.2727 6.874829 1.29258 12.5808 6.749809 1.67539 13.2727 6.560519 1.29258 12.5808 6.459759 1.29258 12.5808 6.749809 -0.96151 12.1408 6.678989 1.29258 12.5808 6.459759 -0.96151 12.1408 6.403579 -0.96151 12.1408 6.678989 -1.0901 11.4536 6.589479 -0.96151 12.1408 6.403579 -1.0901 11.4536 6.333599 -0.871236 12.4628 6.725749 1.07137 12.8325 6.787229 -0.871236 12.4628 6.440599 1.07137 12.8325 6.489719 -0.673532 13.2357 6.852119 -0.871236 12.4628 6.725749 -0.673532 13.2357 6.542069 -0.871236 12.4628 6.440599 0.873034 13.5419 6.910719 -0.673532 13.2357 6.852119 0.873034 13.5419 6.589779 -0.673532 13.2357 6.542069 1.36731 14.0881 7.028119 0.873034 13.5419 6.910719 1.36731 14.0881 6.686539 0.873034 13.5419 6.589779 1.62342 13.9013 6.995019 1.36731 14.0881 7.028119 1.62342 13.9013 6.659109 1.36731 14.0881 6.686539 1.07137 12.8325 6.787229 1.62342 13.9013 6.995019 1.07137 12.8325 6.489719 1.62342 13.9013 6.659109 8.12522 15.2222 7.036239 8.12522 15.2222 7.915839 7.16935 14.8925 6.898889 7.16935 14.8925 7.657249 8.38818 14.9262 7.865239 8.38818 14.9262 6.990279 6.42489 13.4476 7.198069 6.42489 13.4476 6.064279 3.34635 15.5783 7.472659 3.34635 15.5783 6.820439 7.16935 14.8925 7.657249 7.16935 14.8925 6.898889 8.38818 14.9262 6.990279 8.38818 14.9262 7.865239 8.12522 15.2222 7.036239 8.12522 15.2222 7.915839 2.34992 13.6218 6.960019 3.263 13.4911 6.971469 2.34992 13.6218 6.064279 3.263 13.4911 6.064279 3.263 13.4911 6.064279 3.263 13.4911 6.971469 4.05934 13.938 6.064279 4.05934 13.938 7.107569 4.05934 13.938 7.107569 6.42489 13.4476 7.198069 4.05934 13.938 6.064279 6.42489 13.4476 6.064279 2.34992 13.6218 6.064279 3.34635 15.5783 6.820439 2.34992 13.6218 6.960019 3.34635 15.5783 7.472659 7.3858 9.66429 5.740869 7.3858 9.664291 6.401869 8.64451 9.86009 5.740869 8.64451 9.860091 6.522089 11.6095 8.01398 5.75672 11.6095 8.013981 6.678259 12.9801 8.01398 5.75672 12.9801 8.013981 6.904119 12.7747 9.08167 5.75672 12.7747 9.081671 7.001109 14.5242 9.08612 5.75672 14.5242 9.086121 7.419419 2.90778 9.04573 6.19663 5.81932 7.50658 6.196559 2.90778 9.04573 5.380459 2.85292e-6 9.5 5.756719 -1.12042 9.434451 5.75672 2.88994e-6 9.5 6.196569 -1.12042 9.434451 6.196589 -3.44832 8.85346 5.75672 -4.17346 8.53472 5.75672 -3.44832 8.85346 6.196609 -4.17346 8.53472 6.196589 12.7747 9.081671 7.001109 12.9801 8.013981 6.904119 11.6095 8.013981 6.678259 7.3858 9.664291 6.401869 5.81932 7.50658 6.196559 2.90778 9.04573 6.19663 -3.44832 8.85346 6.196609 -3.65915 12.4573 6.503179 2.88689 15.3145 6.979609 8.840311 13.6083 7.143549 14.5242 9.086121 7.419419 8.64451 9.860091 6.522089 7.07812 14.4754 7.112659 8.840311 13.6083 7.143549 2.90778 9.04573 6.19663 2.88994e-6 9.5 6.196569 2.88689 15.3145 6.979609 -1.12042 9.434451 6.196589 -5.22246 9.913661 6.306339 -3.65915 12.4573 6.503179 -3.44832 8.85346 6.196609 -4.17346 8.53472 6.196589 -5.32069 11.46 6.423559 -5.32041 11.4642 6.423989 -3.44832 8.85346 6.196609 2.88689 15.3145 6.979609 -1.12042 9.434451 6.196589 8.64451 9.860091 6.522089 3.86141 15.3145 7.030489 2.90778 9.04573 6.19663 7.07812 14.4754 7.112659 3.86141 15.3145 7.030489 2.88689 15.3145 6.979609 3.86141 15.3145 5.854159 2.88689 15.3145 5.797389 8.84032 13.6083 6.672309 8.840311 13.6083 7.143549 7.07812 14.4754 6.611789 7.07812 14.4754 7.112659 -7.28838 10.3039 5.820249 -7.28838 10.3039 6.745629 -6.18317 9.73712 5.820249 -6.18317 9.737121 6.593019 -7.33647 11.3975 5.820249 -7.33647 11.3975 6.907729 -7.28838 10.3039 5.820249 -7.28838 10.3039 6.745629 -6.18317 9.73712 5.820249 -6.18317 9.737121 6.593019 -6.19241 7.04665 5.82025 -6.19241 7.04665 6.402099 -6.19241 7.04665 5.82025 -6.19241 7.04665 6.402099 -5.82422 7.00652 5.82025 -5.82422 7.00652 6.3891 -5.82422 7.00652 6.3891 -3.94524 8.234731 6.389979 -5.82422 7.00652 5.82025 -3.94524 8.23473 5.82025 -3.94524 8.234731 6.389979 -5.22246 9.913661 6.554179 -3.94524 8.23473 5.82025 -5.22246 9.913661 6.306339 -5.22246 9.913661 6.306339 -5.22246 9.913661 6.554179 -5.13129 11.2393 6.423989 -5.13129 11.2393 6.704809 -5.13129 11.2393 6.423989 -5.13129 11.2393 6.704809 -3.87444 11.8492 6.437329 -3.87444 11.8492 6.721639 -3.87444 11.8492 6.437329 -3.87444 11.8492 6.721639 -3.65915 12.4504 6.503179 -3.65915 12.4504 6.803979 -3.65915 12.4504 6.503179 -3.65915 12.4504 6.803979 -3.51613 12.4331 6.495549 -3.51613 12.4331 6.794489 -3.51613 12.4331 6.495549 -3.51613 12.4331 6.794489 -3.50816 11.6086 6.397759 -3.50816 11.6086 6.671599 -3.50816 11.6086 6.397759 -3.50816 11.6086 6.671599 -4.73516 11.0564 6.386769 -4.73516 11.0564 6.657629 -4.73516 11.0564 6.386769 -4.73516 11.0564 6.657629 -4.81872 9.83763 6.285429 -4.81872 9.837631 6.526909 -4.81872 9.837631 6.526909 -3.08752 8.594341 6.390029 -4.81872 9.83763 6.285429 -3.08752 8.59434 5.82025 -3.08752 8.594341 6.390029 -1.26785 9.042572 6.389979 -3.08752 8.59434 5.82025 -1.26785 9.042571 5.82025 -1.26785 9.042572 6.389979 -0.640932 10.7089 6.504019 -1.26785 9.042571 5.82025 -0.640932 10.7089 6.267989 -0.640932 10.7089 6.267989 -0.640932 10.7089 6.504019 -0.216601 11.1454 6.301409 -0.216601 11.1454 6.547769 -0.216601 11.1454 6.301409 -0.216601 11.1454 6.547769 -0.356872 11.3258 6.317529 -0.356872 11.3258 6.568699 -2.76151 9.9948 6.243049 -1.63571 10.8032 6.283189 -2.76151 9.994801 6.471049 -1.63571 10.8032 6.523989 -0.356872 11.3258 6.317529 -0.356872 11.3258 6.568699 -2.76151 9.9948 6.243049 -2.76151 9.994801 6.471049 -3.95146 10.2216 6.285789 -3.95146 10.2216 6.527379 -3.95146 10.2216 6.285789 -3.95146 10.2216 6.527379 -4.15417 9.83846 6.264409 -4.15417 9.838461 6.499299 -4.15417 9.83846 6.264409 -4.15417 9.838461 6.499299 -4.34608 9.96192 6.278669 -4.34608 9.961921 6.518039 -4.34608 9.96192 6.278669 -4.34608 9.961921 6.518039 -4.21615 10.6283 6.326899 -4.21615 10.6283 6.580819 -4.21615 10.6283 6.326899 -4.21615 10.6283 6.580819 -2.83677 10.4553 6.275929 -2.83677 10.4553 6.514459 -2.83677 10.4553 6.514459 -1.52702 11.2841 6.575229 -2.83677 10.4553 6.275929 -1.52702 11.2841 6.322569 -1.52702 11.2841 6.575229 -1.11068 13.1521 6.842509 -1.52702 11.2841 6.322569 -1.11068 13.1521 6.534289 -1.11068 13.1521 6.842509 -3.11903 12.5882 6.802599 -1.11068 13.1521 6.534289 -3.11903 12.5882 6.502069 -3.11903 12.5882 6.502069 -3.11903 12.5882 6.802599 -3.06465 12.8494 6.535849 -3.06465 12.8494 6.844439 -3.06465 12.8494 6.844439 0.804713 13.8415 6.968389 -3.06465 12.8494 6.535849 0.804713 13.8415 6.637129 0.804713 13.8415 6.637129 0.804713 13.8415 6.968389 1.24907 14.426 6.745819 1.24907 14.426 7.099169 1.24907 14.426 7.099169 2.42622 14.3842 7.123559 1.24907 14.426 6.745819 2.42622 14.3842 6.766289 3.41741 16.3858 5.820249 2.42622 14.3842 6.766289 3.41741 16.3858 7.727869 2.42622 14.3842 7.123559 3.41741 16.3858 5.820249 3.41741 16.3858 7.727869 3.17971 16.5657 5.820249 3.17971 16.5657 7.773088 3.17971 16.5657 5.820249 3.17971 16.5657 7.773088 2.46535 15.9032 5.820249 2.46535 15.9032 7.520078 2.46535 15.9032 5.820249 2.46535 15.9032 7.520078 0.2038069 15.8604 5.820249 0.2038069 15.8604 7.451718 -0.346658 15.1999 5.820249 0.2038069 15.8604 5.820249 -0.346658 15.1999 7.272819 0.2038069 15.8604 7.451718 -2.24132 14.6692 5.820249 -0.346658 15.1999 5.820249 -2.24132 14.6692 7.182559 -0.346658 15.1999 7.272819 -2.24132 14.6692 7.182559 -2.59302 13.5279 6.950289 -2.24132 14.6692 5.820249 -2.59302 13.5279 5.822179 -2.59302 13.5279 6.950289 -5.23941 12.5311 6.913019 -2.59302 13.5279 5.822179 -5.23941 12.5311 5.820249 -5.60781 12.6727 6.966979 -7.33647 11.3975 6.907729 -5.60781 12.6727 5.820249 -7.33647 11.3975 5.820249 -5.23941 12.5311 5.820249 -5.23941 12.5311 6.913019 -5.60781 12.6727 5.820249 -5.60781 12.6727 6.966979 3.8737 9.955501 6.499619 5.59516 9.315271 6.517849 3.8737 9.9555 6.264649 5.59516 9.31527 6.278519 5.59516 9.31527 6.278519 5.59516 9.315271 6.517849 6.7272 10.1106 6.399689 6.7272 10.1106 6.674049 6.7272 10.1106 6.399689 6.7272 10.1106 6.674049 6.65216 10.3712 6.420029 6.65216 10.3712 6.699799 6.65216 10.3712 6.420029 6.65216 10.3712 6.699799 5.86491 10.1866 6.358039 5.86491 10.1866 6.620919 5.86491 10.1866 6.358039 5.86491 10.1866 6.620919 5.01567 10.5994 6.355189 5.01567 10.5994 6.617269 5.01567 10.5994 6.355189 5.01567 10.5994 6.617269 3.8737 9.9555 6.264649 3.8737 9.955501 6.499619 6.07496 6.90239 5.82239 6.07496 6.90239 6.392889 6.71277 7.46786 5.82239 6.71277 7.46786 6.444599 6.71277 7.46786 5.82239 6.71277 7.46786 6.444599 6.51755 8.22086 5.82239 6.51755 8.220861 6.48179 6.51755 8.22086 5.82239 6.51755 8.220861 6.48179 7.71786 9.4072 5.82239 7.71786 9.407201 6.677469 7.71786 9.4072 5.82239 7.71786 9.407201 6.677469 7.71594 9.94321 5.822389 7.71594 9.943211 6.740159 7.71594 9.94321 5.822389 7.71594 9.943211 6.740159 8.549321 10.5472 6.064279 8.549321 10.5472 6.912079 8.549321 10.5472 6.064279 8.549321 10.5472 6.912079 9.1039 10.6031 6.064279 9.1039 10.6031 6.990809 9.1039 10.6031 6.990809 10.4132 9.828802 7.063609 9.1039 10.6031 6.064279 10.4132 9.828801 6.064279 10.4132 9.828801 6.064279 10.4132 9.828802 7.063609 12.3334 10.0906 6.064279 12.3334 10.0906 7.473159 9.15502 12.1782 6.064279 12.3334 10.0906 6.064279 9.15502 12.1782 7.280999 12.3334 10.0906 7.473159 9.15502 12.1782 6.064279 9.15502 12.1782 7.280999 8.59375 11.8523 6.064279 8.59375 11.8523 7.135679 8.59375 11.8523 6.064279 8.59375 11.8523 7.135679 8.0897 12.0506 6.064279 8.0897 12.0506 7.106899 8.0897 12.0506 6.064279 8.0897 12.0506 7.106899 6.68429 11.5808 6.064279 6.68429 11.5808 6.873649 6.68429 11.5808 6.064279 6.68429 11.5808 6.873649 5.98936 11.9078 6.064279 5.98936 11.9078 6.865939 5.1732 10.8886 5.822389 5.98936 11.9078 6.064279 5.1732 10.8886 6.661479 5.98936 11.9078 6.865939 5.1732 10.8886 5.822389 5.1732 10.8886 6.661479 5.92467 10.5255 5.822389 5.92467 10.5255 6.664759 5.92467 10.5255 5.822389 5.92467 10.5255 6.664759 6.70583 10.6419 5.822389 6.70583 10.6419 6.739009 6.70583 10.6419 5.822389 6.70583 10.6419 6.739009 7.34179 10.2352 5.822389 7.34179 10.2352 6.741759 7.34179 10.2352 5.822389 7.34179 10.2352 6.741759 5.736 8.9764 5.82239 5.736 8.976391 6.496759 5.736 8.976391 6.496759 3.75047 9.751821 6.477959 5.736 8.9764 5.82239 3.75047 9.75182 5.822389 3.75047 9.75182 5.822389 3.75047 9.751821 6.477959 3.76051 8.394761 5.82239 3.76051 8.394762 6.393049 6.07496 6.90239 5.82239 4.98253 7.73655 5.82239 6.07496 6.90239 6.392889 4.98253 7.73655 6.3926 3.76051 8.394761 5.82239 3.76051 8.394762 6.393049 13.8527 6.97202 6.972709 12.6669 7.43367 6.06428 13.8527 6.97202 6.06428 13.8527 6.97202 6.972709 13.8527 6.97202 6.06428 13.9303 6.82116 6.968679 13.9303 6.82116 6.065379 13.8429 6.62356 6.96244 11.2976 6.75724 6.74476 13.7671 6.62754 7.119729 13.5876 6.63697 7.161239 13.7671 6.62754 7.119729 13.5876 6.63697 7.161239 13.833 6.74338 7.197939 13.5709 6.72593 7.258169 13.8429 6.62356 6.96244 13.7414 7.01535 7.217049 13.4909 7.11286 7.285029 11.241 6.85054 6.83638 11.2976 6.75724 6.74476 8.98125 9.577431 6.830359 11.241 6.85054 6.83638 8.98125 9.57743 5.719099 11.2976 6.75724 6.74476 11.2976 6.75724 5.740869 8.07605 9.619641 6.736159 8.98125 9.577431 6.830359 8.07605 9.61964 5.719099 8.98125 9.57743 5.719099 8.015231 9.85311 5.740869 8.015231 9.853111 6.758519 8.07605 9.61964 5.719099 8.07605 9.619641 6.736159 8.015231 9.85311 5.740869 8.51404 10.1525 6.064279 8.015231 9.853111 6.758519 8.70978 10.27 6.064279 8.70978 10.27 6.891149 9.16482 10.1979 6.064279 9.16482 10.1979 6.937929 8.70978 10.27 6.064279 8.70978 10.27 6.891149 12.6669 7.43367 7.146609 9.16482 10.1979 6.937929 12.6669 7.43367 6.06428 9.16482 10.1979 6.064279 13.7414 7.01535 7.217049 13.4909 7.11286 7.285029 12.6669 7.43367 7.146609 13.8429 6.62356 6.06428 11.2976 6.75724 5.740869 13.8429 6.62356 6.06428 12.7202 7.76297 7.197639 14.1224 7.80058 7.532349 12.7869 7.67843 7.110049 14.1513 7.71169 7.436489 14.4189 7.71822 7.240099 12.7869 7.67843 7.110049 14.3385 7.71626 7.400679 14.1513 7.71169 7.436489 14.3922 7.83993 7.480539 14.3385 7.71626 7.400679 14.4189 7.71822 7.240099 14.4983 7.891001 7.242719 14.2919 8.053421 7.500279 14.4286 7.99534 7.245339 13.8631 8.235641 7.529719 14.4988 7.88936 5.747109 14.4189 7.71822 5.846199 14.4286 7.99534 5.892379 14.4286 7.99534 7.245339 13.8631 8.23564 6.06428 14.4286 7.99534 5.892379 12.6294 9.789091 6.064279 13.8631 8.23564 6.06428 12.6294 9.789092 7.486019 13.8631 8.235641 7.529719 12.6294 9.789092 7.486019 10.749 9.543101 7.075629 12.6294 9.789091 6.064279 10.749 9.5431 6.064279 10.749 9.543101 7.075629 12.7202 7.76297 7.197639 10.749 9.5431 6.064279 12.7869 7.67843 6.06428 12.7869 7.67843 6.06428 12.7202 7.76297 7.197639 12.7869 7.67843 7.110049 12.7869 7.67843 6.06428 14.4189 7.71822 5.846199 14.2919 8.053421 7.500279 13.8631 8.235641 7.529719 13.0933 12.9436 7.281839 15.5736 9.928691 7.738979 12.7367 12.0311 7.045029 15.1664 9.992811 7.649719 9.14071 15.965 7.235158 11.3935 12.1884 6.820679 7.07444 14.4763 6.611439 12.6399 11.7966 6.733159 11.3874 11.956 6.564279 12.7367 12.0311 7.045029 11.3935 12.1884 6.820679 12.7367 12.0311 7.045029 15.1664 9.992811 7.649719 12.6399 11.7966 6.733159 13.7769 10.9154 7.036659 13.9165 10.7996 6.042049 12.6399 11.7966 6.056179 13.7769 10.9154 7.036659 12.6399 11.7966 6.733159 12.6399 11.7966 6.056179 11.4901 11.9295 6.056179 12.6399 11.7966 6.733159 11.3874 11.956 6.564279 9.01905 16.0399 7.637118 12.7465 13.2922 8.111939 8.92544 14.8528 7.309229 12.3168 13.0859 7.960439 2.19081 15.9126 6.817389 4.64874 17.7851 7.625658 3.30387 15.4954 6.789999 7.16935 14.8925 7.059869 7.99967 14.7285 7.153309 12.3168 13.0859 7.960439 12.7465 13.2922 8.111939 12.363 12.7842 7.635379 13.0082 13.1645 7.827089 8.92544 14.8528 7.309229 12.3168 13.0859 7.960439 8.90087 14.6129 7.026469 12.363 12.7842 7.635379 8.90087 14.6129 7.026469 7.65184 14.4665 6.793249 8.92544 14.8528 7.309229 7.99967 14.7285 7.153309 12.363 12.7842 7.635379 12.363 12.7842 6.064279 8.90087 14.6129 7.026469 8.90087 14.6129 6.064279 13.0554 13.4583 5.726049 12.363 12.7842 6.064279 8.90087 14.6129 7.026469 8.90087 14.6129 6.064279 7.65184 14.4665 6.793249 7.65182 14.4665 6.064279 -2.68812 14.467 6.064279 -2.68812 14.467 7.152999 -3.73953 13.8976 6.064279 -3.73953 13.8976 7.079519 -2.88501 13.7037 6.064279 -2.88502 13.7037 6.996709 -2.68812 14.467 6.064279 -2.68812 14.467 7.152999 -3.8698 13.3442 6.064279 -3.8698 13.3442 6.974219 -2.88501 13.7037 6.064279 -2.88502 13.7037 6.996709 -3.73953 13.8976 6.064279 -3.73953 13.8976 7.079519 -3.8698 13.3442 6.064279 -3.8698 13.3442 6.974219 -3.49505 13.888 6.716359 -2.36609 14.2643 6.741909 -3.63261 13.1311 6.608809 -2.59302 13.5279 6.622219 -2.36609 14.2643 6.741909 -3.49505 13.888 6.716359 -2.36609 14.2643 5.653099 -3.49505 13.888 5.653099 -3.49505 13.888 6.716359 -3.63261 13.1311 6.608809 -3.49505 13.888 5.640319 -3.63261 13.1311 5.640319 6.57392 10.6034 3.557719 6.5619 10.6006 4.557719 4.6844 7.58856 3.557719 4.68163 7.60059 4.557719 5.44495 7.03624 4.557719 7.63367 9.850131 4.557719 5.4327 7.03473 3.557719 7.63217 9.86238 3.557719 4.6844 7.58856 3.557719 5.4327 7.03473 3.557719 6.57392 10.6034 3.557719 7.63217 9.86238 3.557719 -6.69811 -10.6034 3.557721 -6.68609 -10.6006 4.557721 -4.71638 -7.435689 3.55772 -4.71361 -7.447719 4.55772 -5.45418 -6.883359 4.55772 -7.75786 -9.850131 4.557721 -5.44192 -6.881859 3.55772 -7.75636 -9.86238 3.557721 -4.71638 -7.435689 3.55772 -5.44192 -6.881859 3.55772 -6.69811 -10.6034 3.557721 -7.75636 -9.86238 3.557721</float_array>
          <technique_common>
            <accessor source="#_1_geo_id-mesh-positions-array" count="3256" stride="3">
              <param name="X" type="float"/>
              <param name="Y" type="float"/>
              <param name="Z" type="float"/>
            </accessor>
          </technique_common>
        </source>
        <source id="_1_geo_id-mesh-normals">
          <float_array id="_1_geo_id-mesh-normals-array" count="11805">-0.9113612 0.115307 -0.3951269 -0.9199418 0.08348143 -0.3830639 -0.8110959 0.3915488 -0.4345262 -0.8335285 0.377537 -0.403356 -0.6157398 0.5086198 -0.601806 -0.5863968 0.7379714 -0.3339718 -0.6457982 0.661524 -0.3812226 -0.660189 0.7232642 -0.2025821 -0.6459091 0.7077232 -0.2862331 -0.6806469 0.6166862 -0.395497 -0.9345707 -0.242239 -0.2605724 -0.251284 -0.9564003 -0.1488451 -0.2180131 -0.965514 -0.1423135 -0.1330455 -0.8420053 -0.5228059 -0.09936958 -0.8547473 -0.5094435 0.8261189 -0.4255741 -0.3693433 0.7714438 -0.5581431 -0.3055335 0.8213767 -0.4231404 -0.3824821 0.6319605 -0.7253831 0.2728469 0.8195189 -0.5142635 -0.2528281 0.7062739 -0.6398941 -0.3028413 0.8444774 -0.4424804 -0.3017763 0.7857932 -0.5536658 -0.2756506 0.4762278 -0.6869649 -0.5488955 0.6766309 -0.6555033 -0.3353895 0.2678214 -0.6139498 -0.7425209 0.3765975 -0.6382395 -0.6714348 0.3164681 -0.5050585 -0.8029719 0.3160138 -0.4287946 -0.8463277 0.4374607 0.2462072 -0.8648758 0.6112655 0.5902863 -0.5271781 0.4149283 0.2523044 -0.8741723 0.6014382 0.6026349 -0.5245031 0.2538247 0.06738674 -0.9649001 0.2255541 0.06949967 -0.9717485 0.1326861 0.1037903 -0.985709 0.1277689 0.1262818 -0.9837318 -0.07455241 0.4668262 -0.8812011 -0.084665 0.5610767 -0.8234226 -0.04741895 0.5421797 -0.8389236 -0.4706478 0.8235348 -0.316672 -0.5312989 0.7833874 -0.3225304 -0.3992207 0.7791851 -0.4832117 -0.47578 0.7865183 -0.3937288 -0.3130583 0.8040705 -0.5054358 -0.1391736 0.7647772 -0.629084 0.06845253 0.3797842 -0.922539 0.3025066 0.4074923 -0.8616495 -0.3709942 0.7857557 -0.4949256 -0.4827742 0.8756031 0.01576054 -0.6678124 0.6794432 -0.3039467 -0.442615 0.75746 0.4799441 -0.1724873 0.3222451 0.9308094 0.9113609 -0.1153073 -0.3951272 0.9199417 -0.08348172 -0.3830642 0.8110959 -0.3915483 -0.4345265 0.8335289 -0.3775358 -0.4033563 0.6157391 -0.5086202 -0.6018065 0.5863968 -0.7379714 -0.3339716 0.6457981 -0.6615242 -0.3812225 0.6601891 -0.7232641 -0.2025822 0.6459099 -0.707723 -0.2862319 0.680647 -0.6166864 -0.3954968 0.9345706 0.242239 -0.2605724 0.251284 0.9564003 -0.1488452 0.2180134 0.965514 -0.1423134 0.1330461 0.8420051 -0.522806 0.09937041 0.8547473 -0.5094435 -0.8261191 0.4255737 -0.3693431 -0.7714442 0.5581428 -0.3055334 -0.821377 0.4231399 -0.3824818 -0.6319602 0.725384 0.272845 -0.8195186 0.5142635 -0.2528285 -0.7062739 0.6398938 -0.3028417 -0.8444774 0.4424803 -0.3017767 -0.7857932 0.5536655 -0.2756509 -0.4762279 0.6869646 -0.5488958 -0.676631 0.6555029 -0.33539 -0.2678208 0.6139488 -0.742522 -0.3765972 0.6382389 -0.6714357 -0.3164681 0.5050582 -0.8029722 -0.3160141 0.4287945 -0.8463276 -0.4374601 -0.2462069 -0.8648763 -0.6112654 -0.5902861 -0.5271783 -0.4149279 -0.2523041 -0.8741725 -0.6014382 -0.6026349 -0.5245031 -0.2538242 -0.06738698 -0.9649001 -0.2255538 -0.06950002 -0.9717486 -0.1326855 -0.1037905 -0.9857089 -0.1277685 -0.1262817 -0.9837318 0.07455241 -0.4668262 -0.8812011 0.084665 -0.5610767 -0.8234226 0.04741889 -0.5421794 -0.8389237 0.470651 -0.8235334 -0.316671 0.5312985 -0.7833876 -0.3225305 0.3992211 -0.7791857 -0.4832105 0.4757798 -0.7865185 -0.3937289 0.3130587 -0.8040713 -0.5054343 0.1391739 -0.7647783 -0.6290824 -0.06845533 -0.3797871 -0.9225376 -0.3025136 -0.4074953 -0.8616457 0.3709942 -0.7857557 -0.4949256 0.4827742 -0.8756031 0.01576054 0.6678121 -0.6794435 -0.3039468 0.4426158 -0.7574597 0.4799441 0.2014043 -0.3591784 0.9112778 -0.8251509 -0.2099012 0.5244688 -0.7406814 -0.1862536 0.6455236 -0.9958528 -0.07772475 0.04728746 -0.9027158 -0.23028 0.3634217 -0.394774 -0.00847882 -0.9187391 -0.4335061 0.04896038 -0.8998196 -0.4375922 -0.04996305 -0.8977844 -0.4382612 0.04731857 -0.8976013 -0.3866117 0.1770794 -0.9050825 -0.3949899 0.1649158 -0.9037621 -0.4219775 -0.2307611 -0.8767465 -0.4055217 -0.2382673 -0.8824856 -0.3591139 -0.3641588 -0.859317 -0.3558789 -0.3582274 -0.8631473 -0.5062099 -0.6535276 -0.5627196 -0.4248557 -0.710529 -0.5609334 -0.5964816 -0.7453235 0.2978298 -0.6402258 -0.5270656 0.5588496 -0.8334816 -0.2106073 -0.5108358 -0.8783971 0.4634279 -0.1168466 -0.8228068 0.5677917 -0.02452564 -0.6966218 0.4720884 -0.5402321 -0.9447824 0.2237237 -0.2394452 -0.7828617 0.2805289 -0.5553659 -0.9749295 0.007910192 -0.222374 -0.797044 -0.05938565 -0.6009944 -0.7932044 0.08350354 -0.6032029 -0.8187411 -0.01389986 0.5739946 -0.5984331 -0.03408443 0.8004474 -0.7933851 0.3763257 0.4784551 -0.7930539 -0.137835 -0.5933524 -0.6846681 0.4240497 -0.5927997 -0.723562 0.347107 -0.5966364 -0.6940811 0.3821384 -0.6100997 0.04432749 0.1102826 -0.9929113 -0.736712 0.5865676 -0.3364429 -0.7367212 0.5865602 -0.3364357 -0.7367473 0.5865369 -0.3364193 0.04173374 -0.6819475 -0.7302095 0.04173916 -0.6819444 -0.7302122 0.04173243 -0.6819497 -0.7302076 -0.3892042 0.1769717 -0.9039918 -0.409417 -0.01493823 -0.9122251 -0.3614112 0.224095 -0.9050766 -0.3653208 0.153185 -0.9181912 -0.9542149 0.2520974 0.1609995 -0.9849753 0.150707 0.08432644 -0.7518324 -0.6023278 0.2682338 -0.88068 0.4638568 0.09612321 -0.09315711 0.8534177 -0.5128353 0.409008 0.8770743 -0.2518991 -0.05702966 0.593258 -0.8029899 -0.02937161 0.597005 -0.8016998 -0.2668442 0.3713905 -0.8893049 -0.2831602 0.3176814 -0.9049303 0.4619233 0.883489 0.07793694 -0.8196597 0.5657331 0.09002327 0.5947012 0.6813779 -0.4266786 0.5676394 0.7121686 -0.4130393 0.567512 0.7121822 -0.4131907 0.2226703 0.2916117 -0.9302583 0.4936355 0.5711812 -0.6558018 0.2126497 0.2490732 -0.9448506 0.4868488 0.5364432 -0.6893525 -0.01113021 -0.02936166 -0.999507 -0.01794725 -0.03373128 -0.9992698 -0.02939027 -0.1146609 -0.9929699 -0.05512076 -0.1246896 -0.9906636 -0.005892455 -0.09328746 -0.9956218 -0.01660805 -0.1013169 -0.9947156 -0.005110144 0.2510962 -0.9679487 -0.02231597 0.3159642 -0.9485087 0.002923786 0.06722265 -0.9977338 -0.01162296 0.1268208 -0.9918576 0.4838378 0.5881312 0.6480762 0.1559106 -0.8655378 -0.4759583 0.05825632 -0.4242582 -0.9036654 0.2446029 -0.8455752 -0.4745231 0.09424549 -0.4365525 -0.894729 0.02796822 -0.2939697 -0.9554055 -0.008071303 -0.3330584 -0.9428717 0.8212078 -0.3645091 -0.4390342 0.9075296 -0.1241211 -0.4012282 0.8774956 -0.2192565 -0.4265304 0.5398039 -0.3511275 -0.765063 0.6360778 -0.1766181 -0.75114 0.5373021 -0.3462564 -0.7690339 0.6541107 -0.06068336 -0.7539607 0.5565718 -0.2735706 -0.7844661 0.6795296 -0.2904042 -0.6737247 0.6003827 -0.2437474 -0.7616614 0.7083975 -0.2064681 -0.67494 0.7096912 -0.2821345 -0.6455529 0.7277641 -0.2525579 -0.6376316 0.2586763 -0.8658353 0.428271 0.2387285 -0.8752814 0.4205845 0.147336 -0.4766295 0.8666697 0.1041144 -0.3937704 0.9132936 0.9503949 -0.3110407 0.001793384 0.9500137 -0.3122085 2.04596e-5 0.9261569 -0.374993 -0.04017037 0.9250562 -0.3286383 0.1904417 0.8985925 -0.4365829 0.04389703 0.9044144 -0.4213625 0.0669952 0.9247203 -0.2373654 -0.2975738 0.9226417 -0.2584163 -0.2862752 0.7576114 -0.6524522 -0.01819884 0.8159294 -0.5720233 -0.08395636 0.8438047 -0.4853329 -0.2290107 0.8433459 -0.4994559 -0.1982712 0.8408696 -0.5249464 -0.1317943 0.884366 -0.4501994 -0.1233585 0.6105673 -0.1245602 -0.7821077 0.9116262 -0.3434631 -0.2257673 0.3814247 -0.517399 -0.7660375 -0.1355313 -0.1722469 -0.9756856 -0.5208145 -0.5372444 -0.663416 -0.146499 -0.1450994 -0.9785113 -0.4719617 -0.526716 -0.7069813 0.1330073 0.1048408 -0.9855545 0.1320436 0.1077296 -0.9853724 0.116391 0.1133476 -0.9867146 0.8185498 -0.5675628 -0.088593 0.954406 -0.222842 -0.1986218 0.9935274 -0.03466838 -0.1081738 0.7501047 -0.3875591 -0.5358555 0.6487532 0.02912181 -0.7604416 0.6285431 0.04331189 -0.7765679 0.621213 0.2116007 -0.7545328 0.59365 0.2632405 -0.76045 0.6347963 0.6350036 -0.440232 0.8357778 -0.01865017 -0.5487511 0.8058894 0.1139531 -0.5809968 0.8368525 -0.1329033 -0.5310505 0.6297574 -0.3235989 -0.7061794 0.5054537 -0.1232561 -0.854005 0.5414166 -0.3378643 -0.7698805 0.5524907 -0.3400879 -0.7609825 0.718904 0.4861542 -0.4968212 0.8251188 0.209894 0.5245221 0.7406663 0.1862514 0.6455416 0.9958534 0.07772266 0.04727953 0.9027222 0.2302895 0.3634001 0.3947749 0.00847882 -0.9187387 0.4335058 -0.04896068 -0.8998198 0.4375925 0.04996299 -0.8977842 0.4382607 -0.04731893 -0.8976015 0.3866125 -0.1770794 -0.9050821 0.3949905 -0.1649161 -0.9037618 0.4219756 0.2307602 -0.8767476 0.4055203 0.2382665 -0.8824865 0.3591147 0.3641585 -0.8593168 0.3558799 0.3582273 -0.863147 0.5062056 0.653531 -0.5627195 0.4248556 0.7105284 -0.5609343 0.5964849 0.7453165 0.2978411 0.6402255 0.5270343 0.5588794 0.8334816 0.2106072 -0.5108359 0.8783968 -0.4634284 -0.1168466 0.8228076 -0.5677907 -0.02452576 0.6966219 -0.4720886 -0.5402317 0.9447824 -0.2237235 -0.239445 0.7828619 -0.2805289 -0.5553655 0.9749294 -0.007910251 -0.2223739 0.7970243 0.05935382 -0.6010236 0.7932047 -0.08350348 -0.6032026 0.8187412 0.01389986 0.5739945 0.5984347 0.03408437 0.8004463 0.7932601 -0.3766635 0.4783965 0.793054 0.137835 -0.5933523 0.6846682 -0.4240499 -0.5927994 0.723562 -0.347107 -0.5966363 0.6940809 -0.3821384 -0.6101 -0.05192798 -0.1026442 -0.9933619 -0.05192905 -0.1026452 -0.9933617 -0.0519281 -0.1026443 -0.9933618 0.7367132 -0.5865678 -0.3364402 0.7367222 -0.5865611 -0.3364323 0.7367484 -0.5865368 -0.336417 -0.04173338 0.6819478 -0.7302092 -0.04173874 0.6819446 -0.7302119 -0.04173189 0.6819499 -0.7302073 0.3892046 -0.1769719 -0.9039916 0.4094172 0.01493817 -0.9122251 0.3614112 -0.2240951 -0.9050765 0.3653207 -0.153185 -0.9181913 0.9542149 -0.2520971 0.1609997 0.9849753 -0.1507075 0.08432644 0.7518324 0.6023278 0.2682338 0.88068 -0.4638662 0.09607863 0.09315633 -0.8534179 -0.5128351 -0.4092417 -0.8765046 -0.2534978 0.05703014 -0.5932586 -0.8029893 0.02937221 -0.5970056 -0.8016992 0.2668449 -0.3713908 -0.8893046 0.2831609 -0.3176817 -0.90493 -0.4636589 -0.8822298 0.08179968 0.8196608 -0.5657317 0.09002298 -0.5767893 -0.6810532 -0.4510884 -0.5931094 -0.7237016 -0.3528133 -0.5204319 -0.7138547 -0.4685748 -0.2226712 -0.291612 -0.930258 -0.4936349 -0.5711819 -0.6558017 -0.2126497 -0.2490732 -0.9448506 -0.4868491 -0.5364434 -0.6893523 0.01113003 0.02936166 -0.999507 0.01794695 0.03373128 -0.9992698 0.02194839 0.1221168 -0.992273 0.04770594 0.1321197 -0.9900852 0.005892217 0.09328734 -0.9956218 0.01660799 0.1013168 -0.9947156 0.005110144 -0.2510962 -0.9679487 0.02231597 -0.3159642 -0.9485087 -0.002923786 -0.06722265 -0.9977338 0.01162296 -0.1268208 -0.9918576 -0.4838413 -0.5881313 0.6480735 -0.1559106 0.865538 -0.4759581 -0.05825626 0.4242579 -0.9036656 -0.2446025 0.8455753 -0.474523 -0.09424549 0.4365524 -0.894729 -0.02796822 0.2939692 -0.9554056 0.008071303 0.3330578 -0.9428719 -0.8136047 0.3650234 -0.4525545 -0.9216209 0.3427466 -0.1820437 -0.866589 0.4486059 -0.2185778 -0.539804 0.3511275 -0.765063 -0.6330381 0.1802636 -0.75284 -0.6753815 0.4132383 -0.6108142 -0.7831 0.2876659 -0.5513644 -0.5565747 0.2735685 -0.7844649 -0.6795288 0.2904047 -0.6737253 -0.6003841 0.2437462 -0.7616605 -0.7083962 0.2064694 -0.674941 -0.7096911 0.2821345 -0.645553 -0.7277641 0.2525579 -0.6376316 -0.250908 0.8665239 0.4314879 -0.2450786 0.8875938 0.3900177 -0.1253333 0.4571529 0.8805128 -0.1272448 0.4607394 0.8783667 -0.9503951 0.3110405 0.001793503 -0.9500137 0.3122085 2.04596e-5 -0.9261571 0.3749927 -0.04016995 -0.9250552 0.3286419 0.1904405 -0.8985923 0.4365832 0.0438975 -0.9044138 0.4213638 0.06699532 -0.8780296 0.4603095 -0.13107 -0.8499839 0.4798697 -0.2173765 -0.8864078 0.4538609 -0.09105861 -0.6296274 0.1366928 -0.7647774 -0.9380249 0.2897994 -0.1900678 -0.3814244 0.5173994 -0.7660376 0.1355298 0.1722404 -0.9756869 0.5208179 0.5372434 -0.6634141 0.1464991 0.1450995 -0.9785113 0.4719659 0.5267149 -0.7069793 -0.1330071 -0.1048405 -0.9855545 -0.1320434 -0.1077294 -0.9853726 -0.1163909 -0.1133475 -0.9867146 -0.9526231 0.245037 -0.1801835 -0.9960104 -0.03473281 -0.08220082 -0.7501049 0.3875589 -0.5358553 -0.6487532 -0.02912175 -0.7604416 -0.6285432 -0.04331189 -0.7765679 -0.621213 -0.2116007 -0.7545328 -0.59365 -0.2632405 -0.76045 -0.6347943 -0.635003 -0.4402357 -0.8357783 0.01864987 -0.5487502 -0.80589 -0.1139531 -0.5809958 -0.8368525 0.1329029 -0.5310506 -0.6297567 0.3235987 -0.7061802 -0.5054534 0.123256 -0.8540052 -0.5414184 0.3378632 -0.7698797 -0.5524924 0.3400868 -0.7609817 -0.7189023 -0.4861537 -0.496824 0.01555442 0.999879 0 0.01555448 0.9998791 0 -0.05558437 0.4492465 -0.8916771 0.5655574 0.6238651 -0.539386 -0.07245093 -0.1349698 -0.9881974 0.2301391 -0.04008013 -0.9723321 0.2902059 -0.8595666 -0.4206256 -0.03349429 -0.9606737 -0.2756526 -0.01461523 -0.9998932 0 0.01505547 -0.9972423 0.07267153 0.9085854 0.009392797 -0.4175935 0.8689588 0.4948548 0.005421698 0.9471534 0.3203156 0.01727604 0.9442494 -0.3290387 0.01125276 0.6190819 -0.7853111 0.004920899 0.6021762 -0.7983568 -0.003242254 0.4679757 -0.8837413 2.10556e-6 0.4679762 -0.8837411 1.28046e-6 0.7552959 -0.6550375 -0.02130627 0.8410848 -0.5408947 0.00304228 0.8869099 -0.4619413 0.001159131 0.8829263 -0.4694412 -0.008128583 0.4377592 -0.8990923 0 0.4377052 -0.8991187 -1.93292e-4 0.9559359 -0.2641519 -0.1281029 0.955936 -0.2641523 -0.1281023 0.955936 -0.2641517 -0.1281032 0.9990659 -0.03640305 0.02328759 0.9990656 -0.03640645 0.02329277 0.9990656 -0.03640639 0.0232926 0.1668069 -0.297482 -0.9400425 0.1614917 -0.3155962 -0.9350506 0.1579219 -0.3171837 -0.9351231 0.1609153 -0.2667618 -0.9502339 0.1609158 -0.2667618 -0.9502339 0.1609157 -0.2667618 -0.9502338 0.1754397 -0.2599589 -0.9495484 0.6394507 -0.5379222 -0.5493111 0.6343671 -0.5315977 -0.5612329 0.4685579 -0.6720358 -0.5734297 0.4794654 -0.6620677 -0.5760028 0.3742467 -0.7097297 -0.5968444 0.3765535 -0.712356 -0.592247 0.6047718 -0.443656 -0.6613777 0.6197616 -0.4438214 -0.6472389 0.187721 -0.2862586 -0.9395833 0.1163241 -0.4182565 -0.9008498 0.3573117 -0.8532204 -0.3799259 0.3573107 -0.8532208 -0.3799256 0.3573133 -0.8532195 -0.3799261 0.2685773 -0.7891967 -0.5522996 0.2685766 -0.789197 -0.5522994 0.2685781 -0.7891963 -0.5522998 -0.005019843 -0.348068 -0.9374559 -0.04865735 -0.2840615 -0.9575707 0.9069688 -0.103531 -0.4082757 0.9069668 -0.1035248 -0.4082818 0.9069669 -0.1035253 -0.4082812 0.4432907 -0.5489048 -0.7086586 0.4432527 -0.5489389 -0.7086559 0.4432508 -0.5489332 -0.7086614 0.2651581 0.03011882 -0.9637345 0.9351053 0.2018879 -0.2912379 0.5671617 -0.7628185 -0.3105409 0.3458286 0.761101 -0.5487513 0.9992687 -4.47154e-4 0.03823399 0.9976044 -0.06878966 -0.007322072 -0.0453397 -0.03932291 -0.9981974 0.3822605 -0.6493576 -0.657428 0.4357681 -0.4844202 -0.7585798 0.06589782 -0.1799346 -0.9814688 0.543649 -0.6601076 -0.5183665 0.158486 -0.2724899 -0.949016 0.501717 -0.1128177 -0.8576434 0.7112796 0.1770042 -0.680258 0.2123652 -0.1526747 -0.9651898 -0.73365 0.6795169 0.003819048 -0.7364797 0.676459 9.44093e-4 -0.6915318 0.7223457 6.45169e-4 -0.6987371 0.7153781 -8.92522e-4 -0.6442459 0.7648185 -1.07542e-4 -0.643976 0.7650457 2.35875e-4 -0.9966222 0.03841924 -0.07258212 -0.9966223 0.03842639 -0.0725767 -0.9966223 0.03842192 -0.07258009 -0.9130082 -0.2552632 0.3182089 -0.913008 -0.2552753 0.3181998 -0.913008 -0.2552739 0.3182008 -0.300737 0.3039156 -0.9039871 -0.2747656 0.9615097 0.001745462 -0.2747656 0.9615097 0.001745522 -0.2747656 0.9615097 0.001745462 -0.280742 0.9597677 -0.00547409 -0.280742 0.9597678 -0.00547409 -0.2807421 0.9597676 -0.005473971 -0.3274803 0.2643812 -0.9071159 -0.555052 0.0189796 -0.8315991 -0.3975447 0.1257872 -0.9089202 -0.7063123 -0.1141741 -0.6986324 -0.6351794 -0.1286349 -0.7615775 -0.2309895 0.9729563 -7.86174e-7 0.5174899 0.8556893 -1.2331e-6 0.5174899 0.8556894 0 0.9992203 0.03948283 0 0.9992201 0.03948915 0 0.6556565 0.7549442 0.01318401 0.6556567 0.754944 0.01318424 0.6556573 0.7549436 0.01318508 0.6896064 0.7236293 -0.02835059 0.6896066 0.7236292 -0.02835041 0.6896063 0.7236294 -0.02835088 0.4454098 0.8953268 0 0.4454098 0.8953269 -1.19603e-6 -0.6008931 0.7993294 -1.27246e-6 -0.6008921 0.7993301 0 -0.2310871 0.9729331 1.74424e-5 -0.2314957 0.972836 0 -0.2314956 0.972836 0 -0.2314956 0.972836 0 -0.8403541 0.5420378 0 -0.8403539 0.5420383 0 -0.5077762 -0.8614891 2.46942e-6 -0.507776 -0.8614891 0 0.5826999 -0.8126875 0 0.5826998 -0.8126876 1.77405e-6 -0.396462 -0.9180513 0 -0.3964627 -0.9180508 1.39454e-6 0.5407757 -0.841167 0 0.5407752 -0.8411672 1.65213e-6 -0.5895779 -0.8077116 1.12997e-6 -0.6547176 -0.7558736 6.35116e-7 -0.598724 -0.8009555 1.1517e-6 -0.6547175 -0.7558737 5.09581e-7 -0.508807 -0.8608807 1.88155e-6 -0.5088071 -0.8608807 1.81653e-6 0.01912307 -0.9997724 0.009463906 0.01912236 -0.9997724 0.009463787 0.0191223 -0.9997724 0.009463787 0.03440743 -0.9957895 -0.08496701 0.0344088 -0.9957895 -0.08496677 0.03440982 -0.9957895 -0.08496659 0.01911824 -0.9997725 0.009460866 0.01911824 -0.9997725 0.009460866 0.01911878 -0.9997725 0.009460985 -0.6971446 -0.7169306 0 -0.6971489 -0.7169265 0 -0.1703488 -0.8011297 -0.5737356 -0.2175145 -0.4395372 -0.8714898 -0.2145438 -0.6767185 -0.7042891 0.326572 0.4598513 -0.8257649 0.3265716 0.4598516 -0.8257648 0.326572 0.4598513 -0.8257649 0.3147016 0.4447663 -0.838538 0.3147017 0.4447662 -0.8385379 0.314702 0.444766 -0.8385381 -0.1678636 -0.6131721 -0.7719079 0.5420834 -0.6055595 -0.5826178 0.7248817 -0.2350327 -0.6475385 0.6459328 -0.719467 -0.2552217 0.8505269 -0.5067771 -0.1406447 0.8746297 -0.4826648 -0.0453611 0.6706366 -0.741786 -3.10753e-4 0.8869271 -0.4563422 -0.0714997 0.9352873 -0.2431573 -0.2571231 0.350105 -0.3681628 -0.8613262 0.5262944 0.4317829 -0.7325147 0.619399 0.2019599 -0.7586549 -0.2261473 0.003576517 -0.9740866 -0.2261477 0.003576457 -0.9740865 -0.2261469 0.003576517 -0.9740867 -0.2286111 0.0439226 -0.9725265 -0.2286108 0.0439226 -0.9725266 -0.2286112 0.0439226 -0.9725266 -0.7468177 0.4483295 -0.4911864 -0.7468174 0.4483298 -0.4911865 -0.7468144 0.448337 -0.4911845 -0.1392971 0.2813215 -0.9494496 -0.1392877 0.2813431 -0.9494447 -0.1392921 0.2813323 -0.9494471 -0.7364795 0.6764589 -0.001229822 -0.7364794 0.676459 -0.001229822 -0.7364794 0.676459 -0.001229822 -0.7364735 0.6764655 -0.001182436 -0.7364736 0.6764654 -0.001182377 -0.7364736 0.6764653 -0.001182377 -0.755074 -0.6537066 -0.05030894 0.76239 0.6462333 0.03382265 0.8272871 0.5617612 0.004550993 0.7754941 0.6311253 0.01702421 0.2728856 0.3409808 -0.8995919 0.2884926 0.3552792 -0.889128 -0.6027835 -0.4332888 -0.6700096 -0.6027841 -0.4332882 -0.6700095 -0.602783 -0.4332894 -0.6700098 -0.5679284 -0.3837615 -0.7281376 -0.5679275 -0.3837625 -0.7281379 -0.5679288 -0.3837612 -0.7281376 0.7684357 0.6398769 0.008013308 0.7591336 0.6508544 -0.01024007 0.03653687 -0.9992873 0.009485602 0.03654187 -0.9992871 0.009480595 0.2837981 -0.9588834 -0.001218318 0.2946044 -0.9556072 0.004822313 0.9951905 -0.03472769 -0.09159678 0.8730406 -0.4873185 -0.01791614 0.9986422 0.05091816 -0.01100558 0.9050428 -0.4245121 0.02621376 0.02076727 -0.7067995 -0.707109 0.02076774 -0.7067993 -0.7071092 0.1678153 -0.694733 -0.6994169 0.2519401 -0.6807146 -0.6878619 0.7751287 0.0798977 -0.6267312 0.6201731 -0.3300997 -0.7116317 0.9465042 0.0752514 -0.3137946 0.6341556 -0.3496892 -0.6896116 -0.794574 -0.05524051 -0.6046492 0.9622905 0.2169258 -0.1641352 0.962289 0.2169342 -0.1641327 0.9622884 0.2169375 -0.1641318 0.6917876 -0.08599174 0.7169626 0.6917827 -0.0859636 0.7169708 0.6917862 -0.08598256 0.7169651 0.6467262 0.1115666 -0.7545185 0.6467262 0.1115666 -0.7545185 0.6467261 0.1115671 -0.7545185 0.6322445 0.1120079 -0.7666298 0.6322445 0.1120084 -0.7666298 0.6322445 0.1120082 -0.7666298 0.7237231 -0.4615356 -0.5130397 0.4776766 -0.5232884 -0.7056871 0.9746291 -0.1343276 -0.179037 0.7410306 -0.533386 -0.4078887 -0.2490282 -0.8789634 -0.4067043 0.8075118 -0.5890009 0.03166586 0.5580807 -0.8294284 0.02438253 -0.5935549 -0.8023822 0.06225496 0.983859 -0.1788879 0.004559934 0.9844635 -0.1755396 0.004207193 -0.5834186 -0.7602092 -0.2858406 -0.578262 -0.8158512 1.83207e-5 -0.09863561 0.05928111 -0.9933564 -0.1893417 -0.07870775 -0.9787517 0.2506336 0.5153108 -0.8195351 0.1986435 0.4358775 -0.8778108 0.5744829 0.8185029 -0.004760265 0.5744828 0.8185029 -0.004760205 0.5744826 0.818503 -0.004760026 0.5881502 0.8086035 0.01548278 0.58815 0.8086037 0.01548296 0.58815 0.8086037 0.01548302 0.06855779 -0.9359382 -0.3454266 0.1762737 -0.1463118 -0.9734067 0.860233 -0.3265381 -0.3916278 0.7247769 0.403834 -0.5582262 0.9069191 0.4211795 -0.01028269 0.7228906 -0.6601002 -0.2041981 -0.1819475 -0.9726944 -0.1440859 0.9707399 0.2401196 -0.002573788 -0.08797425 0.002042412 -0.9961208 -0.3532586 -0.8741682 -0.3332243 0.1198219 0.5386824 -0.833945 0.3316825 0.9433898 -0.001645445 0.3316826 0.9433897 -0.001645505 0.3316825 0.9433897 -0.001645445 0.3360549 0.9418262 0.005524575 0.336055 0.9418262 0.005524456 0.336055 0.9418262 0.005524516 -0.3577598 -0.9298189 -0.08628296 -0.01646518 -0.9998645 0 -0.01646518 -0.9998645 0 -0.01646518 -0.9998645 2.72179e-7 -0.01646518 -0.9998645 0 -0.01646518 -0.9998645 0 -0.01646518 -0.9998645 0 0.05558454 -0.4492465 -0.8916771 -0.5655573 -0.6238651 -0.539386 0.07245105 0.1349698 -0.9881974 -0.2301391 0.04008013 -0.9723321 -0.2902061 0.8595665 -0.4206256 0.03349429 0.9606737 -0.2756526 0.01365655 0.9999068 0 -0.01505547 0.9972423 0.07267159 -0.9085855 -0.009393095 -0.4175934 -0.8689602 -0.4948524 0.005421698 -0.9471543 -0.3203131 0.0172761 -0.9442499 0.3290374 0.01125282 -0.622682 0.7824751 -4.69192e-5 -0.6057482 0.7956147 -0.008155882 -0.4679757 0.8837413 8.23657e-7 -0.467976 0.8837411 0 -0.7552961 0.6550374 -0.02130734 -0.841085 0.5408946 0.003041684 -0.8869099 0.4619413 0.001159131 -0.8829264 0.4694413 -0.008128583 -0.4377582 0.8990929 0 -0.4377053 0.8991185 -1.93292e-4 -0.9573378 0.261422 -0.123138 -0.9573376 0.2614257 -0.1231323 -0.9573375 0.2614259 -0.123132 -0.9987967 0.04409009 0.02147853 -0.9987964 0.04409402 0.02148461 -0.9987965 0.04409313 0.02148312 -0.1668069 0.2974821 -0.9400425 -0.1614917 0.3155964 -0.9350505 -0.1579223 0.3171837 -0.935123 -0.1609157 0.266762 -0.9502338 -0.1609162 0.266762 -0.9502338 -0.1609161 0.266762 -0.9502337 -0.1754397 0.2599591 -0.9495484 -0.6394507 0.5379206 -0.5493126 -0.6343668 0.5315966 -0.5612343 -0.468557 0.6720361 -0.5734299 -0.4794643 0.6620684 -0.576003 -0.3742446 0.7097303 -0.596845 -0.3765516 0.7123566 -0.5922474 -0.6047696 0.4436575 -0.6613788 -0.6197596 0.4438228 -0.64724 -0.1877211 0.2862586 -0.9395833 -0.1163241 0.4182565 -0.9008498 -0.3573132 0.8532198 -0.3799256 -0.3573123 0.8532202 -0.3799253 -0.3573148 0.8532189 -0.3799258 -0.2685768 0.7891976 -0.5522987 -0.2685762 0.7891979 -0.5522984 -0.2685775 0.7891972 -0.5522989 0.005021154 0.3480679 -0.9374559 0.04865914 0.2840614 -0.9575707 -0.9031522 0.1110733 -0.4147034 -0.9031498 0.111066 -0.4147107 -0.9031499 0.1110665 -0.4147101 -0.4462412 0.5473253 -0.7080281 -0.4462423 0.5473304 -0.7080236 -0.4462428 0.5473315 -0.7080224 -0.2651581 -0.03011876 -0.9637345 -0.9351053 -0.2018879 -0.2912378 -0.567162 0.7628183 -0.3105409 -0.3458283 -0.761101 -0.5487514 -0.9992688 4.47154e-4 0.03823399 -0.9976043 0.06878983 -0.007322072 0.04534065 0.03932291 -0.9981974 -0.3822594 0.6493579 -0.6574284 -0.4357674 0.4844202 -0.7585803 -0.06589913 0.1799345 -0.9814687 -0.5436472 0.6601085 -0.5183674 -0.1584852 0.2724904 -0.949016 -0.5017192 0.1128177 -0.8576421 -0.7112787 -0.1770039 -0.680259 -0.2123646 0.1526747 -0.96519 0.73365 -0.6795169 0.003819048 0.7364794 -0.6764594 9.44093e-4 0.6915317 -0.7223458 6.45473e-4 0.6987368 -0.7153784 -8.92336e-4 0.6442459 -0.7648184 -1.06908e-4 0.6439761 -0.7650457 2.3654e-4 0.9986304 -0.0200684 -0.0483188 0.9986304 -0.02006703 -0.04831981 0.9986304 -0.02006405 -0.04832208 0.9571692 0.1843209 0.2232779 0.9571691 0.1843263 0.2232739 0.9571692 0.1843177 0.2232803 0.3007387 -0.3039163 -0.9039863 0.2658587 -0.9640116 8.69782e-4 0.2658587 -0.9640116 8.69183e-4 0.2658588 -0.9640116 8.70479e-4 0.2718338 -0.962323 -0.006385564 0.2718337 -0.9623231 -0.006385028 0.2718337 -0.9623231 -0.006385207 0.3274787 -0.2643803 -0.9071168 0.5083694 -0.4798389 -0.7150631 0.3972994 -0.1255481 -0.9090605 0.5032832 0.1723681 -0.8467558 0.7063104 0.1141744 -0.6986343 0.6351776 0.1286351 -0.761579 0.2309899 -0.9729562 0 -0.5270966 -0.8498054 1.77118e-6 -0.5270966 -0.8498054 1.23214e-6 -0.5270966 -0.8498054 1.73634e-6 -0.5270966 -0.8498054 -3.41385e-7 -0.5270966 -0.8498054 -6.86268e-7 -0.5270966 -0.8498054 9.1549e-7 -0.9992203 -0.03948283 0 -0.9992201 -0.03948915 0 -0.6556565 -0.7549442 0.01318466 -0.6556567 -0.7549441 0.0131849 -0.6556573 -0.7549436 0.01318573 -0.6896063 -0.7236294 -0.02834981 -0.6896064 -0.7236294 -0.02834963 -0.6896061 -0.7236296 -0.02835011 -0.4454096 -0.895327 0 -0.44541 -0.8953268 1.19603e-6 0.5966457 -0.8024842 0.005751669 0.5966456 -0.8024843 0.00575155 0.5966457 -0.8024843 0.00575155 0.5966449 -0.8024848 0.005750179 0.5966453 -0.8024846 0.005750656 0.5966451 -0.8024846 0.005750417 0.2310872 -0.9729331 1.87345e-5 0.2314953 -0.972836 0 0.2314953 -0.9728361 0 0.2314953 -0.9728361 0 0.8403541 -0.5420378 8.08991e-7 0.8403539 -0.5420383 1.02272e-6 0.498039 0.8671547 -1.9335e-6 0.4980391 0.8671546 -2.62493e-6 0.498039 0.8671547 -2.46926e-6 0.4979974 0.8671786 1.87152e-7 0.4979973 0.8671786 0 0.4979973 0.8671786 -4.45638e-7 -0.5826994 0.8126878 0 -0.5826998 0.8126876 -1.77405e-6 0.3964623 0.918051 0 0.396463 0.9180507 -1.39454e-6 -0.5407754 0.8411671 0 -0.540775 0.8411673 0 0.5927593 0.8053635 -0.005127847 0.6547175 0.7558737 0 0.601871 0.7985765 -0.005176246 0.6547175 0.7558737 0 0.4990767 0.8665579 5.09034e-7 0.4991183 0.866534 -5.48025e-7 -0.01912319 0.9997724 0.009462058 -0.01912248 0.9997724 0.009461939 -0.01912248 0.9997724 0.009461939 -0.03440743 0.9957897 -0.08496516 -0.0344088 0.9957897 -0.08496499 -0.03440982 0.9957897 -0.08496475 -0.01911759 0.9997725 0.009460866 -0.01911753 0.9997725 0.009460866 -0.01911813 0.9997725 0.009460985 0.6971446 0.7169306 -5.51119e-7 0.6971487 0.7169266 -5.84121e-7 0.1703492 0.8011297 -0.5737355 0.2175151 0.4395372 -0.8714897 0.2145441 0.6767184 -0.7042891 -0.326574 -0.4598509 -0.8257642 -0.3265736 -0.4598513 -0.8257642 -0.3265739 -0.459851 -0.8257642 -0.3147047 -0.4447675 -0.8385361 -0.3147048 -0.4447675 -0.8385361 -0.3147051 -0.4447672 -0.8385361 0.1678642 0.6131723 -0.7719077 -0.5420841 0.6055582 -0.5826183 -0.7248815 0.2350324 -0.6475388 -0.6459326 0.7194671 -0.2552222 -0.8505266 0.5067777 -0.1406452 -0.8746299 0.4826647 -0.04536169 -0.6706362 0.7417863 -3.11936e-4 -0.8869275 0.4563413 -0.07150012 -0.9352872 0.2431575 -0.2571234 -0.3501047 0.368161 -0.8613269 -0.4403623 -0.3459396 -0.8284968 -0.6193993 -0.2019593 -0.7586548 0.1636043 -0.1165015 -0.979623 0.1636041 -0.1165016 -0.979623 0.1636048 -0.1165015 -0.9796229 0.1553974 0.01873958 -0.9876744 0.1553981 0.01873964 -0.9876742 0.1554 0.01873975 -0.9876739 0.6823075 -0.4891141 -0.5433452 0.6823081 -0.4891126 -0.5433458 0.6823079 -0.4891134 -0.5433453 0.3795937 -0.4436634 -0.8118321 0.3795927 -0.4436658 -0.8118313 0.3795971 -0.4436559 -0.8118346 0.7364795 -0.6764589 -0.001229286 0.7364794 -0.676459 -0.001229286 0.7364794 -0.676459 -0.001229286 0.7364735 -0.6764655 -0.0011819 0.7364735 -0.6764654 -0.0011819 0.7364736 -0.6764654 -0.0011819 0.7335973 0.5904622 -0.3364365 0.4650969 0.2872413 -0.8373633 0.7550753 0.6537051 -0.05031031 -0.7623902 -0.6462332 0.03382265 -0.8272867 -0.5617617 0.004550695 -0.775494 -0.6311255 0.01702427 -0.2728891 -0.3409822 -0.8995903 0.206622 0.04797482 -0.977244 -0.7684357 -0.639877 0.008013665 -0.7591335 -0.6508545 -0.01023948 -0.03653681 0.9992873 0.009485602 -0.03654187 0.9992871 0.009480595 -0.2907895 0.956787 -5.0688e-4 -0.3016413 0.9534055 0.005541265 -0.9947243 0.03629726 -0.09594959 -0.873368 0.486698 -0.01880532 -0.9985369 -0.05266803 -0.01226061 -0.9059082 0.4226256 0.02679842 -0.02076733 0.7068005 -0.7071081 -0.02076762 0.7068002 -0.7071084 -0.1678145 0.6947333 -0.6994169 -0.2519393 0.6807147 -0.687862 -0.7796185 -0.08524304 -0.6204263 -0.6204532 0.3302507 -0.7113173 -0.9480792 -0.0796796 -0.3078914 -0.6333054 0.3502224 -0.6901222 0.794574 0.05524051 -0.6046492 -0.9622905 -0.2169258 -0.1641352 -0.962289 -0.2169342 -0.1641327 -0.9622884 -0.2169375 -0.1641318 -0.6917873 0.08599174 0.7169629 -0.6917824 0.0859636 0.716971 -0.6917858 0.08598256 0.7169654 -0.6467263 -0.1115666 -0.7545185 -0.6467263 -0.1115666 -0.7545185 -0.6467262 -0.1115671 -0.7545185 -0.6322447 -0.1120079 -0.7666296 -0.6322447 -0.1120084 -0.7666296 -0.6322447 -0.1120082 -0.7666296 -0.7237242 0.4615362 -0.5130376 -0.1311725 0.1888872 -0.9731986 -0.8091591 -0.1609974 -0.5651031 -0.7369298 0.5438274 -0.4014803 0.2438165 0.8862974 -0.3937391 -0.998637 -0.05107843 -0.01072978 -0.5238146 0.8514025 0.02705705 0.4799096 0.8763017 0.04221522 -0.9844634 0.1755395 0.004206776 0.5834196 0.7602089 -0.2858394 0.5812137 0.8137373 -0.004733324 0.1893432 0.07870852 -0.9787514 -0.1986433 -0.4358782 -0.8778103 -0.5715172 -0.82059 3.64652e-7 -0.5715172 -0.8205901 4.59142e-7 -0.5715172 -0.82059 0 -0.5851501 -0.8106724 0.02024334 -0.5851506 -0.810672 0.02024328 -0.58515 -0.8106725 0.02024334 -0.06823951 0.9358582 -0.3457065 -0.1769622 0.148203 -0.9729955 -0.8602323 0.3265398 -0.3916277 -0.7247769 -0.4038339 -0.5582262 -0.9069191 -0.4211794 -0.01028263 -0.7228889 0.660103 -0.2041953 0.1831679 0.9710092 -0.1535923 -0.9707399 -0.2401198 -0.002573788 0.05902838 -0.08281981 -0.9948148 0.3514175 0.8814662 -0.3154727 -0.1198219 -0.5386824 -0.833945 -0.3316826 -0.9433897 -0.001645445 -0.3316826 -0.9433897 -0.001645505 -0.3316826 -0.9433896 -0.001645445 -0.3360548 -0.9418262 0.005524575 -0.336055 -0.9418262 0.005524456 -0.3360549 -0.9418262 0.005524516 0.3470508 0.9378463 0 -0.002252638 -0.006664097 0.9999753 0.001265227 0.01200622 0.9999272 0.001265764 0.0120061 0.9999272 0.001265645 0.01200616 0.9999272 0.00137794 0.01137948 0.9999344 0.001378417 0.01137942 0.9999344 0.00137794 0.01137948 0.9999344 0.0997824 0.8177371 0.5668771 0.09978938 0.8177366 0.5668765 0.09979063 0.8177365 0.5668764 0.1021754 0.5371771 0.8372581 0.1021771 0.537177 0.8372579 0.1021718 0.5371773 0.8372583 0.001900732 0.01039707 0.9999442 0.001899838 0.01039725 0.9999442 0.001900196 0.01039719 0.9999442 -0.002690494 0.008495271 0.9999603 -0.002691447 0.008495211 0.9999604 -0.002691566 0.008495211 0.9999604 0.00225681 0.00667566 0.9999753 0.002257168 0.006675541 0.9999753 0.002257287 0.006675481 0.9999753 0.002257525 0.006675481 0.9999753 0.002257645 0.006675422 0.9999753 0.002257287 0.006675541 0.9999753 0.002248585 0.0066998 0.999975 0.002248525 0.0066998 0.999975 0.002248227 0.006699919 0.999975 0.002233922 0.006709396 0.9999751 0.03255331 -0.0153402 0.9993523 -2.83033e-4 0.007873833 0.9999691 -0.0172187 0.007030963 0.9998271 0.03725188 -0.6712651 0.7402806 0.037252 -0.6712652 0.7402806 0.03725206 -0.6712652 0.7402806 0.03659898 -0.6800457 0.7322557 0.03659892 -0.6800457 0.7322556 0.03659909 -0.6800457 0.7322556 0.002257466 0.006675601 0.9999753 0.002257823 0.006675481 0.9999753 0.002257049 0.006675779 0.9999753 -0.003421545 0.007670938 0.9999647 -0.003421962 0.007670879 0.9999647 -0.00342226 0.007670879 0.9999647 0.002698779 0.006754517 0.9999736 0.002698659 0.006754577 0.9999735 0.002698361 0.006754696 0.9999736 0.002263724 -0.008471667 0.9999615 0.002360165 0.006776988 0.9999743 0.002360045 0.006777048 0.9999743 0.002359688 0.006777167 0.9999743 0.002254903 0.007005333 0.9999729 0.002255022 0.007005274 0.9999729 0.00225532 0.007005155 0.999973 0.005728483 0.008847653 0.9999445 0.005728542 0.008847594 0.9999445 0.005728542 0.008847653 0.9999445 0.001499354 0.007535517 0.9999705 0.001498937 0.007535576 0.9999705 0.001499652 0.007535398 0.9999705 8.44382e-4 0.005914747 0.9999822 8.43928e-4 0.005914866 0.9999822 8.442e-4 0.005914807 0.9999822 0.001416385 0.007438182 0.9999714 0.001416027 0.007438302 0.9999714 0.001415908 0.007438302 0.9999714 0.002069413 0.007653892 0.9999687 0.002069234 0.007653951 0.9999687 0.002069771 0.007653832 0.9999687 0.002456247 0.006941914 0.9999729 0.002455711 0.006942093 0.9999729 0.002455592 0.006942152 0.9999729 0.002367675 0.006986379 0.9999728 0.002367556 0.006986439 0.9999729 0.002367913 0.00698632 0.9999729 0.001909792 0.007822215 0.9999676 0.001909375 0.007822334 0.9999676 0.001908957 0.007822453 0.9999676 0.1826624 0.9784981 -0.09579062 -0.005756914 -0.04040229 0.999167 -0.008401155 -0.02991598 0.9995172 0.002335131 0.003594338 0.9999909 0.00233519 0.003594279 0.9999909 0.002335309 0.003594219 0.9999909 0.01512014 0.0112974 0.9998219 0.01511925 0.011298 0.9998219 0.01511919 0.01129847 0.9998219 0.003002703 0.006955027 0.9999713 0.003002583 0.006955087 0.9999713 0.003002166 0.006955206 0.9999713 0.002256274 0.00667566 0.9999753 0.002257168 0.006675362 0.9999753 0.00225681 0.006675481 0.9999753 0.003287076 0.006499648 0.9999735 0.003286957 0.006499648 0.9999735 0.003286898 0.006499707 0.9999735 0.002771794 0.007007777 0.9999716 0.002771615 0.007007837 0.9999717 0.002771258 0.007007956 0.9999717 0.002693414 0.005926132 0.9999789 0.002692639 0.00592643 0.9999789 0.002693057 0.005926311 0.9999788 0.002352774 0.006635248 0.9999752 0.006949126 0.01990628 0.9997778 0.006949186 0.01990628 0.9997778 0.003218054 0.001434981 0.9999938 0.003218293 0.001434803 0.9999938 0.003218173 0.001434862 0.9999939 0.00284636 0.003347694 0.9999904 0.003127694 0.001933455 0.9999933 -0.001260757 -0.002051711 0.9999972 -0.0997824 -0.8177371 0.5668771 -0.09978938 -0.8177366 0.5668765 -0.09979063 -0.8177365 0.5668764 -0.1021754 -0.537177 0.8372582 -0.1021771 -0.5371769 0.8372579 -0.1021718 -0.5371773 0.8372584 0.002551376 0.0028705 0.9999927 0.002551257 0.002870559 0.9999927 0.002550959 0.002870738 0.9999927 0.007195472 0.004811048 0.9999626 0.007195413 0.004811108 0.9999626 0.007194936 0.004811525 0.9999626 0.002257347 0.006675481 0.9999753 0.002257466 0.006675481 0.9999753 0.002257287 0.006675541 0.9999753 0.002257764 0.006675362 0.9999753 0.002257645 0.006675422 0.9999753 0.002257347 0.006675541 0.9999753 -0.009813964 0.002797961 0.9999479 -0.009813725 0.00279814 0.9999479 -0.009813964 0.002797961 0.9999479 0.008526265 -0.01616925 0.9998329 -0.0264455 0.006424188 0.9996296 0.7264603 -0.34267 0.5956784 0.8808395 -0.4129648 0.231478 -0.04313874 0.6534566 0.7557338 -0.04313886 0.6534566 0.7557339 -0.04313772 0.6534566 0.7557339 -0.03696858 0.727958 0.6846244 -0.03696978 0.727958 0.6846243 -0.03696936 0.727958 0.6846243 0.002257406 0.006675601 0.9999753 0.002257406 0.006675601 0.9999753 0.002257347 0.006675601 0.9999753 0.007937192 0.005666434 0.9999525 0.007937192 0.005666434 0.9999525 0.007937729 0.005665957 0.9999524 0.001805305 0.00654596 0.9999769 0.001805424 0.006545901 0.9999769 0.001805305 0.00654596 0.9999769 -0.002259671 0.008467555 0.9999616 0.002144455 0.006528854 0.9999764 0.002144396 0.006528913 0.9999764 0.002144515 0.006528854 0.9999764 0.002244412 0.006300032 0.9999777 0.002244174 0.006300091 0.9999777 0.002243638 0.00630027 0.9999777 -0.00121361 0.004516959 0.9999892 -0.00121349 0.004516899 0.9999892 -0.00121349 0.004516899 0.9999892 0.003011107 0.005777239 0.9999788 0.003011465 0.00577712 0.9999788 0.003011405 0.00577712 0.9999788 0.003673374 0.007398128 0.9999659 0.003673255 0.007398128 0.9999659 0.003673315 0.007398128 0.9999659 0.00309205 0.005872488 0.9999781 0.003092706 0.005872189 0.999978 0.003092348 0.005872368 0.9999781 0.00161916 0.006416976 0.9999782 0.00204432 0.006364405 0.9999777 0.00204432 0.006364405 0.9999777 0.002043724 0.006364583 0.9999777 0.002131819 0.006320178 0.9999778 0.002131998 0.006320118 0.9999778 0.002132177 0.006320059 0.9999778 0.002586483 0.005464553 0.9999818 0.002585887 0.005464792 0.9999818 0.002586185 0.005464673 0.9999818 -0.003977715 0.4596388 0.8880972 0.008301794 0.02993893 0.9995173 0.001830816 0.007538974 0.9999699 -0.009289503 0.002499461 0.9999538 -0.009289264 0.002499639 0.9999538 -0.009289443 0.002499461 0.9999538 0.001508712 0.006339728 0.9999788 0.001508474 0.006339788 0.9999788 0.00150907 0.006339609 0.9999788 0.002257347 0.006675481 0.9999753 0.002257406 0.006675481 0.9999753 0.002257347 0.006675541 0.9999753 0.001399397 0.006653666 0.9999769 0.001765787 0.006748318 0.9999758 0.6523271 0.7579227 -0.004755914 0.7259138 0.687731 0.008676469 0.8415574 0.5401403 -0.005458354 0.851489 0.5243589 0.003796339 0.5615745 0.8274126 -0.00475949 0.5905868 0.8067132 0.02051907 -1.55789e-7 0 -1 3.36228e-7 -2.4285e-7 -1 -1.03035e-6 0 -1 0 -1.33576e-7 -1 1.70322e-7 0 -1 -3.07201e-7 0 -1 0.8017917 -0.3221334 -0.5033491 0.6018264 -0.05622088 -0.7966457 0.7699707 -0.3574809 -0.5285382 0.5629626 -0.06438153 -0.8239711 0.5442272 -0.4643247 -0.698727 0.5600836 -0.4655216 -0.6852709 0.6917445 7.84872e-7 -0.7221423 0.6633951 -0.2414921 -0.7082292 0.6974224 6.17001e-7 -0.7166604 0.6883763 -0.200716 -0.6970303 -0.5763654 0.2837595 -0.7663444 -0.7553583 0.001230835 -0.655311 -0.5913937 0.2515099 -0.7661569 -0.773476 9.99495e-4 -0.6338248 -0.654623 0.4156401 -0.6314366 -0.6382218 0.4108993 -0.6510259 0 0 -1 0 -2.45648e-7 -1 0 0 -1 0 -1.35653e-7 -1 1.43381e-7 0 -1 0.7940087 0.3237053 -0.5145532 0.7652989 0.3612999 -0.53271 0.6571015 0.03179532 -0.7531313 0.6273073 0.03919714 -0.7777848 0.5406284 0.4677531 -0.699234 0.5547745 0.4708646 -0.6859386 0.6606332 0.248528 -0.7083768 0.6858741 0.2078591 -0.6974034 -0.5809655 -0.2787957 -0.7646908 -0.5979594 -0.2496396 -0.7616591 -0.6207821 -0.3951582 -0.6771112 -0.6109651 -0.392266 -0.6876403 -0.9576685 -0.2878733 1.91933e-5 -0.9574263 -0.2886778 3.11849e-5 -1 0 3.05441e-5 -1 1.63549e-7 2.01897e-5 -0.4644872 -0.8855787 0.001474082 0.09779351 -0.9951771 0.007693946 -0.4569866 -0.8894487 0.00668025 0.2892562 -0.9571017 0.01695066 0.002258062 0.006675362 0.9999753 0.002257585 0.006675541 0.9999753 0.002257943 0.006675422 0.9999753 0.002256989 0.00667572 0.9999753 0.002257406 0.006675601 0.9999753 0.002256691 0.006675779 0.9999753 0.002257525 0.006675958 0.9999753 0.002257466 0.006675958 0.9999753 0.002257406 0.006675958 0.9999753 0.002257645 0.006675839 0.9999753 0.002257347 0.006675899 0.9999753 0.002257823 0.00667572 0.9999753 0.002257406 0.006675899 0.9999753 0.002257823 0.006675779 0.9999753 0.00225687 0.006676077 0.9999753 0.002257645 0.006676137 0.9999753 0.002257704 0.006676137 0.9999753 0.00225836 0.006675899 0.9999753 0.002257406 0.006675541 0.9999753 0.002257347 0.006675601 0.9999753 0.002257347 0.006675601 0.9999753 0.002257287 0.006675601 0.9999753 0.002257347 0.006675601 0.9999753 0.002257585 0.006675481 0.9999753 0.002257823 0.006675958 0.9999753 0.002258479 0.00667572 0.9999753 0.002257883 0.006675958 0.9999753 0.002257049 0.006675779 0.9999753 0.002256691 0.006675899 0.9999753 0.002256989 0.006675779 0.9999753 0.957053 0.2899134 2.59844e-5 0.9570124 0.2900472 -3.30597e-5 1 1.28068e-5 2.88921e-5 1 1.06996e-5 1.814e-4 0.3253609 0.9455884 -0.001700818 0.3209539 0.9470834 -0.004663527 0.6830669 0.7303547 -0.001333713 0.6436621 0.765294 0.004908919 0.9956506 -0.09197282 0.01486694 0.9622988 -0.2719298 0.005948364 0.002255618 0.006676375 0.9999753 0.002255678 0.006676375 0.9999753 0.002256393 0.006676137 0.9999753 -0.6725919 -0.7400136 2.19368e-4 -0.6723583 -0.7402258 -1.72326e-5 -0.8470283 -0.5315479 -2.70986e-5 -0.8464465 -0.5324738 -3.28314e-5 -0.9576687 0.2878731 1.90123e-5 -0.9574264 0.2886776 3.11399e-5 -0.4598397 0.8880007 0.001473665 -0.452332 0.8918252 0.00660634 0.08970046 0.9959455 0.006811678 0.3014749 0.953255 0.02044409 0.002257704 0.006675541 0.9999753 0.002257823 0.006675481 0.9999753 0.002258062 0.006675422 0.9999753 0.002258062 0.006675422 0.9999753 0.002257704 0.006675541 0.9999753 0.002257883 0.006675481 0.9999753 0.002256929 0.00667572 0.9999753 0.002257227 0.006675601 0.9999753 0.00225681 0.006675779 0.9999753 0.002257168 0.00667566 0.9999752 0.002257168 0.00667566 0.9999752 0.002257525 0.006675541 0.9999752 0.002257406 0.006675541 0.9999753 0.002257227 0.006675601 0.9999753 0.002256929 0.00667572 0.9999753 0.002257466 0.006675541 0.9999753 0.00225681 0.006675779 0.9999753 0.002257168 0.00667566 0.9999753 0.002258002 0.006675243 0.9999753 0.002258002 0.006675243 0.9999753 0.002258181 0.006675183 0.9999753 0.002257525 0.006675601 0.9999752 0.002257585 0.006675601 0.9999752 0.002256989 0.006675779 0.9999752 0.8494343 -0.5276792 0.004018306 0.8542995 -0.5197809 -5.09488e-4 0.957062 -0.2898836 -5.60456e-5 0.9570165 -0.2900335 -1.01436e-4 0.7743377 -0.6327728 1.56126e-4 0.7630164 -0.6463186 0.008855342 0.4525945 -0.8917009 0.00527215 0.6881898 -0.7255141 0.00492233 0.4420168 -0.8970058 -0.001407146 0.665586 -0.746292 0.006604313 0.5519003 -0.8338979 0.004521191 0.5666561 -0.8238302 0.01431602 0.9957013 0.09084987 0.01803255 0.9647226 0.2631094 0.009161591 0.002257764 0.006675422 0.9999753 0.002256929 0.00667572 0.9999753 0.002257406 0.006675541 0.9999753 0.002257823 0.006675362 0.9999753 0.002258181 0.006675243 0.9999753 0.002257406 0.006675541 0.9999753 0.002257943 0.006675362 0.9999753 0.002258002 0.006675302 0.9999753 0.002258121 0.006675302 0.9999753 -0.8523507 0.5229708 -9.62415e-5 -0.8517988 0.5238692 -8.87472e-6 -0.6742916 0.738465 6.38832e-4 -0.6738035 0.7389106 2.71005e-4 0.6264727 -0.7794434 4.74744e-4 0.7676361 -0.6408788 -0.003073453 0.6263815 -0.7795166 3.16199e-4 0.7676052 -0.6409153 -0.003147721 0.948266 -0.3174689 -0.002284944 0.9465575 -0.3225275 0.002254784 0.9999716 -4.25132e-6 0.007534205 0.9998536 -3.95144e-6 0.01711148 -0.8292698 0.5588464 0.001581609 -0.8902218 0.4551092 -0.01951551 -0.8292687 0.558848 0.001574695 -0.8995773 0.4367617 -2.87147e-5 -1 0 0 -0.8816137 0.4719718 1.54691e-4 -0.9987745 8.18904e-4 -0.049488 -0.9646428 0.2631529 -0.01465785 0.5067926 -0.4346477 0.7444749 0.5206926 -0.4376566 0.7330321 0.7182236 -0.377607 0.5844381 0.7245724 -0.388779 0.5690745 0.6383857 -0.2415574 0.7308308 0.7259063 4.66534e-7 0.6877937 0.6597744 -0.2025167 0.7236607 0.7296333 6.24219e-7 0.6838386 0.002241849 0.006623566 0.9999756 0.002241492 0.006623685 0.9999756 0.002241909 0.006623566 0.9999756 0.002257347 0.006675541 0.9999753 0.002257406 0.006675541 0.9999753 0.002257227 0.006675601 0.9999753 0.002272725 0.006672561 0.9999752 0.002273023 0.006672441 0.9999752 0.002272367 0.00667268 0.9999752 0.002256929 0.006675601 0.9999753 0.002305209 0.00665909 0.9999753 0.002257108 0.006675541 0.9999753 0.002257287 0.00667566 0.9999753 0.002257525 0.006675541 0.9999753 0.002257466 0.006675601 0.9999753 -0.004687607 8.25513e-4 0.9999887 -0.004687845 8.25451e-4 0.9999887 -0.004687845 8.25443e-4 0.9999887 0.8598721 0.5104048 -0.01033824 0.8608677 0.5088289 3.34269e-4 0.9997158 -0.02377158 -0.001841604 0.9453663 -0.3260081 -0.001164734 0.9956576 -0.09279358 0.007435023 0.9973453 -0.07239705 -0.007825732 0.08972865 0.9959663 -1.95571e-5 0.01200079 0.9999204 0.003906905 -0.4528722 0.8915745 0.001333653 -0.4646247 0.8854562 0.009557247 0.002257287 0.006675601 0.9999753 0.002257347 0.006675601 0.9999753 0.002257585 0.006675541 0.9999753 0.002256989 0.006675601 0.9999753 0.002257525 0.006675422 0.9999753 0.002256512 0.00667572 0.9999753 0.002256751 0.006676077 0.9999753 0.002256929 0.006676018 0.9999753 0.002256572 0.006676137 0.9999753 0.002257406 0.006675541 0.9999753 0.002256751 0.006675779 0.9999753 0.002257525 0.006675541 0.9999753 0.6577776 -0.7532123 1.05778e-5 0.7024936 -0.7116901 1.85649e-4 0.167335 -0.9859001 3.51956e-4 0.1678074 -0.9858198 2.31843e-4 0.002258956 0.006675839 0.9999753 0.002258539 0.006675958 0.9999753 0.002258539 0.006675958 0.9999753 0.7640709 0.6451321 5.56727e-4 0.7640712 0.6451318 5.56406e-4 0.7640708 0.6451322 5.56809e-4 0.7675316 0.6410039 -0.003067255 0.7675313 0.6410042 -0.003067076 0.7675316 0.6410038 -0.003067255 0.002257406 0.006675541 0.9999753 0.002256751 0.006675779 0.9999753 0.002257168 0.00667566 0.9999753 -0.5918326 0.2835368 0.7545469 -0.5596637 0.3129978 0.7673389 -0.3944675 0.3009654 0.8682254 -0.3735062 0.2904496 0.8809837 -0.6803823 0.1997521 0.7051093 -0.6657542 0.2008515 0.7186307 0.7978161 -0.05923777 0.5999836 0.7883466 -0.05523937 0.6127466 0.002216696 0.006706058 0.9999751 0.002216696 0.006706058 0.9999752 0.002216875 0.006705999 0.9999752 0.00228995 0.006667435 0.9999752 0.002289354 0.006667613 0.9999752 0.002289652 0.006667554 0.9999752 0.6206612 0.7840788 1.78654e-4 0.6206118 0.7841181 1.03345e-4 0.763416 0.6459072 4.88038e-5 0.7633979 0.6459285 8.42224e-6 0.9482663 0.3174681 -0.002284169 0.9465574 0.3225275 0.002254664 -0.7115575 -0.7026273 9.26039e-4 -0.6690637 -0.7432007 -0.002577126 -0.8923815 -0.4510091 -0.01568943 -0.8991001 -0.4377143 -0.005030393 -0.9640657 -0.2651162 -0.01705235 -0.8814138 -0.472345 4.24165e-6 0.5035073 0.4376088 0.744969 0.727614 0.3638122 0.5815657 0.5155245 0.4425807 0.7337281 0.7332721 0.3838982 0.5611899 0.6383861 0.2415575 0.7308306 0.6597748 0.2025167 0.7236604 0.002245903 0.00668621 0.9999752 0.002246499 0.006686031 0.9999752 0.002246081 0.006686151 0.9999752 0.002256751 0.00667566 0.9999753 0.002257049 0.006675601 0.9999753 0.002256929 0.006675601 0.9999753 0.002271473 0.006673693 0.9999752 0.002272367 0.006673395 0.9999752 0.002272307 0.006673455 0.9999752 0.002257287 0.006675541 0.9999753 0.002257168 0.006675541 0.9999753 0.002257525 0.006675481 0.9999753 0.00225687 0.00667572 0.9999753 0.002256989 0.00667566 0.9999753 0.002257525 0.006675481 0.9999753 0.001412034 0.007354795 0.9999721 0.001412034 0.007354795 0.9999721 0.001412391 0.007354676 0.999972 0.9443011 -0.3290497 -0.004670977 0.9999002 0.01409882 -8.99196e-4 0.9364994 -0.3506693 1.57951e-4 0.9453812 0.3259651 -0.001143753 0.9995027 0.03153049 4.75069e-4 0.9997306 0.02231878 -0.006385087 0.4444421 -0.8958055 -0.001952528 -0.8544315 -0.5195642 2.27031e-4 0.1821992 -0.9832617 -2.00216e-4 0.002257645 0.006675481 0.9999753 0.002257466 0.006675541 0.9999753 0.002257227 0.006675601 0.9999753 0.002257645 0.006675481 0.9999753 0.002257287 0.006675601 0.9999753 0.002257227 0.006675601 0.9999753 0.002251207 0.006677746 0.9999753 0.002251029 0.006677806 0.9999753 0.002251148 0.006677746 0.9999753 0.002257287 0.006675601 0.9999753 0.002257108 0.00667566 0.9999753 0.002257585 0.006675481 0.9999753 0.6502081 0.7597562 1.36405e-4 0.6967354 0.7173283 1.80264e-4 0.01287263 0.999917 6.12432e-4 0.01297634 0.9999157 6.7712e-4 -0.9351751 0.3541858 1.59685e-4 -0.8635808 0.5042106 3.60759e-4 0.002257108 0.00667566 0.9999753 0.002257585 0.006675481 0.9999753 0.002256989 0.00667572 0.9999753 -0.5408635 -0.2578625 0.8006083 -0.6887794 -0.4403076 0.5759446 -0.5248381 -0.2930457 0.7991679 -0.7168651 -0.4523716 0.5305323 -0.6778355 -0.1971175 0.7082963 -0.6630691 -0.1984706 0.7217678 0.7710009 0.008651435 0.6367754 0.7452167 -1.50695e-4 0.6668225 0.002217769 0.006611108 0.9999757 0.002217888 0.006611108 0.9999757 0.00221765 0.006611168 0.9999757 0.002284169 0.006672382 0.9999752 0.002283871 0.006672441 0.9999752 0.002283573 0.006672561 0.9999752 0.002256989 0.00667572 0.9999753 0.002257704 0.006675481 0.9999753 0.002256751 0.006675779 0.9999753 -0.001271903 -0.9999738 0.007144749 -0.001271963 -0.9999738 0.007144629 -0.001272022 -0.9999738 0.00714457 0.003944516 -0.9999805 0.004844784 0.003944516 -0.9999805 0.004844784 0.003944456 -0.9999805 0.004844725 1 -6.4028e-7 0 1 0 0 0 1 0 0 1 0 -0.3383121 0.941034 2.36522e-6 -0.3903372 0.9206718 -5.56885e-4 0.002257585 0.006675481 0.9999753 0.002257287 0.006675601 0.9999753 0.002256989 0.00667572 0.9999753 0.002257525 0.006675541 0.9999753 0.002256929 0.00667572 0.9999753 0.002257466 0.006675541 0.9999753 0.002257525 0.006675541 0.9999752 0.002257287 0.006675601 0.9999752 0.002257227 0.006675601 0.9999752 0.002257049 0.00667566 0.9999753 0.002257227 0.006675601 0.9999753 0.002257466 0.006675541 0.9999753 0.002257406 0.006675541 0.9999753 0.002257108 0.00667566 0.9999753 0.002257108 0.00667566 0.9999753 1 5.18771e-7 0 2.20438e-6 0.9999135 0.01315075 2.26498e-6 0.9999135 0.01315075 0 0.9999135 0.01315075 0.005351185 0.9999272 0.01081871 0.005351066 0.9999272 0.01081871 0.005351066 0.9999272 0.01081877 1 -7.80104e-7 0 -0.001334667 -0.9999812 -0.005989134 -0.3411824 -0.9399961 -0.001419365 -0.001334965 -0.9999812 -0.005988895 -0.3930957 -0.9194955 -0.001959383 0.002255916 0.006676495 0.9999752 0.002256512 0.006676316 0.9999752 0.002255916 0.006676495 0.9999752 0.002257347 0.006675601 0.9999753 0.002257287 0.006675601 0.9999753 0.002257287 0.006675601 0.9999753 0.002256274 0.006676375 0.9999752 0.002256095 0.006676435 0.9999752 0.002256393 0.006676316 0.9999752 0.4107491 0.6994124 -0.5848995 0.2041789 0.8673958 -0.4538012 0.5377888 0.5181631 -0.6650491 0.5977581 0.3729994 -0.7096173 0.5866496 0.3815675 -0.7143169 0.6748899 0.1940714 -0.711941 0.6731374 0.2094896 -0.7092251 0.7238773 0.002043187 -0.6899257 0.7251539 0.001701176 -0.6885848 0.6794618 -0.2083769 -0.703499 0.5977551 -0.3803684 -0.7056974 0.6794727 -0.2043045 -0.7046818 0.5975032 -0.3779081 -0.7072309 0.55269 -0.4679825 -0.6895841 0.5517597 -0.4663562 -0.6914283 7.74898e-4 -0.004218935 -0.9999908 7.75031e-4 -0.004218935 -0.9999908 7.74932e-4 -0.004218935 -0.9999908 0.3553456 -0.934735 0 0.3553456 -0.9347351 0 -0.001402437 -0.9999734 -0.007163107 -0.001559138 -0.9999743 -0.007005333 0.4140915 -0.9102351 7.21369e-4 0.2961907 -0.9551286 6.84763e-4 -0.1103945 -0.6581319 -0.7447654 0.2512061 -0.6608808 -0.7072002 0.2771636 -0.6730275 -0.6857217 0.2512668 -0.660956 -0.7071083 0 -0.7071065 -0.7071072 1.35399e-7 -0.7071066 -0.707107 -0.3116508 -0.6701779 -0.6735988 -0.4636813 -0.4549592 -0.7602708 -0.4577625 -0.4444493 -0.7700119 -7.45281e-4 -0.003674149 -0.999993 -7.45239e-4 -0.003674149 -0.999993 -7.45094e-4 -0.003674209 -0.999993 0 0 -1 -0.38103 0.9238451 -0.0364204 -0.7320415 0.6485568 0.208541 -0.3887913 0.9213119 -0.005069613 -0.7327339 0.6244599 0.2704645 0 0 -1 0 0 -1 0.3649704 0.9310191 5.15947e-7 -8.83103e-5 1 0 0.3651493 0.930949 0 0 1 0 0.2620154 0.9650638 0 0.2620155 0.9650637 0 -0.08351272 0.6604517 -0.74621 0.2688394 0.6783524 -0.6837862 0.2512065 0.6608818 -0.7071992 0.2514911 0.6611599 -0.7068379 0 0.707107 -0.7071067 0 0.707107 -0.7071066 -0.356172 0.6158856 -0.7027278 -0.4993729 0.5033881 -0.7051434 -0.5003805 0.5052179 -0.7031174 0 -1.39375e-7 -1 1.68151e-7 -2.46924e-7 -1 0 0 -1 0 -1.36858e-7 -1 -0.8018152 0.3221216 -0.5033193 -0.6014815 0.0562995 -0.7969005 -0.7699792 0.3574876 -0.5285212 -0.5625899 0.06446743 -0.8242188 -0.5442276 0.4643248 -0.6987267 -0.560082 0.4655225 -0.6852716 -0.6917439 -7.89762e-7 -0.7221429 -0.6668931 0.2457374 -0.7034678 -0.6974233 -6.13625e-7 -0.7166596 -0.6919043 0.2050115 -0.6922709 0.5733348 -0.2716357 -0.7729821 0.7537024 0.004985809 -0.657197 0.5829539 -0.2422277 -0.7755582 0.7719298 0.003826141 -0.6356964 0.7175374 -0.4179483 -0.5571889 0.69231 -0.4117711 -0.5925804 -3.38808e-7 -2.43842e-7 -1 0 0 -1 0 -1.34064e-7 -1 -1.48081e-7 0 -1 -3.26836e-7 0 -1 -0.7939864 -0.3237093 -0.5145851 -0.7652825 -0.3612947 -0.5327371 -0.6572318 -0.03176182 -0.753019 -0.6274484 -0.0391575 -0.777673 -0.5406287 -0.4677535 -0.6992334 -0.5547745 -0.4708649 -0.6859385 -0.6606824 -0.248512 -0.7083365 -0.6858971 -0.2078613 -0.69738 0.5785695 0.2796855 -0.7661812 0.5951485 0.2505596 -0.7635563 0.6222341 0.3945754 -0.6761176 0.611809 0.3915731 -0.6872848 0.9580668 0.286545 1.58627e-5 0.9577664 0.2875476 5.02147e-5 1 2.11653e-7 3.06181e-5 1 4.81028e-7 2.03739e-5 0.4644875 0.8855785 0.001471996 -0.09779334 0.9951771 0.007693529 0.4569872 0.8894483 0.0066787 -0.2892565 0.9571016 0.01695019 0.002256333 0.006675839 0.9999753 0.002256274 0.006675899 0.9999753 0.00225687 0.00667572 0.9999753 0.002257227 0.006675601 0.9999753 0.002257406 0.006675541 0.9999753 0.002257347 0.006675601 0.9999753 0.002257168 0.00667566 0.9999753 0.002257108 0.00667566 0.9999753 0.00225687 0.006675779 0.9999753 0.002257168 0.00667566 0.9999753 0.002257227 0.00667566 0.9999753 0.002256929 0.00667572 0.9999753 0.002257049 0.00667572 0.9999753 0.002257347 0.006675601 0.9999753 0.00225687 0.006675779 0.9999753 0.002257108 0.006676018 0.9999753 0.002258002 0.00667572 0.9999753 0.002257108 0.006676018 0.9999753 0.002257108 0.00667566 0.9999753 0.002257108 0.00667566 0.9999753 0.002257168 0.00667566 0.9999753 0.002257645 0.006675481 0.9999753 0.002257227 0.00667566 0.9999753 0.002256691 0.006675779 0.9999753 0.002257704 0.00667572 0.9999753 0.002257466 0.006675779 0.9999753 0.002257943 0.006675601 0.9999753 0.002257287 0.006675601 0.9999752 0.00225681 0.006675779 0.9999752 0.002256691 0.006675839 0.9999752 -0.8483036 -0.5295102 -1.50109e-4 -0.9566411 -0.2912695 3.71127e-5 -0.8392513 -0.543635 -0.01087093 -0.9565839 -0.2914575 -8.52896e-5 -0.6565702 -0.7542138 -0.008799374 -0.6833562 -0.7300514 -0.007024645 -1 -1.38144e-5 2.88259e-5 -1 -1.04981e-5 1.81228e-4 -0.4719282 -0.8815539 -0.01210045 -0.4626935 -0.8865169 -0.001591861 -0.6892455 -0.724528 1.64355e-4 -0.6498373 -0.760047 0.00633794 -0.9956506 0.09197324 0.01486682 -0.9622989 0.2719292 0.005948364 0.00225681 0.006675779 0.9999753 0.002257168 0.00667566 0.9999753 0.00225687 0.00667572 0.9999753 0.6650815 0.7467694 -0.001520931 0.6646313 0.7471688 -0.001976966 0.8495928 0.5274302 0.00308609 0.8489277 0.5285001 0.003083229 0.9580534 -0.28659 7.93265e-5 0.9577656 -0.2875505 1.16158e-4 0.4598399 -0.8880007 0.001471936 0.4523323 -0.891825 0.006605744 -0.089697 -0.9959458 0.006819128 -0.3014711 -0.9532562 0.02044385 0.002257585 0.006675362 0.9999753 0.002257168 0.006675541 0.9999753 0.002257049 0.006675541 0.9999753 0.002256572 0.006675779 0.9999753 0.002256751 0.00667572 0.9999753 0.002256512 0.006675779 0.9999753 0.002257466 0.00667566 0.9999753 0.002257347 0.00667572 0.9999753 0.002257764 0.006675601 0.9999753 0.002258062 0.006675064 0.9999752 0.002257883 0.006675124 0.9999752 0.002257227 0.006675362 0.9999752 0.345907 0.9213482 -0.1773867 0.3371795 0.8983635 0.2815192 0.002257108 0.00667566 0.9999753 0.002257585 0.006675481 0.9999753 0.002257764 0.006675422 0.9999753 0.002257049 0.00667572 0.9999753 0.00225681 0.006675779 0.9999753 0.002257585 0.006675481 0.9999753 0.002257108 0.00667566 0.9999753 0.002257108 0.00667566 0.9999753 0.002257466 0.006675541 0.9999753 0.002257466 0.006675541 0.9999753 0.002257049 0.00667572 0.9999753 -0.6466967 0.5522186 0.5261541 -0.6996008 0.5973937 -0.3920201 -0.8489989 0.5283938 0.001063823 -0.8513128 0.5246577 -0.001076281 -0.9567084 0.2910481 -1.38254e-4 -0.9565706 0.2915007 -2.29075e-4 -0.7826778 0.6224272 -7.93195e-5 -0.777057 0.6294149 0.004411399 -0.4525167 0.8917403 0.005270957 -0.6881874 0.7255163 0.004920184 -0.4420163 0.8970059 -0.001408576 -0.6655824 0.7462952 0.006604313 -0.5519019 0.8338968 0.004522323 -0.5666968 0.8238018 0.01434034 -0.9957014 -0.09084987 0.0180304 -0.9647228 -0.263109 0.009154617 0.002258539 0.006675124 0.9999752 0.002258181 0.006675243 0.9999752 0.002258241 0.006675243 0.9999752 0.6743101 -0.738448 6.75772e-4 0.8523605 -0.5229548 -7.62933e-5 0.6738601 -0.7388589 2.19001e-4 0.8517559 -0.5239389 -4.4479e-5 0.002257108 0.00667566 0.9999752 0.002257525 0.006675541 0.9999752 0.002257227 0.006675601 0.9999752 0.00225687 0.00667572 0.9999753 0.002257525 0.006675541 0.9999753 0.002257704 0.006675481 0.9999753 -0.6264687 0.7794465 4.62253e-4 -0.7694951 0.6386527 4.93454e-5 -0.6263793 0.7795184 3.0953e-4 -0.7694767 0.6386751 8.4152e-6 -0.9482674 0.3174647 -0.002282321 -0.9465578 0.3225264 0.002255976 -0.9999713 2.19942e-7 0.007587075 -0.9998536 -1.22534e-7 0.01711565 0.8348332 -0.550329 0.01384186 0.8966085 -0.4424827 -0.01739054 0.8327325 -0.5536254 0.007449269 0.9043221 -0.4268457 -0.002097845 1 -4.33912e-7 0 0.8793883 -0.4760496 0.007286667 0.9987912 0.003389239 -0.0490362 0.9636733 -0.266709 -0.01414752 -0.5067927 0.4346479 0.7444746 -0.5206917 0.4376562 0.733033 -0.7181916 0.3775823 0.5844935 -0.7245542 0.3887748 0.5691006 -0.6384364 0.2415515 0.7307885 -0.7259078 -3.25206e-7 0.6877921 -0.659795 0.2025136 0.7236427 -0.7296333 -4.65894e-7 0.6838387 0.002258241 0.006682336 0.9999752 0.002258598 0.006682217 0.9999752 0.002257883 0.006682455 0.9999752 0.002257645 0.006675541 0.9999753 0.002257883 0.006675481 0.9999753 0.002258002 0.006675422 0.9999753 0.00224173 0.006678342 0.9999753 0.002241969 0.006678283 0.9999752 0.002241671 0.006678402 0.9999753 0.002257406 0.006675422 0.9999753 0.002257466 0.006675422 0.9999753 0.002257108 0.006675541 0.9999753 0.002257466 0.006675601 0.9999753 0.002257108 0.00667572 0.9999753 0.002257645 0.006675541 0.9999753 0.009177684 0.01245903 0.9998803 0.00917685 0.01245951 0.9998803 0.009177207 0.01245933 0.9998803 -0.8624576 -0.5060209 -0.01048052 -0.8604623 -0.509513 0.001215159 -0.9997157 0.02377665 -0.001840651 -0.9453812 0.325965 -0.001143872 -0.9956583 0.09278762 0.007429957 -0.9973502 0.07232123 -0.007882893 -0.09209591 -0.9957486 0.0018121 -0.01108616 -0.9999286 0.004476845 0.4478223 -0.8941054 0.005545079 0.4521661 -0.8918924 0.008593618 0.002257406 0.006675243 0.9999753 0.002257823 0.006675124 0.9999753 0.002257645 0.006675183 0.9999753 0.002258002 0.006675481 0.9999753 0.002257466 0.00667566 0.9999753 0.002257406 0.00667566 0.9999753 0.002256453 0.006674587 0.9999752 0.002256631 0.006674528 0.9999752 0.002256274 0.006674647 0.9999752 0.002257943 0.006675183 0.9999752 0.002258419 0.006675064 0.9999752 0.002258121 0.006675124 0.9999752 -0.6578498 0.7531492 -1.20155e-5 -0.7024944 0.7116893 1.84172e-4 -0.1550299 0.9879097 3.53106e-4 -0.1554383 0.9878457 2.39369e-4 0.00225687 0.00667572 0.9999753 0.002256751 0.006675779 0.9999753 0.002257287 0.006675601 0.9999753 0.002257108 0.00667566 0.9999753 0.002257406 0.006675541 0.9999753 0.002257168 0.00667566 0.9999753 0.002257227 0.00667566 0.9999753 0.002257108 0.00667566 0.9999753 0.002257287 0.006675601 0.9999753 0.002256631 0.006675839 0.9999753 0.002257823 0.006675422 0.9999753 0.002257049 0.00667566 0.9999753 0.5816778 -0.2703481 0.7671785 0.5558302 -0.2999456 0.7752971 0.4701243 -0.3294215 0.8188191 0.4606292 -0.3249129 0.8259858 0.6745051 -0.190019 0.7133973 0.6602134 -0.1915719 0.7262359 -0.7978127 0.05923628 0.5999884 -0.7883466 0.05523926 0.6127466 0.00228244 0.006599426 0.9999757 0.002281606 0.006599664 0.9999756 0.002281606 0.006599724 0.9999756 0.002209782 0.006638288 0.9999756 0.002209186 0.006638526 0.9999756 0.002209722 0.006638348 0.9999756 -0.6206611 -0.7840789 1.78927e-4 -0.6206117 -0.784118 1.03619e-4 -0.7585722 -0.6515228 0.009293138 -0.7585908 -0.6515039 0.009099185 -0.9482674 -0.3174647 -0.002282202 -0.9465579 -0.3225262 0.002256035 0.7123651 0.7018083 0.001083493 0.6728667 0.7397137 -0.008611917 0.8910741 0.45357 -0.01616054 0.8970821 0.4418349 -0.005057811 0.9637966 0.2660139 -0.01824647 0.8814138 0.4723451 4.1591e-6 -0.5035079 -0.4376093 0.7449685 -0.7276138 -0.3638123 0.581566 -0.5155245 -0.4425807 0.733728 -0.7332719 -0.3838983 0.5611902 -0.6384367 -0.2415516 0.7307883 -0.6597941 -0.2025143 0.7236434 0.002251684 0.006620049 0.9999756 0.002251923 0.006619989 0.9999756 0.002251923 0.006619989 0.9999756 0.002256929 0.006675541 0.9999753 0.00225681 0.006675541 0.9999753 0.002256393 0.00667572 0.9999753 0.002243578 0.006677627 0.9999752 0.002243161 0.006677806 0.9999753 0.002243101 0.006677806 0.9999752 0.002257227 0.006675541 0.9999753 0.002257168 0.006675541 0.9999753 0.002257168 0.006675541 0.9999753 0.002257108 0.006675779 0.9999753 0.002257168 0.00667572 0.9999753 0.002257466 0.00667566 0.9999753 0.003091871 0.005961179 0.9999775 0.003092169 0.00596106 0.9999775 0.003091871 0.005961179 0.9999775 -0.9451891 0.3264896 -0.00468862 -0.9999002 -0.01410329 -8.95575e-4 -0.9365031 0.3506593 1.59029e-4 -0.9453809 -0.3259657 -0.001143336 -0.9995028 -0.03153026 4.74394e-4 -0.9997306 -0.02232092 -0.006381928 -0.4464654 0.8947988 -0.001931309 0.8512215 0.5248069 1.27532e-4 -0.1765758 0.9842872 -3.89463e-5 0.002256691 0.006675839 0.9999752 0.002256751 0.006675839 0.9999752 0.002256751 0.006675839 0.9999752 0.002256751 0.00667572 0.9999753 0.002257108 0.006675601 0.9999753 0.002256691 0.006675779 0.9999753 0.002256751 0.006675779 0.9999753 0.002257585 0.006675481 0.9999753 0.002256691 0.006675779 0.9999753 0.002257287 0.006675601 0.9999753 0.002257227 0.00667566 0.9999753 0.002257287 0.006675601 0.9999753 -0.6502418 -0.7597275 1.34542e-4 -0.6967359 -0.7173278 1.8028e-4 -0.01353013 -0.9999083 5.84847e-4 -0.01368701 -0.9999062 6.42969e-4 0.4583578 -0.8887675 8.22989e-4 0.4580243 -0.8889394 6.91175e-4 0.002260148 0.006673991 0.9999753 0.002260386 0.006673872 0.9999753 0.002260148 0.006673991 0.9999753 0.5387126 0.2612656 0.8009552 0.6896654 0.4396297 0.575402 0.5224535 0.2956308 0.7997781 0.718309 0.451816 0.5290507 0.6828972 0.2053663 0.7010536 0.6675111 0.2064654 0.7154028 -0.7710011 -0.008651196 0.6367752 -0.7452169 1.50941e-4 0.6668222 0.002281188 0.006694674 0.9999751 0.002281546 0.006694555 0.999975 0.002281188 0.006694674 0.9999751 0.002215027 0.00663352 0.9999756 0.002214729 0.006633639 0.9999756 0.002215266 0.00663346 0.9999756 0.99968 0.02529203 5.2865e-4 0.9996213 0.02751737 4.39777e-5 0.002257049 0.006675362 0.9999753 0.00225687 0.006675422 0.9999753 0.002257049 0.006675362 0.9999753 2.52949e-6 0.9999135 0.01315075 2.39001e-6 0.9999135 0.01315075 1.65713e-6 0.9999135 0.01315075 -0.005602419 0.9999259 0.01081091 -0.005602061 0.9999259 0.01081109 -0.005601882 0.999926 0.0108112 -1 5.76252e-6 5.00647e-6 -1 -6.25704e-6 -4.89249e-6 -0.001334369 -0.9999812 -0.005989193 -0.001334667 -0.9999812 -0.005989015 0.338196 -0.9410757 -2.17877e-5 0.3903391 -0.9206711 -5.56366e-4 0.002257645 0.006675481 0.9999753 0.002257108 0.00667566 0.9999753 0.002257525 0.006675541 0.9999753 0.00225681 0.006675779 0.9999753 0.002257108 0.00667566 0.9999753 0.002257227 0.006675601 0.9999753 0.002257049 0.00667566 0.9999753 0.002256631 0.006675839 0.9999753 0.002257466 0.006675541 0.9999753 0.002257645 0.006675601 0.9999753 0.002258062 0.006675481 0.9999753 0.002258181 0.006675422 0.9999753 0.002256393 0.006676137 0.9999753 0.002256095 0.006676256 0.9999753 0.002255976 0.006676316 0.9999753 -1 5.18771e-7 0 -1 0 0 -0.001315832 -0.9999735 0.007163941 -0.001315832 -0.9999735 0.007164001 -0.001315832 -0.9999735 0.007163941 -0.006931126 -0.9999645 0.004817962 -0.006931006 -0.9999645 0.004817366 -0.006931006 -0.9999645 0.004817426 -1 -7.68108e-7 0 0.3412198 0.9399825 -0.001438677 3.68441e-6 1 -3.00025e-6 0.3930937 0.9194965 -0.001966893 0.002257406 0.006675541 0.9999753 0.002257764 0.006675422 0.9999753 0.002257287 0.006675601 0.9999753 0.002257168 0.00667566 0.9999753 0.002256989 0.00667572 0.9999753 0.00225681 0.006675779 0.9999753 0.002259016 0.006674945 0.9999753 0.002258658 0.006675064 0.9999753 0.002258419 0.006675124 0.9999753 -0.5902538 -0.4729195 -0.654177 -0.576006 -0.4672005 -0.6707763 -0.5970883 -0.372497 -0.7104447 -0.5861525 -0.3807772 -0.7151461 -0.6748946 -0.1940724 -0.7119362 -0.6731364 -0.209486 -0.7092272 -0.7238776 -0.002043604 -0.6899254 -0.7251541 -0.001701593 -0.6885845 -0.6794254 0.208413 -0.7035235 -0.5983716 0.3698506 -0.7107475 -0.6795048 0.2043341 -0.7046424 -0.5946528 0.3609637 -0.7183964 -0.5912079 0.5087472 -0.6258192 -0.5862704 0.5000024 -0.6374046 0 0 -1 0 0 -1 -0.3553453 0.9347351 0 -0.3553454 0.9347351 0 -0.03982758 0.9978654 -0.05175513 -0.2349336 0.9707317 0.04986077 0.08533793 0.6595995 -0.746757 -0.2512067 0.6608821 -0.7071987 -0.2688394 0.6783552 -0.6837833 -0.2512673 0.6609573 -0.707107 0.3575443 0.6151728 -0.7026553 0.02041602 0.9276266 0.3729505 -0.6024019 0.4539042 0.6565691 -0.08320951 0.9864345 -0.1415039 0.5006844 0.4991986 -0.7071889 0.5012585 0.500222 -0.7060581 1.5297e-7 0 -1 0 0 -1 0.3810335 -0.9238437 -0.03642123 0.7320416 -0.6485569 0.2085402 0.3887935 -0.9213111 -0.005070209 0.732734 -0.6244601 0.2704635 0.003176689 -0.004162967 -0.9999863 0.003176569 -0.004163026 -0.9999863 0.003176629 -0.004162967 -0.9999863 -0.3552629 -0.9347665 0 -0.3553454 -0.9347351 0 -0.2620156 -0.9650636 0 -0.2620156 -0.9650637 0 0.08407849 -0.6605596 -0.7460508 -0.2688397 -0.6783552 -0.6837832 -0.2512064 -0.6608813 -0.7071996 -0.2514906 -0.6611593 -0.7068387 0.3570107 -0.6173721 -0.7009958 0.4876022 -0.4940286 -0.7198471 0.4875964 -0.4939802 -0.7198843 0 0 -1 -1.49383e-7 0 -1 -0.185866 -0.9825751 3.41628e-4 -0.1844604 -0.98284 -2.0284e-4 0.2103098 0.9776348 3.29731e-4 0.2089624 0.9779236 -2.63602e-4 0.047589 -0.998867 0 0.047589 -0.998867 0 0.002871394 0.01220393 -0.9999215 0.003103911 0.002592265 -0.9999918 0.003103971 0.002592206 -0.9999918 0.003103971 0.002592206 -0.9999919 0.002548754 0.0261383 -0.9996552 0.002547264 0.02613842 -0.9996551 0.002547264 0.02613842 -0.9996552 1.05429e-6 0 -1 0.0515064 0.007531762 -0.9986442 0.05150622 0.007533192 -0.9986442 0.05150634 0.007532298 -0.9986442 0.001413047 -0.01606178 -0.9998701 0.001314461 -0.01606988 -0.99987 0.001413166 -0.01606178 -0.9998701 0.03216719 -0.0141384 -0.9993826 0.03216725 -0.01413834 -0.9993826 0.03216731 -0.01413804 -0.9993826 0.02314823 -0.0121001 -0.9996588 0.02314829 -0.01210004 -0.9996588 0.02314829 -0.01210004 -0.9996588 0.01473921 -0.01243394 -0.9998141 0.01320725 0.006821513 -0.9998896 0.01320821 0.006822049 -0.9998895 0.0132085 0.006822288 -0.9998896 0.008655071 -0.01804828 -0.9997997 0.00865513 -0.0180484 -0.9997997 0.008655011 -0.01804822 -0.9997997 0.01407039 0.01772141 -0.9997441 0.01406991 0.01772183 -0.9997441 0.01407068 0.01772117 -0.9997441 -0.003168404 -0.002646625 -0.9999915 -0.003168404 -0.002646565 -0.9999915 -0.003168344 -0.002646625 -0.9999915 -0.004169762 -0.02045357 -0.9997822 -0.004169762 -0.02045357 -0.9997822 -0.00417 -0.02045351 -0.9997822 -1.17949e-6 0 -1 2.10857e-6 0 -1 2.07683e-7 -1.21224e-7 -1 -0.01333487 0.009572863 -0.9998654 -0.01333487 0.009572565 -0.9998654 -0.01333492 0.009573519 -0.9998653 -0.03495633 0.008977591 -0.9993485 -0.03495633 0.008977591 -0.9993486 -0.03495633 0.008977413 -0.9993485 -0.01525652 0.01286911 -0.9998009 -1.6805e-6 -1.23884e-7 -1 4.74413e-4 0.01044768 -0.9999454 4.74322e-4 0.01044708 -0.9999454 4.74367e-4 0.01044738 -0.9999454 -0.01573359 0.01799279 -0.9997143 -0.01573365 0.01799279 -0.9997143 -0.01573371 0.01799279 -0.9997144 -0.007903933 0.009484529 -0.9999238 -0.007903993 0.009484887 -0.9999238 -0.007903873 0.009484291 -0.9999238 -0.009930312 0.01305729 -0.9998655 -0.009930312 0.01305699 -0.9998655 -0.009930253 0.0130577 -0.9998655 -3.17442e-4 -0.001727104 -0.9999985 -3.17495e-4 -0.001727104 -0.9999985 -3.17461e-4 -0.001727104 -0.9999985 0.007249891 -0.003250002 -0.9999685 0.007249772 -0.0032503 -0.9999685 0.007249891 -0.003250062 -0.9999685 0.008940994 -0.04089391 -0.9991235 0.008941888 -0.04089373 -0.9991235 0.008942604 -0.04089355 -0.9991235 -0.02265775 0.04449945 -0.9987525 -0.02265822 0.04449915 -0.9987524 -0.02265614 0.04450023 -0.9987524 -0.01143747 0.02844309 -0.99953 -0.01143705 0.02844345 -0.99953 -0.01143699 0.02844357 -0.99953 0.005363762 -0.02704036 -0.99962 0.005364239 -0.02704066 -0.99962 0.005364418 -0.02704077 -0.99962 -3.09086e-7 0 -1 0.002258419 0.006676018 0.9999753 0.002259075 0.006675779 0.9999753 0.002258658 0.006675899 0.9999753 0.002256989 0.006675779 0.9999753 0.002257287 0.00667566 0.9999753 0.002257227 0.00667566 0.9999753 -0.6998672 -0.714273 2.79313e-7 -0.6998672 -0.714273 1.92318e-7 -0.6998672 -0.714273 3.11613e-7 -0.6853827 -0.7280662 0.0130515 -0.6853828 -0.7280661 0.01305162 -0.685383 -0.7280659 0.01305192 0.7158367 0.698266 -0.001577734 0.7158367 0.698266 -0.001577734 0.7158368 0.6982659 -0.001577556 0.7088687 0.7053242 0.004781305 0.7088687 0.7053242 0.004781246 0.7088687 0.7053242 0.004781246 -0.7640653 -0.6451334 0.002665102 -0.7640651 -0.6451336 0.00266546 -0.7640654 -0.6451333 0.002664983 -0.7620371 -0.6475333 5.357e-4 -0.7620374 -0.6475329 5.35184e-4 -0.7620375 -0.6475327 5.34957e-4 0.002257168 0.006675839 0.9999753 0.002257764 0.00667566 0.9999753 0.002257764 0.00667566 0.9999753 0.002257168 0.006675839 0.9999753 0.002257823 0.006675601 0.9999753 0.002256751 0.006675958 0.9999753 0.7005973 -0.4750278 -0.5324584 0.700598 -0.4750232 -0.5324617 0.7005979 -0.4750254 -0.53246 0.4084534 -0.5672504 -0.7151174 0.4084545 -0.5672422 -0.7151232 0.4084534 -0.5672487 -0.7151187 0.06961244 -0.9975741 0 0.0696128 -0.9975741 0 0.8059623 -0.5781384 -0.1272034 0.8059639 -0.5781353 -0.1272072 0.805963 -0.578137 -0.1272051 0.9080688 -0.4164265 0.04472255 0.9080699 -0.4164244 0.04471993 0.9080693 -0.4164258 0.04472148 -0.04396623 -0.8469707 -0.5298185 -0.04396462 -0.8469704 -0.529819 -0.0439639 -0.8469704 -0.5298193 -0.06673675 -0.8089322 -0.5841019 -0.06673645 -0.8089321 -0.584102 -0.06673556 -0.808932 -0.5841022 -0.2066246 -0.1255931 -0.9703261 0.08170109 -0.3914161 -0.9165797 -0.1878588 -0.2068223 -0.9601738 0.007612824 -0.3572658 -0.9339718 0.02997916 -0.1834206 -0.9825773 0.005043625 -0.2175429 -0.9760378 0.03520429 -0.1852695 -0.982057 0.03777766 -0.2874542 -0.9570491 0.1698476 -0.787714 -0.5921642 0.2641583 -0.6781628 -0.6857958 0.1688414 -0.7847912 -0.5963181 0.254943 -0.6860309 -0.6814439 0.4391178 -0.8984296 1.79675e-4 0.430707 -0.9024919 -1.25175e-4 0.2075116 -0.9782327 3.71259e-7 0.2075116 -0.9782326 0 0.5742248 -0.5422435 -0.6133823 0.4775533 -0.6252554 -0.617251 0.5706882 -0.5426583 -0.6163092 0.5185953 -0.58799 -0.620747 0.8198276 -0.5726083 0.001621663 0.8197689 -0.5726917 0.00183475 0.7438941 -0.6682976 -1.12816e-4 0.6185362 -0.7857559 -8.27762e-4 -0.2365363 -0.9716227 -3.58947e-5 -0.2828436 -0.7757419 -0.5641136 -0.2828437 -0.7757419 -0.5641135 -0.2828435 -0.7757419 -0.5641135 -0.2832077 -0.7734743 -0.5670368 -0.2832077 -0.7734743 -0.5670369 -0.2832077 -0.7734743 -0.5670368 0.95372 -0.1773273 -0.2428445 0.9537273 -0.1773208 -0.2428207 0.9537212 -0.1773257 -0.2428407 -0.1953375 -0.9416879 0.2739841 -0.1953356 -0.9416864 0.2739906 -0.1953328 -0.9416842 0.2739998 0.1759955 -0.7670035 -0.6170344 0.1325957 -0.7920396 -0.5958958 0.1787666 -0.7690467 -0.6136854 0.1308389 -0.7943717 -0.5931735 0.07915806 -0.8153684 -0.5735053 0.07818698 -0.8140805 -0.5754649 0.2324178 -0.4418242 -0.8664718 0.1213608 -0.8859308 -0.4476588 0.05781286 -0.9765033 -0.2076034 0.1166763 -0.9903205 0.07518142 0.1783381 -0.983969 -8.05568e-4 -0.02381014 -0.9487283 0.3151949 -0.02380818 -0.9487285 0.3151943 -0.02381128 -0.9487281 0.3151952 -0.142612 -0.9826356 -0.1186978 -0.1426112 -0.9826357 -0.1186981 -0.1426086 -0.9826359 -0.1186987 -0.08220946 -0.8153307 -0.5731295 -0.08220911 -0.8153308 -0.5731295 -0.08220916 -0.8153308 -0.5731295 -0.07834625 -0.8024725 -0.5915234 -0.07834672 -0.8024724 -0.5915234 -0.07834661 -0.8024724 -0.5915234 -0.003760218 -0.1850109 -0.9827294 -0.05920869 -0.1921242 -0.9795829 -0.04855734 -0.1865297 -0.9812487 -0.1167932 -0.2315458 -0.9657877 -0.1265136 -0.3187891 -0.9393444 -0.1386093 -0.2740462 -0.9516755 -0.2089586 -0.1435184 -0.967336 -0.2134526 -0.1807271 -0.9600915 0.03335201 -0.6525611 -0.7570018 0.03334695 -0.6525728 -0.756992 0.03334498 -0.6525763 -0.7569891 0.6645506 -0.6080942 -0.4342743 0.6645495 -0.6080969 -0.4342721 0.6645483 -0.6081009 -0.4342682 0.2143061 -0.9767667 0 0.2143061 -0.9767666 -4.61936e-7 0.2143061 -0.9767666 -2.08573e-7 0.2143054 -0.9767667 -5.0597e-7 0.2143054 -0.9767667 -3.52637e-7 0.2143054 -0.9767667 -3.2247e-7 -0.8749887 -0.4841434 1.68474e-4 -0.8749887 -0.4841434 1.68289e-4 -0.8749887 -0.4841434 1.68572e-4 -0.8749873 -0.4841461 1.71209e-4 -0.8749873 -0.484146 1.71555e-4 -0.8749873 -0.4841461 1.71407e-4 -0.7945489 0.6071988 -0.00123918 -0.794549 0.6071988 -0.001238286 -0.794549 0.6071989 -0.00123912 -0.7945475 0.6072009 -0.001244604 -0.7945475 0.6072009 -0.001244425 -0.7945474 0.6072008 -0.001244187 -0.9589766 -0.2826521 -0.02171903 -0.9589766 -0.2826525 -0.02171891 -0.9589759 -0.2826547 -0.02171844 -0.9589763 -0.2826527 -0.02172118 -0.9589762 -0.2826535 -0.02172106 -0.9589766 -0.2826521 -0.0217213 -0.9094545 -0.1869345 0.3714137 -0.9094579 -0.1869225 0.3714113 -0.9094548 -0.1869331 0.3714135 -0.2246839 -0.9744318 0 -0.1423769 -0.9898126 2.98889e-6 -0.2246838 -0.9744317 6.8704e-7 -0.1424089 -0.989808 2.9965e-6 -0.05907183 -0.9982538 6.74186e-7 -0.05907183 -0.9982538 0 0.8266746 -0.5626612 -0.004635393 0.8266747 -0.5626611 -0.004635572 0.8266746 -0.5626612 -0.004635334 0.8266732 -0.5626633 -0.004635274 0.8266732 -0.5626634 -0.004635155 0.8266736 -0.5626628 -0.00463581 0.8266815 -0.5626503 -0.004746079 0.8266815 -0.5626503 -0.004746198 0.8266813 -0.5626506 -0.004745721 0.09744435 -0.995241 0 0.09744364 -0.9952411 0 0.8292795 -0.5588343 2.08616e-7 0.8292795 -0.5588343 2.84985e-7 0.8292794 -0.5588343 -1.24687e-7 0.8292785 -0.5588357 0 0.8292785 -0.5588357 5.92088e-7 0.8292785 -0.5588356 0 0.2514289 0.9678758 0 0.2514289 0.9678758 0 0.2514289 0.9678758 1.22889e-7 0.2514274 0.9678763 3.69971e-7 0.2514274 0.9678763 -2.22193e-7 0.2514274 0.9678763 0 0.8502448 -0.5263878 -2.72645e-7 0.8502448 -0.5263877 -4.20958e-7 0.8502448 -0.5263878 3.88927e-7 0.8502451 -0.5263872 -2.38341e-7 0.8502451 -0.5263871 0 0.8502451 -0.5263872 5.46221e-7 0.7523036 0.6588167 0 0.7523096 0.65881 0 -0.8481786 0.5297105 -3.40515e-7 -0.8481786 0.5297105 3.99072e-7 -0.8481786 0.5297105 2.10758e-7 -0.8481783 0.529711 1.1932e-7 -0.8481783 0.529711 0 -0.8481783 0.529711 4.73752e-7 -0.4448685 0.8955959 1.03648e-4 -0.4448685 0.8955959 1.03587e-4 -0.4448685 0.8955959 1.03555e-4 -0.444873 0.8955937 1.03898e-4 -0.444873 0.8955937 1.03724e-4 -0.444873 0.8955937 1.03991e-4 0.131308 0.9913417 -8.91399e-6 0.131308 0.9913417 0 -0.6632179 0.7484263 -1.85339e-4 -0.6632179 0.7484264 -1.85482e-4 -0.6632179 0.7484264 -1.85115e-4 -0.6632556 0.7483929 -1.80396e-4 -0.6632556 0.7483929 -1.80333e-4 -0.6632556 0.7483929 -1.80358e-4 0.7546817 0.6560913 -6.23482e-5 0.7546816 0.6560913 -6.19814e-5 0.7546817 0.6560913 -6.24435e-5 0.7546834 0.6560892 -5.43706e-5 0.7546834 0.6560892 -5.46255e-5 0.7546834 0.6560892 -5.46458e-5 0.7718095 -0.6358483 -0.002669751 0.7718096 -0.6358482 -0.002669751 0.7718093 -0.6358485 -0.002669811 0.7718148 -0.6358416 -0.002716064 0.7718149 -0.6358416 -0.002716064 0.7718149 -0.6358416 -0.002716064 -0.08710479 -0.9961992 0 -0.08710491 -0.9961993 0 -0.5015103 0.8651517 0 -0.5015086 0.8651528 0 0.06565058 0.9978427 0 0.0656504 0.9978427 0 -0.8750036 0.4841166 0 -0.8750036 0.4841166 0 -0.191585 0.981476 0 -0.1915856 0.9814759 0 -0.9829397 0.1839287 0 -0.9829396 0.1839292 0 0.1955299 -0.9806975 8.0244e-4 0.1955298 -0.9806975 8.0306e-4 0.1955298 -0.9806975 8.02592e-4 0.1955307 -0.9806973 8.0238e-4 0.1955307 -0.9806973 8.02431e-4 0.1955306 -0.9806973 8.03196e-4 -0.9665336 0.2565297 0.002327084 -0.9665336 0.2565298 0.002327024 -0.9665335 0.2565299 0.002326428 -0.966534 0.256528 0.002325832 -0.966534 0.256528 0.002325892 -0.9665341 0.2565278 0.002326905 -0.1968028 0.9804431 -1.48953e-6 -0.1968029 0.9804432 -1.63715e-6 -0.1968028 0.9804431 -1.53834e-6 -0.1967567 0.9804524 -1.44919e-6 -0.1967567 0.9804524 -1.49354e-6 -0.1967567 0.9804524 -1.83471e-6 -0.7466915 0.6651695 -0.001235127 -0.7466915 0.6651695 -0.001234889 -0.7466914 0.6651695 -0.001235187 -0.7466902 0.6651709 -0.001235187 -0.7466902 0.6651708 -0.001234531 -0.7466903 0.6651708 -0.001234173 0.5975773 0.8017972 -0.004760324 0.5975776 0.801797 -0.004759669 0.5975775 0.8017971 -0.004760026 0.597579 0.801796 -0.004758715 0.5975792 0.8017958 -0.004758179 0.5975792 0.8017958 -0.004758119 0.8870682 -0.4615669 -0.008139073 0.8870684 -0.4615664 -0.008139252 0.8870681 -0.4615671 -0.008139014 0.8870685 -0.461566 -0.008140087 0.8870683 -0.4615665 -0.008139848 0.8870683 -0.4615665 -0.008139848 -0.32607 0.9453456 0 0.5980614 -0.8014298 0.005744278 0.5980617 -0.8014295 0.005744636 0.5980613 -0.8014299 0.005744218 0.5980623 -0.8014291 0.005744695 0.5980621 -0.8014292 0.005744516 0.598062 -0.8014293 0.005744397 0.1765694 0.9842882 0 0.1765691 0.9842883 0 0.7428674 0.6694387 0 0.7428675 0.6694386 0 0.7428674 0.6694386 0 0.7428664 0.6694397 0 0.7428665 0.6694397 3.85586e-7 0.7428665 0.6694397 0 -0.1412231 -0.9899778 2.2961e-6 -0.1412231 -0.9899778 2.33205e-6 -0.1412231 -0.9899778 2.32189e-6 -0.1411282 -0.9899914 2.3272e-6 -0.1411282 -0.9899914 2.27939e-6 -0.1411282 -0.9899913 2.30313e-6 0.4893959 -0.8720618 0 0.4893962 -0.8720616 2.00205e-6 -0.2029933 -0.9791802 3.02702e-6 -0.2029933 -0.9791802 2.7854e-6 -0.8922879 0.4513934 -0.008142471 -0.8922878 0.4513937 -0.00814259 -0.8922879 0.4513936 -0.00814253 -0.892288 0.4513933 -0.008141398 -0.8922879 0.4513936 -0.008141458 -0.8922879 0.4513936 -0.008141517 0.1537073 -0.9881165 4.53045e-6 0.1537076 -0.9881164 1.91664e-6 -0.001334369 -0.9999813 -0.005986154 -0.001334667 -0.9999813 -0.005986094 -0.001334488 -0.9999813 -0.005986154 -0.001335024 -0.9999812 -0.005989015 -0.001334905 -0.9999812 -0.005989015 -0.001334905 -0.9999812 -0.005989015 0.003754675 -0.9999749 -0.0060153 0.003755211 -0.9999749 -0.006015181 0.003755092 -0.9999749 -0.006015241 0.003745496 -0.9999753 -0.005966961 0.003745794 -0.9999753 -0.005966901 0.003745794 -0.9999753 -0.005966901 -0.4673533 -0.8840707 0 0.05840462 -0.9982931 0 0.05840474 -0.998293 0 0.4023986 -0.9154646 0 0.4023982 -0.9154649 0 -0.2030539 -0.1970084 -0.9591438 -0.1614203 -0.1200378 -0.9795583 -0.1418864 -0.1414127 -0.97973 -0.04267215 -0.1449263 -0.9885219 -0.03622329 -0.06856763 -0.9969887 -0.02307683 -0.1071262 -0.9939776 -0.0175845 -0.1150692 -0.9932019 -0.03461176 -0.08672094 -0.9956312 -0.05860769 -0.117095 -0.9913899 -0.1335576 -0.1469214 -0.98009 -0.2259742 -0.2262248 -0.9475009 -0.142797 -0.1562259 -0.9773447 -0.08686226 -0.1510308 -0.9847053 -0.1201025 -0.1507291 -0.9812523 -0.02519196 -0.1296682 -0.9912375 0.007115721 -0.1385558 -0.9903292 0.03982889 -0.1606414 -0.986209 0.01099789 -0.09502333 -0.9954143 0.01099854 -0.09502339 -0.9954143 0.01099896 -0.09502339 -0.9954143 0.0261414 -0.05953508 -0.9978839 0.04054009 -0.045879 -0.9981241 0.04054087 -0.04587978 -0.998124 -0.01637446 -0.07829689 -0.9967956 0.008194029 -0.09307104 -0.9956259 -0.01629424 -0.07850354 -0.9967808 0.0304681 -0.1296854 -0.991087 -0.06921803 -0.1596562 -0.9847431 -0.05964827 -0.121196 -0.9908348 -0.06518793 -0.1203274 -0.9905917 0 1 0 0 1 -1.65555e-6 0.4375833 0.899178 -1.74132e-5 0.4375833 0.899178 -1.74855e-5 0.4375833 0.899178 -1.722e-5 0.4375868 0.8991762 0 0.4375868 0.8991762 0 0.4375868 0.8991762 0 0.04292654 -0.1616564 -0.9859131 0.04242503 -0.1601325 -0.9861835 0.0447635 -0.1660954 -0.9850932 0.04516714 -0.1671661 -0.9848936 0.04515331 -0.1671242 -0.9849014 -0.4563207 -0.8898155 0 -0.4563202 -0.8898157 1.98717e-6 -0.9988335 -0.04828906 3.11785e-7 -0.9988335 -0.04828906 3.91621e-7 -0.9988335 -0.04828906 0 -0.9988334 -0.04829001 -1.66765e-7 -0.9988334 -0.04829001 1.81648e-7 -0.9988334 -0.04829001 2.56114e-7 -0.9999767 0.006838023 -3.37832e-5 -0.9999767 0.006838023 -3.36374e-5 -0.9999767 0.006838023 -3.35456e-5 -0.9999767 0.006837427 -3.35348e-5 -0.9999767 0.006837427 -3.37672e-5 -0.9999767 0.006837427 -3.35064e-5 -0.1083515 -0.9941127 0 -0.1083508 -0.9941128 0 0.5534233 -0.8329003 -2.60503e-7 0.5534233 -0.8329003 -1.80444e-7 0.5534233 -0.8329003 0 0.5534234 -0.8329001 1.84323e-6 0.5534234 -0.8329001 1.49133e-6 0.5534234 -0.8329001 1.07114e-6 0.7913089 0.6113416 -0.009567558 0.7913089 0.6113417 -0.009567499 0.7913089 0.6113416 -0.009567558 0.7913095 0.6113408 -0.009573817 0.7913092 0.6113412 -0.009573519 0.7913095 0.6113409 -0.009573757 0.9979473 -0.06366443 0.006946027 0.9979473 -0.06366407 0.006945788 0.9979472 -0.06366413 0.006945848 0.9979472 -0.06366515 0.006945729 0.9979472 -0.06366562 0.006946146 0.9979471 -0.0636658 0.006946265 0.4354125 -0.9002312 1.0598e-4 0.4354124 -0.9002311 1.06053e-4 0.4354125 -0.9002311 1.0607e-4 0.4354118 -0.9002315 1.06045e-4 0.4354118 -0.9002315 1.06164e-4 0.4354118 -0.9002314 1.06135e-4 0.9414557 -0.3371368 0 0.9414563 -0.3371351 0 -0.1204171 -0.9927235 2.77919e-6 -0.1204171 -0.9927235 2.75996e-6 -0.1204171 -0.9927235 2.77529e-6 -0.1205607 -0.992706 4.02123e-6 -0.1205607 -0.992706 4.01392e-6 -0.1205607 -0.992706 4.02263e-6 -0.9998128 -0.01934826 -3.39798e-5 -0.9998128 -0.01934826 -3.39008e-5 -0.9998128 -0.01934826 -3.3787e-5 -0.9998128 -0.01934885 -3.40194e-5 -0.9998128 -0.01934885 -3.42226e-5 -0.9998128 -0.01934885 -3.45847e-5 -0.4103962 0.9119073 0 -0.4103956 0.9119076 0 -0.9979747 0.06323039 0.006960809 -0.9979747 0.06323051 0.006960868 -0.9979746 0.06323122 0.006961405 -0.9979748 0.06322938 0.006960868 -0.9979747 0.06322991 0.006961286 -0.9979748 0.06322979 0.006961166 -0.5827766 -0.8126325 7.44375e-6 -0.5827766 -0.8126325 7.40933e-6 -0.5827766 -0.8126325 7.39784e-6 -0.5827785 -0.8126312 0 -0.5827785 -0.8126312 0 -0.5827785 -0.8126312 0 0.2472669 -0.9689474 3.24558e-6 0.2472669 -0.9689474 3.56929e-6 0.2472669 -0.9689474 3.05954e-6 0.2472665 -0.9689475 -2.57991e-7 0.2472665 -0.9689475 0 0.2472665 -0.9689475 0 0.9356133 -0.3530266 -2.55804e-5 0.9356133 -0.3530266 -2.54934e-5 0.9356133 -0.3530266 -2.56078e-5 0.9356129 -0.3530277 -2.5523e-5 0.935613 -0.3530277 -2.56209e-5 0.9356129 -0.3530276 -2.56108e-5 0.7083905 -0.7058209 1.37944e-4 0.7083905 -0.7058209 1.3728e-4 0.7083905 -0.7058209 1.36571e-4 0.7084247 -0.7057864 1.37079e-4 0.7084248 -0.7057864 1.37023e-4 0.7084248 -0.7057864 1.37977e-4 0.7894356 0.6138334 0 0.789438 0.6138305 0 -0.583816 0.8118861 -6.02659e-6 -0.4874159 0.87317 -2.8738e-6 -0.5838158 0.8118861 -6.01762e-6 -0.4797217 0.8774209 -2.88748e-6 -0.3782845 0.9256894 0 -0.3782846 0.9256894 0 0.1872257 0.9823169 -6.90586e-6 0.1872269 0.9823168 -6.51739e-6 -0.8866086 0.4625205 1.69022e-4 -0.8866086 0.4625205 1.68921e-4 -0.8866086 0.4625205 1.6906e-4 -0.8866071 0.4625235 1.6828e-4 -0.8866071 0.4625235 1.68499e-4 -0.8866071 0.4625236 1.68913e-4 0.5410355 0.8409998 -8.8962e-6 0.5410361 0.8409994 -4.36486e-6 0.9815169 -0.1913759 0 0.9815173 -0.1913736 0 -0.1291508 -0.991625 3.01526e-6 -0.1291508 -0.991625 3.24706e-6 -0.1291508 -0.991625 3.22524e-6 -0.1291522 -0.9916248 8.77149e-6 -0.1291522 -0.9916248 9.11539e-6 -0.1291522 -0.9916248 8.49855e-6 0.5286347 -0.8488495 1.01629e-5 0.5286347 -0.8488495 1.01845e-5 0.5286347 -0.8488494 1.00864e-5 0.5286368 -0.8488482 -4.35142e-7 0.5286369 -0.8488482 -5.07614e-7 0.5286368 -0.8488482 0 0.977006 -0.2132092 0.001032352 0.9770061 -0.2132093 0.00103271 0.977006 -0.2132092 0.001032292 0.9770057 -0.2132109 0.001031935 0.9770057 -0.2132109 0.001031816 0.9770057 -0.2132108 0.001031517 -0.2629881 0.9647975 0.001767873 -0.2629879 0.9647976 0.0017668 -0.262988 0.9647976 0.001767575 -0.2629873 0.9647978 0.001767098 -0.2629874 0.9647977 0.001767754 -0.2629873 0.9647977 0.001767396 0.9790074 -0.2038248 0 0.979008 -0.2038224 0 0.2483652 -0.9686666 0 0.2483653 -0.9686665 0 0.796074 -0.6051994 0 0.7960718 -0.6052024 0 -0.03548759 -0.9993701 0 -0.03548747 -0.9993701 0 0.8961417 -0.4437682 0 0.8961417 -0.4437682 0 0.6034849 0.7973744 0 0.6034861 0.7973735 0 -0.6891793 0.7245908 2.90682e-4 -0.6891794 0.7245908 2.90972e-4 -0.6891793 0.7245908 2.91154e-4 -0.6891801 0.72459 2.92102e-4 -0.6891802 0.72459 2.91472e-4 -0.6891801 0.72459 2.90701e-4 -0.01563698 0.9998331 0.00946331 -0.01563638 0.9998331 0.009463071 -0.01563674 0.9998331 0.00946325 -0.01563781 0.9998329 0.009465575 -0.01563793 0.999833 0.009465634 -0.01563847 0.999833 0.009465813 -0.7669035 0.6417626 -5.43352e-5 -0.7669035 0.6417626 -5.448e-5 -0.7669035 0.6417626 -5.4512e-5 -0.7669034 0.6417626 -5.43956e-5 -0.7669034 0.6417626 -5.43612e-5 -0.7669034 0.6417626 -5.43485e-5 -0.2617684 0.9651291 0.001770794 -0.2617684 0.9651292 0.001770436 -0.2617684 0.9651292 0.001770198 -0.2617684 0.9651291 0.001770079 -0.2617685 0.9651291 0.001770973 -0.2617684 0.9651291 0.001770198 -0.9538578 0.3002588 -1.6603e-5 -0.9538578 0.3002588 -1.64851e-5 -0.9538578 0.3002588 -1.69711e-5 -0.9538578 0.3002587 -1.64159e-5 -0.9538579 0.3002587 -1.64318e-5 -0.9538578 0.3002587 -1.67261e-5 -0.3496164 0.9368931 -4.04317e-5 -0.3496161 0.9368931 0 -0.3496161 0.9368931 2.01011e-7 -0.3496155 0.9368933 0 -0.3496155 0.9368933 -5.51413e-7 -0.3496155 0.9368933 0 -0.5863213 0.8100787 4.88566e-7 -0.5863213 0.8100787 2.87313e-7 -0.5863213 0.8100787 -2.29018e-7 -0.5863213 0.8100787 -2.19023e-6 -0.5863213 0.8100787 -1.20226e-6 -0.5863213 0.8100787 -1.63261e-6 0.3584639 0.9335437 -2.19522e-6 0.3584639 0.9335437 -2.21164e-6 0.3584639 0.9335437 -2.21122e-6 0.3583288 0.9335955 -2.08407e-6 0.3583288 0.9335955 -2.13063e-6 0.3583288 0.9335955 -2.10796e-6 -0.3417913 -0.9397759 -3.95077e-7 -0.3417913 -0.939776 2.23983e-7 -0.3417913 -0.939776 -2.32554e-7 -0.341789 -0.9397768 3.51681e-7 -0.3417891 -0.9397767 -5.466e-5 -0.341789 -0.9397768 -4.57047e-7 0.5669983 -0.823719 6.30797e-6 0.5669983 -0.823719 5.89341e-6 0.5669983 -0.823719 6.28427e-6 0.5669971 -0.8237199 0 0.5669971 -0.8237199 2.48433e-7 0.5669971 -0.8237199 5.10656e-7 0.9609546 0.2767063 0 0.9609532 0.2767111 0 -0.2255394 0.9742341 0 -0.2255394 0.9742341 0 -0.2255394 0.9742341 0 -0.2255396 0.974234 0 -0.2255396 0.974234 -1.88015e-7 -0.2255396 0.974234 0 0.4288746 0.9033641 4.40675e-7 0.4288746 0.9033641 -6.80331e-7 0.4288747 0.9033641 2.77806e-5 0.4288737 0.9033645 8.56537e-7 0.4288737 0.9033645 1.90219e-7 0.4288737 0.9033645 -6.42147e-7 -0.4981522 0.8670896 -5.42785e-7 -0.4981522 0.8670896 -5.99306e-7 -0.4981522 0.8670896 0 -0.4981551 0.867088 0 -0.4981551 0.867088 1.49855e-7 -0.4981551 0.867088 -5.72531e-7 0.6560522 -0.7547156 2.91083e-4 0.6560522 -0.7547156 2.91075e-4 0.6560522 -0.7547156 2.9085e-4 0.6560516 -0.754716 2.91221e-4 0.6560516 -0.754716 2.9101e-4 0.6560516 -0.754716 2.91637e-4 0.9679978 0.2509591 0 0.9679972 0.250961 -4.64805e-7 0.7029559 -0.7112334 0 0.7029559 -0.7112335 1.32173e-6 0.9999743 0.007175803 -5.67152e-5 0.9999743 0.007175803 -5.66485e-5 0.9999743 0.007175803 -5.67027e-5 0.9999743 0.007175445 -5.67647e-5 0.9999743 0.007175445 -5.6725e-5 0.9999743 0.007175445 -5.68849e-5 0.5909405 -0.8067153 2.29289e-7 0.5909405 -0.8067153 -3.28291e-7 0.5909404 -0.8067153 0 0.5909413 -0.8067146 1.35042e-7 0.5909413 -0.8067146 1.56504e-7 0.5909413 -0.8067146 -1.58558e-7 0.1031492 -0.9946659 -1.93053e-6 0.1031492 -0.994666 -1.68185e-6 0.1031492 -0.9946659 0 0.1031974 -0.994661 -1.80109e-6 0.1031974 -0.994661 -1.94132e-6 0.1031974 -0.9946609 -1.56753e-6 -0.5103111 -0.8599899 2.71508e-6 -0.5103112 -0.8599899 2.713e-6 -0.5103112 -0.8599899 2.6875e-6 -0.5102701 -0.8600142 0 -0.5102701 -0.8600142 0 -0.5102701 -0.8600142 0 0.1350899 -0.9908334 0 0.1350903 -0.9908333 0 0.5568937 0.8305839 4.57953e-7 0.5568937 0.8305839 0 0.5568937 0.8305839 2.40981e-7 0.5568937 0.8305839 7.14218e-7 0.5568937 0.8305839 -4.89556e-7 0.5568937 0.8305839 7.16653e-7 -0.5025522 0.864547 0 -0.5025522 0.864547 0 -0.5025522 0.864547 0 -0.5025516 0.8645473 0 -0.5025516 0.8645473 0 -0.5025517 0.8645473 0 0.3731824 0.9277581 -1.64295e-6 0.3731823 0.927758 -1.06683e-6 0.3731823 0.9277581 9.12445e-7 0.3731853 0.9277569 -2.11847e-6 0.3731853 0.9277569 -1.43862e-6 0.3731853 0.9277569 -1.49268e-6 -0.3079277 0.9514098 -6.30882e-7 -0.3079277 0.9514098 -1.28057e-7 -0.3079277 0.9514098 -2.68753e-6 -0.307928 0.9514098 -1.56695e-6 -0.307928 0.9514097 -1.30807e-6 -0.307928 0.9514098 -1.88034e-6 0.425769 0.904832 -3.06839e-6 0.4257693 0.9048318 0 -0.7800858 0.6256714 -0.001269221 -0.7800858 0.6256713 -0.001269221 -0.7800858 0.6256713 -0.001269221 -0.7800866 0.6256703 -0.001269102 -0.7800866 0.6256704 -0.001269102 -0.7800867 0.6256703 -0.001269102 -0.4350613 -0.9004009 2.72361e-6 -0.4350617 -0.9004007 0 0.141074 -0.9899991 2.86691e-6 0.1410739 -0.9899991 3.32599e-6 0.141074 -0.9899991 2.51174e-6 0.1410736 -0.9899992 2.68914e-6 0.1410736 -0.9899992 2.34937e-6 0.1410736 -0.9899992 3.14927e-6 -0.5387584 -0.8424604 1.37826e-6 -0.5387585 -0.8424603 0 -0.6169452 0.7870061 -1.01679e-6 -0.6169492 0.787003 -1.10894e-5 0.3685552 0.9296059 -6.116e-5 0.3685553 0.9296059 -2.87183e-5 0.3685554 0.9296059 -2.91401e-5 0.3685514 0.9296075 0 0.3685514 0.9296075 2.4863e-7 0.3685513 0.9296074 0 -0.9998908 -0.01477938 -3.36129e-5 -0.9998908 -0.01477938 -3.39842e-5 -0.9998908 -0.01477944 0 -0.9998909 -0.0147804 -3.36113e-5 -0.9998908 -0.0147804 -3.39812e-5 -0.9998908 -0.0147804 -3.33288e-5 -0.6068866 -0.7947884 0 -0.5459527 -0.837816 3.05485e-6 -0.6068865 -0.7947886 0 -0.5459086 -0.8378448 9.25433e-7 -0.4810336 -0.8767022 0 -0.4810333 -0.8767023 -2.51584e-6 0.3665791 0.9303869 -1.97083e-5 0.3665791 0.9303869 -1.98457e-5 0.3665791 0.9303869 -1.98608e-5 0.879593 0.3971604 -0.2618778 0.8894544 0.4570131 -0.003136038 0.9709913 0.08293849 -0.2242706 0.9995706 0.02930182 0 -0.04583948 -0.9989489 8.50268e-6 -0.04583948 -0.9989489 8.15629e-6 -0.04583948 -0.9989489 8.64221e-6 -0.04584789 -0.9989485 -7.13102e-5 -0.04584789 -0.9989484 -7.11438e-5 -0.04584789 -0.9989485 -7.11559e-5 0.5399893 -0.5966781 -0.5936217 0.04349195 -0.7249423 -0.6874352 0.6995336 -0.2708314 -0.6612891 0.1528009 -0.560575 -0.8138844 0.8918103 -0.3580623 -0.2765246 0.4574804 0.05056715 -0.8877808 0.4709041 0.0175631 -0.8820096 -0.1012771 -0.9676619 -0.2310271 -0.1582601 -0.7382181 -0.6557347 -0.7725205 -0.6349435 0.007683515 -0.77252 -0.634944 0.007683873 -0.7725201 -0.6349438 0.007683694 -0.797195 -0.5531151 -0.2419585 -0.7971969 -0.5531128 -0.2419573 -0.7972028 -0.5531059 -0.2419536 -0.7780318 -0.6281782 0.007662773 -0.7780316 -0.6281786 0.007663249 -0.7780315 -0.6281786 0.007663249 -0.04657936 -0.9989147 0 -0.04657953 -0.9989147 1.89408e-6 -0.9677035 -0.2520914 0 -0.9677059 -0.2520825 0 -0.5146292 0.8574129 -1.61086e-6 -0.5146746 0.8573858 4.8137e-5 -0.5146412 0.8574056 0 0.1564948 0.9876788 0 0.1564947 0.9876788 -2.50339e-6 0.6185522 0.7857438 -9.1488e-5 0.6185522 0.7857438 -9.14757e-5 0.6185522 0.7857438 -9.14268e-5 0.6184762 0.7858035 -9.82794e-5 0.6184762 0.7858035 -9.82853e-5 0.6184762 0.7858035 -9.82882e-5 0.3665823 0.9303857 -9.14116e-6 0.3665823 0.9303857 -8.91637e-6 0.3665823 0.9303857 -9.18249e-6 0.3665512 0.930398 -7.39249e-5 0.3665512 0.930398 -7.38775e-5 0.3665512 0.930398 -7.42956e-5 0.366645 0.930361 -2.6077e-7 0.366645 0.930361 0 0.366645 0.930361 2.8572e-7 -0.0458405 -0.9989488 0 -0.0458405 -0.9989488 -4.30504e-7 -0.0458405 -0.9989488 -4.73252e-7 -0.0458405 -0.9989488 1.89769e-7 -0.0458405 -0.9989488 -4.13507e-7 -0.0458405 -0.9989488 -5.39934e-7 0.9145323 -0.4045132 0 -0.03182709 -0.9774145 -0.208921 0.1697402 -0.4500052 -0.876746 -0.1286208 -0.7670049 -0.6286178 0.07653403 -0.7033066 -0.7067548 0.02655065 -0.999603 0.009436428 0.02655011 -0.9996029 0.009436607 0.02655029 -0.999603 0.009436547 0.02658593 -0.9996006 0.00958389 0.02658522 -0.9996006 0.009584009 0.02658438 -0.9996007 0.009584248 0.6854493 -0.1656986 -0.7090157 0.5398452 -0.5656628 -0.6233721 0.8867775 -0.3790157 -0.2645237 0.9688189 0.117848 -0.2179493 0.1919795 -0.05343145 -0.9799433 0.8166153 0.5090143 -0.2721102 0.1198745 0.03700923 -0.9920991 0.9915224 -0.1299363 2.43519e-4 0.9067444 -0.4216745 -0.002280652 0.8394626 0.5434033 -0.00392282 0.3856973 0.9226254 -1.94204e-6 0.3856973 0.9226254 -1.9141e-6 0.3856973 0.9226255 -1.1792e-6 0.3857001 0.9226243 -1.37975e-6 0.3857001 0.9226243 -1.19942e-6 0.3857001 0.9226243 -1.9134e-6 0.7767612 0.6297954 -6.78674e-7 0.7767612 0.6297954 -8.04663e-7 0.7767612 0.6297954 -4.30875e-7 0.7767612 0.6297952 -5.78475e-7 0.7767614 0.6297952 0 0.7767613 0.6297952 -6.78468e-7 -0.1297132 0.9915516 0 -0.1297183 0.991551 7.95581e-6 -0.6627795 -0.7486988 0.01317495 -0.6627797 -0.7486985 0.0131753 -0.6627796 -0.7486987 0.01317518 -0.6713998 -0.7409647 -0.01392167 -0.6713998 -0.7409647 -0.01392179 -0.6713998 -0.7409646 -0.01392203 -0.7848206 -0.6197231 2.49213e-6 -0.7848206 -0.6197231 2.54159e-6 -0.7848207 -0.6197231 2.53974e-6 0.02656155 -0.9996022 0.009483218 0.02656137 -0.9996022 0.009483277 0.02656233 -0.9996022 0.009483039 0.026551 -0.999603 0.009436488 0.02655136 -0.999603 0.009436368 0.02655106 -0.999603 0.009436488 0.3857145 0.9226182 -1.87074e-6 0.3857145 0.9226182 -1.69433e-6 0.3857145 0.9226182 -1.96754e-6 0.3856306 0.9226533 -3.17039e-5 0.3856306 0.9226533 -3.21681e-5 0.3856306 0.9226534 -3.19344e-5 -0.198428 -0.1806248 -0.9633281 -0.1896864 0.06737399 -0.9795305 -0.2476118 -0.1683806 -0.9541155 -0.1078952 0.1773021 -0.9782242 -0.1509631 -0.1963809 -0.9688369 -0.1730423 -0.2047342 -0.9634004 -0.1994476 -0.2283646 -0.9529272 -0.1737846 -0.7742028 -0.6086122 -0.173786 -0.774203 -0.6086118 -0.1737837 -0.7742028 -0.6086127 -0.2023959 -0.7063552 -0.6783054 -0.2023965 -0.7063552 -0.6783052 -0.202395 -0.7063552 -0.6783058 -0.5897011 -0.5061731 -0.6293183 -0.5897035 -0.5061714 -0.6293174 -0.5897023 -0.5061722 -0.6293179 -0.6229025 -0.7313852 -0.2776118 -0.6229042 -0.7313839 -0.2776114 -0.6228903 -0.7313937 -0.2776167 -0.6102705 -0.7921189 -0.01085531 -0.6102705 -0.7921189 -0.01085519 -0.6102705 -0.7921189 -0.01085525 -0.60448 -0.7966204 -9.45128e-5 -0.60448 -0.7966204 -9.47835e-5 -0.6044799 -0.7966204 -9.40408e-5 -0.1080526 -0.9940766 0.01168394 -0.1080518 -0.9940767 0.01168346 -0.1080523 -0.9940766 0.01168376 -0.1375645 -0.9897127 -0.03930443 -0.1375647 -0.9897127 -0.03930437 -0.1375638 -0.9897128 -0.03930485 -0.1784217 -0.2753753 -0.9446345 -0.2540955 -0.1291124 -0.9585226 -0.2267371 -0.2468968 -0.9421424 -0.2398638 -0.09009563 -0.9666169 -0.06990689 -0.3055184 -0.9496166 -0.06990581 -0.3055166 -0.9496173 -0.06990683 -0.3055183 -0.9496166 -0.1162402 -0.2795612 -0.9530655 -0.1162402 -0.2795612 -0.9530655 -0.11624 -0.2795609 -0.9530656 -0.1703593 -0.2008665 -0.9646918 -0.1351236 -0.264851 -0.9547752 -0.1123279 -0.2980945 -0.9479041 0.03273576 -0.6967816 -0.716536 0.03273296 -0.6967855 -0.7165324 0.03273612 -0.6967809 -0.7165367 0.2681428 -0.7589539 -0.5933706 0.2681407 -0.7589566 -0.5933679 0.2681435 -0.7589531 -0.5933713 -0.4559092 -0.6443595 -0.6139607 -0.4559105 -0.6443589 -0.6139603 -0.4559097 -0.6443592 -0.6139605 -0.4612908 -0.6931781 -0.5538187 -0.4612894 -0.6931787 -0.553819 -0.4612895 -0.6931786 -0.5538191 -0.05032444 -0.7358694 -0.6752509 -0.05032163 -0.7358685 -0.675252 -0.05032718 -0.7358702 -0.6752498 0.03608256 -0.8406321 -0.5404033 0.03607648 -0.8406341 -0.5404006 0.03607767 -0.8406338 -0.5404011 -0.467051 -0.8842305 0 -0.467051 -0.8842304 0 0.3904345 -0.9033829 0.1773708 0.390433 -0.9033843 0.1773667 0.3904364 -0.9033811 0.1773757 0.7793892 -0.6234136 -0.06251448 0.7793902 -0.6234126 -0.06251138 0.7793863 -0.6234164 -0.06252241 0.1164144 -0.9932007 0 0.1164125 -0.993201 4.58453e-6 -0.4844097 0.8748413 -1.01367e-6 -0.4844096 0.8748413 -2.03075e-6 -0.4844097 0.8748413 -1.46513e-6 -0.4844098 0.8748413 -8.34814e-7 -0.4844098 0.8748413 -1.483e-6 -0.4844098 0.8748413 -1.72248e-6 0.9683052 -0.24977 -9.7311e-6 0.9683021 -0.249782 0 0.3483138 -0.9373781 1.68539e-4 0.3483138 -0.9373781 1.68976e-4 0.3483138 -0.9373781 1.6876e-4 0.3483167 -0.937377 1.61357e-4 0.3483166 -0.937377 1.6157e-4 0.3483166 -0.937377 1.60998e-4 -0.9756757 0.2192064 0.002323925 -0.9756758 0.2192064 0.002323806 -0.9756757 0.2192065 0.002324521 -0.9756757 0.2192069 0.002325057 -0.9756757 0.2192068 0.0023247 -0.9756757 0.2192069 0.002325057 0.01090037 -0.1334224 -0.9909994 0.01090103 -0.1334217 -0.9909995 0.01089996 -0.133423 -0.9909994 0.06825536 -0.1960331 -0.9782189 0.06825602 -0.1960327 -0.978219 0.06825482 -0.1960335 -0.9782189 -0.3062804 0.9519414 2.12481e-6 -0.3062805 0.9519414 2.32877e-6 -0.3062804 0.9519414 1.64166e-6 -0.3062802 0.9519415 7.73666e-7 -0.3062802 0.9519415 -1.00812e-6 -0.3062802 0.9519415 1.20606e-7 -0.9848043 0.1736683 0 -0.9848043 0.1736683 -2.89874e-7 -0.9848042 0.1736683 -6.31262e-7 -0.9848043 0.1736684 -1.42004e-7 -0.9848043 0.1736684 0 -0.9848042 0.1736684 0 -0.7273265 0.4611956 -0.5082272 -0.7273266 0.4611949 -0.5082277 -0.7273269 0.4611921 -0.5082297 -0.3973444 0.5691483 -0.7198525 -0.3973436 0.5691556 -0.7198472 -0.3973423 0.5691629 -0.7198422 -0.06961292 0.9975742 0 -0.06961262 0.9975741 0 -0.7958233 0.5863481 -0.1511996 -0.7958226 0.5863496 -0.1511976 -0.7958241 0.5863463 -0.1512019 -0.9206851 0.3864845 0.05448758 -0.9206852 0.3864842 0.05448722 -0.9206824 0.3864898 0.05449426 0.04396688 0.8469707 -0.5298184 0.04396533 0.8469706 -0.5298188 0.04396462 0.8469704 -0.5298191 0.0667364 0.8089323 -0.5841018 0.0667361 0.8089322 -0.5841019 0.0667352 0.8089321 -0.5841022 0.2066246 0.1255928 -0.9703261 -0.08170044 0.3914169 -0.9165794 0.1878587 0.2068223 -0.9601737 -0.007612586 0.3572667 -0.9339714 -0.02997899 0.1834205 -0.9825774 -0.005043566 0.2175428 -0.9760379 -0.03520405 0.1852692 -0.982057 -0.0377773 0.2874546 -0.9570491 -0.1698468 0.7877103 -0.5921695 -0.264158 0.6781626 -0.6857959 -0.1688407 0.7847877 -0.596323 -0.2549426 0.6860311 -0.6814438 -0.439117 0.89843 1.76873e-4 -0.4307066 0.9024921 -1.27102e-4 -0.2075116 0.9782326 0 -0.2075116 0.9782326 0 -0.5742223 0.5422447 -0.6133836 -0.4775514 0.6252575 -0.6172503 -0.5706866 0.542659 -0.6163101 -0.5185943 0.5879913 -0.6207466 -0.8198286 0.5726068 0.001621663 -0.8197692 0.5726912 0.00183475 -0.7438941 0.6682977 -1.13357e-4 -0.6185365 0.7857557 -8.27781e-4 0.2365362 0.9716227 -3.65985e-5 0.2828413 0.7757424 -0.564114 0.2828414 0.7757424 -0.5641139 0.2828413 0.7757425 -0.564114 0.2832084 0.7734764 -0.5670338 0.2832084 0.7734764 -0.5670338 0.2832085 0.7734764 -0.5670338 -0.9537203 0.1773272 -0.2428433 -0.9537273 0.1773213 -0.2428198 -0.9537215 0.1773256 -0.2428397 0.1953367 0.9416881 0.2739841 0.1953347 0.9416865 0.2739907 0.1953321 0.9416844 0.2739998 -0.1759928 0.767 -0.6170393 -0.1325968 0.792042 -0.5958924 -0.1787649 0.7690446 -0.6136884 -0.1308403 0.7943747 -0.5931694 -0.07915812 0.8153684 -0.5735055 -0.0781871 0.8140808 -0.5754645 -0.2324173 0.4418244 -0.8664719 -0.1213603 0.8859308 -0.447659 -0.05781257 0.9765031 -0.207604 -0.1166762 0.9903205 0.07518005 -0.1799622 0.9836723 -0.001577198 0.02381002 0.9487288 0.3151933 0.02380812 0.948729 0.3151928 0.02381122 0.9487287 0.3151937 0.1426121 0.9826354 -0.1186997 0.1426112 0.9826354 -0.1187 0.1426087 0.9826357 -0.1187006 0.08220976 0.8153335 -0.5731257 0.0822094 0.8153336 -0.5731257 0.08220946 0.8153336 -0.5731257 0.07834619 0.802475 -0.5915197 0.07834666 0.802475 -0.5915198 0.07834649 0.8024751 -0.5915198 0.003760218 0.1850106 -0.9827294 0.05920863 0.192124 -0.9795829 0.04855716 0.1865294 -0.9812487 0.1167931 0.2315458 -0.9657878 0.126513 0.3187887 -0.9393447 0.1386089 0.274046 -0.9516756 0.2089608 0.1435183 -0.9673355 0.2134541 0.1807268 -0.9600912 -0.03335297 0.6525639 -0.7569993 -0.03334766 0.6525756 -0.7569894 -0.03334665 0.6525793 -0.7569863 -0.6645502 0.6080946 -0.4342741 -0.6645492 0.6080974 -0.4342717 -0.664548 0.6081015 -0.434268 -0.2143061 0.9767667 0 -0.2143061 0.9767666 -4.61936e-7 -0.2143061 0.9767666 -2.08573e-7 -0.2143054 0.9767667 -5.0597e-7 -0.2143054 0.9767667 -3.52637e-7 -0.2143054 0.9767667 -3.2247e-7 0.8749887 0.4841434 1.68473e-4 0.8749887 0.4841434 1.68286e-4 0.8749887 0.4841434 1.6857e-4 0.8749876 0.4841454 1.69041e-4 0.8749876 0.4841454 1.68554e-4 0.8749877 0.4841455 1.68067e-4 0.7878487 -0.6158691 0 0.787848 -0.6158698 5.63851e-6 0.9589774 0.2826491 -0.02172434 0.9589772 0.2826496 -0.02172428 0.9589766 0.2826517 -0.0217238 0.9589759 0.2826543 -0.02172118 0.9589757 0.282655 -0.021721 0.9589762 0.2826536 -0.02172136 0.9094564 0.1869332 0.3714098 0.9094595 0.186921 0.3714081 0.9094566 0.1869317 0.37141 0.2246835 0.9744318 0 0.142377 0.9898125 -4.31884e-6 0.2246836 0.9744318 -1.37408e-6 0.1424091 0.989808 -4.67224e-6 0.05251449 0.9986202 -3.59794e-7 0.05251449 0.9986202 -9.48836e-7 -0.8292529 0.5588737 0 -0.8292548 0.5588707 0 -0.8292478 0.5588812 -7.9206e-5 -0.09744399 0.9952411 0 -0.09744393 0.9952411 0 -0.8292795 0.5588343 2.08616e-7 -0.8292795 0.5588343 2.84985e-7 -0.8292794 0.5588343 -1.24687e-7 -0.8292785 0.5588357 0 -0.8292785 0.5588357 5.92088e-7 -0.8292785 0.5588356 0 -0.251428 -0.9678761 0 -0.251428 -0.9678761 0 -0.251428 -0.9678761 1.22889e-7 -0.2514281 -0.967876 3.69971e-7 -0.2514281 -0.967876 -2.22208e-7 -0.2514281 -0.967876 0 -0.8502438 0.5263891 -2.72761e-7 -0.8502439 0.5263891 -4.1211e-7 -0.8502438 0.5263891 3.88926e-7 -0.8502457 0.526386 -2.38341e-7 -0.8502457 0.526386 0 -0.8502457 0.526386 5.46221e-7 -0.7523047 -0.6588155 0 -0.7523085 -0.6588112 0 0.8481786 -0.5297105 -3.40515e-7 0.8481786 -0.5297105 3.99072e-7 0.8481786 -0.5297105 2.10758e-7 0.848179 -0.5297098 1.1932e-7 0.848179 -0.5297098 0 0.848179 -0.5297098 4.68572e-7 0.4448717 -0.8955943 1.05341e-4 0.4448717 -0.8955944 1.05505e-4 0.4448718 -0.8955943 1.04959e-4 0.444873 -0.8955937 1.13735e-4 0.444873 -0.8955937 1.13756e-4 0.4448729 -0.8955937 1.13698e-4 -0.131308 -0.9913417 8.91399e-6 -0.131308 -0.9913417 0 0.6632179 -0.7484264 -1.71766e-4 0.6632179 -0.7484263 -1.71346e-4 0.6632179 -0.7484263 -1.71699e-4 0.6632544 -0.7483941 -1.81144e-4 0.6632543 -0.748394 -1.80939e-4 0.6632544 -0.7483941 -1.80973e-4 -0.7505901 -0.6607237 0.007677197 -0.75059 -0.6607238 0.007677018 -0.7505901 -0.6607235 0.007677495 -0.7505872 -0.660727 0.007669687 -0.7505871 -0.6607273 0.00766915 -0.7505866 -0.6607277 0.007668137 -0.7733283 0.6340058 -6.00057e-5 -0.7733284 0.6340059 -5.97797e-5 -0.7733283 0.6340058 -6.01687e-5 -0.7733585 0.633969 -5.48404e-5 -0.7733585 0.6339691 -5.48003e-5 -0.7733585 0.633969 -5.4666e-5 0.08710479 0.9961992 0 0.08710491 0.9961993 0 0.5015092 -0.8651524 0 0.5015099 -0.8651521 0 -0.0722025 -0.9973901 -4.48985e-7 -0.0722025 -0.9973901 0 -0.0722025 -0.9973901 2.63135e-7 -0.0722025 -0.99739 0 -0.0722025 -0.99739 4.58349e-7 -0.0722025 -0.99739 0 0.8750036 -0.4841166 0 0.8750036 -0.4841166 0 0.1915843 -0.9814763 0 0.1915856 -0.9814759 0 0.9843045 -0.1764785 0 0.9843046 -0.1764785 0 0.9843045 -0.1764785 5.15233e-7 0.9843045 -0.1764789 3.97192e-7 0.9843045 -0.1764789 3.46394e-7 0.9843045 -0.1764789 -5.26546e-7 -0.1823381 0.983236 -1.6633e-6 -0.1823381 0.983236 -1.4152e-6 -0.1823381 0.9832359 -1.58149e-6 -0.1823389 0.9832358 -1.69447e-6 -0.1823389 0.9832358 -1.88228e-6 -0.1823389 0.9832358 -2.06562e-6 0.9665336 -0.2565297 0.002327084 0.9665336 -0.2565298 0.002327024 0.9665335 -0.2565299 0.002326428 0.966534 -0.256528 0.002325832 0.966534 -0.256528 0.002325892 0.9665341 -0.2565278 0.002326905 0.1968028 -0.9804431 -1.48953e-6 0.1968029 -0.9804432 -1.63715e-6 0.1968028 -0.9804431 -1.53834e-6 0.1967558 -0.9804526 -1.44919e-6 0.1967558 -0.9804526 -1.49354e-6 0.1967558 -0.9804526 -1.83468e-6 0.7466906 -0.6651704 -0.001235127 0.7466906 -0.6651704 -0.001234889 0.7466906 -0.6651704 -0.001235187 0.7466902 -0.6651709 -0.001235187 0.7466902 -0.6651708 -0.001234531 0.7466903 -0.6651708 -0.001234173 -0.5946515 -0.8039837 1.66357e-7 -0.5946515 -0.8039837 -2.24216e-7 -0.5946515 -0.8039836 4.00425e-7 -0.5946525 -0.8039828 1.3374e-7 -0.5946525 -0.8039829 0 -0.5946525 -0.8039828 5.00353e-7 -0.8870682 0.4615669 -0.008139073 -0.8870684 0.4615664 -0.008139252 -0.8870681 0.4615671 -0.008139014 -0.8870685 0.461566 -0.008140087 -0.8870683 0.4615665 -0.008139848 -0.8870683 0.4615665 -0.008139848 0.32607 -0.9453456 0 -0.6022846 0.7982816 0 -0.6022846 0.7982816 0 -0.6022846 0.7982815 0 -0.6022087 0.7983388 -1.36613e-6 -0.6022087 0.7983388 -1.42536e-6 -0.6022087 0.7983388 -1.40041e-6 -0.1675521 -0.9858632 -2.22654e-4 -0.1675521 -0.9858633 -2.22957e-4 -0.1675521 -0.9858632 -2.2243e-4 -0.1675525 -0.9858632 -2.21859e-4 -0.1675525 -0.9858632 -2.22424e-4 -0.1675525 -0.9858632 -2.22463e-4 -0.7428674 -0.6694387 0 -0.7428675 -0.6694386 0 -0.7428674 -0.6694386 0 -0.7428658 -0.6694404 0 -0.7428658 -0.6694404 3.85586e-7 -0.7428658 -0.6694404 0 0.1412233 0.9899778 0 0.1412233 0.9899778 0 0.1412233 0.9899778 0 0.1411281 0.9899914 0 0.1411281 0.9899914 0 0.1411281 0.9899914 0 -0.4946544 0.8690899 2.90862e-7 -0.4946544 0.8690898 4.09549e-7 -0.4946544 0.8690899 0 -0.4946548 0.8690896 -1.62248e-6 -0.4946548 0.8690896 -2.40549e-6 -0.4946548 0.8690896 -1.78791e-6 0.1959037 0.9806232 -2.21817e-4 0.1959037 0.9806231 -2.21632e-4 0.1959037 0.9806232 -2.21953e-4 0.1959035 0.9806233 -2.22122e-4 0.1959035 0.9806233 -2.21703e-4 0.1959035 0.9806233 -2.21492e-4 0.8922882 -0.4513931 -0.008141517 0.892288 -0.4513934 -0.008141636 0.8922881 -0.4513932 -0.008141517 0.892288 -0.4513933 -0.008141398 0.8922879 -0.4513936 -0.008141458 0.8922879 -0.4513936 -0.008141517 -0.1521098 0.9883636 -2.08515e-4 -0.1521098 0.9883636 -2.08417e-4 -0.1521098 0.9883636 -2.08616e-4 -0.152063 0.9883708 -2.14319e-4 -0.152063 0.9883708 -2.14398e-4 -0.152063 0.9883708 -2.14395e-4 0 1 -1.5101e-6 1.36967e-7 1 0 -0.005132138 0.9999869 1.24255e-7 -0.005132138 0.9999869 1.9162e-7 -0.005132138 0.9999869 0 -0.005036115 0.9999874 -7.63976e-7 -0.005036115 0.9999873 -4.70287e-7 -0.005036115 0.9999874 -5.0629e-7 0.4673528 0.8840711 0 -0.05840462 0.9982931 0 -0.0584045 0.998293 0 -0.3943515 0.9189597 4.19078e-7 -0.3943515 0.9189597 -1.54623e-6 -0.3943515 0.9189597 -2.06607e-6 -0.3943522 0.9189594 -2.0036e-6 -0.3943522 0.9189594 2.21803e-7 -0.3943522 0.9189594 -2.43378e-6 0.2030545 0.1970083 -0.9591438 0.1614201 0.1200376 -0.9795584 0.1418868 0.1414124 -0.9797299 0.04267215 0.1449262 -0.9885219 0.03622353 0.06856727 -0.9969887 0.01532316 0.114875 -0.9932618 0.03461158 0.0867207 -0.9956313 0.1335578 0.1469214 -0.98009 0.2259752 0.2262247 -0.9475007 0.1427971 0.1562258 -0.9773447 0.08686202 0.1510308 -0.9847053 0.1201021 0.1507291 -0.9812524 0.009494304 0.1239646 -0.9922413 -0.001058101 0.1339829 -0.9909831 0.06140589 0.1210676 -0.9907432 -0.008055567 0.1373885 -0.9904845 -0.01099729 0.09502303 -0.9954144 -0.01099789 0.09502309 -0.9954144 -0.01099836 0.09502309 -0.9954144 -0.02614068 0.0595346 -0.9978839 -0.04053938 0.04587846 -0.9981241 -0.04054015 0.0458793 -0.9981241 0.01637518 0.07829678 -0.9967956 -0.008193552 0.09307092 -0.9956258 0.01629495 0.07850342 -0.9967808 -0.0304681 0.1296854 -0.991087 -0.0395196 0.1583141 -0.9865977 0.06921792 0.1596563 -0.9847431 0.05387246 0.1220911 -0.9910558 0.06518745 0.1203264 -0.9905918 0.06518763 0.120327 -0.9905918 0.06518775 0.1203272 -0.9905917 -0.001334667 -0.9999812 -0.005989134 -0.001335263 -0.9999812 -0.005989015 -0.001334905 -0.9999812 -0.005989074 -0.001334726 -0.9999813 -0.005987465 -0.001334846 -0.9999813 -0.005987465 -0.001334667 -0.9999813 -0.005987465 -0.4375833 -0.899178 -2.15349e-5 -0.4375833 -0.899178 -2.16072e-5 -0.4375833 -0.899178 -2.13417e-5 -0.437586 -0.8991767 0 -0.437586 -0.8991767 0 -0.437586 -0.8991767 0 0.456321 0.8898153 0 0.4563201 0.8898158 -1.98717e-6 0.9988335 0.04828906 2.07122e-7 0.9988335 0.04828906 2.84519e-7 0.9988335 0.04828906 0 0.9988334 0.04829007 -2.85392e-7 0.9988334 0.04829007 0 0.9988334 0.04829007 1.33878e-7 0.9999766 -0.006837308 -5.57848e-5 0.9999766 -0.006837308 -5.59096e-5 0.9999766 -0.006837308 -5.59715e-5 0.9999767 -0.006837725 -5.56152e-5 0.9999767 -0.006837725 -5.59428e-5 0.9999767 -0.006837725 -5.58017e-5 0.1083515 0.9941127 0 0.1083509 0.9941128 0 -0.5534238 0.8328999 -2.60502e-7 -0.5534238 0.8328999 -1.80211e-7 -0.5534238 0.8328999 0 -0.5534234 0.8329001 -1.14e-6 -0.5534234 0.8329001 -1.49133e-6 -0.5534234 0.8329001 -1.90944e-6 -0.7913094 -0.6113411 -0.009567558 -0.7913094 -0.6113412 -0.009567499 -0.7913094 -0.6113411 -0.009567558 -0.7913082 -0.6113427 -0.009562849 -0.791308 -0.611343 -0.009562551 -0.7913082 -0.6113427 -0.00956279 -0.9979472 0.06366485 0.006946027 -0.9979472 0.06366449 0.006945788 -0.9979473 0.06366455 0.006945848 -0.9979473 0.06366479 0.006945729 -0.9979472 0.06366527 0.006946086 -0.9979472 0.06366479 0.006945788 -0.4354134 0.9002308 1.04444e-4 -0.4354133 0.9002307 1.04509e-4 -0.4354133 0.9002307 1.04393e-4 -0.4354117 0.9002315 1.04609e-4 -0.4354117 0.9002315 1.0449e-4 -0.4354117 0.9002315 1.04592e-4 -0.9414557 0.3371368 0 -0.941456 0.3371359 0 0.1204167 0.9927235 2.77919e-6 0.1204167 0.9927235 2.75995e-6 0.1204167 0.9927235 2.77529e-6 0.1205607 0.992706 4.02123e-6 0.1205607 0.992706 4.01392e-6 0.1205607 0.992706 4.02263e-6 0.9998128 0.01934814 -5.70597e-5 0.9998128 0.01934814 -5.67771e-5 0.9998128 0.01934814 -5.66561e-5 0.9998129 0.0193488 -5.70046e-5 0.9998129 0.0193488 -5.65717e-5 0.9998128 0.0193488 -5.59362e-5 0.4183802 -0.908272 3.72959e-7 0.4183802 -0.908272 -4.30271e-7 0.41838 -0.9082721 7.16512e-5 0.4183785 -0.9082728 1.86534e-7 0.4183786 -0.9082728 0 0.4183786 -0.9082728 0 0.9979746 -0.06323134 0.006961524 0.9979747 -0.06323152 0.006961643 0.9979746 -0.06323122 0.006961405 0.9979748 -0.06323051 0.006962239 0.9979748 -0.06322979 0.006961703 0.9979747 -0.06322985 0.006961762 0.5857149 0.8105031 -0.004774808 0.5857149 0.8105031 -0.004774808 0.5857151 0.810503 -0.004774749 0.5857136 0.8105041 -0.004767894 0.5857139 0.8105039 -0.004767656 0.5857142 0.8105037 -0.004767417 -0.2472665 0.9689476 -3.89712e-6 -0.2472665 0.9689476 -3.57837e-6 -0.2472665 0.9689476 -4.07947e-6 -0.247267 0.9689474 -2.5529e-7 -0.247267 0.9689474 0 -0.247267 0.9689474 0 -0.9356131 0.3530273 -2.64735e-5 -0.9356131 0.3530273 -2.64344e-5 -0.9356131 0.3530273 -2.65492e-5 -0.9356135 0.353026 -2.77978e-5 -0.9356135 0.353026 -2.77646e-5 -0.9356135 0.353026 -2.78807e-5 -0.7083905 0.7058209 1.31307e-4 -0.7083905 0.7058209 1.30631e-4 -0.7083904 0.7058209 1.29931e-4 -0.7084241 0.7057871 1.37078e-4 -0.7084241 0.705787 1.36976e-4 -0.7084241 0.705787 1.37928e-4 -0.7933931 -0.6087096 7.52329e-6 -0.7933932 -0.6087096 7.30017e-6 -0.7933931 -0.6087096 6.78372e-6 -0.7933938 -0.6087086 2.95375e-6 -0.7933939 -0.6087086 3.16643e-6 -0.7933939 -0.6087086 2.83425e-6 0.583818 -0.8118847 0 0.482705 -0.8757831 1.97695e-7 0.5838174 -0.8118851 0 0.4749466 -0.8800146 -2.51341e-7 0.3782848 -0.9256893 0 0.3782846 -0.9256894 0 -0.1888603 -0.9820041 -2.19282e-4 -0.1888603 -0.9820041 -2.19375e-4 -0.1888603 -0.9820041 -2.19305e-4 -0.1888595 -0.9820042 -2.19675e-4 -0.1888595 -0.9820042 -2.19577e-4 -0.1888595 -0.9820042 -2.19655e-4 0.8836957 -0.4679597 0.009776771 0.8836956 -0.4679601 0.00977683 0.8836961 -0.467959 0.00977683 0.8836953 -0.4679607 0.009772241 0.8836953 -0.4679608 0.009772241 0.8836951 -0.4679611 0.009772241 -0.5432496 -0.8395714 0 -0.5432495 -0.8395714 1.41794e-7 -0.5432496 -0.8395714 -1.76922e-7 -0.5432923 -0.8395437 0 -0.5432923 -0.8395437 1.2874e-7 -0.5432923 -0.8395437 0 -0.9800396 0.1988024 -2.02888e-7 -0.9800396 0.1988024 -2.22586e-7 -0.9800397 0.1988024 0 -0.9800395 0.1988034 0 -0.9800395 0.1988034 3.12739e-7 -0.9800395 0.1988034 3.12692e-7 0.1175922 0.993062 3.88219e-6 0.1175922 0.993062 4.30748e-6 0.1175922 0.993062 3.5128e-6 0.1175917 0.9930621 -2.22941e-6 0.1175917 0.9930621 -1.77288e-6 0.1175917 0.993062 -2.1694e-6 -0.5286366 0.8488484 -5.31453e-6 -0.5286366 0.8488484 -5.29282e-6 -0.5286366 0.8488484 -5.39021e-6 -0.5286368 0.8488482 -4.35142e-7 -0.5286369 0.8488482 -5.07789e-7 -0.5286368 0.8488482 0 -0.9770059 0.2132101 0.001032352 -0.9770058 0.2132101 0.00103271 -0.9770059 0.2132101 0.001032292 -0.9770058 0.2132102 0.001031935 -0.9770058 0.2132102 0.001032054 -0.9770058 0.2132103 0.001032352 0.2703242 -0.9627694 0 0.2703243 -0.9627694 0 -0.9790074 0.2038248 0 -0.979008 0.2038224 0 -0.2483652 0.9686666 0 -0.2483653 0.9686665 0 -0.7960733 0.6052004 0 -0.7960731 0.6052006 0 0.03548759 0.9993701 0 0.03548747 0.9993701 0 -0.8926466 0.4507573 2.61974e-5 -0.8926465 0.4507573 2.61657e-5 -0.8926465 0.4507573 2.5741e-5 -0.8926459 0.4507586 2.5955e-5 -0.8926459 0.4507586 2.63513e-5 -0.8926459 0.4507586 2.64321e-5 -0.6000775 -0.799942 2.04782e-7 -0.6000775 -0.7999419 0 -0.6000775 -0.799942 0 -0.6000784 -0.7999413 0 -0.6000784 -0.7999413 -2.42148e-7 -0.6000784 -0.7999413 0 0.6891793 -0.7245908 2.90682e-4 0.6891794 -0.7245908 2.90972e-4 0.6891793 -0.7245908 2.91154e-4 0.6891793 -0.724591 2.93253e-4 0.6891793 -0.724591 2.92626e-4 0.6891793 -0.724591 2.91851e-4 0.01563698 -0.9998331 0.009465336 0.01563638 -0.999833 0.009465098 0.01563674 -0.9998331 0.009465217 0.01563781 -0.9998329 0.009465575 0.01563793 -0.999833 0.009465634 0.01563847 -0.999833 0.009465813 0.765315 -0.6436504 -0.002689599 0.7653151 -0.6436503 -0.002689778 0.7653152 -0.6436503 -0.002689898 0.7653152 -0.6436501 -0.002689063 0.7653154 -0.6436501 -0.002689123 0.7653154 -0.6436501 -0.002689182 0.2690751 -0.9631193 1.45553e-6 0.2690751 -0.9631193 1.42344e-6 0.2690751 -0.9631193 1.47347e-6 0.2691675 -0.9630934 1.37076e-6 0.2691675 -0.9630934 1.36133e-6 0.2691675 -0.9630935 1.32358e-6 0.9542314 -0.2990696 6.21619e-5 0.9542314 -0.2990696 6.18233e-5 0.9542314 -0.2990696 6.17589e-5 0.9542315 -0.2990692 6.29099e-5 0.9542315 -0.2990692 6.27912e-5 0.9542315 -0.2990692 6.25493e-5 0.3496161 -0.9368931 -3.80402e-5 0.3496158 -0.9368932 2.34449e-6 0.3496158 -0.9368932 2.59289e-6 0.3496158 -0.9368932 0 0.3496158 -0.9368932 -5.4995e-7 0.3496158 -0.9368932 0 0.5936368 -0.8047332 0 0.5936365 -0.8047334 1.63298e-6 -0.3622205 -0.9320926 0 -0.3622205 -0.9320926 0 -0.3622205 -0.9320926 0 -0.3622192 -0.932093 0 -0.3622192 -0.932093 -1.21948e-7 -0.3622192 -0.932093 0 0.3500654 0.9367254 1.57016e-5 0.3500654 0.9367253 -1.45898e-7 0.3500654 0.9367253 0 0.350067 0.9367248 -8.62433e-6 0.350067 0.9367248 -8.70744e-6 0.350067 0.9367248 -8.61471e-6 -0.5669983 0.823719 -5.21968e-6 -0.5669983 0.823719 -5.63421e-6 -0.5669983 0.823719 -5.24102e-6 -0.5669988 0.8237187 0 -0.5669988 0.8237187 2.45004e-7 -0.5669988 0.8237187 5.11063e-7 -0.9609546 -0.2767063 0 -0.9609532 -0.2767111 0 0.2255394 -0.9742341 0 0.2255394 -0.9742341 0 0.2255394 -0.9742341 0 0.2255407 -0.9742338 0 0.2255407 -0.9742338 -1.88015e-7 0.2255407 -0.9742338 0 -0.428873 -0.9033647 4.40675e-7 -0.428873 -0.9033647 -6.80564e-7 -0.4288731 -0.9033648 2.77806e-5 -0.4288753 -0.9033638 8.5873e-7 -0.4288753 -0.9033638 1.90219e-7 -0.4288753 -0.9033638 -6.41914e-7 0.4929079 -0.8700815 -1.35698e-7 0.4929079 -0.8700816 -1.50176e-7 0.4929079 -0.8700816 0 0.4928658 -0.8701053 0 0.4928658 -0.8701053 0 0.4928658 -0.8701053 -1.40513e-7 -0.6560522 0.7547156 2.91083e-4 -0.6560522 0.7547156 2.91075e-4 -0.6560522 0.7547156 2.9085e-4 -0.6560516 0.754716 2.91221e-4 -0.6560516 0.754716 2.9101e-4 -0.6560516 0.754716 2.91637e-4 -0.9682977 -0.2497993 0 -0.9682977 -0.2497993 0 -0.9682977 -0.2497993 0 -0.9682854 -0.249847 4.59924e-7 -0.9682854 -0.249847 5.1111e-7 -0.9682854 -0.249847 5.49248e-7 -0.7029555 0.7112339 0 -0.7029559 0.7112335 -1.32173e-6 -0.9999743 -0.007176101 -3.39499e-5 -0.9999743 -0.007176101 -3.40262e-5 -0.9999743 -0.00717622 0 -0.9999743 -0.00717771 -3.41218e-5 -0.9999743 -0.00717771 -3.39307e-5 -0.9999743 -0.00717771 -3.42637e-5 -0.5909401 0.8067155 2.33063e-7 -0.5909401 0.8067155 -3.24799e-7 -0.5909401 0.8067155 0 -0.5909413 0.8067146 -2.04967e-6 -0.5909413 0.8067147 -2.02989e-6 -0.5909413 0.8067147 -2.34181e-6 -0.1031494 0.9946659 -3.94799e-6 -0.1031494 0.994666 -3.69968e-6 -0.1031494 0.9946659 -2.01811e-6 -0.1031972 0.994661 -3.64767e-6 -0.1031972 0.994661 -3.78735e-6 -0.1031972 0.9946609 -3.41411e-6 0.5005498 0.8657078 -1.79763e-6 0.5005498 0.8657078 -5.59259e-7 0.5005498 0.8657078 -1.31668e-6 0.500549 0.8657083 1.2163e-7 0.500549 0.8657083 0 0.500549 0.8657083 5.99306e-7 -0.1404554 0.990087 -1.70899e-6 -0.1404554 0.990087 -2.05357e-6 -0.1404554 0.990087 -1.9697e-6 -0.1404554 0.990087 -1.17894e-6 -0.1404554 0.990087 -1.28304e-6 -0.1404554 0.990087 -1.64937e-6 -0.548985 -0.8358323 1.64897e-6 -0.5489852 -0.8358322 1.42406e-6 0.5025524 -0.8645468 2.43816e-6 0.5025524 -0.8645468 2.44343e-6 0.5025524 -0.8645468 2.41534e-6 0.502551 -0.8645476 1.39694e-6 0.502551 -0.8645476 1.36642e-6 0.502551 -0.8645476 1.3713e-6 -0.3661004 -0.9305754 0 -0.3661029 -0.9305744 0 0.307928 -0.9514098 1.83789e-6 0.307928 -0.9514096 2.34367e-6 0.307928 -0.9514096 -2.16317e-7 0.3079276 -0.9514098 1.61328e-6 0.3079276 -0.9514099 1.87725e-6 0.3079276 -0.9514099 1.30478e-6 -0.4164209 -0.9091719 4.96176e-7 -0.4164209 -0.9091719 7.25035e-7 -0.4164209 -0.9091719 0 -0.4164211 -0.9091719 4.05031e-7 -0.4164211 -0.9091719 0 -0.4164211 -0.9091719 4.31202e-7 0.7731744 -0.6341935 1.13761e-6 0.7731744 -0.6341935 1.70665e-6 0.7731744 -0.6341935 1.69991e-6 0.7731753 -0.6341924 1.6763e-6 0.7731753 -0.6341924 2.5488e-6 0.7731753 -0.6341925 2.19839e-6 0.4443611 0.8958477 -2.72374e-6 0.4443612 0.8958479 -2.22167e-6 0.4443611 0.8958477 -2.98178e-6 0.4443615 0.8958476 4.06895e-5 0.4443616 0.8958475 -3.43769e-7 0.4443616 0.8958475 7.52043e-7 -0.1394154 0.990234 -2.11927e-4 -0.1394154 0.990234 -2.11429e-4 -0.1394154 0.990234 -2.11328e-4 -0.1394149 0.9902341 -2.11804e-4 -0.1394149 0.9902341 -2.11784e-4 -0.1394149 0.9902341 -2.11362e-4 0.5364949 0.8439037 -2.62884e-6 0.5364949 0.8439037 -2.56218e-6 0.5364949 0.8439037 -2.75651e-6 0.536495 0.8439035 0 0.536495 0.8439035 -1.20581e-7 0.5364951 0.8439035 1.27242e-7 0.6169449 -0.7870064 2.03357e-6 0.6169487 -0.7870033 -1.10894e-5 -0.3722059 -0.9281502 -9.31773e-5 -0.3722062 -0.9281501 -2.59599e-5 -0.3722062 -0.9281501 -2.69214e-5 -0.3722028 -0.9281514 2.7934e-6 -0.3722028 -0.9281514 3.16054e-6 -0.3722028 -0.9281514 2.72808e-6 0.9998908 0.0147798 -5.59248e-5 0.9998908 0.0147798 -5.60996e-5 0.9998908 0.01477998 0 0.9998909 0.01478028 -5.62368e-5 0.9998909 0.01478028 -5.61035e-5 0.9998909 0.01478028 -5.66379e-5 0.6101961 0.7922504 1.99236e-7 0.5435774 0.8393591 1.53861e-6 0.6101961 0.7922504 0 0.5435333 0.8393876 0 0.4810343 0.8767018 -1.81016e-6 0.4810343 0.8767018 -4.92379e-6 -0.3701958 -0.9289538 2.66824e-7 -0.3701958 -0.9289538 -1.6816e-7 -0.3701958 -0.9289538 0 -0.8792877 -0.398321 -0.261139 -0.8894292 -0.4570627 -0.003091156 -0.9703751 -0.0836749 -0.2266507 -0.999564 -0.02952939 0 0.05244696 0.9986237 0 0.05245512 0.9986233 -3.92577e-5 -0.5395448 0.5967984 -0.593905 -0.04349243 0.7249416 -0.6874359 -0.6993097 0.2708376 -0.6615232 -0.1528006 0.560575 -0.8138844 -0.8916364 0.359678 -0.2749842 -0.4578155 -0.05028998 -0.8876238 -0.4708987 -0.01756304 -0.8820125 0.1012771 0.9676629 -0.2310225 0.1582605 0.7382209 -0.6557313 0.7672683 0.6412878 0.007037341 0.7672678 0.6412883 0.007036924 0.7672677 0.6412885 0.007036805 0.7923351 0.5597563 -0.2426481 0.7923347 0.5597569 -0.242648 0.7923386 0.5597522 -0.2426463 0.7728443 0.6345567 0.007044911 0.7728441 0.634557 0.007044911 0.7728443 0.6345567 0.007044911 0.04073661 0.9991699 -1.48744e-6 0.04073661 0.99917 -2.05217e-6 0.04073667 0.99917 -1.38513e-6 0.04068881 0.9991719 -4.06773e-6 0.04068881 0.9991719 -1.89405e-6 0.04068881 0.9991719 -3.34205e-6 0.9674128 0.2532045 -4.90746e-7 0.9674128 0.2532045 -5.50965e-7 0.9674128 0.2532045 -4.55206e-7 0.9674029 0.2532421 -4.31719e-7 0.967403 0.2532421 -5.06e-7 0.9674029 0.2532421 -4.66447e-7 0.5146283 -0.8574134 1.61086e-6 0.5146768 -0.8573844 4.21198e-5 0.5146408 -0.8574059 2.84758e-6 -0.156495 -0.9876788 0 -0.1564947 -0.9876788 2.50339e-6 -0.6185512 -0.7857446 -9.16755e-5 -0.6185512 -0.7857445 -9.16743e-5 -0.6185512 -0.7857446 -9.16201e-5 -0.6184763 -0.7858036 -9.84864e-5 -0.6184763 -0.7858036 -9.84845e-5 -0.6184763 -0.7858036 -9.85461e-5 -0.3701922 -0.9289553 -8.61893e-6 -0.3701922 -0.9289553 -8.62125e-6 -0.3701922 -0.9289553 -8.96165e-6 -0.3701623 -0.9289672 -7.38881e-5 -0.3701623 -0.9289672 -7.33885e-5 -0.3701623 -0.9289672 -7.42874e-5 -0.3702544 -0.9289305 -5.06174e-7 -0.3702544 -0.9289304 0 -0.3702544 -0.9289305 5.54824e-7 0.05244803 0.9986237 0 0.05244803 0.9986237 0 -0.914536 0.4045045 0 0.03179061 0.9774462 -0.2087783 -0.1697356 0.4500091 -0.8767451 0.1285872 0.7670999 -0.6285086 -0.07652997 0.7033082 -0.7067537 -0.0265389 0.9996033 0.009430825 -0.02653884 0.9996033 0.009430825 -0.02653926 0.9996033 0.009430706 -0.0265699 0.9996008 0.00961709 -0.02656948 0.9996008 0.009617209 -0.02656906 0.9996007 0.009617328 -0.6854489 0.165704 -0.7090148 -0.5398451 0.5656629 -0.6233721 -0.8867775 0.3790157 -0.2645237 -0.9688184 -0.1178488 -0.2179512 -0.1919772 0.05343115 -0.9799438 -0.8166159 -0.5090118 -0.2721134 -0.3457315 -0.1595759 -0.924665 -0.9915223 0.1299365 2.43232e-4 -0.904716 0.4260152 3.75934e-4 -0.8394629 -0.543403 -0.003923416 -0.3856991 -0.9226247 -1.94018e-6 -0.3856991 -0.9226247 -1.42003e-6 -0.3856991 -0.9226247 -1.19942e-6 -0.7807006 -0.6249052 0 -0.7807006 -0.6249053 3.26755e-6 -0.7807006 -0.6249052 3.21682e-6 -0.7807012 -0.6249046 3.15492e-6 -0.7807011 -0.6249047 3.03735e-6 -0.7807012 -0.6249046 2.93204e-6 0.1243398 -0.9922397 1.96509e-7 0.1243398 -0.9922397 2.09315e-7 0.1243398 -0.9922398 -1.4928e-7 0.1243402 -0.9922397 2.22552e-6 0.1243402 -0.9922397 2.2477e-6 0.1243402 -0.9922397 1.98907e-6 0.6627806 0.7486976 0.0131849 0.6627799 0.7486983 0.01318413 0.6627796 0.7486985 0.01318389 0.672459 0.7399296 -0.01741045 0.6724589 0.7399297 -0.01741033 0.6724589 0.7399297 -0.01741021 0.780778 0.6248086 -5.66477e-7 0.780778 0.6248086 3.27826e-7 0.780778 0.6248086 1.87102e-7 -0.02653938 0.9996033 0.009437739 -0.02653831 0.9996033 0.009437978 -0.02653926 0.9996033 0.009437739 -0.02654004 0.9996033 0.009437561 -0.02653974 0.9996033 0.00943768 -0.02653944 0.9996033 0.009437739 -0.3857147 -0.9226182 -4.72617e-7 -0.3857147 -0.9226182 -3.00175e-7 -0.3857147 -0.9226182 -5.68107e-7 -0.385633 -0.9226523 -2.59515e-5 -0.3856329 -0.9226523 -2.64226e-5 -0.385633 -0.9226523 -2.61867e-5 0.1984277 0.1806248 -0.9633282 0.1896872 -0.06737411 -0.9795302 0.2476118 0.1683806 -0.9541155 0.1078963 -0.1773024 -0.9782241 0.1497656 0.1961802 -0.9690634 0.1957389 0.2239674 -0.9547381 0.1509633 0.1963805 -0.9688369 0.1737841 0.774203 -0.6086123 0.1737855 0.774203 -0.6086118 0.1737832 0.7742028 -0.6086127 0.2023965 0.7063551 -0.6783053 0.202397 0.7063551 -0.6783052 0.2023954 0.706355 -0.6783057 0.5897021 0.5061726 -0.6293178 0.5897044 0.5061709 -0.629317 0.5897033 0.5061717 -0.6293174 0.6229003 0.7313852 -0.2776166 0.622902 0.731384 -0.277616 0.6228882 0.7313938 -0.277621 0.6102705 0.7921187 -0.0108577 0.6102704 0.7921188 -0.01085758 0.6102705 0.7921187 -0.01085764 0.60448 0.7966204 -9.64852e-5 0.60448 0.7966204 -9.67519e-5 0.60448 0.7966204 -9.5998e-5 0.1080525 0.9940767 0.01167666 0.1080517 0.9940767 0.01167619 0.1080521 0.9940767 0.01167643 0.1375653 0.9897126 -0.03930437 0.1375654 0.9897126 -0.03930437 0.1375645 0.9897127 -0.03930485 0.1784214 0.2753753 -0.9446345 0.2540954 0.1291124 -0.9585226 0.2267372 0.2468967 -0.9421425 0.2398638 0.09009563 -0.9666169 0.06990802 0.3055174 -0.9496169 0.06990689 0.3055155 -0.9496175 0.0699079 0.3055173 -0.9496169 0.1162404 0.2795608 -0.9530655 0.1162404 0.2795609 -0.9530656 0.1162402 0.2795605 -0.9530656 0.170359 0.2008669 -0.9646919 0.153428 0.2571732 -0.9541078 0.1303021 0.2907829 -0.9478749 -0.00183618 0.6848543 -0.7286777 -0.2384894 0.7540464 -0.6119941 -0.4723789 0.869907 -0.1418451 -0.4225213 0.8815816 -0.210451 0.4559082 0.6443599 -0.6139611 0.4559094 0.6443594 -0.6139607 0.4559087 0.6443597 -0.6139609 0.4612908 0.6931781 -0.5538187 0.4612918 0.6931775 -0.5538184 0.4612895 0.6931786 -0.5538191 0.05032444 0.7358694 -0.6752509 0.05032163 0.7358685 -0.675252 0.05032718 0.7358702 -0.6752498 -0.03608262 0.8406297 -0.540407 -0.03607642 0.8406316 -0.5404044 -0.03607767 0.8406314 -0.540405 0.4670512 0.8842303 -1.24025e-6 0.467051 0.8842305 -2.02512e-6 -0.6793909 0.7336673 0.01266658 -0.770357 0.6352304 -0.05506736 -0.1164143 0.9932008 -3.15256e-6 -0.1164125 0.993201 4.58453e-6 0.48441 -0.8748412 4.44775e-7 0.4844099 -0.8748412 -5.70435e-7 0.4844099 -0.8748412 0 0.4844099 -0.8748412 7.34057e-7 0.4844099 -0.8748412 0 0.4844099 -0.8748412 -1.55997e-7 -0.9683052 0.24977 -1.03798e-5 -0.9683021 0.2497822 -5.55609e-7 -0.3483138 0.9373781 1.66542e-4 -0.3483138 0.9373781 1.6698e-4 -0.3483138 0.9373781 1.66761e-4 -0.3483166 0.937377 1.59406e-4 -0.3483165 0.937377 1.5962e-4 -0.3483165 0.937377 1.59049e-4 0.9756758 -0.2192062 0.002324342 0.9756758 -0.2192062 0.002324223 0.9756758 -0.2192063 0.002324938 0.9756756 -0.219207 0.002325475 0.9756757 -0.2192069 0.002325177 0.9756756 -0.219207 0.002325534 -0.01253253 0.13216 -0.9911492 -0.01253139 0.1321612 -0.9911491 -0.01253211 0.1321604 -0.9911492 -0.06991916 0.1947955 -0.9783487 -0.06991869 0.1947959 -0.9783486 -0.06991988 0.1947949 -0.9783487 0.3062801 -0.9519414 2.12483e-6 0.3062801 -0.9519414 2.32924e-6 0.3062801 -0.9519414 1.64247e-6 0.3062805 -0.9519414 3.79304e-6 0.3062805 -0.9519414 2.01155e-6 0.3062805 -0.9519414 3.13716e-6 0.9838833 -0.1788118 2.88016e-7 0.9838833 -0.1788119 0 0.8473034 -0.5310382 0.008697926 0.847297 -0.5310477 0.008735299 -0.7824124 0.6225154 0.01747763 -0.7824122 0.6225156 0.01747733 -0.7824126 0.6225152 0.01747804 -0.782394 0.6225405 0.01741302 -0.7823938 0.6225408 0.01741254 -0.7823932 0.6225416 0.01741135 0.002256929 0.00667572 0.9999752 0.002257585 0.006675481 0.9999752 0.002257764 0.006675422 0.9999752 0.002257108 0.006675601 0.9999753 0.002257466 0.006675481 0.9999753 0.002257287 0.006675541 0.9999753 -0.8458033 0.5332284 0.01686555 -0.8458031 0.5332286 0.01686543 -0.8458029 0.5332289 0.01686531 -0.8458011 0.5332311 0.0168913 -0.8458009 0.5332313 0.01689112 -0.8458009 0.5332314 0.01689112 0.7834436 -0.6212159 0.0175203 0.7834436 -0.6212159 0.01752024 0.7834439 -0.6212155 0.01752096 0.7834333 -0.6212328 0.01738005 0.7834334 -0.6212328 0.01738011 0.7834332 -0.621233 0.01737976 0.002256929 0.00667572 0.9999753 0.002253234 0.006676971 0.9999753 0.002257227 0.006675601 0.9999753 0.002257525 0.006675422 0.9999753 0.002256631 0.00667572 0.9999753 0.002253413 0.006676793 0.9999753</float_array>
          <technique_common>
            <accessor source="#_1_geo_id-mesh-normals-array" count="3935" stride="3">
              <param name="X" type="float"/>
              <param name="Y" type="float"/>
              <param name="Z" type="float"/>
            </accessor>
          </technique_common>
        </source>
        <source id="_1_geo_id-mesh-map-0">
          <float_array id="_1_geo_id-mesh-map-0-array" count="13416">0.751274 0.670057 0.693894 0.693894 0.465751 0.40184 0.693894 0.693894 0.426032 0.310854 0.465751 0.40184 0.426032 0.310854 0.212469 0.4375 0.465751 0.40184 0.212469 0.4375 0.666667 0.395168 0.465751 0.40184 0.465751 0.40184 0.666667 0.395168 0.5 0.891946 0.349917 0.666667 0.666667 0.686272 0.133844 0.5 0.627706 0.920126 0.693894 0.693894 0.751274 0.670057 0.751274 0.670057 0.501188 0.08192837 0.627706 0.920126 0.501188 0.08192837 0.123284 0.548016 0.627706 0.920126 0.803476 0.803475 0.123284 0.548016 0.501188 0.08192837 0.115048 0 0.400598 0.694591 0.5 0 0.400598 0.694591 0.716662 0.369733 0.5 0 0.5 0 0.716662 0.369733 0.5 0.613168 0.742313 0 0.5 0 0.627812 0.111355 0.5 0 0.5 0.613168 0.627812 0.111355 0.484627 0 0.742313 0 0.757268 0.353077 0.742313 0 0.627812 0.111355 0.757268 0.353077 0.484627 0 0.757268 0.353077 0.242313 0 0.757268 0.353077 0.629836 0.547383 0.242313 0 0.627812 0.111355 0.5 0.613168 0.839782 0.706994 0.5 0.613168 0.5 0.891946 0.839782 0.706994 0.757268 0.353077 0.627812 0.111355 0.50727 0.414851 0.627812 0.111355 0.839782 0.706994 0.50727 0.414851 0.757268 0.353077 0.50727 0.414851 0.629836 0.547383 0.50727 0.414851 0.1491129 0.811311 0.629836 0.547383 0.531479 0.239252 0.1491129 0.811311 0.50727 0.414851 0.666667 0.686272 0.349917 0.666667 0.843826 0.705235 0.349917 0.666667 0.843826 1 0.843826 0.705235 0.666667 0.395168 0.843826 0.41047 0.5 0.891946 0.843826 0.41047 0.839782 0.706994 0.5 0.891946 0.843826 0.41047 0.580164 0.41047 0.839782 0.706994 0.580164 0.41047 0.581682 0.333137 0.839782 0.706994 0.839782 0.706994 0.581682 0.333137 0.50727 0.414851 0.581682 0.333137 0.531479 0.239252 0.50727 0.414851 0.666667 0.395168 0.666667 0.686272 0.843826 0.41047 0.666667 0.686272 0.843826 0.705235 0.843826 0.41047 0.574468 0.705235 0.580164 0.41047 0.843826 0.705235 0.580164 0.41047 0.843826 0.41047 0.843826 0.705235 0.843826 1 0.568952 1 0.843826 0.705235 0.568952 1 0.574468 0.705235 0.843826 0.705235 0.400598 0.694591 0.803476 0.803475 0.716662 0.369733 0.803476 0.803475 0.501188 0.08192837 0.716662 0.369733 0.666667 0.686272 0.666667 0.395168 0.133844 0.5 0.666667 0.395168 0.212469 0.4375 0.133844 0.5 0.133844 0.5 0.55168 0.407904 0.349917 0.666667 0.55168 0.407904 0.523263 0.283728 0.349917 0.666667 0.523263 0.283728 0.55168 0.407904 0.750053 0.37526 0.751274 0.670057 0.693894 0.693894 0.465751 0.40184 0.693894 0.693894 0.426032 0.310854 0.465751 0.40184 0.426032 0.310854 0.212469 0.4375 0.465751 0.40184 0.212469 0.4375 0.666667 0.395168 0.465751 0.40184 0.465751 0.40184 0.666667 0.395168 0.5 0.891946 0.349917 0.666667 0.666667 0.686272 0.133844 0.5 0.627706 0.920126 0.693894 0.693894 0.751274 0.670057 0.751274 0.670057 0.501188 0.08192837 0.627706 0.920126 0.501188 0.08192837 0.123284 0.548016 0.627706 0.920126 0.803476 0.803475 0.123284 0.548016 0.501188 0.08192837 0.115048 0 0.400598 0.694591 0.5 0 0.400598 0.694591 0.716662 0.369733 0.5 0 0.5 0 0.716662 0.369733 0.5 0.613168 0.742313 0 0.5 0 0.627812 0.111355 0.5 0 0.5 0.613168 0.627812 0.111355 0.484627 0 0.742313 0 0.757268 0.353077 0.742313 0 0.627812 0.111355 0.757268 0.353077 0.484627 0 0.757268 0.353077 0.242313 0 0.757268 0.353077 0.629836 0.547383 0.242313 0 0.627812 0.111355 0.5 0.613168 0.839782 0.706994 0.5 0.613168 0.5 0.891946 0.839782 0.706994 0.757268 0.353077 0.627812 0.111355 0.50727 0.414851 0.627812 0.111355 0.839782 0.706994 0.50727 0.414851 0.757268 0.353077 0.50727 0.414851 0.629836 0.547383 0.50727 0.414851 0.1491129 0.811311 0.629836 0.547383 0.531479 0.239252 0.1491129 0.811311 0.50727 0.414851 0.666667 0.686272 0.349917 0.666667 0.843826 0.705235 0.349917 0.666667 0.843826 1 0.843826 0.705235 0.666667 0.395168 0.843826 0.41047 0.5 0.891946 0.843826 0.41047 0.839782 0.706994 0.5 0.891946 0.843826 0.41047 0.580164 0.41047 0.839782 0.706994 0.580164 0.41047 0.581682 0.333137 0.839782 0.706994 0.839782 0.706994 0.581682 0.333137 0.50727 0.414851 0.581682 0.333137 0.531479 0.239252 0.50727 0.414851 0.666667 0.395168 0.666667 0.686272 0.843826 0.41047 0.666667 0.686272 0.843826 0.705235 0.843826 0.41047 0.574468 0.705235 0.580164 0.41047 0.843826 0.705235 0.580164 0.41047 0.843826 0.41047 0.843826 0.705235 0.843826 1 0.568952 1 0.843826 0.705235 0.568952 1 0.574468 0.705235 0.843826 0.705235 0.400598 0.694591 0.803476 0.803475 0.716662 0.369733 0.803476 0.803475 0.501188 0.08192837 0.716662 0.369733 0.666667 0.686272 0.666667 0.395168 0.133844 0.5 0.666667 0.395168 0.212469 0.4375 0.133844 0.5 0.133844 0.5 0.55168 0.407904 0.349917 0.666667 0.55168 0.407904 0.523263 0.283728 0.349917 0.666667 0.523263 0.283728 0.55168 0.407904 0.750053 0.37526 0.8750001 0.4375 0.333333 0.666667 0.159025 0.59464 0.333333 0.666667 0.849566 0 0.159025 0.59464 0.430074 0.315539 0.393126 0.48903 0.488846 0.325752 0.393126 0.48903 0.761674 0.23903 0.488846 0.325752 0.595466 0.451804 0.75 0.25 0.393126 0.48903 0.75 0.25 0.761674 0.23903 0.393126 0.48903 0.51748 0.612992 0.647219 0.61612 0.752693 0.650286 0.647219 0.61612 0.398188 0.594823 0.752693 0.650286 0.752693 0.650286 0.398188 0.594823 0.8750001 0.4375 0.398188 0.594823 0.459656 0.395645 0.8750001 0.4375 0.415637 0.333333 0.333333 0.666667 0.8750001 0.4375 0.752693 0.650286 0.8750001 0.4375 0.159025 0.59464 0.125 0.313413 0.243508 0.216763 0.320718 0.309898 0 0.5 0.125 0.313413 0.124646 0.790143 0.159025 0.59464 0.363614 0.152469 0.499239 0.51845 0.363614 0.152469 0.430074 0.315539 0.499239 0.51845 0.363614 0.152469 0.159025 0.59464 0.584571 0.285452 0.159025 0.59464 0.753665 0.5 0.584571 0.285452 0.159025 0.59464 0.849566 0 0.753665 0.5 0.499239 0.51845 0.51748 0.612992 0.159025 0.59464 0.273213 0.2813 0.125 0.313413 0.320718 0.309898 0.124646 0.790143 0.125 0.313413 0.608404 0.352863 0.608404 0.352863 0.125 0.313413 0.595466 0.451804 0.125 0.313413 0.273213 0.2813 0.595466 0.451804 0.302859 0.76971 0.430074 0.315539 0.124646 0.790143 0.608404 0.352863 0.595466 0.451804 0.124646 0.790143 0.595466 0.451804 0.302859 0.76971 0.124646 0.790143 0.51748 0.612992 0.499239 0.51845 0.647219 0.61612 0.499239 0.51845 0.785359 0.540609 0.647219 0.61612 0.430074 0.315539 0.488846 0.325752 0.499239 0.51845 0.488846 0.325752 0.785359 0.540609 0.499239 0.51845 0 0.5 0.363614 0.152469 0.49326 0.5 0.363614 0.152469 0.550509 0.180523 0.49326 0.5 0.550509 0.180523 0.363614 0.152469 0.584571 0.285452 0.125 0.313413 0 0.5 0.2463279 0.250077 0 0.5 0.49326 0.5 0.2463279 0.250077 0.243508 0.216763 0.725583 0.591508 0.320718 0.309898 0.725583 0.591508 0.518659 0.538788 0.320718 0.309898 0.273213 0.2813 0.320718 0.309898 0.754216 0.255862 0.320718 0.309898 0.518659 0.538788 0.754216 0.255862 0.273213 0.2813 0.754216 0.255862 0.595466 0.451804 0.754216 0.255862 0.75 0.25 0.595466 0.451804 0.430074 0.315539 0.363614 0.152469 0.124646 0.790143 0.363614 0.152469 0 0.5 0.124646 0.790143 0.537057 0.2417269 0.725583 0.591508 0.243508 0.216763 0.2463279 0.250077 0.537057 0.2417269 0.125 0.313413 0.537057 0.2417269 0.243508 0.216763 0.125 0.313413 0.725583 0.591508 0.537057 0.2417269 0.549501 0.820378 0.537057 0.2417269 0.468765 0.809274 0.549501 0.820378 0.549501 0.820378 0.468765 0.809274 0.711666 0.615982 0.159025 0.59464 0.51748 0.612992 0.752693 0.650286 0.754216 0.255862 0.518659 0.538788 0.506443 0.933013 0.518659 0.538788 0.756028 0.872048 0.506443 0.933013 0.518659 0.538788 0.725583 0.591508 0.756028 0.872048 0.725583 0.591508 0.549501 0.820378 0.756028 0.872048 0.75 0.25 0.754216 0.255862 0.753397 0.763508 0.754216 0.255862 0.506443 0.933013 0.753397 0.763508 0.761674 0.23903 0.75 0.25 0.630837 0.553702 0.75 0.25 0.753397 0.763508 0.630837 0.553702 0.488846 0.325752 0.761674 0.23903 0.442012 0.577089 0.761674 0.23903 0.630837 0.553702 0.442012 0.577089 0.902844 0.439234 0.647219 0.61612 0.448832 0.574068 0.647219 0.61612 0.785359 0.540609 0.448832 0.574068 0.488846 0.325752 0.442012 0.577089 0.785359 0.540609 0.442012 0.577089 0.448832 0.574068 0.785359 0.540609 0.397119 0.394958 0.815762 0.498443 0.579426 0.344977 0.815762 0.498443 0.459656 0.395645 0.579426 0.344977 0.579426 0.344977 0.459656 0.395645 0.398188 0.594823 0.398188 0.594823 0.647219 0.61612 0.579426 0.344977 0.647219 0.61612 0.902844 0.439234 0.579426 0.344977 0.756028 0.872048 0.549501 0.820378 0.782136 0.14464 0.753397 0.763508 0.506443 0.933013 0.45454 0.03188639 0.506443 0.933013 0.622142 0.04622888 0.45454 0.03188639 0.399161 0.508593 0.35851 0.839631 0.902844 0.439234 0.35851 0.839631 0.579426 0.344977 0.902844 0.439234 0.35851 0.839631 0 1 0.579426 0.344977 0 1 0.397119 0.394958 0.579426 0.344977 0.415637 0.333333 0.459656 0.395645 0.499817 1 0.459656 0.395645 0.815762 0.498443 0.499817 1 0.333333 0.666667 0.415637 0.333333 0.749817 0 0.415637 0.333333 0.499817 1 0.749817 0 0.756028 0.872048 0.782136 0.14464 0.506443 0.933013 0.782136 0.14464 0.622142 0.04622888 0.506443 0.933013 0.697302 0.475476 0.420803 0.31522 0.462215 0.261599 0.438279 0.09751838 0.611079 0.351872 0.45454 0.03188639 0.611079 0.351872 0.462215 0.261599 0.45454 0.03188639 0.549501 0.820378 0.711666 0.615982 0.782136 0.14464 0.711666 0.615982 0.622142 0.04622888 0.782136 0.14464 0.646046 0.1258929 0.45454 0.03188639 0.711666 0.615982 0.711666 0.615982 0.552387 0.2441 0.618387 0.129938 0.711666 0.615982 0.439269 0.997551 0.552387 0.2441 0.646046 0.1258929 0.618387 0.129938 0.438279 0.09751838 0.618387 0.129938 0.611079 0.351872 0.438279 0.09751838 0.45454 0.03188639 0.646046 0.1258929 0.438279 0.09751838 0.697302 0.475476 0.611079 0.351872 0.552387 0.2441 0.611079 0.351872 0.618387 0.129938 0.552387 0.2441 0.462215 0.261599 0.611079 0.351872 0.697302 0.475476 0.420803 0.31522 0.697302 0.475476 0.552387 0.2441 0.45454 0.03188639 0.622142 0.04622888 0.711666 0.615982 0.420803 0.31522 0.408369 0.866233 0.623047 0.288744 0.420803 0.31522 0.439269 0.997551 0.408369 0.866233 0.552387 0.2441 0.439269 0.997551 0.420803 0.31522 0.711666 0.615982 0.618387 0.129938 0.646046 0.1258929 0.448832 0.574068 0.457159 0.428409 0.902844 0.439234 0.457159 0.428409 0.399161 0.508593 0.902844 0.439234 0.600749 0.533723 0.399161 0.508593 0.457159 0.428409 0.600749 0.533723 0.35851 0.839631 0.399161 0.508593 0.420803 0.31522 0.457159 0.428409 0.442012 0.577089 0.457159 0.428409 0.448832 0.574068 0.442012 0.577089 0.45454 0.03188639 0.462215 0.261599 0.753397 0.763508 0.462215 0.261599 0.630837 0.553702 0.753397 0.763508 0.462215 0.261599 0.420803 0.31522 0.630837 0.553702 0.420803 0.31522 0.442012 0.577089 0.630837 0.553702 0.623047 0.288744 0.992534 0 0.457159 0.428409 0.992534 0 0.600749 0.533723 0.457159 0.428409 0.420803 0.31522 0.623047 0.288744 0.457159 0.428409 0.415637 0.333333 0.8750001 0.4375 0.459656 0.395645 0.8750001 0.4375 0.333333 0.666667 0.159025 0.59464 0.333333 0.666667 0.849566 0 0.159025 0.59464 0.430074 0.315539 0.393126 0.48903 0.488846 0.325752 0.393126 0.48903 0.761674 0.23903 0.488846 0.325752 0.595466 0.451804 0.75 0.25 0.393126 0.48903 0.75 0.25 0.761674 0.23903 0.393126 0.48903 0.51748 0.612992 0.647219 0.61612 0.752693 0.650286 0.647219 0.61612 0.398188 0.594823 0.752693 0.650286 0.752693 0.650286 0.398188 0.594823 0.8750001 0.4375 0.398188 0.594823 0.459656 0.395645 0.8750001 0.4375 0.415637 0.333333 0.333333 0.666667 0.8750001 0.4375 0.752693 0.650286 0.8750001 0.4375 0.159025 0.59464 0.125 0.313413 0.243508 0.216763 0.320718 0.309898 0 0.5 0.125 0.313413 0.124646 0.790143 0.159025 0.59464 0.363614 0.152469 0.499239 0.51845 0.363614 0.152469 0.430074 0.315539 0.499239 0.51845 0.363614 0.152469 0.159025 0.59464 0.584571 0.285452 0.159025 0.59464 0.753665 0.5 0.584571 0.285452 0.159025 0.59464 0.849566 0 0.753665 0.5 0.499239 0.51845 0.51748 0.612992 0.159025 0.59464 0.273213 0.2813 0.125 0.313413 0.320718 0.309898 0.124646 0.790143 0.125 0.313413 0.608404 0.352863 0.608404 0.352863 0.125 0.313413 0.595466 0.451804 0.125 0.313413 0.273213 0.2813 0.595466 0.451804 0.302859 0.76971 0.430074 0.315539 0.124646 0.790143 0.608404 0.352863 0.595466 0.451804 0.124646 0.790143 0.595466 0.451804 0.302859 0.76971 0.124646 0.790143 0.51748 0.612992 0.499239 0.51845 0.647219 0.61612 0.499239 0.51845 0.785359 0.540609 0.647219 0.61612 0.430074 0.315539 0.488846 0.325752 0.499239 0.51845 0.488846 0.325752 0.785359 0.540609 0.499239 0.51845 0 0.5 0.363614 0.152469 0.49326 0.5 0.363614 0.152469 0.550509 0.180523 0.49326 0.5 0.550509 0.180523 0.363614 0.152469 0.584571 0.285452 0.125 0.313413 0 0.5 0.2463279 0.250077 0 0.5 0.49326 0.5 0.2463279 0.250077 0.243508 0.216763 0.725583 0.591508 0.320718 0.309898 0.725583 0.591508 0.518659 0.538788 0.320718 0.309898 0.273213 0.2813 0.320718 0.309898 0.754216 0.255862 0.320718 0.309898 0.518659 0.538788 0.754216 0.255862 0.273213 0.2813 0.754216 0.255862 0.595466 0.451804 0.754216 0.255862 0.75 0.25 0.595466 0.451804 0.430074 0.315539 0.363614 0.152469 0.124646 0.790143 0.363614 0.152469 0 0.5 0.124646 0.790143 0.525266 0.431295 0.725583 0.591508 0.243508 0.216763 0.2463279 0.250077 0.525266 0.431295 0.125 0.313413 0.525266 0.431295 0.243508 0.216763 0.125 0.313413 0.725583 0.591508 0.525266 0.431295 0.549501 0.820378 0.525266 0.431295 0.482396 0.457837 0.549501 0.820378 0.549501 0.820378 0.482396 0.457837 0.595143 0.558767 0.159025 0.59464 0.51748 0.612992 0.752693 0.650286 0.754216 0.255862 0.518659 0.538788 0.506443 0.933013 0.518659 0.538788 0.756028 0.872048 0.506443 0.933013 0.518659 0.538788 0.725583 0.591508 0.756028 0.872048 0.725583 0.591508 0.549501 0.820378 0.756028 0.872048 0.75 0.25 0.754216 0.255862 0.753397 0.763508 0.754216 0.255862 0.506443 0.933013 0.753397 0.763508 0.761674 0.23903 0.75 0.25 0.630837 0.553702 0.75 0.25 0.753397 0.763508 0.630837 0.553702 0.488846 0.325752 0.761674 0.23903 0.442012 0.577089 0.761674 0.23903 0.630837 0.553702 0.442012 0.577089 0.902844 0.439234 0.647219 0.61612 0.448832 0.574068 0.647219 0.61612 0.785359 0.540609 0.448832 0.574068 0.488846 0.325752 0.442012 0.577089 0.785359 0.540609 0.442012 0.577089 0.448832 0.574068 0.785359 0.540609 0.397119 0.394958 0.815762 0.498443 0.579426 0.344977 0.815762 0.498443 0.459656 0.395645 0.579426 0.344977 0.579426 0.344977 0.459656 0.395645 0.398188 0.594823 0.398188 0.594823 0.647219 0.61612 0.579426 0.344977 0.647219 0.61612 0.902844 0.439234 0.579426 0.344977 0.756028 0.872048 0.549501 0.820378 0.782136 0.14464 0.753397 0.763508 0.506443 0.933013 0.45454 0.03188639 0.506443 0.933013 0.622142 0.04622888 0.45454 0.03188639 0.399161 0.508593 0.35851 0.839631 0.902844 0.439234 0.35851 0.839631 0.579426 0.344977 0.902844 0.439234 0.35851 0.839631 0 1 0.579426 0.344977 0 1 0.397119 0.394958 0.579426 0.344977 0.415637 0.333333 0.459656 0.395645 0.499817 1 0.459656 0.395645 0.815762 0.498443 0.499817 1 0.333333 0.666667 0.415637 0.333333 0.749817 0 0.415637 0.333333 0.499817 1 0.749817 0 0.756028 0.872048 0.782136 0.14464 0.506443 0.933013 0.782136 0.14464 0.622142 0.04622888 0.506443 0.933013 0.697302 0.475476 0.420803 0.31522 0.462215 0.261599 0.438279 0.09751838 0.611079 0.351872 0.45454 0.03188639 0.611079 0.351872 0.462215 0.261599 0.45454 0.03188639 0.549501 0.820378 0.595143 0.558767 0.782136 0.14464 0.595143 0.558767 0.622142 0.04622888 0.782136 0.14464 0.646046 0.1258929 0.45454 0.03188639 0.595143 0.558767 0.595143 0.558767 0.552387 0.2441 0.618387 0.129938 0.595143 0.558767 0.439269 0.997551 0.552387 0.2441 0.646046 0.1258929 0.618387 0.129938 0.438279 0.09751838 0.618387 0.129938 0.611079 0.351872 0.438279 0.09751838 0.45454 0.03188639 0.646046 0.1258929 0.438279 0.09751838 0.697302 0.475476 0.611079 0.351872 0.552387 0.2441 0.611079 0.351872 0.618387 0.129938 0.552387 0.2441 0.462215 0.261599 0.611079 0.351872 0.697302 0.475476 0.420803 0.31522 0.697302 0.475476 0.552387 0.2441 0.45454 0.03188639 0.622142 0.04622888 0.595143 0.558767 0.420803 0.31522 0.408369 0.866233 0.623047 0.288744 0.420803 0.31522 0.439269 0.997551 0.408369 0.866233 0.552387 0.2441 0.439269 0.997551 0.420803 0.31522 0.595143 0.558767 0.618387 0.129938 0.646046 0.1258929 0.448832 0.574068 0.457159 0.428409 0.902844 0.439234 0.457159 0.428409 0.399161 0.508593 0.902844 0.439234 0.600749 0.533723 0.399161 0.508593 0.457159 0.428409 0.600749 0.533723 0.35851 0.839631 0.399161 0.508593 0.420803 0.31522 0.457159 0.428409 0.442012 0.577089 0.457159 0.428409 0.448832 0.574068 0.442012 0.577089 0.45454 0.03188639 0.462215 0.261599 0.753397 0.763508 0.462215 0.261599 0.630837 0.553702 0.753397 0.763508 0.462215 0.261599 0.420803 0.31522 0.630837 0.553702 0.420803 0.31522 0.442012 0.577089 0.630837 0.553702 0.623047 0.288744 0.992534 0 0.457159 0.428409 0.992534 0 0.600749 0.533723 0.457159 0.428409 0.420803 0.31522 0.623047 0.288744 0.457159 0.428409 0.415637 0.333333 0.8750001 0.4375 0.459656 0.395645 0.5 1 0.25 0.250192 1 1 0.25 0.250192 0.5 0.559965 1 1 0.5 0.559965 0.25 0.250192 1 0.616308 0.25 0.250192 1 0.5 1 0.616308 0 0.255866 0.06042158 0.5 1 0.5 0.06042158 0.5 1 0.616308 1 0.5 0.06042158 0.5 0 0.255866 0.5 1 0 0.255866 0.06016099 0.5 0.5 1 0.191735 0.251278 1 0.5 0.25 0.250192 0.486421 0.791158 0.191735 0.251278 0.5 1 0.191735 0.251278 0.25 0.250192 0.5 1 0.191735 0.251278 0.486421 0.791158 0.533883 0.820231 0.191735 0.251278 0.533883 0.820231 0 0.255866 0.533883 0.820231 0.06016099 0.5 0 0.255866 0.191735 0.251278 0 0.255866 1 0.5 0.5 0.951446 0.5 0.5 0.887908 0.72494 0.5 0.5 0.775817 0.5 0.887908 0.72494 0.536056 0.75 0.5 0.5 0.268028 0.699238 0.5 0.5 0.5 0.951446 0.268028 0.699238 0.268028 0.699238 0.5 0.951322 0.536056 0.75 0.5 0.951322 0.5 0.75 0.536056 0.75 0.5 0.951322 0.25 0.712112 0.5 0.75 0.25 0.712112 0.5 0.625 0.5 0.75 0.512346 0.5 0.5 0.625 0.2136009 0.906807 0.5 0.625 0.25 0.712112 0.2136009 0.906807 0.74982 0.655864 0.5 0.537925 0.594447 0.932842 0.5 0.537925 0.254901 0.212337 0.594447 0.932842 0.834703 0.362076 0.5 0.537925 0.74982 0.655864 0.834703 0.362076 0.268028 0.699238 0.5 0.537925 0.268028 0.699238 0.5 0.951446 0.5 0.537925 0.254901 0.212337 0.5 0.537925 0.887908 0.72494 0.5 0.537925 0.5 0.951446 0.887908 0.72494 0.5 0.951322 0.268028 0.699238 0.5 0.552155 0.268028 0.699238 0.834703 0.362076 0.5 0.552155 0.57957 0.498896 0.5 0.552155 0.74982 0.655864 0.5 0.552155 0.834703 0.362076 0.74982 0.655864 0.25 0.712112 0.5 0.951322 0.697137 0.405625 0.5 0.951322 0.5 0.552155 0.697137 0.405625 0.57957 0.498896 0.53307 0.784695 0.5 0.552155 0.53307 0.784695 0.697137 0.405625 0.5 0.552155 0.2136009 0.906807 0.25 0.712112 0.53307 0.784695 0.25 0.712112 0.697137 0.405625 0.53307 0.784695 0 0.5 0.75 0.262875 0.75 0.25 0 0.5 0.75 0.250049 0.75 0.262875 0.75 0.262875 0.75 0.250049 0.5 1 0.75 0.250049 0.5 1 0.5 1 0 0.5 0.75 0.25 0.25 0.25 0.75 0.25 0.57957 0.498896 0.25 0.25 0.57957 0.498896 0.74982 0.655864 0.25 0.25 0.74982 0.655864 0.400164 0.471315 0.25 0.25 0.594447 0.932842 0.5 0.588206 0.74982 0.655864 0.5 0.588206 0.400164 0.471315 0.74982 0.655864 0.594447 0.932842 0.254901 0.212337 0.5 0.588206 0.254901 0.212337 1 0.03666049 0.5 0.588206 0.524084 0.949781 0.512061 0.03320115 0.460188 0.893562 0.512061 0.03320115 0.230093 0.291983 0.460188 0.893562 0.460188 0.893562 0.230093 0.291983 0.962406 0.941841 0.230093 0.291983 0.231203 0.520965 0.962406 0.941841 0.231203 0.520965 0.104432 0.5 0.962406 0.941841 0.104432 0.5 1 0 0.962406 0.941841 0.512061 0.03320115 0.75 0.250049 0.25 0.25 0.75 0.250049 0 0.5 0.25 0.25 0.5 1 0.75 0.250049 0.524084 0.949781 0.75 0.250049 0.512061 0.03320115 0.524084 0.949781 0.512061 0.03320115 0.25 0.25 0.230093 0.291983 0.25 0.25 0.400164 0.471315 0.230093 0.291983 0.231203 0.520965 0.230093 0.291983 0.762005 0.598938 0.230093 0.291983 0.400164 0.471315 0.762005 0.598938 0.231203 0.520965 0.762005 0.598938 0.104432 0.5 0.762005 0.598938 1 0.945176 0.104432 0.5 0.762005 0.598938 0.400164 0.471315 0.5 0.588206 0.762005 0.598938 1 0.03666049 1 0.945176 0.762005 0.598938 0.5 0.588206 1 0.03666049 0.75 0.25 0.75 0.262875 0.5 1 0.57957 0.498896 0.75 0.25 0.5 1 0.179481 0.708613 0.692347 0.440961 0.225 1 0.45 0.5 0.725 0.5 0.582657 0.417865 0.725 0.5 0.758807 0.133876 0.582657 0.417865 0.45 0.5 0.45 0.5 0.604386 0.414843 0.45 0.5 0.582657 0.417865 0.604386 0.414843 0.225 1 0.45 0.44758 0.179481 0.708613 0.45 0.44758 0.772705 0.72379 0.179481 0.708613 0.225 1 0.45 0.5 0.40237 0.393576 0.45 0.5 0.604386 0.414843 0.40237 0.393576 0.225 1 0.40237 0.393576 0.5 1 0.40237 0.393576 0.509785 0.156567 0.5 1 0.225 1 0.692347 0.440961 0.725 0.5 0.692347 0.440961 0.758807 0.133876 0.725 0.5 0.5 1 0.509785 0.156567 0.5 1 0.509785 0.156567 0.481246 0.123964 0.5 1 0.5 1 0.481246 0.123964 0.725 0.5 0.481246 0.123964 0.645036 0.05933487 0.725 0.5 0.45 0.5 0.725 0.5 0.514392 0.394702 0.725 0.5 0.645036 0.05933487 0.514392 0.394702 0.45 0.5 0.45 0.5 0.521725 0.403002 0.45 0.5 0.514392 0.394702 0.521725 0.403002 0.45 0.5 0.45 0.5 0.55232 0.357811 0.45 0.5 0.521725 0.403002 0.55232 0.357811 0.563056 0.40914 0.489942 0.709614 0.45 0.476819 0.489942 0.709614 0.425 0.949238 0.45 0.476819 0.45 0.5 0.55232 0.357811 0.45 0.476819 0.55232 0.357811 0.563056 0.40914 0.45 0.476819 0.4 0.75 0.682698 0.666667 0.839843 0.463959 0.682698 0.666667 0.555406 0.576173 0.839843 0.463959 0.4 0.75 0.839843 0.463959 0.219999 0.382201 0.425 0.949238 0.489942 0.709614 0.4 0.75 0.489942 0.709614 0.682698 0.666667 0.4 0.75 0.489942 0.709614 0.555406 0.576173 0.682698 0.666667 0.643369 0.656358 0.692347 0.440961 0.772705 0.72379 0.692347 0.440961 0.179481 0.708613 0.772705 0.72379 0.489942 0.709614 0.643369 0.656358 0.555406 0.576173 0.555406 0.576173 0.437126 0.482974 0.839843 0.463959 0.437126 0.482974 0.75 0.256288 0.839843 0.463959 0 0.999681 0.219999 0.382201 0.75 0.256288 0.219999 0.382201 0.839843 0.463959 0.75 0.256288 0.5 1 0 0.999681 0.557955 0.434977 0 0.999681 0.75 0.256288 0.557955 0.434977 0.557955 0.434977 0.75 0.256288 0.437126 0.482974 0.643369 0.656358 0.751099 0.232631 0.437126 0.482974 0.437126 0.482974 0.751099 0.232631 0.331395 0.03127127 0.643369 0.656358 0.437126 0.482974 0.555406 0.576173 0.09862238 0.5 0.751099 0.232631 0.0967822 0.49345 0.751099 0.232631 0.643369 0.656358 0.0967822 0.49345 0.09862238 0.5 0.0967822 0.49345 0.5 0.503136 0.0967822 0.49345 1 0 0.5 0.503136 0 1 0.5 0.503136 1 1 0.5 0.503136 1 0 1 1 0.437126 0.482974 0.331395 0.03127127 0.557955 0.434977 0.07248836 0.5 0.231438 0.46262 1 1 0.5 1 0.557955 0.434977 0.331395 0.03127127 0.512464 0.304469 0.331395 0.03127127 0.92991 0.07663798 0.331395 0.03127127 0.751099 0.232631 0.92991 0.07663798 0.231438 0.46262 0.07248836 0.5 0.751099 0.232631 0.07248836 0.5 0.92991 0.07663798 0.751099 0.232631 0.5 1 0.331395 0.03127127 1 1 0.331395 0.03127127 0.512464 0.304469 1 1 0 1 0.05601286 0.5 1 0.5 0.05601286 0.5 0.732564 0.5 1 0.5 0 0 0.5 0 0.170489 1 0.5 0 0.294017 0.666667 0.170489 1 0.732564 0.5 0.294017 0.666667 1 0.5 0.294017 0.666667 0.5 0 1 0.5 0.05601286 0.5 0 0 0.732564 0.5 0 0 0.799951 0 0.732564 0.5 0.170489 1 0.294017 0.666667 1 1 0.294017 0.666667 0.914567 0.3 1 1 1 1 0.914567 0.3 1 0.75 0.432796 0.666667 1 1 0.375 0.375 1 1 0.75 1 0.375 0.375 0.5 0.842066 0.432796 0.666667 1 0.75 0.432796 0.666667 0.375 0.375 1 0.75 0.5 0.842066 0.983435 0.156128 0.432796 0.666667 1 0.5 0.25 0.250176 0.1875 0.251654 0 0.256245 1 0.5 0.1875 0.251654 0.480751 0.411472 0.5 0.89268 0.1875 0.251654 0.290479 0.567876 0 0.256245 0.5 0.89268 0 0.256245 0.1875 0.251654 0.5 0.89268 0.480751 0.411472 0.1875 0.251654 0.5 1 0.1875 0.251654 0.25 0.250176 0.5 1 0.07065159 0.58465 0 0.256245 1 1 0 0.256245 0.290479 0.567876 1 1 0 0.256245 0.07065159 0.58465 1 0.5 0.07065159 0.58465 1 0.469575 1 0.5 1 0.5 1 0.469575 0.25 0.250176 1 0.469575 0.5 0.432219 0.25 0.250176 0.5 1 0.25 0.250176 1 1 0.25 0.250176 0.5 0.432219 1 1 0 0.256442 1 0.5 0.203625 0.251169 0.203625 0.251169 1 0.5 0.25 0.250176 0.520239 0.796046 0.580577 0.896959 0.203625 0.251169 0 0.256442 0.203625 0.251169 0.126266 0.1561509 0.203625 0.251169 0.580577 0.896959 0.126266 0.1561509 0.520239 0.796046 0.203625 0.251169 0.5 1 0.203625 0.251169 0.25 0.250176 0.5 1 0.871094 0.14678 1 0.5 0.432868 0.5 1 0.5 0 0.256442 0.432868 0.5 0.5 0.1690379 0.25 0.250176 0.871094 0.14678 0.25 0.250176 1 0.5 0.871094 0.14678 0.5 1 0.25 0.250176 1 1 0.25 0.250176 0.5 0.1690379 1 1 0.432868 0.5 0 0.256442 0.898349 1 0 0.256442 0.126266 0.1561509 0.898349 1 0.732564 0.5 0.799951 0 0.294017 0.666667 0.799951 0 0.914567 0.3 0.294017 0.666667 0.5 1 0.25 0.250192 1 1 0.25 0.250192 0.5 0.559965 1 1 0.5 0.559965 0.25 0.250192 1 0.616308 0.25 0.250192 1 0.5 1 0.616308 0 0.255866 0.06042158 0.5 1 0.5 0.06042158 0.5 1 0.616308 1 0.5 0.06042158 0.5 0 0.255866 0.5 1 0 0.255866 0.06016099 0.5 0.5 1 0.191735 0.251278 1 0.5 0.25 0.250192 0.486421 0.791158 0.191735 0.251278 0.5 1 0.191735 0.251278 0.25 0.250192 0.5 1 0.191735 0.251278 0.486421 0.791158 0.533883 0.820231 0.191735 0.251278 0.533883 0.820231 0 0.255866 0.533883 0.820231 0.06016099 0.5 0 0.255866 0.191735 0.251278 0 0.255866 1 0.5 0.5 0.951446 0.5 0.5 0.887908 0.72494 0.5 0.5 0.775817 0.5 0.887908 0.72494 0.536056 0.75 0.5 0.5 0.268028 0.699238 0.5 0.5 0.5 0.951446 0.268028 0.699238 0.268028 0.699238 0.5 0.951322 0.536056 0.75 0.5 0.951322 0.5 0.75 0.536056 0.75 0.5 0.951322 0.25 0.712112 0.5 0.75 0.25 0.712112 0.5 0.625 0.5 0.75 0.512346 0.5 0.5 0.625 0.2136009 0.906807 0.5 0.625 0.25 0.712112 0.2136009 0.906807 0.74982 0.655864 0.5 0.537925 0.594447 0.932842 0.5 0.537925 0.254901 0.212337 0.594447 0.932842 0.834703 0.362076 0.5 0.537925 0.74982 0.655864 0.834703 0.362076 0.268028 0.699238 0.5 0.537925 0.268028 0.699238 0.5 0.951446 0.5 0.537925 0.254901 0.212337 0.5 0.537925 0.887908 0.72494 0.5 0.537925 0.5 0.951446 0.887908 0.72494 0.5 0.951322 0.268028 0.699238 0.5 0.552155 0.268028 0.699238 0.834703 0.362076 0.5 0.552155 0.57957 0.498896 0.5 0.552155 0.74982 0.655864 0.5 0.552155 0.834703 0.362076 0.74982 0.655864 0.25 0.712112 0.5 0.951322 0.697137 0.405625 0.5 0.951322 0.5 0.552155 0.697137 0.405625 0.57957 0.498896 0.53307 0.784695 0.5 0.552155 0.53307 0.784695 0.697137 0.405625 0.5 0.552155 0.2136009 0.906807 0.25 0.712112 0.53307 0.784695 0.25 0.712112 0.697137 0.405625 0.53307 0.784695 0 0.5 0.75 0.262875 0.75 0.25 0 0.5 0.75 0.250049 0.75 0.262875 0.75 0.262875 0.75 0.250049 0.5 1 0.75 0.250049 0.5 1 0.5 1 0 0.5 0.75 0.25 0.25 0.25 0.75 0.25 0.57957 0.498896 0.25 0.25 0.57957 0.498896 0.74982 0.655864 0.25 0.25 0.74982 0.655864 0.400164 0.471315 0.25 0.25 0.594447 0.932842 0.5 0.588206 0.74982 0.655864 0.5 0.588206 0.400164 0.471315 0.74982 0.655864 0.594447 0.932842 0.254901 0.212337 0.5 0.588206 0.254901 0.212337 1 0.03666049 0.5 0.588206 0.524084 0.949781 0.512061 0.03320115 0.460188 0.893562 0.512061 0.03320115 0.230093 0.291983 0.460188 0.893562 0.460188 0.893562 0.230093 0.291983 0.531121 0.742492 0.230093 0.291983 0.231203 0.520965 0.531121 0.742492 0.231203 0.520965 0.104432 0.5 0.531121 0.742492 0.104432 0.5 0.482396 0.457837 0.531121 0.742492 0.512061 0.03320115 0.75 0.250049 0.25 0.25 0.75 0.250049 0 0.5 0.25 0.25 0.5 1 0.75 0.250049 0.524084 0.949781 0.75 0.250049 0.512061 0.03320115 0.524084 0.949781 0.512061 0.03320115 0.25 0.25 0.230093 0.291983 0.25 0.25 0.400164 0.471315 0.230093 0.291983 0.231203 0.520965 0.230093 0.291983 0.762005 0.598938 0.230093 0.291983 0.400164 0.471315 0.762005 0.598938 0.231203 0.520965 0.762005 0.598938 0.104432 0.5 0.762005 0.598938 1 0.945176 0.104432 0.5 0.762005 0.598938 0.400164 0.471315 0.5 0.588206 0.762005 0.598938 1 0.03666049 1 0.945176 0.762005 0.598938 0.5 0.588206 1 0.03666049 0.75 0.25 0.75 0.262875 0.5 1 0.57957 0.498896 0.75 0.25 0.5 1 0.179481 0.708613 0.692347 0.440961 0.225 1 0.45 0.5 0.725 0.5 0.582657 0.417865 0.725 0.5 0.758807 0.133876 0.582657 0.417865 0.45 0.5 0.45 0.5 0.604386 0.414843 0.45 0.5 0.582657 0.417865 0.604386 0.414843 0.225 1 0.45 0.44758 0.179481 0.708613 0.45 0.44758 0.772705 0.72379 0.179481 0.708613 0.225 1 0.45 0.5 0.40237 0.393576 0.45 0.5 0.604386 0.414843 0.40237 0.393576 0.225 1 0.40237 0.393576 0.5 1 0.40237 0.393576 0.509785 0.156567 0.5 1 0.225 1 0.692347 0.440961 0.725 0.5 0.692347 0.440961 0.758807 0.133876 0.725 0.5 0.5 1 0.509785 0.156567 0.5 1 0.509785 0.156567 0.481246 0.123964 0.5 1 0.5 1 0.481246 0.123964 0.725 0.5 0.481246 0.123964 0.645036 0.05933487 0.725 0.5 0.45 0.5 0.725 0.5 0.514392 0.394702 0.725 0.5 0.645036 0.05933487 0.514392 0.394702 0.45 0.5 0.45 0.5 0.521725 0.403002 0.45 0.5 0.514392 0.394702 0.521725 0.403002 0.45 0.5 0.45 0.5 0.55232 0.357811 0.45 0.5 0.521725 0.403002 0.55232 0.357811 0.563056 0.40914 0.489942 0.709614 0.45 0.476819 0.489942 0.709614 0.425 0.949238 0.45 0.476819 0.45 0.5 0.55232 0.357811 0.45 0.476819 0.55232 0.357811 0.563056 0.40914 0.45 0.476819 0.4 0.75 0.682698 0.666667 0.839843 0.463959 0.682698 0.666667 0.555406 0.576173 0.839843 0.463959 0.4 0.75 0.839843 0.463959 0.219999 0.382201 0.425 0.949238 0.489942 0.709614 0.4 0.75 0.489942 0.709614 0.682698 0.666667 0.4 0.75 0.489942 0.709614 0.555406 0.576173 0.682698 0.666667 0.643369 0.656358 0.692347 0.440961 0.772705 0.72379 0.692347 0.440961 0.179481 0.708613 0.772705 0.72379 0.489942 0.709614 0.643369 0.656358 0.555406 0.576173 0.555406 0.576173 0.437126 0.482974 0.839843 0.463959 0.437126 0.482974 0.75 0.256288 0.839843 0.463959 0 0.999681 0.219999 0.382201 0.75 0.256288 0.219999 0.382201 0.839843 0.463959 0.75 0.256288 0.5 1 0 0.999681 0.557955 0.434977 0 0.999681 0.75 0.256288 0.557955 0.434977 0.557955 0.434977 0.75 0.256288 0.437126 0.482974 0.643369 0.656358 0.751099 0.232631 0.437126 0.482974 0.437126 0.482974 0.751099 0.232631 0.331395 0.03127127 0.643369 0.656358 0.437126 0.482974 0.555406 0.576173 0.09862238 0.5 0.751099 0.232631 0.0967822 0.49345 0.751099 0.232631 0.643369 0.656358 0.0967822 0.49345 0.09862238 0.5 0.0967822 0.49345 0.5 0.503136 0.0967822 0.49345 1 0 0.5 0.503136 0 1 0.5 0.503136 1 1 0.5 0.503136 1 0 1 1 0.437126 0.482974 0.331395 0.03127127 0.557955 0.434977 0.07248836 0.5 0.231438 0.46262 1 1 0.5 1 0.557955 0.434977 0.331395 0.03127127 0.512464 0.304469 0.331395 0.03127127 0.92991 0.07663798 0.331395 0.03127127 0.751099 0.232631 0.92991 0.07663798 0.231438 0.46262 0.07248836 0.5 0.751099 0.232631 0.07248836 0.5 0.92991 0.07663798 0.751099 0.232631 0.5 1 0.331395 0.03127127 1 1 0.331395 0.03127127 0.512464 0.304469 1 1 0 1 0.05601286 0.5 1 0.5 0.05601286 0.5 0.732564 0.5 1 0.5 0 0 0.5 0 0.170489 1 0.5 0 0.294017 0.666667 0.170489 1 0.732564 0.5 0.294017 0.666667 1 0.5 0.294017 0.666667 0.5 0 1 0.5 0.05601286 0.5 0 0 0.732564 0.5 0 0 0.799951 0 0.732564 0.5 0.170489 1 0.294017 0.666667 1 1 0.294017 0.666667 0.914567 0.3 1 1 1 1 0.914567 0.3 1 0.75 0.432796 0.666667 1 1 0.375 0.375 1 1 0.75 1 0.375 0.375 0.5 0.842066 0.432796 0.666667 1 0.75 0.432796 0.666667 0.375 0.375 1 0.75 0.5 0.842066 0.983435 0.156128 0.432796 0.666667 1 0.5 0.25 0.250176 0.1875 0.251654 0 0.256245 1 0.5 0.1875 0.251654 0.480751 0.411472 0.5 0.89268 0.1875 0.251654 0.290479 0.567876 0 0.256245 0.5 0.89268 0 0.256245 0.1875 0.251654 0.5 0.89268 0.480751 0.411472 0.1875 0.251654 0.5 1 0.1875 0.251654 0.25 0.250176 0.5 1 0.07065159 0.58465 0 0.256245 1 1 0 0.256245 0.290479 0.567876 1 1 0 0.256245 0.07065159 0.58465 1 0.5 0.07065159 0.58465 1 0.469575 1 0.5 1 0.5 1 0.469575 0.25 0.250176 1 0.469575 0.5 0.432219 0.25 0.250176 0.5 1 0.25 0.250176 1 1 0.25 0.250176 0.5 0.432219 1 1 0 0.256442 1 0.5 0.203625 0.251169 0.203625 0.251169 1 0.5 0.25 0.250176 0.520239 0.796046 0.580577 0.896959 0.203625 0.251169 0 0.256442 0.203625 0.251169 0.126266 0.1561509 0.203625 0.251169 0.580577 0.896959 0.126266 0.1561509 0.520239 0.796046 0.203625 0.251169 0.5 1 0.203625 0.251169 0.25 0.250176 0.5 1 0.871094 0.14678 1 0.5 0.432868 0.5 1 0.5 0 0.256442 0.432868 0.5 0.5 0.1690379 0.25 0.250176 0.871094 0.14678 0.25 0.250176 1 0.5 0.871094 0.14678 0.5 1 0.25 0.250176 1 1 0.25 0.250176 0.5 0.1690379 1 1 0.432868 0.5 0 0.256442 0.898349 1 0 0.256442 0.126266 0.1561509 0.898349 1 0.732564 0.5 0.799951 0 0.294017 0.666667 0.799951 0 0.914567 0.3 0.294017 0.666667 0.766317 0.903963 0.644144 0.910816 0.420329 0.481996 0.420329 0.481996 0.644144 0.910816 0.359404 0.669217 0.556536 0.723456 0.1857399 0.874282 0.5 0.49897 0.550509 0.180523 0.462443 0.292438 0.471822 0.209028 0.462443 0.292438 0.11453 0.999999 0.471822 0.209028 0.595143 0.558767 0.489893 0.500154 0.471822 0.209028 0.489893 0.500154 0.496627 1 0.471822 0.209028 0.462443 0.292438 0.502256 0.519955 0.11453 0.999999 0.502256 0.519955 0.957535 0.956244 0.11453 0.999999 0.502414 0.500001 1 0.228654 0.950876 8.34821e-5 1 0.228654 0.849831 0.625 0.950876 8.34821e-5 0.950876 8.34821e-5 0.849831 0.625 0.416812 0.125517 0.502414 0.500001 0.950876 8.34821e-5 0.502256 0.519955 0.950876 8.34821e-5 0.957535 0.956244 0.502256 0.519955 0.525266 0.431295 0.489893 0.500154 0.482396 0.457837 0.471822 0.209028 0.496627 1 0.550509 0.180523 0.556536 0.723456 0.823044 0.75 0.750538 0.839082 0.929751 0.330357 0.416812 0.125517 0.849831 0.625 0.09983587 0.543144 0 0.322242 0.420329 0.481996 0.5 0.981907 0.450409 0.985687 0.556536 0.723456 0.450409 0.985687 0.359404 0.669217 0.556536 0.723456 0.25193 0.732603 0.09983587 0.543144 0.359404 0.669217 0.09983587 0.543144 0.420329 0.481996 0.359404 0.669217 0.257865 0.78538 0.25193 0.732603 0.359404 0.669217 0.5 0.49897 0.918565 0.570775 0.556536 0.723456 0.918565 0.570775 0.823044 0.75 0.556536 0.723456 0.721915 0.868048 0.556536 0.723456 0.750538 0.839082 0.359404 0.669217 0.448836 0.985807 0.257865 0.78538 0.937632 0.349609 0.5 0.49897 0.929751 0.330357 0.5 0.49897 0.783694 0.38302 0.929751 0.330357 0.954098 0.374749 0.5 0.49897 0.937632 0.349609 0.929751 0.330357 0.783694 0.38302 0.416812 0.125517 0.450409 0.985687 0.448836 0.985807 0.359404 0.669217 0.721915 0.868048 0.5 0.981907 0.556536 0.723456 0.95396 0.496173 0.973836 0.404882 0.987205 0.425294 0.918565 0.570775 0.5 0.49897 0.95396 0.496173 0.95396 0.496173 0.5 0.49897 0.973836 0.404882 0.5 0.49897 0.954098 0.374749 0.973836 0.404882 0.766317 0.903963 0.644144 0.910816 0.595143 0.558767 0.595143 0.558767 0.644144 0.910816 0.359404 0.669217 0.556536 0.723456 0.1857399 0.874282 0.5 0.49897 0.550509 0.180523 0.462443 0.292438 0.471822 0.209028 0.462443 0.292438 0.11453 0.999999 0.471822 0.209028 0.420448 0.445782 0.489893 0.500154 0.471822 0.209028 0.489893 0.500154 0.496627 1 0.471822 0.209028 0.462443 0.292438 0.502256 0.519955 0.11453 0.999999 0.502256 0.519955 0.957535 0.956244 0.11453 0.999999 0.502414 0.500001 1 0.228654 0.950876 8.34821e-5 1 0.228654 0.849831 0.625 0.950876 8.34821e-5 0.950876 8.34821e-5 0.849831 0.625 0.416812 0.125517 0.502414 0.500001 0.950876 8.34821e-5 0.502256 0.519955 0.950876 8.34821e-5 0.957535 0.956244 0.502256 0.519955 0.489893 1 0.489893 0.500154 0.450653 0.686839 0.471822 0.209028 0.496627 1 0.550509 0.180523 0.556536 0.723456 0.823044 0.75 0.750538 0.839082 0.929751 0.330357 0.416812 0.125517 0.849831 0.625 0.531121 0.742492 0.482396 0.457837 0.595143 0.558767 0.5 0.981907 0.450409 0.985687 0.556536 0.723456 0.450409 0.985687 0.359404 0.669217 0.556536 0.723456 0.25193 0.732603 0.531121 0.742492 0.359404 0.669217 0.531121 0.742492 0.595143 0.558767 0.359404 0.669217 0.257865 0.78538 0.25193 0.732603 0.359404 0.669217 0.5 0.49897 0.918565 0.570775 0.556536 0.723456 0.918565 0.570775 0.823044 0.75 0.556536 0.723456 0.721915 0.868048 0.556536 0.723456 0.750538 0.839082 0.359404 0.669217 0.448836 0.985807 0.257865 0.78538 0.937632 0.349609 0.5 0.49897 0.929751 0.330357 0.5 0.49897 0.783694 0.38302 0.929751 0.330357 0.954098 0.374749 0.5 0.49897 0.937632 0.349609 0.929751 0.330357 0.783694 0.38302 0.416812 0.125517 0.450409 0.985687 0.448836 0.985807 0.359404 0.669217 0.721915 0.868048 0.5 0.981907 0.556536 0.723456 0.95396 0.496173 0.973836 0.404882 0.987205 0.425294 0.918565 0.570775 0.5 0.49897 0.95396 0.496173 0.95396 0.496173 0.5 0.49897 0.973836 0.404882 0.5 0.49897 0.954098 0.374749 0.973836 0.404882 0.05988699 0.06308847 0.07735437 0.09127235 0.05997568 0.03370106 0.07735437 0.09127235 0.07359999 0.05742788 0.05997568 0.03370106 0.0233736 0.06420695 0.09732675 0.06420695 0.05988699 0.06308847 0.09732675 0.06420695 0.07735437 0.09127235 0.05988699 0.06308847 0.02155137 0.04872757 0.04898577 0.0337578 0.04899924 0.06009906 0.04898577 0.0337578 0.04899924 0.04561525 0.04899924 0.06009906 0.04899924 0.04561525 0.03607624 0.0501095 0.04899924 0.06009906 0.03607624 0.0501095 0.0769186 0.06345677 0.04899924 0.06009906 0.04898577 0.0337578 0.02155137 0.04872757 0.04578745 0.0238322 0.02155137 0.04872757 0.05689334 0.02353245 0.04578745 0.0238322 0.04578745 0.0238322 0.05689334 0.02353245 0.07698947 0.08457159 0.05689334 0.02353245 0.07267558 0.06420695 0.07698947 0.08457159 0.04898577 0.0337578 0.04578745 0.0238322 0.07698947 0.07183349 0.04578745 0.0238322 0.07698947 0.08457159 0.07698947 0.07183349 0.03607624 0.0501095 0.04899924 0.04561525 0.05665224 0.0845443 0.04899924 0.04561525 0.07698947 0.07945996 0.05665224 0.0845443 0.04899924 0.04561525 0.04898577 0.0337578 0.07698947 0.07945996 0.04898577 0.0337578 0.07698947 0.07183349 0.07698947 0.07945996 0.04899924 0.06009906 0.0769186 0.06345677 0.04075217 0.09206235 0.0769186 0.06345677 0.06035 0.08900189 0.04075217 0.09206235 0.02155137 0.04872757 0.04899924 0.06009906 0.02475965 0.103047 0.04899924 0.06009906 0.04075217 0.09206235 0.02475965 0.103047 0.02155137 0.04872757 0.04899924 0.06009906 0.04898577 0.0337578 0.04899924 0.06009906 0.04899924 0.04561525 0.04898577 0.0337578 0.04899924 0.04561525 0.04899924 0.06009906 0.03607624 0.0501095 0.04899924 0.06009906 0.0769186 0.06345677 0.03607624 0.0501095 0.05689334 0.02353245 0.02155137 0.04872757 0.04578745 0.0238322 0.02155137 0.04872757 0.04898577 0.0337578 0.04578745 0.0238322 0.04578745 0.0238322 0.07698947 0.08457159 0.05689334 0.02353245 0.07698947 0.08457159 0.07267558 0.06420695 0.05689334 0.02353245 0.04898577 0.0337578 0.07698947 0.07183349 0.04578745 0.0238322 0.07698947 0.07183349 0.07698947 0.08457159 0.04578745 0.0238322 0.03607624 0.0501095 0.05665224 0.0845443 0.04899924 0.04561525 0.05665224 0.0845443 0.07698947 0.07945996 0.04899924 0.04561525 0.04899924 0.04561525 0.07698947 0.07945996 0.04898577 0.0337578 0.07698947 0.07945996 0.07698947 0.07183349 0.04898577 0.0337578 0.04899924 0.06009906 0.04075217 0.09206235 0.0769186 0.06345677 0.04075217 0.09206235 0.06035 0.08900189 0.0769186 0.06345677 0.02155137 0.04872757 0.05986195 0.09647017 0.04899924 0.06009906 0.05986195 0.09647017 0.04075217 0.09206235 0.04899924 0.06009906 0.02337306 0.07183349 0.06020724 0.07183349 0.0233736 0.06420695 0.06020724 0.07183349 0.06022936 0.06420695 0.0233736 0.06420695 0.02337306 0.09471285 0.06035 0.104549 0.06014096 0.09471285 0.06035 0.104549 0.07777565 0.06345629 0.06014096 0.09471285 0.06022936 0.06420695 0.06020724 0.07183349 0.05991649 0.0540384 0.06020724 0.07183349 0.059946 0.04386979 0.05991649 0.0540384 0.04434967 0.02820539 0.07190918 0.06420695 0.07777565 0.06345629 0.07190918 0.06420695 0.06014096 0.09471285 0.07777565 0.06345629 0.07190918 0.06420695 0.05988699 0.06308847 0.06014096 0.09471285 0.05988699 0.06308847 0.06016296 0.08708637 0.06014096 0.09471285 0.05997568 0.03370106 0.059946 0.04386979 0.06018519 0.07945996 0.059946 0.04386979 0.06020724 0.07183349 0.06018519 0.07945996 0.05988699 0.06308847 0.05997568 0.03370106 0.06016296 0.08708637 0.05997568 0.03370106 0.06018519 0.07945996 0.06016296 0.08708637 0.07359999 0.05742788 0.08037906 0.06420695 0.05997568 0.03370106 0.08037906 0.06420695 0.059946 0.04386979 0.05997568 0.03370106 0.059946 0.04386979 0.08037906 0.06420695 0.05991649 0.0540384 0.08037906 0.06420695 0.08311635 0.07098609 0.05991649 0.0540384 0.09732675 0.06420695 0.07190918 0.06420695 0.05665224 0.06444996 0.07190918 0.06420695 0.04434967 0.02820539 0.05665224 0.06444996 0.05965429 0.02371376 0.07777565 0.06345629 0.06682085 0.104882 0.07777565 0.06345629 0.06035 0.104549 0.06682085 0.104882 0.04434967 0.02820539 0.05965429 0.02371376 0.05665224 0.06444996 0.05965429 0.02371376 0.06682085 0.104882 0.05665224 0.06444996 0.04434967 0.02820539 0.07777565 0.06345629 0.05965429 0.02371376 0.02337306 0.08708637 0.06016296 0.08708637 0.02337306 0.07945996 0.06016296 0.08708637 0.06018519 0.07945996 0.02337306 0.07945996 0.02337306 0.07945996 0.06018519 0.07945996 0.02337306 0.07183349 0.06018519 0.07945996 0.06020724 0.07183349 0.02337306 0.07183349 0.02337306 0.09471285 0.06014096 0.09471285 0.02337306 0.08708637 0.06014096 0.09471285 0.06016296 0.08708637 0.02337306 0.08708637 0.02337306 0.07183349 0.0233736 0.06420695 0.06020724 0.07183349 0.0233736 0.06420695 0.06022936 0.06420695 0.06020724 0.07183349 0.02337306 0.09471285 0.06014096 0.09471285 0.06035 0.104549 0.06014096 0.09471285 0.07777565 0.06345629 0.06035 0.104549 0.06020724 0.07183349 0.06022936 0.06420695 0.059946 0.04386979 0.06022936 0.06420695 0.05991649 0.0540384 0.059946 0.04386979 0.05977529 0.06420695 0.04434967 0.02820539 0.06014096 0.09471285 0.04434967 0.02820539 0.07777565 0.06345629 0.06014096 0.09471285 0.06082278 0.08339458 0.07800465 0.08273476 0.06014096 0.09471285 0.07800465 0.08273476 0.05977529 0.06420695 0.06014096 0.09471285 0.05997568 0.03370106 0.198575 0.0385614 0.0641244 0.06922209 0.198575 0.0385614 0.06082278 0.08339458 0.0641244 0.06922209 0.09393715 0.05742788 0.05997568 0.03370106 0.0871582 0.06420695 0.05997568 0.03370106 0.059946 0.04386979 0.0871582 0.06420695 0.05997568 0.03370106 0.09393715 0.05742788 0.198575 0.0385614 0.09393715 0.05742788 0.235417 0.308503 0.198575 0.0385614 0.059946 0.04386979 0.05991649 0.0540384 0.0871582 0.06420695 0.05991649 0.0540384 0.08311635 0.07098609 0.0871582 0.06420695 0.09732675 0.06420695 0.05665224 0.06444996 0.05977529 0.06420695 0.05665224 0.06444996 0.04434967 0.02820539 0.05977529 0.06420695 0.05977529 0.06420695 0.07800465 0.08273476 0.09732675 0.06420695 0.07800465 0.08273476 0.056894 0.104371 0.09732675 0.06420695 0.06360465 0.04035395 0.06682085 0.104882 0.07777565 0.06345629 0.06682085 0.104882 0.06035 0.104549 0.07777565 0.06345629 0.04434967 0.02820539 0.05665224 0.06444996 0.06360465 0.04035395 0.05665224 0.06444996 0.06682085 0.104882 0.06360465 0.04035395 0.04434967 0.02820539 0.06360465 0.04035395 0.07777565 0.06345629 0.05997568 0.03370106 0.0641244 0.06922209 0.059946 0.04386979 0.0641244 0.06922209 0.06020724 0.07183349 0.059946 0.04386979 0.03673225 0.06410306 0.02337306 0.07183349 0.0641244 0.06922209 0.02337306 0.07183349 0.06020724 0.07183349 0.0641244 0.06922209 0.02337306 0.09471285 0.03672087 0.07809078 0.06014096 0.09471285 0.03672087 0.07809078 0.06082278 0.08339458 0.06014096 0.09471285 0.0675348 0.04721695 0.06057095 0.03878545 0.07698947 0.08457159 0.06057095 0.03878545 0.07698947 0.07183349 0.07698947 0.08457159 0.07698947 0.07945996 0.06057155 0.0540384 0.05665224 0.0845443 0.06057155 0.0540384 0.06057196 0.06420695 0.05665224 0.0845443 0.07698947 0.07183349 0.06057095 0.03878545 0.07698947 0.07945996 0.06057095 0.03878545 0.06057155 0.0540384 0.07698947 0.07945996 0.02475965 0.103047 0.04075217 0.09206235 0.06618416 0.09556096 0.04075217 0.09206235 0.05699807 0.06826376 0.06618416 0.09556096 0.09732675 0.07888215 0.09189635 0.06285965 0.06035 0.08900189 0.09189635 0.06285965 0.03556895 0.05816096 0.06035 0.08900189 0.03556865 0.0551306 0.06057095 0.03878545 0.04073685 0.0472272 0.06057095 0.03878545 0.0675348 0.04721695 0.04073685 0.0472272 0.04137086 0.06319379 0.03304618 0.07117378 0.06057155 0.0540384 0.03304618 0.07117378 0.06057196 0.06420695 0.06057155 0.0540384 0.06057095 0.03878545 0.03556865 0.0551306 0.06057155 0.0540384 0.03556865 0.0551306 0.04137086 0.06319379 0.06057155 0.0540384 0.07174378 0.06845605 0.03556865 0.0551306 0.05245226 0.05989688 0.08359396 0.05686748 0.04137086 0.06319379 0.07174378 0.06845605 0.04137086 0.06319379 0.03556865 0.0551306 0.07174378 0.06845605 0.04137086 0.06319379 0.08359396 0.05686748 0.06133407 0.04101169 0.04137086 0.06319379 0.06133407 0.04101169 0.03304618 0.07117378 0.06133407 0.04101169 0.07135397 0.04950535 0.03304618 0.07117378 0.07267558 0.06420695 0.04251539 0.06420695 0.04474687 0.07559776 0.04251539 0.06420695 0.02864956 0.04908728 0.04474687 0.07559776 0.0675348 0.04721695 0.07698947 0.08457159 0.04474687 0.07559776 0.07698947 0.08457159 0.07267558 0.06420695 0.04474687 0.07559776 0.07267558 0.06420695 0.01967537 0.06420695 0.04251539 0.06420695 0.01967537 0.06420695 0.08999848 0.07456409 0.04251539 0.06420695 0.01967537 0.06420695 0.07497107 0.06420749 0.08999848 0.07456409 0.07497107 0.06420749 0.05368286 0.0539968 0.08999848 0.07456409 0.04251539 0.06420695 0.08999848 0.07456409 0.02864956 0.04908728 0.08999848 0.07456409 0.05368286 0.0539968 0.05844175 0.08540719 0.05368286 0.0539968 0.0772835 0.03035676 0.05844175 0.08540719 0.02864956 0.04908728 0.08999848 0.07456409 0.05844175 0.08540719 0.05844175 0.08540719 0.05579358 0.09232097 0.02864956 0.04908728 0.05579358 0.09232097 0.04474687 0.07559776 0.02864956 0.04908728 0.05579358 0.09232097 0.05844175 0.08540719 0.05245226 0.05989688 0.05844175 0.08540719 0.0772835 0.03035676 0.05245226 0.05989688 0.0699436 0.05495899 0.0772835 0.03035676 0.05368286 0.0539968 0.07800465 0.08273476 0.05368286 0.0539968 0.056894 0.104371 0.05368286 0.0539968 0.07497107 0.06420749 0.056894 0.104371 0.198575 0.0385614 0.07800465 0.08273476 0.06082278 0.08339458 0.05699807 0.06826376 0.08359396 0.05686748 0.06618416 0.09556096 0.08359396 0.05686748 0.07174378 0.06845605 0.06618416 0.09556096 0.03556895 0.05816096 0.06133407 0.04101169 0.05699807 0.06826376 0.06133407 0.04101169 0.08359396 0.05686748 0.05699807 0.06826376 0.04075217 0.09206235 0.03556895 0.05816096 0.05699807 0.06826376 0.0675348 0.04721695 0.04474687 0.07559776 0.04073685 0.0472272 0.04474687 0.07559776 0.05579358 0.09232097 0.04073685 0.0472272 0.04073685 0.0472272 0.05579358 0.09232097 0.03556865 0.0551306 0.05579358 0.09232097 0.05245226 0.05989688 0.03556865 0.0551306 0.0675348 0.04721695 0.07698947 0.08457159 0.06057095 0.03878545 0.07698947 0.08457159 0.07698947 0.07183349 0.06057095 0.03878545 0.07698947 0.07945996 0.05665224 0.0845443 0.06057155 0.0540384 0.05665224 0.0845443 0.06057196 0.06420695 0.06057155 0.0540384 0.07698947 0.07183349 0.07698947 0.07945996 0.06057095 0.03878545 0.07698947 0.07945996 0.06057155 0.0540384 0.06057095 0.03878545 0.05986195 0.09647017 0.05349326 0.09280925 0.04075217 0.09206235 0.05349326 0.09280925 0.05699807 0.06826376 0.04075217 0.09206235 0.03556895 0.05816096 0.09189635 0.06285965 0.06035 0.08900189 0.09189635 0.06285965 0.09732675 0.07888215 0.06035 0.08900189 0.04762345 0.0551306 0.04073685 0.0472272 0.06057095 0.03878545 0.04073685 0.0472272 0.0675348 0.04721695 0.06057095 0.03878545 0.04137086 0.06319379 0.06057155 0.0540384 0.03304618 0.07117378 0.06057155 0.0540384 0.06057196 0.06420695 0.03304618 0.07117378 0.06057095 0.03878545 0.06057155 0.0540384 0.04762345 0.0551306 0.06057155 0.0540384 0.04137086 0.06319379 0.04762345 0.0551306 0.04762345 0.0551306 0.08593016 0.06554466 0.06106746 0.05675089 0.08359396 0.05686748 0.08593016 0.06554466 0.04137086 0.06319379 0.08593016 0.06554466 0.04762345 0.0551306 0.04137086 0.06319379 0.04137086 0.06319379 0.06133407 0.04101169 0.08359396 0.05686748 0.04137086 0.06319379 0.03304618 0.07117378 0.06133407 0.04101169 0.03304618 0.07117378 0.07135397 0.04950535 0.06133407 0.04101169 0.07267558 0.06420695 0.04474687 0.07559776 0.05302548 0.06107985 0.04474687 0.07559776 0.02864956 0.04908728 0.05302548 0.06107985 0.0675348 0.04721695 0.04474687 0.07559776 0.07698947 0.08457159 0.04474687 0.07559776 0.07267558 0.06420695 0.07698947 0.08457159 0.05349326 0.09280925 0.02337306 0.04412275 0.05665224 0.104882 0.02337306 0.04412275 0.07930898 0.0663532 0.05665224 0.104882 0.02337306 0.04412275 0.07267558 0.06420695 0.07930898 0.0663532 0.07267558 0.06420695 0.05302548 0.06107985 0.07930898 0.0663532 0.05665224 0.104882 0.07930898 0.0663532 0.05524009 0.04839628 0.07930898 0.0663532 0.05844175 0.08540719 0.05524009 0.04839628 0.07930898 0.0663532 0.05302548 0.06107985 0.02864956 0.04908728 0.02864956 0.04908728 0.05844175 0.08540719 0.07930898 0.0663532 0.05844175 0.08540719 0.02864956 0.04908728 0.05579358 0.09232097 0.02864956 0.04908728 0.04474687 0.07559776 0.05579358 0.09232097 0.05579358 0.09232097 0.06106746 0.05675089 0.05844175 0.08540719 0.06106746 0.05675089 0.05524009 0.04839628 0.05844175 0.08540719 0.06106746 0.05675089 0.08593016 0.06554466 0.05524009 0.04839628 0.08593016 0.06554466 0.0419324 0.06632876 0.05524009 0.04839628 0.05665224 0.104882 0.05524009 0.04839628 0.0419324 0.06632876 0.05699807 0.06826376 0.05349326 0.09280925 0.08359396 0.05686748 0.05349326 0.09280925 0.08593016 0.06554466 0.08359396 0.05686748 0.03556895 0.05816096 0.05699807 0.06826376 0.06133407 0.04101169 0.05699807 0.06826376 0.08359396 0.05686748 0.06133407 0.04101169 0.04075217 0.09206235 0.05699807 0.06826376 0.03556895 0.05816096 0.0675348 0.04721695 0.04073685 0.0472272 0.04474687 0.07559776 0.04073685 0.0472272 0.05579358 0.09232097 0.04474687 0.07559776 0.04073685 0.0472272 0.04762345 0.0551306 0.05579358 0.09232097 0.04762345 0.0551306 0.06106746 0.05675089 0.05579358 0.09232097 0.03556895 0.05816096 0.06035 0.08900189 0.04075217 0.09206235 0.0419324 0.06632876 0.08593016 0.06554466 0.05665224 0.104882 0.08593016 0.06554466 0.05349326 0.09280925 0.05665224 0.104882 0.07018905 0.06679958 0.09189635 0.06285965 0.09732675 0.07888215 0.05638295 0.09604609 0.0782901 0.0631743 0.05665224 0.04465985 0.0782901 0.0631743 0.07018905 0.06679958 0.05665224 0.04465985 0.0782901 0.0631743 0.05638295 0.09604609 0.07872456 0.07155287 0.05638295 0.09604609 0.07687497 0.02736419 0.07872456 0.07155287 0.07872456 0.07155287 0.07687497 0.02736419 0.05653136 0.08608466 0.07687497 0.02736419 0.01866906 0.06299608 0.05653136 0.08608466 0.0782901 0.0631743 0.07872456 0.07155287 0.07018905 0.06679958 0.07872456 0.07155287 0.05653136 0.08608466 0.07018905 0.06679958 0.09189635 0.06285965 0.07018905 0.06679958 0.05653136 0.08608466 0.01866906 0.06299608 0.03556895 0.05816096 0.05653136 0.08608466 0.03556895 0.05816096 0.09189635 0.06285965 0.05653136 0.08608466 0.06268119 0.04387027 0.07018905 0.06679958 0.09189635 0.06285965 0.07018905 0.06679958 0.09732675 0.07888215 0.09189635 0.06285965 0.06268119 0.04387027 0.05665224 0.0248093 0.07018905 0.06679958 0.05665224 0.0248093 0.05665224 0.04465985 0.07018905 0.06679958 0.05638295 0.09604609 0.05665224 0.0248093 0.0844208 0.05284249 0.05665224 0.0248093 0.06268119 0.04387027 0.0844208 0.05284249 0.07687497 0.02736419 0.05638295 0.09604609 0.06770861 0.0818271 0.05638295 0.09604609 0.0844208 0.05284249 0.06770861 0.0818271 0.06770861 0.0818271 0.05653136 0.08608466 0.07687497 0.02736419 0.05653136 0.08608466 0.01866906 0.06299608 0.07687497 0.02736419 0.06268119 0.04387027 0.05653136 0.08608466 0.0844208 0.05284249 0.05653136 0.08608466 0.06770861 0.0818271 0.0844208 0.05284249 0.06268119 0.04387027 0.09189635 0.06285965 0.05653136 0.08608466 0.09189635 0.06285965 0.03556895 0.05816096 0.05653136 0.08608466 0.03556895 0.05816096 0.01866906 0.06299608 0.05653136 0.08608466 0.05986195 0.09647017 0.02337306 0.04412275 0.05349326 0.09280925 0.07735437 0.09127235 0.334982 0.122588 0.278326 0.0119369 0.07735437 0.09127235 0.278326 0.0119369 0.07359999 0.05742788 0.278326 0.0119369 0.342049 0.00784415 0.07359999 0.05742788 0.342049 0.00784415 0.348828 0.00784415 0.07359999 0.05742788 0.348828 0.00784415 0.08037906 0.06420695 0.07359999 0.05742788 0.348828 0.00784415 0.351565 0.00784415 0.08037906 0.06420695 0.351565 0.00784415 0.08311635 0.07098609 0.08037906 0.06420695 0.355607 0.00784415 0.362386 0.00784415 0.0871582 0.06420695 0.362386 0.00784415 0.09393715 0.05742788 0.0871582 0.06420695 0.351252 0.122452 0.235417 0.308503 0.362386 0.00784415 0.235417 0.308503 0.09393715 0.05742788 0.362386 0.00784415 0.351565 0.00784415 0.355607 0.00784415 0.08311635 0.07098609 0.355607 0.00784415 0.0871582 0.06420695 0.08311635 0.07098609 0.05919957 0.169224 0.177063 0.192385 0.06294667 0.541694 0.05665224 0.0874471 0.03631496 0.0845443 0.09732675 0.104882 0.03631496 0.0845443 0.01597768 0.104882 0.09732675 0.104882 0.04866337 0.366869 0.302658 0.195201 0.05665224 0.0874471 0.302658 0.195201 0.03631496 0.0845443 0.05665224 0.0874471 0.15521 0.121783 0.177063 0.192385 0.302658 0.195201 0.177063 0.192385 0.03631496 0.0845443 0.302658 0.195201 0.03631496 0.0845443 0.177063 0.192385 0.01597768 0.104882 0.177063 0.192385 0.05919957 0.169224 0.01597768 0.104882 0.15521 0.121783 0.302658 0.195201 0.257989 0.28205 0.257989 0.28205 0.235417 0.308503 0.15521 0.121783 0.235417 0.308503 0.351252 0.122452 0.15521 0.121783 0.06294667 0.541694 0.177063 0.192385 0.351252 0.122452 0.177063 0.192385 0.15521 0.121783 0.351252 0.122452 0.03631496 0.06420695 0.07735437 0.09127235 0.05643689 0.03836208 0.07735437 0.09127235 0.07398557 0.04435908 0.05643689 0.03836208 0.05919957 0.169224 0.01782357 0.364785 0.177063 0.192385 0.01782357 0.364785 0.648737 0.554314 0.177063 0.192385 0.05665224 0.0874471 0.09732675 0.104882 0.03631496 0.0845443 0.09732675 0.104882 0.01597768 0.104882 0.03631496 0.0845443 0.05665224 0.104882 0.05665224 0.0874471 0.05665224 0.04386967 0.05665224 0.0874471 0.03631496 0.0845443 0.05665224 0.04386967 0.15521 0.121783 0.05665224 0.04386967 0.177063 0.192385 0.05665224 0.04386967 0.03631496 0.0845443 0.177063 0.192385 0.03631496 0.0845443 0.01597768 0.104882 0.177063 0.192385 0.01597768 0.104882 0.05919957 0.169224 0.177063 0.192385 0.15521 0.121783 0.03631496 0.06420695 0.05665224 0.04386967 0.05665224 0.104882 0.05665224 0.04386967 0.05643689 0.03836208 0.05665224 0.04386967 0.03631496 0.06420695 0.05643689 0.03836208 0.03631496 0.06420695 0.15521 0.121783 0.07735437 0.09127235 0.15521 0.121783 0.334982 0.122588 0.07735437 0.09127235 0.648737 0.554314 0.334982 0.122588 0.177063 0.192385 0.334982 0.122588 0.15521 0.121783 0.177063 0.192385 0.03901928 0.04552316 0.04898577 0.0337578 0.04899924 0.06009906 0.04898577 0.0337578 0.04899924 0.04561525 0.04899924 0.06009906 0.04899924 0.04561525 0.03607624 0.0501095 0.04899924 0.06009906 0.03607624 0.0501095 0.0769186 0.06345677 0.04899924 0.06009906 0.04898577 0.0337578 0.03901928 0.04552316 0.04578745 0.0238322 0.03901928 0.04552316 0.05689334 0.02353245 0.04578745 0.0238322 0.04578745 0.0238322 0.05689334 0.02353245 0.07698947 0.08457159 0.05689334 0.02353245 0.07267558 0.06420695 0.07698947 0.08457159 0.04898577 0.0337578 0.04578745 0.0238322 0.07698947 0.07183349 0.04578745 0.0238322 0.07698947 0.08457159 0.07698947 0.07183349 0.03607624 0.0501095 0.04899924 0.04561525 0.05665224 0.0845443 0.04899924 0.04561525 0.07698947 0.07945996 0.05665224 0.0845443 0.04899924 0.04561525 0.04898577 0.0337578 0.07698947 0.07945996 0.04898577 0.0337578 0.07698947 0.07183349 0.07698947 0.07945996 0.04899924 0.06009906 0.0769186 0.06345677 0.04075217 0.09206235 0.0769186 0.06345677 0.06035 0.08900189 0.04075217 0.09206235 0.03901928 0.04552316 0.04899924 0.06009906 0.03411996 0.08642828 0.04899924 0.06009906 0.04075217 0.09206235 0.03411996 0.08642828 0.02155137 0.04872757 0.04899924 0.06009906 0.04898577 0.0337578 0.04899924 0.06009906 0.04899924 0.04561525 0.04898577 0.0337578 0.04899924 0.04561525 0.04899924 0.06009906 0.03607624 0.0501095 0.04899924 0.06009906 0.0769186 0.06345677 0.03607624 0.0501095 0.05689334 0.02353245 0.02155137 0.04872757 0.04578745 0.0238322 0.02155137 0.04872757 0.04898577 0.0337578 0.04578745 0.0238322 0.04578745 0.0238322 0.07698947 0.08457159 0.05689334 0.02353245 0.07698947 0.08457159 0.07267558 0.06420695 0.05689334 0.02353245 0.04898577 0.0337578 0.07698947 0.07183349 0.04578745 0.0238322 0.07698947 0.07183349 0.07698947 0.08457159 0.04578745 0.0238322 0.03607624 0.0501095 0.05665224 0.0845443 0.04899924 0.04561525 0.05665224 0.0845443 0.07698947 0.07945996 0.04899924 0.04561525 0.04899924 0.04561525 0.07698947 0.07945996 0.04898577 0.0337578 0.07698947 0.07945996 0.07698947 0.07183349 0.04898577 0.0337578 0.04899924 0.06009906 0.04075217 0.09206235 0.0769186 0.06345677 0.04075217 0.09206235 0.06035 0.08900189 0.0769186 0.06345677 0.02155137 0.04872757 0.05986195 0.09647017 0.04899924 0.06009906 0.05986195 0.09647017 0.04075217 0.09206235 0.04899924 0.06009906 0.02337306 0.07183349 0.06020724 0.07183349 0.0233736 0.06420695 0.06020724 0.07183349 0.06022936 0.06420695 0.0233736 0.06420695 0.02337306 0.09471285 0.06035 0.104549 0.06014096 0.09471285 0.06035 0.104549 0.07777565 0.06345629 0.06014096 0.09471285 0.06022936 0.06420695 0.06020724 0.07183349 0.05991649 0.0540384 0.06020724 0.07183349 0.059946 0.04386979 0.05991649 0.0540384 0.04434967 0.02820539 0.05977529 0.06420695 0.07777565 0.06345629 0.05977529 0.06420695 0.06014096 0.09471285 0.07777565 0.06345629 0.05977529 0.06420695 0.05988699 0.06308847 0.06014096 0.09471285 0.05988699 0.06308847 0.06016296 0.08708637 0.06014096 0.09471285 0.05997568 0.03370106 0.059946 0.04386979 0.06018519 0.07945996 0.059946 0.04386979 0.06020724 0.07183349 0.06018519 0.07945996 0.05988699 0.06308847 0.05997568 0.03370106 0.06016296 0.08708637 0.05997568 0.03370106 0.06018519 0.07945996 0.06016296 0.08708637 0.07359999 0.05742788 0.08037906 0.06420695 0.05997568 0.03370106 0.08037906 0.06420695 0.059946 0.04386979 0.05997568 0.03370106 0.05988699 0.06308847 0.09732675 0.06405407 0.05997568 0.03370106 0.09732675 0.06405407 0.07359999 0.05742788 0.05997568 0.03370106 0.059946 0.04386979 0.08037906 0.06420695 0.05991649 0.0540384 0.08037906 0.06420695 0.08311635 0.07098609 0.05991649 0.0540384 0.09732675 0.06420695 0.05977529 0.06420695 0.05665224 0.06444996 0.05977529 0.06420695 0.04434967 0.02820539 0.05665224 0.06444996 0.05977529 0.06420695 0.09732675 0.06420695 0.05988699 0.06308847 0.09732675 0.06420695 0.09732675 0.06405407 0.05988699 0.06308847 0.05965429 0.02371376 0.07777565 0.06345629 0.06682085 0.104882 0.07777565 0.06345629 0.06035 0.104549 0.06682085 0.104882 0.04434967 0.02820539 0.05965429 0.02371376 0.05665224 0.06444996 0.05965429 0.02371376 0.06682085 0.104882 0.05665224 0.06444996 0.04434967 0.02820539 0.07777565 0.06345629 0.05965429 0.02371376 0.02337306 0.08708637 0.06016296 0.08708637 0.02337306 0.07945996 0.06016296 0.08708637 0.06018519 0.07945996 0.02337306 0.07945996 0.02337306 0.07945996 0.06018519 0.07945996 0.02337306 0.07183349 0.06018519 0.07945996 0.06020724 0.07183349 0.02337306 0.07183349 0.02337306 0.09471285 0.06014096 0.09471285 0.02337306 0.08708637 0.06014096 0.09471285 0.06016296 0.08708637 0.02337306 0.08708637 0.02337306 0.07183349 0.0233736 0.06420695 0.06020724 0.07183349 0.0233736 0.06420695 0.06022936 0.06420695 0.06020724 0.07183349 0.02337306 0.09471285 0.06014096 0.09471285 0.06035 0.104549 0.06014096 0.09471285 0.07777565 0.06345629 0.06035 0.104549 0.06020724 0.07183349 0.06022936 0.06420695 0.059946 0.04386979 0.06022936 0.06420695 0.05991649 0.0540384 0.059946 0.04386979 0.05977529 0.06420695 0.04434967 0.02820539 0.06014096 0.09471285 0.04434967 0.02820539 0.07777565 0.06345629 0.06014096 0.09471285 0.0489791 0.09200847 0.05446767 0.226422 0.06016296 0.08708637 0.05446767 0.226422 0.05977529 0.06420695 0.06016296 0.08708637 0.06016296 0.08708637 0.05977529 0.06420695 0.06014096 0.09471285 0.05997568 0.03370106 0.194257 0.0385614 0.06018519 0.07945996 0.194257 0.0385614 0.0489791 0.09200847 0.06018519 0.07945996 0.06018519 0.07945996 0.0489791 0.09200847 0.06016296 0.08708637 0.09393715 0.05742788 0.05997568 0.03370106 0.0871582 0.06420695 0.05997568 0.03370106 0.059946 0.04386979 0.0871582 0.06420695 0.05997568 0.03370106 0.09393715 0.05742788 0.194257 0.0385614 0.09393715 0.05742788 0.227311 0.308495 0.194257 0.0385614 0.059946 0.04386979 0.05991649 0.0540384 0.0871582 0.06420695 0.05991649 0.0540384 0.08311635 0.07098609 0.0871582 0.06420695 0.09732675 0.06420695 0.05665224 0.06444996 0.05977529 0.06420695 0.05665224 0.06444996 0.04434967 0.02820539 0.05977529 0.06420695 0.05977529 0.06420695 0.05446767 0.226422 0.09732675 0.06420695 0.05446767 0.226422 0.548663 0.386489 0.09732675 0.06420695 0.06360465 0.04035395 0.06682085 0.104882 0.07777565 0.06345629 0.06682085 0.104882 0.06035 0.104549 0.07777565 0.06345629 0.04434967 0.02820539 0.05665224 0.06444996 0.06360465 0.04035395 0.05665224 0.06444996 0.06682085 0.104882 0.06360465 0.04035395 0.04434967 0.02820539 0.06360465 0.04035395 0.07777565 0.06345629 0.02337306 0.08708637 0.02337306 0.07945996 0.06016296 0.08708637 0.02337306 0.07945996 0.06018519 0.07945996 0.06016296 0.08708637 0.05997568 0.03370106 0.06018519 0.07945996 0.059946 0.04386979 0.06018519 0.07945996 0.06020724 0.07183349 0.059946 0.04386979 0.02337306 0.07945996 0.02337306 0.07183349 0.06018519 0.07945996 0.02337306 0.07183349 0.06020724 0.07183349 0.06018519 0.07945996 0.02337306 0.09471285 0.02337306 0.08708637 0.06014096 0.09471285 0.02337306 0.08708637 0.06016296 0.08708637 0.06014096 0.09471285 0.0675348 0.04721695 0.06057095 0.03878545 0.07698947 0.08457159 0.06057095 0.03878545 0.07698947 0.07183349 0.07698947 0.08457159 0.07698947 0.07945996 0.06057155 0.0540384 0.05665224 0.0845443 0.06057155 0.0540384 0.06057196 0.06420695 0.05665224 0.0845443 0.07698947 0.07183349 0.06057095 0.03878545 0.07698947 0.07945996 0.06057095 0.03878545 0.06057155 0.0540384 0.07698947 0.07945996 0.03411996 0.08642828 0.04075217 0.09206235 0.06618416 0.09556096 0.04075217 0.09206235 0.05699807 0.06826376 0.06618416 0.09556096 0.09732675 0.07888215 0.09189635 0.06285965 0.06035 0.08900189 0.09189635 0.06285965 0.03556895 0.05816096 0.06035 0.08900189 0.03556865 0.0551306 0.06057095 0.03878545 0.04073685 0.0472272 0.06057095 0.03878545 0.0675348 0.04721695 0.04073685 0.0472272 0.04137086 0.06319379 0.03304618 0.07117378 0.06057155 0.0540384 0.03304618 0.07117378 0.06057196 0.06420695 0.06057155 0.0540384 0.06057095 0.03878545 0.03556865 0.0551306 0.06057155 0.0540384 0.03556865 0.0551306 0.04137086 0.06319379 0.06057155 0.0540384 0.07505047 0.0708127 0.03556865 0.0551306 0.05493247 0.0648415 0.08359396 0.05686748 0.04137086 0.06319379 0.07505047 0.0708127 0.04137086 0.06319379 0.03556865 0.0551306 0.07505047 0.0708127 0.04137086 0.06319379 0.08359396 0.05686748 0.06133407 0.04101169 0.04137086 0.06319379 0.06133407 0.04101169 0.03304618 0.07117378 0.06133407 0.04101169 0.07135397 0.04950535 0.03304618 0.07117378 0.07267558 0.06420695 0.05302548 0.06107985 0.04474687 0.07559776 0.05302548 0.06107985 0.02864956 0.04908728 0.04474687 0.07559776 0.0675348 0.04721695 0.07698947 0.08457159 0.04474687 0.07559776 0.07698947 0.08457159 0.07267558 0.06420695 0.04474687 0.07559776 0.07267558 0.06420695 0.01967537 0.06420695 0.05302548 0.06107985 0.01967537 0.06420695 0.09048759 0.06834757 0.05302548 0.06107985 0.01967537 0.06420695 0.545713 0.05165845 0.09048759 0.06834757 0.545713 0.05165845 0.04964977 0.04897725 0.09048759 0.06834757 0.09048759 0.06834757 0.04964977 0.04897725 0.05844175 0.08540719 0.04964977 0.04897725 0.07397687 0.03694957 0.05844175 0.08540719 0.02864956 0.04908728 0.05302548 0.06107985 0.09048759 0.06834757 0.02864956 0.04908728 0.09048759 0.06834757 0.05844175 0.08540719 0.05844175 0.08540719 0.05579358 0.09232097 0.02864956 0.04908728 0.05579358 0.09232097 0.04474687 0.07559776 0.02864956 0.04908728 0.05579358 0.09232097 0.05844175 0.08540719 0.05493247 0.0648415 0.05844175 0.08540719 0.07397687 0.03694957 0.05493247 0.0648415 0.06088149 0.05731755 0.07397687 0.03694957 0.04964977 0.04897725 0.04964977 0.04897725 0.05446767 0.226422 0.06088149 0.05731755 0.05446767 0.226422 0.0489791 0.09200847 0.06088149 0.05731755 0.06088149 0.05731755 0.0489791 0.09200847 0.194257 0.0385614 0.05699807 0.06826376 0.08359396 0.05686748 0.06618416 0.09556096 0.08359396 0.05686748 0.07505047 0.0708127 0.06618416 0.09556096 0.03556895 0.05816096 0.06133407 0.04101169 0.05699807 0.06826376 0.06133407 0.04101169 0.08359396 0.05686748 0.05699807 0.06826376 0.04075217 0.09206235 0.03556895 0.05816096 0.05699807 0.06826376 0.0675348 0.04721695 0.04474687 0.07559776 0.04073685 0.0472272 0.04474687 0.07559776 0.05579358 0.09232097 0.04073685 0.0472272 0.04073685 0.0472272 0.05579358 0.09232097 0.03556865 0.0551306 0.05579358 0.09232097 0.05493247 0.0648415 0.03556865 0.0551306 0.0675348 0.04721695 0.07698947 0.08457159 0.06057095 0.03878545 0.07698947 0.08457159 0.07698947 0.07183349 0.06057095 0.03878545 0.07698947 0.07945996 0.05665224 0.0845443 0.06057155 0.0540384 0.05665224 0.0845443 0.06057196 0.06420695 0.06057155 0.0540384 0.07698947 0.07183349 0.07698947 0.07945996 0.06057095 0.03878545 0.07698947 0.07945996 0.06057155 0.0540384 0.06057095 0.03878545 0.05986195 0.09647017 0.05349326 0.09280925 0.04075217 0.09206235 0.05349326 0.09280925 0.05699807 0.06826376 0.04075217 0.09206235 0.03556895 0.05816096 0.09189635 0.06285965 0.06035 0.08900189 0.09189635 0.06285965 0.09732675 0.07888215 0.06035 0.08900189 0.04762345 0.0551306 0.04073685 0.0472272 0.06057095 0.03878545 0.04073685 0.0472272 0.0675348 0.04721695 0.06057095 0.03878545 0.04137086 0.06319379 0.06057155 0.0540384 0.03304618 0.07117378 0.06057155 0.0540384 0.06057196 0.06420695 0.03304618 0.07117378 0.06057095 0.03878545 0.06057155 0.0540384 0.04762345 0.0551306 0.06057155 0.0540384 0.04137086 0.06319379 0.04762345 0.0551306 0.04762345 0.0551306 0.08593016 0.06554466 0.06106746 0.05675089 0.08359396 0.05686748 0.08593016 0.06554466 0.04137086 0.06319379 0.08593016 0.06554466 0.04762345 0.0551306 0.04137086 0.06319379 0.04137086 0.06319379 0.06133407 0.04101169 0.08359396 0.05686748 0.04137086 0.06319379 0.03304618 0.07117378 0.06133407 0.04101169 0.03304618 0.07117378 0.07135397 0.04950535 0.06133407 0.04101169 0.07267558 0.06420695 0.04474687 0.07559776 0.05302548 0.06107985 0.04474687 0.07559776 0.02864956 0.04908728 0.05302548 0.06107985 0.0675348 0.04721695 0.04474687 0.07559776 0.07698947 0.08457159 0.04474687 0.07559776 0.07267558 0.06420695 0.07698947 0.08457159 0.05349326 0.09280925 0.02337306 0.04412275 0.05665224 0.104882 0.02337306 0.04412275 0.07930898 0.0663532 0.05665224 0.104882 0.02337306 0.04412275 0.07267558 0.06420695 0.07930898 0.0663532 0.07267558 0.06420695 0.05302548 0.06107985 0.07930898 0.0663532 0.05665224 0.104882 0.07930898 0.0663532 0.05524009 0.04839628 0.07930898 0.0663532 0.05844175 0.08540719 0.05524009 0.04839628 0.07930898 0.0663532 0.05302548 0.06107985 0.02864956 0.04908728 0.02864956 0.04908728 0.05844175 0.08540719 0.07930898 0.0663532 0.05844175 0.08540719 0.02864956 0.04908728 0.05579358 0.09232097 0.02864956 0.04908728 0.04474687 0.07559776 0.05579358 0.09232097 0.05579358 0.09232097 0.06106746 0.05675089 0.05844175 0.08540719 0.06106746 0.05675089 0.05524009 0.04839628 0.05844175 0.08540719 0.06106746 0.05675089 0.08593016 0.06554466 0.05524009 0.04839628 0.08593016 0.06554466 0.0419324 0.06632876 0.05524009 0.04839628 0.05665224 0.104882 0.05524009 0.04839628 0.0419324 0.06632876 0.05699807 0.06826376 0.05349326 0.09280925 0.08359396 0.05686748 0.05349326 0.09280925 0.08593016 0.06554466 0.08359396 0.05686748 0.03556895 0.05816096 0.05699807 0.06826376 0.06133407 0.04101169 0.05699807 0.06826376 0.08359396 0.05686748 0.06133407 0.04101169 0.04075217 0.09206235 0.05699807 0.06826376 0.03556895 0.05816096 0.0675348 0.04721695 0.04073685 0.0472272 0.04474687 0.07559776 0.04073685 0.0472272 0.05579358 0.09232097 0.04474687 0.07559776 0.04073685 0.0472272 0.04762345 0.0551306 0.05579358 0.09232097 0.04762345 0.0551306 0.06106746 0.05675089 0.05579358 0.09232097 0.0419324 0.06632876 0.08593016 0.06554466 0.05665224 0.104882 0.08593016 0.06554466 0.05349326 0.09280925 0.05665224 0.104882 0.07018905 0.06679958 0.09189635 0.06285965 0.09732675 0.07888215 0.05638295 0.09604609 0.0782901 0.0631743 0.05665224 0.04465985 0.0782901 0.0631743 0.07018905 0.06679958 0.05665224 0.04465985 0.0782901 0.0631743 0.05638295 0.09604609 0.07872456 0.07155287 0.05638295 0.09604609 0.07687497 0.02736419 0.07872456 0.07155287 0.07872456 0.07155287 0.07687497 0.02736419 0.05653136 0.08608466 0.07687497 0.02736419 0.01866906 0.06299608 0.05653136 0.08608466 0.0782901 0.0631743 0.07872456 0.07155287 0.07018905 0.06679958 0.07872456 0.07155287 0.05653136 0.08608466 0.07018905 0.06679958 0.09189635 0.06285965 0.07018905 0.06679958 0.05653136 0.08608466 0.01866906 0.06299608 0.03556895 0.05816096 0.05653136 0.08608466 0.03556895 0.05816096 0.09189635 0.06285965 0.05653136 0.08608466 0.06268119 0.04387027 0.07018905 0.06679958 0.09189635 0.06285965 0.07018905 0.06679958 0.09732675 0.07888215 0.09189635 0.06285965 0.06268119 0.04387027 0.05665224 0.0248093 0.07018905 0.06679958 0.05665224 0.0248093 0.05665224 0.04465985 0.07018905 0.06679958 0.05638295 0.09604609 0.05665224 0.0248093 0.07354998 0.06396758 0.05665224 0.0248093 0.06268119 0.04387027 0.07354998 0.06396758 0.07687497 0.02736419 0.05638295 0.09604609 0.07872456 0.07155287 0.05638295 0.09604609 0.07354998 0.06396758 0.07872456 0.07155287 0.07872456 0.07155287 0.05653136 0.08608466 0.07687497 0.02736419 0.05653136 0.08608466 0.01866906 0.06299608 0.07687497 0.02736419 0.06268119 0.04387027 0.05653136 0.08608466 0.07354998 0.06396758 0.05653136 0.08608466 0.07872456 0.07155287 0.07354998 0.06396758 0.06268119 0.04387027 0.09189635 0.06285965 0.05653136 0.08608466 0.09189635 0.06285965 0.03556895 0.05816096 0.05653136 0.08608466 0.03556895 0.05816096 0.01866906 0.06299608 0.05653136 0.08608466 0.05986195 0.09647017 0.02337306 0.04412275 0.05349326 0.09280925 0.0837664 0.104882 0.428896 0.173402 0.07359999 0.05742788 0.428896 0.173402 0.342049 0.00784415 0.07359999 0.05742788 0.342049 0.00784415 0.348828 0.00784415 0.07359999 0.05742788 0.348828 0.00784415 0.08037906 0.06420695 0.07359999 0.05742788 0.348828 0.00784415 0.351565 0.00784415 0.08037906 0.06420695 0.351565 0.00784415 0.08311635 0.07098609 0.08037906 0.06420695 0.355607 0.00784415 0.362386 0.00784415 0.0871582 0.06420695 0.362386 0.00784415 0.09393715 0.05742788 0.0871582 0.06420695 0.351252 0.122452 0.227311 0.308495 0.362386 0.00784415 0.227311 0.308495 0.09393715 0.05742788 0.362386 0.00784415 0.351565 0.00784415 0.355607 0.00784415 0.08311635 0.07098609 0.355607 0.00784415 0.0871582 0.06420695 0.08311635 0.07098609 0.05919957 0.169224 0.177063 0.192385 0.01782357 0.364785 0.177063 0.192385 0.432491 0.202876 0.01782357 0.364785 0.05665224 0.0874471 0.03631496 0.0845443 0.09732675 0.104882 0.03631496 0.0845443 0.01597768 0.104882 0.09732675 0.104882 0.05665224 0.104882 0.05665224 0.04386967 0.05665224 0.0874471 0.05665224 0.04386967 0.03631496 0.0845443 0.05665224 0.0874471 0.15521 0.121783 0.177063 0.192385 0.05665224 0.04386967 0.177063 0.192385 0.03631496 0.0845443 0.05665224 0.04386967 0.03631496 0.0845443 0.177063 0.192385 0.01597768 0.104882 0.177063 0.192385 0.05919957 0.169224 0.01597768 0.104882 0.15521 0.121783 0.05665224 0.04386967 0.03232055 0.287931 0.05665224 0.104882 0.03411996 0.08642828 0.05665224 0.04386967 0.03411996 0.08642828 0.03901928 0.04552316 0.05665224 0.04386967 0.05665224 0.04386967 0.03901928 0.04552316 0.03232055 0.287931 0.03232055 0.287931 0.227311 0.308495 0.15521 0.121783 0.227311 0.308495 0.351252 0.122452 0.15521 0.121783 0.432491 0.202876 0.177063 0.192385 0.351252 0.122452 0.177063 0.192385 0.15521 0.121783 0.351252 0.122452 0.03631496 0.06420695 0.0837664 0.104882 0.05643689 0.03836208 0.0837664 0.104882 0.07398557 0.04435908 0.05643689 0.03836208 0.05919957 0.169224 0.06294667 0.541694 0.193268 0.584977 0.05665224 0.0874471 0.09732675 0.104882 0.03631496 0.0845443 0.09732675 0.104882 0.01597768 0.104882 0.03631496 0.0845443 0.05665224 0.104882 0.05665224 0.0874471 0.05665224 0.04386967 0.05665224 0.0874471 0.03631496 0.0845443 0.05665224 0.04386967 0.15521 0.121783 0.05665224 0.04386967 0.177063 0.192385 0.05665224 0.04386967 0.03631496 0.0845443 0.177063 0.192385 0.03631496 0.0845443 0.01597768 0.104882 0.177063 0.192385 0.01597768 0.104882 0.05919957 0.169224 0.177063 0.192385 0.15521 0.121783 0.03631496 0.06420695 0.05665224 0.04386967 0.05665224 0.104882 0.05665224 0.04386967 0.05643689 0.03836208 0.05665224 0.04386967 0.03631496 0.06420695 0.05643689 0.03836208 0.03631496 0.06420695 0.15521 0.121783 0.0837664 0.104882 0.15521 0.121783 0.428896 0.173402 0.0837664 0.104882 0.297474 0.608629 0.428896 0.173402 0.177063 0.192385 0.428896 0.173402 0.15521 0.121783 0.177063 0.192385 0.03673225 0.06410306 0.0641244 0.06922209 0.03672087 0.07809078 0.0641244 0.06922209 0.06082278 0.08339458 0.03672087 0.07809078 0.05245226 0.05989688 0.0772835 0.03035676 0.07174378 0.06845605 0.0772835 0.03035676 0.0699436 0.05495899 0.07174378 0.06845605 0.05493247 0.0648415 0.07397687 0.03694957 0.07505047 0.0708127 0.07397687 0.03694957 0.06088149 0.05731755 0.07505047 0.0708127 0.495323 0 0.257989 0.28205 0.04866337 0.366869 0.257989 0.28205 0.302658 0.195201 0.04866337 0.366869 0.03556895 0.05816096 0.04075217 0.09206235 0.06035 0.08900189 0.03556895 0.05816096 0.04075217 0.09206235 0.06035 0.08900189 0.03556895 0.05816096 0.06035 0.08900189 0.04075217 0.09206235 0.278326 0.0119369 0.334982 0.122588 0.5 1 0.342049 0.00784415 0.278326 0.0119369 0.388834 1 0.278326 0.0119369 0.5 1 0.388834 1 0.421151 1 0.388834 1 0.563955 1 0.388834 1 0.677519 1 0.563955 1 0.351565 0.00784415 0.348828 0.00784415 0.5 1 0.348828 0.00784415 0.5 1 0.5 1 0.362386 0.00784415 0.355607 0.00784415 0.5 1 0.355607 0.00784415 0.5 1 0.5 1 0.351252 0.122452 0.362386 0.00784415 0.5 1 0.355607 0.00784415 0.351565 0.00784415 0.5 1 0.06294667 0.541694 0.351252 0.122452 0.5 1 0.334982 0.122588 0.648737 0.554314 0.5 1 0.342049 0.00784415 0.428896 0.173402 0.5 1 0.428896 0.173402 1 1 0.5 1 0.47689 1 0.5 1 0.631669 1 0.5 1 0.903205 1 0.631669 1 0.351565 0.00784415 0.348828 0.00784415 0.5 1 0.362386 0.00784415 0.355607 0.00784415 0.5 1 0.355607 0.00784415 0.5 1 0.5 1 0.351252 0.122452 0.362386 0.00784415 0.5 1 0.355607 0.00784415 0.351565 0.00784415 0.5 1 0.432491 0.202876 0.351252 0.122452 0.103 0.943213 0.351252 0.122452 0.5 1 0.103 0.943213 0.01782357 0.364785 0.432491 0.202876 0.123543 0.531615 0.432491 0.202876 0.103 0.943213 0.123543 0.531615 0.05919957 0.169224 0.193268 0.584977 0.177063 0.192385 0.193268 0.584977 0.297474 0.608629 0.177063 0.192385 0.416108 1 0.342049 0.00784415 0.47689 1 0.342049 0.00784415 0.5 1 0.47689 1 0.348828 0.00784415 0.342049 0.00784415 0.5 1 0.342049 0.00784415 0.416108 1 0.5 1 0.329291 1 0.342049 0.00784415 0.421151 1 0.421151 1 0.342049 0.00784415 0.388834 1 0.348828 0.00784415 0.342049 0.00784415 0.5 1 0.342049 0.00784415 0.329291 1 0.5 1 0.05368286 0.0539968 0.07800465 0.08273476 0.0699436 0.05495899 0.07800465 0.08273476 0.198575 0.0385614 0.0699436 0.05495899 0.0699436 0.05495899 0.198575 0.0385614 0.257989 0.28205 0.198575 0.0385614 0.235417 0.308503 0.257989 0.28205 0.06088149 0.05731755 0.194257 0.0385614 0.03232055 0.287931 0.194257 0.0385614 0.227311 0.308495 0.03232055 0.287931 0.04964977 0.04897725 0.545713 0.05165845 0.05446767 0.226422 0.545713 0.05165845 0.548663 0.386489 0.05446767 0.226422 0.482396 0.457837 0.489893 0.500154 0.595143 0.558767 0.450653 0.686839 0.489893 0.500154 0.420448 0.445782 0.151089 0.960413 0.25 0.711396 0.53574 0.86938 0.25 0.711396 0.69468 0.413839 0.53574 0.86938 0.5 0.947833 0.25 0.711396 0.5 0.400864 0.25 0.711396 0.5 0.625 0.5 0.400864 0.302174 0.5 0.5 0.625 0.151089 0.960413 0.5 0.625 0.25 0.711396 0.151089 0.960413 0.25 0.711396 0.5 0.947833 0.69468 0.413839 0.5 0.947833 0.5 0.567644 0.69468 0.413839 0.69468 0.413839 0.5 0.567644 0.53574 0.86938 0.5 0.567644 0.5 0.728175 0.53574 0.86938 0.533551 0.953388 0.461045 0.451513 0.5 0.660778 0.533551 0.953388 0.48489 0.420322 0.461045 0.451513 0.533551 0.953388 0.5 0.728175 0.48489 0.420322 0.5 0.728175 0.5 0.567644 0.48489 0.420322 0.5 0.660778 0.461045 0.451513 1 0.958978 0.461045 0.451513 0.386903 0.858758 1 0.958978 0.386903 0.858758 0.273685 0.267459 1 0.958978 0.273685 0.267459 1 0.571205 1 0.958978 0.5 0.947833 0.30833 0.836749 0.5 0.567644 0.30833 0.836749 0.48489 0.420322 0.5 0.567644 0.30833 0.836749 0.386903 0.858758 0.48489 0.420322 0.386903 0.858758 0.461045 0.451513 0.48489 0.420322 0.5 0.947833 0.5 0.400864 0.30833 0.836749 0.5 0.400864 0.273685 0.05221015 0.30833 0.836749 0.386903 0.858758 0.30833 0.836749 0.273685 0.267459 0.30833 0.836749 0.273685 0.05221015 0.273685 0.267459 0.75 0.70601 0.5 0.5 0.5 0.943433 0.5 0.5614 0.02677857 0.400668 0.5 0.943433 0.02677857 0.400668 0.75 0.70601 0.5 0.943433 0.756845 0.504413 0.60237 0.5 0.75 0.70601 0.60237 0.5 0.5 0.5 0.75 0.70601 0.5 0.943433 0.529484 0.441352 0.5 0.5614 0.529484 0.441352 0.498391 0.0265038 0.5 0.5614 0.25 0.282834 0.498391 0.0265038 0.890446 0.696606 0.498391 0.0265038 0.529484 0.441352 0.890446 0.696606 0.5 0.943433 0.5 0.5 0.529484 0.441352 0.5 0.5 0.633412 0.5 0.529484 0.441352 0.529484 0.441352 0.633412 0.5 0.890446 0.696606 0.633412 0.5 1 0.5 0.890446 0.696606 1 0.5 1 0.958295 0.890446 0.696606 1 0.958295 0.410203 0.767779 0.890446 0.696606 0.410203 0.767779 0.25 0.282834 0.890446 0.696606 0.410203 0.767779 0.338926 0.858736 0.25 0.282834 0.338926 0.858736 0.498391 0.0265038 0.25 0.282834 0.5 0.5614 0.498391 0.0265038 0.5 0.645523 0.498391 0.0265038 0.338926 0.858736 0.5 0.645523 0.02677857 0.400668 0.5 0.5614 0.03344196 0.333937 0.5 0.5614 0.5 0.645523 0.03344196 0.333937 0.02677857 0.400668 0.03344196 0.333937 0.75 0.70601 0.03344196 0.333937 0.756845 0.504413 0.75 0.70601 0.409448 0.525246 0.255238 0.530893 0.463466 0.5 0.255238 0.530893 0.232132 0.923442 0.463466 0.5 0.232132 0.923442 0.255238 0.530893 0.5 0.923791 0.255238 0.530893 0.416467 0.265227 0.5 0.923791 0.5 0.923791 0.416467 0.265227 0.729846 0.5 0.416467 0.265227 0.559045 0.262979 0.729846 0.5 0.559045 0.262979 0.340933 0.532638 0.729846 0.5 0.340933 0.532638 0.375 0.5 0.729846 0.5 0.729846 0.5 0.375 0.5 0.375 0.784651 0.1875 1 0.375 0.424181 0.186498 0.585887 0.375 0.424181 0.341803 0.492894 0.186498 0.585887 0.375 0.424181 0.375 0.5 0.341803 0.492894 0.375 0.5 0.340933 0.532638 0.341803 0.492894 0.186498 0.585887 0.427907 0.269631 0.1875 1 0.427907 0.269631 0.5 0.563481 0.1875 1 0.1875 1 0.5 0.563481 0.145141 1 0.5 0.563481 0.427907 0.269631 0.5 0.944055 0.427907 0.269631 0.436355 0.434196 0.5 0.944055 0.436355 0.434196 0.669455 0.226839 0.5 0.944055 0.669455 0.226839 0.741997 0.245203 0.5 0.944055 0.669455 0.226839 0.496343 0.553661 0.741997 0.245203 0.496343 0.553661 0.482111 0.5 0.741997 0.245203 0.260922 0.743713 0.49161 0.247227 0.232656 1 0.49161 0.247227 0.5 0.764343 0.232656 1 0.5 0.764343 0.49161 0.247227 0.5 0.845601 0.49161 0.247227 0.495608 0.217541 0.5 0.845601 0.496343 0.553661 0.251934 0.550299 0.482111 0.5 0.251934 0.550299 0.23184 0.951303 0.482111 0.5 0.23184 0.951303 0.251934 0.550299 0.731146 0.5 0.251934 0.550299 0.57697 0.257101 0.731146 0.5 0.57697 0.257101 0.241442 0.538568 0.731146 0.5 0.241442 0.538568 0.230973 0.904244 0.731146 0.5 0.230973 0.904244 0.241442 0.538568 0.5 1 0.241442 0.538568 0.396872 0.308845 0.5 1 0.5 1 0.396872 0.308845 0.729853 0.472224 0.396872 0.308845 0.559157 0.199308 0.729853 0.472224 0.559157 0.199308 0.41496 0.537537 0.729853 0.472224 0.41496 0.537537 0.464369 0.5 0.729853 0.472224 0.41496 0.537537 0.260922 0.743713 0.464369 0.5 0.260922 0.743713 0.232656 1 0.464369 0.5 0.5 0.845601 0.495608 0.217541 0.738184 0.5 0.495608 0.217541 0.642808 0.310679 0.738184 0.5 0.642808 0.310679 0.467025 0.540124 0.738184 0.5 0.467025 0.540124 0.474812 0.5 0.738184 0.5 0.467025 0.540124 0.443972 0.538611 0.474812 0.5 0.443972 0.538611 0.469774 0.5 0.474812 0.5 0.443972 0.538611 0.429615 0.526314 0.469774 0.5 0.429615 0.526314 0.466965 0.5 0.469774 0.5 0.429615 0.526314 0.409448 0.525246 0.466965 0.5 0.409448 0.525246 0.463466 0.5 0.466965 0.5 0.450506 0.538225 0.597446 0.708631 0.5 0.531184 0.597446 0.708631 1 0.764364 0.5 0.531184 0.470085 0.535304 0.450506 0.538225 0.5 0.526111 0.450506 0.538225 0.5 0.531184 0.5 0.526111 0.234293 0.371974 0.470085 0.535304 0.5 0.261862 0.470085 0.535304 0.5 0.526111 0.5 0.261862 0.160426 0.538225 0.234293 0.371974 0.852458 0.5 0.234293 0.371974 0.5 0.261862 0.852458 0.5 0.186118 0.539509 0.160426 0.538225 0.832388 0.5 0.160426 0.538225 0.852458 0.5 0.832388 0.5 0.597446 0.708631 0.186118 0.539509 1 0.764364 0.186118 0.539509 0.832388 0.5 1 0.764364 0.5 0.828949 0.584075 0.05684667 0.74989 0.5 0.584075 0.05684667 0.737463 0.153281 0.74989 0.5 0.579682 0.0843119 0.5 0.67141 0.349566 0.509111 0.5 0.67141 0.225 1 0.349566 0.509111 0.556734 0.360946 0.487808 0.5 0.737463 0.153281 0.487808 0.5 0.74989 0.5 0.737463 0.153281 0.5 0.67141 0.579682 0.0843119 0.5 0.828949 0.579682 0.0843119 0.584075 0.05684667 0.5 0.828949 0.481514 0.356533 0.318282 0.407231 0.45 0.5 0.318282 0.407231 0.225 1 0.45 0.5 0.225 1 0.318282 0.407231 0.725 0.5 0.318282 0.407231 0.670872 0.03533345 0.725 0.5 0.670872 0.03533345 0.349566 0.509111 0.725 0.5 0.349566 0.509111 0.225 1 0.725 0.5 0.45 0.5 0.487808 0.5 0.481514 0.356533 0.487808 0.5 0.556734 0.360946 0.481514 0.356533 0 1 0.296611 0.53801 1 1 0.296611 0.53801 0.616802 0.49903 1 1 0 1 0.333474 0.549495 1 1 0.333474 0.549495 0.7856 0.391374 1 1 0 1 0.42603 0.632642 1 1 0.42603 0.632642 0.833135 0.374273 1 1 0.534365 0.498036 0.50389 0.859045 0.5 0 0 1 0 0 0.459603 0.73938 0 0 0.560543 0.285562 0.459603 0.73938 0 1 0 0 0.355984 0.643671 0 0 0.560526 0.253364 0.355984 0.643671 0.42603 0.632642 0.7856 0.391374 0.333474 0.549495 0.296611 0.53801 0.50389 0.859045 0.534365 0.498036 0.355984 0.643671 0.274894 0.532248 0.461221 0.498144 0.417747 0.518838 0.833135 0.374273 0.42603 0.632642 0.42603 0.632642 0.616802 0.49903 0.417747 0.518838 0.534365 0.498036 0.747828 0.362737 0.296611 0.53801 0.747828 0.362737 0.417747 0.518838 0.296611 0.53801 0.333474 0.549495 0.616802 0.49903 0.42603 0.632642 0.534365 0.498036 0.459603 0.73938 0.461221 0.498144 0.560543 0.285562 0.461221 0.498144 0.459603 0.73938 0.2029899 0.50311 0.274894 0.532248 0.355984 0.643671 0.560526 0.253364 0.2029899 0.50311 0.355984 0.643671 0.2029899 0.50311 0.340622 0.511458 0.274894 0.532248 0.340622 0.511458 0.340622 0.531896 0.274894 0.532248 0.355984 0.643671 0.461221 0.498144 0.560543 0.285562 0.417747 0.518838 0.616802 0.49903 0.296611 0.53801 0.534365 0.498036 0.461221 0.498144 0.238887 0.320212 0.534365 0.498036 0.238887 0.320212 0.747828 0.362737 0.238887 0.320212 0.461221 0.498144 0.352528 0.352527 0.461221 0.498144 0.5 0.5 0.352528 0.352527 0 0.88619 0.417747 0.518838 1 1 0.417747 0.518838 0.747828 0.362737 1 1 0.441137 0.282167 0.461493 0.190294 0.291705 0.556204 0.63197 0.182699 0.291705 0.556204 0.462943 0.1793889 0.291705 0.556204 0.461493 0.190294 0.462943 0.1793889 0.5 1 0.453778 0.182207 0.5 1 0.453778 0.182207 0.426011 0.185473 0.5 1 0.1875 1 0.308663 0.495094 0.5 1 0.308663 0.495094 0.453778 0.182207 0.5 1 0.5 1 0.426011 0.185473 0.5 1 0.426011 0.185473 0.370543 0.184292 0.5 1 0.5 1 0.370543 0.184292 0.6875 0.5 0.370543 0.184292 0.518839 0.156917 0.6875 0.5 0.518839 0.156917 0.186051 0.530247 0.6875 0.5 0.186051 0.530247 0.1875 1 0.6875 0.5 0.186051 0.530247 0.417614 0.293058 0.1875 1 0.417614 0.293058 0.5 0.562274 0.1875 1 0.5 0.562274 0.417614 0.293058 0.5 0.852377 0.417614 0.293058 0.446967 0.189336 0.5 0.852377 0.5 0.852377 0.446967 0.189336 0.5 0.977585 0.446967 0.189336 0.449818 0.252344 0.5 0.977585 0.5 0.977585 0.449818 0.252344 0.5 0.897834 0.449818 0.252344 0.462943 0.1793889 0.5 0.897834 0.5 0.897834 0.462943 0.1793889 0.5 0.876756 0.462943 0.1793889 0.461493 0.190294 0.5 0.876756 0.5 0.876756 0.461493 0.190294 0.5 0.98071 0.461493 0.190294 0.441137 0.282167 0.5 0.98071 0.5 0.98071 0.441137 0.282167 0.5 0.863862 0.441137 0.282167 0.438595 0.18831 0.5 0.863862 0.5 0.863862 0.438595 0.18831 0.5 0.561518 0.438595 0.18831 0.411212 0.285915 0.5 0.561518 0.411212 0.285915 0.519415 0.198966 0.5 0.561518 0.519415 0.198966 0.6875 0.5 0.5 0.561518 0.519415 0.198966 0.186055 0.541903 0.6875 0.5 0.186055 0.541903 0.1875 1 0.6875 0.5 0.186055 0.541903 0.405428 0.2464359 0.1875 1 0.405428 0.2464359 0.5 0.560841 0.1875 1 0.5 0.560841 0.405428 0.2464359 0.5 0.940269 0.405428 0.2464359 0.41615 0.2231979 0.5 0.940269 0.5 0.940269 0.41615 0.2231979 0.731331 0.469858 0.41615 0.2231979 0.579248 0.196258 0.731331 0.469858 0.229469 1 0.460946 0.546397 0.219664 0.579827 0.460946 0.546397 0.39052 0.552623 0.219664 0.579827 0.460946 0.546397 0.731331 0.469858 0.39052 0.552623 0.731331 0.469858 0.579248 0.196258 0.39052 0.552623 0.229469 1 0.219664 0.579827 0.5 0.884177 0.219664 0.579827 0.401637 0.174899 0.5 0.884177 0.5 0.884177 0.401637 0.174899 0.5 1 0.401637 0.174899 0.40418 0.2325029 0.5 1 0.5 1 0.40418 0.2325029 0.5 0.971893 0.40418 0.2325029 0.409021 0.240813 0.5 0.971893 0.5 0.971893 0.409021 0.240813 0.5 0.836618 0.409021 0.240813 0.423454 0.173637 0.5 0.836618 0.5 0.836618 0.423454 0.173637 0.730291 0.5 0.423454 0.173637 0.565622 0.253302 0.730291 0.5 0.565622 0.253302 0.24744 0.69394 0.730291 0.5 0.24744 0.69394 0.2314569 1 0.730291 0.5 0.24744 0.69394 0.631657 0.192614 0.2314569 1 0.631657 0.192614 0.73675 0.296404 0.2314569 1 0.631657 0.192614 0.291705 0.556204 0.73675 0.296404 0.291705 0.556204 0.235945 1 0.73675 0.296404 0.235945 1 0.291705 0.556204 0.736789 0.450675 0.291705 0.556204 0.63197 0.182699 0.736789 0.450675 0.63197 0.182699 0.317827 0.630003 0.736789 0.450675 0.317827 0.630003 0.2393209 1 0.736789 0.450675 0.2393209 1 0.317827 0.630003 0.742038 0.382375 0.317827 0.630003 0.669727 0.2042019 0.742038 0.382375 0.669727 0.2042019 0.339704 0.606485 0.742038 0.382375 0.339704 0.606485 0.24255 0.651976 0.742038 0.382375 0.5 1 0.24255 0.651976 0.567423 0.216632 0.24255 0.651976 0.339704 0.606485 0.567423 0.216632 0.5 1 0.567423 0.216632 0.5 1 0.567423 0.216632 0.571515 0.210913 0.5 1 0.5 1 0.571515 0.210913 0.6875 0.5 0.571515 0.210913 0.722072 0.23489 0.6875 0.5 0.6875 0.5 0.722072 0.23489 0.375 0.5 0.722072 0.23489 0.553938 0.532591 0.375 0.5 0.375 0.5 0.375 0.5 0.529258 0.530152 0.375 0.5 0.553938 0.532591 0.529258 0.530152 0.1875 1 0.375 0.5 0.347544 0.521413 0.375 0.5 0.529258 0.530152 0.347544 0.521413 0.347544 0.521413 0.648466 0.215173 0.1875 1 0.648466 0.215173 0.738949 0.107005 0.1875 1 0.648466 0.215173 0.309478 0.513294 0.738949 0.107005 0.309478 0.513294 0.1875 1 0.738949 0.107005 0.650952 0.171201 0.308663 0.495094 0.6875 0.5 0.308663 0.495094 0.1875 1 0.6875 0.5 0.1875 1 0.309478 0.513294 0.6875 0.5 0.309478 0.513294 0.650952 0.171201 0.6875 0.5 0.561521 0.1558409 0.233199 0.527068 0.730009 0.5 0.233199 0.527068 0.230356 1 0.730009 0.5 0.230356 1 0.233199 0.527068 0.5 0.846822 0.233199 0.527068 0.441577 0.09536385 0.5 0.846822 0.5 0.846822 0.441577 0.09536385 0.5 0.87544 0.441577 0.09536385 0.446106 0.0650559 0.5 0.87544 0.5 0.87544 0.446106 0.0650559 0.5 0.994183 0.446106 0.0650559 0.431629 0.1371369 0.5 0.994183 0.5 0.994183 0.431629 0.1371369 0.5 0.871146 0.431629 0.1371369 0.430911 0.05653285 0.5 0.871146 0.5 0.871146 0.430911 0.05653285 0.730009 0.5 0.430911 0.05653285 0.561521 0.1558409 0.730009 0.5 0.1875 1 0.187772 0.421585 0.5 1 0.187772 0.421585 0.387769 0.08790439 0.5 1 0.5 1 0.387769 0.08790439 0.5 1 0.387769 0.08790439 0.399353 0.106067 0.5 1 0.5 1 0.399353 0.106067 0.5 1 0.399353 0.106067 0.442188 0.08645457 0.5 1 0.5 1 0.442188 0.08645457 0.5 1 0.442188 0.08645457 0.452885 0.09851861 0.5 1 0.5 1 0.452885 0.09851861 0.5 0.680552 0.452885 0.09851861 0.478536 0.104559 0.5 0.680552 0.5 0.680552 0.478536 0.104559 0.725 0.5 0.478536 0.104559 0.654451 0.07907837 0.725 0.5 0.654451 0.07907837 0.331488 0.519848 0.725 0.5 0.331488 0.519848 0.225 1 0.725 0.5 0.225 1 0.331488 0.519848 0.725 0.5 0.331488 0.519848 0.716653 0.09674108 0.725 0.5 0.225 1 0.725 0.5 0.360143 0.405864 0.725 0.5 0.716653 0.09674108 0.360143 0.405864 0.225 1 0.360143 0.405864 0.5 1 0.360143 0.405864 0.50681 0.110608 0.5 1 0.5 1 0.50681 0.110608 0.5 1 0.50681 0.110608 0.503405 0.07609349 0.5 1 0.5 1 0.503405 0.07609349 0.5 1 0.503405 0.07609349 0.473173 0.13485 0.5 1 0.5 1 0.473173 0.13485 0.5 0.674148 0.473173 0.13485 0.472074 0.05757987 0.5 0.674148 0.5 1 0.5 0.674148 0.439302 0.08224058 0.5 0.674148 0.472074 0.05757987 0.439302 0.08224058 0.5 1 0.439302 0.08224058 0.5 1 0.439302 0.08224058 0.439899 0.07057917 0.5 1 0.5 1 0.439899 0.07057917 0.5 1 0.439899 0.07057917 0.452696 0.06465905 0.5 1 0.5 1 0.452696 0.06465905 1 1 0.452696 0.06465905 0.453147 0.07030755 1 1 0 1 0.453147 0.07030755 1 1 0.453147 0.07030755 0.560706 0.102423 1 1 0.560706 0.102423 0.221813 0.377561 0.375 0 0.221813 0.377561 0.375 1 0.375 0 0 1 0.221813 0.377561 1 1 0.221813 0.377561 0.521231 0.0646618 1 1 0.1875 1 0.375 0.423613 0.187772 0.421585 0.375 0.423613 0.343459 0.347251 0.187772 0.421585 0.375 0.423613 0.375 0 0.343459 0.347251 0.375 0 0.521231 0.0646618 0.343459 0.347251 0 0.423735 0.725 0.5 0 0.5 0 0.423735 0 0.5 1 0.309792 0 0.5 0.5 0.119585 1 0.309792 0.998104 0.361404 0.494675 0.722446 0.713272 0.503188 0.494675 0.722446 0.63323 0.336099 0.713272 0.503188 0.713272 0.503188 0.63323 0.336099 0.754291 0.25156 0.63323 0.336099 0.39053 0.339859 0.754291 0.25156 0.754291 0.25156 1 0.309792 0.713272 0.503188 1 0.309792 0.998104 0.361404 0.713272 0.503188 0.02353906 0.31406 0 0.423735 0.754291 0.25156 0 0.423735 1 0.309792 0.754291 0.25156 0.291991 0.457429 0.02353906 0.31406 0.39053 0.339859 0.02353906 0.31406 0.754291 0.25156 0.39053 0.339859 0.343405 0.660824 0.39053 0.339859 0.494675 0.722446 0.39053 0.339859 0.63323 0.336099 0.494675 0.722446 0.572662 0.125062 0.343405 0.660824 0.6875 0.25 0.343405 0.660824 0.494675 0.722446 0.6875 0.25 0.6875 0.25 0.494675 0.722446 0.1875 1 0.452229 0.09523689 0.572662 0.125062 0.5 0.75 0.572662 0.125062 0.6875 0.25 0.5 0.75 0.320456 1 0.455856 0.09542167 0.5 0.75 0.455856 0.09542167 0.452229 0.09523689 0.5 0.75 0.320456 1 0.281826 0.355356 0.455856 0.09542167 0.281826 0.355356 0.5 0.677678 0.455856 0.09542167 0.455856 0.09542167 0.5 0.677678 0.475637 0.09632259 0.225 1 0.347862 0.374259 0.5 0.677678 0.347862 0.374259 0.475637 0.09632259 0.5 0.677678 0.676128 0.156428 0.347862 0.374259 0.725 0.5 0.347862 0.374259 0.225 1 0.725 0.5 0.02353906 0.31406 0.725 0.5 0 0.423735 0.02353906 0.31406 0.291991 0.457429 0.725 0.5 0.725 0.5 0.291991 0.457429 0.676128 0.156428 0.5 0.2135969 0.1875 1 0.998104 0.361404 0.1875 1 0.494675 0.722446 0.998104 0.361404 0.5 0.2135969 0.998104 0.361404 0.5 0.119585 0.998104 0.361404 1 0.309792 0.5 0.119585 0.349506 0.76605 0.411749 0.336403 0.500763 0.742225 0.411749 0.336403 0.612002 0.339168 0.500763 0.742225 1 0.714449 0.500763 0.742225 0.689777 0.50634 0.500763 0.742225 0.612002 0.339168 0.689777 0.50634 0.411749 0.336403 0.754177 0.256351 0.612002 0.339168 0.754177 0.256351 0.689777 0.50634 0.612002 0.339168 1 0.714449 0.689777 0.50634 0.75 0.5 0.689777 0.50634 0.754177 0.256351 0.75 0.5 0.0305134 0.318851 0 0.403459 0.754177 0.256351 0 0.403459 0.75 0.5 0.754177 0.256351 0.411749 0.336403 0.50403 0.341147 0.754177 0.256351 0.50403 0.341147 0.0305134 0.318851 0.754177 0.256351 0.75 0.5 0.51048 0.001491367 1 0.714449 0.51048 0.001491367 1 0.542778 1 0.714449 0 0.403459 0 0.09149628 0.75 0.5 0 0.09149628 0.51048 0.001491367 0.75 0.5 0 0.403459 0.725 0.464981 0 0.5 0.725 0.464981 0 1 0 0.5 0.45 0.5 0.725 0.464981 0.558509 0.432737 0.725 0.464981 0.50403 0.341147 0.558509 0.432737 0.558509 0.432737 0.500013 0.426022 0.45 0.5 0.500013 0.426022 0.45 0.5 0.45 0.5 0.500013 0.426022 0.349506 0.76605 0.45 0.5 0.349506 0.76605 0.225 0.948377 0.45 0.5 0.225 0.948377 0.349506 0.76605 0.500763 0.742225 0.225 0.948377 0.500763 0.742225 1 0.542778 0.500763 0.742225 1 0.714449 1 0.542778 0.0305134 0.318851 0.50403 0.341147 0.725 0.464981 0.0305134 0.318851 0.725 0.464981 0 0.403459 0.5 0.659354 0.09044206 0.472116 0.5 0.563508 0.09044206 0.472116 0.05568116 0.127981 0.5 0.563508 0.5 0.836035 0.62898 0.08004158 0.930918 0.001170635 0.5 0.659354 0.5 0.563508 0.5 0.836035 0.5 0.563508 0.62898 0.08004158 0.5 0.836035 0.5 0.935199 0.242794 0.433861 0.5 0.563508 0.242794 0.433861 0.62898 0.08004158 0.5 0.563508 0.5 0.563508 0.05568116 0.127981 0.5 0.935199 0.05568116 0.127981 0.728707 0.451308 0.5 0.935199 0.42888 0.75 0.5 0.794063 0.728707 0.451308 0.5 0.794063 0.5 0.935199 0.728707 0.451308 0.5 0.794063 0.3724 0.861606 0.5 0.935199 0.3724 0.861606 0.242794 0.433861 0.5 0.935199 0.5 0.750416 0.03253096 0.283766 0.5 0.5614 0.03253096 0.283766 0.02677857 0.400668 0.5 0.5614 1 0.5 1 0.9342 0.740691 0 1 0.9342 0.600783 0.150457 0.740691 0 0.5 0.5614 0.647694 0.256714 0.5 0.750416 0.647694 0.256714 0.600783 0.150457 0.5 0.750416 0.5 0.750416 0.600783 0.150457 1 0.9342 0.02677857 0.400668 0.03253096 0.283766 0.75 0.70601 0.03253096 0.283766 0.722925 0.457797 0.75 0.70601 0.5 0.5614 0.02677857 0.400668 0.5 0.943433 0.02677857 0.400668 0.75 0.70601 0.5 0.943433 0.5 0.943433 0.213845 0.501147 0.5 0.5614 0.213845 0.501147 0.647694 0.256714 0.5 0.5614 0.75 0.70601 0.5 0.486975 0.5 0.943433 0.5 0.486975 0.5 0.585168 0.5 0.943433 0.722925 0.457797 0.473762 0.07745629 0.75 0.70601 0.473762 0.07745629 0.5 0.486975 0.75 0.70601 0.5 0.943433 0.5 0.585168 0.213845 0.501147 0.5 0.585168 0.4277 0.626702 0.213845 0.501147 0.5 1 0.508833 0.263451 0.5 1 0.508833 0.263451 0.500108 0.278689 0.5 1 0.5 1 0.489768 0.309108 0.5 1 0.489768 0.309108 0.508833 0.263451 0.5 1 0.5 1 0.486855 0.297058 0.5 1 0.486855 0.297058 0.489768 0.309108 0.5 1 0.5 1 0.500108 0.278689 0.5 1 0.500108 0.278689 0.486855 0.297058 0.5 1 0.494618 0.545669 0.505754 0.561717 0.444535 0.541454 0.505754 0.561717 0.451098 0.556805 0.444535 0.541454 0 0 0.999999 0.01173114 0 0.5 0.999999 0.01173114 1 0.5 0 0.5 0 0 1 0.049977 0 0.5 1 0.049977 1 0.5 0 0.5 0.151089 0.960413 0.25 0.711396 0.53574 0.86938 0.25 0.711396 0.69468 0.413839 0.53574 0.86938 0.5 0.947833 0.25 0.711396 0.5 0.400864 0.25 0.711396 0.5 0.625 0.5 0.400864 0.302174 0.5 0.5 0.625 0.151089 0.960413 0.5 0.625 0.25 0.711396 0.151089 0.960413 0.25 0.711396 0.5 0.947833 0.69468 0.413839 0.5 0.947833 0.5 0.567644 0.69468 0.413839 0.69468 0.413839 0.5 0.567644 0.53574 0.86938 0.5 0.567644 0.5 0.728175 0.53574 0.86938 0.533551 0.953388 0.461045 0.451513 0.5 0.660778 0.533551 0.953388 0.48489 0.420322 0.461045 0.451513 0.533551 0.953388 0.5 0.728175 0.48489 0.420322 0.5 0.728175 0.5 0.567644 0.48489 0.420322 0.5 0.660778 0.461045 0.451513 1 0.958978 0.461045 0.451513 0.386903 0.858758 1 0.958978 0.386903 0.858758 0.273685 0.267459 1 0.958978 0.273685 0.267459 1 0.571205 1 0.958978 0.5 0.947833 0.30833 0.836749 0.5 0.567644 0.30833 0.836749 0.48489 0.420322 0.5 0.567644 0.30833 0.836749 0.386903 0.858758 0.48489 0.420322 0.386903 0.858758 0.461045 0.451513 0.48489 0.420322 0.5 0.947833 0.5 0.400864 0.30833 0.836749 0.5 0.400864 0.273685 0.05221015 0.30833 0.836749 0.386903 0.858758 0.30833 0.836749 0.273685 0.267459 0.30833 0.836749 0.273685 0.05221015 0.273685 0.267459 0.75 0.70601 0.5 0.5 0.5 0.943433 0.5 0.5614 0.02677857 0.400668 0.5 0.943433 0.02677857 0.400668 0.75 0.70601 0.5 0.943433 0.756845 0.504413 0.60237 0.5 0.75 0.70601 0.60237 0.5 0.5 0.5 0.75 0.70601 0.5 0.943433 0.529484 0.441352 0.5 0.5614 0.529484 0.441352 0.498391 0.0265038 0.5 0.5614 0.25 0.282834 0.498391 0.0265038 0.890446 0.696606 0.498391 0.0265038 0.529484 0.441352 0.890446 0.696606 0.5 0.943433 0.5 0.5 0.529484 0.441352 0.5 0.5 0.633412 0.5 0.529484 0.441352 0.529484 0.441352 0.633412 0.5 0.890446 0.696606 0.633412 0.5 1 0.5 0.890446 0.696606 1 0.5 1 0.958295 0.890446 0.696606 1 0.958295 0.410203 0.767779 0.890446 0.696606 0.410203 0.767779 0.25 0.282834 0.890446 0.696606 0.410203 0.767779 0.338926 0.858736 0.25 0.282834 0.338926 0.858736 0.498391 0.0265038 0.25 0.282834 0.5 0.5614 0.498391 0.0265038 0.5 0.645523 0.498391 0.0265038 0.338926 0.858736 0.5 0.645523 0.02677857 0.400668 0.5 0.5614 0.03344196 0.333937 0.5 0.5614 0.5 0.645523 0.03344196 0.333937 0.02677857 0.400668 0.03344196 0.333937 0.75 0.70601 0.03344196 0.333937 0.756845 0.504413 0.75 0.70601 0.409448 0.525246 0.255238 0.530893 0.463466 0.5 0.255238 0.530893 0.232132 0.923442 0.463466 0.5 0.232132 0.923442 0.255238 0.530893 0.5 0.923791 0.255238 0.530893 0.416467 0.265227 0.5 0.923791 0.5 0.923791 0.416467 0.265227 0.729846 0.5 0.416467 0.265227 0.559045 0.262979 0.729846 0.5 0.559045 0.262979 0.340933 0.532638 0.729846 0.5 0.340933 0.532638 0.375 0.5 0.729846 0.5 0.729846 0.5 0.375 0.5 0.375 0.784651 0.1875 1 0.375 0.424181 0.186498 0.585887 0.375 0.424181 0.341803 0.492894 0.186498 0.585887 0.375 0.424181 0.375 0.5 0.341803 0.492894 0.375 0.5 0.340933 0.532638 0.341803 0.492894 0.186498 0.585887 0.427907 0.269631 0.1875 1 0.427907 0.269631 0.5 0.563481 0.1875 1 0.1875 1 0.5 0.563481 0.145141 1 0.5 0.563481 0.427907 0.269631 0.5 0.944055 0.427907 0.269631 0.436355 0.434196 0.5 0.944055 0.436355 0.434196 0.669455 0.226839 0.5 0.944055 0.669455 0.226839 0.741997 0.245203 0.5 0.944055 0.669455 0.226839 0.496343 0.553661 0.741997 0.245203 0.496343 0.553661 0.482111 0.5 0.741997 0.245203 0.260922 0.743713 0.49161 0.247227 0.232656 1 0.49161 0.247227 0.5 0.764343 0.232656 1 0.5 0.764343 0.49161 0.247227 0.5 0.845601 0.49161 0.247227 0.495608 0.217541 0.5 0.845601 0.496343 0.553661 0.251934 0.550299 0.482111 0.5 0.251934 0.550299 0.23184 0.951303 0.482111 0.5 0.23184 0.951303 0.251934 0.550299 0.731146 0.5 0.251934 0.550299 0.57697 0.257101 0.731146 0.5 0.57697 0.257101 0.241442 0.538568 0.731146 0.5 0.241442 0.538568 0.230973 0.904244 0.731146 0.5 0.230973 0.904244 0.241442 0.538568 0.5 1 0.241442 0.538568 0.396872 0.308845 0.5 1 0.5 1 0.396872 0.308845 0.729853 0.472224 0.396872 0.308845 0.559157 0.199308 0.729853 0.472224 0.559157 0.199308 0.41496 0.537537 0.729853 0.472224 0.41496 0.537537 0.464369 0.5 0.729853 0.472224 0.41496 0.537537 0.260922 0.743713 0.464369 0.5 0.260922 0.743713 0.232656 1 0.464369 0.5 0.5 0.845601 0.495608 0.217541 0.738184 0.5 0.495608 0.217541 0.642808 0.310679 0.738184 0.5 0.642808 0.310679 0.467025 0.540124 0.738184 0.5 0.467025 0.540124 0.474812 0.5 0.738184 0.5 0.467025 0.540124 0.443972 0.538611 0.474812 0.5 0.443972 0.538611 0.469774 0.5 0.474812 0.5 0.443972 0.538611 0.429615 0.526314 0.469774 0.5 0.429615 0.526314 0.466965 0.5 0.469774 0.5 0.429615 0.526314 0.409448 0.525246 0.466965 0.5 0.409448 0.525246 0.463466 0.5 0.466965 0.5 0.450506 0.538225 0.597446 0.708631 0.5 0.531184 0.597446 0.708631 1 0.764364 0.5 0.531184 0.470085 0.535304 0.450506 0.538225 0.5 0.526111 0.450506 0.538225 0.5 0.531184 0.5 0.526111 0.234293 0.371974 0.470085 0.535304 0.5 0.261862 0.470085 0.535304 0.5 0.526111 0.5 0.261862 0.160426 0.538225 0.234293 0.371974 0.852458 0.5 0.234293 0.371974 0.5 0.261862 0.852458 0.5 0.186118 0.539509 0.160426 0.538225 0.832388 0.5 0.160426 0.538225 0.852458 0.5 0.832388 0.5 0.597446 0.708631 0.186118 0.539509 1 0.764364 0.186118 0.539509 0.832388 0.5 1 0.764364 0.5 0.828949 0.584075 0.05684667 0.74989 0.5 0.584075 0.05684667 0.737463 0.153281 0.74989 0.5 0.579682 0.0843119 0.5 0.67141 0.349566 0.509111 0.5 0.67141 0.225 1 0.349566 0.509111 0.556734 0.360946 0.487808 0.5 0.737463 0.153281 0.487808 0.5 0.74989 0.5 0.737463 0.153281 0.5 0.67141 0.579682 0.0843119 0.5 0.828949 0.579682 0.0843119 0.584075 0.05684667 0.5 0.828949 0.481514 0.356533 0.318282 0.407231 0.45 0.5 0.318282 0.407231 0.225 1 0.45 0.5 0.225 1 0.318282 0.407231 0.725 0.5 0.318282 0.407231 0.670872 0.03533345 0.725 0.5 0.670872 0.03533345 0.349566 0.509111 0.725 0.5 0.349566 0.509111 0.225 1 0.725 0.5 0.45 0.5 0.487808 0.5 0.481514 0.356533 0.487808 0.5 0.556734 0.360946 0.481514 0.356533 0 1 0.296611 0.53801 1 1 0.296611 0.53801 0.616802 0.49903 1 1 0 1 0.333474 0.549495 1 1 0.333474 0.549495 0.7856 0.391374 1 1 0 1 0.42603 0.632642 1 1 0.42603 0.632642 0.833135 0.374273 1 1 0.534365 0.498036 0.50389 0.859045 0.5 0 0 1 0 0 0.459603 0.73938 0 0 0.560543 0.285562 0.459603 0.73938 0 1 0 0 0.355984 0.643671 0 0 0.560526 0.253364 0.355984 0.643671 0.42603 0.632642 0.7856 0.391374 0.333474 0.549495 0.296611 0.53801 0.50389 0.859045 0.534365 0.498036 0.355984 0.643671 0.274894 0.532248 0.461221 0.498144 0.417747 0.518838 0.833135 0.374273 0.42603 0.632642 0.42603 0.632642 0.616802 0.49903 0.417747 0.518838 0.534365 0.498036 0.747828 0.362737 0.296611 0.53801 0.747828 0.362737 0.417747 0.518838 0.296611 0.53801 0.333474 0.549495 0.616802 0.49903 0.42603 0.632642 0.534365 0.498036 0.459603 0.73938 0.461221 0.498144 0.560543 0.285562 0.461221 0.498144 0.459603 0.73938 0.2029899 0.50311 0.274894 0.532248 0.355984 0.643671 0.560526 0.253364 0.2029899 0.50311 0.355984 0.643671 0.2029899 0.50311 0.340622 0.511458 0.274894 0.532248 0.340622 0.511458 0.340622 0.531896 0.274894 0.532248 0.355984 0.643671 0.461221 0.498144 0.560543 0.285562 0.417747 0.518838 0.616802 0.49903 0.296611 0.53801 0.534365 0.498036 0.461221 0.498144 0.238887 0.320212 0.534365 0.498036 0.238887 0.320212 0.747828 0.362737 0.238887 0.320212 0.461221 0.498144 0.385175 0.385175 0.461221 0.498144 0.5 0.5 0.385175 0.385175 0 0.88619 0.417747 0.518838 1 1 0.417747 0.518838 0.747828 0.362737 1 1 0.5 1 0.453778 0.182207 0.5 1 0.453778 0.182207 0.426011 0.185473 0.5 1 0.1875 1 0.308663 0.495094 0.5 1 0.308663 0.495094 0.453778 0.182207 0.5 1 0.5 1 0.426011 0.185473 0.5 1 0.426011 0.185473 0.370543 0.184292 0.5 1 0.5 1 0.370543 0.184292 0.6875 0.5 0.370543 0.184292 0.518839 0.156917 0.6875 0.5 0.518839 0.156917 0.186051 0.530247 0.6875 0.5 0.186051 0.530247 0.1875 1 0.6875 0.5 0.186051 0.530247 0.417614 0.293058 0.1875 1 0.417614 0.293058 0.5 0.562274 0.1875 1 0.5 0.562274 0.417614 0.293058 0.5 0.852377 0.417614 0.293058 0.446967 0.189336 0.5 0.852377 0.5 0.852377 0.446967 0.189336 0.5 0.977585 0.446967 0.189336 0.449818 0.252344 0.5 0.977585 0.5 0.977585 0.449818 0.252344 0.5 0.897834 0.449818 0.252344 0.462943 0.1793889 0.5 0.897834 0.5 0.897834 0.462943 0.1793889 0.5 0.876756 0.462943 0.1793889 0.461493 0.190294 0.5 0.876756 0.5 0.876756 0.461493 0.190294 0.5 0.98071 0.461493 0.190294 0.441137 0.282167 0.5 0.98071 0.5 0.98071 0.441137 0.282167 0.5 0.863862 0.441137 0.282167 0.438595 0.18831 0.5 0.863862 0.5 0.863862 0.438595 0.18831 0.5 0.561518 0.438595 0.18831 0.411212 0.285915 0.5 0.561518 0.411212 0.285915 0.519415 0.198966 0.5 0.561518 0.519415 0.198966 0.6875 0.5 0.5 0.561518 0.519415 0.198966 0.186055 0.541903 0.6875 0.5 0.186055 0.541903 0.1875 1 0.6875 0.5 0.186055 0.541903 0.405428 0.2464359 0.1875 1 0.405428 0.2464359 0.5 0.560841 0.1875 1 0.5 0.560841 0.405428 0.2464359 0.5 0.940269 0.405428 0.2464359 0.41615 0.2231979 0.5 0.940269 0.5 0.940269 0.41615 0.2231979 0.731331 0.469858 0.41615 0.2231979 0.579248 0.196258 0.731331 0.469858 0.229469 1 0.460946 0.546397 0.219664 0.579827 0.460946 0.546397 0.39052 0.552623 0.219664 0.579827 0.460946 0.546397 0.731331 0.469858 0.39052 0.552623 0.731331 0.469858 0.579248 0.196258 0.39052 0.552623 0.229469 1 0.219664 0.579827 0.5 0.884177 0.219664 0.579827 0.401637 0.174899 0.5 0.884177 0.5 0.884177 0.401637 0.174899 0.5 1 0.401637 0.174899 0.40418 0.2325029 0.5 1 0.5 1 0.40418 0.2325029 0.5 0.971893 0.40418 0.2325029 0.409021 0.240813 0.5 0.971893 0.5 0.971893 0.409021 0.240813 0.5 0.836618 0.409021 0.240813 0.423454 0.173637 0.5 0.836618 0.5 0.836618 0.423454 0.173637 0.730291 0.5 0.423454 0.173637 0.565622 0.253302 0.730291 0.5 0.565622 0.253302 0.24744 0.69394 0.730291 0.5 0.24744 0.69394 0.2314569 1 0.730291 0.5 0.24744 0.69394 0.631657 0.192614 0.2314569 1 0.631657 0.192614 0.73675 0.296404 0.2314569 1 0.631657 0.192614 0.291705 0.556204 0.73675 0.296404 0.291705 0.556204 0.235945 1 0.73675 0.296404 0.235945 1 0.291705 0.556204 0.736789 0.450675 0.291705 0.556204 0.63197 0.182699 0.736789 0.450675 0.63197 0.182699 0.317827 0.630003 0.736789 0.450675 0.317827 0.630003 0.2393209 1 0.736789 0.450675 0.2393209 1 0.317827 0.630003 0.742038 0.382375 0.317827 0.630003 0.669727 0.2042019 0.742038 0.382375 0.669727 0.2042019 0.339704 0.606485 0.742038 0.382375 0.339704 0.606485 0.24255 0.651976 0.742038 0.382375 0.5 1 0.24255 0.651976 0.567423 0.216632 0.24255 0.651976 0.339704 0.606485 0.567423 0.216632 0.5 1 0.567423 0.216632 0.5 1 0.567423 0.216632 0.571515 0.210913 0.5 1 0.5 1 0.571515 0.210913 0.6875 0.5 0.571515 0.210913 0.722072 0.23489 0.6875 0.5 0.6875 0.5 0.722072 0.23489 0.375 0.5 0.722072 0.23489 0.553938 0.532591 0.375 0.5 0.375 0.5 0.375 0.5 0.529258 0.530152 0.375 0.5 0.553938 0.532591 0.529258 0.530152 0.1875 1 0.375 0.5 0.347544 0.521413 0.375 0.5 0.529258 0.530152 0.347544 0.521413 0.347544 0.521413 0.648466 0.215173 0.1875 1 0.648466 0.215173 0.738949 0.107005 0.1875 1 0.648466 0.215173 0.309478 0.513294 0.738949 0.107005 0.309478 0.513294 0.1875 1 0.738949 0.107005 0.650952 0.171201 0.308663 0.495094 0.6875 0.5 0.308663 0.495094 0.1875 1 0.6875 0.5 0.1875 1 0.309478 0.513294 0.6875 0.5 0.309478 0.513294 0.650952 0.171201 0.6875 0.5 0.561521 0.1558409 0.233199 0.527068 0.730009 0.5 0.233199 0.527068 0.230356 1 0.730009 0.5 0.230356 1 0.233199 0.527068 0.5 0.846822 0.233199 0.527068 0.441577 0.09536385 0.5 0.846822 0.5 0.846822 0.441577 0.09536385 0.5 0.87544 0.441577 0.09536385 0.446106 0.0650559 0.5 0.87544 0.5 0.87544 0.446106 0.0650559 0.5 0.994183 0.446106 0.0650559 0.431629 0.1371369 0.5 0.994183 0.5 0.994183 0.431629 0.1371369 0.5 0.871146 0.431629 0.1371369 0.430911 0.05653285 0.5 0.871146 0.5 0.871146 0.430911 0.05653285 0.730009 0.5 0.430911 0.05653285 0.561521 0.1558409 0.730009 0.5 0.1875 1 0.187772 0.421585 0.5 1 0.187772 0.421585 0.387769 0.08790439 0.5 1 0.5 1 0.387769 0.08790439 0.5 1 0.387769 0.08790439 0.399353 0.106067 0.5 1 0.5 1 0.399353 0.106067 0.5 1 0.399353 0.106067 0.442188 0.08645457 0.5 1 0.5 1 0.442188 0.08645457 0.5 1 0.442188 0.08645457 0.452885 0.09851861 0.5 1 0.5 1 0.452885 0.09851861 0.5 0.680552 0.452885 0.09851861 0.478536 0.104559 0.5 0.680552 0.5 0.680552 0.478536 0.104559 0.725 0.5 0.478536 0.104559 0.654451 0.07907837 0.725 0.5 0.654451 0.07907837 0.331488 0.519848 0.725 0.5 0.331488 0.519848 0.225 1 0.725 0.5 0.225 1 0.331488 0.519848 0.725 0.5 0.331488 0.519848 0.716653 0.09674108 0.725 0.5 0.225 1 0.725 0.5 0.360143 0.405864 0.725 0.5 0.716653 0.09674108 0.360143 0.405864 0.225 1 0.360143 0.405864 0.5 1 0.360143 0.405864 0.50681 0.110608 0.5 1 0.5 1 0.50681 0.110608 0.5 1 0.50681 0.110608 0.503405 0.07609349 0.5 1 0.5 1 0.503405 0.07609349 0.5 1 0.503405 0.07609349 0.473173 0.13485 0.5 1 0.5 1 0.473173 0.13485 0.5 0.674148 0.473173 0.13485 0.472074 0.05757987 0.5 0.674148 0.5 1 0.5 0.674148 0.439302 0.08224058 0.5 0.674148 0.472074 0.05757987 0.439302 0.08224058 0.5 1 0.439302 0.08224058 0.5 1 0.439302 0.08224058 0.439899 0.07057917 0.5 1 0.5 1 0.439899 0.07057917 0.5 1 0.439899 0.07057917 0.452696 0.06465905 0.5 1 0.5 1 0.452696 0.06465905 1 1 0.452696 0.06465905 0.453147 0.07030755 1 1 0 1 0.453147 0.07030755 1 1 0.453147 0.07030755 0.560706 0.102423 1 1 0.560706 0.102423 0.221813 0.377561 0.375 0 0.221813 0.377561 0.375 1 0.375 0 0 1 0.221813 0.377561 1 1 0.221813 0.377561 0.521231 0.0646618 1 1 0.1875 1 0.375 0.423613 0.187772 0.421585 0.375 0.423613 0.343459 0.347251 0.187772 0.421585 0.375 0.423613 0.375 0 0.343459 0.347251 0.375 0 0.521231 0.0646618 0.343459 0.347251 0 0.423735 0.725 0.5 0 0.5 0 0.423735 0 0.5 1 0.30972 0 0.5 0.500607 0.11944 1 0.30972 0.997702 0.361404 0.494675 0.722446 0.713272 0.503188 0.494675 0.722446 0.63323 0.336099 0.713272 0.503188 0.713272 0.503188 0.63323 0.336099 0.754291 0.25156 0.63323 0.336099 0.39053 0.339859 0.754291 0.25156 0.754291 0.25156 1 0.30972 0.713272 0.503188 1 0.30972 0.997702 0.361404 0.713272 0.503188 0.02353906 0.31406 0 0.423735 0.754291 0.25156 0 0.423735 1 0.30972 0.754291 0.25156 0.291991 0.457429 0.02353906 0.31406 0.39053 0.339859 0.02353906 0.31406 0.754291 0.25156 0.39053 0.339859 0.343405 0.660824 0.39053 0.339859 0.494675 0.722446 0.39053 0.339859 0.63323 0.336099 0.494675 0.722446 0.572662 0.125062 0.343405 0.660824 0.6875 0.25 0.343405 0.660824 0.494675 0.722446 0.6875 0.25 0.6875 0.25 0.494675 0.722446 0.1875 1 0.452229 0.09523689 0.572662 0.125062 0.5 0.75 0.572662 0.125062 0.6875 0.25 0.5 0.75 0.320456 1 0.455856 0.09542167 0.5 0.75 0.455856 0.09542167 0.452229 0.09523689 0.5 0.75 0.320456 1 0.281826 0.355356 0.455856 0.09542167 0.281826 0.355356 0.5 0.677678 0.455856 0.09542167 0.455856 0.09542167 0.5 0.677678 0.475637 0.09632259 0.225 1 0.347862 0.374259 0.5 0.677678 0.347862 0.374259 0.475637 0.09632259 0.5 0.677678 0.676128 0.156428 0.347862 0.374259 0.725 0.5 0.347862 0.374259 0.225 1 0.725 0.5 0.02353906 0.31406 0.725 0.5 0 0.423735 0.02353906 0.31406 0.291991 0.457429 0.725 0.5 0.725 0.5 0.291991 0.457429 0.676128 0.156428 0.5 0.2135969 0.1875 1 0.997702 0.361404 0.1875 1 0.494675 0.722446 0.997702 0.361404 0.5 0.2135969 0.997702 0.361404 0.500607 0.11944 0.997702 0.361404 1 0.30972 0.500607 0.11944 0.349506 0.76605 0.411749 0.336403 0.500763 0.742225 0.411749 0.336403 0.612002 0.339168 0.500763 0.742225 1 0.714449 0.500763 0.742225 0.689777 0.50634 0.500763 0.742225 0.612002 0.339168 0.689777 0.50634 0.411749 0.336403 0.754177 0.256351 0.612002 0.339168 0.754177 0.256351 0.689777 0.50634 0.612002 0.339168 1 0.714449 0.689777 0.50634 0.75 0.5 0.689777 0.50634 0.754177 0.256351 0.75 0.5 0.0305134 0.318851 0 0.403459 0.754177 0.256351 0 0.403459 0.75 0.5 0.754177 0.256351 0.411749 0.336403 0.50403 0.341147 0.754177 0.256351 0.50403 0.341147 0.0305134 0.318851 0.754177 0.256351 0.75 0.5 0.51048 0.001491367 1 0.714449 0.51048 0.001491367 1 0.542778 1 0.714449 0 0.403459 0 0.09149628 0.75 0.5 0 0.09149628 0.51048 0.001491367 0.75 0.5 0 0.403459 0.725 0.464981 0 1 0.45 0.5 0.725 0.464981 0.558509 0.432737 0.725 0.464981 0.50403 0.341147 0.558509 0.432737 0.558509 0.432737 0.500013 0.426022 0.45 0.5 0.500013 0.426022 0.45 0.5 0.45 0.5 0.500013 0.426022 0.349506 0.76605 0.45 0.5 0.349506 0.76605 0.225 0.948377 0.45 0.5 0.225 0.948377 0.349506 0.76605 0.500763 0.742225 0.225 0.948377 0.500763 0.742225 1 0.542778 0.500763 0.742225 1 0.714449 1 0.542778 0.0305134 0.318851 0.50403 0.341147 0.725 0.464981 0.0305134 0.318851 0.725 0.464981 0 0.403459 0.5 0.659354 0.09044206 0.472116 0.5 0.563508 0.09044206 0.472116 0.05568116 0.127981 0.5 0.563508 0.5 0.836035 0.62898 0.08004158 0.930918 0.001170635 0.5 0.659354 0.5 0.563508 0.5 0.836035 0.5 0.563508 0.62898 0.08004158 0.5 0.836035 0.5 0.935199 0.242794 0.433861 0.5 0.563508 0.242794 0.433861 0.62898 0.08004158 0.5 0.563508 0.5 0.563508 0.05568116 0.127981 0.5 0.935199 0.05568116 0.127981 0.728707 0.451308 0.5 0.935199 0.42888 0.75 0.5 0.794063 0.728707 0.451308 0.5 0.794063 0.5 0.935199 0.728707 0.451308 0.5 0.794063 0.3724 0.861606 0.5 0.935199 0.3724 0.861606 0.242794 0.433861 0.5 0.935199 0.5 0.750416 0.03253096 0.283766 0.5 0.5614 0.03253096 0.283766 0.02677857 0.400668 0.5 0.5614 1 0.5 1 0.9342 0.740691 0 1 0.9342 0.600783 0.150457 0.740691 0 0.5 0.5614 0.647694 0.256714 0.5 0.750416 0.647694 0.256714 0.600783 0.150457 0.5 0.750416 0.5 0.750416 0.600783 0.150457 1 0.9342 0.02677857 0.400668 0.03253096 0.283766 0.75 0.70601 0.03253096 0.283766 0.722925 0.457797 0.75 0.70601 0.5 0.5614 0.02677857 0.400668 0.5 0.943433 0.02677857 0.400668 0.75 0.70601 0.5 0.943433 0.5 0.943433 0.213845 0.501147 0.5 0.5614 0.213845 0.501147 0.647694 0.256714 0.5 0.5614 0.75 0.70601 0.5 0.486975 0.5 0.943433 0.5 0.486975 0.5 0.585168 0.5 0.943433 0.722925 0.457797 0.473762 0.07745629 0.75 0.70601 0.473762 0.07745629 0.5 0.486975 0.75 0.70601 0.5 0.943433 0.5 0.585168 0.213845 0.501147 0.5 0.585168 0.4277 0.626702 0.213845 0.501147 0.5 1 0.508833 0.263451 0.5 1 0.508833 0.263451 0.500108 0.278689 0.5 1 0.5 1 0.489768 0.309108 0.5 1 0.489768 0.309108 0.508833 0.263451 0.5 1 0.5 1 0.486855 0.297058 0.5 1 0.486855 0.297058 0.489768 0.309108 0.5 1 0.5 1 0.500108 0.278689 0.5 1 0.500108 0.278689 0.486855 0.297058 0.5 1 0.494618 0.545669 0.505754 0.561717 0.444535 0.541454 0.505754 0.561717 0.451098 0.556805 0.444535 0.541454 0 0 0.999999 0.01173114 0 0.5 0.999999 0.01173114 1 0.5 0 0.5 0 0 1 0.049977 0 0.5 1 0.049977 1 0.5 0 0.5 0.01646 0.02653777 0.01668494 0.104882 0.07371199 0.06396579 0.01668494 0.104882 0.09661936 0.104882 0.07371199 0.06396579 0.01668494 0.104882 0.09661936 0.104882 0.05665224 0.06189978 0.09661936 0.104882 0.08760219 0.02377355 0.05665224 0.06189978 0.07371199 0.06396579 0.05665224 0.06189978 0.01646 0.02653777 0.05665224 0.06189978 0.08760219 0.02377355 0.01646 0.02653777 0.01646 0.02653777 0.01668494 0.104882 0.07371199 0.06396579 0.01668494 0.104882 0.09661936 0.104882 0.07371199 0.06396579 0.01668494 0.104882 0.09661936 0.104882 0.05665224 0.06189978 0.09661936 0.104882 0.08760219 0.02377355 0.05665224 0.06189978 0.07371199 0.06396579 0.05665224 0.06189978 0.01646 0.02653777 0.05665224 0.06189978 0.08760219 0.02377355 0.01646 0.02653777</float_array>
          <technique_common>
            <accessor source="#_1_geo_id-mesh-map-0-array" count="6708" stride="2">
              <param name="S" type="float"/>
              <param name="T" type="float"/>
            </accessor>
          </technique_common>
        </source>
        <vertices id="_1_geo_id-mesh-vertices">
          <input semantic="POSITION" source="#_1_geo_id-mesh-positions"/>
        </vertices>
        <triangles material="CW_Pegasus2A_Mat-material" count="2236">
          <input semantic="VERTEX" source="#_1_geo_id-mesh-vertices" offset="0"/>
          <input semantic="NORMAL" source="#_1_geo_id-mesh-normals" offset="1"/>
          <input semantic="TEXCOORD" source="#_1_geo_id-mesh-map-0" offset="2" set="0"/>
          <p>0 0 0 1 1 1 2 2 2 1 1 3 3 3 4 2 2 5 3 3 6 4 4 7 2 2 8 4 4 9 5 5 10 2 2 11 2 2 12 5 5 13 6 6 14 7 7 15 8 8 16 9 9 17 10 10 18 1 1 19 0 0 20 11 11 21 12 12 22 13 13 23 12 12 24 14 14 25 13 13 26 15 15 27 16 16 28 17 17 29 18 18 30 19 19 31 20 20 32 19 19 33 21 21 34 20 20 35 20 20 36 21 21 37 22 22 38 23 23 39 20 20 40 24 24 41 20 20 42 22 22 43 24 24 44 25 25 45 23 23 46 26 26 47 23 23 48 24 24 49 26 26 50 25 25 51 26 26 52 27 27 53 26 26 54 28 28 55 27 27 56 29 29 57 30 30 58 31 31 59 30 30 60 32 32 61 31 31 62 33 33 63 29 29 64 34 34 65 29 29 66 31 31 67 34 34 68 33 33 69 34 34 70 35 35 71 34 34 72 36 36 73 35 35 74 37 37 75 38 38 76 39 39 77 40 40 78 41 41 79 42 42 80 41 41 81 43 43 82 42 42 83 5 5 84 44 44 85 6 6 86 44 44 87 45 45 88 6 6 89 44 44 90 46 46 91 45 45 92 46 46 93 47 47 94 45 45 95 45 45 96 47 47 97 39 39 98 47 47 99 37 37 100 39 39 101 5 5 102 40 40 103 44 44 104 40 40 105 42 42 106 44 44 107 48 48 108 46 46 109 42 42 110 46 46 111 44 44 112 42 42 113 43 43 114 49 49 115 42 42 116 49 49 117 48 48 118 42 42 119 19 19 120 15 15 121 21 21 122 15 15 123 17 17 124 21 21 125 8 8 126 5 5 127 9 9 128 5 5 129 4 4 130 9 9 131 9 9 132 50 50 133 7 7 134 50 50 135 51 51 136 7 7 137 52 52 138 53 52 139 54 52 140 55 53 141 56 54 142 57 55 143 56 54 144 58 56 145 57 55 146 58 56 147 59 57 148 57 55 149 59 57 150 60 58 151 57 55 152 57 55 153 60 58 154 61 59 155 62 60 156 63 61 157 64 62 158 65 63 159 56 54 160 55 53 161 66 64 162 67 65 163 68 66 164 67 65 165 69 67 166 68 66 167 70 68 168 71 69 169 72 70 170 73 71 171 74 72 172 75 73 173 74 72 174 76 74 175 75 73 176 75 73 177 76 74 178 77 75 179 78 76 180 75 73 181 79 77 182 75 73 183 77 75 184 79 77 185 80 78 186 78 76 187 81 79 188 78 76 189 79 77 190 81 79 191 80 78 192 81 79 193 82 80 194 81 79 195 83 81 196 82 80 197 84 82 198 85 83 199 86 84 200 85 83 201 87 85 202 86 84 203 88 86 204 84 82 205 89 87 206 84 82 207 86 84 208 89 87 209 88 86 210 89 87 211 90 88 212 89 87 213 91 89 214 90 88 215 92 90 216 93 91 217 94 92 218 95 93 219 96 94 220 97 95 221 96 94 222 98 96 223 97 95 224 60 58 225 99 97 226 61 59 227 99 97 228 100 98 229 61 59 230 99 97 231 101 99 232 100 98 233 101 99 234 102 100 235 100 98 236 100 98 237 102 100 238 94 92 239 102 100 240 92 90 241 94 92 242 60 58 243 95 93 244 99 97 245 95 93 246 97 95 247 99 97 248 103 101 249 101 99 250 97 95 251 101 99 252 99 97 253 97 95 254 98 96 255 104 102 256 97 95 257 104 102 258 103 101 259 97 95 260 74 72 261 70 68 262 76 74 263 70 68 264 72 70 265 76 74 266 63 61 267 60 58 268 64 62 269 60 58 270 59 57 271 64 62 272 64 62 273 105 103 274 62 60 275 105 103 276 106 104 277 62 60 278 107 105 279 108 105 280 109 105 281 110 106 282 111 107 283 112 108 284 111 107 285 113 109 286 112 108 287 114 110 288 115 111 289 116 112 290 115 111 291 117 113 292 116 112 293 118 114 294 119 115 295 115 111 296 119 115 297 117 113 298 115 111 299 120 116 300 121 117 301 122 118 302 121 117 303 123 119 304 122 118 305 122 118 306 123 119 307 124 120 308 123 119 309 125 121 310 124 120 311 126 122 312 127 123 313 124 120 314 128 124 315 110 106 316 112 108 317 129 125 318 130 126 319 131 127 320 132 128 321 129 125 322 133 129 323 112 108 324 134 130 325 135 131 326 134 130 327 136 132 328 135 131 329 134 130 330 112 108 331 137 133 332 112 108 333 138 134 334 137 133 335 112 108 336 113 109 337 139 135 338 135 131 339 140 136 340 112 108 341 141 137 342 129 125 343 131 127 344 133 129 345 129 125 346 142 138 347 142 138 348 129 125 349 143 139 350 129 125 351 141 137 352 143 139 353 144 140 354 145 140 355 146 140 356 147 141 357 148 142 358 149 143 359 148 144 360 150 145 361 149 146 362 151 147 363 152 148 364 153 149 365 152 148 366 154 150 367 153 149 368 114 110 369 116 112 370 152 148 371 116 112 372 154 150 373 152 148 374 132 128 375 134 130 376 155 151 377 134 130 378 156 152 379 155 151 380 156 152 381 134 130 382 157 153 383 129 125 384 132 128 385 158 154 386 132 128 387 155 151 388 158 154 389 159 155 390 160 156 391 161 157 392 160 156 393 162 158 394 161 157 395 163 159 396 161 157 397 164 160 398 161 157 399 162 158 400 164 160 401 163 159 402 164 160 403 118 114 404 164 160 405 119 115 406 118 114 407 136 132 408 134 130 409 133 129 410 134 130 411 132 128 412 133 129 413 165 161 414 160 156 415 159 155 416 158 154 417 166 162 418 129 125 419 166 162 420 130 126 421 129 125 422 160 156 423 165 161 424 167 163 425 165 161 426 168 164 427 167 163 428 167 163 429 168 164 430 169 165 431 112 108 432 140 136 433 128 124 434 170 166 435 171 167 436 172 168 437 171 167 438 173 169 439 172 168 440 171 167 441 160 156 442 173 169 443 160 156 444 167 163 445 173 169 446 174 170 447 170 166 448 175 171 449 170 166 450 172 168 451 175 171 452 176 172 453 174 170 454 177 173 455 174 170 456 175 171 457 177 173 458 178 174 459 176 172 460 179 175 461 176 172 462 177 173 463 179 175 464 180 176 465 181 177 466 182 178 467 181 177 468 183 179 469 182 178 470 178 174 471 179 175 472 183 179 473 179 175 474 182 178 475 183 179 476 184 180 477 185 181 478 186 182 479 185 181 480 187 183 481 186 182 482 186 182 483 187 183 484 188 184 485 188 184 486 189 185 487 186 182 488 189 185 489 190 186 490 186 182 491 191 187 492 192 188 493 193 189 494 194 190 495 195 191 496 196 192 497 195 191 498 197 193 499 196 192 500 198 194 501 199 195 502 200 196 503 199 195 504 201 197 505 200 196 506 199 195 507 202 198 508 201 197 509 202 198 510 203 199 511 201 197 512 204 200 513 187 183 514 205 201 515 187 183 516 185 181 517 205 201 518 206 202 519 204 200 520 207 203 521 204 200 522 205 201 523 207 203 524 191 187 525 193 189 526 195 191 527 193 189 528 197 193 529 195 191 530 208 204 531 209 205 532 210 206 533 211 207 534 212 208 535 213 209 536 212 208 537 210 206 538 213 209 539 214 210 540 215 211 541 216 212 542 215 211 543 217 213 544 216 212 545 218 214 546 219 215 547 220 216 548 220 216 549 221 217 550 222 218 551 220 216 552 223 219 553 221 217 554 224 220 555 225 221 556 226 222 557 225 221 558 227 223 559 226 222 560 228 224 561 224 220 562 226 222 563 229 225 564 227 223 565 230 226 566 227 223 567 225 221 568 230 226 569 210 206 570 212 208 571 208 204 572 231 227 573 229 225 574 230 226 575 219 215 576 217 228 577 220 216 578 232 229 579 233 230 580 234 231 581 232 229 582 223 219 583 233 230 584 221 217 585 223 219 586 232 229 587 220 216 588 222 218 589 218 214 590 235 232 591 236 233 592 237 234 593 236 233 594 238 235 595 237 234 596 239 236 597 240 237 598 241 238 599 239 236 600 242 239 601 240 237 602 243 240 603 236 233 604 244 241 605 236 233 606 235 232 607 244 241 608 196 192 609 245 242 610 194 190 611 245 242 612 246 243 613 194 190 614 245 242 615 243 240 616 246 243 617 243 240 618 244 241 619 246 243 620 234 231 621 247 244 622 241 238 623 247 244 624 239 236 625 241 238 626 232 229 627 234 231 628 241 238 629 126 122 630 124 120 631 125 121 632 248 245 633 249 246 634 250 247 635 249 246 636 251 248 637 250 247 638 252 249 639 253 250 640 254 251 641 253 250 642 255 252 643 254 251 644 256 253 645 257 254 646 253 250 647 257 254 648 255 252 649 253 250 650 258 255 651 259 256 652 260 257 653 259 256 654 261 258 655 260 257 656 260 257 657 261 258 658 262 259 659 261 258 660 263 260 661 262 259 662 264 261 663 265 262 664 262 259 665 266 263 666 248 245 667 250 247 668 267 264 669 268 265 670 269 266 671 270 267 672 267 264 673 271 268 674 250 247 675 272 269 676 273 270 677 272 269 678 274 271 679 273 270 680 272 269 681 250 247 682 275 272 683 250 247 684 276 273 685 275 272 686 250 247 687 251 248 688 277 274 689 273 270 690 278 275 691 250 247 692 279 276 693 267 264 694 269 266 695 271 268 696 267 264 697 280 277 698 280 277 699 267 264 700 281 278 701 267 264 702 279 276 703 281 278 704 282 279 705 283 280 706 284 281 707 285 282 708 286 283 709 287 284 710 286 285 711 288 286 712 287 287 713 289 288 714 290 289 715 291 290 716 290 289 717 292 291 718 291 290 719 252 249 720 254 251 721 290 289 722 254 251 723 292 291 724 290 289 725 270 267 726 272 269 727 293 292 728 272 269 729 294 293 730 293 292 731 294 293 732 272 269 733 295 294 734 267 264 735 270 267 736 296 295 737 270 267 738 293 292 739 296 295 740 297 296 741 298 297 742 299 298 743 298 297 744 300 299 745 299 298 746 301 300 747 299 298 748 302 301 749 299 298 750 300 299 751 302 301 752 301 300 753 302 301 754 256 253 755 302 301 756 257 254 757 256 253 758 274 271 759 272 269 760 271 268 761 272 269 762 270 267 763 271 268 764 303 302 765 298 297 766 297 296 767 296 295 768 304 303 769 267 264 770 304 303 771 268 265 772 267 264 773 298 297 774 303 302 775 305 304 776 303 302 777 306 305 778 305 304 779 305 304 780 306 305 781 307 306 782 250 247 783 278 275 784 266 263 785 308 307 786 309 308 787 310 309 788 309 308 789 311 310 790 310 309 791 309 308 792 298 297 793 311 310 794 298 297 795 305 304 796 311 310 797 312 311 798 308 307 799 313 312 800 308 307 801 310 309 802 313 312 803 314 313 804 312 311 805 315 314 806 312 311 807 313 312 808 315 314 809 316 315 810 314 313 811 317 316 812 314 313 813 315 314 814 317 316 815 318 317 816 319 318 817 320 319 818 319 318 819 321 320 820 320 319 821 316 315 822 317 316 823 321 320 824 317 316 825 320 319 826 321 320 827 322 321 828 323 322 829 324 323 830 323 322 831 325 324 832 324 323 833 324 323 834 325 324 835 326 325 836 326 325 837 327 326 838 324 323 839 327 326 840 328 327 841 324 323 842 329 328 843 330 329 844 331 330 845 332 331 846 333 332 847 334 333 848 333 332 849 335 334 850 334 333 851 336 335 852 337 336 853 338 337 854 337 336 855 339 338 856 338 337 857 337 336 858 340 339 859 339 338 860 340 339 861 341 340 862 339 338 863 342 341 864 325 324 865 343 342 866 325 324 867 323 322 868 343 342 869 344 343 870 342 341 871 345 344 872 342 341 873 343 342 874 345 344 875 329 328 876 331 330 877 333 332 878 331 330 879 335 334 880 333 332 881 346 345 882 347 346 883 348 347 884 349 348 885 350 349 886 351 350 887 350 349 888 348 347 889 351 350 890 330 329 891 352 351 892 331 330 893 352 351 894 335 334 895 331 330 896 353 352 897 334 333 898 352 351 899 352 351 900 354 353 901 355 354 902 352 351 903 356 355 904 354 353 905 357 356 906 358 357 907 359 358 908 358 357 909 360 359 910 359 358 911 361 360 912 357 356 913 359 358 914 362 361 915 360 359 916 363 362 917 360 359 918 358 357 919 363 362 920 348 347 921 350 349 922 346 345 923 364 363 924 362 361 925 363 362 926 334 333 927 335 334 928 352 351 929 365 364 930 366 365 931 367 366 932 365 364 933 356 355 934 366 365 935 354 353 936 356 355 937 365 364 938 352 351 939 355 354 940 353 352 941 368 367 942 369 368 943 370 369 944 369 368 945 371 370 946 370 369 947 372 371 948 373 372 949 374 373 950 372 371 951 375 374 952 373 372 953 376 375 954 369 368 955 377 376 956 369 368 957 368 367 958 377 376 959 334 333 960 378 377 961 332 331 962 378 377 963 379 378 964 332 331 965 378 377 966 376 375 967 379 378 968 376 375 969 377 376 970 379 378 971 367 366 972 380 379 973 374 373 974 380 379 975 372 371 976 374 373 977 365 364 978 367 366 979 374 373 980 264 261 981 262 259 982 263 260 983 381 380 984 382 380 985 383 380 986 382 381 987 384 381 988 383 381 989 385 382 990 386 383 991 387 384 992 386 383 993 388 385 994 387 384 995 389 386 996 390 387 997 388 385 998 390 387 999 387 384 1000 388 385 1001 390 387 1002 389 386 1003 391 388 1004 389 386 1005 392 389 1006 391 388 1007 393 390 1008 388 385 1009 386 383 1010 394 391 1011 393 390 1012 395 392 1013 393 390 1014 386 383 1015 395 392 1016 393 390 1017 394 391 1018 396 393 1019 393 390 1020 396 393 1021 389 386 1022 396 393 1023 392 389 1024 389 386 1025 393 390 1026 389 386 1027 388 385 1028 397 394 1029 398 395 1030 399 396 1031 398 395 1032 400 397 1033 399 396 1034 401 398 1035 398 395 1036 402 399 1037 398 395 1038 397 394 1039 402 399 1040 402 399 1041 403 400 1042 401 398 1043 403 400 1044 404 401 1045 401 398 1046 405 402 1047 406 402 1048 407 402 1049 406 403 1050 408 403 1051 407 403 1052 409 404 1053 410 405 1054 411 406 1055 410 407 1056 412 408 1057 411 409 1058 413 410 1059 414 411 1060 415 412 1061 414 413 1062 416 414 1063 415 415 1064 417 416 1065 414 411 1066 413 410 1067 418 417 1068 419 418 1069 420 419 1070 419 418 1071 421 420 1072 420 419 1073 422 421 1074 420 419 1075 423 422 1076 420 419 1077 421 420 1078 423 422 1079 424 423 1080 419 418 1081 425 424 1082 419 418 1083 418 417 1084 425 424 1085 426 425 1086 427 426 1087 413 410 1088 427 426 1089 417 416 1090 413 410 1091 428 427 1092 429 428 1093 430 429 1094 429 430 1095 431 431 1096 430 432 1097 426 425 1098 432 433 1099 427 426 1100 432 433 1101 433 434 1102 427 426 1103 434 435 1104 435 436 1105 436 437 1106 435 438 1107 437 439 1108 436 440 1109 438 441 1110 439 442 1111 440 443 1112 438 441 1113 441 444 1114 439 442 1115 439 442 1116 441 444 1117 442 445 1118 441 444 1119 443 446 1120 442 445 1121 438 441 1122 440 443 1123 444 447 1124 440 443 1125 445 448 1126 444 447 1127 445 448 1128 446 449 1129 444 447 1130 446 449 1131 447 450 1132 444 447 1133 448 451 1134 449 452 1135 446 449 1136 449 452 1137 447 450 1138 446 449 1139 450 453 1140 451 454 1141 449 452 1142 451 454 1143 452 455 1144 449 452 1145 453 456 1146 454 457 1147 455 458 1148 454 457 1149 456 459 1150 455 458 1151 455 458 1152 456 459 1153 457 460 1154 456 459 1155 458 461 1156 457 460 1157 459 462 1158 460 463 1159 461 464 1160 460 465 1161 462 466 1162 461 467 1163 463 468 1164 441 444 1165 444 447 1166 441 444 1167 438 441 1168 444 447 1169 464 469 1170 465 470 1171 466 471 1172 465 472 1173 467 473 1174 466 474 1175 463 468 1176 444 447 1177 468 475 1178 444 447 1179 447 450 1180 468 475 1181 469 476 1182 468 475 1183 470 477 1184 468 475 1185 447 450 1186 470 477 1187 469 476 1188 470 477 1189 471 478 1190 470 477 1191 472 479 1192 471 478 1193 470 477 1194 447 450 1195 449 452 1196 470 477 1197 452 455 1198 472 479 1199 470 477 1200 449 452 1201 452 455 1202 440 443 1203 439 442 1204 442 445 1205 445 448 1206 440 443 1207 442 445 1208 473 480 1209 474 480 1210 475 480 1211 476 481 1212 477 481 1213 478 481 1214 477 482 1215 479 482 1216 478 482 1217 480 483 1218 481 483 1219 482 483 1220 481 484 1221 483 484 1222 482 484 1223 484 485 1224 485 486 1225 486 487 1226 485 488 1227 487 489 1228 486 490 1229 488 491 1230 489 491 1231 490 491 1232 489 492 1233 491 492 1234 490 492 1235 492 493 1236 493 493 1237 494 493 1238 493 494 1239 495 494 1240 494 494 1241 475 495 1242 474 495 1243 496 495 1244 474 496 1245 497 497 1246 496 498 1247 498 499 1248 499 499 1249 500 499 1250 499 500 1251 501 500 1252 500 500 1253 502 501 1254 503 501 1255 504 501 1256 503 502 1257 505 502 1258 504 502 1259 506 503 1260 507 503 1261 508 503 1262 507 504 1263 509 504 1264 508 504 1265 510 505 1266 511 505 1267 512 505 1268 511 506 1269 513 506 1270 512 506 1271 514 507 1272 515 507 1273 516 507 1274 515 508 1275 517 508 1276 516 508 1277 518 509 1278 519 510 1279 520 511 1280 519 510 1281 521 512 1282 520 511 1283 522 513 1284 523 514 1285 520 511 1286 523 514 1287 518 509 1288 520 511 1289 524 515 1290 525 516 1291 526 517 1292 525 518 1293 527 519 1294 526 520 1295 524 521 1296 526 522 1297 528 523 1298 529 524 1299 530 524 1300 531 524 1301 530 525 1302 532 525 1303 531 525 1304 533 526 1305 534 527 1306 535 528 1307 536 529 1308 537 530 1309 538 531 1310 537 532 1311 539 533 1312 538 534 1313 533 526 1314 540 535 1315 534 527 1316 541 536 1317 542 537 1318 543 538 1319 542 537 1320 544 539 1321 543 538 1322 545 540 1323 546 541 1324 544 539 1325 546 541 1326 543 538 1327 544 539 1328 547 542 1329 545 540 1330 548 543 1331 545 540 1332 544 539 1333 548 543 1334 548 543 1335 544 539 1336 542 537 1337 549 544 1338 550 545 1339 542 537 1340 542 537 1341 550 545 1342 551 546 1343 549 544 1344 542 537 1345 541 536 1346 552 547 1347 553 548 1348 554 549 1349 553 550 1350 555 551 1351 554 552 1352 556 553 1353 557 554 1354 558 555 1355 557 556 1356 559 557 1357 558 558 1358 560 559 1359 561 560 1360 562 561 1361 561 562 1362 563 563 1363 562 564 1364 542 537 1365 551 546 1366 548 543 1367 564 565 1368 565 565 1369 566 565 1370 567 566 1371 568 567 1372 569 568 1373 570 569 1374 551 546 1375 571 570 1376 551 546 1377 550 545 1378 571 570 1379 572 571 1380 573 572 1381 574 573 1382 573 574 1383 575 575 1384 574 576 1385 567 566 1386 569 568 1387 576 577 1388 569 568 1389 577 578 1390 576 577 1391 578 579 1392 579 580 1393 580 581 1394 579 580 1395 581 582 1396 580 581 1397 582 583 1398 583 584 1399 584 585 1400 583 584 1401 585 586 1402 584 585 1403 581 582 1404 585 586 1405 580 581 1406 585 586 1407 583 584 1408 580 581 1409 586 587 1410 587 588 1411 588 589 1412 587 588 1413 589 590 1414 588 589 1415 590 591 1416 591 592 1417 592 593 1418 591 592 1419 593 594 1420 592 593 1421 592 593 1422 593 594 1423 594 595 1424 595 596 1425 596 597 1426 597 598 1427 596 599 1428 598 600 1429 597 601 1430 599 602 1431 600 603 1432 601 604 1433 600 605 1434 602 606 1435 601 607 1436 603 608 1437 604 608 1438 605 608 1439 606 609 1440 607 610 1441 608 611 1442 609 612 1443 606 609 1444 608 611 1445 610 613 1446 611 614 1447 608 611 1448 612 615 1449 609 612 1450 611 614 1451 609 612 1452 608 611 1453 611 614 1454 613 616 1455 608 611 1456 614 617 1457 608 611 1458 607 610 1459 614 617 1460 615 618 1461 609 612 1462 616 619 1463 609 612 1464 612 615 1465 616 619 1466 609 612 1467 615 618 1468 617 620 1469 615 618 1470 618 621 1471 617 620 1472 617 620 1473 618 621 1474 619 622 1475 618 621 1476 620 623 1477 619 622 1478 621 624 1479 622 625 1480 623 626 1481 622 627 1482 624 628 1483 623 629 1484 625 630 1485 626 631 1486 627 632 1487 627 632 1488 626 631 1489 628 633 1490 629 634 1491 630 635 1492 627 632 1493 625 630 1494 627 632 1495 631 636 1496 627 632 1497 630 635 1498 631 636 1499 629 634 1500 627 632 1501 632 637 1502 627 632 1503 628 633 1504 632 637 1505 633 638 1506 626 631 1507 634 639 1508 626 631 1509 625 630 1510 634 639 1511 635 640 1512 628 633 1513 633 638 1514 628 633 1515 626 631 1516 633 638 1517 636 641 1518 637 642 1519 638 643 1520 637 644 1521 639 645 1522 638 646 1523 634 639 1524 625 630 1525 640 647 1526 625 630 1527 631 636 1528 640 647 1529 588 589 1530 589 590 1531 591 592 1532 589 590 1533 593 594 1534 591 592 1535 641 648 1536 642 649 1537 643 650 1538 642 651 1539 644 652 1540 643 653 1541 645 654 1542 646 655 1543 647 656 1544 646 655 1545 648 657 1546 647 656 1547 649 658 1548 650 659 1549 648 657 1550 650 659 1551 647 656 1552 648 657 1553 650 659 1554 649 658 1555 651 660 1556 649 658 1557 652 661 1558 651 660 1559 653 662 1560 648 657 1561 646 655 1562 654 663 1563 653 662 1564 655 664 1565 653 662 1566 646 655 1567 655 664 1568 653 662 1569 654 663 1570 656 665 1571 653 662 1572 656 665 1573 649 658 1574 656 665 1575 652 661 1576 649 658 1577 653 662 1578 649 658 1579 648 657 1580 657 666 1581 658 667 1582 659 668 1583 658 667 1584 660 669 1585 659 668 1586 661 670 1587 658 667 1588 662 671 1589 658 667 1590 657 666 1591 662 671 1592 662 671 1593 663 672 1594 661 670 1595 663 672 1596 664 673 1597 661 670 1598 665 674 1599 666 674 1600 667 674 1601 666 675 1602 668 675 1603 667 675 1604 669 676 1605 670 677 1606 671 678 1607 670 679 1608 672 680 1609 671 681 1610 673 682 1611 674 683 1612 675 684 1613 674 685 1614 676 686 1615 675 687 1616 677 688 1617 674 683 1618 673 682 1619 678 689 1620 679 690 1621 680 691 1622 679 690 1623 681 692 1624 680 691 1625 682 693 1626 680 691 1627 683 694 1628 680 691 1629 681 692 1630 683 694 1631 684 695 1632 679 690 1633 685 696 1634 679 690 1635 678 689 1636 685 696 1637 686 697 1638 687 698 1639 673 682 1640 687 698 1641 677 688 1642 673 682 1643 688 699 1644 689 700 1645 690 701 1646 689 702 1647 691 703 1648 690 704 1649 686 697 1650 692 705 1651 687 698 1652 692 705 1653 693 706 1654 687 698 1655 694 707 1656 695 708 1657 696 709 1658 695 710 1659 697 711 1660 696 712 1661 698 713 1662 699 714 1663 700 715 1664 698 713 1665 701 716 1666 699 714 1667 699 714 1668 701 716 1669 702 717 1670 701 716 1671 703 718 1672 702 717 1673 698 713 1674 700 715 1675 704 719 1676 700 715 1677 705 720 1678 704 719 1679 705 720 1680 706 721 1681 704 719 1682 706 721 1683 707 722 1684 704 719 1685 708 723 1686 709 724 1687 706 721 1688 709 724 1689 707 722 1690 706 721 1691 710 725 1692 711 726 1693 709 724 1694 711 726 1695 712 727 1696 709 724 1697 713 728 1698 714 729 1699 715 730 1700 714 729 1701 716 731 1702 715 730 1703 715 730 1704 716 731 1705 717 732 1706 716 731 1707 718 733 1708 717 732 1709 719 734 1710 720 735 1711 721 736 1712 720 737 1713 722 738 1714 721 739 1715 723 740 1716 701 716 1717 704 719 1718 701 716 1719 698 713 1720 704 719 1721 724 741 1722 725 742 1723 726 743 1724 725 744 1725 727 745 1726 726 746 1727 723 740 1728 704 719 1729 728 747 1730 704 719 1731 707 722 1732 728 747 1733 729 748 1734 728 747 1735 730 749 1736 728 747 1737 707 722 1738 730 749 1739 731 750 1740 730 749 1741 732 751 1742 730 749 1743 733 752 1744 732 751 1745 730 749 1746 707 722 1747 709 724 1748 730 749 1749 712 727 1750 733 752 1751 730 749 1752 709 724 1753 712 727 1754 700 715 1755 699 714 1756 702 717 1757 705 720 1758 700 715 1759 702 717 1760 734 753 1761 735 753 1762 736 753 1763 737 754 1764 738 755 1765 739 756 1766 738 757 1767 740 758 1768 739 759 1769 741 760 1770 742 760 1771 743 760 1772 742 761 1773 744 761 1774 743 761 1775 745 762 1776 746 763 1777 747 764 1778 746 765 1779 748 766 1780 747 767 1781 749 768 1782 750 768 1783 751 768 1784 750 769 1785 752 769 1786 751 769 1787 753 770 1788 754 771 1789 755 772 1790 754 773 1791 756 774 1792 755 775 1793 736 776 1794 735 776 1795 757 776 1796 735 777 1797 758 778 1798 757 779 1799 759 780 1800 760 780 1801 761 780 1802 760 781 1803 762 781 1804 761 781 1805 763 782 1806 764 783 1807 765 784 1808 764 785 1809 766 786 1810 765 787 1811 767 788 1812 768 788 1813 769 788 1814 768 789 1815 770 789 1816 769 789 1817 771 790 1818 772 790 1819 773 790 1820 772 791 1821 774 791 1822 773 791 1823 775 792 1824 776 792 1825 777 792 1826 776 793 1827 778 793 1828 777 793 1829 779 794 1830 780 795 1831 781 796 1832 780 795 1833 782 797 1834 781 796 1835 783 798 1836 784 799 1837 781 796 1838 784 799 1839 779 794 1840 781 796 1841 785 800 1842 786 801 1843 787 802 1844 786 803 1845 788 804 1846 787 805 1847 785 806 1848 787 807 1849 789 808 1850 790 809 1851 791 809 1852 792 809 1853 791 810 1854 793 810 1855 792 810 1856 794 811 1857 795 812 1858 796 813 1859 797 814 1860 798 815 1861 799 816 1862 798 817 1863 800 818 1864 799 819 1865 794 811 1866 801 820 1867 795 812 1868 802 821 1869 803 822 1870 804 823 1871 803 822 1872 805 824 1873 804 823 1874 806 825 1875 807 826 1876 805 824 1877 807 826 1878 804 823 1879 805 824 1880 808 827 1881 806 825 1882 809 828 1883 806 825 1884 805 824 1885 809 828 1886 809 828 1887 805 824 1888 803 822 1889 810 829 1890 811 830 1891 803 822 1892 803 822 1893 811 830 1894 812 831 1895 810 829 1896 803 822 1897 802 821 1898 813 832 1899 814 833 1900 815 834 1901 814 835 1902 816 836 1903 815 837 1904 817 838 1905 818 839 1906 819 840 1907 818 841 1908 820 842 1909 819 843 1910 821 844 1911 822 845 1912 823 846 1913 822 847 1914 824 848 1915 823 849 1916 803 822 1917 812 831 1918 809 828 1919 825 850 1920 826 851 1921 827 852 1922 828 853 1923 829 854 1924 830 855 1925 831 856 1926 812 831 1927 832 857 1928 812 831 1929 811 830 1930 832 857 1931 826 851 1932 825 850 1933 811 830 1934 825 850 1935 832 857 1936 811 830 1937 828 853 1938 830 855 1939 833 858 1940 830 855 1941 834 859 1942 833 858 1943 835 860 1944 836 861 1945 837 862 1946 836 861 1947 838 863 1948 837 862 1949 839 864 1950 840 865 1951 841 866 1952 840 865 1953 842 867 1954 841 866 1955 838 863 1956 842 867 1957 837 862 1958 842 867 1959 840 865 1960 837 862 1961 843 868 1962 844 869 1963 845 870 1964 844 869 1965 846 871 1966 845 870 1967 847 872 1968 848 873 1969 849 874 1970 848 873 1971 850 875 1972 849 874 1973 849 874 1974 850 875 1975 851 876 1976 852 877 1977 853 878 1978 854 879 1979 853 880 1980 855 881 1981 854 882 1982 856 883 1983 857 884 1984 858 885 1985 857 886 1986 859 887 1987 858 888 1988 860 889 1989 861 889 1990 862 889 1991 863 890 1992 864 891 1993 865 892 1994 866 893 1995 863 890 1996 865 892 1997 867 894 1998 868 895 1999 865 892 2000 869 896 2001 866 893 2002 868 895 2003 866 893 2004 865 892 2005 868 895 2006 867 894 2007 865 892 2008 870 897 2009 865 892 2010 864 891 2011 870 897 2012 871 898 2013 866 893 2014 872 899 2015 866 893 2016 869 896 2017 872 899 2018 866 893 2019 871 898 2020 863 890 2021 871 898 2022 873 900 2023 863 890 2024 863 890 2025 873 900 2026 864 891 2027 873 900 2028 874 901 2029 864 891 2030 875 902 2031 876 903 2032 877 904 2033 876 905 2034 878 906 2035 877 907 2036 879 908 2037 880 909 2038 881 910 2039 881 910 2040 880 909 2041 882 911 2042 883 912 2043 884 913 2044 881 910 2045 879 908 2046 881 910 2047 885 914 2048 881 910 2049 884 913 2050 885 914 2051 883 912 2052 881 910 2053 886 915 2054 881 910 2055 882 911 2056 886 915 2057 887 916 2058 880 909 2059 888 917 2060 880 909 2061 879 908 2062 888 917 2063 889 918 2064 882 911 2065 887 916 2066 882 911 2067 880 909 2068 887 916 2069 890 919 2070 891 920 2071 892 921 2072 891 922 2073 893 923 2074 892 924 2075 888 917 2076 879 908 2077 894 925 2078 879 908 2079 885 914 2080 894 925 2081 845 870 2082 846 871 2083 848 873 2084 846 871 2085 850 875 2086 848 873 2087 895 926 2088 896 926 2089 897 926 2090 897 927 2091 896 928 2092 898 929 2093 899 930 2094 900 931 2095 901 932 2096 902 933 2097 903 934 2098 904 935 2099 903 936 2100 905 937 2101 904 938 2102 906 939 2103 907 940 2104 908 941 2105 907 942 2106 909 943 2107 908 944 2108 910 945 2109 911 946 2110 912 947 2111 911 948 2112 913 949 2113 912 950 2114 914 951 2115 915 952 2116 916 953 2117 915 954 2118 917 955 2119 916 956 2120 916 956 2121 917 955 2122 918 957 2123 919 958 2124 920 959 2125 921 960 2126 920 961 2127 922 962 2128 921 963 2129 923 964 2130 907 965 2131 924 966 2132 908 967 2133 909 968 2134 925 969 2135 899 970 2136 926 971 2137 927 972 2138 928 973 2139 918 957 2140 917 955 2141 929 974 2142 930 975 2143 897 976 2144 931 977 2145 932 978 2146 899 979 2147 932 980 2148 898 981 2149 899 982 2150 933 983 2151 929 984 2152 898 985 2153 929 986 2154 897 987 2155 898 988 2156 934 989 2157 933 990 2158 898 991 2159 901 992 2160 935 993 2161 899 994 2162 935 995 2163 926 996 2164 899 997 2165 936 998 2166 899 999 2167 927 1000 2168 898 1001 2169 937 1002 2170 934 1003 2171 938 1004 2172 901 1005 2173 928 973 2174 901 1005 2175 939 1006 2176 928 973 2177 940 1007 2178 901 1008 2179 938 1009 2180 928 973 2181 939 1006 2182 918 957 2183 932 1010 2184 937 1011 2185 898 1012 2186 936 1013 2187 931 1014 2188 899 1015 2189 941 1016 2190 942 1017 2191 943 1018 2192 935 1019 2193 901 1020 2194 941 1021 2195 941 1022 2196 901 1023 2197 942 1024 2198 901 1025 2199 940 1026 2200 942 1027 2201 944 1028 2202 945 1029 2203 906 1030 2204 906 1031 2205 945 1032 2206 946 1033 2207 947 1034 2208 948 1035 2209 949 1036 2210 950 1037 2211 951 1038 2212 952 1039 2213 951 1040 2214 953 1041 2215 952 1042 2216 954 1043 2217 955 1044 2218 956 1045 2219 955 1046 2220 957 1047 2221 956 1048 2222 958 1049 2223 959 1050 2224 960 1051 2225 959 1052 2226 961 1053 2227 960 1054 2228 962 1055 2229 963 1056 2230 964 1057 2231 963 1058 2232 965 1059 2233 964 1060 2234 964 1060 2235 965 1059 2236 966 1061 2237 967 1062 2238 968 1063 2239 969 1064 2240 968 1065 2241 970 1066 2242 969 1067 2243 971 1068 2244 955 1069 2245 972 1070 2246 956 1071 2247 957 1072 2248 973 1073 2249 947 1074 2250 974 1075 2251 975 1076 2252 976 1077 2253 966 1061 2254 965 1059 2255 977 1078 2256 924 1079 2257 906 1080 2258 978 1081 2259 979 1082 2260 947 1083 2261 979 1084 2262 946 1085 2263 947 1086 2264 980 1087 2265 977 1088 2266 946 1089 2267 977 1090 2268 906 1091 2269 946 1092 2270 981 1093 2271 980 1094 2272 946 1095 2273 949 1036 2274 982 1096 2275 947 1034 2276 982 1097 2277 974 1098 2278 947 1099 2279 983 1100 2280 947 1101 2281 975 1102 2282 946 1103 2283 984 1104 2284 981 1105 2285 985 1106 2286 949 1036 2287 976 1077 2288 949 1036 2289 986 1107 2290 976 1077 2291 987 1108 2292 949 1036 2293 985 1106 2294 976 1077 2295 986 1107 2296 966 1061 2297 979 1109 2298 984 1110 2299 946 1111 2300 983 1112 2301 978 1113 2302 947 1114 2303 988 1115 2304 989 1116 2305 990 1117 2306 982 1096 2307 949 1036 2308 988 1118 2309 988 1118 2310 949 1036 2311 989 1119 2312 949 1036 2313 987 1108 2314 989 1119 2315 991 1120 2316 992 1121 2317 993 1122 2318 992 1121 2319 994 1123 2320 993 1122 2321 995 1124 2322 996 1125 2323 991 1120 2324 996 1125 2325 992 1121 2326 991 1120 2327 997 1126 2328 998 1126 2329 999 1126 2330 998 1127 2331 1000 1127 2332 999 1127 2333 1000 1128 2334 1001 1128 2335 999 1128 2336 1001 1129 2337 1002 1129 2338 999 1129 2339 998 1130 2340 997 1130 2341 1003 1130 2342 997 1131 2343 1004 1131 2344 1003 1131 2345 1005 1132 2346 1006 1133 2347 1007 1134 2348 1006 1133 2349 1008 1135 2350 1007 1134 2351 1009 1136 2352 1005 1132 2353 1010 1137 2354 1005 1132 2355 1007 1134 2356 1010 1137 2357 1011 1138 2358 1012 1139 2359 1013 1140 2360 1012 1139 2361 1014 1141 2362 1013 1140 2363 1012 1139 2364 1009 1136 2365 1014 1141 2366 1009 1136 2367 1010 1137 2368 1014 1141 2369 1015 1142 2370 1016 1143 2371 1017 1144 2372 1016 1143 2373 1018 1145 2374 1017 1144 2375 1019 1146 2376 1015 1142 2377 1020 1147 2378 1015 1142 2379 1017 1144 2380 1020 1147 2381 1021 1148 2382 1022 1148 2383 1023 1148 2384 1022 1149 2385 1024 1149 2386 1023 1149 2387 1024 1150 2388 1022 1150 2389 1001 1150 2390 1022 1151 2391 1002 1151 2392 1001 1151 2393 1025 1152 2394 1021 1152 2395 1026 1152 2396 1021 1148 2397 1023 1148 2398 1026 1148 2399 1027 1153 2400 1028 1154 2401 1029 1155 2402 1028 1154 2403 1030 1156 2404 1029 1155 2405 1031 1157 2406 1032 1158 2407 1027 1153 2408 1032 1158 2409 1028 1154 2410 1027 1153 2411 1011 1138 2412 1013 1140 2413 1033 1159 2414 1013 1140 2415 1034 1160 2416 1033 1159 2417 1033 1159 2418 1034 1160 2419 1031 1157 2420 1034 1160 2421 1032 1158 2422 1031 1157 2423 1035 1161 2424 1036 1162 2425 1016 1143 2426 1036 1162 2427 1018 1145 2428 1016 1143 2429 1037 1163 2430 1038 1164 2431 1035 1161 2432 1038 1164 2433 1036 1162 2434 1035 1161 2435 1039 1165 2436 1040 1166 2437 1041 1167 2438 1040 1166 2439 1042 1168 2440 1041 1167 2441 1043 1169 2442 1044 1170 2443 1045 1171 2444 1044 1170 2445 1046 1172 2446 1045 1171 2447 1047 1173 2448 1048 1174 2449 1049 1175 2450 1048 1176 2451 1050 1177 2452 1049 1178 2453 1051 1179 2454 1052 1180 2455 1053 1181 2456 1052 1182 2457 1054 1183 2458 1053 1184 2459 1052 1185 2460 1055 1186 2461 1054 1187 2462 1055 1188 2463 1056 1189 2464 1054 1190 2465 1057 1191 2466 1050 1192 2467 1058 1193 2468 1050 1194 2469 1048 1195 2470 1058 1196 2471 1055 1197 2472 1057 1198 2473 1056 1199 2474 1057 1200 2475 1058 1201 2476 1056 1202 2477 994 1123 2478 1059 1203 2479 993 1122 2480 1059 1203 2481 1060 1204 2482 993 1122 2483 1060 1204 2484 1059 1203 2485 1061 1205 2486 1059 1203 2487 1062 1206 2488 1061 1205 2489 1063 1207 2490 1064 1208 2491 1065 1209 2492 1064 1208 2493 1066 1210 2494 1065 1209 2495 1067 1211 2496 1046 1172 2497 1068 1212 2498 1046 1172 2499 1044 1170 2500 1068 1212 2501 1066 1210 2502 1067 1211 2503 1065 1209 2504 1067 1211 2505 1068 1212 2506 1065 1209 2507 1051 1213 2508 1053 1214 2509 1069 1215 2510 1070 1216 2511 1071 1217 2512 1072 1218 2513 1071 1217 2514 1073 1219 2515 1072 1218 2516 1072 1218 2517 1073 1219 2518 1039 1165 2519 1073 1219 2520 1040 1166 2521 1039 1165 2522 1043 1169 2523 1045 1171 2524 1070 1216 2525 1045 1171 2526 1071 1217 2527 1070 1216 2528 1074 1220 2529 1041 1167 2530 1075 1221 2531 1041 1167 2532 1042 1168 2533 1075 1221 2534 1076 1222 2535 1077 1223 2536 1078 1224 2537 1077 1223 2538 1079 1225 2539 1078 1224 2540 1080 1226 2541 1047 1227 2542 1081 1228 2543 1047 1229 2544 1049 1230 2545 1081 1231 2546 1082 1232 2547 1083 1233 2548 1084 1234 2549 1083 1235 2550 1085 1236 2551 1084 1237 2552 1086 1238 2553 1087 1239 2554 1084 1240 2555 1087 1241 2556 1082 1242 2557 1084 1243 2558 1088 1244 2559 1089 1245 2560 1090 1246 2561 1089 1247 2562 1086 1248 2563 1090 1249 2564 1091 1250 2565 1092 1251 2566 1093 1252 2567 1092 1251 2568 1094 1253 2569 1093 1252 2570 1092 1251 2571 1091 1250 2572 1095 1254 2573 1091 1250 2574 1096 1255 2575 1095 1254 2576 1094 1253 2577 1061 1205 2578 1093 1252 2579 1061 1205 2580 1062 1206 2581 1093 1252 2582 1097 1256 2583 1098 1257 2584 1099 1258 2585 1098 1257 2586 1100 1259 2587 1099 1258 2588 1099 1258 2589 1101 1260 2590 1097 1256 2591 1101 1260 2592 1102 1261 2593 1097 1256 2594 1103 1262 2595 1104 1263 2596 1079 1225 2597 1104 1263 2598 1078 1224 2599 1079 1225 2600 1100 1259 2601 1098 1257 2602 1103 1262 2603 1098 1257 2604 1104 1263 2605 1103 1262 2606 1083 1264 2607 1105 1265 2608 1085 1266 2609 1088 1267 2610 1090 1268 2611 1081 1269 2612 1090 1270 2613 1080 1271 2614 1081 1272 2615 1106 1273 2616 1074 1220 2617 1107 1274 2618 1074 1220 2619 1075 1221 2620 1107 1274 2621 1076 1222 2622 1108 1275 2623 1077 1223 2624 1108 1275 2625 1109 1276 2626 1077 1223 2627 1110 1277 2628 1111 1278 2629 1112 1279 2630 1111 1278 2631 1113 1280 2632 1112 1279 2633 1114 1281 2634 1115 1282 2635 1116 1283 2636 1115 1282 2637 1117 1284 2638 1116 1283 2639 1113 1280 2640 1111 1278 2641 1114 1281 2642 1111 1278 2643 1115 1282 2644 1114 1281 2645 1118 1285 2646 1119 1286 2647 1120 1287 2648 1119 1286 2649 1121 1288 2650 1120 1287 2651 1122 1289 2652 1123 1290 2653 1124 1291 2654 1123 1290 2655 1125 1292 2656 1124 1291 2657 1126 1293 2658 1127 1294 2659 1128 1295 2660 1127 1294 2661 1129 1296 2662 1128 1295 2663 1130 1297 2664 1131 1298 2665 1132 1299 2666 1131 1298 2667 1133 1300 2668 1132 1299 2669 1127 1294 2670 1126 1293 2671 1132 1299 2672 1126 1293 2673 1130 1297 2674 1132 1299 2675 1134 1301 2676 1135 1302 2677 1136 1303 2678 1137 1304 2679 1138 1305 2680 1134 1306 2681 1138 1307 2682 1135 1308 2683 1134 1309 2684 1138 1310 2685 1137 1311 2686 1139 1312 2687 1138 1313 2688 1139 1314 2689 1140 1315 2690 1139 1316 2691 1141 1317 2692 1140 1318 2693 1142 1319 2694 1143 1320 2695 1144 1321 2696 1143 1320 2697 1145 1322 2698 1144 1321 2699 1146 1323 2700 1147 1324 2701 1144 1321 2702 1147 1324 2703 1142 1319 2704 1144 1321 2705 1142 1319 2706 1148 1325 2707 1143 1320 2708 1148 1325 2709 1149 1326 2710 1143 1320 2711 1148 1325 2712 1150 1327 2713 1149 1326 2714 1150 1327 2715 1151 1328 2716 1149 1326 2717 1152 1329 2718 1153 1330 2719 1154 1331 2720 1153 1332 2721 1155 1333 2722 1156 1334 2723 1155 1335 2724 1157 1336 2725 1156 1337 2726 1154 1338 2727 1153 1339 2728 1156 1340 2729 1158 1341 2730 1159 1342 2731 1145 1322 2732 1159 1342 2733 1144 1321 2734 1145 1322 2735 1159 1342 2736 1158 1341 2737 1160 1343 2738 1158 1341 2739 1161 1344 2740 1160 1343 2741 1162 1345 2742 1157 1346 2743 1155 1347 2744 1163 1348 2745 1164 1349 2746 1165 1350 2747 1164 1351 2748 1166 1352 2749 1165 1353 2750 1089 1354 2751 1087 1355 2752 1086 1356 2753 1167 1357 2754 1168 1358 2755 1169 1359 2756 1168 1358 2757 1170 1360 2758 1169 1359 2759 1171 1361 2760 1172 1362 2761 1167 1357 2762 1172 1362 2763 1168 1358 2764 1167 1357 2765 1119 1286 2766 1125 1292 2767 1121 1288 2768 1129 1296 2769 1173 1363 2770 1128 1295 2771 1173 1363 2772 1174 1364 2773 1128 1295 2774 1175 1365 2775 1176 1366 2776 1135 1367 2777 1176 1368 2778 1136 1369 2779 1135 1370 2780 1177 1371 2781 1178 1372 2782 1179 1373 2783 1178 1372 2784 1180 1374 2785 1179 1373 2786 1181 1375 2787 1116 1283 2788 1182 1376 2789 1116 1283 2790 1117 1284 2791 1182 1376 2792 1180 1374 2793 1181 1375 2794 1179 1373 2795 1181 1375 2796 1182 1376 2797 1179 1373 2798 1183 1377 2799 1184 1378 2800 1185 1379 2801 1184 1378 2802 1186 1380 2803 1185 1379 2804 1187 1381 2805 1188 1382 2806 1124 1291 2807 1188 1382 2808 1122 1289 2809 1124 1291 2810 1189 1383 2811 1190 1384 2812 1191 1385 2813 1190 1384 2814 1192 1386 2815 1191 1385 2816 1193 1387 2817 1194 1388 2818 1131 1298 2819 1194 1388 2820 1133 1300 2821 1131 1298 2822 1191 1385 2823 1194 1388 2824 1189 1383 2825 1194 1388 2826 1193 1387 2827 1189 1383 2828 1195 1389 2829 1196 1390 2830 1197 1391 2831 1198 1392 2832 1196 1393 2833 1199 1394 2834 1196 1395 2835 1195 1396 2836 1199 1397 2837 1199 1398 2838 1200 1399 2839 1198 1400 2840 1199 1401 2841 1140 1402 2842 1200 1403 2843 1140 1404 2844 1141 1405 2845 1200 1406 2846 1201 1407 2847 1202 1408 2848 1203 1409 2849 1202 1408 2850 1204 1410 2851 1203 1409 2852 1205 1411 2853 1202 1408 2854 1206 1412 2855 1202 1408 2856 1201 1407 2857 1206 1412 2858 1184 1378 2859 1207 1413 2860 1208 1414 2861 1207 1413 2862 1209 1415 2863 1208 1414 2864 1207 1413 2865 1201 1407 2866 1209 1415 2867 1201 1407 2868 1203 1409 2869 1209 1415 2870 1210 1416 2871 1211 1417 2872 1212 1418 2873 1211 1419 2874 1213 1420 2875 1212 1421 2876 1211 1422 2877 1214 1423 2878 1215 1424 2879 1215 1425 2880 1213 1426 2881 1211 1427 2882 1216 1428 2883 1204 1410 2884 1217 1429 2885 1204 1410 2886 1202 1408 2887 1217 1429 2888 1217 1429 2889 1218 1430 2890 1216 1428 2891 1218 1430 2892 1219 1431 2893 1216 1428 2894 1218 1430 2895 1220 1432 2896 1219 1431 2897 1220 1432 2898 1221 1433 2899 1219 1431 2900 1210 1434 2901 1212 1435 2902 1222 1436 2903 1223 1437 2904 1224 1438 2905 1225 1439 2906 1224 1438 2907 1226 1440 2908 1225 1439 2909 1227 1441 2910 1223 1437 2911 1228 1442 2912 1223 1437 2913 1225 1439 2914 1228 1442 2915 1185 1379 2916 1186 1380 2917 1187 1381 2918 1192 1386 2919 1190 1384 2920 1229 1443 2921 1190 1384 2922 1230 1444 2923 1229 1443 2924 1231 1445 2925 1195 1446 2926 1232 1447 2927 1195 1448 2928 1197 1449 2929 1232 1450 2930 1187 1381 2931 1124 1291 2932 1185 1379 2933 1221 1433 2934 1220 1432 2935 1208 1414 2936 1220 1432 2937 1184 1378 2938 1208 1414 2939 1233 1451 2940 1234 1452 2941 1235 1453 2942 1236 1454 2943 1237 1455 2944 1238 1456 2945 1237 1457 2946 1239 1458 2947 1238 1459 2948 1240 1460 2949 1241 1460 2950 1242 1460 2951 1241 1461 2952 1243 1461 2953 1242 1461 2954 1244 1462 2955 1245 1463 2956 1246 1464 2957 1245 1463 2958 1247 1465 2959 1246 1464 2960 1248 1466 2961 1249 1467 2962 1233 1468 2963 1249 1469 2964 1250 1470 2965 1233 1471 2966 1234 1472 2967 1233 1473 2968 1250 1474 2969 1247 1465 2970 1125 1292 2971 1246 1464 2972 1125 1292 2973 1123 1290 2974 1246 1464 2975 1251 1475 2976 1233 1476 2977 1252 1477 2978 1233 1478 2979 1235 1479 2980 1252 1480 2981 1253 1481 2982 1254 1481 2983 1255 1481 2984 1254 1461 2985 1256 1461 2986 1255 1461 2987 1257 1482 2988 1258 1483 2989 1259 1484 2990 1258 1485 2991 1260 1486 2992 1259 1487 2993 1261 1461 2994 1262 1461 2995 1263 1461 2996 1262 1488 2997 1264 1488 2998 1263 1488 2999 1265 1489 3000 1266 1490 3001 1267 1491 3002 1266 1490 3003 1268 1492 3004 1267 1491 3005 1251 1493 3006 1269 1494 3007 1270 1495 3008 1269 1496 3009 1271 1497 3010 1270 1498 3011 1251 1499 3012 1252 1500 3013 1269 1501 3014 1188 1382 3015 1187 1381 3016 1266 1490 3017 1187 1381 3018 1268 1492 3019 1266 1490 3020 1183 1377 3021 1207 1413 3022 1184 1378 3023 1272 1502 3024 1273 1503 3025 1274 1504 3026 1272 1502 3027 1274 1504 3028 1275 1505 3029 1274 1504 3030 1276 1506 3031 1275 1505 3032 1276 1506 3033 1277 1507 3034 1275 1505 3035 1277 1507 3036 1278 1508 3037 1275 1505 3038 1277 1507 3039 1279 1509 3040 1278 1508 3041 1279 1509 3042 1280 1510 3043 1278 1508 3044 1281 1511 3045 1282 1512 3046 1283 1513 3047 1282 1512 3048 1284 1514 3049 1283 1513 3050 1285 1515 3051 1286 1516 3052 1282 1512 3053 1286 1516 3054 1284 1514 3055 1282 1512 3056 1279 1509 3057 1281 1511 3058 1280 1510 3059 1281 1511 3060 1283 1513 3061 1280 1510 3062 1287 1517 3063 1288 1518 3064 1289 1519 3065 1290 1520 3066 1291 1521 3067 1292 1522 3068 1291 1521 3069 1293 1523 3070 1292 1522 3071 1294 1524 3072 1295 1525 3073 1290 1520 3074 1295 1525 3075 1291 1521 3076 1290 1520 3077 1296 1526 3078 1297 1527 3079 1298 1528 3080 1297 1527 3081 1299 1529 3082 1298 1528 3083 1299 1529 3084 1297 1527 3085 1300 1530 3086 1297 1527 3087 1301 1531 3088 1300 1530 3089 1296 1526 3090 1298 1528 3091 1302 1532 3092 1302 1532 3093 1303 1533 3094 1296 1526 3095 1303 1533 3096 1304 1534 3097 1296 1526 3098 1289 1535 3099 1288 1536 3100 1305 1537 3101 1288 1538 3102 1306 1538 3103 1305 1538 3104 1307 1539 3105 1308 1540 3106 1309 1541 3107 1308 1540 3108 1310 1542 3109 1309 1541 3110 1311 1543 3111 1312 1543 3112 1313 1543 3113 1312 1544 3114 1314 1544 3115 1313 1544 3116 1315 1545 3117 1316 1546 3118 1317 1547 3119 1316 1546 3120 1318 1548 3121 1317 1547 3122 1319 1549 3123 1315 1545 3124 1320 1550 3125 1315 1545 3126 1317 1547 3127 1320 1550 3128 1321 1551 3129 1322 1552 3130 1323 1553 3131 1322 1552 3132 1324 1554 3133 1323 1553 3134 1324 1554 3135 1325 1555 3136 1323 1553 3137 1325 1555 3138 1326 1556 3139 1323 1553 3140 1321 1551 3141 1327 1557 3142 1322 1552 3143 1319 1549 3144 1320 1550 3145 1309 1541 3146 1320 1550 3147 1307 1539 3148 1309 1541 3149 1327 1557 3150 1321 1551 3151 1328 1558 3152 1321 1551 3153 1329 1559 3154 1328 1558 3155 1314 1560 3156 1330 1560 3157 1313 1560 3158 1330 1148 3159 1331 1148 3160 1313 1148 3161 1332 1148 3162 1333 1148 3163 1334 1148 3164 1333 1561 3165 1335 1561 3166 1334 1561 3167 1335 1562 3168 1336 1562 3169 1334 1562 3170 1336 1563 3171 1337 1563 3172 1334 1563 3173 1333 1148 3174 1332 1148 3175 1338 1148 3176 1332 1148 3177 1339 1148 3178 1338 1148 3179 1340 1564 3180 1341 1565 3181 1342 1566 3182 1341 1565 3183 1343 1567 3184 1342 1566 3185 1344 1568 3186 1340 1564 3187 1345 1569 3188 1340 1564 3189 1342 1566 3190 1345 1569 3191 1346 1570 3192 1347 1571 3193 1348 1572 3194 1347 1571 3195 1349 1573 3196 1348 1572 3197 1347 1571 3198 1344 1568 3199 1349 1573 3200 1344 1568 3201 1345 1569 3202 1349 1573 3203 1350 1574 3204 1351 1575 3205 1352 1576 3206 1351 1575 3207 1353 1577 3208 1352 1576 3209 1354 1578 3210 1350 1574 3211 1355 1579 3212 1350 1574 3213 1352 1576 3214 1355 1579 3215 1356 1148 3216 1357 1148 3217 1358 1148 3218 1357 1580 3219 1359 1580 3220 1358 1580 3221 1359 1581 3222 1357 1581 3223 1336 1581 3224 1357 1582 3225 1337 1582 3226 1336 1582 3227 1360 1583 3228 1356 1583 3229 1361 1583 3230 1356 1584 3231 1358 1584 3232 1361 1584 3233 1362 1585 3234 1363 1586 3235 1364 1587 3236 1363 1586 3237 1365 1588 3238 1364 1587 3239 1366 1589 3240 1367 1590 3241 1362 1585 3242 1367 1590 3243 1363 1586 3244 1362 1585 3245 1346 1570 3246 1348 1572 3247 1368 1591 3248 1348 1572 3249 1369 1592 3250 1368 1591 3251 1368 1591 3252 1369 1592 3253 1366 1589 3254 1369 1592 3255 1367 1590 3256 1366 1589 3257 1370 1593 3258 1371 1594 3259 1351 1575 3260 1371 1594 3261 1353 1577 3262 1351 1575 3263 1372 1595 3264 1373 1596 3265 1370 1593 3266 1373 1596 3267 1371 1594 3268 1370 1593 3269 1374 1597 3270 1375 1598 3271 1376 1599 3272 1375 1598 3273 1377 1600 3274 1376 1599 3275 1378 1601 3276 1379 1602 3277 1380 1603 3278 1379 1602 3279 1381 1604 3280 1380 1603 3281 1382 1605 3282 1383 1606 3283 1384 1607 3284 1383 1608 3285 1385 1609 3286 1384 1610 3287 1386 1611 3288 1387 1612 3289 1388 1613 3290 1387 1614 3291 1389 1615 3292 1388 1616 3293 1387 1617 3294 1390 1618 3295 1389 1619 3296 1390 1620 3297 1391 1621 3298 1389 1622 3299 1392 1623 3300 1385 1624 3301 1393 1625 3302 1385 1626 3303 1383 1627 3304 1393 1628 3305 1390 1629 3306 1392 1630 3307 1391 1631 3308 1392 1632 3309 1393 1633 3310 1391 1634 3311 1394 1635 3312 1395 1636 3313 1396 1637 3314 1395 1636 3315 1397 1638 3316 1396 1637 3317 1398 1639 3318 1399 1640 3319 1396 1637 3320 1399 1640 3321 1394 1635 3322 1396 1637 3323 1397 1638 3324 1395 1636 3325 1400 1641 3326 1395 1636 3327 1401 1642 3328 1400 1641 3329 1402 1643 3330 1403 1644 3331 1404 1645 3332 1403 1644 3333 1405 1646 3334 1404 1645 3335 1403 1644 3336 1402 1643 3337 1398 1639 3338 1402 1643 3339 1399 1640 3340 1398 1639 3341 1406 1647 3342 1381 1604 3343 1407 1648 3344 1381 1604 3345 1379 1602 3346 1407 1648 3347 1405 1646 3348 1406 1647 3349 1404 1645 3350 1406 1647 3351 1407 1648 3352 1404 1645 3353 1386 1649 3354 1388 1650 3355 1408 1651 3356 1409 1652 3357 1410 1653 3358 1411 1654 3359 1410 1653 3360 1412 1655 3361 1411 1654 3362 1411 1654 3363 1412 1655 3364 1374 1597 3365 1412 1655 3366 1375 1598 3367 1374 1597 3368 1378 1601 3369 1380 1603 3370 1409 1652 3371 1380 1603 3372 1410 1653 3373 1409 1652 3374 1413 1656 3375 1376 1599 3376 1414 1657 3377 1376 1599 3378 1377 1600 3379 1414 1657 3380 1415 1658 3381 1416 1659 3382 1417 1660 3383 1416 1659 3384 1418 1661 3385 1417 1660 3386 1419 1662 3387 1382 1663 3388 1420 1664 3389 1382 1665 3390 1384 1666 3391 1420 1667 3392 1421 1668 3393 1422 1669 3394 1423 1670 3395 1422 1671 3396 1424 1672 3397 1423 1673 3398 1425 1674 3399 1426 1675 3400 1427 1148 3401 1426 1676 3402 1421 1677 3403 1427 1678 3404 1427 1679 3405 1421 1680 3406 1423 1681 3407 1428 1682 3408 1429 1683 3409 1430 1684 3410 1429 1685 3411 1425 1686 3412 1430 1477 3413 1430 1687 3414 1425 1148 3415 1427 1688 3416 1431 1689 3417 1432 1690 3418 1433 1691 3419 1432 1690 3420 1434 1692 3421 1433 1691 3422 1432 1690 3423 1431 1689 3424 1435 1693 3425 1431 1689 3426 1436 1694 3427 1435 1693 3428 1434 1692 3429 1400 1641 3430 1433 1691 3431 1400 1641 3432 1401 1642 3433 1433 1691 3434 1437 1695 3435 1438 1696 3436 1439 1697 3437 1438 1696 3438 1440 1698 3439 1439 1697 3440 1439 1697 3441 1441 1699 3442 1437 1695 3443 1441 1699 3444 1442 1700 3445 1437 1695 3446 1443 1701 3447 1444 1702 3448 1418 1661 3449 1444 1702 3450 1417 1660 3451 1418 1661 3452 1440 1698 3453 1438 1696 3454 1443 1701 3455 1438 1696 3456 1444 1702 3457 1443 1701 3458 1422 1703 3459 1445 1704 3460 1424 1705 3461 1446 1706 3462 1447 1707 3463 1448 1708 3464 1447 1707 3465 1449 1709 3466 1448 1708 3467 1428 1710 3468 1430 1711 3469 1420 1712 3470 1430 1713 3471 1419 1714 3472 1420 1715 3473 1447 1707 3474 1413 1656 3475 1449 1709 3476 1413 1656 3477 1414 1657 3478 1449 1709 3479 1415 1658 3480 1446 1706 3481 1416 1659 3482 1446 1706 3483 1448 1708 3484 1416 1659 3485 1450 1716 3486 1451 1717 3487 1452 1718 3488 1451 1717 3489 1453 1719 3490 1452 1718 3491 1454 1720 3492 1455 1721 3493 1456 1722 3494 1455 1721 3495 1457 1723 3496 1456 1722 3497 1453 1719 3498 1451 1717 3499 1454 1720 3500 1451 1717 3501 1455 1721 3502 1454 1720 3503 1458 1724 3504 1459 1725 3505 1460 1726 3506 1459 1725 3507 1461 1727 3508 1460 1726 3509 1462 1728 3510 1463 1729 3511 1464 1730 3512 1463 1729 3513 1465 1731 3514 1464 1730 3515 1466 1732 3516 1467 1733 3517 1468 1734 3518 1467 1733 3519 1469 1735 3520 1468 1734 3521 1470 1736 3522 1471 1737 3523 1472 1738 3524 1471 1737 3525 1473 1739 3526 1472 1738 3527 1467 1733 3528 1466 1732 3529 1472 1738 3530 1466 1732 3531 1470 1736 3532 1472 1738 3533 1474 1740 3534 1475 1741 3535 1476 1742 3536 1477 1743 3537 1478 1744 3538 1474 1745 3539 1478 1746 3540 1475 1747 3541 1474 1748 3542 1478 1749 3543 1477 1750 3544 1479 1751 3545 1478 1752 3546 1479 1753 3547 1480 1754 3548 1479 1755 3549 1481 1756 3550 1480 1757 3551 1482 1758 3552 1483 1759 3553 1484 1760 3554 1483 1759 3555 1485 1761 3556 1484 1760 3557 1486 1762 3558 1487 1763 3559 1484 1760 3560 1487 1763 3561 1482 1758 3562 1484 1760 3563 1482 1758 3564 1488 1764 3565 1483 1759 3566 1488 1764 3567 1489 1765 3568 1483 1759 3569 1488 1764 3570 1490 1766 3571 1489 1765 3572 1490 1766 3573 1491 1767 3574 1489 1765 3575 1492 1768 3576 1493 1769 3577 1494 1770 3578 1493 1771 3579 1495 1772 3580 1494 1773 3581 1496 1774 3582 1497 1775 3583 1492 1776 3584 1496 1777 3585 1492 1778 3586 1494 1779 3587 1498 1780 3588 1499 1781 3589 1485 1761 3590 1499 1781 3591 1484 1760 3592 1485 1761 3593 1499 1781 3594 1498 1780 3595 1500 1782 3596 1498 1780 3597 1501 1783 3598 1500 1782 3599 1502 1784 3600 1495 1785 3601 1493 1786 3602 1493 1787 3603 1426 1788 3604 1502 1789 3605 1426 1790 3606 1425 1791 3607 1502 1792 3608 1502 1793 3609 1425 1794 3610 1429 1795 3611 1503 1796 3612 1504 1797 3613 1505 1798 3614 1504 1797 3615 1506 1799 3616 1505 1798 3617 1507 1800 3618 1508 1801 3619 1503 1796 3620 1508 1801 3621 1504 1797 3622 1503 1796 3623 1459 1725 3624 1465 1731 3625 1461 1727 3626 1469 1735 3627 1509 1802 3628 1468 1734 3629 1509 1802 3630 1510 1803 3631 1468 1734 3632 1511 1804 3633 1512 1805 3634 1475 1806 3635 1512 1807 3636 1476 1808 3637 1475 1809 3638 1513 1810 3639 1514 1811 3640 1515 1812 3641 1514 1811 3642 1516 1813 3643 1515 1812 3644 1517 1814 3645 1456 1722 3646 1518 1815 3647 1456 1722 3648 1457 1723 3649 1518 1815 3650 1516 1813 3651 1517 1814 3652 1515 1812 3653 1517 1814 3654 1518 1815 3655 1515 1812 3656 1519 1816 3657 1520 1817 3658 1521 1818 3659 1520 1817 3660 1522 1819 3661 1521 1818 3662 1523 1820 3663 1524 1821 3664 1464 1730 3665 1524 1821 3666 1462 1728 3667 1464 1730 3668 1525 1822 3669 1526 1823 3670 1527 1824 3671 1526 1823 3672 1528 1825 3673 1527 1824 3674 1529 1826 3675 1530 1827 3676 1471 1737 3677 1530 1827 3678 1473 1739 3679 1471 1737 3680 1527 1824 3681 1530 1827 3682 1525 1822 3683 1530 1827 3684 1529 1826 3685 1525 1822 3686 1531 1828 3687 1532 1829 3688 1533 1830 3689 1534 1831 3690 1532 1832 3691 1535 1833 3692 1532 1834 3693 1531 1835 3694 1535 1836 3695 1535 1837 3696 1536 1838 3697 1534 1839 3698 1535 1840 3699 1480 1841 3700 1536 1842 3701 1480 1843 3702 1481 1844 3703 1536 1845 3704 1537 1846 3705 1538 1847 3706 1539 1848 3707 1538 1847 3708 1540 1849 3709 1539 1848 3710 1541 1850 3711 1538 1847 3712 1542 1851 3713 1538 1847 3714 1537 1846 3715 1542 1851 3716 1520 1817 3717 1543 1852 3718 1544 1853 3719 1543 1852 3720 1545 1854 3721 1544 1853 3722 1543 1852 3723 1537 1846 3724 1545 1854 3725 1537 1846 3726 1539 1848 3727 1545 1854 3728 1546 1855 3729 1547 1856 3730 1548 1857 3731 1547 1858 3732 1549 1859 3733 1548 1860 3734 1547 1861 3735 1550 1862 3736 1551 1863 3737 1551 1864 3738 1549 1865 3739 1547 1866 3740 1552 1867 3741 1540 1849 3742 1553 1868 3743 1540 1849 3744 1538 1847 3745 1553 1868 3746 1553 1868 3747 1554 1869 3748 1552 1867 3749 1554 1869 3750 1555 1870 3751 1552 1867 3752 1554 1869 3753 1556 1871 3754 1555 1870 3755 1556 1871 3756 1557 1872 3757 1555 1870 3758 1546 1873 3759 1548 1874 3760 1558 1875 3761 1559 1876 3762 1560 1877 3763 1561 1878 3764 1560 1877 3765 1562 1879 3766 1561 1878 3767 1563 1880 3768 1559 1876 3769 1564 1881 3770 1559 1876 3771 1561 1878 3772 1564 1881 3773 1521 1818 3774 1522 1819 3775 1523 1820 3776 1528 1825 3777 1526 1823 3778 1565 1882 3779 1526 1823 3780 1566 1883 3781 1565 1882 3782 1567 1884 3783 1531 1885 3784 1568 1886 3785 1531 1887 3786 1533 1888 3787 1568 1889 3788 1569 1890 3789 1570 1891 3790 1544 1853 3791 1570 1891 3792 1520 1817 3793 1544 1853 3794 1571 1892 3795 1572 1893 3796 1573 1894 3797 1574 1895 3798 1575 1896 3799 1576 1897 3800 1575 1898 3801 1577 1899 3802 1576 1900 3803 1578 1901 3804 1579 1901 3805 1580 1901 3806 1579 1902 3807 1581 1902 3808 1580 1902 3809 1582 1903 3810 1583 1904 3811 1584 1905 3812 1583 1904 3813 1585 1906 3814 1584 1905 3815 1586 1907 3816 1587 1908 3817 1571 1909 3818 1587 1910 3819 1588 1911 3820 1571 1912 3821 1572 1913 3822 1571 1914 3823 1588 1915 3824 1585 1906 3825 1465 1731 3826 1584 1905 3827 1465 1731 3828 1463 1729 3829 1584 1905 3830 1589 1916 3831 1571 1917 3832 1590 1918 3833 1571 1919 3834 1573 1920 3835 1590 1921 3836 1591 1922 3837 1592 1922 3838 1593 1922 3839 1592 1923 3840 1594 1923 3841 1593 1923 3842 1595 1924 3843 1596 1925 3844 1597 1926 3845 1596 1927 3846 1598 1928 3847 1597 1929 3848 1599 1923 3849 1600 1923 3850 1601 1923 3851 1600 1930 3852 1602 1930 3853 1601 1930 3854 1603 1462 3855 1604 1931 3856 1605 1932 3857 1604 1931 3858 1606 1933 3859 1605 1932 3860 1589 1934 3861 1607 1935 3862 1608 1936 3863 1607 1937 3864 1609 1938 3865 1608 1939 3866 1589 1940 3867 1590 1941 3868 1607 1942 3869 1524 1821 3870 1523 1820 3871 1604 1931 3872 1523 1820 3873 1606 1933 3874 1604 1931 3875 1519 1816 3876 1543 1852 3877 1520 1817 3878 1610 1943 3879 1611 1944 3880 1612 1945 3881 1611 1944 3882 1613 1946 3883 1612 1945 3884 1613 1946 3885 1614 1947 3886 1612 1945 3887 1614 1947 3888 1615 1948 3889 1612 1945 3890 1614 1947 3891 1616 1949 3892 1615 1948 3893 1616 1949 3894 1617 1950 3895 1615 1948 3896 1618 1951 3897 1619 1952 3898 1620 1953 3899 1619 1952 3900 1621 1954 3901 1620 1953 3902 1622 1955 3903 1623 1956 3904 1619 1952 3905 1623 1956 3906 1621 1954 3907 1619 1952 3908 1616 1949 3909 1618 1951 3910 1617 1950 3911 1618 1951 3912 1620 1953 3913 1617 1950 3914 1311 1957 3915 1624 1957 3916 1312 1957 3917 1624 1958 3918 1625 1958 3919 1312 1958 3920 1626 1959 3921 1627 1960 3922 1316 1546 3923 1627 1960 3924 1318 1548 3925 1316 1546 3926 1628 1961 3927 1629 1962 3928 1626 1959 3929 1629 1962 3930 1627 1960 3931 1626 1959 3932 1630 1963 3933 1631 1964 3934 1632 1965 3935 1631 1964 3936 1633 1966 3937 1632 1965 3938 1633 1966 3939 1631 1964 3940 1325 1555 3941 1631 1964 3942 1326 1556 3943 1325 1555 3944 1630 1963 3945 1632 1965 3946 1634 1967 3947 1628 1961 3948 1635 1968 3949 1629 1962 3950 1635 1968 3951 1636 1969 3952 1629 1962 3953 1629 1962 3954 1636 1969 3955 1637 1970 3956 1634 1967 3957 1638 1971 3958 1630 1963 3959 1638 1971 3960 1639 1972 3961 1630 1963 3962 1625 1973 3963 1624 1973 3964 1640 1973 3965 1624 1974 3966 1641 1974 3967 1640 1974 3968 1642 1975 3969 1643 1976 3970 1644 1977 3971 1643 1976 3972 1645 1978 3973 1644 1977 3974 1287 1979 3975 1289 1980 3976 1646 1981 3977 1647 1982 3978 1292 1522 3979 1648 1983 3980 1292 1522 3981 1293 1523 3982 1648 1983 3983 1649 1984 3984 1647 1982 3985 1650 1985 3986 1647 1982 3987 1648 1983 3988 1650 1985 3989 1651 1986 3990 1652 1987 3991 1653 1988 3992 1652 1987 3993 1654 1989 3994 1653 1988 3995 1654 1989 3996 1300 1530 3997 1653 1988 3998 1300 1530 3999 1301 1531 4000 1653 1988 4001 1651 1986 4002 1655 1990 4003 1652 1987 4004 1649 1984 4005 1650 1985 4006 1644 1977 4007 1650 1985 4008 1642 1975 4009 1644 1977 4010 1655 1990 4011 1651 1986 4012 1656 1991 4013 1651 1986 4014 1657 1992 4015 1656 1991 4016 1658 1993 4017 1659 1993 4018 1660 1993 4019 1659 1994 4020 1661 1994 4021 1660 1994 4022 1106 1273 4023 1107 1274 4024 1108 1275 4025 1107 1274 4026 1109 1276 4027 1108 1275 4028 1160 1343 4029 1161 1344 4030 1662 1995 4031 1161 1344 4032 1663 1996 4033 1662 1995 4034 1500 1782 4035 1501 1783 4036 1664 1997 4037 1501 1783 4038 1665 1998 4039 1664 1997 4040 1666 1999 4041 1667 2000 4042 1294 1524 4043 1667 2000 4044 1295 1525 4045 1294 1524 4046 1125 1292 4047 1119 1286 4048 1124 1291 4049 1465 1731 4050 1459 1725 4051 1464 1730 4052 1523 1820 4053 1464 1730 4054 1521 1818 4055 1668 2001 4056 1669 2001 4057 1670 2001 4058 1671 2002 4059 1672 2003 4060 1673 2004 4061 1672 2005 4062 1674 2006 4063 1673 2007 4064 1675 1148 4065 1673 1148 4066 1676 1148 4067 1673 2008 4068 1677 2008 4069 1676 2008 4070 1678 2009 4071 1679 2010 4072 1680 2011 4073 1679 2012 4074 1681 2013 4075 1680 2014 4076 1682 2015 4077 1683 2016 4078 1684 2017 4079 1683 2018 4080 1685 2019 4081 1684 2020 4082 1686 2021 4083 1687 2021 4084 1688 2021 4085 1683 2022 4086 1689 2023 4087 1685 2024 4088 1690 2025 4089 1686 2026 4090 1688 2027 4091 1330 2028 4092 1314 2029 4093 1674 2030 4094 1691 2031 4095 1659 2032 4096 1692 2033 4097 1659 2034 4098 1693 2035 4099 1692 2036 4100 1694 2037 4101 1692 2037 4102 1695 2037 4103 1692 2038 4104 1696 2038 4105 1695 2038 4106 1697 2039 4107 1698 2039 4108 1699 2039 4109 1700 2040 4110 1701 2041 4111 1702 2042 4112 1701 2043 4113 1703 2044 4114 1702 2045 4115 1704 2046 4116 1705 2046 4117 1706 2046 4118 1707 2047 4119 1697 2047 4120 1699 2047 4121 1708 2048 4122 1704 2049 4123 1709 2050 4124 1704 2051 4125 1706 2052 4126 1709 2053 4127 1710 2054 4128 1711 2055 4129 1712 2056 4130 1711 2057 4131 1713 2058 4132 1712 2059 4133 1287 2060 4134 1646 2061 4135 1660 2062 4136 1646 2063 4137 1658 2064 4138 1660 2065 4139 1714 2066 4140 1691 2067 4141 1694 2068 4142 1691 2069 4143 1692 2070 4144 1694 2071 4145 1698 1148 4146 1691 1148 4147 1699 1148 4148 1691 1148 4149 1714 1148 4150 1699 1148 4151 1715 2072 4152 1716 2073 4153 1717 2074 4154 1718 2075 4155 1719 2076 4156 1720 2077 4157 1679 1148 4158 1671 1148 4159 1681 1148 4160 1671 2078 4161 1721 2078 4162 1681 2078 4163 1155 2079 4164 1087 2080 4165 1162 2081 4166 1087 2082 4167 1089 2083 4168 1162 2084 4169 1722 2085 4170 1723 2086 4171 1724 2087 4172 1723 2088 4173 1725 2089 4174 1724 2090 4175 1726 2091 4176 1727 2092 4177 1728 2093 4178 1727 2094 4179 1729 2095 4180 1728 2096 4181 1730 2097 4182 1731 2098 4183 1732 2099 4184 1731 2100 4185 1733 2101 4186 1732 2102 4187 924 2103 4188 907 2104 4189 906 2105 4190 972 2106 4191 955 2107 4192 954 2108 4193 1734 2109 4194 1735 2110 4195 1736 2111 4196 1735 2112 4197 1737 2113 4198 1736 2114 4199 1738 2115 4200 1739 2115 4201 1740 2115 4202 1739 2116 4203 1741 2116 4204 1740 2116 4205 1742 2117 4206 1743 2118 4207 1744 2119 4208 1743 2120 4209 1745 2121 4210 1744 2122 4211 1746 2123 4212 1747 2124 4213 1748 2125 4214 1747 2126 4215 1749 2127 4216 1748 2128 4217 1750 2129 4218 1751 2130 4219 1752 2131 4220 1751 2130 4221 1753 2132 4222 1752 2131 4223 1754 2133 4224 1755 2134 4225 1756 2135 4226 1754 2133 4227 1757 2136 4228 1755 2134 4229 1754 2133 4230 1753 2132 4231 1757 2136 4232 1753 2132 4233 1751 2130 4234 1757 2136 4235 1758 2137 4236 1759 2138 4237 1760 2139 4238 1759 2138 4239 1761 2140 4240 1760 2139 4241 1762 2141 4242 1763 2142 4243 1764 2143 4244 1763 2142 4245 1765 2144 4246 1764 2143 4247 1766 2145 4248 1767 2146 4249 1768 2147 4250 1767 2146 4251 1769 2148 4252 1768 2147 4253 1767 2146 4254 1761 2140 4255 1769 2148 4256 1761 2140 4257 1759 2138 4258 1769 2148 4259 1770 2149 4260 1771 2150 4261 1772 2151 4262 1771 2150 4263 1773 2152 4264 1772 2151 4265 1762 2141 4266 1772 2151 4267 1763 2142 4268 1772 2151 4269 1773 2152 4270 1763 2142 4271 1774 2153 4272 1775 2153 4273 1776 2153 4274 1777 2154 4275 1778 2155 4276 1779 2156 4277 1778 2157 4278 1780 2158 4279 1779 2159 4280 1781 2160 4281 1782 2161 4282 1783 2162 4283 1782 2163 4284 1784 2164 4285 1783 2165 4286 1785 2166 4287 1786 2167 4288 1787 2168 4289 1786 2167 4290 1788 2169 4291 1787 2168 4292 1789 2170 4293 1788 2169 4294 1790 2171 4295 1788 2169 4296 1786 2167 4297 1790 2171 4298 1791 2172 4299 1792 2173 4300 1793 2174 4301 1792 2173 4302 1794 2175 4303 1793 2174 4304 1793 2174 4305 1794 2175 4306 1795 2176 4307 1796 2177 4308 1797 2178 4309 1798 2179 4310 1797 2180 4311 1799 2181 4312 1798 2182 4313 1800 2183 4314 1801 2184 4315 1802 2185 4316 1801 2186 4317 1803 2187 4318 1802 2188 4319 1804 2189 4320 1805 2190 4321 1806 2191 4322 1805 2190 4323 1807 2192 4324 1806 2191 4325 1808 2193 4326 1807 2192 4327 1809 2194 4328 1807 2192 4329 1805 2190 4330 1809 2194 4331 1810 2195 4332 1808 2193 4333 1811 2196 4334 1808 2193 4335 1809 2194 4336 1811 2196 4337 1812 2197 4338 1813 2198 4339 1814 2199 4340 1813 2200 4341 1815 2201 4342 1814 2202 4343 1816 2203 4344 1817 2204 4345 1818 2205 4346 1817 2206 4347 1819 2207 4348 1818 2208 4349 1820 2209 4350 1821 2210 4351 1822 2211 4352 1821 2212 4353 1823 2213 4354 1822 2214 4355 1824 2215 4356 1825 2216 4357 1826 2217 4358 1825 2218 4359 1827 2219 4360 1826 2220 4361 1828 2221 4362 1829 2222 4363 1830 2223 4364 1829 2224 4365 1831 2225 4366 1830 2226 4367 1830 2227 4368 1831 2228 4369 1832 2229 4370 1833 2230 4371 1834 2231 4372 1835 2232 4373 1834 2231 4374 1836 2233 4375 1835 2232 4376 1834 2231 4377 1837 2234 4378 1836 2233 4379 1837 2234 4380 1838 2235 4381 1836 2233 4382 1839 2236 4383 1840 2237 4384 1841 2238 4385 1840 2239 4386 1842 2240 4387 1841 2241 4388 1841 2242 4389 1842 2243 4390 1843 2244 4391 1844 2245 4392 1845 2245 4393 1846 2245 4394 1845 2246 4395 1847 2246 4396 1846 2246 4397 1848 2247 4398 1849 2248 4399 1850 2249 4400 1849 2250 4401 1851 2251 4402 1850 2252 4403 1852 2253 4404 1853 2254 4405 1854 2255 4406 1853 2256 4407 1855 2257 4408 1854 2258 4409 1856 2259 4410 1857 2260 4411 1858 2261 4412 1857 2262 4413 1859 2263 4414 1858 2264 4415 1860 2265 4416 1861 2265 4417 1862 2265 4418 1861 2266 4419 1863 2266 4420 1862 2266 4421 1864 2267 4422 1865 2268 4423 1866 2269 4424 1865 2270 4425 1867 2271 4426 1866 2272 4427 1868 2273 4428 1869 2274 4429 1870 2275 4430 1869 2276 4431 1871 2277 4432 1870 2278 4433 1872 2279 4434 1873 2279 4435 1874 2279 4436 1873 2280 4437 1875 2280 4438 1874 2280 4439 1876 2281 4440 1877 2282 4441 1878 2283 4442 1877 2284 4443 1879 2285 4444 1878 2286 4445 1880 2287 4446 1881 2288 4447 1882 2289 4448 1881 2290 4449 1883 2291 4450 1882 2292 4451 1884 2293 4452 1885 2294 4453 1886 2295 4454 1885 2296 4455 1887 2297 4456 1886 2298 4457 1888 2299 4458 1889 2299 4459 1890 2299 4460 1889 2300 4461 1891 2300 4462 1890 2300 4463 1892 2301 4464 1893 2301 4465 1894 2301 4466 1893 2302 4467 1895 2302 4468 1894 2302 4469 1896 2303 4470 1897 2303 4471 1898 2303 4472 1897 2304 4473 1899 2304 4474 1898 2304 4475 1900 2305 4476 1901 2305 4477 1902 2305 4478 1901 2306 4479 1903 2306 4480 1902 2306 4481 1904 2307 4482 1905 2307 4483 1906 2307 4484 1905 2308 4485 1907 2308 4486 1906 2308 4487 1908 2309 4488 1909 2309 4489 1910 2309 4490 1909 2310 4491 1911 2310 4492 1910 2310 4493 1912 2311 4494 1913 2312 4495 1914 2313 4496 1913 2314 4497 1915 2315 4498 1914 2316 4499 1916 2317 4500 1917 2318 4501 1918 2319 4502 1917 2320 4503 1919 2321 4504 1918 2322 4505 1920 2323 4506 1921 2324 4507 1922 2325 4508 1921 2326 4509 1923 2327 4510 1922 2328 4511 1924 2329 4512 1925 2330 4513 1926 2331 4514 1925 2332 4515 1927 2333 4516 1926 2334 4517 1928 2335 4518 1929 2336 4519 1930 2337 4520 1929 2338 4521 1931 2339 4522 1930 2340 4523 1932 2341 4524 1933 2342 4525 1934 2343 4526 1933 2344 4527 1935 2345 4528 1934 2346 4529 1936 2347 4530 1937 2347 4531 1938 2347 4532 1937 2347 4533 1939 2347 4534 1938 2347 4535 1940 2348 4536 1941 2349 4537 1942 2350 4538 1941 2351 4539 1943 2352 4540 1942 2353 4541 1944 2354 4542 1945 2354 4543 1946 2354 4544 1945 2355 4545 1947 2355 4546 1946 2355 4547 1948 2356 4548 1949 2357 4549 1950 2358 4550 1949 2359 4551 1951 2360 4552 1950 2361 4553 1952 2362 4554 1953 2363 4555 1954 2364 4556 1953 2365 4557 1955 2366 4558 1954 2367 4559 1956 2368 4560 1957 2368 4561 1958 2368 4562 1957 2369 4563 1959 2369 4564 1958 2369 4565 1960 2370 4566 1961 2370 4567 1962 2370 4568 1961 2371 4569 1963 2371 4570 1962 2371 4571 1964 2372 4572 1965 2373 4573 1966 2374 4574 1965 2375 4575 1967 2376 4576 1966 2377 4577 1968 2378 4578 1969 2378 4579 1970 2378 4580 1969 2379 4581 1971 2379 4582 1970 2379 4583 1972 2380 4584 1973 2381 4585 1974 2382 4586 1973 2383 4587 1975 2384 4588 1974 2385 4589 1976 2386 4590 1977 2387 4591 1978 2388 4592 1977 2389 4593 1979 2390 4594 1978 2391 4595 1980 2392 4596 1981 2392 4597 1982 2392 4598 1983 2393 4599 1984 2393 4600 1985 2393 4601 1984 2394 4602 1986 2394 4603 1985 2394 4604 1987 2395 4605 1988 2395 4606 1989 2395 4607 1988 2396 4608 1990 2396 4609 1989 2396 4610 1991 2397 4611 1992 2398 4612 1993 2399 4613 1994 2400 4614 1995 2401 4615 1996 2402 4616 1997 2403 4617 1998 2404 4618 1999 2405 4619 2000 2406 4620 2001 2407 4621 1991 2397 4622 1991 2397 4623 2002 2408 4624 2000 2406 4625 1996 2402 4626 2003 2409 4627 1994 2400 4628 2003 2409 4629 2004 2410 4630 1994 2400 4631 1993 2399 4632 2002 2408 4633 1991 2397 4634 1996 2411 4635 2005 2412 4636 1999 2405 4637 2006 2413 4638 1999 2405 4639 2005 2412 4640 2007 2414 4641 2008 2415 4642 2009 2416 4643 2010 2417 4644 2007 2418 4645 2009 2419 4646 2007 2420 4647 2011 2421 4648 2008 2422 4649 2011 2421 4650 2012 2423 4651 2008 2422 4652 1997 2403 4653 1999 2405 4654 2006 2413 4655 2004 2410 4656 2013 2424 4657 1994 2400 4658 1996 2411 4659 1999 2405 4660 2014 2425 4661 1996 2411 4662 2014 2425 4663 2015 2426 4664 2016 2427 4665 2017 2427 4666 2018 2427 4667 2017 2428 4668 2019 2428 4669 2018 2428 4670 2020 2429 4671 2021 2430 4672 2022 2431 4673 2021 2432 4674 2023 2433 4675 2022 2434 4676 2024 2435 4677 2025 2436 4678 2026 2437 4679 2027 2438 4680 2026 2437 4681 2028 2439 4682 2026 2437 4683 2025 2436 4684 2028 2439 4685 2029 2440 4686 2030 2440 4687 2031 2440 4688 2030 2441 4689 2032 2441 4690 2031 2441 4691 2033 2442 4692 2034 2443 4693 2035 2444 4694 2034 2445 4695 2036 2446 4696 2035 2447 4697 2037 2448 4698 2038 2449 4699 2039 2450 4700 2038 2451 4701 2040 2452 4702 2039 2453 4703 2041 2454 4704 2042 2454 4705 2043 2454 4706 2042 2455 4707 2044 2455 4708 2043 2455 4709 2045 2456 4710 2046 2457 4711 2047 2458 4712 2046 2459 4713 2048 2460 4714 2047 2461 4715 2049 2462 4716 2050 2463 4717 2051 2464 4718 2050 2465 4719 2052 2466 4720 2051 2467 4721 2053 2468 4722 2054 2469 4723 2055 2470 4724 2054 2471 4725 2056 2472 4726 2055 2473 4727 2057 2474 4728 2058 2475 4729 2059 2476 4730 2058 2477 4731 2060 2478 4732 2059 2479 4733 2061 2480 4734 2062 2480 4735 2063 2480 4736 2062 2481 4737 2064 2481 4738 2063 2481 4739 2065 2482 4740 2066 2483 4741 2067 2484 4742 2066 2485 4743 2068 2486 4744 2067 2487 4745 2069 2488 4746 2070 2489 4747 2071 2490 4748 2070 2491 4749 2072 2492 4750 2071 2493 4751 2073 2494 4752 2074 2494 4753 2075 2494 4754 2074 2495 4755 2076 2495 4756 2075 2495 4757 2077 2496 4758 2078 2497 4759 2079 2498 4760 2078 2499 4761 2080 2500 4762 2079 2501 4763 2081 2502 4764 2082 2503 4765 2083 2504 4766 2082 2505 4767 2084 2506 4768 2083 2507 4769 2085 2508 4770 2086 2509 4771 2087 2510 4772 2086 2511 4773 2088 2512 4774 2087 2513 4775 2089 2514 4776 2090 2515 4777 2091 2516 4778 2090 2517 4779 2092 2518 4780 2091 2519 4781 2093 2520 4782 2094 2521 4783 2095 2522 4784 2094 2523 4785 2096 2524 4786 2095 2525 4787 2097 2526 4788 2098 2526 4789 2099 2526 4790 2098 2527 4791 2100 2527 4792 2099 2527 4793 2101 2528 4794 2102 2529 4795 2103 2530 4796 2102 2529 4797 2104 2531 4798 2103 2530 4799 2102 2529 4800 2105 2532 4801 2104 2531 4802 2105 2532 4803 2106 2533 4804 2104 2531 4805 2107 2534 4806 2108 2534 4807 2109 2534 4808 2108 2535 4809 2110 2535 4810 2109 2535 4811 2111 2536 4812 2112 2537 4813 2113 2538 4814 2112 2539 4815 2114 2540 4816 2113 2541 4817 2115 2542 4818 2116 2542 4819 2117 2542 4820 2116 2543 4821 2118 2543 4822 2117 2543 4823 2119 2544 4824 2120 2544 4825 2121 2544 4826 2120 2545 4827 2122 2545 4828 2121 2545 4829 2123 2546 4830 2124 2547 4831 2125 2548 4832 2124 2549 4833 2126 2550 4834 2125 2551 4835 2127 2552 4836 2128 2553 4837 2129 2554 4838 2128 2555 4839 2130 2556 4840 2129 2557 4841 2131 2558 4842 2132 2559 4843 2133 2560 4844 2132 2561 4845 2134 2562 4846 2133 2563 4847 2135 2564 4848 2136 2565 4849 2137 2566 4850 2136 2567 4851 2138 2568 4852 2137 2569 4853 2139 2570 4854 2140 2570 4855 2141 2570 4856 2140 2571 4857 2142 2571 4858 2141 2571 4859 2143 2572 4860 2144 2572 4861 2145 2572 4862 2144 2573 4863 2146 2573 4864 2145 2573 4865 2147 2574 4866 2148 2574 4867 2149 2574 4868 2148 2575 4869 2150 2575 4870 2149 2575 4871 2151 2576 4872 2152 2576 4873 2153 2576 4874 2152 2577 4875 2154 2577 4876 2153 2577 4877 2155 2578 4878 2156 2578 4879 2157 2578 4880 2156 2579 4881 2158 2579 4882 2157 2579 4883 2159 2580 4884 2160 2580 4885 2161 2580 4886 2160 2581 4887 2162 2581 4888 2161 2581 4889 2163 2582 4890 2164 2583 4891 2165 2584 4892 2164 2585 4893 2166 2586 4894 2165 2587 4895 2167 2588 4896 2168 2589 4897 2169 2590 4898 2168 2591 4899 2170 2592 4900 2169 2593 4901 2171 2594 4902 2172 2595 4903 2173 2596 4904 2172 2597 4905 2174 2598 4906 2173 2599 4907 2175 2600 4908 2176 2601 4909 2177 2602 4910 2176 2603 4911 2178 2604 4912 2177 2605 4913 2179 2606 4914 2180 2607 4915 2181 2608 4916 2180 2609 4917 2182 2610 4918 2181 2611 4919 2183 2612 4920 2184 2613 4921 2185 2614 4922 2184 2615 4923 2186 2616 4924 2185 2617 4925 2187 2618 4926 2188 2619 4927 2189 2620 4928 2188 2621 4929 2190 2622 4930 2189 2623 4931 2191 2624 4932 2192 2625 4933 2193 2626 4934 2192 2627 4935 2194 2628 4936 2193 2629 4937 2195 2630 4938 2196 2631 4939 2197 2632 4940 2196 2633 4941 2198 2634 4942 2197 2635 4943 2199 2636 4944 2200 2637 4945 2201 2638 4946 2200 2639 4947 2202 2640 4948 2201 2641 4949 2203 2642 4950 2204 2642 4951 2205 2642 4952 2204 2643 4953 2206 2643 4954 2205 2643 4955 2207 2644 4956 2208 2645 4957 2209 2646 4958 2208 2647 4959 2210 2648 4960 2209 2649 4961 2211 2650 4962 2212 2651 4963 2213 2652 4964 2212 2653 4965 2214 2654 4966 2213 2655 4967 2215 2656 4968 2216 2657 4969 2217 2658 4970 2216 2659 4971 2218 2660 4972 2217 2661 4973 2219 2662 4974 2220 2663 4975 2221 2664 4976 2220 2665 4977 2222 2666 4978 2221 2667 4979 2223 2668 4980 2224 2668 4981 2225 2668 4982 2224 2669 4983 2226 2669 4984 2225 2669 4985 2227 2670 4986 2228 2670 4987 2229 2670 4988 2228 2671 4989 2230 2671 4990 2229 2671 4991 2231 2672 4992 2232 2673 4993 2233 2674 4994 2232 2675 4995 2234 2676 4996 2233 2677 4997 2235 2678 4998 2236 2679 4999 2237 2680 5000 2236 2681 5001 2238 2682 5002 2237 2683 5003 2239 2684 5004 2240 2685 5005 2241 2686 5006 2240 2687 5007 2242 2688 5008 2241 2689 5009 2243 2690 5010 2244 2691 5011 2245 2692 5012 2244 2693 5013 2246 2694 5014 2245 2695 5015 2247 2696 5016 2248 2696 5017 2249 2696 5018 2248 2697 5019 2250 2697 5020 2249 2697 5021 2251 2698 5022 2252 2699 5023 2253 2700 5024 2252 2701 5025 2254 2702 5026 2253 2703 5027 2255 2704 5028 2256 2705 5029 2257 2706 5030 2256 2707 5031 2258 2708 5032 2257 2709 5033 2259 2710 5034 2260 2711 5035 2261 2712 5036 2260 2713 5037 2262 2714 5038 2261 2715 5039 2263 2716 5040 2264 2717 5041 2265 2718 5042 2264 2719 5043 2266 2720 5044 2265 2721 5045 2267 2722 5046 2268 2722 5047 2269 2722 5048 2268 2723 5049 2270 2723 5050 2269 2723 5051 2271 2724 5052 2272 2725 5053 2273 2726 5054 2272 2727 5055 2274 2728 5056 2273 2729 5057 2275 2730 5058 2276 2730 5059 2277 2730 5060 2276 2731 5061 2278 2731 5062 2277 2731 5063 2279 2732 5064 2280 2733 5065 2281 2734 5066 2280 2735 5067 2282 2736 5068 2281 2737 5069 2283 2738 5070 2284 2738 5071 2285 2738 5072 2284 2739 5073 2286 2739 5074 2285 2739 5075 2287 2740 5076 2288 2740 5077 2289 2740 5078 2288 2741 5079 2290 2741 5080 2289 2741 5081 2291 2742 5082 2292 2743 5083 2293 2744 5084 2292 2745 5085 2294 2746 5086 2293 2747 5087 2295 2748 5088 2296 2749 5089 2297 2750 5090 2296 2751 5091 2298 2752 5092 2297 2753 5093 2299 2754 5094 2300 2755 5095 2301 2756 5096 2300 2755 5097 2302 2757 5098 2301 2756 5099 2300 2755 5100 2303 2758 5101 2302 2757 5102 2303 2758 5103 2304 2759 5104 2302 2757 5105 2305 2760 5106 2306 2761 5107 2307 2762 5108 2308 2763 5109 2309 2764 5110 2310 2765 5111 2309 2764 5112 2311 2766 5113 2310 2765 5114 2312 2767 5115 2313 2768 5116 2314 2769 5117 2313 2770 5118 2315 2771 5119 2314 2772 5120 2316 2773 5121 2317 2774 5122 2318 2775 5123 2317 2774 5124 2319 2776 5125 2318 2775 5126 2318 2775 5127 2310 2765 5128 2316 2773 5129 2310 2765 5130 2320 2777 5131 2316 2773 5132 2321 2778 5133 2308 2763 5134 2318 2775 5135 2308 2763 5136 2310 2765 5137 2318 2775 5138 2322 2779 5139 2321 2778 5140 2319 2776 5141 2321 2778 5142 2318 2775 5143 2319 2776 5144 2323 2780 5145 2319 2776 5146 2324 2781 5147 2319 2776 5148 2317 2774 5149 2324 2781 5150 2325 2782 5151 2326 2783 5152 2327 2784 5153 2326 2785 5154 2328 2786 5155 2327 2787 5156 2327 2788 5157 2328 2789 5158 2329 2790 5159 2330 2791 5160 2331 2791 5161 2332 2791 5162 2331 2792 5163 2333 2792 5164 2332 2792 5165 2334 2793 5166 2335 2793 5167 2336 2793 5168 2335 2794 5169 2337 2794 5170 2336 2794 5171 2338 2795 5172 2339 2795 5173 2340 2795 5174 2339 2796 5175 2341 2796 5176 2340 2796 5177 2340 2797 5178 2341 2797 5179 2342 2797 5180 2343 2798 5181 2344 2798 5182 2345 2798 5183 2344 2799 5184 2346 2799 5185 2345 2799 5186 2347 2800 5187 2348 2801 5188 2349 2802 5189 2348 2803 5190 2350 2804 5191 2349 2805 5192 2351 2806 5193 2306 2807 5194 2305 2808 5195 2351 2809 5196 2352 2810 5197 2306 2811 5198 2306 2812 5199 2352 2813 5200 2353 2814 5201 2354 2815 5202 2355 2816 5203 2312 2817 5204 2355 2818 5205 2313 2819 5206 2312 2820 5207 2356 2821 5208 2320 2777 5209 2311 2766 5210 2320 2777 5211 2310 2765 5212 2311 2766 5213 2357 2822 5214 2358 2823 5215 2359 2824 5216 2358 2823 5217 2360 2825 5218 2359 2824 5219 2361 2826 5220 2362 2827 5221 2363 2828 5222 2362 2829 5223 2364 2830 5224 2363 2831 5225 2358 2823 5226 2365 2832 5227 2360 2825 5228 2365 2832 5229 2366 2833 5230 2360 2825 5231 2367 2834 5232 2366 2833 5233 2368 2835 5234 2366 2833 5235 2365 2832 5236 2368 2835 5237 2369 2836 5238 2370 2837 5239 2365 2832 5240 2370 2837 5241 2368 2835 5242 2365 2832 5243 2358 2823 5244 2371 2838 5245 2365 2832 5246 2371 2838 5247 2369 2836 5248 2365 2832 5249 2368 2835 5250 2372 2839 5251 2367 2834 5252 2372 2839 5253 2373 2840 5254 2367 2834 5255 2370 2837 5256 2374 2841 5257 2368 2835 5258 2374 2841 5259 2372 2839 5260 2368 2835 5261 2375 2842 5262 2376 2843 5263 2377 2844 5264 2376 2845 5265 2378 2846 5266 2377 2847 5267 2379 2848 5268 2380 2849 5269 2381 2850 5270 2380 2851 5271 2382 2852 5272 2381 2853 5273 2383 2854 5274 2384 2854 5275 2385 2854 5276 2384 2855 5277 2386 2855 5278 2385 2855 5279 2387 2856 5280 2388 2857 5281 2389 2858 5282 2388 2859 5283 2390 2860 5284 2389 2861 5285 2391 2862 5286 2392 2863 5287 2393 2864 5288 2394 2865 5289 2362 2866 5290 2395 2867 5291 2362 2868 5292 2361 2869 5293 2395 2870 5294 2396 2871 5295 2397 2872 5296 2376 2873 5297 2396 2874 5298 2376 2875 5299 2375 2876 5300 2398 2877 5301 2399 2878 5302 2400 2879 5303 2399 2878 5304 2401 2880 5305 2400 2879 5306 2402 2881 5307 2403 2881 5308 2404 2881 5309 2398 2877 5310 2400 2879 5311 2405 2882 5312 2400 2879 5313 2406 2883 5314 2405 2882 5315 2407 2884 5316 2408 2885 5317 2409 2886 5318 2408 2887 5319 2410 2888 5320 2409 2889 5321 2411 2890 5322 2412 2891 5323 2413 2892 5324 2412 2893 5325 2414 2894 5326 2413 2895 5327 2415 2896 5328 2416 2897 5329 2417 2898 5330 2416 2899 5331 2418 2900 5332 2417 2901 5333 2419 2902 5334 2420 2903 5335 2421 2904 5336 2420 2905 5337 2422 2906 5338 2421 2907 5339 2423 2908 5340 2424 2909 5341 2425 2910 5342 2424 2909 5343 2426 2911 5344 2425 2910 5345 2427 2912 5346 2428 2913 5347 2429 2914 5348 2428 2915 5349 2430 2916 5350 2429 2917 5351 2425 2910 5352 2431 2918 5353 2423 2908 5354 2431 2918 5355 2432 2919 5356 2423 2908 5357 2423 2908 5358 2432 2919 5359 2433 2920 5360 2434 2921 5361 2435 2922 5362 2436 2923 5363 2435 2924 5364 2437 2925 5365 2436 2926 5366 2438 2927 5367 2439 2928 5368 2440 2929 5369 2439 2930 5370 2441 2931 5371 2440 2932 5372 2442 2933 5373 2443 2934 5374 2444 2935 5375 2443 2936 5376 2445 2937 5377 2444 2938 5378 2446 2939 5379 2447 2939 5380 2448 2939 5381 2447 2940 5382 2449 2940 5383 2448 2940 5384 2450 2941 5385 2451 2942 5386 2452 2943 5387 2451 2944 5388 2453 2945 5389 2452 2946 5390 2454 2947 5391 2455 2947 5392 2456 2947 5393 2455 2948 5394 2457 2948 5395 2456 2948 5396 2458 2949 5397 2459 2950 5398 2460 2951 5399 2459 2952 5400 2461 2953 5401 2460 2954 5402 2462 2955 5403 2463 2955 5404 2464 2955 5405 2463 2956 5406 2465 2956 5407 2464 2956 5408 2466 2957 5409 2467 2958 5410 2468 2959 5411 2467 2960 5412 2469 2961 5413 2468 2962 5414 2470 2963 5415 2471 2964 5416 2472 2965 5417 2471 2966 5418 2473 2967 5419 2472 2968 5420 2474 2969 5421 2475 2970 5422 2476 2971 5423 2475 2972 5424 2477 2973 5425 2476 2974 5426 2478 2975 5427 2479 2976 5428 2480 2977 5429 2479 2978 5430 2481 2979 5431 2480 2980 5432 2482 2981 5433 2483 2982 5434 2484 2983 5435 2483 2984 5436 2485 2985 5437 2484 2986 5438 2486 2987 5439 2487 2988 5440 2488 2989 5441 2487 2990 5442 2489 2991 5443 2488 2992 5444 2490 2993 5445 2491 2993 5446 2492 2993 5447 2491 2994 5448 2493 2994 5449 2492 2994 5450 2494 2995 5451 2495 2996 5452 2496 2997 5453 2495 2998 5454 2497 2999 5455 2496 3000 5456 2498 3001 5457 2499 3002 5458 2500 3003 5459 2499 3004 5460 2501 3005 5461 2500 3006 5462 2502 3007 5463 2503 3008 5464 2504 3009 5465 2503 3008 5466 2505 3010 5467 2504 3009 5468 2506 3011 5469 2507 3012 5470 2508 3013 5471 2506 3011 5472 2509 3014 5473 2507 3012 5474 2506 3011 5475 2505 3010 5476 2509 3014 5477 2505 3010 5478 2503 3008 5479 2509 3014 5480 2510 3015 5481 2511 3016 5482 2512 3017 5483 2511 3016 5484 2513 3018 5485 2512 3017 5486 2514 3019 5487 2515 3020 5488 2516 3021 5489 2515 3020 5490 2517 3022 5491 2516 3021 5492 2518 3023 5493 2519 3024 5494 2520 3025 5495 2519 3024 5496 2521 3026 5497 2520 3025 5498 2519 3024 5499 2513 3018 5500 2521 3026 5501 2513 3018 5502 2511 3016 5503 2521 3026 5504 2522 3027 5505 2523 3028 5506 2524 3029 5507 2523 3028 5508 2525 3030 5509 2524 3029 5510 2514 3019 5511 2524 3029 5512 2515 3020 5513 2524 3029 5514 2525 3030 5515 2515 3020 5516 2526 3031 5517 2527 3031 5518 2528 3031 5519 2529 3032 5520 2530 3033 5521 2531 3034 5522 2530 3035 5523 2532 3036 5524 2531 3037 5525 2533 3038 5526 2534 3039 5527 2535 3040 5528 2534 3041 5529 2536 3042 5530 2535 3043 5531 2537 3044 5532 2538 3045 5533 2539 3046 5534 2538 3045 5535 2540 3047 5536 2539 3046 5537 2541 3048 5538 2540 3047 5539 2542 3049 5540 2540 3047 5541 2538 3045 5542 2542 3049 5543 2543 3050 5544 2544 3051 5545 2545 3052 5546 2544 3051 5547 2546 3053 5548 2545 3052 5549 2545 3052 5550 2546 3053 5551 2547 3054 5552 2548 3055 5553 2549 3056 5554 2550 3057 5555 2549 3058 5556 2551 3059 5557 2550 3060 5558 2552 3061 5559 2553 3062 5560 2554 3063 5561 2553 3064 5562 2555 3065 5563 2554 3066 5564 2556 3067 5565 2557 3068 5566 2558 3069 5567 2557 3068 5568 2559 3070 5569 2558 3069 5570 2560 3071 5571 2559 3070 5572 2561 3072 5573 2559 3070 5574 2557 3068 5575 2561 3072 5576 2562 3073 5577 2560 3071 5578 2563 3074 5579 2560 3071 5580 2561 3072 5581 2563 3074 5582 2564 3075 5583 2565 3076 5584 2566 3077 5585 2565 3078 5586 2567 3079 5587 2566 3080 5588 2568 3081 5589 2569 3082 5590 2570 3083 5591 2569 3084 5592 2571 3085 5593 2570 3086 5594 2572 3087 5595 2573 3088 5596 2574 3089 5597 2573 3090 5598 2575 3091 5599 2574 3092 5600 2576 3093 5601 2577 3093 5602 2578 3093 5603 2577 3094 5604 2579 3094 5605 2578 3094 5606 2580 3095 5607 2581 3096 5608 2582 3097 5609 2581 3098 5610 2583 3099 5611 2582 3100 5612 2582 3101 5613 2583 3102 5614 2584 3103 5615 2585 3104 5616 2586 3105 5617 2587 3106 5618 2586 3105 5619 2588 3107 5620 2587 3106 5621 2586 3105 5622 2589 3108 5623 2588 3107 5624 2589 3108 5625 2590 3109 5626 2588 3107 5627 2591 3110 5628 2592 3110 5629 2593 3110 5630 2592 3111 5631 2594 3111 5632 2593 3111 5633 2593 3112 5634 2594 3112 5635 2595 3112 5636 2596 3113 5637 2597 3113 5638 2598 3113 5639 2597 3114 5640 2599 3114 5641 2598 3114 5642 2600 3115 5643 2601 3116 5644 2602 3117 5645 2601 3118 5646 2603 3119 5647 2602 3120 5648 2604 3121 5649 2605 3122 5650 2606 3123 5651 2605 3124 5652 2607 3125 5653 2606 3126 5654 2608 3127 5655 2609 3128 5656 2610 3129 5657 2609 3130 5658 2611 3131 5659 2610 3132 5660 2612 3133 5661 2613 3133 5662 2614 3133 5663 2613 3134 5664 2615 3134 5665 2614 3134 5666 2616 3135 5667 2617 3136 5668 2618 3137 5669 2617 3138 5670 2619 3139 5671 2618 3140 5672 2620 3141 5673 2621 3142 5674 2622 3143 5675 2621 3144 5676 2623 3145 5677 2622 3146 5678 2624 3147 5679 2625 3147 5680 2626 3147 5681 2625 3148 5682 2627 3148 5683 2626 3148 5684 2628 3149 5685 2629 3150 5686 2630 3151 5687 2629 3152 5688 2631 3153 5689 2630 3154 5690 2632 3155 5691 2633 3156 5692 2634 3157 5693 2633 3158 5694 2635 3159 5695 2634 3160 5696 2636 3161 5697 2637 3162 5698 2638 3163 5699 2637 3164 5700 2639 3165 5701 2638 3166 5702 2640 3167 5703 2641 3167 5704 2642 3167 5705 2641 3168 5706 2643 3168 5707 2642 3168 5708 2644 3169 5709 2645 3169 5710 2646 3169 5711 2645 3170 5712 2647 3170 5713 2646 3170 5714 2648 3171 5715 2649 3172 5716 2650 3173 5717 2649 3174 5718 2651 3175 5719 2650 3176 5720 2652 3177 5721 2653 3177 5722 2654 3177 5723 2653 3178 5724 2655 3178 5725 2654 3178 5726 2656 3179 5727 2657 3179 5728 2658 3179 5729 2657 3180 5730 2659 3180 5731 2658 3180 5732 2660 3181 5733 2661 3182 5734 2662 3183 5735 2661 3184 5736 2663 3185 5737 2662 3186 5738 2664 3187 5739 2665 3188 5740 2666 3189 5741 2665 3190 5742 2667 3191 5743 2666 3192 5744 2668 3193 5745 2669 3194 5746 2670 3195 5747 2669 3196 5748 2671 3197 5749 2670 3198 5750 2672 3199 5751 2673 3200 5752 2674 3201 5753 2673 3202 5754 2675 3203 5755 2674 3204 5756 2676 3205 5757 2677 3206 5758 2678 3207 5759 2677 3208 5760 2679 3209 5761 2678 3210 5762 2680 3211 5763 2681 3212 5764 2682 3213 5765 2681 3214 5766 2683 3215 5767 2682 3216 5768 2684 3217 5769 2685 3218 5770 2686 3219 5771 2685 3220 5772 2687 3221 5773 2686 3222 5774 2688 3223 5775 2689 3223 5776 2690 3223 5777 2689 3223 5778 2691 3223 5779 2690 3223 5780 2692 3224 5781 2693 3225 5782 2694 3226 5783 2693 3227 5784 2695 3228 5785 2694 3229 5786 2696 3230 5787 2697 3231 5788 2698 3232 5789 2697 3233 5790 2699 3234 5791 2698 3235 5792 2700 3236 5793 2701 3237 5794 2702 3238 5795 2701 3239 5796 2703 3240 5797 2702 3241 5798 2704 3242 5799 2705 3243 5800 2706 3244 5801 2705 3245 5802 2707 3246 5803 2706 3247 5804 2708 3248 5805 2709 3249 5806 2710 3250 5807 2709 3251 5808 2711 3252 5809 2710 3253 5810 2712 3254 5811 2713 3255 5812 2714 3256 5813 2713 3257 5814 2715 3258 5815 2714 3259 5816 2716 3260 5817 2717 3261 5818 2718 3262 5819 2717 3263 5820 2719 3264 5821 2718 3265 5822 2720 3266 5823 2721 3267 5824 2722 3268 5825 2721 3269 5826 2723 3270 5827 2722 3271 5828 2724 3272 5829 2725 3272 5830 2726 3272 5831 2725 3273 5832 2727 3273 5833 2726 3273 5834 2728 3274 5835 2729 3275 5836 2730 3276 5837 2729 3277 5838 2731 3278 5839 2730 3279 5840 2732 3280 5841 2733 3280 5842 2734 3280 5843 2735 3281 5844 2736 3281 5845 2737 3281 5846 2736 3282 5847 2738 3282 5848 2737 3282 5849 2739 3283 5850 2740 3284 5851 2741 3285 5852 2740 3286 5853 2742 3287 5854 2741 3288 5855 2743 3289 5856 2744 3290 5857 2745 3291 5858 2746 3292 5859 2747 3293 5860 2748 3294 5861 2749 3295 5862 2750 3295 5863 2751 3295 5864 2752 3296 5865 2753 3297 5866 2743 3289 5867 2743 3289 5868 2754 3298 5869 2752 3296 5870 2748 3294 5871 2755 3299 5872 2746 3292 5873 2755 3299 5874 2756 3300 5875 2746 3292 5876 2745 3291 5877 2754 3298 5878 2743 3289 5879 2757 3301 5880 2758 3302 5881 2759 3303 5882 2760 3304 5883 2759 3303 5884 2758 3302 5885 2761 3305 5886 2762 3306 5887 2763 3307 5888 2764 3308 5889 2761 3309 5890 2763 3310 5891 2761 3311 5892 2765 3312 5893 2762 3313 5894 2765 3312 5895 2766 3314 5896 2762 3313 5897 2767 3315 5898 2768 3315 5899 2769 3315 5900 2756 3300 5901 2770 3316 5902 2746 3292 5903 2757 3301 5904 2759 3303 5905 2771 3317 5906 2772 3318 5907 2771 3319 5908 2773 3320 5909 2774 3321 5910 2775 3322 5911 2776 3323 5912 2775 3324 5913 2777 3325 5914 2776 3326 5915 2778 3327 5916 2779 3328 5917 2780 3329 5918 2779 3330 5919 2781 3331 5920 2780 3332 5921 2782 3333 5922 2783 3333 5923 2784 3333 5924 2783 3334 5925 2785 3334 5926 2784 3334 5927 2786 3335 5928 2787 3336 5929 2788 3337 5930 2787 3338 5931 2789 3339 5932 2788 3340 5933 2790 3341 5934 2791 3342 5935 2792 3343 5936 2791 3344 5937 2793 3345 5938 2792 3346 5939 2794 3347 5940 2795 3347 5941 2796 3347 5942 2795 3348 5943 2797 3348 5944 2796 3348 5945 2798 3349 5946 2799 3350 5947 2800 3351 5948 2799 3352 5949 2801 3353 5950 2800 3354 5951 2802 3355 5952 2803 3356 5953 2804 3357 5954 2803 3358 5955 2805 3359 5956 2804 3360 5957 2806 3361 5958 2807 3362 5959 2808 3363 5960 2807 3364 5961 2809 3365 5962 2808 3366 5963 2810 3367 5964 2811 3368 5965 2812 3369 5966 2811 3370 5967 2813 3371 5968 2812 3372 5969 2814 3373 5970 2815 3373 5971 2816 3373 5972 2815 3374 5973 2817 3374 5974 2816 3374 5975 2818 3375 5976 2819 3376 5977 2820 3377 5978 2819 3378 5979 2821 3379 5980 2820 3380 5981 2822 3381 5982 2823 3382 5983 2824 3383 5984 2823 3384 5985 2825 3385 5986 2824 3386 5987 2826 3387 5988 2827 3388 5989 2828 3389 5990 2827 3390 5991 2829 3391 5992 2828 3392 5993 2830 3393 5994 2831 3394 5995 2832 3395 5996 2831 3396 5997 2833 3397 5998 2832 3398 5999 2834 3399 6000 2835 3400 6001 2836 3401 6002 2835 3402 6003 2837 3403 6004 2836 3404 6005 2838 3405 6006 2839 3406 6007 2840 3407 6008 2839 3408 6009 2841 3409 6010 2840 3410 6011 2842 3411 6012 2843 3412 6013 2844 3413 6014 2843 3414 6015 2845 3415 6016 2844 3416 6017 2846 3417 6018 2847 3418 6019 2848 3419 6020 2847 3420 6021 2849 3421 6022 2848 3422 6023 2850 3423 6024 2851 3424 6025 2852 3425 6026 2851 3426 6027 2853 3427 6028 2852 3428 6029 2854 3429 6030 2855 3430 6031 2856 3431 6032 2855 3430 6033 2857 3432 6034 2856 3431 6035 2855 3430 6036 2858 3433 6037 2857 3432 6038 2858 3433 6039 2859 3434 6040 2857 3432 6041 2860 3435 6042 2861 3436 6043 2862 3437 6044 2861 3438 6045 2863 3439 6046 2862 3440 6047 2864 3441 6048 2865 3442 6049 2866 3443 6050 2865 3444 6051 2867 3445 6052 2866 3446 6053 2868 3447 6054 2869 3448 6055 2870 3449 6056 2869 3450 6057 2871 3451 6058 2870 3452 6059 2872 3453 6060 2873 3454 6061 2874 3455 6062 2873 3456 6063 2875 3457 6064 2874 3458 6065 2876 3459 6066 2877 3460 6067 2878 3461 6068 2877 3462 6069 2879 3463 6070 2878 3464 6071 2880 3465 6072 2881 3466 6073 2882 3467 6074 2881 3468 6075 2883 3469 6076 2882 3470 6077 2884 3471 6078 2885 3472 6079 2886 3473 6080 2885 3474 6081 2887 3475 6082 2886 3476 6083 2888 3477 6084 2889 3477 6085 2890 3477 6086 2889 3478 6087 2891 3478 6088 2890 3478 6089 2892 3479 6090 2893 3479 6091 2894 3479 6092 2893 3480 6093 2895 3480 6094 2894 3480 6095 2896 3481 6096 2897 3481 6097 2898 3481 6098 2897 3482 6099 2899 3482 6100 2898 3482 6101 2900 3483 6102 2901 3483 6103 2902 3483 6104 2901 3484 6105 2903 3484 6106 2902 3484 6107 2904 3485 6108 2905 3485 6109 2906 3485 6110 2905 3486 6111 2907 3486 6112 2906 3486 6113 2908 3487 6114 2909 3488 6115 2910 3489 6116 2909 3490 6117 2911 3491 6118 2910 3492 6119 2912 3493 6120 2913 3494 6121 2914 3495 6122 2913 3496 6123 2915 3497 6124 2914 3498 6125 2916 3499 6126 2917 3500 6127 2918 3501 6128 2917 3502 6129 2919 3503 6130 2918 3504 6131 2920 3505 6132 2921 3506 6133 2922 3507 6134 2921 3508 6135 2923 3509 6136 2922 3510 6137 2924 3511 6138 2925 3512 6139 2926 3513 6140 2925 3514 6141 2927 3515 6142 2926 3516 6143 2928 3517 6144 2929 3518 6145 2930 3519 6146 2929 3520 6147 2931 3521 6148 2930 3522 6149 2932 3523 6150 2933 3524 6151 2934 3525 6152 2933 3526 6153 2935 3527 6154 2934 3528 6155 2936 3529 6156 2937 3530 6157 2938 3531 6158 2937 3532 6159 2939 3533 6160 2938 3534 6161 2940 3535 6162 2941 3535 6163 2942 3535 6164 2941 3536 6165 2943 3536 6166 2942 3536 6167 2944 3537 6168 2945 3538 6169 2946 3539 6170 2945 3540 6171 2947 3541 6172 2946 3542 6173 2948 3543 6174 2949 3544 6175 2950 3545 6176 2949 3546 6177 2951 3547 6178 2950 3548 6179 2952 3549 6180 2953 3550 6181 2954 3551 6182 2953 3552 6183 2955 3553 6184 2954 3554 6185 2956 3555 6186 2957 3555 6187 2958 3555 6188 2957 3556 6189 2959 3556 6190 2958 3556 6191 2960 3557 6192 2961 3558 6193 2962 3559 6194 2961 3560 6195 2963 3561 6196 2962 3562 6197 2964 3563 6198 2965 3564 6199 2966 3565 6200 2965 3566 6201 2967 3567 6202 2966 3568 6203 2968 3569 6204 2969 3570 6205 2970 3571 6206 2969 3572 6207 2971 3573 6208 2970 3574 6209 2972 3575 6210 2973 3576 6211 2974 3577 6212 2973 3578 6213 2975 3579 6214 2974 3580 6215 2976 3581 6216 2977 3582 6217 2978 3583 6218 2977 3584 6219 2979 3585 6220 2978 3586 6221 2980 3587 6222 2981 3587 6223 2982 3587 6224 2981 3588 6225 2983 3588 6226 2982 3588 6227 2984 3589 6228 2985 3590 6229 2986 3591 6230 2985 3592 6231 2987 3593 6232 2986 3594 6233 2988 3595 6234 2989 3596 6235 2990 3597 6236 2989 3598 6237 2991 3599 6238 2990 3600 6239 2992 3601 6240 2993 3602 6241 2994 3603 6242 2993 3604 6243 2995 3605 6244 2994 3606 6245 2996 3607 6246 2997 3608 6247 2998 3609 6248 2997 3610 6249 2999 3611 6250 2998 3612 6251 3000 3613 6252 3001 3614 6253 3002 3615 6254 3001 3616 6255 3003 3617 6256 3002 3618 6257 3004 3619 6258 3005 3619 6259 3006 3619 6260 3005 3620 6261 3007 3620 6262 3006 3620 6263 3008 3621 6264 3009 3622 6265 3010 3623 6266 3009 3624 6267 3011 3625 6268 3010 3626 6269 3012 3627 6270 3013 3627 6271 3014 3627 6272 3013 3628 6273 3015 3628 6274 3014 3628 6275 3016 3629 6276 3017 3630 6277 3018 3631 6278 3017 3632 6279 3019 3633 6280 3018 3634 6281 3020 3635 6282 3021 3636 6283 3022 3637 6284 3021 3638 6285 3023 3639 6286 3022 3640 6287 3024 3641 6288 3025 3642 6289 3026 3643 6290 3025 3644 6291 3027 3645 6292 3026 3646 6293 3028 3647 6294 3029 3648 6295 3030 3649 6296 3029 3650 6297 3031 3651 6298 3030 3652 6299 3032 3653 6300 3033 3654 6301 3034 3655 6302 3033 3656 6303 3035 3657 6304 3034 3658 6305 3036 3659 6306 3037 3660 6307 3038 3661 6308 3037 3662 6309 3039 3663 6310 3038 3664 6311 3040 3665 6312 3041 3665 6313 3042 3665 6314 3041 3666 6315 3043 3666 6316 3042 3666 6317 3044 3667 6318 3045 3668 6319 3046 3669 6320 3045 3670 6321 3047 3671 6322 3046 3672 6323 3048 3673 6324 3049 3674 6325 3050 3675 6326 3049 3676 6327 3051 3677 6328 3050 3678 6329 3052 3679 6330 3053 3680 6331 3054 3681 6332 3053 3680 6333 3055 3682 6334 3054 3681 6335 3053 3680 6336 3056 3683 6337 3055 3682 6338 3056 3683 6339 3057 3684 6340 3055 3682 6341 3058 3685 6342 3059 3686 6343 3060 3687 6344 3061 3688 6345 3062 3689 6346 3063 3690 6347 3062 3689 6348 3064 3691 6349 3063 3690 6350 3065 3692 6351 3066 3692 6352 3067 3692 6353 3066 3693 6354 3068 3693 6355 3067 3693 6356 3069 3694 6357 3070 3695 6358 3071 3696 6359 3070 3695 6360 3072 3697 6361 3071 3696 6362 3071 3696 6363 3063 3690 6364 3069 3694 6365 3063 3690 6366 3073 3698 6367 3069 3694 6368 3074 3699 6369 3061 3688 6370 3071 3696 6371 3061 3688 6372 3063 3690 6373 3071 3696 6374 3075 3700 6375 3074 3699 6376 3072 3697 6377 3074 3699 6378 3071 3696 6379 3072 3697 6380 3076 3701 6381 3072 3697 6382 3077 3702 6383 3072 3697 6384 3070 3695 6385 3077 3702 6386 3078 3703 6387 3079 3704 6388 3080 3705 6389 3079 3706 6390 3081 3707 6391 3080 3708 6392 3080 3709 6393 3081 3710 6394 3082 3711 6395 3083 3712 6396 3084 3713 6397 3085 3714 6398 3084 3715 6399 3086 3716 6400 3085 3717 6401 3087 3718 6402 3088 3719 6403 3089 3720 6404 3088 3721 6405 3090 3722 6406 3089 3723 6407 3091 3724 6408 3092 3724 6409 3093 3724 6410 3092 3725 6411 3094 3725 6412 3093 3725 6413 3093 3726 6414 3094 3726 6415 3095 3726 6416 3096 3727 6417 3097 3727 6418 3098 3727 6419 3097 3728 6420 3099 3728 6421 3098 3728 6422 3100 3729 6423 3101 3730 6424 3102 3731 6425 3101 3732 6426 3103 3733 6427 3102 3734 6428 3104 3735 6429 3059 3736 6430 3058 3737 6431 3104 3738 6432 3105 3739 6433 3059 3740 6434 3059 3741 6435 3105 3742 6436 3106 3743 6437 3107 3744 6438 3108 3744 6439 3065 3744 6440 3108 3745 6441 3066 3745 6442 3065 3745 6443 3109 3746 6444 3073 3698 6445 3064 3691 6446 3073 3698 6447 3063 3690 6448 3064 3691 6449 3110 3747 6450 3111 3748 6451 3112 3749 6452 3111 3748 6453 3113 3750 6454 3112 3749 6455 3114 3751 6456 3115 3752 6457 3116 3753 6458 3115 3754 6459 3117 3755 6460 3116 3756 6461 3111 3748 6462 3118 3757 6463 3113 3750 6464 3118 3757 6465 3119 3758 6466 3113 3750 6467 3120 3759 6468 3119 3758 6469 3121 3760 6470 3119 3758 6471 3118 3757 6472 3121 3760 6473 3122 3761 6474 3123 3762 6475 3118 3757 6476 3123 3762 6477 3121 3760 6478 3118 3757 6479 3111 3748 6480 3124 3763 6481 3118 3757 6482 3124 3763 6483 3122 3761 6484 3118 3757 6485 3121 3760 6486 3125 3764 6487 3120 3759 6488 3125 3764 6489 3126 3765 6490 3120 3759 6491 3123 3762 6492 3127 3766 6493 3121 3760 6494 3127 3766 6495 3125 3764 6496 3121 3760 6497 3128 3767 6498 3129 3768 6499 3130 3769 6500 3131 3770 6501 3132 3771 6502 3133 3772 6503 3132 3773 6504 3134 3774 6505 3133 3775 6506 3135 3776 6507 3136 3777 6508 3137 3778 6509 3136 3779 6510 3138 3780 6511 3137 3781 6512 3139 3782 6513 3140 3783 6514 3141 3784 6515 3140 3785 6516 3142 3786 6517 3141 3787 6518 3143 3788 6519 3144 3789 6520 3145 3790 6521 3146 3791 6522 3115 3792 6523 3147 3793 6524 3115 3794 6525 3114 3795 6526 3147 3796 6527 3148 3797 6528 3149 3798 6529 3129 3799 6530 3148 3800 6531 3129 3801 6532 3128 3802 6533 3150 3803 6534 3151 3804 6535 3152 3805 6536 3151 3804 6537 3153 3806 6538 3152 3805 6539 3154 3807 6540 3155 3808 6541 3156 3809 6542 3150 3803 6543 3152 3805 6544 3154 3807 6545 3152 3805 6546 3155 3808 6547 3154 3807 6548 3157 3810 6549 3158 3811 6550 3159 3812 6551 3158 3813 6552 3160 3814 6553 3159 3815 6554 3161 3816 6555 3162 3817 6556 3163 3818 6557 3162 3819 6558 3164 3820 6559 3163 3821 6560 3165 3822 6561 3166 3823 6562 3167 3824 6563 3166 3825 6564 3168 3826 6565 3167 3827 6566 3169 3828 6567 3170 3829 6568 3171 3830 6569 3170 3831 6570 3172 3832 6571 3171 3833 6572 3173 3834 6573 3174 3835 6574 3175 3836 6575 3174 3835 6576 3176 3837 6577 3175 3836 6578 3177 3838 6579 3178 3839 6580 3179 3840 6581 3178 3841 6582 3180 3842 6583 3179 3843 6584 3175 3836 6585 3181 3844 6586 3173 3834 6587 3181 3844 6588 3180 3845 6589 3173 3834 6590 3173 3834 6591 3180 3845 6592 3178 3846 6593 3182 3847 6594 3183 3848 6595 3184 3849 6596 3183 3848 6597 3185 3850 6598 3184 3849 6599 3186 3851 6600 3187 3852 6601 3188 3853 6602 3187 3854 6603 3189 3855 6604 3188 3856 6605 3190 3857 6606 3191 3858 6607 3192 3859 6608 3191 3860 6609 3193 3861 6610 3192 3862 6611 3194 3863 6612 3195 3863 6613 3196 3863 6614 3195 3864 6615 3197 3864 6616 3196 3864 6617 3185 3850 6618 3198 3865 6619 3184 3849 6620 3198 3865 6621 3199 3866 6622 3184 3849 6623 3200 3867 6624 3201 3867 6625 3202 3867 6626 3201 3868 6627 3203 3868 6628 3202 3868 6629 3204 3869 6630 3205 3870 6631 3206 3871 6632 3205 3872 6633 3207 3873 6634 3206 3874 6635 3208 3875 6636 3209 3875 6637 3210 3875 6638 3209 3876 6639 3211 3876 6640 3210 3876 6641 3212 3877 6642 3213 3878 6643 3214 3879 6644 3213 3880 6645 3215 3881 6646 3214 3882 6647 3216 3883 6648 3217 3884 6649 3218 3885 6650 3217 3886 6651 3219 3887 6652 3218 3888 6653 3220 3889 6654 3221 3890 6655 3222 3891 6656 3221 3892 6657 3223 3893 6658 3222 3894 6659 3224 3895 6660 3225 3896 6661 3226 3897 6662 3225 3898 6663 3227 3899 6664 3226 3900 6665 3228 3901 6666 3229 3901 6667 3230 3901 6668 3229 3902 6669 3231 3902 6670 3230 3902 6671 3232 3903 6672 3233 3903 6673 3234 3903 6674 3233 3904 6675 3235 3904 6676 3234 3904 6677 3236 3905 6678 3237 3906 6679 3238 3907 6680 3237 3908 6681 3239 3909 6682 3238 3910 6683 3240 3911 6684 3241 3912 6685 3242 3913 6686 3241 3914 6687 3243 3915 6688 3242 3916 6689 3244 3917 6690 3245 3918 6691 3246 3919 6692 3245 3920 6693 3247 3921 6694 3246 3922 6695 3248 3923 6696 3249 3924 6697 3250 3925 6698 3249 3926 6699 3251 3927 6700 3250 3928 6701 3252 3929 6702 3253 3930 6703 3254 3931 6704 3253 3932 6705 3255 3933 6706 3254 3934 6707</p>
        </triangles>
      </mesh>
    </geometry>
    <geometry id="_0_geo_id_001-mesh" name="_0_geo_id.001">
      <mesh>
        <source id="_0_geo_id_001-mesh-positions">
          <float_array id="_0_geo_id_001-mesh-positions-array" count="927">15.2471 -0.7628244 8.17541 15.7986 -0.8970864 8.178091 13.2035 -6.407909 8.919821 13.6176 -6.71596 8.944011 9.526451 -11.4389 9.023342 9.77204 -11.6975 9.032841 -15.2471 0.7628256 8.17541 -15.7986 0.8970876 8.178091 -13.2035 6.40791 8.919819 -13.6176 6.71596 8.944009 -9.526451 11.4389 9.02334 -9.77204 11.6975 9.032839 16.6534 -4.79779 7.33921 16.8667 -5.834129 6.3889 15.5007 -7.318379 7.57919 17.6434 -1.630679 6.89046 -16.6534 4.797791 7.33921 -16.8667 5.83413 6.388899 -15.5007 7.31838 7.579189 -17.6434 1.63068 6.89046 -8.23819 -14.2726 7.641281 -11.4387 -12.6804 7.848751 -9.0868 -12.5067 7.339751 -11.4668 -11.9693 7.672901 -11.8246 -10.8907 7.514841 -13.1124 -10.9741 7.856701 -13.9765 -9.02678 7.69378 -8.66682 -12.2367 7.220421 -6.71866 -13.1303 7.161221 -7.53171 -12.7269 7.170471 -6.13615 -12.2272 6.931981 -6.51958 -12.0012 6.927561 -15.3992 -9.32096 8.231691 -13.5198 -11.0709 8.002581 8.23819 14.2726 7.641279 11.4387 12.6804 7.848749 9.0868 12.5067 7.339749 11.4668 11.9693 7.672899 11.8246 10.8907 7.514839 13.1124 10.9741 7.856699 13.9765 9.026782 7.693779 8.66682 12.2367 7.220419 6.71866 13.1303 7.161219 7.53171 12.7269 7.170469 6.13615 12.2272 6.931979 6.51958 12.0012 6.927559 15.3992 9.320961 8.231689 13.5198 11.0709 8.002579 -4.82813 -10.9199 6.645571 -3.24287 -11.0856 6.595001 -6.2376 -13.0576 7.097171 -4.74597 -13.4538 7.052111 -3.0944 -11.465 6.636881 -1.00377 -11.6478 6.612731 -3.34883 -13.1626 6.913001 -1.29258 -12.5808 6.749811 -4.12443 -10.851 6.602261 -2.83517 -10.8851 6.559111 -0.131202 -11.1592 6.549151 0.316091 -10.587 6.491001 -0.135313 -10.5949 6.491391 0.14664 -11.6691 6.610041 -0.31113 -10.3899 6.473251 -0.112162 -9.110569 6.38912 -1.42859 -9.03267 6.39007 -1.13119 -11.1108 6.550071 -2.70121 -8.73923 6.39071 0.96151 -12.1408 6.678991 1.0901 -11.4536 6.589481 -4.31455 -13.3957 7.011121 -4.12478 -13.6124 7.042911 -1.67539 -13.2727 6.874831 -0.873034 -13.5419 6.910721 -1.07137 -12.8325 6.787231 0.673532 -13.2357 6.852121 0.871236 -12.4628 6.725751 -1.36731 -14.0881 7.028121 -1.62342 -13.9013 6.995021 -2.34992 -13.6218 6.960021 -3.34635 -15.5783 7.472661 -3.263 -13.4911 6.971471 -4.05934 -13.938 7.107571 -6.42489 -13.4476 7.198071 -7.16935 -14.8925 7.657251 -8.38818 -14.9262 7.865241 -8.12522 -15.2222 7.915841 3.11903 -12.5882 6.802601 1.11068 -13.1521 6.842511 3.50816 -11.6086 6.671601 1.52702 -11.2841 6.575231 2.83677 -10.4553 6.514461 3.94524 -8.234729 6.38998 5.82422 -7.006519 6.389101 5.22246 -9.91366 6.554181 6.19241 -7.046649 6.4021 6.18317 -9.737119 6.593021 -2.46535 -15.9032 7.520081 -3.17971 -16.5657 7.773091 -2.42622 -14.3842 7.123561 -3.41741 -16.3858 7.727871 -0.2038069 -15.8604 7.451721 0.346658 -15.1999 7.272821 -1.24907 -14.426 7.099171 2.59302 -13.5279 6.950291 -0.804713 -13.8415 6.968391 3.06465 -12.8494 6.844441 1.63571 -10.8032 6.523991 0.356872 -11.3258 6.568701 0.640932 -10.7089 6.504021 0.216601 -11.1454 6.547771 1.26785 -9.04257 6.38998 2.76151 -9.994799 6.471051 3.95146 -10.2216 6.527381 3.08752 -8.594339 6.39003 4.15417 -9.838459 6.499301 4.34608 -9.961919 6.518041 4.81872 -9.837629 6.526911 4.21615 -10.6283 6.580821 4.73516 -11.0564 6.657631 5.13129 -11.2393 6.704811 7.33647 -11.3975 6.907731 7.28838 -10.3039 6.745631 5.23941 -12.5311 6.913021 5.60781 -12.6727 6.966981 3.87444 -11.8492 6.721641 3.65915 -12.4504 6.803981 2.24132 -14.6692 7.182561 -3.8737 -9.955499 6.499621 -5.01567 -10.5994 6.617271 -5.59516 -9.315269 6.51785 -5.86491 -10.1866 6.620921 -6.7272 -10.1106 6.674051 -6.65216 -10.3712 6.699801 -5.736 -8.976389 6.49676 -6.51755 -8.220859 6.481791 -4.98253 -7.736549 6.392601 -6.07496 -6.90239 6.39289 -3.75047 -9.751819 6.477961 -3.76051 -8.39476 6.39305 -7.34179 -10.2352 6.741761 -7.71786 -9.407199 6.67747 -6.71277 -7.467859 6.4446 -6.68429 -11.5808 6.873651 -8.549321 -10.5472 6.912081 -6.70583 -10.6419 6.739011 -7.71594 -9.943209 6.740161 -7.34179 -10.2352 6.741761 -7.71594 -9.943209 6.740161 -5.92467 -10.5255 6.664761 -5.98936 -11.9078 6.865941 -5.1732 -10.8886 6.661481 -8.0897 -12.0506 7.106901 -8.59375 -11.8523 7.135681 -9.1039 -10.6031 6.990811 -10.4132 -9.8288 7.063611 -12.3334 -10.0906 7.473161 -9.15502 -12.1782 7.281001 -12.6669 -7.43367 7.14661 -11.241 -6.850539 6.83638 -9.16482 -10.1979 6.937931 -8.98125 -9.577429 6.830361 -8.70978 -10.27 6.891151 -13.4909 -7.112859 7.28503 -13.5709 -6.725929 7.25817 -8.07605 -9.619639 6.736161 -8.015231 -9.853109 6.758521 -10.749 -9.543099 7.075631 -12.6294 -9.78909 7.486021 -12.7202 -7.762969 7.19764 -13.8631 -8.235639 7.52972 -14.1224 -7.80058 7.53235 3.73953 -13.8976 7.079521 2.68812 -14.467 7.153001 3.8698 -13.3442 6.974221 2.88502 -13.7037 6.996711 4.82813 10.9199 6.645569 3.24287 11.0856 6.594999 6.2376 13.0576 7.097169 4.74597 13.4538 7.052109 3.0944 11.465 6.636879 1.00377 11.6478 6.612729 3.34883 13.1626 6.912999 1.29258 12.5808 6.749809 4.12443 10.851 6.602259 2.83517 10.8851 6.559109 0.131202 11.1592 6.549149 1.00377 11.6478 6.612729 -0.316091 10.587 6.490999 0.135313 10.5949 6.491389 -0.14664 11.6691 6.610039 0.131202 11.1592 6.549149 0.31113 10.3899 6.473249 0.112162 9.110571 6.389119 1.42859 9.032671 6.390069 1.13119 11.1108 6.550069 2.70121 8.739232 6.390709 -0.96151 12.1408 6.678989 -1.0901 11.4536 6.589479 4.31455 13.3957 7.011119 4.12478 13.6124 7.042909 1.67539 13.2727 6.874829 0.873034 13.5419 6.910719 1.07137 12.8325 6.787229 -0.673532 13.2357 6.852119 -0.871236 12.4628 6.725749 1.36731 14.0881 7.028119 1.62342 13.9013 6.995019 2.34992 13.6218 6.960019 3.34635 15.5783 7.472659 3.263 13.4911 6.971469 4.05934 13.938 7.107569 6.42489 13.4476 7.198069 7.16935 14.8925 7.657249 8.38818 14.9262 7.865239 8.12522 15.2222 7.915839 -3.11903 12.5882 6.802599 -1.11068 13.1521 6.842509 -3.50816 11.6086 6.671599 -1.52702 11.2841 6.575229 -2.83677 10.4553 6.514459 -3.94524 8.234731 6.389979 -5.82422 7.00652 6.3891 -5.22246 9.913661 6.554179 -6.19241 7.04665 6.402099 -6.18317 9.737121 6.593019 2.46535 15.9032 7.520078 3.17971 16.5657 7.773088 2.42622 14.3842 7.123559 3.41741 16.3858 7.727869 0.2038069 15.8604 7.451718 -0.346658 15.1999 7.272819 1.24907 14.426 7.099169 -2.59302 13.5279 6.950289 0.804713 13.8415 6.968389 -3.06465 12.8494 6.844439 -1.63571 10.8032 6.523989 -0.356872 11.3258 6.568699 -0.640932 10.7089 6.504019 -0.216601 11.1454 6.547769 -1.26785 9.042572 6.389979 -2.76151 9.994801 6.471049 -3.95146 10.2216 6.527379 -3.08752 8.594341 6.390029 -4.15417 9.838461 6.499299 -4.34608 9.961921 6.518039 -4.81872 9.837631 6.526909 -4.21615 10.6283 6.580819 -4.73516 11.0564 6.657629 -3.51613 12.4331 6.794489 -5.13129 11.2393 6.704809 -7.33647 11.3975 6.907729 -7.28838 10.3039 6.745629 -5.23941 12.5311 6.913019 -5.60781 12.6727 6.966979 -3.87444 11.8492 6.721639 -3.65915 12.4504 6.803979 -2.24132 14.6692 7.182559 -3.06465 12.8494 6.844439 -3.65915 12.4504 6.803979 3.8737 9.955501 6.499619 5.01567 10.5994 6.617269 5.59516 9.315271 6.517849 5.86491 10.1866 6.620919 6.7272 10.1106 6.674049 6.65216 10.3712 6.699799 5.736 8.976391 6.496759 6.51755 8.220861 6.48179 4.98253 7.73655 6.3926 6.07496 6.90239 6.392889 3.75047 9.751821 6.477959 3.76051 8.394762 6.393049 7.34179 10.2352 6.741759 7.71786 9.407201 6.677469 5.736 8.976391 6.496759 6.51755 8.220861 6.48179 6.71277 7.46786 6.444599 6.68429 11.5808 6.873649 8.549321 10.5472 6.912079 6.70583 10.6419 6.739009 7.71594 9.943211 6.740159 7.34179 10.2352 6.741759 7.71594 9.943211 6.740159 5.92467 10.5255 6.664759 5.98936 11.9078 6.865939 5.1732 10.8886 6.661479 8.0897 12.0506 7.106899 8.59375 11.8523 7.135679 9.1039 10.6031 6.990809 10.4132 9.828802 7.063609 12.3334 10.0906 7.473159 9.15502 12.1782 7.280999 12.6669 7.43367 7.146609 11.241 6.85054 6.83638 9.16482 10.1979 6.937929 8.98125 9.577431 6.830359 8.70978 10.27 6.891149 13.4909 7.11286 7.285029 13.5709 6.72593 7.258169 8.07605 9.619641 6.736159 8.015231 9.853111 6.758519 10.749 9.543101 7.075629 12.6294 9.789092 7.486019 12.7202 7.76297 7.197639 13.8631 8.235641 7.529719 14.1224 7.80058 7.532349 -3.73953 13.8976 7.079519 -2.68812 14.467 7.152999 -3.8698 13.3442 6.974219 -2.88502 13.7037 6.996709</float_array>
          <technique_common>
            <accessor source="#_0_geo_id_001-mesh-positions-array" count="309" stride="3">
              <param name="X" type="float"/>
              <param name="Y" type="float"/>
              <param name="Z" type="float"/>
            </accessor>
          </technique_common>
        </source>
        <source id="_0_geo_id_001-mesh-normals">
          <float_array id="_0_geo_id_001-mesh-normals-array" count="1065">0.05981153 0.3054865 -0.9503161 0.05922353 0.3056572 -0.9502981 -0.004328668 -0.0892679 -0.9959983 0.005183696 -0.07453685 -0.9972048 -0.2571035 -0.2306832 -0.9384472 -0.2589247 -0.2296177 -0.9382078 -0.05980759 -0.3054869 -0.9503162 -0.05921971 -0.3056564 -0.9502985 0.00432837 0.08926784 -0.9959983 -0.005183696 0.07453685 -0.9972048 0.2571031 0.2306833 -0.9384472 0.2589243 0.2296178 -0.9382078 -0.8668643 0.2280573 -0.443324 -0.8051742 0.3021603 -0.510288 -0.794254 0.3136817 -0.5203503 -0.8774197 0.2133929 -0.429649 0.8668639 -0.2280575 -0.4433247 0.8051738 -0.3021603 -0.5102885 0.7942538 -0.3136817 -0.5203507 0.8774192 -0.2133932 -0.4296497 -0.1580462 -0.2409844 -0.957574 -0.1882326 -0.2411252 -0.9520646 -0.1553537 -0.2459509 -0.9567515 -0.1336214 -0.0219466 -0.9907894 -0.2410928 -0.3291061 -0.9129971 -0.263821 -0.193861 -0.9448896 -0.3232873 -0.003209531 -0.9462954 -0.1338707 -0.2275728 -0.964515 -0.109802 -0.1972721 -0.9741803 -0.1374568 -0.229368 -0.963585 -0.1000304 -0.1870446 -0.9772452 -0.0982384 -0.1917042 -0.9765238 -0.3380293 -0.06380236 -0.9389705 -0.2783979 -0.1707161 -0.9451723 0.1580463 0.2409844 -0.957574 0.1882328 0.2411256 -0.9520645 0.1553551 0.2459509 -0.9567514 0.1336213 0.02194666 -0.9907895 0.241093 0.3291066 -0.9129967 0.2638209 0.1938609 -0.9448897 0.3232868 0.003208816 -0.9462956 0.1338723 0.2275727 -0.9645149 0.1098015 0.1972717 -0.9741805 0.1374564 0.2293679 -0.9635851 0.10003 0.1870447 -0.9772453 0.09823834 0.1917049 -0.9765238 0.3380292 0.0638017 -0.9389706 0.278399 0.1707168 -0.9451719 -0.04548674 -0.192133 -0.9803142 -0.03792899 -0.1119877 -0.9929855 -0.07192975 -0.1593579 -0.984597 -0.08434188 -0.1411535 -0.9863885 -0.01232701 -0.1588669 -0.9872231 -0.01618152 -0.1463921 -0.9890943 -0.0575276 -0.1542987 -0.986348 -0.03632456 -0.1305809 -0.9907721 -0.05151456 -0.1418283 -0.98855 -0.02414393 -0.06932318 -0.9973021 -0.03243684 -0.07682549 -0.9965168 0.004857063 -0.09384024 -0.9955755 0.006453752 -0.1084344 -0.9940828 -0.01012909 -0.1555901 -0.9877699 -0.008539319 -0.06884723 -0.9975907 -0.003100514 -0.06514072 -0.9978713 -0.008417189 -0.06751507 -0.9976828 -0.03060346 -0.08567196 -0.9958533 -0.02222639 -0.08450472 -0.9961752 -0.02222675 -0.08450448 -0.9961752 -0.02222687 -0.08450442 -0.9961752 -0.01564145 -0.08017599 -0.9966581 -0.03356295 -0.07904827 -0.9963057 -0.007635056 -0.1631151 -0.9865776 0.0163818 -0.1286433 -0.9915556 0.01638185 -0.1286436 -0.9915556 0.01638168 -0.128643 -0.9915557 -0.06231194 -0.196715 -0.9784787 -0.05378514 -0.2287009 -0.9720099 -0.02414268 -0.1647916 -0.986033 -0.02915155 -0.1793844 -0.9833471 -0.008136332 -0.1725324 -0.9849703 -4.97385e-4 -0.1609615 -0.9869605 6.32189e-4 -0.1561962 -0.9877259 -0.01029801 -0.1860578 -0.9824849 0.004725158 -0.1894812 -0.981873 -0.04958838 -0.2313255 -0.9716118 -0.06910377 -0.245046 -0.9670456 -0.04200881 -0.2316932 -0.9718815 -0.06587684 -0.2439848 -0.967539 -0.08436769 -0.2545585 -0.9633702 -0.146072 -0.2372121 -0.9604132 -0.1524725 -0.2990512 -0.941977 -0.1476937 -0.3551482 -0.923069 0.004364132 -0.1273694 -0.9918457 0.02302169 -0.1452761 -0.9891234 0.03620594 -0.1176917 -0.9923899 0.02531903 -0.144455 -0.9891874 0.03115659 -0.1180909 -0.992514 0.04067438 -0.0640437 -0.9971179 0.02191579 -0.06020075 -0.9979457 0.05521965 -0.09032052 -0.9943807 0.02250707 -0.06157147 -0.9978489 0.06737196 -0.1038976 -0.9923035 -0.1031719 -0.2437863 -0.9643256 -0.02220189 -0.2782449 -0.9602536 -0.0232864 -0.2548961 -0.9666881 0.02518391 -0.2932556 -0.9557024 -0.01903367 -0.2418024 -0.9701389 0.00246638 -0.2116807 -0.9773358 -0.02499645 -0.2871026 -0.9575737 -0.004514992 -0.1581977 -0.9873971 0.02051389 -0.2535626 -0.9671015 0.07193851 -0.1841839 -0.9802557 0.01268994 -0.07785391 -0.9968841 0.009248912 -0.1084825 -0.9940554 0.0083521 -0.09702736 -0.9952468 0.008534193 -0.1081553 -0.9940974 0.001172959 -0.07564175 -0.9971345 0.00299561 -0.08104717 -0.9967058 0.07256281 0.03636693 -0.9967006 0.07255959 0.03636866 -0.9967008 0.07256191 0.03636753 -0.9967007 0.02076965 -0.08151531 -0.9964557 0.02076917 -0.08151549 -0.9964557 0.02076953 -0.08151537 -0.9964557 0.09206634 -0.006905019 -0.995729 0.0390132 -0.06393104 -0.9971916 0.03920859 -0.07330125 -0.9965388 0.04078459 -0.0937978 -0.9947556 0.03590071 -0.1403412 -0.9894521 0.04532152 -0.120303 -0.9917023 0.07491898 -0.1462195 -0.9864113 0.08271664 -0.1432977 -0.986217 0.05548381 -0.1474946 -0.9875054 0.0755828 -0.1503565 -0.9857385 0.0859521 -0.1635833 -0.9827781 0.06566542 -0.1604647 -0.9848549 0.05723303 -0.1763793 -0.982657 0.009344339 -0.2075029 -0.9781898 0.004956007 -0.08984631 -0.9959434 -0.04508036 -0.09732025 -0.9942317 -0.04907393 -0.09909337 -0.9938674 -0.05239135 -0.0968995 -0.9939143 -0.06540465 -0.1001593 -0.9928194 -0.07154548 -0.1195744 -0.9902441 -0.07285428 -0.1359644 -0.9880314 -0.04794448 -0.07433116 -0.9960805 -0.05293625 -0.06792759 -0.9962849 -0.04036283 -0.06113165 -0.9973133 -0.04057538 -0.05230963 -0.9978063 -0.0329765 -0.06930279 -0.9970506 -0.03158164 -0.06846493 -0.9971535 -0.03158211 -0.06846505 -0.9971536 -0.03158164 -0.06846493 -0.9971536 -0.07444971 -0.1187182 -0.9901331 -0.07266551 -0.1100516 -0.9912661 -0.0253266 -0.05742985 -0.9980283 -0.08930331 -0.1447869 -0.9854247 -0.114815 -0.1576706 -0.9807944 -0.08738034 -0.141005 -0.9861451 -0.1026567 -0.1462907 -0.9839007 0.01437562 0.02288973 -0.9996348 -0.08632332 -0.1160377 -0.9894866 -0.07505834 -0.1420539 -0.9870091 -0.08029079 -0.1384593 -0.9871081 -0.0707736 -0.1389405 -0.9877686 -0.07077342 -0.1389406 -0.9877685 -0.07077354 -0.1389405 -0.9877685 -0.1166477 -0.1668972 -0.9790499 -0.1270839 -0.1567885 -0.9794218 -0.1523461 -0.1752195 -0.9726709 -0.1868408 -0.2061775 -0.960511 -0.1850064 -0.1952276 -0.9631505 -0.1568869 -0.1325055 -0.9786873 -0.1824474 -0.08657199 -0.9793969 -0.1412993 0.1073773 -0.9841264 -0.1343214 -0.129818 -0.9823976 -0.1398003 -0.1250463 -0.9822522 -0.1143844 -0.1320599 -0.98462 -0.4288619 -0.1688591 -0.8874481 -0.3839675 0.2360056 -0.8926759 -0.1010715 -0.1270642 -0.9867317 -0.1114488 -0.1169764 -0.9868615 -0.1114486 -0.1169765 -0.9868616 -0.1114481 -0.1169767 -0.9868616 -0.1822574 -0.1465495 -0.9722682 -0.1987845 -0.1468228 -0.9689829 -0.2125346 0.08573389 -0.9733852 -0.2325207 -0.1359114 -0.9630483 -0.4161962 0.1619602 -0.8947344 0.03551137 -0.1921736 -0.9807183 0.03551161 -0.1921734 -0.9807183 0.03551137 -0.1921736 -0.9807183 0.07275742 -0.2297535 -0.9705255 0.0727573 -0.2297536 -0.9705255 0.07275706 -0.2297539 -0.9705255 0.04548686 0.1921333 -0.9803142 0.03792846 0.111988 -0.9929855 0.07192939 0.1593579 -0.9845971 0.0843414 0.1411533 -0.9863886 0.01232689 0.1588668 -0.9872231 0.01583176 0.1447219 -0.9893458 0.05752718 0.1542987 -0.9863481 0.03632467 0.1305809 -0.990772 0.05151504 0.1418299 -0.9885497 0.02414315 0.06932282 -0.9973021 0.04671353 0.05634486 -0.997318 0.01429706 0.09643226 -0.9952369 -0.004859328 0.09383994 -0.9955755 -0.01179587 0.1011968 -0.9947966 0.01012909 0.1555902 -0.9877698 0.004563093 0.1210221 -0.9926394 0.00853765 0.0688467 -0.9975908 0.003100454 0.06513994 -0.9978713 0.008417367 0.06751441 -0.9976829 0.03060197 0.08567154 -0.9958534 0.02222937 0.08450424 -0.9961752 0.02222973 0.084504 -0.9961752 0.02222985 0.08450394 -0.9961752 0.0156399 0.08017557 -0.9966582 0.03356212 0.07904785 -0.9963057 0.007635056 0.1631151 -0.9865776 -0.01638138 0.1286433 -0.9915556 -0.01638144 0.1286436 -0.9915556 -0.01638132 0.128643 -0.9915557 0.06231069 0.1967153 -0.9784787 0.05378347 0.2287016 -0.9720097 0.02414286 0.1647924 -0.9860328 0.02915155 0.1793847 -0.983347 0.008136689 0.1725326 -0.9849702 4.97906e-4 0.1609616 -0.9869606 -6.3153e-4 0.1561961 -0.9877259 0.01029974 0.1860578 -0.9824849 -0.004722714 0.1894811 -0.981873 0.04958838 0.2313255 -0.9716118 0.06910383 0.2450461 -0.9670456 0.04200893 0.2316932 -0.9718815 0.06587678 0.2439851 -0.9675389 0.08436787 0.2545586 -0.9633702 0.1460722 0.2372123 -0.9604131 0.1524716 0.2990508 -0.9419772 0.1476921 0.3551473 -0.9230697 -0.03101289 0.1519074 -0.9879081 -0.02302175 0.145276 -0.9891234 -0.03734433 0.1217075 -0.9918633 -0.02531915 0.144455 -0.9891874 -0.03115665 0.118091 -0.992514 -0.04067438 0.06404328 -0.9971179 -0.02191573 0.06020033 -0.9979457 -0.05521965 0.09032034 -0.9943807 -0.02250701 0.06157112 -0.9978489 -0.06737196 0.1038975 -0.9923036 0.103174 0.2437856 -0.9643255 0.02219885 0.2782447 -0.9602537 0.0232867 0.2548959 -0.9666881 -0.02518939 0.2932555 -0.9557023 0.01903343 0.2418015 -0.9701392 -0.00246644 0.2116802 -0.9773359 0.02499729 0.2871043 -0.9575732 0.004515051 0.1581977 -0.9873971 -0.02051419 0.2535634 -0.9671013 -0.07193851 0.1841839 -0.9802557 -0.01268941 0.07785391 -0.9968841 -0.009250938 0.1084824 -0.9940554 -0.008352518 0.09702712 -0.9952468 -0.00853765 0.1081553 -0.9940974 -0.001173555 0.07564109 -0.9971344 -0.002995908 0.0810467 -0.9967059 -0.07256162 -0.03636837 -0.9967007 -0.07255846 -0.03637015 -0.9967009 -0.07256066 -0.0363689 -0.9967008 -0.02076852 0.08151489 -0.9964557 -0.0207681 0.08151507 -0.9964558 -0.02076846 0.08151495 -0.9964557 -0.09205818 0.006903946 -0.9957297 -0.03901642 0.06393063 -0.9971914 -0.0392096 0.07330113 -0.9965388 -0.04078656 0.09379774 -0.9947556 -0.03590148 0.1403412 -0.9894521 -0.045322 0.120303 -0.9917021 -0.04862838 0.1642351 -0.9852219 -0.07491916 0.1462194 -0.9864113 -0.08271664 0.1432976 -0.986217 -0.05548381 0.1474947 -0.9875054 -0.07558208 0.1503563 -0.9857385 -0.08594989 0.163583 -0.9827784 -0.0656684 0.1604647 -0.9848547 -0.05723309 0.1763795 -0.982657 -0.009344339 0.2075029 -0.9781898 -0.04516744 0.1671673 -0.9848934 -0.04515528 0.1671205 -0.984902 -0.004961788 0.08984607 -0.9959434 0.04508024 0.09731948 -0.9942317 0.04907345 0.09909248 -0.9938675 0.05239087 0.09689861 -0.9939144 0.06540399 0.1001583 -0.9928196 0.07154494 0.1195734 -0.9902442 0.07285356 0.1359633 -0.9880316 0.04101717 0.06047517 -0.9973266 0.04101711 0.06047528 -0.9973267 0.04101717 0.06047499 -0.9973267 0.04520875 0.04723066 -0.9978605 0.04520887 0.04723072 -0.9978605 0.04520869 0.0472306 -0.9978605 0.03119742 0.06641793 -0.997304 0.0311976 0.06641805 -0.9973041 0.03119748 0.06641793 -0.997304 0.02981388 0.06556284 -0.997403 0.029814 0.06556302 -0.997403 0.02981394 0.0655629 -0.997403 0.07445061 0.118717 -0.9901331 0.07266592 0.1100507 -0.9912662 0.07927536 0.09443986 -0.9923692 0.08131921 0.08509981 -0.9930485 0.02355104 0.0545417 -0.9982337 0.02355092 0.05454212 -0.9982337 0.02355098 0.05454188 -0.9982337 0.08930331 0.144787 -0.9854246 0.1148151 0.1576705 -0.9807944 0.08738017 0.141005 -0.9861452 0.1026571 0.1462904 -0.9839008 -0.01436913 -0.02289056 -0.9996348 0.08632797 0.1160359 -0.9894863 0.07505804 0.142054 -0.9870091 0.08029091 0.1384596 -0.9871081 0.0707727 0.1389405 -0.9877686 0.07077252 0.1389406 -0.9877687 0.07077264 0.1389405 -0.9877687 0.1166485 0.1668972 -0.9790498 0.1270857 0.1567885 -0.9794216 0.1523454 0.1752195 -0.9726712 0.1868402 0.2061774 -0.9605111 0.1850061 0.1952276 -0.9631506 0.1568869 0.1325055 -0.9786873 0.182447 0.08657193 -0.979397 0.1412989 -0.1073775 -0.9841265 0.1343229 0.129818 -0.9823975 0.1398008 0.1250464 -0.9822521 0.1143847 0.1320599 -0.98462 0.4288596 0.1688594 -0.8874492 0.3839663 -0.2360052 -0.8926766 0.10107 0.1270642 -0.9867318 0.1114513 0.1169764 -0.9868613 0.1114511 0.1169764 -0.9868614 0.1114505 0.1169767 -0.9868614 0.1822582 0.146549 -0.9722682 0.1987848 0.1468223 -0.9689829 0.2125344 -0.08573424 -0.9733852 0.3405472 0.1927837 -0.9202511 0.4161966 -0.1619606 -0.8947342 -0.03551322 0.1921736 -0.9807182 -0.03551346 0.1921734 -0.9807183 -0.03551322 0.1921736 -0.9807183 -0.07275688 0.2297541 -0.9705255 -0.07275676 0.2297542 -0.9705255 -0.07275652 0.2297544 -0.9705253</float_array>
          <technique_common>
            <accessor source="#_0_geo_id_001-mesh-normals-array" count="355" stride="3">
              <param name="X" type="float"/>
              <param name="Y" type="float"/>
              <param name="Z" type="float"/>
            </accessor>
          </technique_common>
        </source>
        <source id="_0_geo_id_001-mesh-map-0">
          <float_array id="_0_geo_id_001-mesh-map-0-array" count="1494">0.501188 0.08192837 0.751274 0.670057 0.716662 0.369733 0.751274 0.670057 0.465751 0.40184 0.716662 0.369733 0.716662 0.369733 0.465751 0.40184 0.5 0.613168 0.465751 0.40184 0.5 0.891946 0.5 0.613168 0.501188 0.08192837 0.751274 0.670057 0.716662 0.369733 0.751274 0.670057 0.465751 0.40184 0.716662 0.369733 0.716662 0.369733 0.465751 0.40184 0.5 0.613168 0.465751 0.40184 0.5 0.891946 0.5 0.613168 0.393126 0.48903 0.302859 0.76971 0.595466 0.451804 0.393126 0.48903 0.430074 0.315539 0.302859 0.76971 0.393126 0.48903 0.302859 0.76971 0.595466 0.451804 0.393126 0.48903 0.430074 0.315539 0.302859 0.76971 0.40237 0.393576 0.604386 0.414843 0.55232 0.357811 0.604386 0.414843 0.582657 0.417865 0.55232 0.357811 0.563056 0.40914 0.758807 0.133876 0.489942 0.709614 0.563056 0.40914 0.55232 0.357811 0.758807 0.133876 0.55232 0.357811 0.582657 0.417865 0.758807 0.133876 0.521725 0.403002 0.40237 0.393576 0.55232 0.357811 0.509785 0.156567 0.514392 0.394702 0.481246 0.123964 0.514392 0.394702 0.645036 0.05933487 0.481246 0.123964 0.509785 0.156567 0.40237 0.393576 0.514392 0.394702 0.489942 0.709614 0.758807 0.133876 0.643369 0.656358 0.758807 0.133876 0.692347 0.440961 0.643369 0.656358 0.514392 0.394702 0.40237 0.393576 0.521725 0.403002 0.40237 0.393576 0.604386 0.414843 0.55232 0.357811 0.604386 0.414843 0.582657 0.417865 0.55232 0.357811 0.563056 0.40914 0.758807 0.133876 0.489942 0.709614 0.563056 0.40914 0.55232 0.357811 0.758807 0.133876 0.55232 0.357811 0.582657 0.417865 0.758807 0.133876 0.521725 0.403002 0.40237 0.393576 0.55232 0.357811 0.509785 0.156567 0.514392 0.394702 0.481246 0.123964 0.514392 0.394702 0.645036 0.05933487 0.481246 0.123964 0.509785 0.156567 0.40237 0.393576 0.514392 0.394702 0.489942 0.709614 0.758807 0.133876 0.643369 0.656358 0.758807 0.133876 0.692347 0.440961 0.643369 0.656358 0.514392 0.394702 0.40237 0.393576 0.521725 0.403002 0.436355 0.434196 0.251934 0.550299 0.669455 0.226839 0.251934 0.550299 0.496343 0.553661 0.669455 0.226839 0.260922 0.743713 0.41496 0.537537 0.642808 0.310679 0.41496 0.537537 0.443972 0.538611 0.642808 0.310679 0.427907 0.269631 0.57697 0.257101 0.251934 0.550299 0.427907 0.269631 0.251934 0.550299 0.436355 0.434196 0.416467 0.265227 0.41496 0.537537 0.559045 0.262979 0.41496 0.537537 0.559157 0.199308 0.559045 0.262979 0.255238 0.530893 0.41496 0.537537 0.416467 0.265227 0.559045 0.262979 0.559157 0.199308 0.396872 0.308845 0.559045 0.262979 0.396872 0.308845 0.340933 0.532638 0.396872 0.308845 0.341803 0.492894 0.340933 0.532638 0.341803 0.492894 0.396872 0.308845 0.241442 0.538568 0.341803 0.492894 0.241442 0.538568 0.186498 0.585887 0.241442 0.538568 0.57697 0.257101 0.186498 0.585887 0.186498 0.585887 0.57697 0.257101 0.427907 0.269631 0.443972 0.538611 0.41496 0.537537 0.429615 0.526314 0.41496 0.537537 0.255238 0.530893 0.429615 0.526314 0.429615 0.526314 0.255238 0.530893 0.409448 0.525246 0.260922 0.743713 0.642808 0.310679 0.49161 0.247227 0.642808 0.310679 0.495608 0.217541 0.49161 0.247227 0.642808 0.310679 0.443972 0.538611 0.467025 0.540124 0.234293 0.371974 0.597446 0.708631 0.470085 0.535304 0.597446 0.708631 0.450506 0.538225 0.470085 0.535304 0.234293 0.371974 0.160426 0.538225 0.597446 0.708631 0.160426 0.538225 0.186118 0.539509 0.597446 0.708631 0.481514 0.356533 0.556734 0.360946 0.318282 0.407231 0.556734 0.360946 0.670872 0.03533345 0.318282 0.407231 0.349566 0.509111 0.737463 0.153281 0.579682 0.0843119 0.737463 0.153281 0.584075 0.05684667 0.579682 0.0843119 0.670872 0.03533345 0.556734 0.360946 0.349566 0.509111 0.556734 0.360946 0.737463 0.153281 0.349566 0.509111 0.291705 0.556204 0.631657 0.192614 0.441137 0.282167 0.631657 0.192614 0.24744 0.69394 0.441137 0.282167 0.441137 0.282167 0.24744 0.69394 0.565622 0.253302 0.186051 0.530247 0.518839 0.156917 0.417614 0.293058 0.518839 0.156917 0.370543 0.184292 0.417614 0.293058 0.417614 0.293058 0.370543 0.184292 0.426011 0.185473 0.722072 0.23489 0.571515 0.210913 0.339704 0.606485 0.571515 0.210913 0.567423 0.216632 0.339704 0.606485 0.722072 0.23489 0.339704 0.606485 0.553938 0.532591 0.553938 0.532591 0.339704 0.606485 0.529258 0.530152 0.339704 0.606485 0.669727 0.2042019 0.529258 0.530152 0.529258 0.530152 0.669727 0.2042019 0.648466 0.215173 0.669727 0.2042019 0.317827 0.630003 0.648466 0.215173 0.648466 0.215173 0.317827 0.630003 0.63197 0.182699 0.39052 0.552623 0.579248 0.196258 0.405428 0.2464359 0.579248 0.196258 0.41615 0.2231979 0.405428 0.2464359 0.405428 0.2464359 0.186055 0.541903 0.219664 0.579827 0.219664 0.579827 0.186055 0.541903 0.401637 0.174899 0.186055 0.541903 0.519415 0.198966 0.401637 0.174899 0.40418 0.2325029 0.519415 0.198966 0.409021 0.240813 0.519415 0.198966 0.411212 0.285915 0.409021 0.240813 0.409021 0.240813 0.411212 0.285915 0.423454 0.173637 0.411212 0.285915 0.438595 0.18831 0.423454 0.173637 0.423454 0.173637 0.438595 0.18831 0.565622 0.253302 0.438595 0.18831 0.441137 0.282167 0.565622 0.253302 0.417614 0.293058 0.426011 0.185473 0.446967 0.189336 0.446967 0.189336 0.426011 0.185473 0.308663 0.495094 0.426011 0.185473 0.453778 0.182207 0.308663 0.495094 0.446967 0.189336 0.308663 0.495094 0.309478 0.513294 0.308663 0.495094 0.650952 0.171201 0.309478 0.513294 0.449818 0.252344 0.446967 0.189336 0.462943 0.1793889 0.446967 0.189336 0.309478 0.513294 0.462943 0.1793889 0.309478 0.513294 0.648466 0.215173 0.462943 0.1793889 0.347544 0.521413 0.529258 0.530152 0.648466 0.215173 0.63197 0.182699 0.462943 0.1793889 0.648466 0.215173 0.219664 0.579827 0.39052 0.552623 0.405428 0.2464359 0.401637 0.174899 0.519415 0.198966 0.40418 0.2325029 0.561521 0.1558409 0.430911 0.05653285 0.233199 0.527068 0.430911 0.05653285 0.431629 0.1371369 0.233199 0.527068 0.233199 0.527068 0.431629 0.1371369 0.441577 0.09536385 0.431629 0.1371369 0.446106 0.0650559 0.441577 0.09536385 0.560706 0.102423 0.399353 0.106067 0.343459 0.347251 0.399353 0.106067 0.187772 0.421585 0.343459 0.347251 0.560706 0.102423 0.343459 0.347251 0.221813 0.377561 0.343459 0.347251 0.521231 0.0646618 0.221813 0.377561 0.453147 0.07030755 0.442188 0.08645457 0.560706 0.102423 0.442188 0.08645457 0.399353 0.106067 0.560706 0.102423 0.187772 0.421585 0.399353 0.106067 0.387769 0.08790439 0.473173 0.13485 0.478536 0.104559 0.452696 0.06465905 0.478536 0.104559 0.452885 0.09851861 0.452696 0.06465905 0.452696 0.06465905 0.452885 0.09851861 0.453147 0.07030755 0.453147 0.07030755 0.452885 0.09851861 0.442188 0.08645457 0.473173 0.13485 0.439899 0.07057917 0.472074 0.05757987 0.439899 0.07057917 0.439302 0.08224058 0.472074 0.05757987 0.473173 0.13485 0.452696 0.06465905 0.439899 0.07057917 0.503405 0.07609349 0.478536 0.104559 0.473173 0.13485 0.50681 0.110608 0.654451 0.07907837 0.503405 0.07609349 0.654451 0.07907837 0.478536 0.104559 0.503405 0.07609349 0.331488 0.519848 0.654451 0.07907837 0.50681 0.110608 0.331488 0.519848 0.50681 0.110608 0.716653 0.09674108 0.50681 0.110608 0.360143 0.405864 0.716653 0.09674108 0.676128 0.156428 0.343405 0.660824 0.347862 0.374259 0.343405 0.660824 0.572662 0.125062 0.347862 0.374259 0.572662 0.125062 0.475637 0.09632259 0.347862 0.374259 0.291991 0.457429 0.39053 0.339859 0.676128 0.156428 0.39053 0.339859 0.343405 0.660824 0.676128 0.156428 0.572662 0.125062 0.452229 0.09523689 0.475637 0.09632259 0.452229 0.09523689 0.455856 0.09542167 0.475637 0.09632259 0.500013 0.426022 0.558509 0.432737 0.349506 0.76605 0.558509 0.432737 0.50403 0.341147 0.349506 0.76605 0.349506 0.76605 0.50403 0.341147 0.411749 0.336403 0.500108 0.278689 0.508833 0.263451 0.486855 0.297058 0.508833 0.263451 0.489768 0.309108 0.486855 0.297058 0.436355 0.434196 0.251934 0.550299 0.669455 0.226839 0.251934 0.550299 0.496343 0.553661 0.669455 0.226839 0.260922 0.743713 0.41496 0.537537 0.642808 0.310679 0.41496 0.537537 0.443972 0.538611 0.642808 0.310679 0.427907 0.269631 0.57697 0.257101 0.251934 0.550299 0.427907 0.269631 0.251934 0.550299 0.436355 0.434196 0.416467 0.265227 0.41496 0.537537 0.559045 0.262979 0.41496 0.537537 0.559157 0.199308 0.559045 0.262979 0.255238 0.530893 0.41496 0.537537 0.416467 0.265227 0.559045 0.262979 0.559157 0.199308 0.396872 0.308845 0.559045 0.262979 0.396872 0.308845 0.340933 0.532638 0.396872 0.308845 0.341803 0.492894 0.340933 0.532638 0.341803 0.492894 0.396872 0.308845 0.241442 0.538568 0.341803 0.492894 0.241442 0.538568 0.186498 0.585887 0.241442 0.538568 0.57697 0.257101 0.186498 0.585887 0.186498 0.585887 0.57697 0.257101 0.427907 0.269631 0.443972 0.538611 0.41496 0.537537 0.429615 0.526314 0.41496 0.537537 0.255238 0.530893 0.429615 0.526314 0.429615 0.526314 0.255238 0.530893 0.409448 0.525246 0.260922 0.743713 0.642808 0.310679 0.49161 0.247227 0.642808 0.310679 0.495608 0.217541 0.49161 0.247227 0.642808 0.310679 0.443972 0.538611 0.467025 0.540124 0.234293 0.371974 0.597446 0.708631 0.470085 0.535304 0.597446 0.708631 0.450506 0.538225 0.470085 0.535304 0.234293 0.371974 0.160426 0.538225 0.597446 0.708631 0.160426 0.538225 0.186118 0.539509 0.597446 0.708631 0.481514 0.356533 0.556734 0.360946 0.318282 0.407231 0.556734 0.360946 0.670872 0.03533345 0.318282 0.407231 0.349566 0.509111 0.737463 0.153281 0.579682 0.0843119 0.737463 0.153281 0.584075 0.05684667 0.579682 0.0843119 0.670872 0.03533345 0.556734 0.360946 0.349566 0.509111 0.556734 0.360946 0.737463 0.153281 0.349566 0.509111 0.291705 0.556204 0.631657 0.192614 0.441137 0.282167 0.631657 0.192614 0.24744 0.69394 0.441137 0.282167 0.441137 0.282167 0.24744 0.69394 0.565622 0.253302 0.186051 0.530247 0.518839 0.156917 0.417614 0.293058 0.518839 0.156917 0.370543 0.184292 0.417614 0.293058 0.417614 0.293058 0.370543 0.184292 0.426011 0.185473 0.722072 0.23489 0.571515 0.210913 0.339704 0.606485 0.571515 0.210913 0.567423 0.216632 0.339704 0.606485 0.722072 0.23489 0.339704 0.606485 0.553938 0.532591 0.553938 0.532591 0.339704 0.606485 0.529258 0.530152 0.339704 0.606485 0.669727 0.2042019 0.529258 0.530152 0.529258 0.530152 0.669727 0.2042019 0.648466 0.215173 0.669727 0.2042019 0.317827 0.630003 0.648466 0.215173 0.648466 0.215173 0.317827 0.630003 0.63197 0.182699 0.39052 0.552623 0.579248 0.196258 0.405428 0.2464359 0.579248 0.196258 0.41615 0.2231979 0.405428 0.2464359 0.405428 0.2464359 0.186055 0.541903 0.219664 0.579827 0.219664 0.579827 0.186055 0.541903 0.401637 0.174899 0.186055 0.541903 0.519415 0.198966 0.401637 0.174899 0.40418 0.2325029 0.519415 0.198966 0.409021 0.240813 0.519415 0.198966 0.411212 0.285915 0.409021 0.240813 0.409021 0.240813 0.411212 0.285915 0.423454 0.173637 0.411212 0.285915 0.438595 0.18831 0.423454 0.173637 0.423454 0.173637 0.438595 0.18831 0.565622 0.253302 0.438595 0.18831 0.441137 0.282167 0.565622 0.253302 0.441137 0.282167 0.461493 0.190294 0.291705 0.556204 0.417614 0.293058 0.426011 0.185473 0.446967 0.189336 0.446967 0.189336 0.426011 0.185473 0.308663 0.495094 0.426011 0.185473 0.453778 0.182207 0.308663 0.495094 0.446967 0.189336 0.308663 0.495094 0.309478 0.513294 0.308663 0.495094 0.650952 0.171201 0.309478 0.513294 0.449818 0.252344 0.446967 0.189336 0.462943 0.1793889 0.446967 0.189336 0.309478 0.513294 0.462943 0.1793889 0.309478 0.513294 0.648466 0.215173 0.462943 0.1793889 0.347544 0.521413 0.529258 0.530152 0.648466 0.215173 0.63197 0.182699 0.462943 0.1793889 0.648466 0.215173 0.63197 0.182699 0.291705 0.556204 0.462943 0.1793889 0.291705 0.556204 0.461493 0.190294 0.462943 0.1793889 0.219664 0.579827 0.39052 0.552623 0.405428 0.2464359 0.401637 0.174899 0.519415 0.198966 0.40418 0.2325029 0.561521 0.1558409 0.430911 0.05653285 0.233199 0.527068 0.430911 0.05653285 0.431629 0.1371369 0.233199 0.527068 0.233199 0.527068 0.431629 0.1371369 0.441577 0.09536385 0.431629 0.1371369 0.446106 0.0650559 0.441577 0.09536385 0.560706 0.102423 0.399353 0.106067 0.343459 0.347251 0.399353 0.106067 0.187772 0.421585 0.343459 0.347251 0.560706 0.102423 0.343459 0.347251 0.221813 0.377561 0.343459 0.347251 0.521231 0.0646618 0.221813 0.377561 0.453147 0.07030755 0.442188 0.08645457 0.560706 0.102423 0.442188 0.08645457 0.399353 0.106067 0.560706 0.102423 0.187772 0.421585 0.399353 0.106067 0.387769 0.08790439 0.473173 0.13485 0.478536 0.104559 0.452696 0.06465905 0.478536 0.104559 0.452885 0.09851861 0.452696 0.06465905 0.452696 0.06465905 0.452885 0.09851861 0.453147 0.07030755 0.453147 0.07030755 0.452885 0.09851861 0.442188 0.08645457 0.473173 0.13485 0.439899 0.07057917 0.472074 0.05757987 0.439899 0.07057917 0.439302 0.08224058 0.472074 0.05757987 0.473173 0.13485 0.452696 0.06465905 0.439899 0.07057917 0.503405 0.07609349 0.478536 0.104559 0.473173 0.13485 0.50681 0.110608 0.654451 0.07907837 0.503405 0.07609349 0.654451 0.07907837 0.478536 0.104559 0.503405 0.07609349 0.331488 0.519848 0.654451 0.07907837 0.50681 0.110608 0.331488 0.519848 0.50681 0.110608 0.716653 0.09674108 0.50681 0.110608 0.360143 0.405864 0.716653 0.09674108 0.676128 0.156428 0.343405 0.660824 0.347862 0.374259 0.343405 0.660824 0.572662 0.125062 0.347862 0.374259 0.572662 0.125062 0.475637 0.09632259 0.347862 0.374259 0.291991 0.457429 0.39053 0.339859 0.676128 0.156428 0.39053 0.339859 0.343405 0.660824 0.676128 0.156428 0.572662 0.125062 0.452229 0.09523689 0.475637 0.09632259 0.452229 0.09523689 0.455856 0.09542167 0.475637 0.09632259 0.500013 0.426022 0.558509 0.432737 0.349506 0.76605 0.558509 0.432737 0.50403 0.341147 0.349506 0.76605 0.349506 0.76605 0.50403 0.341147 0.411749 0.336403 0.500108 0.278689 0.508833 0.263451 0.486855 0.297058 0.508833 0.263451 0.489768 0.309108 0.486855 0.297058</float_array>
          <technique_common>
            <accessor source="#_0_geo_id_001-mesh-map-0-array" count="747" stride="2">
              <param name="S" type="float"/>
              <param name="T" type="float"/>
            </accessor>
          </technique_common>
        </source>
        <vertices id="_0_geo_id_001-mesh-vertices">
          <input semantic="POSITION" source="#_0_geo_id_001-mesh-positions"/>
        </vertices>
        <triangles material="CW_Pegasus2_S_Mat-material" count="249">
          <input semantic="VERTEX" source="#_0_geo_id_001-mesh-vertices" offset="0"/>
          <input semantic="NORMAL" source="#_0_geo_id_001-mesh-normals" offset="1"/>
          <input semantic="TEXCOORD" source="#_0_geo_id_001-mesh-map-0" offset="2" set="0"/>
          <p>0 0 0 1 1 1 2 2 2 1 1 3 3 3 4 2 2 5 2 2 6 3 3 7 4 4 8 3 3 9 5 5 10 4 4 11 6 6 12 7 7 13 8 8 14 7 7 15 9 9 16 8 8 17 8 8 18 9 9 19 10 10 20 9 9 21 11 11 22 10 10 23 12 12 24 13 13 25 14 14 26 12 12 27 15 15 28 13 13 29 16 16 30 17 17 31 18 18 32 16 16 33 19 19 34 17 17 35 20 20 36 21 21 37 22 22 38 21 21 39 23 23 40 22 22 41 24 24 42 25 25 43 26 26 44 24 24 45 22 22 46 25 25 47 22 22 48 23 23 49 25 25 50 27 27 51 20 20 52 22 22 53 28 28 54 29 29 55 30 30 56 29 29 57 31 31 58 30 30 59 28 28 60 20 20 61 29 29 62 26 26 63 25 25 64 32 32 65 25 25 66 33 33 67 32 32 68 29 29 69 20 20 70 27 27 71 34 34 72 35 35 73 36 36 74 35 35 75 37 37 76 36 36 77 38 38 78 39 39 79 40 40 80 38 38 81 36 36 82 39 39 83 36 36 84 37 37 85 39 39 86 41 41 87 34 34 88 36 36 89 42 42 90 43 43 91 44 44 92 43 43 93 45 45 94 44 44 95 42 42 96 34 34 97 43 43 98 40 40 99 39 39 100 46 46 101 39 39 102 47 47 103 46 46 104 43 43 105 34 34 106 41 41 107 48 48 108 49 49 109 50 50 110 49 49 111 51 51 112 50 50 113 52 52 114 53 53 115 54 54 116 53 53 117 55 55 118 54 54 119 56 56 120 57 57 121 49 49 122 56 56 123 49 49 124 48 48 125 58 58 126 53 53 127 59 59 128 53 53 129 60 60 130 59 59 131 61 61 132 53 53 133 58 58 134 59 59 135 60 60 136 62 62 137 59 59 138 62 62 139 63 63 140 62 62 141 64 64 142 63 63 143 64 64 144 62 62 145 65 65 146 64 66 147 65 67 148 66 68 149 65 69 150 57 57 151 66 70 152 66 70 153 57 57 154 56 56 155 55 55 156 53 53 157 67 71 158 53 53 159 61 61 160 67 71 161 67 72 162 61 73 163 68 74 164 52 52 165 54 54 166 69 75 167 54 54 168 70 76 169 69 75 170 54 54 171 55 55 172 71 77 173 72 78 174 73 79 175 74 80 176 73 79 177 75 81 178 74 80 179 72 78 180 76 82 181 73 79 182 76 82 183 77 83 184 73 79 185 78 84 186 79 85 187 80 86 188 79 85 189 81 87 190 80 86 191 82 88 192 83 89 193 84 90 194 83 89 195 85 91 196 84 90 197 81 87 198 79 85 199 82 88 200 79 85 201 83 89 202 82 88 203 86 92 204 87 93 205 88 94 206 87 93 207 89 95 208 88 94 209 88 94 210 89 95 211 90 96 212 91 97 213 92 98 214 93 99 215 92 98 216 94 100 217 93 99 218 93 99 219 94 100 220 95 101 221 96 102 222 97 103 223 98 104 224 97 103 225 99 105 226 98 104 227 96 102 228 98 104 229 100 106 230 100 106 231 98 104 232 101 107 233 98 104 234 102 108 235 101 107 236 101 107 237 102 108 238 103 109 239 102 108 240 104 110 241 103 109 242 103 109 243 104 110 244 105 111 245 106 112 246 107 113 247 108 114 248 107 113 249 109 115 250 108 114 251 108 114 252 110 116 253 111 117 254 111 118 255 110 119 256 112 120 257 110 121 258 113 122 259 112 123 260 114 124 261 113 125 262 115 126 263 113 125 264 116 127 265 115 126 266 115 126 267 116 127 268 117 128 269 116 127 270 118 129 271 117 128 272 117 128 273 118 129 274 90 96 275 118 129 276 88 94 277 90 96 278 93 99 279 95 101 280 119 130 281 119 130 282 95 101 283 120 131 284 95 101 285 121 132 286 120 131 287 119 130 288 120 131 289 122 133 290 120 131 291 123 134 292 122 133 293 124 135 294 119 130 295 125 136 296 119 130 297 122 133 298 125 136 299 122 133 300 103 109 301 125 136 302 126 137 303 101 107 304 103 109 305 105 111 306 125 136 307 103 109 308 111 117 309 106 112 310 108 114 311 112 138 312 113 125 313 114 124 314 127 139 315 128 140 316 129 141 317 128 140 318 130 142 319 129 141 320 129 141 321 130 142 322 131 143 323 130 142 324 132 144 325 131 143 326 133 145 327 134 146 328 135 147 329 134 146 330 136 148 331 135 147 332 133 145 333 135 147 334 137 149 335 135 150 336 138 151 337 137 152 338 139 153 339 140 154 340 133 145 341 140 154 342 134 146 343 133 145 344 136 148 345 134 146 346 141 155 347 142 156 348 143 157 349 144 158 350 143 157 351 145 159 352 144 158 353 144 158 354 145 159 355 146 160 356 139 153 357 147 161 358 140 154 359 142 156 360 148 162 361 149 163 362 148 164 363 150 165 364 149 166 365 142 156 366 144 158 367 148 162 368 151 167 369 143 157 370 142 156 371 152 168 372 153 169 373 151 167 374 153 169 375 143 157 376 151 167 377 154 170 378 153 169 379 152 168 380 154 170 381 152 168 382 155 171 383 152 168 384 156 172 385 155 171 386 157 173 387 158 174 388 159 175 389 158 174 390 160 176 391 159 175 392 160 176 393 161 177 394 159 175 395 162 178 396 163 179 397 157 173 398 163 179 399 158 174 400 157 173 401 160 176 402 164 180 403 161 177 404 164 181 405 165 182 406 161 183 407 166 184 408 167 185 409 168 186 410 167 185 411 169 187 412 168 186 413 168 186 414 169 187 415 170 188 416 171 189 417 172 190 418 173 191 419 172 192 420 174 193 421 173 194 422 175 195 423 176 196 424 177 197 425 176 196 426 178 198 427 177 197 428 179 199 429 180 200 430 181 201 431 180 200 432 182 202 433 181 201 434 183 203 435 184 204 436 176 196 437 183 203 438 176 196 439 175 195 440 185 205 441 186 206 442 187 207 443 186 206 444 188 208 445 187 207 446 189 209 447 180 200 448 190 210 449 187 207 450 188 208 451 191 211 452 187 207 453 191 211 454 192 212 455 191 211 456 193 213 457 192 212 458 193 213 459 191 211 460 194 214 461 193 215 462 194 216 463 195 217 464 194 218 465 184 204 466 195 219 467 195 219 468 184 204 469 183 203 470 182 202 471 180 200 472 196 220 473 180 200 474 189 209 475 196 220 476 196 221 477 189 222 478 197 223 479 179 199 480 181 201 481 198 224 482 181 201 483 199 225 484 198 224 485 181 201 486 182 202 487 200 226 488 201 227 489 202 228 490 203 229 491 202 228 492 204 230 493 203 229 494 201 227 495 205 231 496 202 228 497 205 231 498 206 232 499 202 228 500 207 233 501 208 234 502 209 235 503 208 234 504 210 236 505 209 235 506 211 237 507 212 238 508 213 239 509 212 238 510 214 240 511 213 239 512 210 236 513 208 234 514 211 237 515 208 234 516 212 238 517 211 237 518 215 241 519 216 242 520 217 243 521 216 242 522 218 244 523 217 243 524 217 243 525 218 244 526 219 245 527 220 246 528 221 247 529 222 248 530 221 247 531 223 249 532 222 248 533 222 248 534 223 249 535 224 250 536 225 251 537 226 252 538 227 253 539 226 252 540 228 254 541 227 253 542 225 251 543 227 253 544 229 255 545 229 255 546 227 253 547 230 256 548 227 253 549 231 257 550 230 256 551 230 256 552 231 257 553 232 258 554 231 257 555 233 259 556 232 258 557 232 258 558 233 259 559 234 260 560 235 261 561 236 262 562 237 263 563 236 262 564 238 264 565 237 263 566 237 263 567 239 265 568 240 266 569 240 267 570 239 268 571 241 269 572 239 270 573 242 271 574 241 272 575 243 273 576 242 274 577 244 275 578 242 274 579 245 276 580 244 275 581 244 275 582 245 276 583 246 277 584 245 276 585 247 278 586 246 277 587 246 277 588 247 278 589 219 245 590 247 278 591 217 243 592 219 245 593 217 243 594 248 279 595 215 241 596 222 248 597 224 250 598 249 280 599 249 280 600 224 250 601 250 281 602 224 250 603 251 282 604 250 281 605 249 280 606 250 281 607 252 283 608 250 281 609 253 284 610 252 283 611 254 285 612 249 280 613 255 286 614 249 280 615 252 283 616 255 286 617 252 283 618 232 258 619 255 286 620 256 287 621 230 256 622 232 258 623 234 260 624 255 286 625 232 258 626 257 288 627 215 241 628 258 289 629 215 241 630 248 279 631 258 289 632 240 266 633 235 261 634 237 263 635 241 290 636 242 274 637 243 273 638 259 291 639 260 292 640 261 293 641 260 292 642 262 294 643 261 293 644 261 293 645 262 294 646 263 295 647 262 294 648 264 296 649 263 295 650 265 297 651 266 298 652 267 299 653 266 300 654 268 301 655 267 302 656 265 303 657 267 304 658 269 305 659 267 306 660 270 307 661 269 308 662 271 309 663 272 310 664 273 311 665 272 310 666 274 312 667 273 311 668 268 313 669 266 314 670 275 315 671 276 316 672 277 317 673 278 318 674 277 317 675 279 319 676 278 318 677 278 318 678 279 319 679 280 320 680 271 309 681 281 321 682 272 310 683 276 316 684 282 322 685 283 323 686 282 324 687 284 325 688 283 326 689 276 316 690 278 318 691 282 322 692 285 327 693 277 317 694 276 316 695 286 328 696 287 329 697 285 327 698 287 329 699 277 317 700 285 327 701 288 330 702 287 329 703 286 328 704 288 330 705 286 328 706 289 331 707 286 328 708 290 332 709 289 331 710 291 333 711 292 334 712 293 335 713 292 334 714 294 336 715 293 335 716 294 336 717 295 337 718 293 335 719 296 338 720 297 339 721 291 333 722 297 339 723 292 334 724 291 333 725 294 336 726 298 340 727 295 337 728 298 341 729 299 342 730 295 343 731 300 344 732 301 345 733 302 346 734 301 345 735 303 347 736 302 346 737 302 346 738 303 347 739 304 348 740 305 349 741 306 350 742 307 351 743 306 352 744 308 353 745 307 354 746</p>
        </triangles>
      </mesh>
    </geometry>
  </library_geometries>
  <library_visual_scenes>
    <visual_scene id="Scene" name="Scene">
      <node id="_id_001" name="_id.001" type="NODE">
        <matrix sid="transform">1 0 0 0 0 1 0 0 0 0 1 0 0 0 0 1</matrix>
        <instance_geometry url="#_1_geo_id-mesh" name="_id.001">
          <bind_material>
            <technique_common>
              <instance_material symbol="CW_Pegasus2A_Mat-material" target="#CW_Pegasus2A_Mat-material">
                <bind_vertex_input semantic="_1_TexCoord0_id" input_semantic="TEXCOORD" input_set="0"/>
              </instance_material>
            </technique_common>
          </bind_material>
        </instance_geometry>
      </node>
      <node id="_id" name="_id" type="NODE">
        <matrix sid="transform">1 0 0 0 0 1 0 0 0 0 1 0 0 0 0 1</matrix>
        <instance_geometry url="#_0_geo_id_001-mesh" name="_id">
          <bind_material>
            <technique_common>
              <instance_material symbol="CW_Pegasus2_S_Mat-material" target="#CW_Pegasus2_S_Mat-material">
                <bind_vertex_input semantic="_0_TexCoord0_id" input_semantic="TEXCOORD" input_set="0"/>
              </instance_material>
            </technique_common>
          </bind_material>
        </instance_geometry>
      </node>
    </visual_scene>
  </library_visual_scenes>
  <scene>
    <instance_visual_scene url="#Scene"/>
  </scene>
</COLLADA>