<?xml version="1.0" encoding="utf-8"?>
<COLLADA xmlns="http://www.collada.org/2005/11/COLLADASchema" version="1.4.1" xmlns:xsi="http://www.w3.org/2001/XMLSchema-instance">
  <asset>
    <contributor>
      <author>Blender User</author>
      <authoring_tool>Blender 4.0.0 commit date:2023-11-13, commit time:17:26, hash:878f71061b8e</authoring_tool>
    </contributor>
    <created>2026-09-10T17:41:43</created>
    <modified>2026-09-10T17:41:43</modified>
    <unit name="meter" meter="1"/>
    <up_axis>Z_UP</up_axis>
  </asset>
  <library_images/>
  <library_geometries>
    <geometry id="Mesh_0578Mesh_001-mesh" name="Mesh_0578Mesh.001">
      <mesh>
        <source id="Mesh_0578Mesh_001-mesh-positions">
          <float_array id="Mesh_0578Mesh_001-mesh-positions-array" count="14499">5.615234 20.50781 -6.103516 2.929687 20.01953 -4.394531 5.126953 19.04297 -7.8125 1.464844 18.79883 -4.394531 0 0 0 5.615234 20.50781 -6.103516 5.126953 19.04297 -7.8125 8.056641 19.77539 -6.103516 7.568359 18.31055 -7.8125 8.056641 19.77539 -6.103516 7.568359 18.31055 -7.8125 10.00977 18.06641 -4.394531 10.49805 16.35742 -4.394531 3.417969 20.26367 -1.708984 5.371094 20.26367 -0.2441406 2.685547 19.04297 -1.220703 4.882812 18.06641 0.2441406 9.765625 18.31055 -1.708984 9.765625 17.08984 -1.220703 7.8125 19.53125 -0.2441406 7.324219 17.33399 0.2441406 6.591797 19.77539 -0.2441406 5.371094 20.26367 -0.2441406 6.835937 20.01953 -0.7324219 5.615234 20.26367 -0.9765625 3.417969 20.26367 -1.708984 3.662109 20.26367 -2.197266 5.371094 20.26367 -0.2441406 5.615234 20.26367 -0.9765625 2.441406 20.01953 -3.662109 2.929687 20.01953 -4.394531 3.417969 20.26367 -1.708984 3.662109 20.26367 -2.197266 10.25391 17.82227 -3.662109 9.765625 18.31055 -1.708984 10.00977 18.06641 -4.394531 9.521485 18.55469 -2.197266 9.765625 18.31055 -1.708984 7.8125 19.53125 -0.2441406 9.521485 18.55469 -2.197266 7.8125 19.77539 -0.9765625 6.591797 19.77539 -0.2441406 6.835937 20.01953 -0.7324219 7.8125 19.53125 -0.2441406 7.8125 19.77539 -0.9765625 4.394531 16.35742 -5.859375 7.080078 15.625 -5.859375 5.126953 19.04297 -7.8125 7.568359 18.31055 -7.8125 2.929687 20.01953 -4.394531 5.615234 20.50781 -6.103516 4.882812 21.97266 -4.394531 6.103516 21.24024 -5.615234 5.615234 20.50781 -6.103516 8.056641 19.77539 -6.103516 6.103516 21.24024 -5.615234 7.8125 20.75195 -5.615234 10.00977 18.06641 -4.394531 9.277344 20.75195 -4.394531 8.056641 19.77539 -6.103516 7.8125 20.75195 -5.615234 20.50781 7.324219 -6.103516 18.79883 9.277344 -4.394531 19.04297 6.835937 -7.8125 17.08984 9.765625 -4.394531 20.50781 7.324219 -6.103516 19.04297 6.835937 -7.8125 21.24024 4.882812 -6.103516 19.77539 4.394531 -7.8125 21.24024 4.882812 -6.103516 19.77539 4.394531 -7.8125 20.75195 2.197266 -4.394531 19.53125 0.9765625 -4.394531 19.04297 9.033204 -1.708984 20.26367 7.080078 -0.2441406 17.82227 9.033204 -1.220703 18.06641 6.591797 0.2441406 20.99609 2.685547 -1.708984 19.53125 1.953125 -1.220703 20.99609 4.882812 -0.2441406 18.79883 4.150391 0.2441406 20.50781 5.859375 -0.2441406 20.26367 7.080078 -0.2441406 20.75195 6.103516 -0.7324219 20.50781 7.080078 -0.9765625 19.04297 9.033204 -1.708984 19.28711 8.789063 -2.197266 20.26367 7.080078 -0.2441406 20.50781 7.080078 -0.9765625 18.55469 9.521485 -3.662109 18.79883 9.277344 -4.394531 19.04297 9.033204 -1.708984 19.28711 8.789063 -2.197266 20.75195 1.708984 -3.662109 20.99609 2.685547 -1.708984 20.75195 2.197266 -4.394531 20.99609 2.929687 -2.197266 20.99609 2.685547 -1.708984 20.99609 4.882812 -0.2441406 20.99609 2.929687 -2.197266 20.99609 4.882812 -0.9765625 20.50781 5.859375 -0.2441406 20.75195 6.103516 -0.7324219 20.99609 4.882812 -0.2441406 20.99609 4.882812 -0.9765625 16.35742 6.347656 -5.859375 17.08984 3.662109 -5.859375 19.04297 6.835937 -7.8125 19.77539 4.394531 -7.8125 21.24024 -2.929687 -6.103516 20.75195 -0.2441406 -4.394531 19.77539 -2.441406 -7.8125 19.53125 0.9765625 -4.394531 21.24024 -2.929687 -6.103516 19.77539 -2.441406 -7.8125 20.50781 -5.371094 -6.103516 19.04297 -4.882812 -7.8125 20.50781 -5.371094 -6.103516 19.04297 -4.882812 -7.8125 18.79883 -7.324219 -4.394531 17.08984 -7.8125 -4.394531 20.75195 -0.7324219 -1.708984 20.99609 -2.929687 -0.2441406 19.53125 0 -1.220703 18.79883 -2.197266 0.2441406 19.28711 -7.080078 -1.708984 17.82227 -7.080078 -1.708984 20.26367 -5.126953 -0.2441406 18.06641 -4.638672 0.2441406 20.50781 -3.90625 -0.2441406 20.99609 -2.929687 -0.2441406 20.75195 -4.150391 -0.7324219 20.99609 -2.929687 -0.9765625 20.75195 -0.7324219 -1.708984 20.99609 -0.9765625 -2.197266 20.99609 -2.929687 -0.2441406 20.99609 -2.929687 -0.9765625 20.75195 0 -3.662109 20.75195 -0.2441406 -4.394531 20.75195 -0.7324219 -1.708984 20.99609 -0.9765625 -2.197266 18.55469 -7.568359 -3.662109 19.28711 -7.080078 -1.708984 18.79883 -7.324219 -4.394531 19.28711 -6.835937 -2.197266 19.28711 -7.080078 -1.708984 20.26367 -5.126953 -0.2441406 19.28711 -6.835937 -2.197266 20.50781 -5.126953 -0.9765625 20.50781 -3.90625 -0.2441406 20.75195 -4.150391 -0.7324219 20.26367 -5.126953 -0.2441406 20.50781 -5.126953 -0.9765625 17.08984 -1.708984 -5.859375 16.35742 -4.394531 -5.859375 19.77539 -2.441406 -7.8125 19.04297 -4.882812 -7.8125 20.75195 -0.2441406 -4.394531 21.24024 -2.929687 -6.103516 22.70508 -2.197266 -4.394531 21.97266 -3.417969 -5.615234 21.24024 -2.929687 -6.103516 20.50781 -5.371094 -6.103516 21.97266 -3.417969 -5.615234 21.48438 -5.126953 -5.615234 18.79883 -7.324219 -4.394531 21.48438 -6.591797 -4.394531 20.50781 -5.371094 -6.103516 21.48438 -5.126953 -5.615234 14.89258 15.86914 -6.103516 12.20703 16.8457 -4.394531 13.67187 14.64844 -7.8125 10.49805 16.35742 -4.394531 14.89258 15.86914 -6.103516 13.67187 14.64844 -7.8125 16.60156 14.16016 -6.103516 15.38086 12.93945 -7.8125 16.60156 14.16016 -6.103516 15.38086 12.93945 -7.8125 17.33399 11.47461 -4.394531 17.08984 9.765625 -4.394531 12.69531 16.60156 -1.708984 14.64844 15.625 -0.2441406 11.47461 15.86914 -1.220703 12.93945 14.16016 0.2441406 17.33399 11.96289 -1.708984 16.60156 10.74219 -1.220703 16.35742 13.91602 -0.2441406 14.89258 12.20703 0.2441406 15.38086 14.89258 -0.2441406 14.64844 15.625 -0.2441406 15.625 14.89258 -0.7324219 14.64844 15.86914 -0.9765625 12.69531 16.60156 -1.708984 13.18359 16.60156 -2.197266 14.64844 15.625 -0.2441406 14.64844 15.86914 -0.9765625 11.96289 16.8457 -3.662109 12.20703 16.8457 -4.394531 12.69531 16.60156 -1.708984 13.18359 16.60156 -2.197266 17.57813 11.23047 -3.662109 17.33399 11.96289 -1.708984 17.33399 11.47461 -4.394531 17.33399 12.45117 -2.197266 17.33399 11.96289 -1.708984 16.35742 13.91602 -0.2441406 17.33399 12.45117 -2.197266 16.60156 13.91602 -0.9765625 15.38086 14.89258 -0.2441406 15.625 14.89258 -0.7324219 16.35742 13.91602 -0.2441406 16.60156 13.91602 -0.9765625 11.71875 12.93945 -5.859375 13.67187 10.98633 -5.859375 13.67187 14.64844 -7.8125 15.38086 12.93945 -7.8125 12.20703 16.8457 -4.394531 14.89258 15.86914 -6.103516 15.13672 17.57813 -4.394531 15.625 16.11328 -5.615234 14.89258 15.86914 -6.103516 16.60156 14.16016 -6.103516 15.625 16.11328 -5.615234 16.8457 14.89258 -5.615234 17.33399 11.47461 -4.394531 18.31055 14.4043 -4.394531 16.60156 14.16016 -6.103516 16.8457 14.89258 -5.615234 18.55469 -2.197266 0 18.55469 4.150391 0 19.53125 0 -1.708984 19.53125 1.953125 -1.708984 17.82227 6.591797 0 14.64844 12.20703 0 17.57813 8.789063 -1.708984 16.60156 10.74219 -1.708984 12.93945 13.91602 0 7.324219 17.08984 0 11.47461 15.86914 -1.708984 9.521485 16.8457 -1.708984 2.685547 18.79883 -1.708984 0 19.04297 -1.708984 1.464844 19.53125 -4.150391 0 19.53125 -4.150391 0 18.55469 0 0 19.04297 -1.708984 4.882812 17.82227 0 2.685547 18.79883 -1.708984 1.464844 19.53125 -4.150391 0 19.53125 -4.150391 1.464844 18.79883 -4.394531 0 18.79883 -4.394531 17.57813 -8.300782 -4.150391 17.08984 -7.8125 -4.394531 16.8457 -9.765625 -4.150391 16.35742 -9.277344 -4.394531 14.89258 -15.13672 -6.103516 15.625 -12.45117 -4.394531 13.67187 -13.91602 -7.8125 15.38086 -10.74219 -4.394531 14.89258 -15.13672 -6.103516 13.67187 -13.91602 -7.8125 13.18359 -16.8457 -6.103516 11.96289 -15.625 -7.8125 13.18359 -16.8457 -6.103516 11.96289 -15.625 -7.8125 10.49805 -17.82227 -4.394531 8.789063 -17.33399 -4.394531 15.625 -12.93945 -1.708984 14.64844 -14.89258 -0.2441406 14.89258 -11.71875 -1.220703 13.18359 -13.18359 0.2441406 10.98633 -17.57813 -1.708984 9.765625 -16.8457 -1.220703 12.93945 -16.60156 -0.2441406 11.23047 -15.13672 0.2441406 13.91602 -15.86914 -0.2441406 14.64844 -14.89258 -0.2441406 13.91602 -15.86914 -0.7324219 14.89258 -15.13672 -0.9765625 15.625 -12.93945 -1.708984 15.625 -13.42773 -2.197266 14.64844 -14.89258 -0.2441406 14.89258 -15.13672 -0.9765625 15.86914 -12.20703 -3.662109 15.625 -12.45117 -4.394531 15.625 -12.93945 -1.708984 15.625 -13.42773 -2.197266 10.25391 -17.82227 -3.662109 10.98633 -17.57813 -1.708984 10.49805 -17.82227 -4.394531 11.47461 -17.57813 -2.197266 10.98633 -17.57813 -1.708984 12.93945 -16.60156 -0.2441406 11.47461 -17.57813 -2.197266 12.93945 -16.8457 -0.9765625 13.91602 -15.86914 -0.2441406 13.91602 -15.86914 -0.7324219 12.93945 -16.60156 -0.2441406 12.93945 -16.8457 -0.9765625 11.96289 -11.96289 -5.859375 10.00977 -13.91602 -5.859375 13.67187 -13.91602 -7.8125 11.96289 -15.625 -7.8125 15.625 -12.45117 -4.394531 14.89258 -15.13672 -6.103516 16.60156 -15.38086 -4.394531 15.13672 -15.86914 -5.615234 14.89258 -15.13672 -6.103516 13.18359 -16.8457 -6.103516 15.13672 -15.86914 -5.615234 13.91602 -17.08984 -5.615234 10.49805 -17.82227 -4.394531 13.42773 -18.55469 -4.394531 13.18359 -16.8457 -6.103516 13.91602 -17.08984 -5.615234 -3.90625 -21.48438 -6.103516 -1.220703 -20.99609 -4.394531 -3.417969 -20.01953 -7.8125 0 -19.77539 -4.394531 -3.90625 -21.48438 -6.103516 -3.417969 -20.01953 -7.8125 -6.347656 -20.99609 -6.103516 -5.859375 -19.28711 -7.8125 -6.347656 -20.99609 -6.103516 -5.859375 -19.28711 -7.8125 -8.300782 -19.04297 -4.394531 -8.789063 -17.33399 -4.394531 -1.708984 -21.24024 -1.708984 -3.90625 -21.24024 -0.2441406 -0.9765625 -19.77539 -1.220703 -3.173828 -19.04297 0.2441406 -8.056641 -19.53125 -1.708984 -8.056641 -18.06641 -1.220703 -6.103516 -20.50781 -0.2441406 -5.615234 -18.31055 0.2441406 -4.882812 -20.75195 -0.2441406 -3.90625 -21.24024 -0.2441406 -5.126953 -20.99609 -0.7324219 -3.90625 -21.24024 -0.9765625 -1.708984 -21.24024 -1.708984 -1.953125 -21.24024 -2.197266 -3.90625 -21.24024 -0.2441406 -3.90625 -21.24024 -0.9765625 -0.7324219 -20.99609 -3.662109 -1.220703 -20.99609 -4.394531 -1.708984 -21.24024 -1.708984 -1.953125 -21.24024 -2.197266 -8.544922 -18.79883 -3.662109 -8.056641 -19.53125 -1.708984 -8.300782 -19.04297 -4.394531 -7.8125 -19.53125 -2.197266 -8.056641 -19.53125 -1.708984 -6.103516 -20.50781 -0.2441406 -7.8125 -19.53125 -2.197266 -6.103516 -20.75195 -0.9765625 -4.882812 -20.75195 -0.2441406 -5.126953 -20.99609 -0.7324219 -6.103516 -20.50781 -0.2441406 -6.103516 -20.75195 -0.9765625 -2.685547 -17.33399 -5.859375 -5.371094 -16.60156 -5.859375 -3.417969 -20.01953 -7.8125 -5.859375 -19.28711 -7.8125 -1.220703 -20.99609 -4.394531 -3.90625 -21.48438 -6.103516 -3.173828 -22.94922 -4.394531 -4.394531 -22.2168 -5.615234 -3.90625 -21.48438 -6.103516 -6.347656 -20.99609 -6.103516 -4.394531 -22.2168 -5.615234 -6.103516 -21.72852 -5.615234 -8.300782 -19.04297 -4.394531 -7.568359 -21.72852 -4.394531 -6.347656 -20.99609 -6.103516 -6.103516 -21.72852 -5.615234 -13.18359 -16.8457 -6.103516 -10.49805 -17.82227 -4.394531 -11.96289 -15.625 -7.8125 -8.789063 -17.33399 -4.394531 -13.18359 -16.8457 -6.103516 -11.96289 -15.625 -7.8125 -14.89258 -15.13672 -6.103516 -13.67187 -13.91602 -7.8125 -14.89258 -15.13672 -6.103516 -13.67187 -13.91602 -7.8125 -15.625 -12.45117 -4.394531 -15.38086 -10.74219 -4.394531 -10.98633 -17.57813 -1.708984 -12.93945 -16.60156 -0.2441406 -9.765625 -16.8457 -1.220703 -11.23047 -15.13672 0.2441406 -15.625 -12.93945 -1.708984 -14.89258 -11.71875 -1.220703 -14.64844 -14.89258 -0.2441406 -13.18359 -13.18359 0.2441406 -13.91602 -15.86914 -0.2441406 -12.93945 -16.60156 -0.2441406 -13.91602 -15.86914 -0.7324219 -12.93945 -16.8457 -0.9765625 -10.98633 -17.57813 -1.708984 -11.47461 -17.57813 -2.197266 -12.93945 -16.60156 -0.2441406 -12.93945 -16.8457 -0.9765625 -10.25391 -17.82227 -3.662109 -10.49805 -17.82227 -4.394531 -10.98633 -17.57813 -1.708984 -11.47461 -17.57813 -2.197266 -15.86914 -12.20703 -3.662109 -15.625 -12.93945 -1.708984 -15.625 -12.45117 -4.394531 -15.625 -13.42773 -2.197266 -15.625 -12.93945 -1.708984 -14.64844 -14.89258 -0.2441406 -15.625 -13.42773 -2.197266 -14.89258 -15.13672 -0.9765625 -13.91602 -15.86914 -0.2441406 -13.91602 -15.86914 -0.7324219 -14.64844 -14.89258 -0.2441406 -14.89258 -15.13672 -0.9765625 -10.00977 -13.91602 -5.859375 -11.96289 -11.96289 -5.859375 -11.96289 -15.625 -7.8125 -13.67187 -13.91602 -7.8125 -10.49805 -17.82227 -4.394531 -13.18359 -16.8457 -6.103516 -13.42773 -18.55469 -4.394531 -13.91602 -17.08984 -5.615234 -13.18359 -16.8457 -6.103516 -14.89258 -15.13672 -6.103516 -13.91602 -17.08984 -5.615234 -15.13672 -15.86914 -5.615234 -15.625 -12.45117 -4.394531 -16.60156 -15.38086 -4.394531 -14.89258 -15.13672 -6.103516 -15.13672 -15.86914 -5.615234 6.347656 -20.99609 -6.103516 8.300782 -19.04297 -4.394531 5.859375 -19.28711 -7.8125 8.789063 -17.33399 -4.394531 6.347656 -20.99609 -6.103516 5.859375 -19.28711 -7.8125 3.90625 -21.48438 -6.103516 3.417969 -20.01953 -7.8125 3.90625 -21.48438 -6.103516 3.417969 -20.01953 -7.8125 1.220703 -20.99609 -4.394531 0 -19.77539 -4.394531 8.056641 -19.53125 -1.708984 6.103516 -20.50781 -0.2441406 8.056641 -18.06641 -1.220703 5.615234 -18.31055 0.2441406 1.708984 -21.24024 -1.708984 0.9765625 -19.77539 -1.220703 3.90625 -21.24024 -0.2441406 3.173828 -19.04297 0.2441406 4.882812 -20.75195 -0.2441406 6.103516 -20.50781 -0.2441406 5.126953 -20.99609 -0.7324219 6.103516 -20.75195 -0.9765625 8.056641 -19.53125 -1.708984 7.8125 -19.53125 -2.197266 6.103516 -20.50781 -0.2441406 6.103516 -20.75195 -0.9765625 8.544922 -18.79883 -3.662109 8.300782 -19.04297 -4.394531 8.056641 -19.53125 -1.708984 7.8125 -19.53125 -2.197266 0.7324219 -20.99609 -3.662109 1.708984 -21.24024 -1.708984 1.220703 -20.99609 -4.394531 1.953125 -21.24024 -2.197266 1.708984 -21.24024 -1.708984 3.90625 -21.24024 -0.2441406 1.953125 -21.24024 -2.197266 3.90625 -21.24024 -0.9765625 4.882812 -20.75195 -0.2441406 5.126953 -20.99609 -0.7324219 3.90625 -21.24024 -0.2441406 3.90625 -21.24024 -0.9765625 5.371094 -16.60156 -5.859375 2.685547 -17.33399 -5.859375 5.859375 -19.28711 -7.8125 3.417969 -20.01953 -7.8125 8.300782 -19.04297 -4.394531 6.347656 -20.99609 -6.103516 7.568359 -21.72852 -4.394531 6.103516 -21.72852 -5.615234 6.347656 -20.99609 -6.103516 3.90625 -21.48438 -6.103516 6.103516 -21.72852 -5.615234 4.394531 -22.2168 -5.615234 1.220703 -20.99609 -4.394531 3.173828 -22.94922 -4.394531 3.90625 -21.48438 -6.103516 4.394531 -22.2168 -5.615234 -11.23047 -14.89258 0 -5.615234 -18.06641 0 -9.765625 -16.8457 -1.708984 -7.8125 -18.06641 -1.708984 -3.173828 -18.79883 0 3.173828 -18.79883 0 -0.9765625 -19.77539 -1.708984 0.9765625 -19.77539 -1.708984 5.615234 -18.06641 0 11.23047 -14.89258 0 7.8125 -18.06641 -1.708984 9.765625 -16.8457 -1.708984 17.57813 -6.835937 -1.708984 17.57813 -8.300782 -4.150391 16.35742 -9.521485 -1.708984 16.8457 -9.765625 -4.150391 17.82227 -4.638672 0 17.57813 -6.835937 -1.708984 16.11328 -9.277344 0 16.35742 -9.521485 -1.708984 -12.93945 -13.18359 0 -14.89258 -11.71875 -1.708984 -16.11328 -9.277344 0 -16.35742 -9.521485 -1.708984 -16.35742 -9.521485 -1.708984 -14.89258 -11.71875 -1.708984 -16.8457 -9.765625 -4.150391 -15.86914 -10.98633 -4.150391 15.86914 -10.98633 -4.150391 16.8457 -9.765625 -4.150391 15.38086 -10.74219 -4.394531 16.35742 -9.277344 -4.394531 -15.86914 -10.98633 -4.150391 -15.38086 -10.74219 -4.394531 -16.8457 -9.765625 -4.150391 -16.35742 -9.277344 -4.394531 -20.50781 -5.371094 -6.103516 -18.79883 -7.324219 -4.394531 -19.04297 -4.882812 -7.8125 -17.08984 -7.8125 -4.394531 -20.50781 -5.371094 -6.103516 -19.04297 -4.882812 -7.8125 -21.24024 -2.929687 -6.103516 -19.77539 -2.441406 -7.8125 -21.24024 -2.929687 -6.103516 -19.77539 -2.441406 -7.8125 -20.75195 -0.2441406 -4.394531 -19.53125 0.9765625 -4.394531 -19.28711 -7.080078 -1.708984 -20.26367 -5.126953 -0.2441406 -17.82227 -7.080078 -1.220703 -18.06641 -4.638672 0.2441406 -20.75195 -0.7324219 -1.708984 -19.53125 0 -1.220703 -20.99609 -2.929687 -0.2441406 -18.79883 -2.197266 0.2441406 -20.50781 -3.90625 -0.2441406 -20.26367 -5.126953 -0.2441406 -20.75195 -4.150391 -0.7324219 -20.50781 -5.126953 -0.9765625 -19.28711 -7.080078 -1.708984 -19.28711 -6.835937 -2.197266 -20.26367 -5.126953 -0.2441406 -20.50781 -5.126953 -0.9765625 -18.55469 -7.568359 -3.662109 -18.79883 -7.324219 -4.394531 -19.28711 -7.080078 -1.708984 -19.28711 -6.835937 -2.197266 -20.75195 0 -3.662109 -20.75195 -0.7324219 -1.708984 -20.75195 -0.2441406 -4.394531 -20.99609 -0.9765625 -2.197266 -20.75195 -0.7324219 -1.708984 -20.99609 -2.929687 -0.2441406 -20.99609 -0.9765625 -2.197266 -20.99609 -2.929687 -0.9765625 -20.50781 -3.90625 -0.2441406 -20.75195 -4.150391 -0.7324219 -20.99609 -2.929687 -0.2441406 -20.99609 -2.929687 -0.9765625 -16.35742 -4.394531 -5.859375 -17.08984 -1.708984 -5.859375 -19.04297 -4.882812 -7.8125 -19.77539 -2.441406 -7.8125 -18.79883 -7.324219 -4.394531 -20.50781 -5.371094 -6.103516 -21.48438 -6.591797 -4.394531 -21.48438 -5.126953 -5.615234 -20.50781 -5.371094 -6.103516 -21.24024 -2.929687 -6.103516 -21.48438 -5.126953 -5.615234 -21.97266 -3.417969 -5.615234 -20.75195 -0.2441406 -4.394531 -22.70508 -2.197266 -4.394531 -21.24024 -2.929687 -6.103516 -21.97266 -3.417969 -5.615234 -16.60156 14.16016 -6.103516 -17.33399 11.47461 -4.394531 -15.38086 12.93945 -7.8125 -17.08984 9.765625 -4.394531 -16.60156 14.16016 -6.103516 -15.38086 12.93945 -7.8125 -14.89258 15.86914 -6.103516 -13.67187 14.64844 -7.8125 -14.89258 15.86914 -6.103516 -13.67187 14.64844 -7.8125 -12.20703 16.8457 -4.394531 -10.49805 16.35742 -4.394531 -17.33399 11.96289 -1.708984 -16.35742 13.91602 -0.2441406 -16.60156 10.74219 -1.220703 -14.89258 12.20703 0.2441406 -12.69531 16.60156 -1.708984 -11.47461 15.86914 -1.220703 -14.64844 15.625 -0.2441406 -12.93945 14.16016 0.2441406 -15.38086 14.89258 -0.2441406 -16.35742 13.91602 -0.2441406 -15.625 14.89258 -0.7324219 -16.60156 13.91602 -0.9765625 -17.33399 11.96289 -1.708984 -17.33399 12.45117 -2.197266 -16.35742 13.91602 -0.2441406 -16.60156 13.91602 -0.9765625 -17.57813 11.23047 -3.662109 -17.33399 11.47461 -4.394531 -17.33399 11.96289 -1.708984 -17.33399 12.45117 -2.197266 -11.96289 16.8457 -3.662109 -12.69531 16.60156 -1.708984 -12.20703 16.8457 -4.394531 -13.18359 16.60156 -2.197266 -12.69531 16.60156 -1.708984 -14.64844 15.625 -0.2441406 -13.18359 16.60156 -2.197266 -14.64844 15.86914 -0.9765625 -15.38086 14.89258 -0.2441406 -15.625 14.89258 -0.7324219 -14.64844 15.625 -0.2441406 -14.64844 15.86914 -0.9765625 -13.67187 10.98633 -5.859375 -11.71875 12.93945 -5.859375 -15.38086 12.93945 -7.8125 -13.67187 14.64844 -7.8125 -17.33399 11.47461 -4.394531 -16.60156 14.16016 -6.103516 -18.31055 14.4043 -4.394531 -16.8457 14.89258 -5.615234 -16.60156 14.16016 -6.103516 -14.89258 15.86914 -6.103516 -16.8457 14.89258 -5.615234 -15.625 16.11328 -5.615234 -12.20703 16.8457 -4.394531 -15.13672 17.57813 -4.394531 -14.89258 15.86914 -6.103516 -15.625 16.11328 -5.615234 -8.056641 19.77539 -6.103516 -10.00977 18.06641 -4.394531 -7.568359 18.31055 -7.8125 -10.49805 16.35742 -4.394531 -8.056641 19.77539 -6.103516 -7.568359 18.31055 -7.8125 -5.615234 20.50781 -6.103516 -5.126953 19.04297 -7.8125 -5.615234 20.50781 -6.103516 -5.126953 19.04297 -7.8125 -2.929687 20.01953 -4.394531 -1.464844 18.79883 -4.394531 -9.765625 18.31055 -1.708984 -7.8125 19.53125 -0.2441406 -9.765625 17.08984 -1.220703 -7.324219 17.33399 0.2441406 -3.417969 20.26367 -1.708984 -2.685547 19.04297 -1.220703 -5.371094 20.26367 -0.2441406 -4.882812 18.06641 0.2441406 -6.591797 19.77539 -0.2441406 -7.8125 19.53125 -0.2441406 -6.835937 20.01953 -0.7324219 -7.8125 19.77539 -0.9765625 -9.765625 18.31055 -1.708984 -9.521485 18.55469 -2.197266 -7.8125 19.53125 -0.2441406 -7.8125 19.77539 -0.9765625 -10.25391 17.82227 -3.662109 -10.00977 18.06641 -4.394531 -9.765625 18.31055 -1.708984 -9.521485 18.55469 -2.197266 -2.441406 20.01953 -3.662109 -3.417969 20.26367 -1.708984 -2.929687 20.01953 -4.394531 -3.662109 20.26367 -2.197266 -3.417969 20.26367 -1.708984 -5.371094 20.26367 -0.2441406 -3.662109 20.26367 -2.197266 -5.615234 20.26367 -0.9765625 -6.591797 19.77539 -0.2441406 -6.835937 20.01953 -0.7324219 -5.371094 20.26367 -0.2441406 -5.615234 20.26367 -0.9765625 -7.080078 15.625 -5.859375 -4.394531 16.35742 -5.859375 -7.568359 18.31055 -7.8125 -5.126953 19.04297 -7.8125 -10.00977 18.06641 -4.394531 -8.056641 19.77539 -6.103516 -9.277344 20.75195 -4.394531 -7.8125 20.75195 -5.615234 -8.056641 19.77539 -6.103516 -5.615234 20.50781 -6.103516 -7.8125 20.75195 -5.615234 -6.103516 21.24024 -5.615234 -2.929687 20.01953 -4.394531 -4.882812 21.97266 -4.394531 -5.615234 20.50781 -6.103516 -6.103516 21.24024 -5.615234 -21.24024 4.882812 -6.103516 -20.75195 2.197266 -4.394531 -19.77539 4.394531 -7.8125 -19.53125 0.9765625 -4.394531 -21.24024 4.882812 -6.103516 -19.77539 4.394531 -7.8125 -20.50781 7.324219 -6.103516 -19.04297 6.835937 -7.8125 -20.50781 7.324219 -6.103516 -19.04297 6.835937 -7.8125 -18.79883 9.277344 -4.394531 -17.08984 9.765625 -4.394531 -20.99609 2.685547 -1.708984 -20.99609 4.882812 -0.2441406 -19.53125 1.953125 -1.220703 -18.79883 4.150391 0.2441406 -19.04297 9.033204 -1.708984 -17.82227 9.033204 -1.220703 -20.26367 7.080078 -0.2441406 -18.06641 6.591797 0.2441406 -20.50781 5.859375 -0.2441406 -20.99609 4.882812 -0.2441406 -20.75195 6.103516 -0.7324219 -20.99609 4.882812 -0.9765625 -20.99609 2.685547 -1.708984 -20.99609 2.929687 -2.197266 -20.99609 4.882812 -0.2441406 -20.99609 4.882812 -0.9765625 -20.75195 1.708984 -3.662109 -20.75195 2.197266 -4.394531 -20.99609 2.685547 -1.708984 -20.99609 2.929687 -2.197266 -18.55469 9.521485 -3.662109 -19.04297 9.033204 -1.708984 -18.79883 9.277344 -4.394531 -19.28711 8.789063 -2.197266 -19.04297 9.033204 -1.708984 -20.26367 7.080078 -0.2441406 -19.28711 8.789063 -2.197266 -20.50781 7.080078 -0.9765625 -20.50781 5.859375 -0.2441406 -20.75195 6.103516 -0.7324219 -20.26367 7.080078 -0.2441406 -20.50781 7.080078 -0.9765625 -17.08984 3.662109 -5.859375 -16.35742 6.347656 -5.859375 -19.77539 4.394531 -7.8125 -19.04297 6.835937 -7.8125 -20.75195 2.197266 -4.394531 -21.24024 4.882812 -6.103516 -22.70508 4.150391 -4.394531 -21.97266 5.371094 -5.615234 -21.24024 4.882812 -6.103516 -20.50781 7.324219 -6.103516 -21.97266 5.371094 -5.615234 -21.48438 7.080078 -5.615234 -18.79883 9.277344 -4.394531 -21.48438 8.544922 -4.394531 -20.50781 7.324219 -6.103516 -21.48438 7.080078 -5.615234 -7.324219 17.08984 0 -12.93945 13.91602 0 -9.521485 16.8457 -1.708984 -11.47461 15.86914 -1.708984 -14.64844 12.20703 0 -17.82227 6.591797 0 -16.60156 10.74219 -1.708984 -17.57813 8.789063 -1.708984 -18.55469 4.150391 0 -18.55469 -2.197266 0 -19.53125 1.953125 -1.708984 -19.53125 0 -1.708984 -17.57813 -6.835937 -1.708984 -16.35742 -9.521485 -1.708984 -17.57813 -8.300782 -4.150391 -16.8457 -9.765625 -4.150391 -16.11328 -9.277344 0 -16.35742 -9.521485 -1.708984 -17.82227 -4.638672 0 -17.57813 -6.835937 -1.708984 -4.882812 17.82227 0 -2.685547 18.79883 -1.708984 0 18.55469 0 0 19.04297 -1.708984 0 19.04297 -1.708984 -2.685547 18.79883 -1.708984 0 19.53125 -4.150391 -1.464844 19.53125 -4.150391 -17.57813 -8.300782 -4.150391 -16.8457 -9.765625 -4.150391 -17.08984 -7.8125 -4.394531 -16.35742 -9.277344 -4.394531 -1.464844 19.53125 -4.150391 -1.464844 18.79883 -4.394531 0 19.53125 -4.150391 0 18.79883 -4.394531 11.96289 -11.96289 0 14.64844 -8.544922 0 12.93945 -13.18359 0 16.11328 -9.277344 0 8.544922 -14.64844 0 11.96289 -11.96289 0 11.23047 -14.89258 0 12.93945 -13.18359 0 4.394531 -16.35742 0 8.544922 -14.64844 0 5.615234 -18.06641 0 11.23047 -14.89258 0 0 -17.08984 0 4.394531 -16.35742 0 3.173828 -18.79883 0 5.615234 -18.06641 0 0 -17.08984 0 -3.173828 -18.79883 0 -4.394531 -16.35742 0 -5.615234 -18.06641 0 -4.394531 -16.35742 0 -5.615234 -18.06641 0 -8.544922 -14.64844 0 -11.23047 -14.89258 0 -8.544922 -14.64844 0 -11.23047 -14.89258 0 -11.96289 -11.96289 0 -12.93945 -13.18359 0 -11.96289 -11.96289 0 -12.93945 -13.18359 0 -14.64844 -8.544922 0 -16.11328 -9.277344 0 -14.64844 -8.544922 0 -16.11328 -9.277344 0 -16.35742 -4.394531 0 -17.82227 -4.638672 0 -16.35742 -4.394531 0 -17.82227 -4.638672 0 -17.08984 0 0 -18.55469 -2.197266 0 -17.08984 0 0 -18.55469 4.150391 0 -16.35742 4.394531 0 -17.82227 6.591797 0 -16.35742 4.394531 0 -17.82227 6.591797 0 -14.64844 8.544922 0 -14.64844 12.20703 0 -14.64844 8.544922 0 -14.64844 12.20703 0 -11.96289 11.96289 0 -12.93945 13.91602 0 -11.96289 11.96289 0 -12.93945 13.91602 0 -8.544922 14.64844 0 -7.324219 17.08984 0 -8.544922 14.64844 0 -7.324219 17.08984 0 -4.394531 16.35742 0 -4.882812 17.82227 0 -4.394531 16.35742 0 -4.882812 17.82227 0 0 17.08984 0 0 18.55469 0 4.394531 16.35742 0 0 17.08984 0 4.882812 17.82227 0 0 18.55469 0 8.544922 14.64844 0 4.394531 16.35742 0 7.324219 17.08984 0 4.882812 17.82227 0 11.96289 11.96289 0 8.544922 14.64844 0 12.93945 13.91602 0 7.324219 17.08984 0 14.64844 8.544922 0 11.96289 11.96289 0 14.64844 12.20703 0 12.93945 13.91602 0 16.35742 4.394531 0 14.64844 8.544922 0 17.82227 6.591797 0 14.64844 12.20703 0 17.08984 0 0 16.35742 4.394531 0 18.55469 4.150391 0 17.82227 6.591797 0 16.35742 -4.394531 0 17.08984 0 0 17.82227 -4.638672 0 18.55469 -2.197266 0 14.64844 -8.544922 0 16.35742 -4.394531 0 16.11328 -9.277344 0 17.82227 -4.638672 0 4.394531 16.35742 -1.708984 0 17.08984 -1.708984 4.394531 16.35742 0 0 17.08984 0 8.544922 14.64844 -1.708984 4.394531 16.35742 -1.708984 8.544922 14.64844 0 4.394531 16.35742 0 11.96289 11.96289 -1.708984 8.544922 14.64844 -1.708984 11.96289 11.96289 0 8.544922 14.64844 0 14.64844 8.544922 -1.708984 11.96289 11.96289 -1.708984 14.64844 8.544922 0 11.96289 11.96289 0 16.35742 -4.394531 -1.708984 16.35742 -4.394531 0 14.64844 -8.544922 -1.708984 14.64844 -8.544922 0 17.08984 0 -1.708984 17.08984 0 0 16.35742 -4.394531 -1.708984 16.35742 -4.394531 0 16.35742 4.394531 -1.708984 16.35742 4.394531 0 17.08984 0 -1.708984 17.08984 0 0 14.64844 8.544922 -1.708984 14.64844 8.544922 0 16.35742 4.394531 -1.708984 16.35742 4.394531 0 11.96289 -11.96289 -1.708984 14.64844 -8.544922 -1.708984 11.96289 -11.96289 0 14.64844 -8.544922 0 8.544922 -14.64844 -1.708984 11.96289 -11.96289 -1.708984 8.544922 -14.64844 0 11.96289 -11.96289 0 4.394531 -16.35742 -1.708984 8.544922 -14.64844 -1.708984 4.394531 -16.35742 0 8.544922 -14.64844 0 0 -17.08984 -1.708984 4.394531 -16.35742 -1.708984 0 -17.08984 0 4.394531 -16.35742 0 -11.96289 -11.96289 -1.708984 -11.96289 -11.96289 0 -14.64844 -8.544922 -1.708984 -14.64844 -8.544922 0 -8.544922 -14.64844 -1.708984 -8.544922 -14.64844 0 -11.96289 -11.96289 -1.708984 -11.96289 -11.96289 0 -4.394531 -16.35742 -1.708984 -4.394531 -16.35742 0 -8.544922 -14.64844 -1.708984 -8.544922 -14.64844 0 0 -17.08984 -1.708984 0 -17.08984 0 -4.394531 -16.35742 -1.708984 -4.394531 -16.35742 0 -16.35742 -4.394531 -1.708984 -14.64844 -8.544922 -1.708984 -16.35742 -4.394531 0 -14.64844 -8.544922 0 -17.08984 0 -1.708984 -16.35742 -4.394531 -1.708984 -17.08984 0 0 -16.35742 -4.394531 0 -16.35742 4.394531 -1.708984 -17.08984 0 -1.708984 -16.35742 4.394531 0 -17.08984 0 0 -14.64844 8.544922 -1.708984 -16.35742 4.394531 -1.708984 -14.64844 8.544922 0 -16.35742 4.394531 0 -4.394531 16.35742 -1.708984 -4.394531 16.35742 0 0 17.08984 -1.708984 0 17.08984 0 -8.544922 14.64844 -1.708984 -8.544922 14.64844 0 -4.394531 16.35742 -1.708984 -4.394531 16.35742 0 -11.96289 11.96289 -1.708984 -11.96289 11.96289 0 -8.544922 14.64844 -1.708984 -8.544922 14.64844 0 -14.64844 8.544922 -1.708984 -14.64844 8.544922 0 -11.96289 11.96289 -1.708984 -11.96289 11.96289 0 8.544922 -14.64844 -1.708984 10.00977 -13.91602 -5.859375 11.96289 -11.96289 -1.708984 11.96289 -11.96289 -5.859375 11.96289 -11.96289 -5.859375 14.89258 -8.544922 -5.859375 11.96289 -11.96289 -1.708984 14.64844 -8.544922 -1.708984 14.64844 -8.544922 -1.708984 14.89258 -8.544922 -5.859375 16.35742 -4.394531 -1.708984 16.35742 -4.394531 -5.859375 -11.96289 -11.96289 -1.708984 -14.64844 -8.544922 -1.708984 -11.96289 -11.96289 -5.859375 -14.89258 -8.544922 -5.859375 -14.89258 -8.544922 -5.859375 -14.64844 -8.544922 -1.708984 -16.35742 -4.394531 -5.859375 -16.35742 -4.394531 -1.708984 -16.35742 -4.394531 -1.708984 -17.08984 0 -1.708984 -16.35742 -4.394531 -5.859375 -17.08984 -1.708984 -5.859375 17.08984 0 -1.708984 16.35742 -4.394531 -1.708984 17.08984 -1.708984 -5.859375 16.35742 -4.394531 -5.859375 13.67187 10.98633 -5.859375 11.71875 12.93945 -5.859375 14.64844 8.544922 -1.708984 11.96289 11.96289 -1.708984 8.544922 14.64844 -1.708984 11.96289 11.96289 -1.708984 7.080078 15.625 -5.859375 11.71875 12.93945 -5.859375 7.080078 15.625 -5.859375 4.394531 16.35742 -5.859375 8.544922 14.64844 -1.708984 4.394531 16.35742 -1.708984 0 17.08984 -1.708984 4.394531 16.35742 -1.708984 0 17.08984 -5.859375 4.394531 16.35742 -5.859375 0 17.08984 -5.859375 -4.394531 16.35742 -5.859375 0 17.08984 -1.708984 -4.394531 16.35742 -1.708984 -8.544922 14.64844 -1.708984 -4.394531 16.35742 -1.708984 -7.080078 15.625 -5.859375 -4.394531 16.35742 -5.859375 -7.080078 15.625 -5.859375 -11.71875 12.93945 -5.859375 -8.544922 14.64844 -1.708984 -11.96289 11.96289 -1.708984 0 17.08984 -5.859375 4.394531 16.35742 -5.859375 0 18.79883 -4.394531 1.464844 18.79883 -4.394531 16.35742 -9.277344 -4.394531 17.08984 -7.8125 -4.394531 14.89258 -8.544922 -5.859375 16.35742 -4.394531 -5.859375 14.89258 -8.544922 -5.859375 11.96289 -11.96289 -5.859375 16.35742 -9.277344 -4.394531 15.38086 -10.74219 -4.394531 -16.35742 -9.277344 -4.394531 -15.38086 -10.74219 -4.394531 -14.89258 -8.544922 -5.859375 -11.96289 -11.96289 -5.859375 -14.89258 -8.544922 -5.859375 -16.35742 -4.394531 -5.859375 -16.35742 -9.277344 -4.394531 -17.08984 -7.8125 -4.394531 0 18.79883 -4.394531 -1.464844 18.79883 -4.394531 0 17.08984 -5.859375 -4.394531 16.35742 -5.859375 3.662109 20.26367 -2.197266 5.126953 21.72852 -3.173828 5.615234 20.26367 -0.9765625 6.103516 21.24024 -2.197266 2.929687 20.01953 -4.394531 4.882812 21.97266 -4.394531 3.662109 20.26367 -2.197266 5.126953 21.72852 -3.173828 5.615234 20.26367 -0.9765625 6.103516 21.24024 -2.197266 6.835937 20.01953 -0.7324219 7.080078 20.99609 -1.953125 20.99609 -0.9765625 -2.197266 22.46094 -2.441406 -3.173828 20.99609 -2.929687 -0.9765625 21.97266 -3.417969 -2.197266 20.75195 -0.2441406 -4.394531 22.70508 -2.197266 -4.394531 20.99609 -0.9765625 -2.197266 22.46094 -2.441406 -3.173828 20.99609 -2.929687 -0.9765625 21.97266 -3.417969 -2.197266 20.75195 -4.150391 -0.7324219 21.72852 -4.394531 -1.953125 13.18359 16.60156 -2.197266 15.13672 17.08984 -3.173828 14.64844 15.86914 -0.9765625 15.625 16.11328 -2.197266 12.20703 16.8457 -4.394531 15.13672 17.57813 -4.394531 13.18359 16.60156 -2.197266 15.13672 17.08984 -3.173828 14.64844 15.86914 -0.9765625 15.625 16.11328 -2.197266 15.625 14.89258 -0.7324219 16.35742 15.625 -1.953125 15.625 -13.42773 -2.197266 16.11328 -15.38086 -3.173828 14.89258 -15.13672 -0.9765625 15.13672 -15.86914 -2.197266 15.625 -12.45117 -4.394531 16.60156 -15.38086 -4.394531 15.625 -13.42773 -2.197266 16.11328 -15.38086 -3.173828 14.89258 -15.13672 -0.9765625 15.13672 -15.86914 -2.197266 13.91602 -15.86914 -0.7324219 14.64844 -16.60156 -1.953125 -1.953125 -21.24024 -2.197266 -3.417969 -22.70508 -3.173828 -3.90625 -21.24024 -0.9765625 -4.394531 -22.2168 -2.197266 -1.220703 -20.99609 -4.394531 -3.173828 -22.94922 -4.394531 -1.953125 -21.24024 -2.197266 -3.417969 -22.70508 -3.173828 -3.90625 -21.24024 -0.9765625 -4.394531 -22.2168 -2.197266 -5.126953 -20.99609 -0.7324219 -5.371094 -21.97266 -1.953125 -11.47461 -17.57813 -2.197266 -13.42773 -18.06641 -3.173828 -12.93945 -16.8457 -0.9765625 -13.91602 -17.08984 -2.197266 -10.49805 -17.82227 -4.394531 -13.42773 -18.55469 -4.394531 -11.47461 -17.57813 -2.197266 -13.42773 -18.06641 -3.173828 -12.93945 -16.8457 -0.9765625 -13.91602 -17.08984 -2.197266 -13.91602 -15.86914 -0.7324219 -14.64844 -16.60156 -1.953125 7.8125 -19.53125 -2.197266 7.324219 -21.72852 -3.173828 6.103516 -20.75195 -0.9765625 6.103516 -21.72852 -2.197266 8.300782 -19.04297 -4.394531 7.568359 -21.72852 -4.394531 7.8125 -19.53125 -2.197266 7.324219 -21.72852 -3.173828 6.103516 -20.75195 -0.9765625 6.103516 -21.72852 -2.197266 5.126953 -20.99609 -0.7324219 5.371094 -21.97266 -1.953125 -19.28711 -6.835937 -2.197266 -21.48438 -6.347656 -3.173828 -20.50781 -5.126953 -0.9765625 -21.48438 -5.126953 -2.197266 -18.79883 -7.324219 -4.394531 -21.48438 -6.591797 -4.394531 -19.28711 -6.835937 -2.197266 -21.48438 -6.347656 -3.173828 -20.50781 -5.126953 -0.9765625 -21.48438 -5.126953 -2.197266 -20.75195 -4.150391 -0.7324219 -21.72852 -4.394531 -1.953125 -17.33399 12.45117 -2.197266 -17.82227 14.4043 -3.173828 -16.60156 13.91602 -0.9765625 -16.8457 14.89258 -2.197266 -17.33399 11.47461 -4.394531 -18.31055 14.4043 -4.394531 -17.33399 12.45117 -2.197266 -17.82227 14.4043 -3.173828 -16.60156 13.91602 -0.9765625 -16.8457 14.89258 -2.197266 -15.625 14.89258 -0.7324219 -16.35742 15.625 -1.953125 -9.521485 18.55469 -2.197266 -9.033204 20.75195 -3.173828 -7.8125 19.77539 -0.9765625 -7.8125 20.75195 -2.197266 -10.00977 18.06641 -4.394531 -9.277344 20.75195 -4.394531 -9.521485 18.55469 -2.197266 -9.033204 20.75195 -3.173828 -7.8125 19.77539 -0.9765625 -7.8125 20.75195 -2.197266 -6.835937 20.01953 -0.7324219 -7.080078 20.99609 -1.953125 -20.99609 2.929687 -2.197266 -22.46094 4.394531 -3.173828 -20.99609 4.882812 -0.9765625 -21.97266 5.371094 -2.197266 -20.75195 2.197266 -4.394531 -22.70508 4.150391 -4.394531 -20.99609 2.929687 -2.197266 -22.46094 4.394531 -3.173828 -20.99609 4.882812 -0.9765625 -21.97266 5.371094 -2.197266 -20.75195 6.103516 -0.7324219 -21.72852 6.347656 -1.953125 7.8125 19.77539 -0.9765625 6.835937 20.01953 -0.7324219 7.8125 20.75195 -2.197266 7.080078 20.99609 -1.953125 10.00977 18.06641 -4.394531 9.521485 18.55469 -2.197266 9.277344 20.75195 -4.394531 9.033204 20.75195 -3.173828 9.521485 18.55469 -2.197266 7.8125 19.77539 -0.9765625 9.033204 20.75195 -3.173828 7.8125 20.75195 -2.197266 20.50781 -5.126953 -0.9765625 20.75195 -4.150391 -0.7324219 21.48438 -5.126953 -2.197266 21.72852 -4.394531 -1.953125 18.79883 -7.324219 -4.394531 19.28711 -6.835937 -2.197266 21.48438 -6.591797 -4.394531 21.48438 -6.347656 -3.173828 19.28711 -6.835937 -2.197266 20.50781 -5.126953 -0.9765625 21.48438 -6.347656 -3.173828 21.48438 -5.126953 -2.197266 16.60156 13.91602 -0.9765625 15.625 14.89258 -0.7324219 16.8457 14.89258 -2.197266 16.35742 15.625 -1.953125 17.33399 11.47461 -4.394531 17.33399 12.45117 -2.197266 18.31055 14.4043 -4.394531 17.82227 14.4043 -3.173828 17.33399 12.45117 -2.197266 16.60156 13.91602 -0.9765625 17.82227 14.4043 -3.173828 16.8457 14.89258 -2.197266 12.93945 -16.8457 -0.9765625 13.91602 -15.86914 -0.7324219 13.91602 -17.08984 -2.197266 14.64844 -16.60156 -1.953125 10.49805 -17.82227 -4.394531 11.47461 -17.57813 -2.197266 13.42773 -18.55469 -4.394531 13.42773 -18.06641 -3.173828 11.47461 -17.57813 -2.197266 12.93945 -16.8457 -0.9765625 13.42773 -18.06641 -3.173828 13.91602 -17.08984 -2.197266 -6.103516 -20.75195 -0.9765625 -5.126953 -20.99609 -0.7324219 -6.103516 -21.72852 -2.197266 -5.371094 -21.97266 -1.953125 -8.300782 -19.04297 -4.394531 -7.8125 -19.53125 -2.197266 -7.568359 -21.72852 -4.394531 -7.324219 -21.72852 -3.173828 -7.8125 -19.53125 -2.197266 -6.103516 -20.75195 -0.9765625 -7.324219 -21.72852 -3.173828 -6.103516 -21.72852 -2.197266 -14.89258 -15.13672 -0.9765625 -13.91602 -15.86914 -0.7324219 -15.13672 -15.86914 -2.197266 -14.64844 -16.60156 -1.953125 -15.625 -12.45117 -4.394531 -15.625 -13.42773 -2.197266 -16.60156 -15.38086 -4.394531 -16.11328 -15.38086 -3.173828 -15.625 -13.42773 -2.197266 -14.89258 -15.13672 -0.9765625 -16.11328 -15.38086 -3.173828 -15.13672 -15.86914 -2.197266 3.90625 -21.24024 -0.9765625 5.126953 -20.99609 -0.7324219 4.394531 -22.2168 -2.197266 5.371094 -21.97266 -1.953125 1.220703 -20.99609 -4.394531 1.953125 -21.24024 -2.197266 3.173828 -22.94922 -4.394531 3.417969 -22.70508 -3.173828 1.953125 -21.24024 -2.197266 3.90625 -21.24024 -0.9765625 3.417969 -22.70508 -3.173828 4.394531 -22.2168 -2.197266 -20.99609 -2.929687 -0.9765625 -20.75195 -4.150391 -0.7324219 -21.97266 -3.417969 -2.197266 -21.72852 -4.394531 -1.953125 -20.75195 -0.2441406 -4.394531 -20.99609 -0.9765625 -2.197266 -22.70508 -2.197266 -4.394531 -22.46094 -2.441406 -3.173828 -20.99609 -0.9765625 -2.197266 -20.99609 -2.929687 -0.9765625 -22.46094 -2.441406 -3.173828 -21.97266 -3.417969 -2.197266 -14.64844 15.86914 -0.9765625 -15.625 14.89258 -0.7324219 -15.625 16.11328 -2.197266 -16.35742 15.625 -1.953125 -12.20703 16.8457 -4.394531 -13.18359 16.60156 -2.197266 -15.13672 17.57813 -4.394531 -15.13672 17.08984 -3.173828 -13.18359 16.60156 -2.197266 -14.64844 15.86914 -0.9765625 -15.13672 17.08984 -3.173828 -15.625 16.11328 -2.197266 -5.615234 20.26367 -0.9765625 -6.835937 20.01953 -0.7324219 -6.103516 21.24024 -2.197266 -7.080078 20.99609 -1.953125 -2.929687 20.01953 -4.394531 -3.662109 20.26367 -2.197266 -4.882812 21.97266 -4.394531 -5.126953 21.72852 -3.173828 -3.662109 20.26367 -2.197266 -5.615234 20.26367 -0.9765625 -5.126953 21.72852 -3.173828 -6.103516 21.24024 -2.197266 -20.50781 7.080078 -0.9765625 -20.75195 6.103516 -0.7324219 -21.48438 7.080078 -2.197266 -21.72852 6.347656 -1.953125 -18.79883 9.277344 -4.394531 -19.28711 8.789063 -2.197266 -21.48438 8.544922 -4.394531 -21.48438 8.300782 -3.173828 -19.28711 8.789063 -2.197266 -20.50781 7.080078 -0.9765625 -21.48438 8.300782 -3.173828 -21.48438 7.080078 -2.197266 16.8457 -9.765625 -4.150391 15.86914 -10.98633 -4.150391 16.35742 -9.521485 -1.708984 14.89258 -11.71875 -1.708984 16.35742 -9.521485 -1.708984 14.89258 -11.71875 -1.708984 16.11328 -9.277344 0 12.93945 -13.18359 0 2.685547 19.04297 -1.220703 4.882812 18.06641 0.2441406 2.685547 18.79883 -1.708984 4.882812 17.82227 0 2.441406 20.01953 -3.662109 2.685547 19.04297 -1.220703 2.929687 20.01953 -4.394531 2.685547 18.79883 -1.708984 10.25391 17.82227 -3.662109 10.00977 18.06641 -4.394531 9.765625 17.08984 -1.220703 9.521485 16.8457 -1.708984 9.765625 17.08984 -1.220703 9.521485 16.8457 -1.708984 7.324219 17.33399 0.2441406 7.324219 17.08984 0 4.882812 18.06641 0.2441406 7.324219 17.33399 0.2441406 4.882812 17.82227 0 7.324219 17.08984 0 17.82227 9.033204 -1.220703 18.06641 6.591797 0.2441406 17.57813 8.789063 -1.708984 17.82227 6.591797 0 18.55469 9.521485 -3.662109 17.82227 9.033204 -1.220703 18.79883 9.277344 -4.394531 17.57813 8.789063 -1.708984 20.75195 1.708984 -3.662109 20.75195 2.197266 -4.394531 19.53125 1.953125 -1.220703 19.53125 1.953125 -1.708984 19.53125 1.953125 -1.220703 19.53125 1.953125 -1.708984 18.79883 4.150391 0.2441406 18.55469 4.150391 0 18.06641 6.591797 0.2441406 18.79883 4.150391 0.2441406 17.82227 6.591797 0 18.55469 4.150391 0 19.53125 0 -1.220703 18.79883 -2.197266 0.2441406 19.53125 0 -1.708984 18.55469 -2.197266 0 20.75195 0 -3.662109 19.53125 0 -1.220703 20.75195 -0.2441406 -4.394531 19.53125 0 -1.708984 18.55469 -7.568359 -3.662109 18.79883 -7.324219 -4.394531 17.82227 -7.080078 -1.708984 17.57813 -6.835937 -1.708984 17.82227 -7.080078 -1.708984 17.57813 -6.835937 -1.708984 18.06641 -4.638672 0.2441406 17.82227 -4.638672 0 18.79883 -2.197266 0.2441406 18.06641 -4.638672 0.2441406 18.55469 -2.197266 0 17.82227 -4.638672 0 11.47461 15.86914 -1.220703 12.93945 14.16016 0.2441406 11.47461 15.86914 -1.708984 12.93945 13.91602 0 11.96289 16.8457 -3.662109 11.47461 15.86914 -1.220703 12.20703 16.8457 -4.394531 11.47461 15.86914 -1.708984 17.57813 11.23047 -3.662109 17.33399 11.47461 -4.394531 16.60156 10.74219 -1.220703 16.60156 10.74219 -1.708984 16.60156 10.74219 -1.220703 16.60156 10.74219 -1.708984 14.89258 12.20703 0.2441406 14.64844 12.20703 0 12.93945 14.16016 0.2441406 14.89258 12.20703 0.2441406 12.93945 13.91602 0 14.64844 12.20703 0 14.89258 -11.71875 -1.220703 13.18359 -13.18359 0.2441406 14.89258 -11.71875 -1.708984 12.93945 -13.18359 0 15.86914 -12.20703 -3.662109 14.89258 -11.71875 -1.220703 15.625 -12.45117 -4.394531 14.89258 -11.71875 -1.708984 10.25391 -17.82227 -3.662109 10.49805 -17.82227 -4.394531 9.765625 -16.8457 -1.220703 9.765625 -16.8457 -1.708984 9.765625 -16.8457 -1.220703 9.765625 -16.8457 -1.708984 11.23047 -15.13672 0.2441406 11.23047 -14.89258 0 13.18359 -13.18359 0.2441406 11.23047 -15.13672 0.2441406 12.93945 -13.18359 0 11.23047 -14.89258 0 -0.9765625 -19.77539 -1.220703 -3.173828 -19.04297 0.2441406 -0.9765625 -19.77539 -1.708984 -3.173828 -18.79883 0 -0.7324219 -20.99609 -3.662109 -0.9765625 -19.77539 -1.220703 -1.220703 -20.99609 -4.394531 -0.9765625 -19.77539 -1.708984 -8.544922 -18.79883 -3.662109 -8.300782 -19.04297 -4.394531 -8.056641 -18.06641 -1.220703 -7.8125 -18.06641 -1.708984 -8.056641 -18.06641 -1.220703 -7.8125 -18.06641 -1.708984 -5.615234 -18.31055 0.2441406 -5.615234 -18.06641 0 -3.173828 -19.04297 0.2441406 -5.615234 -18.31055 0.2441406 -3.173828 -18.79883 0 -5.615234 -18.06641 0 -9.765625 -16.8457 -1.220703 -11.23047 -15.13672 0.2441406 -9.765625 -16.8457 -1.708984 -11.23047 -14.89258 0 -10.25391 -17.82227 -3.662109 -9.765625 -16.8457 -1.220703 -10.49805 -17.82227 -4.394531 -9.765625 -16.8457 -1.708984 -15.86914 -12.20703 -3.662109 -15.625 -12.45117 -4.394531 -14.89258 -11.71875 -1.220703 -14.89258 -11.71875 -1.708984 -14.89258 -11.71875 -1.220703 -14.89258 -11.71875 -1.708984 -13.18359 -13.18359 0.2441406 -12.93945 -13.18359 0 -11.23047 -15.13672 0.2441406 -13.18359 -13.18359 0.2441406 -11.23047 -14.89258 0 -12.93945 -13.18359 0 8.056641 -18.06641 -1.220703 5.615234 -18.31055 0.2441406 7.8125 -18.06641 -1.708984 5.615234 -18.06641 0 8.544922 -18.79883 -3.662109 8.056641 -18.06641 -1.220703 8.300782 -19.04297 -4.394531 7.8125 -18.06641 -1.708984 0.7324219 -20.99609 -3.662109 1.220703 -20.99609 -4.394531 0.9765625 -19.77539 -1.220703 0.9765625 -19.77539 -1.708984 0.9765625 -19.77539 -1.220703 0.9765625 -19.77539 -1.708984 3.173828 -19.04297 0.2441406 3.173828 -18.79883 0 5.615234 -18.31055 0.2441406 3.173828 -19.04297 0.2441406 5.615234 -18.06641 0 3.173828 -18.79883 0 -17.82227 -7.080078 -1.220703 -18.06641 -4.638672 0.2441406 -17.57813 -6.835937 -1.708984 -17.82227 -4.638672 0 -18.55469 -7.568359 -3.662109 -17.82227 -7.080078 -1.220703 -18.79883 -7.324219 -4.394531 -17.57813 -6.835937 -1.708984 -20.75195 0 -3.662109 -20.75195 -0.2441406 -4.394531 -19.53125 0 -1.220703 -19.53125 0 -1.708984 -19.53125 0 -1.220703 -19.53125 0 -1.708984 -18.79883 -2.197266 0.2441406 -18.55469 -2.197266 0 -18.06641 -4.638672 0.2441406 -18.79883 -2.197266 0.2441406 -17.82227 -4.638672 0 -18.55469 -2.197266 0 -16.60156 10.74219 -1.220703 -14.89258 12.20703 0.2441406 -16.60156 10.74219 -1.708984 -14.64844 12.20703 0 -17.57813 11.23047 -3.662109 -16.60156 10.74219 -1.220703 -17.33399 11.47461 -4.394531 -16.60156 10.74219 -1.708984 -11.96289 16.8457 -3.662109 -12.20703 16.8457 -4.394531 -11.47461 15.86914 -1.220703 -11.47461 15.86914 -1.708984 -11.47461 15.86914 -1.220703 -11.47461 15.86914 -1.708984 -12.93945 14.16016 0.2441406 -12.93945 13.91602 0 -14.89258 12.20703 0.2441406 -12.93945 14.16016 0.2441406 -14.64844 12.20703 0 -12.93945 13.91602 0 -9.765625 17.08984 -1.220703 -7.324219 17.33399 0.2441406 -9.521485 16.8457 -1.708984 -7.324219 17.08984 0 -10.25391 17.82227 -3.662109 -9.765625 17.08984 -1.220703 -10.00977 18.06641 -4.394531 -9.521485 16.8457 -1.708984 -2.441406 20.01953 -3.662109 -2.929687 20.01953 -4.394531 -2.685547 19.04297 -1.220703 -2.685547 18.79883 -1.708984 -2.685547 19.04297 -1.220703 -2.685547 18.79883 -1.708984 -4.882812 18.06641 0.2441406 -4.882812 17.82227 0 -7.324219 17.33399 0.2441406 -4.882812 18.06641 0.2441406 -7.324219 17.08984 0 -4.882812 17.82227 0 -19.53125 1.953125 -1.220703 -18.79883 4.150391 0.2441406 -19.53125 1.953125 -1.708984 -18.55469 4.150391 0 -20.75195 1.708984 -3.662109 -19.53125 1.953125 -1.220703 -20.75195 2.197266 -4.394531 -19.53125 1.953125 -1.708984 -18.55469 9.521485 -3.662109 -18.79883 9.277344 -4.394531 -17.82227 9.033204 -1.220703 -17.57813 8.789063 -1.708984 -17.82227 9.033204 -1.220703 -17.57813 8.789063 -1.708984 -18.06641 6.591797 0.2441406 -17.82227 6.591797 0 -18.79883 4.150391 0.2441406 -18.06641 6.591797 0.2441406 -18.55469 4.150391 0 -17.82227 6.591797 0 0 7.568359 0 0 7.8125 -0.2441406 1.953125 7.324219 0 1.953125 7.568359 -0.2441406 0 12.45117 -5.615234 1.953125 12.20703 -5.615234 0 12.45117 -0.2441406 1.953125 12.20703 -0.2441406 0 -7.568359 0 0 -7.8125 -0.2441406 -1.953125 -7.324219 0 -1.953125 -7.568359 -0.2441406 0 -12.45117 -5.615234 -1.953125 -12.20703 -5.615234 0 -12.45117 -0.2441406 -1.953125 -12.20703 -0.2441406 0 7.568359 0 -1.953125 7.324219 0 0 7.8125 -0.2441406 -1.953125 7.568359 -0.2441406 0 12.45117 -5.615234 0 12.45117 -0.2441406 -1.953125 12.20703 -5.615234 -1.953125 12.20703 -0.2441406 0 -7.568359 0 1.953125 -7.324219 0 0 -7.8125 -0.2441406 1.953125 -7.568359 -0.2441406 0 -12.45117 -5.615234 0 -12.45117 -0.2441406 1.953125 -12.20703 -5.615234 1.953125 -12.20703 -0.2441406 5.615234 0 -2.197266 5.615234 0 0 5.126953 2.197266 -2.197266 5.126953 2.197266 0 5.126953 2.197266 -2.197266 5.126953 2.197266 0 3.90625 4.150391 -2.197266 3.90625 4.150391 0 3.90625 4.150391 -2.197266 3.90625 4.150391 0 1.953125 5.371094 -2.197266 1.953125 5.371094 0 -5.615234 0 -2.197266 -5.615234 0 0 -5.126953 -2.197266 -2.197266 -5.126953 -2.197266 0 -5.126953 -2.197266 -2.197266 -5.126953 -2.197266 0 -3.90625 -4.150391 -2.197266 -3.90625 -4.150391 0 -3.90625 -4.150391 -2.197266 -3.90625 -4.150391 0 -1.953125 -5.371094 -2.197266 -1.953125 -5.371094 0 -5.615234 0 -2.197266 -5.126953 2.197266 -2.197266 -5.615234 0 0 -5.126953 2.197266 0 -5.126953 2.197266 -2.197266 -3.90625 4.150391 -2.197266 -5.126953 2.197266 0 -3.90625 4.150391 0 -3.90625 4.150391 -2.197266 -1.953125 5.371094 -2.197266 -3.90625 4.150391 0 -1.953125 5.371094 0 5.615234 0 -2.197266 5.126953 -2.197266 -2.197266 5.615234 0 0 5.126953 -2.197266 0 5.126953 -2.197266 -2.197266 3.90625 -4.150391 -2.197266 5.126953 -2.197266 0 3.90625 -4.150391 0 3.90625 -4.150391 -2.197266 1.953125 -5.371094 -2.197266 3.90625 -4.150391 0 1.953125 -5.371094 0 5.859375 5.126953 -5.615234 0 8.789063 -5.615234 5.615234 9.765625 -5.615234 3.90625 10.74219 -5.615234 0 11.96289 -5.615234 2.197266 11.71875 -5.615234 0 11.47461 -5.615234 2.441406 10.98633 -5.615234 2.685547 12.20703 -5.615234 2.197266 11.71875 -5.615234 0 12.45117 -5.615234 0 11.96289 -5.615234 5.859375 5.126953 -5.859375 5.615234 9.765625 -5.859375 0 8.789063 -5.859375 3.90625 10.74219 -5.859375 7.324219 2.929687 -5.859375 12.45117 0 -5.859375 11.71875 4.150391 -5.859375 12.20703 1.953125 -5.859375 0 11.96289 -5.859375 0 11.47461 -5.859375 2.197266 11.71875 -5.859375 2.441406 10.98633 -5.859375 2.685547 12.20703 -5.859375 0 12.45117 -5.859375 2.197266 11.71875 -5.859375 0 11.96289 -5.859375 9.521485 4.150391 -5.615234 10.00977 5.126953 -5.615234 11.71875 4.150391 -5.615234 10.74219 6.103516 -5.615234 9.521485 4.150391 -5.859375 11.71875 4.150391 -5.859375 10.00977 5.126953 -5.859375 10.74219 6.103516 -5.859375 -9.277344 -7.324219 -5.859375 -9.521485 -8.056641 -5.859375 -9.277344 -7.324219 -5.615234 -9.521485 -8.056641 -5.615234 -5.859375 -5.126953 -5.615234 0 -8.789063 -5.615234 -5.615234 -9.765625 -5.615234 -3.90625 -10.74219 -5.615234 0 -11.96289 -5.615234 -2.197266 -11.71875 -5.615234 0 -11.47461 -5.615234 -2.441406 -10.98633 -5.615234 -2.685547 -12.20703 -5.615234 -2.197266 -11.71875 -5.615234 0 -12.45117 -5.615234 0 -11.96289 -5.615234 -5.859375 -5.126953 -5.859375 -5.615234 -9.765625 -5.859375 0 -8.789063 -5.859375 -3.90625 -10.74219 -5.859375 0 -11.96289 -5.859375 0 -11.47461 -5.859375 -2.197266 -11.71875 -5.859375 -2.441406 -10.98633 -5.859375 -2.685547 -12.20703 -5.859375 0 -12.45117 -5.859375 -2.197266 -11.71875 -5.859375 0 -11.96289 -5.859375 -9.521485 -4.150391 -5.615234 -10.00977 -5.126953 -5.615234 -11.71875 -4.150391 -5.615234 -10.74219 -6.103516 -5.615234 -9.521485 -4.150391 -5.859375 -11.71875 -4.150391 -5.859375 -10.00977 -5.126953 -5.859375 -10.74219 -6.103516 -5.859375 -5.859375 5.126953 -5.615234 -5.615234 9.765625 -5.615234 0 8.789063 -5.615234 -3.90625 10.74219 -5.615234 -7.324219 2.929687 -5.615234 -12.45117 0 -5.615234 -11.71875 4.150391 -5.615234 -12.20703 1.953125 -5.615234 0 11.96289 -5.615234 0 11.47461 -5.615234 -2.197266 11.71875 -5.615234 -2.441406 10.98633 -5.615234 -2.685547 12.20703 -5.615234 0 12.45117 -5.615234 -2.197266 11.71875 -5.615234 0 11.96289 -5.615234 -5.859375 5.126953 -5.859375 0 8.789063 -5.859375 -5.615234 9.765625 -5.859375 -3.90625 10.74219 -5.859375 0 11.96289 -5.859375 -2.197266 11.71875 -5.859375 0 11.47461 -5.859375 -2.441406 10.98633 -5.859375 -2.685547 12.20703 -5.859375 -2.197266 11.71875 -5.859375 0 12.45117 -5.859375 0 11.96289 -5.859375 -9.521485 4.150391 -5.615234 -11.71875 4.150391 -5.615234 -10.00977 5.126953 -5.615234 -10.74219 6.103516 -5.615234 -9.521485 4.150391 -5.859375 -10.00977 5.126953 -5.859375 -11.71875 4.150391 -5.859375 -10.74219 6.103516 -5.859375 5.859375 -5.126953 -5.615234 5.615234 -9.765625 -5.615234 0 -8.789063 -5.615234 3.90625 -10.74219 -5.615234 0 -11.96289 -5.615234 0 -11.47461 -5.615234 2.197266 -11.71875 -5.615234 2.441406 -10.98633 -5.615234 2.685547 -12.20703 -5.615234 0 -12.45117 -5.615234 2.197266 -11.71875 -5.615234 0 -11.96289 -5.615234 5.859375 -5.126953 -5.859375 0 -8.789063 -5.859375 5.615234 -9.765625 -5.859375 3.90625 -10.74219 -5.859375 0 -11.96289 -5.859375 2.197266 -11.71875 -5.859375 0 -11.47461 -5.859375 2.441406 -10.98633 -5.859375 2.685547 -12.20703 -5.859375 2.197266 -11.71875 -5.859375 0 -12.45117 -5.859375 0 -11.96289 -5.859375 9.521485 -4.150391 -5.615234 11.71875 -4.150391 -5.615234 10.00977 -5.126953 -5.615234 10.74219 -6.103516 -5.615234 9.521485 -4.150391 -5.859375 10.00977 -5.126953 -5.859375 11.71875 -4.150391 -5.859375 10.74219 -6.103516 -5.859375 12.45117 0 -5.615234 12.20703 -1.953125 -5.615234 7.324219 -2.929687 -5.615234 11.71875 -4.150391 -5.615234 7.324219 -2.929687 -5.859375 11.71875 -4.150391 -5.859375 12.45117 0 -5.859375 12.20703 -1.953125 -5.859375 -7.324219 -2.929687 -5.615234 -11.71875 -4.150391 -5.615234 -12.45117 0 -5.615234 -12.20703 -1.953125 -5.615234 -12.45117 0 -5.859375 -12.20703 -1.953125 -5.859375 -7.324219 -2.929687 -5.859375 -11.71875 -4.150391 -5.859375 -7.324219 2.929687 -5.859375 -11.71875 4.150391 -5.859375 -12.45117 0 -5.859375 -12.20703 1.953125 -5.859375 7.324219 2.929687 -5.615234 11.71875 4.150391 -5.615234 12.45117 0 -5.615234 12.20703 1.953125 -5.615234 6.103516 10.74219 -5.859375 4.150391 11.71875 -5.859375 6.103516 10.74219 -5.615234 4.150391 11.71875 -5.615234 8.056641 9.521485 -5.859375 6.103516 10.74219 -5.859375 8.056641 9.521485 -5.615234 6.103516 10.74219 -5.615234 9.521485 8.056641 -5.859375 8.056641 9.521485 -5.859375 9.521485 8.056641 -5.615234 8.056641 9.521485 -5.615234 4.150391 11.71875 -5.859375 2.685547 12.20703 -5.859375 4.150391 11.71875 -5.615234 2.685547 12.20703 -5.615234 1.953125 12.20703 -0.2441406 2.685547 12.20703 -5.615234 0 12.45117 -0.2441406 0 12.45117 -5.615234 6.103516 10.74219 -0.2441406 6.103516 10.74219 -5.615234 4.150391 11.71875 -0.2441406 4.150391 11.71875 -5.615234 8.056641 9.521485 -0.2441406 8.056641 9.521485 -5.615234 6.103516 10.74219 -0.2441406 6.103516 10.74219 -5.615234 10.74219 6.103516 -0.2441406 10.74219 6.103516 -5.615234 9.521485 8.056641 -0.2441406 9.521485 8.056641 -5.615234 11.71875 4.150391 -0.2441406 11.71875 4.150391 -5.615234 10.74219 6.103516 -0.2441406 10.74219 6.103516 -5.615234 12.45117 0 -0.2441406 12.45117 0 -5.615234 12.20703 2.197266 -0.2441406 12.20703 1.953125 -5.615234 12.20703 2.197266 -0.2441406 12.20703 1.953125 -5.615234 11.71875 4.150391 -0.2441406 11.71875 4.150391 -5.615234 9.521485 8.056641 -0.2441406 9.521485 8.056641 -5.615234 8.056641 9.521485 -0.2441406 8.056641 9.521485 -5.615234 4.150391 11.71875 -0.2441406 4.150391 11.71875 -5.615234 1.953125 12.20703 -0.2441406 2.685547 12.20703 -5.615234 -6.103516 -10.74219 -5.859375 -4.150391 -11.71875 -5.859375 -6.103516 -10.74219 -5.615234 -4.150391 -11.71875 -5.615234 -8.056641 -9.521485 -5.859375 -6.103516 -10.74219 -5.859375 -8.056641 -9.521485 -5.615234 -6.103516 -10.74219 -5.615234 -9.521485 -8.056641 -5.859375 -8.056641 -9.521485 -5.859375 -9.521485 -8.056641 -5.615234 -8.056641 -9.521485 -5.615234 -4.150391 -11.71875 -5.859375 -2.685547 -12.20703 -5.859375 -4.150391 -11.71875 -5.615234 -2.685547 -12.20703 -5.615234 -1.953125 -12.20703 -0.2441406 -2.685547 -12.20703 -5.615234 0 -12.45117 -0.2441406 0 -12.45117 -5.615234 -6.103516 -10.74219 -0.2441406 -6.103516 -10.74219 -5.615234 -4.150391 -11.71875 -0.2441406 -4.150391 -11.71875 -5.615234 -8.056641 -9.521485 -0.2441406 -8.056641 -9.521485 -5.615234 -6.103516 -10.74219 -0.2441406 -6.103516 -10.74219 -5.615234 -10.74219 -6.103516 -0.2441406 -10.74219 -6.103516 -5.615234 -9.521485 -8.056641 -0.2441406 -9.521485 -8.056641 -5.615234 -11.71875 -4.150391 -0.2441406 -11.71875 -4.150391 -5.615234 -10.74219 -6.103516 -0.2441406 -10.74219 -6.103516 -5.615234 -12.45117 0 -0.2441406 -12.45117 0 -5.615234 -12.20703 -2.197266 -0.2441406 -12.20703 -1.953125 -5.615234 -12.20703 -2.197266 -0.2441406 -12.20703 -1.953125 -5.615234 -11.71875 -4.150391 -0.2441406 -11.71875 -4.150391 -5.615234 -9.521485 -8.056641 -0.2441406 -9.521485 -8.056641 -5.615234 -8.056641 -9.521485 -0.2441406 -8.056641 -9.521485 -5.615234 -4.150391 -11.71875 -0.2441406 -4.150391 -11.71875 -5.615234 -1.953125 -12.20703 -0.2441406 -2.685547 -12.20703 -5.615234 -6.103516 10.74219 -5.859375 -6.103516 10.74219 -5.615234 -4.150391 11.71875 -5.859375 -4.150391 11.71875 -5.615234 -8.056641 9.521485 -5.859375 -8.056641 9.521485 -5.615234 -6.103516 10.74219 -5.859375 -6.103516 10.74219 -5.615234 -9.521485 8.056641 -5.859375 -9.521485 8.056641 -5.615234 -8.056641 9.521485 -5.859375 -8.056641 9.521485 -5.615234 -4.150391 11.71875 -5.859375 -4.150391 11.71875 -5.615234 -2.685547 12.20703 -5.859375 -2.685547 12.20703 -5.615234 -1.953125 12.20703 -0.2441406 0 12.45117 -0.2441406 -2.685547 12.20703 -5.615234 0 12.45117 -5.615234 -6.103516 10.74219 -0.2441406 -4.150391 11.71875 -0.2441406 -6.103516 10.74219 -5.615234 -4.150391 11.71875 -5.615234 -8.056641 9.521485 -0.2441406 -6.103516 10.74219 -0.2441406 -8.056641 9.521485 -5.615234 -6.103516 10.74219 -5.615234 -10.74219 6.103516 -0.2441406 -9.521485 8.056641 -0.2441406 -10.74219 6.103516 -5.615234 -9.521485 8.056641 -5.615234 -11.71875 4.150391 -0.2441406 -10.74219 6.103516 -0.2441406 -11.71875 4.150391 -5.615234 -10.74219 6.103516 -5.615234 -12.45117 0 -0.2441406 -12.20703 2.197266 -0.2441406 -12.45117 0 -5.615234 -12.20703 1.953125 -5.615234 -12.20703 2.197266 -0.2441406 -11.71875 4.150391 -0.2441406 -12.20703 1.953125 -5.615234 -11.71875 4.150391 -5.615234 -9.521485 8.056641 -0.2441406 -8.056641 9.521485 -0.2441406 -9.521485 8.056641 -5.615234 -8.056641 9.521485 -5.615234 -4.150391 11.71875 -0.2441406 -1.953125 12.20703 -0.2441406 -4.150391 11.71875 -5.615234 -2.685547 12.20703 -5.615234 6.103516 -10.74219 -5.859375 6.103516 -10.74219 -5.615234 4.150391 -11.71875 -5.859375 4.150391 -11.71875 -5.615234 8.056641 -9.521485 -5.859375 8.056641 -9.521485 -5.615234 6.103516 -10.74219 -5.859375 6.103516 -10.74219 -5.615234 9.521485 -8.056641 -5.859375 9.521485 -8.056641 -5.615234 8.056641 -9.521485 -5.859375 8.056641 -9.521485 -5.615234 4.150391 -11.71875 -5.859375 4.150391 -11.71875 -5.615234 2.685547 -12.20703 -5.859375 2.685547 -12.20703 -5.615234 1.953125 -12.20703 -0.2441406 0 -12.45117 -0.2441406 2.685547 -12.20703 -5.615234 0 -12.45117 -5.615234 6.103516 -10.74219 -0.2441406 4.150391 -11.71875 -0.2441406 6.103516 -10.74219 -5.615234 4.150391 -11.71875 -5.615234 8.056641 -9.521485 -0.2441406 6.103516 -10.74219 -0.2441406 8.056641 -9.521485 -5.615234 6.103516 -10.74219 -5.615234 10.74219 -6.103516 -0.2441406 9.521485 -8.056641 -0.2441406 10.74219 -6.103516 -5.615234 9.521485 -8.056641 -5.615234 11.71875 -4.150391 -0.2441406 10.74219 -6.103516 -0.2441406 11.71875 -4.150391 -5.615234 10.74219 -6.103516 -5.615234 12.45117 0 -0.2441406 12.20703 -2.197266 -0.2441406 12.45117 0 -5.615234 12.20703 -1.953125 -5.615234 12.20703 -2.197266 -0.2441406 11.71875 -4.150391 -0.2441406 12.20703 -1.953125 -5.615234 11.71875 -4.150391 -5.615234 9.521485 -8.056641 -0.2441406 8.056641 -9.521485 -0.2441406 9.521485 -8.056641 -5.615234 8.056641 -9.521485 -5.615234 4.150391 -11.71875 -0.2441406 1.953125 -12.20703 -0.2441406 4.150391 -11.71875 -5.615234 2.685547 -12.20703 -5.615234 1.464844 3.173828 -2.197266 0 3.417969 -2.197266 1.464844 3.173828 -0.2441406 0 3.417969 -0.2441406 2.441406 2.441406 -2.197266 1.464844 3.173828 -2.197266 2.441406 2.441406 -0.2441406 1.464844 3.173828 -0.2441406 3.173828 1.464844 -2.197266 2.441406 2.441406 -2.197266 3.173828 1.464844 -0.2441406 2.441406 2.441406 -0.2441406 3.417969 0 -2.197266 3.173828 1.464844 -2.197266 3.417969 0 -0.2441406 3.173828 1.464844 -0.2441406 -1.464844 -3.173828 -2.197266 0 -3.417969 -2.197266 -1.464844 -3.173828 -0.2441406 0 -3.417969 -0.2441406 -2.441406 -2.441406 -2.197266 -1.464844 -3.173828 -2.197266 -2.441406 -2.441406 -0.2441406 -1.464844 -3.173828 -0.2441406 -3.173828 -1.464844 -2.197266 -2.441406 -2.441406 -2.197266 -3.173828 -1.464844 -0.2441406 -2.441406 -2.441406 -0.2441406 -3.417969 0 -2.197266 -3.173828 -1.464844 -2.197266 -3.417969 0 -0.2441406 -3.173828 -1.464844 -0.2441406 -1.464844 3.173828 -2.197266 -1.464844 3.173828 -0.2441406 0 3.417969 -2.197266 0 3.417969 -0.2441406 -2.441406 2.441406 -2.197266 -2.441406 2.441406 -0.2441406 -1.464844 3.173828 -2.197266 -1.464844 3.173828 -0.2441406 -3.173828 1.464844 -2.197266 -3.173828 1.464844 -0.2441406 -2.441406 2.441406 -2.197266 -2.441406 2.441406 -0.2441406 -3.417969 0 -2.197266 -3.417969 0 -0.2441406 -3.173828 1.464844 -2.197266 -3.173828 1.464844 -0.2441406 1.464844 -3.173828 -2.197266 1.464844 -3.173828 -0.2441406 0 -3.417969 -2.197266 0 -3.417969 -0.2441406 2.441406 -2.441406 -2.197266 2.441406 -2.441406 -0.2441406 1.464844 -3.173828 -2.197266 1.464844 -3.173828 -0.2441406 3.173828 -1.464844 -2.197266 3.173828 -1.464844 -0.2441406 2.441406 -2.441406 -2.197266 2.441406 -2.441406 -0.2441406 3.417969 0 -2.197266 3.417969 0 -0.2441406 3.173828 -1.464844 -2.197266 3.173828 -1.464844 -0.2441406 1.464844 3.173828 -0.2441406 0 3.417969 -0.2441406 1.464844 3.417969 0 0 3.662109 0 2.441406 2.441406 -0.2441406 1.464844 3.173828 -0.2441406 2.441406 2.685547 0 1.464844 3.417969 0 3.173828 1.464844 -0.2441406 2.441406 2.441406 -0.2441406 3.417969 1.464844 0 2.441406 2.685547 0 3.417969 0 -0.2441406 3.173828 1.464844 -0.2441406 3.662109 0 0 3.417969 1.464844 0 -1.464844 -3.173828 -0.2441406 0 -3.417969 -0.2441406 -1.464844 -3.417969 0 0 -3.662109 0 -2.441406 -2.441406 -0.2441406 -1.464844 -3.173828 -0.2441406 -2.441406 -2.685547 0 -1.464844 -3.417969 0 -3.173828 -1.464844 -0.2441406 -2.441406 -2.441406 -0.2441406 -3.417969 -1.464844 0 -2.441406 -2.685547 0 -3.417969 0 -0.2441406 -3.173828 -1.464844 -0.2441406 -3.662109 0 0 -3.417969 -1.464844 0 -1.464844 3.173828 -0.2441406 -1.464844 3.417969 0 0 3.417969 -0.2441406 0 3.662109 0 -2.441406 2.441406 -0.2441406 -2.441406 2.685547 0 -1.464844 3.173828 -0.2441406 -1.464844 3.417969 0 -3.173828 1.464844 -0.2441406 -3.417969 1.464844 0 -2.441406 2.441406 -0.2441406 -2.441406 2.685547 0 -3.417969 0 -0.2441406 -3.662109 0 0 -3.173828 1.464844 -0.2441406 -3.417969 1.464844 0 1.464844 -3.173828 -0.2441406 1.464844 -3.417969 0 0 -3.417969 -0.2441406 0 -3.662109 0 2.441406 -2.441406 -0.2441406 2.441406 -2.685547 0 1.464844 -3.173828 -0.2441406 1.464844 -3.417969 0 3.173828 -1.464844 -0.2441406 3.417969 -1.464844 0 2.441406 -2.441406 -0.2441406 2.441406 -2.685547 0 3.417969 0 -0.2441406 3.662109 0 0 3.173828 -1.464844 -0.2441406 3.417969 -1.464844 0 1.464844 3.417969 0 0 3.662109 0 1.953125 5.371094 0 0 5.615234 0 2.441406 2.685547 0 1.464844 3.417969 0 3.90625 4.150391 0 1.953125 5.371094 0 3.417969 1.464844 0 2.441406 2.685547 0 5.126953 2.197266 0 3.90625 4.150391 0 3.662109 0 0 3.417969 1.464844 0 5.615234 0 0 5.126953 2.197266 0 -1.464844 -3.417969 0 0 -3.662109 0 -1.953125 -5.371094 0 0 -5.615234 0 -2.441406 -2.685547 0 -1.464844 -3.417969 0 -3.90625 -4.150391 0 -1.953125 -5.371094 0 -3.417969 -1.464844 0 -2.441406 -2.685547 0 -5.126953 -2.197266 0 -3.90625 -4.150391 0 -3.662109 0 0 -3.417969 -1.464844 0 -5.615234 0 0 -5.126953 -2.197266 0 -1.464844 3.417969 0 -1.953125 5.371094 0 0 3.662109 0 0 5.615234 0 -2.441406 2.685547 0 -3.90625 4.150391 0 -1.464844 3.417969 0 -1.953125 5.371094 0 -3.417969 1.464844 0 -5.126953 2.197266 0 -2.441406 2.685547 0 -3.90625 4.150391 0 -3.662109 0 0 -5.615234 0 0 -3.417969 1.464844 0 -5.126953 2.197266 0 1.464844 -3.417969 0 1.953125 -5.371094 0 0 -3.662109 0 0 -5.615234 0 2.441406 -2.685547 0 3.90625 -4.150391 0 1.464844 -3.417969 0 1.953125 -5.371094 0 3.417969 -1.464844 0 5.126953 -2.197266 0 2.441406 -2.685547 0 3.90625 -4.150391 0 3.662109 0 0 5.615234 0 0 3.417969 -1.464844 0 5.126953 -2.197266 0 1.953125 5.371094 0 0 5.615234 0 1.953125 7.324219 0 0 7.568359 0 -1.953125 -5.371094 0 0 -5.615234 0 -1.953125 -7.324219 0 0 -7.568359 0 -1.953125 5.371094 0 -1.953125 7.324219 0 0 5.615234 0 0 7.568359 0 1.953125 -5.371094 0 1.953125 -7.324219 0 0 -5.615234 0 0 -7.568359 0 1.953125 5.371094 -2.197266 1.953125 5.371094 0 1.953125 7.568359 -2.197266 1.953125 7.568359 -0.2441406 1.953125 7.568359 -5.615234 1.953125 7.568359 -2.197266 1.953125 12.20703 -5.615234 1.953125 12.20703 -0.2441406 -1.953125 -5.371094 -2.197266 -1.953125 -5.371094 0 -1.953125 -7.568359 -2.197266 -1.953125 -7.568359 -0.2441406 -1.953125 -7.568359 -5.615234 -1.953125 -7.568359 -2.197266 -1.953125 -12.20703 -5.615234 -1.953125 -12.20703 -0.2441406 -1.953125 5.371094 -2.197266 -1.953125 7.568359 -2.197266 -1.953125 5.371094 0 -1.953125 7.568359 -0.2441406 -1.953125 7.568359 -5.615234 -1.953125 12.20703 -5.615234 -1.953125 7.568359 -2.197266 -1.953125 12.20703 -0.2441406 1.953125 -5.371094 -2.197266 1.953125 -7.568359 -2.197266 1.953125 -5.371094 0 1.953125 -7.568359 -0.2441406 1.953125 -7.568359 -5.615234 1.953125 -12.20703 -5.615234 1.953125 -7.568359 -2.197266 1.953125 -12.20703 -0.2441406 1.953125 12.20703 -0.2441406 1.953125 7.568359 -0.2441406 0 12.45117 -0.2441406 0 7.8125 -0.2441406 0 8.789063 -5.615234 0 8.789063 -2.197266 1.953125 7.568359 -5.615234 1.953125 7.568359 -2.197266 -1.953125 -12.20703 -0.2441406 -1.953125 -7.568359 -0.2441406 0 -12.45117 -0.2441406 0 -7.8125 -0.2441406 0 -8.789063 -5.615234 0 -8.789063 -2.197266 -1.953125 -7.568359 -5.615234 -1.953125 -7.568359 -2.197266 -1.953125 12.20703 -0.2441406 0 12.45117 -0.2441406 -1.953125 7.568359 -0.2441406 0 7.8125 -0.2441406 0 8.789063 -5.615234 -1.953125 7.568359 -5.615234 0 8.789063 -2.197266 -1.953125 7.568359 -2.197266 1.953125 -12.20703 -0.2441406 0 -12.45117 -0.2441406 1.953125 -7.568359 -0.2441406 0 -7.8125 -0.2441406 0 -8.789063 -5.615234 1.953125 -7.568359 -5.615234 0 -8.789063 -2.197266 1.953125 -7.568359 -2.197266 1.953125 5.371094 -2.197266 1.953125 7.568359 -2.197266 0 5.615234 -2.197266 0 8.789063 -2.197266 3.417969 0 -2.197266 5.615234 0 -2.197266 3.173828 1.464844 -2.197266 5.126953 2.197266 -2.197266 3.173828 1.464844 -2.197266 5.126953 2.197266 -2.197266 2.441406 2.441406 -2.197266 3.90625 4.150391 -2.197266 2.441406 2.441406 -2.197266 3.90625 4.150391 -2.197266 1.464844 3.173828 -2.197266 1.953125 5.371094 -2.197266 1.464844 3.173828 -2.197266 1.953125 5.371094 -2.197266 0 3.417969 -2.197266 0 5.615234 -2.197266 0 12.45117 -5.615234 0 8.789063 -5.615234 1.953125 12.20703 -5.615234 1.953125 7.568359 -5.615234 -1.953125 -5.371094 -2.197266 -1.953125 -7.568359 -2.197266 0 -5.615234 -2.197266 0 -8.789063 -2.197266 -3.417969 0 -2.197266 -5.615234 0 -2.197266 -3.173828 -1.464844 -2.197266 -5.126953 -2.197266 -2.197266 -3.173828 -1.464844 -2.197266 -5.126953 -2.197266 -2.197266 -2.441406 -2.441406 -2.197266 -3.90625 -4.150391 -2.197266 -1.464844 -3.173828 -2.197266 -1.953125 -5.371094 -2.197266 0 -3.417969 -2.197266 0 -5.615234 -2.197266 0 -12.45117 -5.615234 0 -8.789063 -5.615234 -1.953125 -12.20703 -5.615234 -1.953125 -7.568359 -5.615234 -1.953125 5.371094 -2.197266 0 5.615234 -2.197266 -1.953125 7.568359 -2.197266 0 8.789063 -2.197266 -3.417969 0 -2.197266 -3.173828 1.464844 -2.197266 -5.615234 0 -2.197266 -5.126953 2.197266 -2.197266 -3.173828 1.464844 -2.197266 -2.441406 2.441406 -2.197266 -5.126953 2.197266 -2.197266 -3.90625 4.150391 -2.197266 -2.441406 2.441406 -2.197266 -1.464844 3.173828 -2.197266 -3.90625 4.150391 -2.197266 -1.953125 5.371094 -2.197266 -1.464844 3.173828 -2.197266 0 3.417969 -2.197266 -1.953125 5.371094 -2.197266 0 5.615234 -2.197266 0 12.45117 -5.615234 -1.953125 12.20703 -5.615234 0 8.789063 -5.615234 -1.953125 7.568359 -5.615234 1.953125 -5.371094 -2.197266 0 -5.615234 -2.197266 1.953125 -7.568359 -2.197266 0 -8.789063 -2.197266 3.417969 0 -2.197266 3.173828 -1.464844 -2.197266 5.615234 0 -2.197266 5.126953 -2.197266 -2.197266 3.173828 -1.464844 -2.197266 2.441406 -2.441406 -2.197266 5.126953 -2.197266 -2.197266 3.90625 -4.150391 -2.197266 2.441406 -2.441406 -2.197266 1.464844 -3.173828 -2.197266 3.90625 -4.150391 -2.197266 1.953125 -5.371094 -2.197266 1.464844 -3.173828 -2.197266 0 -3.417969 -2.197266 1.953125 -5.371094 -2.197266 0 -5.615234 -2.197266 0 -12.45117 -5.615234 1.953125 -12.20703 -5.615234 0 -8.789063 -5.615234 1.953125 -7.568359 -5.615234 -2.441406 -2.441406 -2.197266 -3.90625 -4.150391 -2.197266 -1.464844 -3.173828 -2.197266 -1.953125 -5.371094 -2.197266 3.90625 10.74219 -5.859375 3.90625 10.74219 -5.615234 2.441406 10.98633 -5.859375 2.441406 10.98633 -5.615234 5.615234 9.765625 -5.859375 5.615234 9.765625 -5.615234 3.90625 10.74219 -5.859375 3.90625 10.74219 -5.615234 7.324219 8.789063 -5.859375 7.324219 8.789063 -5.615234 5.615234 9.765625 -5.859375 5.615234 9.765625 -5.615234 8.789063 7.324219 -5.859375 8.789063 7.324219 -5.615234 7.324219 8.789063 -5.859375 7.324219 8.789063 -5.615234 8.789063 7.324219 -5.859375 9.277344 7.324219 -5.859375 8.789063 7.324219 -5.615234 9.277344 7.324219 -5.615234 9.277344 7.324219 -5.859375 9.521485 8.056641 -5.859375 9.277344 7.324219 -5.615234 9.521485 8.056641 -5.615234 2.441406 10.98633 -5.859375 2.441406 10.98633 -5.615234 2.197266 11.71875 -5.859375 2.197266 11.71875 -5.615234 2.197266 11.71875 -5.859375 2.197266 11.71875 -5.615234 2.685547 12.20703 -5.859375 2.685547 12.20703 -5.615234 -3.90625 -10.74219 -5.859375 -3.90625 -10.74219 -5.615234 -2.441406 -10.98633 -5.859375 -2.441406 -10.98633 -5.615234 -5.615234 -9.765625 -5.859375 -5.615234 -9.765625 -5.615234 -3.90625 -10.74219 -5.859375 -3.90625 -10.74219 -5.615234 -7.324219 -8.789063 -5.859375 -7.324219 -8.789063 -5.615234 -5.615234 -9.765625 -5.859375 -5.615234 -9.765625 -5.615234 -8.789063 -7.324219 -5.859375 -8.789063 -7.324219 -5.615234 -7.324219 -8.789063 -5.859375 -7.324219 -8.789063 -5.615234 -8.789063 -7.324219 -5.859375 -9.277344 -7.324219 -5.859375 -8.789063 -7.324219 -5.615234 -9.277344 -7.324219 -5.615234 -2.441406 -10.98633 -5.859375 -2.441406 -10.98633 -5.615234 -2.197266 -11.71875 -5.859375 -2.197266 -11.71875 -5.615234 -2.197266 -11.71875 -5.859375 -2.197266 -11.71875 -5.615234 -2.685547 -12.20703 -5.859375 -2.685547 -12.20703 -5.615234 -3.90625 10.74219 -5.859375 -2.441406 10.98633 -5.859375 -3.90625 10.74219 -5.615234 -2.441406 10.98633 -5.615234 -5.615234 9.765625 -5.859375 -3.90625 10.74219 -5.859375 -5.615234 9.765625 -5.615234 -3.90625 10.74219 -5.615234 -7.324219 8.789063 -5.859375 -5.615234 9.765625 -5.859375 -7.324219 8.789063 -5.615234 -5.615234 9.765625 -5.615234 -8.789063 7.324219 -5.859375 -7.324219 8.789063 -5.859375 -8.789063 7.324219 -5.615234 -7.324219 8.789063 -5.615234 -8.789063 7.324219 -5.859375 -8.789063 7.324219 -5.615234 -9.277344 7.324219 -5.859375 -9.277344 7.324219 -5.615234 -9.277344 7.324219 -5.859375 -9.277344 7.324219 -5.615234 -9.521485 8.056641 -5.859375 -9.521485 8.056641 -5.615234 -2.441406 10.98633 -5.859375 -2.197266 11.71875 -5.859375 -2.441406 10.98633 -5.615234 -2.197266 11.71875 -5.615234 -2.197266 11.71875 -5.859375 -2.685547 12.20703 -5.859375 -2.197266 11.71875 -5.615234 -2.685547 12.20703 -5.615234 3.90625 -10.74219 -5.859375 2.441406 -10.98633 -5.859375 3.90625 -10.74219 -5.615234 2.441406 -10.98633 -5.615234 5.615234 -9.765625 -5.859375 3.90625 -10.74219 -5.859375 5.615234 -9.765625 -5.615234 3.90625 -10.74219 -5.615234 7.324219 -8.789063 -5.859375 5.615234 -9.765625 -5.859375 7.324219 -8.789063 -5.615234 5.615234 -9.765625 -5.615234 8.789063 -7.324219 -5.859375 7.324219 -8.789063 -5.859375 8.789063 -7.324219 -5.615234 7.324219 -8.789063 -5.615234 8.789063 -7.324219 -5.859375 8.789063 -7.324219 -5.615234 9.277344 -7.324219 -5.859375 9.277344 -7.324219 -5.615234 9.277344 -7.324219 -5.859375 9.277344 -7.324219 -5.615234 9.521485 -8.056641 -5.859375 9.521485 -8.056641 -5.615234 2.441406 -10.98633 -5.859375 2.197266 -11.71875 -5.859375 2.441406 -10.98633 -5.615234 2.197266 -11.71875 -5.615234 2.197266 -11.71875 -5.859375 2.685547 -12.20703 -5.859375 2.197266 -11.71875 -5.615234 2.685547 -12.20703 -5.615234 7.080078 2.929687 -5.859375 7.080078 -2.929687 -5.859375 7.080078 2.929687 -5.859375 7.080078 -2.929687 -5.859375 5.859375 4.882812 -5.859375 0 8.300782 -5.859375 5.859375 4.882812 -5.859375 0 8.300782 -5.859375 0 8.300782 -5.859375 0 8.789063 -5.859375 0 8.300782 -5.859375 0 8.789063 -5.615234 0 8.300782 -5.859375 0 8.300782 -5.859375 0 8.789063 -5.859375 0 8.789063 -5.615234 5.859375 4.882812 -5.859375 0 8.300782 -5.859375 5.859375 5.126953 -5.615234 0 8.789063 -5.615234 5.859375 4.882812 -5.859375 5.859375 5.126953 -5.859375 0 8.300782 -5.859375 0 8.789063 -5.859375 8.300782 6.347656 -5.859375 8.300782 6.347656 -5.859375 9.277344 6.103516 -5.859375 9.277344 6.103516 -5.859375 9.277344 6.103516 -5.859375 9.277344 6.103516 -5.859375 9.765625 5.126953 -5.859375 9.765625 5.126953 -5.859375 9.521485 4.150391 -5.859375 9.765625 5.126953 -5.859375 9.521485 4.150391 -5.615234 9.765625 5.126953 -5.859375 9.277344 6.103516 -5.859375 8.300782 6.347656 -5.859375 9.277344 6.347656 -5.615234 8.300782 6.591797 -5.615234 9.277344 6.103516 -5.859375 9.277344 6.347656 -5.859375 8.300782 6.347656 -5.859375 8.300782 6.591797 -5.859375 9.765625 5.126953 -5.859375 9.277344 6.103516 -5.859375 10.00977 5.126953 -5.615234 9.277344 6.347656 -5.615234 9.765625 5.126953 -5.859375 10.00977 5.126953 -5.859375 9.277344 6.103516 -5.859375 9.277344 6.347656 -5.859375 9.521485 4.150391 -5.859375 9.521485 4.150391 -5.859375 9.765625 5.126953 -5.859375 10.00977 5.126953 -5.859375 9.521485 4.150391 -5.615234 9.765625 5.126953 -5.859375 9.521485 4.150391 -5.615234 10.00977 5.126953 -5.615234 9.521485 4.150391 -5.859375 9.521485 4.150391 -5.859375 7.324219 2.929687 -5.859375 7.080078 2.929687 -5.859375 8.300782 6.347656 -5.859375 5.859375 4.882812 -5.859375 8.300782 6.347656 -5.859375 5.859375 4.882812 -5.859375 5.859375 5.126953 -5.859375 5.859375 4.882812 -5.859375 8.300782 6.591797 -5.859375 8.300782 6.347656 -5.859375 5.859375 4.882812 -5.859375 5.859375 5.126953 -5.615234 8.300782 6.347656 -5.859375 8.300782 6.591797 -5.615234 -7.080078 2.929687 -5.859375 -7.080078 2.929687 -5.859375 -7.080078 -2.929687 -5.859375 -7.080078 -2.929687 -5.859375 -5.859375 -4.882812 -5.859375 0 -8.300782 -5.859375 -5.859375 -4.882812 -5.859375 0 -8.300782 -5.859375 0 -8.300782 -5.859375 0 -8.789063 -5.859375 0 -8.300782 -5.859375 0 -8.789063 -5.615234 0 -8.300782 -5.859375 0 -8.300782 -5.859375 0 -8.789063 -5.859375 0 -8.789063 -5.615234 -7.080078 2.929687 -5.859375 -7.080078 -2.929687 -5.859375 -7.324219 2.929687 -5.615234 -7.324219 -2.929687 -5.615234 -5.859375 -4.882812 -5.859375 0 -8.300782 -5.859375 -5.859375 -5.126953 -5.615234 0 -8.789063 -5.615234 -7.080078 2.929687 -5.859375 -7.324219 2.929687 -5.859375 -7.080078 -2.929687 -5.859375 -7.324219 -2.929687 -5.859375 -5.859375 -4.882812 -5.859375 -5.859375 -5.126953 -5.859375 0 -8.300782 -5.859375 0 -8.789063 -5.859375 -8.300782 -6.347656 -5.859375 -8.300782 -6.347656 -5.859375 -9.277344 -6.103516 -5.859375 -9.277344 -6.103516 -5.859375 -9.277344 -6.103516 -5.859375 -9.277344 -6.103516 -5.859375 -9.765625 -5.126953 -5.859375 -9.765625 -5.126953 -5.859375 -9.521485 -4.150391 -5.859375 -9.765625 -5.126953 -5.859375 -9.521485 -4.150391 -5.615234 -9.765625 -5.126953 -5.859375 -9.277344 -6.103516 -5.859375 -8.300782 -6.347656 -5.859375 -9.277344 -6.347656 -5.615234 -8.300782 -6.591797 -5.615234 -9.277344 -6.103516 -5.859375 -9.277344 -6.347656 -5.859375 -8.300782 -6.347656 -5.859375 -8.300782 -6.591797 -5.859375 -9.765625 -5.126953 -5.859375 -9.277344 -6.103516 -5.859375 -10.00977 -5.126953 -5.615234 -9.277344 -6.347656 -5.615234 -9.765625 -5.126953 -5.859375 -10.00977 -5.126953 -5.859375 -9.277344 -6.103516 -5.859375 -9.277344 -6.347656 -5.859375 -9.521485 -4.150391 -5.859375 -9.521485 -4.150391 -5.859375 -9.765625 -5.126953 -5.859375 -10.00977 -5.126953 -5.859375 -9.521485 -4.150391 -5.615234 -9.765625 -5.126953 -5.859375 -9.521485 -4.150391 -5.615234 -10.00977 -5.126953 -5.615234 -9.521485 -4.150391 -5.859375 -9.521485 -4.150391 -5.859375 -7.324219 -2.929687 -5.859375 -7.080078 -2.929687 -5.859375 -8.300782 -6.347656 -5.859375 -5.859375 -4.882812 -5.859375 -8.300782 -6.347656 -5.859375 -5.859375 -4.882812 -5.859375 -5.859375 -5.126953 -5.859375 -5.859375 -4.882812 -5.859375 -8.300782 -6.591797 -5.859375 -8.300782 -6.347656 -5.859375 -5.859375 -4.882812 -5.859375 -5.859375 -5.126953 -5.615234 -8.300782 -6.347656 -5.859375 -8.300782 -6.591797 -5.615234 -5.859375 4.882812 -5.859375 -5.859375 4.882812 -5.859375 0 8.300782 -5.859375 0 8.300782 -5.859375 0 8.300782 -5.859375 0 8.300782 -5.859375 0 8.789063 -5.859375 0 8.789063 -5.615234 0 8.300782 -5.859375 0 8.789063 -5.859375 0 8.300782 -5.859375 0 8.789063 -5.615234 -5.859375 4.882812 -5.859375 -5.859375 5.126953 -5.615234 0 8.300782 -5.859375 0 8.789063 -5.615234 -5.859375 4.882812 -5.859375 0 8.300782 -5.859375 -5.859375 5.126953 -5.859375 0 8.789063 -5.859375 -8.300782 6.347656 -5.859375 -9.277344 6.103516 -5.859375 -8.300782 6.347656 -5.859375 -9.277344 6.103516 -5.859375 -9.277344 6.103516 -5.859375 -9.765625 5.126953 -5.859375 -9.277344 6.103516 -5.859375 -9.765625 5.126953 -5.859375 -9.521485 4.150391 -5.859375 -9.521485 4.150391 -5.615234 -9.765625 5.126953 -5.859375 -9.765625 5.126953 -5.859375 -9.277344 6.103516 -5.859375 -9.277344 6.347656 -5.615234 -8.300782 6.347656 -5.859375 -8.300782 6.591797 -5.615234 -9.277344 6.103516 -5.859375 -8.300782 6.347656 -5.859375 -9.277344 6.347656 -5.859375 -8.300782 6.591797 -5.859375 -9.765625 5.126953 -5.859375 -10.00977 5.126953 -5.615234 -9.277344 6.103516 -5.859375 -9.277344 6.347656 -5.615234 -9.765625 5.126953 -5.859375 -9.277344 6.103516 -5.859375 -10.00977 5.126953 -5.859375 -9.277344 6.347656 -5.859375 -9.521485 4.150391 -5.859375 -9.765625 5.126953 -5.859375 -9.521485 4.150391 -5.859375 -10.00977 5.126953 -5.859375 -9.521485 4.150391 -5.615234 -9.521485 4.150391 -5.615234 -9.765625 5.126953 -5.859375 -10.00977 5.126953 -5.615234 -9.521485 4.150391 -5.615234 -7.080078 2.929687 -5.859375 -9.521485 4.150391 -5.615234 -7.324219 2.929687 -5.615234 -9.521485 4.150391 -5.859375 -7.080078 2.929687 -5.859375 -9.521485 4.150391 -5.615234 -7.080078 2.929687 -5.859375 -9.521485 4.150391 -5.859375 -7.324219 2.929687 -5.859375 -9.521485 4.150391 -5.859375 -7.080078 2.929687 -5.859375 -8.300782 6.347656 -5.859375 -8.300782 6.347656 -5.859375 -5.859375 4.882812 -5.859375 -5.859375 4.882812 -5.859375 -5.859375 5.126953 -5.859375 -8.300782 6.591797 -5.859375 -5.859375 4.882812 -5.859375 -8.300782 6.347656 -5.859375 -5.859375 4.882812 -5.859375 -8.300782 6.347656 -5.859375 -5.859375 5.126953 -5.615234 -8.300782 6.591797 -5.615234 5.859375 -4.882812 -5.859375 5.859375 -4.882812 -5.859375 0 -8.300782 -5.859375 0 -8.300782 -5.859375 0 -8.300782 -5.859375 0 -8.300782 -5.859375 0 -8.789063 -5.859375 0 -8.789063 -5.615234 0 -8.300782 -5.859375 0 -8.789063 -5.859375 0 -8.300782 -5.859375 0 -8.789063 -5.615234 7.080078 2.929687 -5.859375 7.324219 2.929687 -5.615234 7.080078 -2.929687 -5.859375 7.324219 -2.929687 -5.615234 5.859375 -4.882812 -5.859375 5.859375 -5.126953 -5.615234 0 -8.300782 -5.859375 0 -8.789063 -5.615234 7.080078 2.929687 -5.859375 7.080078 -2.929687 -5.859375 7.324219 2.929687 -5.859375 7.324219 -2.929687 -5.859375 5.859375 -4.882812 -5.859375 0 -8.300782 -5.859375 5.859375 -5.126953 -5.859375 0 -8.789063 -5.859375 8.300782 -6.347656 -5.859375 9.277344 -6.103516 -5.859375 8.300782 -6.347656 -5.859375 9.277344 -6.103516 -5.859375 9.277344 -6.103516 -5.859375 9.765625 -5.126953 -5.859375 9.277344 -6.103516 -5.859375 9.765625 -5.126953 -5.859375 9.521485 -4.150391 -5.859375 9.521485 -4.150391 -5.615234 9.765625 -5.126953 -5.859375 9.765625 -5.126953 -5.859375 9.277344 -6.103516 -5.859375 9.277344 -6.347656 -5.615234 8.300782 -6.347656 -5.859375 8.300782 -6.591797 -5.615234 9.277344 -6.103516 -5.859375 8.300782 -6.347656 -5.859375 9.277344 -6.347656 -5.859375 8.300782 -6.591797 -5.859375 9.765625 -5.126953 -5.859375 10.00977 -5.126953 -5.615234 9.277344 -6.103516 -5.859375 9.277344 -6.347656 -5.615234 9.765625 -5.126953 -5.859375 9.277344 -6.103516 -5.859375 10.00977 -5.126953 -5.859375 9.277344 -6.347656 -5.859375 9.521485 -4.150391 -5.859375 9.765625 -5.126953 -5.859375 9.521485 -4.150391 -5.859375 10.00977 -5.126953 -5.859375 9.521485 -4.150391 -5.615234 9.521485 -4.150391 -5.615234 9.765625 -5.126953 -5.859375 10.00977 -5.126953 -5.615234 9.521485 -4.150391 -5.615234 7.080078 -2.929687 -5.859375 9.521485 -4.150391 -5.615234 7.324219 -2.929687 -5.615234 9.521485 -4.150391 -5.859375 7.080078 -2.929687 -5.859375 9.521485 -4.150391 -5.615234 7.080078 -2.929687 -5.859375 9.521485 -4.150391 -5.859375 7.324219 -2.929687 -5.859375 9.521485 -4.150391 -5.859375 7.080078 -2.929687 -5.859375 8.300782 -6.347656 -5.859375 8.300782 -6.347656 -5.859375 5.859375 -4.882812 -5.859375 5.859375 -4.882812 -5.859375 5.859375 -5.126953 -5.859375 8.300782 -6.591797 -5.859375 5.859375 -4.882812 -5.859375 8.300782 -6.347656 -5.859375 5.859375 -4.882812 -5.859375 8.300782 -6.347656 -5.859375 5.859375 -5.126953 -5.615234 8.300782 -6.591797 -5.615234 -5.615234 -7.568359 -5.615234 -3.90625 -8.544922 -5.615234 -5.615234 -7.568359 -0.2441406 -3.90625 -8.544922 -0.2441406 -3.90625 -8.544922 -5.615234 -1.953125 -9.277344 -5.615234 -3.90625 -8.544922 -0.2441406 -1.953125 -9.277344 -0.2441406 -5.859375 -7.8125 -5.615234 -5.859375 -7.8125 -0.2441406 -4.150391 -9.033204 -5.615234 -4.150391 -9.033204 -0.2441406 -4.150391 -9.033204 -5.615234 -4.150391 -9.033204 -0.2441406 -1.953125 -9.765625 -5.615234 -1.953125 -9.765625 -0.2441406 -5.615234 -7.568359 -0.2441406 -5.859375 -7.8125 -0.2441406 -5.615234 -7.568359 -5.615234 -5.859375 -7.8125 -5.615234 5.615234 7.568359 -5.615234 3.90625 8.544922 -5.615234 5.615234 7.568359 -0.2441406 3.90625 8.544922 -0.2441406 3.90625 8.544922 -5.615234 1.953125 9.277344 -5.615234 3.90625 8.544922 -0.2441406 1.953125 9.277344 -0.2441406 5.859375 7.8125 -5.615234 5.859375 7.8125 -0.2441406 4.150391 9.033204 -5.615234 4.150391 9.033204 -0.2441406 4.150391 9.033204 -5.615234 4.150391 9.033204 -0.2441406 1.953125 9.765625 -5.615234 1.953125 9.765625 -0.2441406 5.615234 7.568359 -0.2441406 5.859375 7.8125 -0.2441406 5.615234 7.568359 -5.615234 5.859375 7.8125 -5.615234 -5.615234 -7.568359 -0.2441406 -3.90625 -8.544922 -0.2441406 -5.859375 -7.8125 -0.2441406 -4.150391 -9.033204 -0.2441406 -3.90625 -8.544922 -0.2441406 -1.953125 -9.277344 -0.2441406 -4.150391 -9.033204 -0.2441406 -1.953125 -9.765625 -0.2441406 5.615234 7.568359 -0.2441406 3.90625 8.544922 -0.2441406 5.859375 7.8125 -0.2441406 4.150391 9.033204 -0.2441406 3.90625 8.544922 -0.2441406 1.953125 9.277344 -0.2441406 4.150391 9.033204 -0.2441406 1.953125 9.765625 -0.2441406 6.835937 11.96289 -2.929687 3.417969 13.42773 -2.929687 6.835937 11.96289 -5.859375 3.417969 13.42773 -5.859375 4.394531 16.60156 -0.2441406 4.394531 16.60156 -2.929687 8.544922 14.89258 -0.2441406 8.544922 14.89258 -2.929687 11.96289 6.835937 -2.929687 9.765625 9.765625 -2.929687 11.96289 6.835937 -5.859375 9.765625 9.765625 -5.859375 14.89258 8.544922 -0.2441406 12.20703 12.20703 -0.2441406 14.89258 8.544922 -2.929687 12.20703 12.20703 -2.929687 11.96289 6.835937 -5.859375 13.42773 3.417969 -5.859375 11.96289 6.835937 -2.929687 13.42773 3.417969 -2.929687 14.89258 8.544922 -0.2441406 14.89258 8.544922 -2.929687 16.60156 4.394531 -0.2441406 16.60156 4.394531 -2.929687 13.67187 0 -2.929687 13.42773 3.417969 -2.929687 13.67187 0 -5.859375 13.42773 3.417969 -5.859375 16.60156 4.394531 -0.2441406 16.60156 4.394531 -2.929687 17.08984 0 -0.2441406 17.08984 0 -2.929687 6.835937 11.96289 -5.859375 9.765625 9.765625 -5.859375 6.835937 11.96289 -2.929687 9.765625 9.765625 -2.929687 12.20703 12.20703 -2.929687 12.20703 12.20703 -0.2441406 8.544922 14.89258 -2.929687 8.544922 14.89258 -0.2441406 0 13.67187 -5.859375 3.417969 13.42773 -5.859375 0 13.67187 -2.929687 3.417969 13.42773 -2.929687 0 17.08984 -0.2441406 0 17.08984 -2.929687 4.394531 16.60156 -0.2441406 4.394531 16.60156 -2.929687 -6.835937 -11.96289 -2.929687 -3.417969 -13.42773 -2.929687 -6.835937 -11.96289 -5.859375 -3.417969 -13.42773 -5.859375 -4.394531 -16.60156 -0.2441406 -4.394531 -16.60156 -2.929687 -8.544922 -14.89258 -0.2441406 -8.544922 -14.89258 -2.929687 -11.96289 -6.835937 -2.929687 -9.765625 -9.765625 -2.929687 -11.96289 -6.835937 -5.859375 -9.765625 -9.765625 -5.859375 -14.89258 -8.544922 -0.2441406 -12.20703 -12.20703 -0.2441406 -14.89258 -8.544922 -2.929687 -12.20703 -12.20703 -2.929687 -11.96289 -6.835937 -5.859375 -13.42773 -3.417969 -5.859375 -11.96289 -6.835937 -2.929687 -13.42773 -3.417969 -2.929687 -14.89258 -8.544922 -0.2441406 -14.89258 -8.544922 -2.929687 -16.60156 -4.394531 -0.2441406 -16.60156 -4.394531 -2.929687 -13.67187 0 -2.929687 -13.42773 -3.417969 -2.929687 -13.67187 0 -5.859375 -13.42773 -3.417969 -5.859375 -16.60156 -4.394531 -0.2441406 -16.60156 -4.394531 -2.929687 -17.08984 0 -0.2441406 -17.08984 0 -2.929687 -6.835937 -11.96289 -5.859375 -9.765625 -9.765625 -5.859375 -6.835937 -11.96289 -2.929687 -9.765625 -9.765625 -2.929687 -12.20703 -12.20703 -2.929687 -12.20703 -12.20703 -0.2441406 -8.544922 -14.89258 -2.929687 -8.544922 -14.89258 -0.2441406 0 -13.67187 -5.859375 -3.417969 -13.42773 -5.859375 0 -13.67187 -2.929687 -3.417969 -13.42773 -2.929687 0 -17.08984 -0.2441406 0 -17.08984 -2.929687 -4.394531 -16.60156 -0.2441406 -4.394531 -16.60156 -2.929687 -3.417969 13.42773 -2.929687 -6.835937 11.96289 -2.929687 -3.417969 13.42773 -5.859375 -6.835937 11.96289 -5.859375 -4.394531 16.60156 -0.2441406 -8.544922 14.89258 -0.2441406 -4.394531 16.60156 -2.929687 -8.544922 14.89258 -2.929687 -9.765625 9.765625 -2.929687 -11.96289 6.835937 -2.929687 -9.765625 9.765625 -5.859375 -11.96289 6.835937 -5.859375 -14.89258 8.544922 -0.2441406 -14.89258 8.544922 -2.929687 -12.20703 12.20703 -0.2441406 -12.20703 12.20703 -2.929687 -11.96289 6.835937 -5.859375 -11.96289 6.835937 -2.929687 -13.42773 3.417969 -5.859375 -13.42773 3.417969 -2.929687 -16.60156 4.394531 -0.2441406 -16.60156 4.394531 -2.929687 -14.89258 8.544922 -0.2441406 -14.89258 8.544922 -2.929687 -13.42773 3.417969 -5.859375 -13.42773 3.417969 -2.929687 -13.67187 0 -5.859375 -13.67187 0 -2.929687 -17.08984 0 -2.929687 -16.60156 4.394531 -2.929687 -17.08984 0 -0.2441406 -16.60156 4.394531 -0.2441406 -6.835937 11.96289 -5.859375 -6.835937 11.96289 -2.929687 -9.765625 9.765625 -5.859375 -9.765625 9.765625 -2.929687 -12.20703 12.20703 -2.929687 -8.544922 14.89258 -2.929687 -12.20703 12.20703 -0.2441406 -8.544922 14.89258 -0.2441406 -3.417969 13.42773 -2.929687 -3.417969 13.42773 -5.859375 0 13.67187 -2.929687 0 13.67187 -5.859375 -4.394531 16.60156 -0.2441406 -4.394531 16.60156 -2.929687 0 17.08984 -0.2441406 0 17.08984 -2.929687 3.417969 -13.42773 -2.929687 6.835937 -11.96289 -2.929687 3.417969 -13.42773 -5.859375 6.835937 -11.96289 -5.859375 4.394531 -16.60156 -0.2441406 8.544922 -14.89258 -0.2441406 4.394531 -16.60156 -2.929687 8.544922 -14.89258 -2.929687 9.765625 -9.765625 -2.929687 11.96289 -6.835937 -2.929687 9.765625 -9.765625 -5.859375 11.96289 -6.835937 -5.859375 14.89258 -8.544922 -0.2441406 14.89258 -8.544922 -2.929687 12.20703 -12.20703 -0.2441406 12.20703 -12.20703 -2.929687 11.96289 -6.835937 -5.859375 11.96289 -6.835937 -2.929687 13.42773 -3.417969 -5.859375 13.42773 -3.417969 -2.929687 16.60156 -4.394531 -0.2441406 16.60156 -4.394531 -2.929687 14.89258 -8.544922 -0.2441406 14.89258 -8.544922 -2.929687 13.42773 -3.417969 -5.859375 13.42773 -3.417969 -2.929687 13.67187 0 -5.859375 13.67187 0 -2.929687 17.08984 0 -2.929687 16.60156 -4.394531 -2.929687 17.08984 0 -0.2441406 16.60156 -4.394531 -0.2441406 6.835937 -11.96289 -5.859375 6.835937 -11.96289 -2.929687 9.765625 -9.765625 -5.859375 9.765625 -9.765625 -2.929687 12.20703 -12.20703 -2.929687 8.544922 -14.89258 -2.929687 12.20703 -12.20703 -0.2441406 8.544922 -14.89258 -0.2441406 3.417969 -13.42773 -2.929687 3.417969 -13.42773 -5.859375 0 -13.67187 -2.929687 0 -13.67187 -5.859375 4.394531 -16.60156 -0.2441406 4.394531 -16.60156 -2.929687 0 -17.08984 -0.2441406 0 -17.08984 -2.929687 8.544922 14.89258 -2.929687 4.394531 16.60156 -2.929687 6.835937 11.96289 -2.929687 3.417969 13.42773 -2.929687 14.89258 8.544922 -2.929687 12.20703 12.20703 -2.929687 11.96289 6.835937 -2.929687 9.765625 9.765625 -2.929687 16.60156 4.394531 -2.929687 14.89258 8.544922 -2.929687 13.42773 3.417969 -2.929687 11.96289 6.835937 -2.929687 17.08984 0 -2.929687 16.60156 4.394531 -2.929687 13.67187 0 -2.929687 13.42773 3.417969 -2.929687 12.20703 12.20703 -2.929687 8.544922 14.89258 -2.929687 9.765625 9.765625 -2.929687 6.835937 11.96289 -2.929687 4.394531 16.60156 -2.929687 0 17.08984 -2.929687 3.417969 13.42773 -2.929687 0 13.67187 -2.929687 -4.394531 -16.60156 -2.929687 -3.417969 -13.42773 -2.929687 -8.544922 -14.89258 -2.929687 -6.835937 -11.96289 -2.929687 -12.20703 -12.20703 -2.929687 -9.765625 -9.765625 -2.929687 -14.89258 -8.544922 -2.929687 -11.96289 -6.835937 -2.929687 -14.89258 -8.544922 -2.929687 -11.96289 -6.835937 -2.929687 -16.60156 -4.394531 -2.929687 -13.42773 -3.417969 -2.929687 -16.60156 -4.394531 -2.929687 -13.42773 -3.417969 -2.929687 -17.08984 0 -2.929687 -13.67187 0 -2.929687 -8.544922 -14.89258 -2.929687 -6.835937 -11.96289 -2.929687 -12.20703 -12.20703 -2.929687 -9.765625 -9.765625 -2.929687 0 -17.08984 -2.929687 0 -13.67187 -2.929687 -4.394531 -16.60156 -2.929687 -3.417969 -13.42773 -2.929687 -8.544922 14.89258 -2.929687 -6.835937 11.96289 -2.929687 -4.394531 16.60156 -2.929687 -3.417969 13.42773 -2.929687 -14.89258 8.544922 -2.929687 -11.96289 6.835937 -2.929687 -12.20703 12.20703 -2.929687 -9.765625 9.765625 -2.929687 -16.60156 4.394531 -2.929687 -13.42773 3.417969 -2.929687 -14.89258 8.544922 -2.929687 -11.96289 6.835937 -2.929687 -17.08984 0 -2.929687 -13.67187 0 -2.929687 -16.60156 4.394531 -2.929687 -13.42773 3.417969 -2.929687 -12.20703 12.20703 -2.929687 -9.765625 9.765625 -2.929687 -8.544922 14.89258 -2.929687 -6.835937 11.96289 -2.929687 -4.394531 16.60156 -2.929687 -3.417969 13.42773 -2.929687 0 17.08984 -2.929687 0 13.67187 -2.929687 4.394531 -16.60156 -2.929687 8.544922 -14.89258 -2.929687 3.417969 -13.42773 -2.929687 6.835937 -11.96289 -2.929687 12.20703 -12.20703 -2.929687 14.89258 -8.544922 -2.929687 9.765625 -9.765625 -2.929687 11.96289 -6.835937 -2.929687 14.89258 -8.544922 -2.929687 16.60156 -4.394531 -2.929687 11.96289 -6.835937 -2.929687 13.42773 -3.417969 -2.929687 16.60156 -4.394531 -2.929687 17.08984 0 -2.929687 13.42773 -3.417969 -2.929687 13.67187 0 -2.929687 8.544922 -14.89258 -2.929687 12.20703 -12.20703 -2.929687 6.835937 -11.96289 -2.929687 9.765625 -9.765625 -2.929687 0 -17.08984 -2.929687 4.394531 -16.60156 -2.929687 0 -13.67187 -2.929687 3.417969 -13.42773 -2.929687 19.28711 8.789063 -2.197266 21.48438 8.300782 -3.173828 20.50781 7.080078 -0.9765625 21.48438 7.080078 -2.197266 20.50781 7.080078 -0.9765625 21.48438 7.080078 -2.197266 20.75195 6.103516 -0.7324219 21.72852 6.347656 -1.953125 21.48438 8.300782 -3.173828 19.28711 8.789063 -2.197266 21.48438 8.544922 -4.394531 18.79883 9.277344 -4.394531 20.99609 4.882812 -0.9765625 20.75195 6.103516 -0.7324219 21.97266 5.371094 -2.197266 21.72852 6.347656 -1.953125 20.75195 2.197266 -4.394531 20.99609 2.929687 -2.197266 22.70508 4.150391 -4.394531 22.46094 4.394531 -3.173828 20.99609 2.929687 -2.197266 20.99609 4.882812 -0.9765625 22.46094 4.394531 -3.173828 21.97266 5.371094 -2.197266 20.50781 7.324219 -6.103516 21.24024 4.882812 -6.103516 21.48438 7.080078 -5.615234 21.97266 5.371094 -5.615234 20.75195 2.197266 -4.394531 22.70508 4.150391 -4.394531 21.24024 4.882812 -6.103516 21.97266 5.371094 -5.615234 21.48438 8.544922 -4.394531 18.79883 9.277344 -4.394531 21.48438 7.080078 -5.615234 20.50781 7.324219 -6.103516 2.929687 20.01953 -4.394531 2.685547 18.79883 -1.708984 1.464844 18.79883 -4.394531 0 0 0 10.00977 18.06641 -4.394531 10.49805 16.35742 -4.394531 9.521485 16.8457 -1.708984 4.882812 18.06641 0.2441406 5.371094 20.26367 -0.2441406 6.591797 19.77539 -0.2441406 3.417969 20.26367 -1.708984 2.685547 19.04297 -1.220703 2.441406 20.01953 -3.662109 10.25391 17.82227 -3.662109 9.765625 17.08984 -1.220703 9.765625 18.31055 -1.708984 6.591797 19.77539 -0.2441406 7.324219 17.33399 0.2441406 4.882812 18.06641 0.2441406 6.591797 19.77539 -0.2441406 7.8125 19.53125 -0.2441406 7.324219 17.33399 0.2441406 7.080078 15.625 -5.859375 10.49805 16.35742 -4.394531 7.568359 18.31055 -7.8125 5.126953 19.04297 -7.8125 1.464844 18.79883 -4.394531 4.394531 16.35742 -5.859375 7.568359 23.4375 -4.394531 4.882812 21.97266 -4.394531 6.103516 21.24024 -5.615234 7.568359 23.4375 -4.394531 6.103516 21.24024 -5.615234 7.8125 20.75195 -5.615234 7.568359 23.4375 -4.394531 7.8125 20.75195 -5.615234 9.277344 20.75195 -4.394531 18.79883 9.277344 -4.394531 17.57813 8.789063 -1.708984 17.08984 9.765625 -4.394531 20.75195 2.197266 -4.394531 19.53125 0.9765625 -4.394531 19.53125 1.953125 -1.708984 18.06641 6.591797 0.2441406 20.26367 7.080078 -0.2441406 20.50781 5.859375 -0.2441406 19.04297 9.033204 -1.708984 17.82227 9.033204 -1.220703 18.55469 9.521485 -3.662109 20.75195 1.708984 -3.662109 19.53125 1.953125 -1.220703 20.99609 2.685547 -1.708984 20.50781 5.859375 -0.2441406 18.79883 4.150391 0.2441406 18.06641 6.591797 0.2441406 20.50781 5.859375 -0.2441406 20.99609 4.882812 -0.2441406 18.79883 4.150391 0.2441406 17.08984 3.662109 -5.859375 19.53125 0.9765625 -4.394531 19.77539 4.394531 -7.8125 19.04297 6.835937 -7.8125 17.08984 9.765625 -4.394531 16.35742 6.347656 -5.859375 20.75195 -0.2441406 -4.394531 19.53125 0 -1.708984 19.53125 0.9765625 -4.394531 18.79883 -7.324219 -4.394531 17.08984 -7.8125 -4.394531 17.57813 -6.835937 -1.708984 18.79883 -2.197266 0.2441406 20.99609 -2.929687 -0.2441406 20.50781 -3.90625 -0.2441406 20.75195 -0.7324219 -1.708984 19.53125 0 -1.220703 20.75195 0 -3.662109 18.55469 -7.568359 -3.662109 17.82227 -7.080078 -1.708984 19.28711 -7.080078 -1.708984 20.50781 -3.90625 -0.2441406 18.06641 -4.638672 0.2441406 18.79883 -2.197266 0.2441406 20.50781 -3.90625 -0.2441406 20.26367 -5.126953 -0.2441406 18.06641 -4.638672 0.2441406 16.35742 -4.394531 -5.859375 17.08984 -7.8125 -4.394531 19.04297 -4.882812 -7.8125 19.77539 -2.441406 -7.8125 19.53125 0.9765625 -4.394531 17.08984 -1.708984 -5.859375 24.16992 -4.882812 -4.394531 22.70508 -2.197266 -4.394531 21.97266 -3.417969 -5.615234 24.16992 -4.882812 -4.394531 21.97266 -3.417969 -5.615234 21.48438 -5.126953 -5.615234 24.16992 -4.882812 -4.394531 21.48438 -5.126953 -5.615234 21.48438 -6.591797 -4.394531 12.20703 16.8457 -4.394531 11.47461 15.86914 -1.708984 10.49805 16.35742 -4.394531 17.33399 11.47461 -4.394531 17.08984 9.765625 -4.394531 16.60156 10.74219 -1.708984 12.93945 14.16016 0.2441406 14.64844 15.625 -0.2441406 15.38086 14.89258 -0.2441406 12.69531 16.60156 -1.708984 11.47461 15.86914 -1.220703 11.96289 16.8457 -3.662109 17.57813 11.23047 -3.662109 16.60156 10.74219 -1.220703 17.33399 11.96289 -1.708984 15.38086 14.89258 -0.2441406 14.89258 12.20703 0.2441406 12.93945 14.16016 0.2441406 15.38086 14.89258 -0.2441406 16.35742 13.91602 -0.2441406 14.89258 12.20703 0.2441406 13.67187 10.98633 -5.859375 17.08984 9.765625 -4.394531 15.38086 12.93945 -7.8125 13.67187 14.64844 -7.8125 10.49805 16.35742 -4.394531 11.71875 12.93945 -5.859375 18.06641 17.33399 -4.394531 15.13672 17.57813 -4.394531 15.625 16.11328 -5.615234 18.06641 17.33399 -4.394531 15.625 16.11328 -5.615234 16.8457 14.89258 -5.615234 18.06641 17.33399 -4.394531 16.8457 14.89258 -5.615234 18.31055 14.4043 -4.394531 10.49805 16.35742 -4.394531 7.080078 15.625 -5.859375 11.71875 12.93945 -5.859375 17.08984 9.765625 -4.394531 13.67187 10.98633 -5.859375 16.35742 6.347656 -5.859375 19.53125 0.9765625 -4.394531 17.08984 3.662109 -5.859375 17.08984 -1.708984 -5.859375 19.53125 0 -1.708984 19.53125 1.953125 -1.708984 20.26367 0.9765625 -4.150391 17.57813 8.789063 -1.708984 16.60156 10.74219 -1.708984 17.57813 10.25391 -4.150391 11.47461 15.86914 -1.708984 9.521485 16.8457 -1.708984 10.98633 16.8457 -4.150391 20.26367 0.9765625 -4.150391 19.53125 1.953125 -1.708984 19.53125 0.9765625 -4.394531 20.26367 0.9765625 -4.150391 19.53125 0.9765625 -4.394531 19.53125 0 -1.708984 17.57813 10.25391 -4.150391 16.60156 10.74219 -1.708984 17.08984 9.765625 -4.394531 17.57813 10.25391 -4.150391 17.08984 9.765625 -4.394531 17.57813 8.789063 -1.708984 10.98633 16.8457 -4.150391 9.521485 16.8457 -1.708984 10.49805 16.35742 -4.394531 10.98633 16.8457 -4.150391 10.49805 16.35742 -4.394531 11.47461 15.86914 -1.708984 0 19.53125 -4.150391 0 19.04297 -1.708984 0 18.79883 -4.394531 1.464844 19.53125 -4.150391 1.464844 18.79883 -4.394531 2.685547 18.79883 -1.708984 17.57813 -8.300782 -4.150391 17.57813 -6.835937 -1.708984 17.08984 -7.8125 -4.394531 16.8457 -9.765625 -4.150391 16.35742 -9.277344 -4.394531 16.35742 -9.521485 -1.708984 15.625 -12.45117 -4.394531 14.89258 -11.71875 -1.708984 15.38086 -10.74219 -4.394531 10.49805 -17.82227 -4.394531 8.789063 -17.33399 -4.394531 9.765625 -16.8457 -1.708984 13.18359 -13.18359 0.2441406 14.64844 -14.89258 -0.2441406 13.91602 -15.86914 -0.2441406 15.625 -12.93945 -1.708984 14.89258 -11.71875 -1.220703 15.86914 -12.20703 -3.662109 10.25391 -17.82227 -3.662109 9.765625 -16.8457 -1.220703 10.98633 -17.57813 -1.708984 13.91602 -15.86914 -0.2441406 11.23047 -15.13672 0.2441406 13.18359 -13.18359 0.2441406 13.91602 -15.86914 -0.2441406 12.93945 -16.60156 -0.2441406 11.23047 -15.13672 0.2441406 10.00977 -13.91602 -5.859375 8.789063 -17.33399 -4.394531 11.96289 -15.625 -7.8125 13.67187 -13.91602 -7.8125 15.38086 -10.74219 -4.394531 11.96289 -11.96289 -5.859375 16.35742 -18.31055 -4.394531 16.60156 -15.38086 -4.394531 15.13672 -15.86914 -5.615234 16.35742 -18.31055 -4.394531 15.13672 -15.86914 -5.615234 13.91602 -17.08984 -5.615234 16.35742 -18.31055 -4.394531 13.91602 -17.08984 -5.615234 13.42773 -18.55469 -4.394531 -1.220703 -20.99609 -4.394531 -0.9765625 -19.77539 -1.708984 0 -19.77539 -4.394531 -8.300782 -19.04297 -4.394531 -8.789063 -17.33399 -4.394531 -7.8125 -18.06641 -1.708984 -3.173828 -19.04297 0.2441406 -3.90625 -21.24024 -0.2441406 -4.882812 -20.75195 -0.2441406 -1.708984 -21.24024 -1.708984 -0.9765625 -19.77539 -1.220703 -0.7324219 -20.99609 -3.662109 -8.544922 -18.79883 -3.662109 -8.056641 -18.06641 -1.220703 -8.056641 -19.53125 -1.708984 -4.882812 -20.75195 -0.2441406 -5.615234 -18.31055 0.2441406 -3.173828 -19.04297 0.2441406 -4.882812 -20.75195 -0.2441406 -6.103516 -20.50781 -0.2441406 -5.615234 -18.31055 0.2441406 -5.371094 -16.60156 -5.859375 -8.789063 -17.33399 -4.394531 -5.859375 -19.28711 -7.8125 -3.417969 -20.01953 -7.8125 0 -19.77539 -4.394531 -2.685547 -17.33399 -5.859375 -5.859375 -24.41406 -4.394531 -3.173828 -22.94922 -4.394531 -4.394531 -22.2168 -5.615234 -5.859375 -24.41406 -4.394531 -4.394531 -22.2168 -5.615234 -6.103516 -21.72852 -5.615234 -5.859375 -24.41406 -4.394531 -6.103516 -21.72852 -5.615234 -7.568359 -21.72852 -4.394531 -10.49805 -17.82227 -4.394531 -9.765625 -16.8457 -1.708984 -8.789063 -17.33399 -4.394531 -15.625 -12.45117 -4.394531 -15.38086 -10.74219 -4.394531 -14.89258 -11.71875 -1.708984 -11.23047 -15.13672 0.2441406 -12.93945 -16.60156 -0.2441406 -13.91602 -15.86914 -0.2441406 -10.98633 -17.57813 -1.708984 -9.765625 -16.8457 -1.220703 -10.25391 -17.82227 -3.662109 -15.86914 -12.20703 -3.662109 -14.89258 -11.71875 -1.220703 -15.625 -12.93945 -1.708984 -13.91602 -15.86914 -0.2441406 -13.18359 -13.18359 0.2441406 -11.23047 -15.13672 0.2441406 -13.91602 -15.86914 -0.2441406 -14.64844 -14.89258 -0.2441406 -13.18359 -13.18359 0.2441406 -11.96289 -11.96289 -5.859375 -15.38086 -10.74219 -4.394531 -13.67187 -13.91602 -7.8125 -11.96289 -15.625 -7.8125 -8.789063 -17.33399 -4.394531 -10.00977 -13.91602 -5.859375 -16.35742 -18.31055 -4.394531 -13.42773 -18.55469 -4.394531 -13.91602 -17.08984 -5.615234 -16.35742 -18.31055 -4.394531 -13.91602 -17.08984 -5.615234 -15.13672 -15.86914 -5.615234 -16.35742 -18.31055 -4.394531 -15.13672 -15.86914 -5.615234 -16.60156 -15.38086 -4.394531 8.300782 -19.04297 -4.394531 7.8125 -18.06641 -1.708984 8.789063 -17.33399 -4.394531 1.220703 -20.99609 -4.394531 0 -19.77539 -4.394531 0.9765625 -19.77539 -1.708984 5.615234 -18.31055 0.2441406 6.103516 -20.50781 -0.2441406 4.882812 -20.75195 -0.2441406 8.056641 -19.53125 -1.708984 8.056641 -18.06641 -1.220703 8.544922 -18.79883 -3.662109 0.7324219 -20.99609 -3.662109 0.9765625 -19.77539 -1.220703 1.708984 -21.24024 -1.708984 4.882812 -20.75195 -0.2441406 3.173828 -19.04297 0.2441406 5.615234 -18.31055 0.2441406 4.882812 -20.75195 -0.2441406 3.90625 -21.24024 -0.2441406 3.173828 -19.04297 0.2441406 2.685547 -17.33399 -5.859375 0 -19.77539 -4.394531 3.417969 -20.01953 -7.8125 5.859375 -19.28711 -7.8125 8.789063 -17.33399 -4.394531 5.371094 -16.60156 -5.859375 5.859375 -24.41406 -4.394531 7.568359 -21.72852 -4.394531 6.103516 -21.72852 -5.615234 5.859375 -24.41406 -4.394531 6.103516 -21.72852 -5.615234 4.394531 -22.2168 -5.615234 5.859375 -24.41406 -4.394531 4.394531 -22.2168 -5.615234 3.173828 -22.94922 -4.394531 8.789063 -17.33399 -4.394531 10.00977 -13.91602 -5.859375 5.371094 -16.60156 -5.859375 0 -19.77539 -4.394531 2.685547 -17.33399 -5.859375 -2.685547 -17.33399 -5.859375 -8.789063 -17.33399 -4.394531 -5.371094 -16.60156 -5.859375 -10.00977 -13.91602 -5.859375 -9.765625 -16.8457 -1.708984 -7.8125 -18.06641 -1.708984 -9.033204 -18.06641 -4.150391 -0.9765625 -19.77539 -1.708984 0.9765625 -19.77539 -1.708984 0 -20.50781 -4.150391 7.8125 -18.06641 -1.708984 9.765625 -16.8457 -1.708984 9.033204 -18.06641 -4.150391 -9.033204 -18.06641 -4.150391 -7.8125 -18.06641 -1.708984 -8.789063 -17.33399 -4.394531 -9.033204 -18.06641 -4.150391 -8.789063 -17.33399 -4.394531 -9.765625 -16.8457 -1.708984 0 -20.50781 -4.150391 0.9765625 -19.77539 -1.708984 0 -19.77539 -4.394531 0 -20.50781 -4.150391 0 -19.77539 -4.394531 -0.9765625 -19.77539 -1.708984 9.033204 -18.06641 -4.150391 9.765625 -16.8457 -1.708984 8.789063 -17.33399 -4.394531 9.033204 -18.06641 -4.150391 8.789063 -17.33399 -4.394531 7.8125 -18.06641 -1.708984 16.8457 -9.765625 -4.150391 16.35742 -9.521485 -1.708984 16.35742 -9.277344 -4.394531 15.86914 -10.98633 -4.150391 15.38086 -10.74219 -4.394531 14.89258 -11.71875 -1.708984 -15.86914 -10.98633 -4.150391 -14.89258 -11.71875 -1.708984 -15.38086 -10.74219 -4.394531 -16.8457 -9.765625 -4.150391 -16.35742 -9.277344 -4.394531 -16.35742 -9.521485 -1.708984 -18.79883 -7.324219 -4.394531 -17.57813 -6.835937 -1.708984 -17.08984 -7.8125 -4.394531 -20.75195 -0.2441406 -4.394531 -19.53125 0.9765625 -4.394531 -19.53125 0 -1.708984 -18.06641 -4.638672 0.2441406 -20.26367 -5.126953 -0.2441406 -20.50781 -3.90625 -0.2441406 -19.28711 -7.080078 -1.708984 -17.82227 -7.080078 -1.220703 -18.55469 -7.568359 -3.662109 -20.75195 0 -3.662109 -19.53125 0 -1.220703 -20.75195 -0.7324219 -1.708984 -20.50781 -3.90625 -0.2441406 -18.79883 -2.197266 0.2441406 -18.06641 -4.638672 0.2441406 -20.50781 -3.90625 -0.2441406 -20.99609 -2.929687 -0.2441406 -18.79883 -2.197266 0.2441406 -17.08984 -1.708984 -5.859375 -19.53125 0.9765625 -4.394531 -19.77539 -2.441406 -7.8125 -19.04297 -4.882812 -7.8125 -17.08984 -7.8125 -4.394531 -16.35742 -4.394531 -5.859375 -24.16992 -4.882812 -4.394531 -21.48438 -6.591797 -4.394531 -21.48438 -5.126953 -5.615234 -24.16992 -4.882812 -4.394531 -21.48438 -5.126953 -5.615234 -21.97266 -3.417969 -5.615234 -24.16992 -4.882812 -4.394531 -21.97266 -3.417969 -5.615234 -22.70508 -2.197266 -4.394531 -17.33399 11.47461 -4.394531 -16.60156 10.74219 -1.708984 -17.08984 9.765625 -4.394531 -12.20703 16.8457 -4.394531 -10.49805 16.35742 -4.394531 -11.47461 15.86914 -1.708984 -14.89258 12.20703 0.2441406 -16.35742 13.91602 -0.2441406 -15.38086 14.89258 -0.2441406 -17.33399 11.96289 -1.708984 -16.60156 10.74219 -1.220703 -17.57813 11.23047 -3.662109 -11.96289 16.8457 -3.662109 -11.47461 15.86914 -1.220703 -12.69531 16.60156 -1.708984 -15.38086 14.89258 -0.2441406 -12.93945 14.16016 0.2441406 -14.89258 12.20703 0.2441406 -15.38086 14.89258 -0.2441406 -14.64844 15.625 -0.2441406 -12.93945 14.16016 0.2441406 -11.71875 12.93945 -5.859375 -10.49805 16.35742 -4.394531 -13.67187 14.64844 -7.8125 -15.38086 12.93945 -7.8125 -17.08984 9.765625 -4.394531 -13.67187 10.98633 -5.859375 -18.06641 17.33399 -4.394531 -18.31055 14.4043 -4.394531 -16.8457 14.89258 -5.615234 -18.06641 17.33399 -4.394531 -16.8457 14.89258 -5.615234 -15.625 16.11328 -5.615234 -18.06641 17.33399 -4.394531 -15.625 16.11328 -5.615234 -15.13672 17.57813 -4.394531 -10.00977 18.06641 -4.394531 -9.521485 16.8457 -1.708984 -10.49805 16.35742 -4.394531 -2.929687 20.01953 -4.394531 -1.464844 18.79883 -4.394531 -2.685547 18.79883 -1.708984 -7.324219 17.33399 0.2441406 -7.8125 19.53125 -0.2441406 -6.591797 19.77539 -0.2441406 -9.765625 18.31055 -1.708984 -9.765625 17.08984 -1.220703 -10.25391 17.82227 -3.662109 -2.441406 20.01953 -3.662109 -2.685547 19.04297 -1.220703 -3.417969 20.26367 -1.708984 -6.591797 19.77539 -0.2441406 -4.882812 18.06641 0.2441406 -7.324219 17.33399 0.2441406 -6.591797 19.77539 -0.2441406 -5.371094 20.26367 -0.2441406 -4.882812 18.06641 0.2441406 -4.394531 16.35742 -5.859375 -1.464844 18.79883 -4.394531 -5.126953 19.04297 -7.8125 -7.568359 18.31055 -7.8125 -10.49805 16.35742 -4.394531 -7.080078 15.625 -5.859375 -7.568359 23.4375 -4.394531 -9.277344 20.75195 -4.394531 -7.8125 20.75195 -5.615234 -7.568359 23.4375 -4.394531 -7.8125 20.75195 -5.615234 -6.103516 21.24024 -5.615234 -7.568359 23.4375 -4.394531 -6.103516 21.24024 -5.615234 -4.882812 21.97266 -4.394531 -20.75195 2.197266 -4.394531 -19.53125 1.953125 -1.708984 -19.53125 0.9765625 -4.394531 -18.79883 9.277344 -4.394531 -17.08984 9.765625 -4.394531 -17.57813 8.789063 -1.708984 -18.79883 4.150391 0.2441406 -20.99609 4.882812 -0.2441406 -20.50781 5.859375 -0.2441406 -20.99609 2.685547 -1.708984 -19.53125 1.953125 -1.220703 -20.75195 1.708984 -3.662109 -18.55469 9.521485 -3.662109 -17.82227 9.033204 -1.220703 -19.04297 9.033204 -1.708984 -20.50781 5.859375 -0.2441406 -18.06641 6.591797 0.2441406 -18.79883 4.150391 0.2441406 -20.50781 5.859375 -0.2441406 -20.26367 7.080078 -0.2441406 -18.06641 6.591797 0.2441406 -16.35742 6.347656 -5.859375 -17.08984 9.765625 -4.394531 -19.04297 6.835937 -7.8125 -19.77539 4.394531 -7.8125 -19.53125 0.9765625 -4.394531 -17.08984 3.662109 -5.859375 -24.16992 6.835937 -4.394531 -22.70508 4.150391 -4.394531 -21.97266 5.371094 -5.615234 -24.16992 6.835937 -4.394531 -21.97266 5.371094 -5.615234 -21.48438 7.080078 -5.615234 -24.16992 6.835937 -4.394531 -21.48438 7.080078 -5.615234 -21.48438 8.544922 -4.394531 -19.53125 0.9765625 -4.394531 -17.08984 -1.708984 -5.859375 -17.08984 3.662109 -5.859375 -17.08984 9.765625 -4.394531 -16.35742 6.347656 -5.859375 -13.67187 10.98633 -5.859375 -10.49805 16.35742 -4.394531 -11.71875 12.93945 -5.859375 -7.080078 15.625 -5.859375 -9.521485 16.8457 -1.708984 -11.47461 15.86914 -1.708984 -10.98633 16.8457 -4.150391 -16.60156 10.74219 -1.708984 -17.57813 8.789063 -1.708984 -17.57813 10.25391 -4.150391 -19.53125 1.953125 -1.708984 -19.53125 0 -1.708984 -20.26367 0.9765625 -4.150391 -10.98633 16.8457 -4.150391 -11.47461 15.86914 -1.708984 -10.49805 16.35742 -4.394531 -10.98633 16.8457 -4.150391 -10.49805 16.35742 -4.394531 -9.521485 16.8457 -1.708984 -17.57813 10.25391 -4.150391 -17.57813 8.789063 -1.708984 -17.08984 9.765625 -4.394531 -17.57813 10.25391 -4.150391 -17.08984 9.765625 -4.394531 -16.60156 10.74219 -1.708984 -20.26367 0.9765625 -4.150391 -19.53125 0 -1.708984 -19.53125 0.9765625 -4.394531 -20.26367 0.9765625 -4.150391 -19.53125 0.9765625 -4.394531 -19.53125 1.953125 -1.708984 -16.8457 -9.765625 -4.150391 -16.35742 -9.521485 -1.708984 -16.35742 -9.277344 -4.394531 -17.57813 -8.300782 -4.150391 -17.08984 -7.8125 -4.394531 -17.57813 -6.835937 -1.708984 -1.464844 19.53125 -4.150391 -2.685547 18.79883 -1.708984 -1.464844 18.79883 -4.394531 0 19.53125 -4.150391 0 18.79883 -4.394531 0 19.04297 -1.708984 3.173828 -18.79883 0 -3.173828 -18.79883 0 0 -17.08984 0 -18.55469 -2.197266 0 -18.55469 4.150391 0 -17.08984 0 0 17.08984 0 0 18.55469 4.150391 0 18.55469 -2.197266 0 0 -17.08984 -1.708984 -4.394531 -16.35742 -1.708984 -2.685547 -17.33399 -5.859375 -2.685547 -17.33399 -5.859375 2.685547 -17.33399 -5.859375 0 -17.08984 -1.708984 0 -17.08984 -1.708984 2.685547 -17.33399 -5.859375 4.394531 -16.35742 -1.708984 4.394531 -16.35742 -1.708984 2.685547 -17.33399 -5.859375 5.371094 -16.60156 -5.859375 8.544922 -14.64844 -1.708984 4.394531 -16.35742 -1.708984 5.371094 -16.60156 -5.859375 5.371094 -16.60156 -5.859375 10.00977 -13.91602 -5.859375 8.544922 -14.64844 -1.708984 -4.394531 -16.35742 -1.708984 -5.371094 -16.60156 -5.859375 -2.685547 -17.33399 -5.859375 -5.371094 -16.60156 -5.859375 -4.394531 -16.35742 -1.708984 -8.544922 -14.64844 -1.708984 -8.544922 -14.64844 -1.708984 -10.00977 -13.91602 -5.859375 -5.371094 -16.60156 -5.859375 -17.08984 -1.708984 -5.859375 -17.08984 0 -1.708984 -17.08984 3.662109 -5.859375 -17.08984 3.662109 -5.859375 -17.08984 0 -1.708984 -16.35742 4.394531 -1.708984 -16.35742 4.394531 -1.708984 -16.35742 6.347656 -5.859375 -17.08984 3.662109 -5.859375 -16.35742 6.347656 -5.859375 -16.35742 4.394531 -1.708984 -14.64844 8.544922 -1.708984 -14.64844 8.544922 -1.708984 -13.67187 10.98633 -5.859375 -16.35742 6.347656 -5.859375 17.08984 -1.708984 -5.859375 17.08984 3.662109 -5.859375 17.08984 0 -1.708984 16.35742 4.394531 -1.708984 17.08984 0 -1.708984 17.08984 3.662109 -5.859375 17.08984 3.662109 -5.859375 16.35742 6.347656 -5.859375 16.35742 4.394531 -1.708984 16.35742 4.394531 -1.708984 16.35742 6.347656 -5.859375 14.64844 8.544922 -1.708984 14.64844 8.544922 -1.708984 16.35742 6.347656 -5.859375 13.67187 10.98633 -5.859375 -11.96289 11.96289 -1.708984 -11.71875 12.93945 -5.859375 -13.67187 10.98633 -5.859375 -13.67187 10.98633 -5.859375 -14.64844 8.544922 -1.708984 -11.96289 11.96289 -1.708984 7.568359 23.4375 -4.394531 6.103516 21.24024 -2.197266 5.126953 21.72852 -3.173828 7.568359 23.4375 -4.394531 5.126953 21.72852 -3.173828 4.882812 21.97266 -4.394531 7.568359 23.4375 -4.394531 7.080078 20.99609 -1.953125 6.103516 21.24024 -2.197266 24.16992 -4.882812 -4.394531 21.97266 -3.417969 -2.197266 22.46094 -2.441406 -3.173828 24.16992 -4.882812 -4.394531 22.46094 -2.441406 -3.173828 22.70508 -2.197266 -4.394531 24.16992 -4.882812 -4.394531 21.72852 -4.394531 -1.953125 21.97266 -3.417969 -2.197266 18.06641 17.33399 -4.394531 15.625 16.11328 -2.197266 15.13672 17.08984 -3.173828 18.06641 17.33399 -4.394531 15.13672 17.08984 -3.173828 15.13672 17.57813 -4.394531 18.06641 17.33399 -4.394531 16.35742 15.625 -1.953125 15.625 16.11328 -2.197266 16.35742 -18.31055 -4.394531 15.13672 -15.86914 -2.197266 16.11328 -15.38086 -3.173828 16.35742 -18.31055 -4.394531 16.11328 -15.38086 -3.173828 16.60156 -15.38086 -4.394531 16.35742 -18.31055 -4.394531 14.64844 -16.60156 -1.953125 15.13672 -15.86914 -2.197266 -5.859375 -24.41406 -4.394531 -4.394531 -22.2168 -2.197266 -3.417969 -22.70508 -3.173828 -5.859375 -24.41406 -4.394531 -3.417969 -22.70508 -3.173828 -3.173828 -22.94922 -4.394531 -5.859375 -24.41406 -4.394531 -5.371094 -21.97266 -1.953125 -4.394531 -22.2168 -2.197266 -16.35742 -18.31055 -4.394531 -13.91602 -17.08984 -2.197266 -13.42773 -18.06641 -3.173828 -16.35742 -18.31055 -4.394531 -13.42773 -18.06641 -3.173828 -13.42773 -18.55469 -4.394531 -16.35742 -18.31055 -4.394531 -14.64844 -16.60156 -1.953125 -13.91602 -17.08984 -2.197266 5.859375 -24.41406 -4.394531 6.103516 -21.72852 -2.197266 7.324219 -21.72852 -3.173828 5.859375 -24.41406 -4.394531 7.324219 -21.72852 -3.173828 7.568359 -21.72852 -4.394531 5.859375 -24.41406 -4.394531 5.371094 -21.97266 -1.953125 6.103516 -21.72852 -2.197266 -24.16992 -4.882812 -4.394531 -21.48438 -5.126953 -2.197266 -21.48438 -6.347656 -3.173828 -24.16992 -4.882812 -4.394531 -21.48438 -6.347656 -3.173828 -21.48438 -6.591797 -4.394531 -24.16992 -4.882812 -4.394531 -21.72852 -4.394531 -1.953125 -21.48438 -5.126953 -2.197266 -18.06641 17.33399 -4.394531 -16.8457 14.89258 -2.197266 -17.82227 14.4043 -3.173828 -18.06641 17.33399 -4.394531 -17.82227 14.4043 -3.173828 -18.31055 14.4043 -4.394531 -18.06641 17.33399 -4.394531 -16.35742 15.625 -1.953125 -16.8457 14.89258 -2.197266 -7.568359 23.4375 -4.394531 -7.8125 20.75195 -2.197266 -9.033204 20.75195 -3.173828 -7.568359 23.4375 -4.394531 -9.033204 20.75195 -3.173828 -9.277344 20.75195 -4.394531 -7.568359 23.4375 -4.394531 -7.080078 20.99609 -1.953125 -7.8125 20.75195 -2.197266 -24.16992 6.835937 -4.394531 -21.97266 5.371094 -2.197266 -22.46094 4.394531 -3.173828 -24.16992 6.835937 -4.394531 -22.46094 4.394531 -3.173828 -22.70508 4.150391 -4.394531 -24.16992 6.835937 -4.394531 -21.72852 6.347656 -1.953125 -21.97266 5.371094 -2.197266 7.568359 23.4375 -4.394531 7.8125 20.75195 -2.197266 7.080078 20.99609 -1.953125 7.568359 23.4375 -4.394531 9.277344 20.75195 -4.394531 9.033204 20.75195 -3.173828 7.568359 23.4375 -4.394531 9.033204 20.75195 -3.173828 7.8125 20.75195 -2.197266 24.16992 -4.882812 -4.394531 21.48438 -5.126953 -2.197266 21.72852 -4.394531 -1.953125 24.16992 -4.882812 -4.394531 21.48438 -6.591797 -4.394531 21.48438 -6.347656 -3.173828 24.16992 -4.882812 -4.394531 21.48438 -6.347656 -3.173828 21.48438 -5.126953 -2.197266 18.06641 17.33399 -4.394531 16.8457 14.89258 -2.197266 16.35742 15.625 -1.953125 18.06641 17.33399 -4.394531 18.31055 14.4043 -4.394531 17.82227 14.4043 -3.173828 18.06641 17.33399 -4.394531 17.82227 14.4043 -3.173828 16.8457 14.89258 -2.197266 16.35742 -18.31055 -4.394531 13.91602 -17.08984 -2.197266 14.64844 -16.60156 -1.953125 16.35742 -18.31055 -4.394531 13.42773 -18.55469 -4.394531 13.42773 -18.06641 -3.173828 16.35742 -18.31055 -4.394531 13.42773 -18.06641 -3.173828 13.91602 -17.08984 -2.197266 -5.859375 -24.41406 -4.394531 -6.103516 -21.72852 -2.197266 -5.371094 -21.97266 -1.953125 -5.859375 -24.41406 -4.394531 -7.568359 -21.72852 -4.394531 -7.324219 -21.72852 -3.173828 -5.859375 -24.41406 -4.394531 -7.324219 -21.72852 -3.173828 -6.103516 -21.72852 -2.197266 -16.35742 -18.31055 -4.394531 -15.13672 -15.86914 -2.197266 -14.64844 -16.60156 -1.953125 -16.35742 -18.31055 -4.394531 -16.60156 -15.38086 -4.394531 -16.11328 -15.38086 -3.173828 -16.35742 -18.31055 -4.394531 -16.11328 -15.38086 -3.173828 -15.13672 -15.86914 -2.197266 5.859375 -24.41406 -4.394531 4.394531 -22.2168 -2.197266 5.371094 -21.97266 -1.953125 5.859375 -24.41406 -4.394531 3.173828 -22.94922 -4.394531 3.417969 -22.70508 -3.173828 5.859375 -24.41406 -4.394531 3.417969 -22.70508 -3.173828 4.394531 -22.2168 -2.197266 -24.16992 -4.882812 -4.394531 -21.97266 -3.417969 -2.197266 -21.72852 -4.394531 -1.953125 -24.16992 -4.882812 -4.394531 -22.70508 -2.197266 -4.394531 -22.46094 -2.441406 -3.173828 -24.16992 -4.882812 -4.394531 -22.46094 -2.441406 -3.173828 -21.97266 -3.417969 -2.197266 -18.06641 17.33399 -4.394531 -15.625 16.11328 -2.197266 -16.35742 15.625 -1.953125 -18.06641 17.33399 -4.394531 -15.13672 17.57813 -4.394531 -15.13672 17.08984 -3.173828 -18.06641 17.33399 -4.394531 -15.13672 17.08984 -3.173828 -15.625 16.11328 -2.197266 -7.568359 23.4375 -4.394531 -6.103516 21.24024 -2.197266 -7.080078 20.99609 -1.953125 -7.568359 23.4375 -4.394531 -4.882812 21.97266 -4.394531 -5.126953 21.72852 -3.173828 -7.568359 23.4375 -4.394531 -5.126953 21.72852 -3.173828 -6.103516 21.24024 -2.197266 -24.16992 6.835937 -4.394531 -21.48438 7.080078 -2.197266 -21.72852 6.347656 -1.953125 -24.16992 6.835937 -4.394531 -21.48438 8.544922 -4.394531 -21.48438 8.300782 -3.173828 -24.16992 6.835937 -4.394531 -21.48438 8.300782 -3.173828 -21.48438 7.080078 -2.197266 -10.00977 -13.91602 -5.859375 -11.96289 -11.96289 -1.708984 -11.96289 -11.96289 -5.859375 -8.544922 -14.64844 -1.708984 -14.64844 -14.89258 -0.2441406 -11.96289 -11.96289 -1.708984 -10.00977 -13.91602 -5.859375 -8.544922 -14.64844 -1.708984 -11.96289 -11.96289 -1.708984 0 13.67187 -5.859375 0 12.45117 -5.859375 2.685547 12.20703 -5.859375 6.835937 11.96289 -5.859375 4.150391 11.71875 -5.859375 6.103516 10.74219 -5.859375 6.835937 11.96289 -5.859375 6.103516 10.74219 -5.859375 8.056641 9.521485 -5.859375 11.96289 6.835937 -5.859375 9.521485 8.056641 -5.859375 10.74219 6.103516 -5.859375 11.96289 6.835937 -5.859375 10.74219 6.103516 -5.859375 11.71875 4.150391 -5.859375 13.67187 0 -5.859375 12.20703 1.953125 -5.859375 12.45117 0 -5.859375 6.835937 11.96289 -5.859375 3.417969 13.42773 -5.859375 4.150391 11.71875 -5.859375 11.96289 6.835937 -5.859375 9.765625 9.765625 -5.859375 9.521485 8.056641 -5.859375 11.96289 6.835937 -5.859375 11.71875 4.150391 -5.859375 13.42773 3.417969 -5.859375 13.42773 3.417969 -5.859375 12.20703 1.953125 -5.859375 13.67187 0 -5.859375 13.42773 3.417969 -5.859375 11.71875 4.150391 -5.859375 12.20703 1.953125 -5.859375 9.521485 8.056641 -5.859375 9.765625 9.765625 -5.859375 8.056641 9.521485 -5.859375 8.056641 9.521485 -5.859375 9.765625 9.765625 -5.859375 6.835937 11.96289 -5.859375 4.150391 11.71875 -5.859375 3.417969 13.42773 -5.859375 2.685547 12.20703 -5.859375 2.685547 12.20703 -5.859375 3.417969 13.42773 -5.859375 0 13.67187 -5.859375 0 -13.67187 -5.859375 0 -12.45117 -5.859375 -2.685547 -12.20703 -5.859375 -6.835937 -11.96289 -5.859375 -4.150391 -11.71875 -5.859375 -6.103516 -10.74219 -5.859375 -6.835937 -11.96289 -5.859375 -6.103516 -10.74219 -5.859375 -8.056641 -9.521485 -5.859375 -11.96289 -6.835937 -5.859375 -9.521485 -8.056641 -5.859375 -10.74219 -6.103516 -5.859375 -11.96289 -6.835937 -5.859375 -10.74219 -6.103516 -5.859375 -11.71875 -4.150391 -5.859375 -13.67187 0 -5.859375 -12.20703 -1.953125 -5.859375 -12.45117 0 -5.859375 -6.835937 -11.96289 -5.859375 -3.417969 -13.42773 -5.859375 -4.150391 -11.71875 -5.859375 -11.96289 -6.835937 -5.859375 -9.765625 -9.765625 -5.859375 -9.521485 -8.056641 -5.859375 -11.96289 -6.835937 -5.859375 -11.71875 -4.150391 -5.859375 -13.42773 -3.417969 -5.859375 -13.42773 -3.417969 -5.859375 -12.20703 -1.953125 -5.859375 -13.67187 0 -5.859375 -13.42773 -3.417969 -5.859375 -11.71875 -4.150391 -5.859375 -12.20703 -1.953125 -5.859375 -9.521485 -8.056641 -5.859375 -9.765625 -9.765625 -5.859375 -8.056641 -9.521485 -5.859375 -8.056641 -9.521485 -5.859375 -9.765625 -9.765625 -5.859375 -6.835937 -11.96289 -5.859375 -4.150391 -11.71875 -5.859375 -3.417969 -13.42773 -5.859375 -2.685547 -12.20703 -5.859375 -2.685547 -12.20703 -5.859375 -3.417969 -13.42773 -5.859375 0 -13.67187 -5.859375 0 13.67187 -5.859375 -2.685547 12.20703 -5.859375 0 12.45117 -5.859375 -6.835937 11.96289 -5.859375 -6.103516 10.74219 -5.859375 -4.150391 11.71875 -5.859375 -6.835937 11.96289 -5.859375 -8.056641 9.521485 -5.859375 -6.103516 10.74219 -5.859375 -11.96289 6.835937 -5.859375 -10.74219 6.103516 -5.859375 -9.521485 8.056641 -5.859375 -11.96289 6.835937 -5.859375 -11.71875 4.150391 -5.859375 -10.74219 6.103516 -5.859375 -13.67187 0 -5.859375 -12.45117 0 -5.859375 -12.20703 1.953125 -5.859375 -6.835937 11.96289 -5.859375 -4.150391 11.71875 -5.859375 -3.417969 13.42773 -5.859375 -11.96289 6.835937 -5.859375 -9.521485 8.056641 -5.859375 -9.765625 9.765625 -5.859375 -11.96289 6.835937 -5.859375 -13.42773 3.417969 -5.859375 -11.71875 4.150391 -5.859375 -13.42773 3.417969 -5.859375 -13.67187 0 -5.859375 -12.20703 1.953125 -5.859375 -13.42773 3.417969 -5.859375 -12.20703 1.953125 -5.859375 -11.71875 4.150391 -5.859375 -9.521485 8.056641 -5.859375 -8.056641 9.521485 -5.859375 -9.765625 9.765625 -5.859375 -8.056641 9.521485 -5.859375 -6.835937 11.96289 -5.859375 -9.765625 9.765625 -5.859375 -4.150391 11.71875 -5.859375 -2.685547 12.20703 -5.859375 -3.417969 13.42773 -5.859375 -2.685547 12.20703 -5.859375 0 13.67187 -5.859375 -3.417969 13.42773 -5.859375 0 -13.67187 -5.859375 2.685547 -12.20703 -5.859375 0 -12.45117 -5.859375 6.835937 -11.96289 -5.859375 6.103516 -10.74219 -5.859375 4.150391 -11.71875 -5.859375 6.835937 -11.96289 -5.859375 8.056641 -9.521485 -5.859375 6.103516 -10.74219 -5.859375 11.96289 -6.835937 -5.859375 10.74219 -6.103516 -5.859375 9.521485 -8.056641 -5.859375 11.96289 -6.835937 -5.859375 11.71875 -4.150391 -5.859375 10.74219 -6.103516 -5.859375 13.67187 0 -5.859375 12.45117 0 -5.859375 12.20703 -1.953125 -5.859375 6.835937 -11.96289 -5.859375 4.150391 -11.71875 -5.859375 3.417969 -13.42773 -5.859375 11.96289 -6.835937 -5.859375 9.521485 -8.056641 -5.859375 9.765625 -9.765625 -5.859375 11.96289 -6.835937 -5.859375 13.42773 -3.417969 -5.859375 11.71875 -4.150391 -5.859375 13.42773 -3.417969 -5.859375 13.67187 0 -5.859375 12.20703 -1.953125 -5.859375 13.42773 -3.417969 -5.859375 12.20703 -1.953125 -5.859375 11.71875 -4.150391 -5.859375 8.056641 -9.521485 -5.859375 6.835937 -11.96289 -5.859375 9.765625 -9.765625 -5.859375 4.150391 -11.71875 -5.859375 2.685547 -12.20703 -5.859375 3.417969 -13.42773 -5.859375 2.685547 -12.20703 -5.859375 0 -13.67187 -5.859375 3.417969 -13.42773 -5.859375 0 8.789063 -5.615234 0 11.47461 -5.615234 2.441406 10.98633 -5.615234 5.859375 5.126953 -5.615234 5.615234 9.765625 -5.615234 7.324219 8.789063 -5.615234 7.324219 2.929687 -5.615234 9.521485 4.150391 -5.615234 11.71875 4.150391 -5.615234 7.324219 2.929687 -5.615234 12.45117 0 -5.615234 7.324219 -2.929687 -5.615234 9.521485 8.056641 -5.615234 10.74219 6.103516 -5.615234 9.277344 7.324219 -5.615234 0 8.789063 -5.859375 2.441406 10.98633 -5.859375 0 11.47461 -5.859375 5.859375 5.126953 -5.859375 7.324219 8.789063 -5.859375 5.615234 9.765625 -5.859375 7.324219 2.929687 -5.859375 11.71875 4.150391 -5.859375 9.521485 4.150391 -5.859375 9.521485 8.056641 -5.859375 9.277344 7.324219 -5.859375 10.74219 6.103516 -5.859375 7.324219 8.789063 -5.615234 8.300782 6.591797 -5.615234 5.859375 5.126953 -5.615234 5.859375 5.126953 -5.859375 8.300782 6.591797 -5.859375 7.324219 8.789063 -5.859375 7.324219 8.789063 -5.615234 8.789063 7.324219 -5.615234 8.300782 6.591797 -5.615234 8.300782 6.591797 -5.859375 8.789063 7.324219 -5.859375 7.324219 8.789063 -5.859375 9.277344 6.347656 -5.615234 10.74219 6.103516 -5.615234 10.00977 5.126953 -5.615234 10.74219 6.103516 -5.859375 9.277344 6.347656 -5.859375 10.00977 5.126953 -5.859375 0 8.789063 -5.615234 2.441406 10.98633 -5.615234 3.90625 10.74219 -5.615234 3.90625 10.74219 -5.859375 2.441406 10.98633 -5.859375 0 8.789063 -5.859375 0 -8.789063 -5.615234 0 -11.47461 -5.615234 -2.441406 -10.98633 -5.615234 -5.859375 -5.126953 -5.615234 -5.615234 -9.765625 -5.615234 -7.324219 -8.789063 -5.615234 -7.324219 -2.929687 -5.615234 -9.521485 -4.150391 -5.615234 -11.71875 -4.150391 -5.615234 -9.521485 -8.056641 -5.615234 -10.74219 -6.103516 -5.615234 -9.277344 -7.324219 -5.615234 0 -8.789063 -5.859375 -2.441406 -10.98633 -5.859375 0 -11.47461 -5.859375 -5.859375 -5.126953 -5.859375 -7.324219 -8.789063 -5.859375 -5.615234 -9.765625 -5.859375 -7.324219 -2.929687 -5.859375 -11.71875 -4.150391 -5.859375 -9.521485 -4.150391 -5.859375 -9.521485 -8.056641 -5.859375 -9.277344 -7.324219 -5.859375 -10.74219 -6.103516 -5.859375 -7.324219 -8.789063 -5.615234 -8.300782 -6.591797 -5.615234 -5.859375 -5.126953 -5.615234 -5.859375 -5.126953 -5.859375 -8.300782 -6.591797 -5.859375 -7.324219 -8.789063 -5.859375 -7.324219 -8.789063 -5.615234 -8.789063 -7.324219 -5.615234 -8.300782 -6.591797 -5.615234 -8.300782 -6.591797 -5.859375 -8.789063 -7.324219 -5.859375 -7.324219 -8.789063 -5.859375 -9.277344 -6.347656 -5.615234 -10.74219 -6.103516 -5.615234 -10.00977 -5.126953 -5.615234 -10.74219 -6.103516 -5.859375 -9.277344 -6.347656 -5.859375 -10.00977 -5.126953 -5.859375 0 -8.789063 -5.615234 -2.441406 -10.98633 -5.615234 -3.90625 -10.74219 -5.615234 -3.90625 -10.74219 -5.859375 -2.441406 -10.98633 -5.859375 0 -8.789063 -5.859375 0 8.789063 -5.615234 -2.441406 10.98633 -5.615234 0 11.47461 -5.615234 -5.859375 5.126953 -5.615234 -7.324219 8.789063 -5.615234 -5.615234 9.765625 -5.615234 -7.324219 2.929687 -5.615234 -11.71875 4.150391 -5.615234 -9.521485 4.150391 -5.615234 -9.521485 8.056641 -5.615234 -9.277344 7.324219 -5.615234 -10.74219 6.103516 -5.615234 0 8.789063 -5.859375 0 11.47461 -5.859375 -2.441406 10.98633 -5.859375 -5.859375 5.126953 -5.859375 -5.615234 9.765625 -5.859375 -7.324219 8.789063 -5.859375 -7.324219 2.929687 -5.859375 -9.521485 4.150391 -5.859375 -11.71875 4.150391 -5.859375 -7.324219 2.929687 -5.859375 -12.45117 0 -5.859375 -7.324219 -2.929687 -5.859375 -9.521485 8.056641 -5.859375 -10.74219 6.103516 -5.859375 -9.277344 7.324219 -5.859375 -7.324219 8.789063 -5.615234 -5.859375 5.126953 -5.615234 -8.300782 6.591797 -5.615234 -5.859375 5.126953 -5.859375 -7.324219 8.789063 -5.859375 -8.300782 6.591797 -5.859375 -7.324219 8.789063 -5.615234 -8.300782 6.591797 -5.615234 -8.789063 7.324219 -5.615234 -8.300782 6.591797 -5.859375 -7.324219 8.789063 -5.859375 -8.789063 7.324219 -5.859375 -9.277344 6.347656 -5.615234 -10.00977 5.126953 -5.615234 -10.74219 6.103516 -5.615234 -10.74219 6.103516 -5.859375 -10.00977 5.126953 -5.859375 -9.277344 6.347656 -5.859375 0 8.789063 -5.615234 -3.90625 10.74219 -5.615234 -2.441406 10.98633 -5.615234 -3.90625 10.74219 -5.859375 0 8.789063 -5.859375 -2.441406 10.98633 -5.859375 0 -8.789063 -5.615234 2.441406 -10.98633 -5.615234 0 -11.47461 -5.615234 5.859375 -5.126953 -5.615234 7.324219 -8.789063 -5.615234 5.615234 -9.765625 -5.615234 7.324219 -2.929687 -5.615234 11.71875 -4.150391 -5.615234 9.521485 -4.150391 -5.615234 9.521485 -8.056641 -5.615234 9.277344 -7.324219 -5.615234 10.74219 -6.103516 -5.615234 0 -8.789063 -5.859375 0 -11.47461 -5.859375 2.441406 -10.98633 -5.859375 5.859375 -5.126953 -5.859375 5.615234 -9.765625 -5.859375 7.324219 -8.789063 -5.859375 7.324219 -2.929687 -5.859375 9.521485 -4.150391 -5.859375 11.71875 -4.150391 -5.859375 9.521485 -8.056641 -5.859375 10.74219 -6.103516 -5.859375 9.277344 -7.324219 -5.859375 7.324219 -8.789063 -5.615234 5.859375 -5.126953 -5.615234 8.300782 -6.591797 -5.615234 5.859375 -5.126953 -5.859375 7.324219 -8.789063 -5.859375 8.300782 -6.591797 -5.859375 7.324219 -8.789063 -5.615234 8.300782 -6.591797 -5.615234 8.789063 -7.324219 -5.615234 8.300782 -6.591797 -5.859375 7.324219 -8.789063 -5.859375 8.789063 -7.324219 -5.859375 9.277344 -6.347656 -5.615234 10.00977 -5.126953 -5.615234 10.74219 -6.103516 -5.615234 10.74219 -6.103516 -5.859375 10.00977 -5.126953 -5.859375 9.277344 -6.347656 -5.859375 0 -8.789063 -5.615234 3.90625 -10.74219 -5.615234 2.441406 -10.98633 -5.615234 3.90625 -10.74219 -5.859375 0 -8.789063 -5.859375 2.441406 -10.98633 -5.859375 7.324219 2.929687 -5.859375 7.324219 -2.929687 -5.859375 12.45117 0 -5.859375 -7.324219 2.929687 -5.615234 -7.324219 -2.929687 -5.615234 -12.45117 0 -5.615234 9.521485 -8.056641 -5.859375 8.056641 -9.521485 -5.859375 9.765625 -9.765625 -5.859375 1.953125 7.324219 0 1.953125 7.568359 -0.2441406 1.953125 5.371094 0 1.953125 7.568359 -2.197266 1.953125 7.568359 -0.2441406 1.953125 12.20703 -0.2441406 -1.953125 -7.324219 0 -1.953125 -7.568359 -0.2441406 -1.953125 -5.371094 0 -1.953125 -7.568359 -2.197266 -1.953125 -7.568359 -0.2441406 -1.953125 -12.20703 -0.2441406 -1.953125 7.324219 0 -1.953125 5.371094 0 -1.953125 7.568359 -0.2441406 -1.953125 7.568359 -2.197266 -1.953125 12.20703 -0.2441406 -1.953125 7.568359 -0.2441406 1.953125 -7.324219 0 1.953125 -5.371094 0 1.953125 -7.568359 -0.2441406 1.953125 -7.568359 -2.197266 1.953125 -12.20703 -0.2441406 1.953125 -7.568359 -0.2441406 8.789063 7.324219 -5.615234 9.277344 6.347656 -5.615234 8.300782 6.591797 -5.615234 9.277344 7.324219 -5.615234 9.277344 6.347656 -5.615234 8.789063 7.324219 -5.615234 9.277344 7.324219 -5.615234 10.74219 6.103516 -5.615234 9.277344 6.347656 -5.615234 8.789063 7.324219 -5.859375 8.300782 6.591797 -5.859375 9.277344 6.347656 -5.859375 9.277344 7.324219 -5.859375 9.277344 6.347656 -5.859375 10.74219 6.103516 -5.859375 9.277344 7.324219 -5.859375 8.789063 7.324219 -5.859375 9.277344 6.347656 -5.859375 -9.277344 -6.347656 -5.615234 -8.300782 -6.591797 -5.615234 -8.789063 -7.324219 -5.615234 -9.277344 -6.347656 -5.615234 -8.789063 -7.324219 -5.615234 -9.277344 -7.324219 -5.615234 -10.74219 -6.103516 -5.615234 -9.277344 -6.347656 -5.615234 -9.277344 -7.324219 -5.615234 -9.277344 -6.347656 -5.859375 -8.789063 -7.324219 -5.859375 -8.300782 -6.591797 -5.859375 -10.74219 -6.103516 -5.859375 -9.277344 -7.324219 -5.859375 -9.277344 -6.347656 -5.859375 -9.277344 -6.347656 -5.859375 -9.277344 -7.324219 -5.859375 -8.789063 -7.324219 -5.859375 -8.789063 7.324219 -5.615234 -8.300782 6.591797 -5.615234 -9.277344 6.347656 -5.615234 -9.277344 7.324219 -5.615234 -9.277344 6.347656 -5.615234 -10.74219 6.103516 -5.615234 -9.277344 7.324219 -5.615234 -8.789063 7.324219 -5.615234 -9.277344 6.347656 -5.615234 -8.789063 7.324219 -5.859375 -9.277344 6.347656 -5.859375 -8.300782 6.591797 -5.859375 -9.277344 7.324219 -5.859375 -9.277344 6.347656 -5.859375 -8.789063 7.324219 -5.859375 -9.277344 7.324219 -5.859375 -10.74219 6.103516 -5.859375 -9.277344 6.347656 -5.859375 9.277344 -6.347656 -5.615234 8.789063 -7.324219 -5.615234 8.300782 -6.591797 -5.615234 10.74219 -6.103516 -5.615234 9.277344 -7.324219 -5.615234 9.277344 -6.347656 -5.615234 9.277344 -6.347656 -5.615234 9.277344 -7.324219 -5.615234 8.789063 -7.324219 -5.615234 9.277344 -6.347656 -5.859375 8.300782 -6.591797 -5.859375 8.789063 -7.324219 -5.859375 9.277344 -6.347656 -5.859375 8.789063 -7.324219 -5.859375 9.277344 -7.324219 -5.859375 10.74219 -6.103516 -5.859375 9.277344 -6.347656 -5.859375 9.277344 -7.324219 -5.859375 9.521485 4.150391 -5.615234 9.521485 4.150391 -5.615234 7.324219 2.929687 -5.615234 7.080078 2.929687 -5.859375 9.521485 4.150391 -5.615234 7.324219 2.929687 -5.615234 7.080078 2.929687 -5.859375 7.324219 2.929687 -5.615234 7.324219 2.929687 -5.615234 7.080078 2.929687 -5.859375 7.324219 2.929687 -5.615234 7.324219 2.929687 -5.615234 7.080078 2.929687 -5.859375 7.324219 2.929687 -5.615234 7.324219 2.929687 -5.615234 7.080078 2.929687 -5.859375 7.080078 2.929687 -5.859375 7.324219 2.929687 -5.615234 9.521485 4.150391 -5.859375 9.521485 4.150391 -5.615234 7.080078 2.929687 -5.859375 7.080078 2.929687 -5.859375 9.521485 4.150391 -5.615234 7.080078 2.929687 -5.859375 7.080078 2.929687 -5.859375 7.080078 2.929687 -5.859375 7.080078 2.929687 -5.859375 -7.324219 -2.929687 -5.615234 -9.521485 -4.150391 -5.615234 -9.521485 -4.150391 -5.615234 -7.080078 -2.929687 -5.859375 -9.521485 -4.150391 -5.615234 -7.324219 -2.929687 -5.615234 -7.080078 -2.929687 -5.859375 -7.324219 -2.929687 -5.615234 -7.324219 -2.929687 -5.615234 -7.080078 -2.929687 -5.859375 -7.324219 -2.929687 -5.615234 -7.324219 -2.929687 -5.615234 -7.080078 -2.929687 -5.859375 -7.324219 -2.929687 -5.615234 -7.324219 -2.929687 -5.615234 -7.080078 -2.929687 -5.859375 -7.080078 -2.929687 -5.859375 -7.324219 -2.929687 -5.615234 -9.521485 -4.150391 -5.859375 -9.521485 -4.150391 -5.615234 -7.080078 -2.929687 -5.859375 -7.080078 -2.929687 -5.859375 -9.521485 -4.150391 -5.615234 -7.080078 -2.929687 -5.859375 -7.080078 -2.929687 -5.859375 -7.080078 -2.929687 -5.859375 -7.080078 -2.929687 -5.859375 0 17.08984 -0.2441406 1.953125 12.20703 -0.2441406 0 12.45117 -0.2441406 8.544922 14.89258 -0.2441406 6.103516 10.74219 -0.2441406 4.150391 11.71875 -0.2441406 8.544922 14.89258 -0.2441406 8.056641 9.521485 -0.2441406 6.103516 10.74219 -0.2441406 14.89258 8.544922 -0.2441406 10.74219 6.103516 -0.2441406 9.521485 8.056641 -0.2441406 14.89258 8.544922 -0.2441406 11.71875 4.150391 -0.2441406 10.74219 6.103516 -0.2441406 17.08984 0 -0.2441406 12.45117 0 -0.2441406 12.20703 2.197266 -0.2441406 8.544922 14.89258 -0.2441406 4.150391 11.71875 -0.2441406 4.394531 16.60156 -0.2441406 14.89258 8.544922 -0.2441406 9.521485 8.056641 -0.2441406 12.20703 12.20703 -0.2441406 14.89258 8.544922 -0.2441406 16.60156 4.394531 -0.2441406 11.71875 4.150391 -0.2441406 16.60156 4.394531 -0.2441406 17.08984 0 -0.2441406 12.20703 2.197266 -0.2441406 16.60156 4.394531 -0.2441406 12.20703 2.197266 -0.2441406 11.71875 4.150391 -0.2441406 9.521485 8.056641 -0.2441406 8.056641 9.521485 -0.2441406 12.20703 12.20703 -0.2441406 8.056641 9.521485 -0.2441406 8.544922 14.89258 -0.2441406 12.20703 12.20703 -0.2441406 4.150391 11.71875 -0.2441406 1.953125 12.20703 -0.2441406 4.394531 16.60156 -0.2441406 1.953125 12.20703 -0.2441406 0 17.08984 -0.2441406 4.394531 16.60156 -0.2441406 0 -17.08984 -0.2441406 -1.953125 -12.20703 -0.2441406 0 -12.45117 -0.2441406 -8.544922 -14.89258 -0.2441406 -6.103516 -10.74219 -0.2441406 -4.150391 -11.71875 -0.2441406 -8.544922 -14.89258 -0.2441406 -8.056641 -9.521485 -0.2441406 -6.103516 -10.74219 -0.2441406 -14.89258 -8.544922 -0.2441406 -10.74219 -6.103516 -0.2441406 -9.521485 -8.056641 -0.2441406 -14.89258 -8.544922 -0.2441406 -11.71875 -4.150391 -0.2441406 -10.74219 -6.103516 -0.2441406 -17.08984 0 -0.2441406 -12.45117 0 -0.2441406 -12.20703 -2.197266 -0.2441406 -8.544922 -14.89258 -0.2441406 -4.150391 -11.71875 -0.2441406 -4.394531 -16.60156 -0.2441406 -14.89258 -8.544922 -0.2441406 -9.521485 -8.056641 -0.2441406 -12.20703 -12.20703 -0.2441406 -14.89258 -8.544922 -0.2441406 -16.60156 -4.394531 -0.2441406 -11.71875 -4.150391 -0.2441406 -16.60156 -4.394531 -0.2441406 -17.08984 0 -0.2441406 -12.20703 -2.197266 -0.2441406 -16.60156 -4.394531 -0.2441406 -12.20703 -2.197266 -0.2441406 -11.71875 -4.150391 -0.2441406 -9.521485 -8.056641 -0.2441406 -8.056641 -9.521485 -0.2441406 -12.20703 -12.20703 -0.2441406 -8.056641 -9.521485 -0.2441406 -8.544922 -14.89258 -0.2441406 -12.20703 -12.20703 -0.2441406 -4.150391 -11.71875 -0.2441406 -1.953125 -12.20703 -0.2441406 -4.394531 -16.60156 -0.2441406 -1.953125 -12.20703 -0.2441406 0 -17.08984 -0.2441406 -4.394531 -16.60156 -0.2441406 0 17.08984 -0.2441406 0 12.45117 -0.2441406 -1.953125 12.20703 -0.2441406 -8.544922 14.89258 -0.2441406 -4.150391 11.71875 -0.2441406 -6.103516 10.74219 -0.2441406 -8.544922 14.89258 -0.2441406 -6.103516 10.74219 -0.2441406 -8.056641 9.521485 -0.2441406 -14.89258 8.544922 -0.2441406 -9.521485 8.056641 -0.2441406 -10.74219 6.103516 -0.2441406 -14.89258 8.544922 -0.2441406 -10.74219 6.103516 -0.2441406 -11.71875 4.150391 -0.2441406 -17.08984 0 -0.2441406 -12.20703 2.197266 -0.2441406 -12.45117 0 -0.2441406 -8.544922 14.89258 -0.2441406 -4.394531 16.60156 -0.2441406 -4.150391 11.71875 -0.2441406 -14.89258 8.544922 -0.2441406 -12.20703 12.20703 -0.2441406 -9.521485 8.056641 -0.2441406 -14.89258 8.544922 -0.2441406 -11.71875 4.150391 -0.2441406 -16.60156 4.394531 -0.2441406 -16.60156 4.394531 -0.2441406 -12.20703 2.197266 -0.2441406 -17.08984 0 -0.2441406 -16.60156 4.394531 -0.2441406 -11.71875 4.150391 -0.2441406 -12.20703 2.197266 -0.2441406 -9.521485 8.056641 -0.2441406 -12.20703 12.20703 -0.2441406 -8.056641 9.521485 -0.2441406 -8.056641 9.521485 -0.2441406 -12.20703 12.20703 -0.2441406 -8.544922 14.89258 -0.2441406 -4.150391 11.71875 -0.2441406 -4.394531 16.60156 -0.2441406 -1.953125 12.20703 -0.2441406 -1.953125 12.20703 -0.2441406 -4.394531 16.60156 -0.2441406 0 17.08984 -0.2441406 0 -17.08984 -0.2441406 0 -12.45117 -0.2441406 1.953125 -12.20703 -0.2441406 8.544922 -14.89258 -0.2441406 4.150391 -11.71875 -0.2441406 6.103516 -10.74219 -0.2441406 8.544922 -14.89258 -0.2441406 6.103516 -10.74219 -0.2441406 8.056641 -9.521485 -0.2441406 14.89258 -8.544922 -0.2441406 9.521485 -8.056641 -0.2441406 10.74219 -6.103516 -0.2441406 14.89258 -8.544922 -0.2441406 10.74219 -6.103516 -0.2441406 11.71875 -4.150391 -0.2441406 17.08984 0 -0.2441406 12.20703 -2.197266 -0.2441406 12.45117 0 -0.2441406 8.544922 -14.89258 -0.2441406 4.394531 -16.60156 -0.2441406 4.150391 -11.71875 -0.2441406 14.89258 -8.544922 -0.2441406 12.20703 -12.20703 -0.2441406 9.521485 -8.056641 -0.2441406 14.89258 -8.544922 -0.2441406 11.71875 -4.150391 -0.2441406 16.60156 -4.394531 -0.2441406 16.60156 -4.394531 -0.2441406 12.20703 -2.197266 -0.2441406 17.08984 0 -0.2441406 16.60156 -4.394531 -0.2441406 11.71875 -4.150391 -0.2441406 12.20703 -2.197266 -0.2441406 9.521485 -8.056641 -0.2441406 12.20703 -12.20703 -0.2441406 8.056641 -9.521485 -0.2441406 8.056641 -9.521485 -0.2441406 12.20703 -12.20703 -0.2441406 8.544922 -14.89258 -0.2441406 4.150391 -11.71875 -0.2441406 4.394531 -16.60156 -0.2441406 1.953125 -12.20703 -0.2441406 1.953125 -12.20703 -0.2441406 4.394531 -16.60156 -0.2441406 0 -17.08984 -0.2441406 24.16992 6.835937 -4.394531 21.48438 7.080078 -2.197266 21.48438 8.300782 -3.173828 24.16992 6.835937 -4.394531 21.48438 8.300782 -3.173828 21.48438 8.544922 -4.394531 24.16992 6.835937 -4.394531 21.72852 6.347656 -1.953125 21.48438 7.080078 -2.197266 24.16992 6.835937 -4.394531 21.97266 5.371094 -2.197266 21.72852 6.347656 -1.953125 24.16992 6.835937 -4.394531 22.70508 4.150391 -4.394531 22.46094 4.394531 -3.173828 24.16992 6.835937 -4.394531 22.46094 4.394531 -3.173828 21.97266 5.371094 -2.197266 24.16992 6.835937 -4.394531 21.48438 8.544922 -4.394531 21.48438 7.080078 -5.615234 24.16992 6.835937 -4.394531 21.48438 7.080078 -5.615234 21.97266 5.371094 -5.615234 24.16992 6.835937 -4.394531 21.97266 5.371094 -5.615234 22.70508 4.150391 -4.394531</float_array>
          <technique_common>
            <accessor source="#Mesh_0578Mesh_001-mesh-positions-array" count="4833" stride="3">
              <param name="X" type="float"/>
              <param name="Y" type="float"/>
              <param name="Z" type="float"/>
            </accessor>
          </technique_common>
        </source>
        <source id="Mesh_0578Mesh_001-mesh-normals">
          <float_array id="Mesh_0578Mesh_001-mesh-normals-array" count="7119">0.4533113 -0.7366309 0.5018804 0.5209903 -0.6715973 0.5268076 0.4807254 -0.7116139 0.5123562 0.5414007 -0.6496807 0.5336669 -0.2132557 -0.7108523 0.6702321 -0.2132557 -0.7108523 0.6702322 -0.7721576 -0.3563804 0.5260853 -0.7821949 -0.317562 0.5360277 -0.7944822 -0.2597491 0.5489339 -0.7998468 -0.2285276 0.5549958 0.4961559 -0.56231 -0.6615412 0.4636346 -0.3794762 -0.8006502 0.4763416 -0.4380579 -0.7623674 0.4398539 -0.2868613 -0.8510224 -0.6804139 -0.2721655 -0.6804139 -0.6158158 -0.1864478 -0.7655118 -0.5697772 -0.1313264 -0.8112382 -0.5185186 -0.07407408 -0.8518518 -0.3113996 -0.7784989 -0.5449493 -0.2277785 -0.9513071 -0.2076821 -0.276322 -0.8785041 -0.3897139 -0.1839417 -0.981023 -0.06131392 0 -1 0 0.1062654 -0.9918109 0.07084363 0.110252 -0.9914297 0.07008409 0.1241025 -0.9899755 0.06743365 0.1318761 -0.9890708 0.06593805 -0.7071068 -0.7071068 0 -0.5846272 -0.8038623 -0.1096199 -0.6564503 -0.7238259 -0.2124832 -0.5997929 -0.7895137 -0.1300643 -0.6704012 -0.7039213 -0.2346426 -0.1690309 -0.8451543 -0.5070925 -0.2143012 -0.8708928 -0.4422903 -0.2603619 -0.8914859 -0.3707622 -0.3015114 -0.9045341 -0.3015114 0.1511257 0.5541279 0.8185984 0.1580172 0.556428 0.815732 0.1604858 0.5572443 0.8146921 0.1679019 0.5596733 0.8115262 0.5232046 -0.5232046 0.6726916 0.4213803 -0.5914087 0.6875133 0.4724038 -0.5589007 0.6815165 0.2963992 -0.658665 0.6915982 -0.1441708 -0.4805694 0.8650249 -0.1378874 -0.4737775 0.8697827 -0.1419438 -0.4781662 0.8667232 -0.1342312 -0.4698092 0.8725029 -0.7389172 -0.2015228 0.6429539 -0.6974453 -0.2815033 0.6590343 -0.6633414 -0.3386262 0.667316 -0.5623216 -0.4779734 0.6747859 -0.3563796 -0.7721586 0.5260843 -0.2597491 -0.7944822 0.5489339 -0.3175615 -0.7821955 0.5360271 -0.2285279 -0.7998465 0.5549962 -0.7108522 -0.2132563 0.6702321 -0.7108523 -0.2132557 0.6702321 -0.7108523 -0.2132556 0.6702321 -0.7108523 -0.2132551 0.6702322 -0.7366309 0.4533113 0.5018804 -0.6974121 0.4954897 0.51779 -0.6292936 0.5594524 0.5394467 -0.5910809 0.5910798 0.5488609 -0.2721655 -0.6804139 -0.6804139 -0.1313264 -0.5697772 -0.8112382 -0.1864478 -0.6158158 -0.7655118 -0.07407408 -0.5185186 -0.8518518 -0.4850713 0.4850713 -0.7276069 -0.4155073 0.4677822 -0.7800857 -0.3887892 0.4604079 -0.79804 -0.3328201 0.4437602 -0.8320503 -0.8451543 -0.1690309 -0.5070925 -0.8914859 -0.2603619 -0.3707622 -0.8708928 -0.2143012 -0.4422903 -0.9045341 -0.3015114 -0.3015114 -0.8038626 -0.5846273 -0.1096176 -0.789514 -0.5997931 -0.130062 -0.7238262 -0.6564506 -0.2124812 -0.7039216 -0.6704016 -0.2346405 -0.70711 -0.7071036 0 -0.7071089 -0.7071048 0 -0.7071062 -0.7071075 0 -0.7071051 -0.7071086 0 -0.9918112 0.1062632 0.07084363 -0.9899748 0.1241076 0.06743359 -0.9914298 0.1102514 0.07008415 -0.9890697 0.1318843 0.06593793 -1 0 0 -0.7427814 -0.3713907 -0.5570861 -0.8746867 -0.3204085 -0.363678 -0.9536878 -0.2547288 -0.1599781 -0.9805808 -0.1961161 0 0.5627974 0.1534902 0.8122192 0.5576274 0.158296 0.8148584 0.5557215 0.1600579 0.8158156 0.5502605 0.1650781 0.8185124 -0.7366309 -0.4533113 0.5018804 -0.6292936 -0.5594524 0.5394467 -0.6974121 -0.4954897 0.51779 -0.5910809 -0.5910798 0.5488609 -0.7108524 0.2132551 0.6702322 -0.7108523 0.2132556 0.6702322 -0.7108523 0.2132557 0.6702321 -0.7108522 0.2132563 0.6702321 -0.3563796 0.7721586 0.5260843 -0.3175615 0.7821955 0.5360271 -0.2597491 0.7944822 0.5489339 -0.2285279 0.7998465 0.5549962 -0.5633258 -0.5007341 -0.6572134 -0.4104521 -0.4664166 -0.7835717 -0.458474 -0.4788031 -0.7486983 -0.3328201 -0.4437602 -0.8320503 0 0.6 -0.8 -0.01605683 0.6126908 -0.7901597 -0.0246787 0.6193774 -0.7847054 -0.03385937 0.6263993 -0.7787666 -0.7427814 0.3713907 -0.5570861 -0.9536878 0.2547288 -0.1599781 -0.8746867 0.3204085 -0.363678 -0.9805808 0.1961161 0 -0.9045341 -0.3015114 -0.3015114 -0.9303624 -0.2592547 -0.2592547 -0.9955676 -0.06650203 -0.06650203 -0.9868357 -0.1591181 -0.02893036 -0.8669807 -0.4903038 -0.0891456 -0.8017821 -0.587977 -0.1069043 -0.6350544 0.7711346 0.04536098 -0.889333 0.4407882 0.1216251 -0.7049818 0.706335 0.06396597 -0.945611 0.2909572 0.1454786 -0.9263671 0.3368608 0.1684303 -0.758062 0.6292198 -0.1715363 -0.9081214 0.4071169 0.09783333 -0.7039216 0.6704016 -0.2346405 -0.8451543 0.1690309 -0.5070925 -0.8708928 0.2143012 -0.4422903 -0.8914859 0.2603619 -0.3707622 -0.9045341 0.3015114 -0.3015114 0.5541281 -0.1511258 0.8185983 0.5564281 -0.1580172 0.8157319 0.5572444 -0.1604858 0.814692 0.5596733 -0.1679019 0.8115262 -0.5232046 -0.5232046 0.6726916 -0.5914087 -0.4213803 0.6875133 -0.5589007 -0.4724038 0.6815165 -0.658665 -0.2963992 0.6915982 -0.4805694 0.1441708 0.8650249 -0.4737775 0.1378874 0.8697827 -0.4781662 0.1419438 0.8667232 -0.4698092 0.1342312 0.8725029 -0.201523 0.738917 0.6429543 -0.2815034 0.697445 0.6590344 -0.3386262 0.6633412 0.6673161 -0.4779734 0.5623216 0.6747859 0.05186176 -0.829789 0.5556623 0.1790686 -0.7908902 0.5851728 0.1015633 -0.8164626 0.5683959 0.2212696 -0.7744437 0.592686 -0.4974684 -0.4974684 0.7106691 -0.8432741 0.1054092 0.5270463 -0.8421069 0.109413 0.5280953 -0.8400739 0.1162593 0.5298677 -0.8389869 0.1198552 0.5307877 0.1551927 -0.7138865 -0.682848 0.1956022 -0.5901443 -0.783243 0.1836102 -0.6303177 -0.7543122 0.2134314 -0.5238772 -0.824621 -0.7138865 0.1551927 -0.682848 -0.6303176 0.1836101 -0.7543123 -0.5901442 0.1956022 -0.7832431 -0.523877 0.2134314 -0.8246212 -0.6666667 -0.6666667 -0.3333333 -0.6592217 -0.7054939 -0.2602025 -0.6633574 -0.6875028 -0.2954605 -0.656205 -0.71586 -0.23862 -0.2649065 -0.9271727 -0.2649065 -0.2573081 -0.9276037 -0.2708207 -0.2241783 -0.9284754 -0.296104 -0.2062842 -0.9282792 -0.3094264 -0.1734938 -0.9831355 -0.05783128 -0.1427636 -0.9876962 -0.06383329 -0.09174758 -0.993059 -0.07359659 -0.07647186 -0.9941349 -0.07647186 -0.835506 -0.5406183 0.09829479 -0.9947934 -0.1002688 0.01823079 -0.9149671 -0.3970196 0.07218581 -0.9271727 -0.2649065 -0.2649065 -0.9284754 -0.2241783 -0.296104 -0.9276037 -0.2573081 -0.2708207 -0.9282792 -0.2062842 -0.3094264 -0.6811264 -0.6645262 -0.3073628 -0.7054939 -0.6592217 -0.2602025 -0.71586 -0.656205 -0.23862 0.4257971 0.4257971 0.7983695 0.4257971 0.4257971 0.7983695 0.4257971 0.4257971 0.7983695 0.1771159 -0.7084636 0.6831614 -0.01364815 -0.7060654 0.7080152 0.08613425 -0.7106044 0.6982996 -0.2459549 -0.667592 0.7027283 -0.4082483 -0.4082483 0.8164966 -0.4082483 -0.4082483 0.8164967 -0.7039216 0.2346405 0.6704016 -0.7103517 0.1290343 0.6919182 -0.7086328 0.02432185 0.7051582 -0.667592 -0.2459549 0.7027283 -0.8682432 0 -0.496139 -0.8682432 0 -0.4961389 -0.8682432 0 -0.496139 -0.8682432 0 -0.4961389 -0.7760681 -0.4386472 -0.4531081 -0.7674729 -0.4124343 -0.4907988 -0.7727029 -0.4278733 -0.4688869 -0.7537347 -0.3768673 -0.5383819 -0.4269055 -0.7552943 -0.4972751 -0.419638 -0.7823019 -0.4603344 -0.424045 -0.7665319 -0.4823014 -0.4082483 -0.8164966 -0.4082483 -0.08775979 -0.965358 -0.245728 -0.05849009 -0.9715712 -0.2294087 -0.04271101 -0.9744477 -0.2205164 0 -0.9805807 -0.1961161 -0.1427515 -0.9516766 -0.2719076 -0.1290183 -0.943479 -0.3052897 -0.1135229 -0.932833 -0.3419578 -0.08247864 -0.907265 -0.4123924 0 -0.3162277 0.9486834 -0.3123475 0.1561737 0.9370426 -0.3123475 0.1561737 0.9370425 -0.8432741 -0.1054092 0.5270463 -0.8400739 -0.1162593 0.5298677 -0.8421069 -0.109413 0.5280953 -0.8389869 -0.1198552 0.5307877 -0.4974684 0.4974684 0.7106691 0.05186176 0.829789 0.5556623 0.1015633 0.8164626 0.5683959 0.1790686 0.7908902 0.5851728 0.2212696 0.7744437 0.592686 -0.7138865 -0.1551927 -0.682848 -0.5901442 -0.1956022 -0.7832431 -0.6303176 -0.1836101 -0.7543123 -0.523877 -0.2134314 -0.8246212 0.1551927 0.7138865 -0.682848 0.1836102 0.6303177 -0.7543122 0.1956022 0.5901443 -0.783243 0.2134314 0.5238772 -0.824621 -0.8 0.6 0 -0.6695947 0.6662876 -0.3281829 -0.7522952 0.6407843 -0.1531256 -0.6085807 0.6694387 -0.4260064 -0.9271727 0.2649065 -0.2649065 -0.9281285 0.2446609 -0.2805685 -0.9264937 0.1701002 -0.3356717 -0.9238698 0.1421338 -0.3553345 -0.8355031 0.5406228 0.09829449 -0.9149655 0.3970231 0.07218557 -0.9947934 0.1002697 0.01823073 -0.1734945 0.9831354 -0.05783146 -0.0917477 0.9930589 -0.07359665 -0.142764 0.9876962 -0.06383341 -0.07647186 0.9941349 -0.07647186 -0.2649065 0.9271727 -0.2649065 -0.2241783 0.9284754 -0.296104 -0.2573081 0.9276037 -0.2708207 -0.2062842 0.9282792 -0.3094264 -0.6 0.8 0 -0.6228626 0.7784244 -0.07808876 -0.6478273 0.7380937 -0.1885141 -0.656205 0.71586 -0.23862 0.4257971 -0.4257971 0.7983695 0.4257971 -0.4257971 0.7983695 0.4257971 -0.4257971 0.7983695 -0.7039216 -0.2346405 0.6704016 -0.7086328 -0.02432185 0.7051582 -0.7103517 -0.1290343 0.6919182 -0.667592 0.2459549 0.7027283 -0.4082483 0.4082483 0.8164966 -0.4082483 0.4082483 0.8164967 0.1771159 0.7084636 0.6831614 0.08613425 0.7106044 0.6982996 -0.01364815 0.7060654 0.7080152 -0.2459549 0.667592 0.7027283 -0.4533113 0.7366309 0.5018804 -0.5594526 0.629293 0.539447 -0.4954898 0.697412 0.5177901 -0.5910801 0.5910801 0.5488612 0.1460236 0.730118 0.6675364 0.1727085 0.698019 0.6949398 0.1745505 0.6957191 0.6967833 0.1991707 0.6639025 0.7208083 0.7832114 0.3132845 0.5370593 0.7886927 0.2888202 0.5427219 0.7961344 0.2506586 0.5507633 0.7998468 0.2285276 0.5549958 -0.460408 0.3887892 -0.7980399 -0.4677823 0.4155073 -0.7800856 -0.4437604 0.3328203 -0.8320502 0.6562051 0.23862 -0.71586 0.5984679 0.1652028 -0.7839288 0.5666674 0.1277401 -0.8139844 0.5185186 0.07407408 -0.8518518 0.3713907 0.7427814 -0.5570861 0.2547288 0.9536878 -0.1599781 0.3204085 0.8746867 -0.363678 0.1961161 0.9805808 0 0 1 0 -0.1062654 0.9918109 0.07084363 -0.110252 0.9914297 0.07008409 -0.1241025 0.9899755 0.06743365 -0.1318761 0.9890708 0.06593805 0.7711358 0.6350529 0.04536092 0.4407886 0.8893328 0.1216251 0.7063362 0.7049806 0.06396591 0.2909572 0.945611 0.1454786 0.3368608 0.9263671 0.1684303 0.6292195 0.7580617 -0.171538 0.4071169 0.9081215 0.09783297 0.6704012 0.7039213 -0.2346426 0.1690309 0.8451543 -0.5070925 0.2143012 0.8708928 -0.4422903 0.2603619 0.8914859 -0.3707622 0.3015114 0.9045341 -0.3015114 -0.1511257 -0.5541279 0.8185984 -0.1580172 -0.556428 0.815732 -0.1604858 -0.5572443 0.8146921 -0.1679019 -0.5596733 0.8115262 -0.5232046 0.5232046 0.6726916 -0.4213803 0.5914087 0.6875133 -0.4724038 0.5589007 0.6815165 -0.2963992 0.658665 0.6915982 0.1008867 0.5044333 0.8575366 0.1432541 0.5565538 0.8183681 0.1135156 0.5202095 0.8464611 0.1671024 0.5848584 0.7937365 0.7526627 0.2052716 0.6255897 0.7113488 0.2987979 0.6361625 0.6514203 0.40755 0.6399646 0.5181664 0.5872553 0.6217997 -0.05186176 0.829789 0.5556623 -0.1790686 0.7908902 0.5851728 -0.1015633 0.8164626 0.5683959 -0.2212696 0.7744437 0.592686 0.4974684 0.4974684 0.7106691 0.8432741 -0.1054092 0.5270463 0.8421069 -0.109413 0.5280953 0.8400739 -0.1162593 0.5298677 0.8389869 -0.1198552 0.5307877 -0.1551927 0.7138865 -0.682848 -0.1956022 0.5901443 -0.783243 -0.1836102 0.6303177 -0.7543122 -0.2134314 0.5238772 -0.824621 0.7138865 -0.1551927 -0.682848 0.6303176 -0.1836101 -0.7543123 0.5901442 -0.1956022 -0.7832431 0.523877 -0.2134314 -0.8246212 0.6 0.8 0 0.6478273 0.7380937 -0.1885141 0.6228626 0.7784244 -0.07808876 0.656205 0.71586 -0.23862 0.2649065 0.9271727 -0.2649065 0.2573081 0.9276037 -0.2708207 0.2241783 0.9284754 -0.296104 0.2062842 0.9282792 -0.3094264 0.1734945 0.9831354 -0.05783146 0.142764 0.9876962 -0.06383341 0.0917477 0.9930589 -0.07359665 0.07647186 0.9941349 -0.07647186 0.8355031 0.5406228 0.09829449 0.9947934 0.1002697 0.01823073 0.9149655 0.3970231 0.07218557 1 0 0 0.9271727 0.2649065 -0.2649065 0.9264937 0.1701002 -0.3356717 0.9281285 0.2446609 -0.2805685 0.9238698 0.1421338 -0.3553345 0.8 0.6 0 0.7522952 0.6407843 -0.1531256 0.6695947 0.6662876 -0.3281829 0.6085807 0.6694387 -0.4260064 -0.4257971 -0.4257971 0.7983695 -0.4257971 -0.4257971 0.7983695 -0.4257971 -0.4257971 0.7983695 -0.1771159 0.7084636 0.6831614 0.01364815 0.7060654 0.7080152 -0.08613425 0.7106044 0.6982996 0.2459549 0.667592 0.7027283 0.4082483 0.4082483 0.8164966 0.4082483 0.4082483 0.8164967 0.7039216 -0.2346405 0.6704016 0.7103517 -0.1290343 0.6919182 0.7086328 -0.02432185 0.7051582 0.667592 0.2459549 0.7027283 -0.7832114 0.3132845 0.5370593 -0.7961344 0.2506586 0.5507633 -0.7886927 0.2888202 0.5427219 -0.7998468 0.2285276 0.5549958 -0.1361599 0.6807999 0.7197027 -0.1730407 0.6959051 0.6969743 -0.1757912 0.6969786 0.6952111 -0.2132557 0.7108523 0.6702321 0.4533113 0.7366309 0.5018804 0.4954897 0.6974119 0.5177901 0.5594525 0.629293 0.5394473 0.59108 0.59108 0.5488616 -0.6562051 0.23862 -0.71586 -0.5666674 0.1277401 -0.8139844 -0.5984679 0.1652028 -0.7839288 -0.5185186 0.07407408 -0.8518518 0.4850713 0.4850713 -0.7276069 0.4677824 0.4155074 -0.7800855 0.4604082 0.3887894 -0.7980397 0.4437606 0.3328204 -0.83205 -0.1690309 0.8451543 -0.5070925 -0.2603619 0.8914859 -0.3707622 -0.2143012 0.8708928 -0.4422903 -0.3015114 0.9045341 -0.3015114 -0.3368608 0.9263671 0.1684303 -0.4071169 0.9081215 0.09783297 -0.6292195 0.7580617 -0.171538 -0.6704012 0.7039213 -0.2346426 -0.7711358 0.6350529 0.04536092 -0.7063362 0.7049806 0.06396591 -0.4407886 0.8893328 0.1216251 -0.2909572 0.945611 0.1454786 0.1062654 0.9918109 0.07084363 0.1241025 0.9899755 0.06743365 0.110252 0.9914297 0.07008409 0.1318761 0.9890708 0.06593805 -0.3713907 0.7427814 -0.5570861 -0.3204085 0.8746867 -0.363678 -0.2547288 0.9536878 -0.1599781 -0.1961161 0.9805808 0 0.1534901 -0.5627973 0.8122192 0.1582959 -0.5576272 0.8148584 0.1600579 -0.5557214 0.8158157 0.1650781 -0.5502605 0.8185124 -0.7526627 0.2052716 0.6255897 -0.6514203 0.40755 0.6399646 -0.7113488 0.2987979 0.6361625 -0.5181664 0.5872553 0.6217997 -0.1154701 0.5773503 0.8082904 -0.1315016 0.5129976 0.8482575 -0.1204679 0.5579527 0.8210825 -0.13826 0.4839099 0.864127 0.5232046 0.5232046 0.6726916 0.4724038 0.5589007 0.6815165 0.4213803 0.5914087 0.6875133 0.2963992 0.658665 0.6915982 0.4269055 0.7552943 -0.4972751 0.4324302 0.7307346 -0.5282341 0.4292381 0.7454345 -0.5099824 0.4379795 0.7007672 -0.5631157 0 0.8682432 -0.496139 0 0.8682436 -0.4961384 0 0.8682433 -0.4961386 0 0.8682441 -0.4961374 -0.4158286 0.7356968 -0.5346371 -0.4395928 0.7442048 -0.5029091 -0.425652 0.7393304 -0.5217384 -0.4712123 0.7539396 -0.4577491 -0.8835414 0.4016097 -0.2409658 -0.8785843 0.4185463 -0.230019 -0.8798137 0.4144805 -0.2326666 -0.8728716 0.4364358 -0.2182179 -0.8961564 0.3301629 -0.2964728 -0.8972051 0.3480631 -0.2717999 -0.8968995 0.3811387 -0.2242872 -0.8945027 0.4065921 -0.1858707 0.7333431 0.5958413 -0.3273853 0.7543889 0.5852692 -0.2972497 0.7869891 0.5657611 -0.2460951 0.8161882 0.5441255 -0.1943305 0.8122956 0.5415303 -0.2166121 0.8008449 0.5695762 -0.1850149 0.7959989 0.5801429 -0.1726847 0.7748447 0.6198758 -0.1239751 -0.3247849 0.2598279 0.9093977 -0.290948 0.2026652 0.9350273 -0.3128707 0.2395322 0.9190953 -0.2822163 0.1881442 0.940721 0.3247849 0.2598279 0.9093977 0.3128707 0.2395322 0.9190953 0.290948 0.2026652 0.9350273 0.2822163 0.1881442 0.940721 0.3563796 0.7721586 0.5260843 0.2597491 0.7944822 0.5489339 0.3175615 0.7821955 0.5360271 0.2285279 0.7998465 0.5549962 0.7108522 0.2132563 0.6702321 0.7108523 0.2132557 0.6702321 0.7108523 0.2132556 0.6702321 0.7108523 0.2132551 0.6702322 0.7366309 -0.4533113 0.5018804 0.6974121 -0.4954897 0.51779 0.6292936 -0.5594524 0.5394467 0.5910809 -0.5910798 0.5488609 0.23862 0.6562051 -0.71586 0.1277401 0.5666674 -0.8139844 0.1652028 0.5984679 -0.7839288 0.07407408 0.5185186 -0.8518518 0.5633258 -0.5007341 -0.6572134 0.458474 -0.4788031 -0.7486983 0.4104521 -0.4664166 -0.7835717 0.3328201 -0.4437602 -0.8320503 0.8451543 0.1690309 -0.5070925 0.8914859 0.2603619 -0.3707622 0.8708928 0.2143012 -0.4422903 0.9045341 0.3015114 -0.3015114 0.9263671 0.3368608 0.1684303 0.9081214 0.4071169 0.09783333 0.758062 0.6292198 -0.1715363 0.7039216 0.6704016 -0.2346405 0.6350544 0.7711346 0.04536098 0.7049818 0.706335 0.06396597 0.889333 0.4407882 0.1216251 0.945611 0.2909572 0.1454786 0.8669807 -0.4903038 -0.0891456 0.9868357 -0.1591181 -0.02893036 0.8017821 -0.587977 -0.1069043 0.9045341 -0.3015114 -0.3015114 0.9955676 -0.06650203 -0.06650203 0.9303624 -0.2592547 -0.2592547 0.7427814 0.3713907 -0.5570861 0.8746867 0.3204085 -0.363678 0.9536878 0.2547288 -0.1599781 0.9805808 0.1961161 0 -0.5627974 -0.1534902 0.8122192 -0.5576274 -0.158296 0.8148584 -0.5557215 -0.1600579 0.8158156 -0.5502605 -0.1650781 0.8185124 0.201523 0.738917 0.6429543 0.3386262 0.6633412 0.6673161 0.2815034 0.697445 0.6590344 0.4779734 0.5623216 0.6747859 0.4707512 0.1412253 0.8708897 0.4793682 0.1392901 0.8664897 0.473621 0.1405835 0.8694362 0.4839109 0.1382602 0.8641265 0.5589007 -0.4724038 0.6815165 0.5914087 -0.4213803 0.6875133 0.658665 -0.2963992 0.6915982 0.8432741 0.1054092 0.5270463 0.8400739 0.1162593 0.5298677 0.8421069 0.109413 0.5280953 0.8389869 0.1198552 0.5307877 0.4974684 -0.4974684 0.7106691 -0.05186176 -0.829789 0.5556623 -0.1015633 -0.8164626 0.5683959 -0.1790686 -0.7908902 0.5851728 -0.2212696 -0.7744437 0.592686 0.7138865 0.1551927 -0.682848 0.5901442 0.1956022 -0.7832431 0.6303176 0.1836101 -0.7543123 0.523877 0.2134314 -0.8246212 -0.1551927 -0.7138865 -0.682848 -0.1836102 -0.6303177 -0.7543122 -0.1956022 -0.5901443 -0.783243 -0.2134314 -0.5238772 -0.824621 0.6666667 -0.6666667 -0.3333333 0.7054939 -0.6592217 -0.2602025 0.6811264 -0.6645262 -0.3073628 0.71586 -0.656205 -0.23862 0.9271727 -0.2649065 -0.2649065 0.9276037 -0.2573081 -0.2708207 0.9284754 -0.2241783 -0.296104 0.9282792 -0.2062842 -0.3094264 0.835506 -0.5406183 0.09829479 0.9149671 -0.3970196 0.07218581 0.9947934 -0.1002688 0.01823079 0.1734938 -0.9831355 -0.05783128 0.09174758 -0.993059 -0.07359659 0.1427636 -0.9876962 -0.06383329 0.07647186 -0.9941349 -0.07647186 0.2649065 -0.9271727 -0.2649065 0.2241783 -0.9284754 -0.296104 0.2573081 -0.9276037 -0.2708207 0.2062842 -0.9282792 -0.3094264 0.6633574 -0.6875028 -0.2954605 0.6592217 -0.7054939 -0.2602025 0.656205 -0.71586 -0.23862 -0.4257971 0.4257971 0.7983695 -0.4257971 0.4257971 0.7983695 -0.4257971 0.4257971 0.7983695 0.7039216 0.2346405 0.6704016 0.7086328 0.02432185 0.7051582 0.7103517 0.1290343 0.6919182 0.667592 -0.2459549 0.7027283 0.4082483 -0.4082483 0.8164966 0.4082483 -0.4082483 0.8164967 -0.1771159 -0.7084636 0.6831614 -0.08613425 -0.7106044 0.6982996 0.01364815 -0.7060654 0.7080152 0.2459549 -0.667592 0.7027283 0.7721576 -0.3563804 0.5260853 0.7944822 -0.2597491 0.5489339 0.7821949 -0.317562 0.5360277 0.7998468 -0.2285276 0.5549958 0.2132557 -0.7108523 0.6702321 0.2132557 -0.7108523 0.6702321 -0.4533113 -0.7366309 0.5018804 -0.4807254 -0.711614 0.5123559 -0.5209905 -0.6715976 0.5268071 -0.541401 -0.6496811 0.5336661 0.6804139 -0.2721655 -0.6804139 0.5697772 -0.1313264 -0.8112382 0.6158158 -0.1864478 -0.7655118 0.5185186 -0.07407408 -0.8518518 -0.4961559 -0.56231 -0.6615412 -0.4763416 -0.4380579 -0.7623674 -0.4636346 -0.3794762 -0.8006502 -0.4398539 -0.2868613 -0.8510224 0.1690309 -0.8451543 -0.5070925 0.2603619 -0.8914859 -0.3707622 0.2143012 -0.8708928 -0.4422903 0.3015114 -0.9045341 -0.3015114 0.5846272 -0.8038623 -0.1096199 0.5997929 -0.7895137 -0.1300643 0.6564503 -0.7238259 -0.2124832 0.6704012 -0.7039213 -0.2346426 0.7071068 -0.7071068 0 -0.1062654 -0.9918109 0.07084363 -0.1241025 -0.9899755 0.06743365 -0.110252 -0.9914297 0.07008409 -0.1318761 -0.9890708 0.06593805 0.3113996 -0.7784989 -0.5449493 0.276322 -0.8785041 -0.3897139 0.2277785 -0.9513071 -0.2076821 0.1839417 -0.981023 -0.06131392 -0.1534901 0.5627973 0.8122192 -0.1582959 0.5576272 0.8148584 -0.1600579 0.5557214 0.8158157 -0.1650781 0.5502605 0.8185124 0.7389172 -0.2015228 0.6429539 0.6633414 -0.3386262 0.667316 0.6974453 -0.2815033 0.6590343 0.5623216 -0.4779734 0.6747859 0.1412255 -0.4707518 0.8708893 0.13929 -0.4793678 0.86649 0.1405836 -0.4736213 0.8694361 0.13826 -0.4839099 0.864127 -0.4724038 -0.5589007 0.6815165 -0.4213803 -0.5914087 0.6875133 -0.2963992 -0.658665 0.6915982 0.7366309 0.4533113 0.5018804 0.6292936 0.5594524 0.5394467 0.6974121 0.4954897 0.51779 0.5910809 0.5910798 0.5488609 0.7108524 -0.2132551 0.6702322 0.7108523 -0.2132556 0.6702322 0.7108523 -0.2132557 0.6702321 0.7108522 -0.2132563 0.6702321 0.3563796 -0.7721586 0.5260843 0.3175615 -0.7821955 0.5360271 0.2597491 -0.7944822 0.5489339 0.2285279 -0.7998465 0.5549962 0.3887892 0.4604079 -0.79804 0.4155073 0.4677822 -0.7800857 0.3328201 0.4437602 -0.8320503 0.2721655 -0.6804139 -0.6804139 0.1864478 -0.6158158 -0.7655118 0.1313264 -0.5697772 -0.8112382 0.07407408 -0.5185186 -0.8518518 0.7427814 -0.3713907 -0.5570861 0.9536878 -0.2547288 -0.1599781 0.8746867 -0.3204085 -0.363678 0.9805808 -0.1961161 0 0.9918112 0.1062632 0.07084363 0.9914298 0.1102514 0.07008415 0.9899748 0.1241076 0.06743359 0.9890697 0.1318843 0.06593793 0.70711 -0.7071036 0 0.7071062 -0.7071075 0 0.7071089 -0.7071048 0 0.7071051 -0.7071086 0 0.8038626 -0.5846273 -0.1096176 0.7238262 -0.6564506 -0.2124812 0.789514 -0.5997931 -0.130062 0.7039216 -0.6704016 -0.2346405 0.8451543 -0.1690309 -0.5070925 0.8708928 -0.2143012 -0.4422903 0.8914859 -0.2603619 -0.3707622 0.9045341 -0.3015114 -0.3015114 -0.5541281 0.1511258 0.8185983 -0.5564281 0.1580172 0.8157319 -0.5572444 0.1604858 0.814692 -0.5596733 0.1679019 0.8115262 0.5914087 0.4213803 0.6875133 0.5589007 0.4724038 0.6815165 0.658665 0.2963992 0.6915982 0.4805694 -0.1441708 0.8650249 0.4737775 -0.1378874 0.8697827 0.4781662 -0.1419438 0.8667232 0.4698092 -0.1342312 0.8725029 0.201523 -0.738917 0.6429543 0.2815034 -0.697445 0.6590344 0.3386262 -0.6633412 0.6673161 0.4779734 -0.5623216 0.6747859 0.438647 -0.7760679 -0.4531086 0.4124343 -0.7674727 -0.4907991 0.4278731 -0.7727027 -0.4688873 0.3768673 -0.7537347 -0.5383819 0.7552944 -0.4269055 -0.4972746 0.782302 -0.4196382 -0.4603342 0.766532 -0.4240452 -0.4823011 0.8164966 -0.4082483 -0.4082483 0.8682432 0 -0.496139 0.8682432 0 -0.4961389 0.8682432 0 -0.496139 0.8682432 0 -0.4961389 0.8835414 0.4016097 -0.2409658 0.8798137 0.4144805 -0.2326666 0.8785843 0.4185463 -0.230019 0.8728716 0.4364358 -0.2182179 0.9229437 0.3400319 -0.1804251 0.9084576 0.3516272 -0.2259714 0.886514 0.3653343 -0.2839434 0.8446761 0.3839437 -0.3729738 0.1389236 -0.9261576 -0.3506172 0.1265776 -0.9345983 -0.3324217 0.1067454 -0.9469853 -0.3030256 0.08707922 -0.957872 -0.2736761 0.08879154 -0.9767074 -0.1953426 0.05950951 -0.9722574 -0.2262171 0.04608136 -0.9696292 -0.2401993 0 -0.9578266 -0.287347 0.3123475 0.1561737 0.9370426 0.3123475 0.1561737 0.9370425 0 0 -1 0.164399 0.986394 0 0.164399 0.986394 0 0.3807498 0.9246782 0 0.3807498 0.9246781 0 0.6178216 0.7863184 0 0.6178216 0.7863184 0 0.7863184 0.6178216 0 0.7863184 0.6178216 0 0.9246782 -0.3807498 0 0.9246781 -0.3807498 0 0.986394 -0.164399 0 0.986394 -0.164399 0 0.986394 0.164399 0 0.986394 0.164399 0 0.9246782 0.3807498 0 0.9246781 0.3807498 0 0.7863184 -0.6178216 0 0.7863184 -0.6178216 0 0.6178216 -0.7863184 0 0.6178216 -0.7863184 0 0.3807498 -0.9246782 0 0.3807498 -0.9246781 0 0.164399 -0.986394 0 0.164399 -0.986394 0 -0.7863184 -0.6178216 0 -0.7863184 -0.6178216 0 -0.6178216 -0.7863184 0 -0.6178216 -0.7863184 0 -0.3807498 -0.9246782 0 -0.3807498 -0.9246781 0 -0.164399 -0.986394 0 -0.164399 -0.986394 0 -0.9246782 -0.3807498 0 -0.9246781 -0.3807498 0 -0.986394 -0.164399 0 -0.986394 -0.164399 0 -0.986394 0.164399 0 -0.986394 0.164399 0 -0.9246782 0.3807498 0 -0.9246781 0.3807498 0 -0.164399 0.986394 0 -0.164399 0.986394 0 -0.3807498 0.9246782 0 -0.3807498 0.9246781 0 -0.6178216 0.7863184 0 -0.6178216 0.7863184 0 -0.7863184 0.6178216 0 -0.7863184 0.6178216 0 0.6158885 -0.7838581 0.07904446 0.6639832 -0.7467329 0.03894102 0.6514456 -0.7570655 0.04970347 0.7592566 -0.6507914 0 0.7731248 -0.6338082 0.02377533 0.7720795 -0.6351474 0.02193456 0.7854787 -0.6171616 0.04620462 0.9233133 -0.380188 0.05431252 0.9333093 -0.3579382 0.02853465 0.9341611 -0.3558896 0.02618527 0.9429903 -0.3328205 0 -0.7863184 -0.6178214 0 -0.772054 -0.6351231 0.02347826 -0.7731779 -0.6338185 0.02167659 -0.7585006 -0.6501433 0.04461765 -0.9415428 -0.3323096 0.05538487 -0.9340866 -0.3558881 0.02873599 -0.933362 -0.3579675 0.0263583 -0.9246781 -0.38075 0 -0.9863941 -0.1643983 0 -0.9788197 -0.2008022 0.03988152 -0.9759945 -0.2115545 0.05176472 -0.9591509 -0.2615869 0.1077121 0.9841416 -0.1640238 0.06753909 0.9785637 -0.201561 0.04226571 0.9762173 -0.2141593 0.03369963 0.9647641 -0.2631165 0 0.6860642 0.6860642 0.2421403 0.7372832 0.6534622 0.1714658 0.7514171 0.6425634 0.1499491 0.7824842 0.6148092 0.09863245 0.6174847 0.7858896 -0.03302097 0.5508003 0.8303337 0.08464699 0.5580716 0.8265939 0.07279282 0.4936065 0.852593 0.1715746 0.2607818 0.9561998 0.1329469 0.3247639 0.9436413 0.06379395 0.3377668 0.9399396 0.04926687 -0.3794391 0.9214951 0.08290225 -0.3367135 0.9401724 0.0519604 -0.3221337 0.9457826 0.04153639 -0.2631174 0.9647638 0 -0.5008565 0.865116 0.02678406 -0.5594427 0.8241353 0.08845925 -0.5514547 0.8303813 0.0797789 -0.6111049 0.7777693 0.1470571 -0.1078327 -0.6469963 0.7548298 -0.07492524 -0.6087533 0.7898137 -0.06891298 -0.6015551 0.7958533 0 -0.5144957 0.8574929 -0.5962848 0.2981424 0.745356 -0.5928961 0.243567 0.7675607 -0.5928502 0.2429966 0.767777 -0.5896348 0.2081064 0.780399 -0.5146503 0.4411288 0.7352147 -0.4993241 0.3970234 0.770096 -0.4995044 0.3975228 0.7697215 -0.4660024 0.3106682 0.8284486 0.5570861 0.3713907 0.7427814 0.5103983 0.3956039 0.7635387 0.5112583 0.3951767 0.7631844 0.4791325 0.410685 0.7757383 0.6313642 0.2228344 0.7427814 0.5883198 0.2323576 0.7745255 0.5873453 0.2325611 0.7752038 0.4982728 0.2491364 0.8304549 0 -0.6507914 0.7592567 0.05803215 -0.6205546 0.7820131 0.06582844 -0.6162537 0.7847917 0.09950363 -0.597022 0.79603 0.3573455 -0.738514 -0.5717528 0.2900199 -0.7652927 -0.574644 0.2948858 -0.7635111 -0.5745375 0.1717795 -0.8016378 -0.5725983 0.6985355 -0.6985355 -0.1552301 0.6464608 -0.7331631 -0.211093 0.6697703 -0.7186703 -0.1868712 0.5848976 -0.7648661 -0.2699527 -0.02870053 -0.7749157 -0.6314128 -0.03337287 -0.7759367 -0.6299275 -0.03168028 -0.775569 -0.6304674 -0.03698629 -0.7767131 -0.6287677 -0.738514 -0.3573455 -0.5717528 -0.7652927 -0.2900199 -0.574644 -0.7635111 -0.2948858 -0.5745375 -0.8016378 -0.1717795 -0.5725983 -0.6985355 -0.6985355 -0.1552301 -0.7331635 -0.6464604 -0.2110932 -0.7186706 -0.66977 -0.1868713 -0.7648668 -0.5848968 -0.269953 -0.7749157 0.02870053 -0.6314128 -0.7759367 0.03337287 -0.6299275 -0.775569 0.03168028 -0.6304674 -0.7767131 0.03698629 -0.6287677 -0.02722662 -0.8712525 -0.4900795 -0.2051025 -0.8355147 -0.5097531 -0.1824938 -0.8417024 -0.5081666 -0.4514661 -0.7336325 -0.5078994 0.2370885 -0.9483541 -0.2107453 0.1511257 -0.9461798 -0.2861903 0.1903867 -0.9487046 -0.2524138 0.04637384 -0.9274778 -0.3709911 -0.5196225 -0.6563652 -0.546971 -0.3941838 -0.7060197 -0.5883497 -0.4427999 -0.688803 -0.5740025 -0.2862513 -0.7360748 -0.6133957 -0.872656 0.02566468 -0.4876607 -0.8456811 0.2052756 -0.4926313 -0.8455015 0.2060478 -0.4926173 -0.7190917 0.522978 -0.4576038 -0.9394502 -0.3131501 -0.1391778 -0.9487874 -0.1931757 -0.2499715 -0.9475486 -0.2505854 -0.1983901 -0.9274778 -0.04637384 -0.3709911 -0.5966942 0.6298439 -0.4972452 -0.6906462 0.4379079 -0.5755385 -0.659479 0.5128985 -0.5495659 -0.7360748 0.2862513 -0.6133957 -0.3573455 0.738514 -0.5717528 -0.2900199 0.7652927 -0.574644 -0.2948858 0.7635111 -0.5745375 -0.1717795 0.8016378 -0.5725983 -0.6985355 0.6985355 -0.1552301 -0.6464608 0.7331631 -0.211093 -0.6697703 0.7186703 -0.1868712 -0.5848976 0.7648661 -0.2699527 0.02870053 0.7749157 -0.6314128 0.03337287 0.7759367 -0.6299275 0.03168028 0.775569 -0.6304674 0.03698629 0.7767131 -0.6287677 0.02722662 0.8712525 -0.4900795 0.2051025 0.8355147 -0.5097531 0.1824938 0.8417024 -0.5081666 0.4514661 0.7336325 -0.5078994 -0.2370885 0.9483541 -0.2107453 -0.1511257 0.9461798 -0.2861903 -0.1903867 0.9487046 -0.2524138 -0.04637384 0.9274778 -0.3709911 0.5196225 0.6563652 -0.546971 0.3941838 0.7060197 -0.5883497 0.4427999 0.688803 -0.5740025 0.2862513 0.7360748 -0.6133957 -0.7059385 0.4127025 -0.5756107 -0.6256063 0.5221568 -0.5796283 -0.6264735 0.5211018 -0.5796412 -0.447039 0.6984984 -0.5587988 -0.953246 0.2599762 -0.15406 -0.9456952 0.276302 -0.1712248 -0.9493364 0.2686082 -0.1631263 -0.9379072 0.2917934 -0.1875814 -0.3315193 0.7367095 -0.5893676 -0.3912909 0.6918733 -0.6067972 -0.361396 0.7150241 -0.5984427 -0.4261624 0.6629193 -0.6155679 0.4127025 0.7059378 -0.5756114 0.5221568 0.6256059 -0.5796288 0.5211018 0.626473 -0.5796416 0.6984984 0.447039 -0.5587988 0.259976 0.9532461 -0.1540598 0.2763022 0.9456951 -0.1712248 0.2686082 0.9493364 -0.1631264 0.2917937 0.937907 -0.1875817 0.7367095 0.3315193 -0.5893676 0.6918733 0.3912909 -0.6067972 0.7150241 0.361396 -0.5984427 0.6629193 0.4261624 -0.6155679 0.8712525 -0.02722835 -0.4900795 0.8355146 -0.2051029 -0.5097531 0.8417023 -0.1824943 -0.5081666 0.7336331 -0.4514647 -0.5078999 0.9394502 0.3131501 -0.1391778 0.9487874 0.1931757 -0.2499715 0.9475486 0.2505854 -0.1983901 0.9274778 0.04637384 -0.3709911 0.6563652 -0.5196225 -0.546971 0.7060197 -0.3941838 -0.5883497 0.688803 -0.4427999 -0.5740025 0.7360748 -0.2862513 -0.6133957 0.7059385 -0.4127025 -0.5756107 0.6256063 -0.5221568 -0.5796283 0.6264735 -0.5211018 -0.5796412 0.447039 -0.6984984 -0.5587988 0.953246 -0.2599762 -0.15406 0.9456952 -0.276302 -0.1712248 0.9493364 -0.2686082 -0.1631263 0.9379072 -0.2917934 -0.1875814 0.3315193 -0.7367095 -0.5893676 0.3912909 -0.6918733 -0.6067972 0.361396 -0.7150241 -0.5984427 0.4261624 -0.6629193 -0.6155679 0.738514 0.3573455 -0.5717528 0.7652927 0.2900199 -0.574644 0.7635111 0.2948858 -0.5745375 0.8016378 0.1717795 -0.5725983 0.6985355 0.6985355 -0.1552301 0.7331635 0.6464604 -0.2110932 0.7186706 0.66977 -0.1868713 0.7648668 0.5848968 -0.269953 0.7749157 -0.02870053 -0.6314128 0.7759367 -0.03337287 -0.6299275 0.775569 -0.03168028 -0.6304674 0.7767131 -0.03698629 -0.6287677 -0.3315193 -0.7367095 -0.5893676 -0.361396 -0.7150241 -0.5984427 -0.3912909 -0.6918733 -0.6067972 -0.4261624 -0.6629193 -0.6155679 -0.953246 -0.2599762 -0.15406 -0.9493364 -0.2686082 -0.1631263 -0.9456952 -0.276302 -0.1712248 -0.9379072 -0.2917934 -0.1875814 -0.7059385 -0.4127025 -0.5756107 -0.6264735 -0.5211018 -0.5796412 -0.6256063 -0.5221568 -0.5796283 -0.447039 -0.6984984 -0.5587988 -0.7367095 0.3315193 -0.5893676 -0.7150241 0.361396 -0.5984427 -0.6918733 0.3912909 -0.6067972 -0.6629193 0.4261624 -0.6155679 -0.259976 0.9532461 -0.1540598 -0.2686082 0.9493364 -0.1631264 -0.2763022 0.9456951 -0.1712248 -0.2917937 0.937907 -0.1875817 -0.4127025 0.7059378 -0.5756114 -0.5211018 0.626473 -0.5796416 -0.5221568 0.6256059 -0.5796288 -0.6984984 0.447039 -0.5587988 -0.6563652 -0.5196225 -0.546971 -0.688803 -0.4427999 -0.5740025 -0.7060197 -0.3941838 -0.5883497 -0.7360748 -0.2862513 -0.6133957 -0.9394502 0.3131501 -0.1391778 -0.9475486 0.2505854 -0.1983901 -0.9487874 0.1931757 -0.2499715 -0.9274778 0.04637384 -0.3709911 -0.8712525 -0.02722835 -0.4900795 -0.8417023 -0.1824943 -0.5081666 -0.8355146 -0.2051029 -0.5097531 -0.7336331 -0.4514647 -0.5078999 -0.5196225 0.6563652 -0.546971 -0.4427999 0.688803 -0.5740025 -0.3941838 0.7060197 -0.5883497 -0.2862513 0.7360748 -0.6133957 0.2370885 0.9483541 -0.2107453 0.1903867 0.9487046 -0.2524138 0.1511257 0.9461798 -0.2861903 0.04637384 0.9274778 -0.3709911 -0.02722662 0.8712525 -0.4900795 -0.1824938 0.8417024 -0.5081666 -0.2051025 0.8355147 -0.5097531 -0.4514661 0.7336325 -0.5078994 0.3315193 0.7367095 -0.5893676 0.361396 0.7150241 -0.5984427 0.3912909 0.6918733 -0.6067972 0.4261624 0.6629193 -0.6155679 0.953246 0.2599762 -0.15406 0.9493364 0.2686082 -0.1631263 0.9456952 0.276302 -0.1712248 0.9379072 0.2917934 -0.1875814 0.7059385 0.4127025 -0.5756107 0.6264735 0.5211018 -0.5796412 0.6256063 0.5221568 -0.5796283 0.447039 0.6984984 -0.5587988 0.5966942 0.6298439 -0.4972452 0.659479 0.5128985 -0.5495659 0.6906462 0.4379079 -0.5755385 0.7360748 0.2862513 -0.6133957 0.9394502 -0.3131501 -0.1391778 0.9475486 -0.2505854 -0.1983901 0.9487874 -0.1931757 -0.2499715 0.9274778 -0.04637384 -0.3709911 0.872656 0.02566468 -0.4876607 0.8455015 0.2060478 -0.4926173 0.8456811 0.2052756 -0.4926313 0.7190917 0.522978 -0.4576038 -0.02870053 0.7749157 -0.6314128 -0.03168028 0.775569 -0.6304674 -0.03337287 0.7759367 -0.6299275 -0.03698629 0.7767131 -0.6287677 0.6697703 0.7186703 -0.1868712 0.6464608 0.7331631 -0.211093 0.5848976 0.7648661 -0.2699527 0.3573455 0.738514 -0.5717528 0.2948858 0.7635111 -0.5745375 0.2900199 0.7652927 -0.574644 0.1717795 0.8016378 -0.5725983 0.7749157 0.02870053 -0.6314128 0.775569 0.03168028 -0.6304674 0.7759367 0.03337287 -0.6299275 0.7767131 0.03698629 -0.6287677 0.7186706 -0.66977 -0.1868713 0.7331635 -0.6464604 -0.2110932 0.7648668 -0.5848968 -0.269953 0.738514 -0.3573455 -0.5717528 0.7635111 -0.2948858 -0.5745375 0.7652927 -0.2900199 -0.574644 0.8016378 -0.1717795 -0.5725983 0.5196225 -0.6563652 -0.546971 0.4427999 -0.688803 -0.5740025 0.3941838 -0.7060197 -0.5883497 0.2862513 -0.7360748 -0.6133957 -0.2370885 -0.9483541 -0.2107453 -0.1903867 -0.9487046 -0.2524138 -0.1511257 -0.9461798 -0.2861903 -0.04637384 -0.9274778 -0.3709911 0.02722662 -0.8712525 -0.4900795 0.1824938 -0.8417024 -0.5081666 0.2051025 -0.8355147 -0.5097531 0.4514661 -0.7336325 -0.5078994 0.02870053 -0.7749157 -0.6314128 0.03168028 -0.775569 -0.6304674 0.03337287 -0.7759367 -0.6299275 0.03698629 -0.7767131 -0.6287677 -0.6697703 -0.7186703 -0.1868712 -0.6464608 -0.7331631 -0.211093 -0.5848976 -0.7648661 -0.2699527 -0.3573455 -0.738514 -0.5717528 -0.2948858 -0.7635111 -0.5745375 -0.2900199 -0.7652927 -0.574644 -0.1717795 -0.8016378 -0.5725983 0.7367095 -0.3315193 -0.5893676 0.7150241 -0.361396 -0.5984427 0.6918733 -0.3912909 -0.6067972 0.6629193 -0.4261624 -0.6155679 0.259976 -0.9532461 -0.1540598 0.2686082 -0.9493364 -0.1631264 0.2763022 -0.9456951 -0.1712248 0.2917937 -0.937907 -0.1875817 0.4127025 -0.7059378 -0.5756114 0.5211018 -0.626473 -0.5796416 0.5221568 -0.6256059 -0.5796288 0.6984984 -0.447039 -0.5587988 -0.7628479 0.6102783 -0.2135974 -0.7917961 0.5805008 -0.1899412 -0.8009909 0.5703399 -0.1820057 -0.8207635 0.5471757 -0.1641527 -0.8161882 0.5441255 -0.1943305 -0.7543889 0.5852692 -0.2972497 -0.7869891 0.5657611 -0.2460951 -0.7333431 0.5958413 -0.3273853 0.5710725 0.734236 -0.3671154 0.646604 0.5607738 -0.5171424 0.5807106 0.7177899 -0.3841263 0.6538808 0.5349934 -0.5349972 0.4420257 0.8472159 0.2946838 0.9893556 0.09906977 0.1065872 0.5994364 0.7509058 0.2771584 0.9943789 -0.09470272 0.04735136 0.05954909 0.9527862 0.2977457 -0.2146955 0.9380114 0.2721039 -0.7443227 0.6522353 0.1434321 -0.8082905 0.5773503 0.1154701 -0.140286 0.911859 -0.3857887 -0.1626495 0.8985495 -0.4076199 -0.3826961 0.6981641 -0.6050707 -0.4264027 0.6396041 -0.6395995 0.2075143 0.6917145 -0.6917145 0.2075143 0.6917145 -0.6917145 0.9118599 -0.1402861 -0.3857869 0.6981628 -0.3826951 -0.6050728 0.8985503 -0.1626496 -0.4076184 0.6396022 -0.4264014 -0.6396022 0.952786 0.0595529 0.2977456 0.6522366 -0.7443216 0.1434324 0.9380121 -0.2146923 0.272104 0.5773515 -0.8082896 0.1154703 0.787043 0.5132911 0.3421926 0.7398554 0.5864561 0.3296717 0.157027 0.9782348 0.1356445 -0.1961185 0.9805803 0 0.9486834 0.3162277 0 0.9286332 0.3656004 -0.06306248 0.5896907 0.6374137 -0.4959524 0.5349932 0.6538844 -0.5349932 0.6917145 0.2075143 -0.6917145 0.6917145 0.2075143 -0.6917145 0.9486834 -0.3162277 0 0.5896919 -0.6374116 -0.4959536 0.9286333 -0.3656001 -0.0630626 0.5349945 -0.6538822 -0.5349945 0.5345211 -0.801785 0.2672605 -0.01961576 -0.9974113 0.06918013 0.4619922 -0.8528606 0.2432938 -0.1961185 -0.9805803 0 0.9396182 0.06711983 0.3355779 0.9241724 0.2136449 0.3166406 0.7234504 0.6598293 0.2030881 0.6943158 0.6943118 0.1893588 0.5069794 0.5069794 -0.6970967 0.5137072 0.5034052 -0.6947576 0.6276587 0.4346252 -0.6458681 0.6396022 0.4264014 -0.6396022 0.6917145 -0.2075143 -0.6917145 0.6917145 -0.2075143 -0.6917145 0.7592567 0.6507914 0 0.8686258 0.3766717 -0.3218816 0.7818096 0.6220997 -0.04202002 0.8703883 0.3481553 -0.3481553 0.9045341 0.3015114 0.3015114 0.8851393 -0.4611265 0.06237608 0.9485844 0.1654816 0.2698212 0.8000032 -0.5999959 0 0.1727746 0.9502547 0.2591619 0.09768748 0.9645552 0.2451338 -0.4659242 0.8796586 0.09547501 -0.7070993 0.7071143 0 0.6507914 0.7592567 0 0.6220997 0.7818096 -0.04202002 0.3766717 0.8686258 -0.3218816 0.3481553 0.8703883 -0.3481553 0.5773503 0.5773503 -0.5773503 0.5773503 0.5773503 -0.5773503 0.6507914 -0.7592567 0 0.3766717 -0.8686258 -0.3218816 0.6220997 -0.7818096 -0.04202002 0.3481553 -0.8703883 -0.3481553 0.1727728 -0.9502558 0.2591592 -0.465938 -0.8796513 0.09547442 0.09768444 -0.964556 0.2451315 -0.7071143 -0.7070993 0 0.9045341 -0.3015114 0.3015114 0.9485846 -0.1654804 0.2698215 0.8851352 0.4611343 0.0623762 0.7999969 0.6000041 0 0.7592567 -0.6507914 0 0.7818096 -0.6220997 -0.04202002 0.8686258 -0.3766717 -0.3218816 0.8703883 -0.3481553 -0.3481553 0.5773503 -0.5773503 -0.5773503 0.5773503 -0.5773503 -0.5773503 -0.3162277 -0.9486834 0 -0.6374105 -0.589691 -0.4959563 -0.3655999 -0.9286333 -0.06306296 -0.6538808 -0.5349934 -0.5349972 -0.5132895 -0.7870439 0.342193 -0.9782344 -0.1570292 0.1356446 -0.5864545 -0.7398564 0.329672 -0.9805807 0.1961161 0 -0.05954909 -0.9527862 0.2977457 0.0563488 -0.9554706 0.2896564 0.3825945 -0.8909229 0.2446997 0.4580786 -0.8588975 0.2290393 -0.07664012 -0.9963222 -0.0383225 -0.03592139 -0.9958125 -0.08406698 0.4178328 -0.7157801 -0.5595309 0.4819012 -0.6195873 -0.6195828 -0.2075143 -0.6917145 -0.6917145 -0.2075143 -0.6917145 -0.6917145 -0.7592567 -0.6507914 0 -0.8686258 -0.3766717 -0.3218816 -0.7818096 -0.6220997 -0.04202002 -0.8703883 -0.3481553 -0.3481553 -0.9045341 -0.3015114 0.3015114 -0.8851352 0.4611343 0.0623762 -0.9485846 -0.1654804 0.2698215 -0.7999969 0.6000041 0 -0.1727728 -0.9502558 0.2591592 -0.09768444 -0.964556 0.2451315 0.465938 -0.8796513 0.09547442 0.7071143 -0.7070993 0 -0.6507914 -0.7592567 0 -0.6220997 -0.7818096 -0.04202002 -0.3766717 -0.8686258 -0.3218816 -0.3481553 -0.8703883 -0.3481553 -0.5773503 -0.5773503 -0.5773503 -0.5773503 -0.5773503 -0.5773503 0.07664012 -0.9963222 -0.0383225 -0.4178328 -0.7157801 -0.5595309 0.03592139 -0.9958125 -0.08406698 -0.4819012 -0.6195873 -0.6195828 0.05954909 -0.9527862 0.2977457 -0.3825945 -0.8909229 0.2446997 -0.0563488 -0.9554706 0.2896564 -0.4580786 -0.8588975 0.2290393 0.5132895 -0.7870439 0.342193 0.5864545 -0.7398564 0.329672 0.9782344 -0.1570292 0.1356446 0.9805807 0.1961161 0 0.3162277 -0.9486834 0 0.3655999 -0.9286333 -0.06306296 0.6374105 -0.589691 -0.4959563 0.6538808 -0.5349934 -0.5349972 0.2075143 -0.6917145 -0.6917145 0.2075143 -0.6917145 -0.6917145 -0.9118599 0.1402861 -0.3857869 -0.6981628 0.3826951 -0.6050728 -0.8985503 0.1626496 -0.4076184 -0.6396022 0.4264014 -0.6396022 -0.952786 -0.0595529 0.2977456 -0.6522366 0.7443216 0.1434324 -0.9380121 0.2146923 0.272104 -0.5773515 0.8082896 0.1154703 -0.5345211 -0.801785 0.2672605 -0.4619922 -0.8528606 0.2432938 0.01961576 -0.9974113 0.06918013 0.1961185 -0.9805803 0 -0.9486834 -0.3162277 0 -0.9286332 -0.3656004 -0.06306248 -0.5896907 -0.6374137 -0.4959524 -0.5349932 -0.6538844 -0.5349932 -0.6917145 -0.2075143 -0.6917145 -0.6917145 -0.2075143 -0.6917145 -0.6507914 0.7592567 0 -0.3766717 0.8686258 -0.3218816 -0.6220997 0.7818096 -0.04202002 -0.3481553 0.8703883 -0.3481553 -0.1727746 0.9502547 0.2591619 0.4659242 0.8796586 0.09547501 -0.09768748 0.9645552 0.2451338 0.7070993 0.7071143 0 -0.9045341 0.3015114 0.3015114 -0.9485844 0.1654816 0.2698212 -0.8851393 -0.4611265 0.06237608 -0.8000032 -0.5999959 0 -0.7592567 0.6507914 0 -0.7818096 0.6220997 -0.04202002 -0.8686258 0.3766717 -0.3218816 -0.8703883 0.3481553 -0.3481553 -0.5773503 0.5773503 -0.5773503 -0.5773503 0.5773503 -0.5773503 0.140286 0.911859 -0.3857887 0.3826961 0.6981641 -0.6050707 0.1626495 0.8985495 -0.4076199 0.4264027 0.6396041 -0.6395995 -0.05954909 0.9527862 0.2977457 0.7443227 0.6522353 0.1434321 0.2146955 0.9380114 0.2721039 0.8082905 0.5773503 0.1154701 -0.4420257 0.8472159 0.2946838 -0.5994364 0.7509058 0.2771584 -0.9893556 0.09906977 0.1065872 -0.9943789 -0.09470272 0.04735136 -0.5710725 0.734236 -0.3671154 -0.5807106 0.7177899 -0.3841263 -0.646604 0.5607738 -0.5171424 -0.6538808 0.5349934 -0.5349972 -0.2075143 0.6917145 -0.6917145 -0.2075143 0.6917145 -0.6917145 -0.9486834 0.3162277 0 -0.5896919 0.6374116 -0.4959536 -0.9286333 0.3656001 -0.0630626 -0.5349945 0.6538822 -0.5349945 -0.787043 0.5132911 0.3421926 -0.157027 0.9782348 0.1356445 -0.7398554 0.5864561 0.3296717 0.1961185 0.9805803 0 -0.952786 0.0595529 0.2977456 -0.9380121 -0.2146923 0.272104 -0.6522366 -0.7443216 0.1434324 -0.5773515 -0.8082896 0.1154703 -0.9118599 -0.1402861 -0.3857869 -0.8985503 -0.1626496 -0.4076184 -0.6981628 -0.3826951 -0.6050728 -0.6396022 -0.4264014 -0.6396022 -0.6917145 0.2075143 -0.6917145 -0.6917145 0.2075143 -0.6917145 -0.08804506 -0.7043607 -0.7043607 -0.1240347 -0.992278 0 0.08804506 0.7043607 -0.7043607 0.1240347 0.992278 0 0.08804506 -0.7043607 -0.7043607 0.1240347 -0.992278 0 -0.08804506 0.7043607 -0.7043607 -0.1240347 0.992278 0 -0.9761871 -0.2169305 0 -0.9761871 -0.2169305 0 -0.8479983 -0.529999 0 -0.529999 -0.8479983 0 0.9761871 0.2169305 0 0.9761871 0.2169305 0 0.8479983 0.529999 0 0.529999 0.8479983 0 0.9761871 -0.2169305 0 0.9761871 -0.2169305 0 0.8479983 -0.529999 0 0.529999 -0.8479983 0 -0.9761871 0.2169305 0 -0.9761871 0.2169305 0 -0.8479983 0.529999 0 -0.529999 0.8479983 0 0 0 1 -0.9486833 0.3162278 0 -0.9486834 0.3162278 0 0.4472137 0.8944273 0 0.4472136 0.8944272 0 0.5299989 0.8479983 0 0.7071068 0.7071068 0 0.3162278 0.9486833 0 0.124017 0.9921361 0.01691174 0.09825456 0.9951537 0.003893077 0.114118 0.9933959 0.01190489 0.0905357 0.9958933 0 0.529999 0.8479983 0 0.8479983 0.529999 0 0.8944273 0.4472137 0 0.9938839 0.1104308 0 0.9926856 0.1206547 -0.004236459 0.9935358 0.1135122 -0.001276195 0.9922621 0.1240335 -0.005637824 0.9700835 0.2425209 -0.01102364 0.9748477 0.2228577 -0.002546489 0.9717 0.2360746 -0.008239567 0.9761871 0.2169304 0 0.2169304 0.9761871 0 0.2913004 0.9560879 0.03225123 0.2354448 0.9718551 0.007967829 0.3159341 0.9478026 0.04308187 -0.4472137 -0.8944273 0 -0.4472136 -0.8944272 0 -0.5299989 -0.8479983 0 -0.3162278 -0.9486833 0 -0.124017 -0.9921361 0.01691174 -0.09825456 -0.9951537 0.003893077 -0.114118 -0.9933959 0.01190489 -0.0905357 -0.9958933 0 -0.529999 -0.8479983 0 -0.8479983 -0.529999 0 -0.8944273 -0.4472137 0 -0.9938839 -0.1104308 0 -0.9926856 -0.1206547 -0.004236459 -0.9935358 -0.1135122 -0.001276195 -0.9922621 -0.1240335 -0.005637824 -0.9700835 -0.2425209 -0.01102364 -0.9748477 -0.2228577 -0.002546489 -0.9717 -0.2360746 -0.008239567 -0.9761871 -0.2169304 0 -0.2169304 -0.9761871 0 -0.2913004 -0.9560879 0.03225123 -0.2354448 -0.9718551 0.007967829 -0.3159341 -0.9478026 0.04308187 -0.4472137 0.8944273 0 -0.4472136 0.8944272 0 -0.5299989 0.8479983 0 -0.7071068 0.7071068 0 -0.3162278 0.9486833 0 -0.124017 0.9921361 0.01691174 -0.114118 0.9933959 0.01190489 -0.09825456 0.9951537 0.003893077 -0.0905357 0.9958933 0 -0.529999 0.8479983 0 -0.8479983 0.529999 0 -0.8944273 0.4472137 0 -0.9938839 0.1104308 0 -0.9935358 0.1135122 -0.001276195 -0.9926856 0.1206547 -0.004236459 -0.9922621 0.1240335 -0.005637824 -0.9700835 0.2425209 -0.01102364 -0.9717 0.2360746 -0.008239567 -0.9748477 0.2228577 -0.002546489 -0.9761871 0.2169304 0 -0.2169304 0.9761871 0 -0.2354448 0.9718551 0.007967829 -0.2913004 0.9560879 0.03225123 -0.3159341 0.9478026 0.04308187 0.4472137 -0.8944273 0 0.4472136 -0.8944272 0 0.5299989 -0.8479983 0 0.3162278 -0.9486833 0 0.124017 -0.9921361 0.01691174 0.114118 -0.9933959 0.01190489 0.09825456 -0.9951537 0.003893077 0.0905357 -0.9958933 0 0.529999 -0.8479983 0 0.8479983 -0.529999 0 0.8944273 -0.4472137 0 0.9938839 -0.1104308 0 0.9935358 -0.1135122 -0.001276195 0.9926856 -0.1206547 -0.004236459 0.9922621 -0.1240335 -0.005637824 0.9700835 -0.2425209 -0.01102364 0.9717 -0.2360746 -0.008239567 0.9748477 -0.2228577 -0.002546489 0.9761871 -0.2169304 0 0.2169304 -0.9761871 0 0.2354448 -0.9718551 0.007967829 0.2913004 -0.9560879 0.03225123 0.3159341 -0.9478026 0.04308187 0.6 0.8 0 0.8 0.6 0 -0.6 -0.8 0 -0.6 -0.8 0 -0.8 -0.6 0 -0.8 -0.6 0 -0.6 0.8 0 -0.8 0.6 0 0.6 -0.8 0 0.6 -0.8 0 0.8 -0.6 0 0.8 -0.6 0 0.1170411 0.7022469 -0.7022469 0.1170411 0.7022469 -0.7022469 0.4685213 0.6246951 -0.6246951 0.4685214 0.6246951 -0.6246951 0.6246951 0.4685213 -0.6246951 0.6588136 0.5238184 -0.5399805 0.6323408 0.4804039 -0.6077477 0.6622662 0.5298129 -0.5298129 0.7022469 0.1170411 -0.7022469 -0.1170411 -0.7022469 -0.7022469 -0.1170411 -0.7022469 -0.7022469 -0.4685213 -0.6246951 -0.6246951 -0.4685214 -0.6246951 -0.6246951 -0.6246951 -0.4685213 -0.6246951 -0.6588136 -0.5238184 -0.5399805 -0.6323408 -0.4804039 -0.6077477 -0.6622662 -0.5298129 -0.5298129 -0.7022469 -0.1170411 -0.7022469 -0.1170411 0.7022469 -0.7022469 -0.1170411 0.7022469 -0.7022469 -0.4685213 0.6246951 -0.6246951 -0.4685214 0.6246951 -0.6246951 -0.6246951 0.4685213 -0.6246951 -0.6323408 0.4804039 -0.6077477 -0.6588136 0.5238184 -0.5399805 -0.6622662 0.5298129 -0.5298129 -0.7022469 0.1170411 -0.7022469 0.1170411 -0.7022469 -0.7022469 0.1170411 -0.7022469 -0.7022469 0.4685213 -0.6246951 -0.6246951 0.4685214 -0.6246951 -0.6246951 0.6246951 -0.4685213 -0.6246951 0.6323408 -0.4804039 -0.6077477 0.6588136 -0.5238184 -0.5399805 0.6622662 -0.5298129 -0.5298129 0.7022469 -0.1170411 -0.7022469 -0.4961389 -0.8682432 0 -0.4961389 -0.8682432 0 0.9486833 -0.3162278 0 0.9486834 -0.3162278 0 -0.9486833 -0.3162278 0 -0.9486834 -0.3162278 0 0.4961389 0.8682432 0 0.4961389 0.8682432 0 0.9486833 0.3162278 0 0.9486834 0.3162278 0 0.4961389 -0.8682432 0 0.4961389 -0.8682432 0 -0.4961389 0.8682432 0 -0.4961389 0.8682432 0 0.2830926 0 0.9590927 -0.2830926 0 0.9590927 0.3813143 0.6536817 -0.6536817 0.2721824 0.4365265 -0.8575322 0.377892 0.6466795 -0.6625733 0.269191 0.4307056 -0.8614111 0.9701426 -0.2425356 0 0.1452976 -0.03632438 0.988721 0.1740776 0.6963106 -0.6963106 0.6666667 0.3333333 -0.6666667 0.7539104 0.4444855 -0.4837892 0.6878952 0.3580901 -0.6313254 0.7624928 0.4574957 -0.4574957 0.6666668 -0.3333334 -0.6666668 0.1557356 -0.0778678 0.9847249 0.6666667 -0.3333333 -0.6666667 -0.3905667 0.6509445 -0.6509445 -0.3905668 0.6509446 -0.6509446 -0.7071068 0 -0.7071068 -0.3813143 -0.6536817 -0.6536817 -0.2721824 -0.4365265 -0.8575322 -0.377892 -0.6466795 -0.6625733 -0.269191 -0.4307056 -0.8614111 -0.9701426 0.2425356 0 -0.1452976 0.03632438 0.988721 -0.1740776 -0.6963106 -0.6963106 -0.6666667 -0.3333333 -0.6666667 -0.7539104 -0.4444855 -0.4837892 -0.6878952 -0.3580901 -0.6313254 -0.7624928 -0.4574957 -0.4574957 -0.6666668 0.3333334 -0.6666668 -0.1557356 0.0778678 0.9847249 -0.6666667 0.3333333 -0.6666667 0.3905667 -0.6509445 -0.6509445 0.3905668 -0.6509446 -0.6509446 -0.3813143 0.6536817 -0.6536817 -0.377892 0.6466795 -0.6625733 -0.2721824 0.4365265 -0.8575322 -0.269191 0.4307056 -0.8614111 -0.9701426 -0.2425356 0 -0.1452976 -0.03632438 0.988721 -0.1740776 0.6963106 -0.6963106 -0.6878952 0.3580901 -0.6313254 -0.7539104 0.4444855 -0.4837892 -0.7624928 0.4574957 -0.4574957 -0.1557356 -0.0778678 0.9847249 -0.6666668 -0.3333334 -0.6666668 -0.436852 -0.7863337 -0.436852 -0.02832233 -0.05098021 0.9982981 -0.436852 -0.7863337 -0.436852 -0.02535599 -0.05071198 0.9983914 0.3905667 0.6509445 -0.6509445 0.3905668 0.6509446 -0.6509446 0.7071068 0 -0.7071068 0.3813143 -0.6536817 -0.6536817 0.377892 -0.6466795 -0.6625733 0.2721824 -0.4365265 -0.8575322 0.269191 -0.4307056 -0.8614111 0.9701426 0.2425356 0 0.1452976 0.03632438 0.988721 0.1740776 -0.6963106 -0.6963106 0.6878952 -0.3580901 -0.6313254 0.7539104 -0.4444855 -0.4837892 0.7624928 -0.4574957 -0.4574957 0.1557356 0.0778678 0.9847249 0.6666668 0.3333334 -0.6666668 0.436852 0.7863337 -0.436852 0.02832233 0.05098021 0.9982981 0.436852 0.7863337 -0.436852 0.02535599 0.05071198 0.9983914 -0.3905667 -0.6509445 -0.6509445 -0.3905668 -0.6509446 -0.6509446 -0.4961389 -0.8682432 0 -0.3511234 -0.9363293 0 -0.3511235 -0.9363293 0 0.5812382 0.8137335 0 0.3162278 0.9486834 0 0.4961389 0.8682432 0 0.3511234 0.9363293 0 0.3511235 0.9363293 0 -0.5812382 -0.8137335 0 -0.3162278 -0.9486834 0 -0.3939192 -0.9191451 0 -0.3939193 -0.9191451 0 -0.3807498 -0.9246782 0 -0.8064049 -0.5913639 0 -0.8064051 -0.5913636 0 -0.8064051 -0.5913637 0 -0.8064052 -0.5913635 0 -0.9191451 -0.3939192 0 -0.9191451 -0.3939193 0 -0.9246781 -0.3807501 0 -0.9246782 -0.38075 0 -0.9246782 -0.3807497 0 -0.9246783 -0.3807496 0 -0.9974587 -0.07124704 0 -0.9938837 -0.1104315 0 -0.9938838 -0.1104315 0 -0.5913637 -0.806405 0 -0.5913637 -0.8064051 0 -0.07124704 -0.9974587 0 -0.1104315 -0.9938837 0 -0.1104315 -0.9938838 0 0.3939192 0.9191451 0 0.3939193 0.9191451 0 0.3807498 0.9246782 0 0.8064049 0.5913639 0 0.8064051 0.5913636 0 0.8064051 0.5913637 0 0.8064052 0.5913635 0 0.9191451 0.3939192 0 0.9191451 0.3939193 0 0.9246781 0.3807501 0 0.9246782 0.38075 0 0.9246782 0.3807497 0 0.9246783 0.3807496 0 0.9974587 0.07124704 0 0.9938837 0.1104315 0 0.9938838 0.1104315 0 0.5913637 0.806405 0 0.5913637 0.8064051 0 0.07124704 0.9974587 0 0.1104315 0.9938837 0 0.1104315 0.9938838 0 0.3939192 -0.9191451 0 0.3939193 -0.9191451 0 0.3807498 -0.9246782 0 0.8064049 -0.5913639 0 0.8064051 -0.5913637 0 0.8064051 -0.5913636 0 0.8064052 -0.5913635 0 0.9191451 -0.3939192 0 0.9191451 -0.3939193 0 0.9246783 -0.3807496 0 0.9246782 -0.3807497 0 0.9246782 -0.38075 0 0.9246781 -0.3807501 0 0.9974587 -0.07124704 0 0.9938837 -0.1104315 0 0.9938838 -0.1104315 0 0.5913637 -0.806405 0 0.5913637 -0.8064051 0 0.07124704 -0.9974587 0 0.1104315 -0.9938837 0 0.1104315 -0.9938838 0 -0.3939192 0.9191451 0 -0.3939193 0.9191451 0 -0.3807498 0.9246782 0 -0.8064049 0.5913639 0 -0.8064051 0.5913637 0 -0.8064051 0.5913636 0 -0.8064052 0.5913635 0 -0.9191451 0.3939192 0 -0.9191451 0.3939193 0 -0.9246783 0.3807496 0 -0.9246782 0.3807497 0 -0.9246782 0.38075 0 -0.9246781 0.3807501 0 -0.9974587 0.07124704 0 -0.9938837 0.1104315 0 -0.9938838 0.1104315 0 -0.5913637 0.806405 0 -0.5913637 0.8064051 0 -0.07124704 0.9974587 0 -0.1104315 0.9938837 0 -0.1104315 0.9938838 0 -0.4127025 -0.7059378 -0.5756114 -0.5221568 -0.6256059 -0.5796288 -0.5211018 -0.626473 -0.5796416 -0.6984984 -0.447039 -0.5587988 -0.7367095 -0.3315193 -0.5893676 -0.6918733 -0.3912909 -0.6067972 -0.7150241 -0.361396 -0.5984427 -0.6629193 -0.4261624 -0.6155679 -0.2917937 -0.937907 -0.1875817 -0.2686082 -0.9493364 -0.1631264 -0.2763022 -0.9456951 -0.1712248 -0.259976 -0.9532461 -0.1540598 -0.7749157 -0.02870053 -0.6314128 -0.775569 -0.03168028 -0.6304674 -0.7759367 -0.03337287 -0.6299275 -0.7767131 -0.03698629 -0.6287677 -0.7186706 0.66977 -0.1868713 -0.7331635 0.6464604 -0.2110932 -0.7648668 0.5848968 -0.269953 -0.738514 0.3573455 -0.5717528 -0.7635111 0.2948858 -0.5745375 -0.7652927 0.2900199 -0.574644 -0.8016378 0.1717795 -0.5725983 -0.4707512 -0.1412253 0.8708897 -0.4793682 -0.1392901 0.8664897 -0.473621 -0.1405835 0.8694362 -0.4839109 -0.1382602 0.8641265 -0.5589007 0.4724038 0.6815165 -0.5914087 0.4213803 0.6875133 -0.658665 0.2963992 0.6915982 -0.1719939 -0.6306444 0.7567734 -0.2658416 -0.695672 0.6673597 -0.3103035 -0.7224961 0.6178278 -0.4257808 -0.7775104 0.4628052 0.6146882 -0.7376259 -0.2794038 -0.92105 -0.2631571 -0.2870805 -0.9210501 -0.2631572 -0.2870805 -0.07972925 -0.1993232 -0.976685 -0.07972925 -0.1993232 -0.976685 -0.07972925 -0.1993232 -0.9766851 0.7571563 -0.576881 -0.306468 -0.9713238 -0.08830213 -0.2207554 -0.9713239 -0.08830213 -0.2207554 -0.06426399 -0.2142134 -0.9746706 -0.06426399 -0.2142134 -0.9746707 -0.06426399 -0.2142134 -0.9746707 -0.0415855 -0.2079276 -0.9772599 -0.0415855 -0.2079276 -0.9772598 -0.422484 0.5820891 0.6947515 0.6303656 0.3367707 0.6994461 0.6303656 0.3367706 0.6994461 0.6303656 0.3367707 0.6994462 0.3376546 -0.6190335 0.7090747 0.3376547 -0.6190335 0.7090747 0.3376546 -0.6190335 0.7090747 -0.1199519 -0.4198318 0.8996404 -0.1199519 -0.4198318 0.8996403 -0.1199519 -0.4198318 0.8996404 -0.5928729 -0.3772828 0.7114489 -0.5928729 -0.3772827 0.7114489 -0.5928729 -0.3772827 0.7114489 -0.263157 -0.9210501 -0.2870804 -0.263157 -0.9210501 -0.2870803 -0.263157 -0.9210502 -0.2870804 -0.6848297 0.6848306 -0.249029 -0.6848297 0.6848306 -0.249029 -0.2079276 -0.0415855 -0.9772599 -0.2079276 -0.0415855 -0.9772598 -0.08830213 -0.9713238 -0.2207554 -0.08830213 -0.9713239 -0.2207554 -0.5081927 0.7940511 -0.3335014 -0.5081927 0.794051 -0.3335014 -0.2142133 -0.06426399 -0.9746706 -0.2142133 -0.06426399 -0.9746707 -0.2142133 -0.06426399 -0.9746707 -0.1862986 -0.09314924 -0.9780676 -0.1862986 -0.0931493 -0.9780676 0.3161728 0.6594467 0.6820299 0.3161728 0.6594467 0.6820299 0.3161728 0.6594467 0.6820299 0.5820891 -0.422484 0.6947515 -0.6848297 -0.6848306 -0.249029 -0.6848297 -0.6848306 -0.249029 -0.263157 0.9210501 -0.2870804 -0.263157 0.9210502 -0.2870804 -0.263157 0.9210501 -0.2870803 -0.1862986 0.0931493 -0.9780676 -0.1862986 0.09314924 -0.9780676 -0.5746958 -0.7662611 -0.2873479 -0.5746958 -0.7662611 -0.2873479 0 0.9701426 -0.2425356 -0.2142133 0.06426399 -0.9746706 -0.2142133 0.06426399 -0.9746707 -0.2142133 0.06426399 -0.9746707 -0.2079276 0.0415855 -0.9772599 -0.2079276 0.0415855 -0.9772598 0.5820891 0.422484 0.6947515 0.3161728 -0.6594467 0.6820299 0.3161728 -0.6594467 0.6820299 0.3161728 -0.6594467 0.6820299 -0.6190335 -0.3376546 0.7090747 -0.6190335 -0.3376547 0.7090747 -0.6190335 -0.3376546 0.7090747 -0.4198321 0.119952 0.8996403 -0.4198321 0.119952 0.8996402 -0.3772832 0.5928735 0.7114483 -0.3772831 0.5928735 0.7114482 0.2649065 -0.9271727 -0.2649065 -0.9644612 0.1377794 -0.2254585 -0.9644612 0.1377793 -0.2254585 -0.1503292 -0.1503292 -0.9771398 -0.1503292 -0.1503292 -0.9771399 0.4160583 -0.86994 -0.2647643 0.4160582 -0.8699399 -0.2647643 0.4160582 -0.8699399 -0.2647643 -0.8699399 0.4160582 -0.2647643 -0.8699399 0.4160582 -0.2647643 -0.86994 0.4160583 -0.2647643 -0.1503292 -0.1503292 -0.9771398 -0.03755038 0.7228454 0.6899888 -0.03755038 0.7228454 0.6899887 0.7228453 -0.03755038 0.689989 0.7228453 -0.03755038 0.6899889 0.7228453 -0.03755038 0.689989 -0.05415302 -0.6498365 0.7581426 -0.05415302 -0.6498365 0.7581426 -0.3015114 -0.3015114 0.9045341 -0.3015114 -0.3015114 0.9045341 -0.6498365 -0.05415302 0.7581426 -0.6498365 -0.05415302 0.7581426 -0.2653344 -0.458305 0.8482654 -0.2653345 -0.458305 0.8482655 -0.2653345 -0.458305 0.8482655 -0.4583047 -0.2653343 0.8482657 -0.4583046 -0.2653343 0.8482656 -0.4583047 -0.2653343 0.8482657 -0.5144957 0 0.857493 -0.5144958 0 0.857493 -0.9578263 0 -0.2873479 -0.9578264 0 -0.2873479 -0.8638684 -0.4319342 -0.2591605 -0.8638685 -0.4319342 -0.2591605 -0.4319342 -0.8638685 -0.2591605 -0.4319342 -0.8638684 -0.2591605 -0.1131826 -0.9337544 0.3395477 -0.1131826 -0.9337544 0.3395477 -0.1131826 0.9337544 0.3395477 -0.1131826 0.9337544 0.3395477 0.5570861 -0.7427814 0.3713907 0.5570861 -0.7427814 0.3713907 0.557086 -0.7427814 0.3713907 -0.7443778 0.5725983 0.343559 -0.7443778 0.5725983 0.343559 0.5725983 -0.7443778 0.343559 0.5725983 -0.7443778 0.343559 -0.7427814 0.5570861 0.3713907 -0.7427814 0.557086 0.3713907 -0.7427814 0.5570861 0.3713907 -0.9018279 -0.1366406 0.4099217 -0.9018279 -0.1366406 0.4099218 -0.9018279 -0.1366406 0.4099217 -0.7443778 -0.5725983 0.343559 -0.7443778 -0.5725983 0.343559 0.6889876 0.7217966 0.06561785 0.6889876 0.7217966 0.06561785 0.6889876 0.7217966 0.06561785 -0.964461 -0.1377809 -0.2254584 -0.964461 -0.1377809 -0.2254584 0.2649065 0.9271727 -0.2649065 -0.1735444 0.1301583 -0.9761871 -0.86994 -0.4160583 -0.2647643 -0.8699399 -0.4160582 -0.2647643 -0.8699399 -0.4160582 -0.2647643 0.4160582 0.8699399 -0.2647643 0.4160582 0.8699399 -0.2647643 0.4160583 0.86994 -0.2647643 -0.1400281 0.1400281 -0.9801961 -0.1400281 0.1400281 -0.9801961 -0.1301581 0.1735441 -0.9761871 -0.1301581 0.1735441 -0.9761872 0.7228453 0.03755038 0.689989 0.7228453 0.03755038 0.6899889 0.7228453 0.03755038 0.689989 -0.03755038 -0.7228456 0.6899886 -0.03755038 -0.7228456 0.6899887 -0.03755038 -0.7228456 0.6899886 -0.6498365 0.05415302 0.7581426 -0.6498365 0.05415302 0.7581426 -0.3015114 0.3015114 0.9045341 -0.3015114 0.3015114 0.9045341 -0.05415302 0.6498365 0.7581426 -0.05415302 0.6498365 0.7581426 -0.6848301 0.6848301 -0.2490291 -0.6848301 0.6848301 -0.2490291 -0.6848301 0.6848301 -0.2490291 0.9271727 0.2649065 -0.2649065 0.09314912 0.1862983 -0.9780676 0.09314912 0.1862983 -0.9780676 -0.794051 0.5081927 -0.3335014 -0.7940511 0.5081927 -0.3335014 0.9736449 0.07212185 -0.2163655 0.973645 0.07212185 -0.2163655 0.973645 0.07212185 -0.2163655 0.06426399 0.2142134 -0.9746706 0.06426399 0.2142134 -0.9746707 0.06426399 0.2142134 -0.9746707 0.0415855 0.2079276 -0.9772599 0.0415855 0.2079276 -0.9772598 0.422484 -0.5820891 0.6947515 -0.6594468 -0.3161731 0.6820297 -0.6594468 -0.3161731 0.6820297 -0.6594468 -0.3161731 0.6820297 -0.3376546 0.6190335 0.7090747 -0.3376547 0.6190335 0.7090747 -0.3376546 0.6190335 0.7090747 0.1199519 0.4198318 0.8996404 0.1199519 0.4198318 0.8996403 0.1199519 0.4198318 0.8996404 0.5928729 0.3772828 0.7114489 0.5928729 0.3772827 0.7114489 0.5928729 0.3772827 0.7114489 -0.2649065 0.9271727 -0.2649065 0.964461 -0.1377809 -0.2254584 0.964461 -0.1377809 -0.2254584 0.1301581 0.1735441 -0.9761872 0.1301581 0.1735441 -0.9761871 -0.4160583 0.86994 -0.2647643 -0.4160582 0.8699399 -0.2647643 -0.4160582 0.8699399 -0.2647643 0.8699399 -0.4160582 -0.2647643 0.8699399 -0.4160582 -0.2647643 0.86994 -0.4160583 -0.2647643 0.1400281 0.1400281 -0.9801961 0.1400281 0.1400281 -0.9801961 0.1735444 0.1301583 -0.9761871 0.03755038 -0.7228454 0.6899888 0.03755038 -0.7228454 0.6899887 -0.7228453 0.03755038 0.689989 -0.7228453 0.03755038 0.6899889 -0.7228453 0.03755038 0.689989 0.05415302 0.6498365 0.7581426 0.05415302 0.6498365 0.7581426 0.3015114 0.3015114 0.9045341 0.3015114 0.3015114 0.9045341 0.6498365 0.05415302 0.7581426 0.6498365 0.05415302 0.7581426 -0.9271727 0.2649065 -0.2649065 0.6848301 0.6848301 -0.2490291 0.6848301 0.6848301 -0.2490291 0.6848301 0.6848301 -0.2490291 -0.0415855 0.2079276 -0.9772599 -0.0415855 0.2079276 -0.9772598 -0.973645 0.07212185 -0.2163655 -0.973645 0.07212185 -0.2163655 -0.9736449 0.07212185 -0.2163655 0.7940511 0.5081927 -0.3335014 0.794051 0.5081927 -0.3335014 -0.06426399 0.2142134 -0.9746706 -0.06426399 0.2142134 -0.9746707 -0.06426399 0.2142134 -0.9746707 -0.09314912 0.1862983 -0.9780676 -0.09314912 0.1862983 -0.9780676 0.6594468 -0.3161731 0.6820297 0.6594468 -0.3161731 0.6820297 0.6594468 -0.3161731 0.6820297 -0.422484 -0.5820891 0.6947515 -0.5928729 0.3772828 0.7114489 -0.5928729 0.3772827 0.7114489 -0.5928729 0.3772827 0.7114489 -0.1199519 0.4198318 0.8996404 -0.1199519 0.4198318 0.8996404 -0.1199519 0.4198318 0.8996403 0.3376546 0.6190335 0.7090747 0.3376546 0.6190335 0.7090747 0.3376547 0.6190335 0.7090747 -0.2653344 0.458305 0.8482654 -0.2653345 0.458305 0.8482655 -0.2653345 0.458305 0.8482655 0 0.5144957 0.857493 0 0.5144958 0.857493 0.2653344 0.458305 0.8482654 0.2653345 0.458305 0.8482655 0.2653345 0.458305 0.8482655 0.5123155 0.8197049 -0.2561578 0 0.9578263 -0.2873479 0 0.9578264 -0.2873479 -0.5123155 0.8197049 -0.2561578 -0.8164966 0.4082483 0.4082483 -0.8164967 0.4082483 0.4082483 0.912871 -0.1825742 0.3651484 0.9128709 -0.1825742 0.3651484 -0.9337546 0.1131824 0.3395471 -0.9337546 0.1131824 0.3395471 -0.9337546 0.1131824 0.3395471 0.9337546 0.1131824 0.3395471 0.9337546 0.1131824 0.3395471 0.9337546 0.1131824 0.3395471 -0.912871 -0.1825742 0.3651484 -0.9128709 -0.1825742 0.3651484 0.8164966 0.4082483 0.4082483 0.8164967 0.4082483 0.4082483 -0.6889876 -0.7217966 -0.06561785 -0.6889876 -0.7217966 -0.06561785 -0.6889876 -0.7217966 -0.06561785 0.2599735 0.8913376 0.3713907 0.2599735 0.8913377 0.3713907 0.2599735 0.8913377 0.3713907 -0.2599735 0.8913376 0.3713907 -0.2599735 0.8913377 0.3713907 -0.2599735 0.8913377 0.3713907 0.6889876 -0.7217966 -0.06561785 0.6889876 -0.7217966 -0.06561785 0.6889876 -0.7217966 -0.06561785 0.263157 0.9210501 -0.2870804 0.263157 0.9210501 -0.2870803 0.263157 0.9210502 -0.2870804 0.6848297 -0.6848306 -0.249029 0.6848297 -0.6848306 -0.249029 0.2079276 0.0415855 -0.9772599 0.2079276 0.0415855 -0.9772598 0.07212185 0.973645 -0.2163655 0.07212185 0.973645 -0.2163655 0.07212185 0.9736449 -0.2163655 0.5746958 -0.7662611 -0.2873479 0.5746958 -0.7662611 -0.2873479 0.2142133 0.06426399 -0.9746706 0.2142133 0.06426399 -0.9746707 0.2142133 0.06426399 -0.9746707 0.1862986 0.09314924 -0.9780676 0.1862986 0.0931493 -0.9780676 -0.3161728 -0.6594467 0.6820299 -0.3161728 -0.6594467 0.6820299 -0.3161728 -0.6594467 0.6820299 -0.5820891 0.422484 0.6947515 0.3772832 0.5928735 0.7114483 0.3772831 0.5928735 0.7114482 0.4198321 0.119952 0.8996403 0.4198321 0.119952 0.8996402 0.6190335 -0.3376546 0.7090747 0.6190335 -0.3376546 0.7090747 0.6190335 -0.3376547 0.7090747 0.9644612 0.1377794 -0.2254585 0.9644612 0.1377793 -0.2254585 -0.2649065 -0.9271727 -0.2649065 0.1503292 -0.1503292 -0.9771398 0.1503292 -0.1503292 -0.9771398 0.1503292 -0.1503292 -0.9771399 0.86994 0.4160583 -0.2647643 0.8699399 0.4160582 -0.2647643 0.8699399 0.4160582 -0.2647643 -0.4160582 -0.8699399 -0.2647643 -0.4160582 -0.8699399 -0.2647643 -0.4160583 -0.86994 -0.2647643 -0.7228453 -0.03755038 0.689989 -0.7228453 -0.03755038 0.6899889 -0.7228453 -0.03755038 0.689989 0.03755038 0.7228456 0.6899886 0.03755038 0.7228456 0.6899887 0.03755038 0.7228456 0.6899886 0.6498365 -0.05415302 0.7581426 0.6498365 -0.05415302 0.7581426 0.3015114 -0.3015114 0.9045341 0.3015114 -0.3015114 0.9045341 0.05415302 -0.6498365 0.7581426 0.05415302 -0.6498365 0.7581426 0.92105 -0.2631571 -0.2870805 0.9210501 -0.2631572 -0.2870805 -0.6146882 -0.7376259 -0.2794038 0.0415855 -0.2079276 -0.9772599 0.0415855 -0.2079276 -0.9772598 0.9713238 -0.08830213 -0.2207554 0.9713239 -0.08830213 -0.2207554 -0.7571563 -0.576881 -0.306468 0.06426399 -0.2142134 -0.9746706 0.06426399 -0.2142134 -0.9746707 0.06426399 -0.2142134 -0.9746707 0.07972925 -0.1993232 -0.9766851 0.07972925 -0.1993232 -0.976685 0.07972925 -0.1993232 -0.976685 -0.6303656 0.3367707 0.6994462 -0.6303656 0.3367706 0.6994461 -0.6303656 0.3367707 0.6994461 0.422484 0.5820891 0.6947515 0.5928729 -0.3772828 0.7114489 0.5928729 -0.3772827 0.7114489 0.5928729 -0.3772827 0.7114489 0.1199519 -0.4198318 0.8996404 0.1199519 -0.4198318 0.8996404 0.1199519 -0.4198318 0.8996403 -0.3376546 -0.6190335 0.7090747 -0.3376546 -0.6190335 0.7090747 -0.3376547 -0.6190335 0.7090747 0.6848297 0.6848306 -0.249029 0.6848297 0.6848306 -0.249029 0.263157 -0.9210501 -0.2870804 0.263157 -0.9210502 -0.2870804 0.263157 -0.9210501 -0.2870803 0.1862986 -0.0931493 -0.9780676 0.1862986 -0.09314924 -0.9780676 0.5081927 0.794051 -0.3335014 0.5081927 0.7940511 -0.3335014 0.08830213 -0.9713238 -0.2207554 0.08830213 -0.9713239 -0.2207554 0.2142133 -0.06426399 -0.9746706 0.2142133 -0.06426399 -0.9746707 0.2142133 -0.06426399 -0.9746707 0.2079276 -0.0415855 -0.9772599 0.2079276 -0.0415855 -0.9772598 -0.5820891 -0.422484 0.6947515 -0.3161728 0.6594467 0.6820299 -0.3161728 0.6594467 0.6820299 -0.3161728 0.6594467 0.6820299 0.6190335 0.3376546 0.7090747 0.6190335 0.3376547 0.7090747 0.6190335 0.3376546 0.7090747 0.4198321 -0.119952 0.8996403 0.4198321 -0.119952 0.8996402 0.3772832 -0.5928735 0.7114483 0.3772831 -0.5928735 0.7114482 0.5144957 0 0.857493 0.5144958 0 0.857493 0.4583047 -0.2653343 0.8482657 0.4583047 -0.2653343 0.8482657 0.4583046 -0.2653343 0.8482656 0.2653344 -0.458305 0.8482654 0.2653345 -0.458305 0.8482655 0.2653345 -0.458305 0.8482655 0.4319342 -0.8638684 -0.2591605 0.4319342 -0.8638685 -0.2591605 0.8638685 -0.4319342 -0.2591605 0.8638684 -0.4319342 -0.2591605 0.9578263 0 -0.2873479 0.9578264 0 -0.2873479 0.7427814 0.5570861 0.3713907 0.7427814 0.5570861 0.3713907 0.7427814 0.557086 0.3713907 -0.5725983 -0.7443778 0.343559 -0.5725983 -0.7443778 0.343559 0.7443778 0.5725983 0.343559 0.7443778 0.5725983 0.343559 -0.5570861 -0.7427814 0.3713907 -0.557086 -0.7427814 0.3713907 -0.5570861 -0.7427814 0.3713907 0.1131826 0.9337544 0.3395477 0.1131826 0.9337544 0.3395477 0.1131826 -0.9337544 0.3395477 0.1131826 -0.9337544 0.3395477 -0.6889876 0.7217966 0.06561785 -0.6889876 0.7217966 0.06561785 -0.6889876 0.7217966 0.06561785 0.7443778 -0.5725983 0.343559 0.7443778 -0.5725983 0.343559 0.9018279 -0.1366406 0.4099217 0.9018279 -0.1366406 0.4099217 0.9018279 -0.1366406 0.4099218 -0.1622214 -0.9733284 0.162222 -0.1622214 -0.9733285 0.162222 0 -0.9982745 0.05872166 0 -0.9982745 0.05872166 0.1622214 -0.9733284 0.162222 0.1622214 -0.9733285 0.162222 0.2612844 -0.9580428 0.1178338 0.2612844 -0.9580428 0.1178337 0.2612844 -0.9580428 0.1178338 0.3768636 -0.9152402 0.1425112 0.3768636 -0.9152401 0.1425112 0.3768635 -0.9152401 0.1425112 0.5008907 -0.8651748 0.02410721 0.5008906 -0.8651748 0.02410715 -0.2612844 -0.9580428 0.1178338 -0.2612844 -0.9580428 0.1178338 -0.2612844 -0.9580428 0.1178337 -0.3768635 -0.9152401 0.1425112 -0.3768636 -0.9152401 0.1425112 -0.3768636 -0.9152402 0.1425112 -0.5008906 -0.8651748 0.02410686 -0.5008907 -0.8651748 0.02410686 -0.5008907 -0.8651748 0.02410686 -0.9761771 0.1626964 0.1435555 -0.9761772 0.1626964 0.1435554 -0.9761772 0.1626964 0.1435555 -0.9574525 0.2611224 0.1228816 -0.9574524 0.2611224 0.1228815 -0.9574525 0.2611224 0.1228816 -0.9101832 0.3747815 0.1763677 -0.9101831 0.3747815 0.1763677 -0.8618574 0.4989703 0.09072178 -0.8618575 0.4989703 0.09072184 0.9761772 0.1626964 0.1435555 0.9761772 0.1626964 0.1435554 0.9761771 0.1626964 0.1435555 0.9574525 0.2611224 0.1228816 0.9574524 0.2611224 0.1228815 0.9574525 0.2611224 0.1228816 0.9101831 0.3747815 0.1763677 0.9101832 0.3747815 0.1763677 0.8618574 0.4989703 0.09072178 0.8618575 0.4989703 0.09072184 -0.7016651 0.7016651 0.1238232 -0.7016651 0.7016651 0.1238232 -0.7740953 0.6082179 0.175635 0.2280858 -0.7602859 -0.6082288 0.2280858 -0.7602859 -0.6082288 0.2280858 -0.760286 -0.6082288 0.4621405 -0.8472575 -0.2618796 0.4621405 -0.8472576 -0.2618796 0 -0.7071068 -0.7071068 0 -0.7071068 -0.7071068 -0.7602862 -0.228085 -0.6082289 -0.7602861 -0.228085 -0.6082289 -0.7602862 -0.228085 -0.6082289 -0.8472575 -0.4621405 -0.2618796 -0.8472576 -0.4621405 -0.2618796 -0.7071068 -1.0775e-6 -0.7071068 -0.7071068 -1.0775e-6 -0.7071068 -0.204524 -0.7413995 -0.6391376 -0.204524 -0.7413995 -0.6391376 -0.07714247 -0.92571 -0.370284 -0.07714247 -0.9257099 -0.3702839 -0.07714247 -0.9257099 -0.370284 -0.2473164 -0.7039005 -0.6658518 -0.2473164 -0.7039005 -0.6658518 -0.7413994 0.2045248 -0.6391374 -0.7413994 0.2045248 -0.6391373 -0.92571 0.07714247 -0.370284 -0.9257099 0.07714247 -0.3702839 -0.9257099 0.07714247 -0.370284 -0.7039008 0.2473152 -0.6658521 -0.7039007 0.2473152 -0.6658521 -0.7039008 0.2473152 -0.6658521 -0.2280858 0.7602859 -0.6082288 -0.2280858 0.7602859 -0.6082288 -0.2280858 0.760286 -0.6082288 -0.4621405 0.8472575 -0.2618796 -0.4621405 0.8472576 -0.2618796 0 0.7071068 -0.7071068 0 0.7071068 -0.7071068 0.204524 0.7413995 -0.6391376 0.204524 0.7413995 -0.6391376 0.07714247 0.92571 -0.370284 0.07714247 0.9257099 -0.3702839 0.07714247 0.9257099 -0.370284 0.2473164 0.7039005 -0.6658518 0.2473164 0.7039005 -0.6658518 -0.512808 0.5710816 -0.64101 -0.512808 0.5710816 -0.64101 -0.8319022 0.5293923 -0.1663814 -0.8319021 0.5293923 -0.1663814 -0.8319022 0.5293923 -0.1663814 -0.4256283 0.5958796 -0.6810052 -0.4256283 0.5958796 -0.6810052 -0.4256283 0.5958796 -0.6810052 0.5710814 0.5128086 -0.6410097 0.5710814 0.5128086 -0.6410098 0.5293924 0.8319023 -0.1663804 0.5293924 0.8319022 -0.1663804 0.5958799 0.4256272 -0.6810057 0.5958799 0.4256271 -0.6810056 0.5958799 0.4256272 -0.6810057 0.7413997 -0.2045232 -0.6391376 0.7413997 -0.2045232 -0.6391376 0.92571 -0.07714247 -0.370284 0.9257099 -0.07714247 -0.3702839 0.9257099 -0.07714247 -0.370284 0.7039003 -0.2473175 -0.6658517 0.7039003 -0.2473175 -0.6658517 0.512808 -0.5710816 -0.64101 0.512808 -0.5710816 -0.64101 0.8319022 -0.5293923 -0.1663814 0.8319021 -0.5293923 -0.1663814 0.8319022 -0.5293923 -0.1663814 0.4256283 -0.5958796 -0.6810052 0.4256283 -0.5958796 -0.6810052 0.4256283 -0.5958796 -0.6810052 0.7602862 0.228085 -0.6082289 0.7602861 0.228085 -0.6082289 0.7602862 0.228085 -0.6082289 0.8472575 0.4621405 -0.2618796 0.8472576 0.4621405 -0.2618796 0.7071068 1.0775e-6 -0.7071068 0.7071068 1.0775e-6 -0.7071068 -0.4256283 -0.5958796 -0.6810052 -0.4256283 -0.5958796 -0.6810052 -0.4256283 -0.5958796 -0.6810052 -0.8319022 -0.5293923 -0.1663814 -0.8319022 -0.5293923 -0.1663814 -0.8319021 -0.5293923 -0.1663814 -0.512808 -0.5710816 -0.64101 -0.512808 -0.5710816 -0.64101 -0.5958799 0.4256272 -0.6810057 -0.5958799 0.4256272 -0.6810057 -0.5958799 0.4256271 -0.6810056 -0.5293924 0.8319023 -0.1663804 -0.5293924 0.8319022 -0.1663804 -0.5710814 0.5128086 -0.6410097 -0.5710814 0.5128086 -0.6410098 -0.7039003 -0.2473175 -0.6658517 -0.7039003 -0.2473175 -0.6658517 -0.92571 -0.07714247 -0.370284 -0.9257099 -0.07714247 -0.370284 -0.9257099 -0.07714247 -0.3702839 -0.7413997 -0.2045232 -0.6391376 -0.7413997 -0.2045232 -0.6391376 -0.2473164 0.7039005 -0.6658518 -0.2473164 0.7039005 -0.6658518 -0.07714247 0.92571 -0.370284 -0.07714247 0.9257099 -0.370284 -0.07714247 0.9257099 -0.3702839 -0.204524 0.7413995 -0.6391376 -0.204524 0.7413995 -0.6391376 0.4256283 0.5958796 -0.6810052 0.4256283 0.5958796 -0.6810052 0.4256283 0.5958796 -0.6810052 0.8319022 0.5293923 -0.1663814 0.8319022 0.5293923 -0.1663814 0.8319021 0.5293923 -0.1663814 0.512808 0.5710816 -0.64101 0.512808 0.5710816 -0.64101 0.7039008 0.2473152 -0.6658521 0.7039008 0.2473152 -0.6658521 0.7039007 0.2473152 -0.6658521 0.92571 0.07714247 -0.370284 0.9257099 0.07714247 -0.370284 0.9257099 0.07714247 -0.3702839 0.7413994 0.2045248 -0.6391374 0.7413994 0.2045248 -0.6391373 0.4621405 0.8472575 -0.2618796 0.4621405 0.8472576 -0.2618796 0.2280858 0.7602859 -0.6082288 0.2280858 0.760286 -0.6082288 0.2280858 0.7602859 -0.6082288 0.7071068 -1.0775e-6 -0.7071068 0.7071068 -1.0775e-6 -0.7071068 0.8472575 -0.4621405 -0.2618796 0.8472576 -0.4621405 -0.2618796 0.7602862 -0.228085 -0.6082289 0.7602862 -0.228085 -0.6082289 0.7602861 -0.228085 -0.6082289 0.2473164 -0.7039005 -0.6658518 0.2473164 -0.7039005 -0.6658518 0.07714247 -0.92571 -0.370284 0.07714247 -0.9257099 -0.370284 0.07714247 -0.9257099 -0.3702839 0.204524 -0.7413995 -0.6391376 0.204524 -0.7413995 -0.6391376 -0.4621405 -0.8472575 -0.2618796 -0.4621405 -0.8472576 -0.2618796 -0.2280858 -0.7602859 -0.6082288 -0.2280858 -0.760286 -0.6082288 -0.2280858 -0.7602859 -0.6082288 0.5958799 -0.4256272 -0.6810057 0.5958799 -0.4256272 -0.6810057 0.5958799 -0.4256271 -0.6810056 0.5293924 -0.8319023 -0.1663804 0.5293924 -0.8319022 -0.1663804 0.5710814 -0.5128086 -0.6410097 0.5710814 -0.5128086 -0.6410098 -0.7071068 -0.7071068 0 -0.2142078 -0.2726281 -0.9379706 -0.2142078 -0.2726282 -0.9379706 -0.2142079 -0.2726282 -0.9379707 -0.6158885 -0.7838581 0.07904446 -0.6158885 -0.7838581 0.07904446 0.7564094 0.3025637 -0.5799139 0.436852 -0.7863337 -0.436852 0.436852 -0.7863337 -0.436852 0.8063981 0.3515068 -0.4755681 -0.7564094 -0.3025637 -0.5799139 -0.436852 0.7863337 -0.436852 -0.436852 0.7863337 -0.436852 -0.8063981 -0.3515068 -0.4755681 -0.5710814 -0.5128086 -0.6410097 -0.5710814 -0.5128086 -0.6410098 -0.5293924 -0.8319023 -0.1663804 -0.5293924 -0.8319022 -0.1663804 -0.5958799 -0.4256272 -0.6810057 -0.5958799 -0.4256271 -0.6810056 -0.5958799 -0.4256272 -0.6810057 -0.7071068 1.0775e-6 -0.7071068 -0.7071068 1.0775e-6 -0.7071068 -0.8472575 0.4621405 -0.2618796 -0.8472576 0.4621405 -0.2618796 -0.7602862 0.228085 -0.6082289 -0.7602862 0.228085 -0.6082289 -0.7602861 0.228085 -0.6082289 -0.3772832 -0.5928735 0.7114483 -0.3772831 -0.5928735 0.7114482 -0.4198321 -0.119952 0.8996403 -0.4198321 -0.119952 0.8996402 -0.6190335 0.3376546 0.7090747 -0.6190335 0.3376546 0.7090747 -0.6190335 0.3376547 0.7090747</float_array>
          <technique_common>
            <accessor source="#Mesh_0578Mesh_001-mesh-normals-array" count="2373" stride="3">
              <param name="X" type="float"/>
              <param name="Y" type="float"/>
              <param name="Z" type="float"/>
            </accessor>
          </technique_common>
        </source>
        <source id="Mesh_0578Mesh_001-mesh-map-0">
          <float_array id="Mesh_0578Mesh_001-mesh-map-0-array" count="12906">0.3125 0.15625 0.4023438 0.15625 0.3125 0.06640625 0.3125 0.06640625 0.4023438 0.15625 0.4023438 0.06640625 0.4023438 0.15625 0.4023438 0.06640625 0.3125 0.15625 0.3125 0.15625 0.4023438 0.06640625 0.3125 0.06640625 0.4023438 0.15625 0.4023438 0.06640625 0.3125 0.15625 0.3125 0.15625 0.4023438 0.06640625 0.3125 0.06640625 0.3125 0.06640625 0.3125 0.15625 0.4023438 0.06640625 0.4023438 0.06640625 0.3125 0.15625 0.4023438 0.15625 0.4023438 0.15625 0.4023438 0.06640625 0.3125 0.15625 0.3125 0.15625 0.4023438 0.06640625 0.3125 0.06640625 0.4023438 0.15625 0.4023438 0.06640625 0.3125 0.15625 0.3125 0.15625 0.4023438 0.06640625 0.3125 0.06640625 0.4023438 0.06640625 0.3125 0.06640625 0.4023438 0.15625 0.4023438 0.15625 0.3125 0.06640625 0.3125 0.15625 0.4023438 0.06640625 0.3125 0.06640625 0.4023438 0.15625 0.4023438 0.15625 0.3125 0.06640625 0.3125 0.15625 0.3125 0.06640625 0.3125 0.15625 0.4023438 0.06640625 0.4023438 0.06640625 0.3125 0.15625 0.4023438 0.15625 0.3125 0.06640625 0.3125 0.15625 0.4023438 0.06640625 0.4023438 0.06640625 0.3125 0.15625 0.4023438 0.15625 0.4023438 0.06640625 0.3125 0.06640625 0.4023438 0.15625 0.4023438 0.15625 0.3125 0.06640625 0.3125 0.15625 0.4023438 0.06640625 0.3125 0.06640625 0.4023438 0.15625 0.4023438 0.15625 0.3125 0.06640625 0.3125 0.15625 0.1523437 0.06640625 0.0625 0.06640625 0.1523437 0.15625 0.1523437 0.15625 0.0625 0.06640625 0.0625 0.15625 0.1523437 0.06640625 0.0625 0.06640625 0.1523437 0.15625 0.1523437 0.15625 0.0625 0.06640625 0.0625 0.15625 0.0625 0.06640625 0.0625 0.15625 0.1523437 0.06640625 0.1523437 0.06640625 0.0625 0.15625 0.1523437 0.15625 0.3125 0.06640625 0.3125 0.15625 0.4023438 0.06640625 0.4023438 0.06640625 0.3125 0.15625 0.4023438 0.15625 0.4023438 0.15625 0.4023438 0.06640625 0.3125 0.15625 0.3125 0.15625 0.4023438 0.06640625 0.3125 0.06640625 0.4023438 0.15625 0.4023438 0.06640625 0.3125 0.15625 0.3125 0.15625 0.4023438 0.06640625 0.3125 0.06640625 0.3125 0.15625 0.4023438 0.15625 0.3125 0.06640625 0.3125 0.06640625 0.4023438 0.15625 0.4023438 0.06640625 0.4023438 0.06640625 0.3125 0.06640625 0.4023438 0.15625 0.4023438 0.15625 0.3125 0.06640625 0.3125 0.15625 0.3125 0.06640625 0.3125 0.15625 0.4023438 0.06640625 0.4023438 0.06640625 0.3125 0.15625 0.4023438 0.15625 0.4023438 0.15625 0.4023438 0.06640625 0.3125 0.15625 0.3125 0.15625 0.4023438 0.06640625 0.3125 0.06640625 0.4023438 0.06640625 0.3125 0.06640625 0.4023438 0.15625 0.4023438 0.15625 0.3125 0.06640625 0.3125 0.15625 0.3125 0.06640625 0.3125 0.15625 0.4023438 0.06640625 0.4023438 0.06640625 0.3125 0.15625 0.4023438 0.15625 0.3125 0.06640625 0.3125 0.15625 0.4023438 0.06640625 0.4023438 0.06640625 0.3125 0.15625 0.4023438 0.15625 0.3125 0.15625 0.4023438 0.15625 0.3125 0.06640625 0.3125 0.06640625 0.4023438 0.15625 0.4023438 0.06640625 0.4023438 0.15625 0.4023438 0.06640625 0.3125 0.15625 0.3125 0.15625 0.4023438 0.06640625 0.3125 0.06640625 0.3125 0.06640625 0.3125 0.15625 0.4023438 0.06640625 0.4023438 0.06640625 0.3125 0.15625 0.4023438 0.15625 0.3125 0.15625 0.4023438 0.15625 0.3125 0.06640625 0.3125 0.06640625 0.4023438 0.15625 0.4023438 0.06640625 0.3125 0.15625 0.4023438 0.15625 0.3125 0.06640625 0.3125 0.06640625 0.4023438 0.15625 0.4023438 0.06640625 0.4023438 0.15625 0.4023438 0.06640625 0.3125 0.15625 0.3125 0.15625 0.4023438 0.06640625 0.3125 0.06640625 0.4023438 0.06640625 0.3125 0.06640625 0.4023438 0.15625 0.4023438 0.15625 0.3125 0.06640625 0.3125 0.15625 0.3125 0.06640625 0.3125 0.15625 0.4023438 0.06640625 0.4023438 0.06640625 0.3125 0.15625 0.4023438 0.15625 0.3125 0.15625 0.4023438 0.15625 0.3125 0.06640625 0.3125 0.06640625 0.4023438 0.15625 0.4023438 0.06640625 0.4023438 0.15625 0.4023438 0.06640625 0.3125 0.15625 0.3125 0.15625 0.4023438 0.06640625 0.3125 0.06640625 0.3125 0.06640625 0.3125 0.15625 0.4023438 0.06640625 0.4023438 0.06640625 0.3125 0.15625 0.4023438 0.15625 0.3125 0.06640625 0.3125 0.15625 0.4023438 0.06640625 0.4023438 0.06640625 0.3125 0.15625 0.4023438 0.15625 0.3125 0.15625 0.4023438 0.15625 0.3125 0.06640625 0.3125 0.06640625 0.4023438 0.15625 0.4023438 0.06640625 0.4023438 0.15625 0.4023438 0.06640625 0.3125 0.15625 0.3125 0.15625 0.4023438 0.06640625 0.3125 0.06640625 0.1523437 0.15625 0.1523437 0.06640625 0.0625 0.15625 0.0625 0.15625 0.1523437 0.06640625 0.0625 0.06640625 0.1523437 0.15625 0.1523437 0.06640625 0.0625 0.15625 0.0625 0.15625 0.1523437 0.06640625 0.0625 0.06640625 0.0625 0.06640625 0.0625 0.15625 0.1523437 0.06640625 0.1523437 0.06640625 0.0625 0.15625 0.1523437 0.15625 0.3125 0.15625 0.4023438 0.15625 0.3125 0.06640625 0.3125 0.06640625 0.4023438 0.15625 0.4023438 0.06640625 0.4023438 0.15625 0.4023438 0.06640625 0.3125 0.15625 0.3125 0.15625 0.4023438 0.06640625 0.3125 0.06640625 0.4023438 0.15625 0.4023438 0.06640625 0.3125 0.15625 0.3125 0.15625 0.4023438 0.06640625 0.3125 0.06640625 0.3125 0.15625 0.4023438 0.15625 0.3125 0.06640625 0.3125 0.06640625 0.4023438 0.15625 0.4023438 0.06640625 0.4023438 0.15625 0.4023438 0.06640625 0.3125 0.15625 0.3125 0.15625 0.4023438 0.06640625 0.3125 0.06640625 0.3125 0.15625 0.4023438 0.15625 0.3125 0.06640625 0.3125 0.06640625 0.4023438 0.15625 0.4023438 0.06640625 0.4023438 0.06640625 0.3125 0.06640625 0.4023438 0.15625 0.4023438 0.15625 0.3125 0.06640625 0.3125 0.15625 0.4023438 0.06640625 0.3125 0.06640625 0.4023438 0.15625 0.4023438 0.15625 0.3125 0.06640625 0.3125 0.15625 0.3125 0.06640625 0.3125 0.15625 0.4023438 0.06640625 0.4023438 0.06640625 0.3125 0.15625 0.4023438 0.15625 0.3125 0.06640625 0.3125 0.15625 0.4023438 0.06640625 0.4023438 0.06640625 0.3125 0.15625 0.4023438 0.15625 0.3125 0.15625 0.4023438 0.15625 0.3125 0.06640625 0.3125 0.06640625 0.4023438 0.15625 0.4023438 0.06640625 0.4023438 0.06640625 0.3125 0.06640625 0.4023438 0.15625 0.4023438 0.15625 0.3125 0.06640625 0.3125 0.15625 0.1523437 0.06640625 0.0625 0.06640625 0.1523437 0.15625 0.1523437 0.15625 0.0625 0.06640625 0.0625 0.15625 0.1523437 0.06640625 0.0625 0.06640625 0.1523437 0.15625 0.1523437 0.15625 0.0625 0.06640625 0.0625 0.15625 0.0625 0.06640625 0.0625 0.15625 0.1523437 0.06640625 0.1523437 0.06640625 0.0625 0.15625 0.1523437 0.15625 0.3125 0.06640625 0.3125 0.15625 0.4023438 0.06640625 0.4023438 0.06640625 0.3125 0.15625 0.4023438 0.15625 0.3125 0.06640625 0.3125 0.15625 0.4023438 0.06640625 0.4023438 0.06640625 0.3125 0.15625 0.4023438 0.15625 0.4023438 0.15625 0.4023438 0.06640625 0.3125 0.15625 0.3125 0.15625 0.4023438 0.06640625 0.3125 0.06640625 0.4023438 0.15625 0.4023438 0.06640625 0.3125 0.15625 0.3125 0.15625 0.4023438 0.06640625 0.3125 0.06640625 0.4023438 0.06640625 0.3125 0.06640625 0.4023438 0.15625 0.4023438 0.15625 0.3125 0.06640625 0.3125 0.15625 0.4023438 0.15625 0.4023438 0.06640625 0.3125 0.15625 0.3125 0.15625 0.4023438 0.06640625 0.3125 0.06640625 0.3125 0.15625 0.4023438 0.15625 0.3125 0.06640625 0.3125 0.06640625 0.4023438 0.15625 0.4023438 0.06640625 0.3125 0.06640625 0.3125 0.15625 0.4023438 0.06640625 0.4023438 0.06640625 0.3125 0.15625 0.4023438 0.15625 0.3125 0.15625 0.4023438 0.15625 0.3125 0.06640625 0.3125 0.06640625 0.4023438 0.15625 0.4023438 0.06640625 0.3125 0.15625 0.4023438 0.15625 0.3125 0.06640625 0.3125 0.06640625 0.4023438 0.15625 0.4023438 0.06640625 0.4023438 0.15625 0.4023438 0.06640625 0.3125 0.15625 0.3125 0.15625 0.4023438 0.06640625 0.3125 0.06640625 0.4023438 0.06640625 0.3125 0.06640625 0.4023438 0.15625 0.4023438 0.15625 0.3125 0.06640625 0.3125 0.15625 0.3125 0.06640625 0.3125 0.15625 0.4023438 0.06640625 0.4023438 0.06640625 0.3125 0.15625 0.4023438 0.15625 0.3125 0.15625 0.4023438 0.15625 0.3125 0.06640625 0.3125 0.06640625 0.4023438 0.15625 0.4023438 0.06640625 0.4023438 0.15625 0.4023438 0.06640625 0.3125 0.15625 0.3125 0.15625 0.4023438 0.06640625 0.3125 0.06640625 0.3125 0.06640625 0.3125 0.15625 0.4023438 0.06640625 0.4023438 0.06640625 0.3125 0.15625 0.4023438 0.15625 0.3125 0.06640625 0.3125 0.15625 0.4023438 0.06640625 0.4023438 0.06640625 0.3125 0.15625 0.4023438 0.15625 0.3125 0.15625 0.4023438 0.15625 0.3125 0.06640625 0.3125 0.06640625 0.4023438 0.15625 0.4023438 0.06640625 0.4023438 0.15625 0.4023438 0.06640625 0.3125 0.15625 0.3125 0.15625 0.4023438 0.06640625 0.3125 0.06640625 0.1523437 0.15625 0.1523437 0.06640625 0.0625 0.15625 0.0625 0.15625 0.1523437 0.06640625 0.0625 0.06640625 0.1523437 0.15625 0.1523437 0.06640625 0.0625 0.15625 0.0625 0.15625 0.1523437 0.06640625 0.0625 0.06640625 0.1523437 0.06640625 0.0625 0.06640625 0.1523437 0.15625 0.1523437 0.15625 0.0625 0.06640625 0.0625 0.15625 0.3125 0.06640625 0.3125 0.15625 0.4023438 0.06640625 0.4023438 0.06640625 0.3125 0.15625 0.4023438 0.15625 0.3125 0.15625 0.4023438 0.15625 0.3125 0.06640625 0.3125 0.06640625 0.4023438 0.15625 0.4023438 0.06640625 0.4023438 0.06640625 0.3125 0.06640625 0.4023438 0.15625 0.4023438 0.15625 0.3125 0.06640625 0.3125 0.15625 0.4023438 0.06640625 0.3125 0.06640625 0.4023438 0.15625 0.4023438 0.15625 0.3125 0.06640625 0.3125 0.15625 0.3125 0.06640625 0.3125 0.15625 0.4023438 0.06640625 0.4023438 0.06640625 0.3125 0.15625 0.4023438 0.15625 0.3125 0.15625 0.4023438 0.15625 0.3125 0.06640625 0.3125 0.06640625 0.4023438 0.15625 0.4023438 0.06640625 0.3125 0.15625 0.4023438 0.15625 0.3125 0.06640625 0.3125 0.06640625 0.4023438 0.15625 0.4023438 0.06640625 0.4023438 0.15625 0.4023438 0.06640625 0.3125 0.15625 0.3125 0.15625 0.4023438 0.06640625 0.3125 0.06640625 0.3125 0.06640625 0.3125 0.15625 0.4023438 0.06640625 0.4023438 0.06640625 0.3125 0.15625 0.4023438 0.15625 0.3125 0.06640625 0.3125 0.15625 0.4023438 0.06640625 0.4023438 0.06640625 0.3125 0.15625 0.4023438 0.15625 0.4023438 0.15625 0.4023438 0.06640625 0.3125 0.15625 0.3125 0.15625 0.4023438 0.06640625 0.3125 0.06640625 0.3125 0.15625 0.4023438 0.15625 0.3125 0.06640625 0.3125 0.06640625 0.4023438 0.15625 0.4023438 0.06640625 0.1523437 0.15625 0.1523437 0.06640625 0.0625 0.15625 0.0625 0.15625 0.1523437 0.06640625 0.0625 0.06640625 0.1523437 0.15625 0.1523437 0.06640625 0.0625 0.15625 0.0625 0.15625 0.1523437 0.06640625 0.0625 0.06640625 0.1523437 0.15625 0.1523437 0.06640625 0.0625 0.15625 0.0625 0.15625 0.1523437 0.06640625 0.0625 0.06640625 0.3125 0.06640625 0.3125 0.15625 0.4023438 0.06640625 0.4023438 0.06640625 0.3125 0.15625 0.4023438 0.15625 0.3125 0.06640625 0.3125 0.15625 0.4023438 0.06640625 0.4023438 0.06640625 0.3125 0.15625 0.4023438 0.15625 0.4023438 0.06640625 0.3125 0.06640625 0.4023438 0.15625 0.4023438 0.15625 0.3125 0.06640625 0.3125 0.15625 0.4023438 0.06640625 0.3125 0.06640625 0.4023438 0.15625 0.4023438 0.15625 0.3125 0.06640625 0.3125 0.15625 0.3125 0.06640625 0.3125 0.15625 0.4023438 0.06640625 0.4023438 0.06640625 0.3125 0.15625 0.4023438 0.15625 0.3125 0.15625 0.4023438 0.15625 0.3125 0.06640625 0.3125 0.06640625 0.4023438 0.15625 0.4023438 0.06640625 0.4023438 0.15625 0.4023438 0.06640625 0.3125 0.15625 0.3125 0.15625 0.4023438 0.06640625 0.3125 0.06640625 0.4023438 0.06640625 0.3125 0.06640625 0.4023438 0.15625 0.4023438 0.15625 0.3125 0.06640625 0.3125 0.15625 0.3125 0.06640625 0.3125 0.15625 0.4023438 0.06640625 0.4023438 0.06640625 0.3125 0.15625 0.4023438 0.15625 0.3125 0.15625 0.4023438 0.15625 0.3125 0.06640625 0.3125 0.06640625 0.4023438 0.15625 0.4023438 0.06640625 0.4023438 0.15625 0.4023438 0.06640625 0.3125 0.15625 0.3125 0.15625 0.4023438 0.06640625 0.3125 0.06640625 0.3125 0.15625 0.4023438 0.15625 0.3125 0.06640625 0.3125 0.06640625 0.4023438 0.15625 0.4023438 0.06640625 0.0625 0.15625 0.1523437 0.15625 0.0625 0.06640625 0.0625 0.06640625 0.1523437 0.15625 0.1523437 0.06640625 0.0625 0.15625 0.1523437 0.15625 0.0625 0.06640625 0.0625 0.06640625 0.1523437 0.15625 0.1523437 0.06640625 0.1523437 0.15625 0.1523437 0.06640625 0.0625 0.15625 0.0625 0.15625 0.1523437 0.06640625 0.0625 0.06640625 0.3125 0.06640625 0.3125 0.15625 0.4023438 0.06640625 0.4023438 0.06640625 0.3125 0.15625 0.4023438 0.15625 0.3125 0.15625 0.4023438 0.15625 0.3125 0.06640625 0.3125 0.06640625 0.4023438 0.15625 0.4023438 0.06640625 0.3125 0.06640625 0.3125 0.15625 0.4023438 0.06640625 0.4023438 0.06640625 0.3125 0.15625 0.4023438 0.15625 0.4023438 0.06640625 0.3125 0.06640625 0.4023438 0.15625 0.4023438 0.15625 0.3125 0.06640625 0.3125 0.15625 0.4023438 0.06640625 0.3125 0.06640625 0.4023438 0.15625 0.4023438 0.15625 0.3125 0.06640625 0.3125 0.15625 0.3125 0.06640625 0.3125 0.15625 0.4023438 0.06640625 0.4023438 0.06640625 0.3125 0.15625 0.4023438 0.15625 0.3125 0.15625 0.4023438 0.15625 0.3125 0.06640625 0.3125 0.06640625 0.4023438 0.15625 0.4023438 0.06640625 0.4023438 0.15625 0.4023438 0.06640625 0.3125 0.15625 0.3125 0.15625 0.4023438 0.06640625 0.3125 0.06640625 0.3125 0.06640625 0.3125 0.15625 0.4023438 0.06640625 0.4023438 0.06640625 0.3125 0.15625 0.4023438 0.15625 0.3125 0.06640625 0.3125 0.15625 0.4023438 0.06640625 0.4023438 0.06640625 0.3125 0.15625 0.4023438 0.15625 0.3125 0.15625 0.4023438 0.15625 0.3125 0.06640625 0.3125 0.06640625 0.4023438 0.15625 0.4023438 0.06640625 0.3125 0.15625 0.4023438 0.15625 0.3125 0.06640625 0.3125 0.06640625 0.4023438 0.15625 0.4023438 0.06640625 0.1523437 0.15625 0.1523437 0.06640625 0.0625 0.15625 0.0625 0.15625 0.1523437 0.06640625 0.0625 0.06640625 0.1523437 0.15625 0.1523437 0.06640625 0.0625 0.15625 0.0625 0.15625 0.1523437 0.06640625 0.0625 0.06640625 0.1523437 0.06640625 0.0625 0.06640625 0.1523437 0.15625 0.1523437 0.15625 0.0625 0.06640625 0.0625 0.15625 0.3125 0.15625 0.4023438 0.15625 0.3125 0.06640625 0.3125 0.06640625 0.4023438 0.15625 0.4023438 0.06640625 0.3125 0.06640625 0.3125 0.15625 0.4023438 0.06640625 0.4023438 0.06640625 0.3125 0.15625 0.4023438 0.15625 0.3125 0.06640625 0.3125 0.15625 0.4023438 0.06640625 0.4023438 0.06640625 0.3125 0.15625 0.4023438 0.15625 0.3125 0.15625 0.4023438 0.15625 0.3125 0.06640625 0.3125 0.06640625 0.4023438 0.15625 0.4023438 0.06640625 0.3125 0.15625 0.4023438 0.15625 0.3125 0.06640625 0.3125 0.06640625 0.4023438 0.15625 0.4023438 0.06640625 0.4023438 0.06640625 0.3125 0.06640625 0.4023438 0.15625 0.4023438 0.15625 0.3125 0.06640625 0.3125 0.15625 0.3125 0.15625 0.4023438 0.15625 0.3125 0.06640625 0.3125 0.06640625 0.4023438 0.15625 0.4023438 0.06640625 0.3125 0.06640625 0.3125 0.15625 0.4023438 0.06640625 0.4023438 0.06640625 0.3125 0.15625 0.4023438 0.15625 0.4023438 0.06640625 0.3125 0.06640625 0.4023438 0.15625 0.4023438 0.15625 0.3125 0.06640625 0.3125 0.15625 0.4023438 0.06640625 0.3125 0.06640625 0.4023438 0.15625 0.4023438 0.15625 0.3125 0.06640625 0.3125 0.15625 0.4023438 0.06640625 0.3125 0.06640625 0.4023438 0.15625 0.4023438 0.15625 0.3125 0.06640625 0.3125 0.15625 0.4023438 0.06640625 0.3125 0.06640625 0.4023438 0.15625 0.4023438 0.15625 0.3125 0.06640625 0.3125 0.15625 0.3125 0.06640625 0.3125 0.15625 0.4023438 0.06640625 0.4023438 0.06640625 0.3125 0.15625 0.4023438 0.15625 0.3125 0.06640625 0.3125 0.15625 0.4023438 0.06640625 0.4023438 0.06640625 0.3125 0.15625 0.4023438 0.15625 0.4023438 0.15625 0.4023438 0.06640625 0.3125 0.15625 0.3125 0.15625 0.4023438 0.06640625 0.3125 0.06640625 0.4023438 0.06640625 0.3125 0.06640625 0.4023438 0.15625 0.4023438 0.15625 0.3125 0.06640625 0.3125 0.15625 0.4023438 0.06640625 0.3125 0.06640625 0.4023438 0.15625 0.4023438 0.15625 0.3125 0.06640625 0.3125 0.15625 0.3125 0.15625 0.4023438 0.15625 0.3125 0.06640625 0.3125 0.06640625 0.4023438 0.15625 0.4023438 0.06640625 0.4023438 0.15625 0.4023438 0.06640625 0.3125 0.15625 0.3125 0.15625 0.4023438 0.06640625 0.3125 0.06640625 0.4023438 0.06640625 0.3125 0.06640625 0.4023438 0.15625 0.4023438 0.15625 0.3125 0.06640625 0.3125 0.15625 0.3125 0.15625 0.4023438 0.15625 0.3125 0.06640625 0.3125 0.06640625 0.4023438 0.15625 0.4023438 0.06640625 0.0625 0.15625 0.1523437 0.15625 0.0625 0.06640625 0.0625 0.06640625 0.1523437 0.15625 0.1523437 0.06640625 0.0625 0.06640625 0.0625 0.15625 0.1523437 0.06640625 0.1523437 0.06640625 0.0625 0.15625 0.1523437 0.15625 0.0625 0.15625 0.1523437 0.15625 0.0625 0.06640625 0.0625 0.06640625 0.1523437 0.15625 0.1523437 0.06640625 0.4023438 0.15625 0.4023438 0.06640625 0.3125 0.15625 0.3125 0.15625 0.4023438 0.06640625 0.3125 0.06640625 0.4023438 0.06640625 0.3125 0.06640625 0.4023438 0.15625 0.4023438 0.15625 0.3125 0.06640625 0.3125 0.15625 0.4023438 0.06640625 0.3125 0.06640625 0.4023438 0.15625 0.4023438 0.15625 0.3125 0.06640625 0.3125 0.15625 0.3125 0.06640625 0.3125 0.15625 0.4023438 0.06640625 0.4023438 0.06640625 0.3125 0.15625 0.4023438 0.15625 0.3125 0.15625 0.4023438 0.15625 0.3125 0.06640625 0.3125 0.06640625 0.4023438 0.15625 0.4023438 0.06640625 0.4023438 0.15625 0.4023438 0.06640625 0.3125 0.15625 0.3125 0.15625 0.4023438 0.06640625 0.3125 0.06640625 0.4023438 0.06640625 0.3125 0.06640625 0.4023438 0.15625 0.4023438 0.15625 0.3125 0.06640625 0.3125 0.15625 0.4023438 0.06640625 0.3125 0.06640625 0.4023438 0.15625 0.4023438 0.15625 0.3125 0.06640625 0.3125 0.15625 0.3125 0.15625 0.4023438 0.15625 0.3125 0.06640625 0.3125 0.06640625 0.4023438 0.15625 0.4023438 0.06640625 0.4023438 0.15625 0.4023438 0.06640625 0.3125 0.15625 0.3125 0.15625 0.4023438 0.06640625 0.3125 0.06640625 0.4023438 0.06640625 0.3125 0.06640625 0.4023438 0.15625 0.4023438 0.15625 0.3125 0.06640625 0.3125 0.15625 0.3125 0.06640625 0.3125 0.15625 0.4023438 0.06640625 0.4023438 0.06640625 0.3125 0.15625 0.4023438 0.15625 0.1523437 0.06640625 0.0625 0.06640625 0.1523437 0.15625 0.1523437 0.15625 0.0625 0.06640625 0.0625 0.15625 0.0625 0.06640625 0.0625 0.15625 0.1523437 0.06640625 0.1523437 0.06640625 0.0625 0.15625 0.1523437 0.15625 0.0625 0.15625 0.1523437 0.15625 0.0625 0.06640625 0.0625 0.06640625 0.1523437 0.15625 0.1523437 0.06640625 0.4023438 0.15625 0.4023438 0.06640625 0.3125 0.15625 0.3125 0.15625 0.4023438 0.06640625 0.3125 0.06640625 0.4023438 0.06640625 0.3125 0.06640625 0.4023438 0.15625 0.4023438 0.15625 0.3125 0.06640625 0.3125 0.15625 0.4023438 0.06640625 0.3125 0.06640625 0.4023438 0.15625 0.4023438 0.15625 0.3125 0.06640625 0.3125 0.15625 0.3125 0.06640625 0.3125 0.15625 0.4023438 0.06640625 0.4023438 0.06640625 0.3125 0.15625 0.4023438 0.15625 0.3125 0.15625 0.4023438 0.15625 0.3125 0.06640625 0.3125 0.06640625 0.4023438 0.15625 0.4023438 0.06640625 0.4023438 0.15625 0.4023438 0.06640625 0.3125 0.15625 0.3125 0.15625 0.4023438 0.06640625 0.3125 0.06640625 0.4023438 0.06640625 0.3125 0.06640625 0.4023438 0.15625 0.4023438 0.15625 0.3125 0.06640625 0.3125 0.15625 0.4023438 0.06640625 0.3125 0.06640625 0.4023438 0.15625 0.4023438 0.15625 0.3125 0.06640625 0.3125 0.15625 0.3125 0.06640625 0.3125 0.15625 0.4023438 0.06640625 0.4023438 0.06640625 0.3125 0.15625 0.4023438 0.15625 0.4023438 0.15625 0.4023438 0.06640625 0.3125 0.15625 0.3125 0.15625 0.4023438 0.06640625 0.3125 0.06640625 0.4023438 0.06640625 0.3125 0.06640625 0.4023438 0.15625 0.4023438 0.15625 0.3125 0.06640625 0.3125 0.15625 0.3125 0.06640625 0.3125 0.15625 0.4023438 0.06640625 0.4023438 0.06640625 0.3125 0.15625 0.4023438 0.15625 0.1523437 0.06640625 0.0625 0.06640625 0.1523437 0.15625 0.1523437 0.15625 0.0625 0.06640625 0.0625 0.15625 0.0625 0.06640625 0.0625 0.15625 0.1523437 0.06640625 0.1523437 0.06640625 0.0625 0.15625 0.1523437 0.15625 0.0625 0.15625 0.1523437 0.15625 0.0625 0.06640625 0.0625 0.06640625 0.1523437 0.15625 0.1523437 0.06640625 0.4023438 0.15625 0.4023438 0.06640625 0.3125 0.15625 0.3125 0.15625 0.4023438 0.06640625 0.3125 0.06640625 0.4023438 0.06640625 0.3125 0.06640625 0.4023438 0.15625 0.4023438 0.15625 0.3125 0.06640625 0.3125 0.15625 0.4023438 0.06640625 0.3125 0.06640625 0.4023438 0.15625 0.4023438 0.15625 0.3125 0.06640625 0.3125 0.15625 0.3125 0.06640625 0.3125 0.15625 0.4023438 0.06640625 0.4023438 0.06640625 0.3125 0.15625 0.4023438 0.15625 0.3125 0.15625 0.4023438 0.15625 0.3125 0.06640625 0.3125 0.06640625 0.4023438 0.15625 0.4023438 0.06640625 0.4023438 0.15625 0.4023438 0.06640625 0.3125 0.15625 0.3125 0.15625 0.4023438 0.06640625 0.3125 0.06640625 0.4023438 0.06640625 0.3125 0.06640625 0.4023438 0.15625 0.4023438 0.15625 0.3125 0.06640625 0.3125 0.15625 0.4023438 0.06640625 0.3125 0.06640625 0.4023438 0.15625 0.4023438 0.15625 0.3125 0.06640625 0.3125 0.15625 0.3125 0.15625 0.4023438 0.15625 0.3125 0.06640625 0.3125 0.06640625 0.4023438 0.15625 0.4023438 0.06640625 0.4023438 0.15625 0.4023438 0.06640625 0.3125 0.15625 0.3125 0.15625 0.4023438 0.06640625 0.3125 0.06640625 0.4023438 0.06640625 0.3125 0.06640625 0.4023438 0.15625 0.4023438 0.15625 0.3125 0.06640625 0.3125 0.15625 0.3125 0.06640625 0.3125 0.15625 0.4023438 0.06640625 0.4023438 0.06640625 0.3125 0.15625 0.4023438 0.15625 0.0625 0.06640625 0.0625 0.15625 0.1523437 0.06640625 0.1523437 0.06640625 0.0625 0.15625 0.1523437 0.15625 0.0625 0.06640625 0.0625 0.15625 0.1523437 0.06640625 0.1523437 0.06640625 0.0625 0.15625 0.1523437 0.15625 0.0625 0.15625 0.1523437 0.15625 0.0625 0.06640625 0.0625 0.06640625 0.1523437 0.15625 0.1523437 0.06640625 0.4023438 0.15625 0.4023438 0.06640625 0.3125 0.15625 0.3125 0.15625 0.4023438 0.06640625 0.3125 0.06640625 0.4023438 0.15625 0.4023438 0.06640625 0.3125 0.15625 0.3125 0.15625 0.4023438 0.06640625 0.3125 0.06640625 0.4023438 0.15625 0.4023438 0.06640625 0.3125 0.15625 0.3125 0.15625 0.4023438 0.06640625 0.3125 0.06640625 0.3125 0.15625 0.4023438 0.15625 0.3125 0.06640625 0.3125 0.06640625 0.4023438 0.15625 0.4023438 0.06640625 0.4023438 0.06640625 0.3125 0.06640625 0.4023438 0.15625 0.4023438 0.15625 0.3125 0.06640625 0.3125 0.15625 0.4023438 0.06640625 0.3125 0.06640625 0.4023438 0.15625 0.4023438 0.15625 0.3125 0.06640625 0.3125 0.15625 0.4023438 0.15625 0.4023438 0.06640625 0.3125 0.15625 0.3125 0.15625 0.4023438 0.06640625 0.3125 0.06640625 0.4023438 0.15625 0.4023438 0.06640625 0.3125 0.15625 0.3125 0.15625 0.4023438 0.06640625 0.3125 0.06640625 0.4023438 0.06640625 0.3125 0.06640625 0.4023438 0.15625 0.4023438 0.15625 0.3125 0.06640625 0.3125 0.15625 0.3125 0.06640625 0.3125 0.15625 0.4023438 0.06640625 0.4023438 0.06640625 0.3125 0.15625 0.4023438 0.15625 0.3125 0.06640625 0.3125 0.15625 0.4023438 0.06640625 0.4023438 0.06640625 0.3125 0.15625 0.4023438 0.15625 0.3125 0.06640625 0.3125 0.15625 0.4023438 0.06640625 0.4023438 0.06640625 0.3125 0.15625 0.4023438 0.15625 0.3125 0.06640625 0.3125 0.15625 0.4023438 0.06640625 0.4023438 0.06640625 0.3125 0.15625 0.4023438 0.15625 0.4023438 0.15625 0.4023438 0.06640625 0.3125 0.15625 0.3125 0.15625 0.4023438 0.06640625 0.3125 0.06640625 0.4023438 0.15625 0.4023438 0.06640625 0.3125 0.15625 0.3125 0.15625 0.4023438 0.06640625 0.3125 0.06640625 0.4023438 0.15625 0.4023438 0.06640625 0.3125 0.15625 0.3125 0.15625 0.4023438 0.06640625 0.3125 0.06640625 0.4023438 0.15625 0.4023438 0.06640625 0.3125 0.15625 0.3125 0.15625 0.4023438 0.06640625 0.3125 0.06640625 0.4023438 0.06640625 0.3125 0.06640625 0.4023438 0.15625 0.4023438 0.15625 0.3125 0.06640625 0.3125 0.15625 0.4023438 0.06640625 0.3125 0.06640625 0.4023438 0.15625 0.4023438 0.15625 0.3125 0.06640625 0.3125 0.15625 0.4023438 0.06640625 0.3125 0.06640625 0.4023438 0.15625 0.4023438 0.15625 0.3125 0.06640625 0.3125 0.15625 0.4023438 0.06640625 0.3125 0.06640625 0.4023438 0.15625 0.4023438 0.15625 0.3125 0.06640625 0.3125 0.15625 0.4023438 0.06640625 0.3125 0.06640625 0.4023438 0.15625 0.4023438 0.15625 0.3125 0.06640625 0.3125 0.15625 0.4023438 0.06640625 0.3125 0.06640625 0.4023438 0.15625 0.4023438 0.15625 0.3125 0.06640625 0.3125 0.15625 0.4023438 0.06640625 0.3125 0.06640625 0.4023438 0.15625 0.4023438 0.15625 0.3125 0.06640625 0.3125 0.15625 0.4023438 0.06640625 0.3125 0.06640625 0.4023438 0.15625 0.4023438 0.15625 0.3125 0.06640625 0.3125 0.15625 0.4023438 0.15625 0.4023438 0.06640625 0.3125 0.15625 0.3125 0.15625 0.4023438 0.06640625 0.3125 0.06640625 0.4023438 0.06640625 0.3125 0.06640625 0.4023438 0.15625 0.4023438 0.15625 0.3125 0.06640625 0.3125 0.15625 0.4023438 0.06640625 0.3125 0.06640625 0.4023438 0.15625 0.4023438 0.15625 0.3125 0.06640625 0.3125 0.15625 0.4023438 0.06640625 0.3125 0.06640625 0.4023438 0.15625 0.4023438 0.15625 0.3125 0.06640625 0.3125 0.15625 0.4023438 0.06640625 0.3125 0.06640625 0.4023438 0.15625 0.4023438 0.15625 0.3125 0.06640625 0.3125 0.15625 0.4023438 0.06640625 0.3125 0.06640625 0.4023438 0.15625 0.4023438 0.15625 0.3125 0.06640625 0.3125 0.15625 0.3125 0.06640625 0.3125 0.15625 0.4023438 0.06640625 0.4023438 0.06640625 0.3125 0.15625 0.4023438 0.15625 0.3125 0.06640625 0.3125 0.15625 0.4023438 0.06640625 0.4023438 0.06640625 0.3125 0.15625 0.4023438 0.15625 0.4023438 0.15625 0.4023438 0.06640625 0.3125 0.15625 0.3125 0.15625 0.4023438 0.06640625 0.3125 0.06640625 0.4023438 0.15625 0.4023438 0.06640625 0.3125 0.15625 0.3125 0.15625 0.4023438 0.06640625 0.3125 0.06640625 0.4023438 0.06640625 0.3125 0.06640625 0.4023438 0.15625 0.4023438 0.15625 0.3125 0.06640625 0.3125 0.15625 0.3125 0.06640625 0.3125 0.15625 0.4023438 0.06640625 0.4023438 0.06640625 0.3125 0.15625 0.4023438 0.15625 0.3125 0.15625 0.4023438 0.15625 0.3125 0.06640625 0.3125 0.06640625 0.4023438 0.15625 0.4023438 0.06640625 0.3125 0.15625 0.4023438 0.15625 0.3125 0.06640625 0.3125 0.06640625 0.4023438 0.15625 0.4023438 0.06640625 0.3125 0.15625 0.4023438 0.15625 0.3125 0.06640625 0.3125 0.06640625 0.4023438 0.15625 0.4023438 0.06640625 0.3125 0.15625 0.4023438 0.15625 0.3125 0.06640625 0.3125 0.06640625 0.4023438 0.15625 0.4023438 0.06640625 0.3125 0.06640625 0.3125 0.15625 0.4023438 0.06640625 0.4023438 0.06640625 0.3125 0.15625 0.4023438 0.15625 0.3125 0.06640625 0.3125 0.15625 0.4023438 0.06640625 0.4023438 0.06640625 0.3125 0.15625 0.4023438 0.15625 0.3125 0.06640625 0.3125 0.15625 0.4023438 0.06640625 0.4023438 0.06640625 0.3125 0.15625 0.4023438 0.15625 0.3125 0.06640625 0.3125 0.15625 0.4023438 0.06640625 0.4023438 0.06640625 0.3125 0.15625 0.4023438 0.15625 0.4023438 0.06640625 0.3125 0.06640625 0.4023438 0.15625 0.4023438 0.15625 0.3125 0.06640625 0.3125 0.15625 0.3125 0.06640625 0.3125 0.15625 0.4023438 0.06640625 0.4023438 0.06640625 0.3125 0.15625 0.4023438 0.15625 0.3125 0.15625 0.4023438 0.15625 0.3125 0.06640625 0.3125 0.06640625 0.4023438 0.15625 0.4023438 0.06640625 0.3125 0.15625 0.4023438 0.15625 0.3125 0.06640625 0.3125 0.06640625 0.4023438 0.15625 0.4023438 0.06640625 0.4023438 0.15625 0.4023438 0.06640625 0.3125 0.15625 0.3125 0.15625 0.4023438 0.06640625 0.3125 0.06640625 0.4023438 0.15625 0.4023438 0.06640625 0.3125 0.15625 0.3125 0.15625 0.4023438 0.06640625 0.3125 0.06640625 0.4023438 0.15625 0.4023438 0.06640625 0.3125 0.15625 0.3125 0.15625 0.4023438 0.06640625 0.3125 0.06640625 0.4023438 0.15625 0.4023438 0.06640625 0.3125 0.15625 0.3125 0.15625 0.4023438 0.06640625 0.3125 0.06640625 0.4023438 0.06640625 0.3125 0.06640625 0.4023438 0.15625 0.4023438 0.15625 0.3125 0.06640625 0.3125 0.15625 0.4023438 0.06640625 0.3125 0.06640625 0.4023438 0.15625 0.4023438 0.15625 0.3125 0.06640625 0.3125 0.15625 0.4023438 0.06640625 0.3125 0.06640625 0.4023438 0.15625 0.4023438 0.15625 0.3125 0.06640625 0.3125 0.15625 0.4023438 0.06640625 0.3125 0.06640625 0.4023438 0.15625 0.4023438 0.15625 0.3125 0.06640625 0.3125 0.15625 0.4023438 0.06640625 0.3125 0.06640625 0.4023438 0.15625 0.4023438 0.15625 0.3125 0.06640625 0.3125 0.15625 0.3125 0.06640625 0.3125 0.15625 0.4023438 0.06640625 0.4023438 0.06640625 0.3125 0.15625 0.4023438 0.15625 0.4023438 0.06640625 0.3125 0.06640625 0.4023438 0.15625 0.4023438 0.15625 0.3125 0.06640625 0.3125 0.15625 0.3125 0.15625 0.4023438 0.15625 0.3125 0.06640625 0.3125 0.06640625 0.4023438 0.15625 0.4023438 0.06640625 0.4023438 0.06640625 0.3125 0.06640625 0.4023438 0.15625 0.4023438 0.15625 0.3125 0.06640625 0.3125 0.15625 0.3125 0.15625 0.4023438 0.15625 0.3125 0.06640625 0.3125 0.06640625 0.4023438 0.15625 0.4023438 0.06640625 0.4023438 0.15625 0.4023438 0.06640625 0.3125 0.15625 0.3125 0.15625 0.4023438 0.06640625 0.3125 0.06640625 0.3125 0.06640625 0.3125 0.15625 0.4023438 0.06640625 0.4023438 0.06640625 0.3125 0.15625 0.4023438 0.15625 0.3125 0.15625 0.4023438 0.15625 0.3125 0.06640625 0.3125 0.06640625 0.4023438 0.15625 0.4023438 0.06640625 0.4023438 0.06640625 0.3125 0.06640625 0.4023438 0.15625 0.4023438 0.15625 0.3125 0.06640625 0.3125 0.15625 0.3125 0.06640625 0.3125 0.15625 0.4023438 0.06640625 0.4023438 0.06640625 0.3125 0.15625 0.4023438 0.15625 0.4023438 0.15625 0.4023438 0.06640625 0.3125 0.15625 0.3125 0.15625 0.4023438 0.06640625 0.3125 0.06640625 0.3125 0.06640625 0.3125 0.15625 0.4023438 0.06640625 0.4023438 0.06640625 0.3125 0.15625 0.4023438 0.15625 0.4023438 0.15625 0.4023438 0.06640625 0.3125 0.15625 0.3125 0.15625 0.4023438 0.06640625 0.3125 0.06640625 0.4023438 0.06640625 0.3125 0.06640625 0.4023438 0.15625 0.4023438 0.15625 0.3125 0.06640625 0.3125 0.15625 0.3125 0.06640625 0.3125 0.15625 0.4023438 0.06640625 0.4023438 0.06640625 0.3125 0.15625 0.4023438 0.15625 0.4023438 0.15625 0.4023438 0.06640625 0.3125 0.15625 0.3125 0.15625 0.4023438 0.06640625 0.3125 0.06640625 0.4023438 0.15625 0.4023438 0.06640625 0.3125 0.15625 0.3125 0.15625 0.4023438 0.06640625 0.3125 0.06640625 0.3125 0.15625 0.4023438 0.15625 0.3125 0.06640625 0.3125 0.06640625 0.4023438 0.15625 0.4023438 0.06640625 0.3125 0.15625 0.4023438 0.15625 0.3125 0.06640625 0.3125 0.06640625 0.4023438 0.15625 0.4023438 0.06640625 0.1523437 0.06640625 0.0625 0.06640625 0.1523437 0.15625 0.1523437 0.15625 0.0625 0.06640625 0.0625 0.15625 0.0625 0.06640625 0.0625 0.15625 0.1523437 0.06640625 0.1523437 0.06640625 0.0625 0.15625 0.1523437 0.15625 0.1523437 0.06640625 0.0625 0.06640625 0.1523437 0.15625 0.1523437 0.15625 0.0625 0.06640625 0.0625 0.15625 0.0625 0.15625 0.1523437 0.15625 0.0625 0.06640625 0.0625 0.06640625 0.1523437 0.15625 0.1523437 0.06640625 0.1523437 0.15625 0.1523437 0.06640625 0.0625 0.15625 0.0625 0.15625 0.1523437 0.06640625 0.0625 0.06640625 0.0625 0.15625 0.1523437 0.15625 0.0625 0.06640625 0.0625 0.06640625 0.1523437 0.15625 0.1523437 0.06640625 0.0625 0.06640625 0.0625 0.15625 0.1523437 0.06640625 0.1523437 0.06640625 0.0625 0.15625 0.1523437 0.15625 0.0625 0.06640625 0.0625 0.15625 0.1523437 0.06640625 0.1523437 0.06640625 0.0625 0.15625 0.1523437 0.15625 0.0625 0.06640625 0.0625 0.15625 0.1523437 0.06640625 0.1523437 0.06640625 0.0625 0.15625 0.1523437 0.15625 0.1523437 0.15625 0.1523437 0.06640625 0.0625 0.15625 0.0625 0.15625 0.1523437 0.06640625 0.0625 0.06640625 0.1523437 0.15625 0.1523437 0.06640625 0.0625 0.15625 0.0625 0.15625 0.1523437 0.06640625 0.0625 0.06640625 0.0625 0.15625 0.1523437 0.15625 0.0625 0.06640625 0.0625 0.06640625 0.1523437 0.15625 0.1523437 0.06640625 0.1523437 0.15625 0.1523437 0.06640625 0.0625 0.15625 0.0625 0.15625 0.1523437 0.06640625 0.0625 0.06640625 0.1523437 0.15625 0.1523437 0.06640625 0.0625 0.15625 0.0625 0.15625 0.1523437 0.06640625 0.0625 0.06640625 0.1523437 0.15625 0.1523437 0.06640625 0.0625 0.15625 0.0625 0.15625 0.1523437 0.06640625 0.0625 0.06640625 0.1523437 0.15625 0.1523437 0.06640625 0.0625 0.15625 0.0625 0.15625 0.1523437 0.06640625 0.0625 0.06640625 0.1523437 0.15625 0.1523437 0.06640625 0.0625 0.15625 0.0625 0.15625 0.1523437 0.06640625 0.0625 0.06640625 0.1523437 0.15625 0.1523437 0.06640625 0.0625 0.15625 0.0625 0.15625 0.1523437 0.06640625 0.0625 0.06640625 0.1523437 0.15625 0.1523437 0.06640625 0.0625 0.15625 0.0625 0.15625 0.1523437 0.06640625 0.0625 0.06640625 0.1523437 0.15625 0.1523437 0.06640625 0.0625 0.15625 0.0625 0.15625 0.1523437 0.06640625 0.0625 0.06640625 0.1523437 0.15625 0.1523437 0.06640625 0.0625 0.15625 0.0625 0.15625 0.1523437 0.06640625 0.0625 0.06640625 0.1523437 0.06640625 0.0625 0.06640625 0.1523437 0.15625 0.1523437 0.15625 0.0625 0.06640625 0.0625 0.15625 0.1523437 0.15625 0.1523437 0.06640625 0.0625 0.15625 0.0625 0.15625 0.1523437 0.06640625 0.0625 0.06640625 0.1523437 0.15625 0.1523437 0.06640625 0.0625 0.15625 0.0625 0.15625 0.1523437 0.06640625 0.0625 0.06640625 0.1523437 0.06640625 0.0625 0.06640625 0.1523437 0.15625 0.1523437 0.15625 0.0625 0.06640625 0.0625 0.15625 0.0625 0.06640625 0.0625 0.15625 0.1523437 0.06640625 0.1523437 0.06640625 0.0625 0.15625 0.1523437 0.15625 0.1523437 0.06640625 0.0625 0.06640625 0.1523437 0.15625 0.1523437 0.15625 0.0625 0.06640625 0.0625 0.15625 0.1523437 0.06640625 0.0625 0.06640625 0.1523437 0.15625 0.1523437 0.15625 0.0625 0.06640625 0.0625 0.15625 0.0625 0.06640625 0.0625 0.15625 0.1523437 0.06640625 0.1523437 0.06640625 0.0625 0.15625 0.1523437 0.15625 0.1523437 0.06640625 0.0625 0.06640625 0.1523437 0.15625 0.1523437 0.15625 0.0625 0.06640625 0.0625 0.15625 0.1523437 0.06640625 0.0625 0.06640625 0.1523437 0.15625 0.1523437 0.15625 0.0625 0.06640625 0.0625 0.15625 0.1523437 0.06640625 0.0625 0.06640625 0.1523437 0.15625 0.1523437 0.15625 0.0625 0.06640625 0.0625 0.15625 0.1523437 0.06640625 0.0625 0.06640625 0.1523437 0.15625 0.1523437 0.15625 0.0625 0.06640625 0.0625 0.15625 0.1523437 0.06640625 0.0625 0.06640625 0.1523437 0.15625 0.1523437 0.15625 0.0625 0.06640625 0.0625 0.15625 0.1523437 0.06640625 0.0625 0.06640625 0.1523437 0.15625 0.1523437 0.15625 0.0625 0.06640625 0.0625 0.15625 0.1523437 0.06640625 0.0625 0.06640625 0.1523437 0.15625 0.1523437 0.15625 0.0625 0.06640625 0.0625 0.15625 0.0625 0.06640625 0.0625 0.15625 0.1523437 0.06640625 0.1523437 0.06640625 0.0625 0.15625 0.1523437 0.15625 0.1523437 0.06640625 0.0625 0.06640625 0.1523437 0.15625 0.1523437 0.15625 0.0625 0.06640625 0.0625 0.15625 0.0625 0.06640625 0.0625 0.15625 0.1523437 0.06640625 0.1523437 0.06640625 0.0625 0.15625 0.1523437 0.15625 0.1523437 0.06640625 0.0625 0.06640625 0.1523437 0.15625 0.1523437 0.15625 0.0625 0.06640625 0.0625 0.15625 0.1523437 0.06640625 0.0625 0.06640625 0.1523437 0.15625 0.1523437 0.15625 0.0625 0.06640625 0.0625 0.15625 0.1523437 0.06640625 0.0625 0.06640625 0.1523437 0.15625 0.1523437 0.15625 0.0625 0.06640625 0.0625 0.15625 0.0625 0.06640625 0.0625 0.15625 0.1523437 0.06640625 0.1523437 0.06640625 0.0625 0.15625 0.1523437 0.15625 0.0625 0.06640625 0.0625 0.15625 0.1523437 0.06640625 0.1523437 0.06640625 0.0625 0.15625 0.1523437 0.15625 0.0625 0.06640625 0.0625 0.15625 0.1523437 0.06640625 0.1523437 0.06640625 0.0625 0.15625 0.1523437 0.15625 0.0625 0.15625 0.1523437 0.15625 0.0625 0.06640625 0.0625 0.06640625 0.1523437 0.15625 0.1523437 0.06640625 0.0625 0.15625 0.1523437 0.15625 0.0625 0.06640625 0.0625 0.06640625 0.1523437 0.15625 0.1523437 0.06640625 0.0625 0.15625 0.1523437 0.15625 0.0625 0.06640625 0.0625 0.06640625 0.1523437 0.15625 0.1523437 0.06640625 0.0625 0.15625 0.1523437 0.15625 0.0625 0.06640625 0.0625 0.06640625 0.1523437 0.15625 0.1523437 0.06640625 0.0625 0.15625 0.1523437 0.15625 0.0625 0.06640625 0.0625 0.06640625 0.1523437 0.15625 0.1523437 0.06640625 0.0625 0.15625 0.1523437 0.15625 0.0625 0.06640625 0.0625 0.06640625 0.1523437 0.15625 0.1523437 0.06640625 0.0625 0.15625 0.1523437 0.15625 0.0625 0.06640625 0.0625 0.06640625 0.1523437 0.15625 0.1523437 0.06640625 0.0625 0.06640625 0.0625 0.15625 0.1523437 0.06640625 0.1523437 0.06640625 0.0625 0.15625 0.1523437 0.15625 0.0625 0.06640625 0.0625 0.15625 0.1523437 0.06640625 0.1523437 0.06640625 0.0625 0.15625 0.1523437 0.15625 0.0625 0.15625 0.1523437 0.15625 0.0625 0.06640625 0.0625 0.06640625 0.1523437 0.15625 0.1523437 0.06640625 0.0625 0.15625 0.1523437 0.15625 0.0625 0.06640625 0.0625 0.06640625 0.1523437 0.15625 0.1523437 0.06640625 0.0625 0.15625 0.1523437 0.15625 0.0625 0.06640625 0.0625 0.06640625 0.1523437 0.15625 0.1523437 0.06640625 0.1523437 0.15625 0.1523437 0.06640625 0.0625 0.15625 0.0625 0.15625 0.1523437 0.06640625 0.0625 0.06640625 0.0625 0.15625 0.1523437 0.15625 0.0625 0.06640625 0.0625 0.06640625 0.1523437 0.15625 0.1523437 0.06640625 0.0625 0.15625 0.1523437 0.15625 0.0625 0.06640625 0.0625 0.06640625 0.1523437 0.15625 0.1523437 0.06640625 0.1523437 0.15625 0.1523437 0.06640625 0.0625 0.15625 0.0625 0.15625 0.1523437 0.06640625 0.0625 0.06640625 0.0625 0.06640625 0.0625 0.15625 0.1523437 0.06640625 0.1523437 0.06640625 0.0625 0.15625 0.1523437 0.15625 0.1523437 0.15625 0.1523437 0.06640625 0.0625 0.15625 0.0625 0.15625 0.1523437 0.06640625 0.0625 0.06640625 0.0625 0.15625 0.1523437 0.15625 0.0625 0.06640625 0.0625 0.06640625 0.1523437 0.15625 0.1523437 0.06640625 0.0625 0.15625 0.1523437 0.15625 0.0625 0.06640625 0.0625 0.06640625 0.1523437 0.15625 0.1523437 0.06640625 0.0625 0.15625 0.1523437 0.15625 0.0625 0.06640625 0.0625 0.06640625 0.1523437 0.15625 0.1523437 0.06640625 0.4023438 0.15625 0.4023438 0.06640625 0.3125 0.15625 0.3125 0.15625 0.4023438 0.06640625 0.3125 0.06640625 0.4023438 0.15625 0.4023438 0.06640625 0.3125 0.15625 0.3125 0.15625 0.4023438 0.06640625 0.3125 0.06640625 0.3125 0.06640625 0.3125 0.15625 0.4023438 0.06640625 0.4023438 0.06640625 0.3125 0.15625 0.4023438 0.15625 0.3125 0.06640625 0.3125 0.15625 0.4023438 0.06640625 0.4023438 0.06640625 0.3125 0.15625 0.4023438 0.15625 0.4023438 0.15625 0.4023438 0.06640625 0.3125 0.15625 0.3125 0.15625 0.4023438 0.06640625 0.3125 0.06640625 0.4023438 0.15625 0.4023438 0.06640625 0.3125 0.15625 0.3125 0.15625 0.4023438 0.06640625 0.3125 0.06640625 0.3125 0.06640625 0.3125 0.15625 0.4023438 0.06640625 0.4023438 0.06640625 0.3125 0.15625 0.4023438 0.15625 0.4023438 0.15625 0.4023438 0.06640625 0.3125 0.15625 0.3125 0.15625 0.4023438 0.06640625 0.3125 0.06640625 0.3125 0.15625 0.4023438 0.15625 0.3125 0.06640625 0.3125 0.06640625 0.4023438 0.15625 0.4023438 0.06640625 0.4023438 0.06640625 0.3125 0.06640625 0.4023438 0.15625 0.4023438 0.15625 0.3125 0.06640625 0.3125 0.15625 0.4023438 0.06640625 0.3125 0.06640625 0.4023438 0.15625 0.4023438 0.15625 0.3125 0.06640625 0.3125 0.15625 0.4023438 0.15625 0.4023438 0.06640625 0.3125 0.15625 0.3125 0.15625 0.4023438 0.06640625 0.3125 0.06640625 0.4023438 0.15625 0.4023438 0.06640625 0.3125 0.15625 0.3125 0.15625 0.4023438 0.06640625 0.3125 0.06640625 0.3125 0.06640625 0.3125 0.15625 0.4023438 0.06640625 0.4023438 0.06640625 0.3125 0.15625 0.4023438 0.15625 0.4023438 0.06640625 0.3125 0.06640625 0.4023438 0.15625 0.4023438 0.15625 0.3125 0.06640625 0.3125 0.15625 0.4023438 0.06640625 0.3125 0.06640625 0.4023438 0.15625 0.4023438 0.15625 0.3125 0.06640625 0.3125 0.15625 0.4023438 0.15625 0.4023438 0.06640625 0.3125 0.15625 0.3125 0.15625 0.4023438 0.06640625 0.3125 0.06640625 0.3125 0.15625 0.4023438 0.15625 0.3125 0.06640625 0.3125 0.06640625 0.4023438 0.15625 0.4023438 0.06640625 0.3125 0.15625 0.4023438 0.15625 0.3125 0.06640625 0.3125 0.06640625 0.4023438 0.15625 0.4023438 0.06640625 0.4023438 0.15625 0.4023438 0.06640625 0.3125 0.15625 0.3125 0.15625 0.4023438 0.06640625 0.3125 0.06640625 0.4023438 0.06640625 0.3125 0.06640625 0.4023438 0.15625 0.4023438 0.15625 0.3125 0.06640625 0.3125 0.15625 0.3125 0.15625 0.4023438 0.15625 0.3125 0.06640625 0.3125 0.06640625 0.4023438 0.15625 0.4023438 0.06640625 0.4023438 0.15625 0.4023438 0.06640625 0.3125 0.15625 0.3125 0.15625 0.4023438 0.06640625 0.3125 0.06640625 0.3125 0.06640625 0.3125 0.15625 0.4023438 0.06640625 0.4023438 0.06640625 0.3125 0.15625 0.4023438 0.15625 0.4023438 0.06640625 0.3125 0.06640625 0.4023438 0.15625 0.4023438 0.15625 0.3125 0.06640625 0.3125 0.15625 0.4023438 0.06640625 0.3125 0.06640625 0.4023438 0.15625 0.4023438 0.15625 0.3125 0.06640625 0.3125 0.15625 0.4023438 0.15625 0.4023438 0.06640625 0.3125 0.15625 0.3125 0.15625 0.4023438 0.06640625 0.3125 0.06640625 0.3125 0.06640625 0.3125 0.15625 0.4023438 0.06640625 0.4023438 0.06640625 0.3125 0.15625 0.4023438 0.15625 0.3125 0.06640625 0.3125 0.15625 0.4023438 0.06640625 0.4023438 0.06640625 0.3125 0.15625 0.4023438 0.15625 0.4023438 0.06640625 0.3125 0.06640625 0.4023438 0.15625 0.4023438 0.15625 0.3125 0.06640625 0.3125 0.15625 0.4023438 0.06640625 0.3125 0.06640625 0.4023438 0.15625 0.4023438 0.15625 0.3125 0.06640625 0.3125 0.15625 0.4023438 0.15625 0.4023438 0.06640625 0.3125 0.15625 0.3125 0.15625 0.4023438 0.06640625 0.3125 0.06640625 0.3125 0.06640625 0.3125 0.15625 0.4023438 0.06640625 0.4023438 0.06640625 0.3125 0.15625 0.4023438 0.15625 0.3125 0.06640625 0.3125 0.15625 0.4023438 0.06640625 0.4023438 0.06640625 0.3125 0.15625 0.4023438 0.15625 0.4023438 0.06640625 0.3125 0.06640625 0.4023438 0.15625 0.4023438 0.15625 0.3125 0.06640625 0.3125 0.15625 0.4023438 0.06640625 0.3125 0.06640625 0.4023438 0.15625 0.4023438 0.15625 0.3125 0.06640625 0.3125 0.15625 0.3125 0.06640625 0.3125 0.15625 0.4023438 0.06640625 0.4023438 0.06640625 0.3125 0.15625 0.4023438 0.15625 0.4023438 0.15625 0.4023438 0.06640625 0.3125 0.15625 0.3125 0.15625 0.4023438 0.06640625 0.3125 0.06640625 0.3125 0.06640625 0.3125 0.15625 0.4023438 0.06640625 0.4023438 0.06640625 0.3125 0.15625 0.4023438 0.15625 0.4023438 0.06640625 0.3125 0.06640625 0.4023438 0.15625 0.4023438 0.15625 0.3125 0.06640625 0.3125 0.15625 0.4023438 0.06640625 0.3125 0.06640625 0.4023438 0.15625 0.4023438 0.15625 0.3125 0.06640625 0.3125 0.15625 0.4023438 0.15625 0.4023438 0.06640625 0.3125 0.15625 0.3125 0.15625 0.4023438 0.06640625 0.3125 0.06640625 0.3125 0.06640625 0.3125 0.15625 0.4023438 0.06640625 0.4023438 0.06640625 0.3125 0.15625 0.4023438 0.15625 0.3125 0.06640625 0.3125 0.15625 0.4023438 0.06640625 0.4023438 0.06640625 0.3125 0.15625 0.4023438 0.15625 0.4023438 0.06640625 0.3125 0.06640625 0.4023438 0.15625 0.4023438 0.15625 0.3125 0.06640625 0.3125 0.15625 0.3125 0.15625 0.4023438 0.15625 0.3125 0.06640625 0.3125 0.06640625 0.4023438 0.15625 0.4023438 0.06640625 0.3125 0.06640625 0.3125 0.15625 0.4023438 0.06640625 0.4023438 0.06640625 0.3125 0.15625 0.4023438 0.15625 0.3125 0.06640625 0.3125 0.15625 0.4023438 0.06640625 0.4023438 0.06640625 0.3125 0.15625 0.4023438 0.15625 0.3125 0.06640625 0.3125 0.15625 0.4023438 0.06640625 0.4023438 0.06640625 0.3125 0.15625 0.4023438 0.15625 0.4023438 0.06640625 0.3125 0.06640625 0.4023438 0.15625 0.4023438 0.15625 0.3125 0.06640625 0.3125 0.15625 0.3125 0.15625 0.4023438 0.15625 0.3125 0.06640625 0.3125 0.06640625 0.4023438 0.15625 0.4023438 0.06640625 0.3125 0.06640625 0.3125 0.15625 0.4023438 0.06640625 0.4023438 0.06640625 0.3125 0.15625 0.4023438 0.15625 0.3125 0.06640625 0.3125 0.15625 0.4023438 0.06640625 0.4023438 0.06640625 0.3125 0.15625 0.4023438 0.15625 0.3125 0.06640625 0.3125 0.15625 0.4023438 0.06640625 0.4023438 0.06640625 0.3125 0.15625 0.4023438 0.15625 0.4023438 0.15625 0.4023438 0.06640625 0.3125 0.15625 0.3125 0.15625 0.4023438 0.06640625 0.3125 0.06640625 0.3125 0.15625 0.4023438 0.15625 0.3125 0.06640625 0.3125 0.06640625 0.4023438 0.15625 0.4023438 0.06640625 0.3125 0.06640625 0.3125 0.15625 0.4023438 0.06640625 0.4023438 0.06640625 0.3125 0.15625 0.4023438 0.15625 0.3125 0.06640625 0.3125 0.15625 0.4023438 0.06640625 0.4023438 0.06640625 0.3125 0.15625 0.4023438 0.15625 0.3125 0.06640625 0.3125 0.15625 0.4023438 0.06640625 0.4023438 0.06640625 0.3125 0.15625 0.4023438 0.15625 0.4023438 0.06640625 0.3125 0.06640625 0.4023438 0.15625 0.4023438 0.15625 0.3125 0.06640625 0.3125 0.15625 0.3125 0.15625 0.4023438 0.15625 0.3125 0.06640625 0.3125 0.06640625 0.4023438 0.15625 0.4023438 0.06640625 0.3125 0.06640625 0.3125 0.15625 0.4023438 0.06640625 0.4023438 0.06640625 0.3125 0.15625 0.4023438 0.15625 0.59375 0.15625 0.6835938 0.15625 0.59375 0.06640625 0.59375 0.06640625 0.6835938 0.15625 0.6835938 0.06640625 0.6835938 0.06640625 0.59375 0.06640625 0.6835938 0.15625 0.6835938 0.15625 0.59375 0.06640625 0.59375 0.15625 0.6835938 0.06640625 0.59375 0.06640625 0.6835938 0.15625 0.6835938 0.15625 0.59375 0.06640625 0.59375 0.15625 0.6835938 0.06640625 0.59375 0.06640625 0.6835938 0.15625 0.6835938 0.15625 0.59375 0.06640625 0.59375 0.15625 0.59375 0.06640625 0.59375 0.15625 0.6835938 0.06640625 0.6835938 0.06640625 0.59375 0.15625 0.6835938 0.15625 0.59375 0.06640625 0.59375 0.15625 0.6835938 0.06640625 0.6835938 0.06640625 0.59375 0.15625 0.6835938 0.15625 0.6835938 0.15625 0.6835938 0.06640625 0.59375 0.15625 0.59375 0.15625 0.6835938 0.06640625 0.59375 0.06640625 0.59375 0.06640625 0.59375 0.15625 0.6835938 0.06640625 0.6835938 0.06640625 0.59375 0.15625 0.6835938 0.15625 0.6835938 0.06640625 0.59375 0.06640625 0.6835938 0.15625 0.6835938 0.15625 0.59375 0.06640625 0.59375 0.15625 0.6835938 0.06640625 0.59375 0.06640625 0.6835938 0.15625 0.6835938 0.15625 0.59375 0.06640625 0.59375 0.15625 0.6835938 0.06640625 0.59375 0.06640625 0.6835938 0.15625 0.6835938 0.15625 0.59375 0.06640625 0.59375 0.15625 0.59375 0.15625 0.6835938 0.15625 0.59375 0.06640625 0.59375 0.06640625 0.6835938 0.15625 0.6835938 0.06640625 0.59375 0.15625 0.6835938 0.15625 0.59375 0.06640625 0.59375 0.06640625 0.6835938 0.15625 0.6835938 0.06640625 0.59375 0.15625 0.6835938 0.15625 0.59375 0.06640625 0.59375 0.06640625 0.6835938 0.15625 0.6835938 0.06640625 0.6835938 0.06640625 0.59375 0.06640625 0.6835938 0.15625 0.6835938 0.15625 0.59375 0.06640625 0.59375 0.15625 0.6835938 0.06640625 0.59375 0.06640625 0.6835938 0.15625 0.6835938 0.15625 0.59375 0.06640625 0.59375 0.15625 0.6835938 0.06640625 0.59375 0.06640625 0.6835938 0.15625 0.6835938 0.15625 0.59375 0.06640625 0.59375 0.15625 0.6835938 0.06640625 0.59375 0.06640625 0.6835938 0.15625 0.6835938 0.15625 0.59375 0.06640625 0.59375 0.15625 0.6835938 0.06640625 0.59375 0.06640625 0.6835938 0.15625 0.6835938 0.15625 0.59375 0.06640625 0.59375 0.15625 0.6835938 0.06640625 0.59375 0.06640625 0.6835938 0.15625 0.6835938 0.15625 0.59375 0.06640625 0.59375 0.15625 0.59375 0.06640625 0.59375 0.15625 0.6835938 0.06640625 0.6835938 0.06640625 0.59375 0.15625 0.6835938 0.15625 0.6835938 0.15625 0.6835938 0.06640625 0.59375 0.15625 0.59375 0.15625 0.6835938 0.06640625 0.59375 0.06640625 0.6835938 0.06640625 0.59375 0.06640625 0.6835938 0.15625 0.6835938 0.15625 0.59375 0.06640625 0.59375 0.15625 0.6835938 0.06640625 0.59375 0.06640625 0.6835938 0.15625 0.6835938 0.15625 0.59375 0.06640625 0.59375 0.15625 0.6835938 0.15625 0.6835938 0.06640625 0.59375 0.15625 0.59375 0.15625 0.6835938 0.06640625 0.59375 0.06640625 0.59375 0.15625 0.6835938 0.15625 0.59375 0.06640625 0.59375 0.06640625 0.6835938 0.15625 0.6835938 0.06640625 0.59375 0.06640625 0.59375 0.15625 0.6835938 0.06640625 0.6835938 0.06640625 0.59375 0.15625 0.6835938 0.15625 0.59375 0.06640625 0.59375 0.15625 0.6835938 0.06640625 0.6835938 0.06640625 0.59375 0.15625 0.6835938 0.15625 0.6835938 0.06640625 0.59375 0.06640625 0.6835938 0.15625 0.6835938 0.15625 0.59375 0.06640625 0.59375 0.15625 0.6835938 0.15625 0.6835938 0.06640625 0.59375 0.15625 0.59375 0.15625 0.6835938 0.06640625 0.59375 0.06640625 0.6835938 0.15625 0.6835938 0.06640625 0.59375 0.15625 0.59375 0.15625 0.6835938 0.06640625 0.59375 0.06640625 0.59375 0.06640625 0.59375 0.15625 0.6835938 0.06640625 0.6835938 0.06640625 0.59375 0.15625 0.6835938 0.15625 0.59375 0.15625 0.6835938 0.15625 0.59375 0.06640625 0.59375 0.06640625 0.6835938 0.15625 0.6835938 0.06640625 0.59375 0.15625 0.6835938 0.15625 0.59375 0.06640625 0.59375 0.06640625 0.6835938 0.15625 0.6835938 0.06640625 0.6835938 0.06640625 0.59375 0.06640625 0.6835938 0.15625 0.6835938 0.15625 0.59375 0.06640625 0.59375 0.15625 0.6835938 0.15625 0.6835938 0.06640625 0.59375 0.15625 0.59375 0.15625 0.6835938 0.06640625 0.59375 0.06640625 0.6835938 0.15625 0.6835938 0.06640625 0.59375 0.15625 0.59375 0.15625 0.6835938 0.06640625 0.59375 0.06640625 0.59375 0.15625 0.6835938 0.15625 0.59375 0.06640625 0.59375 0.06640625 0.6835938 0.15625 0.6835938 0.06640625 0.59375 0.06640625 0.59375 0.15625 0.6835938 0.06640625 0.6835938 0.06640625 0.59375 0.15625 0.6835938 0.15625 0.6835938 0.06640625 0.59375 0.06640625 0.6835938 0.15625 0.6835938 0.15625 0.59375 0.06640625 0.59375 0.15625 0.6835938 0.06640625 0.59375 0.06640625 0.6835938 0.15625 0.6835938 0.15625 0.59375 0.06640625 0.59375 0.15625 0.6835938 0.15625 0.6835938 0.06640625 0.59375 0.15625 0.59375 0.15625 0.6835938 0.06640625 0.59375 0.06640625 0.6835938 0.06640625 0.59375 0.06640625 0.6835938 0.15625 0.6835938 0.15625 0.59375 0.06640625 0.59375 0.15625 0.59375 0.06640625 0.59375 0.15625 0.6835938 0.06640625 0.6835938 0.06640625 0.59375 0.15625 0.6835938 0.15625 0.59375 0.15625 0.6835938 0.15625 0.59375 0.06640625 0.59375 0.06640625 0.6835938 0.15625 0.6835938 0.06640625 0.59375 0.06640625 0.59375 0.15625 0.6835938 0.06640625 0.6835938 0.06640625 0.59375 0.15625 0.6835938 0.15625 0.6835938 0.06640625 0.59375 0.06640625 0.6835938 0.15625 0.6835938 0.15625 0.59375 0.06640625 0.59375 0.15625 0.6835938 0.15625 0.6835938 0.06640625 0.59375 0.15625 0.59375 0.15625 0.6835938 0.06640625 0.59375 0.06640625 0.59375 0.15625 0.6835938 0.15625 0.59375 0.06640625 0.59375 0.06640625 0.6835938 0.15625 0.6835938 0.06640625 0.59375 0.06640625 0.59375 0.15625 0.6835938 0.06640625 0.6835938 0.06640625 0.59375 0.15625 0.6835938 0.15625 0.59375 0.15625 0.6835938 0.15625 0.59375 0.06640625 0.59375 0.06640625 0.6835938 0.15625 0.6835938 0.06640625 0.6835938 0.15625 0.6835938 0.06640625 0.59375 0.15625 0.59375 0.15625 0.6835938 0.06640625 0.59375 0.06640625 0.6835938 0.06640625 0.59375 0.06640625 0.6835938 0.15625 0.6835938 0.15625 0.59375 0.06640625 0.59375 0.15625 0.6835938 0.15625 0.6835938 0.06640625 0.59375 0.15625 0.59375 0.15625 0.6835938 0.06640625 0.59375 0.06640625 0.59375 0.15625 0.6835938 0.15625 0.59375 0.06640625 0.59375 0.06640625 0.6835938 0.15625 0.6835938 0.06640625 0.6835938 0.15625 0.6835938 0.06640625 0.59375 0.15625 0.59375 0.15625 0.6835938 0.06640625 0.59375 0.06640625 0.6835938 0.15625 0.6835938 0.06640625 0.59375 0.15625 0.59375 0.15625 0.6835938 0.06640625 0.59375 0.06640625 0.6835938 0.06640625 0.59375 0.06640625 0.6835938 0.15625 0.6835938 0.15625 0.59375 0.06640625 0.59375 0.15625 0.59375 0.15625 0.6835938 0.15625 0.59375 0.06640625 0.59375 0.06640625 0.6835938 0.15625 0.6835938 0.06640625 0.59375 0.06640625 0.59375 0.15625 0.6835938 0.06640625 0.6835938 0.06640625 0.59375 0.15625 0.6835938 0.15625 0.59375 0.15625 0.6835938 0.15625 0.59375 0.06640625 0.59375 0.06640625 0.6835938 0.15625 0.6835938 0.06640625 0.59375 0.06640625 0.59375 0.15625 0.6835938 0.06640625 0.6835938 0.06640625 0.59375 0.15625 0.6835938 0.15625 0.59375 0.06640625 0.59375 0.15625 0.6835938 0.06640625 0.6835938 0.06640625 0.59375 0.15625 0.6835938 0.15625 0.59375 0.06640625 0.59375 0.15625 0.6835938 0.06640625 0.6835938 0.06640625 0.59375 0.15625 0.6835938 0.15625 0.59375 0.06640625 0.59375 0.15625 0.6835938 0.06640625 0.6835938 0.06640625 0.59375 0.15625 0.6835938 0.15625 0.6835938 0.15625 0.6835938 0.06640625 0.59375 0.15625 0.59375 0.15625 0.6835938 0.06640625 0.59375 0.06640625 0.6835938 0.15625 0.6835938 0.06640625 0.59375 0.15625 0.59375 0.15625 0.6835938 0.06640625 0.59375 0.06640625 0.6835938 0.15625 0.6835938 0.06640625 0.59375 0.15625 0.59375 0.15625 0.6835938 0.06640625 0.59375 0.06640625 0.6835938 0.15625 0.6835938 0.06640625 0.59375 0.15625 0.59375 0.15625 0.6835938 0.06640625 0.59375 0.06640625 0.6835938 0.15625 0.6835938 0.06640625 0.59375 0.15625 0.59375 0.15625 0.6835938 0.06640625 0.59375 0.06640625 0.6835938 0.15625 0.6835938 0.06640625 0.59375 0.15625 0.59375 0.15625 0.6835938 0.06640625 0.59375 0.06640625 0.6835938 0.15625 0.6835938 0.06640625 0.59375 0.15625 0.59375 0.15625 0.6835938 0.06640625 0.59375 0.06640625 0.6835938 0.15625 0.6835938 0.06640625 0.59375 0.15625 0.59375 0.15625 0.6835938 0.06640625 0.59375 0.06640625 0.6835938 0.15625 0.6835938 0.06640625 0.59375 0.15625 0.59375 0.15625 0.6835938 0.06640625 0.59375 0.06640625 0.6835938 0.15625 0.6835938 0.06640625 0.59375 0.15625 0.59375 0.15625 0.6835938 0.06640625 0.59375 0.06640625 0.6835938 0.15625 0.6835938 0.06640625 0.59375 0.15625 0.59375 0.15625 0.6835938 0.06640625 0.59375 0.06640625 0.6835938 0.15625 0.6835938 0.06640625 0.59375 0.15625 0.59375 0.15625 0.6835938 0.06640625 0.59375 0.06640625 0.6835938 0.15625 0.6835938 0.06640625 0.59375 0.15625 0.59375 0.15625 0.6835938 0.06640625 0.59375 0.06640625 0.6835938 0.15625 0.6835938 0.06640625 0.59375 0.15625 0.59375 0.15625 0.6835938 0.06640625 0.59375 0.06640625 0.6835938 0.15625 0.6835938 0.06640625 0.59375 0.15625 0.59375 0.15625 0.6835938 0.06640625 0.59375 0.06640625 0.6835938 0.15625 0.6835938 0.06640625 0.59375 0.15625 0.59375 0.15625 0.6835938 0.06640625 0.59375 0.06640625 0.6835938 0.15625 0.6835938 0.06640625 0.59375 0.15625 0.59375 0.15625 0.6835938 0.06640625 0.59375 0.06640625 0.6835938 0.15625 0.6835938 0.06640625 0.59375 0.15625 0.59375 0.15625 0.6835938 0.06640625 0.59375 0.06640625 0.6835938 0.15625 0.6835938 0.06640625 0.59375 0.15625 0.59375 0.15625 0.6835938 0.06640625 0.59375 0.06640625 0.6835938 0.15625 0.6835938 0.06640625 0.59375 0.15625 0.59375 0.15625 0.6835938 0.06640625 0.59375 0.06640625 0.6835938 0.15625 0.6835938 0.06640625 0.59375 0.15625 0.59375 0.15625 0.6835938 0.06640625 0.59375 0.06640625 0.6835938 0.15625 0.6835938 0.06640625 0.59375 0.15625 0.59375 0.15625 0.6835938 0.06640625 0.59375 0.06640625 0.59375 0.15625 0.6835938 0.15625 0.59375 0.06640625 0.59375 0.06640625 0.6835938 0.15625 0.6835938 0.06640625 0.59375 0.15625 0.6835938 0.15625 0.59375 0.06640625 0.59375 0.06640625 0.6835938 0.15625 0.6835938 0.06640625 0.59375 0.06640625 0.59375 0.15625 0.6835938 0.06640625 0.6835938 0.06640625 0.59375 0.15625 0.6835938 0.15625 0.59375 0.15625 0.6835938 0.15625 0.59375 0.06640625 0.59375 0.06640625 0.6835938 0.15625 0.6835938 0.06640625 0.59375 0.15625 0.6835938 0.15625 0.59375 0.06640625 0.59375 0.06640625 0.6835938 0.15625 0.6835938 0.06640625 0.59375 0.15625 0.6835938 0.15625 0.59375 0.06640625 0.59375 0.06640625 0.6835938 0.15625 0.6835938 0.06640625 0.59375 0.15625 0.6835938 0.15625 0.59375 0.06640625 0.59375 0.06640625 0.6835938 0.15625 0.6835938 0.06640625 0.59375 0.15625 0.6835938 0.15625 0.59375 0.06640625 0.59375 0.06640625 0.6835938 0.15625 0.6835938 0.06640625 0.59375 0.15625 0.6835938 0.15625 0.59375 0.06640625 0.59375 0.06640625 0.6835938 0.15625 0.6835938 0.06640625 0.59375 0.15625 0.6835938 0.15625 0.59375 0.06640625 0.59375 0.06640625 0.6835938 0.15625 0.6835938 0.06640625 0.59375 0.15625 0.6835938 0.15625 0.59375 0.06640625 0.59375 0.06640625 0.6835938 0.15625 0.6835938 0.06640625 0.59375 0.15625 0.6835938 0.15625 0.59375 0.06640625 0.59375 0.06640625 0.6835938 0.15625 0.6835938 0.06640625 0.59375 0.15625 0.6835938 0.15625 0.59375 0.06640625 0.59375 0.06640625 0.6835938 0.15625 0.6835938 0.06640625 0.6835938 0.06640625 0.59375 0.06640625 0.6835938 0.15625 0.6835938 0.15625 0.59375 0.06640625 0.59375 0.15625 0.6835938 0.06640625 0.59375 0.06640625 0.6835938 0.15625 0.6835938 0.15625 0.59375 0.06640625 0.59375 0.15625 0.59375 0.06640625 0.59375 0.15625 0.6835938 0.06640625 0.6835938 0.06640625 0.59375 0.15625 0.6835938 0.15625 0.6835938 0.06640625 0.59375 0.06640625 0.6835938 0.15625 0.6835938 0.15625 0.59375 0.06640625 0.59375 0.15625 0.59375 0.15625 0.6835938 0.15625 0.59375 0.06640625 0.59375 0.06640625 0.6835938 0.15625 0.6835938 0.06640625 0.59375 0.15625 0.6835938 0.15625 0.59375 0.06640625 0.59375 0.06640625 0.6835938 0.15625 0.6835938 0.06640625 0.59375 0.15625 0.6835938 0.15625 0.59375 0.06640625 0.59375 0.06640625 0.6835938 0.15625 0.6835938 0.06640625 0.59375 0.15625 0.6835938 0.15625 0.59375 0.06640625 0.59375 0.06640625 0.6835938 0.15625 0.6835938 0.06640625 0.59375 0.15625 0.6835938 0.15625 0.59375 0.06640625 0.59375 0.06640625 0.6835938 0.15625 0.6835938 0.06640625 0.59375 0.15625 0.6835938 0.15625 0.59375 0.06640625 0.59375 0.06640625 0.6835938 0.15625 0.6835938 0.06640625 0.59375 0.15625 0.6835938 0.15625 0.59375 0.06640625 0.59375 0.06640625 0.6835938 0.15625 0.6835938 0.06640625 0.59375 0.15625 0.6835938 0.15625 0.59375 0.06640625 0.59375 0.06640625 0.6835938 0.15625 0.6835938 0.06640625 0.59375 0.15625 0.6835938 0.15625 0.59375 0.06640625 0.59375 0.06640625 0.6835938 0.15625 0.6835938 0.06640625 0.6835938 0.06640625 0.59375 0.06640625 0.6835938 0.15625 0.6835938 0.15625 0.59375 0.06640625 0.59375 0.15625 0.6835938 0.06640625 0.59375 0.06640625 0.6835938 0.15625 0.6835938 0.15625 0.59375 0.06640625 0.59375 0.15625 0.6835938 0.06640625 0.59375 0.06640625 0.6835938 0.15625 0.6835938 0.15625 0.59375 0.06640625 0.59375 0.15625 0.6835938 0.06640625 0.59375 0.06640625 0.6835938 0.15625 0.6835938 0.15625 0.59375 0.06640625 0.59375 0.15625 0.6835938 0.06640625 0.59375 0.06640625 0.6835938 0.15625 0.6835938 0.15625 0.59375 0.06640625 0.59375 0.15625 0.6835938 0.06640625 0.59375 0.06640625 0.6835938 0.15625 0.6835938 0.15625 0.59375 0.06640625 0.59375 0.15625 0.6835938 0.06640625 0.59375 0.06640625 0.6835938 0.15625 0.6835938 0.15625 0.59375 0.06640625 0.59375 0.15625 0.6835938 0.06640625 0.59375 0.06640625 0.6835938 0.15625 0.6835938 0.15625 0.59375 0.06640625 0.59375 0.15625 0.59375 0.06640625 0.59375 0.15625 0.6835938 0.06640625 0.6835938 0.06640625 0.59375 0.15625 0.6835938 0.15625 0.59375 0.06640625 0.59375 0.15625 0.6835938 0.06640625 0.6835938 0.06640625 0.59375 0.15625 0.6835938 0.15625 0.59375 0.06640625 0.59375 0.15625 0.6835938 0.06640625 0.6835938 0.06640625 0.59375 0.15625 0.6835938 0.15625 0.59375 0.06640625 0.59375 0.15625 0.6835938 0.06640625 0.6835938 0.06640625 0.59375 0.15625 0.6835938 0.15625 0.59375 0.06640625 0.59375 0.15625 0.6835938 0.06640625 0.6835938 0.06640625 0.59375 0.15625 0.6835938 0.15625 0.59375 0.06640625 0.59375 0.15625 0.6835938 0.06640625 0.6835938 0.06640625 0.59375 0.15625 0.6835938 0.15625 0.59375 0.06640625 0.59375 0.15625 0.6835938 0.06640625 0.6835938 0.06640625 0.59375 0.15625 0.6835938 0.15625 0.59375 0.06640625 0.59375 0.15625 0.6835938 0.06640625 0.6835938 0.06640625 0.59375 0.15625 0.6835938 0.15625 0.59375 0.06640625 0.59375 0.15625 0.6835938 0.06640625 0.6835938 0.06640625 0.59375 0.15625 0.6835938 0.15625 0.59375 0.06640625 0.59375 0.15625 0.6835938 0.06640625 0.6835938 0.06640625 0.59375 0.15625 0.6835938 0.15625 0.59375 0.06640625 0.59375 0.15625 0.6835938 0.06640625 0.6835938 0.06640625 0.59375 0.15625 0.6835938 0.15625 0.59375 0.06640625 0.59375 0.15625 0.6835938 0.06640625 0.6835938 0.06640625 0.59375 0.15625 0.6835938 0.15625 0.6835938 0.15625 0.6835938 0.06640625 0.59375 0.15625 0.59375 0.15625 0.6835938 0.06640625 0.59375 0.06640625 0.6835938 0.15625 0.6835938 0.06640625 0.59375 0.15625 0.59375 0.15625 0.6835938 0.06640625 0.59375 0.06640625 0.6835938 0.15625 0.6835938 0.06640625 0.59375 0.15625 0.59375 0.15625 0.6835938 0.06640625 0.59375 0.06640625 0.6835938 0.15625 0.6835938 0.06640625 0.59375 0.15625 0.59375 0.15625 0.6835938 0.06640625 0.59375 0.06640625 0.59375 0.15625 0.6835938 0.15625 0.59375 0.06640625 0.59375 0.06640625 0.6835938 0.15625 0.6835938 0.06640625 0.59375 0.06640625 0.59375 0.15625 0.6835938 0.06640625 0.6835938 0.06640625 0.59375 0.15625 0.6835938 0.15625 0.59375 0.06640625 0.59375 0.15625 0.6835938 0.06640625 0.6835938 0.06640625 0.59375 0.15625 0.6835938 0.15625 0.6835938 0.06640625 0.59375 0.06640625 0.6835938 0.15625 0.6835938 0.15625 0.59375 0.06640625 0.59375 0.15625 0.6835938 0.06640625 0.59375 0.06640625 0.6835938 0.15625 0.6835938 0.15625 0.59375 0.06640625 0.59375 0.15625 0.6835938 0.06640625 0.59375 0.06640625 0.6835938 0.15625 0.6835938 0.15625 0.59375 0.06640625 0.59375 0.15625 0.59375 0.15625 0.6835938 0.15625 0.59375 0.06640625 0.59375 0.06640625 0.6835938 0.15625 0.6835938 0.06640625 0.59375 0.15625 0.6835938 0.15625 0.59375 0.06640625 0.59375 0.06640625 0.6835938 0.15625 0.6835938 0.06640625 0.59375 0.06640625 0.59375 0.15625 0.6835938 0.06640625 0.6835938 0.06640625 0.59375 0.15625 0.6835938 0.15625 0.59375 0.06640625 0.59375 0.15625 0.6835938 0.06640625 0.6835938 0.06640625 0.59375 0.15625 0.6835938 0.15625 0.59375 0.06640625 0.59375 0.15625 0.6835938 0.06640625 0.6835938 0.06640625 0.59375 0.15625 0.6835938 0.15625 0.59375 0.06640625 0.59375 0.15625 0.6835938 0.06640625 0.6835938 0.06640625 0.59375 0.15625 0.6835938 0.15625 0.6835938 0.15625 0.6835938 0.06640625 0.59375 0.15625 0.59375 0.15625 0.6835938 0.06640625 0.59375 0.06640625 0.6835938 0.15625 0.6835938 0.06640625 0.59375 0.15625 0.59375 0.15625 0.6835938 0.06640625 0.59375 0.06640625 0.6835938 0.15625 0.6835938 0.06640625 0.59375 0.15625 0.59375 0.15625 0.6835938 0.06640625 0.59375 0.06640625 0.6835938 0.15625 0.6835938 0.06640625 0.59375 0.15625 0.59375 0.15625 0.6835938 0.06640625 0.59375 0.06640625 0.59375 0.06640625 0.59375 0.15625 0.6835938 0.06640625 0.6835938 0.06640625 0.59375 0.15625 0.6835938 0.15625 0.59375 0.06640625 0.59375 0.15625 0.6835938 0.06640625 0.6835938 0.06640625 0.59375 0.15625 0.6835938 0.15625 0.59375 0.06640625 0.59375 0.15625 0.6835938 0.06640625 0.6835938 0.06640625 0.59375 0.15625 0.6835938 0.15625 0.59375 0.06640625 0.59375 0.15625 0.6835938 0.06640625 0.6835938 0.06640625 0.59375 0.15625 0.6835938 0.15625 0.6835938 0.15625 0.6835938 0.06640625 0.59375 0.15625 0.59375 0.15625 0.6835938 0.06640625 0.59375 0.06640625 0.6835938 0.15625 0.6835938 0.06640625 0.59375 0.15625 0.59375 0.15625 0.6835938 0.06640625 0.59375 0.06640625 0.6835938 0.15625 0.6835938 0.06640625 0.59375 0.15625 0.59375 0.15625 0.6835938 0.06640625 0.59375 0.06640625 0.6835938 0.15625 0.6835938 0.06640625 0.59375 0.15625 0.59375 0.15625 0.6835938 0.06640625 0.59375 0.06640625 0.59375 0.06640625 0.59375 0.15625 0.6835938 0.06640625 0.6835938 0.06640625 0.59375 0.15625 0.6835938 0.15625 0.6835938 0.15625 0.6835938 0.06640625 0.59375 0.15625 0.59375 0.15625 0.6835938 0.06640625 0.59375 0.06640625 0.59375 0.06640625 0.59375 0.15625 0.6835938 0.06640625 0.6835938 0.06640625 0.59375 0.15625 0.6835938 0.15625 0.6835938 0.15625 0.6835938 0.06640625 0.59375 0.15625 0.59375 0.15625 0.6835938 0.06640625 0.59375 0.06640625 0.59375 0.06640625 0.59375 0.15625 0.6835938 0.06640625 0.6835938 0.06640625 0.59375 0.15625 0.6835938 0.15625 0.59375 0.06640625 0.59375 0.15625 0.6835938 0.06640625 0.6835938 0.06640625 0.59375 0.15625 0.6835938 0.15625 0.59375 0.15625 0.6835938 0.15625 0.59375 0.06640625 0.59375 0.06640625 0.6835938 0.15625 0.6835938 0.06640625 0.59375 0.06640625 0.59375 0.15625 0.6835938 0.06640625 0.6835938 0.06640625 0.59375 0.15625 0.6835938 0.15625 0.6835938 0.06640625 0.59375 0.06640625 0.6835938 0.15625 0.6835938 0.15625 0.59375 0.06640625 0.59375 0.15625 0.6835938 0.06640625 0.59375 0.06640625 0.6835938 0.15625 0.6835938 0.15625 0.59375 0.06640625 0.59375 0.15625 0.6835938 0.15625 0.6835938 0.06640625 0.59375 0.15625 0.59375 0.15625 0.6835938 0.06640625 0.59375 0.06640625 0.6835938 0.06640625 0.59375 0.06640625 0.6835938 0.15625 0.6835938 0.15625 0.59375 0.06640625 0.59375 0.15625 0.6835938 0.15625 0.6835938 0.06640625 0.59375 0.15625 0.59375 0.15625 0.6835938 0.06640625 0.59375 0.06640625 0.59375 0.06640625 0.59375 0.15625 0.6835938 0.06640625 0.6835938 0.06640625 0.59375 0.15625 0.6835938 0.15625 0.59375 0.06640625 0.59375 0.15625 0.6835938 0.06640625 0.6835938 0.06640625 0.59375 0.15625 0.6835938 0.15625 0.59375 0.06640625 0.59375 0.15625 0.6835938 0.06640625 0.6835938 0.06640625 0.59375 0.15625 0.6835938 0.15625 0.59375 0.15625 0.6835938 0.15625 0.59375 0.06640625 0.59375 0.06640625 0.6835938 0.15625 0.6835938 0.06640625 0.6835938 0.06640625 0.59375 0.06640625 0.6835938 0.15625 0.6835938 0.15625 0.59375 0.06640625 0.59375 0.15625 0.6835938 0.06640625 0.59375 0.06640625 0.6835938 0.15625 0.6835938 0.15625 0.59375 0.06640625 0.59375 0.15625 0.6835938 0.06640625 0.59375 0.06640625 0.6835938 0.15625 0.6835938 0.15625 0.59375 0.06640625 0.59375 0.15625 0.6835938 0.06640625 0.59375 0.06640625 0.6835938 0.15625 0.6835938 0.15625 0.59375 0.06640625 0.59375 0.15625 0.6835938 0.06640625 0.59375 0.06640625 0.6835938 0.15625 0.6835938 0.15625 0.59375 0.06640625 0.59375 0.15625 0.6835938 0.06640625 0.59375 0.06640625 0.6835938 0.15625 0.6835938 0.15625 0.59375 0.06640625 0.59375 0.15625 0.6835938 0.06640625 0.59375 0.06640625 0.6835938 0.15625 0.6835938 0.15625 0.59375 0.06640625 0.59375 0.15625 0.6835938 0.06640625 0.59375 0.06640625 0.6835938 0.15625 0.6835938 0.15625 0.59375 0.06640625 0.59375 0.15625 0.6835938 0.15625 0.6835938 0.06640625 0.59375 0.15625 0.59375 0.15625 0.6835938 0.06640625 0.59375 0.06640625 0.59375 0.15625 0.6835938 0.15625 0.59375 0.06640625 0.59375 0.06640625 0.6835938 0.15625 0.6835938 0.06640625 0.59375 0.15625 0.6835938 0.15625 0.59375 0.06640625 0.59375 0.06640625 0.6835938 0.15625 0.6835938 0.06640625 0.59375 0.15625 0.6835938 0.15625 0.59375 0.06640625 0.59375 0.06640625 0.6835938 0.15625 0.6835938 0.06640625 0.59375 0.15625 0.6835938 0.15625 0.59375 0.06640625 0.59375 0.06640625 0.6835938 0.15625 0.6835938 0.06640625 0.59375 0.06640625 0.59375 0.15625 0.6835938 0.06640625 0.6835938 0.06640625 0.59375 0.15625 0.6835938 0.15625 0.6835938 0.06640625 0.59375 0.06640625 0.6835938 0.15625 0.6835938 0.15625 0.59375 0.06640625 0.59375 0.15625 0.6835938 0.06640625 0.59375 0.06640625 0.6835938 0.15625 0.6835938 0.15625 0.59375 0.06640625 0.59375 0.15625 0.6835938 0.06640625 0.59375 0.06640625 0.6835938 0.15625 0.6835938 0.15625 0.59375 0.06640625 0.59375 0.15625 0.6835938 0.06640625 0.59375 0.06640625 0.6835938 0.15625 0.6835938 0.15625 0.59375 0.06640625 0.59375 0.15625 0.6835938 0.06640625 0.59375 0.06640625 0.6835938 0.15625 0.6835938 0.15625 0.59375 0.06640625 0.59375 0.15625 0.59375 0.15625 0.6835938 0.15625 0.59375 0.06640625 0.59375 0.06640625 0.6835938 0.15625 0.6835938 0.06640625 0.59375 0.15625 0.6835938 0.15625 0.59375 0.06640625 0.59375 0.06640625 0.6835938 0.15625 0.6835938 0.06640625 0.59375 0.15625 0.6835938 0.15625 0.59375 0.06640625 0.59375 0.06640625 0.6835938 0.15625 0.6835938 0.06640625 0.59375 0.15625 0.6835938 0.15625 0.59375 0.06640625 0.59375 0.06640625 0.6835938 0.15625 0.6835938 0.06640625 0.59375 0.15625 0.6835938 0.15625 0.59375 0.06640625 0.59375 0.06640625 0.6835938 0.15625 0.6835938 0.06640625 0.59375 0.15625 0.6835938 0.15625 0.59375 0.06640625 0.59375 0.06640625 0.6835938 0.15625 0.6835938 0.06640625 0.6835938 0.06640625 0.59375 0.06640625 0.6835938 0.15625 0.6835938 0.15625 0.59375 0.06640625 0.59375 0.15625 0.59375 0.15625 0.6835938 0.15625 0.59375 0.06640625 0.59375 0.06640625 0.6835938 0.15625 0.6835938 0.06640625 0.6835938 0.06640625 0.59375 0.06640625 0.6835938 0.15625 0.6835938 0.15625 0.59375 0.06640625 0.59375 0.15625 0.6835938 0.06640625 0.59375 0.06640625 0.6835938 0.15625 0.6835938 0.15625 0.59375 0.06640625 0.59375 0.15625 0.6835938 0.06640625 0.59375 0.06640625 0.6835938 0.15625 0.6835938 0.15625 0.59375 0.06640625 0.59375 0.15625 0.6835938 0.06640625 0.59375 0.06640625 0.6835938 0.15625 0.6835938 0.15625 0.59375 0.06640625 0.59375 0.15625 0.6835938 0.15625 0.6835938 0.06640625 0.59375 0.15625 0.59375 0.15625 0.6835938 0.06640625 0.59375 0.06640625 0.59375 0.06640625 0.59375 0.15625 0.6835938 0.06640625 0.6835938 0.06640625 0.59375 0.15625 0.6835938 0.15625 0.6835938 0.06640625 0.59375 0.06640625 0.6835938 0.15625 0.6835938 0.15625 0.59375 0.06640625 0.59375 0.15625 0.59375 0.06640625 0.59375 0.15625 0.6835938 0.06640625 0.6835938 0.06640625 0.59375 0.15625 0.6835938 0.15625 0.59375 0.15625 0.6835938 0.15625 0.59375 0.06640625 0.59375 0.06640625 0.6835938 0.15625 0.6835938 0.06640625 0.59375 0.15625 0.6835938 0.15625 0.59375 0.06640625 0.59375 0.06640625 0.6835938 0.15625 0.6835938 0.06640625 0.59375 0.15625 0.6835938 0.15625 0.59375 0.06640625 0.59375 0.06640625 0.6835938 0.15625 0.6835938 0.06640625 0.59375 0.15625 0.6835938 0.15625 0.59375 0.06640625 0.59375 0.06640625 0.6835938 0.15625 0.6835938 0.06640625 0.59375 0.06640625 0.59375 0.15625 0.6835938 0.06640625 0.6835938 0.06640625 0.59375 0.15625 0.6835938 0.15625 0.59375 0.15625 0.6835938 0.15625 0.59375 0.06640625 0.59375 0.06640625 0.6835938 0.15625 0.6835938 0.06640625 0.59375 0.06640625 0.59375 0.15625 0.6835938 0.06640625 0.6835938 0.06640625 0.59375 0.15625 0.6835938 0.15625 0.6835938 0.15625 0.6835938 0.06640625 0.59375 0.15625 0.59375 0.15625 0.6835938 0.06640625 0.59375 0.06640625 0.6835938 0.15625 0.6835938 0.06640625 0.59375 0.15625 0.59375 0.15625 0.6835938 0.06640625 0.59375 0.06640625 0.6835938 0.15625 0.6835938 0.06640625 0.59375 0.15625 0.59375 0.15625 0.6835938 0.06640625 0.59375 0.06640625 0.6835938 0.06640625 0.59375 0.06640625 0.6835938 0.15625 0.6835938 0.15625 0.59375 0.06640625 0.59375 0.15625 0.6835938 0.06640625 0.59375 0.06640625 0.6835938 0.15625 0.6835938 0.15625 0.59375 0.06640625 0.59375 0.15625 0.6835938 0.06640625 0.59375 0.06640625 0.6835938 0.15625 0.6835938 0.15625 0.59375 0.06640625 0.59375 0.15625 0.6835938 0.06640625 0.59375 0.06640625 0.6835938 0.15625 0.6835938 0.15625 0.59375 0.06640625 0.59375 0.15625 0.59375 0.06640625 0.59375 0.15625 0.6835938 0.06640625 0.6835938 0.06640625 0.59375 0.15625 0.6835938 0.15625 0.59375 0.06640625 0.59375 0.15625 0.6835938 0.06640625 0.6835938 0.06640625 0.59375 0.15625 0.6835938 0.15625 0.59375 0.06640625 0.59375 0.15625 0.6835938 0.06640625 0.6835938 0.06640625 0.59375 0.15625 0.6835938 0.15625 0.59375 0.06640625 0.59375 0.15625 0.6835938 0.06640625 0.6835938 0.06640625 0.59375 0.15625 0.6835938 0.15625 0.6835938 0.06640625 0.59375 0.06640625 0.6835938 0.15625 0.6835938 0.15625 0.59375 0.06640625 0.59375 0.15625 0.59375 0.15625 0.6835938 0.15625 0.59375 0.06640625 0.59375 0.06640625 0.6835938 0.15625 0.6835938 0.06640625 0.59375 0.15625 0.6835938 0.15625 0.59375 0.06640625 0.59375 0.06640625 0.6835938 0.15625 0.6835938 0.06640625 0.6835938 0.06640625 0.59375 0.06640625 0.6835938 0.15625 0.6835938 0.15625 0.59375 0.06640625 0.59375 0.15625 0.6835938 0.15625 0.6835938 0.06640625 0.59375 0.15625 0.59375 0.15625 0.6835938 0.06640625 0.59375 0.06640625 0.6835938 0.15625 0.6835938 0.06640625 0.59375 0.15625 0.59375 0.15625 0.6835938 0.06640625 0.59375 0.06640625 0.59375 0.06640625 0.59375 0.15625 0.6835938 0.06640625 0.6835938 0.06640625 0.59375 0.15625 0.6835938 0.15625 0.59375 0.06640625 0.59375 0.15625 0.6835938 0.06640625 0.6835938 0.06640625 0.59375 0.15625 0.6835938 0.15625 0.6835938 0.06640625 0.59375 0.06640625 0.6835938 0.15625 0.6835938 0.15625 0.59375 0.06640625 0.59375 0.15625 0.59375 0.06640625 0.59375 0.15625 0.6835938 0.06640625 0.6835938 0.06640625 0.59375 0.15625 0.6835938 0.15625 0.6835938 0.06640625 0.59375 0.06640625 0.6835938 0.15625 0.6835938 0.15625 0.59375 0.06640625 0.59375 0.15625 0.59375 0.15625 0.6835938 0.15625 0.59375 0.06640625 0.59375 0.06640625 0.6835938 0.15625 0.6835938 0.06640625 0.59375 0.15625 0.6835938 0.15625 0.59375 0.06640625 0.59375 0.06640625 0.6835938 0.15625 0.6835938 0.06640625 0.59375 0.06640625 0.59375 0.15625 0.6835938 0.06640625 0.6835938 0.06640625 0.59375 0.15625 0.6835938 0.15625 0.59375 0.06640625 0.59375 0.15625 0.6835938 0.06640625 0.6835938 0.06640625 0.59375 0.15625 0.6835938 0.15625 0.6835938 0.06640625 0.59375 0.06640625 0.6835938 0.15625 0.6835938 0.15625 0.59375 0.06640625 0.59375 0.15625 0.59375 0.06640625 0.59375 0.15625 0.6835938 0.06640625 0.6835938 0.06640625 0.59375 0.15625 0.6835938 0.15625 0.6835938 0.06640625 0.59375 0.06640625 0.6835938 0.15625 0.6835938 0.15625 0.59375 0.06640625 0.59375 0.15625 0.6835938 0.06640625 0.59375 0.06640625 0.6835938 0.15625 0.6835938 0.15625 0.59375 0.06640625 0.59375 0.15625 0.59375 0.06640625 0.59375 0.15625 0.6835938 0.06640625 0.6835938 0.06640625 0.59375 0.15625 0.6835938 0.15625 0.6835938 0.06640625 0.59375 0.06640625 0.6835938 0.15625 0.6835938 0.15625 0.59375 0.06640625 0.59375 0.15625 0.59375 0.06640625 0.59375 0.15625 0.6835938 0.06640625 0.6835938 0.06640625 0.59375 0.15625 0.6835938 0.15625 0.59375 0.15625 0.6835938 0.15625 0.59375 0.06640625 0.59375 0.06640625 0.6835938 0.15625 0.6835938 0.06640625 0.59375 0.15625 0.6835938 0.15625 0.59375 0.06640625 0.59375 0.06640625 0.6835938 0.15625 0.6835938 0.06640625 0.59375 0.15625 0.6835938 0.15625 0.59375 0.06640625 0.59375 0.06640625 0.6835938 0.15625 0.6835938 0.06640625 0.6835938 0.15625 0.6835938 0.06640625 0.59375 0.15625 0.59375 0.15625 0.6835938 0.06640625 0.59375 0.06640625 0.6835938 0.15625 0.6835938 0.06640625 0.59375 0.15625 0.59375 0.15625 0.6835938 0.06640625 0.59375 0.06640625 0.59375 0.15625 0.6835938 0.15625 0.59375 0.06640625 0.59375 0.06640625 0.6835938 0.15625 0.6835938 0.06640625 0.6835938 0.15625 0.6835938 0.06640625 0.59375 0.15625 0.59375 0.15625 0.6835938 0.06640625 0.59375 0.06640625 0.6835938 0.15625 0.6835938 0.06640625 0.59375 0.15625 0.59375 0.15625 0.6835938 0.06640625 0.59375 0.06640625 0.59375 0.15625 0.6835938 0.15625 0.59375 0.06640625 0.59375 0.06640625 0.6835938 0.15625 0.6835938 0.06640625 0.59375 0.15625 0.6835938 0.15625 0.59375 0.06640625 0.59375 0.06640625 0.6835938 0.15625 0.6835938 0.06640625 0.6835938 0.06640625 0.59375 0.06640625 0.6835938 0.15625 0.6835938 0.15625 0.59375 0.06640625 0.59375 0.15625 0.6835938 0.06640625 0.59375 0.06640625 0.6835938 0.15625 0.6835938 0.15625 0.59375 0.06640625 0.59375 0.15625 0.6835938 0.15625 0.6835938 0.06640625 0.59375 0.15625 0.59375 0.15625 0.6835938 0.06640625 0.59375 0.06640625 0.6835938 0.15625 0.6835938 0.06640625 0.59375 0.15625 0.59375 0.15625 0.6835938 0.06640625 0.59375 0.06640625 0.59375 0.15625 0.6835938 0.15625 0.59375 0.06640625 0.59375 0.06640625 0.6835938 0.15625 0.6835938 0.06640625 0.6835938 0.15625 0.6835938 0.06640625 0.59375 0.15625 0.59375 0.15625 0.6835938 0.06640625 0.59375 0.06640625 0.59375 0.15625 0.6835938 0.15625 0.59375 0.06640625 0.59375 0.06640625 0.6835938 0.15625 0.6835938 0.06640625 0.59375 0.15625 0.6835938 0.15625 0.59375 0.06640625 0.59375 0.06640625 0.6835938 0.15625 0.6835938 0.06640625 0.6835938 0.15625 0.6835938 0.06640625 0.59375 0.15625 0.59375 0.15625 0.6835938 0.06640625 0.59375 0.06640625 0.59375 0.15625 0.6835938 0.15625 0.59375 0.06640625 0.59375 0.06640625 0.6835938 0.15625 0.6835938 0.06640625 0.6835938 0.15625 0.6835938 0.06640625 0.59375 0.15625 0.59375 0.15625 0.6835938 0.06640625 0.59375 0.06640625 0.6835938 0.06640625 0.59375 0.06640625 0.6835938 0.15625 0.6835938 0.15625 0.59375 0.06640625 0.59375 0.15625 0.6835938 0.06640625 0.59375 0.06640625 0.6835938 0.15625 0.6835938 0.15625 0.59375 0.06640625 0.59375 0.15625 0.59375 0.15625 0.6835938 0.15625 0.59375 0.06640625 0.59375 0.06640625 0.6835938 0.15625 0.6835938 0.06640625 0.6835938 0.06640625 0.59375 0.06640625 0.6835938 0.15625 0.6835938 0.15625 0.59375 0.06640625 0.59375 0.15625 0.59375 0.06640625 0.59375 0.15625 0.6835938 0.06640625 0.6835938 0.06640625 0.59375 0.15625 0.6835938 0.15625 0.59375 0.15625 0.6835938 0.15625 0.59375 0.06640625 0.59375 0.06640625 0.6835938 0.15625 0.6835938 0.06640625 0.6835938 0.15625 0.6835938 0.06640625 0.59375 0.15625 0.59375 0.15625 0.6835938 0.06640625 0.59375 0.06640625 0.59375 0.06640625 0.59375 0.15625 0.6835938 0.06640625 0.6835938 0.06640625 0.59375 0.15625 0.6835938 0.15625 0.6835938 0.15625 0.6835938 0.06640625 0.59375 0.15625 0.59375 0.15625 0.6835938 0.06640625 0.59375 0.06640625 0.6835938 0.06640625 0.59375 0.06640625 0.6835938 0.15625 0.6835938 0.15625 0.59375 0.06640625 0.59375 0.15625 0.59375 0.15625 0.6835938 0.15625 0.59375 0.06640625 0.59375 0.06640625 0.6835938 0.15625 0.6835938 0.06640625 0.6835938 0.15625 0.6835938 0.06640625 0.59375 0.15625 0.59375 0.15625 0.6835938 0.06640625 0.59375 0.06640625 0.59375 0.06640625 0.59375 0.15625 0.6835938 0.06640625 0.6835938 0.06640625 0.59375 0.15625 0.6835938 0.15625 0.59375 0.06640625 0.59375 0.15625 0.6835938 0.06640625 0.6835938 0.06640625 0.59375 0.15625 0.6835938 0.15625 0.59375 0.06640625 0.59375 0.15625 0.6835938 0.06640625 0.6835938 0.06640625 0.59375 0.15625 0.6835938 0.15625 0.6835938 0.06640625 0.59375 0.06640625 0.6835938 0.15625 0.6835938 0.15625 0.59375 0.06640625 0.59375 0.15625 0.6835938 0.15625 0.6835938 0.06640625 0.59375 0.15625 0.59375 0.15625 0.6835938 0.06640625 0.59375 0.06640625 0.6835938 0.15625 0.6835938 0.06640625 0.59375 0.15625 0.59375 0.15625 0.6835938 0.06640625 0.59375 0.06640625 0.6835938 0.15625 0.6835938 0.06640625 0.59375 0.15625 0.59375 0.15625 0.6835938 0.06640625 0.59375 0.06640625 0.59375 0.15625 0.6835938 0.15625 0.59375 0.06640625 0.59375 0.06640625 0.6835938 0.15625 0.6835938 0.06640625 0.59375 0.06640625 0.59375 0.15625 0.6835938 0.06640625 0.6835938 0.06640625 0.59375 0.15625 0.6835938 0.15625 0.59375 0.06640625 0.59375 0.15625 0.6835938 0.06640625 0.6835938 0.06640625 0.59375 0.15625 0.6835938 0.15625 0.6835938 0.06640625 0.59375 0.06640625 0.6835938 0.15625 0.6835938 0.15625 0.59375 0.06640625 0.59375 0.15625 0.59375 0.15625 0.6835938 0.15625 0.59375 0.06640625 0.59375 0.06640625 0.6835938 0.15625 0.6835938 0.06640625 0.6835938 0.15625 0.6835938 0.06640625 0.59375 0.15625 0.59375 0.15625 0.6835938 0.06640625 0.59375 0.06640625 0.59375 0.15625 0.6835938 0.15625 0.59375 0.06640625 0.59375 0.06640625 0.6835938 0.15625 0.6835938 0.06640625 0.6835938 0.06640625 0.59375 0.06640625 0.6835938 0.15625 0.6835938 0.15625 0.59375 0.06640625 0.59375 0.15625 0.6835938 0.15625 0.6835938 0.06640625 0.59375 0.15625 0.59375 0.15625 0.6835938 0.06640625 0.59375 0.06640625 0.59375 0.06640625 0.59375 0.15625 0.6835938 0.06640625 0.6835938 0.06640625 0.59375 0.15625 0.6835938 0.15625 0.6835938 0.15625 0.6835938 0.06640625 0.59375 0.15625 0.59375 0.15625 0.6835938 0.06640625 0.59375 0.06640625 0.59375 0.06640625 0.59375 0.15625 0.6835938 0.06640625 0.6835938 0.06640625 0.59375 0.15625 0.6835938 0.15625 0.59375 0.15625 0.6835938 0.15625 0.59375 0.06640625 0.59375 0.06640625 0.6835938 0.15625 0.6835938 0.06640625 0.6835938 0.06640625 0.59375 0.06640625 0.6835938 0.15625 0.6835938 0.15625 0.59375 0.06640625 0.59375 0.15625 0.59375 0.06640625 0.59375 0.15625 0.6835938 0.06640625 0.6835938 0.06640625 0.59375 0.15625 0.6835938 0.15625 0.59375 0.15625 0.6835938 0.15625 0.59375 0.06640625 0.59375 0.06640625 0.6835938 0.15625 0.6835938 0.06640625 0.59375 0.15625 0.6835938 0.15625 0.59375 0.06640625 0.59375 0.06640625 0.6835938 0.15625 0.6835938 0.06640625 0.6835938 0.15625 0.6835938 0.06640625 0.59375 0.15625 0.59375 0.15625 0.6835938 0.06640625 0.59375 0.06640625 0.59375 0.15625 0.6835938 0.15625 0.59375 0.06640625 0.59375 0.06640625 0.6835938 0.15625 0.6835938 0.06640625 0.59375 0.06640625 0.59375 0.15625 0.6835938 0.06640625 0.6835938 0.06640625 0.59375 0.15625 0.6835938 0.15625 0.59375 0.06640625 0.59375 0.15625 0.6835938 0.06640625 0.6835938 0.06640625 0.59375 0.15625 0.6835938 0.15625 0.59375 0.06640625 0.59375 0.15625 0.6835938 0.06640625 0.6835938 0.06640625 0.59375 0.15625 0.6835938 0.15625 0.6835938 0.06640625 0.59375 0.06640625 0.6835938 0.15625 0.6835938 0.15625 0.59375 0.06640625 0.59375 0.15625 0.6835938 0.15625 0.6835938 0.06640625 0.59375 0.15625 0.59375 0.15625 0.6835938 0.06640625 0.59375 0.06640625 0.6835938 0.15625 0.6835938 0.06640625 0.59375 0.15625 0.59375 0.15625 0.6835938 0.06640625 0.59375 0.06640625 0.6835938 0.06640625 0.59375 0.06640625 0.6835938 0.15625 0.6835938 0.15625 0.59375 0.06640625 0.59375 0.15625 0.6835938 0.06640625 0.59375 0.06640625 0.6835938 0.15625 0.6835938 0.15625 0.59375 0.06640625 0.59375 0.15625 0.59375 0.06640625 0.59375 0.15625 0.6835938 0.06640625 0.6835938 0.06640625 0.59375 0.15625 0.6835938 0.15625 0.59375 0.06640625 0.59375 0.15625 0.6835938 0.06640625 0.6835938 0.06640625 0.59375 0.15625 0.6835938 0.15625 0.59375 0.15625 0.6835938 0.15625 0.59375 0.06640625 0.59375 0.06640625 0.6835938 0.15625 0.6835938 0.06640625 0.6835938 0.06640625 0.59375 0.06640625 0.6835938 0.15625 0.6835938 0.15625 0.59375 0.06640625 0.59375 0.15625 0.6835938 0.06640625 0.59375 0.06640625 0.6835938 0.15625 0.6835938 0.15625 0.59375 0.06640625 0.59375 0.15625 0.59375 0.06640625 0.59375 0.15625 0.6835938 0.06640625 0.6835938 0.06640625 0.59375 0.15625 0.6835938 0.15625 0.59375 0.06640625 0.59375 0.15625 0.6835938 0.06640625 0.6835938 0.06640625 0.59375 0.15625 0.6835938 0.15625 0.59375 0.15625 0.6835938 0.15625 0.59375 0.06640625 0.59375 0.06640625 0.6835938 0.15625 0.6835938 0.06640625 0.6835938 0.15625 0.6835938 0.06640625 0.59375 0.15625 0.59375 0.15625 0.6835938 0.06640625 0.59375 0.06640625 0.6835938 0.15625 0.6835938 0.06640625 0.59375 0.15625 0.59375 0.15625 0.6835938 0.06640625 0.59375 0.06640625 0.59375 0.06640625 0.59375 0.15625 0.6835938 0.06640625 0.6835938 0.06640625 0.59375 0.15625 0.6835938 0.15625 0.59375 0.06640625 0.59375 0.15625 0.6835938 0.06640625 0.6835938 0.06640625 0.59375 0.15625 0.6835938 0.15625 0.59375 0.15625 0.6835938 0.15625 0.59375 0.06640625 0.59375 0.06640625 0.6835938 0.15625 0.6835938 0.06640625 0.59375 0.15625 0.6835938 0.15625 0.59375 0.06640625 0.59375 0.06640625 0.6835938 0.15625 0.6835938 0.06640625 0.59375 0.15625 0.6835938 0.15625 0.59375 0.06640625 0.59375 0.06640625 0.6835938 0.15625 0.6835938 0.06640625 0.59375 0.06640625 0.59375 0.15625 0.6835938 0.06640625 0.6835938 0.06640625 0.59375 0.15625 0.6835938 0.15625 0.6835938 0.06640625 0.59375 0.06640625 0.6835938 0.15625 0.6835938 0.15625 0.59375 0.06640625 0.59375 0.15625 0.59375 0.15625 0.6835938 0.15625 0.59375 0.06640625 0.59375 0.06640625 0.6835938 0.15625 0.6835938 0.06640625 0.59375 0.15625 0.6835938 0.15625 0.59375 0.06640625 0.59375 0.06640625 0.6835938 0.15625 0.6835938 0.06640625 0.59375 0.15625 0.6835938 0.15625 0.59375 0.06640625 0.59375 0.06640625 0.6835938 0.15625 0.6835938 0.06640625 0.6835938 0.06640625 0.59375 0.06640625 0.6835938 0.15625 0.6835938 0.15625 0.59375 0.06640625 0.59375 0.15625 0.6835938 0.06640625 0.59375 0.06640625 0.6835938 0.15625 0.6835938 0.15625 0.59375 0.06640625 0.59375 0.15625 0.6835938 0.06640625 0.59375 0.06640625 0.6835938 0.15625 0.6835938 0.15625 0.59375 0.06640625 0.59375 0.15625 0.59375 0.15625 0.6835938 0.15625 0.59375 0.06640625 0.59375 0.06640625 0.6835938 0.15625 0.6835938 0.06640625 0.59375 0.15625 0.6835938 0.15625 0.59375 0.06640625 0.59375 0.06640625 0.6835938 0.15625 0.6835938 0.06640625 0.6835938 0.06640625 0.59375 0.06640625 0.6835938 0.15625 0.6835938 0.15625 0.59375 0.06640625 0.59375 0.15625 0.59375 0.15625 0.6835938 0.15625 0.59375 0.06640625 0.59375 0.06640625 0.6835938 0.15625 0.6835938 0.06640625 0.6835938 0.15625 0.6835938 0.06640625 0.59375 0.15625 0.59375 0.15625 0.6835938 0.06640625 0.59375 0.06640625 0.6835938 0.06640625 0.59375 0.06640625 0.6835938 0.15625 0.6835938 0.15625 0.59375 0.06640625 0.59375 0.15625 0.6835938 0.06640625 0.59375 0.06640625 0.6835938 0.15625 0.6835938 0.15625 0.59375 0.06640625 0.59375 0.15625 0.59375 0.15625 0.6835938 0.15625 0.59375 0.06640625 0.59375 0.06640625 0.6835938 0.15625 0.6835938 0.06640625 0.6835938 0.06640625 0.59375 0.06640625 0.6835938 0.15625 0.6835938 0.15625 0.59375 0.06640625 0.59375 0.15625 0.6835938 0.06640625 0.59375 0.06640625 0.6835938 0.15625 0.6835938 0.15625 0.59375 0.06640625 0.59375 0.15625 0.59375 0.15625 0.6835938 0.15625 0.59375 0.06640625 0.59375 0.06640625 0.6835938 0.15625 0.6835938 0.06640625 0.6835938 0.06640625 0.59375 0.06640625 0.6835938 0.15625 0.6835938 0.15625 0.59375 0.06640625 0.59375 0.15625 0.6835938 0.06640625 0.59375 0.06640625 0.6835938 0.15625 0.6835938 0.15625 0.59375 0.06640625 0.59375 0.15625 0.59375 0.15625 0.6835938 0.15625 0.59375 0.06640625 0.59375 0.06640625 0.6835938 0.15625 0.6835938 0.06640625 0.59375 0.15625 0.6835938 0.15625 0.59375 0.06640625 0.59375 0.06640625 0.6835938 0.15625 0.6835938 0.06640625 0.59375 0.15625 0.6835938 0.15625 0.59375 0.06640625 0.59375 0.06640625 0.6835938 0.15625 0.6835938 0.06640625 0.6835938 0.15625 0.6835938 0.06640625 0.59375 0.15625 0.59375 0.15625 0.6835938 0.06640625 0.59375 0.06640625 0.59375 0.06640625 0.59375 0.15625 0.6835938 0.06640625 0.6835938 0.06640625 0.59375 0.15625 0.6835938 0.15625 0.6835938 0.15625 0.6835938 0.06640625 0.59375 0.15625 0.59375 0.15625 0.6835938 0.06640625 0.59375 0.06640625 0.59375 0.06640625 0.59375 0.15625 0.6835938 0.06640625 0.6835938 0.06640625 0.59375 0.15625 0.6835938 0.15625 0.6835938 0.06640625 0.59375 0.06640625 0.6835938 0.15625 0.6835938 0.15625 0.59375 0.06640625 0.59375 0.15625 0.59375 0.06640625 0.59375 0.15625 0.6835938 0.06640625 0.6835938 0.06640625 0.59375 0.15625 0.6835938 0.15625 0.6835938 0.06640625 0.59375 0.06640625 0.6835938 0.15625 0.6835938 0.15625 0.59375 0.06640625 0.59375 0.15625 0.6835938 0.15625 0.6835938 0.06640625 0.59375 0.15625 0.59375 0.15625 0.6835938 0.06640625 0.59375 0.06640625 0.6835938 0.15625 0.6835938 0.06640625 0.59375 0.15625 0.59375 0.15625 0.6835938 0.06640625 0.59375 0.06640625 0.59375 0.15625 0.6835938 0.15625 0.59375 0.06640625 0.59375 0.06640625 0.6835938 0.15625 0.6835938 0.06640625 0.59375 0.15625 0.6835938 0.15625 0.59375 0.06640625 0.59375 0.06640625 0.6835938 0.15625 0.6835938 0.06640625 0.59375 0.15625 0.6835938 0.15625 0.59375 0.06640625 0.59375 0.06640625 0.6835938 0.15625 0.6835938 0.06640625 0.6835938 0.15625 0.6835938 0.06640625 0.59375 0.15625 0.59375 0.15625 0.6835938 0.06640625 0.59375 0.06640625 0.59375 0.06640625 0.59375 0.15625 0.6835938 0.06640625 0.6835938 0.06640625 0.59375 0.15625 0.6835938 0.15625 0.6835938 0.15625 0.6835938 0.06640625 0.59375 0.15625 0.59375 0.15625 0.6835938 0.06640625 0.59375 0.06640625 0.59375 0.06640625 0.59375 0.15625 0.6835938 0.06640625 0.6835938 0.06640625 0.59375 0.15625 0.6835938 0.15625 0.6835938 0.06640625 0.59375 0.06640625 0.6835938 0.15625 0.6835938 0.15625 0.59375 0.06640625 0.59375 0.15625 0.59375 0.06640625 0.59375 0.15625 0.6835938 0.06640625 0.6835938 0.06640625 0.59375 0.15625 0.6835938 0.15625 0.6835938 0.06640625 0.59375 0.06640625 0.6835938 0.15625 0.6835938 0.15625 0.59375 0.06640625 0.59375 0.15625 0.6835938 0.15625 0.6835938 0.06640625 0.59375 0.15625 0.59375 0.15625 0.6835938 0.06640625 0.59375 0.06640625 0.6835938 0.15625 0.6835938 0.06640625 0.59375 0.15625 0.59375 0.15625 0.6835938 0.06640625 0.59375 0.06640625 0.59375 0.06640625 0.59375 0.15625 0.6835938 0.06640625 0.6835938 0.06640625 0.59375 0.15625 0.6835938 0.15625 0.59375 0.06640625 0.59375 0.15625 0.6835938 0.06640625 0.6835938 0.06640625 0.59375 0.15625 0.6835938 0.15625 0.59375 0.06640625 0.59375 0.15625 0.6835938 0.06640625 0.6835938 0.06640625 0.59375 0.15625 0.6835938 0.15625 0.59375 0.06640625 0.59375 0.15625 0.6835938 0.06640625 0.6835938 0.06640625 0.59375 0.15625 0.6835938 0.15625 0.59375 0.06640625 0.59375 0.15625 0.6835938 0.06640625 0.6835938 0.06640625 0.59375 0.15625 0.6835938 0.15625 0.59375 0.06640625 0.59375 0.15625 0.6835938 0.06640625 0.6835938 0.06640625 0.59375 0.15625 0.6835938 0.15625 0.6835938 0.06640625 0.59375 0.06640625 0.6835938 0.15625 0.6835938 0.15625 0.59375 0.06640625 0.59375 0.15625 0.6835938 0.06640625 0.59375 0.06640625 0.6835938 0.15625 0.6835938 0.15625 0.59375 0.06640625 0.59375 0.15625 0.6835938 0.06640625 0.59375 0.06640625 0.6835938 0.15625 0.6835938 0.15625 0.59375 0.06640625 0.59375 0.15625 0.6835938 0.06640625 0.59375 0.06640625 0.6835938 0.15625 0.6835938 0.15625 0.59375 0.06640625 0.59375 0.15625 0.6835938 0.06640625 0.59375 0.06640625 0.6835938 0.15625 0.6835938 0.15625 0.59375 0.06640625 0.59375 0.15625 0.6835938 0.06640625 0.59375 0.06640625 0.6835938 0.15625 0.6835938 0.15625 0.59375 0.06640625 0.59375 0.15625 0.6835938 0.15625 0.6835938 0.06640625 0.59375 0.15625 0.59375 0.15625 0.6835938 0.06640625 0.59375 0.06640625 0.6835938 0.15625 0.6835938 0.06640625 0.59375 0.15625 0.59375 0.15625 0.6835938 0.06640625 0.59375 0.06640625 0.6835938 0.15625 0.6835938 0.06640625 0.59375 0.15625 0.59375 0.15625 0.6835938 0.06640625 0.59375 0.06640625 0.6835938 0.15625 0.6835938 0.06640625 0.59375 0.15625 0.59375 0.15625 0.6835938 0.06640625 0.59375 0.06640625 0.6835938 0.15625 0.6835938 0.06640625 0.59375 0.15625 0.59375 0.15625 0.6835938 0.06640625 0.59375 0.06640625 0.59375 0.15625 0.6835938 0.15625 0.59375 0.06640625 0.59375 0.06640625 0.6835938 0.15625 0.6835938 0.06640625 0.6835938 0.06640625 0.59375 0.06640625 0.6835938 0.15625 0.6835938 0.15625 0.59375 0.06640625 0.59375 0.15625 0.6835938 0.06640625 0.59375 0.06640625 0.6835938 0.15625 0.6835938 0.15625 0.59375 0.06640625 0.59375 0.15625 0.6835938 0.06640625 0.59375 0.06640625 0.6835938 0.15625 0.6835938 0.15625 0.59375 0.06640625 0.59375 0.15625 0.6835938 0.06640625 0.59375 0.06640625 0.6835938 0.15625 0.6835938 0.15625 0.59375 0.06640625 0.59375 0.15625 0.6835938 0.06640625 0.59375 0.06640625 0.6835938 0.15625 0.6835938 0.15625 0.59375 0.06640625 0.59375 0.15625 0.6835938 0.15625 0.6835938 0.06640625 0.59375 0.15625 0.59375 0.15625 0.6835938 0.06640625 0.59375 0.06640625 0.0625 0.15625 0.1523437 0.15625 0.0625 0.06640625 0.0625 0.06640625 0.1523437 0.15625 0.1523437 0.06640625 0.0625 0.15625 0.1523437 0.15625 0.0625 0.06640625 0.0625 0.06640625 0.1523437 0.15625 0.1523437 0.06640625 0.0625 0.15625 0.1523437 0.15625 0.0625 0.06640625 0.0625 0.06640625 0.1523437 0.15625 0.1523437 0.06640625 0.0625 0.06640625 0.0625 0.15625 0.1523437 0.06640625 0.1523437 0.06640625 0.0625 0.15625 0.1523437 0.15625 0.1523437 0.06640625 0.0625 0.06640625 0.1523437 0.15625 0.1523437 0.15625 0.0625 0.06640625 0.0625 0.15625 0.0625 0.06640625 0.0625 0.15625 0.1523437 0.06640625 0.1523437 0.06640625 0.0625 0.15625 0.1523437 0.15625 0.1523437 0.15625 0.1523437 0.06640625 0.0625 0.15625 0.0625 0.15625 0.1523437 0.06640625 0.0625 0.06640625 0.0625 0.06640625 0.0625 0.15625 0.1523437 0.06640625 0.1523437 0.06640625 0.0625 0.15625 0.1523437 0.15625 0.0625 0.15625 0.1523437 0.15625 0.0625 0.06640625 0.0625 0.06640625 0.1523437 0.15625 0.1523437 0.06640625 0.3125 0.06640625 0.3125 0.15625 0.4023438 0.06640625 0.4023438 0.06640625 0.3125 0.06640625 0.3125 0.15625 0.4023438 0.06640625 0.3125 0.06640625 0.3125 0.15625 0.3125 0.15625 0.4023438 0.06640625 0.3125 0.06640625 0.4023438 0.06640625 0.3125 0.06640625 0.3125 0.15625 0.3125 0.15625 0.4023438 0.06640625 0.3125 0.06640625 0.3125 0.06640625 0.3125 0.15625 0.4023438 0.06640625 0.3125 0.06640625 0.3125 0.15625 0.4023438 0.06640625 0.3125 0.15625 0.4023438 0.06640625 0.3125 0.06640625 0.0625 0.15625 0.1523437 0.06640625 0.0625 0.06640625 0.0625 0.15625 0.1523437 0.06640625 0.0625 0.06640625 0.0625 0.15625 0.1523437 0.06640625 0.0625 0.06640625 0.3125 0.06640625 0.3125 0.15625 0.4023438 0.06640625 0.4023438 0.06640625 0.3125 0.06640625 0.3125 0.15625 0.3125 0.06640625 0.3125 0.15625 0.4023438 0.06640625 0.3125 0.15625 0.4023438 0.06640625 0.3125 0.06640625 0.4023438 0.06640625 0.3125 0.06640625 0.3125 0.15625 0.3125 0.15625 0.4023438 0.06640625 0.3125 0.06640625 0.3125 0.15625 0.4023438 0.06640625 0.3125 0.06640625 0.4023438 0.06640625 0.3125 0.06640625 0.3125 0.15625 0.3125 0.06640625 0.3125 0.15625 0.4023438 0.06640625 0.3125 0.06640625 0.3125 0.15625 0.4023438 0.06640625 0.4023438 0.06640625 0.3125 0.06640625 0.3125 0.15625 0.3125 0.06640625 0.3125 0.15625 0.4023438 0.06640625 0.3125 0.06640625 0.3125 0.15625 0.4023438 0.06640625 0.4023438 0.06640625 0.3125 0.06640625 0.3125 0.15625 0.4023438 0.06640625 0.3125 0.06640625 0.3125 0.15625 0.3125 0.15625 0.4023438 0.06640625 0.3125 0.06640625 0.4023438 0.06640625 0.3125 0.06640625 0.3125 0.15625 0.3125 0.06640625 0.3125 0.15625 0.4023438 0.06640625 0.0625 0.06640625 0.0625 0.15625 0.1523437 0.06640625 0.0625 0.15625 0.1523437 0.06640625 0.0625 0.06640625 0.0625 0.15625 0.1523437 0.06640625 0.0625 0.06640625 0.3125 0.06640625 0.3125 0.15625 0.4023438 0.06640625 0.4023438 0.06640625 0.3125 0.06640625 0.3125 0.15625 0.3125 0.06640625 0.3125 0.15625 0.4023438 0.06640625 0.3125 0.15625 0.4023438 0.06640625 0.3125 0.06640625 0.4023438 0.06640625 0.3125 0.06640625 0.3125 0.15625 0.3125 0.15625 0.4023438 0.06640625 0.3125 0.06640625 0.3125 0.15625 0.4023438 0.06640625 0.3125 0.06640625 0.4023438 0.06640625 0.3125 0.06640625 0.3125 0.15625 0.3125 0.06640625 0.3125 0.15625 0.4023438 0.06640625 0.0625 0.15625 0.1523437 0.06640625 0.0625 0.06640625 0.0625 0.15625 0.1523437 0.06640625 0.0625 0.06640625 0.0625 0.15625 0.1523437 0.06640625 0.0625 0.06640625 0.3125 0.15625 0.4023438 0.06640625 0.3125 0.06640625 0.3125 0.15625 0.4023438 0.06640625 0.3125 0.06640625 0.3125 0.06640625 0.3125 0.15625 0.4023438 0.06640625 0.3125 0.06640625 0.3125 0.15625 0.4023438 0.06640625 0.3125 0.06640625 0.3125 0.15625 0.4023438 0.06640625 0.3125 0.15625 0.4023438 0.06640625 0.3125 0.06640625 0.3125 0.06640625 0.3125 0.15625 0.4023438 0.06640625 0.3125 0.15625 0.4023438 0.06640625 0.3125 0.06640625 0.3125 0.06640625 0.3125 0.15625 0.4023438 0.06640625 0.3125 0.15625 0.4023438 0.06640625 0.3125 0.06640625 0.3125 0.06640625 0.3125 0.15625 0.4023438 0.06640625 0.4023438 0.06640625 0.3125 0.06640625 0.3125 0.15625 0.3125 0.06640625 0.3125 0.15625 0.4023438 0.06640625 0.4023438 0.06640625 0.3125 0.06640625 0.3125 0.15625 0.3125 0.06640625 0.3125 0.15625 0.4023438 0.06640625 0.4023438 0.06640625 0.3125 0.06640625 0.3125 0.15625 0.3125 0.06640625 0.3125 0.15625 0.4023438 0.06640625 0.4023438 0.06640625 0.3125 0.06640625 0.3125 0.15625 0.3125 0.15625 0.4023438 0.06640625 0.3125 0.06640625 0.3125 0.06640625 0.3125 0.15625 0.4023438 0.06640625 0.3125 0.06640625 0.3125 0.15625 0.4023438 0.06640625 0.4023438 0.06640625 0.3125 0.06640625 0.3125 0.15625 0.3125 0.15625 0.4023438 0.06640625 0.3125 0.06640625 0.3125 0.15625 0.4023438 0.06640625 0.3125 0.06640625 0.3125 0.06640625 0.3125 0.15625 0.4023438 0.06640625 0.0625 0.06640625 0.0625 0.15625 0.1523437 0.06640625 0.0625 0.06640625 0.0625 0.15625 0.1523437 0.06640625 0.0625 0.15625 0.1523437 0.06640625 0.0625 0.06640625 0.3125 0.06640625 0.3125 0.15625 0.4023438 0.06640625 0.4023438 0.06640625 0.3125 0.06640625 0.3125 0.15625 0.3125 0.15625 0.4023438 0.06640625 0.3125 0.06640625 0.3125 0.06640625 0.3125 0.15625 0.4023438 0.06640625 0.3125 0.06640625 0.3125 0.15625 0.4023438 0.06640625 0.4023438 0.06640625 0.3125 0.06640625 0.3125 0.15625 0.4023438 0.06640625 0.3125 0.06640625 0.3125 0.15625 0.3125 0.15625 0.4023438 0.06640625 0.3125 0.06640625 0.3125 0.06640625 0.3125 0.15625 0.4023438 0.06640625 0.0625 0.06640625 0.0625 0.15625 0.1523437 0.06640625 0.0625 0.06640625 0.0625 0.15625 0.1523437 0.06640625 0.0625 0.06640625 0.0625 0.15625 0.1523437 0.06640625 0.3125 0.06640625 0.3125 0.15625 0.4023438 0.06640625 0.4023438 0.06640625 0.3125 0.06640625 0.3125 0.15625 0.3125 0.15625 0.4023438 0.06640625 0.3125 0.06640625 0.3125 0.06640625 0.3125 0.15625 0.4023438 0.06640625 0.3125 0.06640625 0.3125 0.15625 0.4023438 0.06640625 0.3125 0.06640625 0.3125 0.15625 0.4023438 0.06640625 0.4023438 0.06640625 0.3125 0.06640625 0.3125 0.15625 0.3125 0.15625 0.4023438 0.06640625 0.3125 0.06640625 0.4023438 0.06640625 0.3125 0.06640625 0.3125 0.15625 0.1523437 0.06640625 0.0625 0.06640625 0.0625 0.15625 0.1523437 0.06640625 0.0625 0.06640625 0.0625 0.15625 0.1523437 0.06640625 0.0625 0.06640625 0.0625 0.15625 0.3125 0.06640625 0.3125 0.15625 0.4023438 0.06640625 0.4023438 0.06640625 0.3125 0.06640625 0.3125 0.15625 0.3125 0.15625 0.4023438 0.06640625 0.3125 0.06640625 0.3125 0.06640625 0.3125 0.15625 0.4023438 0.06640625 0.3125 0.06640625 0.3125 0.15625 0.4023438 0.06640625 0.4023438 0.06640625 0.3125 0.06640625 0.3125 0.15625 0.4023438 0.06640625 0.3125 0.06640625 0.3125 0.15625 0.3125 0.15625 0.4023438 0.06640625 0.3125 0.06640625 0.3125 0.06640625 0.3125 0.15625 0.4023438 0.06640625 0.0625 0.06640625 0.0625 0.15625 0.1523437 0.06640625 0.0625 0.06640625 0.0625 0.15625 0.1523437 0.06640625 0.0625 0.06640625 0.0625 0.15625 0.1523437 0.06640625 0.3125 0.06640625 0.3125 0.15625 0.4023438 0.06640625 0.3125 0.06640625 0.3125 0.15625 0.4023438 0.06640625 0.3125 0.06640625 0.3125 0.15625 0.4023438 0.06640625 0.3125 0.06640625 0.3125 0.15625 0.4023438 0.06640625 0.3125 0.06640625 0.3125 0.15625 0.4023438 0.06640625 0.3125 0.06640625 0.3125 0.15625 0.4023438 0.06640625 0.3125 0.06640625 0.3125 0.15625 0.4023438 0.06640625 0.4023438 0.06640625 0.3125 0.06640625 0.3125 0.15625 0.3125 0.06640625 0.3125 0.15625 0.4023438 0.06640625 0.4023438 0.06640625 0.3125 0.06640625 0.3125 0.15625 0.3125 0.06640625 0.3125 0.15625 0.4023438 0.06640625 0.4023438 0.06640625 0.3125 0.06640625 0.3125 0.15625 0.3125 0.06640625 0.3125 0.15625 0.4023438 0.06640625 0.3125 0.15625 0.4023438 0.06640625 0.3125 0.06640625 0.3125 0.06640625 0.3125 0.15625 0.4023438 0.06640625 0.4023438 0.06640625 0.3125 0.06640625 0.3125 0.15625 0.3125 0.06640625 0.3125 0.15625 0.4023438 0.06640625 0.4023438 0.06640625 0.3125 0.06640625 0.3125 0.15625 0.3125 0.15625 0.4023438 0.06640625 0.3125 0.06640625 0.3125 0.06640625 0.3125 0.15625 0.4023438 0.06640625 0.3125 0.06640625 0.3125 0.15625 0.4023438 0.06640625 0.3125 0.06640625 0.3125 0.15625 0.4023438 0.06640625 0.4023438 0.06640625 0.3125 0.06640625 0.3125 0.15625 0.3125 0.06640625 0.3125 0.15625 0.4023438 0.06640625 0.4023438 0.06640625 0.3125 0.06640625 0.3125 0.15625 0.1523437 0.06640625 0.0625 0.06640625 0.0625 0.15625 0.1523437 0.06640625 0.0625 0.06640625 0.0625 0.15625 0.1523437 0.06640625 0.0625 0.06640625 0.0625 0.15625 0.3125 0.06640625 0.3125 0.15625 0.4023438 0.06640625 0.4023438 0.06640625 0.3125 0.06640625 0.3125 0.15625 0.4023438 0.06640625 0.3125 0.06640625 0.3125 0.15625 0.3125 0.15625 0.4023438 0.06640625 0.3125 0.06640625 0.3125 0.06640625 0.3125 0.15625 0.4023438 0.06640625 0.3125 0.06640625 0.3125 0.15625 0.4023438 0.06640625 0.4023438 0.06640625 0.3125 0.06640625 0.3125 0.15625 0.3125 0.06640625 0.3125 0.15625 0.4023438 0.06640625 0.4023438 0.06640625 0.3125 0.06640625 0.3125 0.15625 0.0625 0.15625 0.1523437 0.06640625 0.0625 0.06640625 0.0625 0.15625 0.1523437 0.06640625 0.0625 0.06640625 0.1523437 0.06640625 0.0625 0.06640625 0.0625 0.15625 0.3125 0.06640625 0.3125 0.15625 0.4023438 0.06640625 0.4023438 0.06640625 0.3125 0.06640625 0.3125 0.15625 0.4023438 0.06640625 0.3125 0.06640625 0.3125 0.15625 0.3125 0.15625 0.4023438 0.06640625 0.3125 0.06640625 0.4023438 0.06640625 0.3125 0.06640625 0.3125 0.15625 0.3125 0.15625 0.4023438 0.06640625 0.3125 0.06640625 0.3125 0.06640625 0.3125 0.15625 0.4023438 0.06640625 0.3125 0.06640625 0.3125 0.15625 0.4023438 0.06640625 0.3125 0.15625 0.4023438 0.06640625 0.3125 0.06640625 0.0625 0.15625 0.1523437 0.06640625 0.0625 0.06640625 0.0625 0.15625 0.1523437 0.06640625 0.0625 0.06640625 0.1523437 0.06640625 0.0625 0.06640625 0.0625 0.15625 0.3125 0.06640625 0.3125 0.15625 0.4023438 0.06640625 0.4023438 0.06640625 0.3125 0.06640625 0.3125 0.15625 0.4023438 0.06640625 0.3125 0.06640625 0.3125 0.15625 0.3125 0.06640625 0.3125 0.15625 0.4023438 0.06640625 0.3125 0.06640625 0.3125 0.15625 0.4023438 0.06640625 0.3125 0.06640625 0.3125 0.15625 0.4023438 0.06640625 0.4023438 0.06640625 0.3125 0.06640625 0.3125 0.15625 0.3125 0.06640625 0.3125 0.15625 0.4023438 0.06640625 0.4023438 0.06640625 0.3125 0.06640625 0.3125 0.15625 0.0625 0.15625 0.1523437 0.06640625 0.0625 0.06640625 0.1523437 0.06640625 0.0625 0.06640625 0.0625 0.15625 0.1523437 0.06640625 0.0625 0.06640625 0.0625 0.15625 0.4023438 0.06640625 0.3125 0.06640625 0.3125 0.15625 0.4023438 0.06640625 0.3125 0.06640625 0.3125 0.15625 0.4023438 0.06640625 0.3125 0.06640625 0.3125 0.15625 0.3125 0.15625 0.4023438 0.06640625 0.3125 0.06640625 0.3125 0.15625 0.4023438 0.06640625 0.3125 0.06640625 0.3125 0.15625 0.4023438 0.06640625 0.3125 0.06640625 0.3125 0.15625 0.4023438 0.06640625 0.3125 0.06640625 0.4023438 0.06640625 0.3125 0.06640625 0.3125 0.15625 0.3125 0.15625 0.4023438 0.06640625 0.3125 0.06640625 0.4023438 0.06640625 0.3125 0.06640625 0.3125 0.15625 0.3125 0.06640625 0.3125 0.15625 0.4023438 0.06640625 0.4023438 0.06640625 0.3125 0.06640625 0.3125 0.15625 0.3125 0.06640625 0.3125 0.15625 0.4023438 0.06640625 0.4023438 0.06640625 0.3125 0.06640625 0.3125 0.15625 0.3125 0.15625 0.4023438 0.06640625 0.3125 0.06640625 0.4023438 0.06640625 0.3125 0.06640625 0.3125 0.15625 0.3125 0.15625 0.4023438 0.06640625 0.3125 0.06640625 0.3125 0.06640625 0.3125 0.15625 0.4023438 0.06640625 0.3125 0.06640625 0.3125 0.15625 0.4023438 0.06640625 0.3125 0.15625 0.4023438 0.06640625 0.3125 0.06640625 0.4023438 0.06640625 0.3125 0.06640625 0.3125 0.15625 0.4023438 0.06640625 0.3125 0.06640625 0.3125 0.15625 0.3125 0.15625 0.4023438 0.06640625 0.3125 0.06640625 0.3125 0.15625 0.4023438 0.06640625 0.3125 0.06640625 0.4023438 0.06640625 0.3125 0.06640625 0.3125 0.15625 0.3125 0.15625 0.4023438 0.06640625 0.3125 0.06640625 0.3125 0.06640625 0.3125 0.15625 0.4023438 0.06640625 0.3125 0.15625 0.4023438 0.06640625 0.3125 0.06640625 0.4023438 0.06640625 0.3125 0.06640625 0.3125 0.15625 0.4023438 0.06640625 0.3125 0.06640625 0.3125 0.15625 0.3125 0.15625 0.4023438 0.06640625 0.3125 0.06640625 0.4023438 0.06640625 0.3125 0.06640625 0.3125 0.15625 0.3125 0.06640625 0.3125 0.15625 0.4023438 0.06640625 0.3125 0.06640625 0.3125 0.15625 0.4023438 0.06640625 0.3125 0.15625 0.4023438 0.06640625 0.3125 0.06640625 0.4023438 0.06640625 0.3125 0.06640625 0.3125 0.15625 0.4023438 0.06640625 0.3125 0.06640625 0.3125 0.15625 0.3125 0.15625 0.4023438 0.06640625 0.3125 0.06640625 0.3125 0.15625 0.4023438 0.06640625 0.3125 0.06640625 0.4023438 0.06640625 0.3125 0.06640625 0.3125 0.15625 0.0625 0.15625 0.1523437 0.06640625 0.0625 0.06640625 0.0625 0.15625 0.1523437 0.06640625 0.0625 0.06640625 0.0625 0.15625 0.1523437 0.06640625 0.0625 0.06640625 0.1523437 0.06640625 0.0625 0.06640625 0.0625 0.15625 0.0625 0.06640625 0.0625 0.15625 0.1523437 0.06640625 0.1523437 0.06640625 0.0625 0.06640625 0.0625 0.15625 0.0625 0.15625 0.1523437 0.06640625 0.0625 0.06640625 0.0625 0.15625 0.1523437 0.06640625 0.0625 0.06640625 0.0625 0.15625 0.1523437 0.06640625 0.0625 0.06640625 0.1523437 0.06640625 0.0625 0.06640625 0.0625 0.15625 0.0625 0.06640625 0.0625 0.15625 0.1523437 0.06640625 0.1523437 0.06640625 0.0625 0.06640625 0.0625 0.15625 0.0625 0.06640625 0.0625 0.15625 0.1523437 0.06640625 0.0625 0.06640625 0.0625 0.15625 0.1523437 0.06640625 0.1523437 0.06640625 0.0625 0.06640625 0.0625 0.15625 0.0625 0.06640625 0.0625 0.15625 0.1523437 0.06640625 0.0625 0.06640625 0.0625 0.15625 0.1523437 0.06640625 0.0625 0.06640625 0.0625 0.15625 0.1523437 0.06640625 0.1523437 0.06640625 0.0625 0.06640625 0.0625 0.15625 0.0625 0.06640625 0.0625 0.15625 0.1523437 0.06640625 0.1523437 0.06640625 0.0625 0.06640625 0.0625 0.15625 0.0625 0.06640625 0.0625 0.15625 0.1523437 0.06640625 0.0625 0.06640625 0.0625 0.15625 0.1523437 0.06640625 0.0625 0.06640625 0.0625 0.15625 0.1523437 0.06640625 0.0625 0.15625 0.1523437 0.06640625 0.0625 0.06640625 0.0625 0.15625 0.1523437 0.06640625 0.0625 0.06640625 0.0625 0.06640625 0.0625 0.15625 0.1523437 0.06640625 0.0625 0.15625 0.1523437 0.06640625 0.0625 0.06640625 0.0625 0.15625 0.1523437 0.06640625 0.0625 0.06640625 0.0625 0.15625 0.1523437 0.06640625 0.0625 0.06640625 0.0625 0.06640625 0.0625 0.15625 0.1523437 0.06640625 0.0625 0.15625 0.1523437 0.06640625 0.0625 0.06640625 0.0625 0.06640625 0.0625 0.15625 0.1523437 0.06640625 0.0625 0.15625 0.1523437 0.06640625 0.0625 0.06640625 0.0625 0.15625 0.1523437 0.06640625 0.0625 0.06640625 0.0625 0.15625 0.1523437 0.06640625 0.0625 0.06640625 0.1523437 0.06640625 0.0625 0.06640625 0.0625 0.15625 0.0625 0.15625 0.1523437 0.06640625 0.0625 0.06640625 0.0625 0.15625 0.1523437 0.06640625 0.0625 0.06640625 0.0625 0.15625 0.1523437 0.06640625 0.0625 0.06640625 0.0625 0.15625 0.1523437 0.06640625 0.0625 0.06640625 0.0625 0.15625 0.1523437 0.06640625 0.0625 0.06640625 0.1523437 0.06640625 0.0625 0.06640625 0.0625 0.15625 0.0625 0.15625 0.1523437 0.06640625 0.0625 0.06640625 0.1523437 0.06640625 0.0625 0.06640625 0.0625 0.15625 0.1523437 0.06640625 0.0625 0.06640625 0.0625 0.15625 0.1523437 0.06640625 0.0625 0.06640625 0.0625 0.15625 0.1523437 0.06640625 0.0625 0.06640625 0.0625 0.15625 0.0625 0.06640625 0.0625 0.15625 0.1523437 0.06640625 0.1523437 0.06640625 0.0625 0.06640625 0.0625 0.15625 0.1523437 0.06640625 0.0625 0.06640625 0.0625 0.15625 0.1523437 0.06640625 0.0625 0.06640625 0.0625 0.15625 0.1523437 0.06640625 0.0625 0.06640625 0.0625 0.15625 0.1523437 0.06640625 0.0625 0.06640625 0.0625 0.15625 0.0625 0.06640625 0.0625 0.15625 0.1523437 0.06640625 0.1523437 0.06640625 0.0625 0.06640625 0.0625 0.15625 0.1523437 0.06640625 0.0625 0.06640625 0.0625 0.15625 0.0625 0.06640625 0.0625 0.15625 0.1523437 0.06640625 0.1523437 0.06640625 0.0625 0.06640625 0.0625 0.15625 0.0625 0.06640625 0.0625 0.15625 0.1523437 0.06640625 0.0625 0.06640625 0.0625 0.15625 0.1523437 0.06640625 0.1523437 0.06640625 0.0625 0.06640625 0.0625 0.15625 0.0625 0.06640625 0.0625 0.15625 0.1523437 0.06640625 0.0625 0.06640625 0.0625 0.15625 0.1523437 0.06640625 0.1523437 0.06640625 0.0625 0.06640625 0.0625 0.15625 0.0625 0.06640625 0.0625 0.15625 0.1523437 0.06640625 0.3125 0.06640625 0.3125 0.15625 0.4023438 0.06640625 0.4023438 0.06640625 0.3125 0.06640625 0.3125 0.15625 0.4023438 0.06640625 0.3125 0.06640625 0.3125 0.15625 0.59375 0.15625 0.6835938 0.06640625 0.59375 0.06640625 0.59375 0.06640625 0.59375 0.15625 0.6835938 0.06640625 0.59375 0.15625 0.6835938 0.06640625 0.59375 0.06640625 0.59375 0.06640625 0.59375 0.15625 0.6835938 0.06640625 0.59375 0.06640625 0.59375 0.15625 0.6835938 0.06640625 0.59375 0.06640625 0.59375 0.15625 0.6835938 0.06640625 0.59375 0.06640625 0.59375 0.15625 0.6835938 0.06640625 0.59375 0.06640625 0.59375 0.15625 0.6835938 0.06640625 0.59375 0.15625 0.6835938 0.06640625 0.59375 0.06640625 0.59375 0.15625 0.6835938 0.06640625 0.59375 0.06640625 0.59375 0.06640625 0.59375 0.15625 0.6835938 0.06640625 0.6835938 0.06640625 0.59375 0.06640625 0.59375 0.15625 0.6835938 0.06640625 0.59375 0.06640625 0.59375 0.15625 0.59375 0.06640625 0.59375 0.15625 0.6835938 0.06640625 0.6835938 0.06640625 0.59375 0.06640625 0.59375 0.15625 0.6835938 0.06640625 0.59375 0.06640625 0.59375 0.15625 0.6835938 0.06640625 0.59375 0.06640625 0.59375 0.15625 0.6835938 0.06640625 0.59375 0.06640625 0.59375 0.15625 0.59375 0.15625 0.6835938 0.06640625 0.59375 0.06640625 0.6835938 0.06640625 0.59375 0.06640625 0.59375 0.15625 0.59375 0.15625 0.6835938 0.06640625 0.59375 0.06640625 0.59375 0.15625 0.6835938 0.06640625 0.59375 0.06640625 0.59375 0.15625 0.6835938 0.06640625 0.59375 0.06640625 0.6835938 0.06640625 0.59375 0.06640625 0.59375 0.15625 0.6835938 0.06640625 0.59375 0.06640625 0.59375 0.15625 0.6835938 0.06640625 0.59375 0.06640625 0.59375 0.15625 0.59375 0.15625 0.6835938 0.06640625 0.59375 0.06640625 0.59375 0.06640625 0.59375 0.15625 0.6835938 0.06640625 0.59375 0.15625 0.6835938 0.06640625 0.59375 0.06640625 0.59375 0.15625 0.6835938 0.06640625 0.59375 0.06640625 0.59375 0.06640625 0.59375 0.15625 0.6835938 0.06640625 0.59375 0.15625 0.6835938 0.06640625 0.59375 0.06640625 0.59375 0.15625 0.6835938 0.06640625 0.59375 0.06640625 0.59375 0.15625 0.6835938 0.06640625 0.59375 0.06640625 0.59375 0.15625 0.6835938 0.06640625 0.59375 0.06640625 0.6835938 0.06640625 0.59375 0.06640625 0.59375 0.15625 0.59375 0.15625 0.6835938 0.06640625 0.59375 0.06640625 0.6835938 0.06640625 0.59375 0.06640625 0.59375 0.15625 0.59375 0.15625 0.6835938 0.06640625 0.59375 0.06640625 0.59375 0.15625 0.6835938 0.06640625 0.59375 0.06640625 0.59375 0.15625 0.6835938 0.06640625 0.59375 0.06640625 0.6835938 0.06640625 0.59375 0.06640625 0.59375 0.15625 0.6835938 0.06640625 0.59375 0.06640625 0.59375 0.15625 0.6835938 0.06640625 0.59375 0.06640625 0.59375 0.15625 0.6835938 0.06640625 0.59375 0.06640625 0.59375 0.15625 0.6835938 0.06640625 0.59375 0.06640625 0.59375 0.15625 0.6835938 0.06640625 0.59375 0.06640625 0.59375 0.15625 0.6835938 0.06640625 0.59375 0.06640625 0.59375 0.15625 0.59375 0.06640625 0.59375 0.15625 0.6835938 0.06640625 0.59375 0.06640625 0.59375 0.15625 0.6835938 0.06640625 0.59375 0.06640625 0.59375 0.15625 0.6835938 0.06640625 0.59375 0.06640625 0.59375 0.15625 0.6835938 0.06640625 0.59375 0.06640625 0.59375 0.15625 0.6835938 0.06640625 0.6835938 0.06640625 0.59375 0.06640625 0.59375 0.15625 0.59375 0.06640625 0.59375 0.15625 0.6835938 0.06640625 0.59375 0.06640625 0.59375 0.15625 0.6835938 0.06640625 0.59375 0.15625 0.6835938 0.06640625 0.59375 0.06640625 0.59375 0.06640625 0.59375 0.15625 0.6835938 0.06640625 0.59375 0.06640625 0.59375 0.15625 0.6835938 0.06640625 0.59375 0.06640625 0.59375 0.15625 0.6835938 0.06640625 0.59375 0.06640625 0.59375 0.15625 0.6835938 0.06640625 0.59375 0.15625 0.6835938 0.06640625 0.59375 0.06640625 0.59375 0.15625 0.6835938 0.06640625 0.59375 0.06640625 0.59375 0.15625 0.6835938 0.06640625 0.59375 0.06640625 0.6835938 0.06640625 0.59375 0.06640625 0.59375 0.15625 0.6835938 0.06640625 0.59375 0.06640625 0.59375 0.15625 0.59375 0.15625 0.6835938 0.06640625 0.59375 0.06640625 0.59375 0.15625 0.6835938 0.06640625 0.59375 0.06640625 0.59375 0.15625 0.6835938 0.06640625 0.59375 0.06640625 0.6835938 0.06640625 0.59375 0.06640625 0.59375 0.15625 0.59375 0.15625 0.6835938 0.06640625 0.59375 0.06640625 0.6835938 0.06640625 0.59375 0.06640625 0.59375 0.15625 0.59375 0.15625 0.6835938 0.06640625 0.59375 0.06640625 0.59375 0.06640625 0.59375 0.15625 0.6835938 0.06640625 0.59375 0.15625 0.6835938 0.06640625 0.59375 0.06640625 0.6835938 0.06640625 0.59375 0.06640625 0.59375 0.15625 0.6835938 0.06640625 0.59375 0.06640625 0.59375 0.15625 0.59375 0.15625 0.6835938 0.06640625 0.59375 0.06640625 0.6835938 0.06640625 0.59375 0.06640625 0.59375 0.15625 0.59375 0.06640625 0.59375 0.15625 0.6835938 0.06640625 0.59375 0.06640625 0.59375 0.15625 0.6835938 0.06640625 0.59375 0.15625 0.6835938 0.06640625 0.59375 0.06640625 0.59375 0.06640625 0.59375 0.15625 0.6835938 0.06640625 0.6835938 0.06640625 0.59375 0.06640625 0.59375 0.15625 0.59375 0.06640625 0.59375 0.15625 0.6835938 0.06640625 0.59375 0.06640625 0.59375 0.15625 0.6835938 0.06640625 0.6835938 0.06640625 0.59375 0.06640625 0.59375 0.15625 0.59375 0.15625 0.6835938 0.06640625 0.59375 0.06640625 0.6835938 0.06640625 0.59375 0.06640625 0.59375 0.15625 0.6835938 0.06640625 0.59375 0.06640625 0.59375 0.15625 0.6835938 0.06640625 0.59375 0.06640625 0.59375 0.15625 0.59375 0.15625 0.6835938 0.06640625 0.59375 0.06640625 0.59375 0.06640625 0.59375 0.15625 0.6835938 0.06640625 0.59375 0.06640625 0.59375 0.15625 0.6835938 0.06640625 0.59375 0.06640625 0.59375 0.15625 0.6835938 0.06640625 0.59375 0.15625 0.6835938 0.06640625 0.59375 0.06640625 0.6835938 0.06640625 0.59375 0.06640625 0.59375 0.15625 0.6835938 0.06640625 0.59375 0.06640625 0.59375 0.15625 0.6835938 0.06640625 0.59375 0.06640625 0.59375 0.15625 0.59375 0.06640625 0.59375 0.15625 0.6835938 0.06640625 0.59375 0.15625 0.6835938 0.06640625 0.59375 0.06640625 0.59375 0.15625 0.6835938 0.06640625 0.59375 0.06640625 0.59375 0.06640625 0.59375 0.15625 0.6835938 0.06640625 0.6835938 0.06640625 0.59375 0.06640625 0.59375 0.15625 0.6835938 0.06640625 0.59375 0.06640625 0.59375 0.15625 0.6835938 0.06640625 0.59375 0.06640625 0.59375 0.15625 0.59375 0.15625 0.6835938 0.06640625 0.59375 0.06640625 0.59375 0.06640625 0.59375 0.15625 0.6835938 0.06640625 0.59375 0.15625 0.6835938 0.06640625 0.59375 0.06640625 0.59375 0.15625 0.6835938 0.06640625 0.59375 0.06640625 0.59375 0.15625 0.6835938 0.06640625 0.59375 0.06640625 0.59375 0.15625 0.6835938 0.06640625 0.59375 0.06640625 0.59375 0.06640625 0.59375 0.15625 0.6835938 0.06640625 0.59375 0.15625 0.6835938 0.06640625 0.59375 0.06640625 0.59375 0.15625 0.6835938 0.06640625 0.59375 0.06640625 0.59375 0.15625 0.6835938 0.06640625 0.59375 0.06640625 0.6835938 0.06640625 0.59375 0.06640625 0.59375 0.15625 0.59375 0.06640625 0.59375 0.15625 0.6835938 0.06640625 0.59375 0.15625 0.6835938 0.06640625 0.59375 0.06640625 0.59375 0.06640625 0.59375 0.15625 0.6835938 0.06640625 0.59375 0.15625 0.6835938 0.06640625 0.59375 0.06640625 0.59375 0.06640625 0.59375 0.15625 0.6835938 0.06640625 0.59375 0.06640625 0.59375 0.15625 0.6835938 0.06640625 0.59375 0.15625 0.6835938 0.06640625 0.59375 0.06640625 0.59375 0.06640625 0.59375 0.15625 0.6835938 0.06640625 0.59375 0.15625 0.6835938 0.06640625 0.59375 0.06640625 0.6835938 0.06640625 0.59375 0.06640625 0.59375 0.15625 0.59375 0.06640625 0.59375 0.15625 0.6835938 0.06640625 0.59375 0.15625 0.6835938 0.06640625 0.59375 0.06640625 0.6835938 0.06640625 0.59375 0.06640625 0.59375 0.15625 0.6835938 0.06640625 0.59375 0.06640625 0.59375 0.15625 0.59375 0.06640625 0.59375 0.15625 0.6835938 0.06640625 0.59375 0.15625 0.6835938 0.06640625 0.59375 0.06640625 0.59375 0.06640625 0.59375 0.15625 0.6835938 0.06640625 0.59375 0.06640625 0.59375 0.15625 0.6835938 0.06640625 0.6835938 0.06640625 0.59375 0.06640625 0.59375 0.15625 0.59375 0.15625 0.6835938 0.06640625 0.59375 0.06640625 0.6835938 0.06640625 0.59375 0.06640625 0.59375 0.15625 0.59375 0.15625 0.6835938 0.06640625 0.59375 0.06640625 0.59375 0.15625 0.6835938 0.06640625 0.59375 0.06640625 0.59375 0.15625 0.6835938 0.06640625 0.59375 0.06640625 0.59375 0.06640625 0.59375 0.15625 0.6835938 0.06640625 0.59375 0.15625 0.6835938 0.06640625 0.59375 0.06640625 0.59375 0.15625 0.6835938 0.06640625 0.59375 0.06640625 0.59375 0.15625 0.6835938 0.06640625 0.59375 0.06640625 0.59375 0.15625 0.6835938 0.06640625 0.59375 0.06640625 0.59375 0.15625 0.6835938 0.06640625 0.59375 0.06640625 0.59375 0.15625 0.6835938 0.06640625 0.59375 0.06640625 0.59375 0.15625 0.6835938 0.06640625 0.59375 0.06640625 0.6835938 0.06640625 0.59375 0.06640625 0.59375 0.15625 0.59375 0.15625 0.6835938 0.06640625 0.59375 0.06640625 0.59375 0.15625 0.6835938 0.06640625 0.59375 0.06640625 0.59375 0.15625 0.6835938 0.06640625 0.59375 0.06640625 0.59375 0.06640625 0.59375 0.15625 0.6835938 0.06640625 0.6835938 0.06640625 0.59375 0.06640625 0.59375 0.15625 0.6835938 0.06640625 0.59375 0.06640625 0.59375 0.15625 0.59375 0.15625 0.6835938 0.06640625 0.59375 0.06640625 0.59375 0.06640625 0.59375 0.15625 0.6835938 0.06640625 0.59375 0.15625 0.6835938 0.06640625 0.59375 0.06640625 0.59375 0.06640625 0.59375 0.15625 0.6835938 0.06640625 0.6835938 0.06640625 0.59375 0.06640625 0.59375 0.15625 0.59375 0.15625 0.6835938 0.06640625 0.59375 0.06640625 0.59375 0.15625 0.6835938 0.06640625 0.59375 0.06640625 0.59375 0.15625 0.6835938 0.06640625 0.59375 0.06640625 0.59375 0.15625 0.6835938 0.06640625 0.59375 0.06640625 0.59375 0.15625 0.6835938 0.06640625 0.59375 0.06640625 0.6835938 0.06640625 0.59375 0.06640625 0.59375 0.15625 0.6835938 0.06640625 0.59375 0.06640625 0.59375 0.15625 0.59375 0.06640625 0.59375 0.15625 0.6835938 0.06640625 0.6835938 0.06640625 0.59375 0.06640625 0.59375 0.15625 0.59375 0.06640625 0.59375 0.15625 0.6835938 0.06640625 0.59375 0.06640625 0.59375 0.15625 0.6835938 0.06640625 0.59375 0.06640625 0.59375 0.15625 0.6835938 0.06640625 0.59375 0.06640625 0.59375 0.15625 0.6835938 0.06640625 0.6835938 0.06640625 0.59375 0.06640625 0.59375 0.15625 0.59375 0.06640625 0.59375 0.15625 0.6835938 0.06640625 0.59375 0.06640625 0.59375 0.15625 0.6835938 0.06640625 0.59375 0.06640625 0.59375 0.15625 0.6835938 0.06640625 0.59375 0.15625 0.6835938 0.06640625 0.59375 0.06640625 0.6835938 0.06640625 0.59375 0.06640625 0.59375 0.15625 0.59375 0.15625 0.6835938 0.06640625 0.59375 0.06640625 0.6835938 0.06640625 0.59375 0.06640625 0.59375 0.15625 0.6835938 0.06640625 0.59375 0.06640625 0.59375 0.15625 0.6835938 0.06640625 0.59375 0.06640625 0.59375 0.15625 0.6835938 0.06640625 0.59375 0.06640625 0.59375 0.15625 0.6835938 0.06640625 0.59375 0.06640625 0.59375 0.15625 0.59375 0.15625 0.6835938 0.06640625 0.59375 0.06640625 0.6835938 0.06640625 0.59375 0.06640625 0.59375 0.15625 0.6835938 0.06640625 0.59375 0.06640625 0.59375 0.15625 0.59375 0.06640625 0.59375 0.15625 0.6835938 0.06640625 0.59375 0.06640625 0.59375 0.15625 0.6835938 0.06640625 0.6835938 0.06640625 0.59375 0.06640625 0.59375 0.15625 0.59375 0.06640625 0.59375 0.15625 0.6835938 0.06640625 0.59375 0.06640625 0.59375 0.15625 0.6835938 0.06640625 0.59375 0.06640625 0.59375 0.15625 0.6835938 0.06640625 0.59375 0.06640625 0.59375 0.15625 0.6835938 0.06640625 0.59375 0.15625 0.6835938 0.06640625 0.59375 0.06640625 0.59375 0.06640625 0.59375 0.15625 0.6835938 0.06640625 0.59375 0.15625 0.6835938 0.06640625 0.59375 0.06640625 0.59375 0.15625 0.6835938 0.06640625 0.59375 0.06640625 0.59375 0.15625 0.6835938 0.06640625 0.59375 0.06640625 0.59375 0.06640625 0.59375 0.15625 0.6835938 0.06640625 0.59375 0.06640625 0.59375 0.15625 0.6835938 0.06640625 0.59375 0.15625 0.6835938 0.06640625 0.59375 0.06640625 0.59375 0.15625 0.6835938 0.06640625 0.59375 0.06640625 0.6835938 0.06640625 0.59375 0.06640625 0.59375 0.15625 0.59375 0.15625 0.6835938 0.06640625 0.59375 0.06640625 0.59375 0.15625 0.6835938 0.06640625 0.59375 0.06640625 0.59375 0.15625 0.6835938 0.06640625 0.59375 0.06640625 0.59375 0.15625 0.6835938 0.06640625 0.59375 0.06640625 0.59375 0.15625 0.6835938 0.06640625 0.59375 0.06640625 0.59375 0.15625 0.6835938 0.06640625 0.59375 0.06640625 0.59375 0.15625 0.6835938 0.06640625 0.59375 0.06640625 0.59375 0.15625 0.6835938 0.06640625 0.59375 0.06640625 0.59375 0.15625 0.6835938 0.06640625 0.59375 0.06640625 0.59375 0.06640625 0.59375 0.15625 0.6835938 0.06640625 0.59375 0.15625 0.6835938 0.06640625 0.59375 0.06640625 0.59375 0.15625 0.6835938 0.06640625 0.59375 0.06640625 0.59375 0.15625 0.6835938 0.06640625 0.59375 0.06640625 0.59375 0.06640625 0.59375 0.15625 0.6835938 0.06640625 0.59375 0.06640625 0.59375 0.15625 0.6835938 0.06640625 0.59375 0.06640625 0.59375 0.15625 0.6835938 0.06640625 0.59375 0.06640625 0.59375 0.15625 0.6835938 0.06640625 0.59375 0.06640625 0.59375 0.15625 0.6835938 0.06640625 0.59375 0.06640625 0.59375 0.15625 0.6835938 0.06640625 0.59375 0.06640625 0.59375 0.15625 0.6835938 0.06640625 0.6835938 0.06640625 0.59375 0.06640625 0.59375 0.15625 0.6835938 0.06640625 0.59375 0.06640625 0.59375 0.15625 0.6835938 0.06640625 0.59375 0.06640625 0.59375 0.15625 0.6835938 0.06640625 0.59375 0.06640625 0.59375 0.15625 0.6835938 0.06640625 0.59375 0.06640625 0.59375 0.15625 0.59375 0.06640625 0.59375 0.15625 0.6835938 0.06640625 0.59375 0.06640625 0.59375 0.15625 0.6835938 0.06640625 0.6835938 0.06640625 0.59375 0.06640625 0.59375 0.15625 0.6835938 0.06640625 0.59375 0.06640625 0.59375 0.15625 0.59375 0.15625 0.6835938 0.06640625 0.59375 0.06640625 0.6835938 0.06640625 0.59375 0.06640625 0.59375 0.15625 0.59375 0.15625 0.6835938 0.06640625 0.59375 0.06640625 0.1523437 0.06640625 0.0625 0.06640625 0.0625 0.15625 0.0625 0.06640625 0.0625 0.15625 0.1523437 0.06640625 0.0625 0.15625 0.1523437 0.06640625 0.0625 0.06640625 0.0625 0.15625 0.1523437 0.06640625 0.0625 0.06640625 0.0625 0.15625 0.1523437 0.06640625 0.0625 0.06640625 0.0625 0.15625 0.1523437 0.06640625 0.0625 0.06640625 0.0625 0.15625 0.1523437 0.06640625 0.0625 0.06640625 0.0625 0.15625 0.1523437 0.06640625 0.0625 0.06640625 0.0625 0.15625 0.1523437 0.06640625 0.0625 0.06640625</float_array>
          <technique_common>
            <accessor source="#Mesh_0578Mesh_001-mesh-map-0-array" count="6453" stride="2">
              <param name="S" type="float"/>
              <param name="T" type="float"/>
            </accessor>
          </technique_common>
        </source>
        <vertices id="Mesh_0578Mesh_001-mesh-vertices">
          <input semantic="POSITION" source="#Mesh_0578Mesh_001-mesh-positions"/>
        </vertices>
        <triangles count="2151">
          <input semantic="VERTEX" source="#Mesh_0578Mesh_001-mesh-vertices" offset="0"/>
          <input semantic="NORMAL" source="#Mesh_0578Mesh_001-mesh-normals" offset="1"/>
          <input semantic="TEXCOORD" source="#Mesh_0578Mesh_001-mesh-map-0" offset="2" set="0"/>
          <p>0 0 0 1 1 1 2 2 2 2 2 3 1 1 4 3 3 5 5 4 6 6 5 7 7 5 8 7 5 9 6 5 10 8 4 11 9 6 12 10 7 13 11 8 14 11 8 15 10 7 16 12 9 17 13 10 18 14 11 19 15 12 20 15 12 21 14 11 22 16 13 23 17 14 24 18 15 25 19 16 26 19 16 27 18 15 28 20 17 29 21 18 30 22 19 31 23 20 32 23 20 33 22 19 34 24 21 35 25 22 36 26 22 37 27 22 38 27 22 39 26 22 40 28 22 41 29 23 42 30 24 43 31 25 44 31 25 45 30 24 46 32 26 47 33 27 48 34 27 49 35 27 50 35 27 51 34 27 52 36 27 53 37 28 54 38 29 55 39 30 56 39 30 57 38 29 58 40 31 59 41 32 60 42 33 61 43 34 62 43 34 63 42 33 64 44 35 65 45 36 66 46 37 67 47 38 68 47 38 69 46 37 70 48 39 71 49 40 72 50 41 73 51 42 74 51 42 75 50 41 76 52 43 77 53 44 78 54 45 79 55 46 80 55 46 81 54 45 82 56 47 83 57 48 84 58 49 85 59 50 86 59 50 87 58 49 88 60 51 89 61 52 90 62 53 91 63 54 92 63 54 93 62 53 94 64 55 95 65 56 96 66 57 97 67 58 98 67 58 99 66 57 100 68 59 101 69 60 102 70 61 103 71 62 104 71 62 105 70 61 106 72 63 107 73 64 108 74 65 109 75 66 110 75 66 111 74 65 112 76 67 113 77 68 114 78 69 115 79 70 116 79 70 117 78 69 118 80 71 119 81 72 120 82 73 121 83 74 122 83 74 123 82 73 124 84 75 125 85 76 126 86 77 127 87 78 128 87 78 129 86 77 130 88 79 131 89 80 132 90 81 133 91 82 134 91 82 135 90 81 136 92 83 137 93 84 138 94 85 139 95 86 140 95 86 141 94 85 142 96 87 143 97 88 144 98 88 145 99 88 146 99 88 147 98 88 148 100 88 149 101 89 150 102 90 151 103 91 152 103 91 153 102 90 154 104 92 155 105 93 156 106 94 157 107 95 158 107 95 159 106 94 160 108 96 161 109 97 162 110 98 163 111 99 164 111 99 165 110 98 166 112 100 167 113 101 168 114 102 169 115 103 170 115 103 171 114 102 172 116 104 173 117 105 174 118 106 175 119 107 176 119 107 177 118 106 178 120 108 179 121 109 180 122 110 181 123 111 182 123 111 183 122 110 184 124 112 185 125 113 186 126 114 187 127 115 188 127 115 189 126 114 190 128 116 191 129 117 192 130 118 193 131 119 194 131 119 195 130 118 196 132 120 197 133 121 198 134 122 199 135 123 200 135 123 201 134 122 202 136 88 203 137 88 204 138 124 205 139 125 206 139 125 207 138 124 208 140 126 209 141 127 210 142 128 211 143 129 212 143 129 213 142 128 214 144 130 215 145 131 216 146 132 217 147 133 218 147 133 219 146 132 220 148 134 221 149 135 222 150 136 223 151 137 224 151 137 225 150 136 226 152 138 227 153 139 228 154 140 229 155 141 230 155 141 231 154 140 232 156 142 233 157 143 234 158 144 235 159 145 236 159 145 237 158 144 238 160 146 239 161 147 240 162 148 241 163 149 242 163 149 243 162 148 244 164 150 245 165 151 246 166 152 247 167 153 248 167 153 249 166 152 250 168 154 251 169 155 252 170 156 253 171 157 254 171 157 255 170 156 256 172 158 257 173 159 258 174 159 259 175 159 260 175 159 261 174 159 262 176 159 263 177 160 264 178 161 265 179 162 266 179 162 267 178 161 268 180 163 269 181 164 270 182 165 271 183 166 272 183 166 273 182 165 274 184 167 275 185 168 276 186 169 277 187 170 278 187 170 279 186 169 280 188 171 281 189 172 282 190 173 283 191 174 284 191 174 285 190 173 286 192 175 287 193 176 288 194 177 289 195 178 290 195 178 291 194 177 292 196 179 293 197 180 294 198 181 295 199 182 296 199 182 297 198 181 298 200 183 299 201 184 300 202 185 301 203 186 302 203 186 303 202 185 304 204 88 305 205 187 306 206 188 307 207 189 308 207 189 309 206 188 310 208 190 311 209 172 312 210 191 313 211 192 314 211 192 315 210 191 316 212 193 317 213 194 318 214 195 319 215 196 320 215 196 321 214 195 322 216 196 323 217 197 324 218 198 325 219 199 326 219 199 327 218 198 328 220 200 329 221 201 330 222 202 331 223 201 332 223 201 333 222 202 334 224 202 335 225 203 336 226 204 337 227 205 338 227 205 339 226 204 340 228 206 341 229 207 342 230 208 343 231 209 344 231 209 345 230 208 346 232 210 347 233 211 348 234 212 349 235 213 350 235 213 351 234 212 352 236 214 353 237 215 354 238 216 355 239 217 356 239 217 357 238 216 358 240 218 359 241 219 360 242 220 361 243 221 362 243 221 363 242 220 364 244 222 365 245 223 366 246 224 367 247 225 368 247 225 369 246 224 370 248 226 371 249 227 372 250 227 373 251 227 374 251 227 375 250 227 376 252 227 377 253 228 378 254 229 379 255 229 380 255 229 381 254 229 382 256 228 383 257 230 384 258 231 385 259 232 386 259 232 387 258 231 388 260 233 389 261 234 390 262 234 391 263 234 392 263 234 393 262 234 394 264 234 395 265 235 396 266 236 397 267 237 398 267 237 399 266 236 400 268 238 401 269 239 402 270 240 403 271 241 404 271 241 405 270 240 406 272 242 407 273 243 408 274 244 409 275 245 410 275 245 411 274 244 412 276 246 413 277 247 414 278 248 415 279 249 416 279 249 417 278 248 418 280 250 419 281 251 420 282 252 421 283 253 422 283 253 423 282 252 424 284 254 425 285 255 426 286 256 427 287 257 428 287 257 429 286 256 430 288 88 431 289 258 432 290 259 433 291 260 434 291 260 435 290 259 436 292 261 437 293 262 438 294 263 439 295 264 440 295 264 441 294 263 442 296 265 443 297 266 444 298 267 445 299 268 446 299 268 447 298 267 448 300 269 449 301 270 450 302 271 451 303 272 452 303 272 453 302 271 454 304 272 455 305 273 456 306 274 457 307 275 458 307 275 459 306 274 460 308 276 461 309 277 462 310 278 463 311 277 464 311 277 465 310 278 466 312 278 467 313 279 468 314 280 469 315 281 470 315 281 471 314 280 472 316 282 473 317 283 474 318 284 475 319 285 476 319 285 477 318 284 478 320 286 479 321 287 480 322 288 481 323 289 482 323 289 483 322 288 484 324 290 485 325 291 486 326 292 487 327 293 488 327 293 489 326 292 490 328 294 491 329 68 492 330 295 493 331 296 494 331 296 495 330 295 496 332 297 497 333 298 498 334 299 499 335 300 500 335 300 501 334 299 502 336 301 503 337 302 504 338 303 505 339 304 506 339 304 507 338 303 508 340 305 509 341 306 510 342 306 511 343 306 512 343 306 513 342 306 514 344 306 515 345 307 516 346 308 517 347 309 518 347 309 519 346 308 520 348 310 521 349 311 522 350 312 523 351 313 524 351 313 525 350 312 526 352 314 527 353 315 528 354 316 529 355 317 530 355 317 531 354 316 532 356 318 533 357 319 534 358 320 535 359 321 536 359 321 537 358 320 538 360 322 539 361 323 540 362 324 541 363 325 542 363 325 543 362 324 544 364 326 545 365 327 546 366 328 547 367 329 548 367 329 549 366 328 550 368 330 551 369 331 552 370 332 553 371 333 554 371 333 555 370 332 556 372 334 557 373 335 558 374 336 559 375 337 560 375 337 561 374 336 562 376 338 563 377 339 564 378 340 565 379 341 566 379 341 567 378 340 568 380 342 569 381 343 570 382 343 571 383 343 572 383 343 573 382 343 574 384 343 575 385 344 576 386 345 577 387 346 578 387 346 579 386 345 580 388 347 581 389 348 582 390 349 583 391 350 584 391 350 585 390 349 586 392 351 587 393 352 588 394 353 589 395 354 590 395 354 591 394 353 592 396 355 593 397 356 594 398 357 595 399 358 596 399 358 597 398 357 598 400 359 599 401 360 600 402 361 601 403 362 602 403 362 603 402 361 604 404 363 605 405 364 606 406 365 607 407 366 608 407 366 609 406 365 610 408 367 611 409 368 612 410 369 613 411 370 614 411 370 615 410 369 616 412 371 617 413 372 618 414 373 619 415 374 620 415 374 621 414 373 622 416 375 623 417 376 624 418 377 625 419 378 626 419 378 627 418 377 628 420 379 629 421 380 630 422 381 631 423 382 632 423 382 633 422 381 634 424 382 635 425 383 636 426 384 637 427 385 638 427 385 639 426 384 640 428 386 641 429 387 642 430 388 643 431 387 644 431 387 645 430 388 646 432 388 647 433 389 648 434 390 649 435 391 650 435 391 651 434 390 652 436 392 653 437 393 654 438 394 655 439 395 656 439 395 657 438 394 658 440 396 659 441 397 660 442 398 661 443 399 662 443 399 663 442 398 664 444 400 665 445 401 666 446 402 667 447 403 668 447 403 669 446 402 670 448 404 671 449 405 672 450 406 673 451 407 674 451 407 675 450 406 676 452 408 677 453 409 678 454 410 679 455 411 680 455 411 681 454 410 682 456 412 683 457 413 684 458 414 685 459 415 686 459 415 687 458 414 688 460 416 689 461 417 690 462 418 691 463 419 692 463 419 693 462 418 694 464 420 695 465 421 696 466 422 697 467 423 698 467 423 699 466 422 700 468 424 701 469 425 702 470 426 703 471 427 704 471 427 705 470 426 706 472 428 707 473 306 708 474 306 709 475 306 710 475 306 711 474 306 712 476 306 713 477 429 714 478 430 715 479 431 716 479 431 717 478 430 718 480 432 719 481 433 720 482 434 721 483 435 722 483 435 723 482 434 724 484 436 725 485 437 726 486 438 727 487 439 728 487 439 729 486 438 730 488 440 731 489 441 732 490 442 733 491 443 734 491 443 735 490 442 736 492 444 737 493 445 738 494 446 739 495 447 740 495 447 741 494 446 742 496 448 743 497 449 744 498 450 745 499 451 746 499 451 747 498 450 748 500 452 749 501 453 750 502 454 751 503 455 752 503 455 753 502 454 754 504 456 755 505 457 756 506 458 757 507 459 758 507 459 759 506 458 760 508 460 761 509 461 762 510 462 763 511 463 764 511 463 765 510 462 766 512 464 767 513 465 768 514 466 769 515 467 770 515 467 771 514 466 772 516 468 773 517 469 774 518 470 775 519 471 776 519 471 777 518 470 778 520 472 779 521 473 780 522 474 781 523 475 782 523 475 783 522 474 784 524 476 785 525 477 786 526 478 787 527 479 788 527 479 789 526 478 790 528 480 791 529 481 792 530 482 793 531 483 794 531 483 795 530 482 796 532 484 797 533 485 798 534 486 799 535 487 800 535 487 801 534 486 802 536 488 803 537 489 804 538 490 805 539 491 806 539 491 807 538 490 808 540 492 809 541 493 810 542 494 811 543 495 812 543 495 813 542 494 814 544 496 815 545 497 816 546 498 817 547 499 818 547 499 819 546 498 820 548 500 821 549 501 822 550 502 823 551 503 824 551 503 825 550 502 826 552 504 827 553 505 828 554 506 829 555 507 830 555 507 831 554 506 832 556 508 833 557 509 834 558 510 835 559 511 836 559 511 837 558 510 838 560 512 839 561 513 840 562 514 841 563 515 842 563 515 843 562 514 844 564 516 845 565 371 846 566 517 847 567 518 848 567 518 849 566 517 850 568 519 851 569 520 852 570 521 853 571 522 854 571 522 855 570 521 856 572 371 857 573 523 858 574 524 859 575 525 860 575 525 861 574 524 862 576 526 863 577 527 864 578 528 865 579 529 866 579 529 867 578 528 868 580 530 869 581 531 870 582 532 871 583 533 872 583 533 873 582 532 874 584 534 875 585 535 876 586 536 877 587 537 878 587 537 879 586 536 880 588 538 881 589 40 882 590 539 883 591 540 884 591 540 885 590 539 886 592 541 887 593 542 888 594 543 889 595 544 890 595 544 891 594 543 892 596 545 893 597 546 894 598 546 895 599 546 896 599 546 897 598 546 898 600 546 899 601 547 900 602 548 901 603 549 902 603 549 903 602 548 904 604 550 905 605 551 906 606 552 907 607 553 908 607 553 909 606 552 910 608 554 911 609 555 912 610 556 913 611 557 914 611 557 915 610 556 916 612 558 917 613 559 918 614 560 919 615 561 920 615 561 921 614 560 922 616 562 923 617 563 924 618 564 925 619 565 926 619 565 927 618 564 928 620 566 929 621 567 930 622 568 931 623 569 932 623 569 933 622 568 934 624 371 935 625 570 936 626 571 937 627 572 938 627 572 939 626 571 940 628 573 941 629 574 942 630 575 943 631 576 944 631 576 945 630 575 946 632 577 947 633 559 948 634 578 949 635 579 950 635 579 951 634 578 952 636 580 953 637 581 954 638 582 955 639 583 956 639 583 957 638 582 958 640 583 959 641 584 960 642 585 961 643 586 962 643 586 963 642 585 964 644 587 965 645 588 966 646 589 967 647 588 968 647 588 969 646 589 970 648 589 971 649 590 972 650 591 973 651 592 974 651 592 975 650 591 976 652 593 977 653 594 978 654 595 979 655 596 980 655 596 981 654 595 982 656 597 983 657 598 984 658 599 985 659 599 986 659 599 987 658 599 988 660 598 989 661 600 990 662 601 991 663 602 992 663 602 993 662 601 994 664 603 995 665 604 996 666 605 997 667 606 998 667 606 999 666 605 1000 668 607 1001 669 608 1002 670 609 1003 671 610 1004 671 610 1005 670 609 1006 672 611 1007 673 612 1008 674 613 1009 675 614 1010 675 614 1011 674 613 1012 676 615 1013 677 616 1014 678 617 1015 679 618 1016 679 618 1017 678 617 1018 680 619 1019 681 620 1020 682 620 1021 683 620 1022 683 620 1023 682 620 1024 684 620 1025 685 621 1026 686 622 1027 687 623 1028 687 623 1029 686 622 1030 688 624 1031 689 22 1032 690 22 1033 691 22 1034 691 22 1035 690 22 1036 692 22 1037 693 625 1038 694 626 1039 695 627 1040 695 627 1041 694 626 1042 696 628 1043 697 629 1044 698 630 1045 699 631 1046 699 631 1047 698 630 1048 700 632 1049 701 633 1050 702 634 1051 703 635 1052 703 635 1053 702 634 1054 704 636 1055 705 637 1056 706 638 1057 707 639 1058 707 639 1059 706 638 1060 708 640 1061 709 143 1062 710 641 1063 711 642 1064 711 642 1065 710 641 1066 712 643 1067 713 644 1068 714 645 1069 715 646 1070 715 646 1071 714 645 1072 716 647 1073 717 648 1074 718 649 1075 719 650 1076 719 650 1077 718 649 1078 720 651 1079 721 652 1080 722 653 1081 723 654 1082 723 654 1083 722 653 1084 724 655 1085 725 409 1086 726 656 1087 727 657 1088 727 657 1089 726 656 1090 728 658 1091 729 659 1092 730 660 1093 731 661 1094 731 661 1095 730 660 1096 732 662 1097 733 663 1098 734 664 1099 735 665 1100 735 665 1101 734 664 1102 736 666 1103 737 371 1104 738 371 1105 739 371 1106 739 371 1107 738 371 1108 740 371 1109 741 667 1110 742 668 1111 743 669 1112 743 669 1113 742 668 1114 744 670 1115 745 671 1116 746 672 1117 747 673 1118 747 673 1119 746 672 1120 748 674 1121 749 675 1122 750 676 1123 751 677 1124 751 677 1125 750 676 1126 752 678 1127 753 679 1128 754 680 1129 755 681 1130 755 681 1131 754 680 1132 756 682 1133 757 683 1134 758 684 1135 759 685 1136 759 685 1137 758 684 1138 760 686 1139 761 445 1140 762 687 1141 763 688 1142 763 688 1143 762 687 1144 764 689 1145 765 690 1146 766 691 1147 767 692 1148 767 692 1149 766 691 1150 768 693 1151 769 694 1152 770 695 1153 771 696 1154 771 696 1155 770 695 1156 772 697 1157 773 698 1158 774 699 1159 775 700 1160 775 700 1161 774 699 1162 776 701 1163 777 702 1164 778 703 1165 779 704 1166 779 704 1167 778 703 1168 780 705 1169 781 706 1170 782 707 1171 783 708 1172 783 708 1173 782 707 1174 784 709 1175 785 710 1176 786 711 1177 787 712 1178 787 712 1179 786 711 1180 788 713 1181 789 714 1182 790 715 1183 791 716 1184 791 716 1185 790 715 1186 792 717 1187 793 718 1188 794 719 1189 795 720 1190 795 720 1191 794 719 1192 796 721 1193 797 722 1194 798 723 1195 799 724 1196 799 724 1197 798 723 1198 800 725 1199 801 726 1200 802 727 1201 803 727 1202 803 727 1203 802 727 1204 804 726 1205 805 227 1206 806 227 1207 807 227 1208 807 227 1209 806 227 1210 808 227 1211 809 728 1212 810 728 1213 811 728 1214 811 728 1215 810 728 1216 812 728 1217 813 728 1218 814 728 1219 815 728 1220 815 728 1221 814 728 1222 816 728 1223 817 728 1224 818 728 1225 819 728 1226 819 728 1227 818 728 1228 820 728 1229 821 728 1230 822 728 1231 823 728 1232 823 728 1233 822 728 1234 824 728 1235 825 728 1236 826 728 1237 827 728 1238 827 728 1239 826 728 1240 828 728 1241 829 728 1242 830 728 1243 831 728 1244 831 728 1245 830 728 1246 832 728 1247 833 728 1248 834 728 1249 835 728 1250 835 728 1251 834 728 1252 836 728 1253 837 728 1254 838 728 1255 839 728 1256 839 728 1257 838 728 1258 840 728 1259 841 728 1260 842 728 1261 843 728 1262 843 728 1263 842 728 1264 844 728 1265 845 728 1266 846 728 1267 847 728 1268 847 728 1269 846 728 1270 848 728 1271 849 728 1272 850 728 1273 851 728 1274 851 728 1275 850 728 1276 852 728 1277 853 728 1278 854 728 1279 855 728 1280 855 728 1281 854 728 1282 856 728 1283 857 728 1284 858 728 1285 859 728 1286 859 728 1287 858 728 1288 860 728 1289 861 728 1290 862 728 1291 863 728 1292 863 728 1293 862 728 1294 864 728 1295 865 728 1296 866 728 1297 867 728 1298 867 728 1299 866 728 1300 868 728 1301 869 728 1302 870 728 1303 871 728 1304 871 728 1305 870 728 1306 872 728 1307 873 728 1308 874 728 1309 875 728 1310 875 728 1311 874 728 1312 876 728 1313 877 728 1314 878 728 1315 879 728 1316 879 728 1317 878 728 1318 880 728 1319 881 728 1320 882 728 1321 883 728 1322 883 728 1323 882 728 1324 884 728 1325 885 728 1326 886 728 1327 887 728 1328 887 728 1329 886 728 1330 888 728 1331 889 728 1332 890 728 1333 891 728 1334 891 728 1335 890 728 1336 892 728 1337 893 728 1338 894 728 1339 895 728 1340 895 728 1341 894 728 1342 896 728 1343 897 728 1344 898 728 1345 899 728 1346 899 728 1347 898 728 1348 900 728 1349 901 728 1350 902 728 1351 903 728 1352 903 728 1353 902 728 1354 904 728 1355 905 729 1356 906 730 1357 907 730 1358 907 730 1359 906 730 1360 908 729 1361 909 731 1362 910 732 1363 911 732 1364 911 732 1365 910 732 1366 912 731 1367 913 733 1368 914 734 1369 915 734 1370 915 734 1371 914 734 1372 916 733 1373 917 735 1374 918 736 1375 919 736 1376 919 736 1377 918 736 1378 920 735 1379 921 737 1380 922 738 1381 923 738 1382 923 738 1383 922 738 1384 924 737 1385 925 739 1386 926 740 1387 927 740 1388 927 740 1389 926 740 1390 928 739 1391 929 741 1392 930 742 1393 931 742 1394 931 742 1395 930 742 1396 932 741 1397 933 743 1398 934 744 1399 935 744 1400 935 744 1401 934 744 1402 936 743 1403 937 745 1404 938 746 1405 939 746 1406 939 746 1407 938 746 1408 940 745 1409 941 747 1410 942 748 1411 943 748 1412 943 748 1413 942 748 1414 944 747 1415 945 749 1416 946 750 1417 947 750 1418 947 750 1419 946 750 1420 948 749 1421 949 751 1422 950 752 1423 951 752 1424 951 752 1425 950 752 1426 952 751 1427 953 753 1428 954 754 1429 955 754 1430 955 754 1431 954 754 1432 956 753 1433 957 755 1434 958 756 1435 959 756 1436 959 756 1437 958 756 1438 960 755 1439 961 757 1440 962 758 1441 963 758 1442 963 758 1443 962 758 1444 964 757 1445 965 759 1446 966 760 1447 967 760 1448 967 760 1449 966 760 1450 968 759 1451 969 761 1452 970 762 1453 971 762 1454 971 762 1455 970 762 1456 972 761 1457 973 763 1458 974 764 1459 975 764 1460 975 764 1461 974 764 1462 976 763 1463 977 765 1464 978 766 1465 979 766 1466 979 766 1467 978 766 1468 980 765 1469 981 767 1470 982 768 1471 983 768 1472 983 768 1473 982 768 1474 984 767 1475 985 769 1476 986 770 1477 987 770 1478 987 770 1479 986 770 1480 988 769 1481 989 771 1482 990 772 1483 991 772 1484 991 772 1485 990 772 1486 992 771 1487 993 773 1488 994 774 1489 995 774 1490 995 774 1491 994 774 1492 996 773 1493 997 775 1494 998 776 1495 999 776 1496 999 776 1497 998 776 1498 1000 775 1499 1001 777 1500 1002 778 1501 1003 779 1502 1003 779 1503 1002 778 1504 1004 620 1505 1005 780 1506 1006 781 1507 1007 782 1508 1007 782 1509 1006 781 1510 1008 783 1511 1009 784 1512 1010 785 1513 1011 786 1514 1011 786 1515 1010 785 1516 1012 787 1517 1013 788 1518 1014 789 1519 1015 790 1520 1015 790 1521 1014 789 1522 1016 791 1523 1017 792 1524 1018 793 1525 1019 794 1526 1019 794 1527 1018 793 1528 1020 795 1529 1021 796 1530 1022 797 1531 1023 798 1532 1023 798 1533 1022 797 1534 1024 799 1535 1025 800 1536 1026 801 1537 1027 802 1538 1027 802 1539 1026 801 1540 1028 803 1541 1029 804 1542 1030 805 1543 1031 806 1544 1031 806 1545 1030 805 1546 1032 807 1547 1033 808 1548 1034 809 1549 1035 810 1550 1035 810 1551 1034 809 1552 1036 811 1553 1037 812 1554 1038 813 1555 1039 814 1556 1039 814 1557 1038 813 1558 1040 731 1559 1041 729 1560 1042 729 1561 1043 729 1562 1043 729 1563 1042 729 1564 1044 729 1565 1045 769 1566 1046 769 1567 1047 769 1568 1047 769 1569 1046 769 1570 1048 769 1571 1049 815 1572 1050 816 1573 1051 817 1574 1051 817 1575 1050 816 1576 1052 818 1577 1053 819 1578 1054 820 1579 1055 821 1580 1055 821 1581 1054 820 1582 1056 822 1583 1057 823 1584 1058 824 1585 1059 825 1586 1059 825 1587 1058 824 1588 1060 826 1589 1061 827 1590 1062 828 1591 1063 829 1592 1063 829 1593 1062 828 1594 1064 830 1595 1065 831 1596 1066 832 1597 1067 833 1598 1067 833 1599 1066 832 1600 1068 834 1601 1069 835 1602 1070 836 1603 1071 837 1604 1071 837 1605 1070 836 1606 1072 838 1607 1073 839 1608 1074 840 1609 1075 841 1610 1075 841 1611 1074 840 1612 1076 842 1613 1077 843 1614 1078 844 1615 1079 845 1616 1079 845 1617 1078 844 1618 1080 846 1619 1081 847 1620 1082 848 1621 1083 849 1622 1083 849 1623 1082 848 1624 1084 850 1625 1085 851 1626 1086 852 1627 1087 853 1628 1087 853 1629 1086 852 1630 1088 854 1631 1089 855 1632 1090 856 1633 1091 857 1634 1091 857 1635 1090 856 1636 1092 858 1637 1093 859 1638 1094 860 1639 1095 861 1640 1095 861 1641 1094 860 1642 1096 862 1643 1097 863 1644 1098 864 1645 1099 865 1646 1099 865 1647 1098 864 1648 1100 866 1649 1101 867 1650 1102 868 1651 1103 869 1652 1103 869 1653 1102 868 1654 1104 870 1655 1105 871 1656 1106 872 1657 1107 873 1658 1107 873 1659 1106 872 1660 1108 874 1661 1109 875 1662 1110 876 1663 1111 877 1664 1111 877 1665 1110 876 1666 1112 878 1667 1113 879 1668 1114 880 1669 1115 881 1670 1115 881 1671 1114 880 1672 1116 882 1673 1117 883 1674 1118 884 1675 1119 885 1676 1119 885 1677 1118 884 1678 1120 886 1679 1121 887 1680 1122 888 1681 1123 889 1682 1123 889 1683 1122 888 1684 1124 890 1685 1125 891 1686 1126 892 1687 1127 893 1688 1127 893 1689 1126 892 1690 1128 894 1691 1129 895 1692 1130 896 1693 1131 897 1694 1131 897 1695 1130 896 1696 1132 898 1697 1133 899 1698 1134 900 1699 1135 901 1700 1135 901 1701 1134 900 1702 1136 902 1703 1137 903 1704 1138 904 1705 1139 905 1706 1139 905 1707 1138 904 1708 1140 906 1709 1141 907 1710 1142 908 1711 1143 909 1712 1143 909 1713 1142 908 1714 1144 910 1715 1145 911 1716 1146 912 1717 1147 913 1718 1147 913 1719 1146 912 1720 1148 914 1721 1149 915 1722 1150 916 1723 1151 917 1724 1151 917 1725 1150 916 1726 1152 918 1727 1153 919 1728 1154 920 1729 1155 921 1730 1155 921 1731 1154 920 1732 1156 922 1733 1157 923 1734 1158 924 1735 1159 925 1736 1159 925 1737 1158 924 1738 1160 926 1739 1161 927 1740 1162 928 1741 1163 929 1742 1163 929 1743 1162 928 1744 1164 930 1745 1165 931 1746 1166 932 1747 1167 933 1748 1167 933 1749 1166 932 1750 1168 934 1751 1169 935 1752 1170 936 1753 1171 937 1754 1171 937 1755 1170 936 1756 1172 938 1757 1173 939 1758 1174 940 1759 1175 941 1760 1175 941 1761 1174 940 1762 1176 942 1763 1177 943 1764 1178 944 1765 1179 945 1766 1179 945 1767 1178 944 1768 1180 946 1769 1181 947 1770 1182 948 1771 1183 949 1772 1183 949 1773 1182 948 1774 1184 950 1775 1185 951 1776 1186 952 1777 1187 953 1778 1187 953 1779 1186 952 1780 1188 954 1781 1189 955 1782 1190 956 1783 1191 957 1784 1191 957 1785 1190 956 1786 1192 958 1787 1193 959 1788 1194 960 1789 1195 961 1790 1195 961 1791 1194 960 1792 1196 962 1793 1197 963 1794 1198 964 1795 1199 965 1796 1199 965 1797 1198 964 1798 1200 966 1799 1201 967 1800 1202 968 1801 1203 969 1802 1203 969 1803 1202 968 1804 1204 970 1805 1205 971 1806 1206 972 1807 1207 973 1808 1207 973 1809 1206 972 1810 1208 974 1811 1209 975 1812 1210 976 1813 1211 977 1814 1211 977 1815 1210 976 1816 1212 978 1817 1213 979 1818 1214 980 1819 1215 981 1820 1215 981 1821 1214 980 1822 1216 982 1823 1217 983 1824 1218 984 1825 1219 985 1826 1219 985 1827 1218 984 1828 1220 986 1829 1221 987 1830 1222 988 1831 1223 989 1832 1223 989 1833 1222 988 1834 1224 990 1835 1225 991 1836 1226 992 1837 1227 993 1838 1227 993 1839 1226 992 1840 1228 994 1841 1229 995 1842 1230 996 1843 1231 997 1844 1231 997 1845 1230 996 1846 1232 998 1847 1233 999 1848 1234 1000 1849 1235 1001 1850 1235 1001 1851 1234 1000 1852 1236 1002 1853 1237 1003 1854 1238 1004 1855 1239 1005 1856 1239 1005 1857 1238 1004 1858 1240 1006 1859 1241 1007 1860 1242 1008 1861 1243 1009 1862 1243 1009 1863 1242 1008 1864 1244 1010 1865 1245 1011 1866 1246 1012 1867 1247 1013 1868 1247 1013 1869 1246 1012 1870 1248 1014 1871 1249 1015 1872 1250 1016 1873 1251 1017 1874 1251 1017 1875 1250 1016 1876 1252 1018 1877 1253 1019 1878 1254 1020 1879 1255 1021 1880 1255 1021 1881 1254 1020 1882 1256 1022 1883 1257 1023 1884 1258 1024 1885 1259 1025 1886 1259 1025 1887 1258 1024 1888 1260 1026 1889 1261 1027 1890 1262 1028 1891 1263 1029 1892 1263 1029 1893 1262 1028 1894 1264 1030 1895 1265 1031 1896 1266 1032 1897 1267 1033 1898 1267 1033 1899 1266 1032 1900 1268 1034 1901 1269 1035 1902 1270 1036 1903 1271 1037 1904 1271 1037 1905 1270 1036 1906 1272 1038 1907 1273 1039 1908 1274 1040 1909 1275 1041 1910 1275 1041 1911 1274 1040 1912 1276 1042 1913 1277 1043 1914 1278 1044 1915 1279 1045 1916 1279 1045 1917 1278 1044 1918 1280 1046 1919 1281 1047 1920 1282 1048 1921 1283 1049 1922 1283 1049 1923 1282 1048 1924 1284 1050 1925 1285 1051 1926 1286 1052 1927 1287 1053 1928 1287 1053 1929 1286 1052 1930 1288 1054 1931 1289 971 1932 1290 1055 1933 1291 1056 1934 1291 1056 1935 1290 1055 1936 1292 1057 1937 1293 1058 1938 1294 1059 1939 1295 1060 1940 1295 1060 1941 1294 1059 1942 1296 1061 1943 1297 1062 1944 1298 1063 1945 1299 1064 1946 1299 1064 1947 1298 1063 1948 1300 1065 1949 1301 851 1950 1302 1066 1951 1303 1067 1952 1303 1067 1953 1302 1066 1954 1304 1068 1955 1305 1069 1956 1306 1070 1957 1307 1071 1958 1307 1071 1959 1306 1070 1960 1308 1072 1961 1309 1073 1962 1310 1074 1963 1311 1075 1964 1311 1075 1965 1310 1074 1966 1312 1076 1967 1313 1077 1968 1314 1078 1969 1315 1079 1970 1315 1079 1971 1314 1078 1972 1316 1080 1973 1317 1081 1974 1318 1082 1975 1319 1083 1976 1319 1083 1977 1318 1082 1978 1320 1084 1979 1321 1085 1980 1322 1086 1981 1323 1087 1982 1323 1087 1983 1322 1086 1984 1324 1088 1985 1325 863 1986 1326 1089 1987 1327 1090 1988 1327 1090 1989 1326 1089 1990 1328 1091 1991 1329 1092 1992 1330 1093 1993 1331 1094 1994 1331 1094 1995 1330 1093 1996 1332 1095 1997 1333 1096 1998 1334 1097 1999 1335 1098 2000 1335 1098 2001 1334 1097 2002 1336 1099 2003 1337 1100 2004 1338 1101 2005 1339 1102 2006 1339 1102 2007 1338 1101 2008 1340 1103 2009 1341 1104 2010 1342 1105 2011 1343 1106 2012 1343 1106 2013 1342 1105 2014 1344 1107 2015 1345 1108 2016 1346 1109 2017 1347 1110 2018 1347 1110 2019 1346 1109 2020 1348 1111 2021 1349 1112 2022 1350 1113 2023 1351 1114 2024 1351 1114 2025 1350 1113 2026 1352 1115 2027 1353 1116 2028 1354 1117 2029 1355 1118 2030 1355 1118 2031 1354 1117 2032 1356 1119 2033 1357 1120 2034 1358 1121 2035 1359 1122 2036 1359 1122 2037 1358 1121 2038 1360 1123 2039 1361 1124 2040 1362 1125 2041 1363 1126 2042 1363 1126 2043 1362 1125 2044 1364 1127 2045 1365 1128 2046 1366 1129 2047 1367 1130 2048 1367 1130 2049 1366 1129 2050 1368 1131 2051 1369 1132 2052 1370 1133 2053 1371 1133 2054 1371 1133 2055 1370 1133 2056 1372 1132 2057 1373 1134 2058 1374 1135 2059 1375 1136 2060 1375 1136 2061 1374 1135 2062 1376 1137 2063 1377 1138 2064 1378 1139 2065 1379 1140 2066 1379 1140 2067 1378 1139 2068 1380 1141 2069 1381 1142 2070 1382 1143 2071 1383 1144 2072 1383 1144 2073 1382 1143 2074 1384 1145 2075 1385 1146 2076 1386 1147 2077 1387 1148 2078 1387 1148 2079 1386 1147 2080 1388 1149 2081 1389 1150 2082 1390 1151 2083 1391 1151 2084 1391 1151 2085 1390 1151 2086 1392 1150 2087 1393 1152 2088 1394 1153 2089 1395 1154 2090 1395 1154 2091 1394 1153 2092 1396 1155 2093 1397 1156 2094 1398 1157 2095 1399 1158 2096 1399 1158 2097 1398 1157 2098 1400 1159 2099 1401 1160 2100 1402 1161 2101 1403 1162 2102 1403 1162 2103 1402 1161 2104 1404 1163 2105 1405 1164 2106 1406 1165 2107 1407 1166 2108 1407 1166 2109 1406 1165 2110 1408 1167 2111 1409 1168 2112 1410 1169 2113 1411 1169 2114 1411 1169 2115 1410 1169 2116 1412 1168 2117 1413 1170 2118 1414 1171 2119 1415 1172 2120 1415 1172 2121 1414 1171 2122 1416 1173 2123 1417 1174 2124 1418 1175 2125 1419 1176 2126 1419 1176 2127 1418 1175 2128 1420 1177 2129 1421 1178 2130 1422 1179 2131 1423 1180 2132 1423 1180 2133 1422 1179 2134 1424 1181 2135 1425 1182 2136 1426 1183 2137 1427 1184 2138 1427 1184 2139 1426 1183 2140 1428 1185 2141 1429 1186 2142 1430 1186 2143 1431 1187 2144 1431 1187 2145 1430 1186 2146 1432 1187 2147 1433 1188 2148 1434 1189 2149 1435 1190 2150 1435 1190 2151 1434 1189 2152 1436 1191 2153 1437 1192 2154 1438 1193 2155 1439 1194 2156 1439 1194 2157 1438 1193 2158 1440 1195 2159 1441 1196 2160 1442 1197 2161 1443 1198 2162 1443 1198 2163 1442 1197 2164 1444 1199 2165 1445 1200 2166 1446 1201 2167 1447 1202 2168 1447 1202 2169 1446 1201 2170 1448 1203 2171 1449 1204 2172 1450 1204 2173 1451 1205 2174 1451 1205 2175 1450 1204 2176 1452 1205 2177 1453 1206 2178 1454 1207 2179 1455 1208 2180 1455 1208 2181 1454 1207 2182 1456 1209 2183 1457 1210 2184 1458 1211 2185 1459 1212 2186 1459 1212 2187 1458 1211 2188 1460 1213 2189 1461 1214 2190 1462 1215 2191 1463 1216 2192 1463 1216 2193 1462 1215 2194 1464 1217 2195 1465 1218 2196 1466 1219 2197 1467 1220 2198 1467 1220 2199 1466 1219 2200 1468 1221 2201 1469 1222 2202 1470 1223 2203 1471 1223 2204 1471 1223 2205 1470 1223 2206 1472 1222 2207 1473 1224 2208 1474 1225 2209 1475 1226 2210 1475 1226 2211 1474 1225 2212 1476 1227 2213 1477 1228 2214 1478 1229 2215 1479 1230 2216 1479 1230 2217 1478 1229 2218 1480 1231 2219 1481 1232 2220 1482 1233 2221 1483 1234 2222 1483 1234 2223 1482 1233 2224 1484 1235 2225 1485 1236 2226 1486 1237 2227 1487 1238 2228 1487 1238 2229 1486 1237 2230 1488 1239 2231 1489 1240 2232 1490 1240 2233 1491 1241 2234 1491 1241 2235 1490 1240 2236 1492 1241 2237 1493 1242 2238 1494 1243 2239 1495 1244 2240 1495 1244 2241 1494 1243 2242 1496 1245 2243 1497 1246 2244 1498 1247 2245 1499 1248 2246 1499 1248 2247 1498 1247 2248 1500 1249 2249 1501 1250 2250 1502 1251 2251 1503 1252 2252 1503 1252 2253 1502 1251 2254 1504 1253 2255 1505 1254 2256 1506 1255 2257 1507 1256 2258 1507 1256 2259 1506 1255 2260 1508 1257 2261 1509 1258 2262 1510 1259 2263 1511 1259 2264 1511 1259 2265 1510 1259 2266 1512 1258 2267 1513 1260 2268 1514 1261 2269 1515 1262 2270 1515 1262 2271 1514 1261 2272 1516 1263 2273 1517 1264 2274 1518 1265 2275 1519 1266 2276 1519 1266 2277 1518 1265 2278 1520 1267 2279 1521 1268 2280 1522 1269 2281 1523 1270 2282 1523 1270 2283 1522 1269 2284 1524 1271 2285 1525 1272 2286 1526 1273 2287 1527 1274 2288 1527 1274 2289 1526 1273 2290 1528 1275 2291 1529 1276 2292 1530 1277 2293 1531 1277 2294 1531 1277 2295 1530 1277 2296 1532 1276 2297 1533 1278 2298 1534 1279 2299 1535 1280 2300 1535 1280 2301 1534 1279 2302 1536 1281 2303 1537 1282 2304 1538 1283 2305 1539 1284 2306 1539 1284 2307 1538 1283 2308 1540 1285 2309 1541 1286 2310 1542 1287 2311 1543 1288 2312 1543 1288 2313 1542 1287 2314 1544 1289 2315 1545 1290 2316 1546 1291 2317 1547 1292 2318 1547 1292 2319 1546 1291 2320 1548 1293 2321 1549 1294 2322 1550 1294 2323 1551 1295 2324 1551 1295 2325 1550 1294 2326 1552 1295 2327 1553 1296 2328 1554 1297 2329 1555 1298 2330 1555 1298 2331 1554 1297 2332 1556 1299 2333 1557 1300 2334 1558 1301 2335 1559 1302 2336 1559 1302 2337 1558 1301 2338 1560 1303 2339 1561 1304 2340 1562 1305 2341 1563 1306 2342 1563 1306 2343 1562 1305 2344 1564 1307 2345 1565 1308 2346 1566 1309 2347 1567 1310 2348 1567 1310 2349 1566 1309 2350 1568 1311 2351 1569 1312 2352 1570 1313 2353 1571 1313 2354 1571 1313 2355 1570 1313 2356 1572 1312 2357 1573 1314 2358 1574 1315 2359 1575 1316 2360 1575 1316 2361 1574 1315 2362 1576 1317 2363 1577 1318 2364 1578 1319 2365 1579 1320 2366 1579 1320 2367 1578 1319 2368 1580 1321 2369 1581 1322 2370 1582 1323 2371 1583 1324 2372 1583 1324 2373 1582 1323 2374 1584 1325 2375 1585 1326 2376 1586 1327 2377 1587 1328 2378 1587 1328 2379 1586 1327 2380 1588 1329 2381 1589 1330 2382 1590 1331 2383 1591 1331 2384 1591 1331 2385 1590 1331 2386 1592 1330 2387 1593 1332 2388 1594 1332 2389 1595 1332 2390 1595 1332 2391 1594 1332 2392 1596 1332 2393 1597 1333 2394 1598 1333 2395 1599 1333 2396 1599 1333 2397 1598 1333 2398 1600 1333 2399 1601 1334 2400 1602 1334 2401 1603 1334 2402 1603 1334 2403 1602 1334 2404 1604 1334 2405 1605 1335 2406 1606 1335 2407 1607 1335 2408 1607 1335 2409 1606 1335 2410 1608 1335 2411 1609 1336 2412 1610 1336 2413 1611 1336 2414 1611 1336 2415 1610 1336 2416 1612 1336 2417 1613 1337 2418 1614 1337 2419 1615 1337 2420 1615 1337 2421 1614 1337 2422 1616 1337 2423 1617 1338 2424 1618 1338 2425 1619 1338 2426 1619 1338 2427 1618 1338 2428 1620 1338 2429 1621 1339 2430 1622 1339 2431 1623 1339 2432 1623 1339 2433 1622 1339 2434 1624 1339 2435 1625 1340 2436 1626 1341 2437 1627 1341 2438 1627 1341 2439 1626 1341 2440 1628 1340 2441 1629 1342 2442 1630 1342 2443 1631 1342 2444 1631 1342 2445 1630 1342 2446 1632 1342 2447 1633 1343 2448 1634 1343 2449 1635 1343 2450 1635 1343 2451 1634 1343 2452 1636 1343 2453 1637 1344 2454 1638 1345 2455 1639 1345 2456 1639 1345 2457 1638 1345 2458 1640 1344 2459 1641 1346 2460 1642 1346 2461 1643 1346 2462 1643 1346 2463 1642 1346 2464 1644 1346 2465 1645 1347 2466 1646 1347 2467 1647 1347 2468 1647 1347 2469 1646 1347 2470 1648 1347 2471 1649 1348 2472 1650 1349 2473 1651 1349 2474 1651 1349 2475 1650 1349 2476 1652 1348 2477 1653 1350 2478 1654 1350 2479 1655 1350 2480 1655 1350 2481 1654 1350 2482 1656 1350 2483 1657 1351 2484 1658 1351 2485 1659 1351 2486 1659 1351 2487 1658 1351 2488 1660 1351 2489 1661 1352 2490 1662 1353 2491 1663 1353 2492 1663 1353 2493 1662 1353 2494 1664 1352 2495 1665 1354 2496 1666 1354 2497 1667 1354 2498 1667 1354 2499 1666 1354 2500 1668 1354 2501 1669 1355 2502 1670 1355 2503 1671 1355 2504 1671 1355 2505 1670 1355 2506 1672 1355 2507 1673 728 2508 1674 728 2509 1675 728 2510 1675 728 2511 1674 728 2512 1676 728 2513 1677 728 2514 1678 728 2515 1679 728 2516 1679 728 2517 1678 728 2518 1680 728 2519 1681 728 2520 1682 728 2521 1683 728 2522 1683 728 2523 1682 728 2524 1684 728 2525 1685 1356 2526 1686 1356 2527 1687 1356 2528 1687 1356 2529 1686 1356 2530 1688 1356 2531 1689 1356 2532 1690 1356 2533 1691 1356 2534 1691 1356 2535 1690 1356 2536 1692 1356 2537 1693 1356 2538 1694 1356 2539 1695 1356 2540 1695 1356 2541 1694 1356 2542 1696 1356 2543 1697 1356 2544 1698 1356 2545 1699 1356 2546 1699 1356 2547 1698 1356 2548 1700 1356 2549 1701 728 2550 1702 728 2551 1703 728 2552 1703 728 2553 1702 728 2554 1704 728 2555 1705 1356 2556 1706 1356 2557 1707 1356 2558 1707 1356 2559 1706 1356 2560 1708 1356 2561 1709 1357 2562 1710 1358 2563 1711 1358 2564 1711 1358 2565 1710 1358 2566 1712 1357 2567 1713 728 2568 1714 728 2569 1715 728 2570 1715 728 2571 1714 728 2572 1716 728 2573 1717 728 2574 1718 728 2575 1719 728 2576 1719 728 2577 1718 728 2578 1720 728 2579 1721 728 2580 1722 728 2581 1723 728 2582 1723 728 2583 1722 728 2584 1724 728 2585 1725 1356 2586 1726 1356 2587 1727 1356 2588 1727 1356 2589 1726 1356 2590 1728 1356 2591 1729 1356 2592 1730 1356 2593 1731 1356 2594 1731 1356 2595 1730 1356 2596 1732 1356 2597 1733 1356 2598 1734 1356 2599 1735 1356 2600 1735 1356 2601 1734 1356 2602 1736 1356 2603 1737 728 2604 1738 728 2605 1739 728 2606 1739 728 2607 1738 728 2608 1740 728 2609 1741 1356 2610 1742 1356 2611 1743 1356 2612 1743 1356 2613 1742 1356 2614 1744 1356 2615 1745 728 2616 1746 728 2617 1747 728 2618 1747 728 2619 1746 728 2620 1748 728 2621 1749 728 2622 1750 728 2623 1751 728 2624 1751 728 2625 1750 728 2626 1752 728 2627 1753 728 2628 1754 728 2629 1755 728 2630 1755 728 2631 1754 728 2632 1756 728 2633 1757 728 2634 1758 728 2635 1759 728 2636 1759 728 2637 1758 728 2638 1760 728 2639 1761 1356 2640 1762 1356 2641 1763 1356 2642 1763 1356 2643 1762 1356 2644 1764 1356 2645 1765 1356 2646 1766 1356 2647 1767 1356 2648 1767 1356 2649 1766 1356 2650 1768 1356 2651 1769 1356 2652 1770 1356 2653 1771 1356 2654 1771 1356 2655 1770 1356 2656 1772 1356 2657 1773 728 2658 1774 728 2659 1775 728 2660 1775 728 2661 1774 728 2662 1776 728 2663 1777 1356 2664 1778 1356 2665 1779 1356 2666 1779 1356 2667 1778 1356 2668 1780 1356 2669 1781 728 2670 1782 728 2671 1783 728 2672 1783 728 2673 1782 728 2674 1784 728 2675 1785 728 2676 1786 728 2677 1787 728 2678 1787 728 2679 1786 728 2680 1788 728 2681 1789 728 2682 1790 728 2683 1791 728 2684 1791 728 2685 1790 728 2686 1792 728 2687 1793 1356 2688 1794 1356 2689 1795 1356 2690 1795 1356 2691 1794 1356 2692 1796 1356 2693 1797 1356 2694 1798 1356 2695 1799 1356 2696 1799 1356 2697 1798 1356 2698 1800 1356 2699 1801 1356 2700 1802 1356 2701 1803 1356 2702 1803 1356 2703 1802 1356 2704 1804 1356 2705 1805 728 2706 1806 728 2707 1807 728 2708 1807 728 2709 1806 728 2710 1808 728 2711 1809 1356 2712 1810 1356 2713 1811 1356 2714 1811 1356 2715 1810 1356 2716 1812 1356 2717 1813 728 2718 1814 728 2719 1815 728 2720 1815 728 2721 1814 728 2722 1816 728 2723 1817 1356 2724 1818 1356 2725 1819 1356 2726 1819 1356 2727 1818 1356 2728 1820 1356 2729 1821 728 2730 1822 728 2731 1823 728 2732 1823 728 2733 1822 728 2734 1824 728 2735 1825 1356 2736 1826 1356 2737 1827 1356 2738 1827 1356 2739 1826 1356 2740 1828 1356 2741 1829 1356 2742 1830 1356 2743 1831 1356 2744 1831 1356 2745 1830 1356 2746 1832 1356 2747 1833 728 2748 1834 728 2749 1835 728 2750 1835 728 2751 1834 728 2752 1836 728 2753 1837 1359 2754 1838 1360 2755 1839 1360 2756 1839 1360 2757 1838 1360 2758 1840 1359 2759 1841 1347 2760 1842 1361 2761 1843 1361 2762 1843 1361 2763 1842 1361 2764 1844 1347 2765 1845 1362 2766 1846 1362 2767 1847 1362 2768 1847 1362 2769 1846 1362 2770 1848 1362 2771 1849 1363 2772 1850 1363 2773 1851 1363 2774 1851 1363 2775 1850 1363 2776 1852 1363 2777 1853 1364 2778 1854 1365 2779 1855 1366 2780 1855 1366 2781 1854 1365 2782 1856 1367 2783 1857 1359 2784 1858 1359 2785 1859 1359 2786 1859 1359 2787 1858 1359 2788 1860 1359 2789 1861 1368 2790 1862 1347 2791 1863 1347 2792 1863 1347 2793 1862 1347 2794 1864 1368 2795 1865 1369 2796 1866 1346 2797 1867 1346 2798 1867 1346 2799 1866 1346 2800 1868 1369 2801 1869 1370 2802 1870 1370 2803 1871 1370 2804 1871 1370 2805 1870 1370 2806 1872 1370 2807 1873 1371 2808 1874 1372 2809 1875 1373 2810 1875 1373 2811 1874 1372 2812 1876 1374 2813 1877 1375 2814 1878 1376 2815 1879 1377 2816 1879 1377 2817 1878 1376 2818 1880 1378 2819 1881 1362 2820 1882 1362 2821 1883 1362 2822 1883 1362 2823 1882 1362 2824 1884 1362 2825 1885 1379 2826 1886 1380 2827 1887 1381 2828 1887 1381 2829 1886 1380 2830 1888 1382 2831 1889 1383 2832 1890 1384 2833 1891 1384 2834 1891 1384 2835 1890 1384 2836 1892 1383 2837 1893 1343 2838 1894 1385 2839 1895 1385 2840 1895 1385 2841 1894 1385 2842 1896 1343 2843 1897 27 2844 1898 27 2845 1899 27 2846 1899 27 2847 1898 27 2848 1900 27 2849 1901 1386 2850 1902 1386 2851 1903 1386 2852 1903 1386 2853 1902 1386 2854 1904 1386 2855 1905 1387 2856 1906 1388 2857 1907 1389 2858 1907 1389 2859 1906 1388 2860 1908 1390 2861 1909 1383 2862 1910 1383 2863 1911 1383 2864 1911 1383 2865 1910 1383 2866 1912 1383 2867 1913 1391 2868 1914 1343 2869 1915 1343 2870 1915 1343 2871 1914 1343 2872 1916 1391 2873 1917 1392 2874 1918 1342 2875 1919 1342 2876 1919 1342 2877 1918 1342 2878 1920 1392 2879 1921 1393 2880 1922 1393 2881 1923 1393 2882 1923 1393 2883 1922 1393 2884 1924 1393 2885 1925 1394 2886 1926 1395 2887 1927 1396 2888 1927 1396 2889 1926 1395 2890 1928 1397 2891 1929 1398 2892 1930 1399 2893 1931 1400 2894 1931 1400 2895 1930 1399 2896 1932 1401 2897 1933 27 2898 1934 27 2899 1935 27 2900 1935 27 2901 1934 27 2902 1936 27 2903 1937 1402 2904 1938 1403 2905 1939 1404 2906 1939 1404 2907 1938 1403 2908 1940 1405 2909 1941 1406 2910 1942 1407 2911 1943 1407 2912 1943 1407 2913 1942 1407 2914 1944 1406 2915 1945 1355 2916 1946 1408 2917 1947 1408 2918 1947 1408 2919 1946 1408 2920 1948 1355 2921 1949 1409 2922 1950 1409 2923 1951 1409 2924 1951 1409 2925 1950 1409 2926 1952 1409 2927 1953 1410 2928 1954 1410 2929 1955 1410 2930 1955 1410 2931 1954 1410 2932 1956 1410 2933 1957 1411 2934 1958 1412 2935 1959 1413 2936 1959 1413 2937 1958 1412 2938 1960 1414 2939 1961 1406 2940 1962 1406 2941 1963 1406 2942 1963 1406 2943 1962 1406 2944 1964 1406 2945 1965 1415 2946 1966 1355 2947 1967 1355 2948 1967 1355 2949 1966 1355 2950 1968 1415 2951 1969 1416 2952 1970 1354 2953 1971 1354 2954 1971 1354 2955 1970 1354 2956 1972 1416 2957 1973 1417 2958 1974 1417 2959 1975 1417 2960 1975 1417 2961 1974 1417 2962 1976 1417 2963 1977 1418 2964 1978 1419 2965 1979 1420 2966 1979 1420 2967 1978 1419 2968 1980 1421 2969 1981 1422 2970 1982 1423 2971 1983 1424 2972 1983 1424 2973 1982 1423 2974 1984 1425 2975 1985 1409 2976 1986 1409 2977 1987 1409 2978 1987 1409 2979 1986 1409 2980 1988 1409 2981 1989 1426 2982 1990 1427 2983 1991 1428 2984 1991 1428 2985 1990 1427 2986 1992 1429 2987 1993 1430 2988 1994 1431 2989 1995 1431 2990 1995 1431 2991 1994 1431 2992 1996 1430 2993 1997 1351 2994 1998 1432 2995 1999 1432 2996 1999 1432 2997 1998 1432 2998 2000 1351 2999 2001 620 3000 2002 620 3001 2003 620 3002 2003 620 3003 2002 620 3004 2004 620 3005 2005 1433 3006 2006 1433 3007 2007 1433 3008 2007 1433 3009 2006 1433 3010 2008 1433 3011 2009 1434 3012 2010 1435 3013 2011 1436 3014 2011 1436 3015 2010 1435 3016 2012 1437 3017 2013 1430 3018 2014 1430 3019 2015 1430 3020 2015 1430 3021 2014 1430 3022 2016 1430 3023 2017 1438 3024 2018 1351 3025 2019 1351 3026 2019 1351 3027 2018 1351 3028 2020 1438 3029 2021 1439 3030 2022 1350 3031 2023 1350 3032 2023 1350 3033 2022 1350 3034 2024 1439 3035 2025 1440 3036 2026 1440 3037 2027 1440 3038 2027 1440 3039 2026 1440 3040 2028 1440 3041 2029 1441 3042 2030 1442 3043 2031 1443 3044 2031 1443 3045 2030 1442 3046 2032 1444 3047 2033 1445 3048 2034 1446 3049 2035 1447 3050 2035 1447 3051 2034 1446 3052 2036 1448 3053 2037 620 3054 2038 620 3055 2039 620 3056 2039 620 3057 2038 620 3058 2040 620 3059 2041 1449 3060 2042 1450 3061 2043 1451 3062 2043 1451 3063 2042 1450 3064 2044 1452 3065 2045 730 3066 2046 730 3067 2047 730 3068 2047 730 3069 2046 730 3070 2048 730 3071 2049 356 3072 2050 1453 3073 2051 1453 3074 2051 1453 3075 2050 1453 3076 2052 356 3077 2053 376 3078 2054 1454 3079 2055 1454 3080 2055 1454 3081 2054 1454 3082 2056 376 3083 2057 742 3084 2058 742 3085 2059 742 3086 2059 742 3087 2058 742 3088 2060 742 3089 2061 760 3090 2062 760 3091 2063 760 3092 2063 760 3093 2062 760 3094 2064 760 3095 2065 1455 3096 2066 1456 3097 2067 1456 3098 2067 1456 3099 2066 1456 3100 2068 1455 3101 2069 1457 3102 2070 1458 3103 2071 1458 3104 2071 1458 3105 2070 1458 3106 2072 1457 3107 2073 764 3108 2074 764 3109 2075 764 3110 2075 764 3111 2074 764 3112 2076 764 3113 2077 770 3114 2078 770 3115 2079 770 3116 2079 770 3117 2078 770 3118 2080 770 3119 2081 266 3120 2082 1459 3121 2083 1459 3122 2083 1459 3123 2082 1459 3124 2084 266 3125 2085 247 3126 2086 1460 3127 2087 1460 3128 2087 1460 3129 2086 1460 3130 2088 247 3131 2089 766 3132 2090 766 3133 2091 766 3134 2091 766 3135 2090 766 3136 2092 766 3137 2093 752 3138 2094 752 3139 2095 752 3140 2095 752 3141 2094 752 3142 2096 752 3143 2097 1461 3144 2098 1462 3145 2099 1462 3146 2099 1462 3147 2098 1462 3148 2100 1461 3149 2101 1463 3150 2102 1464 3151 2103 1464 3152 2103 1464 3153 2102 1464 3154 2104 1463 3155 2105 740 3156 2106 740 3157 2107 740 3158 2107 740 3159 2106 740 3160 2108 740 3161 2109 1465 3162 2110 1466 3163 2111 1466 3164 2111 1466 3165 2110 1466 3166 2112 1465 3167 2113 1467 3168 2114 1468 3169 2115 1468 3170 2115 1468 3171 2114 1468 3172 2116 1467 3173 2117 1469 3174 2118 1470 3175 2119 1471 3176 2119 1471 3177 2118 1470 3178 2120 1472 3179 2121 1473 3180 2122 1473 3181 2123 1473 3182 2123 1473 3183 2122 1473 3184 2124 1473 3185 2125 1474 3186 2126 1475 3187 2127 1475 3188 2127 1475 3189 2126 1475 3190 2128 1474 3191 2129 1476 3192 2130 1477 3193 2131 1477 3194 2131 1477 3195 2130 1477 3196 2132 1476 3197 2133 1478 3198 2134 1479 3199 2135 1480 3200 2135 1480 3201 2134 1479 3202 2136 1481 3203 2137 1482 3204 2138 1482 3205 2139 1482 3206 2139 1482 3207 2138 1482 3208 2140 1482 3209 2141 1483 3210 2142 1484 3211 2143 1484 3212 2143 1484 3213 2142 1484 3214 2144 1483 3215 2145 1485 3216 2146 1486 3217 2147 1486 3218 2147 1486 3219 2146 1486 3220 2148 1485 3221 2149 1487 3222 2150 1488 3223 2151 1489 3224 2151 1489 3225 2150 1488 3226 2152 1490 3227 2153 1491 3228 2154 1491 3229 2155 1491 3230 2155 1491 3231 2154 1491 3232 2156 1491 3233 2157 1492 3234 2158 1493 3235 2159 1493 3236 2159 1493 3237 2158 1493 3238 2160 1492 3239 2161 1494 3240 2162 1495 3241 2163 1495 3242 2163 1495 3243 2162 1495 3244 2164 1494 3245 2165 1496 3246 2166 1497 3247 2167 1498 3248 2167 1498 3249 2166 1497 3250 2168 1499 3251 2169 1500 3252 2170 1500 3253 2171 1500 3254 2171 1500 3255 2170 1500 3256 2172 1500 3257 2173 728 3258 2174 728 3259 2175 728 3260 2175 728 3261 2174 728 3262 2176 728 3263 2177 728 3264 2178 728 3265 2179 728 3266 2179 728 3267 2178 728 3268 2180 728 3269 2181 728 3270 2182 728 3271 2183 728 3272 2183 728 3273 2182 728 3274 2184 728 3275 2185 728 3276 2186 728 3277 2187 728 3278 2187 728 3279 2186 728 3280 2188 728 3281 2189 728 3282 2190 728 3283 2191 728 3284 2191 728 3285 2190 728 3286 2192 728 3287 2193 728 3288 2194 728 3289 2195 728 3290 2195 728 3291 2194 728 3292 2196 728 3293 2197 728 3294 2198 728 3295 2199 728 3296 2199 728 3297 2198 728 3298 2200 728 3299 2201 728 3300 2202 728 3301 2203 728 3302 2203 728 3303 2202 728 3304 2204 728 3305 2205 728 3306 2206 728 3307 2207 728 3308 2207 728 3309 2206 728 3310 2208 728 3311 2209 728 3312 2210 728 3313 2211 728 3314 2211 728 3315 2210 728 3316 2212 728 3317 2213 728 3318 2214 728 3319 2215 728 3320 2215 728 3321 2214 728 3322 2216 728 3323 2217 728 3324 2218 728 3325 2219 728 3326 2219 728 3327 2218 728 3328 2220 728 3329 2221 728 3330 2222 728 3331 2223 728 3332 2223 728 3333 2222 728 3334 2224 728 3335 2225 728 3336 2226 728 3337 2227 728 3338 2227 728 3339 2226 728 3340 2228 728 3341 2229 728 3342 2230 728 3343 2231 728 3344 2231 728 3345 2230 728 3346 2232 728 3347 2233 728 3348 2234 728 3349 2235 728 3350 2235 728 3351 2234 728 3352 2236 728 3353 2237 728 3354 2238 728 3355 2239 728 3356 2239 728 3357 2238 728 3358 2240 728 3359 2241 728 3360 2242 728 3361 2243 728 3362 2243 728 3363 2242 728 3364 2244 728 3365 2245 728 3366 2246 728 3367 2247 728 3368 2247 728 3369 2246 728 3370 2248 728 3371 2249 728 3372 2250 728 3373 2251 728 3374 2251 728 3375 2250 728 3376 2252 728 3377 2253 88 3378 2254 88 3379 2255 88 3380 2255 88 3381 2254 88 3382 2256 88 3383 2257 88 3384 2258 88 3385 2259 88 3386 2259 88 3387 2258 88 3388 2260 88 3389 2261 371 3390 2262 371 3391 2263 371 3392 2263 371 3393 2262 371 3394 2264 371 3395 2265 371 3396 2266 371 3397 2267 371 3398 2267 371 3399 2266 371 3400 2268 371 3401 2269 371 3402 2270 371 3403 2271 371 3404 2271 371 3405 2270 371 3406 2272 371 3407 2273 371 3408 2274 371 3409 2275 371 3410 2275 371 3411 2274 371 3412 2276 371 3413 2277 88 3414 2278 88 3415 2279 88 3416 2279 88 3417 2278 88 3418 2280 88 3419 2281 88 3420 2282 88 3421 2283 88 3422 2283 88 3423 2282 88 3424 2284 88 3425 2285 728 3426 2286 728 3427 2287 728 3428 2287 728 3429 2286 728 3430 2288 728 3431 2289 1347 3432 2290 1347 3433 2291 1347 3434 2291 1347 3435 2290 1347 3436 2292 1347 3437 2293 728 3438 2294 728 3439 2295 728 3440 2295 728 3441 2294 728 3442 2296 728 3443 2297 1343 3444 2298 1343 3445 2299 1343 3446 2299 1343 3447 2298 1343 3448 2300 1343 3449 2301 728 3450 2302 728 3451 2303 728 3452 2303 728 3453 2302 728 3454 2304 728 3455 2305 1355 3456 2306 1355 3457 2307 1355 3458 2307 1355 3459 2306 1355 3460 2308 1355 3461 2309 728 3462 2310 728 3463 2311 728 3464 2311 728 3465 2310 728 3466 2312 728 3467 2313 1351 3468 2314 1351 3469 2315 1351 3470 2315 1351 3471 2314 1351 3472 2316 1351 3473 2317 1356 3474 2318 1356 3475 2319 1356 3476 2319 1356 3477 2318 1356 3478 2320 1356 3479 2321 1356 3480 2322 1356 3481 2323 1356 3482 2323 1356 3483 2322 1356 3484 2324 1356 3485 2325 1356 3486 2326 1356 3487 2327 1356 3488 2327 1356 3489 2326 1356 3490 2328 1356 3491 2329 1356 3492 2330 1356 3493 2331 1356 3494 2331 1356 3495 2330 1356 3496 2332 1356 3497 2333 1356 3498 2334 1356 3499 2335 1356 3500 2335 1356 3501 2334 1356 3502 2336 1356 3503 2337 1356 3504 2338 1356 3505 2339 1356 3506 2339 1356 3507 2338 1356 3508 2340 1356 3509 2341 1356 3510 2342 1356 3511 2343 1356 3512 2343 1356 3513 2342 1356 3514 2344 1356 3515 2345 1356 3516 2346 1356 3517 2347 1356 3518 2347 1356 3519 2346 1356 3520 2348 1356 3521 2349 1356 3522 2350 1356 3523 2351 1356 3524 2351 1356 3525 2350 1356 3526 2352 1356 3527 2353 1356 3528 2354 1356 3529 2355 1356 3530 2355 1356 3531 2354 1356 3532 2356 1356 3533 2357 1356 3534 2358 1356 3535 2359 1356 3536 2359 1356 3537 2358 1356 3538 2360 1356 3539 2361 1356 3540 2362 1356 3541 2363 1356 3542 2363 1356 3543 2362 1356 3544 2364 1356 3545 2365 1356 3546 2366 1356 3547 2367 1356 3548 2367 1356 3549 2366 1356 3550 2368 1356 3551 2369 1356 3552 2370 1356 3553 2371 1356 3554 2371 1356 3555 2370 1356 3556 2372 1356 3557 2373 1356 3558 2374 1356 3559 2375 1356 3560 2375 1356 3561 2374 1356 3562 2376 1356 3563 2377 1356 3564 2378 1356 3565 2379 1356 3566 2379 1356 3567 2378 1356 3568 2380 1356 3569 2381 1356 3570 2382 1356 3571 2383 1356 3572 2383 1356 3573 2382 1356 3574 2384 1356 3575 2385 1356 3576 2386 1356 3577 2387 1356 3578 2387 1356 3579 2386 1356 3580 2388 1356 3581 2389 1356 3582 2390 1356 3583 2391 1356 3584 2391 1356 3585 2390 1356 3586 2392 1356 3587 2393 1356 3588 2394 1356 3589 2395 1356 3590 2395 1356 3591 2394 1356 3592 2396 1356 3593 2397 1356 3594 2398 1356 3595 2399 1356 3596 2399 1356 3597 2398 1356 3598 2400 1356 3599 2401 1356 3600 2402 1356 3601 2403 1356 3602 2403 1356 3603 2402 1356 3604 2404 1356 3605 2405 1356 3606 2406 1356 3607 2407 1356 3608 2407 1356 3609 2406 1356 3610 2408 1356 3611 2409 1356 3612 2410 1356 3613 2411 1356 3614 2411 1356 3615 2410 1356 3616 2412 1356 3617 2413 760 3618 2414 759 3619 2415 759 3620 2415 759 3621 2414 759 3622 2416 760 3623 2417 1501 3624 2418 1502 3625 2419 1502 3626 2419 1502 3627 2418 1502 3628 2420 1501 3629 2421 1501 3630 2422 1502 3631 2423 1502 3632 2423 1502 3633 2422 1502 3634 2424 1501 3635 2425 27 3636 2426 27 3637 2427 27 3638 2427 27 3639 2426 27 3640 2428 27 3641 2429 22 3642 2430 22 3643 2431 22 3644 2431 22 3645 2430 22 3646 2432 22 3647 2433 1503 3648 2434 1504 3649 2435 1504 3650 2435 1504 3651 2434 1504 3652 2436 1503 3653 2437 1505 3654 2438 1506 3655 2439 1506 3656 2439 1506 3657 2438 1506 3658 2440 1505 3659 2441 1409 3660 2442 1409 3661 2443 1409 3662 2443 1409 3663 2442 1409 3664 2444 1409 3665 2445 730 3666 2446 729 3667 2447 729 3668 2447 729 3669 2446 729 3670 2448 730 3671 2449 1507 3672 2450 1508 3673 2451 1508 3674 2451 1508 3675 2450 1508 3676 2452 1507 3677 2453 1507 3678 2454 1508 3679 2455 1508 3680 2455 1508 3681 2454 1508 3682 2456 1507 3683 2457 1362 3684 2458 1362 3685 2459 1362 3686 2459 1362 3687 2458 1362 3688 2460 1362 3689 2461 306 3690 2462 306 3691 2463 306 3692 2463 306 3693 2462 306 3694 2464 306 3695 2465 1509 3696 2466 1510 3697 2467 1510 3698 2467 1510 3699 2466 1510 3700 2468 1509 3701 2469 620 3702 2470 620 3703 2471 620 3704 2471 620 3705 2470 620 3706 2472 620 3707 2473 752 3708 2474 751 3709 2475 751 3710 2475 751 3711 2474 751 3712 2476 752 3713 2477 1511 3714 2478 1512 3715 2479 1512 3716 2479 1512 3717 2478 1512 3718 2480 1511 3719 2481 1511 3720 2482 1512 3721 2483 1512 3722 2483 1512 3723 2482 1512 3724 2484 1511 3725 2485 620 3726 2486 620 3727 2487 620 3728 2487 620 3729 2486 620 3730 2488 620 3731 2489 22 3732 2490 22 3733 2491 22 3734 2491 22 3735 2490 22 3736 2492 22 3737 2493 1505 3738 2494 1506 3739 2495 1506 3740 2495 1506 3741 2494 1506 3742 2496 1505 3743 2497 1503 3744 2498 1504 3745 2499 1504 3746 2499 1504 3747 2498 1504 3748 2500 1503 3749 2501 1362 3750 2502 1362 3751 2503 1362 3752 2503 1362 3753 2502 1362 3754 2504 1362 3755 2505 770 3756 2506 769 3757 2507 769 3758 2507 769 3759 2506 769 3760 2508 770 3761 2509 1513 3762 2510 1514 3763 2511 1514 3764 2511 1514 3765 2510 1514 3766 2512 1513 3767 2513 1513 3768 2514 1514 3769 2515 1514 3770 2515 1514 3771 2514 1514 3772 2516 1513 3773 2517 1409 3774 2518 1409 3775 2519 1409 3776 2519 1409 3777 2518 1409 3778 2520 1409 3779 2521 306 3780 2522 306 3781 2523 306 3782 2523 306 3783 2522 306 3784 2524 306 3785 2525 1509 3786 2526 1510 3787 2527 1510 3788 2527 1510 3789 2526 1510 3790 2528 1509 3791 2529 1357 3792 2530 1358 3793 2531 1358 3794 2531 1358 3795 2530 1358 3796 2532 1357 3797 2533 27 3798 2534 27 3799 2535 27 3800 2535 27 3801 2534 27 3802 2536 27 3803 2537 1356 3804 2538 1356 3805 2539 1356 3806 2539 1356 3807 2538 1356 3808 2540 1356 3809 2541 1356 3810 2542 1356 3811 2543 1356 3812 2543 1356 3813 2542 1356 3814 2544 1356 3815 2545 1356 3816 2546 371 3817 2547 1515 3818 2547 1515 3819 2546 371 3820 2548 371 3821 2549 1356 3822 2550 1516 3823 2551 88 3824 2551 88 3825 2550 1516 3826 2552 88 3827 2553 1517 3828 2554 1518 3829 2555 1519 3830 2555 1519 3831 2554 1518 3832 2556 1520 3833 2557 1356 3834 2558 1356 3835 2559 1356 3836 2559 1356 3837 2558 1356 3838 2560 1356 3839 2561 1356 3840 2562 1356 3841 2563 1356 3842 2563 1356 3843 2562 1356 3844 2564 1356 3845 2565 1356 3846 2566 1356 3847 2567 1356 3848 2567 1356 3849 2566 1356 3850 2568 1356 3851 2569 1521 3852 2570 1522 3853 2571 1521 3854 2571 1521 3855 2570 1522 3856 2572 1356 3857 2573 1523 3858 2574 1523 3859 2575 1523 3860 2575 1523 3861 2574 1523 3862 2576 1523 3863 2577 1356 3864 2578 1356 3865 2579 1356 3866 2579 1356 3867 2578 1356 3868 2580 1356 3869 2581 1524 3870 2582 1525 3871 2583 1526 3872 2583 1526 3873 2582 1525 3874 2584 1527 3875 2585 1356 3876 2586 1356 3877 2587 1356 3878 2587 1356 3879 2586 1356 3880 2588 1356 3881 2589 1356 3882 2590 1356 3883 2591 1356 3884 2591 1356 3885 2590 1356 3886 2592 1356 3887 2593 1356 3888 2594 1528 3889 2595 1529 3890 2595 1529 3891 2594 1528 3892 2596 1530 3893 2597 1356 3894 2598 1356 3895 2599 1356 3896 2599 1356 3897 2598 1356 3898 2600 1356 3899 2601 1356 3900 2602 1356 3901 2603 1356 3902 2603 1356 3903 2602 1356 3904 2604 1356 3905 2605 1356 3906 2606 1356 3907 2607 1356 3908 2607 1356 3909 2606 1356 3910 2608 1356 3911 2609 1531 3912 2610 1532 3913 2611 1532 3914 2611 1532 3915 2610 1532 3916 2612 1531 3917 2613 1356 3918 2614 1356 3919 2615 1356 3920 2615 1356 3921 2614 1356 3922 2616 1356 3923 2617 1356 3924 2618 1356 3925 2619 1356 3926 2619 1356 3927 2618 1356 3928 2620 1356 3929 2621 1356 3930 2622 88 3931 2623 1516 3932 2623 1516 3933 2622 88 3934 2624 88 3935 2625 1356 3936 2626 1515 3937 2627 371 3938 2627 371 3939 2626 1515 3940 2628 371 3941 2629 1533 3942 2630 1533 3943 2631 1533 3944 2631 1533 3945 2630 1533 3946 2632 1533 3947 2633 1534 3948 2634 1535 3949 2635 1536 3950 2635 1536 3951 2634 1535 3952 2636 1537 3953 2637 1356 3954 2638 1356 3955 2639 1356 3956 2639 1356 3957 2638 1356 3958 2640 1356 3959 2641 1356 3960 2642 1356 3961 2643 1356 3962 2643 1356 3963 2642 1356 3964 2644 1356 3965 2645 1356 3966 2646 1356 3967 2647 1356 3968 2647 1356 3969 2646 1356 3970 2648 1356 3971 2649 1356 3972 2650 1356 3973 2651 1356 3974 2651 1356 3975 2650 1356 3976 2652 1356 3977 2653 1538 3978 2654 1539 3979 2655 1538 3980 2655 1538 3981 2654 1539 3982 2656 1356 3983 2657 1540 3984 2658 1540 3985 2659 1540 3986 2659 1540 3987 2658 1540 3988 2660 1540 3989 2661 1356 3990 2662 1356 3991 2663 1356 3992 2663 1356 3993 2662 1356 3994 2664 1356 3995 2665 1541 3996 2666 1542 3997 2667 1543 3998 2667 1543 3999 2666 1542 4000 2668 1544 4001 2669 1356 4002 2670 1356 4003 2671 1356 4004 2671 1356 4005 2670 1356 4006 2672 1356 4007 2673 1356 4008 2674 1356 4009 2675 1356 4010 2675 1356 4011 2674 1356 4012 2676 1356 4013 2677 1356 4014 2678 1545 4015 2679 1546 4016 2679 1546 4017 2678 1545 4018 2680 1547 4019 2681 1356 4020 2682 1356 4021 2683 1356 4022 2683 1356 4023 2682 1356 4024 2684 1356 4025 2685 1356 4026 2686 1356 4027 2687 1356 4028 2687 1356 4029 2686 1356 4030 2688 1356 4031 2689 1356 4032 2690 1356 4033 2691 1356 4034 2691 1356 4035 2690 1356 4036 2692 1356 4037 2693 1548 4038 2694 1549 4039 2695 1549 4040 2695 1549 4041 2694 1549 4042 2696 1548 4043 2697 1356 4044 2698 1356 4045 2699 1356 4046 2699 1356 4047 2698 1356 4048 2700 1356 4049 2701 1356 4050 2702 1516 4051 2703 88 4052 2703 88 4053 2702 1516 4054 2704 88 4055 2705 1356 4056 2706 371 4057 2707 1515 4058 2707 1515 4059 2706 371 4060 2708 371 4061 2709 1550 4062 2710 1551 4063 2711 1552 4064 2711 1552 4065 2710 1551 4066 2712 1553 4067 2713 1356 4068 2714 1356 4069 2715 1356 4070 2715 1356 4071 2714 1356 4072 2716 1356 4073 2717 1356 4074 2718 1356 4075 2719 1356 4076 2719 1356 4077 2718 1356 4078 2720 1356 4079 2721 1356 4080 2722 1356 4081 2723 1356 4082 2723 1356 4083 2722 1356 4084 2724 1356 4085 2725 1554 4086 2726 1554 4087 2727 1555 4088 2727 1555 4089 2726 1554 4090 2728 1356 4091 2729 1556 4092 2730 1556 4093 2731 1556 4094 2731 1556 4095 2730 1556 4096 2732 1556 4097 2733 1356 4098 2734 1356 4099 2735 1356 4100 2735 1356 4101 2734 1356 4102 2736 1356 4103 2737 1547 4104 2738 1557 4105 2739 1558 4106 2739 1558 4107 2738 1557 4108 2740 1559 4109 2741 1356 4110 2742 1356 4111 2743 1356 4112 2743 1356 4113 2742 1356 4114 2744 1356 4115 2745 1356 4116 2746 1356 4117 2747 1356 4118 2747 1356 4119 2746 1356 4120 2748 1356 4121 2749 1356 4122 2750 1560 4123 2751 1561 4124 2751 1561 4125 2750 1560 4126 2752 1541 4127 2753 1356 4128 2754 1562 4129 2755 1563 4130 2755 1563 4131 2754 1562 4132 2756 1564 4133 2757 1383 4134 2758 1565 4135 2759 1384 4136 2759 1384 4137 2758 1565 4138 2760 1356 4139 2761 1356 4140 2762 1356 4141 2763 1356 4142 2763 1356 4143 2762 1356 4144 2764 1356 4145 2765 1356 4146 2766 1356 4147 2767 1356 4148 2767 1356 4149 2766 1356 4150 2768 1356 4151 2769 1356 4152 2770 1356 4153 2771 1356 4154 2771 1356 4155 2770 1356 4156 2772 1356 4157 2773 1566 4158 2774 1567 4159 2775 1567 4160 2775 1567 4161 2774 1567 4162 2776 1566 4163 2777 1356 4164 2778 1356 4165 2779 1356 4166 2779 1356 4167 2778 1356 4168 2780 1356 4169 2781 1356 4170 2782 1515 4171 2783 371 4172 2783 371 4173 2782 1515 4174 2784 371 4175 2785 1356 4176 2786 88 4177 2787 1516 4178 2787 1516 4179 2786 88 4180 2788 88 4181 2789 1568 4182 2790 1568 4183 2791 1568 4184 2791 1568 4185 2790 1568 4186 2792 1568 4187 2793 1569 4188 2794 1570 4189 2795 1571 4190 2795 1571 4191 2794 1570 4192 2796 1572 4193 2797 1356 4194 2798 1356 4195 2799 1356 4196 2799 1356 4197 2798 1356 4198 2800 1356 4199 2801 1356 4200 2802 1356 4201 2803 1356 4202 2803 1356 4203 2802 1356 4204 2804 1356 4205 2805 1356 4206 2806 1356 4207 2807 1356 4208 2807 1356 4209 2806 1356 4210 2808 1356 4211 2809 1356 4212 2810 1356 4213 2811 1356 4214 2811 1356 4215 2810 1356 4216 2812 1356 4217 2813 1573 4218 2814 1573 4219 2815 1574 4220 2815 1574 4221 2814 1573 4222 2816 1356 4223 2817 1575 4224 2818 1575 4225 2819 1575 4226 2819 1575 4227 2818 1575 4228 2820 1575 4229 2821 1356 4230 2822 1356 4231 2823 1356 4232 2823 1356 4233 2822 1356 4234 2824 1356 4235 2825 1530 4236 2826 1576 4237 2827 1577 4238 2827 1577 4239 2826 1576 4240 2828 1578 4241 2829 1356 4242 2830 1356 4243 2831 1356 4244 2831 1356 4245 2830 1356 4246 2832 1356 4247 2833 1356 4248 2834 1356 4249 2835 1356 4250 2835 1356 4251 2834 1356 4252 2836 1356 4253 2837 1356 4254 2838 1579 4255 2839 1580 4256 2839 1580 4257 2838 1579 4258 2840 1524 4259 2841 1356 4260 2842 1581 4261 2843 1582 4262 2843 1582 4263 2842 1581 4264 2844 1583 4265 2845 1359 4266 2846 1584 4267 2847 1360 4268 2847 1360 4269 2846 1584 4270 2848 1356 4271 2849 1356 4272 2850 1356 4273 2851 1356 4274 2851 1356 4275 2850 1356 4276 2852 1356 4277 2853 1356 4278 2854 1356 4279 2855 1356 4280 2855 1356 4281 2854 1356 4282 2856 1356 4283 2857 1356 4284 2858 1356 4285 2859 1356 4286 2859 1356 4287 2858 1356 4288 2860 1356 4289 2861 1585 4290 2862 1586 4291 2863 1586 4292 2863 1586 4293 2862 1586 4294 2864 1585 4295 2865 1501 4296 2866 1587 4297 2867 1587 4298 2867 1587 4299 2866 1587 4300 2868 1501 4301 2869 1588 4302 2870 1589 4303 2871 1589 4304 2871 1589 4305 2870 1589 4306 2872 1588 4307 2873 1590 4308 2874 1590 4309 2875 1590 4310 2875 1590 4311 2874 1590 4312 2876 1590 4313 2877 1591 4314 2878 1591 4315 2879 1591 4316 2879 1591 4317 2878 1591 4318 2880 1591 4319 2881 620 4320 2882 620 4321 2883 620 4322 2883 620 4323 2882 620 4324 2884 620 4325 2885 1507 4326 2886 1592 4327 2887 1592 4328 2887 1592 4329 2886 1592 4330 2888 1507 4331 2889 1593 4332 2890 1594 4333 2891 1594 4334 2891 1594 4335 2890 1594 4336 2892 1593 4337 2893 1595 4338 2894 1595 4339 2895 1595 4340 2895 1595 4341 2894 1595 4342 2896 1595 4343 2897 1596 4344 2898 1596 4345 2899 1596 4346 2899 1596 4347 2898 1596 4348 2900 1596 4349 2901 1409 4350 2902 1409 4351 2903 1409 4352 2903 1409 4353 2902 1409 4354 2904 1409 4355 2905 728 4356 2906 728 4357 2907 728 4358 2907 728 4359 2906 728 4360 2908 728 4361 2909 728 4362 2910 728 4363 2911 728 4364 2911 728 4365 2910 728 4366 2912 728 4367 2913 728 4368 2914 728 4369 2915 728 4370 2915 728 4371 2914 728 4372 2916 728 4373 2917 728 4374 2918 728 4375 2919 728 4376 2919 728 4377 2918 728 4378 2920 728 4379 2921 1597 4380 2922 1598 4381 2923 1598 4382 2923 1598 4383 2922 1598 4384 2924 1597 4385 2925 758 4386 2926 1599 4387 2927 1599 4388 2927 1599 4389 2926 1599 4390 2928 758 4391 2929 1457 4392 2930 1457 4393 2931 1457 4394 2931 1457 4395 2930 1457 4396 2932 1457 4397 2933 1600 4398 2934 1601 4399 2935 1602 4400 2935 1602 4401 2934 1601 4402 2936 1603 4403 2937 1604 4404 2938 1605 4405 2939 1605 4406 2939 1605 4407 2938 1605 4408 2940 1604 4409 2941 1606 4410 2942 1607 4411 2943 1608 4412 2943 1608 4413 2942 1607 4414 2944 1609 4415 2945 1610 4416 2946 1610 4417 2947 1610 4418 2947 1610 4419 2946 1610 4420 2948 1610 4421 2949 1611 4422 2950 1612 4423 2951 1612 4424 2951 1612 4425 2950 1612 4426 2952 1611 4427 2953 1455 4428 2954 1455 4429 2955 1455 4430 2955 1455 4431 2954 1455 4432 2956 1455 4433 2957 1613 4434 2958 1614 4435 2959 1614 4436 2959 1614 4437 2958 1614 4438 2960 1613 4439 2961 1615 4440 2962 1615 4441 2963 1615 4442 2963 1615 4443 2962 1615 4444 2964 1615 4445 2965 1616 4446 2966 1617 4447 2967 1617 4448 2967 1617 4449 2966 1617 4450 2968 1616 4451 2969 1618 4452 2970 1619 4453 2971 1619 4454 2971 1619 4455 2970 1619 4456 2972 1618 4457 2973 732 4458 2974 1620 4459 2975 1620 4460 2975 1620 4461 2974 1620 4462 2976 732 4463 2977 376 4464 2978 376 4465 2979 376 4466 2979 376 4467 2978 376 4468 2980 376 4469 2981 1621 4470 2982 1622 4471 2983 1623 4472 2983 1623 4473 2982 1622 4474 2984 1624 4475 2985 1625 4476 2986 1626 4477 2987 1626 4478 2987 1626 4479 2986 1626 4480 2988 1625 4481 2989 1627 4482 2990 1628 4483 2991 1629 4484 2991 1629 4485 2990 1628 4486 2992 1630 4487 2993 1631 4488 2994 1631 4489 2995 1631 4490 2995 1631 4491 2994 1631 4492 2996 1631 4493 2997 1632 4494 2998 1633 4495 2999 1633 4496 2999 1633 4497 2998 1633 4498 3000 1632 4499 3001 356 4500 3002 356 4501 3003 356 4502 3003 356 4503 3002 356 4504 3004 356 4505 3005 1634 4506 3006 1635 4507 3007 1635 4508 3007 1635 4509 3006 1635 4510 3008 1634 4511 3009 1636 4512 3010 1636 4513 3011 1636 4514 3011 1636 4515 3010 1636 4516 3012 1636 4517 3013 1637 4518 3014 1638 4519 3015 1638 4520 3015 1638 4521 3014 1638 4522 3016 1637 4523 3017 1639 4524 3018 1640 4525 3019 1640 4526 3019 1640 4527 3018 1640 4528 3020 1639 4529 3021 750 4530 3022 1641 4531 3023 1641 4532 3023 1641 4533 3022 1641 4534 3024 750 4535 3025 1463 4536 3026 1463 4537 3027 1463 4538 3027 1463 4539 3026 1463 4540 3028 1463 4541 3029 1642 4542 3030 1643 4543 3031 1644 4544 3031 1644 4545 3030 1643 4546 3032 1645 4547 3033 1646 4548 3034 1647 4549 3035 1647 4550 3035 1647 4551 3034 1647 4552 3036 1646 4553 3037 1648 4554 3038 1649 4555 3039 1650 4556 3039 1650 4557 3038 1649 4558 3040 1651 4559 3041 1652 4560 3042 1652 4561 3043 1652 4562 3043 1652 4563 3042 1652 4564 3044 1652 4565 3045 1653 4566 3046 1654 4567 3047 1654 4568 3047 1654 4569 3046 1654 4570 3048 1653 4571 3049 1461 4572 3050 1461 4573 3051 1461 4574 3051 1461 4575 3050 1461 4576 3052 1461 4577 3053 1655 4578 3054 1656 4579 3055 1656 4580 3055 1656 4581 3054 1656 4582 3056 1655 4583 3057 1657 4584 3058 1657 4585 3059 1657 4586 3059 1657 4587 3058 1657 4588 3060 1657 4589 3061 1658 4590 3062 1659 4591 3063 1659 4592 3063 1659 4593 3062 1659 4594 3064 1658 4595 3065 1660 4596 3066 1661 4597 3067 1661 4598 3067 1661 4599 3066 1661 4600 3068 1660 4601 3069 772 4602 3070 1662 4603 3071 1662 4604 3071 1662 4605 3070 1662 4606 3072 772 4607 3073 247 4608 3074 247 4609 3075 247 4610 3075 247 4611 3074 247 4612 3076 247 4613 3077 1663 4614 3078 1664 4615 3079 1665 4616 3079 1665 4617 3078 1664 4618 3080 1666 4619 3081 1667 4620 3082 1668 4621 3083 1668 4622 3083 1668 4623 3082 1668 4624 3084 1667 4625 3085 1669 4626 3086 1670 4627 3087 1671 4628 3087 1671 4629 3086 1670 4630 3088 1672 4631 3089 1673 4632 3090 1673 4633 3091 1673 4634 3091 1673 4635 3090 1673 4636 3092 1673 4637 3093 1674 4638 3094 1675 4639 3095 1675 4640 3095 1675 4641 3094 1675 4642 3096 1674 4643 3097 266 4644 3098 266 4645 3099 266 4646 3099 266 4647 3098 266 4648 3100 266 4649 3101 1676 4650 3102 1677 4651 3103 1677 4652 3103 1677 4653 3102 1677 4654 3104 1676 4655 3105 1678 4656 3106 1678 4657 3107 1678 4658 3107 1678 4659 3106 1678 4660 3108 1678 4661 3109 1679 4662 3110 1680 4663 3111 1680 4664 3111 1680 4665 3110 1680 4666 3112 1679 4667 3113 1356 4668 3114 1356 4669 3115 1356 4670 3115 1356 4671 3114 1356 4672 3116 1356 4673 3117 1356 4674 3118 1356 4675 3119 1356 4676 3119 1356 4677 3118 1356 4678 3120 1356 4679 3121 1356 4680 3122 1356 4681 3123 1356 4682 3123 1356 4683 3122 1356 4684 3124 1356 4685 3125 1356 4686 3126 1356 4687 3127 1356 4688 3127 1356 4689 3126 1356 4690 3128 1356 4691 3129 1356 4692 3130 1356 4693 3131 1356 4694 3131 1356 4695 3130 1356 4696 3132 1356 4697 3133 1356 4698 3134 1356 4699 3135 1356 4700 3135 1356 4701 3134 1356 4702 3136 1356 4703 3137 1356 4704 3138 1356 4705 3139 1356 4706 3139 1356 4707 3138 1356 4708 3140 1356 4709 3141 1356 4710 3142 1356 4711 3143 1356 4712 3143 1356 4713 3142 1356 4714 3144 1356 4715 3145 1356 4716 3146 1356 4717 3147 1356 4718 3147 1356 4719 3146 1356 4720 3148 1356 4721 3149 1356 4722 3150 1356 4723 3151 1356 4724 3151 1356 4725 3150 1356 4726 3152 1356 4727 3153 1356 4728 3154 1356 4729 3155 1356 4730 3155 1356 4731 3154 1356 4732 3156 1356 4733 3157 1356 4734 3158 1356 4735 3159 1356 4736 3159 1356 4737 3158 1356 4738 3160 1356 4739 3161 1356 4740 3162 1356 4741 3163 1356 4742 3163 1356 4743 3162 1356 4744 3164 1356 4745 3165 1356 4746 3166 1356 4747 3167 1356 4748 3167 1356 4749 3166 1356 4750 3168 1356 4751 3169 1356 4752 3170 1356 4753 3171 1356 4754 3171 1356 4755 3170 1356 4756 3172 1356 4757 3173 1356 4758 3174 1356 4759 3175 1356 4760 3175 1356 4761 3174 1356 4762 3176 1356 4763 3177 1356 4764 3178 1356 4765 3179 1356 4766 3179 1356 4767 3178 1356 4768 3180 1356 4769 3181 1356 4770 3182 1356 4771 3183 1356 4772 3183 1356 4773 3182 1356 4774 3184 1356 4775 3185 1356 4776 3186 1356 4777 3187 1356 4778 3187 1356 4779 3186 1356 4780 3188 1356 4781 3189 1356 4782 3190 1356 4783 3191 1356 4784 3191 1356 4785 3190 1356 4786 3192 1356 4787 3193 1356 4788 3194 1356 4789 3195 1356 4790 3195 1356 4791 3194 1356 4792 3196 1356 4793 3197 1356 4794 3198 1356 4795 3199 1356 4796 3199 1356 4797 3198 1356 4798 3200 1356 4799 3201 1356 4800 3202 1356 4801 3203 1356 4802 3203 1356 4803 3202 1356 4804 3204 1356 4805 3205 1356 4806 3206 1356 4807 3207 1356 4808 3207 1356 4809 3206 1356 4810 3208 1356 4811 3209 1681 4812 3210 1682 4813 3211 1683 4814 3211 1683 4815 3210 1682 4816 3212 1684 4817 3213 1685 4818 3214 1686 4819 3215 1687 4820 3215 1687 4821 3214 1686 4822 3216 1688 4823 3217 1689 4824 3218 1690 4825 3219 1691 4826 3219 1691 4827 3218 1690 4828 3220 1692 4829 3221 1693 4830 3222 1694 4831 3223 1695 4832 3223 1695 4833 3222 1694 4834 3224 1696 4835 3225 899 4836 3226 1697 4837 3227 1698 4838 3227 1698 4839 3226 1697 4840 3228 1699 4841 3229 1700 4842 3230 1701 4843 3231 1702 4844 3231 1702 4845 3230 1701 4846 3232 1703 4847 3233 1704 4848 3234 1705 4849 3235 1706 4850 3235 1706 4851 3234 1705 4852 3236 1707 4853 3237 327 4854 3238 1708 4855 3239 1709 4856 3239 1709 4857 3238 1708 4858 3240 1710 4859 3241 1711 4860 3242 1712 4861 3243 1713 4862 3243 1713 4863 3242 1712 4864 3244 1714 4865 3245 1715 4866 3246 1715 4867 3247 1715 4868 3249 1716 4869 3250 1717 4870 3251 1716 4871 3252 1718 4872 3253 1719 4873 3254 1720 4874 3255 1721 4875 3256 1721 4876 3257 1721 4877 3258 1722 4878 3259 1723 4879 3260 1722 4880 3261 1724 4881 3262 1725 4882 3263 1726 4883 3264 1727 4884 3265 1728 4885 3266 1727 4886 3267 1729 4887 3268 1729 4888 3269 1729 4889 3270 1730 4890 3271 1731 4891 3272 1732 4892 3273 1733 4893 3274 1734 4894 3275 1735 4895 3276 1736 4896 3277 1737 4897 3278 1738 4898 3279 1739 4899 3280 1740 4900 3281 1741 4901 3282 1742 4902 3283 1743 4903 3284 1744 4904 3285 1745 4905 3286 1746 4906 3287 1745 4907 3288 1747 4908 3289 1748 4909 3290 1747 4910 3291 1749 4911 3292 1750 4912 3293 1749 4913 3294 1751 4914 3295 1751 4915 3296 1752 4916 3297 1753 4917 3298 1754 4918 3299 1755 4919 3300 1756 4920 3301 1757 4921 3302 1757 4922 3303 1758 4923 3304 1759 4924 3305 1760 4925 3306 1761 4926 3307 1761 4927 3308 1761 4928 3309 1762 4929 3310 1762 4930 3311 1763 4931 3312 1764 4932 3313 1765 4933 3314 1766 4934 3315 1767 4935 3316 1767 4936 3317 1768 4937 3318 1769 4938 3319 1770 4939 3320 1770 4940 3321 1771 4941 3322 1771 4942 3323 1771 4943 3324 1772 4944 3325 1773 4945 3326 1774 4946 3327 1775 4947 3328 1776 4948 3329 1775 4949 3330 1777 4950 3331 1777 4951 3332 1777 4952 3333 1778 4953 3334 1779 4954 3335 1780 4955 3336 1781 4956 3337 1782 4957 3338 1783 4958 3339 1784 4959 3340 1784 4960 3341 1785 4961 3342 1786 4962 3343 1786 4963 3344 1787 4964 3345 1788 4965 3346 574 4966 3347 1788 4967 3348 1789 4968 3349 1789 4969 3350 1790 4970 3351 1791 4971 3352 1792 4972 3353 1792 4973 3354 1793 4974 3355 1794 4975 3356 1795 4976 3357 1796 4977 3358 1797 4978 3359 1798 4979 3360 1792 4980 3361 1792 4981 3362 1792 4982 3363 1792 4983 3364 1791 4984 3365 1799 4985 3366 1800 4986 3367 1801 4987 3368 1800 4988 3369 1802 4989 3370 1803 4990 3371 1804 4991 3372 1805 4992 3373 1805 4993 3374 1806 4994 3375 1807 4995 3376 1808 4996 3377 1808 4997 3378 1809 4998 3379 1810 4999 3380 1809 5000 3381 1811 5001 3382 1812 5002 3383 1813 5003 3384 1814 5004 3385 1815 5005 3386 1816 5006 3387 1817 5007 3388 1818 5008 3389 1818 5009 3390 1819 5010 3391 1819 5011 3392 1820 5012 3393 1821 5013 3394 1822 5014 3395 1822 5015 3396 1823 5016 3397 1824 5017 3398 1823 5018 3399 1825 5019 3400 1826 5020 3401 1825 5021 3402 1827 5022 3403 1827 5023 3404 1828 5024 3405 1829 5025 3406 1830 5026 3407 1831 5027 3408 1832 5028 3409 1832 5029 3410 1833 5030 3411 1834 5031 3412 1835 5032 3413 1834 5033 3414 1836 5034 3415 1837 5035 3416 1838 5036 3417 371 5037 3418 371 5038 3419 371 5039 3420 1839 5040 3421 1840 5041 3422 1841 5042 3423 1842 5043 3424 1843 5044 3425 1842 5045 3426 1844 5046 3427 1845 5047 3428 1846 5048 3429 1847 5049 3430 1848 5050 3431 1848 5051 3432 1849 5052 3433 1849 5053 3434 360 5054 3435 1850 5055 3436 1850 5056 3437 1850 5057 3438 1851 5058 3439 1852 5059 3440 1853 5060 3441 1854 5061 3442 1855 5062 3443 1856 5063 3444 1857 5064 3445 1858 5065 3446 1858 5066 3447 1859 5067 3448 1860 5068 3449 1860 5069 3450 1861 5070 3451 1862 5071 3452 1863 5072 3453 1864 5073 3454 1865 5074 3455 1866 5075 3456 1867 5076 3457 1867 5077 3458 1868 5078 3459 1869 5079 3460 1870 5080 3461 1870 5081 3462 1871 5082 3463 1872 5083 3464 1871 5084 3465 1873 5085 3466 1874 5086 3467 1875 5087 3468 1876 5088 3469 1876 5089 3470 372 5090 3471 1877 5091 3472 1878 5092 3473 1878 5093 3474 1879 5094 3475 1880 5095 3476 1880 5096 3477 1881 5097 3478 1882 5098 3479 1883 5099 3480 1884 5100 3481 1885 5101 3482 1886 5102 3483 1887 5103 3484 1888 5104 3485 1887 5105 3486 1889 5106 3487 1889 5107 3488 1889 5108 3489 1890 5109 3490 1891 5110 3491 1892 5111 3492 1893 5112 3493 1894 5113 3494 1895 5114 3495 1896 5115 3496 1897 5116 3497 1898 5117 3498 1899 5118 3499 1900 5119 3500 1901 5120 3501 1902 5121 3502 262 5122 3503 1902 5123 3504 1903 5124 3505 1904 5125 3506 1904 5126 3507 1905 5127 3508 1905 5128 3509 1906 5129 3510 1907 5130 3511 1908 5131 3512 1909 5132 3513 1910 5133 3514 1911 5134 3515 1912 5135 3516 1913 5136 3517 1914 5137 3518 1914 5138 3519 1915 5139 3520 1915 5140 3521 1915 5141 3522 1916 5142 3523 1917 5143 3524 1916 5144 3525 1918 5145 3526 1919 5146 3527 1920 5147 3528 1921 5148 3529 1921 5149 3530 1922 5150 3531 1923 5151 3532 1924 5152 3533 1924 5153 3534 1925 5154 3535 1926 5155 3536 1925 5156 3537 1927 5157 3538 251 5158 3539 1927 5159 3540 1928 5160 3541 1929 5161 3542 1930 5162 3543 1931 5163 3544 1932 5164 3545 1931 5165 3546 1933 5166 3547 1934 5167 3548 1935 5168 3549 1936 5169 3550 1936 5170 3551 1937 5171 3552 1938 5172 3553 1939 5173 3554 1940 5174 3555 1941 5175 3556 1941 5176 3557 1942 5177 3558 1943 5178 3559 1944 5179 3560 1945 5180 3561 1946 5181 3562 1946 5182 3563 1946 5183 3564 1947 5184 3565 1948 5185 3566 1949 5186 3567 1950 5187 3568 1951 5188 3569 1952 5189 3570 1953 5190 3571 1954 5191 3572 1955 5192 3573 1956 5193 3574 1957 5194 3575 1958 5195 3576 1959 5196 3577 1960 5197 3578 1960 5198 3579 1961 5199 3580 1962 5200 3581 1963 5201 3582 1964 5202 3583 1964 5203 3584 1964 5204 3585 1965 5205 3586 1965 5206 3587 1966 5207 3588 1967 5208 3589 1967 5209 3590 1967 5210 3591 1968 5211 3592 1969 5212 3593 1968 5213 3594 1970 5214 3595 1971 5215 3596 1970 5216 3597 1972 5217 3598 1973 5218 3599 1974 5219 3600 1975 5220 3601 1976 5221 3602 1977 5222 3603 1978 5223 3604 1978 5224 3605 1979 5225 3606 1980 5226 3607 1980 5227 3608 1981 5228 3609 1982 5229 3610 1983 5230 3611 1984 5231 3612 1985 5232 3613 1986 5233 3614 1987 5234 3615 1988 5235 3616 1989 5236 3617 1990 5237 3618 1991 5238 3619 1992 5239 3620 1993 5240 3621 1994 5241 3622 1995 5242 3623 1996 5243 3624 1997 5244 3625 1998 5245 3626 1997 5246 3627 1999 5247 3628 2000 5248 3629 1999 5249 3630 2001 5250 3631 2002 5251 3632 2003 5252 3633 2004 5253 3634 2004 5254 3635 2005 5255 3636 2006 5256 3637 2007 5257 3638 2008 5258 3639 2009 5259 3640 2010 5260 3641 2010 5261 3642 2011 5262 3643 2012 5263 3644 2013 5264 3645 2014 5265 3646 2014 5266 3647 2014 5267 3648 2015 5268 3649 2016 5269 3650 2015 5270 3651 2017 5271 3652 2018 5272 3653 2017 5273 3654 2019 5274 3655 2020 5275 3656 2021 5276 3657 2022 5277 3658 2023 5278 3659 2022 5279 3660 2024 5280 3661 2024 5281 3662 176 5282 3663 2025 5283 3664 2026 5284 3665 2027 5285 3666 2028 5286 3667 2029 5287 3668 2030 5288 3669 2031 5289 3670 2032 5290 3671 2033 5291 3672 2027 5292 3673 2027 5293 3674 2027 5294 3675 2027 5295 3676 2027 5296 3677 2026 5297 3678 2034 5298 3679 2035 5299 3680 2036 5300 3681 2037 5301 3682 2038 5302 3683 2039 5303 3684 2040 5304 3685 2040 5305 3686 2041 5306 3687 2042 5307 3688 2043 5308 3689 2043 5309 3690 2044 5310 3691 2045 5311 3692 2044 5312 3693 2046 5313 3694 2046 5314 3695 2047 5315 3696 2048 5316 3697 2048 5317 3698 2048 5318 3699 2049 5319 3700 2050 5320 3701 2049 5321 3702 2051 5322 3703 2052 5323 3704 2051 5324 3705 2053 5325 3706 2053 5326 3707 2053 5327 3708 2054 5328 3709 2055 5329 3710 2056 5330 3711 2057 5331 3712 2058 5332 3713 2059 5333 3714 2060 5334 3715 2061 5335 3716 2062 5336 3717 2063 5337 3718 2063 5338 3719 2063 5339 3720 2064 5340 3721 2065 5341 3722 2066 5342 3723 2067 5343 3724 2068 5344 3725 2069 5345 3726 2070 5346 3727 2071 5347 3728 2072 5348 3729 2073 5349 3730 2073 5350 3731 2074 5351 3732 2075 5352 3733 2076 5353 3734 2077 5354 3735 2078 5355 3736 2078 5356 3737 2079 5357 3738 2080 5358 3739 2081 5359 3740 2081 5360 3741 2082 5361 3742 2083 5362 3743 2082 5363 3744 2084 5364 3745 2085 5365 3746 2086 5366 3747 2087 5367 3748 2088 5368 3749 2087 5369 3750 2089 5370 3751 2089 5371 3752 2089 5372 3753 2090 5373 3754 2091 5374 3755 2092 5375 3756 2093 5376 3757 2094 5377 3758 2095 5378 3759 2096 5379 3760 2096 5380 3761 2097 5381 3762 2098 5382 3763 2098 5383 3764 2099 5384 3765 2100 5385 3766 2101 5386 3767 2101 5387 3768 2102 5388 3769 2103 5389 3770 2104 5390 3771 2105 5391 3772 2106 5392 3773 2107 5393 3774 2108 5394 3775 2109 5395 3776 2109 5396 3777 2110 5397 3778 2111 5398 3779 2110 5399 3780 2112 5400 3781 2112 5401 3782 2113 5402 3783 2114 5403 3784 2115 5404 3785 2116 5405 3786 2117 5406 3787 2117 5407 3788 2118 5408 3789 2119 5409 3790 2120 5410 3791 2119 5411 3792 2121 5412 3793 2122 5413 3794 2123 5414 3795 2124 5415 3796 2125 5416 3797 2124 5417 3798 2126 5418 3799 2126 5419 3800 2127 5420 3801 2128 5421 3802 2129 5422 3803 2130 5423 3804 2131 5424 3805 2131 5425 3806 2132 5426 3807 2133 5427 3808 2134 5428 3809 2135 5429 3810 88 5430 3811 88 5431 3812 88 5432 3813 728 5433 3814 728 5434 3815 728 5435 3816 728 5436 3817 728 5437 3818 728 5438 3819 728 5439 3820 728 5440 3821 728 5441 3822 2136 5442 3823 2137 5443 3824 2137 5444 3825 2138 5445 3826 2138 5446 3827 2139 5447 3828 2140 5448 3829 2141 5449 3830 2141 5450 3831 2142 5451 3832 2143 5452 3833 2144 5453 3834 2145 5454 3835 2146 5455 3836 2147 5456 3837 2148 5457 3838 2148 5458 3839 2149 5459 3840 2150 5460 3841 2151 5461 3842 2152 5462 3843 2153 5463 3844 2154 5464 3845 2155 5465 3846 2156 5466 3847 2157 5467 3848 2158 5468 3849 88 5469 3850 88 5470 3851 88 5471 3852 2159 5472 3853 2160 5473 3854 2161 5474 3855 2162 5475 3856 2163 5476 3857 2164 5477 3858 2165 5478 3859 2166 5479 3860 2166 5480 3861 2167 5481 3862 2168 5482 3863 2168 5483 3864 371 5484 3865 371 5485 3866 371 5486 3867 2169 5487 3868 2170 5488 3869 2171 5489 3870 2172 5490 3871 2173 5491 3872 2174 5492 3873 2175 5493 3874 2176 5494 3875 2175 5495 3876 2177 5496 3877 2178 5497 3878 2178 5498 3879 2179 5499 3880 2179 5500 3881 2180 5501 3882 2181 5502 3883 2181 5503 3884 2181 5504 3885 2182 5505 3886 2183 5506 3887 2184 5507 3888 2185 5508 3889 2186 5509 3890 2185 5510 3891 2187 5511 3892 2188 5512 3893 2187 5513 3894 2189 5514 3895 2190 5515 3896 2191 5516 3897 2192 5517 3898 2193 5518 3899 2192 5519 3900 2194 5520 3901 2195 5521 3902 2194 5522 3903 2196 5523 3904 2197 5524 3905 2196 5525 3906 2198 5526 3907 2199 5527 3908 2200 5528 3909 2201 5529 3910 2202 5530 3911 2201 5531 3912 2203 5532 3913 2203 5533 3914 2204 5534 3915 2205 5535 3916 2206 5536 3917 2207 5537 3918 2208 5538 3919 2209 5539 3920 2210 5540 3921 2211 5541 3922 2212 5542 3923 2213 5543 3924 2214 5544 3925 2215 5545 3926 2214 5546 3927 2216 5547 3928 2217 5548 3929 2216 5549 3930 2218 5550 3931 2219 5551 3932 2218 5552 3933 2220 5553 3934 2221 5554 3935 2222 5555 3936 2223 5556 3937 2224 5557 3938 2223 5558 3939 2225 5559 3940 2226 5560 3941 2225 5561 3942 2227 5562 3943 2228 5563 3944 2229 5564 3945 2230 5565 3946 2231 5566 3947 2232 5567 3948 2233 5568 3949 2234 5569 3950 2234 5570 3951 2235 5571 3952 2235 5572 3953 2236 5573 3954 2237 5574 3955 2238 5575 3956 2239 5576 3957 2240 5577 3958 2240 5578 3959 2241 5579 3960 2242 5580 3961 2243 5581 3962 2244 5582 3963 2245 5583 3964 2245 5584 3965 2246 5585 3966 2247 5586 3967 2248 5587 3968 2247 5588 3969 2249 5589 3970 2250 5590 3971 2251 5591 3972 2252 5592 3973 2253 5593 3974 2254 5594 3975 2255 5595 3976 2256 5596 3977 2257 5597 3978 2258 5598 3979 2259 5599 3980 2258 5600 3981 2260 5601 3982 2261 5602 3983 2260 5603 3984 2262 5604 3985 2263 5605 3986 2264 5606 3987 2265 5607 3988 2266 5608 3989 2267 5609 3990 2268 5610 3991 2268 5611 3992 2269 5612 3993 2270 5613 3994 2271 5614 3995 2272 5615 3996 2273 5616 3997 2274 5617 3998 2273 5618 3999 2275 5619 4000 2276 5620 4001 2276 5621 4002 2277 5622 4003 2278 5623 4004 2277 5624 4005 2279 5625 4006 2280 5626 4007 2281 5627 4008 2282 5628 4009 2283 5629 4010 2282 5630 4011 2284 5631 4012 2284 5632 4013 2285 5633 4014 2286 5634 4015 2287 5635 4016 2288 5636 4017 2289 5637 4018 2289 5638 4019 2290 5639 4020 2291 5640 4021 2292 5641 4022 2293 5642 4023 2294 5643 4024 2295 5644 4025 2296 5645 4026 2297 5646 4027 2297 5647 4028 2298 5648 4029 2299 5649 4030 2300 5650 4031 2301 5651 4032 2302 5652 4033 2303 5653 4034 2304 5654 4035 2305 5655 4036 2306 5656 4037 2305 5657 4038 2216 5658 4039 2216 5659 4040 2217 5660 4041 2307 5661 4042 2307 5662 4043 2308 5663 4044 2309 5664 4045 2310 5665 4046 2311 5666 4047 2312 5667 4048 2312 5668 4049 2313 5669 4050 2314 5670 4051 2314 5671 4052 2315 5672 4053 2316 5673 4054 2317 5674 4055 2318 5675 4056 2319 5676 4057 2319 5677 4058 2320 5678 4059 2321 5679 4060 2322 5680 4061 2323 5681 4062 2324 5682 4063 2324 5683 4064 2325 5684 4065 2187 5685 4066 2187 5686 4067 2188 5687 4068 2326 5688 4069 2326 5689 4070 2327 5690 4071 2328 5691 4072 2329 5692 4073 2330 5693 4074 2331 5694 4075 2332 5695 4076 2333 5696 4077 2334 5697 4078 2335 5698 4079 2334 5699 4080 2336 5700 4081 2337 5701 4082 2337 5702 4083 2338 5703 4084 27 5704 4085 27 5705 4086 2339 5706 4087 2340 5707 4088 2341 5708 4089 2342 5709 4090 2343 5710 4091 2343 5711 4092 1356 5712 4093 1356 5713 4094 1356 5714 4095 1356 5715 4096 1356 5716 4097 1356 5717 4098 1356 5718 4099 1356 5719 4100 1356 5720 4101 1356 5721 4102 1356 5722 4103 1356 5723 4104 1356 5724 4105 1356 5725 4106 1356 5726 4107 1356 5727 4108 1356 5728 4109 1356 5729 4110 1356 5730 4111 1356 5731 4112 1356 5732 4113 1356 5733 4114 1356 5734 4115 1356 5735 4116 1356 5736 4117 1356 5737 4118 1356 5738 4119 1356 5739 4120 1356 5740 4121 1356 5741 4122 1356 5742 4123 1356 5743 4124 1356 5744 4125 1356 5745 4126 1356 5746 4127 1356 5747 4128 1356 5748 4129 1356 5749 4130 1356 5750 4131 1356 5751 4132 1356 5752 4133 1356 5753 4134 1356 5754 4135 1356 5755 4136 1356 5756 4137 1356 5757 4138 1356 5758 4139 1356 5759 4140 1356 5760 4141 1356 5761 4142 1356 5762 4143 1356 5763 4144 1356 5764 4145 1356 5765 4146 1356 5766 4147 1356 5767 4148 1356 5768 4149 1356 5769 4150 1356 5770 4151 1356 5771 4152 1356 5772 4153 1356 5773 4154 1356 5774 4155 1356 5775 4156 1356 5776 4157 1356 5777 4158 1356 5778 4159 1356 5779 4160 1356 5780 4161 1356 5781 4162 1356 5782 4163 1356 5783 4164 1356 5784 4165 1356 5785 4166 1356 5786 4167 1356 5787 4168 1356 5788 4169 1356 5789 4170 1356 5790 4171 1356 5791 4172 1356 5792 4173 1356 5793 4174 1356 5794 4175 1356 5795 4176 1356 5796 4177 1356 5797 4178 1356 5798 4179 1356 5799 4180 1356 5800 4181 1356 5801 4182 1356 5802 4183 1356 5803 4184 1356 5804 4185 1356 5805 4186 1356 5806 4187 1356 5807 4188 1356 5808 4189 1356 5809 4190 1356 5810 4191 1356 5811 4192 1356 5812 4193 1356 5813 4194 1356 5814 4195 1356 5815 4196 1356 5816 4197 1356 5817 4198 1356 5818 4199 1356 5819 4200 1356 5820 4201 1356 5821 4202 1356 5822 4203 1356 5823 4204 1356 5824 4205 1356 5825 4206 1356 5826 4207 1356 5827 4208 1356 5828 4209 1356 5829 4210 1356 5830 4211 1356 5831 4212 1356 5832 4213 1356 5833 4214 1356 5834 4215 1356 5835 4216 1356 5836 4217 1356 5837 4218 1356 5838 4219 1356 5839 4220 1356 5840 4221 1356 5841 4222 1356 5842 4223 1356 5843 4224 1356 5844 4225 1356 5845 4226 1356 5846 4227 1356 5847 4228 1356 5848 4229 1356 5849 4230 1356 5850 4231 1356 5851 4232 1356 5852 4233 1356 5853 4234 1356 5854 4235 1356 5855 4236 1356 5856 4237 1356 5857 4238 1356 5858 4239 1356 5859 4240 1356 5860 4241 1356 5861 4242 1356 5862 4243 1356 5863 4244 1356 5864 4245 1356 5865 4246 1356 5866 4247 1356 5867 4248 1356 5868 4249 1356 5869 4250 1356 5870 4251 1356 5871 4252 1356 5872 4253 1356 5873 4254 1356 5874 4255 1356 5875 4256 1356 5876 4257 1356 5877 4258 1356 5878 4259 1356 5879 4260 1356 5880 4261 1356 5881 4262 1356 5882 4263 1356 5883 4264 1356 5884 4265 1356 5885 4266 1356 5886 4267 1356 5887 4268 1356 5888 4269 728 5889 4270 728 5890 4271 728 5891 4272 728 5892 4273 728 5893 4274 728 5894 4275 728 5895 4276 728 5896 4277 728 5897 4278 728 5898 4279 728 5899 4280 728 5900 4281 728 5901 4282 728 5902 4283 728 5903 4284 1356 5904 4285 1356 5905 4286 1356 5906 4287 1356 5907 4288 1356 5908 4289 1356 5909 4290 1356 5910 4291 1356 5911 4292 1356 5912 4293 1356 5913 4294 1356 5914 4295 1356 5915 4296 728 5916 4297 728 5917 4298 728 5918 4299 1356 5919 4300 1356 5920 4301 1356 5921 4302 728 5922 4303 728 5923 4304 728 5924 4305 1356 5925 4306 1356 5926 4307 1356 5927 4308 728 5928 4309 728 5929 4310 728 5930 4311 1356 5931 4312 1356 5932 4313 1356 5933 4314 728 5934 4315 728 5935 4316 728 5936 4317 1356 5937 4318 1356 5938 4319 1356 5939 4320 728 5940 4321 728 5941 4322 728 5942 4323 728 5943 4324 728 5944 4325 728 5945 4326 728 5946 4327 728 5947 4328 728 5948 4329 728 5949 4330 728 5950 4331 728 5951 4332 1356 5952 4333 1356 5953 4334 1356 5954 4335 1356 5955 4336 1356 5956 4337 1356 5957 4338 1356 5958 4339 1356 5959 4340 1356 5960 4341 1356 5961 4342 1356 5962 4343 1356 5963 4344 728 5964 4345 728 5965 4346 728 5966 4347 1356 5967 4348 1356 5968 4349 1356 5969 4350 728 5970 4351 728 5971 4352 728 5972 4353 1356 5973 4354 1356 5974 4355 1356 5975 4356 728 5976 4357 728 5977 4358 728 5978 4359 1356 5979 4360 1356 5980 4361 1356 5981 4362 728 5982 4363 728 5983 4364 728 5984 4365 1356 5985 4366 1356 5986 4367 1356 5987 4368 728 5988 4369 728 5989 4370 728 5990 4371 728 5991 4372 728 5992 4373 728 5993 4374 728 5994 4375 728 5995 4376 728 5996 4377 728 5997 4378 728 5998 4379 728 5999 4380 1356 6000 4381 1356 6001 4382 1356 6002 4383 1356 6003 4384 1356 6004 4385 1356 6005 4386 1356 6006 4387 1356 6007 4388 1356 6008 4389 1356 6009 4390 1356 6010 4391 1356 6011 4392 1356 6012 4393 1356 6013 4394 1356 6014 4395 728 6015 4396 728 6016 4397 728 6017 4398 1356 6018 4399 1356 6019 4400 1356 6020 4401 728 6021 4402 728 6022 4403 728 6023 4404 1356 6024 4405 1356 6025 4406 1356 6026 4407 728 6027 4408 728 6028 4409 728 6029 4410 1356 6030 4411 1356 6031 4412 1356 6032 4413 728 6033 4414 728 6034 4415 728 6035 4416 1356 6036 4417 1356 6037 4418 1356 6038 4419 728 6039 4420 728 6040 4421 728 6041 4422 728 6042 4423 728 6043 4424 728 6044 4425 728 6045 4426 728 6046 4427 728 6047 4428 728 6048 4429 728 6049 4430 728 6050 4431 1356 6051 4432 1356 6052 4433 1356 6053 4434 1356 6054 4435 1356 6055 4436 1356 6056 4437 1356 6057 4438 1356 6058 4439 1356 6059 4440 1356 6060 4441 1356 6061 4442 1356 6062 4443 728 6063 4444 728 6064 4445 728 6065 4446 1356 6066 4447 1356 6067 4448 1356 6068 4449 728 6069 4450 728 6070 4451 728 6071 4452 1356 6072 4453 1356 6073 4454 1356 6074 4455 728 6075 4456 728 6076 4457 728 6077 4458 1356 6078 4459 1356 6079 4460 1356 6080 4461 728 6081 4462 728 6082 4463 728 6083 4464 1356 6084 4465 1356 6085 4466 1356 6086 4467 1356 6087 4468 1356 6088 4469 1356 6089 4470 728 6090 4471 728 6091 4472 728 6092 4473 1356 6093 4474 1356 6094 4475 1356 6095 4476 88 6096 4477 88 6097 4478 88 6098 4479 88 6099 4480 88 6100 4481 88 6101 4482 371 6102 4483 371 6103 4484 371 6104 4485 371 6105 4486 371 6106 4487 371 6107 4488 371 6108 4489 371 6109 4490 371 6110 4491 371 6111 4492 371 6112 4493 371 6113 4494 88 6114 4495 88 6115 4496 88 6116 4497 88 6117 4498 88 6118 4499 88 6119 4500 728 6120 4501 728 6121 4502 728 6122 4503 728 6123 4504 728 6124 4505 728 6125 4506 728 6126 4507 728 6127 4508 728 6128 4509 1356 6129 4510 1356 6130 4511 1356 6131 4512 1356 6132 4513 1356 6133 4514 1356 6134 4515 1356 6135 4516 1356 6136 4517 1356 6137 4518 728 6138 4519 728 6139 4520 728 6140 4521 728 6141 4522 728 6142 4523 728 6143 4524 728 6144 4525 728 6145 4526 728 6146 4527 1356 6147 4528 1356 6148 4529 1356 6149 4530 1356 6150 4531 1356 6151 4532 1356 6152 4533 1356 6153 4534 1356 6154 4535 1356 6155 4536 728 6156 4537 728 6157 4538 728 6158 4539 728 6159 4540 728 6160 4541 728 6161 4542 728 6162 4543 728 6163 4544 728 6164 4545 1356 6165 4546 1356 6166 4547 1356 6167 4548 1356 6168 4549 1356 6169 4550 1356 6170 4551 1356 6171 4552 1356 6172 4553 1356 6173 4554 728 6174 4555 728 6175 4556 728 6176 4557 728 6177 4558 728 6178 4559 728 6179 4560 728 6180 4561 728 6181 4562 728 6182 4563 1356 6183 4564 1356 6184 4565 1356 6185 4566 1356 6186 4567 1356 6187 4568 1356 6188 4569 1356 6189 4570 1356 6190 4571 1356 6191 4572 1356 6192 4573 1356 6193 4574 2344 6194 4575 2345 6195 4576 2346 6196 4577 2346 6197 4578 1356 6198 4579 1356 6199 4580 1356 6200 4581 1356 6201 4582 1356 6202 4583 1356 6203 4584 1356 6204 4585 1356 6205 4586 1356 6206 4587 1356 6207 4588 1356 6208 4589 1356 6209 4590 1430 6210 4591 1431 6211 4592 1431 6212 4593 1356 6213 4594 2347 6214 4595 1356 6215 4596 1356 6216 4597 1356 6217 4598 1356 6218 4599 2348 6219 4600 1356 6220 4601 1356 6221 4602 2349 6222 4603 2350 6223 4604 2350 6224 4605 1356 6225 4606 1356 6226 4607 1356 6227 4608 1356 6228 4609 1356 6229 4610 1356 6230 4611 1356 6231 4612 1356 6232 4613 1356 6233 4614 1356 6234 4615 1356 6235 4616 1356 6236 4617 1406 6237 4618 1407 6238 4619 1407 6239 4620 1356 6240 4621 2351 6241 4622 1356 6242 4623 1356 6243 4624 1356 6244 4625 1356 6245 4626 728 6246 4627 728 6247 4628 728 6248 4629 728 6249 4630 728 6250 4631 728 6251 4632 728 6252 4633 728 6253 4634 728 6254 4635 728 6255 4636 728 6256 4637 728 6257 4638 728 6258 4639 728 6259 4640 728 6260 4641 728 6261 4642 728 6262 4643 728 6263 4644 728 6264 4645 728 6265 4646 728 6266 4647 728 6267 4648 728 6268 4649 728 6269 4650 728 6270 4651 728 6271 4652 728 6272 4653 728 6273 4654 728 6274 4655 728 6275 4656 728 6276 4657 728 6277 4658 728 6278 4659 728 6279 4660 728 6280 4661 728 6281 4662 728 6282 4663 728 6283 4664 728 6284 4665 728 6285 4666 728 6286 4667 728 6287 4668 728 6288 4669 728 6289 4670 728 6290 4671 728 6291 4672 728 6292 4673 728 6293 4674 728 6294 4675 728 6295 4676 728 6296 4677 728 6297 4678 728 6298 4679 728 6299 4680 728 6300 4681 728 6301 4682 728 6302 4683 728 6303 4684 728 6304 4685 728 6305 4686 728 6306 4687 728 6307 4688 728 6308 4689 728 6309 4690 728 6310 4691 728 6311 4692 728 6312 4693 728 6313 4694 728 6314 4695 728 6315 4696 728 6316 4697 728 6317 4698 728 6318 4699 728 6319 4700 728 6320 4701 728 6321 4702 728 6322 4703 728 6323 4704 728 6324 4705 728 6325 4706 728 6326 4707 728 6327 4708 728 6328 4709 728 6329 4710 728 6330 4711 728 6331 4712 728 6332 4713 728 6333 4714 728 6334 4715 728 6335 4716 728 6336 4717 728 6337 4718 728 6338 4719 728 6339 4720 728 6340 4721 728 6341 4722 728 6342 4723 728 6343 4724 728 6344 4725 728 6345 4726 728 6346 4727 728 6347 4728 728 6348 4729 728 6349 4730 728 6350 4731 728 6351 4732 728 6352 4733 728 6353 4734 728 6354 4735 728 6355 4736 728 6356 4737 728 6357 4738 728 6358 4739 728 6359 4740 728 6360 4741 728 6361 4742 728 6362 4743 728 6363 4744 728 6364 4745 728 6365 4746 728 6366 4747 728 6367 4748 728 6368 4749 728 6369 4750 728 6370 4751 728 6371 4752 728 6372 4753 728 6373 4754 728 6374 4755 728 6375 4756 728 6376 4757 728 6377 4758 728 6378 4759 728 6379 4760 728 6380 4761 728 6381 4762 728 6382 4763 728 6383 4764 728 6384 4765 728 6385 4766 728 6386 4767 728 6387 4768 728 6388 4769 728 6389 4770 728 6390 4771 728 6391 4772 728 6392 4773 728 6393 4774 728 6394 4775 728 6395 4776 728 6396 4777 728 6397 4778 728 6398 4779 728 6399 4780 728 6400 4781 728 6401 4782 728 6402 4783 728 6403 4784 728 6404 4785 728 6405 4786 728 6406 4787 728 6407 4788 728 6408 4789 728 6409 4790 728 6410 4791 728 6411 4792 728 6412 4793 728 6413 4794 728 6414 4795 728 6415 4796 728 6416 4797 728 6417 4798 728 6418 4799 728 6419 4800 728 6420 4801 728 6421 4802 728 6422 4803 728 6423 4804 728 6424 4805 728 6425 4806 2352 6426 4807 2353 6427 4808 2353 6428 4809 2354 6429 4810 2354 6430 4811 2355 6431 4812 2356 6432 4813 2357 6433 4814 2358 6434 4815 2359 6435 4816 2359 6436 4817 2360 6437 4818 2361 6438 4819 2361 6439 4820 2362 6440 4821 2363 6441 4822 2364 6442 4823 2365 6443 4824 2366 6444 4825 2367 6445 4826 2366 6446 4827 2368 6447 4828 2369 6448 4829 2368 6449 4830 2370 6450 4831 2371 6451 4832 2372 6452</p>
        </triangles>
      </mesh>
    </geometry>
  </library_geometries>
  <library_visual_scenes>
    <visual_scene id="Scene" name="Scene">
      <node id="Mesh_0578" name="Mesh_0578" type="NODE">
        <matrix sid="transform">1 0 0 0 0 1 0 0 0 0 1 0 0 0 0 1</matrix>
        <instance_geometry url="#Mesh_0578Mesh_001-mesh" name="Mesh_0578"/>
      </node>
    </visual_scene>
  </library_visual_scenes>
  <scene>
    <instance_visual_scene url="#Scene"/>
  </scene>
</COLLADA>