<?xml version="1.0" encoding="utf-8"?>
<COLLADA xmlns="http://www.collada.org/2005/11/COLLADASchema" version="1.4.1" xmlns:xsi="http://www.w3.org/2001/XMLSchema-instance">
  <asset>
    <contributor>
      <author>Blender User</author>
      <authoring_tool>Blender 4.0.0 commit date:2023-11-13, commit time:17:26, hash:878f71061b8e</authoring_tool>
    </contributor>
    <created>2026-09-04T22:01:22</created>
    <modified>2026-09-04T22:01:22</modified>
    <unit name="meter" meter="1"/>
    <up_axis>Z_UP</up_axis>
  </asset>
  <library_effects>
    <effect id="Material_001-effect">
      <profile_COMMON>
        <newparam sid="tex1_256x256_eecc8e89cdb7c183_14_png-surface">
          <surface type="2D">
            <init_from>tex1_256x256_eecc8e89cdb7c183_14_png</init_from>
          </surface>
        </newparam>
        <newparam sid="tex1_256x256_eecc8e89cdb7c183_14_png-sampler">
          <sampler2D>
            <source>tex1_256x256_eecc8e89cdb7c183_14_png-surface</source>
          </sampler2D>
        </newparam>
        <technique sid="common">
          <lambert>
            <emission>
              <color sid="emission">0 0 0 1</color>
            </emission>
            <diffuse>
              <texture texture="tex1_256x256_eecc8e89cdb7c183_14_png-sampler" texcoord="Float2"/>
            </diffuse>
            <index_of_refraction>
              <float sid="ior">1.45</float>
            </index_of_refraction>
          </lambert>
        </technique>
      </profile_COMMON>
    </effect>
  </library_effects>
  <library_images>
    <image id="tex1_256x256_eecc8e89cdb7c183_14_png" name="tex1_256x256_eecc8e89cdb7c183_14_png">
      <init_from>tex1_256x256_eecc8e89cdb7c183_14.png</init_from>
    </image>
  </library_images>
  <library_materials>
    <material id="Material_001-material" name="Material.001">
      <instance_effect url="#Material_001-effect"/>
    </material>
  </library_materials>
  <library_geometries>
    <geometry id="Mesh_0388Mesh-mesh" name="Mesh_0388Mesh">
      <mesh>
        <source id="Mesh_0388Mesh-mesh-positions">
          <float_array id="Mesh_0388Mesh-mesh-positions-array" count="10446">-10.98633 -2.929687 2.441406 -11.71875 -2.929687 2.685547 -11.96289 0 2.685547 0 0 0 -10.98633 -4.638672 2.685547 -11.71875 -2.929687 2.685547 -10.98633 -2.929687 2.441406 -12.45117 -7.080078 1.953125 -11.96289 -6.835937 2.197266 -11.23047 -7.568359 2.197266 -11.23047 -7.568359 2.197266 -11.96289 -6.835937 2.197266 -11.23047 -6.347656 2.441406 -13.67187 0 2.197266 -14.89258 -0.4882813 1.464844 -15.13672 0 1.220703 -15.86914 -4.150391 0 -13.67187 -7.8125 0.7324219 -14.16016 -8.300782 0 -11.96289 -6.835937 2.197266 -12.45117 -7.080078 1.953125 -12.69531 -3.173828 2.441406 -15.13672 -3.417969 0.9765625 -13.91602 -3.662109 1.708984 -13.67187 -7.8125 0.7324219 -11.23047 -6.347656 2.441406 -11.96289 -6.835937 2.197266 -12.69531 -3.173828 2.441406 -16.60156 0 0 -15.13672 0 1.220703 -14.89258 -1.953125 1.220703 -14.89258 -0.4882813 1.464844 -14.89258 -1.953125 1.220703 -15.13672 0 1.220703 -15.86914 -4.150391 0 -15.13672 -3.417969 0.9765625 -13.67187 -7.8125 0.7324219 -13.42773 -9.277344 0 -14.16016 -8.300782 0 -13.67187 -7.8125 0.7324219 -14.89258 -0.4882813 1.464844 -14.64844 -1.953125 1.464844 -14.89258 -1.953125 1.464844 -12.45117 -2.197266 2.441406 -12.69531 -3.173828 2.441406 -13.42773 -3.417969 2.441406 -14.89258 -1.953125 1.464844 -14.89258 -1.953125 1.220703 -14.89258 -0.4882813 1.464844 -13.42773 -3.417969 2.441406 -13.42773 -2.441406 2.197266 -12.45117 -2.197266 2.441406 1.464844 14.16016 3.417969 1.953125 14.89258 3.417969 2.685547 13.67187 3.662109 1.220703 13.42773 3.417969 1.464844 14.16016 3.417969 2.685547 13.67187 3.662109 2.685547 13.67187 3.662109 1.464844 12.93945 3.417969 1.220703 13.42773 3.417969 2.685547 13.67187 3.662109 2.197266 12.45117 3.417969 1.464844 12.93945 3.417969 2.685547 13.67187 3.662109 2.929687 12.20703 3.417969 2.197266 12.45117 3.417969 2.685547 13.67187 3.662109 3.662109 12.45117 3.417969 2.929687 12.20703 3.417969 2.685547 13.67187 3.662109 1.953125 14.89258 3.417969 2.685547 15.13672 3.417969 2.685547 13.67187 3.662109 2.685547 15.13672 3.417969 3.417969 15.13672 3.417969 3.417969 15.13672 3.417969 3.90625 14.64844 3.417969 2.685547 13.67187 3.662109 3.90625 14.64844 3.417969 4.150391 13.91602 3.417969 2.685547 13.67187 3.662109 4.150391 13.91602 3.417969 4.150391 13.18359 3.417969 2.685547 13.67187 3.662109 4.150391 13.18359 3.417969 3.662109 12.45117 3.417969 2.685547 13.67187 3.662109 1.220703 15.86914 0.7324219 1.220703 16.11328 1.464844 0.2441406 14.89258 1.464844 0.2441406 13.42773 2.441406 0.4882813 13.42773 2.685547 0.7324219 12.20703 2.685547 0.7324219 12.20703 2.685547 1.708984 11.47461 2.929687 1.708984 11.23047 2.685547 2.929687 10.98633 2.685547 2.929687 11.23047 2.929687 4.150391 11.47461 2.685547 5.615234 13.91602 1.464844 5.126953 15.38086 1.464844 4.882812 15.13672 0.7324219 4.150391 11.47461 2.685547 4.882812 12.69531 2.685547 5.126953 12.69531 2.197266 -1.464844 14.16016 3.417969 -2.685547 13.67187 3.662109 -1.953125 14.89258 3.417969 -1.220703 13.42773 3.417969 -2.685547 13.67187 3.662109 -1.464844 14.16016 3.417969 -2.685547 13.67187 3.662109 -1.220703 13.42773 3.417969 -1.464844 12.93945 3.417969 -2.685547 13.67187 3.662109 -1.464844 12.93945 3.417969 -2.197266 12.45117 3.417969 -2.685547 13.67187 3.662109 -2.197266 12.45117 3.417969 -2.929687 12.20703 3.417969 -2.685547 13.67187 3.662109 -2.929687 12.20703 3.417969 -3.662109 12.45117 3.417969 -2.685547 13.67187 3.662109 -2.685547 15.13672 3.417969 -1.953125 14.89258 3.417969 -2.685547 13.67187 3.662109 -3.417969 15.13672 3.417969 -2.685547 15.13672 3.417969 -3.417969 15.13672 3.417969 -2.685547 13.67187 3.662109 -3.90625 14.64844 3.417969 -3.90625 14.64844 3.417969 -2.685547 13.67187 3.662109 -4.150391 13.91602 3.417969 -4.150391 13.91602 3.417969 -2.685547 13.67187 3.662109 -4.150391 13.18359 3.417969 -4.150391 13.18359 3.417969 -2.685547 13.67187 3.662109 -3.662109 12.45117 3.417969 -1.220703 15.86914 0.7324219 -0.2441406 14.89258 1.464844 -1.220703 16.11328 1.464844 -0.2441406 13.42773 2.441406 -0.7324219 12.20703 2.685547 -0.4882813 13.42773 2.685547 -0.7324219 12.20703 2.685547 -1.708984 11.23047 2.685547 -1.708984 11.47461 2.929687 -2.929687 10.98633 2.685547 -4.150391 11.47461 2.685547 -2.929687 11.23047 2.929687 -5.615234 13.91602 1.464844 -4.882812 15.13672 0.7324219 -5.126953 15.38086 1.464844 -4.150391 11.47461 2.685547 -5.126953 12.69531 2.197266 -4.882812 12.69531 2.685547 -10.74219 -2.929687 2.685547 -10.74219 -2.685547 2.197266 -10.74219 -2.685547 -0.2441406 10.98633 -2.929687 2.441406 11.96289 0 2.685547 11.71875 -2.929687 2.685547 10.98633 -4.638672 2.685547 10.98633 -2.929687 2.441406 11.71875 -2.929687 2.685547 12.45117 -7.080078 1.953125 11.23047 -7.568359 2.197266 11.96289 -6.835937 2.197266 11.23047 -7.568359 2.197266 11.23047 -6.347656 2.441406 11.96289 -6.835937 2.197266 13.67187 0 2.197266 14.89258 -0.4882813 1.464844 14.64844 -1.953125 1.464844 15.86914 -4.150391 0 14.16016 -8.300782 0 13.67187 -7.8125 0.7324219 11.96289 -6.835937 2.197266 12.69531 -3.173828 2.441406 12.45117 -7.080078 1.953125 15.13672 -3.417969 0.9765625 13.67187 -7.8125 0.7324219 13.91602 -3.662109 1.708984 11.23047 -6.347656 2.441406 12.69531 -3.173828 2.441406 11.96289 -6.835937 2.197266 16.60156 0 0 14.89258 -1.953125 1.220703 15.13672 0 1.220703 14.89258 -0.4882813 1.464844 15.13672 0 1.220703 14.89258 -1.953125 1.220703 15.86914 -4.150391 0 13.67187 -7.8125 0.7324219 15.13672 -3.417969 0.9765625 13.42773 -9.277344 0 13.67187 -7.8125 0.7324219 14.16016 -8.300782 0 12.45117 -2.197266 2.441406 13.42773 -3.417969 2.441406 12.69531 -3.173828 2.441406 10.74219 -2.929687 2.685547 10.74219 -2.685547 -0.2441406 10.74219 -2.685547 2.197266 14.89258 -0.4882813 1.464844 14.89258 -1.953125 1.464844 14.64844 -1.953125 1.464844 14.89258 -1.953125 1.464844 14.89258 -0.4882813 1.464844 14.89258 -1.953125 1.220703 13.42773 -3.417969 2.441406 12.45117 -2.197266 2.441406 13.42773 -2.441406 2.197266 10.98633 2.929687 2.441406 11.71875 2.929687 2.685547 11.96289 0 2.685547 10.98633 4.638672 2.685547 11.71875 2.929687 2.685547 10.98633 2.929687 2.441406 12.45117 7.080078 1.953125 11.96289 6.835937 2.197266 11.23047 7.568359 2.197266 11.23047 7.568359 2.197266 11.96289 6.835937 2.197266 11.23047 6.347656 2.441406 13.67187 0 2.197266 14.89258 0.4882813 1.464844 15.13672 0 1.220703 15.86914 4.150391 0 13.67187 7.8125 0.7324219 14.16016 8.300782 0 11.96289 6.835937 2.197266 12.45117 7.080078 1.953125 12.69531 3.173828 2.441406 15.13672 3.417969 0.9765625 13.91602 3.662109 1.708984 13.67187 7.8125 0.7324219 11.23047 6.347656 2.441406 11.96289 6.835937 2.197266 12.69531 3.173828 2.441406 16.60156 0 0 15.13672 0 1.220703 14.89258 1.953125 1.220703 14.89258 0.4882813 1.464844 14.89258 1.953125 1.220703 15.13672 0 1.220703 15.86914 4.150391 0 15.13672 3.417969 0.9765625 13.67187 7.8125 0.7324219 13.42773 9.277344 0 14.16016 8.300782 0 13.67187 7.8125 0.7324219 14.89258 0.4882813 1.464844 14.64844 1.953125 1.464844 14.89258 1.953125 1.464844 12.45117 2.197266 2.441406 12.69531 3.173828 2.441406 13.42773 3.417969 2.441406 14.89258 1.953125 1.464844 14.89258 1.953125 1.220703 14.89258 0.4882813 1.464844 13.42773 3.417969 2.441406 13.42773 2.441406 2.197266 12.45117 2.197266 2.441406 10.74219 2.929687 2.685547 10.74219 2.685547 2.197266 10.74219 2.685547 -0.2441406 -10.98633 2.929687 2.441406 -11.96289 0 2.685547 -11.71875 2.929687 2.685547 -10.98633 4.638672 2.685547 -10.98633 2.929687 2.441406 -11.71875 2.929687 2.685547 -12.45117 7.080078 1.953125 -11.23047 7.568359 2.197266 -11.96289 6.835937 2.197266 -11.23047 7.568359 2.197266 -11.23047 6.347656 2.441406 -11.96289 6.835937 2.197266 -13.67187 0 2.197266 -14.89258 0.4882813 1.464844 -14.64844 1.953125 1.464844 -15.86914 4.150391 0 -14.16016 8.300782 0 -13.67187 7.8125 0.7324219 -11.96289 6.835937 2.197266 -12.69531 3.173828 2.441406 -12.45117 7.080078 1.953125 -15.13672 3.417969 0.9765625 -13.67187 7.8125 0.7324219 -13.91602 3.662109 1.708984 -11.23047 6.347656 2.441406 -12.69531 3.173828 2.441406 -11.96289 6.835937 2.197266 -16.60156 0 0 -14.89258 1.953125 1.220703 -15.13672 0 1.220703 -14.89258 0.4882813 1.464844 -15.13672 0 1.220703 -14.89258 1.953125 1.220703 -15.86914 4.150391 0 -13.67187 7.8125 0.7324219 -15.13672 3.417969 0.9765625 -13.42773 9.277344 0 -13.67187 7.8125 0.7324219 -14.16016 8.300782 0 -12.45117 2.197266 2.441406 -13.42773 3.417969 2.441406 -12.69531 3.173828 2.441406 -10.74219 2.929687 2.685547 -10.74219 2.685547 -0.2441406 -10.74219 2.685547 2.197266 -14.89258 0.4882813 1.464844 -14.89258 1.953125 1.464844 -14.64844 1.953125 1.464844 -14.89258 1.953125 1.464844 -14.89258 0.4882813 1.464844 -14.89258 1.953125 1.220703 -13.42773 3.417969 2.441406 -12.45117 2.197266 2.441406 -13.42773 2.441406 2.197266 2.685547 10.98633 2.929687 2.929687 10.98633 2.685547 3.173828 10.98633 2.929687 10.74219 4.882812 3.173828 10.49805 5.859375 3.173828 10.98633 6.591797 2.929687 10.98633 6.591797 2.929687 10.49805 5.859375 3.173828 10.98633 7.8125 2.685547 11.96289 9.765625 1.464844 11.71875 11.71875 0.4882813 12.93945 9.521485 0.7324219 10.74219 10.74219 1.708984 11.71875 11.71875 0.4882813 11.96289 9.765625 1.464844 11.96289 9.765625 1.464844 12.20703 7.324219 2.197266 10.98633 7.8125 2.685547 0.9765625 16.11328 0.9765625 0 16.60156 0.4882813 2.441406 16.60156 0.4882813 0 13.42773 2.685547 0 11.96289 3.173828 0 13.67187 2.685547 0.4882813 11.96289 2.929687 0 11.96289 3.173828 0 13.42773 2.685547 3.173828 10.98633 2.929687 2.929687 10.74219 2.441406 2.685547 10.98633 2.929687 10.98633 3.173828 2.929687 10.74219 2.929687 2.685547 9.521485 5.615234 2.685547 5.859375 10.49805 3.173828 5.615234 9.521485 2.685547 4.394531 11.47461 2.929687 0.4882813 11.96289 2.929687 0 11.23047 2.685547 0 11.96289 3.173828 1.708984 11.23047 2.929687 0 11.23047 2.685547 0.4882813 11.96289 2.929687 11.96289 9.521485 0.9765625 11.96289 9.765625 1.464844 12.93945 9.521485 0.7324219 -2.685547 10.98633 2.929687 -3.173828 10.98633 2.929687 -2.929687 10.98633 2.685547 -10.74219 4.882812 3.173828 -10.98633 6.591797 2.929687 -10.49805 5.859375 3.173828 -10.98633 6.591797 2.929687 -10.98633 7.8125 2.685547 -10.49805 5.859375 3.173828 -11.96289 9.765625 1.464844 -12.93945 9.521485 0.7324219 -11.71875 11.71875 0.4882813 -10.74219 10.74219 1.708984 -11.96289 9.765625 1.464844 -11.71875 11.71875 0.4882813 -11.96289 9.765625 1.464844 -10.98633 7.8125 2.685547 -12.20703 7.324219 2.197266 -0.9765625 16.11328 0.9765625 -2.441406 16.60156 0.4882813 0 16.60156 0.4882813 0 13.42773 2.685547 0 13.67187 2.685547 0 11.96289 3.173828 -0.4882813 11.96289 2.929687 0 13.42773 2.685547 0 11.96289 3.173828 -3.173828 10.98633 2.929687 -2.685547 10.98633 2.929687 -2.929687 10.74219 2.441406 -10.98633 3.173828 2.929687 -9.521485 5.615234 2.685547 -10.74219 2.929687 2.685547 -5.859375 10.49805 3.173828 -4.394531 11.47461 2.929687 -5.615234 9.521485 2.685547 -0.4882813 11.96289 2.929687 0 11.96289 3.173828 0 11.23047 2.685547 -1.708984 11.23047 2.929687 -0.4882813 11.96289 2.929687 0 11.23047 2.685547 -11.96289 9.521485 0.9765625 -12.93945 9.521485 0.7324219 -11.96289 9.765625 1.464844 -1.464844 -14.16016 3.417969 -1.953125 -14.89258 3.417969 -2.685547 -13.67187 3.662109 -1.220703 -13.42773 3.417969 -1.464844 -14.16016 3.417969 -2.685547 -13.67187 3.662109 -2.685547 -13.67187 3.662109 -1.464844 -12.93945 3.417969 -1.220703 -13.42773 3.417969 -2.685547 -13.67187 3.662109 -2.197266 -12.45117 3.417969 -1.464844 -12.93945 3.417969 -2.685547 -13.67187 3.662109 -2.929687 -12.20703 3.417969 -2.197266 -12.45117 3.417969 -2.685547 -13.67187 3.662109 -3.662109 -12.45117 3.417969 -2.929687 -12.20703 3.417969 -2.685547 -13.67187 3.662109 -1.953125 -14.89258 3.417969 -2.685547 -15.13672 3.417969 -2.685547 -13.67187 3.662109 -2.685547 -15.13672 3.417969 -3.417969 -15.13672 3.417969 -3.417969 -15.13672 3.417969 -3.90625 -14.64844 3.417969 -2.685547 -13.67187 3.662109 -3.90625 -14.64844 3.417969 -4.150391 -13.91602 3.417969 -2.685547 -13.67187 3.662109 -4.150391 -13.91602 3.417969 -4.150391 -13.18359 3.417969 -2.685547 -13.67187 3.662109 -4.150391 -13.18359 3.417969 -3.662109 -12.45117 3.417969 -2.685547 -13.67187 3.662109 -1.220703 -15.86914 0.7324219 -1.220703 -16.11328 1.464844 -0.2441406 -14.89258 1.464844 -0.2441406 -13.42773 2.441406 -0.4882813 -13.42773 2.685547 -0.7324219 -12.20703 2.685547 -0.7324219 -12.20703 2.685547 -1.708984 -11.47461 2.929687 -1.708984 -11.23047 2.685547 -2.929687 -10.98633 2.685547 -2.929687 -11.23047 2.929687 -4.150391 -11.47461 2.685547 -5.615234 -13.91602 1.464844 -5.126953 -15.38086 1.464844 -4.882812 -15.13672 0.7324219 -4.150391 -11.47461 2.685547 -4.882812 -12.69531 2.685547 -5.126953 -12.69531 2.197266 1.464844 -14.16016 3.417969 2.685547 -13.67187 3.662109 1.953125 -14.89258 3.417969 1.220703 -13.42773 3.417969 2.685547 -13.67187 3.662109 1.464844 -14.16016 3.417969 2.685547 -13.67187 3.662109 1.220703 -13.42773 3.417969 1.464844 -12.93945 3.417969 2.685547 -13.67187 3.662109 1.464844 -12.93945 3.417969 2.197266 -12.45117 3.417969 2.685547 -13.67187 3.662109 2.197266 -12.45117 3.417969 2.929687 -12.20703 3.417969 2.685547 -13.67187 3.662109 2.929687 -12.20703 3.417969 3.662109 -12.45117 3.417969 2.685547 -13.67187 3.662109 2.685547 -15.13672 3.417969 1.953125 -14.89258 3.417969 2.685547 -13.67187 3.662109 3.417969 -15.13672 3.417969 2.685547 -15.13672 3.417969 3.417969 -15.13672 3.417969 2.685547 -13.67187 3.662109 3.90625 -14.64844 3.417969 3.90625 -14.64844 3.417969 2.685547 -13.67187 3.662109 4.150391 -13.91602 3.417969 4.150391 -13.91602 3.417969 2.685547 -13.67187 3.662109 4.150391 -13.18359 3.417969 4.150391 -13.18359 3.417969 2.685547 -13.67187 3.662109 3.662109 -12.45117 3.417969 1.220703 -15.86914 0.7324219 0.2441406 -14.89258 1.464844 1.220703 -16.11328 1.464844 0.2441406 -13.42773 2.441406 0.7324219 -12.20703 2.685547 0.4882813 -13.42773 2.685547 0.7324219 -12.20703 2.685547 1.708984 -11.23047 2.685547 1.708984 -11.47461 2.929687 2.929687 -10.98633 2.685547 4.150391 -11.47461 2.685547 2.929687 -11.23047 2.929687 5.615234 -13.91602 1.464844 4.882812 -15.13672 0.7324219 5.126953 -15.38086 1.464844 4.150391 -11.47461 2.685547 5.126953 -12.69531 2.197266 4.882812 -12.69531 2.685547 -2.685547 -10.98633 2.929687 -2.929687 -10.98633 2.685547 -3.173828 -10.98633 2.929687 -10.74219 -4.882812 3.173828 -10.49805 -5.859375 3.173828 -10.98633 -6.591797 2.929687 -10.98633 -6.591797 2.929687 -10.49805 -5.859375 3.173828 -10.98633 -7.8125 2.685547 -11.96289 -9.765625 1.464844 -11.71875 -11.71875 0.4882813 -12.93945 -9.521485 0.7324219 -10.74219 -10.74219 1.708984 -11.71875 -11.71875 0.4882813 -11.96289 -9.765625 1.464844 -11.96289 -9.765625 1.464844 -12.20703 -7.324219 2.197266 -10.98633 -7.8125 2.685547 -0.9765625 -16.11328 0.9765625 0 -16.60156 0.4882813 -2.441406 -16.60156 0.4882813 0 -13.42773 2.685547 0 -11.96289 3.173828 0 -13.67187 2.685547 -0.4882813 -11.96289 2.929687 0 -11.96289 3.173828 0 -13.42773 2.685547 -3.173828 -10.98633 2.929687 -2.929687 -10.74219 2.441406 -2.685547 -10.98633 2.929687 -10.98633 -3.173828 2.929687 -10.74219 -2.929687 2.685547 -9.521485 -5.615234 2.685547 -5.859375 -10.49805 3.173828 -5.615234 -9.521485 2.685547 -4.394531 -11.47461 2.929687 -0.4882813 -11.96289 2.929687 0 -11.23047 2.685547 0 -11.96289 3.173828 -1.708984 -11.23047 2.929687 0 -11.23047 2.685547 -0.4882813 -11.96289 2.929687 -11.96289 -9.521485 0.9765625 -11.96289 -9.765625 1.464844 -12.93945 -9.521485 0.7324219 2.685547 -10.98633 2.929687 3.173828 -10.98633 2.929687 2.929687 -10.98633 2.685547 10.74219 -4.882812 3.173828 10.98633 -6.591797 2.929687 10.49805 -5.859375 3.173828 10.98633 -6.591797 2.929687 10.98633 -7.8125 2.685547 10.49805 -5.859375 3.173828 11.96289 -9.765625 1.464844 12.93945 -9.521485 0.7324219 11.71875 -11.71875 0.4882813 10.74219 -10.74219 1.708984 11.96289 -9.765625 1.464844 11.71875 -11.71875 0.4882813 11.96289 -9.765625 1.464844 10.98633 -7.8125 2.685547 12.20703 -7.324219 2.197266 0.9765625 -16.11328 0.9765625 2.441406 -16.60156 0.4882813 0 -16.60156 0.4882813 0 -13.42773 2.685547 0 -13.67187 2.685547 0 -11.96289 3.173828 0.4882813 -11.96289 2.929687 0 -13.42773 2.685547 0 -11.96289 3.173828 3.173828 -10.98633 2.929687 2.685547 -10.98633 2.929687 2.929687 -10.74219 2.441406 10.98633 -3.173828 2.929687 9.521485 -5.615234 2.685547 10.74219 -2.929687 2.685547 5.859375 -10.49805 3.173828 4.394531 -11.47461 2.929687 5.615234 -9.521485 2.685547 0.4882813 -11.96289 2.929687 0 -11.96289 3.173828 0 -11.23047 2.685547 1.708984 -11.23047 2.929687 0.4882813 -11.96289 2.929687 0 -11.23047 2.685547 11.96289 -9.521485 0.9765625 12.93945 -9.521485 0.7324219 11.96289 -9.765625 1.464844 2.929687 -7.324219 -2.197266 2.197266 -5.371094 -2.197266 2.197266 -7.568359 -2.197266 -2.929687 7.324219 -2.197266 -2.197266 5.371094 -2.197266 -2.197266 7.568359 -2.197266 -2.929687 -7.324219 -2.197266 -2.197266 -7.568359 -2.197266 -2.197266 -5.371094 -2.197266 5.615234 -1.464844 -0.2441406 5.615234 -1.464844 -2.197266 5.615234 -0.7324219 -2.197266 -5.615234 1.464844 -0.2441406 -5.615234 1.464844 -2.197266 -5.615234 0.7324219 -2.197266 2.929687 7.324219 -2.197266 2.197266 7.568359 -2.197266 2.197266 5.371094 -2.197266 2.197266 5.371094 -2.197266 2.197266 5.615234 -0.2441406 2.197266 5.371094 -0.2441406 2.197266 -5.371094 -0.2441406 2.197266 -5.615234 -0.2441406 2.197266 -5.371094 -2.197266 -2.197266 5.371094 -2.197266 -2.197266 5.371094 -0.2441406 -2.197266 5.615234 -0.2441406 -2.197266 -5.371094 -0.2441406 -2.197266 -5.371094 -2.197266 -2.197266 -5.615234 -0.2441406 2.197266 5.615234 -0.2441406 2.197266 5.615234 -0.2441406 2.197266 5.371094 -0.2441406 2.197266 -5.615234 -0.2441406 2.197266 -5.371094 -0.2441406 2.197266 -5.615234 -0.2441406 -2.197266 5.615234 -0.2441406 -2.197266 5.371094 -0.2441406 -2.197266 5.615234 -0.2441406 -2.197266 -5.615234 -0.2441406 -2.197266 -5.615234 -0.2441406 -2.197266 -5.371094 -0.2441406 -5.615234 -0.7324219 -2.197266 -5.615234 -1.464844 -2.197266 -5.615234 -1.464844 -0.2441406 5.615234 0.7324219 -2.197266 5.615234 1.464844 -2.197266 5.615234 1.464844 -0.2441406 13.67187 0 2.197266 14.64844 1.953125 1.464844 14.89258 0.4882813 1.464844 -13.67187 0 2.197266 -15.13672 0 1.220703 -14.89258 0.4882813 1.464844 -13.67187 0 2.197266 -14.64844 -1.953125 1.464844 -14.89258 -0.4882813 1.464844 13.67187 0 2.197266 15.13672 0 1.220703 14.89258 -0.4882813 1.464844 -16.60156 0 0 -15.86914 -4.150391 0 -16.8457 0 -0.2441406 -16.35742 -4.394531 -0.2441406 0 0 0 -15.86914 -4.150391 0 -14.16016 -8.300782 0 -16.35742 -4.394531 -0.2441406 -14.64844 -8.300782 -0.2441406 -13.91602 -9.277344 -0.2441406 -14.64844 -8.300782 -0.2441406 -13.42773 -9.277344 0 -14.16016 -8.300782 0 -11.96289 0 2.685547 -12.45117 -2.197266 2.441406 -13.67187 0 2.197266 -13.42773 -2.441406 2.197266 -11.23047 -6.347656 2.441406 -12.69531 -3.173828 2.441406 -10.98633 -4.638672 2.685547 -11.71875 -2.929687 2.685547 -11.96289 0 2.685547 -11.71875 -2.929687 2.685547 -12.45117 -2.197266 2.441406 -12.69531 -3.173828 2.441406 -13.67187 0 2.197266 -13.42773 -2.441406 2.197266 -14.64844 -1.953125 1.464844 -14.4043 -2.685547 1.464844 -15.86914 -4.150391 0 -16.60156 0 0 -15.13672 -3.417969 0.9765625 -14.89258 -1.953125 1.220703 -13.18359 -7.568359 1.708984 -12.45117 -7.080078 1.953125 -12.93945 -9.521485 0.7324219 -11.96289 -9.521485 0.9765625 -12.45117 -7.080078 1.953125 -13.18359 -7.568359 1.708984 -12.69531 -3.173828 2.441406 -13.42773 -3.417969 2.441406 -14.89258 -3.417969 1.708984 -14.89258 -1.953125 1.464844 -14.4043 -2.685547 1.464844 -14.64844 -1.953125 1.464844 -13.67187 -7.8125 0.7324219 -13.18359 -7.568359 1.708984 -13.42773 -9.277344 0 -12.93945 -9.521485 0.7324219 -13.18359 -7.568359 1.708984 -13.67187 -7.8125 0.7324219 -13.42773 -3.417969 2.441406 -13.91602 -3.662109 1.708984 -15.13672 -3.417969 0.9765625 -14.89258 -1.953125 1.220703 -14.89258 -3.417969 1.708984 -14.89258 -1.953125 1.464844 -14.89258 -3.417969 1.708984 -14.4043 -2.685547 1.464844 -13.42773 -3.417969 2.441406 -13.42773 -2.441406 2.197266 -13.42773 -3.417969 2.441406 -13.91602 -3.662109 1.708984 -14.89258 -3.417969 1.708984 -15.13672 -3.417969 0.9765625 -11.96289 0 2.685547 -11.23047 0 2.197266 -10.98633 -2.929687 2.441406 -10.74219 -2.685547 2.197266 -14.64844 -8.300782 -0.2441406 -11.96289 -11.96289 -0.2441406 -9.521485 -5.615234 -0.2441406 -7.8125 -7.8125 -0.2441406 -11.96289 -11.96289 -0.2441406 -8.300782 -14.64844 -0.2441406 -7.8125 -7.8125 -0.2441406 -5.615234 -9.521485 -0.2441406 1.220703 15.625 2.685547 1.953125 14.89258 3.417969 0.4882813 14.64844 2.685547 1.464844 14.16016 3.417969 0.4882813 14.64844 2.685547 1.464844 14.16016 3.417969 0.4882813 13.42773 2.685547 1.220703 13.42773 3.417969 2.929687 11.23047 2.929687 1.708984 11.47461 2.929687 2.929687 12.20703 3.417969 2.197266 12.45117 3.417969 1.220703 16.11328 1.464844 2.441406 16.60156 1.464844 1.220703 15.625 2.685547 2.441406 16.11328 2.685547 2.441406 16.60156 1.464844 3.90625 16.35742 1.464844 2.441406 16.11328 2.685547 3.662109 15.86914 2.685547 5.126953 15.38086 1.464844 4.638672 15.13672 2.685547 3.90625 16.35742 1.464844 3.662109 15.86914 2.685547 5.615234 13.91602 1.464844 5.126953 13.91602 2.685547 5.126953 15.38086 1.464844 4.638672 15.13672 2.685547 1.220703 15.625 2.685547 2.441406 16.11328 2.685547 1.953125 14.89258 3.417969 2.685547 15.13672 3.417969 2.441406 16.11328 2.685547 3.662109 15.86914 2.685547 2.685547 15.13672 3.417969 3.417969 15.13672 3.417969 4.638672 15.13672 2.685547 3.90625 14.64844 3.417969 3.662109 15.86914 2.685547 3.417969 15.13672 3.417969 5.126953 13.91602 2.685547 4.150391 13.91602 3.417969 4.638672 15.13672 2.685547 3.90625 14.64844 3.417969 4.882812 12.69531 2.685547 4.150391 13.18359 3.417969 5.126953 13.91602 2.685547 4.150391 13.91602 3.417969 4.150391 11.47461 2.685547 3.662109 12.45117 3.417969 4.882812 12.69531 2.685547 4.150391 13.18359 3.417969 1.220703 15.625 2.685547 0.4882813 14.64844 2.685547 1.220703 16.11328 1.464844 0.2441406 14.89258 1.464844 0.4882813 14.64844 2.685547 0.4882813 13.42773 2.685547 0.2441406 14.89258 1.464844 0.2441406 13.42773 2.441406 1.708984 11.47461 2.929687 2.929687 11.23047 2.929687 1.708984 11.23047 2.685547 2.929687 10.98633 2.685547 0.4882813 13.42773 2.685547 1.220703 13.42773 3.417969 0.7324219 12.20703 2.685547 1.464844 12.93945 3.417969 2.197266 12.45117 3.417969 1.708984 11.47461 2.929687 1.464844 12.93945 3.417969 0.7324219 12.20703 2.685547 2.929687 12.20703 3.417969 3.662109 12.45117 3.417969 2.929687 11.23047 2.929687 4.150391 11.47461 2.685547 2.441406 16.60156 1.464844 1.220703 16.11328 1.464844 2.441406 16.35742 0.2441406 1.220703 15.86914 0.7324219 2.441406 16.60156 1.464844 2.441406 16.35742 0.2441406 3.90625 16.35742 1.464844 3.662109 16.11328 0.2441406 3.90625 16.35742 1.464844 3.662109 16.11328 0.2441406 5.126953 15.38086 1.464844 4.882812 15.13672 0.7324219 5.126953 13.91602 2.685547 5.615234 13.91602 1.464844 4.882812 12.69531 2.685547 5.126953 12.69531 2.197266 -1.220703 15.625 2.685547 -0.4882813 14.64844 2.685547 -1.953125 14.89258 3.417969 -1.464844 14.16016 3.417969 -0.4882813 14.64844 2.685547 -0.4882813 13.42773 2.685547 -1.464844 14.16016 3.417969 -1.220703 13.42773 3.417969 -2.929687 11.23047 2.929687 -2.929687 12.20703 3.417969 -1.708984 11.47461 2.929687 -2.197266 12.45117 3.417969 -1.220703 16.11328 1.464844 -1.220703 15.625 2.685547 -2.441406 16.60156 1.464844 -2.441406 16.11328 2.685547 -2.441406 16.60156 1.464844 -2.441406 16.11328 2.685547 -3.90625 16.35742 1.464844 -3.662109 15.86914 2.685547 -5.126953 15.38086 1.464844 -3.90625 16.35742 1.464844 -4.638672 15.13672 2.685547 -3.662109 15.86914 2.685547 -5.615234 13.91602 1.464844 -5.126953 15.38086 1.464844 -5.126953 13.91602 2.685547 -4.638672 15.13672 2.685547 -1.220703 15.625 2.685547 -1.953125 14.89258 3.417969 -2.441406 16.11328 2.685547 -2.685547 15.13672 3.417969 -2.441406 16.11328 2.685547 -2.685547 15.13672 3.417969 -3.662109 15.86914 2.685547 -3.417969 15.13672 3.417969 -4.638672 15.13672 2.685547 -3.662109 15.86914 2.685547 -3.90625 14.64844 3.417969 -3.417969 15.13672 3.417969 -5.126953 13.91602 2.685547 -4.638672 15.13672 2.685547 -4.150391 13.91602 3.417969 -3.90625 14.64844 3.417969 -4.882812 12.69531 2.685547 -5.126953 13.91602 2.685547 -4.150391 13.18359 3.417969 -4.150391 13.91602 3.417969 -4.150391 11.47461 2.685547 -4.882812 12.69531 2.685547 -3.662109 12.45117 3.417969 -4.150391 13.18359 3.417969 -1.220703 15.625 2.685547 -1.220703 16.11328 1.464844 -0.4882813 14.64844 2.685547 -0.2441406 14.89258 1.464844 -0.4882813 14.64844 2.685547 -0.2441406 14.89258 1.464844 -0.4882813 13.42773 2.685547 -0.2441406 13.42773 2.441406 -1.708984 11.47461 2.929687 -1.708984 11.23047 2.685547 -2.929687 11.23047 2.929687 -2.929687 10.98633 2.685547 -0.4882813 13.42773 2.685547 -0.7324219 12.20703 2.685547 -1.220703 13.42773 3.417969 -1.464844 12.93945 3.417969 -2.197266 12.45117 3.417969 -1.464844 12.93945 3.417969 -1.708984 11.47461 2.929687 -0.7324219 12.20703 2.685547 -2.929687 12.20703 3.417969 -2.929687 11.23047 2.929687 -3.662109 12.45117 3.417969 -4.150391 11.47461 2.685547 -2.441406 16.60156 1.464844 -2.441406 16.35742 0.2441406 -1.220703 16.11328 1.464844 -1.220703 15.86914 0.7324219 -2.441406 16.60156 1.464844 -3.90625 16.35742 1.464844 -2.441406 16.35742 0.2441406 -3.662109 16.11328 0.2441406 -3.90625 16.35742 1.464844 -5.126953 15.38086 1.464844 -3.662109 16.11328 0.2441406 -4.882812 15.13672 0.7324219 -5.126953 13.91602 2.685547 -4.882812 12.69531 2.685547 -5.615234 13.91602 1.464844 -5.126953 12.69531 2.197266 -3.417969 -7.080078 -0.2441406 -5.615234 -5.615234 -0.2441406 -4.882812 -10.00977 -0.2441406 -7.8125 -7.8125 -0.2441406 -1.220703 -7.8125 -0.2441406 -3.417969 -7.080078 -0.2441406 -2.441406 -10.98633 -0.2441406 -4.882812 -10.00977 -0.2441406 0 -7.8125 -0.2441406 -1.220703 -7.8125 -0.2441406 0 -10.98633 -0.2441406 -2.441406 -10.98633 -0.2441406 0 -7.8125 -0.2441406 0 -10.98633 -0.2441406 1.220703 -7.8125 -0.2441406 2.441406 -10.98633 -0.2441406 1.220703 -7.8125 -0.2441406 2.441406 -10.98633 -0.2441406 3.417969 -7.080078 -0.2441406 4.882812 -10.00977 -0.2441406 3.417969 -7.080078 -0.2441406 4.882812 -10.00977 -0.2441406 5.615234 -5.615234 -0.2441406 7.8125 -7.8125 -0.2441406 -3.417969 -6.591797 0.2441406 -3.417969 -7.080078 0.4882813 -5.371094 -5.126953 0.2441406 -5.615234 -5.615234 0.4882813 -3.417969 -6.591797 -0.2441406 -5.371094 -5.126953 -0.2441406 -3.417969 -7.080078 -0.2441406 -5.615234 -5.615234 -0.2441406 -1.220703 -7.324219 0.2441406 -1.220703 -7.8125 0.4882813 -3.417969 -6.591797 0.2441406 -3.417969 -7.080078 0.4882813 -1.220703 -7.324219 -0.2441406 -3.417969 -6.591797 -0.2441406 -1.220703 -7.8125 -0.2441406 -3.417969 -7.080078 -0.2441406 0 -7.324219 0.2441406 0 -7.8125 0.4882813 -1.220703 -7.324219 0.2441406 -1.220703 -7.8125 0.4882813 0 -7.324219 -0.2441406 -1.220703 -7.324219 -0.2441406 0 -7.8125 -0.2441406 -1.220703 -7.8125 -0.2441406 0 -7.324219 -0.2441406 0 -7.8125 -0.2441406 1.220703 -7.324219 -0.2441406 1.220703 -7.8125 -0.2441406 0 -7.324219 0.2441406 1.220703 -7.324219 0.2441406 0 -7.8125 0.4882813 1.220703 -7.8125 0.4882813 1.220703 -7.324219 -0.2441406 1.220703 -7.8125 -0.2441406 3.417969 -6.591797 -0.2441406 3.417969 -7.080078 -0.2441406 1.220703 -7.324219 0.2441406 3.417969 -6.591797 0.2441406 1.220703 -7.8125 0.4882813 3.417969 -7.080078 0.4882813 3.417969 -6.591797 -0.2441406 3.417969 -7.080078 -0.2441406 5.371094 -5.126953 -0.2441406 5.615234 -5.615234 -0.2441406 3.417969 -6.591797 0.2441406 5.371094 -5.126953 0.2441406 3.417969 -7.080078 0.4882813 5.615234 -5.615234 0.4882813 -7.8125 -7.324219 0.2441406 -5.371094 -5.126953 0.2441406 -7.8125 -7.8125 0.4882813 -5.615234 -5.615234 0.4882813 -7.8125 -7.324219 -0.2441406 -7.8125 -7.8125 -0.2441406 -5.371094 -5.126953 -0.2441406 -5.615234 -5.615234 -0.2441406 7.8125 -7.324219 -0.2441406 5.371094 -5.126953 -0.2441406 7.8125 -7.8125 -0.2441406 5.615234 -5.615234 -0.2441406 7.8125 -7.324219 0.2441406 7.8125 -7.8125 0.4882813 5.371094 -5.126953 0.2441406 5.615234 -5.615234 0.4882813 -3.417969 -6.591797 -0.2441406 -3.417969 -6.591797 0.2441406 -5.371094 -5.126953 -0.2441406 -5.371094 -5.126953 0.2441406 -1.220703 -7.324219 -0.2441406 -1.220703 -7.324219 0.2441406 -3.417969 -6.591797 -0.2441406 -3.417969 -6.591797 0.2441406 0 -7.324219 -0.2441406 0 -7.324219 0.2441406 -1.220703 -7.324219 -0.2441406 -1.220703 -7.324219 0.2441406 0 -7.324219 -0.2441406 1.220703 -7.324219 -0.2441406 0 -7.324219 0.2441406 1.220703 -7.324219 0.2441406 1.220703 -7.324219 -0.2441406 3.417969 -6.591797 -0.2441406 1.220703 -7.324219 0.2441406 3.417969 -6.591797 0.2441406 3.417969 -6.591797 -0.2441406 5.371094 -5.126953 -0.2441406 3.417969 -6.591797 0.2441406 5.371094 -5.126953 0.2441406 -5.371094 -5.126953 -0.2441406 -5.371094 -5.126953 0.2441406 -7.8125 -7.324219 -0.2441406 -7.8125 -7.324219 0.2441406 5.371094 -5.126953 -0.2441406 7.8125 -7.324219 -0.2441406 5.371094 -5.126953 0.2441406 7.8125 -7.324219 0.2441406 -10.74219 -2.685547 -0.2441406 -9.521485 -5.615234 -0.2441406 -10.74219 -2.929687 2.685547 -9.521485 -5.615234 2.685547 -9.521485 -5.615234 -0.2441406 -7.8125 -7.8125 -0.2441406 -9.521485 -5.615234 2.685547 -7.8125 -7.8125 2.685547 -7.8125 -7.8125 -0.2441406 -5.615234 -9.521485 -0.2441406 -7.8125 -7.8125 2.685547 -5.615234 -9.521485 2.685547 -5.615234 -9.521485 -0.2441406 -2.685547 -10.74219 -0.2441406 -5.615234 -9.521485 2.685547 -2.929687 -10.74219 2.441406 -2.685547 -10.74219 -0.2441406 0 -11.23047 -0.2441406 -2.929687 -10.74219 2.441406 0 -11.23047 2.685547 -8.300782 -14.64844 -0.2441406 -4.394531 -16.35742 -0.2441406 -5.615234 -9.521485 -0.2441406 -2.685547 -10.74219 -0.2441406 -4.394531 -16.35742 -0.2441406 0 -16.8457 -0.2441406 -2.685547 -10.74219 -0.2441406 0 -11.23047 -0.2441406 -3.417969 -7.080078 0.4882813 -4.882812 -10.00977 0.4882813 -5.615234 -5.615234 0.4882813 -7.8125 -7.8125 0.4882813 -1.220703 -7.8125 0.4882813 -2.441406 -10.98633 0.4882813 -3.417969 -7.080078 0.4882813 -4.882812 -10.00977 0.4882813 0 -7.8125 0.4882813 0 -10.98633 0.4882813 -1.220703 -7.8125 0.4882813 -2.441406 -10.98633 0.4882813 0 -7.8125 0.4882813 1.220703 -7.8125 0.4882813 0 -10.98633 0.4882813 2.441406 -10.98633 0.4882813 1.220703 -7.8125 0.4882813 3.417969 -7.080078 0.4882813 2.441406 -10.98633 0.4882813 4.882812 -10.00977 0.4882813 3.417969 -7.080078 0.4882813 5.615234 -5.615234 0.4882813 4.882812 -10.00977 0.4882813 7.8125 -7.8125 0.4882813 16.60156 0 0 16.8457 0 -0.2441406 15.86914 -4.150391 0 16.35742 -4.394531 -0.2441406 15.86914 -4.150391 0 16.35742 -4.394531 -0.2441406 14.16016 -8.300782 0 14.64844 -8.300782 -0.2441406 13.91602 -9.277344 -0.2441406 13.42773 -9.277344 0 14.64844 -8.300782 -0.2441406 14.16016 -8.300782 0 11.96289 0 2.685547 13.67187 0 2.197266 12.45117 -2.197266 2.441406 13.42773 -2.441406 2.197266 11.23047 -6.347656 2.441406 10.98633 -4.638672 2.685547 12.69531 -3.173828 2.441406 11.71875 -2.929687 2.685547 11.96289 0 2.685547 12.45117 -2.197266 2.441406 11.71875 -2.929687 2.685547 12.69531 -3.173828 2.441406 13.67187 0 2.197266 14.64844 -1.953125 1.464844 13.42773 -2.441406 2.197266 14.4043 -2.685547 1.464844 15.86914 -4.150391 0 15.13672 -3.417969 0.9765625 16.60156 0 0 14.89258 -1.953125 1.220703 13.18359 -7.568359 1.708984 12.93945 -9.521485 0.7324219 12.45117 -7.080078 1.953125 11.96289 -9.521485 0.9765625 12.45117 -7.080078 1.953125 12.69531 -3.173828 2.441406 13.18359 -7.568359 1.708984 13.42773 -3.417969 2.441406 11.96289 0 2.685547 10.98633 -2.929687 2.441406 11.23047 0 2.197266 10.74219 -2.685547 2.197266 14.64844 -8.300782 -0.2441406 9.521485 -5.615234 -0.2441406 11.96289 -11.96289 -0.2441406 7.8125 -7.8125 -0.2441406 11.96289 -11.96289 -0.2441406 7.8125 -7.8125 -0.2441406 8.300782 -14.64844 -0.2441406 5.615234 -9.521485 -0.2441406 10.74219 -2.685547 -0.2441406 10.74219 -2.929687 2.685547 9.521485 -5.615234 -0.2441406 9.521485 -5.615234 2.685547 9.521485 -5.615234 -0.2441406 9.521485 -5.615234 2.685547 7.8125 -7.8125 -0.2441406 7.8125 -7.8125 2.685547 7.8125 -7.8125 -0.2441406 7.8125 -7.8125 2.685547 5.615234 -9.521485 -0.2441406 5.615234 -9.521485 2.685547 5.615234 -9.521485 -0.2441406 5.615234 -9.521485 2.685547 2.685547 -10.74219 -0.2441406 2.929687 -10.74219 2.441406 2.685547 -10.74219 -0.2441406 2.929687 -10.74219 2.441406 0 -11.23047 -0.2441406 0 -11.23047 2.685547 8.300782 -14.64844 -0.2441406 5.615234 -9.521485 -0.2441406 4.394531 -16.35742 -0.2441406 2.685547 -10.74219 -0.2441406 4.394531 -16.35742 -0.2441406 2.685547 -10.74219 -0.2441406 0 -16.8457 -0.2441406 0 -11.23047 -0.2441406 14.89258 -3.417969 1.708984 14.4043 -2.685547 1.464844 14.89258 -1.953125 1.464844 14.64844 -1.953125 1.464844 13.67187 -7.8125 0.7324219 13.42773 -9.277344 0 13.18359 -7.568359 1.708984 12.93945 -9.521485 0.7324219 13.18359 -7.568359 1.708984 13.42773 -3.417969 2.441406 13.67187 -7.8125 0.7324219 13.91602 -3.662109 1.708984 15.13672 -3.417969 0.9765625 14.89258 -3.417969 1.708984 14.89258 -1.953125 1.220703 14.89258 -1.953125 1.464844 14.89258 -3.417969 1.708984 13.42773 -3.417969 2.441406 14.4043 -2.685547 1.464844 13.42773 -2.441406 2.197266 13.42773 -3.417969 2.441406 14.89258 -3.417969 1.708984 13.91602 -3.662109 1.708984 15.13672 -3.417969 0.9765625 16.60156 0 0 15.86914 4.150391 0 16.8457 0 -0.2441406 16.35742 4.394531 -0.2441406 15.86914 4.150391 0 14.16016 8.300782 0 16.35742 4.394531 -0.2441406 14.64844 8.300782 -0.2441406 13.91602 9.277344 -0.2441406 14.64844 8.300782 -0.2441406 13.42773 9.277344 0 14.16016 8.300782 0 11.96289 0 2.685547 12.45117 2.197266 2.441406 13.67187 0 2.197266 13.42773 2.441406 2.197266 11.23047 6.347656 2.441406 12.69531 3.173828 2.441406 10.98633 4.638672 2.685547 11.71875 2.929687 2.685547 11.96289 0 2.685547 11.71875 2.929687 2.685547 12.45117 2.197266 2.441406 12.69531 3.173828 2.441406 13.67187 0 2.197266 13.42773 2.441406 2.197266 14.64844 1.953125 1.464844 14.4043 2.685547 1.464844 15.86914 4.150391 0 16.60156 0 0 15.13672 3.417969 0.9765625 14.89258 1.953125 1.220703 13.18359 7.568359 1.708984 12.45117 7.080078 1.953125 12.93945 9.521485 0.7324219 11.96289 9.521485 0.9765625 12.45117 7.080078 1.953125 13.18359 7.568359 1.708984 12.69531 3.173828 2.441406 13.42773 3.417969 2.441406 14.89258 3.417969 1.708984 14.89258 1.953125 1.464844 14.4043 2.685547 1.464844 14.64844 1.953125 1.464844 13.67187 7.8125 0.7324219 13.18359 7.568359 1.708984 13.42773 9.277344 0 12.93945 9.521485 0.7324219 13.18359 7.568359 1.708984 13.67187 7.8125 0.7324219 13.42773 3.417969 2.441406 13.91602 3.662109 1.708984 15.13672 3.417969 0.9765625 14.89258 1.953125 1.220703 14.89258 3.417969 1.708984 14.89258 1.953125 1.464844 14.89258 3.417969 1.708984 14.4043 2.685547 1.464844 13.42773 3.417969 2.441406 13.42773 2.441406 2.197266 13.42773 3.417969 2.441406 13.91602 3.662109 1.708984 14.89258 3.417969 1.708984 15.13672 3.417969 0.9765625 11.96289 0 2.685547 11.23047 0 2.197266 10.98633 2.929687 2.441406 10.74219 2.685547 2.197266 14.64844 8.300782 -0.2441406 11.96289 11.96289 -0.2441406 9.521485 5.615234 -0.2441406 7.8125 7.8125 -0.2441406 11.96289 11.96289 -0.2441406 8.300782 14.64844 -0.2441406 7.8125 7.8125 -0.2441406 5.615234 9.521485 -0.2441406 3.417969 7.080078 -0.2441406 5.615234 5.615234 -0.2441406 4.882812 10.00977 -0.2441406 7.8125 7.8125 -0.2441406 1.220703 7.8125 -0.2441406 3.417969 7.080078 -0.2441406 2.441406 10.98633 -0.2441406 4.882812 10.00977 -0.2441406 0 7.8125 -0.2441406 1.220703 7.8125 -0.2441406 0 10.98633 -0.2441406 2.441406 10.98633 -0.2441406 0 7.8125 -0.2441406 0 10.98633 -0.2441406 -1.220703 7.8125 -0.2441406 -2.441406 10.98633 -0.2441406 -1.220703 7.8125 -0.2441406 -2.441406 10.98633 -0.2441406 -3.417969 7.080078 -0.2441406 -4.882812 10.00977 -0.2441406 -3.417969 7.080078 -0.2441406 -4.882812 10.00977 -0.2441406 -5.615234 5.615234 -0.2441406 -7.8125 7.8125 -0.2441406 3.417969 6.591797 0.2441406 3.417969 7.080078 0.4882813 5.371094 5.126953 0.2441406 5.615234 5.615234 0.4882813 3.417969 6.591797 -0.2441406 5.371094 5.126953 -0.2441406 3.417969 7.080078 -0.2441406 5.615234 5.615234 -0.2441406 1.220703 7.324219 0.2441406 1.220703 7.8125 0.4882813 3.417969 6.591797 0.2441406 3.417969 7.080078 0.4882813 1.220703 7.324219 -0.2441406 3.417969 6.591797 -0.2441406 1.220703 7.8125 -0.2441406 3.417969 7.080078 -0.2441406 0 7.324219 0.2441406 0 7.8125 0.4882813 1.220703 7.324219 0.2441406 1.220703 7.8125 0.4882813 0 7.324219 -0.2441406 1.220703 7.324219 -0.2441406 0 7.8125 -0.2441406 1.220703 7.8125 -0.2441406 0 7.324219 -0.2441406 0 7.8125 -0.2441406 -1.220703 7.324219 -0.2441406 -1.220703 7.8125 -0.2441406 0 7.324219 0.2441406 -1.220703 7.324219 0.2441406 0 7.8125 0.4882813 -1.220703 7.8125 0.4882813 -1.220703 7.324219 -0.2441406 -1.220703 7.8125 -0.2441406 -3.417969 6.591797 -0.2441406 -3.417969 7.080078 -0.2441406 -1.220703 7.324219 0.2441406 -3.417969 6.591797 0.2441406 -1.220703 7.8125 0.4882813 -3.417969 7.080078 0.4882813 -3.417969 6.591797 -0.2441406 -3.417969 7.080078 -0.2441406 -5.371094 5.126953 -0.2441406 -5.615234 5.615234 -0.2441406 -3.417969 6.591797 0.2441406 -5.371094 5.126953 0.2441406 -3.417969 7.080078 0.4882813 -5.615234 5.615234 0.4882813 7.8125 7.324219 0.2441406 5.371094 5.126953 0.2441406 7.8125 7.8125 0.4882813 5.615234 5.615234 0.4882813 7.8125 7.324219 -0.2441406 7.8125 7.8125 -0.2441406 5.371094 5.126953 -0.2441406 5.615234 5.615234 -0.2441406 -7.8125 7.324219 -0.2441406 -5.371094 5.126953 -0.2441406 -7.8125 7.8125 -0.2441406 -5.615234 5.615234 -0.2441406 -7.8125 7.324219 0.2441406 -7.8125 7.8125 0.4882813 -5.371094 5.126953 0.2441406 -5.615234 5.615234 0.4882813 3.417969 6.591797 -0.2441406 3.417969 6.591797 0.2441406 5.371094 5.126953 -0.2441406 5.371094 5.126953 0.2441406 1.220703 7.324219 -0.2441406 1.220703 7.324219 0.2441406 3.417969 6.591797 -0.2441406 3.417969 6.591797 0.2441406 0 7.324219 -0.2441406 0 7.324219 0.2441406 1.220703 7.324219 -0.2441406 1.220703 7.324219 0.2441406 0 7.324219 -0.2441406 -1.220703 7.324219 -0.2441406 0 7.324219 0.2441406 -1.220703 7.324219 0.2441406 -1.220703 7.324219 -0.2441406 -3.417969 6.591797 -0.2441406 -1.220703 7.324219 0.2441406 -3.417969 6.591797 0.2441406 -3.417969 6.591797 -0.2441406 -5.371094 5.126953 -0.2441406 -3.417969 6.591797 0.2441406 -5.371094 5.126953 0.2441406 5.371094 5.126953 -0.2441406 5.371094 5.126953 0.2441406 7.8125 7.324219 -0.2441406 7.8125 7.324219 0.2441406 -5.371094 5.126953 -0.2441406 -7.8125 7.324219 -0.2441406 -5.371094 5.126953 0.2441406 -7.8125 7.324219 0.2441406 10.74219 2.685547 -0.2441406 9.521485 5.615234 -0.2441406 10.74219 2.929687 2.685547 9.521485 5.615234 2.685547 9.521485 5.615234 -0.2441406 7.8125 7.8125 -0.2441406 9.521485 5.615234 2.685547 7.8125 7.8125 2.685547 7.8125 7.8125 -0.2441406 5.615234 9.521485 -0.2441406 7.8125 7.8125 2.685547 5.615234 9.521485 2.685547 5.615234 9.521485 -0.2441406 2.685547 10.74219 -0.2441406 5.615234 9.521485 2.685547 2.929687 10.74219 2.441406 2.685547 10.74219 -0.2441406 0 11.23047 -0.2441406 2.929687 10.74219 2.441406 0 11.23047 2.685547 8.300782 14.64844 -0.2441406 4.394531 16.35742 -0.2441406 5.615234 9.521485 -0.2441406 2.685547 10.74219 -0.2441406 4.394531 16.35742 -0.2441406 0 16.8457 -0.2441406 2.685547 10.74219 -0.2441406 0 11.23047 -0.2441406 3.417969 7.080078 0.4882813 4.882812 10.00977 0.4882813 5.615234 5.615234 0.4882813 7.8125 7.8125 0.4882813 1.220703 7.8125 0.4882813 2.441406 10.98633 0.4882813 3.417969 7.080078 0.4882813 4.882812 10.00977 0.4882813 0 7.8125 0.4882813 0 10.98633 0.4882813 1.220703 7.8125 0.4882813 2.441406 10.98633 0.4882813 0 7.8125 0.4882813 -1.220703 7.8125 0.4882813 0 10.98633 0.4882813 -2.441406 10.98633 0.4882813 -1.220703 7.8125 0.4882813 -3.417969 7.080078 0.4882813 -2.441406 10.98633 0.4882813 -4.882812 10.00977 0.4882813 -3.417969 7.080078 0.4882813 -5.615234 5.615234 0.4882813 -4.882812 10.00977 0.4882813 -7.8125 7.8125 0.4882813 -16.60156 0 0 -16.8457 0 -0.2441406 -15.86914 4.150391 0 -16.35742 4.394531 -0.2441406 -15.86914 4.150391 0 -16.35742 4.394531 -0.2441406 -14.16016 8.300782 0 -14.64844 8.300782 -0.2441406 -13.91602 9.277344 -0.2441406 -13.42773 9.277344 0 -14.64844 8.300782 -0.2441406 -14.16016 8.300782 0 -11.96289 0 2.685547 -13.67187 0 2.197266 -12.45117 2.197266 2.441406 -13.42773 2.441406 2.197266 -11.23047 6.347656 2.441406 -10.98633 4.638672 2.685547 -12.69531 3.173828 2.441406 -11.71875 2.929687 2.685547 -11.96289 0 2.685547 -12.45117 2.197266 2.441406 -11.71875 2.929687 2.685547 -12.69531 3.173828 2.441406 -13.67187 0 2.197266 -14.64844 1.953125 1.464844 -13.42773 2.441406 2.197266 -14.4043 2.685547 1.464844 -15.86914 4.150391 0 -15.13672 3.417969 0.9765625 -16.60156 0 0 -14.89258 1.953125 1.220703 -13.18359 7.568359 1.708984 -12.93945 9.521485 0.7324219 -12.45117 7.080078 1.953125 -11.96289 9.521485 0.9765625 -12.45117 7.080078 1.953125 -12.69531 3.173828 2.441406 -13.18359 7.568359 1.708984 -13.42773 3.417969 2.441406 -11.96289 0 2.685547 -10.98633 2.929687 2.441406 -11.23047 0 2.197266 -10.74219 2.685547 2.197266 -14.64844 8.300782 -0.2441406 -9.521485 5.615234 -0.2441406 -11.96289 11.96289 -0.2441406 -7.8125 7.8125 -0.2441406 -11.96289 11.96289 -0.2441406 -7.8125 7.8125 -0.2441406 -8.300782 14.64844 -0.2441406 -5.615234 9.521485 -0.2441406 -10.74219 2.685547 -0.2441406 -10.74219 2.929687 2.685547 -9.521485 5.615234 -0.2441406 -9.521485 5.615234 2.685547 -9.521485 5.615234 -0.2441406 -9.521485 5.615234 2.685547 -7.8125 7.8125 -0.2441406 -7.8125 7.8125 2.685547 -7.8125 7.8125 -0.2441406 -7.8125 7.8125 2.685547 -5.615234 9.521485 -0.2441406 -5.615234 9.521485 2.685547 -5.615234 9.521485 -0.2441406 -5.615234 9.521485 2.685547 -2.685547 10.74219 -0.2441406 -2.929687 10.74219 2.441406 -2.685547 10.74219 -0.2441406 -2.929687 10.74219 2.441406 0 11.23047 -0.2441406 0 11.23047 2.685547 -8.300782 14.64844 -0.2441406 -5.615234 9.521485 -0.2441406 -4.394531 16.35742 -0.2441406 -2.685547 10.74219 -0.2441406 -4.394531 16.35742 -0.2441406 -2.685547 10.74219 -0.2441406 0 16.8457 -0.2441406 0 11.23047 -0.2441406 -14.89258 3.417969 1.708984 -14.4043 2.685547 1.464844 -14.89258 1.953125 1.464844 -14.64844 1.953125 1.464844 -13.67187 7.8125 0.7324219 -13.42773 9.277344 0 -13.18359 7.568359 1.708984 -12.93945 9.521485 0.7324219 -13.18359 7.568359 1.708984 -13.42773 3.417969 2.441406 -13.67187 7.8125 0.7324219 -13.91602 3.662109 1.708984 -15.13672 3.417969 0.9765625 -14.89258 3.417969 1.708984 -14.89258 1.953125 1.220703 -14.89258 1.953125 1.464844 -14.89258 3.417969 1.708984 -13.42773 3.417969 2.441406 -14.4043 2.685547 1.464844 -13.42773 2.441406 2.197266 -13.42773 3.417969 2.441406 -14.89258 3.417969 1.708984 -13.91602 3.662109 1.708984 -15.13672 3.417969 0.9765625 11.23047 0 -0.2441406 11.23047 0 2.197266 10.74219 -2.685547 -0.2441406 10.74219 -2.685547 2.197266 11.23047 0 -0.2441406 10.74219 2.685547 -0.2441406 11.23047 0 2.197266 10.74219 2.685547 2.197266 -11.23047 0 -0.2441406 -10.74219 -2.685547 -0.2441406 -11.23047 0 2.197266 -10.74219 -2.685547 2.197266 -11.23047 0 -0.2441406 -11.23047 0 2.197266 -10.74219 2.685547 -0.2441406 -10.74219 2.685547 2.197266 -16.8457 0 -0.2441406 -16.35742 -4.394531 -0.2441406 -11.23047 0 -0.2441406 -10.74219 -2.685547 -0.2441406 -16.35742 -4.394531 -0.2441406 -14.64844 -8.300782 -0.2441406 -10.74219 -2.685547 -0.2441406 -9.521485 -5.615234 -0.2441406 16.8457 0 -0.2441406 11.23047 0 -0.2441406 16.35742 -4.394531 -0.2441406 10.74219 -2.685547 -0.2441406 16.35742 -4.394531 -0.2441406 10.74219 -2.685547 -0.2441406 14.64844 -8.300782 -0.2441406 9.521485 -5.615234 -0.2441406 16.8457 0 -0.2441406 16.35742 4.394531 -0.2441406 11.23047 0 -0.2441406 10.74219 2.685547 -0.2441406 16.35742 4.394531 -0.2441406 14.64844 8.300782 -0.2441406 10.74219 2.685547 -0.2441406 9.521485 5.615234 -0.2441406 -16.8457 0 -0.2441406 -11.23047 0 -0.2441406 -16.35742 4.394531 -0.2441406 -10.74219 2.685547 -0.2441406 -16.35742 4.394531 -0.2441406 -10.74219 2.685547 -0.2441406 -14.64844 8.300782 -0.2441406 -9.521485 5.615234 -0.2441406 11.71875 2.929687 -4.150391 10.74219 2.685547 -4.150391 12.20703 0 -4.150391 10.98633 0 -4.150391 10.49805 6.103516 -4.150391 9.521485 5.371094 -4.150391 11.71875 2.929687 -4.150391 10.74219 2.685547 -4.150391 8.544922 8.544922 -4.150391 7.8125 7.8125 -4.150391 10.49805 6.103516 -4.150391 9.521485 5.371094 -4.150391 5.126953 10.98633 -4.150391 4.882812 10.00977 -4.150391 8.544922 8.544922 -4.150391 7.8125 7.8125 -4.150391 2.441406 11.96289 -4.150391 2.441406 10.98633 -4.150391 5.126953 10.98633 -4.150391 4.882812 10.00977 -4.150391 -2.441406 11.96289 -4.150391 -5.126953 10.98633 -4.150391 -2.441406 10.98633 -4.150391 -4.882812 10.00977 -4.150391 -5.126953 10.98633 -4.150391 -8.544922 8.544922 -4.150391 -4.882812 10.00977 -4.150391 -7.8125 7.8125 -4.150391 -8.544922 8.544922 -4.150391 -10.49805 6.103516 -4.150391 -7.8125 7.8125 -4.150391 -9.521485 5.371094 -4.150391 -10.49805 6.103516 -4.150391 -11.71875 2.929687 -4.150391 -9.521485 5.371094 -4.150391 -10.74219 2.685547 -4.150391 -11.71875 2.929687 -4.150391 -12.20703 0 -4.150391 -10.74219 2.685547 -4.150391 -10.98633 0 -4.150391 -2.441406 10.98633 -0.2441406 0 10.98633 -0.2441406 -2.441406 11.96289 -0.2441406 0 12.20703 -0.2441406 2.441406 11.96289 -0.2441406 0 12.20703 -0.2441406 2.441406 10.98633 -0.2441406 0 10.98633 -0.2441406 -11.71875 -2.929687 -4.150391 -10.74219 -2.685547 -4.150391 -12.20703 0 -4.150391 -10.98633 0 -4.150391 -10.49805 -6.103516 -4.150391 -9.521485 -5.371094 -4.150391 -11.71875 -2.929687 -4.150391 -10.74219 -2.685547 -4.150391 -8.544922 -8.544922 -4.150391 -7.8125 -7.8125 -4.150391 -10.49805 -6.103516 -4.150391 -9.521485 -5.371094 -4.150391 -5.126953 -10.98633 -4.150391 -4.882812 -10.00977 -4.150391 -8.544922 -8.544922 -4.150391 -7.8125 -7.8125 -4.150391 -2.441406 -11.96289 -4.150391 -2.441406 -10.98633 -4.150391 -5.126953 -10.98633 -4.150391 -4.882812 -10.00977 -4.150391 2.441406 -11.96289 -4.150391 5.126953 -10.98633 -4.150391 2.441406 -10.98633 -4.150391 4.882812 -10.00977 -4.150391 5.126953 -10.98633 -4.150391 8.544922 -8.544922 -4.150391 4.882812 -10.00977 -4.150391 7.8125 -7.8125 -4.150391 8.544922 -8.544922 -4.150391 10.49805 -6.103516 -4.150391 7.8125 -7.8125 -4.150391 9.521485 -5.371094 -4.150391 10.49805 -6.103516 -4.150391 11.71875 -2.929687 -4.150391 9.521485 -5.371094 -4.150391 10.74219 -2.685547 -4.150391 11.71875 -2.929687 -4.150391 12.20703 0 -4.150391 10.74219 -2.685547 -4.150391 10.98633 0 -4.150391 2.441406 -10.98633 -0.2441406 0 -10.98633 -0.2441406 2.441406 -11.96289 -0.2441406 0 -12.20703 -0.2441406 -2.441406 -11.96289 -0.2441406 0 -12.20703 -0.2441406 -2.441406 -10.98633 -0.2441406 0 -10.98633 -0.2441406 10.74219 2.685547 -4.150391 10.74219 2.685547 -0.2441406 10.98633 0 -4.150391 10.98633 0 -0.2441406 11.71875 2.929687 -4.150391 12.20703 0 -4.150391 11.71875 2.929687 -0.2441406 12.20703 0 -0.2441406 9.521485 5.371094 -4.150391 9.521485 5.371094 -0.2441406 10.74219 2.685547 -4.150391 10.74219 2.685547 -0.2441406 10.49805 6.103516 -4.150391 11.71875 2.929687 -4.150391 10.49805 6.103516 -0.2441406 11.71875 2.929687 -0.2441406 7.8125 7.8125 -4.150391 7.8125 7.8125 -0.2441406 9.521485 5.371094 -4.150391 9.521485 5.371094 -0.2441406 8.544922 8.544922 -4.150391 10.49805 6.103516 -4.150391 8.544922 8.544922 -0.2441406 10.49805 6.103516 -0.2441406 4.882812 10.00977 -4.150391 4.882812 10.00977 -0.2441406 7.8125 7.8125 -4.150391 7.8125 7.8125 -0.2441406 5.126953 10.98633 -4.150391 8.544922 8.544922 -4.150391 5.126953 10.98633 -0.2441406 8.544922 8.544922 -0.2441406 2.441406 10.98633 -4.150391 2.441406 10.98633 -0.2441406 4.882812 10.00977 -4.150391 4.882812 10.00977 -0.2441406 2.441406 11.96289 -4.150391 5.126953 10.98633 -4.150391 2.441406 11.96289 -0.2441406 5.126953 10.98633 -0.2441406 2.441406 11.96289 -0.2441406 2.441406 10.98633 -0.2441406 2.441406 11.96289 -4.150391 2.441406 10.98633 -4.150391 -2.441406 10.98633 -0.2441406 -2.441406 11.96289 -0.2441406 -2.441406 10.98633 -4.150391 -2.441406 11.96289 -4.150391 -2.441406 11.96289 -4.150391 -2.441406 11.96289 -0.2441406 -5.126953 10.98633 -4.150391 -5.126953 10.98633 -0.2441406 -2.441406 10.98633 -4.150391 -4.882812 10.00977 -4.150391 -2.441406 10.98633 -0.2441406 -4.882812 10.00977 -0.2441406 -5.126953 10.98633 -4.150391 -5.126953 10.98633 -0.2441406 -8.544922 8.544922 -4.150391 -8.544922 8.544922 -0.2441406 -4.882812 10.00977 -4.150391 -7.8125 7.8125 -4.150391 -4.882812 10.00977 -0.2441406 -7.8125 7.8125 -0.2441406 -8.544922 8.544922 -4.150391 -8.544922 8.544922 -0.2441406 -10.49805 6.103516 -4.150391 -10.49805 6.103516 -0.2441406 -7.8125 7.8125 -4.150391 -9.521485 5.371094 -4.150391 -7.8125 7.8125 -0.2441406 -9.521485 5.371094 -0.2441406 -10.49805 6.103516 -4.150391 -10.49805 6.103516 -0.2441406 -11.71875 2.929687 -4.150391 -11.71875 2.929687 -0.2441406 -9.521485 5.371094 -4.150391 -10.74219 2.685547 -4.150391 -9.521485 5.371094 -0.2441406 -10.74219 2.685547 -0.2441406 -11.71875 2.929687 -4.150391 -11.71875 2.929687 -0.2441406 -12.20703 0 -4.150391 -12.20703 0 -0.2441406 -10.74219 2.685547 -4.150391 -10.98633 0 -4.150391 -10.74219 2.685547 -0.2441406 -10.98633 0 -0.2441406 -10.74219 -2.685547 -4.150391 -10.74219 -2.685547 -0.2441406 -10.98633 0 -4.150391 -10.98633 0 -0.2441406 -11.71875 -2.929687 -4.150391 -12.20703 0 -4.150391 -11.71875 -2.929687 -0.2441406 -12.20703 0 -0.2441406 -9.521485 -5.371094 -4.150391 -9.521485 -5.371094 -0.2441406 -10.74219 -2.685547 -4.150391 -10.74219 -2.685547 -0.2441406 -10.49805 -6.103516 -4.150391 -11.71875 -2.929687 -4.150391 -10.49805 -6.103516 -0.2441406 -11.71875 -2.929687 -0.2441406 -7.8125 -7.8125 -4.150391 -7.8125 -7.8125 -0.2441406 -9.521485 -5.371094 -4.150391 -9.521485 -5.371094 -0.2441406 -8.544922 -8.544922 -4.150391 -10.49805 -6.103516 -4.150391 -8.544922 -8.544922 -0.2441406 -10.49805 -6.103516 -0.2441406 -4.882812 -10.00977 -4.150391 -4.882812 -10.00977 -0.2441406 -7.8125 -7.8125 -4.150391 -7.8125 -7.8125 -0.2441406 -5.126953 -10.98633 -4.150391 -8.544922 -8.544922 -4.150391 -5.126953 -10.98633 -0.2441406 -8.544922 -8.544922 -0.2441406 -2.441406 -10.98633 -4.150391 -2.441406 -10.98633 -0.2441406 -4.882812 -10.00977 -4.150391 -4.882812 -10.00977 -0.2441406 -2.441406 -11.96289 -4.150391 -5.126953 -10.98633 -4.150391 -2.441406 -11.96289 -0.2441406 -5.126953 -10.98633 -0.2441406 -2.441406 -11.96289 -0.2441406 -2.441406 -10.98633 -0.2441406 -2.441406 -11.96289 -4.150391 -2.441406 -10.98633 -4.150391 2.441406 -10.98633 -0.2441406 2.441406 -11.96289 -0.2441406 2.441406 -10.98633 -4.150391 2.441406 -11.96289 -4.150391 2.441406 -11.96289 -4.150391 2.441406 -11.96289 -0.2441406 5.126953 -10.98633 -4.150391 5.126953 -10.98633 -0.2441406 2.441406 -10.98633 -4.150391 4.882812 -10.00977 -4.150391 2.441406 -10.98633 -0.2441406 4.882812 -10.00977 -0.2441406 5.126953 -10.98633 -4.150391 5.126953 -10.98633 -0.2441406 8.544922 -8.544922 -4.150391 8.544922 -8.544922 -0.2441406 4.882812 -10.00977 -4.150391 7.8125 -7.8125 -4.150391 4.882812 -10.00977 -0.2441406 7.8125 -7.8125 -0.2441406 8.544922 -8.544922 -4.150391 8.544922 -8.544922 -0.2441406 10.49805 -6.103516 -4.150391 10.49805 -6.103516 -0.2441406 7.8125 -7.8125 -4.150391 9.521485 -5.371094 -4.150391 7.8125 -7.8125 -0.2441406 9.521485 -5.371094 -0.2441406 10.49805 -6.103516 -4.150391 10.49805 -6.103516 -0.2441406 11.71875 -2.929687 -4.150391 11.71875 -2.929687 -0.2441406 9.521485 -5.371094 -4.150391 10.74219 -2.685547 -4.150391 9.521485 -5.371094 -0.2441406 10.74219 -2.685547 -0.2441406 11.71875 -2.929687 -4.150391 11.71875 -2.929687 -0.2441406 12.20703 0 -4.150391 12.20703 0 -0.2441406 10.74219 -2.685547 -4.150391 10.98633 0 -4.150391 10.74219 -2.685547 -0.2441406 10.98633 0 -0.2441406 10.98633 3.173828 2.929687 10.74219 4.882812 3.173828 10.98633 2.929687 2.441406 10.98633 4.638672 2.685547 10.74219 2.929687 2.685547 10.98633 3.173828 2.929687 10.74219 2.685547 2.197266 10.98633 2.929687 2.441406 5.126953 12.69531 2.197266 5.371094 12.45117 2.441406 4.150391 11.47461 2.685547 4.394531 11.47461 2.929687 0.2441406 13.42773 2.441406 0.7324219 12.20703 2.685547 0 13.42773 2.685547 0.4882813 11.96289 2.929687 5.615234 13.91602 1.464844 5.615234 13.91602 1.708984 5.126953 12.69531 2.197266 5.371094 12.45117 2.441406 3.662109 16.11328 0.2441406 3.90625 16.11328 0.4882813 4.882812 15.13672 0.7324219 5.126953 15.38086 0.9765625 4.882812 15.13672 0.7324219 5.126953 15.38086 0.9765625 5.615234 13.91602 1.464844 5.615234 13.91602 1.708984 0.2441406 14.89258 1.464844 0.2441406 13.42773 2.441406 0 15.13672 1.953125 0 13.42773 2.685547 1.220703 15.86914 0.7324219 0.2441406 14.89258 1.464844 0.9765625 16.11328 0.9765625 0 15.13672 1.953125 2.441406 16.35742 0.2441406 1.220703 15.86914 0.7324219 2.441406 16.60156 0.4882813 0.9765625 16.11328 0.9765625 2.441406 16.35742 0.2441406 2.441406 16.60156 0.4882813 3.662109 16.11328 0.2441406 3.90625 16.11328 0.4882813 2.929687 10.98633 2.685547 4.150391 11.47461 2.685547 3.173828 10.98633 2.929687 4.394531 11.47461 2.929687 2.929687 10.98633 2.685547 2.685547 10.98633 2.929687 1.708984 11.23047 2.685547 1.708984 11.23047 2.929687 1.708984 11.23047 2.685547 1.708984 11.23047 2.929687 0.7324219 12.20703 2.685547 0.4882813 11.96289 2.929687 12.93945 9.521485 0.7324219 11.71875 11.71875 0.4882813 13.67187 9.521485 0 11.96289 11.96289 0 9.765625 9.765625 2.685547 8.544922 8.544922 3.173828 6.835937 11.96289 2.685547 5.859375 10.49805 3.173828 11.71875 11.71875 0.4882813 8.300782 14.16016 0.4882813 11.96289 11.96289 0 8.300782 14.64844 0 9.765625 9.765625 2.685547 10.74219 10.74219 1.708984 10.98633 7.8125 2.685547 11.96289 9.765625 1.464844 10.74219 10.74219 1.708984 9.765625 9.765625 2.685547 7.568359 13.18359 1.708984 6.835937 11.96289 2.685547 10.74219 10.74219 1.708984 7.568359 13.18359 1.708984 11.71875 11.71875 0.4882813 8.300782 14.16016 0.4882813 13.67187 9.521485 0 11.96289 11.96289 0 13.91602 9.277344 -0.2441406 11.96289 11.96289 -0.2441406 11.96289 11.96289 0 8.300782 14.64844 0 11.96289 11.96289 -0.2441406 8.300782 14.64844 -0.2441406 10.49805 5.859375 3.173828 8.544922 8.544922 3.173828 10.98633 7.8125 2.685547 9.765625 9.765625 2.685547 8.300782 14.16016 0.4882813 4.150391 16.11328 0.4882813 8.300782 14.64844 0 4.394531 16.35742 0 4.150391 16.11328 0.4882813 0 16.60156 0.4882813 4.394531 16.35742 0 0 16.8457 0 8.300782 14.64844 0 4.394531 16.35742 0 8.300782 14.64844 -0.2441406 4.394531 16.35742 -0.2441406 4.394531 16.35742 0 0 16.8457 0 4.394531 16.35742 -0.2441406 0 16.8457 -0.2441406 5.859375 10.49805 3.173828 4.394531 11.47461 2.929687 6.835937 11.96289 2.685547 5.371094 12.45117 2.441406 7.568359 13.18359 1.708984 6.835937 11.96289 2.685547 5.615234 13.91602 1.708984 5.371094 12.45117 2.441406 8.300782 14.16016 0.4882813 5.126953 15.38086 0.9765625 4.150391 16.11328 0.4882813 3.90625 16.11328 0.4882813 0 15.13672 1.708984 0 15.13672 1.953125 0 13.67187 2.685547 0 13.42773 2.685547 0 16.60156 0.4882813 0.9765625 16.11328 0.9765625 0 15.13672 1.708984 0 15.13672 1.953125 8.300782 14.16016 0.4882813 7.568359 13.18359 1.708984 5.126953 15.38086 0.9765625 5.615234 13.91602 1.708984 0 16.60156 0.4882813 4.150391 16.11328 0.4882813 2.441406 16.60156 0.4882813 3.90625 16.11328 0.4882813 10.49805 5.859375 3.173828 9.521485 5.615234 2.685547 8.544922 8.544922 3.173828 7.8125 7.8125 2.685547 8.544922 8.544922 3.173828 7.8125 7.8125 2.685547 5.859375 10.49805 3.173828 5.615234 9.521485 2.685547 10.98633 3.173828 2.929687 9.521485 5.615234 2.685547 10.74219 4.882812 3.173828 10.49805 5.859375 3.173828 0 11.23047 2.685547 1.708984 11.23047 2.929687 2.929687 10.74219 2.441406 2.685547 10.98633 2.929687 5.615234 9.521485 2.685547 2.929687 10.74219 2.441406 4.394531 11.47461 2.929687 3.173828 10.98633 2.929687 10.98633 6.591797 2.929687 11.23047 6.347656 2.441406 10.74219 4.882812 3.173828 10.98633 4.638672 2.685547 10.98633 7.8125 2.685547 11.23047 7.568359 2.197266 10.98633 6.591797 2.929687 11.23047 6.347656 2.441406 13.67187 9.521485 0 13.91602 9.277344 -0.2441406 12.93945 9.521485 0.7324219 13.42773 9.277344 0 12.45117 7.080078 1.953125 12.20703 7.324219 2.197266 11.96289 9.521485 0.9765625 11.96289 9.765625 1.464844 12.20703 7.324219 2.197266 12.45117 7.080078 1.953125 10.98633 7.8125 2.685547 11.23047 7.568359 2.197266 -5.126953 12.69531 2.197266 -4.150391 11.47461 2.685547 -5.371094 12.45117 2.441406 -4.394531 11.47461 2.929687 -0.2441406 13.42773 2.441406 0 13.42773 2.685547 -0.7324219 12.20703 2.685547 -0.4882813 11.96289 2.929687 -5.615234 13.91602 1.464844 -5.126953 12.69531 2.197266 -5.615234 13.91602 1.708984 -5.371094 12.45117 2.441406 -3.662109 16.11328 0.2441406 -4.882812 15.13672 0.7324219 -3.90625 16.11328 0.4882813 -5.126953 15.38086 0.9765625 -4.882812 15.13672 0.7324219 -5.615234 13.91602 1.464844 -5.126953 15.38086 0.9765625 -5.615234 13.91602 1.708984 -0.2441406 14.89258 1.464844 0 15.13672 1.953125 -0.2441406 13.42773 2.441406 0 13.42773 2.685547 -1.220703 15.86914 0.7324219 -0.9765625 16.11328 0.9765625 -0.2441406 14.89258 1.464844 0 15.13672 1.953125 -2.441406 16.35742 0.2441406 -2.441406 16.60156 0.4882813 -1.220703 15.86914 0.7324219 -0.9765625 16.11328 0.9765625 -2.441406 16.35742 0.2441406 -3.662109 16.11328 0.2441406 -2.441406 16.60156 0.4882813 -3.90625 16.11328 0.4882813 -2.929687 10.98633 2.685547 -3.173828 10.98633 2.929687 -4.150391 11.47461 2.685547 -4.394531 11.47461 2.929687 -2.929687 10.98633 2.685547 -1.708984 11.23047 2.685547 -2.685547 10.98633 2.929687 -1.708984 11.23047 2.929687 -1.708984 11.23047 2.685547 -0.7324219 12.20703 2.685547 -1.708984 11.23047 2.929687 -0.4882813 11.96289 2.929687 -12.93945 9.521485 0.7324219 -13.67187 9.521485 0 -11.71875 11.71875 0.4882813 -11.96289 11.96289 0 -9.765625 9.765625 2.685547 -6.835937 11.96289 2.685547 -8.544922 8.544922 3.173828 -5.859375 10.49805 3.173828 -11.71875 11.71875 0.4882813 -11.96289 11.96289 0 -8.300782 14.16016 0.4882813 -8.300782 14.64844 0 -9.765625 9.765625 2.685547 -10.98633 7.8125 2.685547 -10.74219 10.74219 1.708984 -11.96289 9.765625 1.464844 -10.74219 10.74219 1.708984 -7.568359 13.18359 1.708984 -9.765625 9.765625 2.685547 -6.835937 11.96289 2.685547 -10.74219 10.74219 1.708984 -11.71875 11.71875 0.4882813 -7.568359 13.18359 1.708984 -8.300782 14.16016 0.4882813 -13.67187 9.521485 0 -13.91602 9.277344 -0.2441406 -11.96289 11.96289 0 -11.96289 11.96289 -0.2441406 -11.96289 11.96289 0 -11.96289 11.96289 -0.2441406 -8.300782 14.64844 0 -8.300782 14.64844 -0.2441406 -10.49805 5.859375 3.173828 -10.98633 7.8125 2.685547 -8.544922 8.544922 3.173828 -9.765625 9.765625 2.685547 -8.300782 14.16016 0.4882813 -8.300782 14.64844 0 -4.150391 16.11328 0.4882813 -4.394531 16.35742 0 -4.150391 16.11328 0.4882813 -4.394531 16.35742 0 0 16.60156 0.4882813 0 16.8457 0 -8.300782 14.64844 0 -8.300782 14.64844 -0.2441406 -4.394531 16.35742 0 -4.394531 16.35742 -0.2441406 -4.394531 16.35742 0 -4.394531 16.35742 -0.2441406 0 16.8457 0 0 16.8457 -0.2441406 -5.859375 10.49805 3.173828 -6.835937 11.96289 2.685547 -4.394531 11.47461 2.929687 -5.371094 12.45117 2.441406 -7.568359 13.18359 1.708984 -5.615234 13.91602 1.708984 -6.835937 11.96289 2.685547 -5.371094 12.45117 2.441406 -8.300782 14.16016 0.4882813 -4.150391 16.11328 0.4882813 -5.126953 15.38086 0.9765625 -3.90625 16.11328 0.4882813 0 15.13672 1.708984 0 13.67187 2.685547 0 15.13672 1.953125 0 13.42773 2.685547 0 16.60156 0.4882813 0 15.13672 1.708984 -0.9765625 16.11328 0.9765625 0 15.13672 1.953125 -8.300782 14.16016 0.4882813 -5.126953 15.38086 0.9765625 -7.568359 13.18359 1.708984 -5.615234 13.91602 1.708984 0 16.60156 0.4882813 -2.441406 16.60156 0.4882813 -4.150391 16.11328 0.4882813 -3.90625 16.11328 0.4882813 -10.49805 5.859375 3.173828 -8.544922 8.544922 3.173828 -9.521485 5.615234 2.685547 -7.8125 7.8125 2.685547 -8.544922 8.544922 3.173828 -5.859375 10.49805 3.173828 -7.8125 7.8125 2.685547 -5.615234 9.521485 2.685547 -10.98633 3.173828 2.929687 -10.74219 4.882812 3.173828 -9.521485 5.615234 2.685547 -10.49805 5.859375 3.173828 0 11.23047 2.685547 -2.929687 10.74219 2.441406 -1.708984 11.23047 2.929687 -2.685547 10.98633 2.929687 -5.615234 9.521485 2.685547 -4.394531 11.47461 2.929687 -2.929687 10.74219 2.441406 -3.173828 10.98633 2.929687 -10.98633 6.591797 2.929687 -10.74219 4.882812 3.173828 -11.23047 6.347656 2.441406 -10.98633 4.638672 2.685547 -10.98633 7.8125 2.685547 -10.98633 6.591797 2.929687 -11.23047 7.568359 2.197266 -11.23047 6.347656 2.441406 -13.67187 9.521485 0 -12.93945 9.521485 0.7324219 -13.91602 9.277344 -0.2441406 -13.42773 9.277344 0 -12.45117 7.080078 1.953125 -11.96289 9.521485 0.9765625 -12.20703 7.324219 2.197266 -11.96289 9.765625 1.464844 -12.20703 7.324219 2.197266 -10.98633 7.8125 2.685547 -12.45117 7.080078 1.953125 -11.23047 7.568359 2.197266 -10.98633 3.173828 2.929687 -10.98633 2.929687 2.441406 -10.74219 4.882812 3.173828 -10.98633 4.638672 2.685547 -10.74219 2.929687 2.685547 -10.74219 2.685547 2.197266 -10.98633 3.173828 2.929687 -10.98633 2.929687 2.441406 -1.220703 -15.625 2.685547 -1.953125 -14.89258 3.417969 -0.4882813 -14.64844 2.685547 -1.464844 -14.16016 3.417969 -0.4882813 -14.64844 2.685547 -1.464844 -14.16016 3.417969 -0.4882813 -13.42773 2.685547 -1.220703 -13.42773 3.417969 -2.929687 -11.23047 2.929687 -1.708984 -11.47461 2.929687 -2.929687 -12.20703 3.417969 -2.197266 -12.45117 3.417969 -1.220703 -16.11328 1.464844 -2.441406 -16.60156 1.464844 -1.220703 -15.625 2.685547 -2.441406 -16.11328 2.685547 -2.441406 -16.60156 1.464844 -3.90625 -16.35742 1.464844 -2.441406 -16.11328 2.685547 -3.662109 -15.86914 2.685547 -5.126953 -15.38086 1.464844 -4.638672 -15.13672 2.685547 -3.90625 -16.35742 1.464844 -3.662109 -15.86914 2.685547 -5.615234 -13.91602 1.464844 -5.126953 -13.91602 2.685547 -5.126953 -15.38086 1.464844 -4.638672 -15.13672 2.685547 -1.220703 -15.625 2.685547 -2.441406 -16.11328 2.685547 -1.953125 -14.89258 3.417969 -2.685547 -15.13672 3.417969 -2.441406 -16.11328 2.685547 -3.662109 -15.86914 2.685547 -2.685547 -15.13672 3.417969 -3.417969 -15.13672 3.417969 -4.638672 -15.13672 2.685547 -3.90625 -14.64844 3.417969 -3.662109 -15.86914 2.685547 -3.417969 -15.13672 3.417969 -5.126953 -13.91602 2.685547 -4.150391 -13.91602 3.417969 -4.638672 -15.13672 2.685547 -3.90625 -14.64844 3.417969 -4.882812 -12.69531 2.685547 -4.150391 -13.18359 3.417969 -5.126953 -13.91602 2.685547 -4.150391 -13.91602 3.417969 -4.150391 -11.47461 2.685547 -3.662109 -12.45117 3.417969 -4.882812 -12.69531 2.685547 -4.150391 -13.18359 3.417969 -1.220703 -15.625 2.685547 -0.4882813 -14.64844 2.685547 -1.220703 -16.11328 1.464844 -0.2441406 -14.89258 1.464844 -0.4882813 -14.64844 2.685547 -0.4882813 -13.42773 2.685547 -0.2441406 -14.89258 1.464844 -0.2441406 -13.42773 2.441406 -1.708984 -11.47461 2.929687 -2.929687 -11.23047 2.929687 -1.708984 -11.23047 2.685547 -2.929687 -10.98633 2.685547 -0.4882813 -13.42773 2.685547 -1.220703 -13.42773 3.417969 -0.7324219 -12.20703 2.685547 -1.464844 -12.93945 3.417969 -2.197266 -12.45117 3.417969 -1.708984 -11.47461 2.929687 -1.464844 -12.93945 3.417969 -0.7324219 -12.20703 2.685547 -2.929687 -12.20703 3.417969 -3.662109 -12.45117 3.417969 -2.929687 -11.23047 2.929687 -4.150391 -11.47461 2.685547 -2.441406 -16.60156 1.464844 -1.220703 -16.11328 1.464844 -2.441406 -16.35742 0.2441406 -1.220703 -15.86914 0.7324219 -2.441406 -16.60156 1.464844 -2.441406 -16.35742 0.2441406 -3.90625 -16.35742 1.464844 -3.662109 -16.11328 0.2441406 -3.90625 -16.35742 1.464844 -3.662109 -16.11328 0.2441406 -5.126953 -15.38086 1.464844 -4.882812 -15.13672 0.7324219 -5.126953 -13.91602 2.685547 -5.615234 -13.91602 1.464844 -4.882812 -12.69531 2.685547 -5.126953 -12.69531 2.197266 1.220703 -15.625 2.685547 0.4882813 -14.64844 2.685547 1.953125 -14.89258 3.417969 1.464844 -14.16016 3.417969 0.4882813 -14.64844 2.685547 0.4882813 -13.42773 2.685547 1.464844 -14.16016 3.417969 1.220703 -13.42773 3.417969 2.929687 -11.23047 2.929687 2.929687 -12.20703 3.417969 1.708984 -11.47461 2.929687 2.197266 -12.45117 3.417969 1.220703 -16.11328 1.464844 1.220703 -15.625 2.685547 2.441406 -16.60156 1.464844 2.441406 -16.11328 2.685547 2.441406 -16.60156 1.464844 2.441406 -16.11328 2.685547 3.90625 -16.35742 1.464844 3.662109 -15.86914 2.685547 5.126953 -15.38086 1.464844 3.90625 -16.35742 1.464844 4.638672 -15.13672 2.685547 3.662109 -15.86914 2.685547 5.615234 -13.91602 1.464844 5.126953 -15.38086 1.464844 5.126953 -13.91602 2.685547 4.638672 -15.13672 2.685547 1.220703 -15.625 2.685547 1.953125 -14.89258 3.417969 2.441406 -16.11328 2.685547 2.685547 -15.13672 3.417969 2.441406 -16.11328 2.685547 2.685547 -15.13672 3.417969 3.662109 -15.86914 2.685547 3.417969 -15.13672 3.417969 4.638672 -15.13672 2.685547 3.662109 -15.86914 2.685547 3.90625 -14.64844 3.417969 3.417969 -15.13672 3.417969 5.126953 -13.91602 2.685547 4.638672 -15.13672 2.685547 4.150391 -13.91602 3.417969 3.90625 -14.64844 3.417969 4.882812 -12.69531 2.685547 5.126953 -13.91602 2.685547 4.150391 -13.18359 3.417969 4.150391 -13.91602 3.417969 4.150391 -11.47461 2.685547 4.882812 -12.69531 2.685547 3.662109 -12.45117 3.417969 4.150391 -13.18359 3.417969 1.220703 -15.625 2.685547 1.220703 -16.11328 1.464844 0.4882813 -14.64844 2.685547 0.2441406 -14.89258 1.464844 0.4882813 -14.64844 2.685547 0.2441406 -14.89258 1.464844 0.4882813 -13.42773 2.685547 0.2441406 -13.42773 2.441406 1.708984 -11.47461 2.929687 1.708984 -11.23047 2.685547 2.929687 -11.23047 2.929687 2.929687 -10.98633 2.685547 0.4882813 -13.42773 2.685547 0.7324219 -12.20703 2.685547 1.220703 -13.42773 3.417969 1.464844 -12.93945 3.417969 2.197266 -12.45117 3.417969 1.464844 -12.93945 3.417969 1.708984 -11.47461 2.929687 0.7324219 -12.20703 2.685547 2.929687 -12.20703 3.417969 2.929687 -11.23047 2.929687 3.662109 -12.45117 3.417969 4.150391 -11.47461 2.685547 2.441406 -16.60156 1.464844 2.441406 -16.35742 0.2441406 1.220703 -16.11328 1.464844 1.220703 -15.86914 0.7324219 2.441406 -16.60156 1.464844 3.90625 -16.35742 1.464844 2.441406 -16.35742 0.2441406 3.662109 -16.11328 0.2441406 3.90625 -16.35742 1.464844 5.126953 -15.38086 1.464844 3.662109 -16.11328 0.2441406 4.882812 -15.13672 0.7324219 5.126953 -13.91602 2.685547 4.882812 -12.69531 2.685547 5.615234 -13.91602 1.464844 5.126953 -12.69531 2.197266 -10.98633 -3.173828 2.929687 -10.74219 -4.882812 3.173828 -10.98633 -2.929687 2.441406 -10.98633 -4.638672 2.685547 -10.74219 -2.929687 2.685547 -10.98633 -3.173828 2.929687 -10.74219 -2.685547 2.197266 -10.98633 -2.929687 2.441406 -5.126953 -12.69531 2.197266 -5.371094 -12.45117 2.441406 -4.150391 -11.47461 2.685547 -4.394531 -11.47461 2.929687 -0.2441406 -13.42773 2.441406 -0.7324219 -12.20703 2.685547 0 -13.42773 2.685547 -0.4882813 -11.96289 2.929687 -5.615234 -13.91602 1.464844 -5.615234 -13.91602 1.708984 -5.126953 -12.69531 2.197266 -5.371094 -12.45117 2.441406 -3.662109 -16.11328 0.2441406 -3.90625 -16.11328 0.4882813 -4.882812 -15.13672 0.7324219 -5.126953 -15.38086 0.9765625 -4.882812 -15.13672 0.7324219 -5.126953 -15.38086 0.9765625 -5.615234 -13.91602 1.464844 -5.615234 -13.91602 1.708984 -0.2441406 -14.89258 1.464844 -0.2441406 -13.42773 2.441406 0 -15.13672 1.953125 0 -13.42773 2.685547 -1.220703 -15.86914 0.7324219 -0.2441406 -14.89258 1.464844 -0.9765625 -16.11328 0.9765625 0 -15.13672 1.953125 -2.441406 -16.35742 0.2441406 -1.220703 -15.86914 0.7324219 -2.441406 -16.60156 0.4882813 -0.9765625 -16.11328 0.9765625 -2.441406 -16.35742 0.2441406 -2.441406 -16.60156 0.4882813 -3.662109 -16.11328 0.2441406 -3.90625 -16.11328 0.4882813 -2.929687 -10.98633 2.685547 -4.150391 -11.47461 2.685547 -3.173828 -10.98633 2.929687 -4.394531 -11.47461 2.929687 -2.929687 -10.98633 2.685547 -2.685547 -10.98633 2.929687 -1.708984 -11.23047 2.685547 -1.708984 -11.23047 2.929687 -1.708984 -11.23047 2.685547 -1.708984 -11.23047 2.929687 -0.7324219 -12.20703 2.685547 -0.4882813 -11.96289 2.929687 -12.93945 -9.521485 0.7324219 -11.71875 -11.71875 0.4882813 -13.67187 -9.521485 0 -11.96289 -11.96289 0 -9.765625 -9.765625 2.685547 -8.544922 -8.544922 3.173828 -6.835937 -11.96289 2.685547 -5.859375 -10.49805 3.173828 -11.71875 -11.71875 0.4882813 -8.300782 -14.16016 0.4882813 -11.96289 -11.96289 0 -8.300782 -14.64844 0 -9.765625 -9.765625 2.685547 -10.74219 -10.74219 1.708984 -10.98633 -7.8125 2.685547 -11.96289 -9.765625 1.464844 -10.74219 -10.74219 1.708984 -9.765625 -9.765625 2.685547 -7.568359 -13.18359 1.708984 -6.835937 -11.96289 2.685547 -10.74219 -10.74219 1.708984 -7.568359 -13.18359 1.708984 -11.71875 -11.71875 0.4882813 -8.300782 -14.16016 0.4882813 -13.67187 -9.521485 0 -11.96289 -11.96289 0 -13.91602 -9.277344 -0.2441406 -11.96289 -11.96289 -0.2441406 -11.96289 -11.96289 0 -8.300782 -14.64844 0 -11.96289 -11.96289 -0.2441406 -8.300782 -14.64844 -0.2441406 -10.49805 -5.859375 3.173828 -8.544922 -8.544922 3.173828 -10.98633 -7.8125 2.685547 -9.765625 -9.765625 2.685547 -8.300782 -14.16016 0.4882813 -4.150391 -16.11328 0.4882813 -8.300782 -14.64844 0 -4.394531 -16.35742 0 -4.150391 -16.11328 0.4882813 0 -16.60156 0.4882813 -4.394531 -16.35742 0 0 -16.8457 0 -8.300782 -14.64844 0 -4.394531 -16.35742 0 -8.300782 -14.64844 -0.2441406 -4.394531 -16.35742 -0.2441406 -4.394531 -16.35742 0 0 -16.8457 0 -4.394531 -16.35742 -0.2441406 0 -16.8457 -0.2441406 -5.859375 -10.49805 3.173828 -4.394531 -11.47461 2.929687 -6.835937 -11.96289 2.685547 -5.371094 -12.45117 2.441406 -7.568359 -13.18359 1.708984 -6.835937 -11.96289 2.685547 -5.615234 -13.91602 1.708984 -5.371094 -12.45117 2.441406 -8.300782 -14.16016 0.4882813 -5.126953 -15.38086 0.9765625 -4.150391 -16.11328 0.4882813 -3.90625 -16.11328 0.4882813 0 -15.13672 1.708984 0 -15.13672 1.953125 0 -13.67187 2.685547 0 -13.42773 2.685547 0 -16.60156 0.4882813 -0.9765625 -16.11328 0.9765625 0 -15.13672 1.708984 0 -15.13672 1.953125 -8.300782 -14.16016 0.4882813 -7.568359 -13.18359 1.708984 -5.126953 -15.38086 0.9765625 -5.615234 -13.91602 1.708984 0 -16.60156 0.4882813 -4.150391 -16.11328 0.4882813 -2.441406 -16.60156 0.4882813 -3.90625 -16.11328 0.4882813 -10.49805 -5.859375 3.173828 -9.521485 -5.615234 2.685547 -8.544922 -8.544922 3.173828 -7.8125 -7.8125 2.685547 -8.544922 -8.544922 3.173828 -7.8125 -7.8125 2.685547 -5.859375 -10.49805 3.173828 -5.615234 -9.521485 2.685547 -10.98633 -3.173828 2.929687 -9.521485 -5.615234 2.685547 -10.74219 -4.882812 3.173828 -10.49805 -5.859375 3.173828 0 -11.23047 2.685547 -1.708984 -11.23047 2.929687 -2.929687 -10.74219 2.441406 -2.685547 -10.98633 2.929687 -5.615234 -9.521485 2.685547 -2.929687 -10.74219 2.441406 -4.394531 -11.47461 2.929687 -3.173828 -10.98633 2.929687 -10.98633 -6.591797 2.929687 -11.23047 -6.347656 2.441406 -10.74219 -4.882812 3.173828 -10.98633 -4.638672 2.685547 -10.98633 -7.8125 2.685547 -11.23047 -7.568359 2.197266 -10.98633 -6.591797 2.929687 -11.23047 -6.347656 2.441406 -13.67187 -9.521485 0 -13.91602 -9.277344 -0.2441406 -12.93945 -9.521485 0.7324219 -13.42773 -9.277344 0 -12.45117 -7.080078 1.953125 -12.20703 -7.324219 2.197266 -11.96289 -9.521485 0.9765625 -11.96289 -9.765625 1.464844 -12.20703 -7.324219 2.197266 -12.45117 -7.080078 1.953125 -10.98633 -7.8125 2.685547 -11.23047 -7.568359 2.197266 5.126953 -12.69531 2.197266 4.150391 -11.47461 2.685547 5.371094 -12.45117 2.441406 4.394531 -11.47461 2.929687 0.2441406 -13.42773 2.441406 0 -13.42773 2.685547 0.7324219 -12.20703 2.685547 0.4882813 -11.96289 2.929687 5.615234 -13.91602 1.464844 5.126953 -12.69531 2.197266 5.615234 -13.91602 1.708984 5.371094 -12.45117 2.441406 3.662109 -16.11328 0.2441406 4.882812 -15.13672 0.7324219 3.90625 -16.11328 0.4882813 5.126953 -15.38086 0.9765625 4.882812 -15.13672 0.7324219 5.615234 -13.91602 1.464844 5.126953 -15.38086 0.9765625 5.615234 -13.91602 1.708984 0.2441406 -14.89258 1.464844 0 -15.13672 1.953125 0.2441406 -13.42773 2.441406 0 -13.42773 2.685547 1.220703 -15.86914 0.7324219 0.9765625 -16.11328 0.9765625 0.2441406 -14.89258 1.464844 0 -15.13672 1.953125 2.441406 -16.35742 0.2441406 2.441406 -16.60156 0.4882813 1.220703 -15.86914 0.7324219 0.9765625 -16.11328 0.9765625 2.441406 -16.35742 0.2441406 3.662109 -16.11328 0.2441406 2.441406 -16.60156 0.4882813 3.90625 -16.11328 0.4882813 2.929687 -10.98633 2.685547 3.173828 -10.98633 2.929687 4.150391 -11.47461 2.685547 4.394531 -11.47461 2.929687 2.929687 -10.98633 2.685547 1.708984 -11.23047 2.685547 2.685547 -10.98633 2.929687 1.708984 -11.23047 2.929687 1.708984 -11.23047 2.685547 0.7324219 -12.20703 2.685547 1.708984 -11.23047 2.929687 0.4882813 -11.96289 2.929687 12.93945 -9.521485 0.7324219 13.67187 -9.521485 0 11.71875 -11.71875 0.4882813 11.96289 -11.96289 0 9.765625 -9.765625 2.685547 6.835937 -11.96289 2.685547 8.544922 -8.544922 3.173828 5.859375 -10.49805 3.173828 11.71875 -11.71875 0.4882813 11.96289 -11.96289 0 8.300782 -14.16016 0.4882813 8.300782 -14.64844 0 9.765625 -9.765625 2.685547 10.98633 -7.8125 2.685547 10.74219 -10.74219 1.708984 11.96289 -9.765625 1.464844 10.74219 -10.74219 1.708984 7.568359 -13.18359 1.708984 9.765625 -9.765625 2.685547 6.835937 -11.96289 2.685547 10.74219 -10.74219 1.708984 11.71875 -11.71875 0.4882813 7.568359 -13.18359 1.708984 8.300782 -14.16016 0.4882813 13.67187 -9.521485 0 13.91602 -9.277344 -0.2441406 11.96289 -11.96289 0 11.96289 -11.96289 -0.2441406 11.96289 -11.96289 0 11.96289 -11.96289 -0.2441406 8.300782 -14.64844 0 8.300782 -14.64844 -0.2441406 10.49805 -5.859375 3.173828 10.98633 -7.8125 2.685547 8.544922 -8.544922 3.173828 9.765625 -9.765625 2.685547 8.300782 -14.16016 0.4882813 8.300782 -14.64844 0 4.150391 -16.11328 0.4882813 4.394531 -16.35742 0 4.150391 -16.11328 0.4882813 4.394531 -16.35742 0 0 -16.60156 0.4882813 0 -16.8457 0 8.300782 -14.64844 0 8.300782 -14.64844 -0.2441406 4.394531 -16.35742 0 4.394531 -16.35742 -0.2441406 4.394531 -16.35742 0 4.394531 -16.35742 -0.2441406 0 -16.8457 0 0 -16.8457 -0.2441406 5.859375 -10.49805 3.173828 6.835937 -11.96289 2.685547 4.394531 -11.47461 2.929687 5.371094 -12.45117 2.441406 7.568359 -13.18359 1.708984 5.615234 -13.91602 1.708984 6.835937 -11.96289 2.685547 5.371094 -12.45117 2.441406 8.300782 -14.16016 0.4882813 4.150391 -16.11328 0.4882813 5.126953 -15.38086 0.9765625 3.90625 -16.11328 0.4882813 0 -15.13672 1.708984 0 -13.67187 2.685547 0 -15.13672 1.953125 0 -13.42773 2.685547 0 -16.60156 0.4882813 0 -15.13672 1.708984 0.9765625 -16.11328 0.9765625 0 -15.13672 1.953125 8.300782 -14.16016 0.4882813 5.126953 -15.38086 0.9765625 7.568359 -13.18359 1.708984 5.615234 -13.91602 1.708984 0 -16.60156 0.4882813 2.441406 -16.60156 0.4882813 4.150391 -16.11328 0.4882813 3.90625 -16.11328 0.4882813 10.49805 -5.859375 3.173828 8.544922 -8.544922 3.173828 9.521485 -5.615234 2.685547 7.8125 -7.8125 2.685547 8.544922 -8.544922 3.173828 5.859375 -10.49805 3.173828 7.8125 -7.8125 2.685547 5.615234 -9.521485 2.685547 10.98633 -3.173828 2.929687 10.74219 -4.882812 3.173828 9.521485 -5.615234 2.685547 10.49805 -5.859375 3.173828 0 -11.23047 2.685547 2.929687 -10.74219 2.441406 1.708984 -11.23047 2.929687 2.685547 -10.98633 2.929687 5.615234 -9.521485 2.685547 4.394531 -11.47461 2.929687 2.929687 -10.74219 2.441406 3.173828 -10.98633 2.929687 10.98633 -6.591797 2.929687 10.74219 -4.882812 3.173828 11.23047 -6.347656 2.441406 10.98633 -4.638672 2.685547 10.98633 -7.8125 2.685547 10.98633 -6.591797 2.929687 11.23047 -7.568359 2.197266 11.23047 -6.347656 2.441406 13.67187 -9.521485 0 12.93945 -9.521485 0.7324219 13.91602 -9.277344 -0.2441406 13.42773 -9.277344 0 12.45117 -7.080078 1.953125 11.96289 -9.521485 0.9765625 12.20703 -7.324219 2.197266 11.96289 -9.765625 1.464844 12.20703 -7.324219 2.197266 10.98633 -7.8125 2.685547 12.45117 -7.080078 1.953125 11.23047 -7.568359 2.197266 10.98633 -3.173828 2.929687 10.98633 -2.929687 2.441406 10.74219 -4.882812 3.173828 10.98633 -4.638672 2.685547 10.74219 -2.929687 2.685547 10.74219 -2.685547 2.197266 10.98633 -3.173828 2.929687 10.98633 -2.929687 2.441406 1.953125 -7.324219 -4.150391 1.953125 -7.8125 -4.150391 3.662109 -6.591797 -4.150391 4.150391 -7.080078 -4.150391 3.662109 -6.591797 -4.150391 4.150391 -7.080078 -4.150391 5.371094 -5.126953 -4.150391 5.859375 -5.615234 -4.150391 -1.953125 -7.324219 -4.150391 -3.662109 -6.591797 -4.150391 -1.953125 -7.8125 -4.150391 -4.150391 -7.080078 -4.150391 -3.662109 -6.591797 -4.150391 -5.371094 -5.126953 -4.150391 -4.150391 -7.080078 -4.150391 -5.615234 -5.859375 -4.150391 -8.300782 -7.8125 -4.150391 -7.8125 -8.544922 -4.150391 -5.371094 -5.126953 -4.150391 -5.615234 -5.859375 -4.150391 -1.953125 7.324219 -4.150391 -1.953125 7.8125 -4.150391 -3.662109 6.591797 -4.150391 -4.150391 7.080078 -4.150391 -3.662109 6.591797 -4.150391 -4.150391 7.080078 -4.150391 -5.371094 5.126953 -4.150391 -5.859375 5.615234 -4.150391 1.953125 7.324219 -4.150391 3.662109 6.591797 -4.150391 1.953125 7.8125 -4.150391 4.150391 7.080078 -4.150391 3.662109 6.591797 -4.150391 5.371094 5.126953 -4.150391 4.150391 7.080078 -4.150391 5.371094 5.859375 -4.150391 8.300782 7.8125 -4.150391 7.8125 8.300782 -4.150391 5.371094 5.126953 -4.150391 5.371094 5.859375 -4.150391 5.126953 3.173828 -0.2441406 3.90625 4.394531 -0.2441406 6.835937 3.90625 -0.2441406 5.126953 5.859375 -0.2441406 5.859375 1.464844 -0.2441406 5.126953 3.173828 -0.2441406 7.568359 1.464844 -0.2441406 6.835937 3.90625 -0.2441406 6.103516 0 -0.2441406 5.859375 1.464844 -0.2441406 7.8125 0 -0.2441406 7.568359 1.464844 -0.2441406 2.929687 7.080078 -0.2441406 2.197266 5.615234 -0.2441406 2.197266 7.324219 -0.2441406 2.197266 5.615234 -0.2441406 5.126953 5.859375 -0.2441406 3.90625 4.394531 -0.2441406 2.929687 7.080078 -0.2441406 2.197266 5.615234 -0.2441406 5.126953 -3.173828 -0.2441406 6.835937 -3.90625 -0.2441406 3.90625 -4.394531 -0.2441406 5.126953 -5.859375 -0.2441406 5.859375 -1.464844 -0.2441406 7.568359 -1.464844 -0.2441406 5.126953 -3.173828 -0.2441406 6.835937 -3.90625 -0.2441406 6.103516 0 -0.2441406 7.8125 0 -0.2441406 5.859375 -1.464844 -0.2441406 7.568359 -1.464844 -0.2441406 2.929687 -7.080078 -0.2441406 2.197266 -7.324219 -0.2441406 2.197266 -5.615234 -0.2441406 2.197266 -5.615234 -0.2441406 5.126953 -5.859375 -0.2441406 2.929687 -7.080078 -0.2441406 3.90625 -4.394531 -0.2441406 2.197266 -5.615234 -0.2441406 7.8125 1.464844 -4.150391 7.8125 1.464844 -2.197266 5.615234 1.464844 -4.150391 5.615234 1.464844 -2.197266 5.615234 -1.464844 -4.150391 5.615234 -1.464844 -2.197266 7.8125 -1.464844 -4.150391 7.8125 -1.464844 -2.197266 -5.126953 3.173828 -0.2441406 -6.835937 3.90625 -0.2441406 -3.90625 4.394531 -0.2441406 -5.126953 5.859375 -0.2441406 -5.859375 1.464844 -0.2441406 -7.568359 1.464844 -0.2441406 -5.126953 3.173828 -0.2441406 -6.835937 3.90625 -0.2441406 -6.103516 0 -0.2441406 -7.8125 0 -0.2441406 -5.859375 1.464844 -0.2441406 -7.568359 1.464844 -0.2441406 -2.929687 7.080078 -0.2441406 -2.197266 7.324219 -0.2441406 -2.197266 5.615234 -0.2441406 -2.197266 5.615234 -0.2441406 -5.126953 5.859375 -0.2441406 -2.929687 7.080078 -0.2441406 -3.90625 4.394531 -0.2441406 -2.197266 5.615234 -0.2441406 -5.126953 -3.173828 -0.2441406 -3.90625 -4.394531 -0.2441406 -6.835937 -3.90625 -0.2441406 -5.126953 -5.859375 -0.2441406 -5.859375 -1.464844 -0.2441406 -5.126953 -3.173828 -0.2441406 -7.568359 -1.464844 -0.2441406 -6.835937 -3.90625 -0.2441406 -6.103516 0 -0.2441406 -5.859375 -1.464844 -0.2441406 -7.8125 0 -0.2441406 -7.568359 -1.464844 -0.2441406 -2.929687 -7.080078 -0.2441406 -2.197266 -5.615234 -0.2441406 -2.197266 -7.324219 -0.2441406 -2.197266 -5.615234 -0.2441406 -5.126953 -5.859375 -0.2441406 -3.90625 -4.394531 -0.2441406 -2.929687 -7.080078 -0.2441406 -2.197266 -5.615234 -0.2441406 -7.8125 1.464844 -4.150391 -5.615234 1.464844 -4.150391 -7.8125 1.464844 -2.197266 -5.615234 1.464844 -2.197266 -5.615234 -1.464844 -4.150391 -7.8125 -1.464844 -4.150391 -5.615234 -1.464844 -2.197266 -7.8125 -1.464844 -2.197266 5.615234 -1.464844 -2.197266 4.882812 -3.173828 -2.197266 7.8125 -1.464844 -2.197266 6.835937 -4.150391 -2.197266 4.882812 -3.173828 -2.197266 3.662109 -4.394531 -2.197266 6.835937 -4.150391 -2.197266 5.126953 -6.103516 -2.197266 5.126953 -6.103516 -2.197266 3.662109 -4.394531 -2.197266 2.929687 -7.324219 -2.197266 2.197266 -5.371094 -2.197266 -5.615234 1.464844 -2.197266 -4.882812 3.173828 -2.197266 -7.8125 1.464844 -2.197266 -6.835937 4.150391 -2.197266 -4.882812 3.173828 -2.197266 -3.662109 4.394531 -2.197266 -6.835937 4.150391 -2.197266 -5.126953 6.103516 -2.197266 -5.126953 6.103516 -2.197266 -3.662109 4.394531 -2.197266 -2.929687 7.324219 -2.197266 -2.197266 5.371094 -2.197266 -5.615234 -1.464844 -2.197266 -7.8125 -1.464844 -2.197266 -4.882812 -3.173828 -2.197266 -6.835937 -4.150391 -2.197266 -4.882812 -3.173828 -2.197266 -6.835937 -4.150391 -2.197266 -3.662109 -4.394531 -2.197266 -5.126953 -6.103516 -2.197266 -5.126953 -6.103516 -2.197266 -2.929687 -7.324219 -2.197266 -3.662109 -4.394531 -2.197266 -2.197266 -5.371094 -2.197266 3.662109 4.394531 -0.2441406 3.90625 4.394531 -0.2441406 4.882812 3.173828 -0.2441406 5.126953 3.173828 -0.2441406 4.882812 3.173828 -0.2441406 5.126953 3.173828 -0.2441406 5.615234 1.464844 -0.2441406 5.859375 1.464844 -0.2441406 5.615234 1.464844 -0.2441406 5.859375 1.464844 -0.2441406 5.859375 0 -0.2441406 6.103516 0 -0.2441406 7.8125 1.464844 -0.2441406 8.056641 0 -0.2441406 7.568359 1.464844 -0.2441406 7.8125 0 -0.2441406 6.835937 4.150391 -0.2441406 7.8125 1.464844 -0.2441406 6.835937 3.90625 -0.2441406 7.568359 1.464844 -0.2441406 5.126953 6.103516 -0.2441406 6.835937 4.150391 -0.2441406 5.126953 5.859375 -0.2441406 6.835937 3.90625 -0.2441406 3.90625 4.394531 -0.2441406 3.662109 4.394531 -0.2441406 2.197266 5.615234 -0.2441406 2.197266 5.371094 -0.2441406 2.929687 7.324219 -0.2441406 5.126953 6.103516 -0.2441406 2.929687 7.080078 -0.2441406 5.126953 5.859375 -0.2441406 2.197266 7.568359 -0.2441406 2.929687 7.324219 -0.2441406 2.197266 7.324219 -0.2441406 2.929687 7.080078 -0.2441406 3.662109 -4.394531 -0.2441406 4.882812 -3.173828 -0.2441406 3.90625 -4.394531 -0.2441406 5.126953 -3.173828 -0.2441406 4.882812 -3.173828 -0.2441406 5.615234 -1.464844 -0.2441406 5.126953 -3.173828 -0.2441406 5.859375 -1.464844 -0.2441406 5.615234 -1.464844 -0.2441406 5.859375 0 -0.2441406 5.859375 -1.464844 -0.2441406 6.103516 0 -0.2441406 7.8125 -1.464844 -0.2441406 7.568359 -1.464844 -0.2441406 8.056641 0 -0.2441406 7.8125 0 -0.2441406 6.835937 -4.150391 -0.2441406 6.835937 -3.90625 -0.2441406 7.8125 -1.464844 -0.2441406 7.568359 -1.464844 -0.2441406 5.126953 -6.103516 -0.2441406 5.126953 -5.859375 -0.2441406 6.835937 -4.150391 -0.2441406 6.835937 -3.90625 -0.2441406 3.90625 -4.394531 -0.2441406 2.197266 -5.615234 -0.2441406 3.662109 -4.394531 -0.2441406 2.197266 -5.371094 -0.2441406 2.929687 -7.324219 -0.2441406 2.929687 -7.080078 -0.2441406 5.126953 -6.103516 -0.2441406 5.126953 -5.859375 -0.2441406 2.197266 -7.568359 -0.2441406 2.197266 -7.324219 -0.2441406 2.929687 -7.324219 -0.2441406 2.929687 -7.080078 -0.2441406 -3.662109 4.394531 -0.2441406 -4.882812 3.173828 -0.2441406 -3.90625 4.394531 -0.2441406 -5.126953 3.173828 -0.2441406 -4.882812 3.173828 -0.2441406 -5.615234 1.464844 -0.2441406 -5.126953 3.173828 -0.2441406 -5.859375 1.464844 -0.2441406 -5.615234 1.464844 -0.2441406 -5.859375 0 -0.2441406 -5.859375 1.464844 -0.2441406 -6.103516 0 -0.2441406 -7.8125 1.464844 -0.2441406 -7.568359 1.464844 -0.2441406 -8.056641 0 -0.2441406 -7.8125 0 -0.2441406 -6.835937 4.150391 -0.2441406 -6.835937 3.90625 -0.2441406 -7.8125 1.464844 -0.2441406 -7.568359 1.464844 -0.2441406 -5.126953 6.103516 -0.2441406 -5.126953 5.859375 -0.2441406 -6.835937 4.150391 -0.2441406 -6.835937 3.90625 -0.2441406 -3.90625 4.394531 -0.2441406 -2.197266 5.615234 -0.2441406 -3.662109 4.394531 -0.2441406 -2.197266 5.371094 -0.2441406 -2.929687 7.324219 -0.2441406 -2.929687 7.080078 -0.2441406 -5.126953 6.103516 -0.2441406 -5.126953 5.859375 -0.2441406 -2.197266 7.568359 -0.2441406 -2.197266 7.324219 -0.2441406 -2.929687 7.324219 -0.2441406 -2.929687 7.080078 -0.2441406 -3.662109 -4.394531 -0.2441406 -3.90625 -4.394531 -0.2441406 -4.882812 -3.173828 -0.2441406 -5.126953 -3.173828 -0.2441406 -4.882812 -3.173828 -0.2441406 -5.126953 -3.173828 -0.2441406 -5.615234 -1.464844 -0.2441406 -5.859375 -1.464844 -0.2441406 -5.615234 -1.464844 -0.2441406 -5.859375 -1.464844 -0.2441406 -5.859375 0 -0.2441406 -6.103516 0 -0.2441406 -7.8125 -1.464844 -0.2441406 -8.056641 0 -0.2441406 -7.568359 -1.464844 -0.2441406 -7.8125 0 -0.2441406 -6.835937 -4.150391 -0.2441406 -7.8125 -1.464844 -0.2441406 -6.835937 -3.90625 -0.2441406 -7.568359 -1.464844 -0.2441406 -5.126953 -6.103516 -0.2441406 -6.835937 -4.150391 -0.2441406 -5.126953 -5.859375 -0.2441406 -6.835937 -3.90625 -0.2441406 -3.90625 -4.394531 -0.2441406 -3.662109 -4.394531 -0.2441406 -2.197266 -5.615234 -0.2441406 -2.197266 -5.371094 -0.2441406 -2.929687 -7.324219 -0.2441406 -5.126953 -6.103516 -0.2441406 -2.929687 -7.080078 -0.2441406 -5.126953 -5.859375 -0.2441406 -2.197266 -7.568359 -0.2441406 -2.929687 -7.324219 -0.2441406 -2.197266 -7.324219 -0.2441406 -2.929687 -7.080078 -0.2441406 3.662109 4.394531 -2.197266 2.197266 5.371094 -2.197266 3.662109 4.394531 -0.2441406 2.197266 5.371094 -0.2441406 4.882812 3.173828 -2.197266 3.662109 4.394531 -2.197266 4.882812 3.173828 -0.2441406 3.662109 4.394531 -0.2441406 5.615234 1.464844 -2.197266 4.882812 3.173828 -2.197266 5.615234 1.464844 -0.2441406 4.882812 3.173828 -0.2441406 5.615234 1.464844 -0.2441406 5.859375 0 -0.2441406 5.615234 0.7324219 -2.197266 5.859375 0 -2.197266 8.056641 0 -2.197266 8.056641 0 -0.2441406 7.8125 1.464844 -2.197266 7.8125 1.464844 -0.2441406 7.8125 1.464844 -2.197266 7.8125 1.464844 -0.2441406 6.835937 4.150391 -2.197266 6.835937 4.150391 -0.2441406 6.835937 4.150391 -2.197266 6.835937 4.150391 -0.2441406 5.126953 6.103516 -2.197266 5.126953 6.103516 -0.2441406 2.197266 7.568359 -0.2441406 2.197266 7.568359 -2.197266 2.929687 7.324219 -0.2441406 2.929687 7.324219 -2.197266 5.126953 6.103516 -0.2441406 2.929687 7.324219 -0.2441406 5.126953 6.103516 -2.197266 2.929687 7.324219 -2.197266 3.662109 -4.394531 -2.197266 3.662109 -4.394531 -0.2441406 2.197266 -5.371094 -2.197266 2.197266 -5.371094 -0.2441406 4.882812 -3.173828 -2.197266 4.882812 -3.173828 -0.2441406 3.662109 -4.394531 -2.197266 3.662109 -4.394531 -0.2441406 5.615234 -1.464844 -2.197266 5.615234 -1.464844 -0.2441406 4.882812 -3.173828 -2.197266 4.882812 -3.173828 -0.2441406 8.056641 0 -2.197266 7.8125 -1.464844 -2.197266 8.056641 0 -0.2441406 7.8125 -1.464844 -0.2441406 7.8125 -1.464844 -2.197266 6.835937 -4.150391 -2.197266 7.8125 -1.464844 -0.2441406 6.835937 -4.150391 -0.2441406 6.835937 -4.150391 -2.197266 5.126953 -6.103516 -2.197266 6.835937 -4.150391 -0.2441406 5.126953 -6.103516 -0.2441406 2.197266 -7.568359 -0.2441406 2.929687 -7.324219 -0.2441406 2.197266 -7.568359 -2.197266 2.929687 -7.324219 -2.197266 5.126953 -6.103516 -0.2441406 5.126953 -6.103516 -2.197266 2.929687 -7.324219 -0.2441406 2.929687 -7.324219 -2.197266 8.056641 0 -4.150391 8.056641 0 -2.197266 7.8125 1.464844 -4.150391 7.8125 1.464844 -2.197266 7.8125 -1.464844 -4.150391 7.8125 -1.464844 -2.197266 8.056641 0 -4.150391 8.056641 0 -2.197266 -3.662109 4.394531 -2.197266 -3.662109 4.394531 -0.2441406 -2.197266 5.371094 -2.197266 -2.197266 5.371094 -0.2441406 -4.882812 3.173828 -2.197266 -4.882812 3.173828 -0.2441406 -3.662109 4.394531 -2.197266 -3.662109 4.394531 -0.2441406 -5.615234 1.464844 -2.197266 -5.615234 1.464844 -0.2441406 -4.882812 3.173828 -2.197266 -4.882812 3.173828 -0.2441406 -8.056641 0 -2.197266 -7.8125 1.464844 -2.197266 -8.056641 0 -0.2441406 -7.8125 1.464844 -0.2441406 -7.8125 1.464844 -2.197266 -6.835937 4.150391 -2.197266 -7.8125 1.464844 -0.2441406 -6.835937 4.150391 -0.2441406 -6.835937 4.150391 -2.197266 -5.126953 6.103516 -2.197266 -6.835937 4.150391 -0.2441406 -5.126953 6.103516 -0.2441406 -2.197266 7.568359 -0.2441406 -2.929687 7.324219 -0.2441406 -2.197266 7.568359 -2.197266 -2.929687 7.324219 -2.197266 -5.126953 6.103516 -0.2441406 -5.126953 6.103516 -2.197266 -2.929687 7.324219 -0.2441406 -2.929687 7.324219 -2.197266 -3.662109 -4.394531 -2.197266 -2.197266 -5.371094 -2.197266 -3.662109 -4.394531 -0.2441406 -2.197266 -5.371094 -0.2441406 -4.882812 -3.173828 -2.197266 -3.662109 -4.394531 -2.197266 -4.882812 -3.173828 -0.2441406 -3.662109 -4.394531 -0.2441406 -5.615234 -1.464844 -2.197266 -4.882812 -3.173828 -2.197266 -5.615234 -1.464844 -0.2441406 -4.882812 -3.173828 -0.2441406 -5.615234 -1.464844 -0.2441406 -5.859375 0 -0.2441406 -5.615234 -0.7324219 -2.197266 -5.859375 0 -2.197266 -8.056641 0 -2.197266 -8.056641 0 -0.2441406 -7.8125 -1.464844 -2.197266 -7.8125 -1.464844 -0.2441406 -7.8125 -1.464844 -2.197266 -7.8125 -1.464844 -0.2441406 -6.835937 -4.150391 -2.197266 -6.835937 -4.150391 -0.2441406 -6.835937 -4.150391 -2.197266 -6.835937 -4.150391 -0.2441406 -5.126953 -6.103516 -2.197266 -5.126953 -6.103516 -0.2441406 -2.197266 -7.568359 -0.2441406 -2.197266 -7.568359 -2.197266 -2.929687 -7.324219 -0.2441406 -2.929687 -7.324219 -2.197266 -5.126953 -6.103516 -0.2441406 -2.929687 -7.324219 -0.2441406 -5.126953 -6.103516 -2.197266 -2.929687 -7.324219 -2.197266 -8.056641 0 -4.150391 -7.8125 1.464844 -4.150391 -8.056641 0 -2.197266 -7.8125 1.464844 -2.197266 -7.8125 -1.464844 -4.150391 -8.056641 0 -4.150391 -7.8125 -1.464844 -2.197266 -8.056641 0 -2.197266 -5.615234 0.7324219 -4.150391 -5.615234 0.7324219 -2.197266 -5.615234 1.464844 -4.150391 -5.615234 1.464844 -2.197266 5.615234 1.464844 -2.197266 7.8125 1.464844 -2.197266 4.882812 3.173828 -2.197266 6.835937 4.150391 -2.197266 4.882812 3.173828 -2.197266 6.835937 4.150391 -2.197266 3.662109 4.394531 -2.197266 5.126953 6.103516 -2.197266 5.126953 6.103516 -2.197266 2.929687 7.324219 -2.197266 3.662109 4.394531 -2.197266 2.197266 5.371094 -2.197266 7.568359 0 -4.150391 8.056641 0 -4.150391 7.324219 0.7324219 -4.150391 7.8125 1.464844 -4.150391 7.324219 0.7324219 -4.150391 7.8125 1.464844 -4.150391 5.615234 0.7324219 -4.150391 5.615234 1.464844 -4.150391 7.324219 -0.7324219 -4.150391 5.615234 -0.7324219 -4.150391 7.8125 -1.464844 -4.150391 5.615234 -1.464844 -4.150391 7.324219 -0.7324219 -4.150391 7.8125 -1.464844 -4.150391 7.568359 0 -4.150391 8.056641 0 -4.150391 -7.568359 0 -4.150391 -7.324219 0.7324219 -4.150391 -8.056641 0 -4.150391 -7.8125 1.464844 -4.150391 -7.324219 0.7324219 -4.150391 -5.615234 0.7324219 -4.150391 -7.8125 1.464844 -4.150391 -5.615234 1.464844 -4.150391 -7.324219 -0.7324219 -4.150391 -7.8125 -1.464844 -4.150391 -5.615234 -0.7324219 -4.150391 -5.615234 -1.464844 -4.150391 -7.324219 -0.7324219 -4.150391 -7.568359 0 -4.150391 -7.8125 -1.464844 -4.150391 -8.056641 0 -4.150391 5.615234 0.7324219 -4.150391 5.615234 1.464844 -4.150391 5.615234 0.7324219 -2.197266 5.615234 1.464844 -2.197266 5.615234 -0.7324219 -4.150391 5.615234 -0.7324219 -2.197266 5.615234 -1.464844 -4.150391 5.615234 -1.464844 -2.197266 -5.615234 -0.7324219 -4.150391 -5.615234 -1.464844 -4.150391 -5.615234 -0.7324219 -2.197266 -5.615234 -1.464844 -2.197266 7.568359 0 -2.197266 7.568359 0 -4.150391 7.324219 0.7324219 -2.197266 7.324219 0.7324219 -4.150391 7.568359 0 -2.197266 7.324219 -0.7324219 -2.197266 7.568359 0 -4.150391 7.324219 -0.7324219 -4.150391 -7.568359 0 -2.197266 -7.324219 0.7324219 -2.197266 -7.568359 0 -4.150391 -7.324219 0.7324219 -4.150391 -7.568359 0 -2.197266 -7.568359 0 -4.150391 -7.324219 -0.7324219 -2.197266 -7.324219 -0.7324219 -4.150391 7.568359 0 -2.197266 7.324219 0.7324219 -2.197266 5.859375 0 -2.197266 5.615234 0.7324219 -2.197266 7.324219 -0.7324219 -2.197266 7.568359 0 -2.197266 5.615234 -0.7324219 -2.197266 5.859375 0 -2.197266 -7.568359 0 -2.197266 -5.859375 0 -2.197266 -7.324219 0.7324219 -2.197266 -5.615234 0.7324219 -2.197266 -7.324219 -0.7324219 -2.197266 -5.615234 -0.7324219 -2.197266 -7.568359 0 -2.197266 -5.859375 0 -2.197266 7.324219 0.7324219 -2.197266 7.324219 0.7324219 -4.150391 5.615234 0.7324219 -2.197266 5.615234 0.7324219 -4.150391 7.324219 -0.7324219 -2.197266 5.615234 -0.7324219 -2.197266 7.324219 -0.7324219 -4.150391 5.615234 -0.7324219 -4.150391 -7.324219 0.7324219 -2.197266 -5.615234 0.7324219 -2.197266 -7.324219 0.7324219 -4.150391 -5.615234 0.7324219 -4.150391 -7.324219 -0.7324219 -2.197266 -7.324219 -0.7324219 -4.150391 -5.615234 -0.7324219 -2.197266 -5.615234 -0.7324219 -4.150391 2.197266 5.615234 -0.2441406 2.197266 5.371094 -2.197266 2.197266 7.324219 -0.2441406 2.197266 7.568359 -2.197266 2.197266 -5.615234 -0.2441406 2.197266 -7.324219 -0.2441406 2.197266 -5.371094 -2.197266 2.197266 -7.568359 -2.197266 -2.197266 5.615234 -0.2441406 -2.197266 7.324219 -0.2441406 -2.197266 5.371094 -2.197266 -2.197266 7.568359 -2.197266 -2.197266 -5.615234 -0.2441406 -2.197266 -5.371094 -2.197266 -2.197266 -7.324219 -0.2441406 -2.197266 -7.568359 -2.197266 5.615234 -0.7324219 -2.197266 5.859375 0 -2.197266 5.615234 -1.464844 -0.2441406 5.859375 0 -0.2441406 -5.615234 0.7324219 -2.197266 -5.859375 0 -2.197266 -5.615234 1.464844 -0.2441406 -5.859375 0 -0.2441406 4.150391 -7.080078 -4.150391 1.953125 -7.8125 -4.150391 4.150391 -7.080078 0 1.953125 -7.8125 0 5.859375 -5.615234 -4.150391 4.150391 -7.080078 -4.150391 5.859375 -5.615234 0 4.150391 -7.080078 0 -7.8125 -8.544922 -4.150391 -7.8125 -8.544922 0 -5.615234 -5.859375 -4.150391 -5.615234 -5.859375 0 -8.300782 -7.8125 -4.150391 -5.371094 -5.126953 -4.150391 -8.300782 -7.8125 0 -5.371094 -5.126953 0 -3.662109 6.591797 -4.150391 -3.662109 6.591797 0 -1.953125 7.324219 -4.150391 -1.953125 7.324219 0 -5.371094 5.126953 -4.150391 -5.371094 5.126953 0 -3.662109 6.591797 -4.150391 -3.662109 6.591797 0 7.8125 8.300782 -4.150391 7.8125 8.300782 0 5.371094 5.859375 -4.150391 5.371094 5.859375 0 8.300782 7.8125 -4.150391 5.371094 5.126953 -4.150391 8.300782 7.8125 0 5.371094 5.126953 0 1.953125 -7.8125 -4.150391 1.953125 -7.324219 -4.150391 1.953125 -7.8125 0 1.953125 -7.324219 0 5.859375 -5.615234 -4.150391 5.859375 -5.615234 0 5.371094 -5.126953 -4.150391 5.371094 -5.126953 0 -1.953125 -7.8125 -4.150391 -1.953125 -7.8125 0 -1.953125 -7.324219 -4.150391 -1.953125 -7.324219 0 -7.8125 -8.544922 -4.150391 -8.300782 -7.8125 -4.150391 -7.8125 -8.544922 0 -8.300782 -7.8125 0 -1.953125 7.8125 -4.150391 -1.953125 7.324219 -4.150391 -1.953125 7.8125 0 -1.953125 7.324219 0 -5.859375 5.615234 -4.150391 -5.859375 5.615234 0 -5.371094 5.126953 -4.150391 -5.371094 5.126953 0 1.953125 7.8125 -4.150391 1.953125 7.8125 0 1.953125 7.324219 -4.150391 1.953125 7.324219 0 7.8125 8.300782 -4.150391 8.300782 7.8125 -4.150391 7.8125 8.300782 0 8.300782 7.8125 0 3.662109 -6.591797 -4.150391 3.662109 -6.591797 0 1.953125 -7.324219 -4.150391 1.953125 -7.324219 0 5.371094 -5.126953 -4.150391 5.371094 -5.126953 0 3.662109 -6.591797 -4.150391 3.662109 -6.591797 0 -3.662109 -6.591797 -4.150391 -1.953125 -7.324219 -4.150391 -3.662109 -6.591797 0 -1.953125 -7.324219 0 -4.150391 -7.080078 -4.150391 -4.150391 -7.080078 0 -1.953125 -7.8125 -4.150391 -1.953125 -7.8125 0 -5.371094 -5.126953 -4.150391 -3.662109 -6.591797 -4.150391 -5.371094 -5.126953 0 -3.662109 -6.591797 0 -5.615234 -5.859375 -4.150391 -5.615234 -5.859375 0 -4.150391 -7.080078 -4.150391 -4.150391 -7.080078 0 -4.150391 7.080078 -4.150391 -1.953125 7.8125 -4.150391 -4.150391 7.080078 0 -1.953125 7.8125 0 -5.859375 5.615234 -4.150391 -4.150391 7.080078 -4.150391 -5.859375 5.615234 0 -4.150391 7.080078 0 3.662109 6.591797 -4.150391 1.953125 7.324219 -4.150391 3.662109 6.591797 0 1.953125 7.324219 0 4.150391 7.080078 -4.150391 4.150391 7.080078 0 1.953125 7.8125 -4.150391 1.953125 7.8125 0 5.371094 5.126953 -4.150391 3.662109 6.591797 -4.150391 5.371094 5.126953 0 3.662109 6.591797 0 5.371094 5.859375 -4.150391 5.371094 5.859375 0 4.150391 7.080078 -4.150391 4.150391 7.080078 0</float_array>
          <technique_common>
            <accessor source="#Mesh_0388Mesh-mesh-positions-array" count="3482" stride="3">
              <param name="X" type="float"/>
              <param name="Y" type="float"/>
              <param name="Z" type="float"/>
            </accessor>
          </technique_common>
        </source>
        <source id="Mesh_0388Mesh-mesh-normals">
          <float_array id="Mesh_0388Mesh-mesh-normals-array" count="4527">-0.316118 -0.02634316 -0.9483541 -0.313363 -0.1342985 -0.9400892 0.3015114 0.3015114 -0.9045341 0.1924501 0.1924501 -0.9622505 0.5494422 -0.1373605 -0.8241634 0.6975185 0.2872135 -0.656488 0.3868053 0.1381447 -0.9117553 0.5339555 0.2232905 -0.8154956 0.2454141 0.113268 -0.9627785 0.6381444 0.07976806 -0.7657734 0.7960298 0.09950369 -0.5970223 0.6678601 0.2613366 -0.6968975 0.5848442 0.4386332 -0.6823183 0 0 -1 1 0 0 0.2901294 -0.2321035 -0.9284142 0.1551263 -0.1034175 -0.9824667 0.1734945 -0.05783146 -0.9831354 0.1516196 0.07580977 -0.9855275 0.1034175 0.1551263 -0.9824667 0.05783146 0.1734945 -0.9831354 -0.05191737 0.1557522 -0.9864309 0.05471754 -0.1641527 -0.9849162 0 -0.164399 -0.986394 -0.1097642 -0.1097642 -0.9878785 -0.1557522 -0.05191737 -0.9864309 -0.164399 0 -0.986394 -0.1345683 0.08971226 -0.986835 0.7644708 -0.6115767 0.2038589 0.7001401 0.1400279 -0.7001401 0.5773503 0.5773503 -0.5773503 -0.2721655 0.6804139 -0.6804139 -0.8741574 -0.2913858 0.3885144 -0.7881104 0.4728662 -0.3940552 -0.1551263 -0.1034175 -0.9824667 -0.1734945 -0.05783146 -0.9831354 -0.1516196 0.07580977 -0.9855275 -0.1034175 0.1551263 -0.9824667 -0.05783146 0.1734945 -0.9831354 0.05191737 0.1557522 -0.9864309 -0.05471754 -0.1641527 -0.9849162 0.1097642 -0.1097642 -0.9878785 0.1557522 -0.05191737 -0.9864309 0.164399 0 -0.986394 0.1345683 0.08971226 -0.986835 -0.7644708 -0.6115767 0.2038589 -0.7001401 0.1400279 -0.7001401 -0.5773503 0.5773503 -0.5773503 0.2721655 0.6804139 -0.6804139 0.8741574 -0.2913858 0.3885144 0.7881104 0.4728662 -0.3940552 -1 0 0 0.316118 -0.02634316 -0.9483541 0.313363 -0.1342985 -0.9400892 -0.3015114 0.3015114 -0.9045341 -0.1924501 0.1924501 -0.9622505 -0.4886327 0.08143877 -0.8686805 -0.6975185 0.2872135 -0.656488 -0.3868053 0.1381447 -0.9117553 -0.5339555 0.2232905 -0.8154956 -0.2454141 0.113268 -0.9627785 -0.6381444 0.07976806 -0.7657734 -0.7960298 0.09950369 -0.5970223 -0.6678601 0.2613366 -0.6968975 -0.5848442 0.4386332 -0.6823183 -0.2901294 -0.2321035 -0.9284142 0.316118 0.02634316 -0.9483541 0.313363 0.1342985 -0.9400892 -0.3015114 -0.3015114 -0.9045341 -0.1924501 -0.1924501 -0.9622505 -0.5494422 0.1373605 -0.8241634 -0.6975185 -0.2872135 -0.656488 -0.3868053 -0.1381447 -0.9117553 -0.5339555 -0.2232905 -0.8154956 -0.2454141 -0.113268 -0.9627785 -0.6381444 -0.07976806 -0.7657734 -0.7960298 -0.09950369 -0.5970223 -0.6678601 -0.2613366 -0.6968975 -0.5848442 -0.4386332 -0.6823183 -0.2901294 0.2321035 -0.9284142 -0.316118 0.02634316 -0.9483541 -0.313363 0.1342985 -0.9400892 0.3015114 -0.3015114 -0.9045341 0.1924501 -0.1924501 -0.9622505 0.4886327 -0.08143877 -0.8686805 0.6975185 -0.2872135 -0.656488 0.3868053 -0.1381447 -0.9117553 0.5339555 -0.2232905 -0.8154956 0.2454141 -0.113268 -0.9627785 0.6381444 -0.07976806 -0.7657734 0.7960298 -0.09950369 -0.5970223 0.6678601 -0.2613366 -0.6968975 0.5848442 -0.4386332 -0.6823183 0.2901294 0.2321035 -0.9284142 0 -1 0 -0.3405026 -0.08512562 -0.9363822 -0.6101391 -0.4140229 -0.6755111 -0.4990263 -0.436648 -0.7485395 -0.4547429 -0.2973319 -0.8395254 0 -0.7071068 -0.7071068 -0.4285714 -0.2857143 -0.8571429 0 0.8944273 -0.4472137 0.5486301 0.2493773 -0.7980075 0.3705045 0.3396291 -0.8645105 -0.3841107 0.5121476 -0.7682214 0.1376494 0.2294157 -0.9635461 -0.1111111 0.8888889 -0.4444444 0.3405026 -0.08512562 -0.9363822 0.6101391 -0.4140229 -0.6755111 0.4990263 -0.436648 -0.7485395 0.4547429 -0.2973319 -0.8395254 0.4285714 -0.2857143 -0.8571429 -0.5486301 0.2493773 -0.7980075 -0.3705045 0.3396291 -0.8645105 0.3841107 0.5121476 -0.7682214 -0.1376494 0.2294157 -0.9635461 0.1111111 0.8888889 -0.4444444 -0.1551263 0.1034175 -0.9824667 -0.1734945 0.05783146 -0.9831354 -0.1516196 -0.07580977 -0.9855275 -0.1034175 -0.1551263 -0.9824667 -0.05783146 -0.1734945 -0.9831354 0.05191737 -0.1557522 -0.9864309 -0.05471754 0.1641527 -0.9849162 0 0.164399 -0.986394 0.1097642 0.1097642 -0.9878785 0.1557522 0.05191737 -0.9864309 0.1345683 -0.08971226 -0.986835 -0.7644708 0.6115767 0.2038589 -0.7001401 -0.1400279 -0.7001401 -0.5773503 -0.5773503 -0.5773503 0.2721655 -0.6804139 -0.6804139 0.8741574 0.2913858 0.3885144 0.7881104 -0.4728662 -0.3940552 0.1551263 0.1034175 -0.9824667 0.1734945 0.05783146 -0.9831354 0.1516196 -0.07580977 -0.9855275 0.1034175 -0.1551263 -0.9824667 0.05783146 -0.1734945 -0.9831354 -0.05191737 -0.1557522 -0.9864309 0.05471754 0.1641527 -0.9849162 -0.1097642 0.1097642 -0.9878785 -0.1557522 0.05191737 -0.9864309 -0.1345683 -0.08971226 -0.986835 0.7644708 0.6115767 0.2038589 0.7001401 -0.1400279 -0.7001401 0.5773503 -0.5773503 -0.5773503 -0.2721655 -0.6804139 -0.6804139 -0.8741574 0.2913858 0.3885144 -0.7881104 -0.4728662 -0.3940552 0 1 0 0.3405026 0.08512562 -0.9363822 0.6101391 0.4140229 -0.6755111 0.4990263 0.436648 -0.7485395 0.4547429 0.2973319 -0.8395254 0 0.7071068 -0.7071068 0.4285714 0.2857143 -0.8571429 0 -0.8944273 -0.4472137 -0.5486301 -0.2493773 -0.7980075 -0.3705045 -0.3396291 -0.8645105 0.3841107 -0.5121476 -0.7682214 -0.1376494 -0.2294157 -0.9635461 0.1111111 -0.8888889 -0.4444444 -0.3405026 0.08512562 -0.9363822 -0.6101391 0.4140229 -0.6755111 -0.4990263 0.436648 -0.7485395 -0.4547429 0.2973319 -0.8395254 -0.4285714 0.2857143 -0.8571429 0.5486301 -0.2493773 -0.7980075 0.3705045 -0.3396291 -0.8645105 -0.3841107 -0.5121476 -0.7682214 0.1376494 -0.2294157 -0.9635461 -0.1111111 -0.8888889 -0.4444444 0 0 1 -0.4886327 -0.08143877 -0.8686805 0.5494422 0.1373605 -0.8241634 0.4886327 0.08143877 -0.8686805 -0.5494422 -0.1373605 -0.8241634 0.7016651 0.1238232 -0.7016651 0.4406914 0.05097383 -0.8962103 0.6806758 0.1176249 -0.7230802 0.4276029 0.04751139 -0.9027172 0.3783387 0.1557865 -0.912464 0.4324237 0.1881241 -0.8818271 0.3826747 0.1583665 -0.9102089 0.4388918 0.1920151 -0.8777837 0.4239991 0.3179994 -0.8479983 0.4239992 0.3179994 -0.8479984 0.2744336 0.04573893 -0.9605177 0.2507588 0.03180742 -0.9675269 0.2638465 0.03949743 -0.9637557 0.2368897 0.02368897 -0.9712478 0.22874 0.1055723 -0.9677461 0.2223027 0.09767442 -0.9700729 0.2270247 0.1034659 -0.9683773 0.219286 0.09397971 -0.9711238 0.3416046 0.02846699 -0.9394127 0.2934628 -0.02508425 -0.9556413 0.3139797 -0.002495765 -0.9494265 0.2571297 -0.06428241 -0.9642366 0.5292562 0.05292558 -0.8468099 0.5399594 0.09551763 -0.8362538 0.543164 0.1091587 -0.8325007 0.5592328 0.1864109 -0.8077808 0.7433581 0.1311808 -0.6559042 0.6778647 0.08176314 -0.7306261 0.7056546 0.1020911 -0.7011627 0.6047767 0.03183031 -0.7957589 0 0.4472136 -0.8944272 0.07363575 0.4341789 -0.8978121 0.1823605 0.4102948 -0.8935339 0.2222771 0.4000989 -0.8891085 0.23124 0.13489 -0.9635003 0.1852501 0.141492 -0.9724518 -0.0184856 0.166369 -0.9858903 -0.05675548 0.1702665 -0.9837622 -0.2394261 -0.1596174 -0.9577044 -0.09244662 -0.06163102 -0.9938085 -0.2116166 -0.1410777 -0.9671171 0.788116 0.3752933 -0.4878813 0.8057916 0.3572171 -0.4723302 0.8215591 0.3401615 -0.457527 0.8329498 0.3272303 -0.4462231 0.872503 0.1342312 -0.4698093 0.8610973 0.142018 -0.4882032 0.8055754 0.1753392 -0.5659544 0.7882757 0.18449 -0.5870137 0.9434564 -0.1048285 -0.3144854 0.9952421 -0.03081142 -0.09243428 0.9549846 -0.09381067 -0.2814322 0.3841106 -0.5121476 -0.7682213 0.4722989 -0.4103757 -0.7800806 0.5387032 -0.3205641 -0.7791263 0.6190477 -0.1904762 -0.7619048 0.2182179 0.8728716 -0.4364358 0.2256296 0.9025185 -0.3668131 0.2394317 0.9577268 -0.1594736 0.2417469 0.9669876 -0.08058226 -0.551033 -0.1147985 -0.8265495 -0.5579712 -0.1149855 -0.8218555 -0.6213586 -0.1163498 -0.7748395 -0.6415331 -0.1166424 -0.7581755 0.4649906 -0.3487429 -0.8137335 0.4656192 -0.3287981 -0.821639 0.4654794 -0.3338912 -0.8196619 0.4660024 -0.3106682 -0.8284486 0.6 0 -0.8 0.6465849 -0.1067817 -0.7553315 0.6362683 -0.08117192 -0.7671857 0.6882472 -0.2294157 -0.6882472 0.08908706 0.4454354 -0.8908708 0.1056544 0.4236663 -0.8996356 0.1092222 0.4189173 -0.9014316 0.1301889 0.3905668 -0.9113225 0.3481553 -0.8703883 -0.3481553 0.3481553 -0.8703883 -0.3481553 -0.1529259 -0.9175556 -0.3670222 -0.1660519 -0.9094756 -0.3811575 -0.1655725 -0.9097785 -0.3806428 -0.1800706 -0.9003531 -0.3961554 -0.5787991 -0.7234989 -0.3762194 -0.565566 -0.7275943 -0.3882548 -0.5648328 -0.7278124 -0.3889127 -0.5491891 -0.7322521 -0.4027386 -0.8869686 -0.2956562 -0.3547874 -0.8699728 -0.3156747 -0.3788096 -0.8681076 -0.3177723 -0.3813268 -0.8480669 -0.3392268 -0.4070721 0.2264554 -0.5661386 -0.792594 0.2117762 -0.5637224 -0.7983532 0.2065109 -0.5628231 -0.8003647 0.1864109 -0.5592328 -0.8077808 -0.122988 -0.6149401 -0.7789241 -0.07985973 -0.649595 -0.7560747 -0.06683087 -0.6595638 -0.7486717 -0.396973 -0.5292973 -0.7498379 -0.4504457 -0.5238631 -0.7229566 -0.4389556 -0.5252059 -0.7290246 -0.5144958 -0.5144958 -0.6859944 -0.5834324 -0.2333729 -0.7779099 -0.6002497 -0.221089 -0.7686483 -0.5970782 -0.2234319 -0.7704387 -0.6195855 -0.2065285 -0.7572712 -0.6559042 0.1311808 -0.7433581 -0.6292513 0.06447887 -0.7745227 -0.6363672 0.08141118 -0.7670784 -0.6 0 -0.8000001 -0.5336761 0.3202056 -0.782725 -0.5330828 0.3361242 -0.7764299 -0.5331565 0.3343588 -0.7771412 -0.5321812 0.3547874 -0.7687062 0.7779099 -0.5834324 -0.2333729 0.7632589 -0.5938078 -0.2546141 0.7644086 -0.5930249 -0.2529847 0.751731 -0.6013848 -0.2706232 0.9805807 0 -0.1961161 0.6396022 -0.4264014 -0.6396022 0.1400279 0.7001401 -0.7001401 0.7001401 0.140028 -0.7001401 0.6219022 0.2047513 -0.7558536 0.6504707 0.182221 -0.7373489 0.5345225 0.2672612 -0.8017838 0.2279211 0.3418818 -0.9116846 0.374434 0.3487902 -0.8591535 0.3509913 0.3482372 -0.8692157 0.4649906 0.3487429 -0.8137335 -0.1474419 0.4423258 -0.8846517 -0.211645 0.469798 -0.8570276 -0.2243265 0.4749681 -0.8509306 -0.264198 0.4906534 -0.8303365 0.3651484 -0.912871 0.1825742 0.4122185 -0.8799261 0.2362332 0.3958278 -0.8922247 0.2173829 0.4514662 -0.846499 0.2821663 -0.1612903 -0.967742 0.1935483 -0.1745415 -0.9621155 0.2094498 -0.1760481 -0.9614454 0.2112577 -0.1909009 -0.9545045 0.229081 -0.6013848 -0.751731 0.2706232 -0.6233655 -0.7134737 0.3199543 -0.6397361 -0.6788842 0.3603528 -0.6629192 -0.6155679 0.4261624 -0.912871 0.1825742 -0.3651484 -0.9087335 0.1595708 -0.3856693 -0.9040997 0.1380522 -0.4044076 -0.8908708 0.08908706 -0.4454354 -0.4649906 -0.3487429 -0.8137335 -0.4654794 -0.3338912 -0.8196619 -0.4656192 -0.3287981 -0.821639 -0.4660024 -0.3106682 -0.8284486 -0.6 0 -0.8 -0.6362683 -0.08117192 -0.7671857 -0.6465849 -0.1067817 -0.7553315 -0.6882472 -0.2294157 -0.6882472 -0.08908706 0.4454354 -0.8908708 -0.1092222 0.4189173 -0.9014316 -0.1056544 0.4236663 -0.8996356 -0.1301889 0.3905668 -0.9113225 -0.3481553 -0.8703883 -0.3481553 -0.3481553 -0.8703883 -0.3481553 0.1529259 -0.9175556 -0.3670222 0.1655725 -0.9097785 -0.3806428 0.1660519 -0.9094756 -0.3811575 0.1800706 -0.9003531 -0.3961554 0.5787991 -0.7234989 -0.3762194 0.5648328 -0.7278124 -0.3889127 0.565566 -0.7275943 -0.3882548 0.5491891 -0.7322521 -0.4027386 0.8869686 -0.2956562 -0.3547874 0.8681076 -0.3177723 -0.3813268 0.8699728 -0.3156747 -0.3788096 0.8480669 -0.3392268 -0.4070721 -0.2264554 -0.5661386 -0.792594 -0.2065109 -0.5628231 -0.8003647 -0.2117762 -0.5637224 -0.7983532 -0.1864109 -0.5592328 -0.8077808 0.122988 -0.6149401 -0.7789241 0.06683087 -0.6595638 -0.7486717 0.07985973 -0.649595 -0.7560747 0.396973 -0.5292973 -0.7498379 0.4389556 -0.5252059 -0.7290246 0.4504457 -0.5238631 -0.7229566 0.5144958 -0.5144958 -0.6859944 0.5834324 -0.2333729 -0.7779099 0.5970782 -0.2234319 -0.7704387 0.6002497 -0.221089 -0.7686483 0.6195855 -0.2065285 -0.7572712 0.6559042 0.1311808 -0.7433581 0.6363672 0.08141118 -0.7670784 0.6292513 0.06447887 -0.7745227 0.6 0 -0.8000001 0.5336761 0.3202056 -0.782725 0.5331565 0.3343588 -0.7771412 0.5330828 0.3361242 -0.7764299 0.5321812 0.3547874 -0.7687062 -0.7779099 -0.5834324 -0.2333729 -0.7644086 -0.5930249 -0.2529847 -0.7632589 -0.5938078 -0.2546141 -0.751731 -0.6013848 -0.2706232 -0.9805807 0 -0.1961161 -0.6396022 -0.4264014 -0.6396022 -0.1400279 0.7001401 -0.7001401 -0.7001401 0.140028 -0.7001401 -0.6504707 0.182221 -0.7373489 -0.6219022 0.2047513 -0.7558536 -0.5345225 0.2672612 -0.8017838 -0.2279211 0.3418818 -0.9116846 -0.3509913 0.3482372 -0.8692157 -0.374434 0.3487902 -0.8591535 -0.4649906 0.3487429 -0.8137335 0.1474419 0.4423258 -0.8846517 0.2243265 0.4749681 -0.8509306 0.211645 0.469798 -0.8570276 0.264198 0.4906534 -0.8303365 -0.3651484 -0.912871 0.1825742 -0.3958278 -0.8922247 0.2173829 -0.4122185 -0.8799261 0.2362332 -0.4514662 -0.846499 0.2821663 0.1612903 -0.967742 0.1935483 0.1760481 -0.9614454 0.2112577 0.1745415 -0.9621155 0.2094498 0.1909009 -0.9545045 0.229081 0.6013848 -0.751731 0.2706232 0.6397361 -0.6788842 0.3603528 0.6233655 -0.7134737 0.3199543 0.6629192 -0.6155679 0.4261624 0.912871 0.1825742 -0.3651484 0.9040997 0.1380522 -0.4044076 0.9087335 0.1595708 -0.3856693 0.8908708 0.08908706 -0.4454354 -0.3179994 -0.4239991 -0.8479983 -0.2999952 -0.4077934 -0.8623849 -0.2388326 -0.3519616 -0.9050316 -0.2279211 -0.3418818 -0.9116847 -0.1474419 -0.4423258 -0.8846517 0 -0.4472136 -0.8944272 0.1474419 -0.4423258 -0.8846517 0.3179994 -0.4239991 -0.8479983 0.2388326 -0.3519616 -0.9050316 0.2999952 -0.4077934 -0.8623849 0.2279211 -0.3418818 -0.9116847 0.3733829 -0.4148699 -0.8297398 0.5396127 -0.5486137 -0.6386244 0.3944015 -0.4322669 -0.810921 -0.3733829 -0.4148699 -0.8297398 -0.3944015 -0.4322669 -0.810921 -0.5396127 -0.5486137 -0.6386244 -0.6 -0.8 0 -0.3162277 -0.9486833 0 -0.3162277 -0.9486834 0 0.3162277 -0.9486833 0 0.3162277 -0.9486834 0 0.6 -0.8 0 0.6689648 -0.7432942 0 -0.6689648 -0.7432942 0 -0.9226033 -0.384418 -0.03203481 -0.9166937 -0.399272 -0.01595634 -0.9170268 -0.3984704 -0.01683002 -0.9103665 -0.413803 0 -0.7893523 -0.6139407 0 -0.7893522 -0.6139407 0 -0.6139407 -0.7893523 0 -0.6139407 -0.7893522 0 -0.3846154 -0.9230769 0 -0.4005857 -0.9160646 -0.0188921 -0.3988906 -0.9168434 -0.01687246 -0.4163562 -0.9084134 -0.03785055 -0.1788617 -0.9837399 -0.01626014 -0.1711784 -0.9852107 -0.007610797 -0.1713132 -0.9851861 -0.007762432 -0.164399 -0.986394 0 -0.7016651 0.1238232 -0.7016651 -0.6806758 0.1176249 -0.7230802 -0.4406914 0.05097383 -0.8962103 -0.4276029 0.04751139 -0.9027172 -0.3783387 0.1557865 -0.912464 -0.3826747 0.1583665 -0.9102089 -0.4324237 0.1881241 -0.8818271 -0.4388918 0.1920151 -0.8777837 -0.4239991 0.3179994 -0.8479983 -0.4239992 0.3179994 -0.8479984 -0.2744336 0.04573893 -0.9605177 -0.2638465 0.03949743 -0.9637557 -0.2507588 0.03180742 -0.9675269 -0.2368897 0.02368897 -0.9712478 -0.22874 0.1055723 -0.9677461 -0.2270247 0.1034659 -0.9683773 -0.2223027 0.09767442 -0.9700729 -0.219286 0.09397971 -0.9711238 -0.3416046 0.02846699 -0.9394127 -0.3139797 -0.002495765 -0.9494265 -0.2934628 -0.02508425 -0.9556413 -0.2571297 -0.06428241 -0.9642366 -0.5292562 0.05292558 -0.8468099 -0.543164 0.1091587 -0.8325007 -0.5399594 0.09551763 -0.8362538 -0.5592328 0.1864109 -0.8077808 -0.7433581 0.1311808 -0.6559042 -0.7056546 0.1020911 -0.7011627 -0.6778647 0.08176314 -0.7306261 -0.6047767 0.03183031 -0.7957589 -0.1823605 0.4102948 -0.8935339 -0.07363575 0.4341789 -0.8978121 -0.2222771 0.4000989 -0.8891085 -0.23124 0.13489 -0.9635003 0.0184856 0.166369 -0.9858903 -0.1852501 0.141492 -0.9724518 0.05675548 0.1702665 -0.9837622 0.551033 -0.1147985 -0.8265495 0.6213586 -0.1163498 -0.7748395 0.5579712 -0.1149855 -0.8218555 0.6415331 -0.1166424 -0.7581755 0.9226033 -0.384418 -0.03203481 0.9170268 -0.3984704 -0.01683002 0.9166937 -0.399272 -0.01595634 0.9103665 -0.413803 0 0.7893523 -0.6139407 0 0.7893522 -0.6139407 0 0.6139407 -0.7893523 0 0.6139407 -0.7893522 0 0.3846154 -0.9230769 0 0.3988906 -0.9168434 -0.01687246 0.4005857 -0.9160646 -0.0188921 0.4163562 -0.9084134 -0.03785055 0.1788617 -0.9837399 -0.01626014 0.1713132 -0.9851861 -0.007762432 0.1711784 -0.9852107 -0.007610797 0.164399 -0.986394 0 0.2394261 -0.1596174 -0.9577044 0.2116166 -0.1410777 -0.9671171 0.09244662 -0.06163102 -0.9938085 -0.788116 0.3752933 -0.4878813 -0.8215591 0.3401615 -0.457527 -0.8057916 0.3572171 -0.4723302 -0.8329498 0.3272303 -0.4462231 -0.872503 0.1342312 -0.4698093 -0.8055754 0.1753392 -0.5659544 -0.8610973 0.142018 -0.4882032 -0.7882757 0.18449 -0.5870137 -0.9434564 -0.1048285 -0.3144854 -0.9549846 -0.09381067 -0.2814322 -0.9952421 -0.03081142 -0.09243428 -0.3841106 -0.5121476 -0.7682213 -0.5387032 -0.3205641 -0.7791263 -0.4722989 -0.4103757 -0.7800806 -0.6190477 -0.1904762 -0.7619048 -0.2182179 0.8728716 -0.4364358 -0.2394317 0.9577268 -0.1594736 -0.2256296 0.9025185 -0.3668131 -0.2417469 0.9669876 -0.08058226 -0.7016651 -0.1238232 -0.7016651 -0.4406914 -0.05097383 -0.8962103 -0.6806758 -0.1176249 -0.7230802 -0.4276029 -0.04751139 -0.9027172 -0.3783387 -0.1557865 -0.912464 -0.4324237 -0.1881241 -0.8818271 -0.3826747 -0.1583665 -0.9102089 -0.4388918 -0.1920151 -0.8777837 -0.4239991 -0.3179994 -0.8479983 -0.4239992 -0.3179994 -0.8479984 -0.2744336 -0.04573893 -0.9605177 -0.2507588 -0.03180742 -0.9675269 -0.2638465 -0.03949743 -0.9637557 -0.2368897 -0.02368897 -0.9712478 -0.22874 -0.1055723 -0.9677461 -0.2223027 -0.09767442 -0.9700729 -0.2270247 -0.1034659 -0.9683773 -0.219286 -0.09397971 -0.9711238 -0.3416046 -0.02846699 -0.9394127 -0.2934628 0.02508425 -0.9556413 -0.3139797 0.002495765 -0.9494265 -0.2571297 0.06428241 -0.9642366 -0.5292562 -0.05292558 -0.8468099 -0.5399594 -0.09551763 -0.8362538 -0.543164 -0.1091587 -0.8325007 -0.5592328 -0.1864109 -0.8077808 -0.7433581 -0.1311808 -0.6559042 -0.6778647 -0.08176314 -0.7306261 -0.7056546 -0.1020911 -0.7011627 -0.6047767 -0.03183031 -0.7957589 -0.07363575 -0.4341789 -0.8978121 -0.1823605 -0.4102948 -0.8935339 -0.2222771 -0.4000989 -0.8891085 -0.23124 -0.13489 -0.9635003 -0.1852501 -0.141492 -0.9724518 0.0184856 -0.166369 -0.9858903 0.05675548 -0.1702665 -0.9837622 0.2394261 0.1596174 -0.9577044 0.09244662 0.06163102 -0.9938085 0.2116166 0.1410777 -0.9671171 -0.788116 -0.3752933 -0.4878813 -0.8057916 -0.3572171 -0.4723302 -0.8215591 -0.3401615 -0.457527 -0.8329498 -0.3272303 -0.4462231 -0.872503 -0.1342312 -0.4698093 -0.8610973 -0.142018 -0.4882032 -0.8055754 -0.1753392 -0.5659544 -0.7882757 -0.18449 -0.5870137 -0.9434564 0.1048285 -0.3144854 -0.9952421 0.03081142 -0.09243428 -0.9549846 0.09381067 -0.2814322 -0.3841106 0.5121476 -0.7682213 -0.4722989 0.4103757 -0.7800806 -0.5387032 0.3205641 -0.7791263 -0.6190477 0.1904762 -0.7619048 -0.2182179 -0.8728716 -0.4364358 -0.2256296 -0.9025185 -0.3668131 -0.2394317 -0.9577268 -0.1594736 -0.2417469 -0.9669876 -0.08058226 0.551033 0.1147985 -0.8265495 0.5579712 0.1149855 -0.8218555 0.6213586 0.1163498 -0.7748395 0.6415331 0.1166424 -0.7581755 0.3179994 0.4239991 -0.8479983 0.2999952 0.4077934 -0.8623849 0.2388326 0.3519616 -0.9050316 0.2279211 0.3418818 -0.9116847 -0.3179994 0.4239991 -0.8479983 -0.2388326 0.3519616 -0.9050316 -0.2999952 0.4077934 -0.8623849 -0.2279211 0.3418818 -0.9116847 -0.3733829 0.4148699 -0.8297398 -0.5396127 0.5486137 -0.6386244 -0.3944015 0.4322669 -0.810921 0.3733829 0.4148699 -0.8297398 0.3944015 0.4322669 -0.810921 0.5396127 0.5486137 -0.6386244 0.6 0.8 0 0.3162277 0.9486833 0 0.3162277 0.9486834 0 -0.3162277 0.9486833 0 -0.3162277 0.9486834 0 -0.6 0.8 0 -0.6689648 0.7432942 0 0.6689648 0.7432942 0 0.9226033 0.384418 -0.03203481 0.9166937 0.399272 -0.01595634 0.9170268 0.3984704 -0.01683002 0.9103665 0.413803 0 0.7893523 0.6139407 0 0.7893522 0.6139407 0 0.6139407 0.7893523 0 0.6139407 0.7893522 0 0.3846154 0.9230769 0 0.4005857 0.9160646 -0.0188921 0.3988906 0.9168434 -0.01687246 0.4163562 0.9084134 -0.03785055 0.1788617 0.9837399 -0.01626014 0.1711784 0.9852107 -0.007610797 0.1713132 0.9851861 -0.007762432 0.164399 0.986394 0 0.7016651 -0.1238232 -0.7016651 0.6806758 -0.1176249 -0.7230802 0.4406914 -0.05097383 -0.8962103 0.4276029 -0.04751139 -0.9027172 0.3783387 -0.1557865 -0.912464 0.3826747 -0.1583665 -0.9102089 0.4324237 -0.1881241 -0.8818271 0.4388918 -0.1920151 -0.8777837 0.4239991 -0.3179994 -0.8479983 0.4239992 -0.3179994 -0.8479984 0.2744336 -0.04573893 -0.9605177 0.2638465 -0.03949743 -0.9637557 0.2507588 -0.03180742 -0.9675269 0.2368897 -0.02368897 -0.9712478 0.22874 -0.1055723 -0.9677461 0.2270247 -0.1034659 -0.9683773 0.2223027 -0.09767442 -0.9700729 0.219286 -0.09397971 -0.9711238 0.3416046 -0.02846699 -0.9394127 0.3139797 0.002495765 -0.9494265 0.2934628 0.02508425 -0.9556413 0.2571297 0.06428241 -0.9642366 0.5292562 -0.05292558 -0.8468099 0.543164 -0.1091587 -0.8325007 0.5399594 -0.09551763 -0.8362538 0.5592328 -0.1864109 -0.8077808 0.7433581 -0.1311808 -0.6559042 0.7056546 -0.1020911 -0.7011627 0.6778647 -0.08176314 -0.7306261 0.6047767 -0.03183031 -0.7957589 0.1823605 -0.4102948 -0.8935339 0.07363575 -0.4341789 -0.8978121 0.2222771 -0.4000989 -0.8891085 0.23124 -0.13489 -0.9635003 -0.0184856 -0.166369 -0.9858903 0.1852501 -0.141492 -0.9724518 -0.05675548 -0.1702665 -0.9837622 -0.551033 0.1147985 -0.8265495 -0.6213586 0.1163498 -0.7748395 -0.5579712 0.1149855 -0.8218555 -0.6415331 0.1166424 -0.7581755 -0.9226033 0.384418 -0.03203481 -0.9170268 0.3984704 -0.01683002 -0.9166937 0.399272 -0.01595634 -0.9103665 0.413803 0 -0.7893523 0.6139407 0 -0.7893522 0.6139407 0 -0.6139407 0.7893523 0 -0.6139407 0.7893522 0 -0.3846154 0.9230769 0 -0.3988906 0.9168434 -0.01687246 -0.4005857 0.9160646 -0.0188921 -0.4163562 0.9084134 -0.03785055 -0.1788617 0.9837399 -0.01626014 -0.1713132 0.9851861 -0.007762432 -0.1711784 0.9852107 -0.007610797 -0.164399 0.986394 0 -0.2394261 0.1596174 -0.9577044 -0.2116166 0.1410777 -0.9671171 -0.09244662 0.06163102 -0.9938085 0.788116 -0.3752933 -0.4878813 0.8215591 -0.3401615 -0.457527 0.8057916 -0.3572171 -0.4723302 0.8329498 -0.3272303 -0.4462231 0.872503 -0.1342312 -0.4698093 0.8055754 -0.1753392 -0.5659544 0.8610973 -0.142018 -0.4882032 0.7882757 -0.18449 -0.5870137 0.9434564 0.1048285 -0.3144854 0.9549846 0.09381067 -0.2814322 0.9952421 0.03081142 -0.09243428 0.3841106 0.5121476 -0.7682213 0.5387032 0.3205641 -0.7791263 0.4722989 0.4103757 -0.7800806 0.6190477 0.1904762 -0.7619048 0.2182179 -0.8728716 -0.4364358 0.2394317 -0.9577268 -0.1594736 0.2256296 -0.9025185 -0.3668131 0.2417469 -0.9669876 -0.08058226 0.9838699 -0.1788854 0 0.9838699 -0.1788854 0 0.9838699 0.1788854 0 0.9838699 0.1788854 0 -0.9838699 -0.1788854 0 -0.9838699 -0.1788854 0 -0.9838699 0.1788854 0 -0.9838699 0.1788854 0 0.9958932 0.09053575 0 0.9958932 0.0905357 0 -0.9863939 -0.164399 0 -0.986394 -0.164399 0 0.9103665 0.4138029 0 -0.9333456 -0.3589791 0 0.8192319 0.5734623 0 -0.7808689 -0.6246951 0 -0.7808688 -0.6246951 0 0.6 0.8000001 0 0.6 0.8 0 -0.5812382 -0.8137335 0 0.3713907 0.9284768 0 0.3713907 0.9284768 0 -0.3417431 -0.9397934 0 -0.3417431 -0.9397935 0 0.3417431 -0.9397934 0 0.3417431 -0.9397935 0 -0.3713907 0.9284768 0 -0.3713907 0.9284768 0 0.5812382 -0.8137335 0 -0.6 0.8000001 0 -0.6 0.8 0 0.7808689 -0.6246951 0 0.7808688 -0.6246951 0 -0.8192319 0.5734623 0 0.9333456 -0.3589791 0 -0.9103665 0.4138029 0 0.9863939 -0.164399 0 0.986394 -0.164399 0 -0.9958932 0.09053575 0 -0.9958932 0.0905357 0 -0.9958932 -0.09053575 0 -0.9958932 -0.0905357 0 0.9863939 0.164399 0 0.986394 0.164399 0 -0.9103665 -0.4138029 0 0.9333456 0.3589791 0 -0.8192319 -0.5734623 0 0.7808689 0.6246951 0 0.7808688 0.6246951 0 -0.6 -0.8000001 0 -0.6 -0.8 0 0.5812382 0.8137335 0 -0.3713907 -0.9284768 0 -0.3713907 -0.9284768 0 0.3417431 0.9397934 0 0.3417431 0.9397935 0 -0.3417431 0.9397934 0 -0.3417431 0.9397935 0 0.3713907 -0.9284768 0 0.3713907 -0.9284768 0 -0.5812382 0.8137335 0 0.6 -0.8000001 0 0.6 -0.8 0 -0.7808689 0.6246951 0 -0.7808688 0.6246951 0 0.8192319 -0.5734623 0 -0.9333456 0.3589791 0 0.9103665 -0.4138029 0 -0.9863939 0.164399 0 -0.986394 0.164399 0 0.9958932 -0.09053575 0 0.9958932 -0.0905357 0 -0.9855275 -0.1516196 0.07580977 -0.8784587 0.06757372 -0.4730162 -0.4082483 0.8164966 -0.4082483 0.2672612 -0.5345225 -0.8017838 0.2962471 -0.5631633 -0.7714174 0.4502981 -0.7010968 -0.5528968 0.4850713 -0.7276069 -0.4850713 -0.6509445 -0.3905667 -0.6509445 -0.5241702 -0.3145021 -0.7914128 -0.6267758 -0.3760654 -0.6824419 -0.5050763 -0.3030458 -0.808122 0.9284768 -0.3713907 0 0.3487429 -0.4649906 -0.8137335 0.6246951 0.4685213 -0.6246951 0.6135435 0.4515975 -0.647784 0.5175502 0.3190655 -0.7939389 0.5050763 0.3030458 -0.808122 0.7071068 0 -0.7071068 0.9486834 0.3162278 0 -0.9116846 -0.2279211 -0.3418818 -0.7250227 -0.2829765 -0.6279064 -0.8913522 -0.2376315 -0.3860343 -0.6767156 -0.290021 -0.6767156 -0.6556101 0.09365856 -0.7492687 -0.7861292 0.2446444 -0.5675826 -0.6878377 0.1268227 -0.7146995 -0.8017838 0.2672612 -0.5345225 -0.492366 0.6154575 -0.6154575 -0.4198024 0.4339537 -0.7971512 -0.4818766 0.5859637 -0.6514918 -0.4082483 0.4082483 -0.8164966 0.165093 0.739201 -0.6529367 0.2870869 0.8921319 -0.3488292 0.3015114 0.904534 -0.3015114 -0.1924501 -0.9622505 -0.1924501 -0.1979191 -0.9648076 -0.173131 -0.2354322 -0.9714367 -0.02970784 -0.2425356 -0.9701426 0 -0.7071068 -0.7071068 0 -0.3030458 -0.5050763 -0.808122 -0.6665304 -0.4625562 -0.5846187 -0.6456527 -0.4343409 -0.6280769 -0.6722927 -0.4706048 -0.5714488 -0.1648327 -0.2197769 -0.961524 -0.1626785 -0.2187845 -0.962117 -0.1596934 -0.217408 -0.9629288 -0.157317 -0.2163109 -0.9635668 -0.4767313 -0.6674239 -0.5720776 -0.4615509 -0.6305953 -0.6239554 -0.4752169 -0.6636506 -0.5776996 -0.4603349 -0.6277294 -0.6277321 -0.4980583 -0.3112864 -0.8093447 -0.4590452 -0.3151347 -0.830643 -0.4625736 -0.3148159 -0.8288044 -0.3539962 -0.460195 -0.8141912 -0.3506464 -0.4586964 -0.8164832 -0.3443987 -0.4558863 -0.8207054 -0.3406396 -0.4541862 -0.823213 -0.4057004 -0.5274105 -0.7464888 -0.4098071 -0.5631139 -0.7176077 -0.4072886 -0.5404812 -0.7362039 -0.4110531 -0.5754743 -0.7070112 -0.7955574 -0.5568901 -0.2386672 -0.809179 -0.58745 -0.01148247 -0.7994613 -0.5621817 -0.2116919 -0.8087361 -0.5881717 0 -0.5913637 -0.8064051 0 -0.5913637 -0.806405 0 -0.2439031 -0.177384 -0.9534392 -0.2393612 -0.1593621 -0.9577631 -0.2415229 -0.1679039 -0.9557588 -0.2363958 -0.1477474 -0.9603582 -0.3157348 -0.6709365 -0.6709365 -0.3330804 -0.7558149 -0.5637388 -0.3173399 -0.6781808 -0.6628471 -0.3347597 -0.765165 -0.5499624 -0.1021618 -0.8683755 -0.4852703 -0.09915578 -0.8884231 -0.4481881 -0.101836 -0.8706851 -0.4811829 -0.09889376 -0.890044 -0.4450188 -0.4008188 -0.9161574 0 -0.1104315 -0.9938838 0 -0.1104315 -0.9938837 0 -0.03673589 -0.2938873 -0.9551339 -0.02095526 -0.3613258 -0.9322042 -0.0213027 -0.3598667 -0.9327606 0 -0.4472137 -0.8944273 -0.2008667 -0.5356446 -0.8202058 -0.1171044 -0.5017229 -0.8570652 -0.1078057 -0.4976925 -0.8606278 -0.379984 -0.8074661 -0.4512326 0 -0.5547002 -0.8320503 0.06388765 -0.6388766 -0.7666519 0.7071068 -0.7071068 0 -0.3467161 -0.6198864 -0.7039381 -0.3090493 -0.5916029 -0.7446439 -0.2652989 -0.5570887 -0.7869363 -0.1829132 -0.4877687 -0.8535951 0.374879 0.2726393 -0.8860777 0.3679958 0.2709129 -0.889486 0.3474655 0.2656988 -0.899262 0.3387195 0.2634485 -0.903252 0.2533308 0.3483299 -0.902491 0.2598043 0.3524138 -0.8990585 0.2780638 0.3638609 -0.8889802 0.2876375 0.3698197 -0.883458 0.4606387 0.1896747 -0.8670845 0.4396601 0.1414645 -0.8869537 0.4506174 0.1663021 -0.8770904 0.4234049 0.1058512 -0.8997355 0.08444005 0.8021807 -0.5910805 0.1037873 0.8209527 -0.5614845 0.1812856 0.8840392 -0.4308251 0.2279211 0.9116846 -0.3418818 0.1961162 0.2413737 -0.9504091 -0.3577709 0.8944272 -0.2683281 -0.8808304 0.05872201 -0.4697762 -0.8808304 0.05872201 -0.4697762 -0.9072648 -0.08247858 -0.4123931 -0.9072647 -0.08247858 -0.412393 -0.7071068 0 -0.7071068 -0.2182179 0.8728716 -0.4364358 -0.8137336 -0.348743 -0.4649906 -0.9953074 -0.08654844 0.04327422 0.3015114 0.9045341 -0.3015114 -0.2672612 -0.5345225 -0.8017838 -0.4502981 -0.7010968 -0.5528968 -0.2962471 -0.5631633 -0.7714174 -0.4850713 -0.7276069 -0.4850713 0.6509445 -0.3905667 -0.6509445 0.6267758 -0.3760654 -0.6824419 0.5241702 -0.3145021 -0.7914128 0.5050763 -0.3030458 -0.808122 -0.9284768 -0.3713907 0 -0.3487429 -0.4649906 -0.8137335 -0.6246951 0.4685213 -0.6246951 -0.5175502 0.3190655 -0.7939389 -0.6135435 0.4515975 -0.647784 -0.5050763 0.3030458 -0.808122 -0.9486834 0.3162278 0 0.9116846 -0.2279211 -0.3418818 0.8913522 -0.2376315 -0.3860343 0.7250227 -0.2829765 -0.6279064 0.6767156 -0.290021 -0.6767156 0.6556101 0.09365856 -0.7492687 0.6878377 0.1268227 -0.7146995 0.7861292 0.2446444 -0.5675826 0.8017838 0.2672612 -0.5345225 0.492366 0.6154575 -0.6154575 0.4818766 0.5859637 -0.6514918 0.4198024 0.4339537 -0.7971512 0.4082483 0.4082483 -0.8164966 -0.2870869 0.8921319 -0.3488292 -0.165093 0.739201 -0.6529367 -0.3015114 0.904534 -0.3015114 0.1924501 -0.9622505 -0.1924501 0.2354322 -0.9714367 -0.02970784 0.1979191 -0.9648076 -0.173131 0.2425356 -0.9701426 0 0.3030458 -0.5050763 -0.808122 0.6456527 -0.4343409 -0.6280769 0.6665304 -0.4625562 -0.5846187 0.6722927 -0.4706048 -0.5714488 0.1648327 -0.2197769 -0.961524 0.1596934 -0.217408 -0.9629288 0.1626785 -0.2187845 -0.962117 0.157317 -0.2163109 -0.9635668 0.4767313 -0.6674239 -0.5720776 0.4752169 -0.6636506 -0.5776996 0.4615509 -0.6305953 -0.6239554 0.4603349 -0.6277294 -0.6277321 0.4980583 -0.3112864 -0.8093447 0.4625736 -0.3148159 -0.8288044 0.4590452 -0.3151347 -0.830643 0.3539962 -0.460195 -0.8141912 0.3443988 -0.4558864 -0.8207052 0.3506464 -0.4586964 -0.8164831 0.3406398 -0.4541863 -0.8232128 0.4057004 -0.5274105 -0.7464888 0.4072886 -0.5404812 -0.7362039 0.4098071 -0.5631139 -0.7176077 0.4110531 -0.5754743 -0.7070112 0.7955574 -0.5568901 -0.2386672 0.7994613 -0.5621817 -0.2116919 0.809179 -0.58745 -0.01148247 0.8087361 -0.5881717 0 0.5913637 -0.8064051 0 0.5913637 -0.806405 0 0.2439031 -0.177384 -0.9534392 0.2415229 -0.1679039 -0.9557588 0.2393612 -0.1593621 -0.9577631 0.2363958 -0.1477474 -0.9603582 0.3157348 -0.6709365 -0.6709365 0.3173399 -0.6781808 -0.6628471 0.3330801 -0.7558143 -0.5637397 0.3347594 -0.7651644 -0.5499634 0.1021618 -0.8683755 -0.4852703 0.101836 -0.8706851 -0.4811829 0.09915578 -0.8884231 -0.4481881 0.09889376 -0.890044 -0.4450188 0.4008188 -0.9161574 0 0.1104315 -0.9938838 0 0.1104315 -0.9938837 0 0.03673589 -0.2938873 -0.9551339 0.0213027 -0.3598667 -0.9327606 0.02095526 -0.3613258 -0.9322042 0.2008667 -0.5356446 -0.8202058 0.1078057 -0.4976925 -0.8606278 0.1171044 -0.5017229 -0.8570652 0.379984 -0.8074661 -0.4512326 -0.06388765 -0.6388766 -0.7666519 0.3467161 -0.6198864 -0.7039381 0.2652989 -0.5570887 -0.7869363 0.3090493 -0.5916029 -0.7446439 0.1829132 -0.4877687 -0.8535951 -0.374879 0.2726393 -0.8860777 -0.3474655 0.2656988 -0.899262 -0.3679958 0.2709129 -0.889486 -0.3387195 0.2634485 -0.903252 -0.2533308 0.3483299 -0.902491 -0.2780638 0.3638609 -0.8889802 -0.2598043 0.3524138 -0.8990585 -0.2876375 0.3698197 -0.883458 -0.4606387 0.1896747 -0.8670845 -0.4506174 0.1663021 -0.8770904 -0.4396601 0.1414645 -0.8869537 -0.4234049 0.1058512 -0.8997355 -0.08444005 0.8021807 -0.5910805 -0.1812856 0.8840392 -0.4308251 -0.1037873 0.8209527 -0.5614845 -0.2279211 0.9116846 -0.3418818 -0.1961162 0.2413737 -0.9504091 0.3577709 0.8944272 -0.2683281 0.8808304 0.05872201 -0.4697762 0.8808304 0.05872201 -0.4697762 0.9072648 -0.08247858 -0.4123931 0.9072647 -0.08247858 -0.412393 0.2182179 0.8728716 -0.4364358 0.8137336 -0.348743 -0.4649906 0.9953074 -0.08654844 0.04327422 -0.3015114 0.9045341 -0.3015114 0.9855275 -0.1516196 0.07580977 0.8784587 0.06757372 -0.4730162 0.4082483 0.8164966 -0.4082483 -0.4656192 0.3287981 -0.821639 -0.4654794 0.3338912 -0.8196619 -0.4660024 0.3106682 -0.8284486 -0.6465849 0.1067817 -0.7553315 -0.6362683 0.08117192 -0.7671857 -0.6882472 0.2294157 -0.6882472 -0.08908706 -0.4454354 -0.8908708 -0.1056544 -0.4236663 -0.8996356 -0.1092222 -0.4189173 -0.9014316 -0.1301889 -0.3905668 -0.9113225 -0.3481553 0.8703883 -0.3481553 -0.3481553 0.8703883 -0.3481553 0.1529259 0.9175556 -0.3670222 0.1660519 0.9094756 -0.3811575 0.1655725 0.9097785 -0.3806428 0.1800706 0.9003531 -0.3961554 0.5787991 0.7234989 -0.3762194 0.565566 0.7275943 -0.3882548 0.5648328 0.7278124 -0.3889127 0.5491891 0.7322521 -0.4027386 0.8869686 0.2956562 -0.3547874 0.8699728 0.3156747 -0.3788096 0.8681076 0.3177723 -0.3813268 0.8480669 0.3392268 -0.4070721 -0.2264554 0.5661386 -0.792594 -0.2117762 0.5637224 -0.7983532 -0.2065109 0.5628231 -0.8003647 -0.1864109 0.5592328 -0.8077808 0.122988 0.6149401 -0.7789241 0.07985973 0.649595 -0.7560747 0.06683087 0.6595638 -0.7486717 0.396973 0.5292973 -0.7498379 0.4504457 0.5238631 -0.7229566 0.4389556 0.5252059 -0.7290246 0.5144958 0.5144958 -0.6859944 0.5834324 0.2333729 -0.7779099 0.6002497 0.221089 -0.7686483 0.5970782 0.2234319 -0.7704387 0.6195855 0.2065285 -0.7572712 0.6559042 -0.1311808 -0.7433581 0.6292513 -0.06447887 -0.7745227 0.6363672 -0.08141118 -0.7670784 0.5336761 -0.3202056 -0.782725 0.5330828 -0.3361242 -0.7764299 0.5331565 -0.3343588 -0.7771412 0.5321812 -0.3547874 -0.7687062 -0.7779099 0.5834324 -0.2333729 -0.7632589 0.5938078 -0.2546141 -0.7644086 0.5930249 -0.2529847 -0.751731 0.6013848 -0.2706232 -0.6396022 0.4264014 -0.6396022 -0.1400279 -0.7001401 -0.7001401 -0.7001401 -0.140028 -0.7001401 -0.6219022 -0.2047513 -0.7558536 -0.6504707 -0.182221 -0.7373489 -0.5345225 -0.2672612 -0.8017838 -0.2279211 -0.3418818 -0.9116846 -0.374434 -0.3487902 -0.8591535 -0.3509913 -0.3482372 -0.8692157 0.211645 -0.469798 -0.8570276 0.2243265 -0.4749681 -0.8509306 0.264198 -0.4906534 -0.8303365 -0.3651484 0.912871 0.1825742 -0.4122185 0.8799261 0.2362332 -0.3958278 0.8922247 0.2173829 -0.4514662 0.846499 0.2821663 0.1612903 0.967742 0.1935483 0.1745415 0.9621155 0.2094498 0.1760481 0.9614454 0.2112577 0.1909009 0.9545045 0.229081 0.6013848 0.751731 0.2706232 0.6233655 0.7134737 0.3199543 0.6397361 0.6788842 0.3603528 0.6629192 0.6155679 0.4261624 0.912871 -0.1825742 -0.3651484 0.9087335 -0.1595708 -0.3856693 0.9040997 -0.1380522 -0.4044076 0.8908708 -0.08908706 -0.4454354 0.4654794 0.3338912 -0.8196619 0.4656192 0.3287981 -0.821639 0.4660024 0.3106682 -0.8284486 0.6362683 0.08117192 -0.7671857 0.6465849 0.1067817 -0.7553315 0.6882472 0.2294157 -0.6882472 0.08908706 -0.4454354 -0.8908708 0.1092222 -0.4189173 -0.9014316 0.1056544 -0.4236663 -0.8996356 0.1301889 -0.3905668 -0.9113225 0.3481553 0.8703883 -0.3481553 0.3481553 0.8703883 -0.3481553 -0.1529259 0.9175556 -0.3670222 -0.1655725 0.9097785 -0.3806428 -0.1660519 0.9094756 -0.3811575 -0.1800706 0.9003531 -0.3961554 -0.5787991 0.7234989 -0.3762194 -0.5648328 0.7278124 -0.3889127 -0.565566 0.7275943 -0.3882548 -0.5491891 0.7322521 -0.4027386 -0.8869686 0.2956562 -0.3547874 -0.8681076 0.3177723 -0.3813268 -0.8699728 0.3156747 -0.3788096 -0.8480669 0.3392268 -0.4070721 0.2264554 0.5661386 -0.792594 0.2065109 0.5628231 -0.8003647 0.2117762 0.5637224 -0.7983532 0.1864109 0.5592328 -0.8077808 -0.122988 0.6149401 -0.7789241 -0.06683087 0.6595638 -0.7486717 -0.07985973 0.649595 -0.7560747 -0.396973 0.5292973 -0.7498379 -0.4389556 0.5252059 -0.7290246 -0.4504457 0.5238631 -0.7229566 -0.5144958 0.5144958 -0.6859944 -0.5834324 0.2333729 -0.7779099 -0.5970782 0.2234319 -0.7704387 -0.6002497 0.221089 -0.7686483 -0.6195855 0.2065285 -0.7572712 -0.6559042 -0.1311808 -0.7433581 -0.6363672 -0.08141118 -0.7670784 -0.6292513 -0.06447887 -0.7745227 -0.5336761 -0.3202056 -0.782725 -0.5331565 -0.3343588 -0.7771412 -0.5330828 -0.3361242 -0.7764299 -0.5321812 -0.3547874 -0.7687062 0.7779099 0.5834324 -0.2333729 0.7644086 0.5930249 -0.2529847 0.7632589 0.5938078 -0.2546141 0.751731 0.6013848 -0.2706232 0.6396022 0.4264014 -0.6396022 0.1400279 -0.7001401 -0.7001401 0.7001401 -0.140028 -0.7001401 0.6504707 -0.182221 -0.7373489 0.6219022 -0.2047513 -0.7558536 0.5345225 -0.2672612 -0.8017838 0.2279211 -0.3418818 -0.9116846 0.3509913 -0.3482372 -0.8692157 0.374434 -0.3487902 -0.8591535 -0.2243265 -0.4749681 -0.8509306 -0.211645 -0.469798 -0.8570276 -0.264198 -0.4906534 -0.8303365 0.3651484 0.912871 0.1825742 0.3958278 0.8922247 0.2173829 0.4122185 0.8799261 0.2362332 0.4514662 0.846499 0.2821663 -0.1612903 0.967742 0.1935483 -0.1760481 0.9614454 0.2112577 -0.1745415 0.9621155 0.2094498 -0.1909009 0.9545045 0.229081 -0.6013848 0.751731 0.2706232 -0.6397361 0.6788842 0.3603528 -0.6233655 0.7134737 0.3199543 -0.6629192 0.6155679 0.4261624 -0.912871 -0.1825742 -0.3651484 -0.9040997 -0.1380522 -0.4044076 -0.9087335 -0.1595708 -0.3856693 -0.8908708 -0.08908706 -0.4454354 0.9855275 0.1516196 0.07580977 0.8784587 -0.06757372 -0.4730162 0.4082483 -0.8164966 -0.4082483 -0.2672612 0.5345225 -0.8017838 -0.2962471 0.5631633 -0.7714174 -0.4502981 0.7010968 -0.5528968 -0.4850713 0.7276069 -0.4850713 0.6509445 0.3905667 -0.6509445 0.5241702 0.3145021 -0.7914128 0.6267758 0.3760654 -0.6824419 -0.9284768 0.3713907 0 -0.3487429 0.4649906 -0.8137335 -0.6246951 -0.4685213 -0.6246951 -0.6135435 -0.4515975 -0.647784 -0.5175502 -0.3190655 -0.7939389 -0.9486834 -0.3162278 0 0.9116846 0.2279211 -0.3418818 0.7250227 0.2829765 -0.6279064 0.8913522 0.2376315 -0.3860343 0.6767156 0.290021 -0.6767156 0.6556101 -0.09365856 -0.7492687 0.7861292 -0.2446444 -0.5675826 0.6878377 -0.1268227 -0.7146995 0.8017838 -0.2672612 -0.5345225 0.492366 -0.6154575 -0.6154575 0.4198024 -0.4339537 -0.7971512 0.4818766 -0.5859637 -0.6514918 0.4082483 -0.4082483 -0.8164966 -0.165093 -0.739201 -0.6529367 -0.2870869 -0.8921319 -0.3488292 -0.3015114 -0.904534 -0.3015114 0.1924501 0.9622505 -0.1924501 0.1979191 0.9648076 -0.173131 0.2354322 0.9714367 -0.02970784 0.2425356 0.9701426 0 0.7071068 0.7071068 0 0.3030458 0.5050763 -0.808122 0.6665304 0.4625562 -0.5846187 0.6456527 0.4343409 -0.6280769 0.6722927 0.4706048 -0.5714488 0.1648327 0.2197769 -0.961524 0.1626785 0.2187845 -0.962117 0.1596934 0.217408 -0.9629288 0.157317 0.2163109 -0.9635668 0.4767313 0.6674239 -0.5720776 0.4615509 0.6305953 -0.6239554 0.4752169 0.6636506 -0.5776996 0.4603349 0.6277294 -0.6277321 0.4980583 0.3112864 -0.8093447 0.4590452 0.3151347 -0.830643 0.4625736 0.3148159 -0.8288044 0.3539962 0.460195 -0.8141912 0.3506464 0.4586964 -0.8164832 0.3443987 0.4558863 -0.8207054 0.3406396 0.4541862 -0.823213 0.4057004 0.5274105 -0.7464888 0.4098071 0.5631139 -0.7176077 0.4072886 0.5404812 -0.7362039 0.4110531 0.5754743 -0.7070112 0.7955574 0.5568901 -0.2386672 0.809179 0.58745 -0.01148247 0.7994613 0.5621817 -0.2116919 0.8087361 0.5881717 0 0.5913637 0.8064051 0 0.5913637 0.806405 0 0.2439031 0.177384 -0.9534392 0.2393612 0.1593621 -0.9577631 0.2415229 0.1679039 -0.9557588 0.2363958 0.1477474 -0.9603582 0.3157348 0.6709365 -0.6709365 0.3330804 0.7558149 -0.5637388 0.3173399 0.6781808 -0.6628471 0.3347597 0.765165 -0.5499624 0.1021618 0.8683755 -0.4852703 0.09915578 0.8884231 -0.4481881 0.101836 0.8706851 -0.4811829 0.09889376 0.890044 -0.4450188 0.4008188 0.9161574 0 0.1104315 0.9938838 0 0.1104315 0.9938837 0 0.03673589 0.2938873 -0.9551339 0.02095526 0.3613258 -0.9322042 0.0213027 0.3598667 -0.9327606 0 0.4472137 -0.8944273 0.2008667 0.5356446 -0.8202058 0.1171044 0.5017229 -0.8570652 0.1078057 0.4976925 -0.8606278 0.379984 0.8074661 -0.4512326 0 0.5547002 -0.8320503 -0.06388765 0.6388766 -0.7666519 -0.7071068 0.7071068 0 0.3467161 0.6198864 -0.7039381 0.3090493 0.5916029 -0.7446439 0.2652989 0.5570887 -0.7869363 0.1829132 0.4877687 -0.8535951 -0.374879 -0.2726393 -0.8860777 -0.3679958 -0.2709129 -0.889486 -0.3474655 -0.2656988 -0.899262 -0.3387195 -0.2634485 -0.903252 -0.2533308 -0.3483299 -0.902491 -0.2598043 -0.3524138 -0.8990585 -0.2780638 -0.3638609 -0.8889802 -0.2876375 -0.3698197 -0.883458 -0.4606387 -0.1896747 -0.8670845 -0.4396601 -0.1414645 -0.8869537 -0.4506174 -0.1663021 -0.8770904 -0.4234049 -0.1058512 -0.8997355 -0.08444005 -0.8021807 -0.5910805 -0.1037873 -0.8209527 -0.5614845 -0.1812856 -0.8840392 -0.4308251 -0.2279211 -0.9116846 -0.3418818 -0.1961162 -0.2413737 -0.9504091 0.3577709 -0.8944272 -0.2683281 0.8808304 -0.05872201 -0.4697762 0.8808304 -0.05872201 -0.4697762 0.9072648 0.08247858 -0.4123931 0.9072647 0.08247858 -0.412393 0.2182179 -0.8728716 -0.4364358 0.8137336 0.348743 -0.4649906 0.9953074 0.08654844 0.04327422 -0.3015114 -0.9045341 -0.3015114 0.2672612 0.5345225 -0.8017838 0.4502981 0.7010968 -0.5528968 0.2962471 0.5631633 -0.7714174 0.4850713 0.7276069 -0.4850713 -0.6509445 0.3905667 -0.6509445 -0.6267758 0.3760654 -0.6824419 -0.5241702 0.3145021 -0.7914128 0.9284768 0.3713907 0 0.3487429 0.4649906 -0.8137335 0.6246951 -0.4685213 -0.6246951 0.5175502 -0.3190655 -0.7939389 0.6135435 -0.4515975 -0.647784 0.9486834 -0.3162278 0 -0.9116846 0.2279211 -0.3418818 -0.8913522 0.2376315 -0.3860343 -0.7250227 0.2829765 -0.6279064 -0.6767156 0.290021 -0.6767156 -0.6556101 -0.09365856 -0.7492687 -0.6878377 -0.1268227 -0.7146995 -0.7861292 -0.2446444 -0.5675826 -0.8017838 -0.2672612 -0.5345225 -0.492366 -0.6154575 -0.6154575 -0.4818766 -0.5859637 -0.6514918 -0.4198024 -0.4339537 -0.7971512 -0.4082483 -0.4082483 -0.8164966 0.2870869 -0.8921319 -0.3488292 0.165093 -0.739201 -0.6529367 0.3015114 -0.904534 -0.3015114 -0.1924501 0.9622505 -0.1924501 -0.2354322 0.9714367 -0.02970784 -0.1979191 0.9648076 -0.173131 -0.2425356 0.9701426 0 -0.3030458 0.5050763 -0.808122 -0.6456527 0.4343409 -0.6280769 -0.6665304 0.4625562 -0.5846187 -0.6722927 0.4706048 -0.5714488 -0.1648327 0.2197769 -0.961524 -0.1596934 0.217408 -0.9629288 -0.1626785 0.2187845 -0.962117 -0.157317 0.2163109 -0.9635668 -0.4767313 0.6674239 -0.5720776 -0.4752169 0.6636506 -0.5776996 -0.4615509 0.6305953 -0.6239554 -0.4603349 0.6277294 -0.6277321 -0.4980583 0.3112864 -0.8093447 -0.4625736 0.3148159 -0.8288044 -0.4590452 0.3151347 -0.830643 -0.3539962 0.460195 -0.8141912 -0.3443988 0.4558864 -0.8207052 -0.3506464 0.4586964 -0.8164831 -0.3406398 0.4541863 -0.8232128 -0.4057004 0.5274105 -0.7464888 -0.4072886 0.5404812 -0.7362039 -0.4098071 0.5631139 -0.7176077 -0.4110531 0.5754743 -0.7070112 -0.7955574 0.5568901 -0.2386672 -0.7994613 0.5621817 -0.2116919 -0.809179 0.58745 -0.01148247 -0.8087361 0.5881717 0 -0.5913637 0.8064051 0 -0.5913637 0.806405 0 -0.2439031 0.177384 -0.9534392 -0.2415229 0.1679039 -0.9557588 -0.2393612 0.1593621 -0.9577631 -0.2363958 0.1477474 -0.9603582 -0.3157348 0.6709365 -0.6709365 -0.3173399 0.6781808 -0.6628471 -0.3330801 0.7558143 -0.5637397 -0.3347594 0.7651644 -0.5499634 -0.1021618 0.8683755 -0.4852703 -0.101836 0.8706851 -0.4811829 -0.09915578 0.8884231 -0.4481881 -0.09889376 0.890044 -0.4450188 -0.4008188 0.9161574 0 -0.1104315 0.9938838 0 -0.1104315 0.9938837 0 -0.03673589 0.2938873 -0.9551339 -0.0213027 0.3598667 -0.9327606 -0.02095526 0.3613258 -0.9322042 -0.2008667 0.5356446 -0.8202058 -0.1078057 0.4976925 -0.8606278 -0.1171044 0.5017229 -0.8570652 -0.379984 0.8074661 -0.4512326 0.06388765 0.6388766 -0.7666519 -0.3467161 0.6198864 -0.7039381 -0.2652989 0.5570887 -0.7869363 -0.3090493 0.5916029 -0.7446439 -0.1829132 0.4877687 -0.8535951 0.374879 -0.2726393 -0.8860777 0.3474655 -0.2656988 -0.899262 0.3679958 -0.2709129 -0.889486 0.3387195 -0.2634485 -0.903252 0.2533308 -0.3483299 -0.902491 0.2780638 -0.3638609 -0.8889802 0.2598043 -0.3524138 -0.8990585 0.2876375 -0.3698197 -0.883458 0.4606387 -0.1896747 -0.8670845 0.4506174 -0.1663021 -0.8770904 0.4396601 -0.1414645 -0.8869537 0.4234049 -0.1058512 -0.8997355 0.08444005 -0.8021807 -0.5910805 0.1812856 -0.8840392 -0.4308251 0.1037873 -0.8209527 -0.5614845 0.2279211 -0.9116846 -0.3418818 0.1961162 -0.2413737 -0.9504091 -0.3577709 -0.8944272 -0.2683281 -0.8808304 -0.05872201 -0.4697762 -0.8808304 -0.05872201 -0.4697762 -0.9072648 0.08247858 -0.4123931 -0.9072647 0.08247858 -0.412393 -0.2182179 -0.8728716 -0.4364358 -0.8137336 0.348743 -0.4649906 -0.9953074 0.08654844 0.04327422 0.3015114 -0.9045341 -0.3015114 -0.9855275 0.1516196 0.07580977 -0.8784587 -0.06757372 -0.4730162 -0.4082483 -0.8164966 -0.4082483 0.5547002 0.8320503 0 0.9191451 0.3939193 0 0.9191451 0.3939194 0 0.9845249 0.1640874 -0.06153279 0.9784754 0.2009516 -0.04695254 0.9654322 0.2596088 -0.02332574 -0.9397934 -0.3417431 0 -0.9397935 -0.3417431 0 -0.7525767 -0.6585046 0 -0.7525767 -0.6585047 0 -0.3162278 -0.9486834 0 -0.3162278 -0.9486834 0 -0.485643 -0.8741574 0 -0.4856429 -0.8741573 0 0.5547002 -0.8320503 0 0.9191451 -0.3939193 0 0.9191451 -0.3939194 0 -0.9397934 0.3417431 0 -0.9397935 0.3417431 0 -0.7525767 0.6585046 0 -0.7525767 0.6585047 0 -0.3162278 0.9486834 0 -0.3162278 0.9486834 0 -0.485643 0.8741574 0 -0.4856429 0.8741573 0 -0.5547002 0.8320503 0 -0.9191451 0.3939193 0 -0.9191451 0.3939194 0 0.9397934 -0.3417431 0 0.9397935 -0.3417431 0 0.7525767 -0.6585046 0 0.7525767 -0.6585047 0 0.3162278 -0.9486834 0 0.3162278 -0.9486834 0 0.485643 -0.8741574 0 0.4856429 -0.8741573 0 -0.5547002 -0.8320503 0 -0.9191451 -0.3939193 0 -0.9191451 -0.3939194 0 -0.9845249 -0.1640874 -0.06153279 -0.9784754 -0.2009516 -0.04695254 -0.9654322 -0.2596088 -0.02332574 0.9397934 0.3417431 0 0.9397935 0.3417431 0 0.7525767 0.6585046 0 0.7525767 0.6585047 0 0.3162278 0.9486834 0 0.3162278 0.9486834 0 0.485643 0.8741574 0 0.4856429 0.8741573 0 0.9486834 0.3162278 0 0.9486834 -0.3162278 0 -0.9486834 0.3162278 0 -0.9486834 -0.3162278 0 0.9420824 -0.3140274 -0.1177603 0.9647886 -0.2536421 -0.069633 0.9789515 -0.2020028 -0.02913314 -0.9420824 0.3140274 -0.1177603 -0.9647886 0.2536421 -0.069633 -0.9789515 0.2020028 -0.02913314 -0.3162278 0.9486833 0 -0.6507914 0.7592566 0 -0.6507914 0.7592567 0 -0.7739574 0.6332378 0 0.6757246 -0.7371541 0 0.6757247 -0.7371542 0 -0.3939193 0.9191451 0 -0.3939192 0.9191451 0 -0.6757246 0.7371541 0 -0.6757247 0.7371542 0 0.8320503 0.5547002 0 0.8320503 0.5547003 0 0.3939193 -0.9191451 0 0.3939192 -0.9191451 0 0.6507914 -0.7592566 0 0.6507914 -0.7592567 0 -0.3939193 -0.9191451 0 -0.3939192 -0.9191451 0 0.3162278 0.9486833 0 -0.6507914 -0.7592566 0 -0.6507914 -0.7592567 0 0.6401844 0.7682214 0 0.6401844 0.7682213 0 0.3162278 -0.9486833 0 0.3939193 0.9191451 0 0.3939192 0.9191451 0 -0.3162278 -0.9486833 0 0.6507914 0.7592566 0 0.6507914 0.7592567 0</float_array>
          <technique_common>
            <accessor source="#Mesh_0388Mesh-mesh-normals-array" count="1509" stride="3">
              <param name="X" type="float"/>
              <param name="Y" type="float"/>
              <param name="Z" type="float"/>
            </accessor>
          </technique_common>
        </source>
        <source id="Mesh_0388Mesh-mesh-map-0">
          <float_array id="Mesh_0388Mesh-mesh-map-0-array" count="9768">0.7766724 0.04370117 0.78479 0.04498291 0.7907105 0.01843261 0.7747192 0.0593872 0.78479 0.04498291 0.7766724 0.04370117 0.7952881 0.07916259 0.7880859 0.07672119 0.7793579 0.08337402 0.7793579 0.08337402 0.7880859 0.07672119 0.7775879 0.07312011 0.7617188 0.1132812 0.8632813 0.01171875 0.7617188 0.01171875 0.8462525 0.0546875 0.8145142 0.08569335 0.8225708 0.08843994 0.7880859 0.07672119 0.7952881 0.07916259 0.7989502 0.0470581 0.8338623 0.04901123 0.8192139 0.05041503 0.8145142 0.08569335 0.7775879 0.07312011 0.7880859 0.07672119 0.7989502 0.0470581 0.8543091 0.01843261 0.8363648 0.01843261 0.8323364 0.03649902 0.8306275 0.02416992 0.8323364 0.03649902 0.8363648 0.01843261 0.8462525 0.0546875 0.8338623 0.04901123 0.8145142 0.08569335 0.8095703 0.0984497 0.8225708 0.08843994 0.8145142 0.08569335 0.756897 0.1669921 0.6725464 0.1538085 0.6697998 0.1627807 0.6514282 0.01330566 0.5881348 0.01605224 0.5751343 0.05902099 0.6697998 0.1627807 0.6661377 0.1798706 0.756897 0.1669921 0.5751343 0.05902099 0.6367798 0.06707763 0.6514282 0.01330566 0.62323 0.7832031 0.6651001 0.8348999 0.7406616 0.730957 0.612854 0.7175293 0.62323 0.7832031 0.7406616 0.730957 0.7406616 0.730957 0.6368408 0.6555176 0.612854 0.7175293 0.7406616 0.730957 0.6884155 0.6135254 0.6368408 0.6555176 0.7406616 0.730957 0.7540894 0.6030884 0.6884155 0.6135254 0.7406616 0.730957 0.8162232 0.6269531 0.7540894 0.6030884 0.7406616 0.730957 0.6651001 0.8348999 0.7272339 0.8587647 0.7406616 0.730957 0.7272339 0.8587647 0.7929077 0.8483887 0.7929077 0.8483887 0.8446655 0.8065186 0.7406616 0.730957 0.8446655 0.8065186 0.8684692 0.7443848 0.7406616 0.730957 0.8684692 0.7443848 0.8580933 0.6786499 0.7406616 0.730957 0.8580933 0.6786499 0.8162232 0.6269531 0.7406616 0.730957 0.5979614 0.9224243 0.5958862 0.9342041 0.5117798 0.8334351 0.5079346 0.7097168 0.5316162 0.7120361 0.5596314 0.5998535 0.5596314 0.5998535 0.6582031 0.5393067 0.6490479 0.5239868 0.7639771 0.5056763 0.7600098 0.5230103 0.873291 0.5484619 0.9874878 0.7565918 0.9404907 0.8792725 0.9332886 0.8677368 0.873291 0.5484619 0.9337158 0.6477661 0.9553223 0.6361084 0.3781128 0.7832031 0.2606812 0.730957 0.3362427 0.8348999 0.3884888 0.7175293 0.2606812 0.730957 0.3781128 0.7832031 0.2606812 0.730957 0.3884888 0.7175293 0.3644409 0.6555176 0.2606812 0.730957 0.3644409 0.6555176 0.3129273 0.6135254 0.2606812 0.730957 0.3129273 0.6135254 0.2472534 0.6030884 0.2606812 0.730957 0.2472534 0.6030884 0.1851196 0.6269531 0.2606812 0.730957 0.2741089 0.8587647 0.3362427 0.8348999 0.2606812 0.730957 0.208374 0.8483887 0.2741089 0.8587647 0.208374 0.8483887 0.2606812 0.730957 0.1566772 0.8065186 0.1566772 0.8065186 0.2606812 0.730957 0.1328125 0.7443848 0.1328125 0.7443848 0.2606812 0.730957 0.1432495 0.6786499 0.1432495 0.6786499 0.2606812 0.730957 0.1851196 0.6269531 0.4033203 0.9224243 0.489563 0.8334351 0.4054566 0.9342041 0.4933472 0.7097168 0.4416504 0.5998535 0.4696655 0.7120361 0.4416504 0.5998535 0.3522339 0.5239868 0.3431397 0.5393067 0.2373657 0.5056763 0.1280517 0.5484619 0.241333 0.5230103 0.01385498 0.7565918 0.06805419 0.8677368 0.06085205 0.8792725 0.1280517 0.5484619 0.0460205 0.6361084 0.06762695 0.6477661 0.8383789 0.05926513 0.83844 0.05883789 0.83844 0.05883789 0.7766724 0.04370117 0.7907105 0.01843261 0.78479 0.04498291 0.7747192 0.0593872 0.7766724 0.04370117 0.78479 0.04498291 0.7952881 0.07916259 0.7793579 0.08337402 0.7880859 0.07672119 0.7793579 0.08337402 0.7775879 0.07312011 0.7880859 0.07672119 0.7617188 0.1132812 0.8632813 0.01171875 0.7617188 0.01171875 0.8462525 0.0546875 0.8225708 0.08843994 0.8145142 0.08569335 0.7880859 0.07672119 0.7989502 0.0470581 0.7952881 0.07916259 0.8338623 0.04901123 0.8145142 0.08569335 0.8192139 0.05041503 0.7775879 0.07312011 0.7989502 0.0470581 0.7880859 0.07672119 0.8543091 0.01843261 0.8323364 0.03649902 0.8363648 0.01843261 0.8306275 0.02416992 0.8363648 0.01843261 0.8323364 0.03649902 0.8462525 0.0546875 0.8145142 0.08569335 0.8338623 0.04901123 0.8095703 0.0984497 0.8145142 0.08569335 0.8225708 0.08843994 0.6514282 0.01330566 0.5751343 0.05902099 0.5881348 0.01605224 0.7885742 0.05926513 0.7884522 0.05883789 0.7884522 0.05883789 0.756897 0.1669921 0.6697998 0.1627807 0.6725464 0.1538085 0.6697998 0.1627807 0.756897 0.1669921 0.6661377 0.1798706 0.5751343 0.05902099 0.6514282 0.01330566 0.6367798 0.06707763 0.7766724 0.04370117 0.78479 0.04498291 0.7907105 0.01843261 0.7747192 0.0593872 0.78479 0.04498291 0.7766724 0.04370117 0.7952881 0.07916259 0.7880859 0.07672119 0.7793579 0.08337402 0.7793579 0.08337402 0.7880859 0.07672119 0.7775879 0.07312011 0.7617188 0.01171875 0.7617188 0.1132812 0.8632813 0.01171875 0.8462525 0.0546875 0.8145142 0.08569335 0.8225708 0.08843994 0.7880859 0.07672119 0.7952881 0.07916259 0.7989502 0.0470581 0.8338623 0.04901123 0.8192139 0.05041503 0.8145142 0.08569335 0.7775879 0.07312011 0.7880859 0.07672119 0.7989502 0.0470581 0.8543091 0.01843261 0.8363648 0.01843261 0.8323364 0.03649902 0.8306275 0.02416992 0.8323364 0.03649902 0.8363648 0.01843261 0.8462525 0.0546875 0.8338623 0.04901123 0.8145142 0.08569335 0.8095703 0.0984497 0.8225708 0.08843994 0.8145142 0.08569335 0.756897 0.1669921 0.6725464 0.1538085 0.6697998 0.1627807 0.6514282 0.01330566 0.5881348 0.01605224 0.5751343 0.05902099 0.6697998 0.1627807 0.6661377 0.1798706 0.756897 0.1669921 0.5751343 0.05902099 0.6367798 0.06707763 0.6514282 0.01330566 0.8383789 0.05926513 0.83844 0.05883789 0.83844 0.05883789 0.7766724 0.04370117 0.7907105 0.01843261 0.78479 0.04498291 0.7747192 0.0593872 0.7766724 0.04370117 0.78479 0.04498291 0.7952881 0.07916259 0.7793579 0.08337402 0.7880859 0.07672119 0.7793579 0.08337402 0.7775879 0.07312011 0.7880859 0.07672119 0.8632813 0.01171875 0.7617188 0.01171875 0.7617188 0.1132812 0.8462525 0.0546875 0.8225708 0.08843994 0.8145142 0.08569335 0.7880859 0.07672119 0.7989502 0.0470581 0.7952881 0.07916259 0.8338623 0.04901123 0.8145142 0.08569335 0.8192139 0.05041503 0.7775879 0.07312011 0.7989502 0.0470581 0.7880859 0.07672119 0.8543091 0.01843261 0.8323364 0.03649902 0.8363648 0.01843261 0.8306275 0.02416992 0.8363648 0.01843261 0.8323364 0.03649902 0.8462525 0.0546875 0.8145142 0.08569335 0.8338623 0.04901123 0.8095703 0.0984497 0.8145142 0.08569335 0.8225708 0.08843994 0.6514282 0.01330566 0.5751343 0.05902099 0.5881348 0.01605224 0.7885742 0.05926513 0.7884522 0.05883789 0.7884522 0.05883789 0.756897 0.1669921 0.6697998 0.1627807 0.6725464 0.1538085 0.6697998 0.1627807 0.756897 0.1669921 0.6661377 0.1798706 0.5751343 0.05902099 0.6514282 0.01330566 0.6367798 0.06707763 0.04412841 0.02850341 0.04742431 0.03063964 0.04937744 0.02893066 0.9612427 0.03308105 0.9589233 0.03778076 0.9621582 0.04052734 0.9621582 0.04052734 0.9589233 0.03778076 0.9627686 0.0460205 0.966919 0.05480957 0.9655762 0.06347656 0.9730225 0.05413818 0.9607544 0.05944824 0.9655762 0.06347656 0.966919 0.05480957 0.966919 0.05480957 0.9688721 0.04382324 0.9627686 0.0460205 0.9082642 0.08349609 0.9017944 0.08551025 0.9157715 0.08514404 0.90271 0.07220458 0.9017944 0.06530761 0.9017944 0.07287597 0.906311 0.06518554 0.9017944 0.06530761 0.90271 0.07220458 0.9198608 0.06030273 0.9177857 0.05950927 0.916687 0.06011962 0.9619141 0.0246582 0.9605713 0.02429199 0.9547119 0.03570556 0.9348145 0.05792236 0.9323731 0.05444335 0.9258423 0.06280517 0.906311 0.06518554 0.9017944 0.06127929 0.9017944 0.06530761 0.9113159 0.06134033 0.9017944 0.06127929 0.906311 0.06518554 0.9678955 0.053833 0.966919 0.05480957 0.9730225 0.05413818 0.04412841 0.02850341 0.04937744 0.02893066 0.04742431 0.03063964 0.9612427 0.03308105 0.9621582 0.04052734 0.9589233 0.03778076 0.9621582 0.04052734 0.9627686 0.0460205 0.9589233 0.03778076 0.966919 0.05480957 0.9730225 0.05413818 0.9655762 0.06347656 0.9607544 0.05944824 0.966919 0.05480957 0.9655762 0.06347656 0.966919 0.05480957 0.9627686 0.0460205 0.9688721 0.04382324 0.9082642 0.08349609 0.9157715 0.08514404 0.9017944 0.08551025 0.90271 0.07220458 0.9017944 0.07287597 0.9017944 0.06530761 0.906311 0.06518554 0.90271 0.07220458 0.9017944 0.06530761 0.9198608 0.06030273 0.916687 0.06011962 0.9177857 0.05950927 0.9619141 0.0246582 0.9547119 0.03570556 0.9605713 0.02429199 0.9348145 0.05792236 0.9258423 0.06280517 0.9323731 0.05444335 0.906311 0.06518554 0.9017944 0.06530761 0.9017944 0.06127929 0.9113159 0.06134033 0.906311 0.06518554 0.9017944 0.06127929 0.9678955 0.053833 0.9730225 0.05413818 0.966919 0.05480957 0.62323 0.7832031 0.6651001 0.8348999 0.7406616 0.730957 0.612854 0.7175293 0.62323 0.7832031 0.7406616 0.730957 0.7406616 0.730957 0.6368408 0.6555176 0.612854 0.7175293 0.7406616 0.730957 0.6884155 0.6135254 0.6368408 0.6555176 0.7406616 0.730957 0.7540894 0.6030884 0.6884155 0.6135254 0.7406616 0.730957 0.8162232 0.6269531 0.7540894 0.6030884 0.7406616 0.730957 0.6651001 0.8348999 0.7272339 0.8587647 0.7406616 0.730957 0.7272339 0.8587647 0.7929077 0.8483887 0.7929077 0.8483887 0.8446655 0.8065186 0.7406616 0.730957 0.8446655 0.8065186 0.8684692 0.7443848 0.7406616 0.730957 0.8684692 0.7443848 0.8580933 0.6786499 0.7406616 0.730957 0.8580933 0.6786499 0.8162232 0.6269531 0.7406616 0.730957 0.5979614 0.9224243 0.5958862 0.9342041 0.5117798 0.8334351 0.5079346 0.7097168 0.5316162 0.7120361 0.5596314 0.5998535 0.5596314 0.5998535 0.6582031 0.5393067 0.6490479 0.5239868 0.7639771 0.5056763 0.7600098 0.5230103 0.873291 0.5484619 0.9874878 0.7565918 0.9404907 0.8792725 0.9332886 0.8677368 0.873291 0.5484619 0.9337158 0.6477661 0.9553223 0.6361084 0.3781128 0.7832031 0.2606812 0.730957 0.3362427 0.8348999 0.3884888 0.7175293 0.2606812 0.730957 0.3781128 0.7832031 0.2606812 0.730957 0.3884888 0.7175293 0.3644409 0.6555176 0.2606812 0.730957 0.3644409 0.6555176 0.3129273 0.6135254 0.2606812 0.730957 0.3129273 0.6135254 0.2472534 0.6030884 0.2606812 0.730957 0.2472534 0.6030884 0.1851196 0.6269531 0.2606812 0.730957 0.2741089 0.8587647 0.3362427 0.8348999 0.2606812 0.730957 0.208374 0.8483887 0.2741089 0.8587647 0.208374 0.8483887 0.2606812 0.730957 0.1566772 0.8065186 0.1566772 0.8065186 0.2606812 0.730957 0.1328125 0.7443848 0.1328125 0.7443848 0.2606812 0.730957 0.1432495 0.6786499 0.1432495 0.6786499 0.2606812 0.730957 0.1851196 0.6269531 0.4033203 0.9224243 0.489563 0.8334351 0.4054566 0.9342041 0.4933472 0.7097168 0.4416504 0.5998535 0.4696655 0.7120361 0.4416504 0.5998535 0.3522339 0.5239868 0.3431397 0.5393067 0.2373657 0.5056763 0.1280517 0.5484619 0.241333 0.5230103 0.01385498 0.7565918 0.06805419 0.8677368 0.06085205 0.8792725 0.1280517 0.5484619 0.0460205 0.6361084 0.06762695 0.6477661 0.04412841 0.02850341 0.04742431 0.03063964 0.04937744 0.02893066 0.9612427 0.03308105 0.9589233 0.03778076 0.9621582 0.04052734 0.9621582 0.04052734 0.9589233 0.03778076 0.9627686 0.0460205 0.966919 0.05480957 0.9655762 0.06347656 0.9730225 0.05413818 0.9607544 0.05944824 0.9655762 0.06347656 0.966919 0.05480957 0.966919 0.05480957 0.9688721 0.04382324 0.9627686 0.0460205 0.9082642 0.08349609 0.9017944 0.08551025 0.9157715 0.08514404 0.90271 0.07220458 0.9017944 0.06530761 0.9017944 0.07287597 0.906311 0.06518554 0.9017944 0.06530761 0.90271 0.07220458 0.9198608 0.06030273 0.9177857 0.05950927 0.916687 0.06011962 0.9619141 0.0246582 0.9605713 0.02429199 0.9547119 0.03570556 0.9348145 0.05792236 0.9323731 0.05444335 0.9258423 0.06280517 0.906311 0.06518554 0.9017944 0.06127929 0.9017944 0.06530761 0.9113159 0.06134033 0.9017944 0.06127929 0.906311 0.06518554 0.9678955 0.053833 0.966919 0.05480957 0.9730225 0.05413818 0.04412841 0.02850341 0.04937744 0.02893066 0.04742431 0.03063964 0.9612427 0.03308105 0.9621582 0.04052734 0.9589233 0.03778076 0.9621582 0.04052734 0.9627686 0.0460205 0.9589233 0.03778076 0.966919 0.05480957 0.9730225 0.05413818 0.9655762 0.06347656 0.9607544 0.05944824 0.966919 0.05480957 0.9655762 0.06347656 0.966919 0.05480957 0.9627686 0.0460205 0.9688721 0.04382324 0.9082642 0.08349609 0.9157715 0.08514404 0.9017944 0.08551025 0.90271 0.07220458 0.9017944 0.07287597 0.9017944 0.06530761 0.906311 0.06518554 0.90271 0.07220458 0.9017944 0.06530761 0.9198608 0.06030273 0.916687 0.06011962 0.9177857 0.05950927 0.9619141 0.0246582 0.9547119 0.03570556 0.9605713 0.02429199 0.9348145 0.05792236 0.9258423 0.06280517 0.9323731 0.05444335 0.906311 0.06518554 0.9017944 0.06530761 0.9017944 0.06127929 0.9113159 0.06134033 0.906311 0.06518554 0.9017944 0.06127929 0.9678955 0.053833 0.9730225 0.05413818 0.966919 0.05480957 0.7674561 0.02270507 0.7674561 0.1125488 0.8572998 0.02270507 0.7674561 0.1125488 0.8572998 0.02270507 0.8572998 0.1125488 0.7674561 0.02270507 0.8572998 0.02270507 0.7674561 0.1125488 0.8572998 0.02270507 0.7674561 0.02270507 0.8572998 0.02270507 0.8572998 0.1125488 0.7674561 0.1125488 0.8572998 0.1125488 0.7674561 0.1125488 0.8572998 0.1125488 0.8572998 0.02270507 0.8572998 0.02270507 0.7674561 0.1125488 0.8572998 0.1125488 0.7674561 0.1125488 0.8572998 0.1125488 0.7674561 0.02270507 0.8572998 0.02270507 0.8572998 0.1125488 0.7674561 0.1125488 0.7674561 0.1125488 0.7674561 0.02270507 0.8572998 0.1125488 0.7674561 0.1125488 0.8572998 0.02270507 0.7674561 0.02270507 0.7674561 0.02270507 0.7674561 0.1125488 0.8572998 0.02270507 0.7674561 0.1125488 0.7674561 0.02270507 0.8572998 0.02270507 0.7674561 0.02270507 0.8572998 0.02270507 0.7674561 0.1125488 0.8572998 0.02270507 0.7674561 0.1125488 0.8572998 0.1125488 0.8572998 0.1125488 0.7674561 0.02270507 0.8572998 0.02270507 0.7617188 0.01171875 0.7617188 0.1132812 0.8632813 0.01171875 0.8632813 0.01171875 0.7617188 0.01171875 0.7617188 0.1132812 0.7617188 0.1132812 0.8632813 0.01171875 0.7617188 0.01171875 0.7617188 0.1132812 0.8632813 0.01171875 0.7617188 0.01171875 0.8543091 0.01843261 0.8462525 0.0546875 0.8598023 0.01843261 0.8598023 0.01843261 0.8462525 0.0546875 0.8515015 0.05548095 0.8462525 0.0546875 0.8225708 0.08843994 0.8515015 0.05548095 0.8515015 0.05548095 0.8225708 0.08843994 0.8272705 0.09008789 0.8182373 0.09698486 0.8272705 0.09008789 0.8095703 0.0984497 0.8095703 0.0984497 0.8272705 0.09008789 0.8225708 0.08843994 0.7907105 0.01843261 0.7982788 0.03851318 0.8145142 0.01843261 0.8145142 0.01843261 0.7982788 0.03851318 0.81073 0.0404663 0.7775879 0.07312011 0.7989502 0.0470581 0.7747192 0.0593872 0.7747192 0.0593872 0.7989502 0.0470581 0.78479 0.04498291 0.7907105 0.01843261 0.78479 0.04498291 0.7982788 0.03851318 0.7982788 0.03851318 0.78479 0.04498291 0.7989502 0.0470581 0.8145142 0.01843261 0.81073 0.0404663 0.8273926 0.03564453 0.8273926 0.03564453 0.81073 0.0404663 0.8257446 0.04229736 0.8462525 0.0546875 0.8543091 0.01843261 0.8338623 0.04901123 0.8338623 0.04901123 0.8543091 0.01843261 0.8323364 0.03649902 0.3186035 0.07000732 0.3478394 0.01464843 0.1867675 0.07763671 0.1867675 0.07763671 0.3478394 0.01464843 0.1879882 0.01757812 0.3478394 0.01464843 0.3186035 0.07000732 0.5881348 0.01605224 0.5881348 0.01605224 0.3186035 0.07000732 0.5751343 0.05902099 0.5812378 0.1613769 0.6697998 0.1627807 0.623291 0.1475219 0.623291 0.1475219 0.6697998 0.1627807 0.6725464 0.1538085 0.2926636 0.1231079 0.3186035 0.07000732 0.1861572 0.1167602 0.1861572 0.1167602 0.3186035 0.07000732 0.1867675 0.07763671 0.3186035 0.07000732 0.2926636 0.1231079 0.5751343 0.05902099 0.5751343 0.05902099 0.2926636 0.1231079 0.5636597 0.1161499 0.5740357 0.19458 0.6661377 0.1798706 0.5812378 0.1613769 0.5812378 0.1613769 0.6661377 0.1798706 0.6697998 0.1627807 0.5812378 0.1613769 0.623291 0.1475219 0.5751343 0.05902099 0.5751343 0.05902099 0.623291 0.1475219 0.6367798 0.06707763 0.5751343 0.05902099 0.5636597 0.1161499 0.5812378 0.1613769 0.5812378 0.1613769 0.5636597 0.1161499 0.5740357 0.19458 0.7907105 0.01843261 0.7779541 0.01843261 0.7766724 0.04370117 0.7766724 0.04370117 0.7779541 0.01843261 0.7724609 0.04302978 0.7669678 0.03662109 0.7752686 0.02557373 0.7821655 0.04559326 0.7821655 0.04559326 0.7752686 0.02557373 0.7877197 0.03826904 0.7752686 0.02557373 0.7860718 0.01715087 0.7877197 0.03826904 0.7877197 0.03826904 0.7860718 0.01715087 0.7948608 0.03271484 0.6152344 0.9035034 0.6651001 0.8348999 0.5465088 0.8178101 0.5465088 0.8178101 0.6651001 0.8348999 0.62323 0.7832031 0.5465088 0.8178101 0.62323 0.7832031 0.5316162 0.7120361 0.5316162 0.7120361 0.62323 0.7832031 0.612854 0.7175293 0.7600098 0.5230103 0.6582031 0.5393067 0.7540894 0.6030884 0.7540894 0.6030884 0.6582031 0.5393067 0.6884155 0.6135254 0.5958862 0.9342041 0.7146607 0.9765625 0.6152344 0.9035034 0.6152344 0.9035034 0.7146607 0.9765625 0.7183228 0.9431152 0.7146607 0.9765625 0.8412476 0.9564819 0.7183228 0.9431152 0.7183228 0.9431152 0.8412476 0.9564819 0.8273926 0.9258423 0.9404907 0.8792725 0.913147 0.8563233 0.8412476 0.9564819 0.8412476 0.9564819 0.913147 0.8563233 0.8273926 0.9258423 0.9874878 0.7565918 0.9517822 0.753418 0.9404907 0.8792725 0.9404907 0.8792725 0.9517822 0.753418 0.913147 0.8563233 0.6152344 0.9035034 0.7183228 0.9431152 0.6651001 0.8348999 0.6651001 0.8348999 0.7183228 0.9431152 0.7272339 0.8587647 0.7183228 0.9431152 0.8273926 0.9258423 0.7272339 0.8587647 0.7272339 0.8587647 0.8273926 0.9258423 0.7929077 0.8483887 0.913147 0.8563233 0.8446655 0.8065186 0.8273926 0.9258423 0.8273926 0.9258423 0.8446655 0.8065186 0.7929077 0.8483887 0.9517822 0.753418 0.8684692 0.7443848 0.913147 0.8563233 0.913147 0.8563233 0.8684692 0.7443848 0.8446655 0.8065186 0.9337158 0.6477661 0.8580933 0.6786499 0.9517822 0.753418 0.9517822 0.753418 0.8580933 0.6786499 0.8684692 0.7443848 0.873291 0.5484619 0.8162232 0.6269531 0.9337158 0.6477661 0.9337158 0.6477661 0.8162232 0.6269531 0.8580933 0.6786499 0.6152344 0.9035034 0.5465088 0.8178101 0.5958862 0.9342041 0.5958862 0.9342041 0.5465088 0.8178101 0.5117798 0.8334351 0.5465088 0.8178101 0.5316162 0.7120361 0.5117798 0.8334351 0.5117798 0.8334351 0.5316162 0.7120361 0.5079346 0.7097168 0.6582031 0.5393067 0.7600098 0.5230103 0.6490479 0.5239868 0.6490479 0.5239868 0.7600098 0.5230103 0.7639771 0.5056763 0.5316162 0.7120361 0.612854 0.7175293 0.5596314 0.5998535 0.5596314 0.5998535 0.612854 0.7175293 0.6368408 0.6555176 0.6884155 0.6135254 0.6582031 0.5393067 0.6368408 0.6555176 0.6368408 0.6555176 0.6582031 0.5393067 0.5596314 0.5998535 0.7540894 0.6030884 0.8162232 0.6269531 0.7600098 0.5230103 0.7600098 0.5230103 0.8162232 0.6269531 0.873291 0.5484619 0.7146607 0.9765625 0.5958862 0.9342041 0.7158814 0.956665 0.7158814 0.956665 0.5958862 0.9342041 0.5979614 0.9224243 0.7146607 0.9765625 0.7158814 0.956665 0.8412476 0.9564819 0.8412476 0.9564819 0.7158814 0.956665 0.8337402 0.9379883 0.8412476 0.9564819 0.8337402 0.9379883 0.9404907 0.8792725 0.9404907 0.8792725 0.8337402 0.9379883 0.9332886 0.8677368 0.9517822 0.753418 0.9874878 0.7565918 0.9337158 0.6477661 0.9337158 0.6477661 0.9874878 0.7565918 0.9553223 0.6361084 0.3861084 0.9035034 0.454834 0.8178101 0.3362427 0.8348999 0.3362427 0.8348999 0.454834 0.8178101 0.3781128 0.7832031 0.454834 0.8178101 0.4696655 0.7120361 0.3781128 0.7832031 0.3781128 0.7832031 0.4696655 0.7120361 0.3884888 0.7175293 0.241333 0.5230103 0.2472534 0.6030884 0.3431397 0.5393067 0.3431397 0.5393067 0.2472534 0.6030884 0.3129273 0.6135254 0.4054566 0.9342041 0.3861084 0.9035034 0.2866821 0.9765625 0.2866821 0.9765625 0.3861084 0.9035034 0.282959 0.9431152 0.2866821 0.9765625 0.282959 0.9431152 0.1600952 0.9564819 0.1600952 0.9564819 0.282959 0.9431152 0.1738891 0.9258423 0.06085205 0.8792725 0.1600952 0.9564819 0.0881958 0.8563233 0.0881958 0.8563233 0.1600952 0.9564819 0.1738891 0.9258423 0.01385498 0.7565918 0.06085205 0.8792725 0.04956054 0.753418 0.04956054 0.753418 0.06085205 0.8792725 0.0881958 0.8563233 0.3861084 0.9035034 0.3362427 0.8348999 0.282959 0.9431152 0.282959 0.9431152 0.3362427 0.8348999 0.2741089 0.8587647 0.282959 0.9431152 0.2741089 0.8587647 0.1738891 0.9258423 0.1738891 0.9258423 0.2741089 0.8587647 0.208374 0.8483887 0.0881958 0.8563233 0.1738891 0.9258423 0.1566772 0.8065186 0.1566772 0.8065186 0.1738891 0.9258423 0.208374 0.8483887 0.04956054 0.753418 0.0881958 0.8563233 0.1328125 0.7443848 0.1328125 0.7443848 0.0881958 0.8563233 0.1566772 0.8065186 0.06762695 0.6477661 0.04956054 0.753418 0.1432495 0.6786499 0.1432495 0.6786499 0.04956054 0.753418 0.1328125 0.7443848 0.1280517 0.5484619 0.06762695 0.6477661 0.1851196 0.6269531 0.1851196 0.6269531 0.06762695 0.6477661 0.1432495 0.6786499 0.3861084 0.9035034 0.4054566 0.9342041 0.454834 0.8178101 0.454834 0.8178101 0.4054566 0.9342041 0.489563 0.8334351 0.454834 0.8178101 0.489563 0.8334351 0.4696655 0.7120361 0.4696655 0.7120361 0.489563 0.8334351 0.4933472 0.7097168 0.3431397 0.5393067 0.3522339 0.5239868 0.241333 0.5230103 0.241333 0.5230103 0.3522339 0.5239868 0.2373657 0.5056763 0.4696655 0.7120361 0.4416504 0.5998535 0.3884888 0.7175293 0.3884888 0.7175293 0.4416504 0.5998535 0.3644409 0.6555176 0.3129273 0.6135254 0.3644409 0.6555176 0.3431397 0.5393067 0.3431397 0.5393067 0.3644409 0.6555176 0.4416504 0.5998535 0.2472534 0.6030884 0.241333 0.5230103 0.1851196 0.6269531 0.1851196 0.6269531 0.241333 0.5230103 0.1280517 0.5484619 0.2866821 0.9765625 0.2854614 0.956665 0.4054566 0.9342041 0.4054566 0.9342041 0.2854614 0.956665 0.4033203 0.9224243 0.2866821 0.9765625 0.1600952 0.9564819 0.2854614 0.956665 0.2854614 0.956665 0.1600952 0.9564819 0.1676025 0.9379883 0.1600952 0.9564819 0.06085205 0.8792725 0.1676025 0.9379883 0.1676025 0.9379883 0.06085205 0.8792725 0.06805419 0.8677368 0.04956054 0.753418 0.06762695 0.6477661 0.01385498 0.7565918 0.01385498 0.7565918 0.06762695 0.6477661 0.0460205 0.6361084 0.831604 0.04528808 0.8410034 0.03485107 0.8378906 0.06536865 0.8378906 0.06536865 0.8410034 0.03485107 0.8511963 0.05059814 0.8218384 0.05017089 0.831604 0.04528808 0.8274536 0.07220458 0.8274536 0.07220458 0.831604 0.04528808 0.8378906 0.06536865 0.8161621 0.05084228 0.8218384 0.05017089 0.8161621 0.07318115 0.8161621 0.07318115 0.8218384 0.05017089 0.8274536 0.07220458 0.8161621 0.05084228 0.8161621 0.07318115 0.8105469 0.05017089 0.8105469 0.05017089 0.8161621 0.07318115 0.8048706 0.07220458 0.8105469 0.05017089 0.8048706 0.07220458 0.8007813 0.04528808 0.8007813 0.04528808 0.8048706 0.07220458 0.7944946 0.06536865 0.8007813 0.04528808 0.7944946 0.06536865 0.7913208 0.03485107 0.7913208 0.03485107 0.7944946 0.06536865 0.781189 0.05059814 0.8322144 0.04187011 0.831604 0.04528808 0.8406983 0.03289794 0.8406983 0.03289794 0.831604 0.04528808 0.8410034 0.03485107 0.8322144 0.04187011 0.8406983 0.03289794 0.831604 0.04528808 0.831604 0.04528808 0.8406983 0.03289794 0.8410034 0.03485107 0.8220215 0.04711914 0.8218384 0.05017089 0.8322144 0.04187011 0.8322144 0.04187011 0.8218384 0.05017089 0.831604 0.04528808 0.8220215 0.04711914 0.8322144 0.04187011 0.8218384 0.05017089 0.8218384 0.05017089 0.8322144 0.04187011 0.831604 0.04528808 0.8161621 0.04779052 0.8161621 0.05084228 0.8220215 0.04711914 0.8220215 0.04711914 0.8161621 0.05084228 0.8218384 0.05017089 0.8161621 0.04779052 0.8220215 0.04711914 0.8161621 0.05084228 0.8161621 0.05084228 0.8220215 0.04711914 0.8218384 0.05017089 0.8161621 0.04779052 0.8161621 0.05084228 0.8103027 0.04711914 0.8103027 0.04711914 0.8161621 0.05084228 0.8105469 0.05017089 0.8161621 0.04779052 0.8103027 0.04711914 0.8161621 0.05084228 0.8161621 0.05084228 0.8103027 0.04711914 0.8105469 0.05017089 0.8103027 0.04711914 0.8105469 0.05017089 0.8001709 0.04187011 0.8001709 0.04187011 0.8105469 0.05017089 0.8007813 0.04528808 0.8103027 0.04711914 0.8001709 0.04187011 0.8105469 0.05017089 0.8105469 0.05017089 0.8001709 0.04187011 0.8007813 0.04528808 0.8001709 0.04187011 0.8007813 0.04528808 0.791626 0.03289794 0.791626 0.03289794 0.8007813 0.04528808 0.7913208 0.03485107 0.8001709 0.04187011 0.791626 0.03289794 0.8007813 0.04528808 0.8007813 0.04528808 0.791626 0.03289794 0.7913208 0.03485107 0.8507691 0.04718017 0.8406983 0.03289794 0.8511963 0.05059814 0.8511963 0.05059814 0.8406983 0.03289794 0.8410034 0.03485107 0.8507691 0.04718017 0.8511963 0.05059814 0.8406983 0.03289794 0.8406983 0.03289794 0.8511963 0.05059814 0.8410034 0.03485107 0.7816162 0.04718017 0.791626 0.03289794 0.781189 0.05059814 0.781189 0.05059814 0.791626 0.03289794 0.7913208 0.03485107 0.7816162 0.04718017 0.781189 0.05059814 0.791626 0.03289794 0.791626 0.03289794 0.781189 0.05059814 0.7913208 0.03485107 0.8322144 0.04187011 0.8322144 0.04187011 0.8406983 0.03289794 0.8406983 0.03289794 0.8322144 0.04187011 0.8406983 0.03289794 0.8220215 0.04711914 0.8220215 0.04711914 0.8322144 0.04187011 0.8322144 0.04187011 0.8220215 0.04711914 0.8322144 0.04187011 0.8161621 0.04779052 0.8161621 0.04779052 0.8220215 0.04711914 0.8220215 0.04711914 0.8161621 0.04779052 0.8220215 0.04711914 0.8161621 0.04779052 0.8103027 0.04711914 0.8161621 0.04779052 0.8161621 0.04779052 0.8103027 0.04711914 0.8103027 0.04711914 0.8103027 0.04711914 0.8001709 0.04187011 0.8103027 0.04711914 0.8103027 0.04711914 0.8001709 0.04187011 0.8001709 0.04187011 0.8001709 0.04187011 0.791626 0.03289794 0.8001709 0.04187011 0.8001709 0.04187011 0.791626 0.03289794 0.791626 0.03289794 0.8406983 0.03289794 0.8406983 0.03289794 0.8507691 0.04718017 0.8507691 0.04718017 0.8406983 0.03289794 0.8507691 0.04718017 0.791626 0.03289794 0.7816162 0.04718017 0.791626 0.03289794 0.791626 0.03289794 0.7816162 0.04718017 0.7816162 0.04718017 0.83844 0.05883789 0.8358765 0.06536865 0.8383789 0.05926513 0.8383789 0.05926513 0.8358765 0.06536865 0.8358765 0.06536865 0.8358765 0.06536865 0.8317871 0.07092285 0.8358765 0.06536865 0.8358765 0.06536865 0.8317871 0.07092285 0.8317871 0.07092285 0.8317871 0.07092285 0.826416 0.07519531 0.8317871 0.07092285 0.8317871 0.07092285 0.826416 0.07519531 0.826416 0.07519531 0.826416 0.07519531 0.8201904 0.07788085 0.826416 0.07519531 0.826416 0.07519531 0.8201904 0.07788085 0.8202515 0.07788085 0.8201904 0.07788085 0.8134766 0.07885742 0.8202515 0.07788085 0.8202515 0.07788085 0.8134766 0.07885742 0.8134766 0.07885742 0.7860718 0.01715087 0.798645 0.01184082 0.7948608 0.03271484 0.7948608 0.03271484 0.798645 0.01184082 0.8031616 0.0291748 0.798645 0.01184082 0.8121338 0.01000976 0.8031616 0.0291748 0.8031616 0.0291748 0.8121338 0.01000976 0.8121338 0.0279541 0.7157593 0.2331542 0.8043213 0.4147949 0.8486939 0.1383056 0.8486939 0.1383056 0.8043213 0.4147949 0.9915772 0.281189 0.5783692 0.2771607 0.6574707 0.4767456 0.7157593 0.2331542 0.7157593 0.2331542 0.6574707 0.4767456 0.8043213 0.4147949 0.4988403 0.2832031 0.4988403 0.4852905 0.5783692 0.2771607 0.5783692 0.2771607 0.4988403 0.4852905 0.6574707 0.4767456 0.4988403 0.2832031 0.4193115 0.2771607 0.4988403 0.4852905 0.4988403 0.4852905 0.4193115 0.2771607 0.34021 0.4767456 0.4193115 0.2771607 0.2819824 0.2331542 0.34021 0.4767456 0.34021 0.4767456 0.2819824 0.2331542 0.1933593 0.4147949 0.2819824 0.2331542 0.1489868 0.1383056 0.1933593 0.4147949 0.1933593 0.4147949 0.1489868 0.1383056 0.006103515 0.281189 0.8543091 0.01843261 0.8598023 0.01843261 0.8462525 0.0546875 0.8462525 0.0546875 0.8598023 0.01843261 0.8515015 0.05548095 0.8462525 0.0546875 0.8515015 0.05548095 0.8225708 0.08843994 0.8225708 0.08843994 0.8515015 0.05548095 0.8272705 0.09008789 0.8182373 0.09698486 0.8095703 0.0984497 0.8272705 0.09008789 0.8272705 0.09008789 0.8095703 0.0984497 0.8225708 0.08843994 0.7907105 0.01843261 0.8145142 0.01843261 0.7982788 0.03851318 0.7982788 0.03851318 0.8145142 0.01843261 0.81073 0.0404663 0.7775879 0.07312011 0.7747192 0.0593872 0.7989502 0.0470581 0.7989502 0.0470581 0.7747192 0.0593872 0.78479 0.04498291 0.7907105 0.01843261 0.7982788 0.03851318 0.78479 0.04498291 0.78479 0.04498291 0.7982788 0.03851318 0.7989502 0.0470581 0.8145142 0.01843261 0.8273926 0.03564453 0.81073 0.0404663 0.81073 0.0404663 0.8273926 0.03564453 0.8257446 0.04229736 0.8462525 0.0546875 0.8338623 0.04901123 0.8543091 0.01843261 0.8543091 0.01843261 0.8338623 0.04901123 0.8323364 0.03649902 0.3186035 0.07000732 0.1867675 0.07763671 0.3478394 0.01464843 0.3478394 0.01464843 0.1867675 0.07763671 0.1879882 0.01757812 0.3478394 0.01464843 0.5881348 0.01605224 0.3186035 0.07000732 0.3186035 0.07000732 0.5881348 0.01605224 0.5751343 0.05902099 0.7907105 0.01843261 0.7766724 0.04370117 0.7779541 0.01843261 0.7779541 0.01843261 0.7766724 0.04370117 0.7724609 0.04302978 0.8572998 0.03662109 0.842041 0.04559326 0.848999 0.02557373 0.848999 0.02557373 0.842041 0.04559326 0.8365479 0.03826904 0.848999 0.02557373 0.8365479 0.03826904 0.8381958 0.01715087 0.8381958 0.01715087 0.8365479 0.03826904 0.8294067 0.03271484 0.7884522 0.05883789 0.7885742 0.05926513 0.7910767 0.06536865 0.7910767 0.06536865 0.7885742 0.05926513 0.7910767 0.06536865 0.7910767 0.06536865 0.7910767 0.06536865 0.795166 0.07092285 0.795166 0.07092285 0.7910767 0.06536865 0.795166 0.07092285 0.795166 0.07092285 0.795166 0.07092285 0.8005371 0.07519531 0.8005371 0.07519531 0.795166 0.07092285 0.8005371 0.07519531 0.8005371 0.07519531 0.8005371 0.07519531 0.8067627 0.07788085 0.8067627 0.07788085 0.8005371 0.07519531 0.8067017 0.07788085 0.8067627 0.07788085 0.8067017 0.07788085 0.8134766 0.07885742 0.8134766 0.07885742 0.8067017 0.07788085 0.8134766 0.07885742 0.8381958 0.01715087 0.8294067 0.03271484 0.8256226 0.01184082 0.8256226 0.01184082 0.8294067 0.03271484 0.821106 0.0291748 0.8256226 0.01184082 0.821106 0.0291748 0.8121338 0.01000976 0.8121338 0.01000976 0.821106 0.0291748 0.8121338 0.0279541 0.5812378 0.1613769 0.623291 0.1475219 0.6697998 0.1627807 0.6697998 0.1627807 0.623291 0.1475219 0.6725464 0.1538085 0.2926636 0.1231079 0.1861572 0.1167602 0.3186035 0.07000732 0.3186035 0.07000732 0.1861572 0.1167602 0.1867675 0.07763671 0.3186035 0.07000732 0.5751343 0.05902099 0.2926636 0.1231079 0.2926636 0.1231079 0.5751343 0.05902099 0.5636597 0.1161499 0.5740357 0.19458 0.5812378 0.1613769 0.6661377 0.1798706 0.6661377 0.1798706 0.5812378 0.1613769 0.6697998 0.1627807 0.5812378 0.1613769 0.5751343 0.05902099 0.623291 0.1475219 0.623291 0.1475219 0.5751343 0.05902099 0.6367798 0.06707763 0.5751343 0.05902099 0.5812378 0.1613769 0.5636597 0.1161499 0.5636597 0.1161499 0.5812378 0.1613769 0.5740357 0.19458 0.8543091 0.01843261 0.8462525 0.0546875 0.8598023 0.01843261 0.8598023 0.01843261 0.8462525 0.0546875 0.8515015 0.05548095 0.8462525 0.0546875 0.8225708 0.08843994 0.8515015 0.05548095 0.8515015 0.05548095 0.8225708 0.08843994 0.8272705 0.09008789 0.8182373 0.09698486 0.8272705 0.09008789 0.8095703 0.0984497 0.8095703 0.0984497 0.8272705 0.09008789 0.8225708 0.08843994 0.7907105 0.01843261 0.7982788 0.03851318 0.8145142 0.01843261 0.8145142 0.01843261 0.7982788 0.03851318 0.81073 0.0404663 0.7775879 0.07312011 0.7989502 0.0470581 0.7747192 0.0593872 0.7747192 0.0593872 0.7989502 0.0470581 0.78479 0.04498291 0.7907105 0.01843261 0.78479 0.04498291 0.7982788 0.03851318 0.7982788 0.03851318 0.78479 0.04498291 0.7989502 0.0470581 0.8145142 0.01843261 0.81073 0.0404663 0.8273926 0.03564453 0.8273926 0.03564453 0.81073 0.0404663 0.8257446 0.04229736 0.8462525 0.0546875 0.8543091 0.01843261 0.8338623 0.04901123 0.8338623 0.04901123 0.8543091 0.01843261 0.8323364 0.03649902 0.3186035 0.07000732 0.3478394 0.01464843 0.1867675 0.07763671 0.1867675 0.07763671 0.3478394 0.01464843 0.1879882 0.01757812 0.3478394 0.01464843 0.3186035 0.07000732 0.5881348 0.01605224 0.5881348 0.01605224 0.3186035 0.07000732 0.5751343 0.05902099 0.5812378 0.1613769 0.6697998 0.1627807 0.623291 0.1475219 0.623291 0.1475219 0.6697998 0.1627807 0.6725464 0.1538085 0.2926636 0.1231079 0.3186035 0.07000732 0.1861572 0.1167602 0.1861572 0.1167602 0.3186035 0.07000732 0.1867675 0.07763671 0.3186035 0.07000732 0.2926636 0.1231079 0.5751343 0.05902099 0.5751343 0.05902099 0.2926636 0.1231079 0.5636597 0.1161499 0.5740357 0.19458 0.6661377 0.1798706 0.5812378 0.1613769 0.5812378 0.1613769 0.6661377 0.1798706 0.6697998 0.1627807 0.5812378 0.1613769 0.623291 0.1475219 0.5751343 0.05902099 0.5751343 0.05902099 0.623291 0.1475219 0.6367798 0.06707763 0.5751343 0.05902099 0.5636597 0.1161499 0.5812378 0.1613769 0.5812378 0.1613769 0.5636597 0.1161499 0.5740357 0.19458 0.7907105 0.01843261 0.7779541 0.01843261 0.7766724 0.04370117 0.7766724 0.04370117 0.7779541 0.01843261 0.7724609 0.04302978 0.8572998 0.08978271 0.848999 0.10083 0.842041 0.08081054 0.842041 0.08081054 0.848999 0.10083 0.8365479 0.08813476 0.848999 0.10083 0.8381958 0.1092529 0.8365479 0.08813476 0.8365479 0.08813476 0.8381958 0.1092529 0.8294067 0.09368896 0.831604 0.04528808 0.8410034 0.03485107 0.8378906 0.06536865 0.8378906 0.06536865 0.8410034 0.03485107 0.8511963 0.05059814 0.8218384 0.05017089 0.831604 0.04528808 0.8274536 0.07220458 0.8274536 0.07220458 0.831604 0.04528808 0.8378906 0.06536865 0.8161621 0.05084228 0.8218384 0.05017089 0.8161621 0.07318115 0.8161621 0.07318115 0.8218384 0.05017089 0.8274536 0.07220458 0.8161621 0.05084228 0.8161621 0.07318115 0.8105469 0.05017089 0.8105469 0.05017089 0.8161621 0.07318115 0.8048706 0.07220458 0.8105469 0.05017089 0.8048706 0.07220458 0.8007813 0.04528808 0.8007813 0.04528808 0.8048706 0.07220458 0.7944946 0.06536865 0.8007813 0.04528808 0.7944946 0.06536865 0.7913208 0.03485107 0.7913208 0.03485107 0.7944946 0.06536865 0.781189 0.05059814 0.8322144 0.04187011 0.831604 0.04528808 0.8406983 0.03289794 0.8406983 0.03289794 0.831604 0.04528808 0.8410034 0.03485107 0.8322144 0.04187011 0.8406983 0.03289794 0.831604 0.04528808 0.831604 0.04528808 0.8406983 0.03289794 0.8410034 0.03485107 0.8220215 0.04711914 0.8218384 0.05017089 0.8322144 0.04187011 0.8322144 0.04187011 0.8218384 0.05017089 0.831604 0.04528808 0.8220215 0.04711914 0.8322144 0.04187011 0.8218384 0.05017089 0.8218384 0.05017089 0.8322144 0.04187011 0.831604 0.04528808 0.8161621 0.04779052 0.8161621 0.05084228 0.8220215 0.04711914 0.8220215 0.04711914 0.8161621 0.05084228 0.8218384 0.05017089 0.8161621 0.04779052 0.8220215 0.04711914 0.8161621 0.05084228 0.8161621 0.05084228 0.8220215 0.04711914 0.8218384 0.05017089 0.8161621 0.04779052 0.8161621 0.05084228 0.8103027 0.04711914 0.8103027 0.04711914 0.8161621 0.05084228 0.8105469 0.05017089 0.8161621 0.04779052 0.8103027 0.04711914 0.8161621 0.05084228 0.8161621 0.05084228 0.8103027 0.04711914 0.8105469 0.05017089 0.8103027 0.04711914 0.8105469 0.05017089 0.8001709 0.04187011 0.8001709 0.04187011 0.8105469 0.05017089 0.8007813 0.04528808 0.8103027 0.04711914 0.8001709 0.04187011 0.8105469 0.05017089 0.8105469 0.05017089 0.8001709 0.04187011 0.8007813 0.04528808 0.8001709 0.04187011 0.8007813 0.04528808 0.791626 0.03289794 0.791626 0.03289794 0.8007813 0.04528808 0.7913208 0.03485107 0.8001709 0.04187011 0.791626 0.03289794 0.8007813 0.04528808 0.8007813 0.04528808 0.791626 0.03289794 0.7913208 0.03485107 0.8507691 0.04718017 0.8406983 0.03289794 0.8511963 0.05059814 0.8511963 0.05059814 0.8406983 0.03289794 0.8410034 0.03485107 0.8507691 0.04718017 0.8511963 0.05059814 0.8406983 0.03289794 0.8406983 0.03289794 0.8511963 0.05059814 0.8410034 0.03485107 0.7816162 0.04718017 0.791626 0.03289794 0.781189 0.05059814 0.781189 0.05059814 0.791626 0.03289794 0.7913208 0.03485107 0.7816162 0.04718017 0.781189 0.05059814 0.791626 0.03289794 0.791626 0.03289794 0.781189 0.05059814 0.7913208 0.03485107 0.8322144 0.04187011 0.8322144 0.04187011 0.8406983 0.03289794 0.8406983 0.03289794 0.8322144 0.04187011 0.8406983 0.03289794 0.8220215 0.04711914 0.8220215 0.04711914 0.8322144 0.04187011 0.8322144 0.04187011 0.8220215 0.04711914 0.8322144 0.04187011 0.8161621 0.04779052 0.8161621 0.04779052 0.8220215 0.04711914 0.8220215 0.04711914 0.8161621 0.04779052 0.8220215 0.04711914 0.8161621 0.04779052 0.8103027 0.04711914 0.8161621 0.04779052 0.8161621 0.04779052 0.8103027 0.04711914 0.8103027 0.04711914 0.8103027 0.04711914 0.8001709 0.04187011 0.8103027 0.04711914 0.8103027 0.04711914 0.8001709 0.04187011 0.8001709 0.04187011 0.8001709 0.04187011 0.791626 0.03289794 0.8001709 0.04187011 0.8001709 0.04187011 0.791626 0.03289794 0.791626 0.03289794 0.8406983 0.03289794 0.8406983 0.03289794 0.8507691 0.04718017 0.8507691 0.04718017 0.8406983 0.03289794 0.8507691 0.04718017 0.791626 0.03289794 0.7816162 0.04718017 0.791626 0.03289794 0.791626 0.03289794 0.7816162 0.04718017 0.7816162 0.04718017 0.83844 0.05883789 0.8358765 0.06536865 0.8383789 0.05926513 0.8383789 0.05926513 0.8358765 0.06536865 0.8358765 0.06536865 0.8358765 0.06536865 0.8317871 0.07092285 0.8358765 0.06536865 0.8358765 0.06536865 0.8317871 0.07092285 0.8317871 0.07092285 0.8317871 0.07092285 0.826416 0.07519531 0.8317871 0.07092285 0.8317871 0.07092285 0.826416 0.07519531 0.826416 0.07519531 0.826416 0.07519531 0.8201904 0.07788085 0.826416 0.07519531 0.826416 0.07519531 0.8201904 0.07788085 0.8202515 0.07788085 0.8201904 0.07788085 0.8134766 0.07885742 0.8202515 0.07788085 0.8202515 0.07788085 0.8134766 0.07885742 0.8134766 0.07885742 0.8381958 0.1092529 0.8256226 0.1145629 0.8294067 0.09368896 0.8294067 0.09368896 0.8256226 0.1145629 0.821106 0.097229 0.8256226 0.1145629 0.8121338 0.116394 0.821106 0.097229 0.821106 0.097229 0.8121338 0.116394 0.8121338 0.0984497 0.7157593 0.2331542 0.8043213 0.4147949 0.8486939 0.1383056 0.8486939 0.1383056 0.8043213 0.4147949 0.9915772 0.281189 0.5783692 0.2771607 0.6574707 0.4767456 0.7157593 0.2331542 0.7157593 0.2331542 0.6574707 0.4767456 0.8043213 0.4147949 0.4988403 0.2832031 0.4988403 0.4852905 0.5783692 0.2771607 0.5783692 0.2771607 0.4988403 0.4852905 0.6574707 0.4767456 0.4988403 0.2832031 0.4193115 0.2771607 0.4988403 0.4852905 0.4988403 0.4852905 0.4193115 0.2771607 0.34021 0.4767456 0.4193115 0.2771607 0.2819824 0.2331542 0.34021 0.4767456 0.34021 0.4767456 0.2819824 0.2331542 0.1933593 0.4147949 0.2819824 0.2331542 0.1489868 0.1383056 0.1933593 0.4147949 0.1933593 0.4147949 0.1489868 0.1383056 0.006103515 0.281189 0.8543091 0.01843261 0.8598023 0.01843261 0.8462525 0.0546875 0.8462525 0.0546875 0.8598023 0.01843261 0.8515015 0.05548095 0.8462525 0.0546875 0.8515015 0.05548095 0.8225708 0.08843994 0.8225708 0.08843994 0.8515015 0.05548095 0.8272705 0.09008789 0.8182373 0.09698486 0.8095703 0.0984497 0.8272705 0.09008789 0.8272705 0.09008789 0.8095703 0.0984497 0.8225708 0.08843994 0.7907105 0.01843261 0.8145142 0.01843261 0.7982788 0.03851318 0.7982788 0.03851318 0.8145142 0.01843261 0.81073 0.0404663 0.7775879 0.07312011 0.7747192 0.0593872 0.7989502 0.0470581 0.7989502 0.0470581 0.7747192 0.0593872 0.78479 0.04498291 0.7907105 0.01843261 0.7982788 0.03851318 0.78479 0.04498291 0.78479 0.04498291 0.7982788 0.03851318 0.7989502 0.0470581 0.8145142 0.01843261 0.8273926 0.03564453 0.81073 0.0404663 0.81073 0.0404663 0.8273926 0.03564453 0.8257446 0.04229736 0.8462525 0.0546875 0.8338623 0.04901123 0.8543091 0.01843261 0.8543091 0.01843261 0.8338623 0.04901123 0.8323364 0.03649902 0.3186035 0.07000732 0.1867675 0.07763671 0.3478394 0.01464843 0.3478394 0.01464843 0.1867675 0.07763671 0.1879882 0.01757812 0.3478394 0.01464843 0.5881348 0.01605224 0.3186035 0.07000732 0.3186035 0.07000732 0.5881348 0.01605224 0.5751343 0.05902099 0.7907105 0.01843261 0.7766724 0.04370117 0.7779541 0.01843261 0.7779541 0.01843261 0.7766724 0.04370117 0.7724609 0.04302978 0.7669678 0.08978271 0.7821655 0.08081054 0.7752686 0.10083 0.7752686 0.10083 0.7821655 0.08081054 0.7877197 0.08813476 0.7752686 0.10083 0.7877197 0.08813476 0.7860718 0.1092529 0.7860718 0.1092529 0.7877197 0.08813476 0.7948608 0.09368896 0.7884522 0.05883789 0.7885742 0.05926513 0.7910767 0.06536865 0.7910767 0.06536865 0.7885742 0.05926513 0.7910767 0.06536865 0.7910767 0.06536865 0.7910767 0.06536865 0.795166 0.07092285 0.795166 0.07092285 0.7910767 0.06536865 0.795166 0.07092285 0.795166 0.07092285 0.795166 0.07092285 0.8005371 0.07519531 0.8005371 0.07519531 0.795166 0.07092285 0.8005371 0.07519531 0.8005371 0.07519531 0.8005371 0.07519531 0.8067627 0.07788085 0.8067627 0.07788085 0.8005371 0.07519531 0.8067017 0.07788085 0.8067627 0.07788085 0.8067017 0.07788085 0.8134766 0.07885742 0.8134766 0.07885742 0.8067017 0.07788085 0.8134766 0.07885742 0.7860718 0.1092529 0.7948608 0.09368896 0.798645 0.1145629 0.798645 0.1145629 0.7948608 0.09368896 0.8031616 0.097229 0.798645 0.1145629 0.8031616 0.097229 0.8121338 0.116394 0.8121338 0.116394 0.8031616 0.097229 0.8121338 0.0984497 0.5812378 0.1613769 0.623291 0.1475219 0.6697998 0.1627807 0.6697998 0.1627807 0.623291 0.1475219 0.6725464 0.1538085 0.2926636 0.1231079 0.1861572 0.1167602 0.3186035 0.07000732 0.3186035 0.07000732 0.1861572 0.1167602 0.1867675 0.07763671 0.3186035 0.07000732 0.5751343 0.05902099 0.2926636 0.1231079 0.2926636 0.1231079 0.5751343 0.05902099 0.5636597 0.1161499 0.5740357 0.19458 0.5812378 0.1613769 0.6661377 0.1798706 0.6661377 0.1798706 0.5812378 0.1613769 0.6697998 0.1627807 0.5812378 0.1613769 0.5751343 0.05902099 0.623291 0.1475219 0.623291 0.1475219 0.5751343 0.05902099 0.6367798 0.06707763 0.5751343 0.05902099 0.5812378 0.1613769 0.5636597 0.1161499 0.5636597 0.1161499 0.5812378 0.1613769 0.5740357 0.19458 0.7779541 0.01843261 0.7779541 0.01843261 0.7724609 0.04302978 0.7724609 0.04302978 0.7779541 0.01843261 0.7724609 0.04302978 0.7779541 0.01843261 0.7724609 0.04302978 0.7779541 0.01843261 0.7779541 0.01843261 0.7724609 0.04302978 0.7724609 0.04302978 0.7779541 0.01843261 0.7724609 0.04302978 0.7779541 0.01843261 0.7779541 0.01843261 0.7724609 0.04302978 0.7724609 0.04302978 0.7779541 0.01843261 0.7779541 0.01843261 0.7724609 0.04302978 0.7724609 0.04302978 0.7779541 0.01843261 0.7724609 0.04302978 0.7599487 0.06323242 0.7617188 0.04943847 0.7775879 0.06323242 0.7775879 0.06323242 0.7617188 0.04943847 0.7787476 0.05407714 0.7617188 0.04943847 0.7669678 0.03662109 0.7787476 0.05407714 0.7787476 0.05407714 0.7669678 0.03662109 0.7821655 0.04559326 0.8643189 0.06323242 0.8466797 0.06323242 0.8625488 0.04943847 0.8625488 0.04943847 0.8466797 0.06323242 0.84552 0.05407714 0.8625488 0.04943847 0.84552 0.05407714 0.8572998 0.03662109 0.8572998 0.03662109 0.84552 0.05407714 0.842041 0.04559326 0.8643189 0.06323242 0.8625488 0.07696533 0.8466797 0.06323242 0.8466797 0.06323242 0.8625488 0.07696533 0.84552 0.07232666 0.8625488 0.07696533 0.8572998 0.08978271 0.84552 0.07232666 0.84552 0.07232666 0.8572998 0.08978271 0.842041 0.08081054 0.7599487 0.06323242 0.7775879 0.06323242 0.7617188 0.07696533 0.7617188 0.07696533 0.7775879 0.06323242 0.7787476 0.07232666 0.7617188 0.07696533 0.7787476 0.07232666 0.7669678 0.08978271 0.7669678 0.08978271 0.7787476 0.07232666 0.7821655 0.08081054 0.8629761 0.08142089 0.8595581 0.0805664 0.8644409 0.07080078 0.8644409 0.07080078 0.8595581 0.0805664 0.8609009 0.07080078 0.8587036 0.09130859 0.8556519 0.0895996 0.8629761 0.08142089 0.8629761 0.08142089 0.8556519 0.0895996 0.8595581 0.0805664 0.8518677 0.09979248 0.8493652 0.0974121 0.8587036 0.09130859 0.8587036 0.09130859 0.8493652 0.0974121 0.8556519 0.0895996 0.840332 0.1076049 0.8388062 0.1046142 0.8518677 0.09979248 0.8518677 0.09979248 0.8388062 0.1046142 0.8493652 0.0974121 0.8305664 0.111267 0.8305054 0.1079101 0.840332 0.1076049 0.840332 0.1076049 0.8305054 0.1079101 0.8388062 0.1046142 0.812561 0.111267 0.8027344 0.1076049 0.8126221 0.1079101 0.8126221 0.1079101 0.8027344 0.1076049 0.8043213 0.1046142 0.8027344 0.1076049 0.7911987 0.09979248 0.8043213 0.1046142 0.8043213 0.1046142 0.7911987 0.09979248 0.7937012 0.0974121 0.7911987 0.09979248 0.7844238 0.09130859 0.7937012 0.0974121 0.7937012 0.0974121 0.7844238 0.09130859 0.7874756 0.0895996 0.7844238 0.09130859 0.7800903 0.08142089 0.7874756 0.0895996 0.7874756 0.0895996 0.7800903 0.08142089 0.7835083 0.0805664 0.7800903 0.08142089 0.7786255 0.07080078 0.7835083 0.0805664 0.7835083 0.0805664 0.7786255 0.07080078 0.7822266 0.07080078 0.8126221 0.1079101 0.8215332 0.1083984 0.812561 0.111267 0.812561 0.111267 0.8215332 0.1083984 0.8215332 0.1117553 0.8305664 0.111267 0.8215332 0.1117553 0.8305054 0.1079101 0.8305054 0.1079101 0.8215332 0.1117553 0.8215332 0.1083984 0.7800903 0.06024169 0.7835083 0.06109619 0.7786255 0.07080078 0.7786255 0.07080078 0.7835083 0.06109619 0.7822266 0.07080078 0.7844238 0.050354 0.7874756 0.05206298 0.7800903 0.06024169 0.7800903 0.06024169 0.7874756 0.05206298 0.7835083 0.06109619 0.7911987 0.04187011 0.7937012 0.04425048 0.7844238 0.050354 0.7844238 0.050354 0.7937012 0.04425048 0.7874756 0.05206298 0.8027344 0.03399658 0.8043213 0.03704833 0.7911987 0.04187011 0.7911987 0.04187011 0.8043213 0.03704833 0.7937012 0.04425048 0.812561 0.0303955 0.8126221 0.0336914 0.8027344 0.03399658 0.8027344 0.03399658 0.8126221 0.0336914 0.8043213 0.03704833 0.8305664 0.0303955 0.840332 0.03399658 0.8305054 0.0336914 0.8305054 0.0336914 0.840332 0.03399658 0.8388062 0.03704833 0.840332 0.03399658 0.8518677 0.04187011 0.8388062 0.03704833 0.8388062 0.03704833 0.8518677 0.04187011 0.8493652 0.04425048 0.8518677 0.04187011 0.8587036 0.050354 0.8493652 0.04425048 0.8493652 0.04425048 0.8587036 0.050354 0.8556519 0.05206298 0.8587036 0.050354 0.8629761 0.06024169 0.8556519 0.05206298 0.8556519 0.05206298 0.8629761 0.06024169 0.8595581 0.06109619 0.8629761 0.06024169 0.8644409 0.07080078 0.8595581 0.06109619 0.8595581 0.06109619 0.8644409 0.07080078 0.8609009 0.07080078 0.8305054 0.0336914 0.8215332 0.03326416 0.8305664 0.0303955 0.8305664 0.0303955 0.8215332 0.03326416 0.8215332 0.02984619 0.812561 0.0303955 0.8215332 0.02984619 0.8126221 0.0336914 0.8126221 0.0336914 0.8215332 0.02984619 0.8215332 0.03326416 0.8595581 0.0805664 0.8595581 0.0805664 0.8609009 0.07080078 0.8609009 0.07080078 0.8595581 0.0805664 0.8609009 0.07080078 0.8629761 0.08142089 0.8644409 0.07080078 0.8629761 0.08142089 0.8629761 0.08142089 0.8644409 0.07080078 0.8644409 0.07080078 0.8556519 0.0895996 0.8556519 0.0895996 0.8595581 0.0805664 0.8595581 0.0805664 0.8556519 0.0895996 0.8595581 0.0805664 0.8587036 0.09130859 0.8629761 0.08142089 0.8587036 0.09130859 0.8587036 0.09130859 0.8629761 0.08142089 0.8629761 0.08142089 0.8493652 0.0974121 0.8493652 0.0974121 0.8556519 0.0895996 0.8556519 0.0895996 0.8493652 0.0974121 0.8556519 0.0895996 0.8518677 0.09979248 0.8587036 0.09130859 0.8518677 0.09979248 0.8518677 0.09979248 0.8587036 0.09130859 0.8587036 0.09130859 0.8388062 0.1046142 0.8388062 0.1046142 0.8493652 0.0974121 0.8493652 0.0974121 0.8388062 0.1046142 0.8493652 0.0974121 0.840332 0.1076049 0.8518677 0.09979248 0.840332 0.1076049 0.840332 0.1076049 0.8518677 0.09979248 0.8518677 0.09979248 0.8305054 0.1079101 0.8305054 0.1079101 0.8388062 0.1046142 0.8388062 0.1046142 0.8305054 0.1079101 0.8388062 0.1046142 0.8305664 0.111267 0.840332 0.1076049 0.8305664 0.111267 0.8305664 0.111267 0.840332 0.1076049 0.840332 0.1076049 0.8305664 0.111267 0.8305054 0.1079101 0.8305664 0.111267 0.8305664 0.111267 0.8305054 0.1079101 0.8305054 0.1079101 0.8126221 0.1079101 0.812561 0.111267 0.8126221 0.1079101 0.8126221 0.1079101 0.812561 0.111267 0.812561 0.111267 0.812561 0.111267 0.812561 0.111267 0.8027344 0.1076049 0.8027344 0.1076049 0.812561 0.111267 0.8027344 0.1076049 0.8126221 0.1079101 0.8043213 0.1046142 0.8126221 0.1079101 0.8126221 0.1079101 0.8043213 0.1046142 0.8043213 0.1046142 0.8027344 0.1076049 0.8027344 0.1076049 0.7911987 0.09979248 0.7911987 0.09979248 0.8027344 0.1076049 0.7911987 0.09979248 0.8043213 0.1046142 0.7937012 0.0974121 0.8043213 0.1046142 0.8043213 0.1046142 0.7937012 0.0974121 0.7937012 0.0974121 0.7911987 0.09979248 0.7911987 0.09979248 0.7844238 0.09130859 0.7844238 0.09130859 0.7911987 0.09979248 0.7844238 0.09130859 0.7937012 0.0974121 0.7874756 0.0895996 0.7937012 0.0974121 0.7937012 0.0974121 0.7874756 0.0895996 0.7874756 0.0895996 0.7844238 0.09130859 0.7844238 0.09130859 0.7800903 0.08142089 0.7800903 0.08142089 0.7844238 0.09130859 0.7800903 0.08142089 0.7874756 0.0895996 0.7835083 0.0805664 0.7874756 0.0895996 0.7874756 0.0895996 0.7835083 0.0805664 0.7835083 0.0805664 0.7800903 0.08142089 0.7800903 0.08142089 0.7786255 0.07080078 0.7786255 0.07080078 0.7800903 0.08142089 0.7786255 0.07080078 0.7835083 0.0805664 0.7822266 0.07080078 0.7835083 0.0805664 0.7835083 0.0805664 0.7822266 0.07080078 0.7822266 0.07080078 0.7835083 0.06109619 0.7835083 0.06109619 0.7822266 0.07080078 0.7822266 0.07080078 0.7835083 0.06109619 0.7822266 0.07080078 0.7800903 0.06024169 0.7786255 0.07080078 0.7800903 0.06024169 0.7800903 0.06024169 0.7786255 0.07080078 0.7786255 0.07080078 0.7874756 0.05206298 0.7874756 0.05206298 0.7835083 0.06109619 0.7835083 0.06109619 0.7874756 0.05206298 0.7835083 0.06109619 0.7844238 0.050354 0.7800903 0.06024169 0.7844238 0.050354 0.7844238 0.050354 0.7800903 0.06024169 0.7800903 0.06024169 0.7937012 0.04425048 0.7937012 0.04425048 0.7874756 0.05206298 0.7874756 0.05206298 0.7937012 0.04425048 0.7874756 0.05206298 0.7911987 0.04187011 0.7844238 0.050354 0.7911987 0.04187011 0.7911987 0.04187011 0.7844238 0.050354 0.7844238 0.050354 0.8043213 0.03704833 0.8043213 0.03704833 0.7937012 0.04425048 0.7937012 0.04425048 0.8043213 0.03704833 0.7937012 0.04425048 0.8027344 0.03399658 0.7911987 0.04187011 0.8027344 0.03399658 0.8027344 0.03399658 0.7911987 0.04187011 0.7911987 0.04187011 0.8126221 0.0336914 0.8126221 0.0336914 0.8043213 0.03704833 0.8043213 0.03704833 0.8126221 0.0336914 0.8043213 0.03704833 0.812561 0.0303955 0.8027344 0.03399658 0.812561 0.0303955 0.812561 0.0303955 0.8027344 0.03399658 0.8027344 0.03399658 0.812561 0.0303955 0.8126221 0.0336914 0.812561 0.0303955 0.812561 0.0303955 0.8126221 0.0336914 0.8126221 0.0336914 0.8305054 0.0336914 0.8305664 0.0303955 0.8305054 0.0336914 0.8305054 0.0336914 0.8305664 0.0303955 0.8305664 0.0303955 0.8305664 0.0303955 0.8305664 0.0303955 0.840332 0.03399658 0.840332 0.03399658 0.8305664 0.0303955 0.840332 0.03399658 0.8305054 0.0336914 0.8388062 0.03704833 0.8305054 0.0336914 0.8305054 0.0336914 0.8388062 0.03704833 0.8388062 0.03704833 0.840332 0.03399658 0.840332 0.03399658 0.8518677 0.04187011 0.8518677 0.04187011 0.840332 0.03399658 0.8518677 0.04187011 0.8388062 0.03704833 0.8493652 0.04425048 0.8388062 0.03704833 0.8388062 0.03704833 0.8493652 0.04425048 0.8493652 0.04425048 0.8518677 0.04187011 0.8518677 0.04187011 0.8587036 0.050354 0.8587036 0.050354 0.8518677 0.04187011 0.8587036 0.050354 0.8493652 0.04425048 0.8556519 0.05206298 0.8493652 0.04425048 0.8493652 0.04425048 0.8556519 0.05206298 0.8556519 0.05206298 0.8587036 0.050354 0.8587036 0.050354 0.8629761 0.06024169 0.8629761 0.06024169 0.8587036 0.050354 0.8629761 0.06024169 0.8556519 0.05206298 0.8595581 0.06109619 0.8556519 0.05206298 0.8556519 0.05206298 0.8595581 0.06109619 0.8595581 0.06109619 0.8629761 0.06024169 0.8629761 0.06024169 0.8644409 0.07080078 0.8644409 0.07080078 0.8629761 0.06024169 0.8644409 0.07080078 0.8595581 0.06109619 0.8609009 0.07080078 0.8595581 0.06109619 0.8595581 0.06109619 0.8609009 0.07080078 0.8609009 0.07080078 0.9310913 0.06079101 0.9277344 0.07025146 0.9337769 0.05975341 0.9337769 0.05975341 0.9277344 0.07025146 0.9300537 0.0692749 0.9244385 0.06036376 0.9310913 0.06079101 0.9258423 0.0593872 0.9258423 0.0593872 0.9310913 0.06079101 0.9337769 0.05975341 0.06671142 0.04412841 0.06793212 0.04382324 0.05841064 0.03503417 0.05841064 0.03503417 0.06793212 0.04382324 0.05926513 0.03387451 0.02166748 0.05169677 0.02685546 0.04034423 0.02099609 0.05273437 0.02099609 0.05273437 0.02685546 0.04034423 0.02697753 0.03863525 0.06994628 0.05657958 0.07098388 0.05761718 0.06671142 0.04412841 0.06671142 0.04412841 0.07098388 0.05761718 0.06793212 0.04382324 0.05444335 0.07531738 0.05584716 0.0760498 0.06445312 0.06805419 0.06445312 0.06805419 0.05584716 0.0760498 0.06573486 0.06896972 0.06445312 0.06805419 0.06573486 0.06896972 0.06994628 0.05657958 0.06994628 0.05657958 0.06573486 0.06896972 0.07098388 0.05761718 0.02209472 0.06451416 0.02166748 0.05169677 0.02209472 0.06677246 0.02209472 0.06677246 0.02166748 0.05169677 0.02099609 0.05273437 0.03076171 0.07373046 0.02209472 0.06451416 0.0302124 0.07525634 0.0302124 0.07525634 0.02209472 0.06451416 0.02209472 0.06677246 0.04260253 0.0772705 0.03076171 0.07373046 0.04260253 0.07855224 0.04260253 0.07855224 0.03076171 0.07373046 0.0302124 0.07525634 0.04260253 0.0772705 0.04260253 0.07855224 0.05444335 0.07531738 0.05444335 0.07531738 0.04260253 0.07855224 0.05584716 0.0760498 0.04742431 0.03063964 0.05841064 0.03503417 0.04937744 0.02893066 0.04937744 0.02893066 0.05841064 0.03503417 0.05926513 0.03387451 0.04742431 0.03063964 0.04412841 0.02850341 0.03588867 0.03253173 0.03588867 0.03253173 0.04412841 0.02850341 0.03521728 0.03100585 0.03588867 0.03253173 0.03521728 0.03100585 0.02685546 0.04034423 0.02685546 0.04034423 0.03521728 0.03100585 0.02697753 0.03863525 0.9730225 0.05413818 0.9655762 0.06347656 0.977356 0.05358886 0.977356 0.05358886 0.9655762 0.06347656 0.967041 0.06469726 0.954834 0.05450439 0.9484863 0.04919433 0.9393311 0.06451416 0.9393311 0.06451416 0.9484863 0.04919433 0.9348145 0.05792236 0.9655762 0.06347656 0.9468994 0.07543945 0.967041 0.06469726 0.967041 0.06469726 0.9468994 0.07543945 0.947937 0.07696533 0.954834 0.05450439 0.9607544 0.05944824 0.9627686 0.0460205 0.9627686 0.0460205 0.9607544 0.05944824 0.966919 0.05480957 0.9607544 0.05944824 0.954834 0.05450439 0.9434815 0.0704956 0.9434815 0.0704956 0.954834 0.05450439 0.9393311 0.06451416 0.9607544 0.05944824 0.9434815 0.0704956 0.9655762 0.06347656 0.9655762 0.06347656 0.9434815 0.0704956 0.9468994 0.07543945 0.977356 0.05358886 0.967041 0.06469726 0.9782715 0.05249023 0.9782715 0.05249023 0.967041 0.06469726 0.967041 0.06469726 0.967041 0.06469726 0.947937 0.07696533 0.967041 0.06469726 0.967041 0.06469726 0.947937 0.07696533 0.947937 0.07696533 0.9589233 0.03778076 0.9484863 0.04919433 0.9627686 0.0460205 0.9627686 0.0460205 0.9484863 0.04919433 0.954834 0.05450439 0.9468994 0.07543945 0.9247437 0.08392333 0.947937 0.07696533 0.947937 0.07696533 0.9247437 0.08392333 0.9256592 0.08465576 0.9247437 0.08392333 0.9017944 0.08551025 0.9256592 0.08465576 0.9256592 0.08465576 0.9017944 0.08551025 0.9017944 0.08728027 0.947937 0.07696533 0.9256592 0.08465576 0.947937 0.07696533 0.947937 0.07696533 0.9256592 0.08465576 0.9256592 0.08465576 0.9256592 0.08465576 0.9017944 0.08728027 0.9256592 0.08465576 0.9256592 0.08465576 0.9017944 0.08728027 0.9017944 0.08728027 0.9348145 0.05792236 0.9258423 0.06280517 0.9393311 0.06451416 0.9393311 0.06451416 0.9258423 0.06280517 0.9310913 0.06774902 0.9434815 0.0704956 0.9393311 0.06451416 0.9329224 0.07464599 0.9329224 0.07464599 0.9393311 0.06451416 0.9310913 0.06774902 0.9468994 0.07543945 0.9297485 0.0803833 0.9247437 0.08392333 0.9247437 0.08392333 0.9297485 0.0803833 0.9237671 0.08392333 0.9017944 0.07983398 0.9033814 0.07922363 0.9017944 0.07287597 0.9017944 0.07287597 0.9033814 0.07922363 0.90271 0.07220458 0.9017944 0.08551025 0.9082642 0.08349609 0.9017944 0.07983398 0.9017944 0.07983398 0.9082642 0.08349609 0.9033814 0.07922363 0.9468994 0.07543945 0.9434815 0.0704956 0.9297485 0.0803833 0.9297485 0.0803833 0.9434815 0.0704956 0.9329224 0.07464599 0.9017944 0.08551025 0.9247437 0.08392333 0.9157715 0.08514404 0.9157715 0.08514404 0.9247437 0.08392333 0.9237671 0.08392333 0.9589233 0.03778076 0.9547119 0.03570556 0.9484863 0.04919433 0.9484863 0.04919433 0.9547119 0.03570556 0.9450073 0.04632568 0.9484863 0.04919433 0.9450073 0.04632568 0.9348145 0.05792236 0.9348145 0.05792236 0.9450073 0.04632568 0.9323731 0.05444335 0.9619141 0.0246582 0.9547119 0.03570556 0.9612427 0.03308105 0.9612427 0.03308105 0.9547119 0.03570556 0.9589233 0.03778076 0.9017944 0.06127929 0.9113159 0.06134033 0.9177857 0.05950927 0.9177857 0.05950927 0.9113159 0.06134033 0.916687 0.06011962 0.9323731 0.05444335 0.9177857 0.05950927 0.9258423 0.06280517 0.9258423 0.06280517 0.9177857 0.05950927 0.9198608 0.06030273 0.9621582 0.04052734 0.9627686 0.03961181 0.9612427 0.03308105 0.9612427 0.03308105 0.9627686 0.03961181 0.961731 0.03222656 0.9627686 0.0460205 0.963501 0.04510498 0.9621582 0.04052734 0.9621582 0.04052734 0.963501 0.04510498 0.9627686 0.03961181 0.977356 0.05358886 0.9782715 0.05249023 0.9730225 0.05413818 0.9730225 0.05413818 0.9782715 0.05249023 0.9749756 0.05322265 0.9695435 0.04284667 0.9688721 0.04382324 0.9678955 0.053833 0.9678955 0.053833 0.9688721 0.04382324 0.966919 0.05480957 0.9688721 0.04382324 0.9695435 0.04284667 0.9627686 0.0460205 0.9627686 0.0460205 0.9695435 0.04284667 0.963501 0.04510498 0.06671142 0.04412841 0.05841064 0.03503417 0.06793212 0.04382324 0.06793212 0.04382324 0.05841064 0.03503417 0.05926513 0.03387451 0.02166748 0.05169677 0.02099609 0.05273437 0.02685546 0.04034423 0.02685546 0.04034423 0.02099609 0.05273437 0.02697753 0.03863525 0.06994628 0.05657958 0.06671142 0.04412841 0.07098388 0.05761718 0.07098388 0.05761718 0.06671142 0.04412841 0.06793212 0.04382324 0.05444335 0.07531738 0.06445312 0.06805419 0.05584716 0.0760498 0.05584716 0.0760498 0.06445312 0.06805419 0.06573486 0.06896972 0.06445312 0.06805419 0.06994628 0.05657958 0.06573486 0.06896972 0.06573486 0.06896972 0.06994628 0.05657958 0.07098388 0.05761718 0.02209472 0.06451416 0.02209472 0.06677246 0.02166748 0.05169677 0.02166748 0.05169677 0.02209472 0.06677246 0.02099609 0.05273437 0.03076171 0.07373046 0.0302124 0.07525634 0.02209472 0.06451416 0.02209472 0.06451416 0.0302124 0.07525634 0.02209472 0.06677246 0.04260253 0.0772705 0.04260253 0.07855224 0.03076171 0.07373046 0.03076171 0.07373046 0.04260253 0.07855224 0.0302124 0.07525634 0.04260253 0.0772705 0.05444335 0.07531738 0.04260253 0.07855224 0.04260253 0.07855224 0.05444335 0.07531738 0.05584716 0.0760498 0.04742431 0.03063964 0.04937744 0.02893066 0.05841064 0.03503417 0.05841064 0.03503417 0.04937744 0.02893066 0.05926513 0.03387451 0.04742431 0.03063964 0.03588867 0.03253173 0.04412841 0.02850341 0.04412841 0.02850341 0.03588867 0.03253173 0.03521728 0.03100585 0.03588867 0.03253173 0.02685546 0.04034423 0.03521728 0.03100585 0.03521728 0.03100585 0.02685546 0.04034423 0.02697753 0.03863525 0.9730225 0.05413818 0.977356 0.05358886 0.9655762 0.06347656 0.9655762 0.06347656 0.977356 0.05358886 0.967041 0.06469726 0.954834 0.05450439 0.9393311 0.06451416 0.9484863 0.04919433 0.9484863 0.04919433 0.9393311 0.06451416 0.9348145 0.05792236 0.9655762 0.06347656 0.967041 0.06469726 0.9468994 0.07543945 0.9468994 0.07543945 0.967041 0.06469726 0.947937 0.07696533 0.954834 0.05450439 0.9627686 0.0460205 0.9607544 0.05944824 0.9607544 0.05944824 0.9627686 0.0460205 0.966919 0.05480957 0.9607544 0.05944824 0.9434815 0.0704956 0.954834 0.05450439 0.954834 0.05450439 0.9434815 0.0704956 0.9393311 0.06451416 0.9607544 0.05944824 0.9655762 0.06347656 0.9434815 0.0704956 0.9434815 0.0704956 0.9655762 0.06347656 0.9468994 0.07543945 0.977356 0.05358886 0.9782715 0.05249023 0.967041 0.06469726 0.967041 0.06469726 0.9782715 0.05249023 0.967041 0.06469726 0.967041 0.06469726 0.967041 0.06469726 0.947937 0.07696533 0.947937 0.07696533 0.967041 0.06469726 0.947937 0.07696533 0.9589233 0.03778076 0.9627686 0.0460205 0.9484863 0.04919433 0.9484863 0.04919433 0.9627686 0.0460205 0.954834 0.05450439 0.9468994 0.07543945 0.947937 0.07696533 0.9247437 0.08392333 0.9247437 0.08392333 0.947937 0.07696533 0.9256592 0.08465576 0.9247437 0.08392333 0.9256592 0.08465576 0.9017944 0.08551025 0.9017944 0.08551025 0.9256592 0.08465576 0.9017944 0.08728027 0.947937 0.07696533 0.947937 0.07696533 0.9256592 0.08465576 0.9256592 0.08465576 0.947937 0.07696533 0.9256592 0.08465576 0.9256592 0.08465576 0.9256592 0.08465576 0.9017944 0.08728027 0.9017944 0.08728027 0.9256592 0.08465576 0.9017944 0.08728027 0.9348145 0.05792236 0.9393311 0.06451416 0.9258423 0.06280517 0.9258423 0.06280517 0.9393311 0.06451416 0.9310913 0.06774902 0.9434815 0.0704956 0.9329224 0.07464599 0.9393311 0.06451416 0.9393311 0.06451416 0.9329224 0.07464599 0.9310913 0.06774902 0.9468994 0.07543945 0.9247437 0.08392333 0.9297485 0.0803833 0.9297485 0.0803833 0.9247437 0.08392333 0.9237671 0.08392333 0.9017944 0.07983398 0.9017944 0.07287597 0.9033814 0.07922363 0.9033814 0.07922363 0.9017944 0.07287597 0.90271 0.07220458 0.9017944 0.08551025 0.9017944 0.07983398 0.9082642 0.08349609 0.9082642 0.08349609 0.9017944 0.07983398 0.9033814 0.07922363 0.9468994 0.07543945 0.9297485 0.0803833 0.9434815 0.0704956 0.9434815 0.0704956 0.9297485 0.0803833 0.9329224 0.07464599 0.9017944 0.08551025 0.9157715 0.08514404 0.9247437 0.08392333 0.9247437 0.08392333 0.9157715 0.08514404 0.9237671 0.08392333 0.9589233 0.03778076 0.9484863 0.04919433 0.9547119 0.03570556 0.9547119 0.03570556 0.9484863 0.04919433 0.9450073 0.04632568 0.9484863 0.04919433 0.9348145 0.05792236 0.9450073 0.04632568 0.9450073 0.04632568 0.9348145 0.05792236 0.9323731 0.05444335 0.9619141 0.0246582 0.9612427 0.03308105 0.9547119 0.03570556 0.9547119 0.03570556 0.9612427 0.03308105 0.9589233 0.03778076 0.9017944 0.06127929 0.9177857 0.05950927 0.9113159 0.06134033 0.9113159 0.06134033 0.9177857 0.05950927 0.916687 0.06011962 0.9323731 0.05444335 0.9258423 0.06280517 0.9177857 0.05950927 0.9177857 0.05950927 0.9258423 0.06280517 0.9198608 0.06030273 0.9621582 0.04052734 0.9612427 0.03308105 0.9627686 0.03961181 0.9627686 0.03961181 0.9612427 0.03308105 0.961731 0.03222656 0.9627686 0.0460205 0.9621582 0.04052734 0.963501 0.04510498 0.963501 0.04510498 0.9621582 0.04052734 0.9627686 0.03961181 0.977356 0.05358886 0.9730225 0.05413818 0.9782715 0.05249023 0.9782715 0.05249023 0.9730225 0.05413818 0.9749756 0.05322265 0.9695435 0.04284667 0.9678955 0.053833 0.9688721 0.04382324 0.9688721 0.04382324 0.9678955 0.053833 0.966919 0.05480957 0.9688721 0.04382324 0.9627686 0.0460205 0.9695435 0.04284667 0.9695435 0.04284667 0.9627686 0.0460205 0.963501 0.04510498 0.9310913 0.06079101 0.9337769 0.05975341 0.9277344 0.07025146 0.9277344 0.07025146 0.9337769 0.05975341 0.9300537 0.0692749 0.9244385 0.06036376 0.9258423 0.0593872 0.9310913 0.06079101 0.9310913 0.06079101 0.9258423 0.0593872 0.9337769 0.05975341 0.6152344 0.9035034 0.6651001 0.8348999 0.5465088 0.8178101 0.5465088 0.8178101 0.6651001 0.8348999 0.62323 0.7832031 0.5465088 0.8178101 0.62323 0.7832031 0.5316162 0.7120361 0.5316162 0.7120361 0.62323 0.7832031 0.612854 0.7175293 0.7600098 0.5230103 0.6582031 0.5393067 0.7540894 0.6030884 0.7540894 0.6030884 0.6582031 0.5393067 0.6884155 0.6135254 0.5958862 0.9342041 0.7146607 0.9765625 0.6152344 0.9035034 0.6152344 0.9035034 0.7146607 0.9765625 0.7183228 0.9431152 0.7146607 0.9765625 0.8412476 0.9564819 0.7183228 0.9431152 0.7183228 0.9431152 0.8412476 0.9564819 0.8273926 0.9258423 0.9404907 0.8792725 0.913147 0.8563233 0.8412476 0.9564819 0.8412476 0.9564819 0.913147 0.8563233 0.8273926 0.9258423 0.9874878 0.7565918 0.9517822 0.753418 0.9404907 0.8792725 0.9404907 0.8792725 0.9517822 0.753418 0.913147 0.8563233 0.6152344 0.9035034 0.7183228 0.9431152 0.6651001 0.8348999 0.6651001 0.8348999 0.7183228 0.9431152 0.7272339 0.8587647 0.7183228 0.9431152 0.8273926 0.9258423 0.7272339 0.8587647 0.7272339 0.8587647 0.8273926 0.9258423 0.7929077 0.8483887 0.913147 0.8563233 0.8446655 0.8065186 0.8273926 0.9258423 0.8273926 0.9258423 0.8446655 0.8065186 0.7929077 0.8483887 0.9517822 0.753418 0.8684692 0.7443848 0.913147 0.8563233 0.913147 0.8563233 0.8684692 0.7443848 0.8446655 0.8065186 0.9337158 0.6477661 0.8580933 0.6786499 0.9517822 0.753418 0.9517822 0.753418 0.8580933 0.6786499 0.8684692 0.7443848 0.873291 0.5484619 0.8162232 0.6269531 0.9337158 0.6477661 0.9337158 0.6477661 0.8162232 0.6269531 0.8580933 0.6786499 0.6152344 0.9035034 0.5465088 0.8178101 0.5958862 0.9342041 0.5958862 0.9342041 0.5465088 0.8178101 0.5117798 0.8334351 0.5465088 0.8178101 0.5316162 0.7120361 0.5117798 0.8334351 0.5117798 0.8334351 0.5316162 0.7120361 0.5079346 0.7097168 0.6582031 0.5393067 0.7600098 0.5230103 0.6490479 0.5239868 0.6490479 0.5239868 0.7600098 0.5230103 0.7639771 0.5056763 0.5316162 0.7120361 0.612854 0.7175293 0.5596314 0.5998535 0.5596314 0.5998535 0.612854 0.7175293 0.6368408 0.6555176 0.6884155 0.6135254 0.6582031 0.5393067 0.6368408 0.6555176 0.6368408 0.6555176 0.6582031 0.5393067 0.5596314 0.5998535 0.7540894 0.6030884 0.8162232 0.6269531 0.7600098 0.5230103 0.7600098 0.5230103 0.8162232 0.6269531 0.873291 0.5484619 0.7146607 0.9765625 0.5958862 0.9342041 0.7158814 0.956665 0.7158814 0.956665 0.5958862 0.9342041 0.5979614 0.9224243 0.7146607 0.9765625 0.7158814 0.956665 0.8412476 0.9564819 0.8412476 0.9564819 0.7158814 0.956665 0.8337402 0.9379883 0.8412476 0.9564819 0.8337402 0.9379883 0.9404907 0.8792725 0.9404907 0.8792725 0.8337402 0.9379883 0.9332886 0.8677368 0.9517822 0.753418 0.9874878 0.7565918 0.9337158 0.6477661 0.9337158 0.6477661 0.9874878 0.7565918 0.9553223 0.6361084 0.3861084 0.9035034 0.454834 0.8178101 0.3362427 0.8348999 0.3362427 0.8348999 0.454834 0.8178101 0.3781128 0.7832031 0.454834 0.8178101 0.4696655 0.7120361 0.3781128 0.7832031 0.3781128 0.7832031 0.4696655 0.7120361 0.3884888 0.7175293 0.241333 0.5230103 0.2472534 0.6030884 0.3431397 0.5393067 0.3431397 0.5393067 0.2472534 0.6030884 0.3129273 0.6135254 0.4054566 0.9342041 0.3861084 0.9035034 0.2866821 0.9765625 0.2866821 0.9765625 0.3861084 0.9035034 0.282959 0.9431152 0.2866821 0.9765625 0.282959 0.9431152 0.1600952 0.9564819 0.1600952 0.9564819 0.282959 0.9431152 0.1738891 0.9258423 0.06085205 0.8792725 0.1600952 0.9564819 0.0881958 0.8563233 0.0881958 0.8563233 0.1600952 0.9564819 0.1738891 0.9258423 0.01385498 0.7565918 0.06085205 0.8792725 0.04956054 0.753418 0.04956054 0.753418 0.06085205 0.8792725 0.0881958 0.8563233 0.3861084 0.9035034 0.3362427 0.8348999 0.282959 0.9431152 0.282959 0.9431152 0.3362427 0.8348999 0.2741089 0.8587647 0.282959 0.9431152 0.2741089 0.8587647 0.1738891 0.9258423 0.1738891 0.9258423 0.2741089 0.8587647 0.208374 0.8483887 0.0881958 0.8563233 0.1738891 0.9258423 0.1566772 0.8065186 0.1566772 0.8065186 0.1738891 0.9258423 0.208374 0.8483887 0.04956054 0.753418 0.0881958 0.8563233 0.1328125 0.7443848 0.1328125 0.7443848 0.0881958 0.8563233 0.1566772 0.8065186 0.06762695 0.6477661 0.04956054 0.753418 0.1432495 0.6786499 0.1432495 0.6786499 0.04956054 0.753418 0.1328125 0.7443848 0.1280517 0.5484619 0.06762695 0.6477661 0.1851196 0.6269531 0.1851196 0.6269531 0.06762695 0.6477661 0.1432495 0.6786499 0.3861084 0.9035034 0.4054566 0.9342041 0.454834 0.8178101 0.454834 0.8178101 0.4054566 0.9342041 0.489563 0.8334351 0.454834 0.8178101 0.489563 0.8334351 0.4696655 0.7120361 0.4696655 0.7120361 0.489563 0.8334351 0.4933472 0.7097168 0.3431397 0.5393067 0.3522339 0.5239868 0.241333 0.5230103 0.241333 0.5230103 0.3522339 0.5239868 0.2373657 0.5056763 0.4696655 0.7120361 0.4416504 0.5998535 0.3884888 0.7175293 0.3884888 0.7175293 0.4416504 0.5998535 0.3644409 0.6555176 0.3129273 0.6135254 0.3644409 0.6555176 0.3431397 0.5393067 0.3431397 0.5393067 0.3644409 0.6555176 0.4416504 0.5998535 0.2472534 0.6030884 0.241333 0.5230103 0.1851196 0.6269531 0.1851196 0.6269531 0.241333 0.5230103 0.1280517 0.5484619 0.2866821 0.9765625 0.2854614 0.956665 0.4054566 0.9342041 0.4054566 0.9342041 0.2854614 0.956665 0.4033203 0.9224243 0.2866821 0.9765625 0.1600952 0.9564819 0.2854614 0.956665 0.2854614 0.956665 0.1600952 0.9564819 0.1676025 0.9379883 0.1600952 0.9564819 0.06085205 0.8792725 0.1676025 0.9379883 0.1676025 0.9379883 0.06085205 0.8792725 0.06805419 0.8677368 0.04956054 0.753418 0.06762695 0.6477661 0.01385498 0.7565918 0.01385498 0.7565918 0.06762695 0.6477661 0.0460205 0.6361084 0.9310913 0.06079101 0.9277344 0.07025146 0.9337769 0.05975341 0.9337769 0.05975341 0.9277344 0.07025146 0.9300537 0.0692749 0.9244385 0.06036376 0.9310913 0.06079101 0.9258423 0.0593872 0.9258423 0.0593872 0.9310913 0.06079101 0.9337769 0.05975341 0.06671142 0.04412841 0.06793212 0.04382324 0.05841064 0.03503417 0.05841064 0.03503417 0.06793212 0.04382324 0.05926513 0.03387451 0.02166748 0.05169677 0.02685546 0.04034423 0.02099609 0.05273437 0.02099609 0.05273437 0.02685546 0.04034423 0.02697753 0.03863525 0.06994628 0.05657958 0.07098388 0.05761718 0.06671142 0.04412841 0.06671142 0.04412841 0.07098388 0.05761718 0.06793212 0.04382324 0.05444335 0.07531738 0.05584716 0.0760498 0.06445312 0.06805419 0.06445312 0.06805419 0.05584716 0.0760498 0.06573486 0.06896972 0.06445312 0.06805419 0.06573486 0.06896972 0.06994628 0.05657958 0.06994628 0.05657958 0.06573486 0.06896972 0.07098388 0.05761718 0.02209472 0.06451416 0.02166748 0.05169677 0.02209472 0.06677246 0.02209472 0.06677246 0.02166748 0.05169677 0.02099609 0.05273437 0.03076171 0.07373046 0.02209472 0.06451416 0.0302124 0.07525634 0.0302124 0.07525634 0.02209472 0.06451416 0.02209472 0.06677246 0.04260253 0.0772705 0.03076171 0.07373046 0.04260253 0.07855224 0.04260253 0.07855224 0.03076171 0.07373046 0.0302124 0.07525634 0.04260253 0.0772705 0.04260253 0.07855224 0.05444335 0.07531738 0.05444335 0.07531738 0.04260253 0.07855224 0.05584716 0.0760498 0.04742431 0.03063964 0.05841064 0.03503417 0.04937744 0.02893066 0.04937744 0.02893066 0.05841064 0.03503417 0.05926513 0.03387451 0.04742431 0.03063964 0.04412841 0.02850341 0.03588867 0.03253173 0.03588867 0.03253173 0.04412841 0.02850341 0.03521728 0.03100585 0.03588867 0.03253173 0.03521728 0.03100585 0.02685546 0.04034423 0.02685546 0.04034423 0.03521728 0.03100585 0.02697753 0.03863525 0.9730225 0.05413818 0.9655762 0.06347656 0.977356 0.05358886 0.977356 0.05358886 0.9655762 0.06347656 0.967041 0.06469726 0.954834 0.05450439 0.9484863 0.04919433 0.9393311 0.06451416 0.9393311 0.06451416 0.9484863 0.04919433 0.9348145 0.05792236 0.9655762 0.06347656 0.9468994 0.07543945 0.967041 0.06469726 0.967041 0.06469726 0.9468994 0.07543945 0.947937 0.07696533 0.954834 0.05450439 0.9607544 0.05944824 0.9627686 0.0460205 0.9627686 0.0460205 0.9607544 0.05944824 0.966919 0.05480957 0.9607544 0.05944824 0.954834 0.05450439 0.9434815 0.0704956 0.9434815 0.0704956 0.954834 0.05450439 0.9393311 0.06451416 0.9607544 0.05944824 0.9434815 0.0704956 0.9655762 0.06347656 0.9655762 0.06347656 0.9434815 0.0704956 0.9468994 0.07543945 0.977356 0.05358886 0.967041 0.06469726 0.9782715 0.05249023 0.9782715 0.05249023 0.967041 0.06469726 0.967041 0.06469726 0.967041 0.06469726 0.947937 0.07696533 0.967041 0.06469726 0.967041 0.06469726 0.947937 0.07696533 0.947937 0.07696533 0.9589233 0.03778076 0.9484863 0.04919433 0.9627686 0.0460205 0.9627686 0.0460205 0.9484863 0.04919433 0.954834 0.05450439 0.9468994 0.07543945 0.9247437 0.08392333 0.947937 0.07696533 0.947937 0.07696533 0.9247437 0.08392333 0.9256592 0.08465576 0.9247437 0.08392333 0.9017944 0.08551025 0.9256592 0.08465576 0.9256592 0.08465576 0.9017944 0.08551025 0.9017944 0.08728027 0.947937 0.07696533 0.9256592 0.08465576 0.947937 0.07696533 0.947937 0.07696533 0.9256592 0.08465576 0.9256592 0.08465576 0.9256592 0.08465576 0.9017944 0.08728027 0.9256592 0.08465576 0.9256592 0.08465576 0.9017944 0.08728027 0.9017944 0.08728027 0.9348145 0.05792236 0.9258423 0.06280517 0.9393311 0.06451416 0.9393311 0.06451416 0.9258423 0.06280517 0.9310913 0.06774902 0.9434815 0.0704956 0.9393311 0.06451416 0.9329224 0.07464599 0.9329224 0.07464599 0.9393311 0.06451416 0.9310913 0.06774902 0.9468994 0.07543945 0.9297485 0.0803833 0.9247437 0.08392333 0.9247437 0.08392333 0.9297485 0.0803833 0.9237671 0.08392333 0.9017944 0.07983398 0.9033814 0.07922363 0.9017944 0.07287597 0.9017944 0.07287597 0.9033814 0.07922363 0.90271 0.07220458 0.9017944 0.08551025 0.9082642 0.08349609 0.9017944 0.07983398 0.9017944 0.07983398 0.9082642 0.08349609 0.9033814 0.07922363 0.9468994 0.07543945 0.9434815 0.0704956 0.9297485 0.0803833 0.9297485 0.0803833 0.9434815 0.0704956 0.9329224 0.07464599 0.9017944 0.08551025 0.9247437 0.08392333 0.9157715 0.08514404 0.9157715 0.08514404 0.9247437 0.08392333 0.9237671 0.08392333 0.9589233 0.03778076 0.9547119 0.03570556 0.9484863 0.04919433 0.9484863 0.04919433 0.9547119 0.03570556 0.9450073 0.04632568 0.9484863 0.04919433 0.9450073 0.04632568 0.9348145 0.05792236 0.9348145 0.05792236 0.9450073 0.04632568 0.9323731 0.05444335 0.9619141 0.0246582 0.9547119 0.03570556 0.9612427 0.03308105 0.9612427 0.03308105 0.9547119 0.03570556 0.9589233 0.03778076 0.9017944 0.06127929 0.9113159 0.06134033 0.9177857 0.05950927 0.9177857 0.05950927 0.9113159 0.06134033 0.916687 0.06011962 0.9323731 0.05444335 0.9177857 0.05950927 0.9258423 0.06280517 0.9258423 0.06280517 0.9177857 0.05950927 0.9198608 0.06030273 0.9621582 0.04052734 0.9627686 0.03961181 0.9612427 0.03308105 0.9612427 0.03308105 0.9627686 0.03961181 0.961731 0.03222656 0.9627686 0.0460205 0.963501 0.04510498 0.9621582 0.04052734 0.9621582 0.04052734 0.963501 0.04510498 0.9627686 0.03961181 0.977356 0.05358886 0.9782715 0.05249023 0.9730225 0.05413818 0.9730225 0.05413818 0.9782715 0.05249023 0.9749756 0.05322265 0.9695435 0.04284667 0.9688721 0.04382324 0.9678955 0.053833 0.9678955 0.053833 0.9688721 0.04382324 0.966919 0.05480957 0.9688721 0.04382324 0.9695435 0.04284667 0.9627686 0.0460205 0.9627686 0.0460205 0.9695435 0.04284667 0.963501 0.04510498 0.06671142 0.04412841 0.05841064 0.03503417 0.06793212 0.04382324 0.06793212 0.04382324 0.05841064 0.03503417 0.05926513 0.03387451 0.02166748 0.05169677 0.02099609 0.05273437 0.02685546 0.04034423 0.02685546 0.04034423 0.02099609 0.05273437 0.02697753 0.03863525 0.06994628 0.05657958 0.06671142 0.04412841 0.07098388 0.05761718 0.07098388 0.05761718 0.06671142 0.04412841 0.06793212 0.04382324 0.05444335 0.07531738 0.06445312 0.06805419 0.05584716 0.0760498 0.05584716 0.0760498 0.06445312 0.06805419 0.06573486 0.06896972 0.06445312 0.06805419 0.06994628 0.05657958 0.06573486 0.06896972 0.06573486 0.06896972 0.06994628 0.05657958 0.07098388 0.05761718 0.02209472 0.06451416 0.02209472 0.06677246 0.02166748 0.05169677 0.02166748 0.05169677 0.02209472 0.06677246 0.02099609 0.05273437 0.03076171 0.07373046 0.0302124 0.07525634 0.02209472 0.06451416 0.02209472 0.06451416 0.0302124 0.07525634 0.02209472 0.06677246 0.04260253 0.0772705 0.04260253 0.07855224 0.03076171 0.07373046 0.03076171 0.07373046 0.04260253 0.07855224 0.0302124 0.07525634 0.04260253 0.0772705 0.05444335 0.07531738 0.04260253 0.07855224 0.04260253 0.07855224 0.05444335 0.07531738 0.05584716 0.0760498 0.04742431 0.03063964 0.04937744 0.02893066 0.05841064 0.03503417 0.05841064 0.03503417 0.04937744 0.02893066 0.05926513 0.03387451 0.04742431 0.03063964 0.03588867 0.03253173 0.04412841 0.02850341 0.04412841 0.02850341 0.03588867 0.03253173 0.03521728 0.03100585 0.03588867 0.03253173 0.02685546 0.04034423 0.03521728 0.03100585 0.03521728 0.03100585 0.02685546 0.04034423 0.02697753 0.03863525 0.9730225 0.05413818 0.977356 0.05358886 0.9655762 0.06347656 0.9655762 0.06347656 0.977356 0.05358886 0.967041 0.06469726 0.954834 0.05450439 0.9393311 0.06451416 0.9484863 0.04919433 0.9484863 0.04919433 0.9393311 0.06451416 0.9348145 0.05792236 0.9655762 0.06347656 0.967041 0.06469726 0.9468994 0.07543945 0.9468994 0.07543945 0.967041 0.06469726 0.947937 0.07696533 0.954834 0.05450439 0.9627686 0.0460205 0.9607544 0.05944824 0.9607544 0.05944824 0.9627686 0.0460205 0.966919 0.05480957 0.9607544 0.05944824 0.9434815 0.0704956 0.954834 0.05450439 0.954834 0.05450439 0.9434815 0.0704956 0.9393311 0.06451416 0.9607544 0.05944824 0.9655762 0.06347656 0.9434815 0.0704956 0.9434815 0.0704956 0.9655762 0.06347656 0.9468994 0.07543945 0.977356 0.05358886 0.9782715 0.05249023 0.967041 0.06469726 0.967041 0.06469726 0.9782715 0.05249023 0.967041 0.06469726 0.967041 0.06469726 0.967041 0.06469726 0.947937 0.07696533 0.947937 0.07696533 0.967041 0.06469726 0.947937 0.07696533 0.9589233 0.03778076 0.9627686 0.0460205 0.9484863 0.04919433 0.9484863 0.04919433 0.9627686 0.0460205 0.954834 0.05450439 0.9468994 0.07543945 0.947937 0.07696533 0.9247437 0.08392333 0.9247437 0.08392333 0.947937 0.07696533 0.9256592 0.08465576 0.9247437 0.08392333 0.9256592 0.08465576 0.9017944 0.08551025 0.9017944 0.08551025 0.9256592 0.08465576 0.9017944 0.08728027 0.947937 0.07696533 0.947937 0.07696533 0.9256592 0.08465576 0.9256592 0.08465576 0.947937 0.07696533 0.9256592 0.08465576 0.9256592 0.08465576 0.9256592 0.08465576 0.9017944 0.08728027 0.9017944 0.08728027 0.9256592 0.08465576 0.9017944 0.08728027 0.9348145 0.05792236 0.9393311 0.06451416 0.9258423 0.06280517 0.9258423 0.06280517 0.9393311 0.06451416 0.9310913 0.06774902 0.9434815 0.0704956 0.9329224 0.07464599 0.9393311 0.06451416 0.9393311 0.06451416 0.9329224 0.07464599 0.9310913 0.06774902 0.9468994 0.07543945 0.9247437 0.08392333 0.9297485 0.0803833 0.9297485 0.0803833 0.9247437 0.08392333 0.9237671 0.08392333 0.9017944 0.07983398 0.9017944 0.07287597 0.9033814 0.07922363 0.9033814 0.07922363 0.9017944 0.07287597 0.90271 0.07220458 0.9017944 0.08551025 0.9017944 0.07983398 0.9082642 0.08349609 0.9082642 0.08349609 0.9017944 0.07983398 0.9033814 0.07922363 0.9468994 0.07543945 0.9297485 0.0803833 0.9434815 0.0704956 0.9434815 0.0704956 0.9297485 0.0803833 0.9329224 0.07464599 0.9017944 0.08551025 0.9157715 0.08514404 0.9247437 0.08392333 0.9247437 0.08392333 0.9157715 0.08514404 0.9237671 0.08392333 0.9589233 0.03778076 0.9484863 0.04919433 0.9547119 0.03570556 0.9547119 0.03570556 0.9484863 0.04919433 0.9450073 0.04632568 0.9484863 0.04919433 0.9348145 0.05792236 0.9450073 0.04632568 0.9450073 0.04632568 0.9348145 0.05792236 0.9323731 0.05444335 0.9619141 0.0246582 0.9612427 0.03308105 0.9547119 0.03570556 0.9547119 0.03570556 0.9612427 0.03308105 0.9589233 0.03778076 0.9017944 0.06127929 0.9177857 0.05950927 0.9113159 0.06134033 0.9113159 0.06134033 0.9177857 0.05950927 0.916687 0.06011962 0.9323731 0.05444335 0.9258423 0.06280517 0.9177857 0.05950927 0.9177857 0.05950927 0.9258423 0.06280517 0.9198608 0.06030273 0.9621582 0.04052734 0.9612427 0.03308105 0.9627686 0.03961181 0.9627686 0.03961181 0.9612427 0.03308105 0.961731 0.03222656 0.9627686 0.0460205 0.9621582 0.04052734 0.963501 0.04510498 0.963501 0.04510498 0.9621582 0.04052734 0.9627686 0.03961181 0.977356 0.05358886 0.9730225 0.05413818 0.9782715 0.05249023 0.9782715 0.05249023 0.9730225 0.05413818 0.9749756 0.05322265 0.9695435 0.04284667 0.9678955 0.053833 0.9688721 0.04382324 0.9688721 0.04382324 0.9678955 0.053833 0.966919 0.05480957 0.9688721 0.04382324 0.9627686 0.0460205 0.9695435 0.04284667 0.9695435 0.04284667 0.9627686 0.0460205 0.963501 0.04510498 0.9310913 0.06079101 0.9337769 0.05975341 0.9277344 0.07025146 0.9277344 0.07025146 0.9337769 0.05975341 0.9300537 0.0692749 0.9244385 0.06036376 0.9258423 0.0593872 0.9310913 0.06079101 0.9310913 0.06079101 0.9258423 0.0593872 0.9337769 0.05975341 0.8572998 0.02270507 0.7674561 0.02270507 0.8572998 0.1125488 0.8572998 0.1125488 0.7674561 0.02270507 0.7674561 0.1125488 0.8572998 0.02270507 0.7674561 0.02270507 0.8572998 0.1125488 0.8572998 0.1125488 0.7674561 0.02270507 0.7674561 0.1125488 0.7674561 0.02270507 0.7674561 0.1125488 0.8572998 0.02270507 0.8572998 0.02270507 0.7674561 0.1125488 0.8572998 0.1125488 0.7674561 0.02270507 0.7674561 0.1125488 0.8572998 0.02270507 0.8572998 0.02270507 0.7674561 0.1125488 0.8572998 0.1125488 0.8572998 0.02270507 0.7674561 0.02270507 0.8572998 0.1125488 0.8572998 0.1125488 0.7674561 0.02270507 0.7674561 0.1125488 0.7674561 0.1125488 0.8572998 0.1125488 0.7674561 0.02270507 0.7674561 0.02270507 0.8572998 0.1125488 0.8572998 0.02270507 0.7674561 0.1125488 0.8572998 0.1125488 0.7674561 0.02270507 0.7674561 0.02270507 0.8572998 0.1125488 0.8572998 0.02270507 0.8572998 0.1125488 0.8572998 0.02270507 0.7674561 0.1125488 0.7674561 0.1125488 0.8572998 0.02270507 0.7674561 0.02270507 0.8572998 0.1125488 0.8572998 0.02270507 0.7674561 0.1125488 0.7674561 0.1125488 0.8572998 0.02270507 0.7674561 0.02270507 0.7674561 0.1125488 0.8572998 0.1125488 0.7674561 0.02270507 0.7674561 0.02270507 0.8572998 0.1125488 0.8572998 0.02270507 0.7674561 0.02270507 0.7674561 0.1125488 0.8572998 0.02270507 0.8572998 0.02270507 0.7674561 0.1125488 0.8572998 0.1125488 0.7674561 0.02270507 0.7674561 0.1125488 0.8572998 0.02270507 0.8572998 0.02270507 0.7674561 0.1125488 0.8572998 0.1125488 0.7674561 0.02270507 0.7674561 0.1125488 0.8572998 0.02270507 0.8572998 0.02270507 0.7674561 0.1125488 0.8572998 0.1125488 0.8572998 0.1125488 0.8572998 0.02270507 0.7674561 0.1125488 0.7674561 0.1125488 0.8572998 0.02270507 0.7674561 0.02270507 0.8572998 0.1125488 0.8572998 0.02270507 0.7674561 0.1125488 0.7674561 0.1125488 0.8572998 0.02270507 0.7674561 0.02270507 0.7674561 0.1125488 0.8572998 0.1125488 0.7674561 0.02270507 0.7674561 0.02270507 0.8572998 0.1125488 0.8572998 0.02270507 0.7674561 0.1125488 0.8572998 0.1125488 0.7674561 0.02270507 0.7674561 0.02270507 0.8572998 0.1125488 0.8572998 0.02270507 0.7674561 0.1125488 0.8572998 0.1125488 0.7674561 0.02270507 0.7674561 0.02270507 0.8572998 0.1125488 0.8572998 0.02270507 0.8572998 0.02270507 0.7674561 0.02270507 0.8572998 0.1125488 0.8572998 0.1125488 0.7674561 0.02270507 0.7674561 0.1125488 0.8572998 0.02270507 0.7674561 0.02270507 0.8572998 0.1125488 0.8572998 0.1125488 0.7674561 0.02270507 0.7674561 0.1125488 0.7674561 0.1125488 0.7674561 0.1125488 0.8572998 0.1125488 0.8572998 0.1125488 0.7674561 0.1125488 0.8572998 0.1125488 0.8572998 0.02270507 0.8572998 0.02270507 0.7674561 0.02270507 0.7674561 0.02270507 0.8572998 0.02270507 0.7674561 0.02270507 0.7674561 0.02270507 0.8572998 0.02270507 0.7674561 0.1125488 0.7674561 0.1125488 0.8572998 0.02270507 0.8572998 0.1125488 0.7674561 0.02270507 0.8572998 0.02270507 0.7674561 0.1125488 0.7674561 0.1125488 0.8572998 0.02270507 0.8572998 0.1125488 0.7674561 0.02270507 0.8572998 0.02270507 0.7674561 0.1125488 0.7674561 0.1125488 0.8572998 0.02270507 0.8572998 0.1125488 0.8572998 0.1125488 0.7674561 0.1125488 0.8572998 0.02270507 0.8572998 0.02270507 0.7674561 0.1125488 0.7674561 0.02270507 0.8572998 0.1125488 0.7674561 0.1125488 0.8572998 0.02270507 0.8572998 0.02270507 0.7674561 0.1125488 0.7674561 0.02270507 0.7674561 0.1125488 0.7674561 0.02270507 0.8572998 0.1125488 0.8572998 0.1125488 0.7674561 0.02270507 0.8572998 0.02270507 0.7674561 0.1125488 0.7674561 0.02270507 0.8572998 0.1125488 0.8572998 0.1125488 0.7674561 0.02270507 0.8572998 0.02270507 0.7674561 0.1125488 0.7674561 0.02270507 0.8572998 0.1125488 0.8572998 0.1125488 0.7674561 0.02270507 0.8572998 0.02270507 0.8572998 0.02270507 0.8572998 0.1125488 0.7674561 0.02270507 0.7674561 0.02270507 0.8572998 0.1125488 0.7674561 0.1125488 0.8572998 0.02270507 0.8572998 0.1125488 0.7674561 0.02270507 0.7674561 0.02270507 0.8572998 0.1125488 0.7674561 0.1125488 0.7674561 0.1125488 0.8572998 0.1125488 0.7674561 0.1125488 0.7674561 0.1125488 0.8572998 0.1125488 0.8572998 0.1125488 0.8572998 0.02270507 0.7674561 0.02270507 0.8572998 0.02270507 0.8572998 0.02270507 0.7674561 0.02270507 0.7674561 0.02270507 0.8572998 0.02270507 0.8572998 0.02270507 0.7674561 0.1125488 0.7674561 0.1125488 0.8572998 0.02270507 0.7674561 0.02270507 0.8572998 0.1125488 0.8572998 0.02270507 0.7674561 0.1125488 0.7674561 0.1125488 0.8572998 0.02270507 0.7674561 0.02270507 0.7674561 0.02270507 0.7674561 0.1125488 0.8572998 0.02270507 0.8572998 0.02270507 0.7674561 0.1125488 0.8572998 0.1125488 0.8572998 0.02270507 0.8572998 0.1125488 0.7674561 0.02270507 0.7674561 0.02270507 0.8572998 0.1125488 0.7674561 0.1125488 0.8572998 0.02270507 0.8572998 0.1125488 0.7674561 0.02270507 0.7674561 0.02270507 0.8572998 0.1125488 0.7674561 0.1125488 0.7674561 0.1125488 0.7674561 0.02270507 0.8572998 0.1125488 0.8572998 0.1125488 0.7674561 0.02270507 0.8572998 0.02270507 0.8572998 0.1125488 0.7674561 0.1125488 0.8572998 0.02270507 0.8572998 0.02270507 0.7674561 0.1125488 0.7674561 0.02270507 0.8572998 0.1125488 0.7674561 0.1125488 0.8572998 0.02270507 0.8572998 0.02270507 0.7674561 0.1125488 0.7674561 0.02270507 0.7674561 0.02270507 0.8572998 0.02270507 0.7674561 0.1125488 0.7674561 0.1125488 0.8572998 0.02270507 0.8572998 0.1125488 0.7674561 0.1125488 0.8572998 0.1125488 0.7674561 0.02270507 0.7674561 0.02270507 0.8572998 0.1125488 0.8572998 0.02270507 0.7674561 0.1125488 0.8572998 0.1125488 0.7674561 0.02270507 0.7674561 0.02270507 0.8572998 0.1125488 0.8572998 0.02270507 0.7674561 0.1125488 0.8572998 0.1125488 0.7674561 0.02270507 0.7674561 0.02270507 0.8572998 0.1125488 0.8572998 0.02270507 0.8572998 0.1125488 0.8572998 0.02270507 0.7674561 0.1125488 0.7674561 0.1125488 0.8572998 0.02270507 0.7674561 0.02270507 0.8572998 0.1125488 0.8572998 0.02270507 0.7674561 0.1125488 0.7674561 0.1125488 0.8572998 0.02270507 0.7674561 0.02270507 0.8572998 0.1125488 0.8572998 0.02270507 0.7674561 0.1125488 0.7674561 0.1125488 0.8572998 0.02270507 0.7674561 0.02270507 0.8572998 0.02270507 0.7674561 0.02270507 0.8572998 0.1125488 0.8572998 0.1125488 0.7674561 0.02270507 0.7674561 0.1125488 0.8572998 0.1125488 0.8572998 0.02270507 0.7674561 0.1125488 0.7674561 0.1125488 0.8572998 0.02270507 0.7674561 0.02270507 0.8572998 0.1125488 0.8572998 0.02270507 0.7674561 0.1125488 0.7674561 0.1125488 0.8572998 0.02270507 0.7674561 0.02270507 0.7674561 0.02270507 0.7674561 0.1125488 0.8572998 0.02270507 0.8572998 0.02270507 0.7674561 0.1125488 0.8572998 0.1125488 0.7674561 0.02270507 0.7674561 0.1125488 0.8572998 0.02270507 0.8572998 0.02270507 0.7674561 0.1125488 0.8572998 0.1125488 0.7674561 0.02270507 0.7674561 0.1125488 0.8572998 0.02270507 0.8572998 0.02270507 0.7674561 0.1125488 0.8572998 0.1125488 0.8572998 0.02270507 0.7674561 0.02270507 0.8572998 0.1125488 0.8572998 0.1125488 0.7674561 0.02270507 0.7674561 0.1125488 0.8572998 0.02270507 0.7674561 0.02270507 0.8572998 0.1125488 0.8572998 0.1125488 0.7674561 0.02270507 0.7674561 0.1125488 0.8572998 0.02270507 0.7674561 0.02270507 0.8572998 0.1125488 0.8572998 0.1125488 0.7674561 0.02270507 0.7674561 0.1125488 0.8572998 0.1125488 0.8572998 0.02270507 0.7674561 0.1125488 0.7674561 0.1125488 0.8572998 0.02270507 0.7674561 0.02270507 0.8572998 0.02270507 0.7674561 0.02270507 0.8572998 0.1125488 0.8572998 0.1125488 0.7674561 0.02270507 0.7674561 0.1125488 0.7674561 0.02270507 0.7674561 0.1125488 0.8572998 0.02270507 0.8572998 0.02270507 0.7674561 0.1125488 0.8572998 0.1125488 0.7674561 0.1125488 0.7674561 0.02270507 0.8572998 0.1125488 0.8572998 0.1125488 0.7674561 0.02270507 0.8572998 0.02270507 0.7674561 0.1125488 0.7674561 0.02270507 0.8572998 0.1125488 0.8572998 0.1125488 0.7674561 0.02270507 0.8572998 0.02270507 0.7674561 0.1125488 0.7674561 0.02270507 0.8572998 0.1125488 0.8572998 0.1125488 0.7674561 0.02270507 0.8572998 0.02270507 0.8572998 0.1125488 0.7674561 0.1125488 0.8572998 0.02270507 0.8572998 0.02270507 0.7674561 0.1125488 0.7674561 0.02270507 0.8572998 0.1125488 0.7674561 0.1125488 0.8572998 0.02270507 0.8572998 0.02270507 0.7674561 0.1125488 0.7674561 0.02270507 0.8572998 0.1125488 0.7674561 0.1125488 0.8572998 0.02270507 0.8572998 0.02270507 0.7674561 0.1125488 0.7674561 0.02270507 0.8572998 0.02270507 0.8572998 0.1125488 0.7674561 0.02270507 0.7674561 0.02270507 0.8572998 0.1125488 0.7674561 0.1125488 0.8572998 0.1125488 0.7674561 0.1125488 0.8572998 0.02270507 0.8572998 0.02270507 0.7674561 0.1125488 0.7674561 0.02270507 0.8572998 0.1125488 0.7674561 0.1125488 0.8572998 0.02270507 0.8572998 0.02270507 0.7674561 0.1125488 0.7674561 0.02270507 0.7674561 0.02270507 0.8572998 0.02270507 0.7674561 0.1125488 0.7674561 0.1125488 0.8572998 0.02270507 0.8572998 0.1125488 0.7674561 0.02270507 0.8572998 0.02270507 0.7674561 0.1125488 0.7674561 0.1125488 0.8572998 0.02270507 0.8572998 0.1125488 0.7674561 0.02270507 0.8572998 0.02270507 0.7674561 0.1125488 0.7674561 0.1125488 0.8572998 0.02270507 0.8572998 0.1125488 0.8572998 0.02270507 0.8572998 0.1125488 0.7674561 0.02270507 0.7674561 0.02270507 0.8572998 0.1125488 0.7674561 0.1125488 0.8572998 0.02270507 0.8572998 0.1125488 0.7674561 0.02270507 0.7674561 0.02270507 0.8572998 0.1125488 0.7674561 0.1125488 0.8572998 0.02270507 0.8572998 0.1125488 0.7674561 0.02270507 0.7674561 0.02270507 0.8572998 0.1125488 0.7674561 0.1125488 0.8572998 0.1125488 0.7674561 0.1125488 0.8572998 0.02270507 0.8572998 0.02270507 0.7674561 0.1125488 0.7674561 0.02270507 0.8572998 0.02270507 0.8572998 0.1125488 0.7674561 0.02270507 0.7674561 0.02270507 0.8572998 0.1125488 0.7674561 0.1125488 0.7674561 0.02270507 0.8572998 0.02270507 0.7674561 0.1125488 0.7674561 0.1125488 0.8572998 0.02270507 0.8572998 0.1125488 0.7674561 0.02270507 0.7674561 0.1125488 0.8572998 0.02270507 0.8572998 0.02270507 0.7674561 0.1125488 0.8572998 0.1125488 0.7674561 0.02270507 0.7674561 0.1125488 0.8572998 0.02270507 0.8572998 0.02270507 0.7674561 0.1125488 0.8572998 0.1125488 0.7674561 0.02270507 0.7674561 0.1125488 0.8572998 0.02270507 0.8572998 0.02270507 0.7674561 0.1125488 0.8572998 0.1125488 0.8572998 0.1125488 0.8572998 0.02270507 0.8572998 0.1125488 0.8572998 0.1125488 0.8572998 0.02270507 0.7674561 0.02270507 0.8572998 0.02270507 0.7674561 0.02270507 0.8572998 0.1125488 0.8572998 0.1125488 0.7674561 0.02270507 0.7674561 0.1125488 0.8572998 0.02270507 0.7674561 0.02270507 0.8572998 0.1125488 0.8572998 0.1125488 0.7674561 0.02270507 0.7674561 0.1125488 0.8572998 0.02270507 0.7674561 0.02270507 0.8572998 0.1125488 0.8572998 0.1125488 0.7674561 0.02270507 0.7674561 0.1125488 0.8572998 0.1125488 0.8572998 0.02270507 0.7674561 0.1125488 0.7674561 0.1125488 0.8572998 0.02270507 0.7674561 0.02270507 0.7674561 0.02270507 0.7674561 0.1125488 0.8572998 0.02270507 0.8572998 0.02270507 0.7674561 0.1125488 0.8572998 0.1125488 0.7674561 0.1125488 0.8572998 0.1125488 0.7674561 0.02270507 0.7674561 0.02270507 0.8572998 0.1125488 0.8572998 0.02270507 0.7674561 0.1125488 0.8572998 0.1125488 0.7674561 0.02270507 0.7674561 0.02270507 0.8572998 0.1125488 0.8572998 0.02270507 0.7674561 0.1125488 0.8572998 0.1125488 0.7674561 0.02270507 0.7674561 0.02270507 0.8572998 0.1125488 0.8572998 0.02270507 0.8572998 0.1125488 0.8572998 0.02270507 0.7674561 0.1125488 0.7674561 0.1125488 0.8572998 0.02270507 0.7674561 0.02270507 0.8572998 0.1125488 0.8572998 0.02270507 0.7674561 0.1125488 0.7674561 0.1125488 0.8572998 0.02270507 0.7674561 0.02270507 0.8572998 0.1125488 0.8572998 0.02270507 0.7674561 0.1125488 0.7674561 0.1125488 0.8572998 0.02270507 0.7674561 0.02270507 0.7674561 0.1125488 0.8572998 0.1125488 0.7674561 0.02270507 0.7674561 0.02270507 0.8572998 0.1125488 0.8572998 0.02270507 0.7674561 0.1125488 0.8572998 0.1125488 0.7674561 0.02270507 0.7674561 0.02270507 0.8572998 0.1125488 0.8572998 0.02270507 0.7674561 0.02270507 0.7674561 0.02270507 0.7674561 0.1125488 0.7674561 0.1125488 0.7674561 0.02270507 0.7674561 0.1125488 0.7674561 0.02270507 0.7674561 0.02270507 0.7674561 0.1125488 0.7674561 0.1125488 0.7674561 0.02270507 0.7674561 0.1125488 0.7674561 0.02270507 0.8572998 0.02270507 0.7674561 0.1125488 0.7674561 0.1125488 0.8572998 0.02270507 0.8572998 0.1125488 0.7674561 0.02270507 0.8572998 0.02270507 0.7674561 0.1125488 0.7674561 0.1125488 0.8572998 0.02270507 0.8572998 0.1125488 0.7674561 0.02270507 0.8572998 0.02270507 0.7674561 0.1125488 0.7674561 0.1125488 0.8572998 0.02270507 0.8572998 0.1125488 0.8572998 0.02270507 0.8572998 0.1125488 0.7674561 0.02270507 0.7674561 0.02270507 0.8572998 0.1125488 0.7674561 0.1125488 0.8572998 0.02270507 0.8572998 0.1125488 0.7674561 0.02270507 0.7674561 0.02270507 0.8572998 0.1125488 0.7674561 0.1125488 0.8572998 0.02270507 0.8572998 0.1125488 0.7674561 0.02270507 0.7674561 0.02270507 0.8572998 0.1125488 0.7674561 0.1125488 0.8572998 0.1125488 0.7674561 0.1125488 0.8572998 0.02270507 0.8572998 0.02270507 0.7674561 0.1125488 0.7674561 0.02270507 0.7674561 0.02270507 0.8572998 0.02270507 0.7674561 0.1125488 0.7674561 0.1125488 0.8572998 0.02270507 0.8572998 0.1125488 0.7674561 0.1125488 0.7674561 0.02270507 0.8572998 0.1125488 0.8572998 0.1125488 0.7674561 0.02270507 0.8572998 0.02270507 0.7674561 0.1125488 0.7674561 0.02270507 0.8572998 0.1125488 0.8572998 0.1125488 0.7674561 0.02270507 0.8572998 0.02270507 0.7674561 0.1125488 0.7674561 0.02270507 0.8572998 0.1125488 0.8572998 0.1125488 0.7674561 0.02270507 0.8572998 0.02270507 0.8572998 0.02270507 0.8572998 0.1125488 0.8572998 0.02270507 0.8572998 0.02270507 0.8572998 0.1125488 0.7674561 0.1125488 0.8572998 0.1125488 0.7674561 0.1125488 0.8572998 0.02270507 0.8572998 0.02270507 0.7674561 0.1125488 0.7674561 0.02270507 0.8572998 0.1125488 0.7674561 0.1125488 0.8572998 0.02270507 0.8572998 0.02270507 0.7674561 0.1125488 0.7674561 0.02270507 0.8572998 0.1125488 0.7674561 0.1125488 0.8572998 0.02270507 0.8572998 0.02270507 0.7674561 0.1125488 0.7674561 0.02270507 0.7674561 0.1125488 0.7674561 0.02270507 0.8572998 0.1125488 0.8572998 0.1125488 0.7674561 0.02270507 0.8572998 0.02270507 0.7674561 0.1125488 0.7674561 0.02270507 0.8572998 0.1125488 0.8572998 0.1125488 0.7674561 0.02270507 0.8572998 0.02270507 0.7674561 0.02270507 0.7674561 0.1125488 0.7674561 0.02270507 0.7674561 0.02270507 0.7674561 0.1125488 0.7674561 0.1125488 0.7674561 0.02270507 0.7674561 0.1125488 0.7674561 0.02270507 0.7674561 0.02270507 0.7674561 0.1125488 0.7674561 0.1125488 0.8572998 0.1125488 0.8572998 0.1125488 0.8572998 0.1125488 0.8572998 0.1125488 0.8572998 0.1125488 0.8572998 0.1125488 0.8572998 0.02270507 0.7674561 0.02270507 0.8572998 0.1125488 0.8572998 0.1125488 0.7674561 0.02270507 0.7674561 0.1125488 0.8572998 0.02270507 0.7674561 0.02270507 0.8572998 0.1125488 0.8572998 0.1125488 0.7674561 0.02270507 0.7674561 0.1125488 0.7674561 0.1125488 0.8572998 0.1125488 0.7674561 0.02270507 0.7674561 0.02270507 0.8572998 0.1125488 0.8572998 0.02270507 0.7674561 0.02270507 0.7674561 0.02270507 0.7674561 0.1125488 0.7674561 0.1125488 0.7674561 0.02270507 0.7674561 0.1125488 0.7674561 0.1125488 0.7674561 0.1125488 0.8572998 0.1125488 0.8572998 0.1125488 0.7674561 0.1125488 0.8572998 0.1125488 0.7674561 0.02270507 0.8572998 0.02270507 0.7674561 0.02270507 0.7674561 0.02270507 0.8572998 0.02270507 0.8572998 0.02270507 0.7674561 0.02270507 0.7674561 0.02270507 0.7674561 0.1125488 0.7674561 0.1125488 0.7674561 0.02270507 0.7674561 0.1125488 0.7674561 0.02270507 0.7674561 0.1125488 0.7674561 0.02270507 0.7674561 0.02270507 0.7674561 0.1125488 0.7674561 0.1125488 0.7674561 0.1125488 0.8572998 0.1125488 0.7674561 0.1125488 0.7674561 0.1125488 0.8572998 0.1125488 0.8572998 0.1125488 0.7674561 0.02270507 0.7674561 0.02270507 0.8572998 0.02270507 0.8572998 0.02270507 0.7674561 0.02270507 0.8572998 0.02270507 0.7674561 0.02270507 0.7674561 0.1125488 0.7674561 0.02270507 0.7674561 0.02270507 0.7674561 0.1125488 0.7674561 0.1125488 0.8572998 0.1125488 0.8572998 0.1125488 0.8572998 0.1125488 0.8572998 0.1125488 0.8572998 0.1125488 0.8572998 0.1125488 0.8572998 0.02270507 0.8572998 0.02270507 0.8572998 0.02270507 0.8572998 0.02270507 0.8572998 0.02270507 0.8572998 0.02270507 0.8572998 0.02270507 0.8572998 0.02270507 0.8572998 0.02270507 0.8572998 0.02270507 0.8572998 0.02270507 0.8572998 0.02270507 0.8572998 0.02270507 0.7674561 0.02270507 0.8572998 0.1125488 0.8572998 0.1125488 0.7674561 0.02270507 0.7674561 0.1125488 0.8572998 0.1125488 0.8572998 0.02270507 0.7674561 0.1125488 0.7674561 0.1125488 0.8572998 0.02270507 0.7674561 0.02270507 0.8572998 0.02270507 0.8572998 0.1125488 0.7674561 0.02270507 0.7674561 0.02270507 0.8572998 0.1125488 0.7674561 0.1125488 0.8572998 0.1125488 0.7674561 0.1125488 0.8572998 0.02270507 0.8572998 0.02270507 0.7674561 0.1125488 0.7674561 0.02270507 0.8572998 0.02270507 0.8572998 0.1125488 0.8572998 0.02270507 0.8572998 0.02270507 0.8572998 0.1125488 0.8572998 0.1125488 0.8572998 0.02270507 0.8572998 0.1125488 0.8572998 0.02270507 0.8572998 0.02270507 0.8572998 0.1125488 0.8572998 0.1125488 0.8572998 0.02270507 0.8572998 0.02270507 0.8572998 0.1125488 0.8572998 0.1125488 0.8572998 0.02270507 0.8572998 0.1125488 0.8572998 0.02270507 0.8572998 0.02270507 0.8572998 0.1125488 0.8572998 0.1125488 0.8572998 0.02270507 0.8572998 0.1125488 0.8572998 0.1125488 0.7674561 0.1125488 0.8572998 0.1125488 0.8572998 0.1125488 0.7674561 0.1125488 0.8572998 0.1125488 0.8572998 0.02270507 0.8572998 0.02270507 0.7674561 0.02270507 0.7674561 0.02270507 0.8572998 0.02270507 0.8572998 0.02270507 0.8572998 0.1125488 0.8572998 0.1125488 0.7674561 0.1125488 0.7674561 0.1125488 0.8572998 0.1125488 0.8572998 0.1125488 0.8572998 0.02270507 0.7674561 0.02270507 0.8572998 0.02270507 0.8572998 0.02270507 0.7674561 0.02270507 0.8572998 0.02270507 0.8572998 0.02270507 0.7674561 0.02270507 0.8572998 0.1125488 0.8572998 0.1125488 0.7674561 0.02270507 0.7674561 0.1125488 0.8572998 0.1125488 0.8572998 0.02270507 0.7674561 0.1125488 0.7674561 0.1125488 0.8572998 0.02270507 0.7674561 0.02270507 0.8572998 0.02270507 0.8572998 0.1125488 0.7674561 0.02270507 0.7674561 0.02270507 0.8572998 0.1125488 0.7674561 0.1125488 0.8572998 0.1125488 0.7674561 0.1125488 0.8572998 0.02270507 0.8572998 0.02270507 0.7674561 0.1125488 0.7674561 0.02270507 0.8572998 0.02270507 0.7674561 0.02270507 0.8572998 0.1125488 0.8572998 0.1125488 0.7674561 0.02270507 0.8572998 0.02270507 0.8572998 0.1125488 0.7674561 0.1125488 0.8572998 0.02270507 0.8572998 0.02270507 0.7674561 0.1125488 0.8572998 0.1125488 0.7674561 0.1125488 0.7674561 0.02270507 0.7674561 0.1125488 0.7674561 0.1125488 0.7674561 0.02270507 0.7674561 0.02270507 0.7674561 0.1125488 0.7674561 0.02270507 0.7674561 0.1125488 0.7674561 0.1125488 0.7674561 0.02270507 0.7674561 0.02270507 0.7674561 0.02270507 0.7674561 0.02270507 0.7674561 0.1125488 0.7674561 0.1125488 0.7674561 0.02270507 0.7674561 0.1125488 0.8572998 0.02270507 0.8572998 0.1125488 0.8572998 0.02270507 0.8572998 0.02270507 0.8572998 0.1125488 0.8572998 0.1125488 0.7674561 0.02270507 0.7674561 0.02270507 0.7674561 0.1125488 0.7674561 0.1125488 0.7674561 0.02270507 0.7674561 0.1125488 0.7674561 0.02270507 0.7674561 0.02270507 0.7674561 0.1125488 0.7674561 0.1125488 0.7674561 0.02270507 0.7674561 0.1125488 0.8572998 0.1125488 0.8572998 0.1125488 0.8572998 0.02270507 0.8572998 0.02270507 0.8572998 0.1125488 0.8572998 0.02270507 0.7674561 0.1125488 0.7674561 0.02270507 0.7674561 0.1125488 0.7674561 0.1125488 0.7674561 0.02270507 0.7674561 0.02270507 0.7674561 0.02270507 0.8572998 0.02270507 0.7674561 0.02270507 0.7674561 0.02270507 0.8572998 0.02270507 0.8572998 0.02270507 0.7674561 0.1125488 0.7674561 0.1125488 0.8572998 0.1125488 0.8572998 0.1125488 0.7674561 0.1125488 0.8572998 0.1125488 0.8572998 0.02270507 0.8572998 0.02270507 0.7674561 0.02270507 0.7674561 0.02270507 0.8572998 0.02270507 0.7674561 0.02270507 0.7674561 0.02270507 0.8572998 0.02270507 0.7674561 0.02270507 0.7674561 0.02270507 0.8572998 0.02270507 0.8572998 0.02270507 0.8572998 0.1125488 0.7674561 0.1125488 0.8572998 0.1125488 0.8572998 0.1125488 0.7674561 0.1125488 0.7674561 0.1125488 0.8572998 0.02270507 0.8572998 0.02270507 0.7674561 0.02270507 0.7674561 0.02270507 0.8572998 0.02270507 0.7674561 0.02270507 0.7674561 0.1125488 0.7674561 0.1125488 0.8572998 0.1125488 0.8572998 0.1125488 0.7674561 0.1125488 0.8572998 0.1125488 0.8572998 0.1125488 0.7674561 0.1125488 0.8572998 0.1125488 0.8572998 0.1125488 0.7674561 0.1125488 0.7674561 0.1125488 0.8572998 0.1125488 0.8572998 0.1125488 0.8572998 0.02270507 0.8572998 0.02270507 0.8572998 0.1125488 0.8572998 0.02270507 0.8572998 0.1125488 0.8572998 0.1125488 0.8572998 0.02270507 0.8572998 0.02270507 0.8572998 0.1125488 0.8572998 0.02270507 0.7674561 0.1125488 0.7674561 0.02270507 0.7674561 0.1125488 0.7674561 0.1125488 0.7674561 0.02270507 0.7674561 0.02270507 0.8572998 0.1125488 0.8572998 0.1125488 0.8572998 0.02270507 0.8572998 0.02270507 0.8572998 0.1125488 0.8572998 0.02270507 0.7674561 0.1125488 0.7674561 0.02270507 0.7674561 0.1125488 0.7674561 0.1125488 0.7674561 0.02270507 0.7674561 0.02270507 0.8572998 0.1125488 0.8572998 0.1125488 0.8572998 0.02270507 0.8572998 0.02270507 0.8572998 0.1125488 0.8572998 0.02270507 0.8572998 0.02270507 0.8572998 0.1125488 0.8572998 0.02270507 0.8572998 0.02270507 0.8572998 0.1125488 0.8572998 0.1125488 0.8572998 0.02270507 0.8572998 0.1125488 0.8572998 0.02270507 0.8572998 0.02270507 0.8572998 0.1125488 0.8572998 0.1125488 0.8572998 0.02270507 0.8572998 0.1125488 0.8572998 0.02270507 0.8572998 0.02270507 0.8572998 0.1125488 0.8572998 0.1125488 0.7674561 0.02270507 0.7674561 0.02270507 0.7674561 0.1125488 0.7674561 0.1125488 0.7674561 0.02270507 0.7674561 0.1125488 0.8572998 0.02270507 0.8572998 0.1125488 0.8572998 0.02270507 0.8572998 0.02270507 0.8572998 0.1125488 0.8572998 0.1125488 0.7674561 0.02270507 0.7674561 0.02270507 0.7674561 0.1125488 0.7674561 0.1125488 0.7674561 0.02270507 0.7674561 0.1125488</float_array>
          <technique_common>
            <accessor source="#Mesh_0388Mesh-mesh-map-0-array" count="4884" stride="2">
              <param name="S" type="float"/>
              <param name="T" type="float"/>
            </accessor>
          </technique_common>
        </source>
        <vertices id="Mesh_0388Mesh-mesh-vertices">
          <input semantic="POSITION" source="#Mesh_0388Mesh-mesh-positions"/>
        </vertices>
        <triangles material="Material_001-material" count="1628">
          <input semantic="VERTEX" source="#Mesh_0388Mesh-mesh-vertices" offset="0"/>
          <input semantic="NORMAL" source="#Mesh_0388Mesh-mesh-normals" offset="1"/>
          <input semantic="TEXCOORD" source="#Mesh_0388Mesh-mesh-map-0" offset="2" set="0"/>
          <p>0 0 0 1 0 1 2 0 2 4 1 3 5 1 4 6 1 5 7 2 6 8 2 7 9 2 8 10 3 9 11 3 10 12 3 11 13 4 12 14 4 13 15 4 14 16 5 15 17 5 16 18 5 17 19 6 18 20 6 19 21 6 20 22 7 21 23 7 22 24 7 23 25 8 24 26 8 25 27 8 26 28 9 27 29 9 28 30 9 29 31 10 30 32 10 31 33 10 32 34 11 33 35 11 34 36 11 35 37 12 36 38 12 37 39 12 38 40 13 39 41 13 40 42 13 41 43 13 42 44 13 43 45 13 44 46 14 45 47 14 46 48 14 47 49 15 48 50 15 49 51 15 50 52 16 51 53 16 52 54 16 53 55 17 54 56 17 55 57 17 56 58 18 57 59 18 58 60 18 59 61 19 60 62 19 61 63 19 62 64 20 63 65 20 64 66 20 65 67 21 66 68 21 67 69 21 68 70 22 69 71 22 70 72 22 71 73 23 72 74 23 73 75 23 74 76 24 75 77 24 76 78 24 77 79 25 78 80 25 79 81 25 80 82 26 81 83 26 82 84 26 83 85 27 84 86 27 85 87 27 86 88 28 87 89 28 88 90 28 89 91 29 90 92 29 91 93 29 92 94 30 93 95 30 94 96 30 95 97 31 96 98 31 97 99 31 98 100 32 99 101 32 100 102 32 101 103 33 102 104 33 103 105 33 104 106 34 105 107 34 106 108 34 107 109 35 108 110 35 109 111 35 110 112 36 111 113 36 112 114 36 113 115 37 114 116 37 115 117 37 116 118 38 117 119 38 118 120 38 119 121 39 120 122 39 121 123 39 122 124 40 123 125 40 124 126 40 125 127 23 126 128 23 127 129 23 128 130 41 129 131 41 130 132 41 131 133 42 132 134 42 133 135 42 134 136 43 135 137 43 136 138 43 137 139 44 138 140 44 139 141 44 140 142 45 141 143 45 142 144 45 143 145 46 144 146 46 145 147 46 146 148 47 147 149 47 148 150 47 149 151 48 150 152 48 151 153 48 152 154 49 153 155 49 154 156 49 155 157 50 156 158 50 157 159 50 158 160 51 159 161 51 160 162 51 161 163 52 162 164 52 163 165 52 164 166 53 165 167 53 166 168 53 167 169 54 168 170 54 169 171 54 170 172 55 171 173 55 172 174 55 173 175 56 174 176 56 175 177 56 176 178 57 177 179 57 178 180 57 179 181 58 180 182 58 181 183 58 182 184 59 183 185 59 184 186 59 185 187 60 186 188 60 187 189 60 188 190 61 189 191 61 190 192 61 191 193 62 192 194 62 193 195 62 194 196 63 195 197 63 196 198 63 197 199 64 198 200 64 199 201 64 200 202 13 201 203 13 202 204 13 203 205 14 204 206 14 205 207 14 206 208 13 207 209 13 208 210 13 209 211 51 210 212 51 211 213 51 212 214 65 213 215 65 214 216 65 215 217 66 216 218 66 217 219 66 218 220 67 219 221 67 220 222 67 221 223 68 222 224 68 223 225 68 224 226 69 225 227 69 226 228 69 227 229 70 228 230 70 229 231 70 230 232 71 231 233 71 232 234 71 233 235 72 234 236 72 235 237 72 236 238 73 237 239 73 238 240 73 239 241 74 240 242 74 241 243 74 242 244 75 243 245 75 244 246 75 245 247 76 246 248 76 247 249 76 248 250 77 249 251 77 250 252 77 251 253 78 252 254 78 253 255 78 254 256 13 255 257 13 256 258 13 257 259 13 258 260 13 259 261 13 260 262 51 261 263 51 262 264 51 263 265 79 264 266 79 265 267 79 266 268 14 267 269 14 268 270 14 269 271 80 270 272 80 271 273 80 272 274 81 273 275 81 274 276 81 275 277 82 276 278 82 277 279 82 278 280 83 279 281 83 280 282 83 281 283 84 282 284 84 283 285 84 284 286 85 285 287 85 286 288 85 287 289 86 288 290 86 289 291 86 290 292 87 291 293 87 292 294 87 293 295 88 294 296 88 295 297 88 296 298 89 297 299 89 298 300 89 299 301 90 300 302 90 301 303 90 302 304 91 303 305 91 304 306 91 305 307 92 306 308 92 307 309 92 308 310 13 309 311 13 310 312 13 311 313 51 312 314 51 313 315 51 314 316 13 315 317 13 316 318 13 317 319 14 318 320 14 319 321 14 320 322 93 321 323 93 322 324 93 323 325 94 324 326 94 325 327 94 326 328 95 327 329 95 328 330 95 329 331 69 330 332 69 331 333 69 332 334 96 333 335 96 334 336 96 335 337 97 336 338 97 337 339 97 338 340 98 339 341 98 340 342 98 341 343 99 342 344 99 343 345 99 344 346 51 345 347 51 346 348 51 347 349 100 348 350 100 349 351 100 350 352 101 351 353 101 352 354 101 353 355 102 354 356 102 355 357 102 356 358 103 357 359 103 358 360 103 359 361 104 360 362 104 361 363 104 362 364 105 363 365 105 364 366 105 365 367 106 366 368 106 367 369 106 368 370 94 369 371 94 370 372 94 371 373 107 372 374 107 373 375 107 374 376 83 375 377 83 376 378 83 377 379 108 378 380 108 379 381 108 380 382 109 381 383 109 382 384 109 383 385 110 384 386 110 385 387 110 386 388 99 387 389 99 388 390 99 389 391 14 390 392 14 391 393 14 392 394 111 393 395 111 394 396 111 395 397 101 396 398 101 397 399 101 398 400 112 399 401 112 400 402 112 401 403 113 402 404 113 403 405 113 404 406 114 405 407 114 406 408 114 407 409 115 408 410 115 409 411 115 410 412 116 411 413 116 412 414 116 413 415 117 414 416 117 415 417 117 416 418 118 417 419 118 418 420 118 419 421 119 420 422 119 421 423 119 422 424 120 423 425 120 424 426 120 425 427 121 426 428 121 427 429 121 428 430 122 429 431 122 430 432 122 431 433 123 432 434 123 433 435 123 434 436 124 435 437 124 436 438 124 437 439 125 438 440 125 439 441 125 440 442 126 441 443 126 442 444 126 443 445 43 444 446 43 445 447 43 446 448 127 447 449 127 448 450 127 449 451 128 450 452 128 451 453 128 452 454 129 453 455 129 454 456 129 455 457 130 456 458 130 457 459 130 458 460 131 459 461 131 460 462 131 461 463 132 462 464 132 463 465 132 464 466 133 465 467 133 466 468 133 467 469 134 468 470 134 469 471 134 470 472 135 471 473 135 472 474 135 473 475 136 474 476 136 475 477 136 476 478 137 477 479 137 478 480 137 479 481 138 480 482 138 481 483 138 482 484 139 483 485 139 484 486 139 485 487 140 486 488 140 487 489 140 488 490 124 489 491 124 490 492 124 491 493 141 492 494 141 493 495 141 494 496 142 495 497 142 496 498 142 497 499 26 498 500 26 499 501 26 500 502 143 501 503 143 502 504 143 503 505 144 504 506 144 505 507 144 506 508 145 507 509 145 508 510 145 509 511 146 510 512 146 511 513 146 512 514 147 513 515 147 514 516 147 515 517 148 516 518 148 517 519 148 518 520 149 519 521 149 520 522 149 521 523 150 522 524 150 523 525 150 524 526 151 525 527 151 526 528 151 527 529 3 528 530 3 529 531 3 530 532 152 531 533 152 532 534 152 533 535 153 534 536 153 535 537 153 536 538 154 537 539 154 538 540 154 539 541 155 540 542 155 541 543 155 542 544 14 543 545 14 544 546 14 545 547 156 546 548 156 547 549 156 548 550 157 549 551 157 550 552 157 551 553 158 552 554 158 553 555 158 554 556 159 555 557 159 556 558 159 557 559 160 558 560 160 559 561 160 560 562 161 561 563 161 562 564 161 563 565 162 564 566 162 565 567 162 566 568 150 567 569 150 568 570 150 569 571 163 570 572 163 571 573 163 572 574 55 573 575 55 574 576 55 575 577 164 576 578 164 577 579 164 578 580 165 579 581 165 580 582 165 581 583 166 582 584 166 583 585 166 584 586 155 585 587 155 586 588 155 587 589 51 588 590 51 589 591 51 590 592 167 591 593 167 592 594 167 593 595 157 594 596 157 595 597 157 596 598 168 597 599 168 598 600 168 599 601 169 600 602 169 601 603 169 602 604 170 603 605 170 604 606 170 605 607 171 606 608 171 607 609 171 608 610 172 609 611 172 610 612 172 611 613 173 612 614 173 613 615 173 614 616 173 615 617 173 616 618 173 617 619 173 618 620 173 619 621 173 620 622 14 621 623 14 622 624 14 623 625 51 624 626 51 625 627 51 626 628 173 627 629 173 628 630 173 629 631 14 630 632 14 631 633 14 632 634 14 633 635 14 634 636 14 635 637 51 636 638 51 637 639 51 638 640 51 639 641 51 640 642 51 641 643 173 642 644 173 643 645 173 644 646 173 645 647 173 646 648 173 647 649 173 648 650 173 649 651 173 650 652 173 651 653 173 652 654 173 653 655 51 654 656 51 655 657 51 656 658 14 657 659 14 658 660 14 659 661 174 660 662 174 661 663 174 662 664 175 663 665 175 664 666 175 665 667 176 666 668 176 667 669 176 668 670 177 669 671 177 670 672 177 671 673 178 672 674 179 673 675 180 674 675 180 675 674 179 676 676 181 677 678 182 678 679 183 679 680 184 680 680 184 681 679 183 682 681 185 683 682 186 684 683 187 685 684 187 686 684 187 687 683 187 688 685 186 689 686 188 690 687 189 691 688 190 692 688 190 693 687 189 694 689 191 695 690 192 696 691 193 697 692 194 698 692 194 699 691 193 700 693 195 701 694 196 702 695 197 703 696 198 704 696 198 705 695 197 706 697 199 707 698 200 708 699 201 709 700 202 710 700 202 711 699 201 712 701 203 713 702 204 714 703 205 715 704 206 716 704 206 717 703 205 718 705 207 719 706 208 720 707 209 721 708 210 722 708 210 723 707 209 724 709 211 725 710 212 726 711 213 727 712 214 728 712 214 729 711 213 730 713 215 731 714 216 732 715 217 733 716 218 734 716 218 735 715 217 736 717 13 737 718 219 738 719 220 739 720 221 740 720 221 741 719 220 742 721 222 743 722 223 744 723 224 745 724 225 746 724 225 747 723 224 748 725 226 749 726 227 750 727 228 751 728 229 752 728 229 753 727 228 754 729 14 755 730 230 756 731 231 757 732 232 758 732 232 759 731 231 760 733 233 761 734 234 762 735 235 763 736 236 764 736 236 765 735 235 766 737 237 767 738 238 768 739 239 769 740 240 770 740 240 771 739 239 772 741 241 773 742 173 774 743 173 775 744 173 776 744 173 777 743 173 778 745 173 779 746 173 780 747 173 781 748 173 782 748 173 783 747 173 784 749 173 785 750 242 786 751 243 787 752 244 788 752 244 789 751 243 790 753 245 791 754 246 792 755 247 793 756 248 794 756 248 795 755 247 796 757 249 797 758 250 798 759 251 799 760 252 800 760 252 801 759 251 802 761 253 803 762 254 804 763 255 805 764 255 806 764 255 807 763 255 808 765 254 809 766 256 810 767 257 811 768 258 812 768 258 813 767 257 814 769 259 815 770 260 816 771 261 817 772 262 818 772 262 819 771 261 820 773 263 821 774 264 822 775 265 823 776 266 824 776 266 825 775 265 826 777 267 827 778 268 828 779 269 829 780 270 830 780 270 831 779 269 832 781 271 833 782 272 834 783 273 835 784 274 836 784 274 837 783 273 838 785 99 839 786 275 840 787 276 841 788 277 842 788 277 843 787 276 844 789 278 845 790 279 846 791 280 847 792 281 848 792 281 849 791 280 850 793 282 851 794 283 852 795 284 853 796 285 854 796 285 855 795 284 856 797 286 857 798 287 858 799 288 859 800 289 860 800 289 861 799 288 862 801 290 863 802 291 864 803 292 865 804 293 866 804 293 867 803 292 868 805 294 869 806 295 870 807 295 871 808 295 872 808 296 873 807 296 874 809 296 875 810 297 876 811 297 877 812 297 878 812 297 879 811 297 880 813 297 881 814 298 882 815 299 883 816 300 884 816 300 885 815 299 886 817 301 887 818 302 888 819 303 889 820 304 890 820 304 891 819 303 892 821 305 893 822 306 894 823 307 895 824 308 896 824 308 897 823 307 898 825 309 899 826 310 900 827 311 901 828 312 902 828 312 903 827 311 904 829 313 905 830 314 906 831 315 907 832 316 908 832 316 909 831 315 910 833 317 911 834 318 912 835 319 913 836 320 914 836 320 915 835 319 916 837 321 917 838 322 918 839 323 919 840 324 920 840 324 921 839 323 922 841 325 923 842 326 924 843 327 925 844 328 926 844 328 927 843 327 928 845 329 929 846 330 930 847 331 931 848 332 932 848 332 933 847 331 934 849 333 935 850 334 936 851 335 937 852 336 938 852 336 939 851 335 940 853 337 941 854 338 942 855 339 943 856 339 944 856 339 945 855 339 946 857 338 947 858 340 948 859 341 949 860 342 950 860 342 951 859 341 952 861 343 953 862 344 954 863 345 955 864 346 956 864 346 957 863 345 958 865 347 959 866 348 960 867 349 961 868 350 962 868 350 963 867 349 964 869 351 965 870 352 966 871 353 967 872 354 968 872 354 969 871 353 970 873 355 971 874 356 972 875 357 973 876 358 974 876 358 975 875 357 976 877 99 977 878 359 978 879 360 979 880 361 980 880 361 981 879 360 982 881 362 983 882 363 984 883 364 985 884 365 986 884 365 987 883 364 988 885 366 989 886 367 990 887 368 991 888 369 992 888 369 993 887 368 994 889 370 995 890 371 996 891 372 997 892 373 998 892 373 999 891 372 1000 893 374 1001 894 375 1002 895 376 1003 896 377 1004 896 377 1005 895 376 1006 897 378 1007 898 379 1008 899 379 1009 900 379 1010 900 380 1011 899 380 1012 901 380 1013 902 381 1014 903 381 1015 904 381 1016 904 381 1017 903 381 1018 905 381 1019 906 382 1020 907 383 1021 908 384 1022 908 384 1023 907 383 1024 909 385 1025 910 386 1026 911 387 1027 912 388 1028 912 388 1029 911 387 1030 913 389 1031 914 390 1032 915 391 1033 916 392 1034 916 392 1035 915 391 1036 917 393 1037 918 394 1038 919 395 1039 920 396 1040 920 396 1041 919 395 1042 921 397 1043 922 398 1044 923 399 1045 924 400 1046 924 400 1047 923 399 1048 925 401 1049 926 402 1050 927 403 1051 928 404 1052 928 404 1053 927 403 1054 929 405 1055 930 406 1056 931 407 1057 932 408 1058 932 408 1059 931 407 1060 933 409 1061 934 173 1062 935 173 1063 936 173 1064 936 173 1065 935 173 1066 937 173 1067 938 173 1068 939 173 1069 940 173 1070 940 173 1071 939 173 1072 941 173 1073 942 173 1074 943 173 1075 944 173 1076 944 173 1077 943 173 1078 945 173 1079 946 173 1080 947 173 1081 948 173 1082 948 173 1083 947 173 1084 949 173 1085 950 173 1086 951 173 1087 952 173 1088 952 173 1089 951 173 1090 953 173 1091 954 173 1092 955 173 1093 956 173 1094 956 173 1095 955 173 1096 957 173 1097 958 410 1098 959 411 1099 960 412 1100 960 412 1101 959 411 1102 961 413 1103 962 173 1104 963 173 1105 964 173 1106 964 173 1107 963 173 1108 965 173 1109 966 414 1110 967 414 1111 968 414 1112 968 414 1113 967 414 1114 969 414 1115 970 173 1116 971 173 1117 972 173 1118 972 173 1119 971 173 1120 973 173 1121 974 415 1122 975 415 1123 976 415 1124 976 415 1125 975 415 1126 977 415 1127 978 173 1128 979 173 1129 980 173 1130 980 173 1131 979 173 1132 981 173 1133 982 173 1134 983 173 1135 984 173 1136 984 173 1137 983 173 1138 985 173 1139 986 415 1140 987 415 1141 988 415 1142 988 415 1143 987 415 1144 989 415 1145 990 173 1146 991 173 1147 992 173 1148 992 173 1149 991 173 1150 993 173 1151 994 416 1152 995 416 1153 996 416 1154 996 416 1155 995 416 1156 997 416 1157 998 173 1158 999 173 1159 1000 173 1160 1000 173 1161 999 173 1162 1001 173 1163 1002 417 1164 1003 418 1165 1004 419 1166 1004 419 1167 1003 418 1168 1005 420 1169 1006 421 1170 1007 422 1171 1008 423 1172 1008 423 1173 1007 422 1174 1009 146 1175 1010 173 1176 1011 173 1177 1012 173 1178 1012 173 1179 1011 173 1180 1013 173 1181 1014 173 1182 1015 173 1183 1016 173 1184 1016 173 1185 1015 173 1186 1017 173 1187 1018 424 1188 1019 425 1189 1020 426 1190 1020 426 1191 1019 425 1192 1021 130 1193 1022 427 1194 1023 427 1195 1024 427 1196 1024 427 1197 1023 427 1198 1025 427 1199 1026 428 1200 1027 429 1201 1028 429 1202 1028 429 1203 1027 429 1204 1029 428 1205 1030 94 1206 1031 94 1207 1032 94 1208 1032 94 1209 1031 94 1210 1033 94 1211 1034 94 1212 1035 94 1213 1036 94 1214 1036 94 1215 1035 94 1216 1037 94 1217 1038 430 1218 1039 431 1219 1040 431 1220 1040 431 1221 1039 431 1222 1041 430 1223 1042 432 1224 1043 432 1225 1044 432 1226 1044 432 1227 1043 432 1228 1045 432 1229 1046 433 1230 1047 433 1231 1048 433 1232 1048 433 1233 1047 433 1234 1049 433 1235 1050 434 1236 1051 434 1237 1052 434 1238 1052 434 1239 1051 434 1240 1053 434 1241 1054 435 1242 1055 436 1243 1056 437 1244 1056 437 1245 1055 436 1246 1057 438 1247 1058 439 1248 1059 440 1249 1060 440 1250 1060 440 1251 1059 440 1252 1061 439 1253 1062 441 1254 1063 442 1255 1064 442 1256 1064 442 1257 1063 442 1258 1065 441 1259 1066 443 1260 1067 444 1261 1068 445 1262 1068 445 1263 1067 444 1264 1069 446 1265 1070 447 1266 1071 448 1267 1072 449 1268 1072 449 1269 1071 448 1270 1073 450 1271 1074 173 1272 1075 173 1273 1076 173 1274 1076 173 1275 1075 173 1276 1077 173 1277 1078 173 1278 1079 173 1279 1080 173 1280 1080 173 1281 1079 173 1282 1081 173 1283 1082 13 1284 1083 13 1285 1084 13 1286 1084 13 1287 1083 13 1288 1085 13 1289 1086 13 1290 1087 13 1291 1088 13 1292 1088 13 1293 1087 13 1294 1089 13 1295 1090 13 1296 1091 13 1297 1092 13 1298 1092 13 1299 1091 13 1300 1093 13 1301 1094 13 1302 1095 13 1303 1096 13 1304 1096 13 1305 1095 13 1306 1097 13 1307 1098 13 1308 1099 13 1309 1100 13 1310 1100 13 1311 1099 13 1312 1101 13 1313 1102 13 1314 1103 13 1315 1104 13 1316 1104 13 1317 1103 13 1318 1105 13 1319 1106 451 1320 1107 452 1321 1108 453 1322 1108 453 1323 1107 452 1324 1109 454 1325 1110 455 1326 1111 456 1327 1112 457 1328 1112 457 1329 1111 456 1330 1113 458 1331 1114 459 1332 1115 460 1333 1116 460 1334 1116 460 1335 1115 460 1336 1117 459 1337 1118 461 1338 1119 462 1339 1120 463 1340 1120 463 1341 1119 462 1342 1121 464 1343 1122 465 1344 1123 466 1345 1124 467 1346 1124 467 1347 1123 466 1348 1125 468 1349 1126 469 1350 1127 470 1351 1128 471 1352 1128 471 1353 1127 470 1354 1129 472 1355 1130 473 1356 1131 474 1357 1132 475 1358 1132 475 1359 1131 474 1360 1133 476 1361 1134 477 1362 1135 478 1363 1136 479 1364 1136 479 1365 1135 478 1366 1137 480 1367 1138 208 1368 1139 481 1369 1140 482 1370 1140 482 1371 1139 481 1372 1141 483 1373 1142 484 1374 1143 485 1375 1144 486 1376 1144 486 1377 1143 485 1378 1145 487 1379 1146 488 1380 1147 489 1381 1148 490 1382 1148 490 1383 1147 489 1384 1149 491 1385 1150 173 1386 1151 173 1387 1152 173 1388 1152 173 1389 1151 173 1390 1153 173 1391 1154 173 1392 1155 173 1393 1156 173 1394 1156 173 1395 1155 173 1396 1157 173 1397 1158 492 1398 1159 493 1399 1160 494 1400 1160 494 1401 1159 493 1402 1161 495 1403 1162 496 1404 1163 497 1405 1164 497 1406 1164 497 1407 1163 497 1408 1165 496 1409 1166 498 1410 1167 499 1411 1168 499 1412 1168 499 1413 1167 499 1414 1169 498 1415 1170 500 1416 1171 501 1417 1172 502 1418 1172 502 1419 1171 501 1420 1173 503 1421 1174 504 1422 1175 505 1423 1176 506 1424 1176 506 1425 1175 505 1426 1177 507 1427 1178 173 1428 1179 173 1429 1180 173 1430 1180 173 1431 1179 173 1432 1181 173 1433 1182 173 1434 1183 173 1435 1184 173 1436 1184 173 1437 1183 173 1438 1185 173 1439 1186 508 1440 1187 509 1441 1188 510 1442 1188 510 1443 1187 509 1444 1189 13 1445 1190 511 1446 1191 512 1447 1192 513 1448 1192 513 1449 1191 512 1450 1193 514 1451 1194 515 1452 1195 516 1453 1196 517 1454 1196 517 1455 1195 516 1456 1197 518 1457 1198 519 1458 1199 520 1459 1200 521 1460 1200 521 1461 1199 520 1462 1201 51 1463 1202 522 1464 1203 523 1465 1204 524 1466 1204 524 1467 1203 523 1468 1205 525 1469 1206 526 1470 1207 527 1471 1208 528 1472 1208 528 1473 1207 527 1474 1209 529 1475 1210 530 1476 1211 531 1477 1212 532 1478 1212 532 1479 1211 531 1480 1213 533 1481 1214 534 1482 1215 535 1483 1216 536 1484 1216 536 1485 1215 535 1486 1217 537 1487 1218 538 1488 1219 539 1489 1220 539 1490 1220 539 1491 1219 539 1492 1221 538 1493 1222 540 1494 1223 541 1495 1224 542 1496 1224 542 1497 1223 541 1498 1225 543 1499 1226 544 1500 1227 545 1501 1228 546 1502 1228 546 1503 1227 545 1504 1229 547 1505 1230 548 1506 1231 549 1507 1232 550 1508 1232 550 1509 1231 549 1510 1233 551 1511 1234 552 1512 1235 553 1513 1236 554 1514 1236 554 1515 1235 553 1516 1237 555 1517 1238 556 1518 1239 557 1519 1240 558 1520 1240 558 1521 1239 557 1522 1241 559 1523 1242 415 1524 1243 560 1525 1244 561 1526 1244 561 1527 1243 560 1528 1245 562 1529 1246 563 1530 1247 564 1531 1248 565 1532 1248 565 1533 1247 564 1534 1249 566 1535 1250 567 1536 1251 568 1537 1252 569 1538 1252 569 1539 1251 568 1540 1253 13 1541 1254 570 1542 1255 571 1543 1256 572 1544 1256 572 1545 1255 571 1546 1257 573 1547 1258 574 1548 1259 575 1549 1260 576 1550 1260 576 1551 1259 575 1552 1261 577 1553 1262 578 1554 1263 579 1555 1264 580 1556 1264 580 1557 1263 579 1558 1265 51 1559 1266 581 1560 1267 582 1561 1268 583 1562 1268 583 1563 1267 582 1564 1269 584 1565 1270 585 1566 1271 586 1567 1272 587 1568 1272 587 1569 1271 586 1570 1273 588 1571 1274 589 1572 1275 590 1573 1276 591 1574 1276 591 1575 1275 590 1576 1277 592 1577 1278 173 1578 1279 173 1579 1280 173 1580 1280 173 1581 1279 173 1582 1281 173 1583 1282 173 1584 1283 173 1585 1284 173 1586 1284 173 1587 1283 173 1588 1285 173 1589 1286 173 1590 1287 173 1591 1288 173 1592 1288 173 1593 1287 173 1594 1289 173 1595 1290 173 1596 1291 173 1597 1292 173 1598 1292 173 1599 1291 173 1600 1293 173 1601 1294 173 1602 1295 173 1603 1296 173 1604 1296 173 1605 1295 173 1606 1297 173 1607 1298 173 1608 1299 173 1609 1300 173 1610 1300 173 1611 1299 173 1612 1301 173 1613 1302 173 1614 1303 173 1615 1304 173 1616 1304 173 1617 1303 173 1618 1305 173 1619 1306 173 1620 1307 173 1621 1308 173 1622 1308 173 1623 1307 173 1624 1309 173 1625 1310 593 1626 1311 594 1627 1312 595 1628 1312 595 1629 1311 594 1630 1313 596 1631 1314 173 1632 1315 173 1633 1316 173 1634 1316 173 1635 1315 173 1636 1317 173 1637 1318 390 1638 1319 390 1639 1320 390 1640 1320 390 1641 1319 390 1642 1321 390 1643 1322 173 1644 1323 173 1645 1324 173 1646 1324 173 1647 1323 173 1648 1325 173 1649 1326 208 1650 1327 208 1651 1328 208 1652 1328 208 1653 1327 208 1654 1329 208 1655 1330 173 1656 1331 173 1657 1332 173 1658 1332 173 1659 1331 173 1660 1333 173 1661 1334 173 1662 1335 173 1663 1336 173 1664 1336 173 1665 1335 173 1666 1337 173 1667 1338 208 1668 1339 208 1669 1340 208 1670 1340 208 1671 1339 208 1672 1341 208 1673 1342 173 1674 1343 173 1675 1344 173 1676 1344 173 1677 1343 173 1678 1345 173 1679 1346 306 1680 1347 306 1681 1348 306 1682 1348 306 1683 1347 306 1684 1349 306 1685 1350 173 1686 1351 173 1687 1352 173 1688 1352 173 1689 1351 173 1690 1353 173 1691 1354 597 1692 1355 598 1693 1356 599 1694 1356 599 1695 1355 598 1696 1357 600 1697 1358 601 1698 1359 602 1699 1360 603 1700 1360 603 1701 1359 602 1702 1361 47 1703 1362 173 1704 1363 173 1705 1364 173 1706 1364 173 1707 1363 173 1708 1365 173 1709 1366 173 1710 1367 173 1711 1368 173 1712 1368 173 1713 1367 173 1714 1369 173 1715 1370 604 1716 1371 605 1717 1372 606 1718 1372 606 1719 1371 605 1720 1373 30 1721 1374 607 1722 1375 607 1723 1376 607 1724 1376 607 1725 1375 607 1726 1377 607 1727 1378 608 1728 1379 609 1729 1380 609 1730 1380 609 1731 1379 609 1732 1381 608 1733 1382 150 1734 1383 150 1735 1384 150 1736 1384 150 1737 1383 150 1738 1385 150 1739 1386 150 1740 1387 150 1741 1388 150 1742 1388 150 1743 1387 150 1744 1389 150 1745 1390 610 1746 1391 611 1747 1392 611 1748 1392 611 1749 1391 611 1750 1393 610 1751 1394 612 1752 1395 612 1753 1396 612 1754 1396 612 1755 1395 612 1756 1397 612 1757 1398 613 1758 1399 613 1759 1400 613 1760 1400 613 1761 1399 613 1762 1401 613 1763 1402 614 1764 1403 614 1765 1404 614 1766 1404 614 1767 1403 614 1768 1405 614 1769 1406 615 1770 1407 616 1771 1408 617 1772 1408 617 1773 1407 616 1774 1409 618 1775 1410 619 1776 1411 620 1777 1412 620 1778 1412 620 1779 1411 620 1780 1413 619 1781 1414 621 1782 1415 622 1783 1416 622 1784 1416 622 1785 1415 622 1786 1417 621 1787 1418 623 1788 1419 624 1789 1420 625 1790 1420 625 1791 1419 624 1792 1421 626 1793 1422 627 1794 1423 628 1795 1424 629 1796 1424 629 1797 1423 628 1798 1425 630 1799 1426 173 1800 1427 173 1801 1428 173 1802 1428 173 1803 1427 173 1804 1429 173 1805 1430 173 1806 1431 173 1807 1432 173 1808 1432 173 1809 1431 173 1810 1433 173 1811 1434 13 1812 1435 13 1813 1436 13 1814 1436 13 1815 1435 13 1816 1437 13 1817 1438 13 1818 1439 13 1819 1440 13 1820 1440 13 1821 1439 13 1822 1441 13 1823 1442 13 1824 1443 13 1825 1444 13 1826 1444 13 1827 1443 13 1828 1445 13 1829 1446 13 1830 1447 13 1831 1448 13 1832 1448 13 1833 1447 13 1834 1449 13 1835 1450 13 1836 1451 13 1837 1452 13 1838 1452 13 1839 1451 13 1840 1453 13 1841 1454 13 1842 1455 13 1843 1456 13 1844 1456 13 1845 1455 13 1846 1457 13 1847 1458 631 1848 1459 632 1849 1460 633 1850 1460 633 1851 1459 632 1852 1461 634 1853 1462 635 1854 1463 636 1855 1464 637 1856 1464 637 1857 1463 636 1858 1465 638 1859 1466 639 1860 1467 640 1861 1468 640 1862 1468 640 1863 1467 640 1864 1469 639 1865 1470 641 1866 1471 642 1867 1472 643 1868 1472 643 1869 1471 642 1870 1473 644 1871 1474 645 1872 1475 646 1873 1476 647 1874 1476 647 1875 1475 646 1876 1477 648 1877 1478 649 1878 1479 650 1879 1480 651 1880 1480 651 1881 1479 650 1882 1481 652 1883 1482 653 1884 1483 654 1885 1484 655 1886 1484 655 1887 1483 654 1888 1485 656 1889 1486 657 1890 1487 658 1891 1488 659 1892 1488 659 1893 1487 658 1894 1489 660 1895 1490 415 1896 1491 661 1897 1492 662 1898 1492 662 1899 1491 661 1900 1493 663 1901 1494 664 1902 1495 665 1903 1496 666 1904 1496 666 1905 1495 665 1906 1497 667 1907 1498 668 1908 1499 669 1909 1500 670 1910 1500 670 1911 1499 669 1912 1501 671 1913 1502 173 1914 1503 173 1915 1504 173 1916 1504 173 1917 1503 173 1918 1505 173 1919 1506 173 1920 1507 173 1921 1508 173 1922 1508 173 1923 1507 173 1924 1509 173 1925 1510 672 1926 1511 673 1927 1512 674 1928 1512 674 1929 1511 673 1930 1513 675 1931 1514 676 1932 1515 677 1933 1516 677 1934 1516 677 1935 1515 677 1936 1517 676 1937 1518 678 1938 1519 679 1939 1520 679 1940 1520 679 1941 1519 679 1942 1521 678 1943 1522 680 1944 1523 681 1945 1524 682 1946 1524 682 1947 1523 681 1948 1525 683 1949 1526 684 1950 1527 685 1951 1528 686 1952 1528 686 1953 1527 685 1954 1529 687 1955 1530 173 1956 1531 173 1957 1532 173 1958 1532 173 1959 1531 173 1960 1533 173 1961 1534 173 1962 1535 173 1963 1536 173 1964 1536 173 1965 1535 173 1966 1537 173 1967 1538 688 1968 1539 689 1969 1540 690 1970 1540 690 1971 1539 689 1972 1541 13 1973 1542 691 1974 1543 692 1975 1544 693 1976 1544 693 1977 1543 692 1978 1545 694 1979 1546 695 1980 1547 696 1981 1548 697 1982 1548 697 1983 1547 696 1984 1549 698 1985 1550 699 1986 1551 700 1987 1552 701 1988 1552 701 1989 1551 700 1990 1553 14 1991 1554 702 1992 1555 703 1993 1556 704 1994 1556 704 1995 1555 703 1996 1557 705 1997 1558 706 1998 1559 707 1999 1560 708 2000 1560 708 2001 1559 707 2002 1561 709 2003 1562 710 2004 1563 711 2005 1564 711 2006 1564 711 2007 1563 711 2008 1565 710 2009 1566 712 2010 1567 713 2011 1568 713 2012 1568 713 2013 1567 713 2014 1569 712 2015 1570 714 2016 1571 715 2017 1572 715 2018 1572 715 2019 1571 715 2020 1573 714 2021 1574 716 2022 1575 717 2023 1576 717 2024 1576 717 2025 1575 717 2026 1577 716 2027 1578 173 2028 1579 173 2029 1580 173 2030 1580 173 2031 1579 173 2032 1581 173 2033 1582 173 2034 1583 173 2035 1584 173 2036 1584 173 2037 1583 173 2038 1585 173 2039 1586 173 2040 1587 173 2041 1588 173 2042 1588 173 2043 1587 173 2044 1589 173 2045 1590 173 2046 1591 173 2047 1592 173 2048 1592 173 2049 1591 173 2050 1593 173 2051 1594 173 2052 1595 173 2053 1596 173 2054 1596 173 2055 1595 173 2056 1597 173 2057 1598 173 2058 1599 173 2059 1600 173 2060 1600 173 2061 1599 173 2062 1601 173 2063 1602 173 2064 1603 173 2065 1604 173 2066 1604 173 2067 1603 173 2068 1605 173 2069 1606 173 2070 1607 173 2071 1608 173 2072 1608 173 2073 1607 173 2074 1609 173 2075 1610 173 2076 1611 173 2077 1612 173 2078 1612 173 2079 1611 173 2080 1613 173 2081 1614 173 2082 1615 173 2083 1616 173 2084 1616 173 2085 1615 173 2086 1617 173 2087 1618 173 2088 1619 173 2089 1620 173 2090 1620 173 2091 1619 173 2092 1621 173 2093 1622 173 2094 1623 173 2095 1624 173 2096 1624 173 2097 1623 173 2098 1625 173 2099 1626 173 2100 1627 173 2101 1628 173 2102 1628 173 2103 1627 173 2104 1629 173 2105 1630 173 2106 1631 173 2107 1632 173 2108 1632 173 2109 1631 173 2110 1633 173 2111 1634 173 2112 1635 173 2113 1636 173 2114 1636 173 2115 1635 173 2116 1637 173 2117 1638 173 2118 1639 173 2119 1640 173 2120 1640 173 2121 1639 173 2122 1641 173 2123 1642 173 2124 1643 173 2125 1644 173 2126 1644 173 2127 1643 173 2128 1645 173 2129 1646 173 2130 1647 173 2131 1648 173 2132 1648 173 2133 1647 173 2134 1649 173 2135 1650 173 2136 1651 173 2137 1652 173 2138 1652 173 2139 1651 173 2140 1653 173 2141 1654 173 2142 1655 173 2143 1656 173 2144 1656 173 2145 1655 173 2146 1657 173 2147 1658 173 2148 1659 173 2149 1660 173 2150 1660 173 2151 1659 173 2152 1661 173 2153 1662 173 2154 1663 173 2155 1664 173 2156 1664 173 2157 1663 173 2158 1665 173 2159 1666 173 2160 1667 173 2161 1668 173 2162 1668 173 2163 1667 173 2164 1669 173 2165 1670 173 2166 1671 173 2167 1672 173 2168 1672 173 2169 1671 173 2170 1673 173 2171 1674 173 2172 1675 173 2173 1676 173 2174 1676 173 2175 1675 173 2176 1677 173 2177 1678 173 2178 1679 173 2179 1680 173 2180 1680 173 2181 1679 173 2182 1681 173 2183 1682 173 2184 1683 173 2185 1684 173 2186 1684 173 2187 1683 173 2188 1685 173 2189 1686 173 2190 1687 173 2191 1688 173 2192 1688 173 2193 1687 173 2194 1689 173 2195 1690 173 2196 1691 173 2197 1692 173 2198 1692 173 2199 1691 173 2200 1693 173 2201 1694 173 2202 1695 173 2203 1696 173 2204 1696 173 2205 1695 173 2206 1697 173 2207 1698 173 2208 1699 173 2209 1700 173 2210 1700 173 2211 1699 173 2212 1701 173 2213 1702 173 2214 1703 173 2215 1704 173 2216 1704 173 2217 1703 173 2218 1705 173 2219 1706 718 2220 1707 719 2221 1708 719 2222 1708 719 2223 1707 719 2224 1709 718 2225 1710 720 2226 1711 721 2227 1712 721 2228 1712 721 2229 1711 721 2230 1713 720 2231 1714 618 2232 1715 722 2233 1716 722 2234 1716 722 2235 1715 722 2236 1717 618 2237 1718 723 2238 1719 723 2239 1720 723 2240 1720 723 2241 1719 723 2242 1721 723 2243 1722 724 2244 1723 724 2245 1724 724 2246 1724 724 2247 1723 724 2248 1725 724 2249 1726 725 2250 1727 726 2251 1728 726 2252 1728 726 2253 1727 726 2254 1729 725 2255 1730 727 2256 1731 728 2257 1732 728 2258 1732 728 2259 1731 728 2260 1733 727 2261 1734 729 2262 1735 729 2263 1736 729 2264 1736 729 2265 1735 729 2266 1737 729 2267 1738 730 2268 1739 731 2269 1740 731 2270 1740 731 2271 1739 731 2272 1741 730 2273 1742 732 2274 1743 733 2275 1744 733 2276 1744 733 2277 1743 733 2278 1745 732 2279 1746 14 2280 1747 14 2281 1748 14 2282 1748 14 2283 1747 14 2284 1749 14 2285 1750 51 2286 1751 51 2287 1752 51 2288 1752 51 2289 1751 51 2290 1753 51 2291 1754 734 2292 1755 735 2293 1756 735 2294 1756 735 2295 1755 735 2296 1757 734 2297 1758 736 2298 1759 737 2299 1760 737 2300 1760 737 2301 1759 737 2302 1761 736 2303 1762 738 2304 1763 738 2305 1764 738 2306 1764 738 2307 1763 738 2308 1765 738 2309 1766 739 2310 1767 740 2311 1768 740 2312 1768 740 2313 1767 740 2314 1769 739 2315 1770 741 2316 1771 742 2317 1772 742 2318 1772 742 2319 1771 742 2320 1773 741 2321 1774 743 2322 1775 743 2323 1776 743 2324 1776 743 2325 1775 743 2326 1777 743 2327 1778 744 2328 1779 744 2329 1780 744 2330 1780 744 2331 1779 744 2332 1781 744 2333 1782 675 2334 1783 745 2335 1784 745 2336 1784 745 2337 1783 745 2338 1785 675 2339 1786 746 2340 1787 747 2341 1788 747 2342 1788 747 2343 1787 747 2344 1789 746 2345 1790 748 2346 1791 749 2347 1792 749 2348 1792 749 2349 1791 749 2350 1793 748 2351 1794 750 2352 1795 751 2353 1796 751 2354 1796 751 2355 1795 751 2356 1797 750 2357 1798 752 2358 1799 753 2359 1800 753 2360 1800 753 2361 1799 753 2362 1801 752 2363 1802 438 2364 1803 754 2365 1804 754 2366 1804 754 2367 1803 754 2368 1805 438 2369 1806 755 2370 1807 755 2371 1808 755 2372 1808 755 2373 1807 755 2374 1809 755 2375 1810 756 2376 1811 756 2377 1812 756 2378 1812 756 2379 1811 756 2380 1813 756 2381 1814 757 2382 1815 758 2383 1816 758 2384 1816 758 2385 1815 758 2386 1817 757 2387 1818 759 2388 1819 760 2389 1820 760 2390 1820 760 2391 1819 760 2392 1821 759 2393 1822 761 2394 1823 761 2395 1824 761 2396 1824 761 2397 1823 761 2398 1825 761 2399 1826 762 2400 1827 763 2401 1828 763 2402 1828 763 2403 1827 763 2404 1829 762 2405 1830 764 2406 1831 765 2407 1832 765 2408 1832 765 2409 1831 765 2410 1833 764 2411 1834 51 2412 1835 51 2413 1836 51 2414 1836 51 2415 1835 51 2416 1837 51 2417 1838 14 2418 1839 14 2419 1840 14 2420 1840 14 2421 1839 14 2422 1841 14 2423 1842 766 2424 1843 767 2425 1844 767 2426 1844 767 2427 1843 767 2428 1845 766 2429 1846 768 2430 1847 769 2431 1848 769 2432 1848 769 2433 1847 769 2434 1849 768 2435 1850 770 2436 1851 770 2437 1852 770 2438 1852 770 2439 1851 770 2440 1853 770 2441 1854 771 2442 1855 772 2443 1856 772 2444 1856 772 2445 1855 772 2446 1857 771 2447 1858 773 2448 1859 774 2449 1860 774 2450 1860 774 2451 1859 774 2452 1861 773 2453 1862 775 2454 1863 775 2455 1864 775 2456 1864 775 2457 1863 775 2458 1865 775 2459 1866 776 2460 1867 776 2461 1868 776 2462 1868 776 2463 1867 776 2464 1869 776 2465 1870 495 2466 1871 777 2467 1872 777 2468 1872 777 2469 1871 777 2470 1873 495 2471 1874 778 2472 1875 779 2473 1876 779 2474 1876 779 2475 1875 779 2476 1877 778 2477 1878 780 2478 1879 781 2479 1880 781 2480 1880 781 2481 1879 781 2482 1881 780 2483 1882 782 2484 1883 782 2485 1884 782 2486 1884 783 2487 1883 783 2488 1885 783 2489 1886 784 2490 1887 784 2491 1888 784 2492 1888 784 2493 1887 784 2494 1889 784 2495 1890 785 2496 1891 786 2497 1892 787 2498 1892 787 2499 1891 786 2500 1893 788 2501 1894 789 2502 1895 790 2503 1896 791 2504 1896 791 2505 1895 790 2506 1897 792 2507 1898 793 2508 1899 793 2509 1900 793 2510 1900 794 2511 1899 794 2512 1901 794 2513 1902 795 2514 1903 796 2515 1904 797 2516 1904 797 2517 1903 796 2518 1905 798 2519 1906 799 2520 1907 799 2521 1908 799 2522 1908 800 2523 1907 800 2524 1909 800 2525 1910 801 2526 1911 802 2527 1912 803 2528 1912 803 2529 1911 802 2530 1913 804 2531 1914 805 2532 1915 806 2533 1916 807 2534 1916 807 2535 1915 806 2536 1917 808 2537 1918 809 2538 1919 810 2539 1920 811 2540 1920 811 2541 1919 810 2542 1921 812 2543 1922 297 2544 1923 813 2545 1924 814 2546 1924 814 2547 1923 813 2548 1925 815 2549 1926 255 2550 1927 255 2551 1928 255 2552 1928 255 2553 1927 255 2554 1929 255 2555 1930 816 2556 1931 817 2557 1932 818 2558 1932 818 2559 1931 817 2560 1933 819 2561 1934 820 2562 1935 820 2563 1936 820 2564 1936 821 2565 1935 821 2566 1937 821 2567 1938 380 2568 1939 822 2569 1940 823 2570 1940 823 2571 1939 822 2572 1941 824 2573 1942 825 2574 1943 826 2575 1944 827 2576 1944 827 2577 1943 826 2578 1945 828 2579 1946 829 2580 1947 830 2581 1948 831 2582 1948 831 2583 1947 830 2584 1949 832 2585 1950 833 2586 1951 834 2587 1952 835 2588 1952 835 2589 1951 834 2590 1953 538 2591 1954 836 2592 1955 837 2593 1956 838 2594 1956 838 2595 1955 837 2596 1957 839 2597 1958 840 2598 1959 841 2599 1960 842 2600 1960 842 2601 1959 841 2602 1961 843 2603 1962 844 2604 1963 845 2605 1964 846 2606 1964 846 2607 1963 845 2608 1965 847 2609 1966 848 2610 1967 849 2611 1968 849 2612 1968 849 2613 1967 849 2614 1969 848 2615 1970 850 2616 1971 851 2617 1972 852 2618 1972 852 2619 1971 851 2620 1973 853 2621 1974 854 2622 1975 855 2623 1976 856 2624 1976 856 2625 1975 855 2626 1977 857 2627 1978 858 2628 1979 859 2629 1980 860 2630 1980 860 2631 1979 859 2632 1981 861 2633 1982 862 2634 1983 862 2635 1984 862 2636 1984 862 2637 1983 862 2638 1985 862 2639 1986 863 2640 1987 864 2641 1988 864 2642 1988 864 2643 1987 864 2644 1989 863 2645 1990 865 2646 1991 866 2647 1992 867 2648 1992 867 2649 1991 866 2650 1993 868 2651 1994 869 2652 1995 870 2653 1996 871 2654 1996 871 2655 1995 870 2656 1997 868 2657 1998 872 2658 1999 872 2659 2000 872 2660 2000 873 2661 1999 873 2662 2001 873 2663 2002 14 2664 2003 14 2665 2004 14 2666 2004 51 2667 2003 51 2668 2005 51 2669 2006 874 2670 2007 874 2671 2008 874 2672 2008 875 2673 2007 875 2674 2009 875 2675 2010 876 2676 2011 877 2677 2012 878 2678 2012 878 2679 2011 877 2680 2013 879 2681 2014 173 2682 2015 173 2683 2016 173 2684 2016 13 2685 2015 13 2686 2017 13 2687 2018 880 2688 2019 881 2689 2020 882 2690 2020 882 2691 2019 881 2692 2021 883 2693 2022 884 2694 2023 885 2695 2024 886 2696 2024 886 2697 2023 885 2698 2025 887 2699 2026 888 2700 2027 889 2701 2028 890 2702 2028 890 2703 2027 889 2704 2029 891 2705 2030 892 2706 2031 893 2707 2032 894 2708 2032 894 2709 2031 893 2710 2033 895 2711 2034 896 2712 2035 896 2713 2036 896 2714 2036 897 2715 2035 897 2716 2037 897 2717 2038 898 2718 2039 899 2719 2040 899 2720 2040 899 2721 2039 899 2722 2041 898 2723 2042 900 2724 2043 901 2725 2044 901 2726 2044 901 2727 2043 901 2728 2045 900 2729 2046 902 2730 2047 902 2731 2048 902 2732 2048 903 2733 2047 903 2734 2049 903 2735 2050 904 2736 2051 904 2737 2052 904 2738 2052 905 2739 2051 905 2740 2053 905 2741 2054 155 2742 2055 155 2743 2056 155 2744 2056 906 2745 2055 906 2746 2057 906 2747 2058 907 2748 2059 908 2749 2060 909 2750 2060 909 2751 2059 908 2752 2061 910 2753 2062 911 2754 2063 912 2755 2064 913 2756 2064 913 2757 2063 912 2758 2065 914 2759 2066 915 2760 2067 915 2761 2068 915 2762 2068 916 2763 2067 916 2764 2069 916 2765 2070 917 2766 2071 918 2767 2072 919 2768 2072 919 2769 2071 918 2770 2073 920 2771 2074 902 2772 2075 902 2773 2076 902 2774 2076 921 2775 2075 921 2776 2077 921 2777 2078 922 2778 2079 923 2779 2080 924 2780 2080 924 2781 2079 923 2782 2081 925 2783 2082 926 2784 2083 927 2785 2084 928 2786 2084 928 2787 2083 927 2788 2085 929 2789 2086 930 2790 2087 931 2791 2088 932 2792 2088 932 2793 2087 931 2794 2089 933 2795 2090 381 2796 2091 934 2797 2092 935 2798 2092 935 2799 2091 934 2800 2093 936 2801 2094 339 2802 2095 339 2803 2096 339 2804 2096 339 2805 2095 339 2806 2097 339 2807 2098 937 2808 2099 938 2809 2100 939 2810 2100 939 2811 2099 938 2812 2101 940 2813 2102 875 2814 2103 875 2815 2104 875 2816 2104 941 2817 2103 941 2818 2105 941 2819 2106 296 2820 2107 942 2821 2108 943 2822 2108 943 2823 2107 942 2824 2109 944 2825 2110 945 2826 2111 946 2827 2112 947 2828 2112 947 2829 2111 946 2830 2113 948 2831 2114 949 2832 2115 950 2833 2116 951 2834 2116 951 2835 2115 950 2836 2117 952 2837 2118 953 2838 2119 954 2839 2120 955 2840 2120 955 2841 2119 954 2842 2121 639 2843 2122 956 2844 2123 957 2845 2124 958 2846 2124 958 2847 2123 957 2848 2125 959 2849 2126 960 2850 2127 961 2851 2128 962 2852 2128 962 2853 2127 961 2854 2129 963 2855 2130 964 2856 2131 965 2857 2132 966 2858 2132 966 2859 2131 965 2860 2133 967 2861 2134 968 2862 2135 969 2863 2136 969 2864 2136 969 2865 2135 969 2866 2137 968 2867 2138 970 2868 2139 971 2869 2140 972 2870 2140 972 2871 2139 971 2872 2141 973 2873 2142 974 2874 2143 975 2875 2144 976 2876 2144 976 2877 2143 975 2878 2145 977 2879 2146 978 2880 2147 979 2881 2148 980 2882 2148 980 2883 2147 979 2884 2149 981 2885 2150 982 2886 2151 982 2887 2152 982 2888 2152 982 2889 2151 982 2890 2153 982 2891 2154 983 2892 2155 984 2893 2156 984 2894 2156 984 2895 2155 984 2896 2157 983 2897 2158 985 2898 2159 986 2899 2160 987 2900 2160 987 2901 2159 986 2902 2161 868 2903 2162 988 2904 2163 989 2905 2164 990 2906 2164 990 2907 2163 989 2908 2165 868 2909 2166 991 2910 2167 991 2911 2168 991 2912 2168 873 2913 2167 873 2914 2169 873 2915 2170 51 2916 2171 51 2917 2172 51 2918 2172 14 2919 2171 14 2920 2173 14 2921 2174 992 2922 2175 992 2923 2176 992 2924 2176 820 2925 2175 820 2926 2177 820 2927 2178 993 2928 2179 994 2929 2180 995 2930 2180 995 2931 2179 994 2932 2181 996 2933 2182 173 2934 2183 173 2935 2184 173 2936 2184 13 2937 2183 13 2938 2185 13 2939 2186 997 2940 2187 998 2941 2188 999 2942 2188 999 2943 2187 998 2944 2189 1000 2945 2190 1001 2946 2191 1002 2947 2192 1003 2948 2192 1003 2949 2191 1002 2950 2193 1004 2951 2194 1005 2952 2195 1006 2953 2196 1007 2954 2196 1007 2955 2195 1006 2956 2197 1008 2957 2198 1009 2958 2199 1010 2959 2200 1011 2960 2200 1011 2961 2199 1010 2962 2201 1012 2963 2202 1013 2964 2203 1013 2965 2204 1013 2966 2204 1014 2967 2203 1014 2968 2205 1014 2969 2206 1015 2970 2207 1016 2971 2208 1016 2972 2208 1016 2973 2207 1016 2974 2209 1015 2975 2210 1017 2976 2211 1018 2977 2212 1018 2978 2212 1018 2979 2211 1018 2980 2213 1017 2981 2214 799 2982 2215 799 2983 2216 799 2984 2216 1019 2985 2215 1019 2986 2217 1019 2987 2218 1020 2988 2219 1020 2989 2220 1020 2990 2220 1021 2991 2219 1021 2992 2221 1021 2993 2222 155 2994 2223 155 2995 2224 155 2996 2224 1022 2997 2223 1022 2998 2225 1022 2999 2226 1023 3000 2227 1023 3001 2228 1023 3002 2228 1024 3003 2227 1024 3004 2229 1024 3005 2230 1025 3006 2231 1025 3007 2232 1025 3008 2232 1025 3009 2231 1025 3010 2233 1025 3011 2234 389 3012 2235 1026 3013 2236 1027 3014 2236 1027 3015 2235 1026 3016 2237 1028 3017 2238 330 3018 2239 1029 3019 2240 1030 3020 2240 1030 3021 2239 1029 3022 2241 1031 3023 2242 1032 3024 2243 1033 3025 2244 1034 3026 2244 1034 3027 2243 1033 3028 2245 1035 3029 2246 1036 3030 2247 1037 3031 2248 1037 3032 2248 1037 3033 2247 1037 3034 2249 1036 3035 2250 1038 3036 2251 1039 3037 2252 1040 3038 2252 1040 3039 2251 1039 3040 2253 1041 3041 2254 1042 3042 2255 1043 3043 2256 1044 3044 2256 1044 3045 2255 1043 3046 2257 1045 3047 2258 1046 3048 2259 1047 3049 2260 1048 3050 2260 1048 3051 2259 1047 3052 2261 1049 3053 2262 1050 3054 2263 1051 3055 2264 1052 3056 2264 1052 3057 2263 1051 3058 2265 1053 3059 2266 1054 3060 2267 1055 3061 2268 1056 3062 2268 1056 3063 2267 1055 3064 2269 155 3065 2270 1057 3066 2271 1058 3067 2272 1059 3068 2272 1059 3069 2271 1058 3070 2273 1060 3071 2274 1061 3072 2275 1062 3073 2276 1063 3074 2276 1063 3075 2275 1062 3076 2277 1064 3077 2278 1065 3078 2279 1066 3079 2280 1067 3080 2280 1067 3081 2279 1066 3082 2281 370 3083 2282 1068 3084 2283 1069 3085 2284 1070 3086 2284 1070 3087 2283 1069 3088 2285 1071 3089 2286 1072 3090 2287 1073 3091 2288 1074 3092 2288 1074 3093 2287 1073 3094 2289 1075 3095 2290 379 3096 2291 379 3097 2292 379 3098 2292 1076 3099 2291 1076 3100 2293 1076 3101 2294 1077 3102 2295 1077 3103 2296 1077 3104 2296 1077 3105 2295 1077 3106 2297 1077 3107 2298 1078 3108 2299 1079 3109 2300 1080 3110 2300 1080 3111 2299 1079 3112 2301 1081 3113 2302 1082 3114 2303 1083 3115 2304 1084 3116 2304 1084 3117 2303 1083 3118 2305 326 3119 2306 416 3120 2307 1085 3121 2308 1086 3122 2308 1086 3123 2307 1085 3124 2309 1087 3125 2310 1088 3126 2311 1089 3127 2312 1090 3128 2312 1090 3129 2311 1089 3130 2313 1091 3131 2314 1092 3132 2315 1093 3133 2316 1094 3134 2316 1094 3135 2315 1093 3136 2317 1095 3137 2318 1096 3138 2319 1097 3139 2320 1098 3140 2320 1098 3141 2319 1097 3142 2321 1099 3143 2322 1100 3144 2323 1101 3145 2324 1102 3146 2324 1102 3147 2323 1101 3148 2325 1103 3149 2326 305 3150 2327 1104 3151 2328 1105 3152 2328 1105 3153 2327 1104 3154 2329 1106 3155 2330 246 3156 2331 1107 3157 2332 1108 3158 2332 1108 3159 2331 1107 3160 2333 1109 3161 2334 1110 3162 2335 1111 3163 2336 1112 3164 2336 1112 3165 2335 1111 3166 2337 1113 3167 2338 1114 3168 2339 1115 3169 2340 1115 3170 2340 1115 3171 2339 1115 3172 2341 1114 3173 2342 1116 3174 2343 1117 3175 2344 1118 3176 2344 1118 3177 2343 1117 3178 2345 1119 3179 2346 1120 3180 2347 1121 3181 2348 1122 3182 2348 1122 3183 2347 1121 3184 2349 1123 3185 2350 1124 3186 2351 1125 3187 2352 1126 3188 2352 1126 3189 2351 1125 3190 2353 1127 3191 2354 1128 3192 2355 1129 3193 2356 1130 3194 2356 1130 3195 2355 1129 3196 2357 1131 3197 2358 1132 3198 2359 1133 3199 2360 1134 3200 2360 1134 3201 2359 1133 3202 2361 155 3203 2362 1135 3204 2363 1136 3205 2364 1137 3206 2364 1137 3207 2363 1136 3208 2365 1138 3209 2366 1139 3210 2367 1140 3211 2368 1141 3212 2368 1141 3213 2367 1140 3214 2369 1142 3215 2370 1143 3216 2371 1144 3217 2372 1145 3218 2372 1145 3219 2371 1144 3220 2373 286 3221 2374 1146 3222 2375 1147 3223 2376 1148 3224 2376 1148 3225 2375 1147 3226 2377 1149 3227 2378 1150 3228 2379 1151 3229 2380 1152 3230 2380 1152 3231 2379 1151 3232 2381 1153 3233 2382 295 3234 2383 295 3235 2384 295 3236 2384 1154 3237 2383 1154 3238 2385 1154 3239 2386 1155 3240 2387 1155 3241 2388 1155 3242 2388 1155 3243 2387 1155 3244 2389 1155 3245 2390 1156 3246 2391 1157 3247 2392 1158 3248 2392 1158 3249 2391 1157 3250 2393 1159 3251 2394 1160 3252 2395 1161 3253 2396 1162 3254 2396 1162 3255 2395 1161 3256 2397 242 3257 2398 414 3258 2399 1163 3259 2400 1164 3260 2400 1164 3261 2399 1163 3262 2401 1165 3263 2402 1166 3264 2403 1167 3265 2404 1168 3266 2404 1168 3267 2403 1167 3268 2405 1169 3269 2406 1170 3270 2407 1171 3271 2408 1172 3272 2408 1172 3273 2407 1171 3274 2409 1173 3275 2410 1174 3276 2411 1175 3277 2412 1176 3278 2412 1176 3279 2411 1175 3280 2413 1177 3281 2414 1178 3282 2415 1179 3283 2416 1180 3284 2416 1180 3285 2415 1179 3286 2417 1181 3287 2418 1182 3288 2419 1182 3289 2420 1182 3290 2420 1183 3291 2419 1183 3292 2421 1183 3293 2422 1184 3294 2423 1184 3295 2424 1184 3296 2424 1184 3297 2423 1184 3298 2425 1184 3299 2426 1185 3300 2427 1186 3301 2428 1187 3302 2428 1187 3303 2427 1186 3304 2429 1188 3305 2430 1189 3306 2431 1190 3307 2432 1191 3308 2432 1191 3309 2431 1190 3310 2433 798 3311 2434 1192 3312 2435 1192 3313 2436 1192 3314 2436 1193 3315 2435 1193 3316 2437 1193 3317 2438 1194 3318 2439 1195 3319 2440 1196 3320 2440 1196 3321 2439 1195 3322 2441 792 3323 2442 902 3324 2443 902 3325 2444 902 3326 2444 1197 3327 2443 1197 3328 2445 1197 3329 2446 1198 3330 2447 1199 3331 2448 1200 3332 2448 1200 3333 2447 1199 3334 2449 1201 3335 2450 1202 3336 2451 1203 3337 2452 1204 3338 2452 1204 3339 2451 1203 3340 2453 1205 3341 2454 1206 3342 2455 1207 3343 2456 1208 3344 2456 1208 3345 2455 1207 3346 2457 1209 3347 2458 1077 3348 2459 1210 3349 2460 1211 3350 2460 1211 3351 2459 1210 3352 2461 1212 3353 2462 1037 3354 2463 1037 3355 2464 1037 3356 2464 1037 3357 2463 1037 3358 2465 1037 3359 2466 1213 3360 2467 1214 3361 2468 1215 3362 2468 1215 3363 2467 1214 3364 2469 1216 3365 2470 1217 3366 2471 1217 3367 2472 1217 3368 2472 1218 3369 2471 1218 3370 2473 1218 3371 2474 1154 3372 2475 1219 3373 2476 1220 3374 2476 1220 3375 2475 1219 3376 2477 1221 3377 2478 1222 3378 2479 1223 3379 2480 1224 3380 2480 1224 3381 2479 1223 3382 2481 1225 3383 2482 1226 3384 2483 1227 3385 2484 1228 3386 2484 1228 3387 2483 1227 3388 2485 1229 3389 2486 1230 3390 2487 1231 3391 2488 1232 3392 2488 1232 3393 2487 1231 3394 2489 186 3395 2490 1233 3396 2491 1234 3397 2492 1235 3398 2492 1235 3399 2491 1234 3400 2493 1236 3401 2494 1237 3402 2495 1238 3403 2496 1239 3404 2496 1239 3405 2495 1238 3406 2497 1240 3407 2498 1241 3408 2499 1242 3409 2500 1243 3410 2500 1243 3411 2499 1242 3412 2501 1244 3413 2502 1245 3414 2503 1246 3415 2504 1246 3416 2504 1246 3417 2503 1246 3418 2505 1245 3419 2506 1247 3420 2507 1248 3421 2508 1249 3422 2508 1249 3423 2507 1248 3424 2509 1250 3425 2510 1251 3426 2511 1252 3427 2512 1253 3428 2512 1253 3429 2511 1252 3430 2513 1254 3431 2514 1255 3432 2515 1256 3433 2516 1257 3434 2516 1257 3435 2515 1256 3436 2517 1258 3437 2518 1259 3438 2519 1259 3439 2520 1259 3440 2520 1259 3441 2519 1259 3442 2521 1259 3443 2522 1260 3444 2523 1261 3445 2524 1261 3446 2524 1261 3447 2523 1261 3448 2525 1260 3449 2526 1262 3450 2527 1263 3451 2528 1264 3452 2528 1264 3453 2527 1263 3454 2529 1265 3455 2530 1266 3456 2531 1267 3457 2532 1268 3458 2532 1268 3459 2531 1267 3460 2533 1265 3461 2534 1269 3462 2535 1269 3463 2536 1269 3464 2536 1270 3465 2535 1270 3466 2537 1270 3467 2538 51 3468 2539 51 3469 2540 51 3470 2540 14 3471 2539 14 3472 2541 14 3473 2542 1271 3474 2543 1271 3475 2544 1271 3476 2544 1272 3477 2543 1272 3478 2545 1272 3479 2546 1273 3480 2547 1274 3481 2548 1275 3482 2548 1275 3483 2547 1274 3484 2549 1276 3485 2550 173 3486 2551 173 3487 2552 173 3488 2552 13 3489 2551 13 3490 2553 13 3491 2554 1277 3492 2555 1278 3493 2556 1279 3494 2556 1279 3495 2555 1278 3496 2557 1280 3497 2558 1281 3498 2559 1282 3499 2560 1283 3500 2560 1283 3501 2559 1282 3502 2561 1284 3503 2562 1285 3504 2563 1286 3505 2564 1287 3506 2564 1287 3507 2563 1286 3508 2565 1288 3509 2566 1289 3510 2567 1290 3511 2568 1291 3512 2568 1291 3513 2567 1290 3514 2569 1292 3515 2570 1293 3516 2571 1293 3517 2572 1293 3518 2572 1294 3519 2571 1294 3520 2573 1294 3521 2574 1295 3522 2575 1296 3523 2576 1296 3524 2576 1296 3525 2575 1296 3526 2577 1295 3527 2578 1297 3528 2579 1298 3529 2580 1298 3530 2580 1298 3531 2579 1298 3532 2581 1297 3533 2582 799 3534 2583 799 3535 2584 799 3536 2584 1299 3537 2583 1299 3538 2585 1299 3539 2586 1300 3540 2587 1300 3541 2588 1300 3542 2588 1301 3543 2587 1301 3544 2589 1301 3545 2590 99 3546 2591 99 3547 2592 99 3548 2592 1302 3549 2591 1302 3550 2593 1302 3551 2594 1303 3552 2595 1304 3553 2596 1305 3554 2596 1305 3555 2595 1304 3556 2597 1306 3557 2598 1307 3558 2599 1308 3559 2600 1309 3560 2600 1309 3561 2599 1308 3562 2601 920 3563 2602 1310 3564 2603 1310 3565 2604 1310 3566 2604 1311 3567 2603 1311 3568 2605 1311 3569 2606 1312 3570 2607 1313 3571 2608 1314 3572 2608 1314 3573 2607 1313 3574 2609 914 3575 2610 799 3576 2611 799 3577 2612 799 3578 2612 1315 3579 2611 1315 3580 2613 1315 3581 2614 1316 3582 2615 1317 3583 2616 1318 3584 2616 1318 3585 2615 1317 3586 2617 1319 3587 2618 1320 3588 2619 1321 3589 2620 1322 3590 2620 1322 3591 2619 1321 3592 2621 1323 3593 2622 1324 3594 2623 1325 3595 2624 1326 3596 2624 1326 3597 2623 1325 3598 2625 1327 3599 2626 1155 3600 2627 1328 3601 2628 1329 3602 2628 1329 3603 2627 1328 3604 2629 1330 3605 2630 1115 3606 2631 1115 3607 2632 1115 3608 2632 1115 3609 2631 1115 3610 2633 1115 3611 2634 1331 3612 2635 1332 3613 2636 1333 3614 2636 1333 3615 2635 1332 3616 2637 1334 3617 2638 1272 3618 2639 1272 3619 2640 1272 3620 2640 1335 3621 2639 1335 3622 2641 1335 3623 2642 1076 3624 2643 1336 3625 2644 1337 3626 2644 1337 3627 2643 1336 3628 2645 1338 3629 2646 1339 3630 2647 1340 3631 2648 1341 3632 2648 1341 3633 2647 1340 3634 2649 1342 3635 2650 1343 3636 2651 1344 3637 2652 1345 3638 2652 1345 3639 2651 1344 3640 2653 1346 3641 2654 1347 3642 2655 1348 3643 2656 1349 3644 2656 1349 3645 2655 1348 3646 2657 459 3647 2658 1350 3648 2659 1351 3649 2660 1352 3650 2660 1352 3651 2659 1351 3652 2661 1353 3653 2662 1354 3654 2663 1355 3655 2664 1356 3656 2664 1356 3657 2663 1355 3658 2665 1357 3659 2666 1358 3660 2667 1359 3661 2668 1360 3662 2668 1360 3663 2667 1359 3664 2669 1361 3665 2670 1362 3666 2671 1363 3667 2672 1363 3668 2672 1363 3669 2671 1363 3670 2673 1362 3671 2674 1364 3672 2675 1365 3673 2676 1366 3674 2676 1366 3675 2675 1365 3676 2677 1367 3677 2678 1368 3678 2679 1369 3679 2680 1370 3680 2680 1370 3681 2679 1369 3682 2681 1371 3683 2682 1372 3684 2683 1373 3685 2684 1374 3686 2684 1374 3687 2683 1373 3688 2685 1375 3689 2686 1376 3690 2687 1376 3691 2688 1376 3692 2688 1376 3693 2687 1376 3694 2689 1376 3695 2690 1377 3696 2691 1378 3697 2692 1378 3698 2692 1378 3699 2691 1378 3700 2693 1377 3701 2694 1379 3702 2695 1380 3703 2696 1381 3704 2696 1381 3705 2695 1380 3706 2697 1265 3707 2698 1382 3708 2699 1383 3709 2700 1384 3710 2700 1384 3711 2699 1383 3712 2701 1265 3713 2702 1385 3714 2703 1385 3715 2704 1385 3716 2704 1270 3717 2703 1270 3718 2705 1270 3719 2706 14 3720 2707 14 3721 2708 14 3722 2708 51 3723 2707 51 3724 2709 51 3725 2710 1386 3726 2711 1386 3727 2712 1386 3728 2712 1217 3729 2711 1217 3730 2713 1217 3731 2714 1387 3732 2715 1388 3733 2716 1389 3734 2716 1389 3735 2715 1388 3736 2717 1390 3737 2718 173 3738 2719 173 3739 2720 173 3740 2720 13 3741 2719 13 3742 2721 13 3743 2722 1391 3744 2723 1392 3745 2724 1393 3746 2724 1393 3747 2723 1392 3748 2725 1394 3749 2726 1395 3750 2727 1396 3751 2728 1397 3752 2728 1397 3753 2727 1396 3754 2729 1398 3755 2730 1399 3756 2731 1400 3757 2732 1401 3758 2732 1401 3759 2731 1400 3760 2733 1402 3761 2734 1403 3762 2735 1404 3763 2736 1405 3764 2736 1405 3765 2735 1404 3766 2737 1406 3767 2738 1407 3768 2739 1407 3769 2740 1407 3770 2740 1408 3771 2739 1408 3772 2741 1408 3773 2742 1409 3774 2743 1410 3775 2744 1410 3776 2744 1410 3777 2743 1410 3778 2745 1409 3779 2746 1411 3780 2747 1412 3781 2748 1412 3782 2748 1412 3783 2747 1412 3784 2749 1411 3785 2750 902 3786 2751 902 3787 2752 902 3788 2752 1413 3789 2751 1413 3790 2753 1413 3791 2754 1414 3792 2755 1414 3793 2756 1414 3794 2756 1415 3795 2755 1415 3796 2757 1415 3797 2758 99 3798 2759 99 3799 2760 99 3800 2760 1416 3801 2759 1416 3802 2761 1416 3803 2762 1417 3804 2763 1417 3805 2764 1417 3806 2764 1418 3807 2763 1418 3808 2765 1418 3809 2766 1419 3810 2767 1419 3811 2768 1419 3812 2768 1419 3813 2767 1419 3814 2769 1419 3815 2770 173 3816 2771 173 3817 2772 173 3818 2772 173 3819 2771 173 3820 2773 173 3821 2774 173 3822 2775 173 3823 2776 173 3824 2776 173 3825 2775 173 3826 2777 173 3827 2778 173 3828 2779 173 3829 2780 173 3830 2780 173 3831 2779 173 3832 2781 173 3833 2782 173 3834 2783 173 3835 2784 173 3836 2784 173 3837 2783 173 3838 2785 173 3839 2786 173 3840 2787 173 3841 2788 173 3842 2788 173 3843 2787 173 3844 2789 173 3845 2790 173 3846 2791 173 3847 2792 173 3848 2792 173 3849 2791 173 3850 2793 173 3851 2794 173 3852 2795 173 3853 2796 173 3854 2796 173 3855 2795 173 3856 2797 173 3857 2798 173 3858 2799 173 3859 2800 173 3860 2800 173 3861 2799 173 3862 2801 173 3863 2802 173 3864 2803 173 3865 2804 173 3866 2804 173 3867 2803 173 3868 2805 173 3869 2806 173 3870 2807 173 3871 2808 173 3872 2808 173 3873 2807 173 3874 2809 173 3875 2810 13 3876 2811 13 3877 2812 13 3878 2812 13 3879 2811 13 3880 2813 13 3881 2814 13 3882 2815 13 3883 2816 13 3884 2816 13 3885 2815 13 3886 2817 13 3887 2818 13 3888 2819 13 3889 2820 13 3890 2820 13 3891 2819 13 3892 2821 13 3893 2822 13 3894 2823 13 3895 2824 13 3896 2824 173 3897 2823 173 3898 2825 173 3899 2826 13 3900 2827 13 3901 2828 13 3902 2828 13 3903 2827 13 3904 2829 13 3905 2830 13 3906 2831 13 3907 2832 13 3908 2832 13 3909 2831 13 3910 2833 13 3911 2834 13 3912 2835 13 3913 2836 13 3914 2836 13 3915 2835 13 3916 2837 13 3917 2838 13 3918 2839 13 3919 2840 13 3920 2840 13 3921 2839 13 3922 2841 13 3923 2842 13 3924 2843 13 3925 2844 13 3926 2844 173 3927 2843 173 3928 2845 173 3929 2846 13 3930 2847 13 3931 2848 13 3932 2848 13 3933 2847 13 3934 2849 13 3935 2850 94 3936 2851 94 3937 2852 94 3938 2852 94 3939 2851 94 3940 2853 94 3941 2854 150 3942 2855 150 3943 2856 150 3944 2856 150 3945 2855 150 3946 2857 150 3947 2858 13 3948 2859 13 3949 2860 13 3950 2860 13 3951 2859 13 3952 2861 13 3953 2862 13 3954 2863 13 3955 2864 13 3956 2864 13 3957 2863 13 3958 2865 13 3959 2866 13 3960 2867 13 3961 2868 13 3962 2868 13 3963 2867 13 3964 2869 13 3965 2870 13 3966 2871 13 3967 2872 13 3968 2872 173 3969 2871 173 3970 2873 173 3971 2874 13 3972 2875 13 3973 2876 13 3974 2876 13 3975 2875 13 3976 2877 13 3977 2878 13 3978 2879 13 3979 2880 13 3980 2880 13 3981 2879 13 3982 2881 13 3983 2882 13 3984 2883 13 3985 2884 13 3986 2884 13 3987 2883 13 3988 2885 13 3989 2886 13 3990 2887 13 3991 2888 13 3992 2888 13 3993 2887 13 3994 2889 13 3995 2890 13 3996 2891 13 3997 2892 13 3998 2892 173 3999 2891 173 4000 2893 173 4001 2894 13 4002 2895 13 4003 2896 13 4004 2896 13 4005 2895 13 4006 2897 13 4007 2898 94 4008 2899 94 4009 2900 94 4010 2900 94 4011 2899 94 4012 2901 94 4013 2902 150 4014 2903 150 4015 2904 150 4016 2904 150 4017 2903 150 4018 2905 150 4019 2906 173 4020 2907 173 4021 2908 173 4022 2908 173 4023 2907 173 4024 2909 173 4025 2910 173 4026 2911 173 4027 2912 173 4028 2912 173 4029 2911 173 4030 2913 173 4031 2914 173 4032 2915 173 4033 2916 173 4034 2916 173 4035 2915 173 4036 2917 173 4037 2918 173 4038 2919 173 4039 2920 173 4040 2920 173 4041 2919 173 4042 2921 173 4043 2922 173 4044 2923 173 4045 2924 173 4046 2924 173 4047 2923 173 4048 2925 173 4049 2926 173 4050 2927 173 4051 2928 173 4052 2928 173 4053 2927 173 4054 2929 173 4055 2930 173 4056 2931 173 4057 2932 173 4058 2932 173 4059 2931 173 4060 2933 173 4061 2934 173 4062 2935 173 4063 2936 173 4064 2936 173 4065 2935 173 4066 2937 173 4067 2938 173 4068 2939 173 4069 2940 173 4070 2940 173 4071 2939 173 4072 2941 173 4073 2942 13 4074 2943 13 4075 2944 13 4076 2944 13 4077 2943 13 4078 2945 13 4079 2946 13 4080 2947 13 4081 2948 13 4082 2948 13 4083 2947 13 4084 2949 13 4085 2950 13 4086 2951 13 4087 2952 13 4088 2952 13 4089 2951 13 4090 2953 13 4091 2954 13 4092 2955 13 4093 2956 13 4094 2956 13 4095 2955 13 4096 2957 13 4097 2958 13 4098 2959 13 4099 2960 13 4100 2960 13 4101 2959 13 4102 2961 13 4103 2962 13 4104 2963 13 4105 2964 13 4106 2964 13 4107 2963 13 4108 2965 13 4109 2966 13 4110 2967 13 4111 2968 13 4112 2968 13 4113 2967 13 4114 2969 13 4115 2970 13 4116 2971 13 4117 2972 13 4118 2972 13 4119 2971 13 4120 2973 13 4121 2974 13 4122 2975 13 4123 2976 13 4124 2976 13 4125 2975 13 4126 2977 13 4127 2978 13 4128 2979 13 4129 2980 13 4130 2980 13 4131 2979 13 4132 2981 13 4133 2982 13 4134 2983 13 4135 2984 13 4136 2984 13 4137 2983 13 4138 2985 13 4139 2986 13 4140 2987 13 4141 2988 13 4142 2988 13 4143 2987 13 4144 2989 13 4145 2990 13 4146 2991 13 4147 2992 13 4148 2992 13 4149 2991 13 4150 2993 13 4151 2994 13 4152 2995 13 4153 2996 13 4154 2996 13 4155 2995 13 4156 2997 13 4157 2998 13 4158 2999 13 4159 3000 13 4160 3000 13 4161 2999 13 4162 3001 13 4163 3002 13 4164 3003 13 4165 3004 13 4166 3004 13 4167 3003 13 4168 3005 13 4169 3006 13 4170 3007 13 4171 3008 13 4172 3008 13 4173 3007 13 4174 3009 13 4175 3010 13 4176 3011 13 4177 3012 13 4178 3012 13 4179 3011 13 4180 3013 13 4181 3014 13 4182 3015 13 4183 3016 13 4184 3016 13 4185 3015 13 4186 3017 13 4187 3018 13 4188 3019 13 4189 3020 13 4190 3020 13 4191 3019 13 4192 3021 13 4193 3022 13 4194 3023 13 4195 3024 13 4196 3024 13 4197 3023 13 4198 3025 13 4199 3026 13 4200 3027 13 4201 3028 13 4202 3028 13 4203 3027 13 4204 3029 13 4205 3030 13 4206 3031 13 4207 3032 13 4208 3032 13 4209 3031 13 4210 3033 13 4211 3034 13 4212 3035 13 4213 3036 13 4214 3036 13 4215 3035 13 4216 3037 13 4217 3038 13 4218 3039 13 4219 3040 13 4220 3040 13 4221 3039 13 4222 3041 13 4223 3042 13 4224 3043 13 4225 3044 13 4226 3044 13 4227 3043 13 4228 3045 13 4229 3046 13 4230 3047 13 4231 3048 13 4232 3048 13 4233 3047 13 4234 3049 13 4235 3050 13 4236 3051 13 4237 3052 13 4238 3052 13 4239 3051 13 4240 3053 13 4241 3054 13 4242 3055 13 4243 3056 13 4244 3056 13 4245 3055 13 4246 3057 13 4247 3058 13 4248 3059 13 4249 3060 13 4250 3060 13 4251 3059 13 4252 3061 13 4253 3062 13 4254 3063 13 4255 3064 13 4256 3064 13 4257 3063 13 4258 3065 13 4259 3066 13 4260 3067 13 4261 3068 13 4262 3068 13 4263 3067 13 4264 3069 13 4265 3070 13 4266 3071 13 4267 3072 13 4268 3072 13 4269 3071 13 4270 3073 13 4271 3074 13 4272 3075 13 4273 3076 13 4274 3076 13 4275 3075 13 4276 3077 13 4277 3078 13 4278 3079 13 4279 3080 13 4280 3080 13 4281 3079 13 4282 3081 13 4283 3082 13 4284 3083 13 4285 3084 13 4286 3084 13 4287 3083 13 4288 3085 13 4289 3086 1420 4290 3087 1420 4291 3088 1420 4292 3088 1420 4293 3087 1420 4294 3089 1420 4295 3090 1217 4296 3091 1217 4297 3092 1217 4298 3092 1217 4299 3091 1217 4300 3093 1217 4301 3094 1421 4302 3095 1422 4303 3096 1422 4304 3096 1422 4305 3095 1422 4306 3097 1421 4307 3098 1423 4308 3099 1424 4309 3100 1425 4310 3100 1425 4311 3099 1424 4312 3101 800 4313 3102 720 4314 3103 721 4315 3104 721 4316 3104 721 4317 3103 721 4318 3105 720 4319 3106 1426 4320 3107 1427 4321 3108 1427 4322 3108 1427 4323 3107 1427 4324 3109 1426 4325 3110 1428 4326 3111 1429 4327 3112 1429 4328 3112 1429 4329 3111 1429 4330 3113 1428 4331 3114 1430 4332 3115 1431 4333 3116 1431 4334 3116 1431 4335 3115 1431 4336 3117 1430 4337 3118 1432 4338 3119 1433 4339 3120 1433 4340 3120 1433 4341 3119 1433 4342 3121 1432 4343 3122 1434 4344 3123 1434 4345 3124 1434 4346 3124 1434 4347 3123 1434 4348 3125 1434 4349 3126 875 4350 3127 875 4351 3128 875 4352 3128 875 4353 3127 875 4354 3129 875 4355 3130 1435 4356 3131 1436 4357 3132 1436 4358 3132 1436 4359 3131 1436 4360 3133 1435 4361 3134 778 4362 3135 779 4363 3136 779 4364 3136 779 4365 3135 779 4366 3137 778 4367 3138 1437 4368 3139 1438 4369 3140 1438 4370 3140 1438 4371 3139 1438 4372 3141 1437 4373 3142 1439 4374 3143 1440 4375 3144 1440 4376 3144 1440 4377 3143 1440 4378 3145 1439 4379 3146 1441 4380 3147 1442 4381 3148 1442 4382 3148 1442 4383 3147 1442 4384 3149 1441 4385 3150 1443 4386 3151 1444 4387 3152 1444 4388 3152 1444 4389 3151 1444 4390 3153 1443 4391 3154 720 4392 3155 721 4393 3156 721 4394 3156 721 4395 3155 721 4396 3157 720 4397 3158 778 4398 3159 779 4399 3160 779 4400 3160 779 4401 3159 779 4402 3161 778 4403 3162 1445 4404 3163 1445 4405 3164 1445 4406 3164 1445 4407 3163 1445 4408 3165 1445 4409 3166 1272 4410 3167 1272 4411 3168 1272 4412 3168 1272 4413 3167 1272 4414 3169 1272 4415 3170 1446 4416 3171 1447 4417 3172 1447 4418 3172 1447 4419 3171 1447 4420 3173 1446 4421 3174 746 4422 3175 747 4423 3176 747 4424 3176 747 4425 3175 747 4426 3177 746 4427 3178 1448 4428 3179 1449 4429 3180 1449 4430 3180 1449 4431 3179 1449 4432 3181 1448 4433 3182 1450 4434 3183 1451 4435 3184 1451 4436 3184 1451 4437 3183 1451 4438 3185 1450 4439 3186 1452 4440 3187 1453 4441 3188 1453 4442 3188 1453 4443 3187 1453 4444 3189 1452 4445 3190 1454 4446 3191 1455 4447 3192 1455 4448 3192 1455 4449 3191 1455 4450 3193 1454 4451 3194 1456 4452 3195 1456 4453 3196 1456 4454 3196 1456 4455 3195 1456 4456 3197 1456 4457 3198 820 4458 3199 820 4459 3200 820 4460 3200 820 4461 3199 820 4462 3201 820 4463 3202 1457 4464 3203 1458 4465 3204 1458 4466 3204 1458 4467 3203 1458 4468 3205 1457 4469 3206 1459 4470 3207 1460 4471 3208 1461 4472 3208 1461 4473 3207 1460 4474 3209 1197 4475 3210 752 4476 3211 753 4477 3212 753 4478 3212 753 4479 3211 753 4480 3213 752 4481 3214 1462 4482 3215 1463 4483 3216 1463 4484 3216 1463 4485 3215 1463 4486 3217 1462 4487 3218 1464 4488 3219 1465 4489 3220 1465 4490 3220 1465 4491 3219 1465 4492 3221 1464 4493 3222 1466 4494 3223 1467 4495 3224 1467 4496 3224 1467 4497 3223 1467 4498 3225 1466 4499 3226 1468 4500 3227 1469 4501 3228 1469 4502 3228 1469 4503 3227 1469 4504 3229 1468 4505 3230 746 4506 3231 747 4507 3232 747 4508 3232 747 4509 3231 747 4510 3233 746 4511 3234 752 4512 3235 753 4513 3236 753 4514 3236 753 4515 3235 753 4516 3237 752 4517 3238 51 4518 3239 51 4519 3240 51 4520 3240 51 4521 3239 51 4522 3241 51 4523 3242 173 4524 3243 173 4525 3244 173 4526 3244 173 4527 3243 173 4528 3245 173 4529 3246 173 4530 3247 173 4531 3248 173 4532 3248 173 4533 3247 173 4534 3249 173 4535 3250 173 4536 3251 173 4537 3252 173 4538 3252 173 4539 3251 173 4540 3253 173 4541 3254 173 4542 3255 173 4543 3256 173 4544 3256 173 4545 3255 173 4546 3257 173 4547 3258 173 4548 3259 173 4549 3260 173 4550 3260 173 4551 3259 173 4552 3261 173 4553 3262 173 4554 3263 173 4555 3264 173 4556 3264 173 4557 3263 173 4558 3265 173 4559 3266 173 4560 3267 173 4561 3268 173 4562 3268 173 4563 3267 173 4564 3269 173 4565 3270 173 4566 3271 173 4567 3272 173 4568 3272 173 4569 3271 173 4570 3273 173 4571 3274 173 4572 3275 173 4573 3276 173 4574 3276 173 4575 3275 173 4576 3277 173 4577 3278 173 4578 3279 173 4579 3280 173 4580 3280 173 4581 3279 173 4582 3281 173 4583 3282 173 4584 3283 173 4585 3284 173 4586 3284 173 4587 3283 173 4588 3285 173 4589 3286 14 4590 3287 14 4591 3288 14 4592 3288 14 4593 3287 14 4594 3289 14 4595 3290 14 4596 3291 14 4597 3292 14 4598 3292 14 4599 3291 14 4600 3293 14 4601 3294 51 4602 3295 51 4603 3296 51 4604 3296 51 4605 3295 51 4606 3297 51 4607 3298 800 4608 3299 1470 4609 3300 1470 4610 3300 1470 4611 3299 1470 4612 3301 800 4613 3302 1315 4614 3303 1471 4615 3304 1471 4616 3304 1471 4617 3303 1471 4618 3305 1315 4619 3306 921 4620 3307 1472 4621 3308 1472 4622 3308 1472 4623 3307 1472 4624 3309 921 4625 3310 1197 4626 3311 1473 4627 3312 1473 4628 3312 1473 4629 3311 1473 4630 3313 1197 4631 3314 173 4632 3315 173 4633 3316 173 4634 3316 173 4635 3315 173 4636 3317 173 4637 3318 173 4638 3319 173 4639 3320 173 4640 3320 173 4641 3319 173 4642 3321 173 4643 3322 173 4644 3323 173 4645 3324 173 4646 3324 173 4647 3323 173 4648 3325 173 4649 3326 173 4650 3327 173 4651 3328 173 4652 3328 173 4653 3327 173 4654 3329 173 4655 3330 150 4656 3331 150 4657 3332 150 4658 3332 150 4659 3331 150 4660 3333 150 4661 3334 94 4662 3335 94 4663 3336 94 4664 3336 94 4665 3335 94 4666 3337 94 4667 3338 150 4668 3339 150 4669 3340 150 4670 3340 150 4671 3339 150 4672 3341 150 4673 3342 94 4674 3343 94 4675 3344 94 4676 3344 94 4677 3343 94 4678 3345 94 4679 3346 14 4680 3347 14 4681 3348 14 4682 3348 14 4683 3347 14 4684 3349 14 4685 3350 14 4686 3351 14 4687 3352 14 4688 3352 14 4689 3351 14 4690 3353 14 4691 3354 51 4692 3355 51 4693 3356 51 4694 3356 51 4695 3355 51 4696 3357 51 4697 3358 51 4698 3359 51 4699 3360 51 4700 3360 51 4701 3359 51 4702 3361 51 4703 3362 1474 4704 3363 1475 4705 3364 1476 4706 3364 1476 4707 3363 1475 4708 3365 746 4709 3366 1477 4710 3367 1478 4711 3368 1479 4712 3368 1479 4713 3367 1478 4714 3369 778 4715 3370 610 4716 3371 1480 4717 3372 1480 4718 3372 1480 4719 3371 1480 4720 3373 610 4721 3374 1481 4722 3375 1482 4723 3376 1482 4724 3376 1482 4725 3375 1482 4726 3377 1481 4727 3378 1483 4728 3379 1483 4729 3380 1483 4730 3380 1483 4731 3379 1483 4732 3381 1483 4733 3382 1484 4734 3383 1485 4735 3384 1485 4736 3384 1485 4737 3383 1485 4738 3385 1484 4739 3386 1486 4740 3387 1487 4741 3388 1487 4742 3388 1487 4743 3387 1487 4744 3389 1486 4745 3390 1481 4746 3391 1482 4747 3392 1482 4748 3392 1482 4749 3391 1482 4750 3393 1481 4751 3394 875 4752 3395 875 4753 3396 875 4754 3396 875 4755 3395 875 4756 3397 875 4757 3398 1488 4758 3399 1489 4759 3400 1489 4760 3400 1489 4761 3399 1489 4762 3401 1488 4763 3402 14 4764 3403 14 4765 3404 14 4766 3404 14 4767 3403 14 4768 3405 14 4769 3406 820 4770 3407 820 4771 3408 820 4772 3408 820 4773 3407 820 4774 3409 820 4775 3410 51 4776 3411 51 4777 3412 51 4778 3412 51 4779 3411 51 4780 3413 51 4781 3414 1490 4782 3415 1491 4783 3416 1491 4784 3416 1491 4785 3415 1491 4786 3417 1490 4787 3418 51 4788 3419 51 4789 3420 51 4790 3420 51 4791 3419 51 4792 3421 51 4793 3422 1217 4794 3423 1217 4795 3424 1217 4796 3424 1217 4797 3423 1217 4798 3425 1217 4799 3426 14 4800 3427 14 4801 3428 14 4802 3428 14 4803 3427 14 4804 3429 14 4805 3430 820 4806 3431 820 4807 3432 820 4808 3432 820 4809 3431 820 4810 3433 820 4811 3434 1492 4812 3435 1493 4813 3436 1493 4814 3436 1493 4815 3435 1493 4816 3437 1492 4817 3438 1494 4818 3439 1495 4819 3440 1495 4820 3440 1495 4821 3439 1495 4822 3441 1494 4823 3442 1496 4824 3443 1497 4825 3444 1497 4826 3444 1497 4827 3443 1497 4828 3445 1496 4829 3446 608 4830 3447 1498 4831 3448 1498 4832 3448 1498 4833 3447 1498 4834 3449 608 4835 3450 1499 4836 3451 1500 4837 3452 1500 4838 3452 1500 4839 3451 1500 4840 3453 1499 4841 3454 1501 4842 3455 1502 4843 3456 1502 4844 3456 1502 4845 3455 1502 4846 3457 1501 4847 3458 430 4848 3459 1503 4849 3460 1503 4850 3460 1503 4851 3459 1503 4852 3461 430 4853 3462 1494 4854 3463 1495 4855 3464 1495 4856 3464 1495 4857 3463 1495 4858 3465 1494 4859 3466 1504 4860 3467 1505 4861 3468 1505 4862 3468 1505 4863 3467 1505 4864 3469 1504 4865 3470 428 4866 3471 1506 4867 3472 1506 4868 3472 1506 4869 3471 1506 4870 3473 428 4871 3474 1507 4872 3475 1508 4873 3476 1508 4874 3476 1508 4875 3475 1508 4876 3477 1507 4877 3478 820 4878 3479 820 4879 3480 820 4880 3480 820 4881 3479 820 4882 3481 820 4883</p>
        </triangles>
      </mesh>
    </geometry>
  </library_geometries>
  <library_visual_scenes>
    <visual_scene id="Scene" name="Scene">
      <node id="Mesh_0388" name="Mesh_0388" type="NODE">
        <matrix sid="transform">1 0 0 0 0 1 0 0 0 0 1 0 0 0 0 1</matrix>
        <instance_geometry url="#Mesh_0388Mesh-mesh" name="Mesh_0388">
          <bind_material>
            <technique_common>
              <instance_material symbol="Material_001-material" target="#Material_001-material">
                <bind_vertex_input semantic="Float2" input_semantic="TEXCOORD" input_set="0"/>
              </instance_material>
            </technique_common>
          </bind_material>
        </instance_geometry>
      </node>
    </visual_scene>
  </library_visual_scenes>
  <scene>
    <instance_visual_scene url="#Scene"/>
  </scene>
</COLLADA>