<?xml version="1.0" encoding="utf-8"?>
<COLLADA xmlns="http://www.collada.org/2005/11/COLLADASchema" version="1.4.1" xmlns:xsi="http://www.w3.org/2001/XMLSchema-instance">
  <asset>
    <contributor>
      <author>Blender User</author>
      <authoring_tool>Blender 4.0.0 commit date:2023-11-13, commit time:17:26, hash:878f71061b8e</authoring_tool>
    </contributor>
    <created>2026-09-10T18:23:30</created>
    <modified>2026-09-10T18:23:30</modified>
    <unit name="meter" meter="1"/>
    <up_axis>Z_UP</up_axis>
  </asset>
  <library_images/>
  <library_geometries>
    <geometry id="Mesh_0663Mesh_001-mesh" name="Mesh_0663Mesh.001">
      <mesh>
        <source id="Mesh_0663Mesh_001-mesh-positions">
          <float_array id="Mesh_0663Mesh_001-mesh-positions-array" count="13719">8.544922 14.89258 -0.4882813 10.00977 13.91602 -0.7324219 9.765625 13.91602 -0.4882813 0 0 0 8.544922 14.89258 -0.4882813 8.544922 14.89258 -0.9765625 10.00977 13.91602 -0.7324219 8.544922 14.89258 -0.9765625 9.765625 13.91602 -0.9765625 10.00977 13.91602 -0.7324219 9.765625 13.91602 -0.4882813 6.103516 10.74219 -0.4882813 8.544922 14.89258 -0.4882813 14.89258 8.544922 -0.4882813 10.74219 6.103516 -0.4882813 14.4043 9.277344 -0.4882813 13.67187 10.49805 -0.4882813 9.521485 8.056641 -0.4882813 12.69531 11.47461 -0.4882813 9.765625 13.91602 -0.4882813 8.056641 9.521485 -0.4882813 6.103516 10.74219 -0.4882813 11.47461 12.69531 -0.4882813 12.69531 11.47461 -0.4882813 8.056641 9.521485 -0.4882813 12.69531 11.47461 -0.4882813 9.521485 8.056641 -0.4882813 8.056641 9.521485 -0.4882813 9.765625 13.91602 -0.4882813 11.47461 12.69531 -0.4882813 8.056641 9.521485 -0.4882813 15.38086 8.789063 -6.835937 14.89258 9.521485 -6.835937 10.74219 6.103516 -6.835937 13.91602 10.74219 -6.835937 12.93945 11.96289 -6.835937 9.521485 8.056641 -6.835937 10.74219 15.13672 -6.835937 13.18359 14.4043 -6.835937 12.45117 15.13672 -6.835937 8.056641 15.625 -6.835937 8.056641 16.35742 -6.835937 7.080078 17.08984 -6.835937 13.18359 14.4043 -6.835937 10.25391 14.4043 -6.835937 11.71875 13.18359 -6.835937 10.74219 15.13672 -6.835937 10.25391 14.4043 -6.835937 13.18359 14.4043 -6.835937 11.71875 13.18359 -6.835937 10.25391 14.4043 -6.835937 8.056641 9.521485 -6.835937 5.371094 19.77539 -3.662109 2.929687 20.01953 -5.859375 5.371094 19.77539 -5.859375 10.74219 15.13672 -1.953125 10.98633 15.38086 -2.197266 10.98633 15.13672 -1.464844 11.71875 15.625 -2.685547 10.98633 15.38086 -5.859375 12.45117 15.86914 -3.662109 10.98633 15.38086 -2.197266 10.98633 15.38086 -5.859375 11.71875 15.625 -2.685547 12.45117 15.86914 -5.859375 12.45117 15.13672 -6.835937 13.42773 15.625 -5.859375 17.08984 0 -0.4882813 17.08984 1.464844 -0.4882813 17.08984 1.708984 -0.7324219 17.08984 0 -0.4882813 17.08984 1.708984 -0.7324219 17.08984 0 -0.9765625 17.08984 1.464844 -0.4882813 17.08984 0 -0.4882813 12.45117 0 -0.4882813 14.89258 8.544922 -0.4882813 15.13672 7.8125 -0.4882813 10.74219 6.103516 -0.4882813 15.86914 6.347656 -0.4882813 16.35742 5.126953 -0.4882813 11.71875 4.150391 -0.4882813 17.08984 1.464844 -0.4882813 12.45117 0 -0.4882813 12.20703 1.953125 -0.4882813 16.8457 3.417969 -0.4882813 12.20703 1.953125 -0.4882813 16.35742 5.126953 -0.4882813 17.08984 1.464844 -0.4882813 12.20703 1.953125 -0.4882813 16.8457 3.417969 -0.4882813 15.38086 8.789063 -6.835937 10.74219 6.103516 -6.835937 15.625 8.056641 -6.835937 16.35742 6.591797 -6.835937 11.71875 4.150391 -6.835937 16.8457 5.371094 -6.835937 18.31055 1.708984 -6.835937 19.28711 3.173828 -6.835937 19.04297 4.150391 -6.835937 17.57813 -0.4882813 -6.835937 18.31055 -2.197266 -6.835937 18.31055 -0.9765625 -6.835937 18.31055 1.708984 -6.835937 19.04297 4.150391 -6.835937 17.57813 1.464844 -6.835937 17.57813 1.464844 -6.835937 17.33399 3.662109 -6.835937 12.20703 1.953125 -6.835937 19.77539 -5.126953 -3.662109 19.77539 -5.126953 -5.859375 19.04297 -7.324219 -5.859375 18.55469 1.708984 -1.953125 18.79883 1.953125 -1.464844 18.79883 1.708984 -2.197266 20.01953 2.929687 -3.662109 20.01953 2.929687 -5.859375 18.79883 1.708984 -5.859375 19.53125 2.197266 -2.685547 20.01953 2.929687 -3.662109 18.79883 1.708984 -5.859375 18.79883 1.708984 -2.197266 19.53125 2.197266 -2.685547 18.79883 1.708984 -5.859375 20.01953 2.929687 -5.859375 20.26367 3.662109 -5.859375 19.28711 3.173828 -6.835937 13.42773 15.625 -3.662109 13.91602 15.13672 -4.882812 13.91602 15.13672 -3.662109 20.26367 3.662109 -3.662109 20.01953 4.150391 -3.662109 20.01953 4.150391 -4.882812 5.615234 18.55469 -1.953125 4.882812 19.77539 -3.173828 6.835937 19.04297 -2.929687 7.568359 18.06641 -2.197266 6.591797 16.35742 -0.4882813 5.615234 18.55469 -1.953125 6.835937 19.04297 -2.929687 4.882812 19.77539 -3.173828 5.371094 19.77539 -3.662109 5.615234 18.55469 -1.953125 6.835937 19.04297 -2.929687 7.568359 18.06641 -2.197266 18.79883 -4.150391 -1.953125 19.77539 -3.417969 -2.929687 19.77539 -5.371094 -3.173828 18.79883 -4.150391 -1.953125 17.57813 -2.441406 -0.4882813 19.28711 -2.441406 -2.197266 19.77539 -3.417969 -2.929687 19.77539 -5.126953 -3.662109 19.77539 -5.371094 -3.173828 18.79883 -4.150391 -1.953125 19.28711 -2.441406 -2.197266 19.77539 -3.417969 -2.929687 -17.08984 0 -0.4882813 -17.08984 1.708984 -0.7324219 -17.08984 1.464844 -0.4882813 -17.08984 0 -0.9765625 -17.08984 1.464844 -0.9765625 -17.08984 1.708984 -0.7324219 -17.08984 1.464844 -0.4882813 -12.45117 0 -0.4882813 -17.08984 0 -0.4882813 -14.89258 8.544922 -0.4882813 -10.74219 6.103516 -0.4882813 -15.13672 7.8125 -0.4882813 -15.86914 6.347656 -0.4882813 -11.71875 4.150391 -0.4882813 -16.35742 5.126953 -0.4882813 -17.08984 1.464844 -0.4882813 -12.20703 1.953125 -0.4882813 -12.45117 0 -0.4882813 -16.8457 3.417969 -0.4882813 -16.35742 5.126953 -0.4882813 -12.20703 1.953125 -0.4882813 -16.35742 5.126953 -0.4882813 -11.71875 4.150391 -0.4882813 -12.20703 1.953125 -0.4882813 -17.08984 1.464844 -0.4882813 -16.8457 3.417969 -0.4882813 -12.20703 1.953125 -0.4882813 -15.38086 8.789063 -6.835937 -15.625 8.056641 -6.835937 -10.74219 6.103516 -6.835937 -16.35742 6.591797 -6.835937 -16.8457 5.371094 -6.835937 -11.71875 4.150391 -6.835937 -18.31055 1.708984 -6.835937 -19.04297 4.150391 -6.835937 -19.28711 3.173828 -6.835937 -17.57813 -0.4882813 -6.835937 -18.31055 -0.9765625 -6.835937 -18.31055 -2.197266 -6.835937 -19.04297 4.150391 -6.835937 -17.57813 1.464844 -6.835937 -17.33399 3.662109 -6.835937 -18.31055 1.708984 -6.835937 -17.57813 1.464844 -6.835937 -19.04297 4.150391 -6.835937 -17.57813 1.464844 -6.835937 -12.20703 1.953125 -6.835937 -17.33399 3.662109 -6.835937 -19.77539 -5.126953 -3.662109 -19.04297 -7.324219 -5.859375 -19.77539 -5.126953 -5.859375 -18.55469 1.708984 -1.953125 -18.79883 1.708984 -2.197266 -18.79883 1.953125 -1.464844 -20.01953 2.929687 -3.662109 -18.79883 1.708984 -5.859375 -20.01953 2.929687 -5.859375 -19.53125 2.197266 -2.685547 -18.79883 1.708984 -5.859375 -20.01953 2.929687 -3.662109 -18.79883 1.708984 -2.197266 -18.79883 1.708984 -5.859375 -19.53125 2.197266 -2.685547 -20.01953 2.929687 -5.859375 -19.28711 3.173828 -6.835937 -20.26367 3.662109 -5.859375 -8.544922 14.89258 -0.4882813 -9.765625 13.91602 -0.4882813 -10.00977 13.91602 -0.7324219 -8.544922 14.89258 -0.4882813 -10.00977 13.91602 -0.7324219 -8.544922 14.89258 -0.9765625 -8.544922 14.89258 -0.9765625 -10.00977 13.91602 -0.7324219 -9.765625 13.91602 -0.9765625 -9.765625 13.91602 -0.4882813 -8.544922 14.89258 -0.4882813 -6.103516 10.74219 -0.4882813 -14.89258 8.544922 -0.4882813 -14.4043 9.277344 -0.4882813 -10.74219 6.103516 -0.4882813 -13.67187 10.49805 -0.4882813 -12.69531 11.47461 -0.4882813 -9.521485 8.056641 -0.4882813 -9.765625 13.91602 -0.4882813 -6.103516 10.74219 -0.4882813 -8.056641 9.521485 -0.4882813 -11.47461 12.69531 -0.4882813 -8.056641 9.521485 -0.4882813 -12.69531 11.47461 -0.4882813 -12.69531 11.47461 -0.4882813 -8.056641 9.521485 -0.4882813 -9.521485 8.056641 -0.4882813 -9.765625 13.91602 -0.4882813 -8.056641 9.521485 -0.4882813 -11.47461 12.69531 -0.4882813 -15.38086 8.789063 -6.835937 -10.74219 6.103516 -6.835937 -14.89258 9.521485 -6.835937 -13.91602 10.74219 -6.835937 -9.521485 8.056641 -6.835937 -12.93945 11.96289 -6.835937 -10.74219 15.13672 -6.835937 -12.45117 15.13672 -6.835937 -13.18359 14.4043 -6.835937 -8.056641 15.625 -6.835937 -7.080078 17.08984 -6.835937 -8.056641 16.35742 -6.835937 -13.18359 14.4043 -6.835937 -11.71875 13.18359 -6.835937 -10.25391 14.4043 -6.835937 -10.74219 15.13672 -6.835937 -13.18359 14.4043 -6.835937 -10.25391 14.4043 -6.835937 -10.25391 14.4043 -6.835937 -11.71875 13.18359 -6.835937 -8.056641 9.521485 -6.835937 -5.371094 19.77539 -3.662109 -5.371094 19.77539 -5.859375 -2.929687 20.01953 -5.859375 -10.74219 15.13672 -1.953125 -10.98633 15.13672 -1.464844 -10.98633 15.38086 -2.197266 -12.45117 15.86914 -3.662109 -12.45117 15.86914 -5.859375 -10.98633 15.38086 -5.859375 -11.71875 15.625 -2.685547 -12.45117 15.86914 -3.662109 -10.98633 15.38086 -5.859375 -10.98633 15.38086 -2.197266 -11.71875 15.625 -2.685547 -10.98633 15.38086 -5.859375 -12.45117 15.86914 -5.859375 -13.42773 15.625 -5.859375 -12.45117 15.13672 -6.835937 -20.26367 3.662109 -3.662109 -20.01953 4.150391 -4.882812 -20.01953 4.150391 -3.662109 -13.42773 15.625 -3.662109 -13.91602 15.13672 -3.662109 -13.91602 15.13672 -4.882812 -18.79883 -4.150391 -1.953125 -19.77539 -5.371094 -3.173828 -19.77539 -3.417969 -2.929687 -18.79883 -4.150391 -1.953125 -19.28711 -2.441406 -2.197266 -17.57813 -2.441406 -0.4882813 -19.77539 -3.417969 -2.929687 -19.77539 -5.371094 -3.173828 -19.77539 -5.126953 -3.662109 -18.79883 -4.150391 -1.953125 -19.77539 -3.417969 -2.929687 -19.28711 -2.441406 -2.197266 -5.615234 18.55469 -1.953125 -6.835937 19.04297 -2.929687 -4.882812 19.77539 -3.173828 -5.615234 18.55469 -1.953125 -6.591797 16.35742 -0.4882813 -7.568359 18.06641 -2.197266 -6.835937 19.04297 -2.929687 -5.371094 19.77539 -3.662109 -4.882812 19.77539 -3.173828 -5.615234 18.55469 -1.953125 -7.568359 18.06641 -2.197266 -6.835937 19.04297 -2.929687 8.544922 -14.89258 -0.4882813 6.835937 -15.625 -0.7324219 7.080078 -15.625 -0.4882813 8.544922 -14.89258 -0.4882813 8.544922 -14.89258 -0.9765625 6.835937 -15.625 -0.7324219 8.544922 -14.89258 -0.9765625 7.080078 -15.625 -0.9765625 6.835937 -15.625 -0.7324219 7.080078 -15.625 -0.4882813 6.103516 -10.74219 -0.4882813 8.544922 -14.89258 -0.4882813 0 -17.08984 -0.4882813 0 -12.45117 -0.4882813 0.7324219 -17.08984 -0.4882813 2.197266 -17.08984 -0.4882813 1.953125 -12.20703 -0.4882813 3.662109 -16.8457 -0.4882813 7.080078 -15.625 -0.4882813 4.150391 -11.71875 -0.4882813 6.103516 -10.74219 -0.4882813 5.126953 -16.35742 -0.4882813 3.662109 -16.8457 -0.4882813 4.150391 -11.71875 -0.4882813 3.662109 -16.8457 -0.4882813 1.953125 -12.20703 -0.4882813 4.150391 -11.71875 -0.4882813 7.080078 -15.625 -0.4882813 5.126953 -16.35742 -0.4882813 4.150391 -11.71875 -0.4882813 0 -17.57813 -6.835937 0.7324219 -17.57813 -6.835937 0 -12.45117 -6.835937 2.197266 -17.57813 -6.835937 3.662109 -17.33399 -6.835937 1.953125 -12.20703 -6.835937 7.568359 -16.8457 -6.835937 5.859375 -18.55469 -6.835937 6.835937 -18.31055 -6.835937 9.277344 -14.89258 -6.835937 10.00977 -15.38086 -6.835937 11.23047 -14.64844 -6.835937 5.859375 -18.55469 -6.835937 7.324219 -16.11328 -6.835937 5.371094 -16.8457 -6.835937 7.568359 -16.8457 -6.835937 7.324219 -16.11328 -6.835937 5.859375 -18.55469 -6.835937 7.324219 -16.11328 -6.835937 4.150391 -11.71875 -6.835937 5.371094 -16.8457 -6.835937 14.4043 -14.4043 -3.662109 15.86914 -12.69531 -5.859375 14.4043 -14.4043 -5.859375 7.8125 -16.8457 -1.953125 7.8125 -17.33399 -2.197266 7.568359 -17.08984 -1.464844 7.324219 -18.79883 -3.662109 7.8125 -17.33399 -5.859375 7.324219 -18.79883 -5.859375 7.568359 -18.06641 -2.685547 7.8125 -17.33399 -5.859375 7.324219 -18.79883 -3.662109 7.8125 -17.33399 -2.197266 7.8125 -17.33399 -5.859375 7.568359 -18.06641 -2.685547 7.324219 -18.79883 -5.859375 6.835937 -18.31055 -6.835937 6.835937 -19.53125 -5.859375 -8.544922 -14.89258 -0.4882813 -7.080078 -15.625 -0.4882813 -6.835937 -15.625 -0.7324219 -8.544922 -14.89258 -0.4882813 -6.835937 -15.625 -0.7324219 -8.544922 -14.89258 -0.9765625 -8.544922 -14.89258 -0.9765625 -6.835937 -15.625 -0.7324219 -7.080078 -15.625 -0.9765625 -7.080078 -15.625 -0.4882813 -8.544922 -14.89258 -0.4882813 -6.103516 -10.74219 -0.4882813 -7.080078 -15.625 -0.4882813 -6.103516 -10.74219 -0.4882813 -4.150391 -11.71875 -0.4882813 -5.126953 -16.35742 -0.4882813 -4.150391 -11.71875 -0.4882813 -3.662109 -16.8457 -0.4882813 -3.662109 -16.8457 -0.4882813 -4.150391 -11.71875 -0.4882813 -1.953125 -12.20703 -0.4882813 -7.080078 -15.625 -0.4882813 -4.150391 -11.71875 -0.4882813 -5.126953 -16.35742 -0.4882813 0 -17.57813 -6.835937 0 -12.45117 -6.835937 -0.7324219 -17.57813 -6.835937 -2.197266 -17.57813 -6.835937 -1.953125 -12.20703 -6.835937 -3.662109 -17.33399 -6.835937 -7.568359 -16.8457 -6.835937 -6.835937 -18.31055 -6.835937 -5.859375 -18.55469 -6.835937 -9.277344 -14.89258 -6.835937 -11.23047 -14.64844 -6.835937 -10.00977 -15.38086 -6.835937 -5.859375 -18.55469 -6.835937 -5.371094 -16.8457 -6.835937 -7.324219 -16.11328 -6.835937 -7.568359 -16.8457 -6.835937 -5.859375 -18.55469 -6.835937 -7.324219 -16.11328 -6.835937 -7.324219 -16.11328 -6.835937 -5.371094 -16.8457 -6.835937 -4.150391 -11.71875 -6.835937 -14.4043 -14.4043 -3.662109 -14.4043 -14.4043 -5.859375 -15.86914 -12.69531 -5.859375 -7.8125 -16.8457 -1.953125 -7.568359 -17.08984 -1.464844 -7.8125 -17.33399 -2.197266 -7.324219 -18.79883 -3.662109 -7.324219 -18.79883 -5.859375 -7.8125 -17.33399 -5.859375 -7.568359 -18.06641 -2.685547 -7.324219 -18.79883 -3.662109 -7.8125 -17.33399 -5.859375 -7.8125 -17.33399 -2.197266 -7.568359 -18.06641 -2.685547 -7.8125 -17.33399 -5.859375 -7.324219 -18.79883 -5.859375 -6.835937 -19.53125 -5.859375 -6.835937 -18.31055 -6.835937 6.835937 -19.53125 -3.662109 6.103516 -19.53125 -4.882812 6.103516 -19.53125 -3.662109 -6.835937 -19.53125 -3.662109 -6.103516 -19.53125 -3.662109 -6.103516 -19.53125 -4.882812 13.18359 -14.16016 -1.953125 14.64844 -14.16016 -3.173828 12.93945 -15.38086 -2.929687 13.18359 -14.16016 -1.953125 11.71875 -15.38086 -2.197266 10.74219 -13.91602 -0.4882813 12.93945 -15.38086 -2.929687 14.64844 -14.16016 -3.173828 14.4043 -14.4043 -3.662109 13.18359 -14.16016 -1.953125 12.93945 -15.38086 -2.929687 11.71875 -15.38086 -2.197266 -13.18359 -14.16016 -1.953125 -12.93945 -15.38086 -2.929687 -14.64844 -14.16016 -3.173828 -13.18359 -14.16016 -1.953125 -10.74219 -13.91602 -0.4882813 -11.71875 -15.38086 -2.197266 -12.93945 -15.38086 -2.929687 -14.4043 -14.4043 -3.662109 -14.64844 -14.16016 -3.173828 -13.18359 -14.16016 -1.953125 -11.71875 -15.38086 -2.197266 -12.93945 -15.38086 -2.929687 -1.953125 7.324219 0 -1.953125 5.371094 0 -1.953125 7.568359 -0.2441406 -1.953125 7.568359 -2.441406 -1.953125 12.45117 -0.2441406 -1.953125 7.568359 -0.2441406 1.953125 -7.324219 0 1.953125 -5.371094 0 1.953125 -7.568359 -0.2441406 1.953125 -7.568359 -2.441406 1.953125 -12.45117 -0.2441406 1.953125 -7.568359 -0.2441406 1.953125 7.324219 0 1.953125 7.568359 -0.2441406 1.953125 5.371094 0 1.953125 7.568359 -2.441406 1.953125 7.568359 -0.2441406 1.953125 12.45117 -0.2441406 -1.953125 -7.324219 0 -1.953125 -7.568359 -0.2441406 -1.953125 -5.371094 0 -1.953125 -7.568359 -2.441406 -1.953125 -7.568359 -0.2441406 -1.953125 -12.45117 -0.2441406 8.544922 15.625 -0.4882813 8.544922 14.89258 -0.4882813 6.591797 16.35742 -0.4882813 17.82227 -0.2441406 -0.4882813 17.57813 -2.441406 -0.4882813 17.08984 0 -0.4882813 -17.82227 -0.2441406 -0.4882813 -17.08984 0 -0.4882813 -17.57813 -2.441406 -0.4882813 -8.544922 15.625 -0.4882813 -6.591797 16.35742 -0.4882813 -8.544922 14.89258 -0.4882813 9.033204 -15.13672 -0.4882813 8.544922 -14.89258 -0.4882813 10.74219 -13.91602 -0.4882813 -9.033204 -15.13672 -0.4882813 -10.74219 -13.91602 -0.4882813 -8.544922 -14.89258 -0.4882813 0 8.789063 -5.615234 -2.441406 10.98633 -5.615234 0 11.47461 -5.615234 -5.859375 5.126953 -5.615234 -7.324219 8.789063 -5.615234 -5.615234 9.765625 -5.615234 -7.324219 2.929687 -5.615234 -11.71875 4.150391 -5.615234 -9.521485 4.150391 -5.615234 -7.324219 2.929687 -5.615234 -7.324219 -2.929687 -5.615234 -12.45117 0 -5.615234 -9.521485 8.056641 -5.615234 -9.277344 7.324219 -5.615234 -10.74219 6.103516 -5.615234 0 8.789063 -5.859375 0 11.47461 -5.859375 -2.441406 10.98633 -5.859375 -5.859375 5.126953 -5.859375 -5.615234 9.765625 -5.859375 -7.324219 8.789063 -5.859375 -7.324219 2.929687 -5.859375 -9.521485 4.150391 -5.859375 -11.71875 4.150391 -5.859375 -9.521485 8.056641 -5.859375 -10.74219 6.103516 -5.859375 -9.277344 7.324219 -5.859375 -7.324219 8.789063 -5.615234 -5.859375 5.126953 -5.615234 -8.300782 6.591797 -5.615234 -5.859375 5.126953 -5.859375 -7.324219 8.789063 -5.859375 -8.300782 6.591797 -5.859375 -7.324219 8.789063 -5.615234 -8.300782 6.591797 -5.615234 -8.789063 7.324219 -5.615234 -8.300782 6.591797 -5.859375 -7.324219 8.789063 -5.859375 -8.789063 7.324219 -5.859375 -9.277344 6.347656 -5.615234 -10.00977 5.126953 -5.615234 -10.74219 6.103516 -5.615234 -10.74219 6.103516 -5.859375 -10.00977 5.126953 -5.859375 -9.277344 6.347656 -5.859375 0 8.789063 -5.615234 -3.90625 10.74219 -5.615234 -2.441406 10.98633 -5.615234 -2.441406 10.98633 -5.859375 -3.90625 10.74219 -5.859375 0 8.789063 -5.859375 0 -8.789063 -5.615234 2.441406 -10.98633 -5.615234 0 -11.47461 -5.615234 5.859375 -5.126953 -5.615234 7.324219 -8.789063 -5.615234 5.615234 -9.765625 -5.615234 7.324219 -2.929687 -5.615234 11.71875 -4.150391 -5.615234 9.521485 -4.150391 -5.615234 9.521485 -8.056641 -5.615234 9.277344 -7.324219 -5.615234 10.74219 -6.103516 -5.615234 0 -8.789063 -5.859375 0 -11.47461 -5.859375 2.441406 -10.98633 -5.859375 5.859375 -5.126953 -5.859375 5.615234 -9.765625 -5.859375 7.324219 -8.789063 -5.859375 7.324219 -2.929687 -5.859375 9.521485 -4.150391 -5.859375 11.71875 -4.150391 -5.859375 9.521485 -8.056641 -5.859375 10.74219 -6.103516 -5.859375 9.277344 -7.324219 -5.859375 7.324219 -8.789063 -5.615234 5.859375 -5.126953 -5.615234 8.300782 -6.591797 -5.615234 5.859375 -5.126953 -5.859375 7.324219 -8.789063 -5.859375 8.300782 -6.591797 -5.859375 7.324219 -8.789063 -5.615234 8.300782 -6.591797 -5.615234 8.789063 -7.324219 -5.615234 8.300782 -6.591797 -5.859375 7.324219 -8.789063 -5.859375 8.789063 -7.324219 -5.859375 9.277344 -6.347656 -5.615234 10.00977 -5.126953 -5.615234 10.74219 -6.103516 -5.615234 10.74219 -6.103516 -5.859375 10.00977 -5.126953 -5.859375 9.277344 -6.347656 -5.859375 0 -8.789063 -5.615234 3.90625 -10.74219 -5.615234 2.441406 -10.98633 -5.615234 2.441406 -10.98633 -5.859375 3.90625 -10.74219 -5.859375 0 -8.789063 -5.859375 0 8.789063 -5.615234 0 11.47461 -5.615234 2.441406 10.98633 -5.615234 5.859375 5.126953 -5.615234 5.615234 9.765625 -5.615234 7.324219 8.789063 -5.615234 7.324219 2.929687 -5.615234 9.521485 4.150391 -5.615234 11.71875 4.150391 -5.615234 9.521485 8.056641 -5.615234 10.74219 6.103516 -5.615234 9.277344 7.324219 -5.615234 0 8.789063 -5.859375 2.441406 10.98633 -5.859375 0 11.47461 -5.859375 5.859375 5.126953 -5.859375 7.324219 8.789063 -5.859375 5.615234 9.765625 -5.859375 7.324219 2.929687 -5.859375 11.71875 4.150391 -5.859375 9.521485 4.150391 -5.859375 7.324219 2.929687 -5.859375 7.324219 -2.929687 -5.859375 12.45117 0 -5.859375 9.521485 8.056641 -5.859375 9.277344 7.324219 -5.859375 10.74219 6.103516 -5.859375 7.324219 8.789063 -5.615234 8.300782 6.591797 -5.615234 5.859375 5.126953 -5.615234 5.859375 5.126953 -5.859375 8.300782 6.591797 -5.859375 7.324219 8.789063 -5.859375 7.324219 8.789063 -5.615234 8.789063 7.324219 -5.615234 8.300782 6.591797 -5.615234 8.300782 6.591797 -5.859375 8.789063 7.324219 -5.859375 7.324219 8.789063 -5.859375 9.277344 6.347656 -5.615234 10.74219 6.103516 -5.615234 10.00977 5.126953 -5.615234 10.74219 6.103516 -5.859375 9.277344 6.347656 -5.859375 10.00977 5.126953 -5.859375 0 8.789063 -5.615234 2.441406 10.98633 -5.615234 3.90625 10.74219 -5.615234 2.441406 10.98633 -5.859375 0 8.789063 -5.859375 3.90625 10.74219 -5.859375 0 -8.789063 -5.615234 0 -11.47461 -5.615234 -2.441406 -10.98633 -5.615234 -5.859375 -5.126953 -5.615234 -5.615234 -9.765625 -5.615234 -7.324219 -8.789063 -5.615234 -7.324219 -2.929687 -5.615234 -9.521485 -4.150391 -5.615234 -11.71875 -4.150391 -5.615234 -9.521485 -8.056641 -5.615234 -10.74219 -6.103516 -5.615234 -9.277344 -7.324219 -5.615234 0 -8.789063 -5.859375 -2.441406 -10.98633 -5.859375 0 -11.47461 -5.859375 -5.859375 -5.126953 -5.859375 -7.324219 -8.789063 -5.859375 -5.615234 -9.765625 -5.859375 -7.324219 -2.929687 -5.859375 -11.71875 -4.150391 -5.859375 -9.521485 -4.150391 -5.859375 -9.521485 -8.056641 -5.859375 -9.277344 -7.324219 -5.859375 -10.74219 -6.103516 -5.859375 -7.324219 -8.789063 -5.615234 -8.300782 -6.591797 -5.615234 -5.859375 -5.126953 -5.615234 -5.859375 -5.126953 -5.859375 -8.300782 -6.591797 -5.859375 -7.324219 -8.789063 -5.859375 -7.324219 -8.789063 -5.615234 -8.789063 -7.324219 -5.615234 -8.300782 -6.591797 -5.615234 -8.300782 -6.591797 -5.859375 -8.789063 -7.324219 -5.859375 -7.324219 -8.789063 -5.859375 -9.277344 -6.347656 -5.615234 -10.74219 -6.103516 -5.615234 -10.00977 -5.126953 -5.615234 -10.74219 -6.103516 -5.859375 -9.277344 -6.347656 -5.859375 -10.00977 -5.126953 -5.859375 0 -8.789063 -5.615234 -2.441406 -10.98633 -5.615234 -3.90625 -10.74219 -5.615234 -2.441406 -10.98633 -5.859375 0 -8.789063 -5.859375 -3.90625 -10.74219 -5.859375 -7.324219 2.929687 -5.859375 -12.45117 0 -5.859375 -7.324219 -2.929687 -5.859375 7.324219 2.929687 -5.615234 12.45117 0 -5.615234 7.324219 -2.929687 -5.615234 -8.789063 7.324219 -5.615234 -8.300782 6.591797 -5.615234 -9.277344 6.347656 -5.615234 -9.277344 7.324219 -5.615234 -8.789063 7.324219 -5.615234 -9.277344 6.347656 -5.615234 -9.277344 7.324219 -5.615234 -9.277344 6.347656 -5.615234 -10.74219 6.103516 -5.615234 -8.789063 7.324219 -5.859375 -9.277344 6.347656 -5.859375 -8.300782 6.591797 -5.859375 -9.277344 7.324219 -5.859375 -10.74219 6.103516 -5.859375 -9.277344 6.347656 -5.859375 -9.277344 7.324219 -5.859375 -9.277344 6.347656 -5.859375 -8.789063 7.324219 -5.859375 9.277344 -6.347656 -5.615234 8.789063 -7.324219 -5.615234 8.300782 -6.591797 -5.615234 9.277344 -6.347656 -5.615234 9.277344 -7.324219 -5.615234 8.789063 -7.324219 -5.615234 10.74219 -6.103516 -5.615234 9.277344 -7.324219 -5.615234 9.277344 -6.347656 -5.615234 9.277344 -6.347656 -5.859375 8.300782 -6.591797 -5.859375 8.789063 -7.324219 -5.859375 10.74219 -6.103516 -5.859375 9.277344 -6.347656 -5.859375 9.277344 -7.324219 -5.859375 9.277344 -6.347656 -5.859375 8.789063 -7.324219 -5.859375 9.277344 -7.324219 -5.859375 8.789063 7.324219 -5.615234 9.277344 6.347656 -5.615234 8.300782 6.591797 -5.615234 9.277344 7.324219 -5.615234 10.74219 6.103516 -5.615234 9.277344 6.347656 -5.615234 9.277344 7.324219 -5.615234 9.277344 6.347656 -5.615234 8.789063 7.324219 -5.615234 8.789063 7.324219 -5.859375 8.300782 6.591797 -5.859375 9.277344 6.347656 -5.859375 9.277344 7.324219 -5.859375 8.789063 7.324219 -5.859375 9.277344 6.347656 -5.859375 9.277344 7.324219 -5.859375 9.277344 6.347656 -5.859375 10.74219 6.103516 -5.859375 -9.277344 -6.347656 -5.615234 -8.300782 -6.591797 -5.615234 -8.789063 -7.324219 -5.615234 -10.74219 -6.103516 -5.615234 -9.277344 -6.347656 -5.615234 -9.277344 -7.324219 -5.615234 -9.277344 -6.347656 -5.615234 -8.789063 -7.324219 -5.615234 -9.277344 -7.324219 -5.615234 -9.277344 -6.347656 -5.859375 -8.789063 -7.324219 -5.859375 -8.300782 -6.591797 -5.859375 -9.277344 -6.347656 -5.859375 -9.277344 -7.324219 -5.859375 -8.789063 -7.324219 -5.859375 -10.74219 -6.103516 -5.859375 -9.277344 -7.324219 -5.859375 -9.277344 -6.347656 -5.859375 -9.521485 4.150391 -5.615234 -7.324219 2.929687 -5.615234 -9.521485 4.150391 -5.615234 -7.080078 2.929687 -5.615234 -7.324219 2.929687 -5.615234 -9.521485 4.150391 -5.615234 -7.080078 2.929687 -5.615234 -7.324219 2.929687 -5.615234 -7.324219 2.929687 -5.615234 -7.080078 2.929687 -5.615234 -7.324219 2.929687 -5.615234 -7.324219 2.929687 -5.615234 -7.080078 2.929687 -5.615234 -7.324219 2.929687 -5.615234 -7.324219 2.929687 -5.615234 -7.080078 2.929687 -5.615234 -7.324219 2.929687 -5.615234 -7.080078 2.929687 -5.615234 -9.521485 4.150391 -5.859375 -7.080078 2.929687 -5.859375 -9.521485 4.150391 -5.615234 -7.080078 2.929687 -5.859375 -7.080078 2.929687 -5.615234 -9.521485 4.150391 -5.615234 -7.080078 2.929687 -5.859375 -7.080078 2.929687 -5.615234 -7.080078 2.929687 -5.615234 7.324219 -2.929687 -5.615234 9.521485 -4.150391 -5.615234 9.521485 -4.150391 -5.615234 7.080078 -2.929687 -5.615234 7.324219 -2.929687 -5.615234 9.521485 -4.150391 -5.615234 7.080078 -2.929687 -5.615234 7.324219 -2.929687 -5.615234 7.324219 -2.929687 -5.615234 7.080078 -2.929687 -5.615234 7.324219 -2.929687 -5.615234 7.324219 -2.929687 -5.615234 7.080078 -2.929687 -5.615234 7.324219 -2.929687 -5.615234 7.324219 -2.929687 -5.615234 7.080078 -2.929687 -5.615234 7.324219 -2.929687 -5.615234 7.080078 -2.929687 -5.615234 9.521485 -4.150391 -5.859375 7.080078 -2.929687 -5.859375 9.521485 -4.150391 -5.615234 7.080078 -2.929687 -5.859375 7.080078 -2.929687 -5.615234 9.521485 -4.150391 -5.615234 7.080078 -2.929687 -5.859375 7.080078 -2.929687 -5.615234 7.080078 -2.929687 -5.615234 17.08984 9.765625 -2.197266 16.11328 9.277344 -1.220703 16.60156 10.74219 -2.197266 15.625 10.00977 -1.220703 0 0 0 15.625 11.96289 -2.197266 14.64844 11.23047 -1.220703 14.64844 13.18359 -2.197266 13.67187 12.45117 -1.220703 10.98633 15.13672 -1.464844 12.20703 15.38086 -2.197266 12.45117 13.91602 -1.220703 13.18359 14.64844 -2.197266 9.765625 13.91602 -0.9765625 8.544922 14.89258 -0.9765625 10.25391 14.4043 -0.9765625 8.544922 15.625 -0.9765625 12.45117 13.91602 -1.220703 11.96289 13.18359 -0.7324219 10.98633 15.13672 -1.464844 10.49805 14.16016 -0.7324219 16.11328 9.277344 -1.220703 15.38086 8.789063 -0.7324219 15.625 10.00977 -1.220703 14.89258 9.521485 -0.7324219 15.625 10.00977 -1.220703 14.89258 9.521485 -0.7324219 14.64844 11.23047 -1.220703 13.91602 10.74219 -0.7324219 14.64844 11.23047 -1.220703 13.91602 10.74219 -0.7324219 13.67187 12.45117 -1.220703 12.93945 11.96289 -0.7324219 13.67187 12.45117 -1.220703 12.93945 11.96289 -0.7324219 12.45117 13.91602 -1.220703 11.96289 13.18359 -0.7324219 8.544922 15.625 -0.4882813 8.544922 15.625 -0.9765625 8.544922 14.89258 -0.4882813 8.544922 14.89258 -0.9765625 8.544922 15.625 -0.9765625 8.544922 15.625 -0.4882813 8.544922 16.35742 -1.953125 8.544922 17.33399 -2.197266 14.4043 9.277344 -0.4882813 14.4043 9.277344 -0.7324219 14.89258 8.544922 -0.4882813 14.89258 8.544922 -0.7324219 13.67187 10.49805 -0.4882813 13.67187 10.49805 -0.7324219 14.4043 9.277344 -0.4882813 14.4043 9.277344 -0.7324219 12.69531 11.47461 -0.4882813 12.69531 11.47461 -0.7324219 13.67187 10.49805 -0.4882813 13.67187 10.49805 -0.7324219 9.765625 13.91602 -0.4882813 10.00977 13.91602 -0.7324219 11.47461 12.69531 -0.4882813 11.47461 12.69531 -0.7324219 11.47461 12.69531 -0.4882813 11.47461 12.69531 -0.7324219 12.69531 11.47461 -0.4882813 12.69531 11.47461 -0.7324219 15.38086 8.789063 -0.7324219 14.89258 8.544922 -0.7324219 14.89258 9.521485 -0.7324219 14.4043 9.277344 -0.7324219 14.89258 9.521485 -0.7324219 14.4043 9.277344 -0.7324219 13.91602 10.74219 -0.7324219 13.67187 10.49805 -0.7324219 13.91602 10.74219 -0.7324219 13.67187 10.49805 -0.7324219 12.93945 11.96289 -0.7324219 12.69531 11.47461 -0.7324219 11.96289 13.18359 -0.7324219 11.47461 12.69531 -0.7324219 10.49805 14.16016 -0.7324219 10.00977 13.91602 -0.7324219 12.93945 11.96289 -0.7324219 12.69531 11.47461 -0.7324219 11.96289 13.18359 -0.7324219 11.47461 12.69531 -0.7324219 15.625 10.00977 -1.464844 16.35742 10.49805 -2.441406 15.625 10.00977 -1.220703 16.60156 10.74219 -2.197266 13.67187 12.45117 -1.464844 14.4043 13.18359 -2.441406 13.67187 12.45117 -1.220703 14.64844 13.18359 -2.197266 12.45117 13.91602 -1.220703 13.18359 14.64844 -2.197266 12.45117 13.91602 -1.464844 13.18359 14.4043 -2.441406 13.67187 12.45117 -1.220703 12.45117 13.91602 -1.220703 13.67187 12.45117 -1.464844 12.45117 13.91602 -1.464844 14.64844 11.23047 -1.464844 14.64844 11.23047 -1.220703 15.38086 11.96289 -2.441406 15.625 11.96289 -2.197266 15.625 10.00977 -1.220703 14.64844 11.23047 -1.220703 15.625 10.00977 -1.464844 14.64844 11.23047 -1.464844 13.67187 10.49805 -0.4882813 14.4043 9.277344 -0.4882813 9.521485 8.056641 -0.4882813 10.74219 6.103516 -0.4882813 4.150391 11.71875 -6.835937 7.080078 17.08984 -6.835937 5.126953 18.79883 -6.835937 6.347656 18.06641 -6.835937 14.89258 9.521485 -6.835937 13.91602 10.74219 -6.835937 10.74219 6.103516 -6.835937 9.521485 8.056641 -6.835937 12.93945 11.96289 -6.835937 11.71875 13.18359 -6.835937 9.521485 8.056641 -6.835937 8.056641 9.521485 -6.835937 15.38086 8.789063 -6.835937 16.8457 9.765625 -6.835937 14.89258 9.521485 -6.835937 16.35742 10.49805 -6.835937 14.89258 9.521485 -6.835937 16.35742 10.49805 -6.835937 13.91602 10.74219 -6.835937 15.38086 11.96289 -6.835937 13.91602 10.74219 -6.835937 15.38086 11.96289 -6.835937 12.93945 11.96289 -6.835937 14.4043 13.18359 -6.835937 12.93945 11.96289 -6.835937 14.4043 13.18359 -6.835937 11.71875 13.18359 -6.835937 13.18359 14.4043 -6.835937 4.150391 11.71875 -6.835937 6.103516 10.74219 -6.835937 7.080078 17.08984 -6.835937 8.056641 15.625 -6.835937 8.056641 9.521485 -6.835937 10.25391 14.4043 -6.835937 6.103516 10.74219 -6.835937 8.056641 15.625 -6.835937 1.953125 12.20703 -6.835937 2.685547 19.04297 -6.835937 0 12.45117 -6.835937 0 19.28711 -6.835937 4.150391 11.71875 -6.835937 5.126953 18.79883 -6.835937 1.953125 12.20703 -6.835937 2.685547 19.04297 -6.835937 16.35742 10.49805 -2.441406 15.625 10.00977 -1.464844 15.38086 11.96289 -2.441406 14.64844 11.23047 -1.464844 14.4043 13.18359 -2.441406 13.67187 12.45117 -1.464844 13.18359 14.4043 -2.441406 12.45117 13.91602 -1.464844 10.25391 14.4043 -0.9765625 8.544922 15.625 -0.9765625 10.74219 15.13672 -1.953125 8.544922 16.35742 -1.953125 15.86914 12.20703 -3.662109 17.08984 10.98633 -3.662109 15.38086 11.96289 -2.441406 16.35742 10.49805 -2.441406 14.4043 13.18359 -2.441406 13.18359 14.4043 -2.441406 14.89258 13.67187 -3.662109 13.67187 14.89258 -3.662109 16.60156 10.74219 -2.197266 16.35742 10.49805 -2.441406 17.33399 10.98633 -3.662109 17.08984 10.98633 -3.662109 15.625 11.96289 -2.197266 16.35742 12.45117 -3.662109 15.38086 11.96289 -2.441406 15.86914 12.20703 -3.662109 14.64844 13.18359 -2.197266 14.4043 13.18359 -2.441406 15.13672 13.91602 -3.662109 14.89258 13.67187 -3.662109 13.18359 14.64844 -2.197266 13.91602 15.13672 -3.662109 13.18359 14.4043 -2.441406 13.67187 14.89258 -3.662109 15.86914 12.20703 -4.882812 17.08984 10.98633 -4.882812 15.86914 12.20703 -3.662109 17.08984 10.98633 -3.662109 14.89258 13.67187 -3.662109 13.67187 14.89258 -3.662109 14.89258 13.67187 -4.882812 13.67187 14.89258 -4.882812 17.33399 10.98633 -4.882812 17.08984 10.98633 -4.882812 16.35742 12.45117 -4.882812 15.86914 12.20703 -4.882812 17.33399 10.98633 -3.662109 17.08984 10.98633 -3.662109 17.33399 10.98633 -4.882812 17.08984 10.98633 -4.882812 15.86914 12.20703 -4.882812 15.86914 12.20703 -3.662109 16.35742 12.45117 -4.882812 16.35742 12.45117 -3.662109 15.13672 13.91602 -4.882812 14.89258 13.67187 -4.882812 13.91602 15.13672 -4.882812 13.67187 14.89258 -4.882812 15.13672 13.91602 -3.662109 14.89258 13.67187 -3.662109 15.13672 13.91602 -4.882812 14.89258 13.67187 -4.882812 13.67187 14.89258 -3.662109 13.91602 15.13672 -3.662109 13.67187 14.89258 -4.882812 13.91602 15.13672 -4.882812 6.591797 16.35742 -0.4882813 2.929687 17.57813 -0.4882813 5.615234 18.55469 -1.953125 2.929687 19.04297 -1.953125 2.929687 17.57813 -0.4882813 0 17.57813 -0.4882813 2.929687 19.04297 -1.953125 0 19.28711 -1.953125 6.103516 10.74219 -0.4882813 6.103516 10.74219 -6.835937 4.150391 11.71875 -0.4882813 4.150391 11.71875 -6.835937 10.74219 6.103516 -0.4882813 10.74219 6.103516 -6.835937 9.521485 8.056641 -0.4882813 9.521485 8.056641 -6.835937 8.056641 9.521485 -0.4882813 8.056641 9.521485 -6.835937 6.103516 10.74219 -0.4882813 6.103516 10.74219 -6.835937 9.521485 8.056641 -0.4882813 9.521485 8.056641 -6.835937 8.056641 9.521485 -0.4882813 8.056641 9.521485 -6.835937 1.953125 12.20703 -0.4882813 1.953125 12.20703 -6.835937 0 12.45117 -0.4882813 0 12.45117 -6.835937 4.150391 11.71875 -0.4882813 4.150391 11.71875 -6.835937 1.953125 12.20703 -0.4882813 1.953125 12.20703 -6.835937 0 20.50781 -3.173828 0 20.50781 -5.859375 2.929687 20.01953 -3.173828 2.929687 20.01953 -5.859375 8.544922 16.35742 -1.953125 8.544922 17.33399 -2.197266 8.544922 16.35742 -5.859375 8.544922 17.33399 -5.859375 2.929687 20.01953 -3.173828 2.929687 20.01953 -5.859375 4.882812 19.77539 -3.173828 5.371094 19.77539 -3.662109 17.08984 9.765625 -2.197266 16.60156 10.74219 -2.197266 17.82227 10.25391 -3.662109 17.33399 10.98633 -3.662109 15.625 11.96289 -2.197266 14.64844 13.18359 -2.197266 16.35742 12.45117 -3.662109 15.13672 13.91602 -3.662109 13.42773 15.625 -3.662109 13.91602 15.13672 -3.662109 12.20703 15.38086 -2.197266 13.18359 14.64844 -2.197266 10.00977 13.91602 -0.7324219 9.765625 13.91602 -0.9765625 10.49805 14.16016 -0.7324219 10.25391 14.4043 -0.9765625 10.25391 14.4043 -0.9765625 10.74219 15.13672 -1.953125 10.49805 14.16016 -0.7324219 10.98633 15.13672 -1.464844 13.42773 15.625 -3.662109 12.45117 15.86914 -3.662109 13.42773 15.625 -5.859375 12.45117 15.86914 -5.859375 11.71875 15.625 -2.685547 12.45117 15.86914 -3.662109 12.20703 15.38086 -2.197266 13.42773 15.625 -3.662109 11.71875 15.625 -2.685547 12.20703 15.38086 -2.197266 10.98633 15.38086 -2.197266 10.98633 15.13672 -1.464844 10.74219 15.13672 -1.953125 10.74219 15.13672 -5.859375 10.98633 15.38086 -2.197266 10.98633 15.38086 -5.859375 12.45117 15.86914 -5.859375 12.45117 15.86914 -3.662109 12.45117 15.86914 -5.859375 10.98633 15.38086 -5.859375 10.74219 15.13672 -5.859375 10.25391 14.4043 -6.835937 10.98633 15.38086 -5.859375 10.74219 15.13672 -6.835937 16.35742 10.49805 -6.835937 16.8457 9.765625 -6.835937 17.33399 10.98633 -5.859375 17.82227 10.25391 -5.859375 14.4043 13.18359 -6.835937 15.38086 11.96289 -6.835937 15.13672 13.91602 -5.859375 16.35742 12.45117 -5.859375 12.45117 15.13672 -6.835937 13.18359 14.4043 -6.835937 13.42773 15.625 -5.859375 13.91602 15.13672 -5.859375 13.18359 14.4043 -6.835937 14.4043 13.18359 -6.835937 13.91602 15.13672 -5.859375 15.13672 13.91602 -5.859375 16.35742 12.45117 -5.859375 15.38086 11.96289 -6.835937 17.33399 10.98633 -5.859375 16.35742 10.49805 -6.835937 12.45117 15.13672 -6.835937 12.45117 15.86914 -5.859375 10.74219 15.13672 -6.835937 10.98633 15.38086 -5.859375 8.056641 15.625 -6.835937 10.25391 14.4043 -6.835937 8.544922 16.35742 -5.859375 10.74219 15.13672 -5.859375 0 19.28711 -6.835937 2.685547 19.04297 -6.835937 0 20.50781 -5.859375 2.929687 20.01953 -5.859375 2.685547 19.04297 -6.835937 5.126953 18.79883 -6.835937 2.929687 20.01953 -5.859375 5.371094 19.77539 -5.859375 8.056641 16.35742 -6.835937 8.056641 15.625 -6.835937 8.544922 17.33399 -5.859375 8.544922 16.35742 -5.859375 5.126953 18.79883 -6.835937 6.347656 18.06641 -6.835937 5.371094 19.77539 -5.859375 6.835937 19.04297 -5.859375 17.08984 9.765625 -2.197266 17.57813 9.033204 -2.197266 16.11328 9.277344 -1.220703 16.60156 8.544922 -1.220703 18.31055 7.324219 -2.197266 18.79883 5.859375 -2.197266 17.08984 7.080078 -1.220703 17.82227 5.615234 -1.220703 18.79883 1.953125 -1.464844 18.31055 3.90625 -1.220703 19.53125 2.685547 -2.197266 19.28711 4.150391 -2.197266 17.08984 1.464844 -0.9765625 17.57813 1.464844 -0.9765625 17.08984 0 -0.9765625 17.82227 -0.2441406 -0.9765625 18.31055 3.90625 -1.220703 18.79883 1.953125 -1.464844 17.33399 3.662109 -0.7324219 17.57813 1.953125 -0.7324219 16.11328 9.277344 -1.220703 16.60156 8.544922 -1.220703 15.38086 8.789063 -0.7324219 15.625 8.056641 -0.7324219 16.60156 8.544922 -1.220703 17.08984 7.080078 -1.220703 15.625 8.056641 -0.7324219 16.35742 6.591797 -0.7324219 17.08984 7.080078 -1.220703 17.82227 5.615234 -1.220703 16.35742 6.591797 -0.7324219 16.8457 5.371094 -0.7324219 16.8457 5.371094 -0.7324219 17.82227 5.615234 -1.220703 17.33399 3.662109 -0.7324219 18.31055 3.90625 -1.220703 17.82227 -0.2441406 -0.4882813 17.08984 0 -0.4882813 17.82227 -0.2441406 -0.9765625 17.08984 0 -0.9765625 17.82227 -0.2441406 -0.9765625 18.55469 -0.7324219 -1.953125 17.82227 -0.2441406 -0.4882813 19.28711 -1.220703 -2.197266 15.13672 7.8125 -0.4882813 14.89258 8.544922 -0.4882813 15.13672 7.8125 -0.7324219 14.89258 8.544922 -0.7324219 15.86914 6.347656 -0.4882813 15.13672 7.8125 -0.4882813 15.86914 6.347656 -0.7324219 15.13672 7.8125 -0.7324219 16.35742 5.126953 -0.4882813 15.86914 6.347656 -0.4882813 16.35742 5.126953 -0.7324219 15.86914 6.347656 -0.7324219 17.08984 1.464844 -0.4882813 16.8457 3.417969 -0.4882813 17.08984 1.708984 -0.7324219 16.8457 3.417969 -0.7324219 16.8457 3.417969 -0.4882813 16.35742 5.126953 -0.4882813 16.8457 3.417969 -0.7324219 16.35742 5.126953 -0.7324219 17.08984 1.464844 -0.9765625 17.08984 1.464844 -0.9765625 17.08984 1.708984 -0.7324219 17.08984 0 -0.9765625 15.38086 8.789063 -0.7324219 15.625 8.056641 -0.7324219 14.89258 8.544922 -0.7324219 15.13672 7.8125 -0.7324219 15.625 8.056641 -0.7324219 16.35742 6.591797 -0.7324219 15.13672 7.8125 -0.7324219 15.86914 6.347656 -0.7324219 16.35742 6.591797 -0.7324219 16.8457 5.371094 -0.7324219 15.86914 6.347656 -0.7324219 16.35742 5.126953 -0.7324219 17.57813 1.953125 -0.7324219 17.08984 1.708984 -0.7324219 17.33399 3.662109 -0.7324219 16.8457 3.417969 -0.7324219 16.8457 5.371094 -0.7324219 17.33399 3.662109 -0.7324219 16.35742 5.126953 -0.7324219 16.8457 3.417969 -0.7324219 16.60156 8.544922 -1.464844 16.60156 8.544922 -1.220703 17.33399 9.033204 -2.441406 17.57813 9.033204 -2.197266 17.82227 5.615234 -1.464844 17.82227 5.615234 -1.220703 18.79883 5.859375 -2.441406 18.79883 5.859375 -2.197266 18.31055 3.90625 -1.220703 18.31055 3.90625 -1.464844 19.28711 4.150391 -2.197266 19.28711 4.150391 -2.441406 17.82227 5.615234 -1.220703 17.82227 5.615234 -1.464844 18.31055 3.90625 -1.220703 18.31055 3.90625 -1.464844 17.33399 7.080078 -1.464844 18.06641 7.324219 -2.441406 17.08984 7.080078 -1.220703 18.31055 7.324219 -2.197266 16.60156 8.544922 -1.220703 16.60156 8.544922 -1.464844 17.08984 7.080078 -1.220703 17.33399 7.080078 -1.464844 15.86914 6.347656 -0.4882813 11.71875 4.150391 -0.4882813 15.13672 7.8125 -0.4882813 10.74219 6.103516 -0.4882813 11.71875 4.150391 -0.4882813 11.71875 4.150391 -0.4882813 12.20703 1.953125 -0.4882813 16.35742 5.126953 -0.4882813 12.20703 -1.953125 -6.835937 18.79883 -4.882812 -6.835937 18.31055 -2.197266 -6.835937 18.79883 -3.417969 -6.835937 15.625 8.056641 -6.835937 10.74219 6.103516 -6.835937 16.35742 6.591797 -6.835937 11.71875 4.150391 -6.835937 16.8457 5.371094 -6.835937 11.71875 4.150391 -6.835937 17.33399 3.662109 -6.835937 12.20703 1.953125 -6.835937 16.8457 9.765625 -6.835937 15.38086 8.789063 -6.835937 17.33399 8.789063 -6.835937 15.625 8.056641 -6.835937 17.33399 8.789063 -6.835937 15.625 8.056641 -6.835937 18.06641 7.324219 -6.835937 16.35742 6.591797 -6.835937 18.06641 7.324219 -6.835937 16.35742 6.591797 -6.835937 18.55469 5.859375 -6.835937 16.8457 5.371094 -6.835937 18.55469 5.859375 -6.835937 16.8457 5.371094 -6.835937 19.04297 4.150391 -6.835937 17.33399 3.662109 -6.835937 12.20703 -1.953125 -6.835937 18.31055 -2.197266 -6.835937 12.45117 0 -6.835937 17.57813 -0.4882813 -6.835937 17.57813 1.464844 -6.835937 17.57813 1.464844 -6.835937 17.33399 3.662109 -6.835937 19.04297 4.150391 -6.835937 12.20703 1.953125 -6.835937 12.45117 0 -6.835937 17.57813 1.464844 -6.835937 17.57813 -0.4882813 -6.835937 11.71875 -4.150391 -6.835937 10.74219 -6.103516 -6.835937 18.06641 -7.080078 -6.835937 16.8457 -9.521485 -6.835937 12.20703 -1.953125 -6.835937 11.71875 -4.150391 -6.835937 18.79883 -4.882812 -6.835937 18.06641 -7.080078 -6.835937 17.33399 9.033204 -2.441406 18.06641 7.324219 -2.441406 16.60156 8.544922 -1.464844 17.33399 7.080078 -1.464844 18.79883 5.859375 -2.441406 19.28711 4.150391 -2.441406 17.82227 5.615234 -1.464844 18.31055 3.90625 -1.464844 17.57813 1.464844 -0.9765625 18.55469 1.708984 -1.953125 17.82227 -0.2441406 -0.9765625 18.55469 -0.7324219 -1.953125 18.55469 7.568359 -3.662109 18.06641 7.324219 -2.441406 18.06641 9.277344 -3.662109 17.33399 9.033204 -2.441406 18.79883 5.859375 -2.441406 19.28711 6.103516 -3.662109 19.28711 4.150391 -2.441406 19.77539 4.150391 -3.662109 17.57813 9.033204 -2.197266 18.31055 9.277344 -3.662109 17.33399 9.033204 -2.441406 18.06641 9.277344 -3.662109 18.31055 7.324219 -2.197266 18.06641 7.324219 -2.441406 19.04297 7.8125 -3.662109 18.55469 7.568359 -3.662109 18.79883 5.859375 -2.197266 19.53125 6.103516 -3.662109 18.79883 5.859375 -2.441406 19.28711 6.103516 -3.662109 19.28711 4.150391 -2.197266 19.28711 4.150391 -2.441406 20.01953 4.150391 -3.662109 19.77539 4.150391 -3.662109 18.06641 9.277344 -3.662109 18.06641 9.277344 -4.882812 18.55469 7.568359 -3.662109 18.55469 7.568359 -4.882812 19.28711 6.103516 -3.662109 19.28711 6.103516 -4.882812 19.77539 4.150391 -3.662109 19.77539 4.150391 -4.882812 18.31055 9.277344 -4.882812 19.04297 7.8125 -4.882812 18.06641 9.277344 -4.882812 18.55469 7.568359 -4.882812 18.31055 9.277344 -3.662109 18.31055 9.277344 -4.882812 18.06641 9.277344 -3.662109 18.06641 9.277344 -4.882812 18.55469 7.568359 -3.662109 18.55469 7.568359 -4.882812 19.04297 7.8125 -3.662109 19.04297 7.8125 -4.882812 19.53125 6.103516 -4.882812 20.01953 4.150391 -4.882812 19.28711 6.103516 -4.882812 19.77539 4.150391 -4.882812 19.28711 6.103516 -3.662109 19.53125 6.103516 -3.662109 19.28711 6.103516 -4.882812 19.53125 6.103516 -4.882812 19.77539 4.150391 -3.662109 19.77539 4.150391 -4.882812 20.01953 4.150391 -3.662109 20.01953 4.150391 -4.882812 17.57813 -2.441406 -0.4882813 18.79883 -4.150391 -1.953125 16.60156 -6.103516 -0.4882813 18.06641 -6.835937 -1.953125 16.60156 -6.103516 -0.4882813 18.06641 -6.835937 -1.953125 15.38086 -8.789063 -0.4882813 16.60156 -9.521485 -1.953125 12.45117 0 -0.4882813 12.20703 -1.953125 -0.4882813 12.45117 0 -6.835937 12.20703 -1.953125 -6.835937 10.74219 6.103516 -0.4882813 11.71875 4.150391 -0.4882813 10.74219 6.103516 -6.835937 11.71875 4.150391 -6.835937 12.20703 1.953125 -0.4882813 12.45117 0 -0.4882813 12.20703 1.953125 -6.835937 12.45117 0 -6.835937 11.71875 4.150391 -0.4882813 12.20703 1.953125 -0.4882813 11.71875 4.150391 -6.835937 12.20703 1.953125 -6.835937 11.71875 -4.150391 -0.4882813 10.74219 -6.103516 -0.4882813 11.71875 -4.150391 -6.835937 10.74219 -6.103516 -6.835937 12.20703 -1.953125 -0.4882813 11.71875 -4.150391 -0.4882813 12.20703 -1.953125 -6.835937 11.71875 -4.150391 -6.835937 17.57813 -10.25391 -3.173828 19.04297 -7.324219 -3.173828 17.57813 -10.25391 -5.859375 19.04297 -7.324219 -5.859375 18.55469 -0.7324219 -1.953125 18.55469 -0.7324219 -5.859375 19.28711 -1.220703 -2.197266 19.28711 -1.220703 -5.859375 19.04297 -7.324219 -3.173828 19.77539 -5.371094 -3.173828 19.04297 -7.324219 -5.859375 19.77539 -5.126953 -3.662109 17.08984 9.765625 -2.197266 17.82227 10.25391 -3.662109 17.57813 9.033204 -2.197266 18.31055 9.277344 -3.662109 18.31055 7.324219 -2.197266 19.04297 7.8125 -3.662109 18.79883 5.859375 -2.197266 19.53125 6.103516 -3.662109 20.26367 3.662109 -3.662109 19.53125 2.685547 -2.197266 20.01953 4.150391 -3.662109 19.28711 4.150391 -2.197266 17.08984 1.708984 -0.7324219 17.57813 1.953125 -0.7324219 17.08984 1.464844 -0.9765625 17.57813 1.464844 -0.9765625 17.57813 1.464844 -0.9765625 17.57813 1.953125 -0.7324219 18.55469 1.708984 -1.953125 18.79883 1.953125 -1.464844 20.01953 2.929687 -5.859375 20.01953 2.929687 -3.662109 20.26367 3.662109 -5.859375 20.26367 3.662109 -3.662109 19.53125 2.197266 -2.685547 19.53125 2.685547 -2.197266 20.01953 2.929687 -3.662109 20.26367 3.662109 -3.662109 19.53125 2.685547 -2.197266 19.53125 2.197266 -2.685547 18.79883 1.953125 -1.464844 18.79883 1.708984 -2.197266 18.55469 1.708984 -5.859375 18.55469 1.708984 -1.953125 18.79883 1.708984 -5.859375 18.79883 1.708984 -2.197266 17.57813 1.464844 -6.835937 18.55469 1.708984 -5.859375 18.31055 1.708984 -6.835937 18.79883 1.708984 -5.859375 17.33399 8.789063 -6.835937 18.31055 9.277344 -5.859375 16.8457 9.765625 -6.835937 17.82227 10.25391 -5.859375 18.55469 5.859375 -6.835937 19.53125 6.103516 -5.859375 18.06641 7.324219 -6.835937 19.04297 7.8125 -5.859375 19.28711 3.173828 -6.835937 20.26367 3.662109 -5.859375 19.04297 4.150391 -6.835937 20.01953 4.150391 -5.859375 19.04297 4.150391 -6.835937 20.01953 4.150391 -5.859375 18.55469 5.859375 -6.835937 19.53125 6.103516 -5.859375 18.06641 7.324219 -6.835937 19.04297 7.8125 -5.859375 17.33399 8.789063 -6.835937 18.31055 9.277344 -5.859375 19.28711 3.173828 -6.835937 18.31055 1.708984 -6.835937 20.01953 2.929687 -5.859375 18.79883 1.708984 -5.859375 17.57813 1.464844 -6.835937 17.57813 -0.4882813 -6.835937 18.55469 1.708984 -5.859375 18.55469 -0.7324219 -5.859375 16.8457 -9.521485 -6.835937 17.57813 -10.25391 -5.859375 18.06641 -7.080078 -6.835937 19.04297 -7.324219 -5.859375 18.06641 -7.080078 -6.835937 19.04297 -7.324219 -5.859375 18.79883 -4.882812 -6.835937 19.77539 -5.126953 -5.859375 18.31055 -0.9765625 -6.835937 19.28711 -1.220703 -5.859375 17.57813 -0.4882813 -6.835937 18.55469 -0.7324219 -5.859375 18.79883 -4.882812 -6.835937 19.77539 -5.126953 -5.859375 18.79883 -3.417969 -6.835937 19.77539 -3.417969 -5.859375 17.82227 10.25391 -3.662109 17.33399 10.98633 -3.662109 17.82227 10.25391 -4.882812 17.33399 10.98633 -4.882812 16.35742 12.45117 -3.662109 15.13672 13.91602 -3.662109 16.35742 12.45117 -4.882812 15.13672 13.91602 -4.882812 17.82227 10.25391 -4.882812 17.33399 10.98633 -4.882812 17.82227 10.25391 -5.859375 17.33399 10.98633 -5.859375 16.35742 12.45117 -4.882812 15.13672 13.91602 -4.882812 16.35742 12.45117 -5.859375 15.13672 13.91602 -5.859375 13.42773 15.625 -5.859375 13.91602 15.13672 -5.859375 13.42773 15.625 -3.662109 13.91602 15.13672 -4.882812 15.13672 13.91602 -4.882812 13.91602 15.13672 -4.882812 15.13672 13.91602 -5.859375 13.91602 15.13672 -5.859375 17.33399 10.98633 -4.882812 16.35742 12.45117 -4.882812 17.33399 10.98633 -5.859375 16.35742 12.45117 -5.859375 17.82227 10.25391 -3.662109 17.82227 10.25391 -4.882812 18.31055 9.277344 -3.662109 18.31055 9.277344 -4.882812 19.04297 7.8125 -3.662109 19.04297 7.8125 -4.882812 19.53125 6.103516 -3.662109 19.53125 6.103516 -4.882812 17.82227 10.25391 -4.882812 17.82227 10.25391 -5.859375 18.31055 9.277344 -4.882812 18.31055 9.277344 -5.859375 19.04297 7.8125 -4.882812 19.04297 7.8125 -5.859375 19.53125 6.103516 -4.882812 19.53125 6.103516 -5.859375 20.26367 3.662109 -5.859375 20.26367 3.662109 -3.662109 20.01953 4.150391 -5.859375 20.01953 4.150391 -4.882812 19.53125 6.103516 -4.882812 19.53125 6.103516 -5.859375 20.01953 4.150391 -4.882812 20.01953 4.150391 -5.859375 18.31055 9.277344 -4.882812 18.31055 9.277344 -5.859375 19.04297 7.8125 -4.882812 19.04297 7.8125 -5.859375 10.74219 15.13672 -1.953125 8.544922 16.35742 -1.953125 10.74219 15.13672 -5.859375 8.544922 16.35742 -5.859375 18.55469 1.708984 -1.953125 18.55469 1.708984 -5.859375 18.55469 -0.7324219 -1.953125 18.55469 -0.7324219 -5.859375 7.568359 18.06641 -2.197266 6.835937 19.04297 -2.929687 7.568359 18.06641 -5.859375 6.835937 19.04297 -5.859375 8.544922 17.33399 -2.197266 7.568359 18.06641 -2.197266 8.544922 17.33399 -5.859375 7.568359 18.06641 -5.859375 19.28711 -2.441406 -2.197266 19.28711 -2.441406 -5.859375 19.77539 -3.417969 -2.929687 19.77539 -3.417969 -5.859375 19.28711 -1.220703 -2.197266 19.28711 -1.220703 -5.859375 19.28711 -2.441406 -2.197266 19.28711 -2.441406 -5.859375 6.591797 16.35742 -0.4882813 7.568359 18.06641 -2.197266 8.544922 15.625 -0.4882813 8.544922 17.33399 -2.197266 2.929687 19.04297 -1.953125 0 19.28711 -1.953125 2.929687 20.01953 -3.173828 0 20.50781 -3.173828 5.615234 18.55469 -1.953125 2.929687 19.04297 -1.953125 4.882812 19.77539 -3.173828 2.929687 20.01953 -3.173828 6.835937 19.04297 -2.929687 5.371094 19.77539 -3.662109 6.835937 19.04297 -5.859375 5.371094 19.77539 -5.859375 17.57813 -2.441406 -0.4882813 17.82227 -0.2441406 -0.4882813 19.28711 -2.441406 -2.197266 19.28711 -1.220703 -2.197266 18.06641 -6.835937 -1.953125 19.04297 -7.324219 -3.173828 16.60156 -9.521485 -1.953125 17.57813 -10.25391 -3.173828 18.79883 -4.150391 -1.953125 19.77539 -5.371094 -3.173828 18.06641 -6.835937 -1.953125 19.04297 -7.324219 -3.173828 19.77539 -3.417969 -2.929687 19.77539 -3.417969 -5.859375 19.77539 -5.126953 -3.662109 19.77539 -5.126953 -5.859375 7.080078 17.08984 -6.835937 8.056641 16.35742 -6.835937 7.568359 18.06641 -5.859375 8.544922 17.33399 -5.859375 6.347656 18.06641 -6.835937 7.080078 17.08984 -6.835937 6.835937 19.04297 -5.859375 7.568359 18.06641 -5.859375 18.31055 -2.197266 -6.835937 19.28711 -2.441406 -5.859375 18.31055 -0.9765625 -6.835937 19.28711 -1.220703 -5.859375 18.79883 -3.417969 -6.835937 19.77539 -3.417969 -5.859375 18.31055 -2.197266 -6.835937 19.28711 -2.441406 -5.859375 -17.08984 9.765625 -2.197266 -16.11328 9.277344 -1.220703 -17.57813 9.033204 -2.197266 -16.60156 8.544922 -1.220703 -18.31055 7.324219 -2.197266 -17.08984 7.080078 -1.220703 -18.79883 5.859375 -2.197266 -17.82227 5.615234 -1.220703 -18.79883 1.953125 -1.464844 -19.53125 2.685547 -2.197266 -18.31055 3.90625 -1.220703 -19.28711 4.150391 -2.197266 -17.08984 1.464844 -0.9765625 -17.08984 0 -0.9765625 -17.57813 1.464844 -0.9765625 -17.82227 -0.2441406 -0.9765625 -18.31055 3.90625 -1.220703 -17.33399 3.662109 -0.7324219 -18.79883 1.953125 -1.464844 -17.57813 1.953125 -0.7324219 -16.11328 9.277344 -1.220703 -15.38086 8.789063 -0.7324219 -16.60156 8.544922 -1.220703 -15.625 8.056641 -0.7324219 -16.60156 8.544922 -1.220703 -15.625 8.056641 -0.7324219 -17.08984 7.080078 -1.220703 -16.35742 6.591797 -0.7324219 -17.08984 7.080078 -1.220703 -16.35742 6.591797 -0.7324219 -17.82227 5.615234 -1.220703 -16.8457 5.371094 -0.7324219 -17.82227 5.615234 -1.220703 -16.8457 5.371094 -0.7324219 -18.31055 3.90625 -1.220703 -17.33399 3.662109 -0.7324219 -17.82227 -0.2441406 -0.4882813 -17.82227 -0.2441406 -0.9765625 -17.08984 0 -0.4882813 -17.08984 0 -0.9765625 -17.82227 -0.2441406 -0.9765625 -17.82227 -0.2441406 -0.4882813 -18.55469 -0.7324219 -1.953125 -19.28711 -1.220703 -2.197266 -15.13672 7.8125 -0.4882813 -15.13672 7.8125 -0.7324219 -14.89258 8.544922 -0.4882813 -14.89258 8.544922 -0.7324219 -15.86914 6.347656 -0.4882813 -15.86914 6.347656 -0.7324219 -15.13672 7.8125 -0.4882813 -15.13672 7.8125 -0.7324219 -16.35742 5.126953 -0.4882813 -16.35742 5.126953 -0.7324219 -15.86914 6.347656 -0.4882813 -15.86914 6.347656 -0.7324219 -17.08984 1.464844 -0.4882813 -17.08984 1.708984 -0.7324219 -16.8457 3.417969 -0.4882813 -16.8457 3.417969 -0.7324219 -16.8457 3.417969 -0.4882813 -16.8457 3.417969 -0.7324219 -16.35742 5.126953 -0.4882813 -16.35742 5.126953 -0.7324219 -17.08984 1.708984 -0.7324219 -17.08984 0 -0.4882813 -17.08984 1.708984 -0.7324219 -17.08984 0 -0.9765625 -15.625 8.056641 -0.7324219 -15.38086 8.789063 -0.7324219 -15.13672 7.8125 -0.7324219 -14.89258 8.544922 -0.7324219 -16.35742 6.591797 -0.7324219 -15.625 8.056641 -0.7324219 -15.86914 6.347656 -0.7324219 -15.13672 7.8125 -0.7324219 -16.8457 5.371094 -0.7324219 -16.35742 6.591797 -0.7324219 -16.35742 5.126953 -0.7324219 -15.86914 6.347656 -0.7324219 -17.57813 1.953125 -0.7324219 -17.33399 3.662109 -0.7324219 -17.08984 1.708984 -0.7324219 -16.8457 3.417969 -0.7324219 -17.33399 3.662109 -0.7324219 -16.8457 5.371094 -0.7324219 -16.8457 3.417969 -0.7324219 -16.35742 5.126953 -0.7324219 -16.60156 8.544922 -1.464844 -17.33399 9.033204 -2.441406 -16.60156 8.544922 -1.220703 -17.57813 9.033204 -2.197266 -17.82227 5.615234 -1.464844 -18.79883 5.859375 -2.441406 -17.82227 5.615234 -1.220703 -18.79883 5.859375 -2.197266 -18.31055 3.90625 -1.220703 -19.28711 4.150391 -2.197266 -18.31055 3.90625 -1.464844 -19.28711 4.150391 -2.441406 -17.82227 5.615234 -1.220703 -18.31055 3.90625 -1.220703 -17.82227 5.615234 -1.464844 -18.31055 3.90625 -1.464844 -17.33399 7.080078 -1.464844 -17.08984 7.080078 -1.220703 -18.06641 7.324219 -2.441406 -18.31055 7.324219 -2.197266 -16.60156 8.544922 -1.220703 -17.08984 7.080078 -1.220703 -16.60156 8.544922 -1.464844 -17.33399 7.080078 -1.464844 -15.86914 6.347656 -0.4882813 -15.13672 7.8125 -0.4882813 -11.71875 4.150391 -0.4882813 -10.74219 6.103516 -0.4882813 -12.20703 -1.953125 -6.835937 -18.31055 -2.197266 -6.835937 -18.79883 -4.882812 -6.835937 -18.79883 -3.417969 -6.835937 -15.625 8.056641 -6.835937 -16.35742 6.591797 -6.835937 -10.74219 6.103516 -6.835937 -11.71875 4.150391 -6.835937 -16.8457 5.371094 -6.835937 -17.33399 3.662109 -6.835937 -11.71875 4.150391 -6.835937 -12.20703 1.953125 -6.835937 -16.8457 9.765625 -6.835937 -17.33399 8.789063 -6.835937 -15.38086 8.789063 -6.835937 -15.625 8.056641 -6.835937 -17.33399 8.789063 -6.835937 -18.06641 7.324219 -6.835937 -15.625 8.056641 -6.835937 -16.35742 6.591797 -6.835937 -18.06641 7.324219 -6.835937 -18.55469 5.859375 -6.835937 -16.35742 6.591797 -6.835937 -16.8457 5.371094 -6.835937 -18.55469 5.859375 -6.835937 -19.04297 4.150391 -6.835937 -16.8457 5.371094 -6.835937 -17.33399 3.662109 -6.835937 -12.20703 -1.953125 -6.835937 -12.45117 0 -6.835937 -18.31055 -2.197266 -6.835937 -17.57813 -0.4882813 -6.835937 -12.20703 1.953125 -6.835937 -17.57813 1.464844 -6.835937 -12.45117 0 -6.835937 -17.57813 -0.4882813 -6.835937 -11.71875 -4.150391 -6.835937 -18.06641 -7.080078 -6.835937 -10.74219 -6.103516 -6.835937 -16.8457 -9.521485 -6.835937 -12.20703 -1.953125 -6.835937 -18.79883 -4.882812 -6.835937 -11.71875 -4.150391 -6.835937 -18.06641 -7.080078 -6.835937 -17.33399 9.033204 -2.441406 -16.60156 8.544922 -1.464844 -18.06641 7.324219 -2.441406 -17.33399 7.080078 -1.464844 -18.79883 5.859375 -2.441406 -17.82227 5.615234 -1.464844 -19.28711 4.150391 -2.441406 -18.31055 3.90625 -1.464844 -17.57813 1.464844 -0.9765625 -17.82227 -0.2441406 -0.9765625 -18.55469 1.708984 -1.953125 -18.55469 -0.7324219 -1.953125 -18.55469 7.568359 -3.662109 -18.06641 9.277344 -3.662109 -18.06641 7.324219 -2.441406 -17.33399 9.033204 -2.441406 -18.79883 5.859375 -2.441406 -19.28711 4.150391 -2.441406 -19.28711 6.103516 -3.662109 -19.77539 4.150391 -3.662109 -17.57813 9.033204 -2.197266 -17.33399 9.033204 -2.441406 -18.31055 9.277344 -3.662109 -18.06641 9.277344 -3.662109 -18.31055 7.324219 -2.197266 -19.04297 7.8125 -3.662109 -18.06641 7.324219 -2.441406 -18.55469 7.568359 -3.662109 -18.79883 5.859375 -2.197266 -18.79883 5.859375 -2.441406 -19.53125 6.103516 -3.662109 -19.28711 6.103516 -3.662109 -19.28711 4.150391 -2.197266 -20.01953 4.150391 -3.662109 -19.28711 4.150391 -2.441406 -19.77539 4.150391 -3.662109 -18.06641 9.277344 -3.662109 -18.55469 7.568359 -3.662109 -18.06641 9.277344 -4.882812 -18.55469 7.568359 -4.882812 -19.28711 6.103516 -3.662109 -19.77539 4.150391 -3.662109 -19.28711 6.103516 -4.882812 -19.77539 4.150391 -4.882812 -18.31055 9.277344 -4.882812 -18.06641 9.277344 -4.882812 -19.04297 7.8125 -4.882812 -18.55469 7.568359 -4.882812 -18.31055 9.277344 -3.662109 -18.06641 9.277344 -3.662109 -18.31055 9.277344 -4.882812 -18.06641 9.277344 -4.882812 -18.55469 7.568359 -3.662109 -19.04297 7.8125 -3.662109 -18.55469 7.568359 -4.882812 -19.04297 7.8125 -4.882812 -19.53125 6.103516 -4.882812 -19.28711 6.103516 -4.882812 -20.01953 4.150391 -4.882812 -19.77539 4.150391 -4.882812 -19.53125 6.103516 -3.662109 -19.28711 6.103516 -3.662109 -19.53125 6.103516 -4.882812 -19.28711 6.103516 -4.882812 -20.01953 4.150391 -4.882812 -19.77539 4.150391 -4.882812 -20.01953 4.150391 -3.662109 -19.77539 4.150391 -3.662109 -17.57813 -2.441406 -0.4882813 -16.60156 -6.103516 -0.4882813 -18.79883 -4.150391 -1.953125 -18.06641 -6.835937 -1.953125 -16.60156 -6.103516 -0.4882813 -15.38086 -8.789063 -0.4882813 -18.06641 -6.835937 -1.953125 -16.60156 -9.521485 -1.953125 -12.45117 0 -0.4882813 -12.45117 0 -6.835937 -12.20703 -1.953125 -0.4882813 -12.20703 -1.953125 -6.835937 -10.74219 6.103516 -0.4882813 -10.74219 6.103516 -6.835937 -11.71875 4.150391 -0.4882813 -11.71875 4.150391 -6.835937 -12.20703 1.953125 -0.4882813 -12.20703 1.953125 -6.835937 -12.45117 0 -0.4882813 -12.45117 0 -6.835937 -11.71875 4.150391 -0.4882813 -11.71875 4.150391 -6.835937 -12.20703 1.953125 -0.4882813 -12.20703 1.953125 -6.835937 -11.71875 -4.150391 -0.4882813 -11.71875 -4.150391 -6.835937 -10.74219 -6.103516 -0.4882813 -10.74219 -6.103516 -6.835937 -12.20703 -1.953125 -0.4882813 -12.20703 -1.953125 -6.835937 -11.71875 -4.150391 -0.4882813 -11.71875 -4.150391 -6.835937 -17.57813 -10.25391 -3.173828 -17.57813 -10.25391 -5.859375 -19.04297 -7.324219 -3.173828 -19.04297 -7.324219 -5.859375 -18.55469 -0.7324219 -1.953125 -19.28711 -1.220703 -2.197266 -18.55469 -0.7324219 -5.859375 -19.28711 -1.220703 -5.859375 -19.04297 -7.324219 -3.173828 -19.04297 -7.324219 -5.859375 -19.77539 -5.371094 -3.173828 -19.77539 -5.126953 -3.662109 -17.08984 9.765625 -2.197266 -17.57813 9.033204 -2.197266 -17.82227 10.25391 -3.662109 -18.31055 9.277344 -3.662109 -18.31055 7.324219 -2.197266 -18.79883 5.859375 -2.197266 -19.04297 7.8125 -3.662109 -19.53125 6.103516 -3.662109 -20.26367 3.662109 -3.662109 -20.01953 4.150391 -3.662109 -19.53125 2.685547 -2.197266 -19.28711 4.150391 -2.197266 -17.08984 1.708984 -0.7324219 -17.08984 1.464844 -0.9765625 -17.57813 1.953125 -0.7324219 -17.57813 1.464844 -0.9765625 -17.57813 1.464844 -0.9765625 -18.55469 1.708984 -1.953125 -17.57813 1.953125 -0.7324219 -18.79883 1.953125 -1.464844 -20.01953 2.929687 -5.859375 -20.26367 3.662109 -5.859375 -20.01953 2.929687 -3.662109 -20.26367 3.662109 -3.662109 -19.53125 2.197266 -2.685547 -20.01953 2.929687 -3.662109 -19.53125 2.685547 -2.197266 -20.26367 3.662109 -3.662109 -19.53125 2.685547 -2.197266 -18.79883 1.953125 -1.464844 -19.53125 2.197266 -2.685547 -18.79883 1.708984 -2.197266 -18.55469 1.708984 -5.859375 -18.79883 1.708984 -5.859375 -18.55469 1.708984 -1.953125 -18.79883 1.708984 -2.197266 -17.57813 1.464844 -6.835937 -18.31055 1.708984 -6.835937 -18.55469 1.708984 -5.859375 -18.79883 1.708984 -5.859375 -17.33399 8.789063 -6.835937 -16.8457 9.765625 -6.835937 -18.31055 9.277344 -5.859375 -17.82227 10.25391 -5.859375 -18.55469 5.859375 -6.835937 -18.06641 7.324219 -6.835937 -19.53125 6.103516 -5.859375 -19.04297 7.8125 -5.859375 -19.28711 3.173828 -6.835937 -19.04297 4.150391 -6.835937 -20.26367 3.662109 -5.859375 -20.01953 4.150391 -5.859375 -19.04297 4.150391 -6.835937 -18.55469 5.859375 -6.835937 -20.01953 4.150391 -5.859375 -19.53125 6.103516 -5.859375 -18.06641 7.324219 -6.835937 -17.33399 8.789063 -6.835937 -19.04297 7.8125 -5.859375 -18.31055 9.277344 -5.859375 -19.28711 3.173828 -6.835937 -20.01953 2.929687 -5.859375 -18.31055 1.708984 -6.835937 -18.79883 1.708984 -5.859375 -18.55469 1.708984 -5.859375 -18.55469 -0.7324219 -5.859375 -17.57813 1.464844 -6.835937 -17.57813 -0.4882813 -6.835937 -16.8457 -9.521485 -6.835937 -18.06641 -7.080078 -6.835937 -17.57813 -10.25391 -5.859375 -19.04297 -7.324219 -5.859375 -18.06641 -7.080078 -6.835937 -18.79883 -4.882812 -6.835937 -19.04297 -7.324219 -5.859375 -19.77539 -5.126953 -5.859375 -18.31055 -0.9765625 -6.835937 -17.57813 -0.4882813 -6.835937 -19.28711 -1.220703 -5.859375 -18.55469 -0.7324219 -5.859375 -18.79883 -4.882812 -6.835937 -18.79883 -3.417969 -6.835937 -19.77539 -5.126953 -5.859375 -19.77539 -3.417969 -5.859375 -17.08984 9.765625 -2.197266 -16.60156 10.74219 -2.197266 -16.11328 9.277344 -1.220703 -15.625 10.00977 -1.220703 -15.625 11.96289 -2.197266 -14.64844 13.18359 -2.197266 -14.64844 11.23047 -1.220703 -13.67187 12.45117 -1.220703 -10.98633 15.13672 -1.464844 -12.45117 13.91602 -1.220703 -12.20703 15.38086 -2.197266 -13.18359 14.64844 -2.197266 -9.765625 13.91602 -0.9765625 -10.25391 14.4043 -0.9765625 -8.544922 14.89258 -0.9765625 -8.544922 15.625 -0.9765625 -12.45117 13.91602 -1.220703 -10.98633 15.13672 -1.464844 -11.96289 13.18359 -0.7324219 -10.49805 14.16016 -0.7324219 -16.11328 9.277344 -1.220703 -15.625 10.00977 -1.220703 -15.38086 8.789063 -0.7324219 -14.89258 9.521485 -0.7324219 -15.625 10.00977 -1.220703 -14.64844 11.23047 -1.220703 -14.89258 9.521485 -0.7324219 -13.91602 10.74219 -0.7324219 -14.64844 11.23047 -1.220703 -13.67187 12.45117 -1.220703 -13.91602 10.74219 -0.7324219 -12.93945 11.96289 -0.7324219 -13.67187 12.45117 -1.220703 -12.45117 13.91602 -1.220703 -12.93945 11.96289 -0.7324219 -11.96289 13.18359 -0.7324219 -8.544922 15.625 -0.4882813 -8.544922 14.89258 -0.4882813 -8.544922 15.625 -0.9765625 -8.544922 14.89258 -0.9765625 -8.544922 15.625 -0.9765625 -8.544922 16.35742 -1.953125 -8.544922 15.625 -0.4882813 -8.544922 17.33399 -2.197266 -14.4043 9.277344 -0.4882813 -14.89258 8.544922 -0.4882813 -14.4043 9.277344 -0.7324219 -14.89258 8.544922 -0.7324219 -13.67187 10.49805 -0.4882813 -14.4043 9.277344 -0.4882813 -13.67187 10.49805 -0.7324219 -14.4043 9.277344 -0.7324219 -12.69531 11.47461 -0.4882813 -13.67187 10.49805 -0.4882813 -12.69531 11.47461 -0.7324219 -13.67187 10.49805 -0.7324219 -9.765625 13.91602 -0.4882813 -11.47461 12.69531 -0.4882813 -10.00977 13.91602 -0.7324219 -11.47461 12.69531 -0.7324219 -11.47461 12.69531 -0.4882813 -12.69531 11.47461 -0.4882813 -11.47461 12.69531 -0.7324219 -12.69531 11.47461 -0.7324219 -15.38086 8.789063 -0.7324219 -14.89258 9.521485 -0.7324219 -14.89258 8.544922 -0.7324219 -14.4043 9.277344 -0.7324219 -14.89258 9.521485 -0.7324219 -13.91602 10.74219 -0.7324219 -14.4043 9.277344 -0.7324219 -13.67187 10.49805 -0.7324219 -13.91602 10.74219 -0.7324219 -12.93945 11.96289 -0.7324219 -13.67187 10.49805 -0.7324219 -12.69531 11.47461 -0.7324219 -11.96289 13.18359 -0.7324219 -10.49805 14.16016 -0.7324219 -11.47461 12.69531 -0.7324219 -10.00977 13.91602 -0.7324219 -12.93945 11.96289 -0.7324219 -11.96289 13.18359 -0.7324219 -12.69531 11.47461 -0.7324219 -11.47461 12.69531 -0.7324219 -15.625 10.00977 -1.464844 -15.625 10.00977 -1.220703 -16.35742 10.49805 -2.441406 -16.60156 10.74219 -2.197266 -13.67187 12.45117 -1.464844 -13.67187 12.45117 -1.220703 -14.4043 13.18359 -2.441406 -14.64844 13.18359 -2.197266 -12.45117 13.91602 -1.220703 -12.45117 13.91602 -1.464844 -13.18359 14.64844 -2.197266 -13.18359 14.4043 -2.441406 -13.67187 12.45117 -1.220703 -13.67187 12.45117 -1.464844 -12.45117 13.91602 -1.220703 -12.45117 13.91602 -1.464844 -14.64844 11.23047 -1.464844 -15.38086 11.96289 -2.441406 -14.64844 11.23047 -1.220703 -15.625 11.96289 -2.197266 -15.625 10.00977 -1.220703 -15.625 10.00977 -1.464844 -14.64844 11.23047 -1.220703 -14.64844 11.23047 -1.464844 -13.67187 10.49805 -0.4882813 -9.521485 8.056641 -0.4882813 -14.4043 9.277344 -0.4882813 -10.74219 6.103516 -0.4882813 -4.150391 11.71875 -6.835937 -5.126953 18.79883 -6.835937 -7.080078 17.08984 -6.835937 -6.347656 18.06641 -6.835937 -14.89258 9.521485 -6.835937 -10.74219 6.103516 -6.835937 -13.91602 10.74219 -6.835937 -9.521485 8.056641 -6.835937 -12.93945 11.96289 -6.835937 -9.521485 8.056641 -6.835937 -11.71875 13.18359 -6.835937 -8.056641 9.521485 -6.835937 -16.8457 9.765625 -6.835937 -15.38086 8.789063 -6.835937 -16.35742 10.49805 -6.835937 -14.89258 9.521485 -6.835937 -16.35742 10.49805 -6.835937 -14.89258 9.521485 -6.835937 -15.38086 11.96289 -6.835937 -13.91602 10.74219 -6.835937 -15.38086 11.96289 -6.835937 -13.91602 10.74219 -6.835937 -14.4043 13.18359 -6.835937 -12.93945 11.96289 -6.835937 -14.4043 13.18359 -6.835937 -12.93945 11.96289 -6.835937 -13.18359 14.4043 -6.835937 -11.71875 13.18359 -6.835937 -4.150391 11.71875 -6.835937 -7.080078 17.08984 -6.835937 -6.103516 10.74219 -6.835937 -8.056641 15.625 -6.835937 -8.056641 9.521485 -6.835937 -6.103516 10.74219 -6.835937 -10.25391 14.4043 -6.835937 -8.056641 15.625 -6.835937 -1.953125 12.20703 -6.835937 0 12.45117 -6.835937 -2.685547 19.04297 -6.835937 0 19.28711 -6.835937 -4.150391 11.71875 -6.835937 -1.953125 12.20703 -6.835937 -5.126953 18.79883 -6.835937 -2.685547 19.04297 -6.835937 -16.35742 10.49805 -2.441406 -15.38086 11.96289 -2.441406 -15.625 10.00977 -1.464844 -14.64844 11.23047 -1.464844 -14.4043 13.18359 -2.441406 -13.18359 14.4043 -2.441406 -13.67187 12.45117 -1.464844 -12.45117 13.91602 -1.464844 -10.25391 14.4043 -0.9765625 -10.74219 15.13672 -1.953125 -8.544922 15.625 -0.9765625 -8.544922 16.35742 -1.953125 -15.86914 12.20703 -3.662109 -15.38086 11.96289 -2.441406 -17.08984 10.98633 -3.662109 -16.35742 10.49805 -2.441406 -14.4043 13.18359 -2.441406 -14.89258 13.67187 -3.662109 -13.18359 14.4043 -2.441406 -13.67187 14.89258 -3.662109 -16.60156 10.74219 -2.197266 -17.33399 10.98633 -3.662109 -16.35742 10.49805 -2.441406 -17.08984 10.98633 -3.662109 -15.625 11.96289 -2.197266 -15.38086 11.96289 -2.441406 -16.35742 12.45117 -3.662109 -15.86914 12.20703 -3.662109 -14.64844 13.18359 -2.197266 -15.13672 13.91602 -3.662109 -14.4043 13.18359 -2.441406 -14.89258 13.67187 -3.662109 -13.18359 14.64844 -2.197266 -13.18359 14.4043 -2.441406 -13.91602 15.13672 -3.662109 -13.67187 14.89258 -3.662109 -17.08984 10.98633 -3.662109 -17.08984 10.98633 -4.882812 -15.86914 12.20703 -3.662109 -15.86914 12.20703 -4.882812 -14.89258 13.67187 -3.662109 -14.89258 13.67187 -4.882812 -13.67187 14.89258 -3.662109 -13.67187 14.89258 -4.882812 -17.33399 10.98633 -4.882812 -16.35742 12.45117 -4.882812 -17.08984 10.98633 -4.882812 -15.86914 12.20703 -4.882812 -17.33399 10.98633 -3.662109 -17.33399 10.98633 -4.882812 -17.08984 10.98633 -3.662109 -17.08984 10.98633 -4.882812 -15.86914 12.20703 -3.662109 -15.86914 12.20703 -4.882812 -16.35742 12.45117 -3.662109 -16.35742 12.45117 -4.882812 -15.13672 13.91602 -4.882812 -13.91602 15.13672 -4.882812 -14.89258 13.67187 -4.882812 -13.67187 14.89258 -4.882812 -15.13672 13.91602 -3.662109 -15.13672 13.91602 -4.882812 -14.89258 13.67187 -3.662109 -14.89258 13.67187 -4.882812 -13.67187 14.89258 -3.662109 -13.67187 14.89258 -4.882812 -13.91602 15.13672 -3.662109 -13.91602 15.13672 -4.882812 -6.591797 16.35742 -0.4882813 -5.615234 18.55469 -1.953125 -2.929687 17.57813 -0.4882813 -2.929687 19.04297 -1.953125 -2.929687 17.57813 -0.4882813 -2.929687 19.04297 -1.953125 0 17.57813 -0.4882813 0 19.28711 -1.953125 -6.103516 10.74219 -0.4882813 -4.150391 11.71875 -0.4882813 -6.103516 10.74219 -6.835937 -4.150391 11.71875 -6.835937 -10.74219 6.103516 -0.4882813 -9.521485 8.056641 -0.4882813 -10.74219 6.103516 -6.835937 -9.521485 8.056641 -6.835937 -8.056641 9.521485 -0.4882813 -6.103516 10.74219 -0.4882813 -8.056641 9.521485 -6.835937 -6.103516 10.74219 -6.835937 -9.521485 8.056641 -0.4882813 -8.056641 9.521485 -0.4882813 -9.521485 8.056641 -6.835937 -8.056641 9.521485 -6.835937 -1.953125 12.20703 -0.4882813 0 12.45117 -0.4882813 -1.953125 12.20703 -6.835937 0 12.45117 -6.835937 -4.150391 11.71875 -0.4882813 -1.953125 12.20703 -0.4882813 -4.150391 11.71875 -6.835937 -1.953125 12.20703 -6.835937 0 20.50781 -3.173828 -2.929687 20.01953 -3.173828 0 20.50781 -5.859375 -2.929687 20.01953 -5.859375 -8.544922 16.35742 -1.953125 -8.544922 16.35742 -5.859375 -8.544922 17.33399 -2.197266 -8.544922 17.33399 -5.859375 -2.929687 20.01953 -3.173828 -4.882812 19.77539 -3.173828 -2.929687 20.01953 -5.859375 -5.371094 19.77539 -3.662109 -17.08984 9.765625 -2.197266 -17.82227 10.25391 -3.662109 -16.60156 10.74219 -2.197266 -17.33399 10.98633 -3.662109 -15.625 11.96289 -2.197266 -16.35742 12.45117 -3.662109 -14.64844 13.18359 -2.197266 -15.13672 13.91602 -3.662109 -13.42773 15.625 -3.662109 -12.20703 15.38086 -2.197266 -13.91602 15.13672 -3.662109 -13.18359 14.64844 -2.197266 -10.00977 13.91602 -0.7324219 -10.49805 14.16016 -0.7324219 -9.765625 13.91602 -0.9765625 -10.25391 14.4043 -0.9765625 -10.25391 14.4043 -0.9765625 -10.49805 14.16016 -0.7324219 -10.74219 15.13672 -1.953125 -10.98633 15.13672 -1.464844 -12.45117 15.86914 -5.859375 -12.45117 15.86914 -3.662109 -13.42773 15.625 -5.859375 -13.42773 15.625 -3.662109 -11.71875 15.625 -2.685547 -12.20703 15.38086 -2.197266 -12.45117 15.86914 -3.662109 -13.42773 15.625 -3.662109 -12.20703 15.38086 -2.197266 -11.71875 15.625 -2.685547 -10.98633 15.13672 -1.464844 -10.98633 15.38086 -2.197266 -10.74219 15.13672 -5.859375 -10.74219 15.13672 -1.953125 -10.98633 15.38086 -5.859375 -10.98633 15.38086 -2.197266 -10.25391 14.4043 -6.835937 -10.74219 15.13672 -5.859375 -10.74219 15.13672 -6.835937 -10.98633 15.38086 -5.859375 -16.35742 10.49805 -6.835937 -17.33399 10.98633 -5.859375 -16.8457 9.765625 -6.835937 -17.82227 10.25391 -5.859375 -14.4043 13.18359 -6.835937 -15.13672 13.91602 -5.859375 -15.38086 11.96289 -6.835937 -16.35742 12.45117 -5.859375 -12.45117 15.13672 -6.835937 -13.42773 15.625 -5.859375 -13.18359 14.4043 -6.835937 -13.91602 15.13672 -5.859375 -13.18359 14.4043 -6.835937 -13.91602 15.13672 -5.859375 -14.4043 13.18359 -6.835937 -15.13672 13.91602 -5.859375 -15.38086 11.96289 -6.835937 -16.35742 12.45117 -5.859375 -16.35742 10.49805 -6.835937 -17.33399 10.98633 -5.859375 -12.45117 15.13672 -6.835937 -10.74219 15.13672 -6.835937 -12.45117 15.86914 -5.859375 -10.98633 15.38086 -5.859375 -8.056641 15.625 -6.835937 -8.544922 16.35742 -5.859375 -10.25391 14.4043 -6.835937 -10.74219 15.13672 -5.859375 0 19.28711 -6.835937 0 20.50781 -5.859375 -2.685547 19.04297 -6.835937 -2.929687 20.01953 -5.859375 -2.685547 19.04297 -6.835937 -2.929687 20.01953 -5.859375 -5.126953 18.79883 -6.835937 -5.371094 19.77539 -5.859375 -8.056641 16.35742 -6.835937 -8.544922 17.33399 -5.859375 -8.056641 15.625 -6.835937 -8.544922 16.35742 -5.859375 -5.126953 18.79883 -6.835937 -5.371094 19.77539 -5.859375 -6.347656 18.06641 -6.835937 -6.835937 19.04297 -5.859375 -17.82227 10.25391 -3.662109 -18.31055 9.277344 -3.662109 -17.82227 10.25391 -4.882812 -18.31055 9.277344 -4.882812 -19.04297 7.8125 -3.662109 -19.53125 6.103516 -3.662109 -19.04297 7.8125 -4.882812 -19.53125 6.103516 -4.882812 -17.82227 10.25391 -4.882812 -18.31055 9.277344 -4.882812 -17.82227 10.25391 -5.859375 -18.31055 9.277344 -5.859375 -19.04297 7.8125 -4.882812 -19.53125 6.103516 -4.882812 -19.04297 7.8125 -5.859375 -19.53125 6.103516 -5.859375 -20.26367 3.662109 -5.859375 -20.01953 4.150391 -5.859375 -20.26367 3.662109 -3.662109 -20.01953 4.150391 -4.882812 -19.53125 6.103516 -4.882812 -20.01953 4.150391 -4.882812 -19.53125 6.103516 -5.859375 -20.01953 4.150391 -5.859375 -18.31055 9.277344 -4.882812 -19.04297 7.8125 -4.882812 -18.31055 9.277344 -5.859375 -19.04297 7.8125 -5.859375 -17.82227 10.25391 -3.662109 -17.82227 10.25391 -4.882812 -17.33399 10.98633 -3.662109 -17.33399 10.98633 -4.882812 -16.35742 12.45117 -3.662109 -16.35742 12.45117 -4.882812 -15.13672 13.91602 -3.662109 -15.13672 13.91602 -4.882812 -17.82227 10.25391 -4.882812 -17.82227 10.25391 -5.859375 -17.33399 10.98633 -4.882812 -17.33399 10.98633 -5.859375 -16.35742 12.45117 -4.882812 -16.35742 12.45117 -5.859375 -15.13672 13.91602 -4.882812 -15.13672 13.91602 -5.859375 -13.42773 15.625 -5.859375 -13.42773 15.625 -3.662109 -13.91602 15.13672 -5.859375 -13.91602 15.13672 -4.882812 -15.13672 13.91602 -4.882812 -15.13672 13.91602 -5.859375 -13.91602 15.13672 -4.882812 -13.91602 15.13672 -5.859375 -17.33399 10.98633 -4.882812 -17.33399 10.98633 -5.859375 -16.35742 12.45117 -4.882812 -16.35742 12.45117 -5.859375 -18.55469 1.708984 -1.953125 -18.55469 -0.7324219 -1.953125 -18.55469 1.708984 -5.859375 -18.55469 -0.7324219 -5.859375 -10.74219 15.13672 -1.953125 -10.74219 15.13672 -5.859375 -8.544922 16.35742 -1.953125 -8.544922 16.35742 -5.859375 -19.28711 -2.441406 -2.197266 -19.77539 -3.417969 -2.929687 -19.28711 -2.441406 -5.859375 -19.77539 -3.417969 -5.859375 -19.28711 -1.220703 -2.197266 -19.28711 -2.441406 -2.197266 -19.28711 -1.220703 -5.859375 -19.28711 -2.441406 -5.859375 -7.568359 18.06641 -2.197266 -7.568359 18.06641 -5.859375 -6.835937 19.04297 -2.929687 -6.835937 19.04297 -5.859375 -8.544922 17.33399 -2.197266 -8.544922 17.33399 -5.859375 -7.568359 18.06641 -2.197266 -7.568359 18.06641 -5.859375 -17.57813 -2.441406 -0.4882813 -19.28711 -2.441406 -2.197266 -17.82227 -0.2441406 -0.4882813 -19.28711 -1.220703 -2.197266 -18.06641 -6.835937 -1.953125 -16.60156 -9.521485 -1.953125 -19.04297 -7.324219 -3.173828 -17.57813 -10.25391 -3.173828 -18.79883 -4.150391 -1.953125 -18.06641 -6.835937 -1.953125 -19.77539 -5.371094 -3.173828 -19.04297 -7.324219 -3.173828 -19.77539 -3.417969 -2.929687 -19.77539 -5.126953 -3.662109 -19.77539 -3.417969 -5.859375 -19.77539 -5.126953 -5.859375 -6.591797 16.35742 -0.4882813 -8.544922 15.625 -0.4882813 -7.568359 18.06641 -2.197266 -8.544922 17.33399 -2.197266 -2.929687 19.04297 -1.953125 -2.929687 20.01953 -3.173828 0 19.28711 -1.953125 0 20.50781 -3.173828 -5.615234 18.55469 -1.953125 -4.882812 19.77539 -3.173828 -2.929687 19.04297 -1.953125 -2.929687 20.01953 -3.173828 -6.835937 19.04297 -2.929687 -6.835937 19.04297 -5.859375 -5.371094 19.77539 -3.662109 -5.371094 19.77539 -5.859375 -18.31055 -2.197266 -6.835937 -18.31055 -0.9765625 -6.835937 -19.28711 -2.441406 -5.859375 -19.28711 -1.220703 -5.859375 -18.79883 -3.417969 -6.835937 -18.31055 -2.197266 -6.835937 -19.77539 -3.417969 -5.859375 -19.28711 -2.441406 -5.859375 -7.080078 17.08984 -6.835937 -7.568359 18.06641 -5.859375 -8.056641 16.35742 -6.835937 -8.544922 17.33399 -5.859375 -6.347656 18.06641 -6.835937 -6.835937 19.04297 -5.859375 -7.080078 17.08984 -6.835937 -7.568359 18.06641 -5.859375 0 -19.77539 -2.197266 0 -18.55469 -1.220703 0.7324219 -19.77539 -2.197266 0.7324219 -18.55469 -1.220703 2.441406 -19.53125 -2.197266 2.441406 -18.31055 -1.220703 4.150391 -19.28711 -2.197266 3.90625 -18.06641 -1.220703 7.568359 -17.08984 -1.464844 7.324219 -18.31055 -2.197266 5.615234 -17.82227 -1.220703 5.859375 -18.79883 -2.197266 7.080078 -15.625 -0.9765625 8.544922 -14.89258 -0.9765625 7.324219 -16.11328 -0.9765625 9.033204 -15.13672 -0.9765625 5.615234 -17.82227 -1.220703 5.371094 -16.8457 -0.7324219 7.568359 -17.08984 -1.464844 7.080078 -16.11328 -0.7324219 0 -18.55469 -1.220703 0 -17.57813 -0.7324219 0.7324219 -18.55469 -1.220703 0.7324219 -17.57813 -0.7324219 0.7324219 -18.55469 -1.220703 0.7324219 -17.57813 -0.7324219 2.441406 -18.31055 -1.220703 2.197266 -17.57813 -0.7324219 2.441406 -18.31055 -1.220703 2.197266 -17.57813 -0.7324219 3.90625 -18.06641 -1.220703 3.662109 -17.33399 -0.7324219 3.90625 -18.06641 -1.220703 3.662109 -17.33399 -0.7324219 5.615234 -17.82227 -1.220703 5.371094 -16.8457 -0.7324219 9.033204 -15.13672 -0.4882813 9.033204 -15.13672 -0.9765625 8.544922 -14.89258 -0.4882813 8.544922 -14.89258 -0.9765625 9.033204 -15.13672 -0.9765625 9.033204 -15.13672 -0.4882813 9.765625 -15.625 -1.953125 10.74219 -16.11328 -2.197266 0.7324219 -17.08984 -0.4882813 0.7324219 -17.08984 -0.7324219 0 -17.08984 -0.4882813 0 -17.08984 -0.7324219 2.197266 -17.08984 -0.4882813 2.197266 -17.08984 -0.7324219 0.7324219 -17.08984 -0.4882813 0.7324219 -17.08984 -0.7324219 3.662109 -16.8457 -0.4882813 3.662109 -16.8457 -0.7324219 2.197266 -17.08984 -0.4882813 2.197266 -17.08984 -0.7324219 7.080078 -15.625 -0.4882813 6.835937 -15.625 -0.7324219 5.126953 -16.35742 -0.4882813 5.126953 -16.35742 -0.7324219 5.126953 -16.35742 -0.4882813 5.126953 -16.35742 -0.7324219 3.662109 -16.8457 -0.4882813 3.662109 -16.8457 -0.7324219 0 -17.57813 -0.7324219 0 -17.08984 -0.7324219 0.7324219 -17.57813 -0.7324219 0.7324219 -17.08984 -0.7324219 0.7324219 -17.57813 -0.7324219 0.7324219 -17.08984 -0.7324219 2.197266 -17.57813 -0.7324219 2.197266 -17.08984 -0.7324219 2.197266 -17.57813 -0.7324219 2.197266 -17.08984 -0.7324219 3.662109 -17.33399 -0.7324219 3.662109 -16.8457 -0.7324219 5.371094 -16.8457 -0.7324219 5.126953 -16.35742 -0.7324219 7.080078 -16.11328 -0.7324219 6.835937 -15.625 -0.7324219 5.126953 -16.35742 -0.7324219 5.371094 -16.8457 -0.7324219 3.662109 -16.8457 -0.7324219 3.662109 -17.33399 -0.7324219 0.7324219 -18.55469 -1.464844 0.7324219 -19.53125 -2.441406 0.7324219 -18.55469 -1.220703 0.7324219 -19.77539 -2.197266 3.90625 -18.06641 -1.464844 4.150391 -19.04297 -2.441406 3.90625 -18.06641 -1.220703 4.150391 -19.28711 -2.197266 5.615234 -17.82227 -1.220703 5.859375 -18.79883 -2.197266 5.615234 -17.82227 -1.464844 5.859375 -18.79883 -2.441406 3.90625 -18.06641 -1.220703 5.615234 -17.82227 -1.220703 3.90625 -18.06641 -1.464844 5.615234 -17.82227 -1.464844 2.441406 -18.55469 -1.464844 2.441406 -18.31055 -1.220703 2.441406 -19.28711 -2.441406 2.441406 -19.53125 -2.197266 0.7324219 -18.55469 -1.220703 2.441406 -18.31055 -1.220703 0.7324219 -18.55469 -1.464844 2.441406 -18.55469 -1.464844 2.197266 -17.08984 -0.4882813 0.7324219 -17.08984 -0.4882813 1.953125 -12.20703 -0.4882813 0 -12.45117 -0.4882813 8.056641 -9.521485 -6.835937 11.23047 -14.64844 -6.835937 13.67187 -13.67187 -6.835937 12.45117 -14.64844 -6.835937 1.953125 -12.20703 -6.835937 0 -12.45117 -6.835937 2.197266 -17.57813 -6.835937 0.7324219 -17.57813 -6.835937 3.662109 -17.33399 -6.835937 5.371094 -16.8457 -6.835937 1.953125 -12.20703 -6.835937 4.150391 -11.71875 -6.835937 0 -19.53125 -6.835937 0.7324219 -19.53125 -6.835937 0 -17.57813 -6.835937 0.7324219 -17.57813 -6.835937 0.7324219 -19.53125 -6.835937 2.441406 -19.28711 -6.835937 0.7324219 -17.57813 -6.835937 2.197266 -17.57813 -6.835937 2.441406 -19.28711 -6.835937 4.150391 -19.04297 -6.835937 2.197266 -17.57813 -6.835937 3.662109 -17.33399 -6.835937 4.150391 -19.04297 -6.835937 5.859375 -18.55469 -6.835937 3.662109 -17.33399 -6.835937 5.371094 -16.8457 -6.835937 8.056641 -9.521485 -6.835937 6.103516 -10.74219 -6.835937 11.23047 -14.64844 -6.835937 9.277344 -14.89258 -6.835937 4.150391 -11.71875 -6.835937 7.324219 -16.11328 -6.835937 6.103516 -10.74219 -6.835937 9.277344 -14.89258 -6.835937 9.521485 -8.056641 -6.835937 15.13672 -11.96289 -6.835937 10.74219 -6.103516 -6.835937 16.8457 -9.521485 -6.835937 8.056641 -9.521485 -6.835937 13.67187 -13.67187 -6.835937 9.521485 -8.056641 -6.835937 15.13672 -11.96289 -6.835937 0.7324219 -19.53125 -2.441406 0.7324219 -18.55469 -1.464844 2.441406 -19.28711 -2.441406 2.441406 -18.55469 -1.464844 4.150391 -19.04297 -2.441406 3.90625 -18.06641 -1.464844 5.859375 -18.79883 -2.441406 5.615234 -17.82227 -1.464844 7.324219 -16.11328 -0.9765625 9.033204 -15.13672 -0.9765625 7.8125 -16.8457 -1.953125 9.765625 -15.625 -1.953125 2.685547 -20.01953 -3.662109 0.7324219 -20.26367 -3.662109 2.441406 -19.28711 -2.441406 0.7324219 -19.53125 -2.441406 4.150391 -19.04297 -2.441406 5.859375 -18.79883 -2.441406 4.150391 -19.77539 -3.662109 6.103516 -19.28711 -3.662109 0.7324219 -19.77539 -2.197266 0.7324219 -19.53125 -2.441406 0.9765625 -20.50781 -3.662109 0.7324219 -20.26367 -3.662109 2.441406 -19.53125 -2.197266 2.685547 -20.26367 -3.662109 2.441406 -19.28711 -2.441406 2.685547 -20.01953 -3.662109 4.150391 -19.28711 -2.197266 4.150391 -19.04297 -2.441406 4.394531 -20.01953 -3.662109 4.150391 -19.77539 -3.662109 5.859375 -18.79883 -2.197266 6.103516 -19.53125 -3.662109 5.859375 -18.79883 -2.441406 6.103516 -19.28711 -3.662109 0.7324219 -20.26367 -3.662109 2.685547 -20.01953 -3.662109 0.7324219 -20.26367 -4.882812 2.685547 -20.01953 -4.882812 4.150391 -19.77539 -3.662109 6.103516 -19.28711 -3.662109 4.150391 -19.77539 -4.882812 6.103516 -19.28711 -4.882812 0.9765625 -20.50781 -4.882812 0.7324219 -20.26367 -4.882812 2.685547 -20.26367 -4.882812 2.685547 -20.01953 -4.882812 0.9765625 -20.50781 -3.662109 0.7324219 -20.26367 -3.662109 0.9765625 -20.50781 -4.882812 0.7324219 -20.26367 -4.882812 2.685547 -20.01953 -3.662109 2.685547 -20.26367 -3.662109 2.685547 -20.01953 -4.882812 2.685547 -20.26367 -4.882812 4.394531 -20.01953 -4.882812 4.150391 -19.77539 -4.882812 6.103516 -19.53125 -4.882812 6.103516 -19.28711 -4.882812 4.394531 -20.01953 -3.662109 4.150391 -19.77539 -3.662109 4.394531 -20.01953 -4.882812 4.150391 -19.77539 -4.882812 6.103516 -19.28711 -3.662109 6.103516 -19.53125 -3.662109 6.103516 -19.28711 -4.882812 6.103516 -19.53125 -4.882812 10.74219 -13.91602 -0.4882813 13.67187 -11.23047 -0.4882813 13.18359 -14.16016 -1.953125 14.89258 -12.20703 -1.953125 13.67187 -11.23047 -0.4882813 15.38086 -8.789063 -0.4882813 14.89258 -12.20703 -1.953125 16.60156 -9.521485 -1.953125 6.103516 -10.74219 -0.4882813 6.103516 -10.74219 -6.835937 8.056641 -9.521485 -0.4882813 8.056641 -9.521485 -6.835937 0 -12.45117 -0.4882813 0 -12.45117 -6.835937 1.953125 -12.20703 -0.4882813 1.953125 -12.20703 -6.835937 4.150391 -11.71875 -0.4882813 4.150391 -11.71875 -6.835937 6.103516 -10.74219 -0.4882813 6.103516 -10.74219 -6.835937 1.953125 -12.20703 -0.4882813 1.953125 -12.20703 -6.835937 4.150391 -11.71875 -0.4882813 4.150391 -11.71875 -6.835937 9.521485 -8.056641 -0.4882813 9.521485 -8.056641 -6.835937 10.74219 -6.103516 -0.4882813 10.74219 -6.103516 -6.835937 8.056641 -9.521485 -0.4882813 8.056641 -9.521485 -6.835937 9.521485 -8.056641 -0.4882813 9.521485 -8.056641 -6.835937 17.57813 -10.25391 -3.173828 17.57813 -10.25391 -5.859375 15.86914 -12.69531 -3.173828 15.86914 -12.69531 -5.859375 9.765625 -15.625 -1.953125 10.74219 -16.11328 -2.197266 9.765625 -15.625 -5.859375 10.74219 -16.11328 -5.859375 15.86914 -12.69531 -3.173828 15.86914 -12.69531 -5.859375 14.64844 -14.16016 -3.173828 14.4043 -14.4043 -3.662109 0 -19.77539 -2.197266 0.7324219 -19.77539 -2.197266 0 -20.50781 -3.662109 0.9765625 -20.50781 -3.662109 2.441406 -19.53125 -2.197266 4.150391 -19.28711 -2.197266 2.685547 -20.26367 -3.662109 4.394531 -20.01953 -3.662109 6.835937 -19.53125 -3.662109 6.103516 -19.53125 -3.662109 7.324219 -18.31055 -2.197266 5.859375 -18.79883 -2.197266 6.835937 -15.625 -0.7324219 7.080078 -15.625 -0.9765625 7.080078 -16.11328 -0.7324219 7.324219 -16.11328 -0.9765625 7.324219 -16.11328 -0.9765625 7.8125 -16.8457 -1.953125 7.080078 -16.11328 -0.7324219 7.568359 -17.08984 -1.464844 7.324219 -18.79883 -5.859375 6.835937 -19.53125 -5.859375 7.324219 -18.79883 -3.662109 6.835937 -19.53125 -3.662109 7.568359 -18.06641 -2.685547 7.324219 -18.79883 -3.662109 7.324219 -18.31055 -2.197266 6.835937 -19.53125 -3.662109 7.324219 -18.31055 -2.197266 7.568359 -17.08984 -1.464844 7.568359 -18.06641 -2.685547 7.8125 -17.33399 -2.197266 7.8125 -16.8457 -5.859375 7.8125 -17.33399 -5.859375 7.8125 -16.8457 -1.953125 7.8125 -17.33399 -2.197266 7.324219 -16.11328 -6.835937 7.568359 -16.8457 -6.835937 7.8125 -16.8457 -5.859375 7.8125 -17.33399 -5.859375 0.7324219 -19.53125 -6.835937 0 -19.53125 -6.835937 0.9765625 -20.50781 -5.859375 0 -20.50781 -5.859375 4.150391 -19.04297 -6.835937 2.441406 -19.28711 -6.835937 4.394531 -20.01953 -5.859375 2.685547 -20.26367 -5.859375 6.835937 -18.31055 -6.835937 5.859375 -18.55469 -6.835937 6.835937 -19.53125 -5.859375 6.103516 -19.53125 -5.859375 5.859375 -18.55469 -6.835937 4.150391 -19.04297 -6.835937 6.103516 -19.53125 -5.859375 4.394531 -20.01953 -5.859375 2.441406 -19.28711 -6.835937 0.7324219 -19.53125 -6.835937 2.685547 -20.26367 -5.859375 0.9765625 -20.50781 -5.859375 6.835937 -18.31055 -6.835937 7.324219 -18.79883 -5.859375 7.568359 -16.8457 -6.835937 7.8125 -17.33399 -5.859375 9.277344 -14.89258 -6.835937 7.324219 -16.11328 -6.835937 9.765625 -15.625 -5.859375 7.8125 -16.8457 -5.859375 16.8457 -9.521485 -6.835937 15.13672 -11.96289 -6.835937 17.57813 -10.25391 -5.859375 15.86914 -12.69531 -5.859375 15.13672 -11.96289 -6.835937 13.67187 -13.67187 -6.835937 15.86914 -12.69531 -5.859375 14.4043 -14.4043 -5.859375 10.00977 -15.38086 -6.835937 9.277344 -14.89258 -6.835937 10.74219 -16.11328 -5.859375 9.765625 -15.625 -5.859375 13.67187 -13.67187 -6.835937 12.45117 -14.64844 -6.835937 14.4043 -14.4043 -5.859375 12.93945 -15.38086 -5.859375 0 -19.77539 -2.197266 -0.7324219 -19.77539 -2.197266 0 -18.55469 -1.220703 -0.7324219 -18.55469 -1.220703 -2.441406 -19.53125 -2.197266 -4.150391 -19.28711 -2.197266 -2.441406 -18.31055 -1.220703 -3.90625 -18.06641 -1.220703 -7.568359 -17.08984 -1.464844 -5.615234 -17.82227 -1.220703 -7.324219 -18.31055 -2.197266 -5.859375 -18.79883 -2.197266 -7.080078 -15.625 -0.9765625 -7.324219 -16.11328 -0.9765625 -8.544922 -14.89258 -0.9765625 -9.033204 -15.13672 -0.9765625 -5.615234 -17.82227 -1.220703 -7.568359 -17.08984 -1.464844 -5.371094 -16.8457 -0.7324219 -7.080078 -16.11328 -0.7324219 0 -18.55469 -1.220703 -0.7324219 -18.55469 -1.220703 0 -17.57813 -0.7324219 -0.7324219 -17.57813 -0.7324219 -0.7324219 -18.55469 -1.220703 -2.441406 -18.31055 -1.220703 -0.7324219 -17.57813 -0.7324219 -2.197266 -17.57813 -0.7324219 -2.441406 -18.31055 -1.220703 -3.90625 -18.06641 -1.220703 -2.197266 -17.57813 -0.7324219 -3.662109 -17.33399 -0.7324219 -3.90625 -18.06641 -1.220703 -5.615234 -17.82227 -1.220703 -3.662109 -17.33399 -0.7324219 -5.371094 -16.8457 -0.7324219 -9.033204 -15.13672 -0.4882813 -8.544922 -14.89258 -0.4882813 -9.033204 -15.13672 -0.9765625 -8.544922 -14.89258 -0.9765625 -9.033204 -15.13672 -0.9765625 -9.765625 -15.625 -1.953125 -9.033204 -15.13672 -0.4882813 -10.74219 -16.11328 -2.197266 -0.7324219 -17.08984 -0.4882813 0 -17.08984 -0.4882813 -0.7324219 -17.08984 -0.7324219 0 -17.08984 -0.7324219 -2.197266 -17.08984 -0.4882813 -0.7324219 -17.08984 -0.4882813 -2.197266 -17.08984 -0.7324219 -0.7324219 -17.08984 -0.7324219 -3.662109 -16.8457 -0.4882813 -2.197266 -17.08984 -0.4882813 -3.662109 -16.8457 -0.7324219 -2.197266 -17.08984 -0.7324219 -7.080078 -15.625 -0.4882813 -5.126953 -16.35742 -0.4882813 -6.835937 -15.625 -0.7324219 -5.126953 -16.35742 -0.7324219 -5.126953 -16.35742 -0.4882813 -3.662109 -16.8457 -0.4882813 -5.126953 -16.35742 -0.7324219 -3.662109 -16.8457 -0.7324219 0 -17.57813 -0.7324219 -0.7324219 -17.57813 -0.7324219 0 -17.08984 -0.7324219 -0.7324219 -17.08984 -0.7324219 -0.7324219 -17.57813 -0.7324219 -2.197266 -17.57813 -0.7324219 -0.7324219 -17.08984 -0.7324219 -2.197266 -17.08984 -0.7324219 -2.197266 -17.57813 -0.7324219 -3.662109 -17.33399 -0.7324219 -2.197266 -17.08984 -0.7324219 -3.662109 -16.8457 -0.7324219 -5.371094 -16.8457 -0.7324219 -7.080078 -16.11328 -0.7324219 -5.126953 -16.35742 -0.7324219 -6.835937 -15.625 -0.7324219 -3.662109 -17.33399 -0.7324219 -5.371094 -16.8457 -0.7324219 -3.662109 -16.8457 -0.7324219 -5.126953 -16.35742 -0.7324219 -0.7324219 -18.55469 -1.464844 -0.7324219 -18.55469 -1.220703 -0.7324219 -19.53125 -2.441406 -0.7324219 -19.77539 -2.197266 -3.90625 -18.06641 -1.464844 -3.90625 -18.06641 -1.220703 -4.150391 -19.04297 -2.441406 -4.150391 -19.28711 -2.197266 -5.615234 -17.82227 -1.220703 -5.615234 -17.82227 -1.464844 -5.859375 -18.79883 -2.197266 -5.859375 -18.79883 -2.441406 -5.615234 -17.82227 -1.220703 -3.90625 -18.06641 -1.220703 -5.615234 -17.82227 -1.464844 -3.90625 -18.06641 -1.464844 -2.441406 -18.55469 -1.464844 -2.441406 -19.28711 -2.441406 -2.441406 -18.31055 -1.220703 -2.441406 -19.53125 -2.197266 -0.7324219 -18.55469 -1.220703 -0.7324219 -18.55469 -1.464844 -2.441406 -18.31055 -1.220703 -2.441406 -18.55469 -1.464844 0 -12.45117 -0.4882813 0 -17.08984 -0.4882813 0 -12.45117 -0.4882813 -0.7324219 -17.08984 -0.4882813 -2.197266 -17.08984 -0.4882813 -1.953125 -12.20703 -0.4882813 -0.7324219 -17.08984 -0.4882813 0 -12.45117 -0.4882813 -1.953125 -12.20703 -0.4882813 -2.197266 -17.08984 -0.4882813 -1.953125 -12.20703 -0.4882813 -3.662109 -16.8457 -0.4882813 -8.056641 -9.521485 -6.835937 -13.67187 -13.67187 -6.835937 -11.23047 -14.64844 -6.835937 -12.45117 -14.64844 -6.835937 -1.953125 -12.20703 -6.835937 -2.197266 -17.57813 -6.835937 0 -12.45117 -6.835937 -0.7324219 -17.57813 -6.835937 -3.662109 -17.33399 -6.835937 -1.953125 -12.20703 -6.835937 -5.371094 -16.8457 -6.835937 -4.150391 -11.71875 -6.835937 0 -19.53125 -6.835937 0 -17.57813 -6.835937 -0.7324219 -19.53125 -6.835937 -0.7324219 -17.57813 -6.835937 -0.7324219 -19.53125 -6.835937 -0.7324219 -17.57813 -6.835937 -2.441406 -19.28711 -6.835937 -2.197266 -17.57813 -6.835937 -2.441406 -19.28711 -6.835937 -2.197266 -17.57813 -6.835937 -4.150391 -19.04297 -6.835937 -3.662109 -17.33399 -6.835937 -4.150391 -19.04297 -6.835937 -3.662109 -17.33399 -6.835937 -5.859375 -18.55469 -6.835937 -5.371094 -16.8457 -6.835937 -8.056641 -9.521485 -6.835937 -11.23047 -14.64844 -6.835937 -6.103516 -10.74219 -6.835937 -9.277344 -14.89258 -6.835937 -4.150391 -11.71875 -6.835937 -6.103516 -10.74219 -6.835937 -7.324219 -16.11328 -6.835937 -9.277344 -14.89258 -6.835937 -9.521485 -8.056641 -6.835937 -10.74219 -6.103516 -6.835937 -15.13672 -11.96289 -6.835937 -16.8457 -9.521485 -6.835937 -8.056641 -9.521485 -6.835937 -9.521485 -8.056641 -6.835937 -13.67187 -13.67187 -6.835937 -15.13672 -11.96289 -6.835937 -0.7324219 -19.53125 -2.441406 -2.441406 -19.28711 -2.441406 -0.7324219 -18.55469 -1.464844 -2.441406 -18.55469 -1.464844 -4.150391 -19.04297 -2.441406 -5.859375 -18.79883 -2.441406 -3.90625 -18.06641 -1.464844 -5.615234 -17.82227 -1.464844 -7.324219 -16.11328 -0.9765625 -7.8125 -16.8457 -1.953125 -9.033204 -15.13672 -0.9765625 -9.765625 -15.625 -1.953125 -2.685547 -20.01953 -3.662109 -2.441406 -19.28711 -2.441406 -0.7324219 -20.26367 -3.662109 -0.7324219 -19.53125 -2.441406 -4.150391 -19.04297 -2.441406 -4.150391 -19.77539 -3.662109 -5.859375 -18.79883 -2.441406 -6.103516 -19.28711 -3.662109 -0.7324219 -19.77539 -2.197266 -0.9765625 -20.50781 -3.662109 -0.7324219 -19.53125 -2.441406 -0.7324219 -20.26367 -3.662109 -2.441406 -19.53125 -2.197266 -2.441406 -19.28711 -2.441406 -2.685547 -20.26367 -3.662109 -2.685547 -20.01953 -3.662109 -4.150391 -19.28711 -2.197266 -4.394531 -20.01953 -3.662109 -4.150391 -19.04297 -2.441406 -4.150391 -19.77539 -3.662109 -5.859375 -18.79883 -2.197266 -5.859375 -18.79883 -2.441406 -6.103516 -19.53125 -3.662109 -6.103516 -19.28711 -3.662109 -0.7324219 -20.26367 -3.662109 -0.7324219 -20.26367 -4.882812 -2.685547 -20.01953 -3.662109 -2.685547 -20.01953 -4.882812 -4.150391 -19.77539 -3.662109 -4.150391 -19.77539 -4.882812 -6.103516 -19.28711 -3.662109 -6.103516 -19.28711 -4.882812 -0.9765625 -20.50781 -4.882812 -2.685547 -20.26367 -4.882812 -0.7324219 -20.26367 -4.882812 -2.685547 -20.01953 -4.882812 -0.9765625 -20.50781 -3.662109 -0.9765625 -20.50781 -4.882812 -0.7324219 -20.26367 -3.662109 -0.7324219 -20.26367 -4.882812 -2.685547 -20.01953 -3.662109 -2.685547 -20.01953 -4.882812 -2.685547 -20.26367 -3.662109 -2.685547 -20.26367 -4.882812 -4.394531 -20.01953 -4.882812 -6.103516 -19.53125 -4.882812 -4.150391 -19.77539 -4.882812 -6.103516 -19.28711 -4.882812 -4.394531 -20.01953 -3.662109 -4.394531 -20.01953 -4.882812 -4.150391 -19.77539 -3.662109 -4.150391 -19.77539 -4.882812 -6.103516 -19.28711 -3.662109 -6.103516 -19.28711 -4.882812 -6.103516 -19.53125 -3.662109 -6.103516 -19.53125 -4.882812 -10.74219 -13.91602 -0.4882813 -13.18359 -14.16016 -1.953125 -13.67187 -11.23047 -0.4882813 -14.89258 -12.20703 -1.953125 -13.67187 -11.23047 -0.4882813 -14.89258 -12.20703 -1.953125 -15.38086 -8.789063 -0.4882813 -16.60156 -9.521485 -1.953125 -6.103516 -10.74219 -0.4882813 -8.056641 -9.521485 -0.4882813 -6.103516 -10.74219 -6.835937 -8.056641 -9.521485 -6.835937 0 -12.45117 -0.4882813 -1.953125 -12.20703 -0.4882813 0 -12.45117 -6.835937 -1.953125 -12.20703 -6.835937 -4.150391 -11.71875 -0.4882813 -6.103516 -10.74219 -0.4882813 -4.150391 -11.71875 -6.835937 -6.103516 -10.74219 -6.835937 -1.953125 -12.20703 -0.4882813 -4.150391 -11.71875 -0.4882813 -1.953125 -12.20703 -6.835937 -4.150391 -11.71875 -6.835937 -9.521485 -8.056641 -0.4882813 -10.74219 -6.103516 -0.4882813 -9.521485 -8.056641 -6.835937 -10.74219 -6.103516 -6.835937 -8.056641 -9.521485 -0.4882813 -9.521485 -8.056641 -0.4882813 -8.056641 -9.521485 -6.835937 -9.521485 -8.056641 -6.835937 -17.57813 -10.25391 -3.173828 -15.86914 -12.69531 -3.173828 -17.57813 -10.25391 -5.859375 -15.86914 -12.69531 -5.859375 -9.765625 -15.625 -1.953125 -9.765625 -15.625 -5.859375 -10.74219 -16.11328 -2.197266 -10.74219 -16.11328 -5.859375 -15.86914 -12.69531 -3.173828 -14.64844 -14.16016 -3.173828 -15.86914 -12.69531 -5.859375 -14.4043 -14.4043 -3.662109 -0.7324219 -19.77539 -2.197266 0 -19.77539 -2.197266 -0.9765625 -20.50781 -3.662109 0 -20.50781 -3.662109 -2.441406 -19.53125 -2.197266 -2.685547 -20.26367 -3.662109 -4.150391 -19.28711 -2.197266 -4.394531 -20.01953 -3.662109 -6.835937 -19.53125 -3.662109 -7.324219 -18.31055 -2.197266 -6.103516 -19.53125 -3.662109 -5.859375 -18.79883 -2.197266 -6.835937 -15.625 -0.7324219 -7.080078 -16.11328 -0.7324219 -7.080078 -15.625 -0.9765625 -7.324219 -16.11328 -0.9765625 -7.324219 -16.11328 -0.9765625 -7.080078 -16.11328 -0.7324219 -7.8125 -16.8457 -1.953125 -7.568359 -17.08984 -1.464844 -7.324219 -18.79883 -5.859375 -7.324219 -18.79883 -3.662109 -6.835937 -19.53125 -5.859375 -6.835937 -19.53125 -3.662109 -7.568359 -18.06641 -2.685547 -7.324219 -18.31055 -2.197266 -7.324219 -18.79883 -3.662109 -6.835937 -19.53125 -3.662109 -7.324219 -18.31055 -2.197266 -7.568359 -18.06641 -2.685547 -7.568359 -17.08984 -1.464844 -7.8125 -17.33399 -2.197266 -7.8125 -16.8457 -5.859375 -7.8125 -16.8457 -1.953125 -7.8125 -17.33399 -5.859375 -7.8125 -17.33399 -2.197266 -7.324219 -16.11328 -6.835937 -7.8125 -16.8457 -5.859375 -7.568359 -16.8457 -6.835937 -7.8125 -17.33399 -5.859375 -0.7324219 -19.53125 -6.835937 -0.9765625 -20.50781 -5.859375 0 -19.53125 -6.835937 0 -20.50781 -5.859375 -4.150391 -19.04297 -6.835937 -4.394531 -20.01953 -5.859375 -2.441406 -19.28711 -6.835937 -2.685547 -20.26367 -5.859375 -6.835937 -18.31055 -6.835937 -6.835937 -19.53125 -5.859375 -5.859375 -18.55469 -6.835937 -6.103516 -19.53125 -5.859375 -5.859375 -18.55469 -6.835937 -6.103516 -19.53125 -5.859375 -4.150391 -19.04297 -6.835937 -4.394531 -20.01953 -5.859375 -2.441406 -19.28711 -6.835937 -2.685547 -20.26367 -5.859375 -0.7324219 -19.53125 -6.835937 -0.9765625 -20.50781 -5.859375 -6.835937 -18.31055 -6.835937 -7.568359 -16.8457 -6.835937 -7.324219 -18.79883 -5.859375 -7.8125 -17.33399 -5.859375 -9.277344 -14.89258 -6.835937 -9.765625 -15.625 -5.859375 -7.324219 -16.11328 -6.835937 -7.8125 -16.8457 -5.859375 -16.8457 -9.521485 -6.835937 -17.57813 -10.25391 -5.859375 -15.13672 -11.96289 -6.835937 -15.86914 -12.69531 -5.859375 -14.4043 -14.4043 -5.859375 -13.67187 -13.67187 -6.835937 -15.86914 -12.69531 -5.859375 -15.13672 -11.96289 -6.835937 -10.00977 -15.38086 -6.835937 -10.74219 -16.11328 -5.859375 -9.277344 -14.89258 -6.835937 -9.765625 -15.625 -5.859375 -13.67187 -13.67187 -6.835937 -14.4043 -14.4043 -5.859375 -12.45117 -14.64844 -6.835937 -12.93945 -15.38086 -5.859375 0 -20.50781 -3.662109 0.9765625 -20.50781 -3.662109 0 -20.50781 -4.882812 0.9765625 -20.50781 -4.882812 2.685547 -20.26367 -3.662109 4.394531 -20.01953 -3.662109 2.685547 -20.26367 -4.882812 4.394531 -20.01953 -4.882812 0 -20.50781 -4.882812 0.9765625 -20.50781 -4.882812 0 -20.50781 -5.859375 0.9765625 -20.50781 -5.859375 2.685547 -20.26367 -4.882812 4.394531 -20.01953 -4.882812 2.685547 -20.26367 -5.859375 4.394531 -20.01953 -5.859375 6.835937 -19.53125 -5.859375 6.103516 -19.53125 -5.859375 6.835937 -19.53125 -3.662109 6.103516 -19.53125 -4.882812 4.394531 -20.01953 -4.882812 6.103516 -19.53125 -4.882812 4.394531 -20.01953 -5.859375 6.103516 -19.53125 -5.859375 0.9765625 -20.50781 -4.882812 2.685547 -20.26367 -4.882812 0.9765625 -20.50781 -5.859375 2.685547 -20.26367 -5.859375 0 -20.50781 -3.662109 0 -20.50781 -4.882812 -0.9765625 -20.50781 -3.662109 -0.9765625 -20.50781 -4.882812 -2.685547 -20.26367 -3.662109 -2.685547 -20.26367 -4.882812 -4.394531 -20.01953 -3.662109 -4.394531 -20.01953 -4.882812 0 -20.50781 -4.882812 0 -20.50781 -5.859375 -0.9765625 -20.50781 -4.882812 -0.9765625 -20.50781 -5.859375 -2.685547 -20.26367 -4.882812 -2.685547 -20.26367 -5.859375 -4.394531 -20.01953 -4.882812 -4.394531 -20.01953 -5.859375 -6.835937 -19.53125 -5.859375 -6.835937 -19.53125 -3.662109 -6.103516 -19.53125 -5.859375 -6.103516 -19.53125 -4.882812 -4.394531 -20.01953 -4.882812 -4.394531 -20.01953 -5.859375 -6.103516 -19.53125 -4.882812 -6.103516 -19.53125 -5.859375 -0.9765625 -20.50781 -4.882812 -0.9765625 -20.50781 -5.859375 -2.685547 -20.26367 -4.882812 -2.685547 -20.26367 -5.859375 7.8125 -16.8457 -1.953125 9.765625 -15.625 -1.953125 7.8125 -16.8457 -5.859375 9.765625 -15.625 -5.859375 -7.8125 -16.8457 -1.953125 -7.8125 -16.8457 -5.859375 -9.765625 -15.625 -1.953125 -9.765625 -15.625 -5.859375 11.71875 -15.38086 -2.197266 12.93945 -15.38086 -2.929687 11.71875 -15.38086 -5.859375 12.93945 -15.38086 -5.859375 10.74219 -16.11328 -2.197266 11.71875 -15.38086 -2.197266 10.74219 -16.11328 -5.859375 11.71875 -15.38086 -5.859375 -11.71875 -15.38086 -2.197266 -11.71875 -15.38086 -5.859375 -12.93945 -15.38086 -2.929687 -12.93945 -15.38086 -5.859375 -10.74219 -16.11328 -2.197266 -10.74219 -16.11328 -5.859375 -11.71875 -15.38086 -2.197266 -11.71875 -15.38086 -5.859375 10.74219 -13.91602 -0.4882813 11.71875 -15.38086 -2.197266 9.033204 -15.13672 -0.4882813 10.74219 -16.11328 -2.197266 14.89258 -12.20703 -1.953125 16.60156 -9.521485 -1.953125 15.86914 -12.69531 -3.173828 17.57813 -10.25391 -3.173828 13.18359 -14.16016 -1.953125 14.89258 -12.20703 -1.953125 14.64844 -14.16016 -3.173828 15.86914 -12.69531 -3.173828 12.93945 -15.38086 -2.929687 14.4043 -14.4043 -3.662109 12.93945 -15.38086 -5.859375 14.4043 -14.4043 -5.859375 -10.74219 -13.91602 -0.4882813 -9.033204 -15.13672 -0.4882813 -11.71875 -15.38086 -2.197266 -10.74219 -16.11328 -2.197266 -14.89258 -12.20703 -1.953125 -15.86914 -12.69531 -3.173828 -16.60156 -9.521485 -1.953125 -17.57813 -10.25391 -3.173828 -13.18359 -14.16016 -1.953125 -14.64844 -14.16016 -3.173828 -14.89258 -12.20703 -1.953125 -15.86914 -12.69531 -3.173828 -12.93945 -15.38086 -2.929687 -12.93945 -15.38086 -5.859375 -14.4043 -14.4043 -3.662109 -14.4043 -14.4043 -5.859375 11.23047 -14.64844 -6.835937 10.00977 -15.38086 -6.835937 11.71875 -15.38086 -5.859375 10.74219 -16.11328 -5.859375 12.45117 -14.64844 -6.835937 11.23047 -14.64844 -6.835937 12.93945 -15.38086 -5.859375 11.71875 -15.38086 -5.859375 -11.23047 -14.64844 -6.835937 -11.71875 -15.38086 -5.859375 -10.00977 -15.38086 -6.835937 -10.74219 -16.11328 -5.859375 -12.45117 -14.64844 -6.835937 -12.93945 -15.38086 -5.859375 -11.23047 -14.64844 -6.835937 -11.71875 -15.38086 -5.859375 0 7.568359 0 -1.953125 7.324219 0 0 7.8125 -0.2441406 -1.953125 7.568359 -0.2441406 0 12.45117 -5.126953 0 12.45117 -0.2441406 -1.953125 12.45117 -5.126953 -1.953125 12.45117 -0.2441406 0 -7.568359 0 1.953125 -7.324219 0 0 -7.8125 -0.2441406 1.953125 -7.568359 -0.2441406 0 -12.45117 -5.126953 0 -12.45117 -0.2441406 1.953125 -12.45117 -5.126953 1.953125 -12.45117 -0.2441406 0 7.568359 0 0 7.8125 -0.2441406 1.953125 7.324219 0 1.953125 7.568359 -0.2441406 0 12.45117 -5.126953 1.953125 12.45117 -5.126953 0 12.45117 -0.2441406 1.953125 12.45117 -0.2441406 0 -7.568359 0 0 -7.8125 -0.2441406 -1.953125 -7.324219 0 -1.953125 -7.568359 -0.2441406 0 -12.45117 -5.126953 -1.953125 -12.45117 -5.126953 0 -12.45117 -0.2441406 -1.953125 -12.45117 -0.2441406 -5.615234 0 -2.441406 -5.126953 2.197266 -2.441406 -5.615234 0 0 -5.126953 2.197266 0 -5.126953 2.197266 -2.441406 -3.90625 4.150391 -2.441406 -5.126953 2.197266 0 -3.90625 4.150391 0 -3.90625 4.150391 -2.441406 -1.953125 5.371094 -2.441406 -3.90625 4.150391 0 -1.953125 5.371094 0 5.615234 0 -2.441406 5.126953 -2.197266 -2.441406 5.615234 0 0 5.126953 -2.197266 0 5.126953 -2.197266 -2.441406 3.90625 -4.150391 -2.441406 5.126953 -2.197266 0 3.90625 -4.150391 0 3.90625 -4.150391 -2.441406 1.953125 -5.371094 -2.441406 3.90625 -4.150391 0 1.953125 -5.371094 0 5.615234 0 -2.441406 5.615234 0 0 5.126953 2.197266 -2.441406 5.126953 2.197266 0 5.126953 2.197266 -2.441406 5.126953 2.197266 0 3.90625 4.150391 -2.441406 3.90625 4.150391 0 3.90625 4.150391 -2.441406 3.90625 4.150391 0 1.953125 5.371094 -2.441406 1.953125 5.371094 0 -5.615234 0 -2.441406 -5.615234 0 0 -5.126953 -2.197266 -2.441406 -5.126953 -2.197266 0 -5.126953 -2.197266 -2.441406 -5.126953 -2.197266 0 -3.90625 -4.150391 -2.441406 -3.90625 -4.150391 0 -3.90625 -4.150391 -2.441406 -3.90625 -4.150391 0 -1.953125 -5.371094 -2.441406 -1.953125 -5.371094 0 -1.464844 3.173828 -2.441406 -1.464844 3.173828 0 0 3.417969 -2.441406 0 3.417969 0 -2.441406 2.441406 -2.441406 -2.441406 2.441406 0 -1.464844 3.173828 -2.441406 -1.464844 3.173828 0 -3.173828 1.464844 -2.441406 -3.173828 1.464844 0 -2.441406 2.441406 -2.441406 -2.441406 2.441406 0 -3.417969 0 -2.441406 -3.417969 0 0 -3.173828 1.464844 -2.441406 -3.173828 1.464844 0 1.464844 -3.173828 -2.441406 1.464844 -3.173828 0 0 -3.417969 -2.441406 0 -3.417969 0 2.441406 -2.441406 -2.441406 2.441406 -2.441406 0 1.464844 -3.173828 -2.441406 1.464844 -3.173828 0 3.173828 -1.464844 -2.441406 3.173828 -1.464844 0 2.441406 -2.441406 -2.441406 2.441406 -2.441406 0 3.417969 0 -2.441406 3.417969 0 0 3.173828 -1.464844 -2.441406 3.173828 -1.464844 0 1.464844 3.173828 -2.441406 0 3.417969 -2.441406 1.464844 3.173828 0 0 3.417969 0 2.441406 2.441406 -2.441406 1.464844 3.173828 -2.441406 2.441406 2.441406 0 1.464844 3.173828 0 3.173828 1.464844 -2.441406 2.441406 2.441406 -2.441406 3.173828 1.464844 0 2.441406 2.441406 0 3.417969 0 -2.441406 3.173828 1.464844 -2.441406 3.417969 0 0 3.173828 1.464844 0 -1.464844 -3.173828 -2.441406 0 -3.417969 -2.441406 -1.464844 -3.173828 0 0 -3.417969 0 -2.441406 -2.441406 -2.441406 -1.464844 -3.173828 -2.441406 -2.441406 -2.441406 0 -1.464844 -3.173828 0 -3.173828 -1.464844 -2.441406 -2.441406 -2.441406 -2.441406 -3.173828 -1.464844 0 -2.441406 -2.441406 0 -3.417969 0 -2.441406 -3.173828 -1.464844 -2.441406 -3.417969 0 0 -3.173828 -1.464844 0 -1.464844 3.173828 0 -1.464844 3.417969 0 0 3.417969 0 0 3.662109 0 -2.441406 2.441406 0 -2.441406 2.685547 0 -1.464844 3.173828 0 -1.464844 3.417969 0 -3.173828 1.464844 0 -3.417969 1.464844 0 -2.441406 2.441406 0 -2.441406 2.685547 0 -3.417969 0 0 -3.662109 0 0 -3.173828 1.464844 0 -3.417969 1.464844 0 1.464844 -3.173828 0 1.464844 -3.417969 0 0 -3.417969 0 0 -3.662109 0 2.441406 -2.441406 0 2.441406 -2.685547 0 1.464844 -3.173828 0 1.464844 -3.417969 0 3.173828 -1.464844 0 3.417969 -1.464844 0 2.441406 -2.441406 0 2.441406 -2.685547 0 3.417969 0 0 3.662109 0 0 3.173828 -1.464844 0 3.417969 -1.464844 0 1.464844 3.417969 0 1.464844 3.173828 0 0 3.662109 0 0 3.417969 0 2.441406 2.441406 0 1.464844 3.173828 0 2.441406 2.685547 0 1.464844 3.417969 0 3.173828 1.464844 0 2.441406 2.441406 0 3.417969 1.464844 0 2.441406 2.685547 0 3.417969 0 0 3.173828 1.464844 0 3.662109 0 0 3.417969 1.464844 0 -1.464844 -3.417969 0 -1.464844 -3.173828 0 0 -3.662109 0 0 -3.417969 0 -2.441406 -2.441406 0 -1.464844 -3.173828 0 -2.441406 -2.685547 0 -1.464844 -3.417969 0 -3.173828 -1.464844 0 -2.441406 -2.441406 0 -3.417969 -1.464844 0 -2.441406 -2.685547 0 -3.417969 0 0 -3.173828 -1.464844 0 -3.662109 0 0 -3.417969 -1.464844 0 -1.464844 3.417969 0 -1.953125 5.371094 0 0 3.662109 0 0 5.615234 0 -2.441406 2.685547 0 -3.90625 4.150391 0 -1.464844 3.417969 0 -1.953125 5.371094 0 -3.417969 1.464844 0 -5.126953 2.197266 0 -2.441406 2.685547 0 -3.90625 4.150391 0 -3.662109 0 0 -5.615234 0 0 -3.417969 1.464844 0 -5.126953 2.197266 0 1.464844 -3.417969 0 1.953125 -5.371094 0 0 -3.662109 0 0 -5.615234 0 2.441406 -2.685547 0 3.90625 -4.150391 0 1.464844 -3.417969 0 1.953125 -5.371094 0 3.417969 -1.464844 0 5.126953 -2.197266 0 2.441406 -2.685547 0 3.90625 -4.150391 0 3.662109 0 0 5.615234 0 0 3.417969 -1.464844 0 5.126953 -2.197266 0 1.953125 5.371094 0 1.464844 3.417969 0 0 5.615234 0 0 3.662109 0 2.441406 2.685547 0 1.464844 3.417969 0 3.90625 4.150391 0 1.953125 5.371094 0 3.417969 1.464844 0 2.441406 2.685547 0 5.126953 2.197266 0 3.90625 4.150391 0 3.662109 0 0 3.417969 1.464844 0 5.615234 0 0 5.126953 2.197266 0 -1.953125 -5.371094 0 -1.464844 -3.417969 0 0 -5.615234 0 0 -3.662109 0 -2.441406 -2.685547 0 -1.464844 -3.417969 0 -3.90625 -4.150391 0 -1.953125 -5.371094 0 -3.417969 -1.464844 0 -2.441406 -2.685547 0 -5.126953 -2.197266 0 -3.90625 -4.150391 0 -3.662109 0 0 -3.417969 -1.464844 0 -5.615234 0 0 -5.126953 -2.197266 0 -1.953125 5.371094 0 -1.953125 7.324219 0 0 5.615234 0 0 7.568359 0 1.953125 -5.371094 0 1.953125 -7.324219 0 0 -5.615234 0 0 -7.568359 0 1.953125 5.371094 0 0 5.615234 0 1.953125 7.324219 0 0 7.568359 0 -1.953125 -5.371094 0 0 -5.615234 0 -1.953125 -7.324219 0 0 -7.568359 0 -1.953125 5.371094 -2.441406 -1.953125 7.568359 -2.441406 -1.953125 5.371094 0 -1.953125 7.568359 -0.2441406 -1.953125 7.568359 -5.126953 -1.953125 12.45117 -5.126953 -1.953125 7.568359 -2.441406 -1.953125 12.45117 -0.2441406 1.953125 -5.371094 -2.441406 1.953125 -7.568359 -2.441406 1.953125 -5.371094 0 1.953125 -7.568359 -0.2441406 1.953125 -7.568359 -5.126953 1.953125 -12.45117 -5.126953 1.953125 -7.568359 -2.441406 1.953125 -12.45117 -0.2441406 1.953125 5.371094 -2.441406 1.953125 5.371094 0 1.953125 7.568359 -2.441406 1.953125 7.568359 -0.2441406 1.953125 7.568359 -5.126953 1.953125 7.568359 -2.441406 1.953125 12.45117 -5.126953 1.953125 12.45117 -0.2441406 -1.953125 -5.371094 -2.441406 -1.953125 -5.371094 0 -1.953125 -7.568359 -2.441406 -1.953125 -7.568359 -0.2441406 -1.953125 -7.568359 -5.126953 -1.953125 -7.568359 -2.441406 -1.953125 -12.45117 -5.126953 -1.953125 -12.45117 -0.2441406 -1.953125 12.45117 -0.2441406 0 12.45117 -0.2441406 -1.953125 7.568359 -0.2441406 0 7.8125 -0.2441406 0 8.789063 -5.126953 -1.953125 7.568359 -5.126953 0 8.789063 -2.441406 -1.953125 7.568359 -2.441406 1.953125 -12.45117 -0.2441406 0 -12.45117 -0.2441406 1.953125 -7.568359 -0.2441406 0 -7.8125 -0.2441406 0 -8.789063 -5.615234 1.953125 -7.568359 -5.615234 0 -8.789063 -2.441406 1.953125 -7.568359 -2.441406 1.953125 12.45117 -0.2441406 1.953125 7.568359 -0.2441406 0 12.45117 -0.2441406 0 7.8125 -0.2441406 0 8.789063 -5.126953 0 8.789063 -2.441406 1.953125 7.568359 -5.126953 1.953125 7.568359 -2.441406 -1.953125 -12.45117 -0.2441406 -1.953125 -7.568359 -0.2441406 0 -12.45117 -0.2441406 0 -7.8125 -0.2441406 0 -8.789063 -5.615234 0 -8.789063 -2.441406 -1.953125 -7.568359 -5.615234 -1.953125 -7.568359 -2.441406 -1.953125 5.371094 -2.441406 0 5.615234 -2.441406 -1.953125 7.568359 -2.441406 0 8.789063 -2.441406 -3.417969 0 -2.441406 -3.173828 1.464844 -2.441406 -5.615234 0 -2.441406 -5.126953 2.197266 -2.441406 -3.173828 1.464844 -2.441406 -2.441406 2.441406 -2.441406 -5.126953 2.197266 -2.441406 -3.90625 4.150391 -2.441406 -2.441406 2.441406 -2.441406 -1.464844 3.173828 -2.441406 -3.90625 4.150391 -2.441406 -1.953125 5.371094 -2.441406 -1.464844 3.173828 -2.441406 0 3.417969 -2.441406 -1.953125 5.371094 -2.441406 0 5.615234 -2.441406 0 12.45117 -5.126953 -1.953125 12.45117 -5.126953 0 8.789063 -5.126953 -1.953125 7.568359 -5.126953 1.953125 -7.568359 -2.441406 1.953125 -5.371094 -2.441406 0 -8.789063 -2.441406 0 -5.615234 -2.441406 3.417969 0 -2.441406 3.173828 -1.464844 -2.441406 5.615234 0 -2.441406 5.126953 -2.197266 -2.441406 3.173828 -1.464844 -2.441406 2.441406 -2.441406 -2.441406 5.126953 -2.197266 -2.441406 3.90625 -4.150391 -2.441406 1.464844 -3.173828 -2.441406 0 -3.417969 -2.441406 1.953125 -5.371094 -2.441406 0 -5.615234 -2.441406 0 -12.45117 -5.615234 1.953125 -12.45117 -5.615234 0 -8.789063 -5.615234 1.953125 -7.568359 -5.615234 1.953125 5.371094 -2.441406 1.953125 7.568359 -2.441406 0 5.615234 -2.441406 0 8.789063 -2.441406 3.417969 0 -2.441406 5.615234 0 -2.441406 3.173828 1.464844 -2.441406 5.126953 2.197266 -2.441406 3.173828 1.464844 -2.441406 5.126953 2.197266 -2.441406 2.441406 2.441406 -2.441406 3.90625 4.150391 -2.441406 2.441406 2.441406 -2.441406 3.90625 4.150391 -2.441406 1.464844 3.173828 -2.441406 1.953125 5.371094 -2.441406 1.464844 3.173828 -2.441406 1.953125 5.371094 -2.441406 0 3.417969 -2.441406 0 5.615234 -2.441406 0 12.45117 -5.126953 0 8.789063 -5.126953 1.953125 12.45117 -5.126953 1.953125 7.568359 -5.126953 -1.953125 -5.371094 -2.441406 -1.953125 -7.568359 -2.441406 0 -5.615234 -2.441406 0 -8.789063 -2.441406 -3.417969 0 -2.441406 -5.615234 0 -2.441406 -3.173828 -1.464844 -2.441406 -5.126953 -2.197266 -2.441406 -3.173828 -1.464844 -2.441406 -5.126953 -2.197266 -2.441406 -2.441406 -2.441406 -2.441406 -3.90625 -4.150391 -2.441406 -2.441406 -2.441406 -2.441406 -3.90625 -4.150391 -2.441406 -1.464844 -3.173828 -2.441406 -1.953125 -5.371094 -2.441406 -1.464844 -3.173828 -2.441406 -1.953125 -5.371094 -2.441406 0 -3.417969 -2.441406 0 -5.615234 -2.441406 0 -12.45117 -5.615234 0 -8.789063 -5.615234 -1.953125 -12.45117 -5.615234 -1.953125 -7.568359 -5.615234 2.441406 -2.441406 -2.441406 1.464844 -3.173828 -2.441406 3.90625 -4.150391 -2.441406 1.953125 -5.371094 -2.441406 2.929687 17.57813 -0.4882813 1.953125 12.20703 -0.4882813 0 17.57813 -0.4882813 0 12.45117 -0.4882813 4.150391 11.71875 -0.4882813 1.953125 12.20703 -0.4882813 6.591797 16.35742 -0.4882813 2.929687 17.57813 -0.4882813 8.544922 14.89258 -0.4882813 6.103516 10.74219 -0.4882813 6.591797 16.35742 -0.4882813 4.150391 11.71875 -0.4882813 16.60156 -6.103516 -0.4882813 15.38086 -8.789063 -0.4882813 11.71875 -4.150391 -0.4882813 10.74219 -6.103516 -0.4882813 12.20703 -1.953125 -0.4882813 17.57813 -2.441406 -0.4882813 11.71875 -4.150391 -0.4882813 16.60156 -6.103516 -0.4882813 17.08984 0 -0.4882813 17.57813 -2.441406 -0.4882813 12.45117 0 -0.4882813 12.20703 -1.953125 -0.4882813 -16.60156 -6.103516 -0.4882813 -11.71875 -4.150391 -0.4882813 -15.38086 -8.789063 -0.4882813 -10.74219 -6.103516 -0.4882813 -12.20703 -1.953125 -0.4882813 -11.71875 -4.150391 -0.4882813 -17.57813 -2.441406 -0.4882813 -16.60156 -6.103516 -0.4882813 -17.08984 0 -0.4882813 -12.45117 0 -0.4882813 -17.57813 -2.441406 -0.4882813 -12.20703 -1.953125 -0.4882813 -2.929687 17.57813 -0.4882813 0 17.57813 -0.4882813 -1.953125 12.20703 -0.4882813 0 12.45117 -0.4882813 -4.150391 11.71875 -0.4882813 -6.591797 16.35742 -0.4882813 -1.953125 12.20703 -0.4882813 -2.929687 17.57813 -0.4882813 -8.544922 14.89258 -0.4882813 -6.591797 16.35742 -0.4882813 -6.103516 10.74219 -0.4882813 -4.150391 11.71875 -0.4882813 13.67187 -11.23047 -0.4882813 9.521485 -8.056641 -0.4882813 15.38086 -8.789063 -0.4882813 10.74219 -6.103516 -0.4882813 8.056641 -9.521485 -0.4882813 9.521485 -8.056641 -0.4882813 10.74219 -13.91602 -0.4882813 13.67187 -11.23047 -0.4882813 8.544922 -14.89258 -0.4882813 6.103516 -10.74219 -0.4882813 10.74219 -13.91602 -0.4882813 8.056641 -9.521485 -0.4882813 -13.67187 -11.23047 -0.4882813 -15.38086 -8.789063 -0.4882813 -9.521485 -8.056641 -0.4882813 -10.74219 -6.103516 -0.4882813 -8.056641 -9.521485 -0.4882813 -10.74219 -13.91602 -0.4882813 -9.521485 -8.056641 -0.4882813 -13.67187 -11.23047 -0.4882813 -8.544922 -14.89258 -0.4882813 -10.74219 -13.91602 -0.4882813 -6.103516 -10.74219 -0.4882813 -8.056641 -9.521485 -0.4882813 -3.90625 10.74219 -5.615234 0 8.789063 -5.615234 -5.615234 9.765625 -5.615234 -5.859375 5.126953 -5.615234 0 11.96289 -5.615234 0 11.47461 -5.615234 -2.197266 11.71875 -5.615234 -2.441406 10.98633 -5.615234 -2.685547 12.20703 -5.615234 0 12.45117 -5.615234 -2.197266 11.71875 -5.615234 0 11.96289 -5.615234 -3.90625 10.74219 -5.859375 -5.615234 9.765625 -5.859375 0 8.789063 -5.859375 -5.859375 5.126953 -5.859375 -7.324219 2.929687 -5.859375 -11.71875 4.150391 -5.859375 -12.45117 0 -5.859375 -12.20703 1.953125 -5.859375 0 11.96289 -5.859375 -2.197266 11.71875 -5.859375 0 11.47461 -5.859375 -2.441406 10.98633 -5.859375 -2.685547 12.20703 -5.859375 -2.197266 11.71875 -5.859375 0 12.45117 -5.859375 0 11.96289 -5.859375 -9.521485 4.150391 -5.615234 -11.71875 4.150391 -5.615234 -10.00977 5.126953 -5.615234 -10.74219 6.103516 -5.615234 -9.521485 4.150391 -5.859375 -10.00977 5.126953 -5.859375 -11.71875 4.150391 -5.859375 -10.74219 6.103516 -5.859375 9.277344 -7.324219 -5.859375 9.277344 -7.324219 -5.615234 9.521485 -8.056641 -5.859375 9.521485 -8.056641 -5.615234 3.90625 -10.74219 -5.615234 0 -8.789063 -5.615234 5.615234 -9.765625 -5.615234 5.859375 -5.126953 -5.615234 0 -11.96289 -5.615234 0 -11.47461 -5.615234 2.197266 -11.71875 -5.615234 2.441406 -10.98633 -5.615234 2.685547 -12.20703 -5.615234 0 -12.45117 -5.615234 2.197266 -11.71875 -5.615234 0 -11.96289 -5.615234 3.90625 -10.74219 -5.859375 5.615234 -9.765625 -5.859375 0 -8.789063 -5.859375 5.859375 -5.126953 -5.859375 0 -11.96289 -5.859375 2.197266 -11.71875 -5.859375 0 -11.47461 -5.859375 2.441406 -10.98633 -5.859375 2.685547 -12.20703 -5.859375 2.197266 -11.71875 -5.859375 0 -12.45117 -5.859375 0 -11.96289 -5.859375 9.521485 -4.150391 -5.615234 11.71875 -4.150391 -5.615234 10.00977 -5.126953 -5.615234 10.74219 -6.103516 -5.615234 9.521485 -4.150391 -5.859375 10.00977 -5.126953 -5.859375 11.71875 -4.150391 -5.859375 10.74219 -6.103516 -5.859375 3.90625 10.74219 -5.615234 5.615234 9.765625 -5.615234 0 8.789063 -5.615234 5.859375 5.126953 -5.615234 7.324219 2.929687 -5.615234 11.71875 4.150391 -5.615234 12.45117 0 -5.615234 12.20703 1.953125 -5.615234 0 11.96289 -5.615234 2.197266 11.71875 -5.615234 0 11.47461 -5.615234 2.441406 10.98633 -5.615234 2.685547 12.20703 -5.615234 2.197266 11.71875 -5.615234 0 12.45117 -5.615234 0 11.96289 -5.615234 3.90625 10.74219 -5.859375 0 8.789063 -5.859375 5.615234 9.765625 -5.859375 5.859375 5.126953 -5.859375 0 11.96289 -5.859375 0 11.47461 -5.859375 2.197266 11.71875 -5.859375 2.441406 10.98633 -5.859375 2.685547 12.20703 -5.859375 0 12.45117 -5.859375 2.197266 11.71875 -5.859375 0 11.96289 -5.859375 9.521485 4.150391 -5.615234 10.00977 5.126953 -5.615234 11.71875 4.150391 -5.615234 10.74219 6.103516 -5.615234 9.521485 4.150391 -5.859375 11.71875 4.150391 -5.859375 10.00977 5.126953 -5.859375 10.74219 6.103516 -5.859375 -3.90625 -10.74219 -5.615234 -5.615234 -9.765625 -5.615234 0 -8.789063 -5.615234 -5.859375 -5.126953 -5.615234 0 -11.96289 -5.615234 -2.197266 -11.71875 -5.615234 0 -11.47461 -5.615234 -2.441406 -10.98633 -5.615234 -2.685547 -12.20703 -5.615234 -2.197266 -11.71875 -5.615234 0 -12.45117 -5.615234 0 -11.96289 -5.615234 -3.90625 -10.74219 -5.859375 0 -8.789063 -5.859375 -5.615234 -9.765625 -5.859375 -5.859375 -5.126953 -5.859375 0 -11.96289 -5.859375 0 -11.47461 -5.859375 -2.197266 -11.71875 -5.859375 -2.441406 -10.98633 -5.859375 -2.685547 -12.20703 -5.859375 0 -12.45117 -5.859375 -2.197266 -11.71875 -5.859375 0 -11.96289 -5.859375 -9.521485 -4.150391 -5.615234 -10.00977 -5.126953 -5.615234 -11.71875 -4.150391 -5.615234 -10.74219 -6.103516 -5.615234 -9.521485 -4.150391 -5.859375 -11.71875 -4.150391 -5.859375 -10.00977 -5.126953 -5.859375 -10.74219 -6.103516 -5.859375 -12.45117 0 -5.615234 -7.324219 -2.929687 -5.615234 -12.20703 -1.953125 -5.615234 -11.71875 -4.150391 -5.615234 -7.324219 -2.929687 -5.859375 -12.45117 0 -5.859375 -11.71875 -4.150391 -5.859375 -12.20703 -1.953125 -5.859375 7.324219 -2.929687 -5.615234 12.45117 0 -5.615234 11.71875 -4.150391 -5.615234 12.20703 -1.953125 -5.615234 12.45117 0 -5.859375 7.324219 -2.929687 -5.859375 12.20703 -1.953125 -5.859375 11.71875 -4.150391 -5.859375 7.324219 2.929687 -5.859375 12.45117 0 -5.859375 11.71875 4.150391 -5.859375 12.20703 1.953125 -5.859375 -7.324219 2.929687 -5.615234 -12.45117 0 -5.615234 -11.71875 4.150391 -5.615234 -12.20703 1.953125 -5.615234 -3.90625 10.74219 -5.859375 -2.441406 10.98633 -5.859375 -3.90625 10.74219 -5.615234 -2.441406 10.98633 -5.615234 -5.615234 9.765625 -5.859375 -3.90625 10.74219 -5.859375 -5.615234 9.765625 -5.615234 -3.90625 10.74219 -5.615234 -7.324219 8.789063 -5.859375 -5.615234 9.765625 -5.859375 -7.324219 8.789063 -5.615234 -5.615234 9.765625 -5.615234 -8.789063 7.324219 -5.859375 -7.324219 8.789063 -5.859375 -8.789063 7.324219 -5.615234 -7.324219 8.789063 -5.615234 -8.789063 7.324219 -5.859375 -8.789063 7.324219 -5.615234 -9.277344 7.324219 -5.859375 -9.277344 7.324219 -5.615234 -9.277344 7.324219 -5.859375 -9.277344 7.324219 -5.615234 -9.521485 8.056641 -5.859375 -9.521485 8.056641 -5.615234 -2.441406 10.98633 -5.859375 -2.197266 11.71875 -5.859375 -2.441406 10.98633 -5.615234 -2.197266 11.71875 -5.615234 -2.197266 11.71875 -5.859375 -2.685547 12.20703 -5.859375 -2.197266 11.71875 -5.615234 -2.685547 12.20703 -5.615234 3.90625 -10.74219 -5.859375 2.441406 -10.98633 -5.859375 3.90625 -10.74219 -5.615234 2.441406 -10.98633 -5.615234 5.615234 -9.765625 -5.859375 3.90625 -10.74219 -5.859375 5.615234 -9.765625 -5.615234 3.90625 -10.74219 -5.615234 7.324219 -8.789063 -5.859375 5.615234 -9.765625 -5.859375 7.324219 -8.789063 -5.615234 5.615234 -9.765625 -5.615234 8.789063 -7.324219 -5.859375 7.324219 -8.789063 -5.859375 8.789063 -7.324219 -5.615234 7.324219 -8.789063 -5.615234 8.789063 -7.324219 -5.859375 8.789063 -7.324219 -5.615234 9.277344 -7.324219 -5.859375 9.277344 -7.324219 -5.615234 2.441406 -10.98633 -5.859375 2.197266 -11.71875 -5.859375 2.441406 -10.98633 -5.615234 2.197266 -11.71875 -5.615234 2.197266 -11.71875 -5.859375 2.685547 -12.20703 -5.859375 2.197266 -11.71875 -5.615234 2.685547 -12.20703 -5.615234 3.90625 10.74219 -5.859375 3.90625 10.74219 -5.615234 2.441406 10.98633 -5.859375 2.441406 10.98633 -5.615234 5.615234 9.765625 -5.859375 5.615234 9.765625 -5.615234 3.90625 10.74219 -5.859375 3.90625 10.74219 -5.615234 7.324219 8.789063 -5.859375 7.324219 8.789063 -5.615234 5.615234 9.765625 -5.859375 5.615234 9.765625 -5.615234 8.789063 7.324219 -5.859375 8.789063 7.324219 -5.615234 7.324219 8.789063 -5.859375 7.324219 8.789063 -5.615234 8.789063 7.324219 -5.859375 9.277344 7.324219 -5.859375 8.789063 7.324219 -5.615234 9.277344 7.324219 -5.615234 9.277344 7.324219 -5.859375 9.521485 8.056641 -5.859375 9.277344 7.324219 -5.615234 9.521485 8.056641 -5.615234 2.441406 10.98633 -5.859375 2.441406 10.98633 -5.615234 2.197266 11.71875 -5.859375 2.197266 11.71875 -5.615234 2.197266 11.71875 -5.859375 2.197266 11.71875 -5.615234 2.685547 12.20703 -5.859375 2.685547 12.20703 -5.615234 -3.90625 -10.74219 -5.859375 -3.90625 -10.74219 -5.615234 -2.441406 -10.98633 -5.859375 -2.441406 -10.98633 -5.615234 -5.615234 -9.765625 -5.859375 -5.615234 -9.765625 -5.615234 -3.90625 -10.74219 -5.859375 -3.90625 -10.74219 -5.615234 -7.324219 -8.789063 -5.859375 -7.324219 -8.789063 -5.615234 -5.615234 -9.765625 -5.859375 -5.615234 -9.765625 -5.615234 -8.789063 -7.324219 -5.859375 -8.789063 -7.324219 -5.615234 -7.324219 -8.789063 -5.859375 -7.324219 -8.789063 -5.615234 -8.789063 -7.324219 -5.859375 -9.277344 -7.324219 -5.859375 -8.789063 -7.324219 -5.615234 -9.277344 -7.324219 -5.615234 -9.277344 -7.324219 -5.859375 -9.521485 -8.056641 -5.859375 -9.277344 -7.324219 -5.615234 -9.521485 -8.056641 -5.615234 -2.441406 -10.98633 -5.859375 -2.441406 -10.98633 -5.615234 -2.197266 -11.71875 -5.859375 -2.197266 -11.71875 -5.615234 -2.197266 -11.71875 -5.859375 -2.197266 -11.71875 -5.615234 -2.685547 -12.20703 -5.859375 -2.685547 -12.20703 -5.615234 -7.080078 2.929687 -5.615234 -7.080078 2.929687 -5.859375 -7.080078 -2.929687 -5.615234 -7.080078 -2.929687 -5.859375 -5.859375 4.882812 -5.859375 -5.859375 4.882812 -5.615234 0 8.300782 -5.859375 0 8.300782 -5.615234 0 8.300782 -5.859375 0 8.300782 -5.615234 0 8.789063 -5.859375 0 8.789063 -5.615234 0 8.300782 -5.859375 0 8.789063 -5.859375 0 8.300782 -5.615234 0 8.789063 -5.615234 -5.859375 4.882812 -5.615234 -5.859375 5.126953 -5.615234 0 8.300782 -5.615234 0 8.789063 -5.615234 -5.859375 4.882812 -5.859375 0 8.300782 -5.859375 -5.859375 5.126953 -5.859375 0 8.789063 -5.859375 -8.300782 6.347656 -5.859375 -9.277344 6.103516 -5.859375 -8.300782 6.347656 -5.615234 -9.277344 6.103516 -5.615234 -9.277344 6.103516 -5.859375 -9.765625 5.126953 -5.859375 -9.277344 6.103516 -5.615234 -9.765625 5.126953 -5.615234 -9.521485 4.150391 -5.859375 -9.521485 4.150391 -5.615234 -9.765625 5.126953 -5.859375 -9.765625 5.126953 -5.615234 -9.277344 6.103516 -5.615234 -9.277344 6.347656 -5.615234 -8.300782 6.347656 -5.615234 -8.300782 6.591797 -5.615234 -9.277344 6.103516 -5.859375 -8.300782 6.347656 -5.859375 -9.277344 6.347656 -5.859375 -8.300782 6.591797 -5.859375 -9.765625 5.126953 -5.615234 -10.00977 5.126953 -5.615234 -9.277344 6.103516 -5.615234 -9.277344 6.347656 -5.615234 -9.765625 5.126953 -5.859375 -9.277344 6.103516 -5.859375 -10.00977 5.126953 -5.859375 -9.277344 6.347656 -5.859375 -9.521485 4.150391 -5.859375 -9.765625 5.126953 -5.859375 -9.521485 4.150391 -5.859375 -10.00977 5.126953 -5.859375 -9.521485 4.150391 -5.615234 -9.521485 4.150391 -5.615234 -9.765625 5.126953 -5.615234 -10.00977 5.126953 -5.615234 -9.521485 4.150391 -5.859375 -7.324219 2.929687 -5.859375 -9.521485 4.150391 -5.859375 -7.080078 2.929687 -5.859375 -8.300782 6.347656 -5.859375 -8.300782 6.347656 -5.615234 -5.859375 4.882812 -5.859375 -5.859375 4.882812 -5.615234 -5.859375 5.126953 -5.859375 -8.300782 6.591797 -5.859375 -5.859375 4.882812 -5.859375 -8.300782 6.347656 -5.859375 -5.859375 4.882812 -5.615234 -8.300782 6.347656 -5.615234 -5.859375 5.126953 -5.615234 -8.300782 6.591797 -5.615234 7.080078 2.929687 -5.615234 7.080078 -2.929687 -5.615234 7.080078 2.929687 -5.859375 7.080078 -2.929687 -5.859375 5.859375 -4.882812 -5.859375 5.859375 -4.882812 -5.615234 0 -8.300782 -5.859375 0 -8.300782 -5.615234 0 -8.300782 -5.859375 0 -8.300782 -5.615234 0 -8.789063 -5.859375 0 -8.789063 -5.615234 0 -8.300782 -5.859375 0 -8.789063 -5.859375 0 -8.300782 -5.615234 0 -8.789063 -5.615234 7.080078 2.929687 -5.615234 7.324219 2.929687 -5.615234 7.080078 -2.929687 -5.615234 7.324219 -2.929687 -5.615234 5.859375 -4.882812 -5.615234 5.859375 -5.126953 -5.615234 0 -8.300782 -5.615234 0 -8.789063 -5.615234 7.080078 2.929687 -5.859375 7.080078 -2.929687 -5.859375 7.324219 2.929687 -5.859375 7.324219 -2.929687 -5.859375 5.859375 -4.882812 -5.859375 0 -8.300782 -5.859375 5.859375 -5.126953 -5.859375 0 -8.789063 -5.859375 8.300782 -6.347656 -5.859375 9.277344 -6.103516 -5.859375 8.300782 -6.347656 -5.615234 9.277344 -6.103516 -5.615234 9.277344 -6.103516 -5.859375 9.765625 -5.126953 -5.859375 9.277344 -6.103516 -5.615234 9.765625 -5.126953 -5.615234 9.521485 -4.150391 -5.859375 9.521485 -4.150391 -5.615234 9.765625 -5.126953 -5.859375 9.765625 -5.126953 -5.615234 9.277344 -6.103516 -5.615234 9.277344 -6.347656 -5.615234 8.300782 -6.347656 -5.615234 8.300782 -6.591797 -5.615234 9.277344 -6.103516 -5.859375 8.300782 -6.347656 -5.859375 9.277344 -6.347656 -5.859375 8.300782 -6.591797 -5.859375 9.765625 -5.126953 -5.615234 10.00977 -5.126953 -5.615234 9.277344 -6.103516 -5.615234 9.277344 -6.347656 -5.615234 9.765625 -5.126953 -5.859375 9.277344 -6.103516 -5.859375 10.00977 -5.126953 -5.859375 9.277344 -6.347656 -5.859375 9.521485 -4.150391 -5.859375 9.765625 -5.126953 -5.859375 9.521485 -4.150391 -5.859375 10.00977 -5.126953 -5.859375 9.521485 -4.150391 -5.615234 9.521485 -4.150391 -5.615234 9.765625 -5.126953 -5.615234 10.00977 -5.126953 -5.615234 9.521485 -4.150391 -5.859375 7.324219 -2.929687 -5.859375 9.521485 -4.150391 -5.859375 7.080078 -2.929687 -5.859375 8.300782 -6.347656 -5.859375 8.300782 -6.347656 -5.615234 5.859375 -4.882812 -5.859375 5.859375 -4.882812 -5.615234 5.859375 -5.126953 -5.859375 8.300782 -6.591797 -5.859375 5.859375 -4.882812 -5.859375 8.300782 -6.347656 -5.859375 5.859375 -4.882812 -5.615234 8.300782 -6.347656 -5.615234 5.859375 -5.126953 -5.615234 8.300782 -6.591797 -5.615234 5.859375 4.882812 -5.859375 0 8.300782 -5.859375 5.859375 4.882812 -5.615234 0 8.300782 -5.615234 0 8.300782 -5.859375 0 8.789063 -5.859375 0 8.300782 -5.615234 0 8.789063 -5.615234 0 8.300782 -5.859375 0 8.300782 -5.615234 0 8.789063 -5.859375 0 8.789063 -5.615234 5.859375 4.882812 -5.615234 0 8.300782 -5.615234 5.859375 5.126953 -5.615234 0 8.789063 -5.615234 5.859375 4.882812 -5.859375 5.859375 5.126953 -5.859375 0 8.300782 -5.859375 0 8.789063 -5.859375 8.300782 6.347656 -5.859375 8.300782 6.347656 -5.615234 9.277344 6.103516 -5.859375 9.277344 6.103516 -5.615234 9.277344 6.103516 -5.859375 9.277344 6.103516 -5.615234 9.765625 5.126953 -5.859375 9.765625 5.126953 -5.615234 9.521485 4.150391 -5.859375 9.765625 5.126953 -5.859375 9.521485 4.150391 -5.615234 9.765625 5.126953 -5.615234 9.277344 6.103516 -5.615234 8.300782 6.347656 -5.615234 9.277344 6.347656 -5.615234 8.300782 6.591797 -5.615234 9.277344 6.103516 -5.859375 9.277344 6.347656 -5.859375 8.300782 6.347656 -5.859375 8.300782 6.591797 -5.859375 9.765625 5.126953 -5.615234 9.277344 6.103516 -5.615234 10.00977 5.126953 -5.615234 9.277344 6.347656 -5.615234 9.765625 5.126953 -5.859375 10.00977 5.126953 -5.859375 9.277344 6.103516 -5.859375 9.277344 6.347656 -5.859375 9.521485 4.150391 -5.859375 9.521485 4.150391 -5.859375 9.765625 5.126953 -5.859375 10.00977 5.126953 -5.859375 9.521485 4.150391 -5.615234 9.765625 5.126953 -5.615234 9.521485 4.150391 -5.615234 10.00977 5.126953 -5.615234 9.521485 4.150391 -5.615234 9.521485 4.150391 -5.615234 7.080078 2.929687 -5.615234 7.324219 2.929687 -5.615234 9.521485 4.150391 -5.859375 9.521485 4.150391 -5.615234 7.080078 2.929687 -5.859375 7.080078 2.929687 -5.615234 9.521485 4.150391 -5.859375 9.521485 4.150391 -5.859375 7.324219 2.929687 -5.859375 7.080078 2.929687 -5.859375 8.300782 6.347656 -5.859375 5.859375 4.882812 -5.859375 8.300782 6.347656 -5.615234 5.859375 4.882812 -5.615234 5.859375 5.126953 -5.859375 5.859375 4.882812 -5.859375 8.300782 6.591797 -5.859375 8.300782 6.347656 -5.859375 5.859375 4.882812 -5.615234 5.859375 5.126953 -5.615234 8.300782 6.347656 -5.615234 8.300782 6.591797 -5.615234 -5.859375 -4.882812 -5.859375 0 -8.300782 -5.859375 -5.859375 -4.882812 -5.615234 0 -8.300782 -5.615234 0 -8.300782 -5.859375 0 -8.789063 -5.859375 0 -8.300782 -5.615234 0 -8.789063 -5.615234 0 -8.300782 -5.859375 0 -8.300782 -5.615234 0 -8.789063 -5.859375 0 -8.789063 -5.615234 -7.080078 2.929687 -5.615234 -7.080078 -2.929687 -5.615234 -7.324219 2.929687 -5.615234 -7.324219 -2.929687 -5.615234 -5.859375 -4.882812 -5.615234 0 -8.300782 -5.615234 -5.859375 -5.126953 -5.615234 0 -8.789063 -5.615234 -7.080078 2.929687 -5.859375 -7.324219 2.929687 -5.859375 -7.080078 -2.929687 -5.859375 -7.324219 -2.929687 -5.859375 -5.859375 -4.882812 -5.859375 -5.859375 -5.126953 -5.859375 0 -8.300782 -5.859375 0 -8.789063 -5.859375 -8.300782 -6.347656 -5.859375 -8.300782 -6.347656 -5.615234 -9.277344 -6.103516 -5.859375 -9.277344 -6.103516 -5.615234 -9.277344 -6.103516 -5.859375 -9.277344 -6.103516 -5.615234 -9.765625 -5.126953 -5.859375 -9.765625 -5.126953 -5.615234 -9.521485 -4.150391 -5.859375 -9.765625 -5.126953 -5.859375 -9.521485 -4.150391 -5.615234 -9.765625 -5.126953 -5.615234 -9.277344 -6.103516 -5.615234 -8.300782 -6.347656 -5.615234 -9.277344 -6.347656 -5.615234 -8.300782 -6.591797 -5.615234 -9.277344 -6.103516 -5.859375 -9.277344 -6.347656 -5.859375 -8.300782 -6.347656 -5.859375 -8.300782 -6.591797 -5.859375 -9.765625 -5.126953 -5.615234 -9.277344 -6.103516 -5.615234 -10.00977 -5.126953 -5.615234 -9.277344 -6.347656 -5.615234 -9.765625 -5.126953 -5.859375 -10.00977 -5.126953 -5.859375 -9.277344 -6.103516 -5.859375 -9.277344 -6.347656 -5.859375 -9.521485 -4.150391 -5.859375 -9.521485 -4.150391 -5.859375 -9.765625 -5.126953 -5.859375 -10.00977 -5.126953 -5.859375 -9.521485 -4.150391 -5.615234 -9.765625 -5.126953 -5.615234 -9.521485 -4.150391 -5.615234 -10.00977 -5.126953 -5.615234 -9.521485 -4.150391 -5.615234 -9.521485 -4.150391 -5.615234 -7.080078 -2.929687 -5.615234 -7.324219 -2.929687 -5.615234 -9.521485 -4.150391 -5.859375 -9.521485 -4.150391 -5.615234 -7.080078 -2.929687 -5.859375 -7.080078 -2.929687 -5.615234 -9.521485 -4.150391 -5.859375 -9.521485 -4.150391 -5.859375 -7.324219 -2.929687 -5.859375 -7.080078 -2.929687 -5.859375 -8.300782 -6.347656 -5.859375 -5.859375 -4.882812 -5.859375 -8.300782 -6.347656 -5.615234 -5.859375 -4.882812 -5.615234 -5.859375 -5.126953 -5.859375 -5.859375 -4.882812 -5.859375 -8.300782 -6.591797 -5.859375 -8.300782 -6.347656 -5.859375 -5.859375 -4.882812 -5.615234 -5.859375 -5.126953 -5.615234 -8.300782 -6.347656 -5.615234 -8.300782 -6.591797 -5.615234 5.615234 -7.568359 -5.615234 5.615234 -7.568359 -0.2441406 3.90625 -8.544922 -5.615234 3.90625 -8.544922 -0.2441406 3.90625 -8.544922 -5.615234 3.90625 -8.544922 -0.2441406 1.953125 -9.277344 -5.615234 1.953125 -9.277344 -0.2441406 5.859375 -7.8125 -5.615234 4.150391 -9.033204 -5.615234 5.859375 -7.8125 -0.2441406 4.150391 -9.033204 -0.2441406 4.150391 -9.033204 -5.615234 1.953125 -9.765625 -5.615234 4.150391 -9.033204 -0.2441406 1.953125 -9.765625 -0.2441406 5.615234 -7.568359 -0.2441406 5.615234 -7.568359 -5.615234 5.859375 -7.8125 -0.2441406 5.859375 -7.8125 -5.615234 -5.615234 7.568359 -5.615234 -5.615234 7.568359 -0.2441406 -3.90625 8.544922 -5.615234 -3.90625 8.544922 -0.2441406 -3.90625 8.544922 -5.615234 -3.90625 8.544922 -0.2441406 -1.953125 9.277344 -5.615234 -1.953125 9.277344 -0.2441406 -5.859375 7.8125 -5.615234 -4.150391 9.033204 -5.615234 -5.859375 7.8125 -0.2441406 -4.150391 9.033204 -0.2441406 -4.150391 9.033204 -5.615234 -1.953125 9.765625 -5.615234 -4.150391 9.033204 -0.2441406 -1.953125 9.765625 -0.2441406 -5.615234 7.568359 -0.2441406 -5.615234 7.568359 -5.615234 -5.859375 7.8125 -0.2441406 -5.859375 7.8125 -5.615234 5.615234 -7.568359 -0.2441406 5.859375 -7.8125 -0.2441406 3.90625 -8.544922 -0.2441406 4.150391 -9.033204 -0.2441406 3.90625 -8.544922 -0.2441406 4.150391 -9.033204 -0.2441406 1.953125 -9.277344 -0.2441406 1.953125 -9.765625 -0.2441406 -5.615234 7.568359 -0.2441406 -5.859375 7.8125 -0.2441406 -3.90625 8.544922 -0.2441406 -4.150391 9.033204 -0.2441406 -3.90625 8.544922 -0.2441406 -4.150391 9.033204 -0.2441406 -1.953125 9.277344 -0.2441406 -1.953125 9.765625 -0.2441406</float_array>
          <technique_common>
            <accessor source="#Mesh_0663Mesh_001-mesh-positions-array" count="4573" stride="3">
              <param name="X" type="float"/>
              <param name="Y" type="float"/>
              <param name="Z" type="float"/>
            </accessor>
          </technique_common>
        </source>
        <source id="Mesh_0663Mesh_001-mesh-normals">
          <float_array id="Mesh_0663Mesh_001-mesh-normals-array" count="3924">-0.5298129 -0.6622662 -0.5298129 -0.5298129 -0.6622663 -0.5298129 -0.5547003 -0.8320503 0 -0.5298129 -0.6622662 0.5298129 -0.5298129 -0.6622663 0.5298129 0 0 -1 0 0 1 -0.09950369 -0.9950372 0 -0.09950369 -0.9950373 0 -0.09950369 -0.9950372 0 0.5345225 -0.8017838 -0.2672613 0.5345225 -0.8017838 -0.2672612 0.3162274 -0.9486835 0 0.3162274 -0.9486834 0 0.3162274 -0.9486835 0 0.3162282 -0.9486832 0 0.3162282 -0.9486832 0 0.3162282 -0.9486833 0 -0.1961161 -0.7844646 0.5883485 -0.1961161 -0.7844646 0.5883484 -1 0 0 -0.9486835 0.3162271 0 -0.3015114 0.9045341 -0.3015114 -0.7071073 0.7071063 0 -0.7071073 0.7071064 0 -0.7749817 0.626583 0.08244484 -0.7749817 0.626583 0.08244484 -0.5547018 0.8320492 0 -0.7442084 0.2480694 0.6201737 -0.7442084 0.2480694 0.6201737 -0.7071068 -0.7071068 0 -0.8944272 -0.4472136 0 -0.8944273 -0.4472137 0 -0.20286 -0.7505822 -0.6288675 -0.20286 -0.7505823 -0.6288675 -0.2467857 -0.6110885 -0.7521089 -0.2467857 -0.6110885 -0.7521089 -0.3015114 -0.9045341 -0.3015114 -0.2577697 -0.6959781 -0.6702011 -0.2577696 -0.695978 -0.6702011 -0.7354174 0.08404767 -0.6723817 -0.7354175 0.08404767 -0.6723817 -0.7035265 0.1005038 -0.7035265 -0.7035265 0.1005038 -0.7035265 -0.7035265 0.1005038 -0.7035265 -0.745356 0.1192569 -0.6559133 -0.745356 0.1192569 -0.6559133 1 0 0 0.9486835 0.3162271 0 0.3015114 0.9045341 -0.3015114 0.7071073 0.7071063 0 0.7071073 0.7071064 0 0.7749817 0.626583 0.08244484 0.7749817 0.626583 0.08244484 0.5547018 0.8320492 0 0.7442084 0.2480694 0.6201737 0.7442084 0.2480694 0.6201737 0.5298129 -0.6622662 -0.5298129 0.5298129 -0.6622663 -0.5298129 0.5547003 -0.8320503 0 0.5298129 -0.6622662 0.5298129 0.5298129 -0.6622663 0.5298129 0.09950369 -0.9950372 0 0.09950369 -0.9950372 0 0.09950369 -0.9950373 0 -0.5345225 -0.8017838 -0.2672613 -0.5345225 -0.8017838 -0.2672612 -0.3162277 -0.9486834 0 -0.3162277 -0.9486833 0 -0.3162274 -0.9486835 0 -0.3162274 -0.9486835 0 -0.3162274 -0.9486834 0 -0.3162282 -0.9486832 0 -0.3162282 -0.9486833 0 -0.3162282 -0.9486832 0 0.1961161 -0.7844646 0.5883485 0.1961161 -0.7844646 0.5883484 0.8944272 -0.4472136 0 0.8944273 -0.4472137 0 0.7071068 -0.7071068 0 0.7354174 0.08404767 -0.6723817 0.7354175 0.08404767 -0.6723817 0.7035265 0.1005038 -0.7035265 0.7035265 0.1005038 -0.7035265 0.7035265 0.1005038 -0.7035265 0.745356 0.1192569 -0.6559133 0.745356 0.1192569 -0.6559133 0.20286 -0.7505822 -0.6288675 0.20286 -0.7505823 -0.6288675 0.2467857 -0.6110885 -0.7521089 0.2467857 -0.6110885 -0.7521089 0.3015114 -0.9045341 -0.3015114 0.2577697 -0.6959781 -0.6702011 0.2577696 -0.695978 -0.6702011 -0.4082483 0.8164966 0.4082483 -0.3939193 0.9191451 0 -0.3939193 0.9191451 0 -0.4082483 0.8164966 -0.4082483 -0.7592567 0.6507914 0 -0.7592566 0.6507914 0 -0.7592566 0.6507914 0 -0.912871 0.1825742 -0.3651484 -0.9128709 0.1825742 -0.3651484 -0.912871 0.1825742 -0.3651484 -0.9486834 0.3162277 0 -0.9486833 0.3162277 0 -0.9486833 0.3162278 0 -0.6837635 0.4558423 0.5698029 -0.6837636 0.4558423 0.5698029 -0.6837635 0.4558423 0.5698028 0.4082483 0.8164966 0.4082483 0.3939193 0.9191451 0 0.3939193 0.9191451 0 0.4082483 0.8164966 -0.4082483 0.7592567 0.6507914 0 0.7592566 0.6507914 0 0.7592566 0.6507914 0 0.912871 0.1825742 -0.3651484 0.912871 0.1825742 -0.3651484 0.9128709 0.1825742 -0.3651484 0.9486834 0.3162277 0 0.9486833 0.3162277 0 0.9486833 0.3162278 0 0.6837635 0.4558423 0.5698029 0.6837635 0.4558423 0.5698028 0.6837636 0.4558423 0.5698029 0 1 0 -0.5139639 0.5961982 -0.6167567 -0.5139639 0.5961982 -0.6167567 -0.5139639 0.5961982 -0.6167567 -0.3715202 0.5893079 -0.7174183 -0.3715202 0.5893079 -0.7174183 -0.5879748 0.8017838 -0.1069045 -0.5879748 0.8017838 -0.1069045 -0.4039328 0.6193637 -0.6732214 -0.4039329 0.6193637 -0.6732214 0.5139639 0.5961982 -0.6167567 0.5139639 0.5961982 -0.6167567 0.5139639 0.5961982 -0.6167567 0.3715202 0.5893079 -0.7174183 0.3715202 0.5893079 -0.7174183 0.5879748 0.8017838 -0.1069045 0.5879748 0.8017838 -0.1069045 0.4039328 0.6193637 -0.6732214 0.4039329 0.6193637 -0.6732214 -0.7564094 0.3025637 -0.5799139 -0.7453068 0.3084028 -0.5911054 -0.4472137 -0.8944273 0 -0.4472136 -0.8944272 0 -0.7340009 0.3037245 -0.6074489 0.7564094 -0.3025637 -0.5799139 0.7453068 -0.3084028 -0.5911054 0.4472137 0.8944273 0 0.4472136 0.8944272 0 0.7340009 -0.3037245 -0.6074489 -0.5962848 -0.2981424 -0.745356 -0.5501074 -0.3284822 -0.7677769 -0.570243 -0.3155535 -0.7584518 -0.520266 -0.346844 -0.780399 -0.48795 -0.39036 -0.7807201 -0.3409567 -0.5601432 -0.7549757 -0.371958 -0.5570229 -0.7425448 -0.3765826 -0.5564996 -0.7406038 -0.4137932 -0.5517242 -0.724138 -0.2182179 -0.4364358 -0.8728716 -0.2540383 -0.4483865 -0.8569796 -0.2795212 -0.4565114 -0.8446687 -0.3106682 -0.4660024 -0.8284486 -0.4036037 -0.2690691 -0.8744747 -0.4036037 -0.2690691 -0.8744747 -0.3798686 -0.3038949 -0.8736978 -0.3798686 -0.3038949 -0.8736979 -0.3742697 -0.3118914 -0.8732961 -0.3797849 -0.3126097 -0.8706541 -0.3857525 -0.3133757 -0.8677504 -0.3928371 -0.3142697 -0.8642417 -0.8320503 -0.5547002 0 -0.8320503 -0.5547002 0 -0.857493 -0.5144958 0 -0.857493 -0.5144957 0 -0.5025189 -0.7035265 -0.5025189 -0.5145643 -0.7127966 -0.4765971 -0.6348271 -0.7712162 -0.04711818 -0.6401844 -0.7682213 0 0.5547003 -0.8320503 0 0.64958 -0.755223 0.0876587 0.5870649 -0.8090338 0.02862542 0.6556101 -0.7492687 0.09365856 0.3634387 -0.8788037 -0.309219 0.6347633 -0.7685273 -0.08025836 0.3312946 -0.8834522 -0.3312946 -0.7071068 0.7071068 0 -0.8157943 0.4372197 -0.3785745 -0.7284538 0.683627 -0.0448268 -0.8164966 0.4082483 -0.4082483 -0.7682213 -0.6401844 0 -0.6347633 0.7685273 0.08025836 -0.3634387 0.8788037 0.309219 -0.3312946 0.8834522 0.3312946 -0.7808688 -0.6246951 0 -0.7808689 -0.6246951 0 -0.6180315 -0.412021 -0.6695341 -0.5840498 -0.4202398 -0.6944671 -0.5742871 -0.4224142 -0.7012565 -0.5374093 -0.4299274 -0.7255024 -0.4850713 -0.4850713 -0.7276069 -0.521929 -0.4822666 -0.7035688 -0.5376296 -0.4807556 -0.6926966 -0.5720776 -0.4767313 -0.6674239 -0.4318339 -0.6045675 -0.6693412 -0.4149886 -0.6963681 -0.5855391 -0.4249292 -0.6479916 -0.6320934 -0.4061387 -0.7310498 -0.548286 -0.6509445 -0.6509445 -0.3905668 -0.67142 -0.5382732 -0.5093695 -0.6685152 -0.5641046 -0.4846376 -0.6748819 -0.4499213 -0.5848977 -0.6154575 -0.6154575 -0.492366 0.604708 -0.7774816 0.1727737 0.5705168 -0.8105791 0.1321818 0.1391398 -0.9528075 -0.2698111 0 -0.9284768 -0.3713907 -0.2119995 0.9539981 0.2119995 -0.4049093 0.9134173 0.04143941 -0.2503411 0.9512359 0.1802215 -0.4472136 0.8944272 0 0.3717479 -0.8773654 -0.3033705 0.651158 -0.7563149 -0.06309407 -0.8834522 0.3312946 -0.3312946 -0.7563149 0.651158 -0.06309407 -0.8773654 0.3717479 -0.3033705 0 -1 0 -0.4472137 0.8944273 0 -0.2012335 -0.6037005 -0.7713954 -0.1605985 -0.6596604 -0.7342045 -0.1770086 -0.6377142 -0.749659 -0.1275153 -0.7013344 -0.7013344 0 -0.7071068 -0.7071068 -0.03299713 -0.6729539 -0.7389482 -0.02247405 -0.6840968 -0.729045 -0.05415302 -0.6498365 -0.7581426 0.8479986 0.5299986 0 0.8479983 0.5299991 0 0.8479984 0.5299988 0 0.8479981 0.5299993 0 0.529999 0.8479983 0 0.7071068 0.7071068 0 0.1240347 0.992278 0 0.2169305 0.9761871 0 -0.164399 -0.986394 0 -0.1240347 -0.992278 0 -0.1063673 -0.9942417 -0.01302754 -0.08109545 -0.9962058 -0.03158557 -0.05248636 -0.9972414 -0.05248636 -0.7682214 -0.3841107 -0.5121476 -0.7614467 -0.4184864 -0.4950435 -0.7530069 -0.4542104 -0.4761023 -0.7416771 -0.4944514 -0.4532471 -0.6699835 -0.5359868 -0.513654 -0.6677134 -0.5460136 -0.5059921 -0.6677526 -0.5458456 -0.5061218 -0.6656402 -0.5547002 -0.4992302 -0.5773503 -0.5773503 -0.5773503 -0.5579336 -0.624197 -0.5468897 -0.5374267 -0.6671737 -0.5158022 -0.5220133 -0.6960178 -0.4930126 0.4082483 -0.8164966 -0.4082483 0.4264014 -0.6396022 -0.6396022 0.4215574 -0.5260543 -0.7386179 0.4082483 -0.4082483 -0.8164967 -0.1270001 -0.7620009 -0.6350007 0.5745778 -0.6913056 -0.438129 0.1330535 -0.7867368 -0.6027787 0.7043607 -0.6163157 -0.3521804 -0.2425356 -0.9701426 0 -0.1333333 -0.9333333 -0.3333333 -0.2068343 -0.9173086 -0.3402419 -0.1694723 -0.9261413 -0.3369591 -0.2279211 -0.9116847 -0.3418818 0 -0.8944272 -0.4472136 0 -0.918425 -0.3955951 0 -0.934903 -0.3549033 0 -0.9486834 -0.3162278 0.7071083 -0.7071053 0 0.7071068 -0.7071067 0 0.7071083 -0.7071053 0 0.3162277 -0.9486834 0 0.2236068 -0.6708204 0.7071068 0.3162277 -0.9486833 0 0.6963106 -0.6963106 0.1740776 0.8098351 -0.5862781 -0.02109825 0.7657241 -0.6398224 0.0655294 0.8300574 -0.5533717 -0.06917142 -0.5570861 -0.3713907 0.7427814 -0.5374093 -0.4299274 0.7255024 -0.5269701 -0.4318622 0.731982 -0.5290421 -0.4314847 0.7307089 -0.5197777 -0.4331481 0.7363518 -0.4850713 -0.4850713 0.7276069 -0.4850713 -0.4850713 0.7276069 -0.4850713 -0.4850713 0.7276069 0 -0.8 0.6 0.1102138 -0.8780659 0.4656751 0.1809188 -0.9122305 0.3675649 0.3123475 -0.9370427 0.1561737 -0.361256 -0.6502609 0.6683225 -0.361256 -0.6502608 0.6683225 -0.05669909 -0.6236906 0.7796123 -0.09732514 -0.6694183 0.7364829 -0.07489967 -0.6445646 0.7608722 -0.1146607 -0.6879644 0.7166296 -0.06966269 -0.6966269 0.7140436 -0.06966274 -0.6966276 0.7140428 -0.06966269 -0.6966271 0.7140433 -0.06966274 -0.6966279 0.7140426 -0.8944272 0 0.4472136 -0.8944273 0 0.4472137 -0.3663375 -0.6105625 0.7021469 -0.3287553 -0.6031377 0.7267357 -0.3314694 -0.603711 0.7250249 -0.2981424 -0.5962848 0.745356 -0.5570861 -0.3713907 -0.7427814 -0.5883485 -0.1961161 -0.7844646 -0.6114283 -0.2573826 -0.7482712 -0.6097626 -0.2526879 -0.7512247 -0.6304883 -0.3152441 -0.7092994 -0.6671244 -0.07412493 -0.7412493 -0.6791771 -0.0971654 -0.7275146 -0.6752424 -0.08952856 -0.7321423 -0.6879644 -0.1146607 -0.7166296 -0.4472137 0 -0.8944273 -0.4888615 -0.04566752 -0.8711653 -0.473142 -0.02817797 -0.8805354 -0.5131117 -0.07330167 -0.8551862 -0.3991787 -0.2116935 -0.8920999 -0.3967342 -0.1858089 -0.898931 -0.3905668 -0.1301889 -0.9113224 -0.4190611 -0.1840361 -0.8891111 -0.4080032 -0.1628336 -0.8983422 -0.4364358 -0.2182179 -0.8728716 -0.4203569 -0.1865477 -0.8879752 -0.4261533 -0.1978551 -0.8827496 -0.4082484 -0.1632993 -0.8981463 -0.4198321 -0.119952 -0.8996402 -0.4198321 -0.119952 -0.8996402 -0.3162278 -0.9486833 0 -0.3162278 -0.9486834 0 -0.5547003 -0.8320503 0 -0.5547002 -0.8320503 0 -0.9486833 -0.3162278 0 -0.9486834 -0.3162278 0 -0.9284767 -0.3713907 0 -0.984732 -0.1230915 -0.1230915 -0.9901093 -0.1398594 -0.01109343 -0.9854745 -0.1242427 -0.1157752 -0.9899495 -0.1414213 0 -0.961524 -0.2747211 0 -0.961524 -0.2747211 0 -0.8320503 0 0.5547003 -0.9999996 0 9.29322e-4 -0.5547003 0.8320503 0 -0.4764986 0.8767829 0.06481403 -0.2612188 0.9400418 0.2192854 -0.2357022 0.9428091 0.2357022 -0.2425356 0.9701426 0 -0.2425356 0.9701426 0 0.2425356 -0.9701426 0 0.2425356 -0.9701426 0 0.5773503 0.5773503 0.5773503 0.1331459 -0.9869222 -0.09086769 0.6998356 -0.5557756 0.4487134 0.1097642 -0.9878785 -0.1097642 -0.9403354 -0.3283258 -0.08928412 -0.7053012 -0.3388779 -0.6226654 -0.6666667 -0.3333333 -0.6666667 -0.6878549 -0.2947949 -0.6632886 -0.6977454 -0.3276956 -0.6369985 -0.694479 -0.3164083 -0.646208 -0.7043607 -0.3521804 -0.6163157 -0.6697109 -0.1913459 -0.7175474 -0.6697109 -0.1913459 -0.7175473 -0.6912 -0.09874284 -0.7158858 -0.7376238 -0.05967587 -0.6725697 -0.7682126 -0.03162688 -0.6394132 -0.8000001 0 -0.6 -0.8802422 -0.2514978 -0.4023964 -0.8390974 -0.2883095 -0.4612952 -0.8217144 -0.3020462 -0.4832739 -0.7775859 -0.3332511 -0.5332018 -0.8904165 -0.2412272 -0.3859636 -0.8958084 -0.2355529 -0.3768847 -0.9044313 -0.2261078 -0.3617725 -0.1097642 0.9878785 0.1097642 -0.02059537 0.9834133 0.1802063 -0.1017587 0.9880003 0.1161931 0 0.9805807 0.1961161 0.2119995 -0.9539981 -0.2119995 0.2503411 -0.9512359 -0.1802215 0.4049093 -0.9134173 -0.04143941 0.4472136 -0.8944272 0 -0.3162278 0.9486834 0 -0.02242004 0.9828358 0.1831151 -0.2990995 0.9541543 0.01137113 -0.961524 -0.2747212 0 -0.9701426 -0.2425356 0 0.4472137 -0.8944273 0 -0.6480861 0.1728229 -0.7416985 -0.6487972 0.1743593 -0.7407166 -0.6492862 0.1754186 -0.7400377 -0.6501595 0.1773162 -0.7388177 -0.6071421 0.2759736 -0.7451289 -0.6164543 0.302356 -0.7270248 -0.621454 0.3172379 -0.7163484 -0.6298295 0.3435434 -0.6966296 0.9922778 -0.1240353 0 0.9922779 -0.1240351 0 0.992278 -0.1240344 0 0.992278 -0.1240341 0 0.8944273 0.4472137 0 0.992278 0.1240341 0 0.992278 0.1240344 0 0.9922779 0.1240351 0 0.9922778 0.1240353 0 0.9761871 0.2169305 0 0.9761871 -0.2169305 0 -0.8944273 0.4472137 0 -0.5547002 -0.8320503 0 -0.5547007 -0.83205 0 -0.5547003 -0.8320503 0 -0.5547007 -0.8320499 0 -0.9363294 0.3511228 0 -0.9587626 0.2779442 0.05934113 -0.9450209 0.326375 0.02036947 -0.9704941 0.2156699 0.1078327 -0.7131859 -0.4754574 -0.5150788 -0.7691211 -0.4220667 -0.4799091 -0.7428138 -0.4482203 -0.4973192 -0.7929823 -0.3964912 -0.462573 -0.8207294 -0.2735764 -0.5015569 -0.8367991 -0.2577027 -0.48307 -0.8365453 -0.2579607 -0.4833718 -0.8507884 -0.2430824 -0.4659079 -0.7171372 -0.3585686 -0.5976143 -0.8547667 -0.1957575 -0.4806798 -0.7981953 -0.2716211 -0.5376862 -0.8846518 -0.1474419 -0.4423259 -0.3333333 0.6666667 -0.6666667 -0.1328816 0.5463545 -0.8269458 -0.1653808 0.5683709 -0.80598 0 0.4472137 -0.8944273 -0.7092994 0.3152441 -0.6304883 -0.6194392 0.5093067 -0.5974127 -0.3517241 0.8230349 -0.4459863 -0.2105587 0.9124212 -0.3509312 -0.948684 0.3162258 0 -0.9486829 0.3162289 0 -0.9486837 0.3162266 0 -0.9486827 0.3162298 0 -0.9271727 0.2649065 -0.2649065 -0.9245039 0.2768263 -0.2620303 -0.9194574 0.2976825 -0.2568721 -0.917365 0.3057883 -0.2548236 -0.7730389 0.5228234 -0.3592586 -0.7286639 0.6078006 -0.3156383 -0.6446585 0.7252407 -0.2417469 -0.3152441 0.9457325 0.07881104 -0.07559484 0.9969595 0.01889866 -0.2826294 0.9566233 0.07065737 -0.5962848 -0.2981424 0.745356 -0.6615815 -0.2205271 0.7167133 -0.6548057 -0.2034465 0.7279005 -0.6534408 -0.2000843 0.7300557 -0.6471502 -0.1849001 0.7396003 -0.6553856 -0.1638464 0.7373088 -0.6647427 -0.264467 0.6986948 -0.6599487 -0.2033172 0.7232772 -0.6666667 -0.3333333 0.6666667 -0.6931033 -0.1980295 0.6931033 -0.6856039 -0.1853902 0.7039729 -0.6823093 -0.1799373 0.7085736 -0.6755205 -0.1688801 0.7177406 -0.6615815 0.4410542 0.6064497 -0.674921 0.581802 0.4538592 -0.6731035 0.5284422 0.5173785 -0.6666667 0.6666667 0.3333333 -0.7071068 0 0.7071068 -0.6304883 0.3152441 0.7092994 -0.6304884 0.3152442 0.7092994 -0.6304884 0.3152442 0.7092993 -0.6615814 0.2205271 0.7167133 -0.6615815 0.2205271 0.7167132 -0.5240975 -0.7861461 0.3275609 -0.5240975 -0.7861461 0.3275609 -0.8320504 -0.5547002 0 -0.7682213 -0.6401844 0 -0.7682213 -0.6401845 0 -0.7682213 -0.6401844 0 -0.8320503 -0.5547003 0 -0.894426 -0.4472162 0 -0.8944277 -0.4472126 0 -0.8944266 -0.4472149 0 -0.8944302 -0.4472079 0 -0.9701426 -0.2425356 0 -0.4856429 -0.8741573 0 -0.4856429 -0.8741573 0 -0.8 -0.6 0 -0.8000001 -0.6000001 0 -0.6 -0.8 0 -0.8944265 -0.4472151 0 -0.8944271 -0.447214 0 -0.2318921 -0.6183789 -0.7508886 -0.3574897 -0.6273066 -0.6918725 -0.2980734 -0.6245407 -0.7218734 -0.4685213 -0.6246951 -0.6246951 -0.06493502 -0.7792208 -0.6233766 -0.1012498 -0.7269592 -0.6791752 -0.08229291 -0.7550213 -0.6505158 -0.1170411 -0.7022469 -0.7022469 -0.1345224 -0.7398736 -0.6591592 -0.1135506 -0.7612549 -0.6384335 -0.1218617 -0.7529206 -0.6467306 -0.09714692 -0.7771754 -0.6217403 -0.7049344 0.07832604 -0.7049344 -0.7218258 0.05533957 -0.6898587 -0.733562 0.03869646 -0.67852 -0.7592567 0 -0.6507914 -0.6545301 0.3570163 -0.6664306 -0.6492327 0.3447071 -0.6779927 -0.6426994 0.3299971 -0.6914039 -0.6375768 0.3187884 -0.7013344 -0.6703829 0.1828317 -0.719138 -0.6813313 0.2107327 -0.7009846 -0.687506 0.2273688 -0.6896659 -0.6996045 0.2623516 -0.6646242 -0.4036037 -0.5381383 0.7399401 -0.4036037 -0.5381382 0.7399401 -0.5656855 -0.4242641 0.7071068 -0.5656855 -0.4242641 0.7071068 -0.6804139 -0.2721655 0.6804139 -0.6931911 -0.3120806 0.649686 -0.6911715 -0.305421 0.6549809 -0.7043607 -0.3521804 0.6163157 0.5570861 -0.3713907 -0.7427814 0.5883485 -0.1961161 -0.7844646 0.6097626 -0.2526879 -0.7512247 0.6114283 -0.2573826 -0.7482712 0.6304883 -0.3152441 -0.7092994 0.6671244 -0.07412493 -0.7412493 0.6752424 -0.08952856 -0.7321423 0.6791771 -0.0971654 -0.7275146 0.6879644 -0.1146607 -0.7166296 0.4472137 0 -0.8944273 0.473142 -0.02817797 -0.8805354 0.4888615 -0.04566752 -0.8711653 0.5131117 -0.07330167 -0.8551862 0.4036037 -0.2690691 -0.8744747 0.3967342 -0.1858089 -0.898931 0.3991787 -0.2116935 -0.8920999 0.3905668 -0.1301889 -0.9113224 0.4080032 -0.1628336 -0.8983422 0.4190611 -0.1840361 -0.8891111 0.4364358 -0.2182179 -0.8728716 0.4261533 -0.1978551 -0.8827496 0.4203569 -0.1865477 -0.8879752 0.4082484 -0.1632993 -0.8981463 0.4198321 -0.119952 -0.8996402 0.4198321 -0.119952 -0.8996402 0.3162278 -0.9486833 0 0.3162278 -0.9486834 0 0.5547002 -0.8320503 0 0.9486833 -0.3162278 0 0.9486834 -0.3162278 0 0.9284767 -0.3713907 0 0.984732 -0.1230915 -0.1230915 0.9854745 -0.1242427 -0.1157752 0.9901093 -0.1398594 -0.01109343 0.9899495 -0.1414213 0 0.961524 -0.2747211 0 0.961524 -0.2747211 0 0.1777904 0 0.9840684 0.5547003 0.8320503 0 0.2612188 0.9400418 0.2192854 0.4764986 0.8767829 0.06481403 0.2357022 0.9428091 0.2357022 0.2425356 0.9701426 0 0.2425356 0.9701426 0 -0.2425356 -0.9701426 0 -0.5773503 0.5773503 0.5773503 -0.6998356 -0.5557756 0.4487134 -0.1331459 -0.9869222 -0.09086769 -0.1097642 -0.9878785 -0.1097642 0.7053012 -0.3388779 -0.6226654 0.9403354 -0.3283258 -0.08928412 0.6666667 -0.3333333 -0.6666667 0.6878549 -0.2947949 -0.6632886 0.694479 -0.3164083 -0.646208 0.6977454 -0.3276956 -0.6369985 0.7043607 -0.3521804 -0.6163157 0.6697109 -0.1913459 -0.7175474 0.6697109 -0.1913459 -0.7175473 0.6912 -0.09874284 -0.7158858 0.7682126 -0.03162688 -0.6394132 0.7376238 -0.05967587 -0.6725697 0.8000001 0 -0.6 0.8802422 -0.2514978 -0.4023964 0.8217144 -0.3020462 -0.4832739 0.8390974 -0.2883095 -0.4612952 0.7775859 -0.3332511 -0.5332018 0.8958084 -0.2355529 -0.3768847 0.8904165 -0.2412272 -0.3859636 0.9044313 -0.2261078 -0.3617725 0.1097642 0.9878785 0.1097642 0.1017587 0.9880003 0.1161931 0.02059537 0.9834133 0.1802063 -0.2119995 -0.9539981 -0.2119995 -0.4049093 -0.9134173 -0.04143941 -0.2503411 -0.9512359 -0.1802215 0.3162278 0.9486834 0 0.2990995 0.9541543 0.01137113 0.02242004 0.9828358 0.1831151 0.961524 -0.2747212 0 0.9701426 -0.2425356 0 0.6480861 0.1728229 -0.7416985 0.6492862 0.1754186 -0.7400377 0.6487972 0.1743593 -0.7407166 0.6501595 0.1773162 -0.7388177 0.6071421 0.2759736 -0.7451289 0.621454 0.3172379 -0.7163484 0.6164543 0.302356 -0.7270248 0.6298295 0.3435434 -0.6966296 -0.9922778 -0.1240353 0 -0.992278 -0.1240344 0 -0.9922779 -0.1240351 0 -0.992278 -0.1240341 0 -0.992278 0.1240341 0 -0.9922779 0.1240351 0 -0.992278 0.1240344 0 -0.9922778 0.1240353 0 -0.9761871 0.2169305 0 -0.9761871 -0.2169305 0 0.5547002 -0.8320503 0 0.5547003 -0.8320503 0 0.5547007 -0.83205 0 0.5547007 -0.8320499 0 0.9363294 0.3511228 0 0.9450209 0.326375 0.02036947 0.9587626 0.2779442 0.05934113 0.9704941 0.2156699 0.1078327 0.7131859 -0.4754574 -0.5150788 0.7428138 -0.4482203 -0.4973192 0.7691211 -0.4220667 -0.4799091 0.7929823 -0.3964912 -0.462573 0.8207294 -0.2735764 -0.5015569 0.8365453 -0.2579607 -0.4833718 0.8367991 -0.2577027 -0.48307 0.8507884 -0.2430824 -0.4659079 0.7171372 -0.3585686 -0.5976143 0.7981953 -0.2716211 -0.5376862 0.8547667 -0.1957575 -0.4806798 0.8846518 -0.1474419 -0.4423259 0.3333333 0.6666667 -0.6666667 0.1653808 0.5683709 -0.80598 0.1328816 0.5463545 -0.8269458 0.7092994 0.3152441 -0.6304883 0.3517241 0.8230349 -0.4459863 0.6194392 0.5093067 -0.5974127 0.2105587 0.9124212 -0.3509312 0.948684 0.3162258 0 0.9486837 0.3162266 0 0.9486829 0.3162289 0 0.9486827 0.3162298 0 0.9271727 0.2649065 -0.2649065 0.9194574 0.2976825 -0.2568721 0.9245039 0.2768263 -0.2620303 0.917365 0.3057883 -0.2548236 0.8164966 0.4082483 -0.4082483 0.7286639 0.6078006 -0.3156383 0.7730389 0.5228234 -0.3592586 0.6446585 0.7252407 -0.2417469 0.3152441 0.9457325 0.07881104 0.2826294 0.9566233 0.07065737 0.07559484 0.9969595 0.01889866 0.5962848 -0.2981424 0.745356 0.6615815 -0.2205271 0.7167133 0.6534408 -0.2000843 0.7300557 0.6548057 -0.2034465 0.7279005 0.6471502 -0.1849001 0.7396003 0.6553856 -0.1638464 0.7373088 0.6599487 -0.2033172 0.7232772 0.6647427 -0.264467 0.6986948 0.6666667 -0.3333333 0.6666667 0.6931033 -0.1980295 0.6931033 0.6823093 -0.1799373 0.7085736 0.6856039 -0.1853902 0.7039729 0.6755205 -0.1688801 0.7177406 0.6615815 0.4410542 0.6064497 0.6731035 0.5284422 0.5173785 0.674921 0.581802 0.4538592 0.6666667 0.6666667 0.3333333 0.7071068 0 0.7071068 0.6304883 0.3152441 0.7092994 0.6304884 0.3152442 0.7092993 0.6304884 0.3152442 0.7092994 0.6615814 0.2205271 0.7167133 0.6615815 0.2205271 0.7167132 0.5240975 -0.7861461 0.3275609 0.5240975 -0.7861461 0.3275609 0.5962848 -0.2981424 -0.745356 0.570243 -0.3155535 -0.7584518 0.5501074 -0.3284822 -0.7677769 0.520266 -0.346844 -0.780399 0.48795 -0.39036 -0.7807201 0.3409567 -0.5601432 -0.7549757 0.3765826 -0.5564996 -0.7406038 0.371958 -0.5570229 -0.7425448 0.4137932 -0.5517242 -0.724138 0.2182179 -0.4364358 -0.8728716 0.2795212 -0.4565114 -0.8446687 0.2540383 -0.4483865 -0.8569796 0.3106682 -0.4660024 -0.8284486 0.4036037 -0.2690691 -0.8744747 0.3798686 -0.3038949 -0.8736978 0.3798686 -0.3038949 -0.8736979 0.3742697 -0.3118914 -0.8732961 0.3857525 -0.3133757 -0.8677504 0.3797849 -0.3126097 -0.8706541 0.3928371 -0.3142697 -0.8642417 0.8320503 -0.5547002 0 0.8320503 -0.5547002 0 0.857493 -0.5144958 0 0.857493 -0.5144957 0 0.5025189 -0.7035265 -0.5025189 0.6348271 -0.7712162 -0.04711818 0.5145643 -0.7127966 -0.4765971 0.6401844 -0.7682213 0 -0.5870649 -0.8090338 0.02862542 -0.64958 -0.755223 0.0876587 -0.6556101 -0.7492687 0.09365856 -0.6347633 -0.7685273 -0.08025836 -0.3634387 -0.8788037 -0.309219 -0.3312946 -0.8834522 -0.3312946 0.7284538 0.683627 -0.0448268 0.8157943 0.4372197 -0.3785745 0.7682213 -0.6401844 0 0.3634387 0.8788037 0.309219 0.6347633 0.7685273 0.08025836 0.3312946 0.8834522 0.3312946 0.7808688 -0.6246951 0 0.7808689 -0.6246951 0 0.6180315 -0.412021 -0.6695341 0.5742871 -0.4224142 -0.7012565 0.5840498 -0.4202398 -0.6944671 0.5374093 -0.4299274 -0.7255024 0.4850713 -0.4850713 -0.7276069 0.5376296 -0.4807556 -0.6926966 0.521929 -0.4822666 -0.7035688 0.5720776 -0.4767313 -0.6674239 0.4318339 -0.6045675 -0.6693412 0.4249292 -0.6479916 -0.6320934 0.4149886 -0.6963681 -0.5855391 0.4061387 -0.7310498 -0.548286 0.6509445 -0.6509445 -0.3905668 0.6685152 -0.5641046 -0.4846376 0.67142 -0.5382732 -0.5093695 0.6748819 -0.4499213 -0.5848977 0.6154575 -0.6154575 -0.492366 -0.604708 -0.7774816 0.1727737 -0.1391398 -0.9528075 -0.2698111 -0.5705168 -0.8105791 0.1321818 0.2119995 0.9539981 0.2119995 0.2503411 0.9512359 0.1802215 0.4049093 0.9134173 0.04143941 -0.651158 -0.7563149 -0.06309407 -0.3717479 -0.8773654 -0.3033705 0.8834522 0.3312946 -0.3312946 0.8773654 0.3717479 -0.3033705 0.7563149 0.651158 -0.06309407 0.2012335 -0.6037005 -0.7713954 0.1770086 -0.6377142 -0.749659 0.1605985 -0.6596604 -0.7342045 0.1275153 -0.7013344 -0.7013344 0.02247405 -0.6840968 -0.729045 0.03299713 -0.6729539 -0.7389482 0.05415302 -0.6498365 -0.7581426 -0.8479986 0.5299986 0 -0.8479984 0.5299988 0 -0.8479983 0.5299991 0 -0.8479981 0.5299993 0 -0.529999 0.8479983 0 -0.1240347 0.992278 0 -0.2169305 0.9761871 0 0.164399 -0.986394 0 0.1240347 -0.992278 0 0.08109545 -0.9962058 -0.03158557 0.1063673 -0.9942417 -0.01302754 0.05248636 -0.9972414 -0.05248636 0.7682214 -0.3841107 -0.5121476 0.7530069 -0.4542104 -0.4761023 0.7614467 -0.4184864 -0.4950435 0.7416771 -0.4944514 -0.4532471 0.6699835 -0.5359868 -0.513654 0.6677526 -0.5458456 -0.5061218 0.6677134 -0.5460136 -0.5059921 0.6656402 -0.5547002 -0.4992302 0.5773503 -0.5773503 -0.5773503 0.5374267 -0.6671737 -0.5158022 0.5579336 -0.624197 -0.5468897 0.5220133 -0.6960178 -0.4930126 -0.4082483 -0.8164966 -0.4082483 -0.4215574 -0.5260543 -0.7386179 -0.4264014 -0.6396022 -0.6396022 -0.4082483 -0.4082483 -0.8164967 0.1270001 -0.7620009 -0.6350007 -0.1330535 -0.7867368 -0.6027787 -0.5745778 -0.6913056 -0.438129 -0.7043607 -0.6163157 -0.3521804 0.1333333 -0.9333333 -0.3333333 0.1694723 -0.9261413 -0.3369591 0.2068343 -0.9173086 -0.3402419 0.2279211 -0.9116847 -0.3418818 0.05716615 -0.9146592 -0.4001634 0.01577669 -0.9250611 -0.3794904 -0.02482587 -0.9332381 -0.3583997 -0.1048285 -0.9434564 -0.3144854 -0.7500491 -0.6613823 0 -0.8121365 -0.5834674 0 0.5570861 -0.3713907 0.7427814 0.5374093 -0.4299274 0.7255024 0.5290421 -0.4314847 0.7307089 0.5269701 -0.4318622 0.731982 0.5197777 -0.4331481 0.7363518 0.4850713 -0.4850713 0.7276069 0.4850713 -0.4850713 0.7276069 0.4850713 -0.4850713 0.7276069 -0.1809188 -0.9122305 0.3675649 -0.1102138 -0.8780659 0.4656751 -0.3123475 -0.9370427 0.1561737 0.361256 -0.6502609 0.6683225 0.361256 -0.6502608 0.6683225 0.05669909 -0.6236906 0.7796123 0.07489967 -0.6445646 0.7608722 0.09732514 -0.6694183 0.7364829 0.1146607 -0.6879644 0.7166296 0.06966269 -0.6966269 0.7140436 0.06966269 -0.6966271 0.7140433 0.06966274 -0.6966276 0.7140428 0.06966274 -0.6966279 0.7140426 0.8944272 0 0.4472136 0.8944273 0 0.4472137 0.3663375 -0.6105625 0.7021469 0.3314694 -0.603711 0.7250249 0.3287553 -0.6031377 0.7267357 0.2981424 -0.5962848 0.745356 0.894426 -0.4472162 0 0.8944266 -0.4472149 0 0.8944277 -0.4472126 0 0.8944302 -0.4472079 0 0.9701426 -0.2425356 0 0.8320504 -0.5547002 0 0.7682213 -0.6401844 0 0.7682213 -0.6401845 0 0.7682213 -0.6401844 0 0.8320503 -0.5547003 0 0.4856429 -0.8741573 0 0.4856429 -0.8741573 0 0.8944265 -0.4472151 0 0.8944271 -0.447214 0 0.8 -0.6 0 0.8000001 -0.6000001 0 0.6 -0.8 0 0.7049344 0.07832604 -0.7049344 0.733562 0.03869646 -0.67852 0.7218258 0.05533957 -0.6898587 0.7592567 0 -0.6507914 0.6545301 0.3570163 -0.6664306 0.6426994 0.3299971 -0.6914039 0.6492327 0.3447071 -0.6779927 0.6375768 0.3187884 -0.7013344 0.6703829 0.1828317 -0.719138 0.687506 0.2273688 -0.6896659 0.6813313 0.2107327 -0.7009846 0.6996045 0.2623516 -0.6646242 0.2318921 -0.6183789 -0.7508886 0.2980734 -0.6245407 -0.7218734 0.3574897 -0.6273066 -0.6918725 0.4685213 -0.6246951 -0.6246951 0.06493502 -0.7792208 -0.6233766 0.08229291 -0.7550213 -0.6505158 0.1012498 -0.7269592 -0.6791752 0.1170411 -0.7022469 -0.7022469 0.1345224 -0.7398736 -0.6591592 0.1218617 -0.7529206 -0.6467306 0.1135506 -0.7612549 -0.6384335 0.09714692 -0.7771754 -0.6217403 0.6804139 -0.2721655 0.6804139 0.6911715 -0.305421 0.6549809 0.6931911 -0.3120806 0.649686 0.7043607 -0.3521804 0.6163157 0.4036037 -0.5381383 0.7399401 0.4036037 -0.5381382 0.7399401 0.5656855 -0.4242641 0.7071068 0.5656855 -0.4242641 0.7071068 0 0.6246951 -0.7808689 0 0.6246951 -0.7808688 -0.08888894 0.622223 -0.7777773 -0.09485721 0.6160083 -0.7820076 -0.09502047 0.6158373 -0.7821224 -0.1015019 0.6090115 -0.7866399 -0.2991617 0.5342174 -0.7906417 -0.2704183 0.584123 -0.7652935 -0.257005 0.6060339 -0.7527757 -0.2205271 0.6615814 -0.7167133 -0.2540006 0.3810009 -0.8890005 -0.242665 0.4279158 -0.8706331 -0.2323467 0.467543 -0.8528884 -0.219708 0.5126522 -0.8300098 -0.06375765 0.4463037 -0.8926074 -0.0445922 0.4800301 -0.876118 -0.02687752 0.5103262 -0.8595608 0 0.5547002 -0.8320503 -0.08864843 0.5318907 -0.8421602 -0.08864843 0.5318906 -0.8421602 -0.07647186 0.5353034 -0.8411911 -0.09279203 0.4935724 -0.8647405 -0.1069269 0.4558848 -0.8835926 -0.119952 0.4198321 -0.8996402 0.5096199 0.8598121 -0.03179407 0.4384385 0.8952647 -0.07920223 0.428353 0.8995411 -0.08567059 -0.164399 0.986394 0 -0.164399 0.986394 0 -0.3359115 0.8882431 0.3133491 -0.3902265 0.9202564 0.02918368 -0.3162278 0.9486833 0 -0.9875985 -0.1192521 -0.102118 -0.9770942 -0.2111508 -0.02649813 -0.9878785 -0.1097642 -0.1097642 0.9701426 0.2425356 0 0.9701426 0.2425356 0 -0.1414213 0.9899495 0 -0.1414213 0.9899496 0 -0.01348626 0.7526673 -0.6582631 -0.1283239 0.9876924 -0.08942478 0 0.7071068 -0.7071068 -0.1005038 0.7035265 -0.7035265 -0.06121897 0.7441267 -0.6652276 -0.04324477 0.7614578 -0.6467706 0 0.800001 -0.5999989 -0.09874296 0.6912009 -0.715885 -0.0987429 0.6912005 -0.7158854 -0.0987429 0.6912004 -0.7158854 -0.09874284 0.6912 -0.7158858 -0.3689144 0.6456002 -0.6686573 -0.3966 0.6523527 -0.6458673 -0.3837759 0.649317 -0.6565848 -0.4095301 0.6552481 -0.6347717 -0.1054092 0.8432734 -0.5270473 -0.114416 0.8477045 -0.5179827 -0.1118232 0.8464438 -0.520604 -0.12159 0.85113 -0.5106796 -0.1838667 0.8769034 -0.4441099 -0.1645906 0.8696985 -0.4653328 -0.2222771 0.8891085 -0.4000988 -0.9878785 -0.1097642 -0.1097642 -0.9830495 -0.1741637 -0.05727887 -0.7454302 -0.5852397 0.3191058 -0.6509446 -0.6509446 0.3905668 0.9878785 0.1097642 0.1097642 0.9834133 0.02059537 0.1802063 0.9880003 0.1017587 0.1161931 0.9805807 0 0.1961161 0.9486834 0.3162278 0 0.9828358 0.02242004 0.1831151 0.9541543 0.2990995 0.01137113 -0.4223141 0.4607063 -0.7806412 -0.4723637 0.4558976 -0.7543406 -0.4539172 0.4578586 -0.7644113 -0.5148509 0.4504945 -0.729372 -0.5607722 0.3925405 -0.7290039 -0.5887156 0.3880134 -0.709126 -0.5780903 0.3898031 -0.7168439 -0.6051228 0.3850781 -0.696808 0.529999 -0.8479983 0 0.2169305 -0.9761871 0 0.8479981 -0.5299993 0 0.8479984 -0.5299988 0 0.8479983 -0.5299991 0 0.8479986 -0.5299986 0 -0.8192322 0.5734621 0 -0.819232 0.5734624 0 -0.8192319 0.5734623 0 -0.8192318 0.5734627 0 -0.7682217 0.640184 0 -0.7616209 0.6479824 0.007253646 -0.7515306 0.6594501 0.01809477 -0.7381041 0.6739233 0.03209143 0 0.8944273 -0.4472137 0 0.8944272 -0.4472136 -0.125546 0.8788222 -0.4603368 -0.125546 0.8788222 -0.4603368 0 0.7682213 -0.6401844 -0.1215471 0.8099932 -0.573705 -0.2038114 0.8289165 -0.5209209 -0.2797514 0.8392544 -0.4662524 -0.6396022 0.4264014 -0.6396022 -0.8612223 -0.0145207 -0.5080209 -0.7673977 0.2300611 -0.5984753 -0.8751131 -0.07955569 -0.4773343 -0.8320503 0.5547002 0 -0.8320503 0.5547001 0 -0.8451544 0.5070926 -0.1690309 -0.8228983 0.5390313 -0.1796771 -0.8362271 0.5202422 -0.173414 -0.8181819 0.5454546 -0.1818181 -0.8970853 0.3450328 -0.2760263 -0.8190547 0.4479966 -0.3583973 -0.8627828 0.3947877 -0.3158301 -0.7378648 0.5270463 -0.421637 -0.9230769 -0.3076923 0.2307692 -0.940943 -0.2434967 0.2352357 -0.9663352 -0.08850747 0.2415838 -0.9701426 0 0.2425356 0 0.7071068 0.7071068 -0.09874296 0.6912009 0.715885 -0.09874284 0.6912 0.7158858 -0.09874284 0.6912001 0.7158856 -0.09874272 0.6911993 0.7158865 -0.1543033 0.6172135 0.7715168 -0.1116276 0.6446535 0.7562811 -0.06123524 0.6744977 0.735733 -0.1913459 0.6697109 0.7175473 -0.1913459 0.6697108 0.7175474 -0.7427814 0.3713907 0.5570861 -0.8011943 0.3447187 0.4891389 -0.8272332 0.3305665 0.4543249 -0.8822576 0.2940859 0.3676073 -0.3937496 0.6299993 0.6693744 -0.3937496 0.6299993 0.6693744 -0.5665359 0.3965752 0.7223333 -0.5665358 0.3965751 0.7223333 -0.5216586 0.4471359 0.726596 -0.5216587 0.447136 0.7265959 0.5430754 0.8146131 0.2036532 0.4834825 0.8216623 0.301854 0.4597519 0.8215122 0.3372624 -0.4299274 0.5374093 0.7255024 -0.4202398 0.5840498 0.6944671 -0.4224142 0.5742871 0.7012565 -0.412021 0.6180315 0.6695341 0.08888894 0.622223 -0.7777773 0.09502047 0.6158373 -0.7821224 0.09485721 0.6160083 -0.7820076 0.1015019 0.6090115 -0.7866399 0.2991617 0.5342174 -0.7906417 0.257005 0.6060339 -0.7527757 0.2704183 0.584123 -0.7652935 0.2205271 0.6615814 -0.7167133 0.2540006 0.3810009 -0.8890005 0.2323467 0.467543 -0.8528884 0.242665 0.4279158 -0.8706331 0.219708 0.5126522 -0.8300098 0.06375765 0.4463037 -0.8926074 0.02687752 0.5103262 -0.8595608 0.0445922 0.4800301 -0.876118 0.08864843 0.5318907 -0.8421602 0.08864843 0.5318906 -0.8421602 0.07647186 0.5353034 -0.8411911 0.1069269 0.4558848 -0.8835926 0.09279203 0.4935724 -0.8647405 0.119952 0.4198321 -0.8996402 -0.4384385 0.8952647 -0.07920223 -0.5096199 0.8598121 -0.03179407 -0.428353 0.8995411 -0.08567059 0.164399 0.986394 0 0.164399 0.986394 0 0.3902265 0.9202564 0.02918368 0.3359115 0.8882431 0.3133491 0.3162278 0.9486833 0 0.9770942 -0.2111508 -0.02649813 0.9875985 -0.1192521 -0.102118 0.9878785 -0.1097642 -0.1097642 -0.9701426 0.2425356 0 -0.9701426 0.2425356 0 0.1414213 0.9899495 0 0.1414213 0.9899496 0 0.1283239 0.9876924 -0.08942478 0.01348626 0.7526673 -0.6582631 0.1005038 0.7035265 -0.7035265 0.04324477 0.7614578 -0.6467706 0.06121897 0.7441267 -0.6652276 0.09874296 0.6912009 -0.715885 0.0987429 0.6912004 -0.7158854 0.0987429 0.6912005 -0.7158854 0.09874284 0.6912 -0.7158858 0.3689144 0.6456002 -0.6686573 0.3837759 0.649317 -0.6565848 0.3966 0.6523527 -0.6458673 0.4095301 0.6552481 -0.6347717 0.1054092 0.8432734 -0.5270473 0.1118232 0.8464438 -0.520604 0.114416 0.8477045 -0.5179827 0.12159 0.85113 -0.5106796 0.1645906 0.8696985 -0.4653328 0.1838667 0.8769034 -0.4441099 0.2222771 0.8891085 -0.4000988 0.9878785 -0.1097642 -0.1097642 0.7454302 -0.5852397 0.3191058 0.9830495 -0.1741637 -0.05727887 0.6509446 -0.6509446 0.3905668 -0.9878785 0.1097642 0.1097642 -0.9880003 0.1017587 0.1161931 -0.9834133 0.02059537 0.1802063 -0.9805807 0 0.1961161 -0.9486834 0.3162278 0 -0.9541543 0.2990995 0.01137113 -0.9828358 0.02242004 0.1831151 0.4223141 0.4607063 -0.7806412 0.4539172 0.4578586 -0.7644113 0.4723637 0.4558976 -0.7543406 0.5148509 0.4504945 -0.729372 0.5607722 0.3925405 -0.7290039 0.5780903 0.3898031 -0.7168439 0.5887156 0.3880134 -0.709126 0.6051228 0.3850781 -0.696808 -0.529999 -0.8479983 0 -0.2169305 -0.9761871 0 -0.8479981 -0.5299993 0 -0.8479983 -0.5299991 0 -0.8479984 -0.5299988 0 -0.8479986 -0.5299986 0 0.8192322 0.5734621 0 0.8192319 0.5734623 0 0.819232 0.5734624 0 0.8192318 0.5734627 0 0.7682217 0.640184 0 0.7515306 0.6594501 0.01809477 0.7616209 0.6479824 0.007253646 0.7381041 0.6739233 0.03209143 0.125546 0.8788222 -0.4603368 0.125546 0.8788219 -0.4603372 0.1255459 0.8788216 -0.4603378 0.2038114 0.8289165 -0.5209209 0.1215471 0.8099932 -0.573705 0.2797514 0.8392544 -0.4662524 0.6396022 0.4264014 -0.6396022 0.7673977 0.2300611 -0.5984753 0.8612223 -0.0145207 -0.5080209 0.8751131 -0.07955569 -0.4773343 0.8320503 0.5547002 0 0.8320503 0.5547001 0 0.8451544 0.5070926 -0.1690309 0.8362271 0.5202422 -0.173414 0.8228983 0.5390313 -0.1796771 0.8181819 0.5454546 -0.1818181 0.8970853 0.3450328 -0.2760263 0.8627828 0.3947877 -0.3158301 0.8190547 0.4479966 -0.3583973 0.7378648 0.5270463 -0.421637 0.9230769 -0.3076923 0.2307692 0.9663352 -0.08850747 0.2415838 0.940943 -0.2434967 0.2352357 0.9701426 0 0.2425356 0.09874296 0.6912009 0.715885 0.09874284 0.6912001 0.7158856 0.09874284 0.6912 0.7158858 0.09874272 0.6911993 0.7158865 0.1543033 0.6172135 0.7715168 0.06123524 0.6744977 0.735733 0.1116276 0.6446535 0.7562811 0.1913459 0.6697109 0.7175473 0.1913459 0.6697108 0.7175474 0.7427814 0.3713907 0.5570861 0.8272332 0.3305665 0.4543249 0.8011943 0.3447187 0.4891389 0.8822576 0.2940859 0.3676073 0.3937496 0.6299993 0.6693744 0.3937496 0.6299993 0.6693744 0.5665359 0.3965752 0.7223333 0.5665358 0.3965751 0.7223333 0.5216586 0.4471359 0.726596 0.5216587 0.447136 0.7265959 -0.5430754 0.8146131 0.2036532 -0.4597519 0.8215122 0.3372624 -0.4834825 0.8216623 0.301854 0.4299274 0.5374093 0.7255024 0.4224142 0.5742871 0.7012565 0.4202398 0.5840498 0.6944671 0.412021 0.6180315 0.6695341 -0.1414213 0.9899496 0 -0.2747211 0.961524 0 -0.2747212 0.961524 0 0.1414213 0.9899496 0 0.2747211 0.961524 0 0.2747212 0.961524 0 -0.6 0.8 0 0.6 0.8 0 -0.4049555 0.5669376 -0.7173512 -0.4090605 0.557444 -0.7224442 -0.4071745 0.5618304 -0.720108 -0.4123203 0.5497604 -0.7264679 -0.630313 0.4011083 -0.6646937 -0.596119 0.404352 -0.6936438 -0.6147836 0.4026969 -0.6781418 -0.57944 0.405608 -0.7069169 -0.5585263 0.4887105 -0.6702316 -0.5699687 0.4855366 -0.6628649 -0.5663122 0.4865646 -0.6652409 -0.5793925 0.4828271 -0.6566448 -0.5547002 0.8320503 0 -0.5547002 0.8320503 0 0.4049555 0.5669376 -0.7173512 0.4071745 0.5618304 -0.720108 0.4090605 0.557444 -0.7224442 0.4123203 0.5497604 -0.7264679 0.630313 0.4011083 -0.6646937 0.6147836 0.4026969 -0.6781418 0.596119 0.404352 -0.6936438 0.57944 0.405608 -0.7069169 0.5585263 0.4887105 -0.6702316 0.5663122 0.4865646 -0.6652409 0.5699687 0.4855366 -0.6628649 0.5793925 0.4828271 -0.6566448 0.5547002 0.8320503 0 0.5547002 0.8320503 0 -0.3823518 0.637253 0.6691157 -0.3978893 0.5973622 0.6963064 -0.3985885 0.5954657 0.6975299 -0.4137931 0.5517241 0.724138 0 0.8000001 0.6 0.3823518 0.637253 0.6691157 0.3985885 0.5954657 0.6975299 0.3978893 0.5973622 0.6963064 0.4137931 0.5517241 0.724138 0.08804506 -0.7043607 -0.7043607 -0.08804506 0.7043607 -0.7043607 -0.08804506 -0.7043607 -0.7043607 0.08804506 0.7043607 -0.7043607 0.9761871 -0.2169304 0 0.9761871 -0.2169304 0 0.8479983 -0.5299989 0 0.8479984 -0.529999 0 0.5299989 -0.8479983 0 0.529999 -0.8479984 0 -0.9761871 0.2169304 0 -0.9761871 0.2169304 0 -0.8479983 0.5299989 0 -0.8479984 0.529999 0 -0.5299989 0.8479983 0 -0.529999 0.8479984 0 -0.9761871 -0.2169304 0 -0.9761871 -0.2169304 0 -0.8479983 -0.5299989 0 -0.8479984 -0.529999 0 -0.5299989 -0.8479983 0 -0.529999 -0.8479984 0 0.9761871 0.2169304 0 0.9761871 0.2169304 0 0.8479983 0.5299989 0 0.8479984 0.529999 0 0.5299989 0.8479983 0 0.529999 0.8479984 0 -0.8 0.6 0 -0.986394 0.164399 0 -0.986394 0.164399 0 0.164399 -0.986394 0 0.986394 -0.164399 0 0.986394 -0.164399 0 0.8 0.6 0 0.986394 0.164399 0 0.986394 0.164399 0 -0.164399 -0.986394 0 -0.986394 -0.164399 0 -0.986394 -0.164399 0 -0.529999 0.8479983 0 0.529999 0.8479983 0 0.4961389 -0.8682432 0 0.4961389 -0.8682432 0 -0.4961389 0.8682432 0 -0.4961389 0.8682432 0 -0.4961389 -0.8682432 0 -0.4961389 -0.8682432 0 0.4961389 0.8682432 0 0.4961389 0.8682432 0 -0.503871 0.863779 0 -0.503871 0.8637789 0 0.5144958 0.857493 0 0.5144957 0.857493 0 0.503871 -0.863779 0 0.503871 -0.8637789 0 -0.5144958 -0.857493 0 -0.5144957 -0.857493 0 0.503871 0.863779 0 0.503871 0.8637789 0 -0.5144958 0.857493 0 -0.5144957 0.857493 0 -0.503871 -0.863779 0 -0.503871 -0.8637789 0 0.5144958 -0.857493 0 0.5144957 -0.857493 0 0.4961389 -0.8682432 0 0.3511234 -0.9363293 0 0.3511235 -0.9363293 0 -0.5812382 0.8137335 0 -0.4961389 0.8682432 0 -0.3511234 0.9363293 0 -0.3511235 0.9363293 0 0.5812382 -0.8137335 0 0.3162278 -0.9486834 0</float_array>
          <technique_common>
            <accessor source="#Mesh_0663Mesh_001-mesh-normals-array" count="1308" stride="3">
              <param name="X" type="float"/>
              <param name="Y" type="float"/>
              <param name="Z" type="float"/>
            </accessor>
          </technique_common>
        </source>
        <source id="Mesh_0663Mesh_001-mesh-map-0">
          <float_array id="Mesh_0663Mesh_001-mesh-map-0-array" count="12858">0.0625 0.15625 0.0625 0.03515625 0.1835937 0.03515625 0.0625 0.15625 0.0625 0.03515625 0.1835937 0.03515625 0.0625 0.15625 0.0625 0.03515625 0.1835937 0.03515625 0.08825683 0.2216186 0.1431274 0.4924927 0.007873535 0.2630005 0.4994507 0.1367797 0.5018311 0.4003906 0.4526367 0.1364746 0.3679199 0.1447143 0.3770752 0.4100342 0.2886963 0.156311 0.08825683 0.2216186 0.2562866 0.4411011 0.1431274 0.4924927 0.1975708 0.1785278 0.2886963 0.156311 0.2562866 0.4411011 0.2886963 0.156311 0.3770752 0.4100342 0.2562866 0.4411011 0.08825683 0.2216186 0.1975708 0.1785278 0.2562866 0.4411011 0.1835937 0.03515625 0.0625 0.15625 0.0625 0.03515625 0.1835937 0.03515625 0.0625 0.15625 0.0625 0.03515625 0.0625 0.15625 0.0625 0.03515625 0.1835937 0.03515625 0.0625 0.03515625 0.1835937 0.03515625 0.0625 0.15625 0.1835937 0.03515625 0.0625 0.15625 0.0625 0.03515625 0.0625 0.15625 0.0625 0.03515625 0.1835937 0.03515625 0.0625 0.15625 0.0625 0.03515625 0.1835937 0.03515625 0.0625 0.15625 0.0625 0.03515625 0.1835937 0.03515625 0.0625 0.03515625 0.1835937 0.03515625 0.0625 0.15625 0.0625 0.15625 0.0625 0.03515625 0.1835937 0.03515625 0.0625 0.03515625 0.1835937 0.03515625 0.0625 0.15625 0.0625 0.15625 0.0625 0.03515625 0.1835937 0.03515625 0.0625 0.03515625 0.1835937 0.03515625 0.0625 0.15625 0.1835937 0.03515625 0.0625 0.15625 0.0625 0.03515625 0.9122925 0.2290649 0.9934082 0.2718506 0.8623047 0.4989624 0.4994507 0.1367797 0.5463257 0.1373291 0.5018311 0.4003906 0.6312256 0.1470947 0.7106323 0.1600952 0.6268311 0.4122925 0.9122925 0.2290649 0.8623047 0.4989624 0.74823 0.4454956 0.802124 0.1838989 0.74823 0.4454956 0.7106323 0.1600952 0.9122925 0.2290649 0.74823 0.4454956 0.802124 0.1838989 0.0625 0.15625 0.0625 0.03515625 0.1835937 0.03515625 0.0625 0.15625 0.0625 0.03515625 0.1835937 0.03515625 0.0625 0.03515625 0.1835937 0.03515625 0.0625 0.15625 0.0625 0.15625 0.0625 0.03515625 0.1835937 0.03515625 0.1835937 0.03515625 0.0625 0.15625 0.0625 0.03515625 0.1835937 0.03515625 0.0625 0.15625 0.0625 0.03515625 0.0625 0.15625 0.0625 0.03515625 0.1835937 0.03515625 0.1835937 0.03515625 0.0625 0.15625 0.0625 0.03515625 0.0625 0.15625 0.0625 0.03515625 0.1835937 0.03515625 0.1835937 0.03515625 0.0625 0.15625 0.0625 0.03515625 0.1835937 0.03515625 0.0625 0.15625 0.0625 0.03515625 0.1835937 0.03515625 0.0625 0.15625 0.0625 0.03515625 0.0625 0.15625 0.0625 0.03515625 0.1835937 0.03515625 0.1835937 0.03515625 0.0625 0.15625 0.0625 0.03515625 0.1835937 0.03515625 0.0625 0.15625 0.0625 0.03515625 0.0625 0.15625 0.0625 0.03515625 0 1 0.1835937 0.03515625 0.0625 0.15625 0.0625 0.03515625 0.1835937 0.03515625 0.0625 0.15625 0.0625 0.03515625 0.1835937 0.03515625 0.0625 0.15625 0.0625 0.03515625 0.1835937 0.03515625 0.0625 0.15625 0.0625 0.03515625 0.0625 0.15625 0.0625 0.03515625 0.1835937 0.03515625 0.1835937 0.03515625 0.0625 0.15625 0.0625 0.03515625 0.1835937 0.03515625 0.0625 0.15625 0.0625 0.03515625 0.0625 0.03515625 0.1835937 0.03515625 0.0625 0.15625 0.0939331 0.2218627 0.1392211 0.4925537 0.01208496 0.2632446 0.5083008 0.1367797 0.5012817 0.4002686 0.4614868 0.1365356 0.3764038 0.1448364 0.3761597 0.4100342 0.2967529 0.1564331 0.0939331 0.2218627 0.2542114 0.4411011 0.1392211 0.4925537 0.2048339 0.1786499 0.2967529 0.1564331 0.2542114 0.4411011 0.2967529 0.1564331 0.3761597 0.4100342 0.2542114 0.4411011 0.0939331 0.2218627 0.2048339 0.1786499 0.2542114 0.4411011 0.0625 0.15625 0.0625 0.03515625 0.1835937 0.03515625 0.0625 0.15625 0.0625 0.03515625 0.1835937 0.03515625 0.1835937 0.03515625 0.0625 0.15625 0.0625 0.03515625 0.0625 0.15625 0.0625 0.03515625 0.1835937 0.03515625 0.0625 0.15625 0.0625 0.03515625 0.1835937 0.03515625 0.0625 0.03515625 0.1835937 0.03515625 0.0625 0.15625 0.0625 0.03515625 0.1835937 0.03515625 0.0625 0.15625 0.0625 0.15625 0.0625 0.03515625 0.1835937 0.03515625 0.0625 0.03515625 0.1835937 0.03515625 0.0625 0.15625 0.0625 0.15625 0.0625 0.03515625 0.1835937 0.03515625 0.0625 0.03515625 0.1835937 0.03515625 0.0625 0.15625 0.0625 0.03515625 0.1835937 0.03515625 0.0625 0.15625 0.0625 0.03515625 0.1835937 0.03515625 0.0625 0.15625 0.0625 0.15625 0.0625 0.03515625 0.1835937 0.03515625 0.0625 0.15625 0.0625 0.03515625 0.1835937 0.03515625 0.0625 0.15625 0.0625 0.03515625 0.1835937 0.03515625 0.9179688 0.2288208 0.9976196 0.2715454 0.8583374 0.4986572 0.5083008 0.1367797 0.5551148 0.1373291 0.5012817 0.4002686 0.6397095 0.1470336 0.718689 0.1599731 0.6259155 0.4121704 0.9179688 0.2288208 0.8583374 0.4986572 0.7461548 0.4452515 0.8093872 0.1837768 0.7461548 0.4452515 0.718689 0.1599731 0.718689 0.1599731 0.7461548 0.4452515 0.6259155 0.4121704 0.9179688 0.2288208 0.7461548 0.4452515 0.8093872 0.1837768 0.0625 0.03515625 0.1835937 0.03515625 0.0625 0.15625 0.0625 0.03515625 0.1835937 0.03515625 0.0625 0.15625 0.1835937 0.03515625 0.0625 0.15625 0.0625 0.03515625 0.1835937 0.03515625 0.0625 0.15625 0.0625 0.03515625 0.0625 0.15625 0.0625 0.03515625 0.1835937 0.03515625 0.0625 0.15625 0.0625 0.03515625 0.1835937 0.03515625 0.0625 0.15625 0.0625 0.03515625 0.1835937 0.03515625 0.0625 0.15625 0.0625 0.03515625 0.1835937 0.03515625 0.1835937 0.03515625 0.0625 0.15625 0.0625 0.03515625 0.0625 0.15625 0.0625 0.03515625 0.1835937 0.03515625 0.0625 0.15625 0.0625 0.03515625 0.1835937 0.03515625 0.1835937 0.03515625 0.0625 0.15625 0.0625 0.03515625 0.0625 0.15625 0.0625 0.03515625 0.1835937 0.03515625 0.0625 0.03515625 0.1835937 0.03515625 0.0625 0.15625 0.0625 0.15625 0.0625 0.03515625 0.1835937 0.03515625 0.0625 0.03515625 0.1835937 0.03515625 0.0625 0.15625 0.0625 0.03515625 0.1835937 0.03515625 0.0625 0.15625 0.0625 0.15625 0.0625 0.03515625 0.1835937 0.03515625 0.0625 0.03515625 0.1835937 0.03515625 0.0625 0.15625 0.0625 0.03515625 0.1835937 0.03515625 0.0625 0.15625 0.0625 0.15625 0.0625 0.03515625 0.1835937 0.03515625 0.0625 0.03515625 0.1835937 0.03515625 0.0625 0.15625 0.0625 0.03515625 0.1835937 0.03515625 0.0625 0.15625 0.0625 0.15625 0.0625 0.03515625 0.1835937 0.03515625 0.0625 0.15625 0.0625 0.03515625 0.1835937 0.03515625 0.0625 0.15625 0.0625 0.03515625 0.1835937 0.03515625 0.0916748 0.2247924 0.1433105 0.4993897 0.01220703 0.2675171 0.4972534 0.1348266 0.4921875 0.4033814 0.4511719 0.1349487 0.3676758 0.144104 0.3743286 0.4135132 0.2896118 0.1565551 0.0916748 0.2247924 0.255127 0.446106 0.1433105 0.4993897 0.199707 0.1799316 0.2896118 0.1565551 0.255127 0.446106 0.2896118 0.1565551 0.3743286 0.4135132 0.255127 0.446106 0.0916748 0.2247924 0.199707 0.1799316 0.255127 0.446106 0.0625 0.03515625 0.1835937 0.03515625 0.0625 0.15625 0.0625 0.03515625 0.1835937 0.03515625 0.0625 0.15625 0.0625 0.15625 0.0625 0.03515625 0.1835937 0.03515625 0.0625 0.03515625 0.1835937 0.03515625 0.0625 0.15625 0.1835937 0.03515625 0.0625 0.15625 0.0625 0.03515625 0.1835937 0.03515625 0.0625 0.15625 0.0625 0.03515625 0.1835937 0.03515625 0.0625 0.15625 0.0625 0.03515625 0.1835937 0.03515625 0.0625 0.15625 0.0625 0.03515625 0.0625 0.15625 0.0625 0.03515625 0.1835937 0.03515625 0.1835937 0.03515625 0.0625 0.15625 0.0625 0.03515625 0.0625 0.15625 0.0625 0.03515625 0.1835937 0.03515625 0.0625 0.15625 0.0625 0.03515625 0.1835937 0.03515625 0.1835937 0.03515625 0.0625 0.15625 0.0625 0.03515625 0.0625 0.15625 0.0625 0.03515625 0.1835937 0.03515625 0.0625 0.15625 0.0625 0.03515625 0.1835937 0.03515625 0.0625 0.15625 0.0625 0.03515625 0.1835937 0.03515625 0.9028931 0.2247924 0.9823608 0.2675171 0.8512573 0.4993897 0.9028931 0.2247924 0.8512573 0.4993897 0.7394409 0.446106 0.7948608 0.1799316 0.7394409 0.446106 0.7109375 0.1612548 0.7109375 0.1612548 0.7394409 0.446106 0.6015625 0.4104004 0.9028931 0.2247924 0.7394409 0.446106 0.7948608 0.1799316 0.1835937 0.03515625 0.0625 0.15625 0.0625 0.03515625 0.1835937 0.03515625 0.0625 0.15625 0.0625 0.03515625 0.0625 0.15625 0.0625 0.03515625 0.1835937 0.03515625 0.1835937 0.03515625 0.0625 0.15625 0.0625 0.03515625 0.0625 0.03515625 0.1835937 0.03515625 0.0625 0.15625 0.0625 0.03515625 0.1835937 0.03515625 0.0625 0.15625 0.0625 0.03515625 0.1835937 0.03515625 0.0625 0.15625 0.0625 0.03515625 0.1835937 0.03515625 0.0625 0.15625 0.0625 0.15625 0.0625 0.03515625 0.1835937 0.03515625 0.0625 0.03515625 0.1835937 0.03515625 0.0625 0.15625 0.0625 0.15625 0.0625 0.03515625 0.1835937 0.03515625 0.0625 0.15625 0.0625 0.03515625 0.1835937 0.03515625 0.0625 0.03515625 0.1835937 0.03515625 0.0625 0.15625 0.0625 0.15625 0.0625 0.03515625 0.1835937 0.03515625 0.0625 0.15625 0.0625 0.03515625 0.1835937 0.03515625 0.0625 0.15625 0.0625 0.03515625 0.1835937 0.03515625 0.0625 0.03515625 0.1835937 0.03515625 0.0625 0.15625 0.1835937 0.03515625 0.0625 0.15625 0.0625 0.03515625 0.0625 0.15625 0.0625 0.03515625 0.1835937 0.03515625 0.0625 0.15625 0.0625 0.03515625 0.1835937 0.03515625 0.1835937 0.03515625 0.0625 0.15625 0.0625 0.03515625 0.0625 0.03515625 0.1835937 0.03515625 0.0625 0.15625 0.0625 0.15625 0.0625 0.03515625 0.1835937 0.03515625 0.0625 0.03515625 0.1835937 0.03515625 0.0625 0.15625 0.1835937 0.03515625 0.0625 0.15625 0.0625 0.03515625 0.1835937 0.03515625 0.0625 0.15625 0.0625 0.03515625 0.0625 0.03515625 0.1835937 0.03515625 0.0625 0.15625 0.1835937 0.03515625 0.0625 0.15625 0.0625 0.03515625 0.0625 0.03515625 0.1835937 0.03515625 0.0625 0.15625 0.0625 0.03515625 0.1835937 0.03515625 0.0625 0.15625 0.1835937 0.03515625 0.0625 0.15625 0.0625 0.03515625 0.01812744 0.7668457 0.01812744 0.7266846 0.1246337 0.8186035 0.991272 0.7672119 0.8825684 0.8191528 0.9915772 0.7277222 0.01428222 0.7672119 0.01391601 0.7277222 0.1229248 0.8191528 0.9873657 0.7668457 0.8808594 0.8186035 0.9873657 0.7266846 0.006652832 0.776062 0.007019042 0.7365723 0.1143798 0.8260498 0.9988403 0.776062 0.8911133 0.8260498 0.9984741 0.7365723 0.0625 0.03515625 0.1835937 0.03515625 0.0625 0.15625 0.0625 0.03515625 0.1835937 0.03515625 0.0625 0.15625 0.0625 0.03515625 0.1835937 0.03515625 0.0625 0.15625 0.0625 0.15625 0.0625 0.03515625 0.1835937 0.03515625 0.0625 0.15625 0.0625 0.03515625 0.1835937 0.03515625 0.1835937 0.03515625 0.0625 0.15625 0.0625 0.03515625 0.1835937 0.03515625 0.0625 0.15625 0.0625 0.03515625 0.1835937 0.03515625 0.0625 0.15625 0.0625 0.03515625 0.0625 0.15625 0.0625 0.03515625 0.1835937 0.03515625 0.0625 0.15625 0.0625 0.03515625 0.1835937 0.03515625 0.1835937 0.03515625 0.0625 0.15625 0.0625 0.03515625 0.0625 0.15625 0.0625 0.03515625 0.1835937 0.03515625 0.1835937 0.03515625 0.0625 0.15625 0.0625 0.03515625 0.0625 0.15625 0.0625 0.03515625 0.1835937 0.03515625 0.0625 0.03515625 0.1835937 0.03515625 0.0625 0.15625 0.0625 0.03515625 0.1835937 0.03515625 0.0625 0.15625 0.0625 0.03515625 0.1835937 0.03515625 0.0625 0.15625 0.0625 0.15625 0.0625 0.03515625 0.1835937 0.03515625 0.0625 0.15625 0.0625 0.03515625 0.1835937 0.03515625 0.1835937 0.03515625 0.0625 0.15625 0.0625 0.03515625 0.0625 0.03515625 0.1835937 0.03515625 0.0625 0.15625 0.0625 0.15625 0.0625 0.03515625 0.1835937 0.03515625 0.0625 0.15625 0.0625 0.03515625 0.1835937 0.03515625 0.0625 0.03515625 0.1835937 0.03515625 0.0625 0.15625 0.1835937 0.03515625 0.0625 0.15625 0.0625 0.03515625 0.1835937 0.03515625 0.0625 0.15625 0.0625 0.03515625 0.0625 0.15625 0.0625 0.03515625 0.1835937 0.03515625 0.1835937 0.03515625 0.0625 0.15625 0.0625 0.03515625 0.0625 0.15625 0.0625 0.03515625 0.1835937 0.03515625 0.1835937 0.03515625 0.0625 0.15625 0.0625 0.03515625 0.1835937 0.03515625 0.0625 0.15625 0.0625 0.03515625 0.0625 0.15625 0.0625 0.03515625 0.1835937 0.03515625 0.1835937 0.03515625 0.0625 0.15625 0.0625 0.03515625 0.0625 0.03515625 0.1835937 0.03515625 0.0625 0.15625 0.1835937 0.03515625 0.0625 0.15625 0.0625 0.03515625 0.0625 0.03515625 0.1835937 0.03515625 0.0625 0.15625 0.0625 0.15625 0.0625 0.03515625 0.1835937 0.03515625 0.1835937 0.03515625 0.0625 0.15625 0.0625 0.03515625 0.0625 0.03515625 0.1835937 0.03515625 0.0625 0.15625 0.1835937 0.03515625 0.0625 0.15625 0.0625 0.03515625 0.0625 0.15625 0.0625 0.03515625 0.1835937 0.03515625 0.0625 0.15625 0.0625 0.03515625 0.1835937 0.03515625 0.0625 0.15625 0.0625 0.03515625 0.1835937 0.03515625 0.0625 0.03515625 0.1835937 0.03515625 0.0625 0.15625 0.0625 0.15625 0.0625 0.03515625 0.1835937 0.03515625 0.0625 0.03515625 0.1835937 0.03515625 0.0625 0.15625 0.1835937 0.03515625 0.0625 0.15625 0.0625 0.03515625 0.0625 0.15625 0.0625 0.03515625 0.1835937 0.03515625 0.0625 0.03515625 0.1835937 0.03515625 0.0625 0.15625 0.0625 0.15625 0.0625 0.03515625 0.1835937 0.03515625 0.0625 0.15625 0.0625 0.03515625 0.1835937 0.03515625 0.0625 0.15625 0.0625 0.03515625 0.1835937 0.03515625 0.0625 0.15625 0.0625 0.03515625 0.1835937 0.03515625 0.1835937 0.03515625 0.0625 0.15625 0.0625 0.03515625 0.0625 0.15625 0.0625 0.03515625 0.1835937 0.03515625 0.0625 0.15625 0.0625 0.03515625 0.1835937 0.03515625 0.0625 0.15625 0.0625 0.03515625 0.1835937 0.03515625 0.0625 0.03515625 0.1835937 0.03515625 0.0625 0.15625 0.0625 0.03515625 0.1835937 0.03515625 0.0625 0.15625 0.0625 0.15625 0.0625 0.03515625 0.1835937 0.03515625 0.0625 0.03515625 0.1835937 0.03515625 0.0625 0.15625 0.0625 0.15625 0.0625 0.03515625 0.1835937 0.03515625 0.0625 0.03515625 0.1835937 0.03515625 0.0625 0.15625 0.0625 0.03515625 0.1835937 0.03515625 0.0625 0.15625 0.0625 0.15625 0.0625 0.03515625 0.1835937 0.03515625 0.0625 0.03515625 0.1835937 0.03515625 0.0625 0.15625 0.0625 0.15625 0.0625 0.03515625 0.1835937 0.03515625 0.0625 0.15625 0.0625 0.03515625 0.1835937 0.03515625 0.0625 0.15625 0.0625 0.03515625 0.1835937 0.03515625 0.1835937 0.03515625 0.0625 0.15625 0.0625 0.03515625 0.0625 0.15625 0.0625 0.03515625 0.1835937 0.03515625 0.0625 0.15625 0.0625 0.03515625 0.1835937 0.03515625 0.0625 0.15625 0.0625 0.03515625 0.1835937 0.03515625 0.0625 0.03515625 0.1835937 0.03515625 0.0625 0.15625 0.0625 0.15625 0.0625 0.03515625 0.1835937 0.03515625 0.0625 0.15625 0.0625 0.03515625 0.1835937 0.03515625 0.0625 0.15625 0.0625 0.03515625 0.1835937 0.03515625 0.0625 0.15625 0.0625 0.03515625 0.1835937 0.03515625 0.0625 0.15625 0.0625 0.03515625 0.1835937 0.03515625 0.0625 0.15625 0.0625 0.03515625 0.1835937 0.03515625 0.0625 0.15625 0.0625 0.03515625 0.1835937 0.03515625 0.0625 0.15625 0.0625 0.03515625 0.1835937 0.03515625 0.0625 0.15625 0.0625 0.03515625 0.1835937 0.03515625 0.0625 0.15625 0.0625 0.03515625 0.1835937 0.03515625 0.0625 0.15625 0.0625 0.03515625 0.1835937 0.03515625 0.0625 0.15625 0.0625 0.03515625 0.1835937 0.03515625 0.1835937 0.03515625 0.0625 0.15625 0.0625 0.03515625 0.1835937 0.03515625 0.0625 0.15625 0.0625 0.03515625 0.0625 0.15625 0.0625 0.03515625 0.1835937 0.03515625 0.0625 0.03515625 0.1835937 0.03515625 0.0625 0.15625 0.0625 0.15625 0.0625 0.03515625 0.1835937 0.03515625 0.0625 0.03515625 0.1835937 0.03515625 0.0625 0.15625 0.0625 0.15625 0.0625 0.03515625 0.1835937 0.03515625 0.0625 0.03515625 0.1835937 0.03515625 0.0625 0.15625 0.0625 0.15625 0.0625 0.03515625 0.1835937 0.03515625 0.0625 0.15625 0.0625 0.03515625 0.1835937 0.03515625 0.0625 0.15625 0.0625 0.03515625 0.1835937 0.03515625 0.0625 0.15625 0.0625 0.03515625 0.1835937 0.03515625 0.0625 0.03515625 0.1835937 0.03515625 0.0625 0.15625 0.0625 0.03515625 0.1835937 0.03515625 0.0625 0.15625 0.0625 0.03515625 0.1835937 0.03515625 0.0625 0.15625 0.0625 0.15625 0.0625 0.03515625 0.1835937 0.03515625 0.1835937 0.03515625 0.0625 0.15625 0.0625 0.03515625 0.0625 0.03515625 0.1835937 0.03515625 0.0625 0.15625 0.0625 0.03515625 0.1835937 0.03515625 0.0625 0.15625 0.0625 0.03515625 0.1835937 0.03515625 0.0625 0.15625 0.1835937 0.03515625 0.0625 0.15625 0.0625 0.03515625 0.1835937 0.03515625 0.0625 0.15625 0.0625 0.03515625 0.1835937 0.03515625 0.0625 0.15625 0.0625 0.03515625 0.0625 0.03515625 0.1835937 0.03515625 0.0625 0.15625 0.0625 0.03515625 0.1835937 0.03515625 0.0625 0.15625 0.0625 0.15625 0.1835937 0.03515625 0.1835937 0.15625 0.0625 0.03515625 0.1835937 0.03515625 0.0625 0.15625 0.0625 0.15625 0.1835937 0.03515625 0.1835937 0.15625 0.1835937 0.15625 0.0625 0.15625 0.1835937 0.03515625 0.1835937 0.03515625 0.0625 0.15625 0.0625 0.03515625 0.1835937 0.03515625 0.1835937 0.15625 0.0625 0.03515625 0.0625 0.03515625 0.1835937 0.15625 0.0625 0.15625 0.0625 0.03515625 0.1835937 0.03515625 0.0625 0.15625 0.0625 0.15625 0.1835937 0.03515625 0.1835937 0.15625 0.0625 0.03515625 0.1835937 0.03515625 0.0625 0.15625 0.0625 0.15625 0.1835937 0.03515625 0.1835937 0.15625 0.0625 0.03515625 0.1835937 0.03515625 0.0625 0.15625 0.0625 0.15625 0.1835937 0.03515625 0.1835937 0.15625 0.0625 0.03515625 0.1835937 0.03515625 0.0625 0.15625 0.0625 0.15625 0.1835937 0.03515625 0.1835937 0.15625 0.0625 0.03515625 0.1835937 0.03515625 0.0625 0.15625 0.0625 0.15625 0.1835937 0.03515625 0.1835937 0.15625 0.1835937 0.15625 0.0625 0.15625 0.1835937 0.03515625 0.1835937 0.03515625 0.0625 0.15625 0.0625 0.03515625 0.0625 0.03515625 0.1835937 0.03515625 0.0625 0.15625 0.0625 0.15625 0.1835937 0.03515625 0.1835937 0.15625 0.1835937 0.15625 0.0625 0.15625 0.1835937 0.03515625 0.1835937 0.03515625 0.0625 0.15625 0.0625 0.03515625 0.1835937 0.15625 0.0625 0.15625 0.1835937 0.03515625 0.1835937 0.03515625 0.0625 0.15625 0.0625 0.03515625 0.1835937 0.15625 0.0625 0.15625 0.1835937 0.03515625 0.1835937 0.03515625 0.0625 0.15625 0.0625 0.03515625 0.1835937 0.15625 0.0625 0.15625 0.1835937 0.03515625 0.1835937 0.03515625 0.0625 0.15625 0.0625 0.03515625 0.1835937 0.15625 0.0625 0.15625 0.1835937 0.03515625 0.1835937 0.03515625 0.0625 0.15625 0.0625 0.03515625 0.0625 0.03515625 0.1835937 0.03515625 0.0625 0.15625 0.0625 0.15625 0.1835937 0.03515625 0.1835937 0.15625 0.0625 0.03515625 0.1835937 0.03515625 0.0625 0.15625 0.0625 0.15625 0.1835937 0.03515625 0.1835937 0.15625 0.0625 0.03515625 0.1835937 0.03515625 0.0625 0.15625 0.0625 0.15625 0.1835937 0.03515625 0.1835937 0.15625 0.0625 0.03515625 0.1835937 0.03515625 0.0625 0.15625 0.0625 0.15625 0.1835937 0.03515625 0.1835937 0.15625 0.0625 0.03515625 0.1835937 0.03515625 0.0625 0.15625 0.0625 0.15625 0.1835937 0.03515625 0.1835937 0.15625 0.1835937 0.03515625 0.1835937 0.15625 0.0625 0.03515625 0.0625 0.03515625 0.1835937 0.15625 0.0625 0.15625 0.1835937 0.03515625 0.1835937 0.15625 0.0625 0.03515625 0.0625 0.03515625 0.1835937 0.15625 0.0625 0.15625 0.1835937 0.03515625 0.1835937 0.15625 0.0625 0.03515625 0.0625 0.03515625 0.1835937 0.15625 0.0625 0.15625 0.1835937 0.03515625 0.1835937 0.15625 0.0625 0.03515625 0.0625 0.03515625 0.1835937 0.15625 0.0625 0.15625 0.0625 0.03515625 0.1835937 0.03515625 0.0625 0.15625 0.0625 0.15625 0.1835937 0.03515625 0.1835937 0.15625 0.1835937 0.03515625 0.1835937 0.15625 0.0625 0.03515625 0.0625 0.03515625 0.1835937 0.15625 0.0625 0.15625 0.3679199 0.1447143 0.4526367 0.1364746 0.3770752 0.4100342 0.3770752 0.4100342 0.4526367 0.1364746 0.5018311 0.4003906 0.0625 0.03515625 0.1835937 0.03515625 0.0625 0.15625 0.0625 0.15625 0.1835937 0.03515625 0.1835937 0.15625 0.1835937 0.15625 0.0625 0.15625 0.1835937 0.03515625 0.1835937 0.03515625 0.0625 0.15625 0.0625 0.03515625 0.1835937 0.15625 0.0625 0.15625 0.1835937 0.03515625 0.1835937 0.03515625 0.0625 0.15625 0.0625 0.03515625 0.1835937 0.15625 0.0625 0.15625 0.1835937 0.03515625 0.1835937 0.03515625 0.0625 0.15625 0.0625 0.03515625 0.1835937 0.03515625 0.1835937 0.15625 0.0625 0.03515625 0.0625 0.03515625 0.1835937 0.15625 0.0625 0.15625 0.1835937 0.03515625 0.1835937 0.15625 0.0625 0.03515625 0.0625 0.03515625 0.1835937 0.15625 0.0625 0.15625 0.1835937 0.03515625 0.1835937 0.15625 0.0625 0.03515625 0.0625 0.03515625 0.1835937 0.15625 0.0625 0.15625 0.0625 0.03515625 0.1835937 0.03515625 0.0625 0.15625 0.0625 0.15625 0.1835937 0.03515625 0.1835937 0.15625 0.1835937 0.03515625 0.1835937 0.15625 0.0625 0.03515625 0.0625 0.03515625 0.1835937 0.15625 0.0625 0.15625 0.1835937 0.03515625 0.1835937 0.15625 0.0625 0.03515625 0.0625 0.03515625 0.1835937 0.15625 0.0625 0.15625 0.1835937 0.03515625 0.1835937 0.15625 0.0625 0.03515625 0.0625 0.03515625 0.1835937 0.15625 0.0625 0.15625 0.0625 0.03515625 0.1835937 0.03515625 0.0625 0.15625 0.0625 0.15625 0.1835937 0.03515625 0.1835937 0.15625 0.0625 0.03515625 0.1835937 0.03515625 0.0625 0.15625 0.0625 0.15625 0.1835937 0.03515625 0.1835937 0.15625 0.1835937 0.03515625 0.1835937 0.15625 0.0625 0.03515625 0.0625 0.03515625 0.1835937 0.15625 0.0625 0.15625 0.0625 0.15625 0.0625 0.03515625 0.1835937 0.15625 0.1835937 0.15625 0.0625 0.03515625 0.1835937 0.03515625 0.1835937 0.03515625 0.1835937 0.15625 0.0625 0.03515625 0.0625 0.03515625 0.1835937 0.15625 0.0625 0.15625 0.0625 0.15625 0.0625 0.03515625 0.1835937 0.15625 0.1835937 0.15625 0.0625 0.03515625 0.1835937 0.03515625 0.1835937 0.15625 0.0625 0.15625 0.1835937 0.03515625 0.1835937 0.03515625 0.0625 0.15625 0.0625 0.03515625 0.0625 0.15625 0.0625 0.03515625 0.1835937 0.15625 0.1835937 0.15625 0.0625 0.03515625 0.1835937 0.03515625 0.1835937 0.15625 0.0625 0.15625 0.1835937 0.03515625 0.1835937 0.03515625 0.0625 0.15625 0.0625 0.03515625 0.1835937 0.03515625 0.1835937 0.15625 0.0625 0.03515625 0.0625 0.03515625 0.1835937 0.15625 0.0625 0.15625 0.1835937 0.03515625 0.1835937 0.15625 0.0625 0.03515625 0.0625 0.03515625 0.1835937 0.15625 0.0625 0.15625 0.0625 0.03515625 0.1835937 0.03515625 0.0625 0.15625 0.0625 0.15625 0.1835937 0.03515625 0.1835937 0.15625 0.1835937 0.15625 0.0625 0.15625 0.1835937 0.03515625 0.1835937 0.03515625 0.0625 0.15625 0.0625 0.03515625 0.1835937 0.15625 0.0625 0.15625 0.1835937 0.03515625 0.1835937 0.03515625 0.0625 0.15625 0.0625 0.03515625 0.0625 0.03515625 0.1835937 0.03515625 0.0625 0.15625 0.0625 0.15625 0.1835937 0.03515625 0.1835937 0.15625 0.1835937 0.15625 0.0625 0.15625 0.1835937 0.03515625 0.1835937 0.03515625 0.0625 0.15625 0.0625 0.03515625 0.1835937 0.15625 0.0625 0.15625 0.1835937 0.03515625 0.1835937 0.03515625 0.0625 0.15625 0.0625 0.03515625 0.0625 0.03515625 0.1835937 0.03515625 0.0625 0.15625 0.0625 0.15625 0.1835937 0.03515625 0.1835937 0.15625 0.0625 0.03515625 0.1835937 0.03515625 0.0625 0.15625 0.0625 0.15625 0.1835937 0.03515625 0.1835937 0.15625 0.0625 0.15625 0.0625 0.03515625 0.1835937 0.15625 0.1835937 0.15625 0.0625 0.03515625 0.1835937 0.03515625 0.0625 0.15625 0.0625 0.03515625 0.1835937 0.15625 0.1835937 0.15625 0.0625 0.03515625 0.1835937 0.03515625 0.0625 0.15625 0.0625 0.03515625 0.1835937 0.15625 0.1835937 0.15625 0.0625 0.03515625 0.1835937 0.03515625 0.0625 0.15625 0.0625 0.03515625 0.1835937 0.15625 0.1835937 0.15625 0.0625 0.03515625 0.1835937 0.03515625 0.0625 0.15625 0.0625 0.03515625 0.1835937 0.15625 0.1835937 0.15625 0.0625 0.03515625 0.1835937 0.03515625 0.0625 0.15625 0.0625 0.03515625 0.1835937 0.15625 0.1835937 0.15625 0.0625 0.03515625 0.1835937 0.03515625 0.0625 0.15625 0.0625 0.03515625 0.1835937 0.15625 0.1835937 0.15625 0.0625 0.03515625 0.1835937 0.03515625 0.1835937 0.15625 0.0625 0.15625 0.1835937 0.03515625 0.1835937 0.03515625 0.0625 0.15625 0.0625 0.03515625 0.0625 0.15625 0.0625 0.03515625 0.1835937 0.15625 0.1835937 0.15625 0.0625 0.03515625 0.1835937 0.03515625 0.1835937 0.03515625 0.1835937 0.15625 0.0625 0.03515625 0.0625 0.03515625 0.1835937 0.15625 0.0625 0.15625 0.1835937 0.03515625 0.1835937 0.15625 0.0625 0.03515625 0.0625 0.03515625 0.1835937 0.15625 0.0625 0.15625 0.0625 0.15625 0.0625 0.03515625 0.1835937 0.15625 0.1835937 0.15625 0.0625 0.03515625 0.1835937 0.03515625 0.0625 0.03515625 0.1835937 0.03515625 0.0625 0.15625 0.0625 0.15625 0.1835937 0.03515625 0.1835937 0.15625 0.1835937 0.03515625 0.1835937 0.15625 0.0625 0.03515625 0.0625 0.03515625 0.1835937 0.15625 0.0625 0.15625 0.0625 0.03515625 0.1835937 0.03515625 0.0625 0.15625 0.0625 0.15625 0.1835937 0.03515625 0.1835937 0.15625 0.0625 0.15625 0.0625 0.03515625 0.1835937 0.15625 0.1835937 0.15625 0.0625 0.03515625 0.1835937 0.03515625 0.0625 0.03515625 0.1835937 0.03515625 0.0625 0.15625 0.0625 0.15625 0.1835937 0.03515625 0.1835937 0.15625 0.0625 0.03515625 0.1835937 0.03515625 0.0625 0.15625 0.0625 0.15625 0.1835937 0.03515625 0.1835937 0.15625 0 1 0.0625 0.03515625 0 1 0 1 0.0625 0.03515625 0.1835937 0.03515625 0.0625 0.03515625 0.1835937 0.03515625 0.0625 0.15625 0.0625 0.15625 0.1835937 0.03515625 0.1835937 0.15625 0.0625 0.15625 0.0625 0.03515625 0.1835937 0.15625 0.1835937 0.15625 0.0625 0.03515625 0.1835937 0.03515625 0.0625 0.15625 0.0625 0.03515625 0.1835937 0.15625 0.1835937 0.15625 0.0625 0.03515625 0.1835937 0.03515625 0.0625 0.03515625 0.1835937 0.03515625 0.0625 0.15625 0.0625 0.15625 0.1835937 0.03515625 0.1835937 0.15625 0.0625 0.15625 0.0625 0.03515625 0.1835937 0.15625 0.1835937 0.15625 0.0625 0.03515625 0.1835937 0.03515625 0.0625 0.15625 0.0625 0.03515625 0.1835937 0.15625 0.1835937 0.15625 0.0625 0.03515625 0.1835937 0.03515625 0.1835937 0.03515625 0.1835937 0.15625 0.0625 0.03515625 0.0625 0.03515625 0.1835937 0.15625 0.0625 0.15625 0.0625 0.15625 0.0625 0.03515625 0.1835937 0.15625 0.1835937 0.15625 0.0625 0.03515625 0.1835937 0.03515625 0.0625 0.03515625 0.1835937 0.03515625 0.0625 0.15625 0.0625 0.15625 0.1835937 0.03515625 0.1835937 0.15625 0.0625 0.03515625 0.1835937 0.03515625 0.0625 0.15625 0.0625 0.15625 0.1835937 0.03515625 0.1835937 0.15625 0.0625 0.03515625 0.1835937 0.03515625 0.0625 0.15625 0.0625 0.15625 0.1835937 0.03515625 0.1835937 0.15625 0.0625 0.03515625 0.1835937 0.03515625 0.0625 0.15625 0.0625 0.15625 0.1835937 0.03515625 0.1835937 0.15625 0.0625 0.15625 0.0625 0.03515625 0.1835937 0.15625 0.1835937 0.15625 0.0625 0.03515625 0.1835937 0.03515625 0.0625 0.15625 0.0625 0.03515625 0.1835937 0.15625 0.1835937 0.15625 0.0625 0.03515625 0.1835937 0.03515625 0.1835937 0.03515625 0.1835937 0.15625 0.0625 0.03515625 0.0625 0.03515625 0.1835937 0.15625 0.0625 0.15625 0.1835937 0.15625 0.0625 0.15625 0.1835937 0.03515625 0.1835937 0.03515625 0.0625 0.15625 0.0625 0.03515625 0.0625 0.15625 0.0625 0.03515625 0.1835937 0.15625 0.1835937 0.15625 0.0625 0.03515625 0.1835937 0.03515625 0.0625 0.15625 0.0625 0.03515625 0.1835937 0.15625 0.1835937 0.15625 0.0625 0.03515625 0.1835937 0.03515625 0.0625 0.15625 0.0625 0.03515625 0.1835937 0.15625 0.1835937 0.15625 0.0625 0.03515625 0.1835937 0.03515625 0.0625 0.15625 0.0625 0.03515625 0.1835937 0.15625 0.1835937 0.15625 0.0625 0.03515625 0.1835937 0.03515625 0.0625 0.15625 0.0625 0.03515625 0.1835937 0.15625 0.1835937 0.15625 0.0625 0.03515625 0.1835937 0.03515625 0.1835937 0.03515625 0.1835937 0.15625 0.0625 0.03515625 0.0625 0.03515625 0.1835937 0.15625 0.0625 0.15625 0.0625 0.15625 0.0625 0.03515625 0.1835937 0.15625 0.1835937 0.15625 0.0625 0.03515625 0.1835937 0.03515625 0.1835937 0.03515625 0.1835937 0.15625 0.0625 0.03515625 0.0625 0.03515625 0.1835937 0.15625 0.0625 0.15625 0.1835937 0.03515625 0.1835937 0.15625 0.0625 0.03515625 0.0625 0.03515625 0.1835937 0.15625 0.0625 0.15625 0.1835937 0.03515625 0.1835937 0.15625 0.0625 0.03515625 0.0625 0.03515625 0.1835937 0.15625 0.0625 0.15625 0.1835937 0.03515625 0.1835937 0.15625 0.0625 0.03515625 0.0625 0.03515625 0.1835937 0.15625 0.0625 0.15625 0.1835937 0.03515625 0.1835937 0.15625 0.0625 0.03515625 0.0625 0.03515625 0.1835937 0.15625 0.0625 0.15625 0.0625 0.15625 0.0625 0.15625 0 1 0 1 0.0625 0.15625 0.0625 0.03515625 0.0625 0.15625 0.0625 0.03515625 0.1835937 0.15625 0.1835937 0.15625 0.0625 0.03515625 0.1835937 0.03515625 0.0625 0.15625 0.0625 0.03515625 0.1835937 0.15625 0.1835937 0.15625 0.0625 0.03515625 0.1835937 0.03515625 0.0625 0.15625 0.0625 0.03515625 0.1835937 0.15625 0.1835937 0.15625 0.0625 0.03515625 0.1835937 0.03515625 0.0625 0.15625 0.0625 0.03515625 0.1835937 0.15625 0.1835937 0.15625 0.0625 0.03515625 0.1835937 0.03515625 0.0625 0.15625 0.0625 0.03515625 0.1835937 0.15625 0.1835937 0.15625 0.0625 0.03515625 0.1835937 0.03515625 0.0625 0.03515625 0.1835937 0.03515625 0.0625 0.15625 0.0625 0.15625 0.1835937 0.03515625 0.1835937 0.15625 0.1835937 0.03515625 0.1835937 0.15625 0.0625 0.03515625 0.0625 0.03515625 0.1835937 0.15625 0.0625 0.15625 0.1835937 0.15625 0.0625 0.15625 0.1835937 0.03515625 0.1835937 0.03515625 0.0625 0.15625 0.0625 0.03515625 0.1835937 0.15625 0.0625 0.15625 0.1835937 0.03515625 0.1835937 0.03515625 0.0625 0.15625 0.0625 0.03515625 0.0625 0.03515625 0.1835937 0.03515625 0.0625 0.15625 0.0625 0.15625 0.1835937 0.03515625 0.1835937 0.15625 0.1835937 0.15625 0.0625 0.15625 0.1835937 0.03515625 0.1835937 0.03515625 0.0625 0.15625 0.0625 0.03515625 0.6312256 0.1470947 0.6268311 0.4122925 0.5463257 0.1373291 0.5463257 0.1373291 0.6268311 0.4122925 0.5018311 0.4003906 0.6268311 0.4122925 0.6268311 0.4122925 0.74823 0.4454956 0.74823 0.4454956 0.6268311 0.4122925 0.7106323 0.1600952 0.0625 0.15625 0.0625 0.03515625 0.1835937 0.15625 0.1835937 0.15625 0.0625 0.03515625 0.1835937 0.03515625 0.0625 0.15625 0.0625 0.03515625 0.1835937 0.15625 0.1835937 0.15625 0.0625 0.03515625 0.1835937 0.03515625 0.1835937 0.15625 0.0625 0.15625 0.1835937 0.03515625 0.1835937 0.03515625 0.0625 0.15625 0.0625 0.03515625 0.0625 0.15625 0.0625 0.03515625 0.1835937 0.15625 0.1835937 0.15625 0.0625 0.03515625 0.1835937 0.03515625 0.1835937 0.15625 0.0625 0.15625 0.1835937 0.03515625 0.1835937 0.03515625 0.0625 0.15625 0.0625 0.03515625 0.1835937 0.15625 0.0625 0.15625 0.1835937 0.03515625 0.1835937 0.03515625 0.0625 0.15625 0.0625 0.03515625 0.1835937 0.15625 0.0625 0.15625 0.1835937 0.03515625 0.1835937 0.03515625 0.0625 0.15625 0.0625 0.03515625 0.0625 0.03515625 0.1835937 0.03515625 0.0625 0.15625 0.0625 0.15625 0.1835937 0.03515625 0.1835937 0.15625 0.0625 0.03515625 0.0625 0.03515625 0 1 0 1 0.0625 0.03515625 0.1835937 0.03515625 0.0625 0.15625 0.0625 0.03515625 0.1835937 0.15625 0.1835937 0.15625 0.0625 0.03515625 0.1835937 0.03515625 0.1835937 0.15625 0.0625 0.15625 0.1835937 0.03515625 0.1835937 0.03515625 0.0625 0.15625 0.0625 0.03515625 0.1835937 0.15625 0.0625 0.15625 0.1835937 0.03515625 0.1835937 0.03515625 0.0625 0.15625 0.0625 0.03515625 0.0625 0.15625 0.0625 0.03515625 0.1835937 0.15625 0.1835937 0.15625 0.0625 0.03515625 0.1835937 0.03515625 0.0625 0.15625 0.0625 0.03515625 0.1835937 0.15625 0.1835937 0.15625 0.0625 0.03515625 0.1835937 0.03515625 0.1835937 0.15625 0.0625 0.15625 0.1835937 0.03515625 0.1835937 0.03515625 0.0625 0.15625 0.0625 0.03515625 0.0625 0.03515625 0.1835937 0.03515625 0.0625 0.15625 0.0625 0.15625 0.1835937 0.03515625 0.1835937 0.15625 0.1835937 0.15625 0.0625 0.15625 0.1835937 0.03515625 0.1835937 0.03515625 0.0625 0.15625 0.0625 0.03515625 0.0625 0.15625 0.0625 0.03515625 0.1835937 0.15625 0.1835937 0.15625 0.0625 0.03515625 0.1835937 0.03515625 0.1835937 0.15625 0.0625 0.15625 0.1835937 0.03515625 0.1835937 0.03515625 0.0625 0.15625 0.0625 0.03515625 0.0625 0.15625 0.0625 0.03515625 0.1835937 0.15625 0.1835937 0.15625 0.0625 0.03515625 0.1835937 0.03515625 0.1835937 0.15625 0.0625 0.15625 0.1835937 0.03515625 0.1835937 0.03515625 0.0625 0.15625 0.0625 0.03515625 0.1835937 0.15625 0.0625 0.15625 0.1835937 0.03515625 0.1835937 0.03515625 0.0625 0.15625 0.0625 0.03515625 0.1835937 0.15625 0.0625 0.15625 0.1835937 0.03515625 0.1835937 0.03515625 0.0625 0.15625 0.0625 0.03515625 0.0625 0.15625 0.0625 0.03515625 0.1835937 0.15625 0.1835937 0.15625 0.0625 0.03515625 0.1835937 0.03515625 0.0625 0.15625 0.0625 0.03515625 0.1835937 0.15625 0.1835937 0.15625 0.0625 0.03515625 0.1835937 0.03515625 0.0625 0.15625 0.0625 0.03515625 0.1835937 0.15625 0.1835937 0.15625 0.0625 0.03515625 0.1835937 0.03515625 0.0625 0.15625 0.0625 0.03515625 0.1835937 0.15625 0.1835937 0.15625 0.0625 0.03515625 0.1835937 0.03515625 0.0625 0.15625 0.0625 0.03515625 0.1835937 0.15625 0.1835937 0.15625 0.0625 0.03515625 0.1835937 0.03515625 0.0625 0.15625 0.0625 0.03515625 0.1835937 0.15625 0.1835937 0.15625 0.0625 0.03515625 0.1835937 0.03515625 0.1835937 0.15625 0.0625 0.15625 0.1835937 0.03515625 0.1835937 0.03515625 0.0625 0.15625 0.0625 0.03515625 0.1835937 0.15625 0.0625 0.15625 0.1835937 0.03515625 0.1835937 0.03515625 0.0625 0.15625 0.0625 0.03515625 0.1835937 0.15625 0.0625 0.15625 0.1835937 0.03515625 0.1835937 0.03515625 0.0625 0.15625 0.0625 0.03515625 0.1835937 0.15625 0.0625 0.15625 0.1835937 0.03515625 0.1835937 0.03515625 0.0625 0.15625 0.0625 0.03515625 0.1835937 0.15625 0.0625 0.15625 0.1835937 0.03515625 0.1835937 0.03515625 0.0625 0.15625 0.0625 0.03515625 0.1835937 0.15625 0.0625 0.15625 0.1835937 0.03515625 0.1835937 0.03515625 0.0625 0.15625 0.0625 0.03515625 0.1835937 0.15625 0.0625 0.15625 0.1835937 0.03515625 0.1835937 0.03515625 0.0625 0.15625 0.0625 0.03515625 0.1835937 0.15625 0.0625 0.15625 0.1835937 0.03515625 0.1835937 0.03515625 0.0625 0.15625 0.0625 0.03515625 0.1835937 0.03515625 0.1835937 0.15625 0.0625 0.03515625 0.0625 0.03515625 0.1835937 0.15625 0.0625 0.15625 0.0625 0.15625 0.0625 0.03515625 0.1835937 0.15625 0.1835937 0.15625 0.0625 0.03515625 0.1835937 0.03515625 0.1835937 0.03515625 0.1835937 0.15625 0.0625 0.03515625 0.0625 0.03515625 0.1835937 0.15625 0.0625 0.15625 0.1835937 0.15625 0.0625 0.15625 0.1835937 0.03515625 0.1835937 0.03515625 0.0625 0.15625 0.0625 0.03515625 0.1835937 0.15625 0.0625 0.15625 0.1835937 0.03515625 0.1835937 0.03515625 0.0625 0.15625 0.0625 0.03515625 0.0625 0.03515625 0.1835937 0.03515625 0.0625 0.15625 0.0625 0.15625 0.1835937 0.03515625 0.1835937 0.15625 0.1835937 0.15625 0.0625 0.15625 0.1835937 0.03515625 0.1835937 0.03515625 0.0625 0.15625 0.0625 0.03515625 0.1835937 0.03515625 0.1835937 0.15625 0.0625 0.03515625 0.0625 0.03515625 0.1835937 0.15625 0.0625 0.15625 0.1835937 0.03515625 0.1835937 0.15625 0.0625 0.03515625 0.0625 0.03515625 0.1835937 0.15625 0.0625 0.15625 0.1835937 0.03515625 0.1835937 0.15625 0.0625 0.03515625 0.0625 0.03515625 0.1835937 0.15625 0.0625 0.15625 0.0625 0.15625 0.0625 0.03515625 0.1835937 0.15625 0.1835937 0.15625 0.0625 0.03515625 0.1835937 0.03515625 0.1835937 0.03515625 0.1835937 0.15625 0.0625 0.03515625 0.0625 0.03515625 0.1835937 0.15625 0.0625 0.15625 0.1835937 0.03515625 0.1835937 0.15625 0.0625 0.03515625 0.0625 0.03515625 0.1835937 0.15625 0.0625 0.15625 0.0625 0.03515625 0.1835937 0.03515625 0.0625 0.15625 0.0625 0.15625 0.1835937 0.03515625 0.1835937 0.15625 0.0625 0.03515625 0.1835937 0.03515625 0.0625 0.15625 0.0625 0.15625 0.1835937 0.03515625 0.1835937 0.15625 0.0625 0.03515625 0.1835937 0.03515625 0.0625 0.15625 0.0625 0.15625 0.1835937 0.03515625 0.1835937 0.15625 0.0625 0.03515625 0.1835937 0.03515625 0.0625 0.15625 0.0625 0.15625 0.1835937 0.03515625 0.1835937 0.15625 0.0625 0.03515625 0.1835937 0.03515625 0.0625 0.15625 0.0625 0.15625 0.1835937 0.03515625 0.1835937 0.15625 0.0625 0.15625 0.0625 0.03515625 0.1835937 0.15625 0.1835937 0.15625 0.0625 0.03515625 0.1835937 0.03515625 0.0625 0.03515625 0.1835937 0.03515625 0.0625 0.15625 0.0625 0.15625 0.1835937 0.03515625 0.1835937 0.15625 0.0625 0.03515625 0.1835937 0.03515625 0.0625 0.15625 0.0625 0.15625 0.1835937 0.03515625 0.1835937 0.15625 0.0625 0.03515625 0.1835937 0.03515625 0.0625 0.15625 0.0625 0.15625 0.1835937 0.03515625 0.1835937 0.15625 0.0625 0.03515625 0.1835937 0.03515625 0.0625 0.15625 0.0625 0.15625 0.1835937 0.03515625 0.1835937 0.15625 0.0625 0.03515625 0.1835937 0.03515625 0.0625 0.15625 0.0625 0.15625 0.1835937 0.03515625 0.1835937 0.15625 0.1835937 0.03515625 0.1835937 0.15625 0.0625 0.03515625 0.0625 0.03515625 0.1835937 0.15625 0.0625 0.15625 0.1835937 0.03515625 0.1835937 0.15625 0.0625 0.03515625 0.0625 0.03515625 0.1835937 0.15625 0.0625 0.15625 0.1835937 0.03515625 0.1835937 0.15625 0.0625 0.03515625 0.0625 0.03515625 0.1835937 0.15625 0.0625 0.15625 0.1835937 0.03515625 0.1835937 0.15625 0.0625 0.03515625 0.0625 0.03515625 0.1835937 0.15625 0.0625 0.15625 0.0625 0.15625 0.0625 0.03515625 0.1835937 0.15625 0.1835937 0.15625 0.0625 0.03515625 0.1835937 0.03515625 0.1835937 0.03515625 0.1835937 0.15625 0.0625 0.03515625 0.0625 0.03515625 0.1835937 0.15625 0.0625 0.15625 0.1835937 0.03515625 0.1835937 0.15625 0.0625 0.03515625 0.0625 0.03515625 0.1835937 0.15625 0.0625 0.15625 0.1835937 0.15625 0.0625 0.15625 0.1835937 0.03515625 0.1835937 0.03515625 0.0625 0.15625 0.0625 0.03515625 0.1835937 0.15625 0.0625 0.15625 0.1835937 0.03515625 0.1835937 0.03515625 0.0625 0.15625 0.0625 0.03515625 0.1835937 0.15625 0.0625 0.15625 0.1835937 0.03515625 0.1835937 0.03515625 0.0625 0.15625 0.0625 0.03515625 0.1835937 0.15625 0.0625 0.15625 0.1835937 0.03515625 0.1835937 0.03515625 0.0625 0.15625 0.0625 0.03515625 0.1835937 0.03515625 0.1835937 0.15625 0.0625 0.03515625 0.0625 0.03515625 0.1835937 0.15625 0.0625 0.15625 0.1835937 0.15625 0.0625 0.15625 0.1835937 0.03515625 0.1835937 0.03515625 0.0625 0.15625 0.0625 0.03515625 0.1835937 0.15625 0.0625 0.15625 0.1835937 0.03515625 0.1835937 0.03515625 0.0625 0.15625 0.0625 0.03515625 0.1835937 0.15625 0.0625 0.15625 0.1835937 0.03515625 0.1835937 0.03515625 0.0625 0.15625 0.0625 0.03515625 0.1835937 0.15625 0.0625 0.15625 0.1835937 0.03515625 0.1835937 0.03515625 0.0625 0.15625 0.0625 0.03515625 0.1835937 0.15625 0.0625 0.15625 0.1835937 0.03515625 0.1835937 0.03515625 0.0625 0.15625 0.0625 0.03515625 0.1835937 0.15625 0.0625 0.15625 0.1835937 0.03515625 0.1835937 0.03515625 0.0625 0.15625 0.0625 0.03515625 0.1835937 0.15625 0.0625 0.15625 0.1835937 0.03515625 0.1835937 0.03515625 0.0625 0.15625 0.0625 0.03515625 0.0625 0.15625 0.0625 0.03515625 0.1835937 0.15625 0.1835937 0.15625 0.0625 0.03515625 0.1835937 0.03515625 0.1835937 0.03515625 0.1835937 0.15625 0.0625 0.03515625 0.0625 0.03515625 0.1835937 0.15625 0.0625 0.15625 0.0625 0.03515625 0.1835937 0.03515625 0.0625 0.15625 0.0625 0.15625 0.1835937 0.03515625 0.1835937 0.15625 0.0625 0.03515625 0.1835937 0.03515625 0.0625 0.15625 0.0625 0.15625 0.1835937 0.03515625 0.1835937 0.15625 0.1835937 0.15625 0.0625 0.15625 0.1835937 0.03515625 0.1835937 0.03515625 0.0625 0.15625 0.0625 0.03515625 0.1835937 0.03515625 0.1835937 0.15625 0.0625 0.03515625 0.0625 0.03515625 0.1835937 0.15625 0.0625 0.15625 0.1835937 0.15625 0.0625 0.15625 0.1835937 0.03515625 0.1835937 0.03515625 0.0625 0.15625 0.0625 0.03515625 0.1835937 0.15625 0.0625 0.15625 0.1835937 0.03515625 0.1835937 0.03515625 0.0625 0.15625 0.0625 0.03515625 0.1835937 0.15625 0.0625 0.15625 0.1835937 0.03515625 0.1835937 0.03515625 0.0625 0.15625 0.0625 0.03515625 0.0625 0.03515625 0.1835937 0.03515625 0.0625 0.15625 0.0625 0.15625 0.1835937 0.03515625 0.1835937 0.15625 0.0625 0.03515625 0.1835937 0.03515625 0.0625 0.15625 0.0625 0.15625 0.1835937 0.03515625 0.1835937 0.15625 0.0625 0.03515625 0.1835937 0.03515625 0.0625 0.15625 0.0625 0.15625 0.1835937 0.03515625 0.1835937 0.15625 0.0625 0.03515625 0.1835937 0.03515625 0.0625 0.15625 0.0625 0.15625 0.1835937 0.03515625 0.1835937 0.15625 0.1835937 0.15625 0.0625 0.15625 0.1835937 0.03515625 0.1835937 0.03515625 0.0625 0.15625 0.0625 0.03515625 0.1835937 0.15625 0.0625 0.15625 0.1835937 0.03515625 0.1835937 0.03515625 0.0625 0.15625 0.0625 0.03515625 0.0625 0.03515625 0.1835937 0.03515625 0.0625 0.15625 0.0625 0.15625 0.1835937 0.03515625 0.1835937 0.15625 0.0625 0.15625 0.0625 0.03515625 0.1835937 0.15625 0.1835937 0.15625 0.0625 0.03515625 0.1835937 0.03515625 0.1835937 0.15625 0.0625 0.15625 0.1835937 0.03515625 0.1835937 0.03515625 0.0625 0.15625 0.0625 0.03515625 0.1835937 0.15625 0.0625 0.15625 0.1835937 0.03515625 0.1835937 0.03515625 0.0625 0.15625 0.0625 0.03515625 0.1835937 0.15625 0.0625 0.15625 0.1835937 0.03515625 0.1835937 0.03515625 0.0625 0.15625 0.0625 0.03515625 0.1835937 0.15625 0.0625 0.15625 0.1835937 0.03515625 0.1835937 0.03515625 0.0625 0.15625 0.0625 0.03515625 0.1835937 0.15625 0.0625 0.15625 0.1835937 0.03515625 0.1835937 0.03515625 0.0625 0.15625 0.0625 0.03515625 0.0625 0.03515625 0.1835937 0.03515625 0.0625 0.15625 0.0625 0.15625 0.1835937 0.03515625 0.1835937 0.15625 0.1835937 0.15625 0.0625 0.15625 0.1835937 0.03515625 0.1835937 0.03515625 0.0625 0.15625 0.0625 0.03515625 0.0625 0.03515625 0.1835937 0.03515625 0.0625 0.15625 0.0625 0.15625 0.1835937 0.03515625 0.1835937 0.15625 0.0625 0.03515625 0.1835937 0.03515625 0.0625 0.15625 0.0625 0.15625 0.1835937 0.03515625 0.1835937 0.15625 0.0625 0.03515625 0.1835937 0.03515625 0.0625 0.15625 0.0625 0.15625 0.1835937 0.03515625 0.1835937 0.15625 0.0625 0.03515625 0.1835937 0.03515625 0.0625 0.15625 0.0625 0.15625 0.1835937 0.03515625 0.1835937 0.15625 0.0625 0.03515625 0.1835937 0.03515625 0.0625 0.15625 0.0625 0.15625 0.1835937 0.03515625 0.1835937 0.15625 0 1 0.1835937 0.03515625 0 1 0 1 0.1835937 0.03515625 0.0625 0.15625 0.1835937 0.15625 0.0625 0.15625 0.1835937 0.03515625 0.1835937 0.03515625 0.0625 0.15625 0.0625 0.03515625 0.1835937 0.15625 0.0625 0.15625 0.1835937 0.03515625 0.1835937 0.03515625 0.0625 0.15625 0.0625 0.03515625 0.1835937 0.15625 0.0625 0.15625 0.1835937 0.03515625 0.1835937 0.03515625 0.0625 0.15625 0.0625 0.03515625 0.1835937 0.15625 0.0625 0.15625 0.1835937 0.03515625 0.1835937 0.03515625 0.0625 0.15625 0.0625 0.03515625 0.1835937 0.15625 0.0625 0.15625 0.1835937 0.03515625 0.1835937 0.03515625 0.0625 0.15625 0.0625 0.03515625 0.1835937 0.03515625 0.1835937 0.15625 0.0625 0.03515625 0.0625 0.03515625 0.1835937 0.15625 0.0625 0.15625 0.0625 0.03515625 0.1835937 0.03515625 0.0625 0.15625 0.0625 0.15625 0.1835937 0.03515625 0.1835937 0.15625 0.1835937 0.15625 0.0625 0.15625 0.1835937 0.03515625 0.1835937 0.03515625 0.0625 0.15625 0.0625 0.03515625 0.0625 0.15625 0.0625 0.03515625 0.1835937 0.15625 0.1835937 0.15625 0.0625 0.03515625 0.1835937 0.03515625 0.1835937 0.03515625 0.1835937 0.15625 0.0625 0.03515625 0.0625 0.03515625 0.1835937 0.15625 0.0625 0.15625 0.0625 0.15625 0.0625 0.03515625 0.1835937 0.15625 0.1835937 0.15625 0.0625 0.03515625 0.1835937 0.03515625 0.3764038 0.1448364 0.4614868 0.1365356 0.3761597 0.4100342 0.3761597 0.4100342 0.4614868 0.1365356 0.5012817 0.4002686 0.1835937 0.15625 0.0625 0.15625 0.1835937 0.03515625 0.1835937 0.03515625 0.0625 0.15625 0.0625 0.03515625 0.1835937 0.15625 0.0625 0.15625 0.1835937 0.03515625 0.1835937 0.03515625 0.0625 0.15625 0.0625 0.03515625 0.0625 0.15625 0.0625 0.03515625 0.1835937 0.15625 0.1835937 0.15625 0.0625 0.03515625 0.1835937 0.03515625 0.1835937 0.15625 0.0625 0.15625 0.1835937 0.03515625 0.1835937 0.03515625 0.0625 0.15625 0.0625 0.03515625 0.0625 0.15625 0.0625 0.03515625 0.1835937 0.15625 0.1835937 0.15625 0.0625 0.03515625 0.1835937 0.03515625 0.0625 0.15625 0.0625 0.03515625 0.1835937 0.15625 0.1835937 0.15625 0.0625 0.03515625 0.1835937 0.03515625 0.0625 0.15625 0.0625 0.03515625 0.1835937 0.15625 0.1835937 0.15625 0.0625 0.03515625 0.1835937 0.03515625 0.1835937 0.03515625 0.1835937 0.15625 0.0625 0.03515625 0.0625 0.03515625 0.1835937 0.15625 0.0625 0.15625 0.1835937 0.15625 0.0625 0.15625 0.1835937 0.03515625 0.1835937 0.03515625 0.0625 0.15625 0.0625 0.03515625 0.0625 0.15625 0.0625 0.03515625 0.1835937 0.15625 0.1835937 0.15625 0.0625 0.03515625 0.1835937 0.03515625 0.0625 0.15625 0.0625 0.03515625 0.1835937 0.15625 0.1835937 0.15625 0.0625 0.03515625 0.1835937 0.03515625 0.1835937 0.15625 0.0625 0.15625 0.1835937 0.03515625 0.1835937 0.03515625 0.0625 0.15625 0.0625 0.03515625 0.1835937 0.15625 0.0625 0.15625 0.1835937 0.03515625 0.1835937 0.03515625 0.0625 0.15625 0.0625 0.03515625 0.0625 0.15625 0.0625 0.03515625 0.1835937 0.15625 0.1835937 0.15625 0.0625 0.03515625 0.1835937 0.03515625 0.1835937 0.03515625 0.1835937 0.15625 0.0625 0.03515625 0.0625 0.03515625 0.1835937 0.15625 0.0625 0.15625 0.0625 0.15625 0.0625 0.03515625 0.1835937 0.15625 0.1835937 0.15625 0.0625 0.03515625 0.1835937 0.03515625 0.0625 0.15625 0.0625 0.03515625 0.1835937 0.15625 0.1835937 0.15625 0.0625 0.03515625 0.1835937 0.03515625 0.0625 0.15625 0.0625 0.03515625 0.1835937 0.15625 0.1835937 0.15625 0.0625 0.03515625 0.1835937 0.03515625 0.1835937 0.15625 0.0625 0.15625 0.1835937 0.03515625 0.1835937 0.03515625 0.0625 0.15625 0.0625 0.03515625 0.0625 0.15625 0.0625 0.03515625 0.1835937 0.15625 0.1835937 0.15625 0.0625 0.03515625 0.1835937 0.03515625 0.0625 0.15625 0.0625 0.03515625 0.1835937 0.15625 0.1835937 0.15625 0.0625 0.03515625 0.1835937 0.03515625 0.0625 0.15625 0.0625 0.03515625 0.1835937 0.15625 0.1835937 0.15625 0.0625 0.03515625 0.1835937 0.03515625 0.1835937 0.15625 0.0625 0.15625 0.1835937 0.03515625 0.1835937 0.03515625 0.0625 0.15625 0.0625 0.03515625 0.1835937 0.15625 0.0625 0.15625 0.1835937 0.03515625 0.1835937 0.03515625 0.0625 0.15625 0.0625 0.03515625 0.1835937 0.15625 0.0625 0.15625 0.1835937 0.03515625 0.1835937 0.03515625 0.0625 0.15625 0.0625 0.03515625 0.1835937 0.15625 0.0625 0.15625 0.1835937 0.03515625 0.1835937 0.03515625 0.0625 0.15625 0.0625 0.03515625 0.1835937 0.15625 0.0625 0.15625 0.1835937 0.03515625 0.1835937 0.03515625 0.0625 0.15625 0.0625 0.03515625 0.1835937 0.15625 0.0625 0.15625 0.1835937 0.03515625 0.1835937 0.03515625 0.0625 0.15625 0.0625 0.03515625 0.0625 0.15625 0.0625 0.03515625 0.1835937 0.15625 0.1835937 0.15625 0.0625 0.03515625 0.1835937 0.03515625 0.0625 0.15625 0.0625 0.03515625 0.1835937 0.15625 0.1835937 0.15625 0.0625 0.03515625 0.1835937 0.03515625 0.0625 0.15625 0.0625 0.03515625 0.1835937 0.15625 0.1835937 0.15625 0.0625 0.03515625 0.1835937 0.03515625 0.0625 0.15625 0.0625 0.03515625 0.1835937 0.15625 0.1835937 0.15625 0.0625 0.03515625 0.1835937 0.03515625 0.0625 0.15625 0.0625 0.03515625 0.1835937 0.15625 0.1835937 0.15625 0.0625 0.03515625 0.1835937 0.03515625 0.0625 0.15625 0.0625 0.03515625 0.1835937 0.15625 0.1835937 0.15625 0.0625 0.03515625 0.1835937 0.03515625 0.0625 0.15625 0.0625 0.03515625 0.1835937 0.15625 0.1835937 0.15625 0.0625 0.03515625 0.1835937 0.03515625 0.0625 0.15625 0.0625 0.03515625 0.1835937 0.15625 0.1835937 0.15625 0.0625 0.03515625 0.1835937 0.03515625 0.0625 0.03515625 0.1835937 0.03515625 0.0625 0.15625 0.0625 0.15625 0.1835937 0.03515625 0.1835937 0.15625 0.1835937 0.15625 0.0625 0.15625 0.1835937 0.03515625 0.1835937 0.03515625 0.0625 0.15625 0.0625 0.03515625 0.0625 0.03515625 0.1835937 0.03515625 0.0625 0.15625 0.0625 0.15625 0.1835937 0.03515625 0.1835937 0.15625 0.0625 0.15625 0.0625 0.03515625 0.1835937 0.15625 0.1835937 0.15625 0.0625 0.03515625 0.1835937 0.03515625 0.0625 0.15625 0.0625 0.03515625 0.1835937 0.15625 0.1835937 0.15625 0.0625 0.03515625 0.1835937 0.03515625 0.1835937 0.03515625 0.1835937 0.15625 0.0625 0.03515625 0.0625 0.03515625 0.1835937 0.15625 0.0625 0.15625 0.0625 0.15625 0.0625 0.03515625 0.1835937 0.15625 0.1835937 0.15625 0.0625 0.03515625 0.1835937 0.03515625 0.0625 0.03515625 0.1835937 0.03515625 0.0625 0.15625 0.0625 0.15625 0.1835937 0.03515625 0.1835937 0.15625 0.1835937 0.03515625 0.1835937 0.15625 0.0625 0.03515625 0.0625 0.03515625 0.1835937 0.15625 0.0625 0.15625 0.0625 0.03515625 0.1835937 0.03515625 0.0625 0.15625 0.0625 0.15625 0.1835937 0.03515625 0.1835937 0.15625 0.1835937 0.15625 0.0625 0.15625 0.1835937 0.03515625 0.1835937 0.03515625 0.0625 0.15625 0.0625 0.03515625 0.0625 0.03515625 0.1835937 0.03515625 0.0625 0.15625 0.0625 0.15625 0.1835937 0.03515625 0.1835937 0.15625 0.0625 0.03515625 0.1835937 0.03515625 0.0625 0.15625 0.0625 0.15625 0.1835937 0.03515625 0.1835937 0.15625 0.0625 0.03515625 0.1835937 0.03515625 0.0625 0.15625 0.0625 0.15625 0.1835937 0.03515625 0.1835937 0.15625 0.1835937 0.03515625 0.1835937 0.15625 0.0625 0.03515625 0.0625 0.03515625 0.1835937 0.15625 0.0625 0.15625 0.1835937 0.03515625 0.1835937 0.15625 0.0625 0.03515625 0.0625 0.03515625 0.1835937 0.15625 0.0625 0.15625 0.1835937 0.03515625 0.1835937 0.15625 0.0625 0.03515625 0.0625 0.03515625 0.1835937 0.15625 0.0625 0.15625 0.1835937 0.03515625 0.1835937 0.15625 0.0625 0.03515625 0.0625 0.03515625 0.1835937 0.15625 0.0625 0.15625 0.1835937 0.15625 0.0625 0.15625 0.1835937 0.03515625 0.1835937 0.03515625 0.0625 0.15625 0.0625 0.03515625 0.1835937 0.03515625 0.1835937 0.15625 0.0625 0.03515625 0.0625 0.03515625 0.1835937 0.15625 0.0625 0.15625 0.1835937 0.03515625 0.1835937 0.15625 0.0625 0.03515625 0.0625 0.03515625 0.1835937 0.15625 0.0625 0.15625 0.1835937 0.03515625 0.1835937 0.15625 0.0625 0.03515625 0.0625 0.03515625 0.1835937 0.15625 0.0625 0.15625 0.1835937 0.03515625 0.1835937 0.15625 0.0625 0.03515625 0.0625 0.03515625 0.1835937 0.15625 0.0625 0.15625 0.1835937 0.03515625 0.1835937 0.15625 0.0625 0.03515625 0.0625 0.03515625 0.1835937 0.15625 0.0625 0.15625 0.1835937 0.03515625 0.1835937 0.15625 0.0625 0.03515625 0.0625 0.03515625 0.1835937 0.15625 0.0625 0.15625 0.1835937 0.03515625 0.1835937 0.15625 0.0625 0.03515625 0.0625 0.03515625 0.1835937 0.15625 0.0625 0.15625 0.0625 0.15625 0.0625 0.03515625 0.1835937 0.15625 0.1835937 0.15625 0.0625 0.03515625 0.1835937 0.03515625 0.0625 0.03515625 0.1835937 0.03515625 0.0625 0.15625 0.0625 0.15625 0.1835937 0.03515625 0.1835937 0.15625 0.1835937 0.03515625 0.1835937 0.15625 0.0625 0.03515625 0.0625 0.03515625 0.1835937 0.15625 0.0625 0.15625 0.1835937 0.03515625 0.1835937 0.15625 0.0625 0.03515625 0.0625 0.03515625 0.1835937 0.15625 0.0625 0.15625 0.1835937 0.03515625 0.1835937 0.15625 0.0625 0.03515625 0.0625 0.03515625 0.1835937 0.15625 0.0625 0.15625 0.1835937 0.03515625 0.1835937 0.15625 0.0625 0.03515625 0.0625 0.03515625 0.1835937 0.15625 0.0625 0.15625 0.1835937 0.03515625 0.1835937 0.15625 0.0625 0.03515625 0.0625 0.03515625 0.1835937 0.15625 0.0625 0.15625 0.0625 0.15625 0.0625 0.03515625 0.1835937 0.15625 0.1835937 0.15625 0.0625 0.03515625 0.1835937 0.03515625 0.1835937 0.03515625 0.1835937 0.15625 0.0625 0.03515625 0.0625 0.03515625 0.1835937 0.15625 0.0625 0.15625 0.0625 0.15625 0.0625 0.03515625 0.1835937 0.15625 0.1835937 0.15625 0.0625 0.03515625 0.1835937 0.03515625 0.0625 0.15625 0.0625 0.03515625 0.1835937 0.15625 0.1835937 0.15625 0.0625 0.03515625 0.1835937 0.03515625 0.0625 0.15625 0.0625 0.03515625 0.1835937 0.15625 0.1835937 0.15625 0.0625 0.03515625 0.1835937 0.03515625 0.0625 0.15625 0.0625 0.03515625 0.1835937 0.15625 0.1835937 0.15625 0.0625 0.03515625 0.1835937 0.03515625 0.0625 0.15625 0.0625 0.03515625 0.1835937 0.15625 0.1835937 0.15625 0.0625 0.03515625 0.1835937 0.03515625 0.1835937 0.03515625 0.1835937 0.15625 0.0625 0.03515625 0.0625 0.03515625 0.1835937 0.15625 0.0625 0.15625 0.1835937 0.03515625 0.1835937 0.15625 0.0625 0.03515625 0.0625 0.03515625 0.1835937 0.15625 0.0625 0.15625 0.1835937 0.03515625 0.1835937 0.15625 0.0625 0.03515625 0.0625 0.03515625 0.1835937 0.15625 0.0625 0.15625 0.1835937 0.03515625 0.1835937 0.15625 0.0625 0.03515625 0.0625 0.03515625 0.1835937 0.15625 0.0625 0.15625 0.1835937 0.03515625 0.1835937 0.15625 0.0625 0.03515625 0.0625 0.03515625 0.1835937 0.15625 0.0625 0.15625 0.0625 0.03515625 0.1835937 0.03515625 0.0625 0.15625 0.0625 0.15625 0.1835937 0.03515625 0.1835937 0.15625 0.0625 0.03515625 0.1835937 0.03515625 0.0625 0.15625 0.0625 0.15625 0.1835937 0.03515625 0.1835937 0.15625 0.0625 0.03515625 0.1835937 0.03515625 0.0625 0.15625 0.0625 0.15625 0.1835937 0.03515625 0.1835937 0.15625 0.0625 0.03515625 0.1835937 0.03515625 0.0625 0.15625 0.0625 0.15625 0.1835937 0.03515625 0.1835937 0.15625 0.1835937 0.03515625 0.1835937 0.15625 0.0625 0.03515625 0.0625 0.03515625 0.1835937 0.15625 0.0625 0.15625 0.0625 0.03515625 0.1835937 0.03515625 0.0625 0.15625 0.0625 0.15625 0.1835937 0.03515625 0.1835937 0.15625 0.6397095 0.1470336 0.6259155 0.4121704 0.5551148 0.1373291 0.5551148 0.1373291 0.6259155 0.4121704 0.5012817 0.4002686 0.1835937 0.03515625 0.1835937 0.15625 0.0625 0.03515625 0.0625 0.03515625 0.1835937 0.15625 0.0625 0.15625 0.0625 0.15625 0.0625 0.03515625 0.1835937 0.15625 0.1835937 0.15625 0.0625 0.03515625 0.1835937 0.03515625 0.0625 0.15625 0.0625 0.03515625 0.1835937 0.15625 0.1835937 0.15625 0.0625 0.03515625 0.1835937 0.03515625 0.0625 0.15625 0.0625 0.03515625 0.1835937 0.15625 0.1835937 0.15625 0.0625 0.03515625 0.1835937 0.03515625 0.0625 0.03515625 0.1835937 0.03515625 0.0625 0.15625 0.0625 0.15625 0.1835937 0.03515625 0.1835937 0.15625 0.0625 0.15625 0.0625 0.03515625 0.1835937 0.15625 0.1835937 0.15625 0.0625 0.03515625 0.1835937 0.03515625 0.0625 0.15625 0.0625 0.03515625 0.1835937 0.15625 0.1835937 0.15625 0.0625 0.03515625 0.1835937 0.03515625 0.1835937 0.03515625 0.1835937 0.15625 0.0625 0.03515625 0.0625 0.03515625 0.1835937 0.15625 0.0625 0.15625 0.0625 0.03515625 0.1835937 0.03515625 0.0625 0.15625 0.0625 0.15625 0.1835937 0.03515625 0.1835937 0.15625 0.0625 0.03515625 0.1835937 0.03515625 0.0625 0.15625 0.0625 0.15625 0.1835937 0.03515625 0.1835937 0.15625 0.0625 0.03515625 0.1835937 0.03515625 0.0625 0.15625 0.0625 0.15625 0.1835937 0.03515625 0.1835937 0.15625 0.1835937 0.03515625 0.1835937 0.15625 0.0625 0.03515625 0.0625 0.03515625 0.1835937 0.15625 0.0625 0.15625 0.1835937 0.03515625 0.1835937 0.15625 0.0625 0.03515625 0.0625 0.03515625 0.1835937 0.15625 0.0625 0.15625 0.0625 0.03515625 0.1835937 0.03515625 0.0625 0.15625 0.0625 0.15625 0.1835937 0.03515625 0.1835937 0.15625 0.1835937 0.15625 0.0625 0.15625 0.1835937 0.03515625 0.1835937 0.03515625 0.0625 0.15625 0.0625 0.03515625 0.0625 0.03515625 0.1835937 0.03515625 0.0625 0.15625 0.0625 0.15625 0.1835937 0.03515625 0.1835937 0.15625 0.1835937 0.15625 0.0625 0.15625 0.1835937 0.03515625 0.1835937 0.03515625 0.0625 0.15625 0.0625 0.03515625 0.0625 0.15625 0.0625 0.03515625 0.1835937 0.15625 0.1835937 0.15625 0.0625 0.03515625 0.1835937 0.03515625 0.1835937 0.15625 0.0625 0.15625 0.1835937 0.03515625 0.1835937 0.03515625 0.0625 0.15625 0.0625 0.03515625 0.0625 0.15625 0.0625 0.03515625 0.1835937 0.15625 0.1835937 0.15625 0.0625 0.03515625 0.1835937 0.03515625 0.0625 0.03515625 0.1835937 0.03515625 0.0625 0.15625 0.0625 0.15625 0.1835937 0.03515625 0.1835937 0.15625 0.0625 0.03515625 0.1835937 0.03515625 0.0625 0.15625 0.0625 0.15625 0.1835937 0.03515625 0.1835937 0.15625 0.1835937 0.03515625 0.1835937 0.15625 0.0625 0.03515625 0.0625 0.03515625 0.1835937 0.15625 0.0625 0.15625 0.0625 0.15625 0.0625 0.03515625 0.1835937 0.15625 0.1835937 0.15625 0.0625 0.03515625 0.1835937 0.03515625 0.0625 0.15625 0.0625 0.03515625 0.1835937 0.15625 0.1835937 0.15625 0.0625 0.03515625 0.1835937 0.03515625 0.1835937 0.03515625 0.1835937 0.15625 0.0625 0.03515625 0.0625 0.03515625 0.1835937 0.15625 0.0625 0.15625 0.0625 0.15625 0.0625 0.03515625 0.1835937 0.15625 0.1835937 0.15625 0.0625 0.03515625 0.1835937 0.03515625 0.0625 0.15625 0.0625 0.03515625 0.1835937 0.15625 0.1835937 0.15625 0.0625 0.03515625 0.1835937 0.03515625 0.1835937 0.03515625 0.1835937 0.15625 0.0625 0.03515625 0.0625 0.03515625 0.1835937 0.15625 0.0625 0.15625 0.1835937 0.03515625 0.1835937 0.15625 0.0625 0.03515625 0.0625 0.03515625 0.1835937 0.15625 0.0625 0.15625 0.1835937 0.15625 0.0625 0.15625 0.1835937 0.03515625 0.1835937 0.03515625 0.0625 0.15625 0.0625 0.03515625 0.1835937 0.15625 0.0625 0.15625 0.1835937 0.03515625 0.1835937 0.03515625 0.0625 0.15625 0.0625 0.03515625 0.1835937 0.15625 0.0625 0.15625 0.1835937 0.03515625 0.1835937 0.03515625 0.0625 0.15625 0.0625 0.03515625 0.1835937 0.15625 0.0625 0.15625 0.1835937 0.03515625 0.1835937 0.03515625 0.0625 0.15625 0.0625 0.03515625 0.1835937 0.15625 0.0625 0.15625 0.1835937 0.03515625 0.1835937 0.03515625 0.0625 0.15625 0.0625 0.03515625 0.1835937 0.15625 0.0625 0.15625 0.1835937 0.03515625 0.1835937 0.03515625 0.0625 0.15625 0.0625 0.03515625 0.1835937 0.15625 0.0625 0.15625 0.1835937 0.03515625 0.1835937 0.03515625 0.0625 0.15625 0.0625 0.03515625 0.0625 0.15625 0.0625 0.03515625 0.1835937 0.15625 0.1835937 0.15625 0.0625 0.03515625 0.1835937 0.03515625 0.1835937 0.15625 0.0625 0.15625 0.1835937 0.03515625 0.1835937 0.03515625 0.0625 0.15625 0.0625 0.03515625 0.0625 0.03515625 0.1835937 0.03515625 0.0625 0.15625 0.0625 0.15625 0.1835937 0.03515625 0.1835937 0.15625 0.0625 0.03515625 0.1835937 0.03515625 0.0625 0.15625 0.0625 0.15625 0.1835937 0.03515625 0.1835937 0.15625 0.1835937 0.15625 0.0625 0.15625 0.1835937 0.03515625 0.1835937 0.03515625 0.0625 0.15625 0.0625 0.03515625 0.1835937 0.03515625 0.1835937 0.15625 0.0625 0.03515625 0.0625 0.03515625 0.1835937 0.15625 0.0625 0.15625 0.0625 0.03515625 0.1835937 0.03515625 0.0625 0.15625 0.0625 0.15625 0.1835937 0.03515625 0.1835937 0.15625 0.1835937 0.03515625 0.1835937 0.15625 0.0625 0.03515625 0.0625 0.03515625 0.1835937 0.15625 0.0625 0.15625 0.1835937 0.15625 0.0625 0.15625 0.1835937 0.03515625 0.1835937 0.03515625 0.0625 0.15625 0.0625 0.03515625 0.1835937 0.15625 0.0625 0.15625 0.1835937 0.03515625 0.1835937 0.03515625 0.0625 0.15625 0.0625 0.03515625 0.1835937 0.03515625 0.1835937 0.15625 0.0625 0.03515625 0.0625 0.03515625 0.1835937 0.15625 0.0625 0.15625 0.1835937 0.03515625 0.1835937 0.15625 0.0625 0.03515625 0.0625 0.03515625 0.1835937 0.15625 0.0625 0.15625 0.1835937 0.03515625 0.1835937 0.15625 0.0625 0.03515625 0.0625 0.03515625 0.1835937 0.15625 0.0625 0.15625 0.1835937 0.15625 0.0625 0.15625 0.1835937 0.03515625 0.1835937 0.03515625 0.0625 0.15625 0.0625 0.03515625 0.1835937 0.03515625 0.1835937 0.15625 0.0625 0.03515625 0.0625 0.03515625 0.1835937 0.15625 0.0625 0.15625 0.1835937 0.15625 0.0625 0.15625 0.1835937 0.03515625 0.1835937 0.03515625 0.0625 0.15625 0.0625 0.03515625 0.1835937 0.15625 0.0625 0.15625 0.1835937 0.03515625 0.1835937 0.03515625 0.0625 0.15625 0.0625 0.03515625 0.0625 0.03515625 0.1835937 0.03515625 0.0625 0.15625 0.0625 0.15625 0.1835937 0.03515625 0.1835937 0.15625 0.1835937 0.03515625 0.1835937 0.15625 0.0625 0.03515625 0.0625 0.03515625 0.1835937 0.15625 0.0625 0.15625 0.1835937 0.03515625 0.1835937 0.15625 0.0625 0.03515625 0.0625 0.03515625 0.1835937 0.15625 0.0625 0.15625 0.1835937 0.03515625 0.1835937 0.15625 0.0625 0.03515625 0.0625 0.03515625 0.1835937 0.15625 0.0625 0.15625 0.1835937 0.03515625 0.1835937 0.15625 0.0625 0.03515625 0.0625 0.03515625 0.1835937 0.15625 0.0625 0.15625 0.1835937 0.03515625 0.1835937 0.15625 0.0625 0.03515625 0.0625 0.03515625 0.1835937 0.15625 0.0625 0.15625 0.0625 0.15625 0.0625 0.03515625 0.1835937 0.15625 0.1835937 0.15625 0.0625 0.03515625 0.1835937 0.03515625 0.0625 0.15625 0.0625 0.03515625 0.1835937 0.15625 0.1835937 0.15625 0.0625 0.03515625 0.1835937 0.03515625 0.0625 0.15625 0.0625 0.03515625 0.1835937 0.15625 0.1835937 0.15625 0.0625 0.03515625 0.1835937 0.03515625 0.0625 0.15625 0.0625 0.03515625 0.1835937 0.15625 0.1835937 0.15625 0.0625 0.03515625 0.1835937 0.03515625 0.0625 0.03515625 0.1835937 0.03515625 0.0625 0.15625 0.0625 0.15625 0.1835937 0.03515625 0.1835937 0.15625 0.0625 0.15625 0.0625 0.03515625 0.1835937 0.15625 0.1835937 0.15625 0.0625 0.03515625 0.1835937 0.03515625 0.0625 0.15625 0.0625 0.03515625 0.1835937 0.15625 0.1835937 0.15625 0.0625 0.03515625 0.1835937 0.03515625 0.0625 0.03515625 0.1835937 0.03515625 0.0625 0.15625 0.0625 0.15625 0.1835937 0.03515625 0.1835937 0.15625 0.0625 0.03515625 0.1835937 0.03515625 0.0625 0.15625 0.0625 0.15625 0.1835937 0.03515625 0.1835937 0.15625 0.0625 0.03515625 0.1835937 0.03515625 0.0625 0.15625 0.0625 0.15625 0.1835937 0.03515625 0.1835937 0.15625 0.0625 0.03515625 0.1835937 0.03515625 0.0625 0.15625 0.0625 0.15625 0.1835937 0.03515625 0.1835937 0.15625 0.1835937 0.15625 0.0625 0.15625 0.1835937 0.03515625 0.1835937 0.03515625 0.0625 0.15625 0.0625 0.03515625 0.0625 0.03515625 0.1835937 0.03515625 0.0625 0.15625 0.0625 0.15625 0.1835937 0.03515625 0.1835937 0.15625 0.0625 0.03515625 0.1835937 0.03515625 0.0625 0.15625 0.0625 0.15625 0.1835937 0.03515625 0.1835937 0.15625 0.0625 0.15625 0.0625 0.03515625 0.1835937 0.15625 0.1835937 0.15625 0.0625 0.03515625 0.1835937 0.03515625 0.0625 0.15625 0.0625 0.03515625 0.1835937 0.15625 0.1835937 0.15625 0.0625 0.03515625 0.1835937 0.03515625 0.0625 0.15625 0.0625 0.03515625 0.1835937 0.15625 0.1835937 0.15625 0.0625 0.03515625 0.1835937 0.03515625 0.1835937 0.15625 0.0625 0.15625 0.1835937 0.03515625 0.1835937 0.03515625 0.0625 0.15625 0.0625 0.03515625 0.0625 0.15625 0.0625 0.03515625 0.1835937 0.15625 0.1835937 0.15625 0.0625 0.03515625 0.1835937 0.03515625 0.0625 0.15625 0.0625 0.03515625 0.1835937 0.15625 0.1835937 0.15625 0.0625 0.03515625 0.1835937 0.03515625 0.0625 0.03515625 0.1835937 0.03515625 0.0625 0.15625 0.0625 0.15625 0.1835937 0.03515625 0.1835937 0.15625 0.0625 0.15625 0.0625 0.03515625 0.1835937 0.15625 0.1835937 0.15625 0.0625 0.03515625 0.1835937 0.03515625 0.0625 0.15625 0.0625 0.03515625 0.1835937 0.15625 0.1835937 0.15625 0.0625 0.03515625 0.1835937 0.03515625 0.0625 0.15625 0.0625 0.03515625 0.1835937 0.15625 0.1835937 0.15625 0.0625 0.03515625 0.1835937 0.03515625 0.0625 0.03515625 0.1835937 0.03515625 0.0625 0.15625 0.0625 0.15625 0.1835937 0.03515625 0.1835937 0.15625 0.1835937 0.03515625 0.1835937 0.15625 0.0625 0.03515625 0.0625 0.03515625 0.1835937 0.15625 0.0625 0.15625 0.1835937 0.03515625 0.1835937 0.15625 0.0625 0.03515625 0.0625 0.03515625 0.1835937 0.15625 0.0625 0.15625 0.0625 0.15625 0.0625 0.03515625 0.1835937 0.15625 0.1835937 0.15625 0.0625 0.03515625 0.1835937 0.03515625 0.1835937 0.03515625 0.1835937 0.15625 0.0625 0.03515625 0.0625 0.03515625 0.1835937 0.15625 0.0625 0.15625 0.1835937 0.03515625 0.1835937 0.15625 0.0625 0.03515625 0.0625 0.03515625 0.1835937 0.15625 0.0625 0.15625 0.1835937 0.03515625 0.1835937 0.15625 0.0625 0.03515625 0.0625 0.03515625 0.1835937 0.15625 0.0625 0.15625 0.1835937 0.03515625 0.1835937 0.15625 0.0625 0.03515625 0.0625 0.03515625 0.1835937 0.15625 0.0625 0.15625 0.1835937 0.03515625 0.1835937 0.15625 0.0625 0.03515625 0.0625 0.03515625 0.1835937 0.15625 0.0625 0.15625 0.1835937 0.03515625 0.1835937 0.15625 0.0625 0.03515625 0.0625 0.03515625 0.1835937 0.15625 0.0625 0.15625 0.0625 0.15625 0.0625 0.03515625 0.1835937 0.15625 0.1835937 0.15625 0.0625 0.03515625 0.1835937 0.03515625 0.1835937 0.03515625 0.1835937 0.15625 0.0625 0.03515625 0.0625 0.03515625 0.1835937 0.15625 0.0625 0.15625 0.1835937 0.03515625 0.1835937 0.15625 0.0625 0.03515625 0.0625 0.03515625 0.1835937 0.15625 0.0625 0.15625 0.1835937 0.03515625 0.1835937 0.15625 0.0625 0.03515625 0.0625 0.03515625 0.1835937 0.15625 0.0625 0.15625 0.1835937 0.03515625 0.1835937 0.15625 0.0625 0.03515625 0.0625 0.03515625 0.1835937 0.15625 0.0625 0.15625 0.1835937 0.03515625 0.1835937 0.15625 0.0625 0.03515625 0.0625 0.03515625 0.1835937 0.15625 0.0625 0.15625 0.1835937 0.03515625 0.1835937 0.15625 0.0625 0.03515625 0.0625 0.03515625 0.1835937 0.15625 0.0625 0.15625 0.0625 0.03515625 0.1835937 0.03515625 0.0625 0.15625 0.0625 0.15625 0.1835937 0.03515625 0.1835937 0.15625 0.1835937 0.15625 0.0625 0.15625 0.1835937 0.03515625 0.1835937 0.03515625 0.0625 0.15625 0.0625 0.03515625 0.0625 0.15625 0.0625 0.03515625 0.1835937 0.15625 0.1835937 0.15625 0.0625 0.03515625 0.1835937 0.03515625 0.1835937 0.15625 0.0625 0.15625 0.1835937 0.03515625 0.1835937 0.03515625 0.0625 0.15625 0.0625 0.03515625 0.1835937 0.15625 0.0625 0.15625 0.1835937 0.03515625 0.1835937 0.03515625 0.0625 0.15625 0.0625 0.03515625 0.1835937 0.15625 0.0625 0.15625 0.1835937 0.03515625 0.1835937 0.03515625 0.0625 0.15625 0.0625 0.03515625 0.1835937 0.15625 0.0625 0.15625 0.1835937 0.03515625 0.1835937 0.03515625 0.0625 0.15625 0.0625 0.03515625 0.1835937 0.03515625 0.1835937 0.15625 0.0625 0.03515625 0.0625 0.03515625 0.1835937 0.15625 0.0625 0.15625 0.1835937 0.03515625 0.1835937 0.15625 0.0625 0.03515625 0.0625 0.03515625 0.1835937 0.15625 0.0625 0.15625 0.1835937 0.03515625 0.1835937 0.15625 0.0625 0.03515625 0.0625 0.03515625 0.1835937 0.15625 0.0625 0.15625 0.0625 0.03515625 0.1835937 0.03515625 0.0625 0.15625 0.0625 0.15625 0.1835937 0.03515625 0.1835937 0.15625 0.1835937 0.03515625 0.1835937 0.15625 0.0625 0.03515625 0.0625 0.03515625 0.1835937 0.15625 0.0625 0.15625 0.0625 0.15625 0.0625 0.03515625 0.1835937 0.15625 0.1835937 0.15625 0.0625 0.03515625 0.1835937 0.03515625 0.0625 0.15625 0.0625 0.03515625 0.1835937 0.15625 0.1835937 0.15625 0.0625 0.03515625 0.1835937 0.03515625 0.0625 0.15625 0.0625 0.03515625 0.1835937 0.15625 0.1835937 0.15625 0.0625 0.03515625 0.1835937 0.03515625 0.1835937 0.03515625 0.1835937 0.15625 0.0625 0.03515625 0.0625 0.03515625 0.1835937 0.15625 0.0625 0.15625 0.1835937 0.15625 0.0625 0.15625 0.1835937 0.03515625 0.1835937 0.03515625 0.0625 0.15625 0.0625 0.03515625 0.1835937 0.15625 0.0625 0.15625 0.1835937 0.03515625 0.1835937 0.03515625 0.0625 0.15625 0.0625 0.03515625 0.3676758 0.144104 0.4511719 0.1349487 0.3743286 0.4135132 0.3743286 0.4135132 0.4511719 0.1349487 0.4921875 0.4033814 0.0625 0.15625 0.0625 0.03515625 0.1835937 0.15625 0.1835937 0.15625 0.0625 0.03515625 0.1835937 0.03515625 0.0625 0.03515625 0.1835937 0.03515625 0.0625 0.15625 0.0625 0.15625 0.1835937 0.03515625 0.1835937 0.15625 0.0625 0.03515625 0.1835937 0.03515625 0.0625 0.15625 0.0625 0.15625 0.1835937 0.03515625 0.1835937 0.15625 0.0625 0.03515625 0.1835937 0.03515625 0.0625 0.15625 0.0625 0.15625 0.1835937 0.03515625 0.1835937 0.15625 0.0625 0.03515625 0.1835937 0.03515625 0.0625 0.15625 0.0625 0.15625 0.1835937 0.03515625 0.1835937 0.15625 0.0625 0.03515625 0.1835937 0.03515625 0.0625 0.15625 0.0625 0.15625 0.1835937 0.03515625 0.1835937 0.15625 0.0625 0.03515625 0.1835937 0.03515625 0.0625 0.15625 0.0625 0.15625 0.1835937 0.03515625 0.1835937 0.15625 0.1835937 0.15625 0.0625 0.15625 0.1835937 0.03515625 0.1835937 0.03515625 0.0625 0.15625 0.0625 0.03515625 0.0625 0.15625 0.0625 0.03515625 0.1835937 0.15625 0.1835937 0.15625 0.0625 0.03515625 0.1835937 0.03515625 0.0625 0.15625 0.0625 0.03515625 0.1835937 0.15625 0.1835937 0.15625 0.0625 0.03515625 0.1835937 0.03515625 0.0625 0.15625 0.0625 0.03515625 0.1835937 0.15625 0.1835937 0.15625 0.0625 0.03515625 0.1835937 0.03515625 0.1835937 0.03515625 0.1835937 0.15625 0.0625 0.03515625 0.0625 0.03515625 0.1835937 0.15625 0.0625 0.15625 0.1835937 0.03515625 0.1835937 0.15625 0.0625 0.03515625 0.0625 0.03515625 0.1835937 0.15625 0.0625 0.15625 0.1835937 0.03515625 0.1835937 0.15625 0.0625 0.03515625 0.0625 0.03515625 0.1835937 0.15625 0.0625 0.15625 0.0625 0.03515625 0.1835937 0.03515625 0.0625 0.15625 0.0625 0.15625 0.1835937 0.03515625 0.1835937 0.15625 0.1835937 0.15625 0.0625 0.15625 0.1835937 0.03515625 0.1835937 0.03515625 0.0625 0.15625 0.0625 0.03515625 0.1835937 0.15625 0.0625 0.15625 0.1835937 0.03515625 0.1835937 0.03515625 0.0625 0.15625 0.0625 0.03515625 0.0625 0.15625 0.0625 0.03515625 0.1835937 0.15625 0.1835937 0.15625 0.0625 0.03515625 0.1835937 0.03515625 0.1835937 0.15625 0.0625 0.15625 0.1835937 0.03515625 0.1835937 0.03515625 0.0625 0.15625 0.0625 0.03515625 0.0625 0.15625 0.0625 0.03515625 0.1835937 0.15625 0.1835937 0.15625 0.0625 0.03515625 0.1835937 0.03515625 0.1835937 0.15625 0.0625 0.15625 0.1835937 0.03515625 0.1835937 0.03515625 0.0625 0.15625 0.0625 0.03515625 0.1835937 0.03515625 0.1835937 0.15625 0.0625 0.03515625 0.0625 0.03515625 0.1835937 0.15625 0.0625 0.15625 0.1835937 0.03515625 0.1835937 0.15625 0.0625 0.03515625 0.0625 0.03515625 0.1835937 0.15625 0.0625 0.15625 0.1835937 0.15625 0.0625 0.15625 0.1835937 0.03515625 0.1835937 0.03515625 0.0625 0.15625 0.0625 0.03515625 0.1835937 0.15625 0.0625 0.15625 0.1835937 0.03515625 0.1835937 0.03515625 0.0625 0.15625 0.0625 0.03515625 0.0625 0.03515625 0.1835937 0.03515625 0.0625 0.15625 0.0625 0.15625 0.1835937 0.03515625 0.1835937 0.15625 0.1835937 0.15625 0.0625 0.15625 0.1835937 0.03515625 0.1835937 0.03515625 0.0625 0.15625 0.0625 0.03515625 0.1835937 0.15625 0.0625 0.15625 0.1835937 0.03515625 0.1835937 0.03515625 0.0625 0.15625 0.0625 0.03515625 0.1835937 0.03515625 0.1835937 0.15625 0.0625 0.03515625 0.0625 0.03515625 0.1835937 0.15625 0.0625 0.15625 0.1835937 0.03515625 0.1835937 0.15625 0.0625 0.03515625 0.0625 0.03515625 0.1835937 0.15625 0.0625 0.15625 0.0625 0.15625 0.0625 0.03515625 0.1835937 0.15625 0.1835937 0.15625 0.0625 0.03515625 0.1835937 0.03515625 0.0625 0.15625 0.0625 0.03515625 0.1835937 0.15625 0.1835937 0.15625 0.0625 0.03515625 0.1835937 0.03515625 0.0625 0.15625 0.0625 0.03515625 0.1835937 0.15625 0.1835937 0.15625 0.0625 0.03515625 0.1835937 0.03515625 0.0625 0.15625 0.0625 0.03515625 0.1835937 0.15625 0.1835937 0.15625 0.0625 0.03515625 0.1835937 0.03515625 0.0625 0.15625 0.0625 0.03515625 0.1835937 0.15625 0.1835937 0.15625 0.0625 0.03515625 0.1835937 0.03515625 0.0625 0.15625 0.0625 0.03515625 0.1835937 0.15625 0.1835937 0.15625 0.0625 0.03515625 0.1835937 0.03515625 0.1835937 0.15625 0.0625 0.15625 0.1835937 0.03515625 0.1835937 0.03515625 0.0625 0.15625 0.0625 0.03515625 0.1835937 0.15625 0.0625 0.15625 0.1835937 0.03515625 0.1835937 0.03515625 0.0625 0.15625 0.0625 0.03515625 0.1835937 0.15625 0.0625 0.15625 0.1835937 0.03515625 0.1835937 0.03515625 0.0625 0.15625 0.0625 0.03515625 0.1835937 0.15625 0.0625 0.15625 0.1835937 0.03515625 0.1835937 0.03515625 0.0625 0.15625 0.0625 0.03515625 0.1835937 0.15625 0.0625 0.15625 0.1835937 0.03515625 0.1835937 0.03515625 0.0625 0.15625 0.0625 0.03515625 0.0625 0.03515625 0.1835937 0.03515625 0.0625 0.15625 0.0625 0.15625 0.1835937 0.03515625 0.1835937 0.15625 0.1835937 0.15625 0.0625 0.15625 0.1835937 0.03515625 0.1835937 0.03515625 0.0625 0.15625 0.0625 0.03515625 0.0625 0.15625 0.0625 0.03515625 0.1835937 0.15625 0.1835937 0.15625 0.0625 0.03515625 0.1835937 0.03515625 0.0625 0.03515625 0.1835937 0.03515625 0.0625 0.15625 0.0625 0.15625 0.1835937 0.03515625 0.1835937 0.15625 0.0625 0.15625 0.0625 0.03515625 0.1835937 0.15625 0.1835937 0.15625 0.0625 0.03515625 0.1835937 0.03515625 0.1835937 0.03515625 0.1835937 0.15625 0.0625 0.03515625 0.0625 0.03515625 0.1835937 0.15625 0.0625 0.15625 0.0625 0.03515625 0.1835937 0.03515625 0.0625 0.15625 0.0625 0.15625 0.1835937 0.03515625 0.1835937 0.15625 0.0625 0.15625 0.0625 0.03515625 0.1835937 0.15625 0.1835937 0.15625 0.0625 0.03515625 0.1835937 0.03515625 0.1835937 0.15625 0.0625 0.15625 0.1835937 0.03515625 0.1835937 0.03515625 0.0625 0.15625 0.0625 0.03515625 0.1835937 0.15625 0.0625 0.15625 0.1835937 0.03515625 0.1835937 0.03515625 0.0625 0.15625 0.0625 0.03515625 0.1835937 0.15625 0.0625 0.15625 0.1835937 0.03515625 0.1835937 0.03515625 0.0625 0.15625 0.0625 0.03515625 0.1835937 0.15625 0.0625 0.15625 0.1835937 0.03515625 0.1835937 0.03515625 0.0625 0.15625 0.0625 0.03515625 0.1835937 0.15625 0.0625 0.15625 0.1835937 0.03515625 0.1835937 0.03515625 0.0625 0.15625 0.0625 0.03515625 0.0625 0.03515625 0.1835937 0.03515625 0.0625 0.15625 0.0625 0.15625 0.1835937 0.03515625 0.1835937 0.15625 0.0625 0.15625 0.0625 0.03515625 0.1835937 0.15625 0.1835937 0.15625 0.0625 0.03515625 0.1835937 0.03515625 0.0625 0.15625 0.0625 0.03515625 0.1835937 0.15625 0.1835937 0.15625 0.0625 0.03515625 0.1835937 0.03515625 0.0625 0.15625 0.0625 0.03515625 0.1835937 0.15625 0.1835937 0.15625 0.0625 0.03515625 0.1835937 0.03515625 0.1835937 0.15625 0.0625 0.15625 0.1835937 0.03515625 0.1835937 0.03515625 0.0625 0.15625 0.0625 0.03515625 0.0625 0.15625 0.0625 0.03515625 0.1835937 0.15625 0.1835937 0.15625 0.0625 0.03515625 0.1835937 0.03515625 0.0625 0.03515625 0.1835937 0.03515625 0.0625 0.15625 0.0625 0.15625 0.1835937 0.03515625 0.1835937 0.15625 0.0625 0.03515625 0.1835937 0.03515625 0.0625 0.15625 0.0625 0.15625 0.1835937 0.03515625 0.1835937 0.15625 0.1835937 0.15625 0.0625 0.15625 0.1835937 0.03515625 0.1835937 0.03515625 0.0625 0.15625 0.0625 0.03515625 0.0625 0.03515625 0.1835937 0.03515625 0.0625 0.15625 0.0625 0.15625 0.1835937 0.03515625 0.1835937 0.15625 0.0625 0.03515625 0.1835937 0.03515625 0.0625 0.15625 0.0625 0.15625 0.1835937 0.03515625 0.1835937 0.15625 0.0625 0.03515625 0.1835937 0.03515625 0.0625 0.15625 0.0625 0.15625 0.1835937 0.03515625 0.1835937 0.15625 0.0625 0.03515625 0.1835937 0.03515625 0.0625 0.15625 0.0625 0.15625 0.1835937 0.03515625 0.1835937 0.15625 0.0625 0.03515625 0.1835937 0.03515625 0.0625 0.15625 0.0625 0.15625 0.1835937 0.03515625 0.1835937 0.15625 0.0625 0.03515625 0.1835937 0.03515625 0.0625 0.15625 0.0625 0.15625 0.1835937 0.03515625 0.1835937 0.15625 0.1835937 0.03515625 0.1835937 0.15625 0.0625 0.03515625 0.0625 0.03515625 0.1835937 0.15625 0.0625 0.15625 0.0625 0.15625 0.0625 0.03515625 0.1835937 0.15625 0.1835937 0.15625 0.0625 0.03515625 0.1835937 0.03515625 0.1835937 0.15625 0.0625 0.15625 0.1835937 0.03515625 0.1835937 0.03515625 0.0625 0.15625 0.0625 0.03515625 0.0625 0.15625 0.0625 0.03515625 0.1835937 0.15625 0.1835937 0.15625 0.0625 0.03515625 0.1835937 0.03515625 0.0625 0.15625 0.0625 0.03515625 0.1835937 0.15625 0.1835937 0.15625 0.0625 0.03515625 0.1835937 0.03515625 0.0625 0.15625 0.0625 0.03515625 0.1835937 0.15625 0.1835937 0.15625 0.0625 0.03515625 0.1835937 0.03515625 0.0625 0.15625 0.0625 0.03515625 0.1835937 0.15625 0.1835937 0.15625 0.0625 0.03515625 0.1835937 0.03515625 0.0625 0.03515625 0.1835937 0.03515625 0.0625 0.15625 0.0625 0.15625 0.1835937 0.03515625 0.1835937 0.15625 0.0625 0.03515625 0.1835937 0.03515625 0.0625 0.15625 0.0625 0.15625 0.1835937 0.03515625 0.1835937 0.15625 0.0625 0.03515625 0.1835937 0.03515625 0.0625 0.15625 0.0625 0.15625 0.1835937 0.03515625 0.1835937 0.15625 0.1835937 0.03515625 0.1835937 0.15625 0.0625 0.03515625 0.0625 0.03515625 0.1835937 0.15625 0.0625 0.15625 0.0625 0.03515625 0.1835937 0.03515625 0.0625 0.15625 0.0625 0.15625 0.1835937 0.03515625 0.1835937 0.15625 0.1835937 0.15625 0.0625 0.15625 0.1835937 0.03515625 0.1835937 0.03515625 0.0625 0.15625 0.0625 0.03515625 0.1835937 0.15625 0.0625 0.15625 0.1835937 0.03515625 0.1835937 0.03515625 0.0625 0.15625 0.0625 0.03515625 0.1835937 0.15625 0.0625 0.15625 0.1835937 0.03515625 0.1835937 0.03515625 0.0625 0.15625 0.0625 0.03515625 0.0625 0.03515625 0.1835937 0.03515625 0.0625 0.15625 0.0625 0.15625 0.1835937 0.03515625 0.1835937 0.15625 0.0625 0.15625 0.0625 0.03515625 0.1835937 0.15625 0.1835937 0.15625 0.0625 0.03515625 0.1835937 0.03515625 0.0625 0.03515625 0.1835937 0.03515625 0.0625 0.15625 0.0625 0.15625 0.1835937 0.03515625 0.1835937 0.15625 0.4921875 0.4033814 0.4972534 0.1348266 0.4921875 0.4033814 0.4921875 0.4033814 0.4972534 0.1348266 0.5429688 0.1366577 0.6268921 0.144104 0.6015625 0.4104004 0.5429688 0.1366577 0.5429688 0.1366577 0.6015625 0.4104004 0.4921875 0.4033814 0.6015625 0.4104004 0.6268921 0.144104 0.6015625 0.4104004 0.6015625 0.4104004 0.6268921 0.144104 0.7109375 0.1612548 0.1835937 0.15625 0.0625 0.15625 0.1835937 0.03515625 0.1835937 0.03515625 0.0625 0.15625 0.0625 0.03515625 0.1835937 0.03515625 0.1835937 0.15625 0.0625 0.03515625 0.0625 0.03515625 0.1835937 0.15625 0.0625 0.15625 0.1835937 0.03515625 0.1835937 0.15625 0.0625 0.03515625 0.0625 0.03515625 0.1835937 0.15625 0.0625 0.15625 0.1835937 0.03515625 0.1835937 0.15625 0.0625 0.03515625 0.0625 0.03515625 0.1835937 0.15625 0.0625 0.15625 0.1835937 0.03515625 0.1835937 0.15625 0.0625 0.03515625 0.0625 0.03515625 0.1835937 0.15625 0.0625 0.15625 0.1835937 0.03515625 0.1835937 0.15625 0.0625 0.03515625 0.0625 0.03515625 0.1835937 0.15625 0.0625 0.15625 0.1835937 0.03515625 0.1835937 0.15625 0.0625 0.03515625 0.0625 0.03515625 0.1835937 0.15625 0.0625 0.15625 0.0625 0.15625 0.0625 0.03515625 0.1835937 0.15625 0.1835937 0.15625 0.0625 0.03515625 0.1835937 0.03515625 0.1835937 0.15625 0.0625 0.15625 0.1835937 0.03515625 0.1835937 0.03515625 0.0625 0.15625 0.0625 0.03515625 0.1835937 0.15625 0.0625 0.15625 0.1835937 0.03515625 0.1835937 0.03515625 0.0625 0.15625 0.0625 0.03515625 0.1835937 0.15625 0.0625 0.15625 0.1835937 0.03515625 0.1835937 0.03515625 0.0625 0.15625 0.0625 0.03515625 0.0625 0.03515625 0.1835937 0.03515625 0.0625 0.15625 0.0625 0.15625 0.1835937 0.03515625 0.1835937 0.15625 0.0625 0.03515625 0.1835937 0.03515625 0.0625 0.15625 0.0625 0.15625 0.1835937 0.03515625 0.1835937 0.15625 0.0625 0.03515625 0.1835937 0.03515625 0.0625 0.15625 0.0625 0.15625 0.1835937 0.03515625 0.1835937 0.15625 0.1835937 0.03515625 0.1835937 0.15625 0.0625 0.03515625 0.0625 0.03515625 0.1835937 0.15625 0.0625 0.15625 0.0625 0.15625 0.0625 0.03515625 0.1835937 0.15625 0.1835937 0.15625 0.0625 0.03515625 0.1835937 0.03515625 0.0625 0.15625 0.0625 0.03515625 0.1835937 0.15625 0.1835937 0.15625 0.0625 0.03515625 0.1835937 0.03515625 0.1835937 0.15625 0.0625 0.15625 0.1835937 0.03515625 0.1835937 0.03515625 0.0625 0.15625 0.0625 0.03515625 0.0625 0.15625 0.0625 0.03515625 0.1835937 0.15625 0.1835937 0.15625 0.0625 0.03515625 0.1835937 0.03515625 0.1835937 0.15625 0.0625 0.15625 0.1835937 0.03515625 0.1835937 0.03515625 0.0625 0.15625 0.0625 0.03515625 0.0625 0.15625 0.0625 0.03515625 0.1835937 0.15625 0.1835937 0.15625 0.0625 0.03515625 0.1835937 0.03515625 0.0625 0.03515625 0.1835937 0.03515625 0.0625 0.15625 0.0625 0.15625 0.1835937 0.03515625 0.1835937 0.15625 0.0625 0.03515625 0.1835937 0.03515625 0.0625 0.15625 0.0625 0.15625 0.1835937 0.03515625 0.1835937 0.15625 0.0625 0.15625 0.0625 0.03515625 0.1835937 0.15625 0.1835937 0.15625 0.0625 0.03515625 0.1835937 0.03515625 0.0625 0.15625 0.0625 0.03515625 0.1835937 0.15625 0.1835937 0.15625 0.0625 0.03515625 0.1835937 0.03515625 0.1835937 0.03515625 0.1835937 0.15625 0.0625 0.03515625 0.0625 0.03515625 0.1835937 0.15625 0.0625 0.15625 0.0625 0.15625 0.0625 0.03515625 0.1835937 0.15625 0.1835937 0.15625 0.0625 0.03515625 0.1835937 0.03515625 0.0625 0.15625 0.0625 0.03515625 0.1835937 0.15625 0.1835937 0.15625 0.0625 0.03515625 0.1835937 0.03515625 0.0625 0.03515625 0.1835937 0.03515625 0.0625 0.15625 0.0625 0.15625 0.1835937 0.03515625 0.1835937 0.15625 0.0625 0.03515625 0.1835937 0.03515625 0.0625 0.15625 0.0625 0.15625 0.1835937 0.03515625 0.1835937 0.15625 0.1835937 0.15625 0.0625 0.15625 0.1835937 0.03515625 0.1835937 0.03515625 0.0625 0.15625 0.0625 0.03515625 0.1835937 0.15625 0.0625 0.15625 0.1835937 0.03515625 0.1835937 0.03515625 0.0625 0.15625 0.0625 0.03515625 0.1835937 0.15625 0.0625 0.15625 0.1835937 0.03515625 0.1835937 0.03515625 0.0625 0.15625 0.0625 0.03515625 0.1835937 0.15625 0.0625 0.15625 0.1835937 0.03515625 0.1835937 0.03515625 0.0625 0.15625 0.0625 0.03515625 0.1835937 0.15625 0.0625 0.15625 0.1835937 0.03515625 0.1835937 0.03515625 0.0625 0.15625 0.0625 0.03515625 0.1835937 0.15625 0.0625 0.15625 0.1835937 0.03515625 0.1835937 0.03515625 0.0625 0.15625 0.0625 0.03515625 0.0625 0.15625 0.0625 0.03515625 0.1835937 0.15625 0.1835937 0.15625 0.0625 0.03515625 0.1835937 0.03515625 0.0625 0.15625 0.0625 0.03515625 0.1835937 0.15625 0.1835937 0.15625 0.0625 0.03515625 0.1835937 0.03515625 0.0625 0.15625 0.0625 0.03515625 0.1835937 0.15625 0.1835937 0.15625 0.0625 0.03515625 0.1835937 0.03515625 0.0625 0.15625 0.0625 0.03515625 0.1835937 0.15625 0.1835937 0.15625 0.0625 0.03515625 0.1835937 0.03515625 0.0625 0.15625 0.0625 0.03515625 0.1835937 0.15625 0.1835937 0.15625 0.0625 0.03515625 0.1835937 0.03515625 0.1835937 0.03515625 0.1835937 0.15625 0.0625 0.03515625 0.0625 0.03515625 0.1835937 0.15625 0.0625 0.15625 0.0625 0.15625 0.0625 0.03515625 0.1835937 0.15625 0.1835937 0.15625 0.0625 0.03515625 0.1835937 0.03515625 0.1835937 0.15625 0.0625 0.15625 0.1835937 0.03515625 0.1835937 0.03515625 0.0625 0.15625 0.0625 0.03515625 0.1835937 0.03515625 0.1835937 0.15625 0.0625 0.03515625 0.0625 0.03515625 0.1835937 0.15625 0.0625 0.15625 0.1835937 0.15625 0.0625 0.15625 0.1835937 0.03515625 0.1835937 0.03515625 0.0625 0.15625 0.0625 0.03515625 0.0625 0.03515625 0.1835937 0.03515625 0.0625 0.15625 0.0625 0.15625 0.1835937 0.03515625 0.1835937 0.15625 0.1835937 0.03515625 0.1835937 0.15625 0.0625 0.03515625 0.0625 0.03515625 0.1835937 0.15625 0.0625 0.15625 0.1835937 0.15625 0.0625 0.15625 0.1835937 0.03515625 0.1835937 0.03515625 0.0625 0.15625 0.0625 0.03515625 0.0625 0.15625 0.0625 0.03515625 0.1835937 0.15625 0.1835937 0.15625 0.0625 0.03515625 0.1835937 0.03515625 0.0625 0.15625 0.0625 0.03515625 0.1835937 0.15625 0.1835937 0.15625 0.0625 0.03515625 0.1835937 0.03515625 0.0625 0.15625 0.0625 0.03515625 0.1835937 0.15625 0.1835937 0.15625 0.0625 0.03515625 0.1835937 0.03515625 0.0625 0.15625 0.0625 0.03515625 0.1835937 0.15625 0.1835937 0.15625 0.0625 0.03515625 0.1835937 0.03515625 0.0625 0.15625 0.0625 0.03515625 0.1835937 0.15625 0.1835937 0.15625 0.0625 0.03515625 0.1835937 0.03515625 0.1835937 0.03515625 0.1835937 0.15625 0.0625 0.03515625 0.0625 0.03515625 0.1835937 0.15625 0.0625 0.15625 0.1835937 0.15625 0.0625 0.15625 0.1835937 0.03515625 0.1835937 0.03515625 0.0625 0.15625 0.0625 0.03515625 0.1835937 0.15625 0.0625 0.15625 0.1835937 0.03515625 0.1835937 0.03515625 0.0625 0.15625 0.0625 0.03515625 0.1835937 0.15625 0.0625 0.15625 0.1835937 0.03515625 0.1835937 0.03515625 0.0625 0.15625 0.0625 0.03515625 0.0625 0.15625 0.0625 0.03515625 0.1835937 0.15625 0.1835937 0.15625 0.0625 0.03515625 0.1835937 0.03515625 0.1835937 0.15625 0.0625 0.15625 0.1835937 0.03515625 0.1835937 0.03515625 0.0625 0.15625 0.0625 0.03515625 0.1835937 0.15625 0.0625 0.15625 0.1835937 0.03515625 0.1835937 0.03515625 0.0625 0.15625 0.0625 0.03515625 0.1835937 0.15625 0.0625 0.15625 0.1835937 0.03515625 0.1835937 0.03515625 0.0625 0.15625 0.0625 0.03515625 0.1835937 0.15625 0.0625 0.15625 0.1835937 0.03515625 0.1835937 0.03515625 0.0625 0.15625 0.0625 0.03515625 0.1835937 0.15625 0.0625 0.15625 0.1835937 0.03515625 0.1835937 0.03515625 0.0625 0.15625 0.0625 0.03515625 0.0625 0.03515625 0.1835937 0.03515625 0.0625 0.15625 0.0625 0.15625 0.1835937 0.03515625 0.1835937 0.15625 0.1835937 0.03515625 0.1835937 0.15625 0.0625 0.03515625 0.0625 0.03515625 0.1835937 0.15625 0.0625 0.15625 0.1835937 0.15625 0.0625 0.15625 0.1835937 0.03515625 0.1835937 0.03515625 0.0625 0.15625 0.0625 0.03515625 0.0625 0.15625 0.0625 0.03515625 0.1835937 0.15625 0.1835937 0.15625 0.0625 0.03515625 0.1835937 0.03515625 0.0625 0.15625 0.0625 0.03515625 0.1835937 0.15625 0.1835937 0.15625 0.0625 0.03515625 0.1835937 0.03515625 0.0625 0.15625 0.0625 0.03515625 0.1835937 0.15625 0.1835937 0.15625 0.0625 0.03515625 0.1835937 0.03515625 0.0625 0.15625 0.0625 0.03515625 0.1835937 0.15625 0.1835937 0.15625 0.0625 0.03515625 0.1835937 0.03515625 0.1835937 0.03515625 0.1835937 0.15625 0.0625 0.03515625 0.0625 0.03515625 0.1835937 0.15625 0.0625 0.15625 0.0625 0.03515625 0.1835937 0.03515625 0.0625 0.15625 0.0625 0.15625 0.1835937 0.03515625 0.1835937 0.15625 0.0625 0.15625 0.0625 0.03515625 0.1835937 0.15625 0.1835937 0.15625 0.0625 0.03515625 0.1835937 0.03515625 0.1835937 0.15625 0.0625 0.15625 0.1835937 0.03515625 0.1835937 0.03515625 0.0625 0.15625 0.0625 0.03515625 0.0625 0.15625 0.0625 0.03515625 0.1835937 0.15625 0.1835937 0.15625 0.0625 0.03515625 0.1835937 0.03515625 0.1835937 0.15625 0.0625 0.15625 0.1835937 0.03515625 0.1835937 0.03515625 0.0625 0.15625 0.0625 0.03515625 0.1835937 0.15625 0.0625 0.15625 0.1835937 0.03515625 0.1835937 0.03515625 0.0625 0.15625 0.0625 0.03515625 0.0625 0.15625 0.0625 0.03515625 0.1835937 0.15625 0.1835937 0.15625 0.0625 0.03515625 0.1835937 0.03515625 0.0625 0.15625 0.0625 0.03515625 0.1835937 0.15625 0.1835937 0.15625 0.0625 0.03515625 0.1835937 0.03515625 0.0625 0.15625 0.0625 0.03515625 0.1835937 0.15625 0.1835937 0.15625 0.0625 0.03515625 0.1835937 0.03515625 0.1835937 0.03515625 0.1835937 0.15625 0.0625 0.03515625 0.0625 0.03515625 0.1835937 0.15625 0.0625 0.15625 0.1835937 0.03515625 0.1835937 0.15625 0.0625 0.03515625 0.0625 0.03515625 0.1835937 0.15625 0.0625 0.15625 0.1835937 0.15625 0.0625 0.15625 0.1835937 0.03515625 0.1835937 0.03515625 0.0625 0.15625 0.0625 0.03515625 0.1835937 0.15625 0.0625 0.15625 0.1835937 0.03515625 0.1835937 0.03515625 0.0625 0.15625 0.0625 0.03515625 0.0625 0.03515625 0.1835937 0.03515625 0.0625 0.15625 0.0625 0.15625 0.1835937 0.03515625 0.1835937 0.15625 0.0625 0.03515625 0.1835937 0.03515625 0.0625 0.15625 0.0625 0.15625 0.1835937 0.03515625 0.1835937 0.15625 0.0625 0.15625 0.0625 0.03515625 0.1835937 0.15625 0.1835937 0.15625 0.0625 0.03515625 0.1835937 0.03515625 0.0625 0.15625 0.0625 0.03515625 0.1835937 0.15625 0.1835937 0.15625 0.0625 0.03515625 0.1835937 0.03515625 0.1835937 0.15625 0.0625 0.15625 0.1835937 0.03515625 0.1835937 0.03515625 0.0625 0.15625 0.0625 0.03515625 0.1835937 0.15625 0.0625 0.15625 0.1835937 0.03515625 0.1835937 0.03515625 0.0625 0.15625 0.0625 0.03515625 0.0625 0.15625 0.0625 0.03515625 0.1835937 0.15625 0.1835937 0.15625 0.0625 0.03515625 0.1835937 0.03515625 0.0625 0.15625 0.0625 0.03515625 0.1835937 0.15625 0.1835937 0.15625 0.0625 0.03515625 0.1835937 0.03515625 0.1835937 0.03515625 0.1835937 0.15625 0.0625 0.03515625 0.0625 0.03515625 0.1835937 0.15625 0.0625 0.15625 0.1835937 0.15625 0.0625 0.15625 0.1835937 0.03515625 0.1835937 0.03515625 0.0625 0.15625 0.0625 0.03515625 0.1835937 0.03515625 0.1835937 0.15625 0.0625 0.03515625 0.0625 0.03515625 0.1835937 0.15625 0.0625 0.15625 0.1835937 0.15625 0.0625 0.15625 0.1835937 0.03515625 0.1835937 0.03515625 0.0625 0.15625 0.0625 0.03515625 0.0625 0.03515625 0.1835937 0.03515625 0.0625 0.15625 0.0625 0.15625 0.1835937 0.03515625 0.1835937 0.15625 0.0625 0.03515625 0.1835937 0.03515625 0.0625 0.15625 0.0625 0.15625 0.1835937 0.03515625 0.1835937 0.15625 0.0625 0.03515625 0.1835937 0.03515625 0.0625 0.15625 0.0625 0.15625 0.1835937 0.03515625 0.1835937 0.15625 0.1835937 0.03515625 0.1835937 0.15625 0.0625 0.03515625 0.0625 0.03515625 0.1835937 0.15625 0.0625 0.15625 0.1835937 0.03515625 0.1835937 0.15625 0.0625 0.03515625 0.0625 0.03515625 0.1835937 0.15625 0.0625 0.15625 0.1835937 0.03515625 0.1835937 0.15625 0.0625 0.03515625 0.0625 0.03515625 0.1835937 0.15625 0.0625 0.15625 0.0625 0.15625 0.0625 0.03515625 0.1835937 0.15625 0.1835937 0.15625 0.0625 0.03515625 0.1835937 0.03515625 0.0625 0.15625 0.0625 0.03515625 0.1835937 0.15625 0.1835937 0.15625 0.0625 0.03515625 0.1835937 0.03515625 0.0625 0.15625 0.0625 0.03515625 0.1835937 0.15625 0.1835937 0.15625 0.0625 0.03515625 0.1835937 0.03515625 0.0625 0.03515625 0.1835937 0.03515625 0.0625 0.15625 0.0625 0.15625 0.1835937 0.03515625 0.1835937 0.15625 0.0625 0.03515625 0.1835937 0.03515625 0.0625 0.15625 0.0625 0.15625 0.1835937 0.03515625 0.1835937 0.15625 0.0625 0.03515625 0.1835937 0.03515625 0.0625 0.15625 0.0625 0.15625 0.1835937 0.03515625 0.1835937 0.15625 0.1835937 0.15625 0.0625 0.15625 0.1835937 0.03515625 0.1835937 0.03515625 0.0625 0.15625 0.0625 0.03515625 0.1835937 0.15625 0.0625 0.15625 0.1835937 0.03515625 0.1835937 0.03515625 0.0625 0.15625 0.0625 0.03515625 0.1835937 0.15625 0.0625 0.15625 0.1835937 0.03515625 0.1835937 0.03515625 0.0625 0.15625 0.0625 0.03515625 0.1835937 0.03515625 0.1835937 0.15625 0.0625 0.03515625 0.0625 0.03515625 0.1835937 0.15625 0.0625 0.15625 0.0625 0.03515625 0.1835937 0.03515625 0.0625 0.15625 0.0625 0.15625 0.1835937 0.03515625 0.1835937 0.15625 0.0625 0.03515625 0.1835937 0.03515625 0.0625 0.15625 0.0625 0.15625 0.1835937 0.03515625 0.1835937 0.15625 0.0625 0.03515625 0.1835937 0.03515625 0.0625 0.15625 0.0625 0.15625 0.1835937 0.03515625 0.1835937 0.15625 0.1835937 0.03515625 0.1835937 0.15625 0.0625 0.03515625 0.0625 0.03515625 0.1835937 0.15625 0.0625 0.15625 0.1835937 0.15625 0.0625 0.15625 0.1835937 0.03515625 0.1835937 0.03515625 0.0625 0.15625 0.0625 0.03515625 0.1835937 0.15625 0.0625 0.15625 0.1835937 0.03515625 0.1835937 0.03515625 0.0625 0.15625 0.0625 0.03515625 0.1835937 0.15625 0.0625 0.15625 0.1835937 0.03515625 0.1835937 0.03515625 0.0625 0.15625 0.0625 0.03515625 0.0625 0.03515625 0.1835937 0.03515625 0.0625 0.15625 0.0625 0.15625 0.1835937 0.03515625 0.1835937 0.15625 0.1835937 0.03515625 0.1835937 0.15625 0.0625 0.03515625 0.0625 0.03515625 0.1835937 0.15625 0.0625 0.15625 0.1835937 0.03515625 0.1835937 0.15625 0.0625 0.03515625 0.0625 0.03515625 0.1835937 0.15625 0.0625 0.15625 0.1835937 0.03515625 0.1835937 0.15625 0.0625 0.03515625 0.0625 0.03515625 0.1835937 0.15625 0.0625 0.15625 0.0625 0.03515625 0.1835937 0.03515625 0.0625 0.15625 0.0625 0.15625 0.1835937 0.03515625 0.1835937 0.15625 0.0625 0.15625 0.0625 0.03515625 0.1835937 0.15625 0.1835937 0.15625 0.0625 0.03515625 0.1835937 0.03515625 0.0625 0.15625 0.0625 0.03515625 0.1835937 0.15625 0.1835937 0.15625 0.0625 0.03515625 0.1835937 0.03515625 0.0625 0.15625 0.0625 0.03515625 0.1835937 0.15625 0.1835937 0.15625 0.0625 0.03515625 0.1835937 0.03515625 0.1835937 0.03515625 0.1835937 0.15625 0.0625 0.03515625 0.0625 0.03515625 0.1835937 0.15625 0.0625 0.15625 0.0625 0.03515625 0.1835937 0.03515625 0.0625 0.15625 0.0625 0.15625 0.1835937 0.03515625 0.1835937 0.15625 0.0625 0.03515625 0.1835937 0.03515625 0.0625 0.15625 0.0625 0.15625 0.1835937 0.03515625 0.1835937 0.15625 0.0625 0.03515625 0.1835937 0.03515625 0.0625 0.15625 0.0625 0.15625 0.1835937 0.03515625 0.1835937 0.15625 0.1835937 0.15625 0.0625 0.15625 0.1835937 0.03515625 0.1835937 0.03515625 0.0625 0.15625 0.0625 0.03515625 0.1835937 0.15625 0.0625 0.15625 0.1835937 0.03515625 0.1835937 0.03515625 0.0625 0.15625 0.0625 0.03515625 0.1835937 0.15625 0.0625 0.15625 0.1835937 0.03515625 0.1835937 0.03515625 0.0625 0.15625 0.0625 0.03515625 0.1835937 0.15625 0.0625 0.15625 0.1835937 0.03515625 0.1835937 0.03515625 0.0625 0.15625 0.0625 0.03515625 0.1835937 0.03515625 0.1835937 0.15625 0.0625 0.03515625 0.0625 0.03515625 0.1835937 0.15625 0.0625 0.15625 0.1835937 0.03515625 0.1835937 0.15625 0.0625 0.03515625 0.0625 0.03515625 0.1835937 0.15625 0.0625 0.15625 0.1835937 0.03515625 0.1835937 0.15625 0.0625 0.03515625 0.0625 0.03515625 0.1835937 0.15625 0.0625 0.15625 0.1835937 0.03515625 0.1835937 0.15625 0.0625 0.03515625 0.0625 0.03515625 0.1835937 0.15625 0.0625 0.15625 0.0625 0.15625 0.0625 0.03515625 0.1835937 0.15625 0.1835937 0.15625 0.0625 0.03515625 0.1835937 0.03515625 0.0625 0.15625 0.0625 0.03515625 0.1835937 0.15625 0.1835937 0.15625 0.0625 0.03515625 0.1835937 0.03515625 0.0625 0.15625 0.0625 0.03515625 0.1835937 0.15625 0.1835937 0.15625 0.0625 0.03515625 0.1835937 0.03515625 0.0625 0.15625 0.0625 0.03515625 0.1835937 0.15625 0.1835937 0.15625 0.0625 0.03515625 0.1835937 0.03515625 0.1835937 0.03515625 0.1835937 0.15625 0.0625 0.03515625 0.0625 0.03515625 0.1835937 0.15625 0.0625 0.15625 0.1835937 0.03515625 0.1835937 0.15625 0.0625 0.03515625 0.0625 0.03515625 0.1835937 0.15625 0.0625 0.15625 0.0625 0.03515625 0.1835937 0.03515625 0.0625 0.15625 0.0625 0.15625 0.1835937 0.03515625 0.1835937 0.15625 0.0625 0.03515625 0.1835937 0.03515625 0.0625 0.15625 0.0625 0.15625 0.1835937 0.03515625 0.1835937 0.15625 0.0625 0.15625 0.0625 0.03515625 0.1835937 0.15625 0.1835937 0.15625 0.0625 0.03515625 0.1835937 0.03515625 0.0625 0.15625 0.0625 0.03515625 0.1835937 0.15625 0.1835937 0.15625 0.0625 0.03515625 0.1835937 0.03515625 0.1835937 0.15625 0.0625 0.15625 0.1835937 0.03515625 0.1835937 0.03515625 0.0625 0.15625 0.0625 0.03515625 0.1835937 0.15625 0.0625 0.15625 0.1835937 0.03515625 0.1835937 0.03515625 0.0625 0.15625 0.0625 0.03515625 0.0625 0.03515625 0.1835937 0.03515625 0.0625 0.15625 0.0625 0.15625 0.1835937 0.03515625 0.1835937 0.15625 0.0625 0.03515625 0.1835937 0.03515625 0.0625 0.15625 0.0625 0.15625 0.1835937 0.03515625 0.1835937 0.15625 0.1835937 0.03515625 0.1835937 0.15625 0.0625 0.03515625 0.0625 0.03515625 0.1835937 0.15625 0.0625 0.15625 0.1835937 0.03515625 0.1835937 0.15625 0.0625 0.03515625 0.0625 0.03515625 0.1835937 0.15625 0.0625 0.15625 0.1835937 0.15625 0.0625 0.15625 0.1835937 0.03515625 0.1835937 0.03515625 0.0625 0.15625 0.0625 0.03515625 0.1835937 0.15625 0.0625 0.15625 0.1835937 0.03515625 0.1835937 0.03515625 0.0625 0.15625 0.0625 0.03515625 0.0625 0.15625 0.0625 0.03515625 0.1835937 0.15625 0.1835937 0.15625 0.0625 0.03515625 0.1835937 0.03515625 0.0625 0.15625 0.0625 0.03515625 0.1835937 0.15625 0.1835937 0.15625 0.0625 0.03515625 0.1835937 0.03515625 0.1835937 0.03515625 0.1835937 0.15625 0.0625 0.03515625 0.0625 0.03515625 0.1835937 0.15625 0.0625 0.15625 0.0625 0.15625 0.0625 0.03515625 0.1835937 0.15625 0.1835937 0.15625 0.0625 0.03515625 0.1835937 0.03515625 0.0625 0.03515625 0.1835937 0.03515625 0.0625 0.15625 0.0625 0.15625 0.1835937 0.03515625 0.1835937 0.15625 0.1835937 0.15625 0.0625 0.15625 0.1835937 0.03515625 0.1835937 0.03515625 0.0625 0.15625 0.0625 0.03515625 0.1835937 0.03515625 0.1835937 0.15625 0.0625 0.03515625 0.0625 0.03515625 0.1835937 0.15625 0.0625 0.15625 0.1835937 0.03515625 0.1835937 0.15625 0.0625 0.03515625 0.0625 0.03515625 0.1835937 0.15625 0.0625 0.15625 0.0625 0.15625 0.0625 0.03515625 0.1835937 0.15625 0.1835937 0.15625 0.0625 0.03515625 0.1835937 0.03515625 0.0625 0.15625 0.0625 0.03515625 0.1835937 0.15625 0.1835937 0.15625 0.0625 0.03515625 0.1835937 0.03515625 0.0625 0.03515625 0.1835937 0.03515625 0.0625 0.15625 0.0625 0.15625 0.1835937 0.03515625 0.1835937 0.15625 0.0625 0.03515625 0.1835937 0.03515625 0.0625 0.15625 0.0625 0.15625 0.1835937 0.03515625 0.1835937 0.15625 0.1835937 0.15625 0.0625 0.15625 0.1835937 0.03515625 0.1835937 0.03515625 0.0625 0.15625 0.0625 0.03515625 0.1835937 0.15625 0.0625 0.15625 0.1835937 0.03515625 0.1835937 0.03515625 0.0625 0.15625 0.0625 0.03515625 0.1835937 0.15625 0.0625 0.15625 0.1835937 0.03515625 0.1835937 0.03515625 0.0625 0.15625 0.0625 0.03515625 0.0625 0.03515625 0.1835937 0.03515625 0.0625 0.15625 0.0625 0.15625 0.1835937 0.03515625 0.1835937 0.15625 0.0625 0.03515625 0.1835937 0.03515625 0.0625 0.15625 0.0625 0.15625 0.1835937 0.03515625 0.1835937 0.15625 0.0625 0.03515625 0.1835937 0.03515625 0.0625 0.15625 0.0625 0.15625 0.1835937 0.03515625 0.1835937 0.15625 0.0625 0.15625 0.0625 0.03515625 0.1835937 0.15625 0.1835937 0.15625 0.0625 0.03515625 0.1835937 0.03515625 0.1835937 0.03515625 0.1835937 0.15625 0.0625 0.03515625 0.0625 0.03515625 0.1835937 0.15625 0.0625 0.15625 0.1835937 0.03515625 0.1835937 0.15625 0.0625 0.03515625 0.0625 0.03515625 0.1835937 0.15625 0.0625 0.15625 0.1835937 0.03515625 0.1835937 0.15625 0.0625 0.03515625 0.0625 0.03515625 0.1835937 0.15625 0.0625 0.15625 0.0625 0.03515625 0.1835937 0.03515625 0.0625 0.15625 0.0625 0.15625 0.1835937 0.03515625 0.1835937 0.15625 0.1835937 0.03515625 0.1835937 0.15625 0.0625 0.03515625 0.0625 0.03515625 0.1835937 0.15625 0.0625 0.15625 0.1835937 0.03515625 0.1835937 0.15625 0.0625 0.03515625 0.0625 0.03515625 0.1835937 0.15625 0.0625 0.15625 0.0625 0.03515625 0.1835937 0.03515625 0.0625 0.15625 0.0625 0.15625 0.1835937 0.03515625 0.1835937 0.15625 0.0625 0.03515625 0.1835937 0.03515625 0.0625 0.15625 0.0625 0.15625 0.1835937 0.03515625 0.1835937 0.15625 0.1835937 0.15625 0.0625 0.15625 0.1835937 0.03515625 0.1835937 0.03515625 0.0625 0.15625 0.0625 0.03515625 0.1835937 0.15625 0.0625 0.15625 0.1835937 0.03515625 0.1835937 0.03515625 0.0625 0.15625 0.0625 0.03515625 0.0625 0.15625 0.0625 0.03515625 0.1835937 0.15625 0.1835937 0.15625 0.0625 0.03515625 0.1835937 0.03515625 0.0625 0.15625 0.0625 0.03515625 0.1835937 0.15625 0.1835937 0.15625 0.0625 0.03515625 0.1835937 0.03515625 0.1835937 0.15625 0.0625 0.15625 0.1835937 0.03515625 0.1835937 0.03515625 0.0625 0.15625 0.0625 0.03515625 0.0625 0.03515625 0.1835937 0.03515625 0.0625 0.15625 0.0625 0.15625 0.1835937 0.03515625 0.1835937 0.15625 0.1835937 0.03515625 0.1835937 0.15625 0.0625 0.03515625 0.0625 0.03515625 0.1835937 0.15625 0.0625 0.15625 0.0625 0.03515625 0.1835937 0.03515625 0.0625 0.15625 0.0625 0.15625 0.1835937 0.03515625 0.1835937 0.15625 0.0625 0.03515625 0.1835937 0.03515625 0.0625 0.15625 0.0625 0.15625 0.1835937 0.03515625 0.1835937 0.15625 0.1835937 0.03515625 0.1835937 0.15625 0.0625 0.03515625 0.0625 0.03515625 0.1835937 0.15625 0.0625 0.15625 0.1835937 0.03515625 0.1835937 0.15625 0.0625 0.03515625 0.0625 0.03515625 0.1835937 0.15625 0.0625 0.15625 0.0625 0.15625 0.0625 0.03515625 0.1835937 0.15625 0.1835937 0.15625 0.0625 0.03515625 0.1835937 0.03515625 0.0625 0.15625 0.0625 0.03515625 0.1835937 0.15625 0.1835937 0.15625 0.0625 0.03515625 0.1835937 0.03515625 0.1835937 0.15625 0.0625 0.15625 0.1835937 0.03515625 0.1835937 0.03515625 0.0625 0.15625 0.0625 0.03515625 0.1835937 0.15625 0.0625 0.15625 0.1835937 0.03515625 0.1835937 0.03515625 0.0625 0.15625 0.0625 0.03515625 0.0625 0.15625 0.0625 0.03515625 0.1835937 0.15625 0.1835937 0.15625 0.0625 0.03515625 0.1835937 0.03515625 0.0625 0.15625 0.0625 0.03515625 0.1835937 0.15625 0.1835937 0.15625 0.0625 0.03515625 0.1835937 0.03515625 0.1835937 0.03515625 0.1835937 0.15625 0.0625 0.03515625 0.0625 0.03515625 0.1835937 0.15625 0.0625 0.15625 0.1835937 0.15625 0.0625 0.15625 0.1835937 0.03515625 0.1835937 0.03515625 0.0625 0.15625 0.0625 0.03515625 0.3372192 0.8774414 0.3799439 0.5808106 0.5027466 0.8864746 0.5027466 0.8864746 0.3799439 0.5808106 0.5027466 0.5917969 0.2608643 0.5482788 0.3799439 0.5808106 0.1246337 0.8186035 0.1246337 0.8186035 0.3799439 0.5808106 0.3372192 0.8774414 0.01812744 0.7266846 0.1491088 0.4950562 0.1246337 0.8186035 0.1246337 0.8186035 0.1491088 0.4950562 0.2608643 0.5482788 0.6661377 0.8790283 0.4978638 0.8894653 0.6253662 0.5874024 0.6253662 0.5874024 0.4978638 0.8894653 0.5005493 0.5993652 0.7466431 0.5542603 0.8825684 0.8191528 0.6253662 0.5874024 0.6253662 0.5874024 0.8825684 0.8191528 0.6661377 0.8790283 0.9915772 0.7277222 0.8825684 0.8191528 0.8605957 0.5008545 0.8605957 0.5008545 0.8825684 0.8191528 0.7466431 0.5542603 0.3394165 0.8790283 0.380127 0.5874024 0.5076294 0.8894653 0.5076294 0.8894653 0.380127 0.5874024 0.5050049 0.5993652 0.2588501 0.5542603 0.380127 0.5874024 0.1229248 0.8191528 0.1229248 0.8191528 0.380127 0.5874024 0.3394165 0.8790283 0.01391601 0.7277222 0.1448974 0.5008545 0.1229248 0.8191528 0.1229248 0.8191528 0.1448974 0.5008545 0.2588501 0.5542603 0.6682739 0.8774414 0.5027466 0.8864746 0.6255493 0.5808106 0.6255493 0.5808106 0.5027466 0.8864746 0.5027466 0.5917969 0.74469 0.5482788 0.8808594 0.8186035 0.6255493 0.5808106 0.6255493 0.5808106 0.8808594 0.8186035 0.6682739 0.8774414 0.9873657 0.7266846 0.8808594 0.8186035 0.8563843 0.4950562 0.8563843 0.4950562 0.8808594 0.8186035 0.74469 0.5482788 0.329834 0.8820801 0.3758545 0.5896607 0.4978638 0.8894653 0.4978638 0.8894653 0.3758545 0.5896607 0.5005493 0.5993652 0.255188 0.5586548 0.3758545 0.5896607 0.1143798 0.8260498 0.1143798 0.8260498 0.3758545 0.5896607 0.329834 0.8820801 0.007019042 0.7365723 0.1421508 0.5073242 0.1143798 0.8260498 0.1143798 0.8260498 0.1421508 0.5073242 0.255188 0.5586548 0.6756592 0.8820801 0.5076294 0.8894653 0.6296387 0.5896607 0.6296387 0.5896607 0.5076294 0.8894653 0.5050049 0.5993652 0.7503052 0.5586548 0.8911133 0.8260498 0.6296387 0.5896607 0.6296387 0.5896607 0.8911133 0.8260498 0.6756592 0.8820801 0.9984741 0.7365723 0.8911133 0.8260498 0.8633423 0.5073242 0.8633423 0.5073242 0.8911133 0.8260498 0.7503052 0.5586548 0.0625 0.03515625 0.1835937 0.03515625 0.0625 0.15625 0.0625 0.15625 0.1835937 0.03515625 0.1835937 0.15625 0.1835937 0.15625 0.0625 0.15625 0.1835937 0.03515625 0.1835937 0.03515625 0.0625 0.15625 0.0625 0.03515625 0.1835937 0.03515625 0.1835937 0.15625 0.0625 0.03515625 0.0625 0.03515625 0.1835937 0.15625 0.0625 0.15625 0.1835937 0.03515625 0.1835937 0.15625 0.0625 0.03515625 0.0625 0.03515625 0.1835937 0.15625 0.0625 0.15625 0.1835937 0.15625 0.0625 0.15625 0.1835937 0.03515625 0.1835937 0.03515625 0.0625 0.15625 0.0625 0.03515625 0.0625 0.15625 0.0625 0.03515625 0.1835937 0.15625 0.1835937 0.15625 0.0625 0.03515625 0.1835937 0.03515625 0.0625 0.03515625 0.1835937 0.03515625 0.0625 0.15625 0.0625 0.15625 0.1835937 0.03515625 0.1835937 0.15625 0.0625 0.03515625 0.1835937 0.03515625 0.0625 0.15625 0.0625 0.15625 0.1835937 0.03515625 0.1835937 0.15625 0.1835937 0.03515625 0.1835937 0.15625 0.0625 0.03515625 0.0625 0.03515625 0.1835937 0.15625 0.0625 0.15625 0.1835937 0.15625 0.0625 0.15625 0.1835937 0.03515625 0.1835937 0.03515625 0.0625 0.15625 0.0625 0.03515625 0.1835937 0.15625 0.0625 0.15625 0.1835937 0.03515625 0.1835937 0.03515625 0.0625 0.15625 0.0625 0.03515625 0.0625 0.03515625 0.1835937 0.03515625 0.0625 0.15625 0.0625 0.15625 0.1835937 0.03515625 0.1835937 0.15625 0.0625 0.15625 0.0625 0.03515625 0.1835937 0.15625 0.1835937 0.15625 0.0625 0.03515625 0.1835937 0.03515625 0.0625 0.15625 0.0625 0.03515625 0.1835937 0.15625 0.1835937 0.15625 0.0625 0.03515625 0.1835937 0.03515625 0.1835937 0.03515625 0.1835937 0.15625 0.0625 0.03515625 0.0625 0.03515625 0.1835937 0.15625 0.0625 0.15625 0.1835937 0.15625 0.0625 0.15625 0.1835937 0.03515625 0.1835937 0.03515625 0.0625 0.15625 0.0625 0.03515625 0.1835937 0.15625 0.0625 0.15625 0.1835937 0.03515625 0.1835937 0.03515625 0.0625 0.15625 0.0625 0.03515625 0.0625 0.15625 0.0625 0.03515625 0.1835937 0.15625 0.1835937 0.15625 0.0625 0.03515625 0.1835937 0.03515625 0.0625 0.03515625 0.1835937 0.03515625 0.0625 0.15625 0.0625 0.15625 0.1835937 0.03515625 0.1835937 0.15625 0.1835937 0.03515625 0.1835937 0.15625 0.0625 0.03515625 0.0625 0.03515625 0.1835937 0.15625 0.0625 0.15625 0.1835937 0.03515625 0.1835937 0.15625 0.0625 0.03515625 0.0625 0.03515625 0.1835937 0.15625 0.0625 0.15625 0.1835937 0.15625 0.0625 0.15625 0.1835937 0.03515625 0.1835937 0.03515625 0.0625 0.15625 0.0625 0.03515625 0.1835937 0.03515625 0.1835937 0.15625 0.0625 0.03515625 0.0625 0.03515625 0.1835937 0.15625 0.0625 0.15625 0.0625 0.03515625 0.1835937 0.03515625 0.0625 0.15625 0.0625 0.15625 0.1835937 0.03515625 0.1835937 0.15625 0.0625 0.15625 0.0625 0.03515625 0.1835937 0.15625 0.1835937 0.15625 0.0625 0.03515625 0.1835937 0.03515625 0.1835937 0.03515625 0.1835937 0.15625 0.0625 0.03515625 0.0625 0.03515625 0.1835937 0.15625 0.0625 0.15625 0.0625 0.03515625 0.1835937 0.03515625 0.0625 0.15625 0.0625 0.15625 0.1835937 0.03515625 0.1835937 0.15625 0.1835937 0.15625 0.0625 0.15625 0.1835937 0.03515625 0.1835937 0.03515625 0.0625 0.15625 0.0625 0.03515625 0.0625 0.15625 0.0625 0.03515625 0.1835937 0.15625 0.1835937 0.15625 0.0625 0.03515625 0.1835937 0.03515625 0.0625 0.03515625 0.1835937 0.03515625 0.0625 0.15625 0.0625 0.15625 0.1835937 0.03515625 0.1835937 0.15625 0.0625 0.15625 0.0625 0.03515625 0.1835937 0.15625 0.1835937 0.15625 0.0625 0.03515625 0.1835937 0.03515625 0.1835937 0.15625 0.0625 0.15625 0.1835937 0.03515625 0.1835937 0.03515625 0.0625 0.15625 0.0625 0.03515625 0.1835937 0.03515625 0.1835937 0.15625 0.0625 0.03515625 0.0625 0.03515625 0.1835937 0.15625 0.0625 0.15625 0.0625 0.15625 0.0625 0.03515625 0.1835937 0.15625 0.1835937 0.15625 0.0625 0.03515625 0.1835937 0.03515625 0.1835937 0.15625 0.0625 0.15625 0.1835937 0.03515625 0.1835937 0.03515625 0.0625 0.15625 0.0625 0.03515625 0.1835937 0.15625 0.0625 0.15625 0.1835937 0.03515625 0.1835937 0.03515625 0.0625 0.15625 0.0625 0.03515625 0.1835937 0.15625 0.0625 0.15625 0.1835937 0.03515625 0.1835937 0.03515625 0.0625 0.15625 0.0625 0.03515625 0.1835937 0.03515625 0.1835937 0.15625 0.0625 0.03515625 0.0625 0.03515625 0.1835937 0.15625 0.0625 0.15625 0.0625 0.15625 0.0625 0.03515625 0.1835937 0.15625 0.1835937 0.15625 0.0625 0.03515625 0.1835937 0.03515625 0.0625 0.03515625 0.1835937 0.03515625 0.0625 0.15625 0.0625 0.15625 0.1835937 0.03515625 0.1835937 0.15625 0.0625 0.15625 0.0625 0.03515625 0.1835937 0.15625 0.1835937 0.15625 0.0625 0.03515625 0.1835937 0.03515625 0.1835937 0.03515625 0.1835937 0.15625 0.0625 0.03515625 0.0625 0.03515625 0.1835937 0.15625 0.0625 0.15625 0.1835937 0.03515625 0.1835937 0.15625 0.0625 0.03515625 0.0625 0.03515625 0.1835937 0.15625 0.0625 0.15625 0.1835937 0.03515625 0.1835937 0.15625 0.0625 0.03515625 0.0625 0.03515625 0.1835937 0.15625 0.0625 0.15625 0.1835937 0.03515625 0.1835937 0.15625 0.0625 0.03515625 0.0625 0.03515625 0.1835937 0.15625 0.0625 0.15625 0.1835937 0.03515625 0.1835937 0.15625 0.0625 0.03515625 0.0625 0.03515625 0.1835937 0.15625 0.0625 0.15625 0.0625 0.03515625 0.1835937 0.03515625 0.0625 0.15625 0.0625 0.15625 0.1835937 0.03515625 0.1835937 0.15625 0.1835937 0.03515625 0.1835937 0.15625 0.0625 0.03515625 0.0625 0.03515625 0.1835937 0.15625 0.0625 0.15625 0.0625 0.03515625 0.1835937 0.03515625 0.0625 0.15625 0.0625 0.15625 0.1835937 0.03515625 0.1835937 0.15625 0.0625 0.15625 0.0625 0.03515625 0.1835937 0.15625 0.1835937 0.15625 0.0625 0.03515625 0.1835937 0.03515625 0.0625 0.15625 0.0625 0.03515625 0.1835937 0.15625 0.1835937 0.15625 0.0625 0.03515625 0.1835937 0.03515625 0.0625 0.15625 0.0625 0.03515625 0.1835937 0.15625 0.1835937 0.15625 0.0625 0.03515625 0.1835937 0.03515625 0.0625 0.15625 0.0625 0.03515625 0.1835937 0.15625 0.1835937 0.15625 0.0625 0.03515625 0.1835937 0.03515625 0.1835937 0.03515625 0.1835937 0.15625 0.0625 0.03515625 0.0625 0.03515625 0.1835937 0.15625 0.0625 0.15625 0.0625 0.15625 0.0625 0.03515625 0.1835937 0.15625 0.1835937 0.15625 0.0625 0.03515625 0.1835937 0.03515625 0.0625 0.03515625 0.1835937 0.03515625 0.0625 0.15625 0.0625 0.15625 0.1835937 0.03515625 0.1835937 0.15625 0.1835937 0.03515625 0.1835937 0.15625 0.0625 0.03515625 0.0625 0.03515625 0.1835937 0.15625 0.0625 0.15625 0.1835937 0.03515625 0.1835937 0.15625 0.0625 0.03515625 0.0625 0.03515625 0.1835937 0.15625 0.0625 0.15625 0.0625 0.03515625 0.1835937 0.03515625 0.0625 0.15625 0.0625 0.15625 0.1835937 0.03515625 0.1835937 0.15625 0.0625 0.03515625 0.1835937 0.03515625 0.0625 0.15625 0.0625 0.15625 0.1835937 0.03515625 0.1835937 0.15625 0.1835937 0.03515625 0.1835937 0.15625 0.0625 0.03515625 0.0625 0.03515625 0.1835937 0.15625 0.0625 0.15625 0.1835937 0.03515625 0.1835937 0.15625 0.0625 0.03515625 0.0625 0.03515625 0.1835937 0.15625 0.0625 0.15625 0.0625 0.03515625 0.1835937 0.03515625 0.0625 0.15625 0.0625 0.15625 0.1835937 0.03515625 0.1835937 0.15625 0.0625 0.03515625 0.1835937 0.03515625 0.0625 0.15625 0.0625 0.15625 0.1835937 0.03515625 0.1835937 0.15625 0.1835937 0.03515625 0.1835937 0.15625 0.0625 0.03515625 0.0625 0.03515625 0.1835937 0.15625 0.0625 0.15625 0.1835937 0.03515625 0.1835937 0.15625 0.0625 0.03515625 0.0625 0.03515625 0.1835937 0.15625 0.0625 0.15625 0.1835937 0.15625 0.0625 0.15625 0.1835937 0.03515625 0.1835937 0.03515625 0.0625 0.15625 0.0625 0.03515625 0.1835937 0.15625 0.0625 0.15625 0.1835937 0.03515625 0.1835937 0.03515625 0.0625 0.15625 0.0625 0.03515625 0.0625 0.15625 0.0625 0.03515625 0.1835937 0.15625 0.1835937 0.15625 0.0625 0.03515625 0.1835937 0.03515625 0.0625 0.15625 0.0625 0.03515625 0.1835937 0.15625 0.1835937 0.15625 0.0625 0.03515625 0.1835937 0.03515625 0.1835937 0.15625 0.0625 0.15625 0.1835937 0.03515625 0.1835937 0.03515625 0.0625 0.15625 0.0625 0.03515625 0.1835937 0.15625 0.0625 0.15625 0.1835937 0.03515625 0.1835937 0.03515625 0.0625 0.15625 0.0625 0.03515625 0.1835937 0.15625 0.0625 0.15625 0.1835937 0.03515625 0.1835937 0.03515625 0.0625 0.15625 0.0625 0.03515625 0.0625 0.03515625 0.1835937 0.03515625 0.0625 0.15625 0.0625 0.15625 0.1835937 0.03515625 0.1835937 0.15625 0.0625 0.03515625 0.1835937 0.03515625 0.0625 0.15625 0.0625 0.15625 0.1835937 0.03515625 0.1835937 0.15625 0.1835937 0.03515625 0.1835937 0.15625 0.0625 0.03515625 0.0625 0.03515625 0.1835937 0.15625 0.0625 0.15625 0.0625 0.03515625 0.1835937 0.03515625 0.0625 0.15625 0.0625 0.15625 0.1835937 0.03515625 0.1835937 0.15625 0.1835937 0.03515625 0.1835937 0.15625 0.0625 0.03515625 0.0625 0.03515625 0.1835937 0.15625 0.0625 0.15625 0.0625 0.15625 0.0625 0.03515625 0.1835937 0.15625 0.1835937 0.15625 0.0625 0.03515625 0.1835937 0.03515625 0.0625 0.15625 0.0625 0.03515625 0.1835937 0.15625 0.1835937 0.15625 0.0625 0.03515625 0.1835937 0.03515625 0.0625 0.03515625 0.1835937 0.03515625 0.0625 0.15625 0.0625 0.15625 0.1835937 0.03515625 0.1835937 0.15625 0.0625 0.03515625 0.1835937 0.03515625 0.0625 0.15625 0.0625 0.15625 0.1835937 0.03515625 0.1835937 0.15625 0.1835937 0.03515625 0.1835937 0.15625 0.0625 0.03515625 0.0625 0.03515625 0.1835937 0.15625 0.0625 0.15625 0.0625 0.03515625 0.1835937 0.03515625 0.0625 0.15625 0.0625 0.15625 0.1835937 0.03515625 0.1835937 0.15625 0.1835937 0.03515625 0.1835937 0.15625 0.0625 0.03515625 0.0625 0.03515625 0.1835937 0.15625 0.0625 0.15625 0.1835937 0.03515625 0.1835937 0.15625 0.0625 0.03515625 0.0625 0.03515625 0.1835937 0.15625 0.0625 0.15625 0.0625 0.03515625 0.1835937 0.03515625 0.0625 0.15625 0.0625 0.15625 0.1835937 0.03515625 0.1835937 0.15625 0.0625 0.03515625 0.1835937 0.03515625 0.0625 0.15625 0.0625 0.15625 0.1835937 0.03515625 0.1835937 0.15625 0.1835937 0.15625 0.0625 0.15625 0.1835937 0.03515625 0.1835937 0.03515625 0.0625 0.15625 0.0625 0.03515625 0.1835937 0.03515625 0.1835937 0.15625 0.0625 0.03515625 0.0625 0.03515625 0.1835937 0.15625 0.0625 0.15625 0.0625 0.03515625 0.1835937 0.03515625 0.0625 0.15625 0.0625 0.15625 0.1835937 0.03515625 0.1835937 0.15625 0.0625 0.15625 0.0625 0.03515625 0.1835937 0.15625 0.1835937 0.15625 0.0625 0.03515625 0.1835937 0.03515625 0.1835937 0.15625 0.0625 0.15625 0.1835937 0.03515625 0.1835937 0.03515625 0.0625 0.15625 0.0625 0.03515625 0.1835937 0.15625 0.0625 0.15625 0.1835937 0.03515625 0.1835937 0.03515625 0.0625 0.15625 0.0625 0.03515625 0.0625 0.15625 0.0625 0.03515625 0.1835937 0.15625 0.1835937 0.15625 0.0625 0.03515625 0.1835937 0.03515625 0.1835937 0.15625 0.0625 0.15625 0.1835937 0.03515625 0.1835937 0.03515625 0.0625 0.15625 0.0625 0.03515625 0.1835937 0.15625 0.0625 0.15625 0.1835937 0.03515625 0.1835937 0.03515625 0.0625 0.15625 0.0625 0.03515625 0.0625 0.15625 0.0625 0.03515625 0.1835937 0.15625 0.1835937 0.15625 0.0625 0.03515625 0.1835937 0.03515625 0.0625 0.15625 0.0625 0.03515625 0.1835937 0.15625 0.1835937 0.15625 0.0625 0.03515625 0.1835937 0.03515625 0.1835937 0.03515625 0.1835937 0.15625 0.0625 0.03515625 0.0625 0.03515625 0.1835937 0.15625 0.0625 0.15625 0.1835937 0.03515625 0.1835937 0.15625 0.0625 0.03515625 0.0625 0.03515625 0.1835937 0.15625 0.0625 0.15625 0.1835937 0.15625 0.0625 0.15625 0.1835937 0.03515625 0.1835937 0.03515625 0.0625 0.15625 0.0625 0.03515625 0.1835937 0.15625 0.0625 0.15625 0.1835937 0.03515625 0.1835937 0.03515625 0.0625 0.15625 0.0625 0.03515625 0.0625 0.15625 0.0625 0.03515625 0.1835937 0.15625 0.1835937 0.15625 0.0625 0.03515625 0.1835937 0.03515625 0.1835937 0.15625 0.0625 0.15625 0.1835937 0.03515625 0.1835937 0.03515625 0.0625 0.15625 0.0625 0.03515625 0.0625 0.15625 0.0625 0.03515625 0.1835937 0.15625 0.1835937 0.15625 0.0625 0.03515625 0.1835937 0.03515625 0.0625 0.15625 0.0625 0.03515625 0.1835937 0.15625 0.1835937 0.15625 0.0625 0.03515625 0.1835937 0.03515625 0.1835937 0.15625 0.0625 0.15625 0.1835937 0.03515625 0.1835937 0.03515625 0.0625 0.15625 0.0625 0.03515625 0.1835937 0.03515625 0.1835937 0.15625 0.0625 0.03515625 0.0625 0.03515625 0.1835937 0.15625 0.0625 0.15625 0.0625 0.03515625 0.1835937 0.03515625 0.0625 0.15625 0.0625 0.15625 0.1835937 0.03515625 0.1835937 0.15625 0.0625 0.03515625 0.1835937 0.03515625 0.0625 0.15625 0.0625 0.15625 0.1835937 0.03515625 0.1835937 0.15625 0.0625 0.15625 0.0625 0.03515625 0.1835937 0.15625 0.1835937 0.15625 0.0625 0.03515625 0.1835937 0.03515625 0.1835937 0.03515625 0.1835937 0.15625 0.0625 0.03515625 0.0625 0.03515625 0.1835937 0.15625 0.0625 0.15625 0.1835937 0.03515625 0.1835937 0.15625 0.0625 0.03515625 0.0625 0.03515625 0.1835937 0.15625 0.0625 0.15625 0.0625 0.03515625 0.1835937 0.03515625 0.0625 0.15625 0.0625 0.15625 0.1835937 0.03515625 0.1835937 0.15625 0.1835937 0.03515625 0.1835937 0.15625 0.0625 0.03515625 0.0625 0.03515625 0.1835937 0.15625 0.0625 0.15625 0.0625 0.03515625 0.1835937 0.03515625 0.0625 0.15625 0.0625 0.15625 0.1835937 0.03515625 0.1835937 0.15625 0.1835937 0.03515625 0.1835937 0.15625 0.0625 0.03515625 0.0625 0.03515625 0.1835937 0.15625 0.0625 0.15625 0.1835937 0.15625 0.0625 0.15625 0.1835937 0.03515625 0.1835937 0.03515625 0.0625 0.15625 0.0625 0.03515625 0.1835937 0.03515625 0.1835937 0.15625 0.0625 0.03515625 0.0625 0.03515625 0.1835937 0.15625 0.0625 0.15625 0.0625 0.03515625 0.1835937 0.03515625 0.0625 0.15625 0.0625 0.15625 0.1835937 0.03515625 0.1835937 0.15625 0.1835937 0.03515625 0.1835937 0.15625 0.0625 0.03515625 0.0625 0.03515625 0.1835937 0.15625 0.0625 0.15625 0.1835937 0.03515625 0.1835937 0.15625 0.0625 0.03515625 0.0625 0.03515625 0.1835937 0.15625 0.0625 0.15625 0.0625 0.03515625 0.1835937 0.03515625 0.0625 0.15625 0.0625 0.15625 0.1835937 0.03515625 0.1835937 0.15625 0.0625 0.03515625 0.1835937 0.03515625 0.0625 0.15625 0.0625 0.15625 0.1835937 0.03515625 0.1835937 0.15625 0.1835937 0.03515625 0.1835937 0.15625 0.0625 0.03515625 0.0625 0.03515625 0.1835937 0.15625 0.0625 0.15625 0.1835937 0.15625 0.0625 0.15625 0.1835937 0.03515625 0.1835937 0.03515625 0.0625 0.15625 0.0625 0.03515625 0.1835937 0.15625 0.0625 0.15625 0.1835937 0.03515625 0.1835937 0.03515625 0.0625 0.15625 0.0625 0.03515625 0.1835937 0.15625 0.0625 0.15625 0.1835937 0.03515625 0.1835937 0.03515625 0.0625 0.15625 0.0625 0.03515625 0.0625 0.15625 0.0625 0.03515625 0.1835937 0.15625 0.1835937 0.15625 0.0625 0.03515625 0.1835937 0.03515625 0.0625 0.03515625 0.1835937 0.03515625 0.0625 0.15625 0.0625 0.15625 0.1835937 0.03515625 0.1835937 0.15625 0.0625 0.03515625 0.1835937 0.03515625 0.0625 0.15625 0.0625 0.15625 0.1835937 0.03515625 0.1835937 0.15625 0.0625 0.15625 0.0625 0.03515625 0.1835937 0.15625 0.1835937 0.15625 0.0625 0.03515625 0.1835937 0.03515625 0.0625 0.15625 0.0625 0.03515625 0.1835937 0.15625 0.1835937 0.15625 0.0625 0.03515625 0.1835937 0.03515625 0.1835937 0.15625 0.0625 0.15625 0.1835937 0.03515625 0.1835937 0.03515625 0.0625 0.15625 0.0625 0.03515625 0.0625 0.15625 0.0625 0.03515625 0.1835937 0.15625 0.1835937 0.15625 0.0625 0.03515625 0.1835937 0.03515625 0.0625 0.15625 0.0625 0.03515625 0.1835937 0.15625 0.1835937 0.15625 0.0625 0.03515625 0.1835937 0.03515625 0.1835937 0.15625 0.0625 0.15625 0.1835937 0.03515625 0.1835937 0.03515625 0.0625 0.15625 0.0625 0.03515625 0.1835937 0.15625 0.0625 0.15625 0.1835937 0.03515625 0.1835937 0.03515625 0.0625 0.15625 0.0625 0.03515625 0.1835937 0.03515625 0.1835937 0.15625 0.0625 0.03515625 0.0625 0.03515625 0.1835937 0.15625 0.0625 0.15625 0.0625 0.03515625 0.1835937 0.03515625 0.0625 0.15625 0.0625 0.15625 0.1835937 0.03515625 0.1835937 0.15625 0.0625 0.15625 0.0625 0.03515625 0.1835937 0.15625 0.1835937 0.15625 0.0625 0.03515625 0.1835937 0.03515625 0.1835937 0.15625 0.0625 0.15625 0.1835937 0.03515625 0.1835937 0.03515625 0.0625 0.15625 0.0625 0.03515625 0.0625 0.15625 0.0625 0.03515625 0.1835937 0.15625 0.1835937 0.15625 0.0625 0.03515625 0.1835937 0.03515625 0.0625 0.15625 0.0625 0.03515625 0.1835937 0.15625 0.1835937 0.15625 0.0625 0.03515625 0.1835937 0.03515625 0.1835937 0.15625 0.0625 0.15625 0.1835937 0.03515625 0.1835937 0.03515625 0.0625 0.15625 0.0625 0.03515625 0.1835937 0.15625 0.0625 0.15625 0.1835937 0.03515625 0.1835937 0.03515625 0.0625 0.15625 0.0625 0.03515625 0.0625 0.15625 0.0625 0.03515625 0.1835937 0.15625 0.1835937 0.15625 0.0625 0.03515625 0.1835937 0.03515625 0.0625 0.03515625 0.1835937 0.03515625 0.0625 0.15625 0.0625 0.15625 0.1835937 0.03515625 0.1835937 0.15625 0.0625 0.03515625 0.1835937 0.03515625 0.0625 0.15625 0.0625 0.15625 0.1835937 0.03515625 0.1835937 0.15625 0.0625 0.03515625 0.1835937 0.03515625 0.0625 0.15625 0.0625 0.15625 0.1835937 0.03515625 0.1835937 0.15625 0.1835937 0.03515625 0.1835937 0.15625 0.0625 0.03515625 0.0625 0.03515625 0.1835937 0.15625 0.0625 0.15625 0.1835937 0.15625 0.0625 0.15625 0.1835937 0.03515625 0.1835937 0.03515625 0.0625 0.15625 0.0625 0.03515625 0.1835937 0.15625 0.0625 0.15625 0.1835937 0.03515625 0.1835937 0.03515625 0.0625 0.15625 0.0625 0.03515625 0.08404541 0.05895996 0.08404541 0.1384887 0.125061 0.05895996 0.125061 0.05895996 0.08404541 0.1384887 0.125061 0.1384887 0.125061 0.05895996 0.125061 0.1384887 0.170227 0.05895996 0.170227 0.05895996 0.125061 0.1384887 0.170227 0.1384887 0.0783081 0.05895996 0.1210327 0.05895996 0.0783081 0.1384887 0.0783081 0.1384887 0.1210327 0.05895996 0.1210327 0.1384887 0.1210327 0.05895996 0.170227 0.05895996 0.1210327 0.1384887 0.1210327 0.1384887 0.170227 0.05895996 0.170227 0.1384887 0.08404541 0.1384887 0.08404541 0.05895996 0.0783081 0.1384887 0.0783081 0.1384887 0.08404541 0.05895996 0.0783081 0.05895996 0.1596069 0.05895996 0.1596069 0.1384887 0.1185913 0.05895996 0.1185913 0.05895996 0.1596069 0.1384887 0.1185913 0.1384887 0.1185913 0.05895996 0.1185913 0.1384887 0.07342529 0.05895996 0.07342529 0.05895996 0.1185913 0.1384887 0.07342529 0.1384887 0.1653442 0.05895996 0.1226196 0.05895996 0.1653442 0.1384887 0.1653442 0.1384887 0.1226196 0.05895996 0.1226196 0.1384887 0.1226196 0.05895996 0.07342529 0.05895996 0.1226196 0.1384887 0.1226196 0.1384887 0.07342529 0.05895996 0.07342529 0.1384887 0.1596069 0.1384887 0.1596069 0.05895996 0.1653442 0.1384887 0.1653442 0.1384887 0.1596069 0.05895996 0.1653442 0.05895996 0.08404541 0.1384887 0.0783081 0.1384887 0.125061 0.1384887 0.125061 0.1384887 0.0783081 0.1384887 0.1210327 0.1384887 0.125061 0.1384887 0.1210327 0.1384887 0.170227 0.1384887 0.170227 0.1384887 0.1210327 0.1384887 0.170227 0.1384887 0.1596069 0.1384887 0.1653442 0.1384887 0.1185913 0.1384887 0.1185913 0.1384887 0.1653442 0.1384887 0.1226196 0.1384887 0.1185913 0.1384887 0.1226196 0.1384887 0.07342529 0.1384887 0.07342529 0.1384887 0.1226196 0.1384887 0.07342529 0.1384887</float_array>
          <technique_common>
            <accessor source="#Mesh_0663Mesh_001-mesh-map-0-array" count="6429" stride="2">
              <param name="S" type="float"/>
              <param name="T" type="float"/>
            </accessor>
          </technique_common>
        </source>
        <vertices id="Mesh_0663Mesh_001-mesh-vertices">
          <input semantic="POSITION" source="#Mesh_0663Mesh_001-mesh-positions"/>
        </vertices>
        <triangles count="2143">
          <input semantic="VERTEX" source="#Mesh_0663Mesh_001-mesh-vertices" offset="0"/>
          <input semantic="NORMAL" source="#Mesh_0663Mesh_001-mesh-normals" offset="1"/>
          <input semantic="TEXCOORD" source="#Mesh_0663Mesh_001-mesh-map-0" offset="2" set="0"/>
          <p>0 0 0 1 0 1 2 1 2 4 2 3 5 2 4 6 2 5 7 3 6 8 4 7 9 3 8 10 5 9 11 5 10 12 5 11 13 5 12 14 5 13 15 5 14 16 5 15 17 5 16 18 5 17 19 5 18 20 5 19 21 5 20 22 5 21 23 5 22 24 5 23 25 5 24 26 5 25 27 5 26 28 5 27 29 5 28 30 5 29 31 6 30 32 6 31 33 6 32 34 6 33 35 6 34 36 6 35 37 6 36 38 6 37 39 6 38 40 6 39 41 6 40 42 6 41 43 6 42 44 6 43 45 6 44 46 6 45 47 6 46 48 6 47 49 6 48 50 6 49 51 6 50 52 7 51 53 8 52 54 9 53 55 10 54 56 11 55 57 11 56 58 12 57 59 13 58 60 14 59 61 15 60 62 16 61 63 17 62 64 18 63 65 18 64 66 19 65 67 20 66 68 20 67 69 20 68 70 20 69 71 20 70 72 20 71 73 5 72 74 5 73 75 5 74 76 5 75 77 5 76 78 5 77 79 5 78 80 5 79 81 5 80 82 5 81 83 5 82 84 5 83 85 5 84 86 5 85 87 5 86 88 5 87 89 5 88 90 5 89 91 6 90 92 6 91 93 6 92 94 6 93 95 6 94 96 6 95 97 6 96 98 6 97 99 6 98 100 6 99 101 6 100 102 6 101 103 6 102 104 6 103 105 6 104 106 6 105 107 6 106 108 6 107 109 21 108 110 21 109 111 21 110 112 22 111 113 22 112 114 22 113 115 23 114 116 23 115 117 24 116 118 25 117 119 26 118 120 25 119 121 27 120 122 27 121 123 27 122 124 28 123 125 29 124 126 28 125 127 30 126 128 30 127 129 30 128 130 31 129 131 32 130 132 32 131 133 33 132 134 33 133 135 34 134 136 35 135 137 36 136 138 35 137 139 37 138 140 37 139 141 37 140 142 38 141 143 38 142 144 39 143 145 40 144 146 40 145 147 41 146 148 42 147 149 43 148 150 44 149 151 20 150 152 20 151 153 20 152 154 45 153 155 45 154 156 46 155 157 47 156 158 47 157 159 47 158 160 47 159 161 47 160 162 47 161 163 5 162 164 5 163 165 5 164 166 5 165 167 5 166 168 5 167 169 5 168 170 5 169 171 5 170 172 5 171 173 5 172 174 5 173 175 5 174 176 5 175 177 5 176 178 5 177 179 5 178 180 5 179 181 5 180 182 5 181 183 5 182 184 6 183 185 6 184 186 6 185 187 6 186 188 6 187 189 6 188 190 6 189 191 6 190 192 6 191 193 6 192 194 6 193 195 6 194 196 6 195 197 6 196 198 6 197 199 6 198 200 6 199 201 6 200 202 6 201 203 6 202 204 6 203 205 48 204 206 48 205 207 48 206 208 49 207 209 49 208 210 49 209 211 50 210 212 51 211 213 50 212 214 52 213 215 52 214 216 53 215 217 54 216 218 54 217 219 54 218 220 55 219 221 55 220 222 56 221 223 57 222 224 58 223 225 57 224 226 59 225 227 59 226 228 59 227 229 60 228 230 60 229 231 61 230 232 5 231 233 5 232 234 5 233 235 5 234 236 5 235 237 5 236 238 5 237 239 5 238 240 5 239 241 5 240 242 5 241 243 5 242 244 5 243 245 5 244 246 5 245 247 5 246 248 5 247 249 5 248 250 5 249 251 5 250 252 5 251 253 6 252 254 6 253 255 6 254 256 6 255 257 6 256 258 6 257 259 6 258 260 6 259 261 6 260 262 6 261 263 6 262 264 6 263 265 6 264 266 6 265 267 6 266 268 6 267 269 6 268 270 6 269 271 6 270 272 6 271 273 6 272 274 62 273 275 63 274 276 64 275 277 65 276 278 66 277 279 66 278 280 67 279 281 68 280 282 68 281 283 69 282 284 70 283 285 71 284 286 72 285 287 73 286 288 74 287 289 75 288 290 76 289 291 75 290 292 77 291 293 78 292 294 78 293 295 79 294 296 79 295 297 79 296 298 80 297 299 81 298 300 80 299 301 82 300 302 83 301 303 84 302 304 47 303 305 47 304 306 47 305 307 85 306 308 86 307 309 85 308 310 87 309 311 88 310 312 87 311 313 89 312 314 90 313 315 89 314 316 91 315 317 91 316 318 91 317 319 92 318 320 93 319 321 92 320 322 94 321 323 94 322 324 94 323 325 95 324 326 95 325 327 96 326 328 97 327 329 97 328 330 97 329 331 5 330 332 5 331 333 5 332 334 5 333 335 5 334 336 5 335 337 5 336 338 5 337 339 5 338 340 5 339 341 5 340 342 5 341 343 5 342 344 5 343 345 5 344 346 5 345 347 5 346 348 5 347 349 5 348 350 5 349 351 5 350 352 6 351 353 6 352 354 6 353 355 6 354 356 6 355 357 6 356 358 6 357 359 6 358 360 6 359 361 6 360 362 6 361 363 6 362 364 6 363 365 6 364 366 6 365 367 6 366 368 6 367 369 6 368 370 6 369 371 6 370 372 6 371 373 98 372 374 99 373 375 100 374 376 101 375 377 102 376 378 103 377 379 104 378 380 105 379 381 105 380 382 104 381 383 105 382 384 105 383 385 106 384 386 105 385 387 106 386 388 107 387 389 108 388 390 109 389 391 110 390 392 110 391 393 110 392 394 111 393 395 112 394 396 111 395 397 113 396 398 113 397 399 113 398 400 5 399 401 5 400 402 5 401 403 5 402 404 5 403 405 5 404 406 5 405 407 5 406 408 5 407 409 5 408 410 5 409 411 5 410 412 5 411 413 5 412 414 5 413 415 6 414 416 6 415 417 6 416 418 6 417 419 6 418 420 6 419 421 6 420 422 6 421 423 6 422 424 6 423 425 6 424 426 6 425 427 6 426 428 6 427 429 6 428 430 6 429 431 6 430 432 6 431 433 6 432 434 6 433 435 6 434 436 114 435 437 115 436 438 116 437 439 117 438 440 118 439 441 119 440 442 120 441 443 121 442 444 121 443 445 120 444 446 121 445 447 121 446 448 122 447 449 122 448 450 121 449 451 123 450 452 124 451 453 125 452 454 126 453 455 126 454 456 126 455 457 126 456 458 126 457 459 126 458 460 127 459 461 128 460 462 129 461 463 130 462 464 131 463 465 130 464 466 132 465 467 133 466 468 133 467 469 134 468 470 134 469 471 135 470 472 136 471 473 137 472 474 138 473 475 139 474 476 139 475 477 140 476 478 141 477 479 142 478 480 142 479 481 143 480 482 144 481 483 143 482 484 47 483 485 47 484 486 47 485 487 47 486 488 47 487 489 47 488 490 20 489 491 20 490 492 20 491 493 20 492 494 20 493 495 20 494 496 20 495 497 20 496 498 20 497 499 20 498 500 20 499 501 20 500 502 47 501 503 47 502 504 47 503 505 47 504 506 47 505 507 47 506 508 5 507 509 5 508 510 5 509 511 5 510 512 5 511 513 5 512 514 5 513 515 5 514 516 5 515 517 5 516 518 5 517 519 5 518 520 5 519 521 5 520 522 5 521 523 5 522 524 5 523 525 5 524 526 5 525 527 5 526 528 5 527 529 5 528 530 5 529 531 5 530 532 5 531 533 5 532 534 5 533 535 5 534 536 5 535 537 5 536 538 5 537 539 5 538 540 5 539 541 6 540 542 6 541 543 6 542 544 6 543 545 6 544 546 6 545 547 6 546 548 6 547 549 6 548 550 6 549 551 6 550 552 6 551 553 5 552 554 5 553 555 5 554 556 6 555 557 6 556 558 6 557 559 5 558 560 5 559 561 5 560 562 6 561 563 6 562 564 6 563 565 5 564 566 5 565 567 5 566 568 6 567 569 6 568 570 6 569 571 5 570 572 5 571 573 5 572 574 6 573 575 6 574 576 6 575 577 5 576 578 5 577 579 5 578 580 5 579 581 5 580 582 5 581 583 5 582 584 5 583 585 5 584 586 5 585 587 5 586 588 5 587 589 6 588 590 6 589 591 6 590 592 6 591 593 6 592 594 6 593 595 6 594 596 6 595 597 6 596 598 6 597 599 6 598 600 6 599 601 5 600 602 5 601 603 5 602 604 6 603 605 6 604 606 6 605 607 5 606 608 5 607 609 5 608 610 6 609 611 6 610 612 6 611 613 5 612 614 5 613 615 5 614 616 6 615 617 6 616 618 6 617 619 5 618 620 5 619 621 5 620 622 6 621 623 6 622 624 6 623 625 5 624 626 5 625 627 5 626 628 5 627 629 5 628 630 5 629 631 5 630 632 5 631 633 5 632 634 5 633 635 5 634 636 5 635 637 6 636 638 6 637 639 6 638 640 6 639 641 6 640 642 6 641 643 6 642 644 6 643 645 6 644 646 6 645 647 6 646 648 6 647 649 6 648 650 6 649 651 6 650 652 5 651 653 5 652 654 5 653 655 6 654 656 6 655 657 6 656 658 5 657 659 5 658 660 5 659 661 6 660 662 6 661 663 6 662 664 5 663 665 5 664 666 5 665 667 6 666 668 6 667 669 6 668 670 5 669 671 5 670 672 5 671 673 6 672 674 6 673 675 6 674 676 5 675 677 5 676 678 5 677 679 5 678 680 5 679 681 5 680 682 5 681 683 5 682 684 5 683 685 5 684 686 5 685 687 5 686 688 6 687 689 6 688 690 6 689 691 6 690 692 6 691 693 6 692 694 6 693 695 6 694 696 6 695 697 6 696 698 6 697 699 6 698 700 5 699 701 5 700 702 5 701 703 6 702 704 6 703 705 6 704 706 5 705 707 5 706 708 5 707 709 6 708 710 6 709 711 6 710 712 5 711 713 5 712 714 5 713 715 6 714 716 6 715 717 6 716 718 5 717 719 5 718 720 5 719 721 6 720 722 6 721 723 6 722 724 6 723 725 6 724 726 6 725 727 5 726 728 5 727 729 5 728 730 5 729 731 5 730 732 5 731 733 5 732 734 5 733 735 5 734 736 5 735 737 5 736 738 5 737 739 6 738 740 6 739 741 6 740 742 6 741 743 6 742 744 6 743 745 6 744 746 6 745 747 6 746 748 5 747 749 5 748 750 5 749 751 5 750 752 5 751 753 5 752 754 5 753 755 5 754 756 5 755 757 6 756 758 6 757 759 6 758 760 6 759 761 6 760 762 6 761 763 6 762 764 6 763 765 6 764 766 5 765 767 5 766 768 5 767 769 5 768 770 5 769 771 5 770 772 5 771 773 5 772 774 5 773 775 6 774 776 6 775 777 6 776 778 6 777 779 6 778 780 6 779 781 6 780 782 6 781 783 6 782 784 5 783 785 5 784 786 5 785 787 5 786 788 5 787 789 5 788 790 5 789 791 5 790 792 5 791 793 6 792 794 6 793 795 6 794 796 6 795 797 6 796 798 6 797 799 6 798 800 6 799 801 6 800 802 6 801 803 145 802 804 6 803 805 5 804 806 5 805 807 5 806 808 146 807 809 6 808 810 6 809 811 146 810 812 6 811 813 6 812 814 146 813 815 6 814 816 6 815 817 6 816 818 145 817 819 6 818 820 147 819 821 148 820 822 148 821 823 148 822 824 147 823 825 148 824 826 149 825 827 6 826 828 6 827 829 150 828 830 6 829 831 6 830 832 5 831 833 5 832 834 5 833 835 151 834 836 6 835 837 6 836 838 151 837 839 6 838 840 6 839 841 151 840 842 6 841 843 6 842 844 6 843 845 150 844 846 6 845 847 152 846 848 153 847 849 153 848 850 153 849 851 152 850 852 153 851 853 154 852 854 6 853 855 6 854 856 155 855 857 156 856 858 157 857 858 157 858 857 156 859 859 158 860 861 159 861 862 159 862 863 159 863 863 159 864 862 159 865 864 159 866 865 160 867 866 161 868 867 162 869 867 162 870 866 161 871 868 163 872 869 5 873 870 5 874 871 5 875 871 5 876 870 5 877 872 5 878 873 164 879 874 165 880 875 166 881 875 166 882 874 165 883 876 167 884 877 168 885 878 169 886 879 169 887 879 169 888 878 169 889 880 168 890 881 170 891 882 171 892 883 171 893 883 171 894 882 171 895 884 170 896 885 170 897 886 171 898 887 171 899 887 171 900 886 171 901 888 170 902 889 172 903 890 173 904 891 174 905 891 174 906 890 173 907 892 175 908 893 20 909 894 20 910 895 20 911 895 20 912 894 20 913 896 20 914 897 20 915 898 20 916 899 20 917 899 20 918 898 20 919 900 20 920 901 176 921 902 177 922 903 177 923 903 177 924 902 177 925 904 176 926 905 178 927 906 179 928 907 179 929 907 179 930 906 179 931 908 178 932 909 30 933 910 30 934 911 30 935 911 30 936 910 30 937 912 30 938 913 180 939 914 181 940 915 182 941 915 182 942 914 181 943 916 183 944 917 30 945 918 30 946 919 30 947 919 30 948 918 30 949 920 30 950 921 5 951 922 5 952 923 5 953 923 5 954 922 5 955 924 5 956 925 5 957 926 5 958 927 5 959 927 5 960 926 5 961 928 5 962 929 5 963 930 5 964 931 5 965 931 5 966 930 5 967 932 5 968 933 5 969 934 5 970 935 5 971 935 5 972 934 5 973 936 5 974 937 5 975 938 5 976 939 5 977 939 5 978 938 5 979 940 5 980 941 184 981 942 185 982 943 186 983 943 186 984 942 185 985 944 187 986 945 79 987 946 188 988 947 189 989 947 189 990 946 188 991 948 190 992 949 191 993 950 192 994 951 193 995 951 193 996 950 192 997 952 194 998 953 195 999 954 195 1000 955 195 1001 955 195 1002 954 195 1003 956 195 1004 957 191 1005 958 196 1006 959 197 1007 959 197 1008 958 196 1009 960 198 1010 961 199 1011 962 200 1012 963 200 1013 963 200 1014 962 200 1015 964 199 1016 965 5 1017 966 5 1018 967 5 1019 967 5 1020 966 5 1021 968 5 1022 969 6 1023 970 6 1024 971 6 1025 971 6 1026 970 6 1027 972 6 1028 973 6 1029 974 6 1030 975 6 1031 975 6 1032 974 6 1033 976 6 1034 977 6 1035 978 6 1036 979 6 1037 979 6 1038 978 6 1039 980 6 1040 981 6 1041 982 6 1042 983 6 1043 983 6 1044 982 6 1045 984 6 1046 985 6 1047 986 6 1048 987 6 1049 987 6 1050 986 6 1051 988 6 1052 989 6 1053 990 6 1054 991 6 1055 991 6 1056 990 6 1057 992 6 1058 993 6 1059 994 6 1060 995 6 1061 995 6 1062 994 6 1063 996 6 1064 997 6 1065 998 6 1066 999 6 1067 999 6 1068 998 6 1069 1000 6 1070 1001 6 1071 1002 6 1072 1003 6 1073 1003 6 1074 1002 6 1075 1004 6 1076 1005 6 1077 1006 6 1078 1007 6 1079 1007 6 1080 1006 6 1081 1008 6 1082 1009 6 1083 1010 6 1084 1011 6 1085 1011 6 1086 1010 6 1087 1012 6 1088 1013 201 1089 1014 202 1090 1015 203 1091 1015 203 1092 1014 202 1093 1016 204 1094 1017 205 1095 1018 206 1096 1019 207 1097 1019 207 1098 1018 206 1099 1020 208 1100 1021 209 1101 1022 210 1102 1023 211 1103 1023 211 1104 1022 210 1105 1024 212 1106 1025 213 1107 1026 214 1108 1027 215 1109 1027 215 1110 1026 214 1111 1028 216 1112 1029 217 1113 1030 217 1114 1031 217 1115 1031 217 1116 1030 217 1117 1032 217 1118 1033 218 1119 1034 219 1120 1035 220 1121 1035 220 1122 1034 219 1123 1036 221 1124 1037 222 1125 1038 223 1126 1039 224 1127 1039 224 1128 1038 223 1129 1040 225 1130 1041 190 1131 1042 226 1132 1043 227 1133 1043 227 1134 1042 226 1135 1044 79 1136 1045 228 1137 1046 229 1138 1047 230 1139 1047 230 1140 1046 229 1141 1048 191 1142 1049 30 1143 1050 30 1144 1051 30 1145 1051 30 1146 1050 30 1147 1052 30 1148 1053 30 1149 1054 30 1150 1055 30 1151 1055 30 1152 1054 30 1153 1056 30 1154 1057 5 1155 1058 5 1156 1059 5 1157 1059 5 1158 1058 5 1159 1060 5 1160 1061 231 1161 1062 231 1162 1063 231 1163 1063 231 1164 1062 231 1165 1064 231 1166 1065 232 1167 1066 232 1168 1067 232 1169 1067 232 1170 1066 232 1171 1068 232 1172 1069 5 1173 1070 5 1174 1071 5 1175 1071 5 1176 1070 5 1177 1072 5 1178 1073 79 1179 1074 79 1180 1075 79 1181 1075 79 1182 1074 79 1183 1076 79 1184 1077 191 1185 1078 191 1186 1079 191 1187 1079 191 1188 1078 191 1189 1080 191 1190 1081 233 1191 1082 234 1192 1083 235 1193 1083 235 1194 1082 234 1195 1084 236 1196 1085 237 1197 1086 238 1198 1087 239 1199 1087 239 1200 1086 238 1201 1088 240 1202 1089 152 1203 1090 152 1204 1091 152 1205 1091 152 1206 1090 152 1207 1092 152 1208 1093 241 1209 1094 242 1210 1095 243 1211 1095 243 1212 1094 242 1213 1096 244 1214 1097 245 1215 1098 245 1216 1099 245 1217 1099 245 1218 1098 245 1219 1100 245 1220 1101 246 1221 1102 246 1222 1103 246 1223 1103 246 1224 1102 246 1225 1104 246 1226 1105 247 1227 1106 247 1228 1107 247 1229 1107 247 1230 1106 247 1231 1108 247 1232 1109 248 1233 1110 248 1234 1111 248 1235 1111 248 1236 1110 248 1237 1112 248 1238 1113 249 1239 1114 249 1240 1115 249 1241 1115 249 1242 1114 249 1243 1116 249 1244 1117 20 1245 1118 20 1246 1119 20 1247 1119 20 1248 1118 20 1249 1120 20 1250 1121 250 1251 1122 251 1252 1123 252 1253 1123 252 1254 1122 251 1255 1124 253 1256 1125 254 1257 1126 255 1258 1127 256 1259 1127 256 1260 1126 255 1261 1128 257 1262 1129 258 1263 1130 259 1264 1131 260 1265 1131 260 1266 1130 259 1267 1132 261 1268 1133 262 1269 1134 263 1270 1135 264 1271 1135 264 1272 1134 263 1273 1136 265 1274 1137 266 1275 1138 267 1276 1139 268 1277 1139 268 1278 1138 267 1279 1140 269 1280 1141 270 1281 1142 271 1282 1143 272 1283 1143 272 1284 1142 271 1285 1144 273 1286 1145 274 1287 1146 274 1288 1147 274 1289 1147 274 1290 1146 274 1291 1148 274 1292 1149 275 1293 1150 276 1294 1151 277 1295 1151 277 1296 1150 276 1297 1152 278 1298 1153 279 1299 1154 280 1300 1155 281 1301 1155 281 1302 1154 280 1303 1156 282 1304 1157 79 1305 1158 283 1306 1159 284 1307 1159 284 1308 1158 283 1309 1160 285 1310 1161 6 1311 1162 286 1312 1163 287 1313 1163 287 1314 1162 286 1315 1164 288 1316 1165 289 1317 1166 290 1318 1167 291 1319 1167 291 1320 1166 290 1321 1168 292 1322 1169 293 1323 1170 293 1324 1171 293 1325 1171 293 1326 1170 293 1327 1172 293 1328 1173 294 1329 1174 295 1330 1175 296 1331 1175 296 1332 1174 295 1333 1176 297 1334 1177 298 1335 1178 299 1336 1179 300 1337 1179 300 1338 1178 299 1339 1180 299 1340 1181 299 1341 1182 299 1342 1183 299 1343 1183 299 1344 1182 299 1345 1184 299 1346 1185 293 1347 1186 293 1348 1187 293 1349 1187 293 1350 1186 293 1351 1188 293 1352 1189 301 1353 1190 302 1354 1191 303 1355 1191 303 1356 1190 302 1357 1192 304 1358 1193 305 1359 1194 306 1360 1195 306 1361 1195 306 1362 1194 306 1363 1196 305 1364 1197 307 1365 1198 308 1366 1199 309 1367 1199 309 1368 1198 308 1369 1200 310 1370 1201 311 1371 1202 312 1372 1203 313 1373 1203 313 1374 1202 312 1375 1204 314 1376 1205 315 1377 1206 315 1378 1207 316 1379 1207 316 1380 1206 315 1381 1208 315 1382 1209 317 1383 1210 318 1384 1211 319 1385 1211 319 1386 1210 318 1387 1212 320 1388 1213 321 1389 1214 321 1390 1215 321 1391 1215 321 1392 1214 321 1393 1216 321 1394 1217 322 1395 1218 323 1396 1219 324 1397 1219 324 1398 1218 323 1399 1220 325 1400 1221 326 1401 1222 327 1402 1223 328 1403 1223 328 1404 1222 327 1405 1224 329 1406 1225 5 1407 1226 5 1408 1227 5 1409 1227 5 1410 1226 5 1411 1228 5 1412 1229 330 1413 1230 331 1414 1231 332 1415 1231 332 1416 1230 331 1417 1232 333 1418 1233 168 1419 1234 334 1420 1235 335 1421 1235 335 1422 1234 334 1423 1236 336 1424 1237 336 1425 1238 337 1426 1239 338 1427 1239 338 1428 1238 337 1429 1240 339 1430 1241 339 1431 1242 340 1432 1243 341 1433 1243 341 1434 1242 340 1435 1244 342 1436 1245 343 1437 1246 344 1438 1247 344 1439 1247 344 1440 1246 344 1441 1248 343 1442 1249 345 1443 1250 346 1444 1251 346 1445 1251 346 1446 1250 346 1447 1252 345 1448 1253 347 1449 1254 348 1450 1255 2 1451 1255 2 1452 1254 348 1453 1256 348 1454 1257 349 1455 1258 350 1456 1259 350 1457 1259 350 1458 1258 350 1459 1260 349 1460 1261 32 1461 1262 32 1462 1263 32 1463 1263 32 1464 1262 32 1465 1264 32 1466 1265 351 1467 1266 351 1468 1267 351 1469 1267 351 1470 1266 351 1471 1268 351 1472 1269 352 1473 1270 353 1474 1271 354 1475 1271 354 1476 1270 353 1477 1272 355 1478 1273 356 1479 1274 357 1480 1275 357 1481 1275 357 1482 1274 357 1483 1276 356 1484 1277 6 1485 1278 358 1486 1279 359 1487 1279 359 1488 1278 358 1489 1280 20 1490 1281 5 1491 1282 5 1492 1283 5 1493 1283 5 1494 1282 5 1495 1284 5 1496 1285 5 1497 1286 5 1498 1287 5 1499 1287 5 1500 1286 5 1501 1288 5 1502 1289 5 1503 1290 5 1504 1291 5 1505 1291 5 1506 1290 5 1507 1292 5 1508 1293 5 1509 1294 5 1510 1295 5 1511 1295 5 1512 1294 5 1513 1296 5 1514 1297 5 1515 1298 5 1516 1299 5 1517 1299 5 1518 1298 5 1519 1300 5 1520 1301 360 1521 1302 361 1522 1303 362 1523 1303 362 1524 1302 361 1525 1304 363 1526 1305 364 1527 1306 365 1528 1307 365 1529 1307 365 1530 1306 365 1531 1308 364 1532 1309 366 1533 1310 367 1534 1311 367 1535 1311 367 1536 1310 367 1537 1312 366 1538 1313 356 1539 1314 357 1540 1315 357 1541 1315 357 1542 1314 357 1543 1316 356 1544 1317 368 1545 1318 369 1546 1319 370 1547 1319 370 1548 1318 369 1549 1320 371 1550 1321 349 1551 1322 372 1552 1323 373 1553 1323 373 1554 1322 372 1555 1324 374 1556 1325 5 1557 1326 5 1558 1327 5 1559 1327 5 1560 1326 5 1561 1328 5 1562 1329 6 1563 1330 6 1564 1331 5 1565 1331 5 1566 1330 6 1567 1332 5 1568 1333 6 1569 1334 6 1570 1335 6 1571 1335 6 1572 1334 6 1573 1336 6 1574 1337 6 1575 1338 6 1576 1339 6 1577 1339 6 1578 1338 6 1579 1340 6 1580 1341 6 1581 1342 6 1582 1343 6 1583 1343 6 1584 1342 6 1585 1344 6 1586 1345 6 1587 1346 6 1588 1347 6 1589 1347 6 1590 1346 6 1591 1348 6 1592 1349 6 1593 1350 6 1594 1351 6 1595 1351 6 1596 1350 6 1597 1352 6 1598 1353 6 1599 1354 6 1600 1355 6 1601 1355 6 1602 1354 6 1603 1356 6 1604 1357 6 1605 1358 6 1606 1359 6 1607 1359 6 1608 1358 6 1609 1360 6 1610 1361 6 1611 1362 6 1612 1363 6 1613 1363 6 1614 1362 6 1615 1364 6 1616 1365 6 1617 1366 6 1618 1367 6 1619 1367 6 1620 1366 6 1621 1368 6 1622 1369 6 1623 1370 6 1624 1371 6 1625 1371 6 1626 1370 6 1627 1372 6 1628 1373 6 1629 1374 6 1630 1375 6 1631 1375 6 1632 1374 6 1633 1376 6 1634 1377 6 1635 1378 6 1636 1379 6 1637 1379 6 1638 1378 6 1639 1380 6 1640 1381 375 1641 1382 376 1642 1383 377 1643 1383 377 1644 1382 376 1645 1384 378 1646 1385 379 1647 1386 380 1648 1387 380 1649 1387 380 1650 1386 380 1651 1388 379 1652 1389 381 1653 1390 382 1654 1391 383 1655 1391 383 1656 1390 382 1657 1392 384 1658 1393 385 1659 1394 386 1660 1395 387 1661 1395 387 1662 1394 386 1663 1396 388 1664 1397 385 1665 1398 389 1666 1399 390 1667 1399 390 1668 1398 389 1669 1400 391 1670 1401 392 1671 1402 393 1672 1403 394 1673 1403 394 1674 1402 393 1675 1404 395 1676 1405 396 1677 1406 397 1678 1407 398 1679 1407 398 1680 1406 397 1681 1408 399 1682 1409 400 1683 1410 401 1684 1411 402 1685 1411 402 1686 1410 401 1687 1412 395 1688 1413 231 1689 1414 231 1690 1415 231 1691 1415 231 1692 1414 231 1693 1416 231 1694 1417 403 1695 1418 403 1696 1419 403 1697 1419 403 1698 1418 403 1699 1420 403 1700 1421 404 1701 1422 404 1702 1423 404 1703 1423 404 1704 1422 404 1705 1424 404 1706 1425 5 1707 1426 5 1708 1427 5 1709 1427 5 1710 1426 5 1711 1428 5 1712 1429 126 1713 1430 126 1714 1431 126 1715 1431 126 1716 1430 126 1717 1432 126 1718 1433 405 1719 1434 405 1720 1435 405 1721 1435 405 1722 1434 405 1723 1436 405 1724 1437 5 1725 1438 5 1726 1439 5 1727 1439 5 1728 1438 5 1729 1440 5 1730 1441 126 1731 1442 126 1732 1443 126 1733 1443 126 1734 1442 126 1735 1444 126 1736 1445 231 1737 1446 231 1738 1447 231 1739 1447 231 1740 1446 231 1741 1448 231 1742 1449 406 1743 1450 407 1744 1451 408 1745 1451 408 1746 1450 407 1747 1452 409 1748 1453 410 1749 1454 411 1750 1455 412 1751 1455 412 1752 1454 411 1753 1456 413 1754 1457 414 1755 1458 415 1756 1459 416 1757 1459 416 1758 1458 415 1759 1460 417 1760 1461 418 1761 1462 418 1762 1463 418 1763 1463 418 1764 1462 418 1765 1464 418 1766 1465 419 1767 1466 420 1768 1467 421 1769 1467 421 1770 1466 420 1771 1468 422 1772 1469 423 1773 1470 423 1774 1471 423 1775 1471 423 1776 1470 423 1777 1472 423 1778 1473 78 1779 1474 78 1780 1475 78 1781 1475 78 1782 1474 78 1783 1476 78 1784 1477 424 1785 1478 424 1786 1479 424 1787 1479 424 1788 1478 424 1789 1480 424 1790 1481 425 1791 1482 425 1792 1483 425 1793 1483 425 1794 1482 425 1795 1484 425 1796 1485 426 1797 1486 427 1798 1487 428 1799 1487 428 1800 1486 427 1801 1488 429 1802 1489 430 1803 1490 431 1804 1491 432 1805 1491 432 1806 1490 431 1807 1492 433 1808 1493 434 1809 1494 435 1810 1495 436 1811 1495 436 1812 1494 435 1813 1496 437 1814 1497 438 1815 1498 439 1816 1499 440 1817 1499 440 1818 1498 439 1819 1500 441 1820 1501 442 1821 1502 443 1822 1503 444 1823 1503 444 1824 1502 443 1825 1504 445 1826 1505 446 1827 1506 447 1828 1507 448 1829 1507 448 1830 1506 447 1831 1508 449 1832 1509 450 1833 1510 451 1834 1511 452 1835 1511 452 1836 1510 451 1837 1512 453 1838 1513 454 1839 1514 455 1840 1515 456 1841 1515 456 1842 1514 455 1843 1516 457 1844 1517 458 1845 1518 459 1846 1519 460 1847 1519 460 1848 1518 459 1849 1520 461 1850 1521 194 1851 1522 462 1852 1523 463 1853 1523 463 1854 1522 462 1855 1524 464 1856 1525 126 1857 1526 126 1858 1527 126 1859 1527 126 1860 1526 126 1861 1528 126 1862 1529 465 1863 1530 466 1864 1531 467 1865 1531 467 1866 1530 466 1867 1532 126 1868 1533 468 1869 1534 468 1870 1535 468 1871 1535 468 1872 1534 468 1873 1536 468 1874 1537 469 1875 1538 470 1876 1539 471 1877 1539 471 1878 1538 470 1879 1540 472 1880 1541 473 1881 1542 474 1882 1543 475 1883 1543 475 1884 1542 474 1885 1544 476 1886 1545 477 1887 1546 478 1888 1547 479 1889 1547 479 1890 1546 478 1891 1548 480 1892 1549 468 1893 1550 468 1894 1551 468 1895 1551 468 1896 1550 468 1897 1552 468 1898 1553 481 1899 1554 482 1900 1555 483 1901 1555 483 1902 1554 482 1903 1556 484 1904 1557 485 1905 1558 485 1906 1559 485 1907 1559 485 1908 1558 485 1909 1560 485 1910 1561 486 1911 1562 487 1912 1563 488 1913 1563 488 1914 1562 487 1915 1564 486 1916 1565 489 1917 1566 490 1918 1567 490 1919 1567 490 1920 1566 490 1921 1568 489 1922 1569 491 1923 1570 492 1924 1571 492 1925 1571 492 1926 1570 492 1927 1572 491 1928 1573 485 1929 1574 485 1930 1575 485 1931 1575 485 1932 1574 485 1933 1576 485 1934 1577 493 1935 1578 176 1936 1579 176 1937 1579 176 1938 1578 176 1939 1580 493 1940 1581 494 1941 1582 495 1942 1583 495 1943 1583 495 1944 1582 495 1945 1584 494 1946 1585 176 1947 1586 176 1948 1587 176 1949 1587 176 1950 1586 176 1951 1588 176 1952 1589 195 1953 1590 496 1954 1591 496 1955 1591 496 1956 1590 496 1957 1592 195 1958 1593 30 1959 1594 30 1960 1595 30 1961 1595 30 1962 1594 30 1963 1596 30 1964 1597 30 1965 1598 30 1966 1599 30 1967 1599 30 1968 1598 30 1969 1600 30 1970 1601 176 1971 1602 497 1972 1603 497 1973 1603 497 1974 1602 497 1975 1604 176 1976 1605 32 1977 1606 32 1978 1607 32 1979 1607 32 1980 1606 32 1981 1608 32 1982 1609 403 1983 1610 403 1984 1611 403 1985 1611 403 1986 1610 403 1987 1612 403 1988 1613 32 1989 1614 31 1990 1615 31 1991 1615 31 1992 1614 31 1993 1616 32 1994 1617 356 1995 1618 403 1996 1619 403 1997 1619 403 1998 1618 403 1999 1620 356 2000 1621 498 2001 1622 499 2002 1623 500 2003 1623 500 2004 1622 499 2005 1624 501 2006 1625 404 2007 1626 502 2008 1627 502 2009 1627 502 2010 1626 502 2011 1628 404 2012 1629 32 2013 1630 32 2014 1631 32 2015 1631 32 2016 1630 32 2017 1632 32 2018 1633 503 2019 1634 504 2020 1635 504 2021 1635 504 2022 1634 504 2023 1636 503 2024 1637 20 2025 1638 20 2026 1639 20 2027 1639 20 2028 1638 20 2029 1640 20 2030 1641 505 2031 1642 506 2032 1643 505 2033 1643 505 2034 1642 506 2035 1644 505 2036 1645 507 2037 1646 507 2038 1647 507 2039 1647 507 2040 1646 507 2041 1648 507 2042 1649 508 2043 1650 509 2044 1651 500 2045 1651 500 2046 1650 509 2047 1652 32 2048 1653 20 2049 1654 20 2050 1655 20 2051 1655 20 2052 1654 20 2053 1656 20 2054 1657 510 2055 1658 511 2056 1659 512 2057 1659 512 2058 1658 511 2059 1660 513 2060 1661 514 2061 1662 515 2062 1663 516 2063 1663 516 2064 1662 515 2065 1664 517 2066 1665 518 2067 1666 519 2068 1667 520 2069 1667 520 2070 1666 519 2071 1668 521 2072 1669 148 2073 1670 147 2074 1671 147 2075 1671 147 2076 1670 147 2077 1672 147 2078 1673 522 2079 1674 523 2080 1675 524 2081 1675 524 2082 1674 523 2083 1676 525 2084 1677 526 2085 1678 527 2086 1679 528 2087 1679 528 2088 1678 527 2089 1680 529 2090 1681 530 2091 1682 531 2092 1683 532 2093 1683 532 2094 1682 531 2095 1684 533 2096 1685 20 2097 1686 20 2098 1687 20 2099 1687 20 2100 1686 20 2101 1688 20 2102 1689 534 2103 1690 535 2104 1691 535 2105 1691 535 2106 1690 535 2107 1692 534 2108 1693 536 2109 1694 537 2110 1695 537 2111 1695 537 2112 1694 537 2113 1696 536 2114 1697 485 2115 1698 485 2116 1699 485 2117 1699 485 2118 1698 485 2119 1700 485 2120 1701 538 2121 1702 539 2122 1703 540 2123 1703 540 2124 1702 539 2125 1704 541 2126 1705 542 2127 1706 542 2128 1707 542 2129 1707 542 2130 1706 542 2131 1708 542 2132 1709 543 2133 1710 544 2134 1711 545 2135 1711 545 2136 1710 544 2137 1712 546 2138 1713 547 2139 1714 548 2140 1715 549 2141 1715 549 2142 1714 548 2143 1716 550 2144 1717 5 2145 1718 5 2146 1719 5 2147 1719 5 2148 1718 5 2149 1720 5 2150 1721 551 2151 1722 552 2152 1723 553 2153 1723 553 2154 1722 552 2155 1724 554 2156 1725 555 2157 1726 556 2158 1727 557 2159 1727 557 2160 1726 556 2161 1728 558 2162 1729 558 2163 1730 559 2164 1731 560 2165 1731 560 2166 1730 559 2167 1732 561 2168 1733 561 2169 1734 562 2170 1735 563 2171 1735 563 2172 1734 562 2173 1736 564 2174 1737 565 2175 1738 566 2176 1739 566 2177 1739 566 2178 1738 566 2179 1740 565 2180 1741 567 2181 1742 568 2182 1743 568 2183 1743 568 2184 1742 568 2185 1744 567 2186 1745 184 2187 1746 59 2188 1747 569 2189 1747 569 2190 1746 59 2191 1748 569 2192 1749 570 2193 1750 571 2194 1751 571 2195 1751 571 2196 1750 571 2197 1752 570 2198 1753 78 2199 1754 78 2200 1755 78 2201 1755 78 2202 1754 78 2203 1756 78 2204 1757 572 2205 1758 572 2206 1759 572 2207 1759 572 2208 1758 572 2209 1760 572 2210 1761 573 2211 1762 574 2212 1763 575 2213 1763 575 2214 1762 574 2215 1764 576 2216 1765 577 2217 1766 578 2218 1767 578 2219 1767 578 2220 1766 578 2221 1768 577 2222 1769 6 2223 1770 47 2224 1771 579 2225 1771 579 2226 1770 47 2227 1772 47 2228 1773 5 2229 1774 5 2230 1775 5 2231 1775 5 2232 1774 5 2233 1776 5 2234 1777 5 2235 1778 5 2236 1779 5 2237 1779 5 2238 1778 5 2239 1780 5 2240 1781 5 2241 1782 5 2242 1783 5 2243 1783 5 2244 1782 5 2245 1784 5 2246 1785 5 2247 1786 5 2248 1787 5 2249 1787 5 2250 1786 5 2251 1788 5 2252 1789 5 2253 1790 5 2254 1791 5 2255 1791 5 2256 1790 5 2257 1792 5 2258 1793 580 2259 1794 581 2260 1795 582 2261 1795 582 2262 1794 581 2263 1796 583 2264 1797 584 2265 1798 585 2266 1799 585 2267 1799 585 2268 1798 585 2269 1800 584 2270 1801 274 2271 1802 586 2272 1803 586 2273 1803 586 2274 1802 586 2275 1804 274 2276 1805 577 2277 1806 578 2278 1807 578 2279 1807 578 2280 1806 578 2281 1808 577 2282 1809 587 2283 1810 588 2284 1811 589 2285 1811 589 2286 1810 588 2287 1812 590 2288 1813 570 2289 1814 591 2290 1815 592 2291 1815 592 2292 1814 591 2293 1816 593 2294 1817 5 2295 1818 5 2296 1819 5 2297 1819 5 2298 1818 5 2299 1820 5 2300 1821 6 2301 1822 6 2302 1823 6 2303 1823 6 2304 1822 6 2305 1824 6 2306 1825 6 2307 1826 6 2308 1827 6 2309 1827 6 2310 1826 6 2311 1828 6 2312 1829 6 2313 1830 6 2314 1831 6 2315 1831 6 2316 1830 6 2317 1832 6 2318 1833 6 2319 1834 6 2320 1835 6 2321 1835 6 2322 1834 6 2323 1836 6 2324 1837 6 2325 1838 6 2326 1839 6 2327 1839 6 2328 1838 6 2329 1840 6 2330 1841 6 2331 1842 6 2332 1843 6 2333 1843 6 2334 1842 6 2335 1844 6 2336 1845 6 2337 1846 6 2338 1847 6 2339 1847 6 2340 1846 6 2341 1848 6 2342 1849 6 2343 1850 6 2344 1851 6 2345 1851 6 2346 1850 6 2347 1852 6 2348 1853 6 2349 1854 6 2350 1855 6 2351 1855 6 2352 1854 6 2353 1856 6 2354 1857 6 2355 1858 6 2356 1859 6 2357 1859 6 2358 1858 6 2359 1860 6 2360 1861 6 2361 1862 6 2362 1863 6 2363 1863 6 2364 1862 6 2365 1864 6 2366 1865 594 2367 1866 595 2368 1867 596 2369 1867 596 2370 1866 595 2371 1868 597 2372 1869 598 2373 1870 599 2374 1871 599 2375 1871 599 2376 1870 599 2377 1872 598 2378 1873 600 2379 1874 601 2380 1875 602 2381 1875 602 2382 1874 601 2383 1876 603 2384 1877 604 2385 1878 605 2386 1879 606 2387 1879 606 2388 1878 605 2389 1880 607 2390 1881 604 2391 1882 608 2392 1883 609 2393 1883 609 2394 1882 608 2395 1884 610 2396 1885 611 2397 1886 612 2398 1887 613 2399 1887 613 2400 1886 612 2401 1888 395 2402 1889 614 2403 1890 615 2404 1891 616 2405 1891 616 2406 1890 615 2407 1892 148 2408 1893 617 2409 1894 618 2410 1895 619 2411 1895 619 2412 1894 618 2413 1896 395 2414 1897 231 2415 1898 231 2416 1899 231 2417 1899 231 2418 1898 231 2419 1900 231 2420 1901 620 2421 1902 620 2422 1903 620 2423 1903 620 2424 1902 620 2425 1904 620 2426 1905 621 2427 1906 621 2428 1907 621 2429 1907 621 2430 1906 621 2431 1908 621 2432 1909 5 2433 1910 5 2434 1911 5 2435 1911 5 2436 1910 5 2437 1912 5 2438 1913 126 2439 1914 126 2440 1915 126 2441 1915 126 2442 1914 126 2443 1916 126 2444 1917 147 2445 1918 147 2446 1919 147 2447 1919 147 2448 1918 147 2449 1920 147 2450 1921 5 2451 1922 5 2452 1923 5 2453 1923 5 2454 1922 5 2455 1924 5 2456 1925 126 2457 1926 126 2458 1927 126 2459 1927 126 2460 1926 126 2461 1928 126 2462 1929 231 2463 1930 231 2464 1931 231 2465 1931 231 2466 1930 231 2467 1932 231 2468 1933 622 2469 1934 623 2470 1935 624 2471 1935 624 2472 1934 623 2473 1936 625 2474 1937 626 2475 1938 627 2476 1939 628 2477 1939 628 2478 1938 627 2479 1940 629 2480 1941 630 2481 1942 631 2482 1943 632 2483 1943 632 2484 1942 631 2485 1944 633 2486 1945 425 2487 1946 425 2488 1947 425 2489 1947 425 2490 1946 425 2491 1948 425 2492 1949 634 2493 1950 635 2494 1951 636 2495 1951 636 2496 1950 635 2497 1952 637 2498 1953 638 2499 1954 638 2500 1955 638 2501 1955 638 2502 1954 638 2503 1956 638 2504 1957 32 2505 1958 32 2506 1959 32 2507 1959 32 2508 1958 32 2509 1960 32 2510 1961 639 2511 1962 639 2512 1963 639 2513 1963 639 2514 1962 639 2515 1964 639 2516 1965 418 2517 1966 418 2518 1967 418 2519 1967 418 2520 1966 418 2521 1968 418 2522 1969 640 2523 1970 641 2524 1971 642 2525 1971 642 2526 1970 641 2527 1972 643 2528 1973 644 2529 1974 645 2530 1975 646 2531 1975 646 2532 1974 645 2533 1976 647 2534 1977 648 2535 1978 649 2536 1979 650 2537 1979 650 2538 1978 649 2539 1980 651 2540 1981 652 2541 1982 653 2542 1983 654 2543 1983 654 2544 1982 653 2545 1984 655 2546 1985 656 2547 1986 657 2548 1987 658 2549 1987 658 2550 1986 657 2551 1988 659 2552 1989 660 2553 1990 661 2554 1991 662 2555 1991 662 2556 1990 661 2557 1992 449 2558 1993 663 2559 1994 664 2560 1995 665 2561 1995 665 2562 1994 664 2563 1996 666 2564 1997 667 2565 1998 668 2566 1999 669 2567 1999 669 2568 1998 668 2569 2000 670 2570 2001 671 2571 2002 672 2572 2003 673 2573 2003 673 2574 2002 672 2575 2004 674 2576 2005 675 2577 2006 676 2578 2007 677 2579 2007 677 2580 2006 676 2581 2008 678 2582 2009 126 2583 2010 126 2584 2011 126 2585 2011 126 2586 2010 126 2587 2012 126 2588 2013 679 2589 2014 680 2590 2015 681 2591 2015 681 2592 2014 680 2593 2016 126 2594 2017 682 2595 2018 682 2596 2019 682 2597 2019 682 2598 2018 682 2599 2020 682 2600 2021 683 2601 2022 684 2602 2023 685 2603 2023 685 2604 2022 684 2605 2024 686 2606 2025 687 2607 2026 688 2608 2027 689 2609 2027 689 2610 2026 688 2611 2028 690 2612 2029 691 2613 2030 692 2614 2031 693 2615 2031 693 2616 2030 692 2617 2032 694 2618 2033 682 2619 2034 682 2620 2035 682 2621 2035 682 2622 2034 682 2623 2036 682 2624 2037 695 2625 2038 696 2626 2039 697 2627 2039 697 2628 2038 696 2629 2040 698 2630 2041 699 2631 2042 699 2632 2043 699 2633 2043 699 2634 2042 699 2635 2044 699 2636 2045 700 2637 2046 701 2638 2047 702 2639 2047 702 2640 2046 701 2641 2048 700 2642 2049 703 2643 2050 704 2644 2051 704 2645 2051 704 2646 2050 704 2647 2052 703 2648 2053 705 2649 2054 706 2650 2055 706 2651 2055 706 2652 2054 706 2653 2056 705 2654 2057 699 2655 2058 699 2656 2059 699 2657 2059 699 2658 2058 699 2659 2060 699 2660 2061 707 2661 2062 708 2662 2063 709 2663 2063 709 2664 2062 708 2665 2064 710 2666 2065 711 2667 2066 711 2668 2067 711 2669 2067 711 2670 2066 711 2671 2068 711 2672 2069 712 2673 2070 713 2674 2071 714 2675 2071 714 2676 2070 713 2677 2072 715 2678 2073 5 2679 2074 5 2680 2075 5 2681 2075 5 2682 2074 5 2683 2076 5 2684 2077 716 2685 2078 717 2686 2079 718 2687 2079 718 2688 2078 717 2689 2080 719 2690 2081 555 2691 2082 720 2692 2083 720 2693 2083 720 2694 2082 720 2695 2084 555 2696 2085 721 2697 2086 722 2698 2087 722 2699 2087 722 2700 2086 722 2701 2088 721 2702 2089 721 2703 2090 722 2704 2091 722 2705 2091 722 2706 2090 722 2707 2092 721 2708 2093 723 2709 2094 724 2710 2095 725 2711 2095 725 2712 2094 724 2713 2096 726 2714 2097 47 2715 2098 47 2716 2099 47 2717 2099 47 2718 2098 47 2719 2100 47 2720 2101 47 2721 2102 47 2722 2103 47 2723 2103 47 2724 2102 47 2725 2104 47 2726 2105 727 2727 2106 728 2728 2107 728 2729 2107 728 2730 2106 728 2731 2108 727 2732 2109 729 2733 2110 730 2734 2111 730 2735 2111 730 2736 2110 730 2737 2112 729 2738 2113 79 2739 2114 79 2740 2115 79 2741 2115 79 2742 2114 79 2743 2116 79 2744 2117 731 2745 2118 732 2746 2119 733 2747 2119 733 2748 2118 732 2749 2120 734 2750 2121 79 2751 2122 79 2752 2123 79 2753 2123 79 2754 2122 79 2755 2124 79 2756 2125 5 2757 2126 5 2758 2127 5 2759 2127 5 2760 2126 5 2761 2128 5 2762 2129 5 2763 2130 5 2764 2131 5 2765 2131 5 2766 2130 5 2767 2132 5 2768 2133 5 2769 2134 5 2770 2135 5 2771 2135 5 2772 2134 5 2773 2136 5 2774 2137 5 2775 2138 5 2776 2139 5 2777 2139 5 2778 2138 5 2779 2140 5 2780 2141 5 2781 2142 5 2782 2143 5 2783 2143 5 2784 2142 5 2785 2144 5 2786 2145 347 2787 2146 735 2788 2147 736 2789 2147 736 2790 2146 735 2791 2148 737 2792 2149 30 2793 2150 738 2794 2151 739 2795 2151 739 2796 2150 738 2797 2152 740 2798 2153 246 2799 2154 741 2800 2155 742 2801 2155 742 2802 2154 741 2803 2156 675 2804 2157 743 2805 2158 743 2806 2159 743 2807 2159 743 2808 2158 743 2809 2160 743 2810 2161 246 2811 2162 744 2812 2163 745 2813 2163 745 2814 2162 744 2815 2164 746 2816 2165 747 2817 2166 748 2818 2167 748 2819 2167 748 2820 2166 748 2821 2168 747 2822 2169 5 2823 2170 5 2824 2171 5 2825 2171 5 2826 2170 5 2827 2172 5 2828 2173 6 2829 2174 6 2830 2175 6 2831 2175 6 2832 2174 6 2833 2176 6 2834 2177 6 2835 2178 6 2836 2179 6 2837 2179 6 2838 2178 6 2839 2180 6 2840 2181 6 2841 2182 6 2842 2183 6 2843 2183 6 2844 2182 6 2845 2184 6 2846 2185 6 2847 2186 6 2848 2187 6 2849 2187 6 2850 2186 6 2851 2188 6 2852 2189 6 2853 2190 6 2854 2191 6 2855 2191 6 2856 2190 6 2857 2192 6 2858 2193 6 2859 2194 6 2860 2195 6 2861 2195 6 2862 2194 6 2863 2196 6 2864 2197 6 2865 2198 6 2866 2199 6 2867 2199 6 2868 2198 6 2869 2200 6 2870 2201 6 2871 2202 6 2872 2203 6 2873 2203 6 2874 2202 6 2875 2204 6 2876 2205 6 2877 2206 6 2878 2207 6 2879 2207 6 2880 2206 6 2881 2208 6 2882 2209 6 2883 2210 6 2884 2211 6 2885 2211 6 2886 2210 6 2887 2212 6 2888 2213 6 2889 2214 6 2890 2215 6 2891 2215 6 2892 2214 6 2893 2216 6 2894 2217 749 2895 2218 750 2896 2219 751 2897 2219 751 2898 2218 750 2899 2220 752 2900 2221 753 2901 2222 754 2902 2223 755 2903 2223 755 2904 2222 754 2905 2224 756 2906 2225 757 2907 2226 758 2908 2227 759 2909 2227 759 2910 2226 758 2911 2228 760 2912 2229 761 2913 2230 762 2914 2231 763 2915 2231 763 2916 2230 762 2917 2232 764 2918 2233 765 2919 2234 765 2920 2235 765 2921 2235 765 2922 2234 765 2923 2236 765 2924 2237 766 2925 2238 767 2926 2239 768 2927 2239 768 2928 2238 767 2929 2240 221 2930 2241 769 2931 2242 770 2932 2243 771 2933 2243 771 2934 2242 770 2935 2244 153 2936 2245 740 2937 2246 772 2938 2247 773 2939 2247 773 2940 2246 772 2941 2248 30 2942 2249 774 2943 2250 775 2944 2251 776 2945 2251 776 2946 2250 775 2947 2252 246 2948 2253 79 2949 2254 79 2950 2255 79 2951 2255 79 2952 2254 79 2953 2256 79 2954 2257 79 2955 2258 79 2956 2259 79 2957 2259 79 2958 2258 79 2959 2260 79 2960 2261 5 2961 2262 5 2962 2263 5 2963 2263 5 2964 2262 5 2965 2264 5 2966 2265 231 2967 2266 231 2968 2267 231 2969 2267 231 2970 2266 231 2971 2268 231 2972 2269 152 2973 2270 152 2974 2271 152 2975 2271 152 2976 2270 152 2977 2272 152 2978 2273 5 2979 2274 5 2980 2275 5 2981 2275 5 2982 2274 5 2983 2276 5 2984 2277 30 2985 2278 30 2986 2279 30 2987 2279 30 2988 2278 30 2989 2280 30 2990 2281 246 2991 2282 246 2992 2283 246 2993 2283 246 2994 2282 246 2995 2284 246 2996 2285 777 2997 2286 778 2998 2287 779 2999 2287 779 3000 2286 778 3001 2288 780 3002 2289 237 3003 2290 781 3004 2291 782 3005 2291 782 3006 2290 781 3007 2292 783 3008 2293 232 3009 2294 232 3010 2295 232 3011 2295 232 3012 2294 232 3013 2296 232 3014 2297 784 3015 2298 785 3016 2299 786 3017 2299 786 3018 2298 785 3019 2300 787 3020 2301 788 3021 2302 788 3022 2303 788 3023 2303 788 3024 2302 788 3025 2304 788 3026 2305 191 3027 2306 191 3028 2307 191 3029 2307 191 3030 2306 191 3031 2308 191 3032 2309 789 3033 2310 789 3034 2311 789 3035 2311 789 3036 2310 789 3037 2312 789 3038 2313 790 3039 2314 790 3040 2315 790 3041 2315 790 3042 2314 790 3043 2316 790 3044 2317 791 3045 2318 791 3046 2319 791 3047 2319 791 3048 2318 791 3049 2320 791 3050 2321 47 3051 2322 47 3052 2323 47 3053 2323 47 3054 2322 47 3055 2324 47 3056 2325 792 3057 2326 793 3058 2327 794 3059 2327 794 3060 2326 793 3061 2328 795 3062 2329 796 3063 2330 797 3064 2331 798 3065 2331 798 3066 2330 797 3067 2332 799 3068 2333 800 3069 2334 801 3070 2335 802 3071 2335 802 3072 2334 801 3073 2336 803 3074 2337 804 3075 2338 805 3076 2339 806 3077 2339 806 3078 2338 805 3079 2340 807 3080 2341 808 3081 2342 809 3082 2343 810 3083 2343 810 3084 2342 809 3085 2344 811 3086 2345 812 3087 2346 813 3088 2347 814 3089 2347 814 3090 2346 813 3091 2348 815 3092 2349 366 3093 2350 366 3094 2351 366 3095 2351 366 3096 2350 366 3097 2352 366 3098 2353 816 3099 2354 817 3100 2355 818 3101 2355 818 3102 2354 817 3103 2356 819 3104 2357 820 3105 2358 821 3106 2359 822 3107 2359 822 3108 2358 821 3109 2360 823 3110 2361 30 3111 2362 30 3112 2363 30 3113 2363 30 3114 2362 30 3115 2364 30 3116 2365 176 3117 2366 824 3118 2367 825 3119 2367 825 3120 2366 824 3121 2368 30 3122 2369 826 3123 2370 826 3124 2371 826 3125 2371 826 3126 2370 826 3127 2372 826 3128 2373 827 3129 2374 828 3130 2375 829 3131 2375 829 3132 2374 828 3133 2376 830 3134 2377 831 3135 2378 832 3136 2379 833 3137 2379 833 3138 2378 832 3139 2380 833 3140 2381 833 3141 2382 833 3142 2383 833 3143 2383 833 3144 2382 833 3145 2384 833 3146 2385 826 3147 2386 826 3148 2387 826 3149 2387 826 3150 2386 826 3151 2388 826 3152 2389 301 3153 2390 834 3154 2391 835 3155 2391 835 3156 2390 834 3157 2392 836 3158 2393 837 3159 2394 838 3160 2395 838 3161 2395 838 3162 2394 838 3163 2396 837 3164 2397 839 3165 2398 840 3166 2399 841 3167 2399 841 3168 2398 840 3169 2400 842 3170 2401 843 3171 2402 844 3172 2403 845 3173 2403 845 3174 2402 844 3175 2404 846 3176 2405 847 3177 2406 848 3178 2407 847 3179 2407 847 3180 2406 848 3181 2408 847 3182 2409 849 3183 2410 850 3184 2411 851 3185 2411 851 3186 2410 850 3187 2412 852 3188 2413 78 3189 2414 78 3190 2415 78 3191 2415 78 3192 2414 78 3193 2416 78 3194 2417 620 3195 2418 620 3196 2419 620 3197 2419 620 3198 2418 620 3199 2420 620 3200 2421 78 3201 2422 77 3202 2423 77 3203 2423 77 3204 2422 77 3205 2424 78 3206 2425 577 3207 2426 620 3208 2427 620 3209 2427 620 3210 2426 620 3211 2428 577 3212 2429 853 3213 2430 854 3214 2431 855 3215 2431 855 3216 2430 854 3217 2432 856 3218 2433 621 3219 2434 857 3220 2435 857 3221 2435 857 3222 2434 857 3223 2436 621 3224 2437 78 3225 2438 78 3226 2439 78 3227 2439 78 3228 2438 78 3229 2440 78 3230 2441 858 3231 2442 727 3232 2443 727 3233 2443 727 3234 2442 727 3235 2444 858 3236 2445 859 3237 2446 860 3238 2447 860 3239 2447 860 3240 2446 860 3241 2448 859 3242 2449 727 3243 2450 727 3244 2451 727 3245 2451 727 3246 2450 727 3247 2452 727 3248 2453 743 3249 2454 861 3250 2455 861 3251 2455 861 3252 2454 861 3253 2456 743 3254 2457 79 3255 2458 79 3256 2459 79 3257 2459 79 3258 2458 79 3259 2460 79 3260 2461 79 3261 2462 79 3262 2463 79 3263 2463 79 3264 2462 79 3265 2464 79 3266 2465 727 3267 2466 862 3268 2467 862 3269 2467 862 3270 2466 862 3271 2468 727 3272 2469 47 3273 2470 47 3274 2471 47 3275 2471 47 3276 2470 47 3277 2472 47 3278 2473 863 3279 2474 864 3280 2475 864 3281 2475 864 3282 2474 864 3283 2476 863 3284 2477 865 3285 2478 854 3286 2479 866 3287 2479 866 3288 2478 854 3289 2480 78 3290 2481 47 3291 2482 47 3292 2483 47 3293 2483 47 3294 2482 47 3295 2484 47 3296 2485 867 3297 2486 867 3298 2487 868 3299 2487 868 3300 2486 867 3301 2488 867 3302 2489 869 3303 2490 869 3304 2491 869 3305 2491 869 3306 2490 869 3307 2492 869 3308 2493 870 3309 2494 871 3310 2495 872 3311 2495 872 3312 2494 871 3313 2496 873 3314 2497 874 3315 2498 875 3316 2499 876 3317 2499 876 3318 2498 875 3319 2500 877 3320 2501 878 3321 2502 879 3322 2503 880 3323 2503 880 3324 2502 879 3325 2504 881 3326 2505 47 3327 2506 47 3328 2507 47 3329 2507 47 3330 2506 47 3331 2508 47 3332 2509 882 3333 2510 883 3334 2511 884 3335 2511 884 3336 2510 883 3337 2512 885 3338 2513 886 3339 2514 887 3340 2515 888 3341 2515 888 3342 2514 887 3343 2516 889 3344 2517 890 3345 2518 891 3346 2519 892 3347 2519 892 3348 2518 891 3349 2520 893 3350 2521 399 3351 2522 405 3352 2523 405 3353 2523 405 3354 2522 405 3355 2524 405 3356 2525 699 3357 2526 699 3358 2527 699 3359 2527 699 3360 2526 699 3361 2528 699 3362 2529 894 3363 2530 895 3364 2531 896 3365 2531 896 3366 2530 895 3367 2532 897 3368 2533 898 3369 2534 899 3370 2535 899 3371 2535 899 3372 2534 899 3373 2536 898 3374 2537 900 3375 2538 901 3376 2539 901 3377 2539 901 3378 2538 901 3379 2540 900 3380 2541 902 3381 2542 903 3382 2543 903 3383 2543 903 3384 2542 903 3385 2544 902 3386 2545 904 3387 2546 905 3388 2547 906 3389 2547 906 3390 2546 905 3391 2548 907 3392 2549 908 3393 2550 909 3394 2551 910 3395 2551 910 3396 2550 909 3397 2552 911 3398 2553 5 3399 2554 5 3400 2555 5 3401 2555 5 3402 2554 5 3403 2556 5 3404 2557 912 3405 2558 913 3406 2559 914 3407 2559 914 3408 2558 913 3409 2560 915 3410 2561 449 3411 2562 449 3412 2563 449 3413 2563 449 3414 2562 449 3415 2564 449 3416 2565 916 3417 2566 917 3418 2567 918 3419 2567 918 3420 2566 917 3421 2568 919 3422 2569 920 3423 2570 921 3424 2571 921 3425 2571 921 3426 2570 921 3427 2572 920 3428 2573 922 3429 2574 923 3430 2575 924 3431 2575 924 3432 2574 923 3433 2576 925 3434 2577 152 3435 2578 153 3436 2579 153 3437 2579 153 3438 2578 153 3439 2580 152 3440 2581 580 3441 2582 926 3442 2583 927 3443 2583 927 3444 2582 926 3445 2584 928 3446 2585 126 3447 2586 126 3448 2587 126 3449 2587 126 3450 2586 126 3451 2588 126 3452 2589 126 3453 2590 126 3454 2591 126 3455 2591 126 3456 2590 126 3457 2592 126 3458 2593 929 3459 2594 930 3460 2595 930 3461 2595 930 3462 2594 930 3463 2596 929 3464 2597 198 3465 2598 931 3466 2599 932 3467 2599 932 3468 2598 931 3469 2600 95 3470 2601 933 3471 2602 933 3472 2603 933 3473 2603 933 3474 2602 933 3475 2604 933 3476 2605 5 3477 2606 5 3478 2607 5 3479 2607 5 3480 2606 5 3481 2608 5 3482 2609 5 3483 2610 5 3484 2611 5 3485 2611 5 3486 2610 5 3487 2612 5 3488 2613 5 3489 2614 5 3490 2615 5 3491 2615 5 3492 2614 5 3493 2616 5 3494 2617 5 3495 2618 5 3496 2619 5 3497 2619 5 3498 2618 5 3499 2620 5 3500 2621 5 3501 2622 5 3502 2623 5 3503 2623 5 3504 2622 5 3505 2624 5 3506 2625 20 3507 2626 20 3508 2627 20 3509 2627 20 3510 2626 20 3511 2628 20 3512 2629 502 3513 2630 934 3514 2631 935 3515 2631 935 3516 2630 934 3517 2632 936 3518 2633 937 3519 2634 938 3520 2635 938 3521 2635 938 3522 2634 938 3523 2636 937 3524 2637 939 3525 2638 940 3526 2639 940 3527 2639 940 3528 2638 940 3529 2640 939 3530 2641 20 3531 2642 47 3532 2643 47 3533 2643 47 3534 2642 47 3535 2644 47 3536 2645 939 3537 2646 941 3538 2647 942 3539 2647 942 3540 2646 941 3541 2648 943 3542 2649 5 3543 2650 5 3544 2651 5 3545 2651 5 3546 2650 5 3547 2652 5 3548 2653 6 3549 2654 6 3550 2655 6 3551 2655 6 3552 2654 6 3553 2656 6 3554 2657 6 3555 2658 6 3556 2659 6 3557 2659 6 3558 2658 6 3559 2660 6 3560 2661 6 3561 2662 6 3562 2663 6 3563 2663 6 3564 2662 6 3565 2664 6 3566 2665 6 3567 2666 6 3568 2667 6 3569 2667 6 3570 2666 6 3571 2668 6 3572 2669 6 3573 2670 6 3574 2671 6 3575 2671 6 3576 2670 6 3577 2672 6 3578 2673 6 3579 2674 6 3580 2675 6 3581 2675 6 3582 2674 6 3583 2676 6 3584 2677 6 3585 2678 6 3586 2679 6 3587 2679 6 3588 2678 6 3589 2680 6 3590 2681 6 3591 2682 6 3592 2683 6 3593 2683 6 3594 2682 6 3595 2684 6 3596 2685 6 3597 2686 6 3598 2687 6 3599 2687 6 3600 2686 6 3601 2688 6 3602 2689 6 3603 2690 6 3604 2691 6 3605 2691 6 3606 2690 6 3607 2692 6 3608 2693 6 3609 2694 6 3610 2695 6 3611 2695 6 3612 2694 6 3613 2696 6 3614 2697 944 3615 2698 945 3616 2699 946 3617 2699 946 3618 2698 945 3619 2700 947 3620 2701 948 3621 2702 949 3622 2703 950 3623 2703 950 3624 2702 949 3625 2704 951 3626 2705 952 3627 2706 953 3628 2707 954 3629 2707 954 3630 2706 953 3631 2708 955 3632 2709 956 3633 2710 957 3634 2711 958 3635 2711 958 3636 2710 957 3637 2712 959 3638 2713 959 3639 2714 960 3640 2715 961 3641 2715 961 3642 2714 960 3643 2716 962 3644 2717 963 3645 2718 964 3646 2719 965 3647 2719 965 3648 2718 964 3649 2720 966 3650 2721 967 3651 2722 968 3652 2723 969 3653 2723 969 3654 2722 968 3655 2724 970 3656 2725 963 3657 2726 964 3658 2727 965 3659 2727 965 3660 2726 964 3661 2728 966 3662 2729 971 3663 2730 972 3664 2731 973 3665 2731 973 3666 2730 972 3667 2732 970 3668 2733 789 3669 2734 789 3670 2735 789 3671 2735 789 3672 2734 789 3673 2736 789 3674 2737 365 3675 2738 365 3676 2739 365 3677 2739 365 3678 2738 365 3679 2740 365 3680 2741 5 3681 2742 5 3682 2743 5 3683 2743 5 3684 2742 5 3685 2744 5 3686 2745 30 3687 2746 30 3688 2747 30 3689 2747 30 3690 2746 30 3691 2748 30 3692 2749 47 3693 2750 47 3694 2751 47 3695 2751 47 3696 2750 47 3697 2752 47 3698 2753 5 3699 2754 5 3700 2755 5 3701 2755 5 3702 2754 5 3703 2756 5 3704 2757 30 3705 2758 30 3706 2759 30 3707 2759 30 3708 2758 30 3709 2760 30 3710 2761 47 3711 2762 47 3712 2763 47 3713 2763 47 3714 2762 47 3715 2764 47 3716 2765 974 3717 2766 975 3718 2767 976 3719 2767 976 3720 2766 975 3721 2768 977 3722 2769 978 3723 2770 979 3724 2771 980 3725 2771 980 3726 2770 979 3727 2772 981 3728 2773 982 3729 2774 982 3730 2775 982 3731 2775 982 3732 2774 982 3733 2776 982 3734 2777 792 3735 2778 792 3736 2779 792 3737 2779 792 3738 2778 792 3739 2780 792 3740 2781 405 3741 2782 405 3742 2783 405 3743 2783 405 3744 2782 405 3745 2784 405 3746 2785 983 3747 2786 983 3748 2787 983 3749 2787 983 3750 2786 983 3751 2788 983 3752 2789 984 3753 2790 985 3754 2791 986 3755 2791 986 3756 2790 985 3757 2792 987 3758 2793 79 3759 2794 79 3760 2795 79 3761 2795 79 3762 2794 79 3763 2796 79 3764 2797 988 3765 2798 989 3766 2799 990 3767 2799 990 3768 2798 989 3769 2800 991 3770 2801 152 3771 2802 152 3772 2803 153 3773 2803 153 3774 2802 152 3775 2804 152 3776 2805 992 3777 2806 993 3778 2807 994 3779 2807 994 3780 2806 993 3781 2808 995 3782 2809 996 3783 2810 996 3784 2811 996 3785 2811 996 3786 2810 996 3787 2812 997 3788 2813 998 3789 2814 999 3790 2815 999 3791 2815 999 3792 2814 999 3793 2816 998 3794 2817 1000 3795 2818 1001 3796 2819 1002 3797 2819 1002 3798 2818 1001 3799 2820 1003 3800 2821 374 3801 2822 374 3802 2823 374 3803 2823 374 3804 2822 374 3805 2824 374 3806 2825 1004 3807 2826 1005 3808 2827 1006 3809 2827 1006 3810 2826 1005 3811 2828 1007 3812 2829 1008 3813 2830 1009 3814 2831 1009 3815 2831 1009 3816 2830 1009 3817 2832 1008 3818 2833 1010 3819 2834 1011 3820 2835 1012 3821 2835 1012 3822 2834 1011 3823 2836 1013 3824 2837 1014 3825 2838 1015 3826 2839 1016 3827 2839 1016 3828 2838 1015 3829 2840 1017 3830 2841 20 3831 2842 20 3832 2843 20 3833 2843 20 3834 2842 20 3835 2844 20 3836 2845 1018 3837 2846 1019 3838 2847 1020 3839 2847 1020 3840 2846 1019 3841 2848 1021 3842 2849 1022 3843 2850 1022 3844 2851 1022 3845 2851 1022 3846 2850 1022 3847 2852 1022 3848 2853 1023 3849 2854 1024 3850 2855 1025 3851 2855 1025 3852 2854 1024 3853 2856 1026 3854 2857 1027 3855 2858 1028 3856 2859 1029 3857 2859 1029 3858 2858 1028 3859 2860 1022 3860 2861 1030 3861 2862 1031 3862 2863 1031 3863 2863 1031 3864 2862 1031 3865 2864 1030 3866 2865 1026 3867 2866 1025 3868 2867 1024 3869 2867 1024 3870 2866 1025 3871 2868 1023 3872 2869 1032 3873 2870 1033 3874 2871 1034 3875 2871 1034 3876 2870 1033 3877 2872 1035 3878 2873 1036 3879 2874 1037 3880 2875 1037 3881 2875 1037 3882 2874 1037 3883 2876 1036 3884 2877 1038 3885 2878 1039 3886 2879 1039 3887 2879 1039 3888 2878 1039 3889 2880 1038 3890 2881 1040 3891 2882 1041 3892 2883 1041 3893 2883 1041 3894 2882 1041 3895 2884 1040 3896 2885 1042 3897 2886 1043 3898 2887 1044 3899 2887 1044 3900 2886 1043 3901 2888 110 3902 2889 1045 3903 2890 1046 3904 2891 1047 3905 2891 1047 3906 2890 1046 3907 2892 1048 3908 2893 902 3909 2894 903 3910 2895 903 3911 2895 903 3912 2894 903 3913 2896 902 3914 2897 1049 3915 2898 1050 3916 2899 1051 3917 2899 1051 3918 2898 1050 3919 2900 1052 3920 2901 1053 3921 2902 1054 3922 2903 1055 3923 2903 1055 3924 2902 1054 3925 2904 1056 3926 2905 5 3927 2906 5 3928 2907 5 3929 2907 5 3930 2906 5 3931 2908 5 3932 2909 1057 3933 2910 1058 3934 2911 1059 3935 2911 1059 3936 2910 1058 3937 2912 1060 3938 2913 449 3939 2914 449 3940 2915 449 3941 2915 449 3942 2914 449 3943 2916 449 3944 2917 1061 3945 2918 1062 3946 2919 1063 3947 2919 1063 3948 2918 1062 3949 2920 919 3950 2921 1064 3951 2922 1065 3952 2923 1065 3953 2923 1065 3954 2922 1065 3955 2924 1064 3956 2925 1066 3957 2926 1067 3958 2927 1068 3959 2927 1068 3960 2926 1067 3961 2928 1069 3962 2929 232 3963 2930 225 3964 2931 225 3965 2931 225 3966 2930 225 3967 2932 232 3968 2933 360 3969 2934 1070 3970 2935 1071 3971 2935 1071 3972 2934 1070 3973 2936 1072 3974 2937 126 3975 2938 126 3976 2939 126 3977 2939 126 3978 2938 126 3979 2940 126 3980 2941 126 3981 2942 126 3982 2943 126 3983 2943 126 3984 2942 126 3985 2944 126 3986 2945 1073 3987 2946 1074 3988 2947 1074 3989 2947 1074 3990 2946 1074 3991 2948 1073 3992 2949 746 3993 2950 1075 3994 2951 1076 3995 2951 1076 3996 2950 1075 3997 2952 111 3998 2953 1077 3999 2954 1077 4000 2955 1077 4001 2955 1077 4002 2954 1077 4003 2956 1077 4004 2957 5 4005 2958 5 4006 2959 5 4007 2959 5 4008 2958 5 4009 2960 5 4010 2961 5 4011 2962 5 4012 2963 5 4013 2963 5 4014 2962 5 4015 2964 5 4016 2965 5 4017 2966 5 4018 2967 5 4019 2967 5 4020 2966 5 4021 2968 5 4022 2969 5 4023 2970 5 4024 2971 5 4025 2971 5 4026 2970 5 4027 2972 5 4028 2973 5 4029 2974 5 4030 2975 5 4031 2975 5 4032 2974 5 4033 2976 5 4034 2977 47 4035 2978 47 4036 2979 47 4037 2979 47 4038 2978 47 4039 2980 47 4040 2981 857 4041 2982 1078 4042 2983 1079 4043 2983 1079 4044 2982 1078 4045 2984 1080 4046 2985 1081 4047 2986 1082 4048 2987 1082 4049 2987 1082 4050 2986 1082 4051 2988 1081 4052 2989 1083 4053 2990 1084 4054 2991 1084 4055 2991 1084 4056 2990 1084 4057 2992 1083 4058 2993 47 4059 2994 20 4060 2995 20 4061 2995 20 4062 2994 20 4063 2996 20 4064 2997 1083 4065 2998 1085 4066 2999 1086 4067 2999 1086 4068 2998 1085 4069 3000 943 4070 3001 6 4071 3002 5 4072 3003 6 4073 3003 6 4074 3002 5 4075 3004 5 4076 3005 5 4077 3006 5 4078 3007 5 4079 3007 5 4080 3006 5 4081 3008 5 4082 3009 6 4083 3010 5 4084 3011 6 4085 3011 6 4086 3010 5 4087 3012 5 4088 3013 6 4089 3014 6 4090 3015 6 4091 3015 6 4092 3014 6 4093 3016 6 4094 3017 6 4095 3018 6 4096 3019 6 4097 3019 6 4098 3018 6 4099 3020 6 4100 3021 6 4101 3022 6 4102 3023 6 4103 3023 6 4104 3022 6 4105 3024 6 4106 3025 6 4107 3026 6 4108 3027 6 4109 3027 6 4110 3026 6 4111 3028 6 4112 3029 6 4113 3030 6 4114 3031 6 4115 3031 6 4116 3030 6 4117 3032 6 4118 3033 6 4119 3034 6 4120 3035 6 4121 3035 6 4122 3034 6 4123 3036 6 4124 3037 6 4125 3038 6 4126 3039 6 4127 3039 6 4128 3038 6 4129 3040 6 4130 3041 6 4131 3042 6 4132 3043 6 4133 3043 6 4134 3042 6 4135 3044 6 4136 3045 6 4137 3046 6 4138 3047 6 4139 3047 6 4140 3046 6 4141 3048 6 4142 3049 6 4143 3050 6 4144 3051 6 4145 3051 6 4146 3050 6 4147 3052 6 4148 3053 6 4149 3054 6 4150 3055 6 4151 3055 6 4152 3054 6 4153 3056 6 4154 3057 1087 4155 3058 1088 4156 3059 1089 4157 3059 1089 4158 3058 1088 4159 3060 947 4160 3061 1090 4161 3062 1091 4162 3063 1092 4163 3063 1092 4164 3062 1091 4165 3064 1093 4166 3065 1094 4167 3066 1095 4168 3067 1096 4169 3067 1096 4170 3066 1095 4171 3068 1097 4172 3069 1098 4173 3070 1099 4174 3071 1100 4175 3071 1100 4176 3070 1099 4177 3072 1101 4178 3073 1101 4179 3074 1102 4180 3075 1103 4181 3075 1103 4182 3074 1102 4183 3076 1104 4184 3077 1105 4185 3078 1106 4186 3079 1107 4187 3079 1107 4188 3078 1106 4189 3080 1108 4190 3081 1109 4191 3082 1110 4192 3083 1111 4193 3083 1111 4194 3082 1110 4195 3084 1112 4196 3085 1105 4197 3086 1106 4198 3087 1107 4199 3087 1107 4200 3086 1106 4201 3088 1108 4202 3089 1113 4203 3090 1114 4204 3091 1115 4205 3091 1115 4206 3090 1114 4207 3092 1112 4208 3093 247 4209 3094 247 4210 3095 247 4211 3095 247 4212 3094 247 4213 3096 247 4214 3097 585 4215 3098 585 4216 3099 585 4217 3099 585 4218 3098 585 4219 3100 585 4220 3101 5 4221 3102 5 4222 3103 5 4223 3103 5 4224 3102 5 4225 3104 5 4226 3105 79 4227 3106 79 4228 3107 79 4229 3107 79 4230 3106 79 4231 3108 79 4232 3109 20 4233 3110 20 4234 3111 20 4235 3111 20 4236 3110 20 4237 3112 20 4238 3113 5 4239 3114 5 4240 3115 5 4241 3115 5 4242 3114 5 4243 3116 5 4244 3117 79 4245 3118 79 4246 3119 79 4247 3119 79 4248 3118 79 4249 3120 79 4250 3121 20 4251 3122 20 4252 3123 20 4253 3123 20 4254 3122 20 4255 3124 20 4256 3125 1116 4257 3126 1117 4258 3127 1118 4259 3127 1118 4260 3126 1117 4261 3128 1119 4262 3129 1120 4263 3130 1121 4264 3131 1122 4265 3131 1122 4266 3130 1121 4267 3132 1123 4268 3133 1124 4269 3134 1124 4270 3135 1124 4271 3135 1124 4272 3134 1124 4273 3136 1124 4274 3137 250 4275 3138 250 4276 3139 250 4277 3139 250 4278 3138 250 4279 3140 250 4280 3141 147 4281 3142 147 4282 3143 147 4283 3143 147 4284 3142 147 4285 3144 147 4286 3145 1125 4287 3146 1125 4288 3147 1125 4289 3147 1125 4290 3146 1125 4291 3148 1125 4292 3149 1126 4293 3150 1127 4294 3151 1128 4295 3151 1128 4296 3150 1127 4297 3152 1129 4298 3153 30 4299 3154 30 4300 3155 30 4301 3155 30 4302 3154 30 4303 3156 30 4304 3157 1130 4305 3158 1131 4306 3159 1132 4307 3159 1132 4308 3158 1131 4309 3160 1133 4310 3161 232 4311 3162 225 4312 3163 232 4313 3163 232 4314 3162 225 4315 3164 232 4316 3165 1134 4317 3166 1135 4318 3167 1136 4319 3167 1136 4320 3166 1135 4321 3168 1137 4322 3169 997 4323 3170 996 4324 3171 996 4325 3171 996 4326 3170 996 4327 3172 996 4328 3173 1138 4329 3174 1139 4330 3175 1139 4331 3175 1139 4332 3174 1139 4333 3176 1140 4334 3177 1000 4335 3178 1141 4336 3179 1142 4337 3179 1142 4338 3178 1141 4339 3180 1143 4340 3181 593 4341 3182 593 4342 3183 593 4343 3183 593 4344 3182 593 4345 3184 593 4346 3185 1144 4347 3186 1145 4348 3187 1146 4349 3187 1146 4350 3186 1145 4351 3188 1147 4352 3189 1148 4353 3190 1149 4354 3191 1149 4355 3191 1149 4356 3190 1149 4357 3192 1148 4358 3193 1150 4359 3194 1151 4360 3195 1152 4361 3195 1152 4362 3194 1151 4363 3196 1153 4364 3197 1154 4365 3198 1155 4366 3199 1156 4367 3199 1156 4368 3198 1155 4369 3200 1157 4370 3201 47 4371 3202 47 4372 3203 47 4373 3203 47 4374 3202 47 4375 3204 47 4376 3205 1158 4377 3206 1159 4378 3207 1160 4379 3207 1160 4380 3206 1159 4381 3208 1161 4382 3209 1022 4383 3210 1022 4384 3211 1022 4385 3211 1022 4386 3210 1022 4387 3212 1022 4388 3213 1162 4389 3214 1163 4390 3215 1164 4391 3215 1164 4392 3214 1163 4393 3216 1165 4394 3217 1166 4395 3218 1167 4396 3219 1168 4397 3219 1168 4398 3218 1167 4399 3220 1022 4400 3221 1169 4401 3222 1170 4402 3223 1170 4403 3223 1170 4404 3222 1170 4405 3224 1169 4406 3225 1165 4407 3226 1164 4408 3227 1163 4409 3227 1163 4410 3226 1164 4411 3228 1162 4412 3229 1171 4413 3230 1172 4414 3231 1173 4415 3231 1173 4416 3230 1172 4417 3232 1174 4418 3233 1175 4419 3234 1176 4420 3235 1176 4421 3235 1176 4422 3234 1176 4423 3236 1175 4424 3237 1177 4425 3238 1178 4426 3239 1178 4427 3239 1178 4428 3238 1178 4429 3240 1177 4430 3241 1179 4431 3242 1180 4432 3243 1180 4433 3243 1180 4434 3242 1180 4435 3244 1179 4436 3245 1181 4437 3246 1182 4438 3247 1183 4439 3247 1183 4440 3246 1182 4441 3248 94 4442 3249 1184 4443 3250 1185 4444 3251 1186 4445 3251 1186 4446 3250 1185 4447 3252 1187 4448 3253 126 4449 3254 126 4450 3255 126 4451 3255 126 4452 3254 126 4453 3256 126 4454 3257 939 4455 3258 1188 4456 3259 1188 4457 3259 1188 4458 3258 1188 4459 3260 939 4460 3261 126 4461 3262 126 4462 3263 126 4463 3263 126 4464 3262 126 4465 3264 126 4466 3265 939 4467 3266 1188 4468 3267 1188 4469 3267 1188 4470 3266 1188 4471 3268 939 4472 3269 126 4473 3270 126 4474 3271 126 4475 3271 126 4476 3270 126 4477 3272 126 4478 3273 1189 4479 3274 1190 4480 3275 1190 4481 3275 1190 4482 3274 1190 4483 3276 1189 4484 3277 939 4485 3278 1188 4486 3279 1188 4487 3279 1188 4488 3278 1188 4489 3280 939 4490 3281 126 4491 3282 126 4492 3283 126 4493 3283 126 4494 3282 126 4495 3284 126 4496 3285 1083 4497 3286 1191 4498 3287 1191 4499 3287 1191 4500 3286 1191 4501 3288 1083 4502 3289 126 4503 3290 126 4504 3291 126 4505 3291 126 4506 3290 126 4507 3292 126 4508 3293 1083 4509 3294 1191 4510 3295 1191 4511 3295 1191 4512 3294 1191 4513 3296 1083 4514 3297 126 4515 3298 126 4516 3299 126 4517 3299 126 4518 3298 126 4519 3300 126 4520 3301 1192 4521 3302 1193 4522 3303 1193 4523 3303 1193 4524 3302 1193 4525 3304 1192 4526 3305 1083 4527 3306 1191 4528 3307 1191 4529 3307 1191 4530 3306 1191 4531 3308 1083 4532 3309 788 4533 3310 788 4534 3311 788 4535 3311 788 4536 3310 788 4537 3312 788 4538 3313 245 4539 3314 245 4540 3315 245 4541 3315 245 4542 3314 245 4543 3316 245 4544 3317 126 4545 3318 126 4546 3319 126 4547 3319 126 4548 3318 126 4549 3320 126 4550 3321 1194 4551 3322 1194 4552 3323 1194 4553 3323 1194 4554 3322 1194 4555 3324 1194 4556 3325 126 4557 3326 126 4558 3327 126 4559 3327 126 4560 3326 126 4561 3328 126 4562 3329 1195 4563 3330 1195 4564 3331 1195 4565 3331 1195 4566 3330 1195 4567 3332 1195 4568 3333 1196 4569 3334 1197 4570 3335 1198 4571 3335 1198 4572 3334 1197 4573 3336 1199 4574 3337 1200 4575 3338 1201 4576 3339 1202 4577 3339 1202 4578 3338 1201 4579 3340 1203 4580 3341 1204 4581 3342 1205 4582 3343 1206 4583 3343 1206 4584 3342 1205 4585 3344 1207 4586 3345 1208 4587 3346 1209 4588 3347 1209 4589 3347 1209 4590 3346 1209 4591 3348 1209 4592 3349 1210 4593 3350 1211 4594 3351 1212 4595 3351 1212 4596 3350 1211 4597 3352 1213 4598 3353 1214 4599 3354 1215 4600 3355 1216 4601 3355 1216 4602 3354 1215 4603 3356 1217 4604 3357 1218 4605 3358 1219 4606 3359 1220 4607 3359 1220 4608 3358 1219 4609 3360 1221 4610 3361 1222 4611 3362 1223 4612 3363 1223 4613 3363 1223 4614 3362 1223 4615 3364 1223 4616 3365 1224 4617 3366 1225 4618 3367 1226 4619 3367 1226 4620 3366 1225 4621 3368 1227 4622 3369 1228 4623 3370 1228 4624 3371 1228 4625 3371 1228 4626 3370 1228 4627 3372 1228 4628 3373 1229 4629 3374 1230 4630 3375 1231 4631 3375 1231 4632 3374 1230 4633 3376 1232 4634 3377 1228 4635 3378 1228 4636 3379 1228 4637 3379 1228 4638 3378 1228 4639 3380 1228 4640 3381 1233 4641 3382 1233 4642 3383 1233 4643 3383 1233 4644 3382 1233 4645 3384 1233 4646 3385 231 4647 3386 231 4648 3387 231 4649 3387 231 4650 3386 231 4651 3388 231 4652 3389 1234 4653 3390 1234 4654 3391 1234 4655 3391 1234 4656 3390 1234 4657 3392 1234 4658 3393 126 4659 3394 126 4660 3395 126 4661 3395 126 4662 3394 126 4663 3396 126 4664 3397 1235 4665 3398 1235 4666 3399 1235 4667 3399 1235 4668 3398 1235 4669 3400 1235 4670 3401 231 4671 3402 231 4672 3403 231 4673 3403 231 4674 3402 231 4675 3404 231 4676 3405 1236 4677 3406 1236 4678 3407 1236 4679 3407 1236 4680 3406 1236 4681 3408 1236 4682 3409 126 4683 3410 126 4684 3411 126 4685 3411 126 4686 3410 126 4687 3412 126 4688 3413 1237 4689 3414 1238 4690 3415 1238 4691 3415 1238 4692 3414 1238 4693 3416 1237 4694 3417 1239 4695 3418 1240 4696 3419 1240 4697 3419 1240 4698 3418 1240 4699 3420 1239 4700 3421 1241 4701 3422 1242 4702 3423 1242 4703 3423 1242 4704 3422 1242 4705 3424 1241 4706 3425 1243 4707 3426 1244 4708 3427 1244 4709 3427 1244 4710 3426 1244 4711 3428 1243 4712 3429 1245 4713 3430 1246 4714 3431 1246 4715 3431 1246 4716 3430 1246 4717 3432 1245 4718 3433 1247 4719 3434 1248 4720 3435 1248 4721 3435 1248 4722 3434 1248 4723 3436 1247 4724 3437 1249 4725 3438 1250 4726 3439 1250 4727 3439 1250 4728 3438 1250 4729 3440 1249 4730 3441 1251 4731 3442 1252 4732 3443 1252 4733 3443 1252 4734 3442 1252 4735 3444 1251 4736 3445 1253 4737 3446 1254 4738 3447 1254 4739 3447 1254 4740 3446 1254 4741 3448 1253 4742 3449 1255 4743 3450 1256 4744 3451 1256 4745 3451 1256 4746 3450 1256 4747 3452 1255 4748 3453 1257 4749 3454 1258 4750 3455 1258 4751 3455 1258 4752 3454 1258 4753 3456 1257 4754 3457 1259 4755 3458 1260 4756 3459 1260 4757 3459 1260 4758 3458 1260 4759 3460 1259 4760 3461 929 4761 3462 930 4762 3463 930 4763 3463 930 4764 3462 930 4765 3464 929 4766 3465 1194 4767 3466 1194 4768 3467 1194 4769 3467 1194 4770 3466 1194 4771 3468 1194 4772 3469 1261 4773 3470 1261 4774 3471 1261 4775 3471 1261 4776 3470 1261 4777 3472 1261 4778 3473 1262 4779 3474 1263 4780 3475 1263 4781 3475 1263 4782 3474 1263 4783 3476 1262 4784 3477 791 4785 3478 1264 4786 3479 1264 4787 3479 1264 4788 3478 1264 4789 3480 791 4790 3481 869 4791 3482 869 4792 3483 869 4793 3483 869 4794 3482 869 4795 3484 869 4796 3485 867 4797 3486 867 4798 3487 867 4799 3487 867 4800 3486 867 4801 3488 867 4802 3489 1265 4803 3490 1266 4804 3491 1266 4805 3491 1266 4806 3490 1266 4807 3492 1265 4808 3493 1073 4809 3494 1074 4810 3495 1074 4811 3495 1074 4812 3494 1074 4813 3496 1073 4814 3497 1195 4815 3498 1195 4816 3499 1195 4817 3499 1195 4818 3498 1195 4819 3500 1195 4820 3501 1267 4821 3502 1267 4822 3503 1267 4823 3503 1267 4824 3502 1267 4825 3504 1267 4826 3505 1268 4827 3506 1269 4828 3507 1269 4829 3507 1269 4830 3506 1269 4831 3508 1268 4832 3509 249 4833 3510 1270 4834 3511 1270 4835 3511 1270 4836 3510 1270 4837 3512 249 4838 3513 507 4839 3514 507 4840 3515 507 4841 3515 507 4842 3514 507 4843 3516 507 4844 3517 505 4845 3518 505 4846 3519 505 4847 3519 505 4848 3518 505 4849 3520 505 4850 3521 1271 4851 3522 1272 4852 3523 1272 4853 3523 1272 4854 3522 1272 4855 3524 1271 4856 3525 5 4857 3526 5 4858 3527 5 4859 3527 5 4860 3526 5 4861 3528 5 4862 3529 5 4863 3530 5 4864 3531 5 4865 3531 5 4866 3530 5 4867 3532 5 4868 3533 5 4869 3534 5 4870 3535 5 4871 3535 5 4872 3534 5 4873 3536 5 4874 3537 5 4875 3538 5 4876 3539 5 4877 3539 5 4878 3538 5 4879 3540 5 4880 3541 5 4881 3542 5 4882 3543 5 4883 3543 5 4884 3542 5 4885 3544 5 4886 3545 5 4887 3546 5 4888 3547 5 4889 3547 5 4890 3546 5 4891 3548 5 4892 3549 5 4893 3550 5 4894 3551 5 4895 3551 5 4896 3550 5 4897 3552 5 4898 3553 5 4899 3554 5 4900 3555 5 4901 3555 5 4902 3554 5 4903 3556 5 4904 3557 5 4905 3558 5 4906 3559 5 4907 3559 5 4908 3558 5 4909 3560 5 4910 3561 5 4911 3562 5 4912 3563 5 4913 3563 5 4914 3562 5 4915 3564 5 4916 3565 5 4917 3566 5 4918 3567 5 4919 3567 5 4920 3566 5 4921 3568 5 4922 3569 5 4923 3570 5 4924 3571 5 4925 3571 5 4926 3570 5 4927 3572 5 4928 3573 5 4929 3574 5 4930 3575 5 4931 3575 5 4932 3574 5 4933 3576 5 4934 3577 5 4935 3578 5 4936 3579 5 4937 3579 5 4938 3578 5 4939 3580 5 4940 3581 5 4941 3582 5 4942 3583 5 4943 3583 5 4944 3582 5 4945 3584 5 4946 3585 5 4947 3586 5 4948 3587 5 4949 3587 5 4950 3586 5 4951 3588 5 4952 3589 5 4953 3590 5 4954 3591 5 4955 3591 5 4956 3590 5 4957 3592 5 4958 3593 5 4959 3594 5 4960 3595 5 4961 3595 5 4962 3594 5 4963 3596 5 4964 3597 5 4965 3598 5 4966 3599 5 4967 3599 5 4968 3598 5 4969 3600 5 4970 3601 5 4971 3602 5 4972 3603 5 4973 3603 5 4974 3602 5 4975 3604 5 4976 3605 5 4977 3606 5 4978 3607 5 4979 3607 5 4980 3606 5 4981 3608 5 4982 3609 5 4983 3610 5 4984 3611 5 4985 3611 5 4986 3610 5 4987 3612 5 4988 3613 5 4989 3614 5 4990 3615 5 4991 3615 5 4992 3614 5 4993 3616 5 4994 3617 5 4995 3618 5 4996 3619 5 4997 3619 5 4998 3618 5 4999 3620 5 5000 3621 5 5001 3622 5 5002 3623 5 5003 3623 5 5004 3622 5 5005 3624 5 5006 3625 5 5007 3626 5 5008 3627 5 5009 3627 5 5010 3626 5 5011 3628 5 5012 3629 5 5013 3630 5 5014 3631 5 5015 3631 5 5016 3630 5 5017 3632 5 5018 3633 5 5019 3634 5 5020 3635 5 5021 3635 5 5022 3634 5 5023 3636 5 5024 3637 5 5025 3638 5 5026 3639 5 5027 3639 5 5028 3638 5 5029 3640 5 5030 3641 5 5031 3642 5 5032 3643 5 5033 3643 5 5034 3642 5 5035 3644 5 5036 3645 5 5037 3646 5 5038 3647 5 5039 3647 5 5040 3646 5 5041 3648 5 5042 3649 5 5043 3650 5 5044 3651 5 5045 3651 5 5046 3650 5 5047 3652 5 5048 3653 5 5049 3654 5 5050 3655 5 5051 3655 5 5052 3654 5 5053 3656 5 5054 3657 5 5055 3658 5 5056 3659 5 5057 3659 5 5058 3658 5 5059 3660 5 5060 3661 5 5061 3662 5 5062 3663 5 5063 3663 5 5064 3662 5 5065 3664 5 5066 3665 5 5067 3666 5 5068 3667 5 5069 3667 5 5070 3666 5 5071 3668 5 5072 3669 47 5073 3670 47 5074 3671 47 5075 3671 47 5076 3670 47 5077 3672 47 5078 3673 47 5079 3674 47 5080 3675 47 5081 3675 47 5082 3674 47 5083 3676 47 5084 3677 20 5085 3678 20 5086 3679 20 5087 3679 20 5088 3678 20 5089 3680 20 5090 3681 20 5091 3682 20 5092 3683 20 5093 3683 20 5094 3682 20 5095 3684 20 5096 3685 20 5097 3686 20 5098 3687 20 5099 3687 20 5100 3686 20 5101 3688 20 5102 3689 20 5103 3690 20 5104 3691 20 5105 3691 20 5106 3690 20 5107 3692 20 5108 3693 47 5109 3694 47 5110 3695 47 5111 3695 47 5112 3694 47 5113 3696 47 5114 3697 47 5115 3698 47 5116 3699 47 5117 3699 47 5118 3698 47 5119 3700 47 5120 3701 5 5121 3702 5 5122 3703 5 5123 3703 5 5124 3702 5 5125 3704 5 5126 3705 1273 5127 3706 1273 5128 3707 1273 5129 3707 1273 5130 3706 1273 5131 3708 1273 5132 3709 5 5133 3710 5 5134 3711 5 5135 3711 5 5136 3710 5 5137 3712 5 5138 3713 982 5139 3714 1241 5140 3715 1241 5141 3715 1241 5142 3714 1241 5143 3716 982 5144 3717 5 5145 3718 5 5146 3719 5 5147 3719 5 5148 3718 5 5149 3720 5 5150 3721 1274 5151 3722 1274 5152 3723 1274 5153 3723 1274 5154 3722 1274 5155 3724 1274 5156 3725 5 5157 3726 5 5158 3727 5 5159 3727 5 5160 3726 5 5161 3728 5 5162 3729 1124 5163 3730 1253 5164 3731 1253 5165 3731 1253 5166 3730 1253 5167 3732 1124 5168 3733 6 5169 3734 6 5170 3735 6 5171 3735 6 5172 3734 6 5173 3736 6 5174 3737 6 5175 3738 6 5176 3739 6 5177 3739 6 5178 3738 6 5179 3740 6 5180 3741 6 5181 3742 6 5182 3743 6 5183 3743 6 5184 3742 6 5185 3744 6 5186 3745 6 5187 3746 6 5188 3747 6 5189 3747 6 5190 3746 6 5191 3748 6 5192 3749 6 5193 3750 6 5194 3751 6 5195 3751 6 5196 3750 6 5197 3752 6 5198 3753 6 5199 3754 6 5200 3755 6 5201 3755 6 5202 3754 6 5203 3756 6 5204 3757 6 5205 3758 6 5206 3759 6 5207 3759 6 5208 3758 6 5209 3760 6 5210 3761 6 5211 3762 6 5212 3763 6 5213 3763 6 5214 3762 6 5215 3764 6 5216 3765 6 5217 3766 6 5218 3767 6 5219 3767 6 5220 3766 6 5221 3768 6 5222 3769 6 5223 3770 6 5224 3771 6 5225 3771 6 5226 3770 6 5227 3772 6 5228 3773 6 5229 3774 6 5230 3775 6 5231 3775 6 5232 3774 6 5233 3776 6 5234 3777 6 5235 3778 6 5236 3779 6 5237 3779 6 5238 3778 6 5239 3780 6 5240 3781 6 5241 3782 6 5242 3783 6 5243 3783 6 5244 3782 6 5245 3784 6 5246 3785 6 5247 3786 6 5248 3787 6 5249 3787 6 5250 3786 6 5251 3788 6 5252 3789 6 5253 3790 6 5254 3791 6 5255 3791 6 5256 3790 6 5257 3792 6 5258 3793 6 5259 3794 6 5260 3795 6 5261 3795 6 5262 3794 6 5263 3796 6 5264 3797 6 5265 3798 6 5266 3799 6 5267 3799 6 5268 3798 6 5269 3800 6 5270 3801 6 5271 3802 6 5272 3803 6 5273 3803 6 5274 3802 6 5275 3804 6 5276 3805 6 5277 3806 6 5278 3807 6 5279 3807 6 5280 3806 6 5281 3808 6 5282 3809 6 5283 3810 6 5284 3811 6 5285 3811 6 5286 3810 6 5287 3812 6 5288 3813 6 5289 3814 6 5290 3815 6 5291 3815 6 5292 3814 6 5293 3816 6 5294 3817 6 5295 3818 6 5296 3819 6 5297 3819 6 5298 3818 6 5299 3820 6 5300 3821 6 5301 3822 6 5302 3823 6 5303 3823 6 5304 3822 6 5305 3824 6 5306 3825 6 5307 3826 6 5308 3827 6 5309 3827 6 5310 3826 6 5311 3828 6 5312 3829 5 5313 3830 5 5314 3831 5 5315 3831 5 5316 3830 5 5317 3832 5 5318 3833 5 5319 3834 5 5320 3835 5 5321 3835 5 5322 3834 5 5323 3836 5 5324 3837 5 5325 3838 5 5326 3839 5 5327 3839 5 5328 3838 5 5329 3840 5 5330 3841 5 5331 3842 5 5332 3843 5 5333 3843 5 5334 3842 5 5335 3844 5 5336 3845 5 5337 3846 5 5338 3847 5 5339 3847 5 5340 3846 5 5341 3848 5 5342 3849 5 5343 3850 5 5344 3851 5 5345 3851 5 5346 3850 5 5347 3852 5 5348 3853 5 5349 3854 5 5350 3855 5 5351 3855 5 5352 3854 5 5353 3856 5 5354 3857 5 5355 3858 5 5356 3859 5 5357 3859 5 5358 3858 5 5359 3860 5 5360 3861 5 5361 3862 5 5362 3863 5 5363 3863 5 5364 3862 5 5365 3864 5 5366 3865 5 5367 3866 5 5368 3867 5 5369 3867 5 5370 3866 5 5371 3868 5 5372 3869 5 5373 3870 5 5374 3871 5 5375 3871 5 5376 3870 5 5377 3872 5 5378 3873 5 5379 3874 5 5380 3875 5 5381 3875 5 5382 3874 5 5383 3876 5 5384 3877 5 5385 3878 5 5386 3879 5 5387 3879 5 5388 3878 5 5389 3880 5 5390 3881 5 5391 3882 5 5392 3883 5 5393 3883 5 5394 3882 5 5395 3884 5 5396 3885 5 5397 3886 5 5398 3887 5 5399 3887 5 5400 3886 5 5401 3888 5 5402 3889 5 5403 3890 5 5404 3891 5 5405 3891 5 5406 3890 5 5407 3892 5 5408 3893 5 5409 3894 5 5410 3895 5 5411 3895 5 5412 3894 5 5413 3896 5 5414 3897 5 5415 3898 5 5416 3899 5 5417 3899 5 5418 3898 5 5419 3900 5 5420 3901 5 5421 3902 5 5422 3903 5 5423 3903 5 5424 3902 5 5425 3904 5 5426 3905 5 5427 3906 5 5428 3907 5 5429 3907 5 5430 3906 5 5431 3908 5 5432 3909 5 5433 3910 5 5434 3911 5 5435 3911 5 5436 3910 5 5437 3912 5 5438 3913 6 5439 3914 6 5440 3915 6 5441 3915 6 5442 3914 6 5443 3916 6 5444 3917 6 5445 3918 6 5446 3919 6 5447 3919 6 5448 3918 6 5449 3920 6 5450 3921 6 5451 3922 6 5452 3923 6 5453 3923 6 5454 3922 6 5455 3924 6 5456 3925 6 5457 3926 6 5458 3927 6 5459 3927 6 5460 3926 6 5461 3928 6 5462 3929 5 5463 3930 5 5464 3931 5 5465 3931 5 5466 3930 5 5467 3932 5 5468 3933 6 5469 3934 6 5470 3935 6 5471 3935 6 5472 3934 6 5473 3936 6 5474 3937 122 5475 3938 971 5476 3939 971 5477 3939 971 5478 3938 971 5479 3940 122 5480 3941 5 5481 3942 5 5482 3943 5 5483 3943 5 5484 3942 5 5485 3944 5 5486 3945 5 5487 3946 5 5488 3947 5 5489 3947 5 5490 3946 5 5491 3948 5 5492 3949 5 5493 3950 5 5494 3951 5 5495 3951 5 5496 3950 5 5497 3952 5 5498 3953 6 5499 3954 6 5500 3955 6 5501 3955 6 5502 3954 6 5503 3956 6 5504 3957 6 5505 3958 6 5506 3959 6 5507 3959 6 5508 3958 6 5509 3960 6 5510 3961 6 5511 3962 6 5512 3963 6 5513 3963 6 5514 3962 6 5515 3964 6 5516 3965 5 5517 3966 5 5518 3967 5 5519 3967 5 5520 3966 5 5521 3968 5 5522 3969 6 5523 3970 6 5524 3971 6 5525 3971 6 5526 3970 6 5527 3972 6 5528 3973 5 5529 3974 5 5530 3975 5 5531 3975 5 5532 3974 5 5533 3976 5 5534 3977 5 5535 3978 5 5536 3979 5 5537 3979 5 5538 3978 5 5539 3980 5 5540 3981 5 5541 3982 5 5542 3983 5 5543 3983 5 5544 3982 5 5545 3984 5 5546 3985 5 5547 3986 5 5548 3987 5 5549 3987 5 5550 3986 5 5551 3988 5 5552 3989 6 5553 3990 6 5554 3991 6 5555 3991 6 5556 3990 6 5557 3992 6 5558 3993 6 5559 3994 6 5560 3995 6 5561 3995 6 5562 3994 6 5563 3996 6 5564 3997 6 5565 3998 6 5566 3999 6 5567 3999 6 5568 3998 6 5569 4000 6 5570 4001 5 5571 4002 5 5572 4003 5 5573 4003 5 5574 4002 5 5575 4004 5 5576 4005 6 5577 4006 6 5578 4007 6 5579 4007 6 5580 4006 6 5581 4008 6 5582 4009 5 5583 4010 5 5584 4011 5 5585 4011 5 5586 4010 5 5587 4012 5 5588 4013 5 5589 4014 5 5590 4015 5 5591 4015 5 5592 4014 5 5593 4016 5 5594 4017 5 5595 4018 5 5596 4019 5 5597 4019 5 5598 4018 5 5599 4020 5 5600 4021 6 5601 4022 6 5602 4023 6 5603 4023 6 5604 4022 6 5605 4024 6 5606 4025 6 5607 4026 6 5608 4027 6 5609 4027 6 5610 4026 6 5611 4028 6 5612 4029 6 5613 4030 6 5614 4031 6 5615 4031 6 5616 4030 6 5617 4032 6 5618 4033 5 5619 4034 5 5620 4035 5 5621 4035 5 5622 4034 5 5623 4036 5 5624 4037 6 5625 4038 6 5626 4039 6 5627 4039 6 5628 4038 6 5629 4040 6 5630 4041 5 5631 4042 5 5632 4043 5 5633 4043 5 5634 4042 5 5635 4044 5 5636 4045 6 5637 4046 6 5638 4047 6 5639 4047 6 5640 4046 6 5641 4048 6 5642 4049 5 5643 4050 5 5644 4051 5 5645 4051 5 5646 4050 5 5647 4052 5 5648 4053 6 5649 4054 6 5650 4055 6 5651 4055 6 5652 4054 6 5653 4056 6 5654 4057 6 5655 4058 6 5656 4059 6 5657 4059 6 5658 4058 6 5659 4060 6 5660 4061 5 5661 4062 5 5662 4063 5 5663 4063 5 5664 4062 5 5665 4064 5 5666 4065 791 5667 4066 1264 5668 4067 1264 5669 4067 1264 5670 4066 1264 5671 4068 791 5672 4069 1275 5673 4070 1276 5674 4071 1276 5675 4071 1276 5676 4070 1276 5677 4072 1275 5678 4073 1275 5679 4074 1276 5680 4075 1276 5681 4075 1276 5682 4074 1276 5683 4076 1275 5684 4077 79 5685 4078 79 5686 4079 79 5687 4079 79 5688 4078 79 5689 4080 79 5690 4081 231 5691 4082 231 5692 4083 231 5693 4083 231 5694 4082 231 5695 4084 231 5696 4085 349 5697 4086 350 5698 4087 350 5699 4087 350 5700 4086 350 5701 4088 349 5702 4089 570 5703 4090 571 5704 4091 571 5705 4091 571 5706 4090 571 5707 4092 570 5708 4093 246 5709 4094 246 5710 4095 246 5711 4095 246 5712 4094 246 5713 4096 246 5714 4097 929 5715 4098 930 5716 4099 930 5717 4099 930 5718 4098 930 5719 4100 929 5720 4101 1277 5721 4102 1278 5722 4103 1278 5723 4103 1278 5724 4102 1278 5725 4104 1277 5726 4105 1277 5727 4106 1278 5728 4107 1278 5729 4107 1278 5730 4106 1278 5731 4108 1277 5732 4109 191 5733 4110 191 5734 4111 191 5735 4111 191 5736 4110 191 5737 4112 191 5738 4113 126 5739 4114 126 5740 4115 126 5741 4115 126 5742 4114 126 5743 4116 126 5744 4117 106 5745 4118 1113 5746 4119 1113 5747 4119 1113 5748 4118 1113 5749 4120 106 5750 4121 30 5751 4122 30 5752 4123 30 5753 4123 30 5754 4122 30 5755 4124 30 5756 4125 249 5757 4126 1270 5758 4127 1270 5759 4127 1270 5760 4126 1270 5761 4128 249 5762 4129 1279 5763 4130 1280 5764 4131 1280 5765 4131 1280 5766 4130 1280 5767 4132 1279 5768 4133 1279 5769 4134 1280 5770 4135 1280 5771 4135 1280 5772 4134 1280 5773 4136 1279 5774 4137 30 5775 4138 30 5776 4139 30 5777 4139 30 5778 4138 30 5779 4140 30 5780 4141 231 5781 4142 231 5782 4143 231 5783 4143 231 5784 4142 231 5785 4144 231 5786 4145 570 5787 4146 571 5788 4147 571 5789 4147 571 5790 4146 571 5791 4148 570 5792 4149 349 5793 4150 350 5794 4151 350 5795 4151 350 5796 4150 350 5797 4152 349 5798 4153 191 5799 4154 191 5800 4155 191 5801 4155 191 5802 4154 191 5803 4156 191 5804 4157 1073 5805 4158 1074 5806 4159 1074 5807 4159 1074 5808 4158 1074 5809 4160 1073 5810 4161 1281 5811 4162 1282 5812 4163 1282 5813 4163 1282 5814 4162 1282 5815 4164 1281 5816 4165 1281 5817 4166 1282 5818 4167 1282 5819 4167 1282 5820 4166 1282 5821 4168 1281 5822 4169 246 5823 4170 246 5824 4171 246 5825 4171 246 5826 4170 246 5827 4172 246 5828 4173 126 5829 4174 126 5830 4175 126 5831 4175 126 5832 4174 126 5833 4176 126 5834 4177 106 5835 4178 1113 5836 4179 1113 5837 4179 1113 5838 4178 1113 5839 4180 106 5840 4181 122 5841 4182 971 5842 4183 971 5843 4183 971 5844 4182 971 5845 4184 122 5846 4185 79 5847 4186 79 5848 4187 79 5849 4187 79 5850 4186 79 5851 4188 79 5852 4189 20 5853 4190 20 5854 4191 20 5855 4191 20 5856 4190 20 5857 4192 20 5858 4193 1283 5859 4194 1284 5860 4195 1284 5861 4195 1284 5862 4194 1284 5863 4196 1283 5864 4197 20 5865 4198 20 5866 4199 20 5867 4199 20 5868 4198 20 5869 4200 20 5870 4201 47 5871 4202 47 5872 4203 47 5873 4203 47 5874 4202 47 5875 4204 47 5876 4205 5 5877 4206 5 5878 4207 5 5879 4207 5 5880 4206 5 5881 4208 5 5882 4209 6 5883 4210 6 5884 4211 6 5885 4211 6 5886 4210 6 5887 4212 6 5888 4213 365 5889 4214 365 5890 4215 365 5891 4215 365 5892 4214 365 5893 4216 365 5894 4217 425 5895 4218 425 5896 4219 425 5897 4219 425 5898 4218 425 5899 4220 425 5900 4221 404 5901 4222 404 5902 4223 404 5903 4223 404 5904 4222 404 5905 4224 404 5906 4225 5 5907 4226 5 5908 4227 5 5909 4227 5 5910 4226 5 5911 4228 5 5912 4229 6 5913 4230 6 5914 4231 6 5915 4231 6 5916 4230 6 5917 4232 6 5918 4233 5 5919 4234 5 5920 4235 5 5921 4235 5 5922 4234 5 5923 4236 5 5924 4237 6 5925 4238 6 5926 4239 6 5927 4239 6 5928 4238 6 5929 4240 6 5930 4241 6 5931 4242 6 5932 4243 6 5933 4243 6 5934 4242 6 5935 4244 6 5936 4245 6 5937 4246 6 5938 4247 5 5939 4247 5 5940 4246 6 5941 4248 5 5942 4249 6 5943 4250 6 5944 4251 6 5945 4251 6 5946 4250 6 5947 4252 6 5948 4253 1285 5949 4254 1286 5950 4255 1286 5951 4255 1286 5952 4254 1286 5953 4256 1285 5954 4257 6 5955 4258 6 5956 4259 6 5957 4259 6 5958 4258 6 5959 4260 6 5960 4261 5 5961 4262 5 5962 4263 5 5963 4263 5 5964 4262 5 5965 4264 5 5966 4265 47 5967 4266 47 5968 4267 47 5969 4267 47 5970 4266 47 5971 4268 47 5972 4269 1287 5973 4270 1288 5974 4271 1288 5975 4271 1288 5976 4270 1288 5977 4272 1287 5978 4273 47 5979 4274 47 5980 4275 47 5981 4275 47 5982 4274 47 5983 4276 47 5984 4277 20 5985 4278 20 5986 4279 20 5987 4279 20 5988 4278 20 5989 4280 20 5990 4281 5 5991 4282 5 5992 4283 5 5993 4283 5 5994 4282 5 5995 4284 5 5996 4285 5 5997 4286 5 5998 4287 5 5999 4287 5 6000 4286 5 6001 4288 5 6002 4289 6 6003 4290 6 6004 4291 6 6005 4291 6 6006 4290 6 6007 4292 6 6008 4293 6 6009 4294 6 6010 4295 6 6011 4295 6 6012 4294 6 6013 4296 6 6014 4297 366 6015 4298 366 6016 4299 366 6017 4299 366 6018 4298 366 6019 4300 366 6020 4301 78 6021 4302 78 6022 4303 78 6023 4303 78 6024 4302 78 6025 4304 78 6026 4305 937 6027 4306 937 6028 4307 937 6029 4307 937 6030 4306 937 6031 4308 937 6032 4309 5 6033 4310 5 6034 4311 5 6035 4311 5 6036 4310 5 6037 4312 5 6038 4313 6 6039 4314 6 6040 4315 6 6041 4315 6 6042 4314 6 6043 4316 6 6044 4317 5 6045 4318 5 6046 4319 5 6047 4319 5 6048 4318 5 6049 4320 5 6050 4321 6 6051 4322 6 6052 4323 6 6053 4323 6 6054 4322 6 6055 4324 6 6056 4325 6 6057 4326 6 6058 4327 6 6059 4327 6 6060 4326 6 6061 4328 6 6062 4329 6 6063 4330 6 6064 4331 5 6065 4331 5 6066 4330 6 6067 4332 5 6068 4333 6 6069 4334 6 6070 4335 6 6071 4335 6 6072 4334 6 6073 4336 6 6074 4337 1289 6075 4338 1290 6076 4339 1290 6077 4339 1290 6078 4338 1290 6079 4340 1289 6080 4341 6 6081 4342 6 6082 4343 6 6083 4343 6 6084 4342 6 6085 4344 6 6086 4345 5 6087 4346 5 6088 4347 5 6089 4347 5 6090 4346 5 6091 4348 5 6092 4349 1291 6093 4350 1292 6094 4351 1292 6095 4351 1292 6096 4350 1292 6097 4352 1291 6098 4353 47 6099 4354 47 6100 4355 47 6101 4355 47 6102 4354 47 6103 4356 47 6104 4357 20 6105 4358 20 6106 4359 20 6107 4359 20 6108 4358 20 6109 4360 20 6110 4361 5 6111 4362 5 6112 4363 5 6113 4363 5 6114 4362 5 6115 4364 5 6116 4365 6 6117 4366 6 6118 4367 6 6119 4367 6 6120 4366 6 6121 4368 6 6122 4369 585 6123 4370 585 6124 4371 585 6125 4371 585 6126 4370 585 6127 4372 585 6128 4373 418 6129 4374 418 6130 4375 418 6131 4375 418 6132 4374 418 6133 4376 418 6134 4377 621 6135 4378 621 6136 4379 621 6137 4379 621 6138 4378 621 6139 4380 621 6140 4381 5 6141 4382 5 6142 4383 5 6143 4383 5 6144 4382 5 6145 4384 5 6146 4385 6 6147 4386 6 6148 4387 6 6149 4387 6 6150 4386 6 6151 4388 6 6152 4389 5 6153 4390 5 6154 4391 5 6155 4391 5 6156 4390 5 6157 4392 5 6158 4393 6 6159 4394 6 6160 4395 6 6161 4395 6 6162 4394 6 6163 4396 6 6164 4397 6 6165 4398 6 6166 4399 6 6167 4399 6 6168 4398 6 6169 4400 6 6170 4401 6 6171 4402 5 6172 4403 6 6173 4403 6 6174 4402 5 6175 4404 5 6176 4405 6 6177 4406 6 6178 4407 5 6179 4407 5 6180 4406 6 6181 4408 5 6182 4409 405 6183 4410 405 6184 4411 405 6185 4411 405 6186 4410 405 6187 4412 405 6188 4413 6 6189 4414 6 6190 4415 6 6191 4415 6 6192 4414 6 6193 4416 6 6194 4417 1293 6195 4418 1294 6196 4419 1294 6197 4419 1294 6198 4418 1294 6199 4420 1293 6200 4421 6 6201 4422 6 6202 4423 6 6203 4423 6 6204 4422 6 6205 4424 6 6206 4425 5 6207 4426 5 6208 4427 5 6209 4427 5 6210 4426 5 6211 4428 5 6212 4429 1295 6213 4430 1296 6214 4431 1296 6215 4431 1296 6216 4430 1296 6217 4432 1295 6218 4433 20 6219 4434 20 6220 4435 20 6221 4435 20 6222 4434 20 6223 4436 20 6224 4437 47 6225 4438 47 6226 4439 47 6227 4439 47 6228 4438 47 6229 4440 47 6230 4441 5 6231 4442 5 6232 4443 5 6233 4443 5 6234 4442 5 6235 4444 5 6236 4445 5 6237 4446 5 6238 4447 5 6239 4447 5 6240 4446 5 6241 4448 5 6242 4449 6 6243 4450 6 6244 4451 6 6245 4451 6 6246 4450 6 6247 4452 6 6248 4453 6 6249 4454 6 6250 4455 6 6251 4455 6 6252 4454 6 6253 4456 6 6254 4457 274 6255 4458 274 6256 4459 274 6257 4459 274 6258 4458 274 6259 4460 274 6260 4461 32 6261 4462 32 6262 4463 32 6263 4463 32 6264 4462 32 6265 4464 32 6266 4465 1081 6267 4466 1081 6268 4467 1081 6269 4467 1081 6270 4466 1081 6271 4468 1081 6272 4469 5 6273 4470 5 6274 4471 5 6275 4471 5 6276 4470 5 6277 4472 5 6278 4473 6 6279 4474 6 6280 4475 6 6281 4475 6 6282 4474 6 6283 4476 6 6284 4477 5 6285 4478 5 6286 4479 5 6287 4479 5 6288 4478 5 6289 4480 5 6290 4481 6 6291 4482 6 6292 4483 6 6293 4483 6 6294 4482 6 6295 4484 6 6296 4485 6 6297 4486 6 6298 4487 6 6299 4487 6 6300 4486 6 6301 4488 6 6302 4489 6 6303 4490 5 6304 4491 6 6305 4491 6 6306 4490 5 6307 4492 5 6308 4493 6 6309 4494 6 6310 4495 5 6311 4495 5 6312 4494 6 6313 4496 5 6314 4497 232 6315 4498 232 6316 4499 232 6317 4499 232 6318 4498 232 6319 4500 232 6320 4501 6 6321 4502 6 6322 4503 6 6323 4503 6 6324 4502 6 6325 4504 6 6326 4505 1297 6327 4506 1298 6328 4507 1298 6329 4507 1298 6330 4506 1298 6331 4508 1297 6332 4509 6 6333 4510 6 6334 4511 6 6335 4511 6 6336 4510 6 6337 4512 6 6338 4513 5 6339 4514 5 6340 4515 5 6341 4515 5 6342 4514 5 6343 4516 5 6344 4517 1275 6345 4518 1299 6346 4519 1299 6347 4519 1299 6348 4518 1299 6349 4520 1275 6350 4521 1300 6351 4522 1301 6352 4523 1301 6353 4523 1301 6354 4522 1301 6355 4524 1300 6356 4525 1302 6357 4526 1302 6358 4527 1302 6359 4527 1302 6360 4526 1302 6361 4528 1302 6362 4529 400 6363 4530 400 6364 4531 400 6365 4531 400 6366 4530 400 6367 4532 400 6368 4533 30 6369 4534 30 6370 4535 30 6371 4535 30 6372 4534 30 6373 4536 30 6374 4537 1277 6375 4538 1303 6376 4539 1303 6377 4539 1303 6378 4538 1303 6379 4540 1277 6380 4541 1304 6381 4542 1305 6382 4543 1305 6383 4543 1305 6384 4542 1305 6385 4544 1304 6386 4545 1306 6387 4546 1306 6388 4547 1306 6389 4547 1306 6390 4546 1306 6391 4548 1306 6392 4549 1307 6393 4550 1307 6394 4551 1307 6395 4551 1307 6396 4550 1307 6397 4552 1307 6398 4553 246 6399 4554 246 6400 4555 246 6401 4555 246 6402 4554 246 6403 4556 246 6404 4557 5 6405 4558 5 6406 4559 5 6407 4559 5 6408 4558 5 6409 4560 5 6410 4561 5 6411 4562 5 6412 4563 5 6413 4563 5 6414 4562 5 6415 4564 5 6416 4565 5 6417 4566 5 6418 4567 5 6419 4567 5 6420 4566 5 6421 4568 5 6422 4569 5 6423 4570 5 6424 4571 5 6425 4571 5 6426 4570 5 6427 4572 5 6428</p>
        </triangles>
      </mesh>
    </geometry>
  </library_geometries>
  <library_visual_scenes>
    <visual_scene id="Scene" name="Scene">
      <node id="Mesh_0663" name="Mesh_0663" type="NODE">
        <matrix sid="transform">1 0 0 0 0 1 0 0 0 0 1 0 0 0 0 1</matrix>
        <instance_geometry url="#Mesh_0663Mesh_001-mesh" name="Mesh_0663"/>
      </node>
    </visual_scene>
  </library_visual_scenes>
  <scene>
    <instance_visual_scene url="#Scene"/>
  </scene>
</COLLADA>